timestamp,process_id,type,address,size
0,process2,WRITE,5734400,4096
468,process2,WRITE,1027063808,4096
1323,process3,WRITE,10506240,4096
2186,process3,WRITE,3239936,4096
2464,process1,WRITE,7086080,4096
2558,process0,WRITE,10047488,4096
3242,process1,WRITE,4517888,4096
3669,process0,WRITE,2355200,4096
4504,process0,WRITE,9375744,4096
4632,process0,WRITE,9789440,4096
5595,process1,WRITE,2437120,4096
6157,process1,WRITE,9768960,4096
7037,process1,WRITE,5390336,4096
7182,process1,WRITE,8781824,4096
7784,process2,WRITE,704512,4096
8172,process2,WRITE,9658368,4096
8995,process3,WRITE,4886528,4096
9080,process0,WRITE,7045120,4096
9736,process0,WRITE,4292608,4096
10383,process1,WRITE,9748480,4096
10934,process1,WRITE,4837376,4096
10970,process0,WRITE,5394432,4096
11215,process1,WRITE,794624,4096
11349,process0,WRITE,577536,4096
11827,process2,WRITE,4120576,4096
12146,process2,WRITE,10137600,4096
12244,process0,WRITE,355958784,4096
12532,process1,WRITE,8445952,4096
13236,process3,WRITE,1024000,4096
13999,process2,WRITE,6373376,4096
14360,process1,WRITE,1052672,4096
15285,process1,WRITE,6701056,4096
16278,process3,WRITE,7565312,4096
16301,process1,WRITE,120061952,4096
16706,process2,WRITE,7753728,4096
17595,process3,WRITE,1478656,4096
18406,process2,WRITE,3883008,4096
18719,process3,WRITE,3936256,4096
19438,process0,WRITE,2838528,4096
20059,process2,WRITE,1064960,4096
20728,process1,WRITE,339968,4096
20927,process2,WRITE,611676160,4096
21096,process2,WRITE,2273280,4096
21172,process1,WRITE,3338240,4096
21439,process1,WRITE,616542208,4096
22038,process2,WRITE,540672,4096
22187,process0,WRITE,3432448,4096
22400,process0,WRITE,765952,4096
22742,process0,WRITE,1302528,4096
22873,process1,WRITE,6184960,4096
23496,process1,WRITE,10199040,4096
24078,process3,WRITE,10321920,4096
24445,process2,WRITE,2641920,4096
24737,process3,WRITE,8040448,4096
25653,process2,WRITE,10244096,4096
26650,process3,WRITE,802816,4096
26687,process2,WRITE,7008256,4096
27391,process0,WRITE,5074944,4096
27822,process2,WRITE,7585792,4096
28819,process0,WRITE,10117120,4096
29597,process0,WRITE,4927488,4096
30532,process0,WRITE,3657728,4096
31342,process3,WRITE,1667072,4096
31723,process3,WRITE,7622656,4096
32723,process3,WRITE,2949120,4096
33501,process0,WRITE,7172096,4096
33990,process0,WRITE,745472,4096
34032,process1,WRITE,475136,4096
34433,process0,WRITE,4620288,4096
35374,process2,WRITE,2928640,4096
36353,process0,WRITE,2121728,4096
37326,process1,WRITE,7208960,4096
38114,process3,WRITE,8028160,4096
38304,process3,WRITE,8192,4096
38534,process0,WRITE,118784,4096
38557,process3,WRITE,4120576,4096
39010,process2,WRITE,342642688,4096
39530,process2,WRITE,2670592,4096
39669,process3,WRITE,291467264,4096
39815,process1,WRITE,6656000,4096
40295,process1,WRITE,2207744,4096
41158,process2,WRITE,3436544,4096
41838,process0,WRITE,10076160,4096
42580,process3,WRITE,299937792,4096
42724,process3,WRITE,8560640,4096
43411,process1,WRITE,7622656,4096
44064,process2,WRITE,7843840,4096
44383,process3,WRITE,10108928,4096
45147,process0,WRITE,2457600,4096
46053,process1,WRITE,7372800,4096
46653,process1,WRITE,9412608,4096
46931,process2,WRITE,4915200,4096
47001,process3,WRITE,9547776,4096
47518,process1,WRITE,286720,4096
48002,process1,WRITE,1056768,4096
48977,process2,WRITE,4100096,4096
49558,process2,WRITE,3047424,4096
49652,process0,WRITE,4792320,4096
50491,process0,WRITE,4026368,4096
50967,process0,WRITE,9195520,4096
51418,process2,WRITE,8105984,4096
51484,process3,WRITE,905216,4096
51970,process3,WRITE,7884800,4096
52729,process0,WRITE,2322432,4096
53000,process0,WRITE,8916992,4096
53449,process3,WRITE,9351168,4096
53925,process0,WRITE,2678784,4096
54503,process1,WRITE,2916352,4096
54698,process2,WRITE,452595712,4096
54793,process1,WRITE,3760128,4096
55731,process0,WRITE,3883008,4096
55752,process1,WRITE,856064,4096
55993,process3,WRITE,7757824,4096
56107,process1,WRITE,1720320,4096
56479,process0,WRITE,9089024,4096
57142,process3,WRITE,8294400,4096
57725,process1,WRITE,5922816,4096
57969,process2,WRITE,6098944,4096
58626,process0,WRITE,2088960,4096
59508,process2,WRITE,4317184,4096
60398,process2,WRITE,9236480,4096
61167,process0,WRITE,6840320,4096
61585,process0,WRITE,7786496,4096
61666,process3,WRITE,8560640,4096
62540,process2,WRITE,7462912,4096
63359,process3,WRITE,2969600,4096
63449,process1,WRITE,2830336,4096
64350,process0,WRITE,9916416,4096
64690,process3,WRITE,5218304,4096
65281,process1,WRITE,589824,4096
65622,process2,WRITE,81920,4096
66138,process3,WRITE,806912,4096
66633,process2,WRITE,234999808,4096
67458,process0,WRITE,8708096,4096
67592,process3,WRITE,7036928,4096
67989,process0,WRITE,4907008,4096
68534,process3,WRITE,3444736,4096
68870,process1,WRITE,5726208,4096
69486,process3,WRITE,3293184,4096
70323,process3,WRITE,8011776,4096
70562,process3,WRITE,7974912,4096
70593,process1,WRITE,8232960,4096
71492,process3,WRITE,336740352,4096
71783,process0,WRITE,1110016,4096
72724,process2,WRITE,6664192,4096
73612,process1,WRITE,8851456,4096
73712,process2,WRITE,8806400,4096
74060,process0,WRITE,10006528,4096
74784,process2,WRITE,1531904,4096
75674,process2,WRITE,1482752,4096
76057,process0,WRITE,7733248,4096
76459,process0,WRITE,2494464,4096
77213,process1,WRITE,7225344,4096
77799,process3,WRITE,32768,4096
78712,process2,WRITE,6316032,4096
79134,process1,WRITE,7098368,4096
79508,process3,WRITE,3989504,4096
80228,process2,WRITE,2195456,4096
81224,process2,WRITE,577536,4096
82078,process2,WRITE,7860224,4096
82752,process3,WRITE,6316032,4096
83150,process2,WRITE,2174976,4096
84019,process3,WRITE,4186112,4096
84897,process1,WRITE,1490944,4096
85241,process3,WRITE,6483968,4096
85478,process1,WRITE,667648,4096
85657,process1,WRITE,8523776,4096
85772,process0,WRITE,2846720,4096
85976,process2,WRITE,53248,4096
86210,process1,WRITE,262144,4096
86767,process1,WRITE,839217152,4096
87341,process2,WRITE,7946240,4096
88149,process0,WRITE,8925184,4096
88371,process0,WRITE,3796992,4096
88926,process0,WRITE,7073792,4096
89900,process3,WRITE,9416704,4096
90155,process3,WRITE,159744,4096
90847,process3,WRITE,3457024,4096
91744,process2,WRITE,987136,4096
92253,process3,WRITE,6148096,4096
92510,process1,WRITE,4042752,4096
93041,process3,WRITE,3887104,4096
93145,process3,WRITE,9998336,4096
93925,process2,WRITE,10326016,4096
94547,process3,WRITE,5218304,4096
95354,process1,WRITE,8691712,4096
95950,process3,WRITE,8904704,4096
96258,process1,WRITE,7815168,4096
97229,process1,WRITE,8261632,4096
97686,process1,WRITE,6156288,4096
98555,process0,WRITE,10399744,4096
98728,process3,WRITE,6983680,4096
99063,process3,WRITE,8290304,4096
99271,process0,WRITE,7045120,4096
99885,process3,WRITE,6729728,4096
99891,process1,WRITE,9355264,4096
100005,process2,WRITE,278528,4096
100358,process3,WRITE,214327296,4096
100771,process2,WRITE,6692864,4096
101212,process0,WRITE,3244032,4096
101658,process2,WRITE,9216000,4096
102229,process2,WRITE,2654208,4096
103193,process3,WRITE,4046848,4096
103452,process3,WRITE,6803456,4096
103622,process3,WRITE,86016,4096
104528,process1,WRITE,10285056,4096
104783,process1,WRITE,10723328,4096
105703,process1,WRITE,29532160,4096
105928,process1,WRITE,9842688,4096
106332,process0,WRITE,9289728,4096
106395,process1,WRITE,3112960,4096
106758,process1,WRITE,6316032,4096
107750,process2,WRITE,4091904,4096
107967,process3,WRITE,1023139840,4096
108390,process1,WRITE,1761280,4096
109210,process0,WRITE,7512064,4096
109390,process1,WRITE,1306624,4096
109776,process3,WRITE,10178560,4096
110558,process1,WRITE,8667136,4096
110643,process3,WRITE,9326592,4096
110808,process2,WRITE,5840896,4096
111486,process3,WRITE,1017122816,4096
112395,process2,WRITE,9662464,4096
113354,process3,WRITE,2674688,4096
114139,process3,WRITE,6942720,4096
114739,process1,WRITE,8024064,4096
115008,process1,WRITE,6221824,4096
115542,process0,WRITE,6213632,4096
116115,process1,WRITE,978944,4096
116691,process1,WRITE,9277440,4096
117093,process0,WRITE,798720,4096
117932,process2,WRITE,8675328,4096
118179,process0,WRITE,6066176,4096
119163,process0,WRITE,8200192,4096
120066,process0,WRITE,1029677056,4096
121062,process2,WRITE,4001792,4096
121220,process0,WRITE,8560640,4096
121293,process0,WRITE,6647808,4096
121482,process1,WRITE,5517312,4096
122418,process0,WRITE,6549504,4096
122554,process0,WRITE,73728,4096
122826,process1,WRITE,9859072,4096
123214,process1,WRITE,1421312,4096
124150,process1,WRITE,3510272,4096
124164,process1,WRITE,5193728,4096
124856,process1,WRITE,4681728,4096
125817,process0,WRITE,9052160,4096
126565,process0,WRITE,42164224,4096
126651,process2,WRITE,7684096,4096
126800,process1,WRITE,3678208,4096
127610,process3,WRITE,925696,4096
128483,process2,WRITE,9293824,4096
128524,process1,WRITE,8712192,4096
129348,process0,WRITE,831488,4096
129453,process1,WRITE,20480,4096
130131,process3,WRITE,750178304,4096
130560,process0,WRITE,2011136,4096
131359,process1,WRITE,425984,4096
132036,process3,WRITE,4861952,4096
132558,process3,WRITE,688128,4096
132587,process1,WRITE,5300224,4096
133167,process0,WRITE,1159168,4096
134027,process1,WRITE,9105408,4096
134811,process0,WRITE,6770688,4096
134871,process3,WRITE,10252288,4096
135548,process1,WRITE,197419008,4096
136486,process1,WRITE,8757248,4096
137412,process0,WRITE,1130496,4096
137765,process1,WRITE,638976,4096
138480,process0,WRITE,3211264,4096
138558,process3,WRITE,10108928,4096
139361,process0,WRITE,20480,4096
140331,process0,WRITE,1671168,4096
141161,process2,WRITE,7864320,4096
141488,process3,WRITE,1171456,4096
141702,process0,WRITE,201846784,4096
141739,process3,WRITE,8753152,4096
142054,process0,WRITE,10702848,4096
142955,process3,WRITE,7639040,4096
143944,process0,WRITE,5591040,4096
144816,process1,WRITE,9408512,4096
144966,process1,WRITE,8450048,4096
145631,process0,WRITE,4628480,4096
146576,process1,WRITE,6819840,4096
146803,process3,WRITE,802816,4096
146842,process2,WRITE,7643136,4096
147168,process1,WRITE,3678208,4096
147204,process2,WRITE,5824512,4096
147926,process3,WRITE,4788224,4096
148283,process0,WRITE,6983680,4096
148738,process0,WRITE,8892416,4096
149545,process1,WRITE,7643136,4096
149698,process1,WRITE,8425472,4096
149953,process0,WRITE,1925120,4096
150247,process3,WRITE,4571136,4096
151075,process1,WRITE,2772992,4096
151376,process1,WRITE,1679360,4096
151614,process0,WRITE,1646592,4096
151716,process3,WRITE,135196672,4096
152712,process1,WRITE,861577216,4096
153078,process3,WRITE,1306624,4096
153405,process3,WRITE,7598080,4096
153803,process2,WRITE,9236480,4096
154184,process0,WRITE,1617920,4096
154416,process0,WRITE,1474560,4096
155251,process3,WRITE,1093632,4096
155493,process3,WRITE,10391552,4096
156198,process3,WRITE,9568256,4096
156747,process3,WRITE,2617344,4096
157397,process1,WRITE,2748416,4096
158010,process3,WRITE,10498048,4096
158224,process1,WRITE,7311360,4096
158859,process2,WRITE,6934528,4096
159810,process3,WRITE,7540736,4096
160428,process2,WRITE,5890048,4096
161335,process2,WRITE,5382144,4096
161919,process2,WRITE,8122368,4096
162777,process0,WRITE,9011200,4096
163472,process0,WRITE,9363456,4096
164346,process3,WRITE,3063808,4096
164628,process3,WRITE,10661888,4096
164663,process2,WRITE,9814016,4096
165092,process3,WRITE,2252800,4096
165831,process3,WRITE,195366912,4096
166635,process3,WRITE,5496832,4096
167311,process1,WRITE,9273344,4096
168141,process1,WRITE,8622080,4096
168521,process3,WRITE,10485760,4096
169438,process2,WRITE,674107392,4096
170278,process1,WRITE,4374528,4096
170674,process3,WRITE,9646080,4096
170796,process3,WRITE,8105984,4096
171287,process2,WRITE,4505600,4096
172219,process1,WRITE,9924608,4096
172890,process0,WRITE,9007104,4096
173733,process1,WRITE,10215424,4096
174144,process0,WRITE,10588160,4096
174242,process3,WRITE,2985984,4096
175127,process2,WRITE,4251648,4096
175695,process0,WRITE,4755456,4096
176042,process3,WRITE,4591616,4096
176853,process1,WRITE,7827456,4096
177551,process2,WRITE,9285632,4096
178406,process1,WRITE,418992128,4096
178683,process1,WRITE,6529024,4096
179074,process0,WRITE,8630272,4096
179678,process1,WRITE,1576960,4096
180321,process2,WRITE,4378624,4096
181066,process3,WRITE,8466432,4096
181474,process1,WRITE,6766592,4096
181565,process2,WRITE,630784,4096
182203,process0,WRITE,9273344,4096
182507,process2,WRITE,2998272,4096
183494,process0,WRITE,3743744,4096
183526,process3,WRITE,5890048,4096
183647,process3,WRITE,401408,4096
183973,process0,WRITE,7999488,4096
184166,process3,WRITE,10199040,4096
184701,process2,WRITE,224649216,4096
184855,process0,WRITE,626688,4096
185077,process1,WRITE,6144000,4096
185482,process3,WRITE,1433600,4096
185637,process3,WRITE,2797568,4096
186564,process2,WRITE,9588736,4096
186973,process1,WRITE,1990656,4096
187733,process3,WRITE,6709248,4096
188630,process0,WRITE,6524928,4096
189356,process1,WRITE,5668864,4096
189534,process3,WRITE,521572352,4096
189539,process1,WRITE,3510272,4096
190246,process0,WRITE,2813952,4096
190750,process2,WRITE,2228224,4096
191447,process3,WRITE,9064448,4096
191939,process2,WRITE,8081408,4096
192546,process0,WRITE,9965568,4096
193041,process3,WRITE,4820992,4096
193364,process0,WRITE,663552,4096
193589,process1,WRITE,2093056,4096
194274,process0,WRITE,8429568,4096
194647,process1,WRITE,413589504,4096
195388,process0,WRITE,922320896,4096
195796,process3,WRITE,7782400,4096
196655,process3,WRITE,1331200,4096
196879,process3,WRITE,1658880,4096
197566,process3,WRITE,425766912,4096
198144,process2,WRITE,10219520,4096
199106,process2,WRITE,5582848,4096
199836,process3,WRITE,8392704,4096
199958,process3,WRITE,2347008,4096
200245,process0,WRITE,3739648,4096
200247,process3,WRITE,2265088,4096
200408,process2,WRITE,930689024,4096
200743,process3,WRITE,7049216,4096
201149,process2,WRITE,3948544,4096
201497,process1,WRITE,10432512,4096
202064,process3,WRITE,3928064,4096
202083,process2,WRITE,3354624,4096
202668,process0,WRITE,401408,4096
203441,process2,WRITE,3948544,4096
204049,process2,WRITE,7766016,4096
204887,process3,WRITE,10166272,4096
204892,process3,WRITE,4395008,4096
204895,process0,WRITE,9916416,4096
205172,process1,WRITE,9416704,4096
205490,process3,WRITE,10518528,4096
205702,process2,WRITE,2457600,4096
205859,process1,WRITE,3543040,4096
206194,process2,WRITE,3829760,4096
206921,process3,WRITE,5885952,4096
207340,process3,WRITE,2969600,4096
208213,process0,WRITE,5726208,4096
208570,process3,WRITE,5312512,4096
209299,process0,WRITE,2535424,4096
210175,process2,WRITE,217968640,4096
210504,process3,WRITE,640450560,4096
210982,process0,WRITE,4587520,4096
210993,process1,WRITE,3403776,4096
211341,process0,WRITE,6008832,4096
211536,process2,WRITE,8638464,4096
211656,process2,WRITE,3379200,4096
211970,process2,WRITE,7770112,4096
212819,process0,WRITE,9478144,4096
213558,process2,WRITE,8511488,4096
214558,process0,WRITE,4456448,4096
215181,process2,WRITE,10330112,4096
215643,process0,WRITE,9441280,4096
216030,process3,WRITE,8294400,4096
216709,process1,WRITE,6537216,4096
216779,process0,WRITE,7139328,4096
217478,process2,WRITE,6053888,4096
218219,process0,WRITE,6733824,4096
218541,process1,WRITE,178212864,4096
219085,process3,WRITE,3022848,4096
219191,process1,WRITE,9764864,4096
219292,process0,WRITE,3940352,4096
219548,process2,WRITE,4775936,4096
219763,process3,WRITE,2588672,4096
220225,process1,WRITE,5361664,4096
221219,process1,WRITE,7438336,4096
221488,process0,WRITE,6873088,4096
222327,process0,WRITE,724082688,4096
222395,process0,WRITE,1302528,4096
222944,process1,WRITE,4886528,4096
223441,process1,WRITE,5332992,4096
223717,process1,WRITE,1638400,4096
224263,process2,WRITE,445198336,4096
224575,process2,WRITE,4624384,4096
225544,process0,WRITE,3907584,4096
226332,process3,WRITE,808882176,4096
227104,process1,WRITE,3866624,4096
227596,process1,WRITE,6950912,4096
227747,process3,WRITE,2396160,4096
228400,process3,WRITE,10469376,4096
229219,process0,WRITE,10444800,4096
229466,process0,WRITE,1306624,4096
229539,process0,WRITE,8589312,4096
229836,process2,WRITE,4833280,4096
230046,process0,WRITE,8761344,4096
230668,process2,WRITE,5050368,4096
231136,process1,WRITE,6250496,4096
231298,process0,WRITE,1249280,4096
231541,process3,WRITE,6520832,4096
232481,process0,WRITE,10272768,4096
232595,process0,WRITE,4358144,4096
233036,process1,WRITE,4612096,4096
233082,process3,WRITE,6582272,4096
233496,process3,WRITE,6512640,4096
234378,process1,WRITE,2777088,4096
234867,process0,WRITE,3895296,4096
235795,process2,WRITE,1638400,4096
236662,process1,WRITE,8687616,4096
237040,process3,WRITE,1462272,4096
237280,process1,WRITE,5115904,4096
237645,process1,WRITE,458752,4096
238537,process3,WRITE,907141120,4096
238898,process2,WRITE,1695744,4096
239355,process2,WRITE,9994240,4096
239620,process0,WRITE,2007040,4096
240126,process3,WRITE,8069120,4096
240295,process0,WRITE,565907456,4096
240828,process0,WRITE,7061504,4096
240898,process2,WRITE,5902336,4096
241322,process2,WRITE,2641920,4096
241445,process1,WRITE,3219456,4096
241596,process2,WRITE,1404928,4096
241691,process0,WRITE,4276224,4096
241896,process1,WRITE,547397632,4096
242504,process1,WRITE,1310720,4096
242797,process3,WRITE,10506240,4096
243337,process1,WRITE,8790016,4096
243374,process2,WRITE,500793344,4096
244251,process1,WRITE,4911104,4096
245028,process3,WRITE,2297856,4096
245895,process3,WRITE,9035776,4096
246619,process3,WRITE,7876608,4096
247122,process2,WRITE,2093056,4096
247738,process0,WRITE,4608000,4096
247952,process1,WRITE,181280768,4096
248122,process1,WRITE,9056256,4096
248311,process3,WRITE,4280320,4096
248685,process2,WRITE,559132672,4096
249483,process0,WRITE,3022848,4096
249926,process3,WRITE,8343552,4096
250163,process0,WRITE,5820416,4096
250890,process2,WRITE,1945600,4096
251650,process3,WRITE,7868416,4096
252509,process2,WRITE,6127616,4096
253241,process0,WRITE,1038950400,4096
254112,process1,WRITE,978944,4096
254641,process0,WRITE,363061248,4096
254995,process1,WRITE,8294400,4096
255911,process3,WRITE,2969600,4096
256173,process2,WRITE,5419008,4096
256900,process0,WRITE,8744960,4096
257078,process2,WRITE,5029888,4096
257352,process1,WRITE,10457088,4096
258186,process0,WRITE,4489216,4096
258848,process0,WRITE,512000,4096
258953,process3,WRITE,499712,4096
259614,process0,WRITE,1032511488,4096
260018,process3,WRITE,3883008,4096
260414,process2,WRITE,7503872,4096
260636,process0,WRITE,9252864,4096
260746,process3,WRITE,7671808,4096
261444,process1,WRITE,396451840,4096
262048,process1,WRITE,376115200,4096
262862,process0,WRITE,9003008,4096
263718,process2,WRITE,3264512,4096
263743,process1,WRITE,5517312,4096
263745,process0,WRITE,58478592,4096
264267,process1,WRITE,1318912,4096
264656,process1,WRITE,7090176,4096
264673,process3,WRITE,8142848,4096
265010,process2,WRITE,1847296,4096
265558,process0,WRITE,8327168,4096
266485,process2,WRITE,380928,4096
267369,process1,WRITE,245391360,4096
267875,process1,WRITE,1949696,4096
268735,process2,WRITE,178597888,4096
268744,process2,WRITE,5754880,4096
269537,process3,WRITE,8974336,4096
269715,process1,WRITE,8851456,4096
270686,process1,WRITE,8871936,4096
270882,process1,WRITE,7094272,4096
271227,process1,WRITE,9195520,4096
271640,process1,WRITE,2871296,4096
272118,process1,WRITE,1355776,4096
272678,process2,WRITE,10047488,4096
272909,process2,WRITE,9154560,4096
273592,process1,WRITE,278528,4096
273612,process2,WRITE,8544256,4096
274066,process1,WRITE,10522624,4096
274638,process1,WRITE,845320192,4096
274976,process2,WRITE,4399104,4096
275069,process1,WRITE,2838528,4096
275940,process2,WRITE,8884224,4096
276185,process2,WRITE,3948544,4096
277151,process2,WRITE,2375680,4096
277721,process1,WRITE,1826816,4096
278036,process1,WRITE,4177920,4096
278934,process1,WRITE,4005888,4096
279614,process0,WRITE,5709824,4096
280504,process1,WRITE,1070977024,4096
280904,process1,WRITE,4153344,4096
281462,process1,WRITE,8593408,4096
281525,process2,WRITE,589824,4096
282315,process1,WRITE,8126464,4096
282883,process2,WRITE,9519104,4096
283032,process2,WRITE,6225920,4096
283655,process3,WRITE,9932800,4096
284568,process3,WRITE,4927488,4096
284814,process1,WRITE,1421312,4096
285676,process2,WRITE,7487488,4096
285745,process1,WRITE,3608576,4096
286051,process3,WRITE,3141632,4096
286857,process3,WRITE,8773632,4096
287124,process2,WRITE,3211264,4096
287975,process1,WRITE,7241728,4096
288163,process2,WRITE,6123520,4096
288520,process3,WRITE,321318912,4096
288955,process1,WRITE,4968448,4096
289251,process1,WRITE,933888,4096
289254,process3,WRITE,3850240,4096
289477,process3,WRITE,7847936,4096
289696,process2,WRITE,6946816,4096
289817,process1,WRITE,621428736,4096
290192,process3,WRITE,3444736,4096
291111,process0,WRITE,8007680,4096
291651,process0,WRITE,9789440,4096
291943,process3,WRITE,477900800,4096
292643,process3,WRITE,746815488,4096
292648,process1,WRITE,2129920,4096
292977,process3,WRITE,7380992,4096
293291,process0,WRITE,7286784,4096
293345,process0,WRITE,612093952,4096
294010,process1,WRITE,5238784,4096
294074,process3,WRITE,6324224,4096
294696,process2,WRITE,6594560,4096
295266,process3,WRITE,2162688,4096
296100,process2,WRITE,2183168,4096
296206,process3,WRITE,4702208,4096
296213,process0,WRITE,2981888,4096
297190,process3,WRITE,3944448,4096
297907,process2,WRITE,2637824,4096
298384,process2,WRITE,1269760,4096
298875,process0,WRITE,749568,4096
299080,process0,WRITE,1359872,4096
299223,process3,WRITE,3993600,4096
299252,process2,WRITE,8179712,4096
300181,process1,WRITE,1024000,4096
301057,process2,WRITE,5738496,4096
301096,process1,WRITE,6115328,4096
301128,process3,WRITE,3506176,4096
301835,process2,WRITE,7741440,4096
302475,process0,WRITE,905216,4096
302702,process2,WRITE,3182592,4096
303099,process1,WRITE,5279744,4096
303297,process3,WRITE,760270848,4096
303463,process1,WRITE,696320,4096
303885,process1,WRITE,913408,4096
304549,process0,WRITE,3588096,4096
304930,process2,WRITE,8372224,4096
305510,process0,WRITE,151293952,4096
305937,process1,WRITE,4411392,4096
306298,process2,WRITE,557056,4096
306352,process2,WRITE,10346496,4096
307168,process3,WRITE,5029888,4096
307885,process0,WRITE,6533120,4096
308438,process0,WRITE,9756672,4096
308704,process1,WRITE,5201920,4096
309377,process1,WRITE,331776,4096
309394,process1,WRITE,3559424,4096
309738,process0,WRITE,8392704,4096
310455,process3,WRITE,10129408,4096
311310,process0,WRITE,7426048,4096
311354,process1,WRITE,5406720,4096
312268,process2,WRITE,1142784,4096
313009,process0,WRITE,9687040,4096
313252,process3,WRITE,3596288,4096
313579,process3,WRITE,5578752,4096
313687,process1,WRITE,10170368,4096
313740,process3,WRITE,10031104,4096
314652,process1,WRITE,7499776,4096
314846,process0,WRITE,3108864,4096
314938,process2,WRITE,8478720,4096
315088,process3,WRITE,5799936,4096
316006,process2,WRITE,700416,4096
316429,process3,WRITE,9080832,4096
317170,process3,WRITE,3190784,4096
318080,process2,WRITE,2854912,4096
318106,process1,WRITE,8290304,4096
319058,process2,WRITE,876544,4096
319249,process3,WRITE,629030912,4096
319662,process2,WRITE,4915200,4096
320487,process3,WRITE,839680,4096
321016,process3,WRITE,10596352,4096
321471,process3,WRITE,6062080,4096
322056,process1,WRITE,8450048,4096
322348,process0,WRITE,4616192,4096
322365,process2,WRITE,9830400,4096
322701,process3,WRITE,163840,4096
322795,process2,WRITE,7233536,4096
323609,process1,WRITE,3633152,4096
323901,process3,WRITE,950272,4096
324796,process1,WRITE,659456,4096
325229,process2,WRITE,10158080,4096
325865,process1,WRITE,10690560,4096
326729,process2,WRITE,8142848,4096
326924,process3,WRITE,9158656,4096
327384,process1,WRITE,708608,4096
328103,process0,WRITE,6950912,4096
328766,process3,WRITE,6938624,4096
328832,process2,WRITE,5464064,4096
329271,process0,WRITE,5521408,4096
329682,process2,WRITE,5033984,4096
330560,process3,WRITE,771153920,4096
330586,process0,WRITE,8630272,4096
330816,process2,WRITE,237858816,4096
331592,process0,WRITE,1728512,4096
331846,process3,WRITE,8372224,4096
332682,process1,WRITE,7241728,4096
332817,process3,WRITE,9871360,4096
332966,process0,WRITE,2703360,4096
333910,process0,WRITE,532480,4096
334241,process1,WRITE,6877184,4096
334252,process1,WRITE,7405568,4096
334457,process1,WRITE,1875968,4096
334557,process1,WRITE,2228224,4096
334584,process3,WRITE,2449408,4096
334982,process0,WRITE,507904,4096
335947,process3,WRITE,1290240,4096
336502,process3,WRITE,409600,4096
336777,process0,WRITE,202973184,4096
337100,process2,WRITE,3653632,4096
337546,process2,WRITE,213471232,4096
338007,process0,WRITE,5062656,4096
338881,process1,WRITE,7118848,4096
338920,process1,WRITE,1961984,4096
339343,process2,WRITE,10047488,4096
339610,process1,WRITE,5906432,4096
339682,process3,WRITE,3936256,4096
340553,process1,WRITE,4104192,4096
341332,process1,WRITE,4755456,4096
341969,process1,WRITE,2875392,4096
342294,process1,WRITE,3137536,4096
342707,process1,WRITE,1196032,4096
343671,process2,WRITE,1454080,4096
343954,process0,WRITE,376832,4096
344438,process3,WRITE,1683456,4096
344733,process3,WRITE,6389760,4096
344899,process2,WRITE,83013632,4096
345848,process1,WRITE,8732672,4096
346343,process0,WRITE,932524032,4096
346981,process2,WRITE,3403776,4096
347219,process3,WRITE,4313088,4096
347366,process0,WRITE,4816896,4096
348285,process0,WRITE,570359808,4096
348928,process3,WRITE,5816320,4096
349007,process2,WRITE,4808704,4096
349165,process1,WRITE,9089024,4096
350145,process1,WRITE,6356992,4096
350844,process2,WRITE,374325248,4096
351637,process0,WRITE,7221248,4096
351750,process0,WRITE,950272,4096
351974,process2,WRITE,9994240,4096
352832,process1,WRITE,9203712,4096
352915,process1,WRITE,7954432,4096
353235,process3,WRITE,9662464,4096
353586,process3,WRITE,1073152,4096
353715,process3,WRITE,8417280,4096
353899,process3,WRITE,4792320,4096
354605,process1,WRITE,6115328,4096
354927,process2,WRITE,7864320,4096
355696,process2,WRITE,9342976,4096
356049,process2,WRITE,10174464,4096
356968,process0,WRITE,190939136,4096
357400,process0,WRITE,4587520,4096
357809,process2,WRITE,9269248,4096
358064,process0,WRITE,586256384,4096
358083,process0,WRITE,4919296,4096
358853,process2,WRITE,3981312,4096
359148,process3,WRITE,1175552,4096
360090,process3,WRITE,2957312,4096
360342,process3,WRITE,10526720,4096
360633,process0,WRITE,4513792,4096
360974,process2,WRITE,6254592,4096
361109,process2,WRITE,7479296,4096
361496,process3,WRITE,7155712,4096
361654,process3,WRITE,776790016,4096
362429,process2,WRITE,3911680,4096
363041,process0,WRITE,2088960,4096
363770,process1,WRITE,1814528,4096
364739,process3,WRITE,4919296,4096
364955,process0,WRITE,4861952,4096
365197,process1,WRITE,6627328,4096
365296,process0,WRITE,9658368,4096
366255,process0,WRITE,1046147072,4096
366271,process2,WRITE,5693440,4096
366493,process2,WRITE,884736,4096
367432,process1,WRITE,8744960,4096
367441,process3,WRITE,4345856,4096
368311,process0,WRITE,4874240,4096
368898,process3,WRITE,4169728,4096
369284,process2,WRITE,463351808,4096
370257,process1,WRITE,8433664,4096
370463,process2,WRITE,471478272,4096
370653,process1,WRITE,6586368,4096
371597,process1,WRITE,10657792,4096
372300,process1,WRITE,938905600,4096
373262,process1,WRITE,4263936,4096
374066,process3,WRITE,299008,4096
374993,process2,WRITE,221184,4096
375135,process1,WRITE,6529024,4096
375418,process0,WRITE,406790144,4096
375950,process1,WRITE,552960,4096
376286,process1,WRITE,8552448,4096
376425,process0,WRITE,8716288,4096
376430,process1,WRITE,10563584,4096
376766,process0,WRITE,5410816,4096
377000,process0,WRITE,3641344,4096
377377,process0,WRITE,9093120,4096
377797,process3,WRITE,1605632,4096
378292,process1,WRITE,4554752,4096
378624,process0,WRITE,5980160,4096
379120,process3,WRITE,9785344,4096
380074,process0,WRITE,1073152,4096
380739,process3,WRITE,2342912,4096
380753,process2,WRITE,700416,4096
381682,process0,WRITE,7151616,4096
382680,process3,WRITE,36864,4096
382696,process2,WRITE,9818112,4096
383410,process2,WRITE,8536064,4096
383831,process1,WRITE,10383360,4096
384289,process2,WRITE,5844992,4096
384913,process1,WRITE,10620928,4096
385423,process0,WRITE,1028612096,4096
386128,process1,WRITE,916119552,4096
386400,process0,WRITE,1200128,4096
387340,process3,WRITE,1028898816,4096
387458,process0,WRITE,5091328,4096
387615,process0,WRITE,9334784,4096
387882,process3,WRITE,5267456,4096
388342,process2,WRITE,8261632,4096
388823,process0,WRITE,10686464,4096
389546,process2,WRITE,180224,4096
390215,process2,WRITE,1425408,4096
390459,process0,WRITE,10715136,4096
391153,process3,WRITE,3784704,4096
391522,process2,WRITE,5844992,4096
392364,process1,WRITE,356831232,4096
392454,process3,WRITE,905216,4096
392515,process0,WRITE,9273344,4096
392889,process3,WRITE,3694592,4096
393504,process3,WRITE,2326528,4096
393948,process2,WRITE,10133504,4096
394718,process3,WRITE,880640,4096
394780,process0,WRITE,7528448,4096
395287,process0,WRITE,5328896,4096
396158,process2,WRITE,10252288,4096
396167,process1,WRITE,9277440,4096
396231,process0,WRITE,4657152,4096
397139,process3,WRITE,9039872,4096
397735,process3,WRITE,10698752,4096
397825,process0,WRITE,6561792,4096
398525,process2,WRITE,1687552,4096
398930,process0,WRITE,102400,4096
399052,process0,WRITE,3321856,4096
400012,process1,WRITE,8462336,4096
400125,process3,WRITE,542887936,4096
400395,process0,WRITE,3665920,4096
400548,process2,WRITE,6316032,4096
400699,process2,WRITE,9957376,4096
401565,process2,WRITE,4943872,4096
402382,process1,WRITE,3293184,4096
403040,process0,WRITE,8597504,4096
403852,process3,WRITE,864256,4096
404379,process1,WRITE,2355200,4096
404685,process3,WRITE,335872,4096
405507,process0,WRITE,665956352,4096
406024,process2,WRITE,479232,4096
406431,process3,WRITE,6901760,4096
406691,process3,WRITE,540672,4096
406994,process2,WRITE,6311936,4096
407295,process2,WRITE,6279168,4096
407335,process3,WRITE,560259072,4096
408059,process1,WRITE,7725056,4096
408963,process0,WRITE,7450624,4096
409180,process3,WRITE,2347008,4096
409882,process1,WRITE,5701632,4096
410345,process1,WRITE,9404416,4096
411274,process2,WRITE,9625600,4096
411786,process0,WRITE,6197248,4096
412666,process3,WRITE,4415488,4096
412832,process0,WRITE,241651712,4096
412963,process2,WRITE,8982528,4096
412973,process0,WRITE,8036352,4096
413499,process3,WRITE,3203072,4096
414059,process0,WRITE,7532544,4096
414233,process0,WRITE,8511488,4096
414493,process1,WRITE,7315456,4096
414987,process0,WRITE,634880,4096
415243,process1,WRITE,10674176,4096
415960,process2,WRITE,190386176,4096
416513,process1,WRITE,4915200,4096
417478,process1,WRITE,6238208,4096
418084,process2,WRITE,9637888,4096
418407,process0,WRITE,109236224,4096
418652,process3,WRITE,564662272,4096
418988,process1,WRITE,8028160,4096
419193,process0,WRITE,10661888,4096
420053,process3,WRITE,6422528,4096
420420,process1,WRITE,10493952,4096
420618,process0,WRITE,1024000,4096
421316,process0,WRITE,147456,4096
421476,process2,WRITE,8495104,4096
422112,process3,WRITE,7684096,4096
422504,process2,WRITE,6758400,4096
423382,process2,WRITE,7655424,4096
424142,process1,WRITE,7778304,4096
425045,process2,WRITE,458752,4096
425197,process1,WRITE,9629696,4096
425217,process0,WRITE,8364032,4096
425599,process1,WRITE,9273344,4096
426259,process3,WRITE,449617920,4096
426546,process3,WRITE,6881280,4096
427335,process1,WRITE,4763648,4096
427468,process1,WRITE,6115328,4096
427652,process1,WRITE,7159808,4096
427896,process2,WRITE,917504,4096
428504,process0,WRITE,4059136,4096
429247,process0,WRITE,3325952,4096
429509,process1,WRITE,1560576,4096
430348,process0,WRITE,9220096,4096
430885,process0,WRITE,1765376,4096
430981,process0,WRITE,9080832,4096
431158,process2,WRITE,3223552,4096
431303,process3,WRITE,5181440,4096
431993,process3,WRITE,3477504,4096
432984,process1,WRITE,620593152,4096
433635,process1,WRITE,7720960,4096
433642,process3,WRITE,2023424,4096
434304,process0,WRITE,630784,4096
434411,process3,WRITE,113106944,4096
434593,process3,WRITE,8695808,4096
434861,process3,WRITE,7798784,4096
435002,process3,WRITE,6045696,4096
435258,process3,WRITE,4472832,4096
435486,process0,WRITE,5758976,4096
435494,process3,WRITE,8118272,4096
435533,process1,WRITE,6090752,4096
435787,process3,WRITE,7315456,4096
436693,process3,WRITE,3153920,4096
436955,process3,WRITE,7516160,4096
437594,process3,WRITE,8966144,4096
437787,process1,WRITE,9166848,4096
438778,process3,WRITE,2473984,4096
439548,process0,WRITE,470048768,4096
439925,process1,WRITE,1155072,4096
440443,process1,WRITE,905216,4096
440591,process0,WRITE,8638464,4096
440711,process1,WRITE,1052672,4096
441391,process2,WRITE,10342400,4096
441654,process3,WRITE,2691072,4096
441810,process3,WRITE,8658944,4096
441959,process0,WRITE,1576960,4096
442829,process2,WRITE,10563584,4096
443501,process1,WRITE,8749056,4096
444423,process0,WRITE,6959104,4096
445376,process3,WRITE,688128,4096
445453,process0,WRITE,864256,4096
445736,process0,WRITE,3280896,4096
446472,process2,WRITE,2441216,4096
446598,process3,WRITE,5312512,4096
447340,process3,WRITE,2539520,4096
448045,process3,WRITE,929792,4096
448398,process0,WRITE,1388544,4096
448640,process3,WRITE,3735552,4096
449054,process0,WRITE,9330688,4096
449062,process3,WRITE,536576,4096
449542,process0,WRITE,1609728,4096
449755,process1,WRITE,7409664,4096
450553,process1,WRITE,77824,4096
451355,process1,WRITE,8851456,4096
451450,process2,WRITE,8060928,4096
452192,process3,WRITE,3952640,4096
452337,process3,WRITE,9166848,4096
452486,process3,WRITE,1683456,4096
452800,process0,WRITE,832458752,4096
452826,process2,WRITE,602112,4096
453425,process3,WRITE,8822784,4096
453572,process3,WRITE,5541888,4096
454426,process2,WRITE,265089024,4096
454970,process0,WRITE,5644288,4096
455435,process1,WRITE,4927488,4096
455515,process0,WRITE,3153920,4096
456181,process2,WRITE,10706944,4096
456454,process3,WRITE,4628480,4096
456654,process0,WRITE,2039808,4096
456699,process3,WRITE,5292032,4096
457552,process3,WRITE,6705152,4096
458046,process1,WRITE,3010560,4096
458700,process2,WRITE,3358720,4096
459600,process1,WRITE,3584000,4096
460129,process0,WRITE,5799936,4096
460525,process3,WRITE,2068480,4096
460729,process3,WRITE,399200256,4096
461352,process3,WRITE,8642560,4096
462339,process0,WRITE,7503872,4096
462694,process1,WRITE,6422528,4096
463655,process0,WRITE,425984,4096
464397,process3,WRITE,1495040,4096
465360,process1,WRITE,4739072,4096
465516,process2,WRITE,3211264,4096
465981,process0,WRITE,8318976,4096
466642,process0,WRITE,8900608,4096
467077,process2,WRITE,6447104,4096
467202,process2,WRITE,9666560,4096
467993,process3,WRITE,7086080,4096
468040,process1,WRITE,5591040,4096
468907,process2,WRITE,9211904,4096
468941,process3,WRITE,3944448,4096
469456,process0,WRITE,1413120,4096
469984,process3,WRITE,6627328,4096
470751,process1,WRITE,299008,4096
471637,process2,WRITE,6537216,4096
471997,process0,WRITE,503808,4096
472308,process3,WRITE,7737344,4096
473199,process1,WRITE,3145728,4096
473717,process1,WRITE,8339456,4096
474402,process1,WRITE,7802880,4096
475198,process0,WRITE,8167424,4096
475666,process0,WRITE,8523776,4096
476460,process2,WRITE,499384320,4096
477415,process3,WRITE,196608,4096
478210,process0,WRITE,4046848,4096
478371,process1,WRITE,4247552,4096
478563,process3,WRITE,2961408,4096
478738,process0,WRITE,1343488,4096
478959,process0,WRITE,10276864,4096
479135,process3,WRITE,7757824,4096
479889,process0,WRITE,4087808,4096
480863,process3,WRITE,10125312,4096
481107,process0,WRITE,8765440,4096
481310,process0,WRITE,226680832,4096
481778,process1,WRITE,5648384,4096
481906,process0,WRITE,196608,4096
482854,process2,WRITE,8278016,4096
483515,process2,WRITE,10350592,4096
484114,process0,WRITE,4526080,4096
484133,process1,WRITE,3149824,4096
484983,process0,WRITE,10010624,4096
485535,process3,WRITE,6676480,4096
486227,process2,WRITE,2613248,4096
486627,process3,WRITE,1941504,4096
487495,process1,WRITE,2813952,4096
487834,process3,WRITE,5378048,4096
488467,process3,WRITE,3608576,4096
489082,process3,WRITE,524288,4096
489129,process0,WRITE,7041024,4096
489513,process3,WRITE,344064,4096
490156,process1,WRITE,2170880,4096
490267,process1,WRITE,786432,4096
491017,process2,WRITE,6983680,4096
491138,process3,WRITE,2007040,4096
491997,process2,WRITE,1048760320,4096
492443,process3,WRITE,5427200,4096
492886,process2,WRITE,8052736,4096
493442,process3,WRITE,200552448,4096
493699,process3,WRITE,213229568,4096
494265,process3,WRITE,10067968,4096
494932,process2,WRITE,814120960,4096
495474,process0,WRITE,1093632,4096
496215,process1,WRITE,3686400,4096
497121,process1,WRITE,1454080,4096
497649,process2,WRITE,9281536,4096
498423,process0,WRITE,221184,4096
499155,process0,WRITE,4194304,4096
499680,process3,WRITE,4534272,4096
500496,process0,WRITE,6201344,4096
501465,process1,WRITE,5419008,4096
501964,process1,WRITE,5324800,4096
502457,process1,WRITE,1236992,4096
503012,process1,WRITE,8646656,4096
503285,process3,WRITE,9818112,4096
504085,process2,WRITE,4603904,4096
505017,process1,WRITE,8929280,4096
505575,process1,WRITE,4759552,4096
506007,process2,WRITE,7421952,4096
506296,process2,WRITE,10080256,4096
507104,process1,WRITE,9510912,4096
508085,process0,WRITE,6086656,4096
508277,process1,WRITE,2494464,4096
508377,process2,WRITE,2670592,4096
509318,process0,WRITE,2973696,4096
509321,process0,WRITE,9895936,4096
510038,process0,WRITE,8245248,4096
510873,process0,WRITE,8990720,4096
511287,process2,WRITE,2621440,4096
511304,process0,WRITE,4083712,4096
511321,process2,WRITE,73728,4096
511706,process0,WRITE,610304,4096
512213,process3,WRITE,7168000,4096
512804,process2,WRITE,6406144,4096
513797,process1,WRITE,7065600,4096
513867,process1,WRITE,926134272,4096
514673,process1,WRITE,7663616,4096
515618,process3,WRITE,8990720,4096
516106,process3,WRITE,2453504,4096
516935,process3,WRITE,3350528,4096
517486,process3,WRITE,2248704,4096
517992,process1,WRITE,9510912,4096
518763,process1,WRITE,8609792,4096
519315,process3,WRITE,2932736,4096
520181,process2,WRITE,7241728,4096
520401,process2,WRITE,5517312,4096
520494,process2,WRITE,9711616,4096
520880,process3,WRITE,10543104,4096
521075,process0,WRITE,9338880,4096
522058,process2,WRITE,6569984,4096
523045,process2,WRITE,1380352,4096
523558,process2,WRITE,1904640,4096
523966,process2,WRITE,5984256,4096
524405,process1,WRITE,8400896,4096
525104,process3,WRITE,7557120,4096
525913,process2,WRITE,8769536,4096
526660,process0,WRITE,8491008,4096
526902,process0,WRITE,7213056,4096
526986,process2,WRITE,7622656,4096
527639,process0,WRITE,3645440,4096
527983,process0,WRITE,10326016,4096
528629,process1,WRITE,4153344,4096
528997,process3,WRITE,8347648,4096
529499,process2,WRITE,8089600,4096
530391,process2,WRITE,10567680,4096
530953,process0,WRITE,7843840,4096
531382,process2,WRITE,8617984,4096
532213,process1,WRITE,10489856,4096
532691,process3,WRITE,577675264,4096
533189,process3,WRITE,7327744,4096
534125,process2,WRITE,7843840,4096
534229,process3,WRITE,8159232,4096
534908,process2,WRITE,6475776,4096
535248,process2,WRITE,4538368,4096
535796,process2,WRITE,9715712,4096
536174,process1,WRITE,532516864,4096
536365,process0,WRITE,6430720,4096
536956,process2,WRITE,3186688,4096
537371,process3,WRITE,5951488,4096
537926,process1,WRITE,9666560,4096
538048,process0,WRITE,8663040,4096
538052,process2,WRITE,1986560,4096
538431,process1,WRITE,7909376,4096
538675,process3,WRITE,4636672,4096
539632,process2,WRITE,9834496,4096
540476,process2,WRITE,8593408,4096
540598,process3,WRITE,2318336,4096
541183,process1,WRITE,9920512,4096
541930,process2,WRITE,2273280,4096
542830,process2,WRITE,515461120,4096
543104,process1,WRITE,4960256,4096
543595,process2,WRITE,1294336,4096
544283,process2,WRITE,8646656,4096
544288,process2,WRITE,7630848,4096
545224,process0,WRITE,3891200,4096
545663,process0,WRITE,1908736,4096
546446,process1,WRITE,10223616,4096
547325,process0,WRITE,3153920,4096
547971,process3,WRITE,2060288,4096
548596,process1,WRITE,8048640,4096
549505,process1,WRITE,864256,4096
550478,process1,WRITE,3862528,4096
550487,process0,WRITE,2183168,4096
551283,process3,WRITE,684032,4096
551485,process2,WRITE,1511424,4096
552339,process2,WRITE,1425408,4096
553271,process3,WRITE,6512640,4096
553612,process0,WRITE,630784,4096
554124,process1,WRITE,3862528,4096
554330,process3,WRITE,4276224,4096
555026,process1,WRITE,491520,4096
555215,process1,WRITE,9244672,4096
555443,process3,WRITE,1009340416,4096
556184,process1,WRITE,548864,4096
557032,process2,WRITE,7041024,4096
557913,process0,WRITE,634880,4096
558411,process0,WRITE,5922816,4096
559198,process3,WRITE,1748992,4096
559745,process0,WRITE,7188480,4096
560282,process3,WRITE,6979584,4096
560877,process0,WRITE,393216,4096
561821,process3,WRITE,437456896,4096
562622,process1,WRITE,225280,4096
562731,process2,WRITE,530935808,4096
562813,process2,WRITE,1486848,4096
563296,process2,WRITE,6844416,4096
563327,process2,WRITE,3952640,4096
563658,process0,WRITE,4153344,4096
564420,process0,WRITE,2891776,4096
565134,process3,WRITE,5783552,4096
565166,process3,WRITE,4288512,4096
565718,process3,WRITE,4141056,4096
566481,process2,WRITE,2719744,4096
566672,process3,WRITE,1691648,4096
566713,process2,WRITE,1044992000,4096
567237,process0,WRITE,4857856,4096
568160,process0,WRITE,9629696,4096
568266,process3,WRITE,661467136,4096
568575,process1,WRITE,6778880,4096
569084,process1,WRITE,1830912,4096
569186,process0,WRITE,3457024,4096
569928,process1,WRITE,4562944,4096
570700,process1,WRITE,8454144,4096
570871,process3,WRITE,3276800,4096
571540,process0,WRITE,10207232,4096
572470,process1,WRITE,8974336,4096
572699,process3,WRITE,2179072,4096
573153,process3,WRITE,4415488,4096
573613,process3,WRITE,2699264,4096
574298,process0,WRITE,4509696,4096
575082,process2,WRITE,64225280,4096
575475,process1,WRITE,1277952,4096
575858,process0,WRITE,1429504,4096
576158,process1,WRITE,9912320,4096
576224,process2,WRITE,1642496,4096
576957,process2,WRITE,1777664,4096
576998,process2,WRITE,301117440,4096
577015,process3,WRITE,470233088,4096
577801,process3,WRITE,2138112,4096
578301,process3,WRITE,7700480,4096
578375,process3,WRITE,3944448,4096
579020,process0,WRITE,3780608,4096
579473,process0,WRITE,8298496,4096
579479,process1,WRITE,9179136,4096
579499,process3,WRITE,6553600,4096
580324,process2,WRITE,47640576,4096
580623,process1,WRITE,441204736,4096
581124,process2,WRITE,10039296,4096
581882,process2,WRITE,3051520,4096
582865,process1,WRITE,8933376,4096
583365,process3,WRITE,670912512,4096
583656,process3,WRITE,8843264,4096
584242,process1,WRITE,4648960,4096
585172,process3,WRITE,7905280,4096
585392,process3,WRITE,6250496,4096
586345,process3,WRITE,6651904,4096
586915,process3,WRITE,7008256,4096
587276,process2,WRITE,5689344,4096
587355,process1,WRITE,2224128,4096
588018,process2,WRITE,1016934400,4096
588297,process2,WRITE,4509696,4096
588327,process2,WRITE,10063872,4096
588591,process1,WRITE,10612736,4096
589448,process3,WRITE,5177344,4096
589486,process1,WRITE,102584320,4096
589807,process1,WRITE,4440064,4096
590328,process3,WRITE,7684096,4096
590710,process3,WRITE,7319552,4096
591458,process1,WRITE,2789376,4096
591650,process1,WRITE,9682944,4096
592377,process0,WRITE,6451200,4096
592651,process3,WRITE,4206592,4096
592983,process3,WRITE,9949184,4096
593739,process2,WRITE,5931008,4096
594496,process1,WRITE,8261632,4096
595254,process0,WRITE,4669440,4096
595661,process3,WRITE,10387456,4096
596512,process1,WRITE,3440640,4096
597139,process2,WRITE,5455872,4096
597883,process3,WRITE,2760704,4096
598617,process0,WRITE,110592,4096
598984,process1,WRITE,464498688,4096
599944,process2,WRITE,7606272,4096
600400,process2,WRITE,2527232,4096
600764,process2,WRITE,6131712,4096
601649,process3,WRITE,723329024,4096
601939,process3,WRITE,8577024,4096
602083,process2,WRITE,4055040,4096
602591,process1,WRITE,4493312,4096
603513,process0,WRITE,133222400,4096
603672,process1,WRITE,1220608,4096
604650,process3,WRITE,2281472,4096
604802,process0,WRITE,1150976,4096
605585,process1,WRITE,8151040,4096
606525,process1,WRITE,6926336,4096
607304,process1,WRITE,9416704,4096
607332,process3,WRITE,10301440,4096
607776,process1,WRITE,3584000,4096
608517,process0,WRITE,6397952,4096
608738,process0,WRITE,4743168,4096
609035,process3,WRITE,10248192,4096
609422,process0,WRITE,340762624,4096
610305,process2,WRITE,9871360,4096
611122,process1,WRITE,2199552,4096
611325,process3,WRITE,10125312,4096
611742,process1,WRITE,151494656,4096
612263,process2,WRITE,8695808,4096
612786,process3,WRITE,5181440,4096
613014,process2,WRITE,7548928,4096
613453,process1,WRITE,1449984,4096
614135,process3,WRITE,7745536,4096
614175,process0,WRITE,7499776,4096
614309,process0,WRITE,3747840,4096
614795,process1,WRITE,8691712,4096
615013,process0,WRITE,4112384,4096
615714,process1,WRITE,4988928,4096
615756,process0,WRITE,10379264,4096
616459,process0,WRITE,33890304,4096
616553,process1,WRITE,7634944,4096
616921,process1,WRITE,633442304,4096
617737,process0,WRITE,211689472,4096
618535,process2,WRITE,385024,4096
619036,process2,WRITE,410738688,4096
620007,process3,WRITE,3973120,4096
620438,process2,WRITE,9367552,4096
621037,process1,WRITE,8896512,4096
621626,process0,WRITE,90791936,4096
622595,process0,WRITE,5255168,4096
623168,process1,WRITE,8200192,4096
623420,process2,WRITE,1372160,4096
623441,process0,WRITE,8568832,4096
623806,process3,WRITE,471670784,4096
624047,process1,WRITE,6529024,4096
624692,process0,WRITE,5517312,4096
624769,process3,WRITE,552022016,4096
625733,process0,WRITE,10375168,4096
625869,process2,WRITE,88215552,4096
626484,process1,WRITE,2301952,4096
626968,process0,WRITE,1404928,4096
627523,process2,WRITE,1994752,4096
627920,process1,WRITE,9142272,4096
628000,process3,WRITE,3502080,4096
628232,process0,WRITE,512004096,4096
628932,process0,WRITE,8220672,4096
629543,process2,WRITE,1802240,4096
629593,process1,WRITE,8077312,4096
630342,process1,WRITE,2924544,4096
631124,process2,WRITE,8138752,4096
631230,process1,WRITE,1286144,4096
631717,process0,WRITE,6758400,4096
632244,process2,WRITE,9863168,4096
632464,process0,WRITE,3477504,4096
632512,process0,WRITE,10428416,4096
632607,process2,WRITE,7270400,4096
633420,process3,WRITE,7839744,4096
633650,process0,WRITE,10141696,4096
634350,process1,WRITE,8888320,4096
635001,process3,WRITE,308080640,4096
635062,process3,WRITE,3522560,4096
635817,process0,WRITE,9605120,4096
636710,process2,WRITE,3399680,4096
637377,process0,WRITE,8101888,4096
637525,process1,WRITE,6070272,4096
638427,process3,WRITE,4452352,4096
638734,process1,WRITE,7155712,4096
639638,process3,WRITE,8839168,4096
640049,process2,WRITE,1413120,4096
640610,process3,WRITE,6864896,4096
640989,process3,WRITE,7053312,4096
641715,process3,WRITE,937984,4096
641808,process3,WRITE,7217152,4096
642278,process3,WRITE,2887680,4096
643259,process0,WRITE,8224768,4096
643423,process0,WRITE,8495104,4096
643874,process2,WRITE,488464384,4096
644423,process3,WRITE,3325952,4096
644508,process3,WRITE,9273344,4096
644713,process0,WRITE,4390912,4096
644796,process2,WRITE,5824512,4096
645393,process3,WRITE,6905856,4096
645670,process0,WRITE,3194880,4096
646019,process3,WRITE,9154560,4096
646069,process3,WRITE,5459968,4096
646682,process2,WRITE,153481216,4096
647293,process1,WRITE,3317760,4096
647963,process3,WRITE,7053312,4096
648140,process2,WRITE,9506816,4096
648977,process2,WRITE,1179648,4096
649095,process1,WRITE,9314304,4096
649779,process2,WRITE,6635520,4096
649968,process1,WRITE,5603328,4096
650869,process3,WRITE,8232960,4096
651508,process3,WRITE,341516288,4096
651662,process2,WRITE,7720960,4096
651809,process3,WRITE,8708096,4096
652682,process0,WRITE,5877760,4096
652768,process0,WRITE,6459392,4096
652780,process0,WRITE,3489792,4096
653404,process1,WRITE,3129344,4096
653983,process1,WRITE,10047488,4096
654296,process0,WRITE,7081984,4096
654724,process2,WRITE,5689344,4096
655530,process1,WRITE,7598080,4096
656291,process0,WRITE,6148096,4096
656911,process2,WRITE,9465856,4096
657472,process3,WRITE,892928,4096
658427,process0,WRITE,6221824,4096
658655,process0,WRITE,1761280,4096
659420,process1,WRITE,3211264,4096
659566,process1,WRITE,8851456,4096
660260,process3,WRITE,5079040,4096
660647,process2,WRITE,9015296,4096
661467,process2,WRITE,10125312,4096
662212,process3,WRITE,10493952,4096
662777,process3,WRITE,5701632,4096
663425,process2,WRITE,593920,4096
663861,process3,WRITE,10346496,4096
663911,process0,WRITE,999424,4096
664386,process3,WRITE,8028160,4096
664879,process3,WRITE,10108928,4096
664972,process0,WRITE,679936,4096
665703,process2,WRITE,4820992,4096
665715,process2,WRITE,5754880,4096
666593,process2,WRITE,6909952,4096
666681,process1,WRITE,2904064,4096
666809,process0,WRITE,8105984,4096
667563,process3,WRITE,4018176,4096
668421,process1,WRITE,9433088,4096
668919,process2,WRITE,7135232,4096
669818,process1,WRITE,10457088,4096
670495,process1,WRITE,10125312,4096
671161,process2,WRITE,9232384,4096
671860,process2,WRITE,9531392,4096
672639,process0,WRITE,8843264,4096
672814,process1,WRITE,8192000,4096
672893,process3,WRITE,1249280,4096
673342,process3,WRITE,333418496,4096
673481,process1,WRITE,335872,4096
674266,process1,WRITE,7938048,4096
674812,process2,WRITE,10256384,4096
674980,process3,WRITE,2891776,4096
675584,process0,WRITE,353091584,4096
675715,process1,WRITE,905216,4096
675814,process1,WRITE,380928,4096
676299,process1,WRITE,5169152,4096
677212,process3,WRITE,10555392,4096
678136,process1,WRITE,4186112,4096
678197,process2,WRITE,6782976,4096
678692,process1,WRITE,10440704,4096
679004,process2,WRITE,6520832,4096
679781,process1,WRITE,7520256,4096
680626,process2,WRITE,8781824,4096
680781,process1,WRITE,9093120,4096
681095,process3,WRITE,1036288,4096
681969,process0,WRITE,1363968,4096
682703,process0,WRITE,2826240,4096
682731,process0,WRITE,8679424,4096
682769,process2,WRITE,1122304,4096
683746,process2,WRITE,7540736,4096
684193,process3,WRITE,1122304,4096
684726,process2,WRITE,4022272,4096
684895,process2,WRITE,5349376,4096
685836,process2,WRITE,10293248,4096
686571,process0,WRITE,3280896,4096
686677,process3,WRITE,5890048,4096
687458,process0,WRITE,3854336,4096
687529,process1,WRITE,5955584,4096
688012,process0,WRITE,1966080,4096
688804,process2,WRITE,575750144,4096
689377,process1,WRITE,568066048,4096
690000,process0,WRITE,10567680,4096
690684,process2,WRITE,569344,4096
691200,process1,WRITE,2260992,4096
691944,process3,WRITE,8093696,4096
692652,process1,WRITE,364544,4096
693224,process2,WRITE,7286784,4096
693820,process3,WRITE,3952640,4096
694595,process1,WRITE,7770112,4096
694762,process0,WRITE,8548352,4096
694912,process0,WRITE,5259264,4096
695891,process2,WRITE,6500352,4096
695986,process0,WRITE,8941568,4096
696877,process3,WRITE,2703360,4096
697093,process1,WRITE,8904704,4096
697910,process0,WRITE,10375168,4096
697978,process1,WRITE,8572928,4096
698485,process2,WRITE,1642496,4096
698940,process0,WRITE,10375168,4096
699076,process3,WRITE,5685248,4096
699485,process2,WRITE,6590464,4096
699528,process1,WRITE,4096000,4096
700256,process1,WRITE,5087232,4096
700388,process0,WRITE,924643328,4096
701149,process2,WRITE,10719232,4096
701710,process3,WRITE,7958528,4096
701971,process3,WRITE,882700288,4096
702873,process1,WRITE,9658368,4096
703167,process2,WRITE,397312,4096
703674,process2,WRITE,1941504,4096
704315,process2,WRITE,2289664,4096
704875,process3,WRITE,8503296,4096
705105,process0,WRITE,747294720,4096
705347,process3,WRITE,3739648,4096
706277,process0,WRITE,172032,4096
706792,process2,WRITE,1912832,4096
706976,process2,WRITE,10080256,4096
707202,process2,WRITE,8269824,4096
707355,process0,WRITE,5939200,4096
707623,process0,WRITE,888832,4096
708388,process0,WRITE,1167360,4096
709345,process3,WRITE,4157440,4096
709941,process3,WRITE,9363456,4096
710353,process1,WRITE,3948544,4096
710800,process0,WRITE,9170944,4096
710971,process3,WRITE,4460544,4096
711351,process0,WRITE,8454144,4096
711517,process0,WRITE,6942720,4096
712492,process0,WRITE,6832128,4096
712655,process2,WRITE,7503872,4096
713468,process3,WRITE,457158656,4096
713660,process3,WRITE,6709248,4096
713898,process3,WRITE,7438336,4096
714112,process1,WRITE,794624,4096
714674,process2,WRITE,3207168,4096
715644,process2,WRITE,324550656,4096
716289,process2,WRITE,1478656,4096
717099,process0,WRITE,815509504,4096
717399,process3,WRITE,5750784,4096
717952,process3,WRITE,4911104,4096
718276,process1,WRITE,9183232,4096
718593,process0,WRITE,4616192,4096
719465,process3,WRITE,140644352,4096
719922,process0,WRITE,6545408,4096
720814,process0,WRITE,6926336,4096
721776,process0,WRITE,3010560,4096
721906,process0,WRITE,279818240,4096
722503,process3,WRITE,3653632,4096
722540,process1,WRITE,569344,4096
723009,process3,WRITE,777564160,4096
723364,process2,WRITE,6086656,4096
723661,process0,WRITE,1033371648,4096
723950,process1,WRITE,597172224,4096
724750,process3,WRITE,4091904,4096
724908,process3,WRITE,7503872,4096
725580,process3,WRITE,7172096,4096
726538,process2,WRITE,3284992,4096
726949,process2,WRITE,4161536,4096
727545,process1,WRITE,3166208,4096
728014,process2,WRITE,389120,4096
728123,process3,WRITE,4820992,4096
728733,process1,WRITE,5365760,4096
728763,process3,WRITE,843104256,4096
729645,process2,WRITE,8761344,4096
730417,process2,WRITE,6135808,4096
730468,process0,WRITE,10031104,4096
731252,process2,WRITE,8269824,4096
731469,process3,WRITE,2097152,4096
731981,process2,WRITE,3252224,4096
732160,process1,WRITE,9191424,4096
732294,process3,WRITE,8802304,4096
732461,process2,WRITE,3493888,4096
733300,process0,WRITE,6979584,4096
733343,process3,WRITE,10678272,4096
733652,process2,WRITE,9003008,4096
734047,process2,WRITE,8945664,4096
734714,process3,WRITE,103714816,4096
735560,process0,WRITE,6094848,4096
736528,process1,WRITE,10477568,4096
736818,process0,WRITE,860160,4096
737216,process2,WRITE,6598656,4096
738008,process0,WRITE,7921664,4096
738632,process0,WRITE,366616576,4096
739064,process1,WRITE,6029312,4096
739122,process1,WRITE,446464,4096
739939,process1,WRITE,757760,4096
740638,process0,WRITE,10235904,4096
740703,process1,WRITE,7143424,4096
741067,process3,WRITE,544768,4096
741168,process3,WRITE,528384,4096
741932,process2,WRITE,762679296,4096
742552,process0,WRITE,2895872,4096
743091,process3,WRITE,7507968,4096
743803,process2,WRITE,1830912,4096
743826,process3,WRITE,2146304,4096
744261,process2,WRITE,733630464,4096
744831,process3,WRITE,454656,4096
745056,process2,WRITE,8527872,4096
745155,process0,WRITE,8527872,4096
746020,process1,WRITE,9834496,4096
746772,process1,WRITE,738848768,4096
747174,process1,WRITE,5017600,4096
747721,process2,WRITE,6627328,4096
748353,process2,WRITE,9011200,4096
748990,process3,WRITE,5754880,4096
749007,process2,WRITE,435806208,4096
749822,process2,WRITE,442368,4096
750180,process3,WRITE,8966144,4096
750492,process1,WRITE,1265664,4096
751070,process0,WRITE,6737920,4096
751551,process0,WRITE,1994752,4096
751745,process2,WRITE,737280,4096
752325,process0,WRITE,743333888,4096
753276,process3,WRITE,9879552,4096
753576,process1,WRITE,8994816,4096
754410,process3,WRITE,4575232,4096
754499,process3,WRITE,1064960,4096
754947,process1,WRITE,602112,4096
755711,process1,WRITE,671744,4096
755753,process3,WRITE,354754560,4096
756091,process2,WRITE,6959104,4096
756534,process0,WRITE,225280,4096
757466,process3,WRITE,7307264,4096
757817,process1,WRITE,5632000,4096
758150,process3,WRITE,9990144,4096
758268,process3,WRITE,3428352,4096
758615,process1,WRITE,3256320,4096
758825,process1,WRITE,3526656,4096
759789,process2,WRITE,8257536,4096
760364,process2,WRITE,7630848,4096
761288,process3,WRITE,978944,4096
761873,process1,WRITE,3796992,4096
761888,process2,WRITE,3940352,4096
762261,process1,WRITE,7401472,4096
763210,process1,WRITE,9109504,4096
763728,process2,WRITE,5640192,4096
764122,process3,WRITE,3596288,4096
764452,process3,WRITE,5767168,4096
765263,process3,WRITE,9973760,4096
765919,process1,WRITE,4268032,4096
766140,process3,WRITE,6180864,4096
766629,process3,WRITE,966656,4096
767304,process0,WRITE,10706944,4096
767653,process3,WRITE,5242880,4096
768077,process3,WRITE,4956160,4096
768685,process0,WRITE,10387456,4096
768776,process3,WRITE,6320128,4096
769102,process3,WRITE,8863744,4096
769745,process0,WRITE,8409088,4096
769911,process0,WRITE,62300160,4096
770188,process1,WRITE,6574080,4096
770768,process3,WRITE,7188480,4096
771204,process3,WRITE,8564736,4096
771357,process3,WRITE,8331264,4096
771511,process3,WRITE,4599808,4096
771911,process3,WRITE,3399680,4096
772648,process3,WRITE,4337664,4096
772977,process3,WRITE,835584,4096
773608,process1,WRITE,3608576,4096
774232,process0,WRITE,7794688,4096
775097,process3,WRITE,7970816,4096
775681,process2,WRITE,512401408,4096
776036,process3,WRITE,6774784,4096
776285,process1,WRITE,3510272,4096
776555,process2,WRITE,4538368,4096
776691,process0,WRITE,9912320,4096
777485,process2,WRITE,3244032,4096
778301,process3,WRITE,1662976,4096
778452,process2,WRITE,41713664,4096
778745,process3,WRITE,1216512,4096
779534,process1,WRITE,2961408,4096
779843,process2,WRITE,6381568,4096
779908,process0,WRITE,4427776,4096
780354,process3,WRITE,410157056,4096
781045,process0,WRITE,9895936,4096
781165,process0,WRITE,561295360,4096
781173,process2,WRITE,8265728,4096
781828,process3,WRITE,193916928,4096
782539,process2,WRITE,3780608,4096
783073,process1,WRITE,6180864,4096
783995,process1,WRITE,6230016,4096
784666,process3,WRITE,2891776,4096
785484,process2,WRITE,1155072,4096
786380,process1,WRITE,10100736,4096
787131,process0,WRITE,4567040,4096
787484,process0,WRITE,3485696,4096
788424,process3,WRITE,2916352,4096
789201,process3,WRITE,4194304,4096
789763,process3,WRITE,5988352,4096
790174,process2,WRITE,10358784,4096
790525,process3,WRITE,373866496,4096
790563,process2,WRITE,9842688,4096
790952,process0,WRITE,8429568,4096
791201,process1,WRITE,3395584,4096
791889,process3,WRITE,8732672,4096
792831,process0,WRITE,4669440,4096
793318,process1,WRITE,3100672,4096
793908,process3,WRITE,9859072,4096
794277,process0,WRITE,5369856,4096
794419,process1,WRITE,819200,4096
795216,process2,WRITE,5300224,4096
795301,process3,WRITE,3973120,4096
795432,process1,WRITE,1089536,4096
796037,process1,WRITE,8949760,4096
796777,process2,WRITE,2744320,4096
796963,process0,WRITE,10498048,4096
796978,process2,WRITE,1880064,4096
797595,process1,WRITE,4988928,4096
798588,process3,WRITE,10231808,4096
798922,process3,WRITE,4091904,4096
799538,process3,WRITE,5996544,4096
800115,process1,WRITE,8155136,4096
800880,process1,WRITE,6635520,4096
801584,process2,WRITE,2715648,4096
802047,process3,WRITE,3997696,4096
803001,process2,WRITE,4390912,4096
803150,process3,WRITE,9105408,4096
804084,process1,WRITE,8101888,4096
804105,process1,WRITE,679936,4096
804794,process3,WRITE,9252864,4096
805678,process3,WRITE,9441280,4096
806547,process3,WRITE,9371648,4096
806863,process1,WRITE,672366592,4096
806979,process0,WRITE,10547200,4096
807971,process2,WRITE,7987200,4096
808095,process1,WRITE,593592320,4096
809037,process0,WRITE,10252288,4096
809290,process0,WRITE,10575872,4096
809670,process0,WRITE,544768,4096
810584,process3,WRITE,7233536,4096
810841,process0,WRITE,4513792,4096
811830,process2,WRITE,6131712,4096
811891,process1,WRITE,10076160,4096
812252,process2,WRITE,144732160,4096
812257,process1,WRITE,3637248,4096
812266,process1,WRITE,10555392,4096
812944,process0,WRITE,10203136,4096
813500,process1,WRITE,8880128,4096
813927,process0,WRITE,7475200,4096
814605,process2,WRITE,6094848,4096
814949,process1,WRITE,5750784,4096
815203,process1,WRITE,6660096,4096
815942,process3,WRITE,5832704,4096
816119,process0,WRITE,9818112,4096
816195,process3,WRITE,10219520,4096
816948,process2,WRITE,196608,4096
817382,process2,WRITE,446464,4096
817847,process3,WRITE,253952,4096
818219,process0,WRITE,679747584,4096
818680,process3,WRITE,430964736,4096
819581,process1,WRITE,1032192,4096
819913,process3,WRITE,3907584,4096
820179,process0,WRITE,7667712,4096
820559,process0,WRITE,1523712,4096
820826,process2,WRITE,1167360,4096
821322,process2,WRITE,5902336,4096
822185,process2,WRITE,7368704,4096
822306,process3,WRITE,62484480,4096
823168,process2,WRITE,3612672,4096
823760,process0,WRITE,108904448,4096
824321,process3,WRITE,7417856,4096
825174,process0,WRITE,7016448,4096
825576,process3,WRITE,10305536,4096
825737,process1,WRITE,6361088,4096
826030,process0,WRITE,7602176,4096
826204,process1,WRITE,2453504,4096
827179,process1,WRITE,5885952,4096
827644,process3,WRITE,1310720,4096
827807,process3,WRITE,593920,4096
828743,process0,WRITE,2846720,4096
829326,process3,WRITE,4440064,4096
830125,process0,WRITE,8261632,4096
830170,process3,WRITE,8753152,4096
831084,process2,WRITE,9818112,4096
831185,process2,WRITE,262144,4096
831840,process2,WRITE,6590464,4096
832640,process1,WRITE,9576448,4096
833400,process1,WRITE,4042752,4096
834303,process0,WRITE,870809600,4096
835040,process3,WRITE,6868992,4096
835265,process3,WRITE,10375168,4096
835943,process3,WRITE,4554752,4096
836369,process1,WRITE,6680576,4096
836738,process1,WRITE,1830912,4096
837719,process0,WRITE,3547136,4096
838258,process1,WRITE,1748992,4096
839013,process2,WRITE,3858432,4096
839865,process3,WRITE,9404416,4096
840514,process3,WRITE,3616768,4096
840688,process0,WRITE,8855552,4096
841182,process1,WRITE,4534272,4096
841561,process2,WRITE,850108416,4096
842472,process1,WRITE,607076352,4096
842841,process0,WRITE,892928,4096
843176,process1,WRITE,7680000,4096
843391,process0,WRITE,4202496,4096
843610,process2,WRITE,6074368,4096
843822,process0,WRITE,7602176,4096
844682,process2,WRITE,9125888,4096
844779,process1,WRITE,10321920,4096
845496,process3,WRITE,5283840,4096
846188,process0,WRITE,8003584,4096
846806,process2,WRITE,518901760,4096
847212,process2,WRITE,1794048,4096
847817,process2,WRITE,9859072,4096
847891,process2,WRITE,9621504,4096
848129,process2,WRITE,693940224,4096
848784,process3,WRITE,7536640,4096
849389,process2,WRITE,7450624,4096
849958,process1,WRITE,4182016,4096
850203,process0,WRITE,10121216,4096
850976,process1,WRITE,3608576,4096
851738,process1,WRITE,10571776,4096
852115,process3,WRITE,385024,4096
852769,process3,WRITE,4640768,4096
853081,process0,WRITE,6385664,4096
853124,process1,WRITE,9523200,4096
853166,process1,WRITE,61448192,4096
853811,process0,WRITE,865009664,4096
853914,process1,WRITE,6156288,4096
854319,process1,WRITE,4702208,4096
854724,process3,WRITE,1200128,4096
855023,process2,WRITE,9666560,4096
855192,process1,WRITE,3428352,4096
856095,process3,WRITE,269631488,4096
856421,process3,WRITE,10493952,4096
857377,process2,WRITE,1093632,4096
857988,process1,WRITE,1110016,4096
858894,process2,WRITE,6701056,4096
859884,process0,WRITE,8384512,4096
860311,process1,WRITE,151552,4096
860844,process3,WRITE,1437696,4096
861210,process3,WRITE,6434816,4096
861299,process2,WRITE,6995968,4096
861946,process0,WRITE,8949760,4096
861951,process3,WRITE,5152768,4096
862848,process2,WRITE,7090176,4096
863222,process2,WRITE,4820992,4096
863598,process1,WRITE,4255744,4096
863675,process2,WRITE,10588160,4096
864432,process0,WRITE,7520256,4096
864878,process3,WRITE,7020544,4096
865445,process0,WRITE,7438336,4096
865954,process1,WRITE,3481600,4096
866559,process1,WRITE,4243456,4096
866881,process3,WRITE,6975488,4096
867818,process0,WRITE,991232,4096
868300,process2,WRITE,3780608,4096
868364,process1,WRITE,1519616,4096
868552,process0,WRITE,593920,4096
868556,process3,WRITE,5439488,4096
869081,process2,WRITE,2166784,4096
869150,process1,WRITE,8888320,4096
869843,process3,WRITE,8024064,4096
869897,process1,WRITE,129544192,4096
870806,process2,WRITE,7397376,4096
871739,process1,WRITE,691896320,4096
872233,process1,WRITE,5414912,4096
872750,process2,WRITE,8548352,4096
873089,process1,WRITE,57344,4096
873456,process0,WRITE,6303744,4096
873591,process2,WRITE,1974272,4096
874011,process2,WRITE,4743168,4096
874758,process3,WRITE,5156864,4096
874824,process0,WRITE,6017024,4096
875113,process0,WRITE,4194304,4096
875873,process2,WRITE,9367552,4096
876231,process1,WRITE,2969600,4096
877086,process0,WRITE,6541312,4096
877722,process2,WRITE,435408896,4096
877757,process0,WRITE,5390336,4096
878740,process1,WRITE,4194304,4096
878901,process2,WRITE,1294336,4096
879392,process2,WRITE,1277952,4096
880086,process3,WRITE,8376320,4096
880146,process0,WRITE,1687552,4096
880957,process2,WRITE,917487616,4096
881341,process1,WRITE,1462272,4096
882070,process0,WRITE,9551872,4096
882757,process0,WRITE,6631424,4096
883052,process3,WRITE,6533120,4096
883698,process1,WRITE,7213056,4096
884519,process0,WRITE,7794688,4096
885063,process2,WRITE,8220672,4096
885156,process3,WRITE,1298432,4096
885317,process2,WRITE,5353472,4096
885680,process2,WRITE,10338304,4096
886420,process0,WRITE,5783552,4096
886642,process1,WRITE,4161536,4096
887416,process0,WRITE,10178560,4096
888042,process1,WRITE,3817472,4096
888897,process1,WRITE,9674752,4096
889702,process3,WRITE,1039310848,4096
890653,process2,WRITE,6467584,4096
891313,process1,WRITE,868352,4096
891722,process1,WRITE,477261824,4096
892324,process0,WRITE,471040,4096
892684,process2,WRITE,2306048,4096
893236,process3,WRITE,782336,4096
893716,process2,WRITE,9834496,4096
894351,process0,WRITE,5566464,4096
894414,process0,WRITE,1495040,4096
895075,process1,WRITE,6057984,4096
895307,process3,WRITE,360448,4096
895713,process2,WRITE,5808128,4096
896103,process1,WRITE,6406144,4096
896428,process1,WRITE,8122368,4096
896674,process1,WRITE,2809856,4096
897129,process0,WRITE,10125312,4096
897168,process2,WRITE,114688,4096
897444,process0,WRITE,9875456,4096
898411,process3,WRITE,6733824,4096
899322,process3,WRITE,200396800,4096
899451,process1,WRITE,1085440,4096
900057,process3,WRITE,1961984,4096
900121,process2,WRITE,2056192,4096
900857,process2,WRITE,3219456,4096
901175,process1,WRITE,92725248,4096
901248,process2,WRITE,4009984,4096
901753,process0,WRITE,3104768,4096
901790,process3,WRITE,3538944,4096
901885,process3,WRITE,4403200,4096
902647,process2,WRITE,8589312,4096
903364,process3,WRITE,3444736,4096
904321,process3,WRITE,3047424,4096
904487,process2,WRITE,28672,4096
905467,process0,WRITE,3182592,4096
905684,process0,WRITE,5029888,4096
905755,process2,WRITE,1055563776,4096
906605,process1,WRITE,1208320,4096
907198,process0,WRITE,983040,4096
907586,process2,WRITE,463695872,4096
907744,process3,WRITE,966656,4096
908079,process1,WRITE,1265664,4096
908835,process0,WRITE,8146944,4096
909701,process3,WRITE,9744384,4096
909991,process3,WRITE,3051520,4096
910616,process3,WRITE,500875264,4096
910741,process1,WRITE,10620928,4096
911359,process2,WRITE,10592256,4096
911449,process3,WRITE,6549504,4096
912293,process3,WRITE,2523136,4096
913256,process0,WRITE,622592,4096
914164,process0,WRITE,4026368,4096
914680,process2,WRITE,1945600,4096
915365,process2,WRITE,3452928,4096
916112,process0,WRITE,1085440,4096
916475,process0,WRITE,10391552,4096
916644,process1,WRITE,2760704,4096
916916,process2,WRITE,1744896,4096
917308,process0,WRITE,5320704,4096
917901,process0,WRITE,1183744,4096
918210,process1,WRITE,1236992,4096
919103,process2,WRITE,9011200,4096
919647,process0,WRITE,677367808,4096
920589,process3,WRITE,7593984,4096
921198,process1,WRITE,4440064,4096
921392,process0,WRITE,4956160,4096
922234,process3,WRITE,303104,4096
922616,process1,WRITE,2265088,4096
923013,process0,WRITE,2207744,4096
923968,process2,WRITE,1392640,4096
924538,process1,WRITE,4493312,4096
924857,process2,WRITE,9428992,4096
925558,process1,WRITE,10547200,4096
925857,process2,WRITE,3588096,4096
926318,process3,WRITE,1126400,4096
926606,process3,WRITE,823296,4096
926758,process3,WRITE,6225920,4096
926917,process0,WRITE,2695168,4096
927216,process3,WRITE,8257536,4096
927763,process0,WRITE,5271552,4096
928641,process0,WRITE,6918144,4096
929491,process2,WRITE,2379776,4096
929876,process2,WRITE,10465280,4096
930481,process3,WRITE,10301440,4096
930833,process2,WRITE,5124096,4096
930906,process1,WRITE,7700480,4096
931230,process2,WRITE,6258688,4096
931820,process2,WRITE,1482752,4096
932562,process0,WRITE,672915456,4096
932826,process0,WRITE,8257536,4096
932839,process0,WRITE,7299072,4096
933469,process3,WRITE,9101312,4096
933600,process0,WRITE,167936,4096
933972,process1,WRITE,6680576,4096
934722,process1,WRITE,3584000,4096
935421,process1,WRITE,1679360,4096
935852,process3,WRITE,3923968,4096
936576,process1,WRITE,1646592,4096
936873,process2,WRITE,5242880,4096
937619,process2,WRITE,2695168,4096
937634,process3,WRITE,7905280,4096
938055,process1,WRITE,10375168,4096
938252,process1,WRITE,1933312,4096
939123,process3,WRITE,6246400,4096
939506,process1,WRITE,832372736,4096
939908,process0,WRITE,8601600,4096
940816,process3,WRITE,6561792,4096
941247,process0,WRITE,8953856,4096
941948,process3,WRITE,8810496,4096
942209,process3,WRITE,6705152,4096
942330,process2,WRITE,607416320,4096
942837,process0,WRITE,753664,4096
943782,process3,WRITE,6717440,4096
944587,process3,WRITE,1552384,4096
944829,process2,WRITE,2043904,4096
944987,process1,WRITE,6815744,4096
945331,process1,WRITE,8368128,4096
945769,process1,WRITE,1654784,4096
946497,process2,WRITE,4378624,4096
947477,process2,WRITE,325472256,4096
948323,process0,WRITE,9465856,4096
948344,process3,WRITE,7417856,4096
948491,process3,WRITE,3158016,4096
949100,process2,WRITE,2760704,4096
949454,process0,WRITE,700387328,4096
950235,process2,WRITE,5750784,4096
950970,process2,WRITE,3862528,4096
951780,process1,WRITE,9564160,4096
951956,process2,WRITE,4263936,4096
952069,process0,WRITE,8171520,4096
953032,process3,WRITE,4583424,4096
953260,process0,WRITE,8232960,4096
953719,process2,WRITE,1032192,4096
954233,process0,WRITE,5832704,4096
955105,process0,WRITE,5038080,4096
955575,process0,WRITE,5132288,4096
955911,process2,WRITE,4325376,4096
956347,process3,WRITE,7913472,4096
957256,process1,WRITE,6516736,4096
958213,process2,WRITE,1171456,4096
958787,process1,WRITE,7319552,4096
959135,process3,WRITE,4104192,4096
959947,process2,WRITE,995635200,4096
960650,process2,WRITE,3678208,4096
961261,process2,WRITE,7417856,4096
962176,process3,WRITE,3821568,4096
962576,process0,WRITE,3821568,4096
962737,process3,WRITE,655360,4096
963161,process1,WRITE,6492160,4096
963904,process2,WRITE,7204864,4096
964497,process1,WRITE,787591168,4096
964981,process2,WRITE,10276864,4096
965883,process0,WRITE,5414912,4096
966496,process0,WRITE,6512640,4096
967307,process3,WRITE,6508544,4096
967843,process2,WRITE,931213312,4096
968020,process2,WRITE,4112384,4096
968787,process3,WRITE,8810496,4096
968923,process1,WRITE,6762496,4096
969056,process3,WRITE,3256320,4096
969765,process2,WRITE,9854976,4096
969861,process0,WRITE,4108288,4096
970435,process3,WRITE,10522624,4096
971354,process3,WRITE,8630272,4096
971891,process1,WRITE,9412608,4096
971959,process3,WRITE,5992448,4096
972754,process1,WRITE,1061146624,4096
973372,process1,WRITE,4681728,4096
973832,process0,WRITE,6062080,4096
974397,process1,WRITE,3125248,4096
974684,process2,WRITE,9740288,4096
975371,process2,WRITE,5976064,4096
975877,process3,WRITE,339968,4096
976339,process2,WRITE,7127040,4096
976531,process0,WRITE,9510912,4096
976624,process0,WRITE,1441792,4096
977202,process0,WRITE,523399168,4096
977322,process1,WRITE,6008832,4096
977630,process0,WRITE,248365056,4096
978606,process1,WRITE,2195456,4096
979172,process1,WRITE,1822720,4096
979322,process3,WRITE,1601536,4096
979899,process2,WRITE,585183232,4096
980883,process1,WRITE,7442432,4096
981384,process2,WRITE,10534912,4096
981971,process3,WRITE,9945088,4096
982290,process0,WRITE,1843200,4096
983066,process3,WRITE,5091328,4096
983072,process0,WRITE,778240,4096
983452,process1,WRITE,8171520,4096
983993,process2,WRITE,2256896,4096
984083,process0,WRITE,1105920,4096
984956,process2,WRITE,7372800,4096
985616,process3,WRITE,1826816,4096
986493,process2,WRITE,3575808,4096
987458,process1,WRITE,10563584,4096
987673,process2,WRITE,1014595584,4096
988203,process3,WRITE,8482816,4096
988689,process0,WRITE,6012928,4096
988707,process2,WRITE,3547136,4096
988811,process0,WRITE,356352,4096
989466,process3,WRITE,516096,4096
989599,process1,WRITE,6631424,4096
990350,process1,WRITE,10207232,4096
990580,process2,WRITE,3448832,4096
991445,process3,WRITE,9580544,4096
991944,process3,WRITE,24576,4096
992165,process2,WRITE,5971968,4096
992840,process2,WRITE,430080,4096
993778,process3,WRITE,926961664,4096
994412,process1,WRITE,8069120,4096
995080,process3,WRITE,3543040,4096
995908,process0,WRITE,61440,4096
996463,process3,WRITE,8511488,4096
997331,process1,WRITE,1413120,4096
998098,process3,WRITE,3035136,4096
998745,process2,WRITE,392220672,4096
999500,process1,WRITE,2154496,4096
999887,process3,WRITE,71532544,4096
1000335,process3,WRITE,10379264,4096
1001138,process2,WRITE,8331264,4096
1002086,process2,WRITE,8769536,4096
1002671,process3,WRITE,6369280,4096
1002920,process0,WRITE,799551488,4096
1003520,process2,WRITE,7868416,4096
1004488,process3,WRITE,800649216,4096
1005305,process0,WRITE,1204224,4096
1006016,process0,WRITE,3379200,4096
1006175,process1,WRITE,356929536,4096
1006320,process3,WRITE,154562560,4096
1006327,process1,WRITE,2007040,4096
1006681,process0,WRITE,921600,4096
1007439,process2,WRITE,7610368,4096
1007858,process0,WRITE,415473664,4096
1008749,process3,WRITE,3104768,4096
1009426,process1,WRITE,5189632,4096
1009723,process0,WRITE,10231808,4096
1010602,process1,WRITE,9900032,4096
1010785,process1,WRITE,8245248,4096
1010899,process1,WRITE,573161472,4096
1011621,process1,WRITE,2437120,4096
1012130,process3,WRITE,3182592,4096
1012388,process3,WRITE,7663616,4096
1012461,process2,WRITE,376832,4096
1012942,process1,WRITE,9015296,4096
1013902,process0,WRITE,9150464,4096
1014154,process1,WRITE,456040448,4096
1014636,process3,WRITE,10088448,4096
1015088,process1,WRITE,8687616,4096
1015908,process1,WRITE,5337088,4096
1016034,process3,WRITE,7958528,4096
1016676,process0,WRITE,10477568,4096
1017644,process2,WRITE,192512,4096
1017984,process3,WRITE,5107712,4096
1018812,process1,WRITE,6496256,4096
1019262,process3,WRITE,5218304,4096
1020205,process2,WRITE,3293184,4096
1020258,process1,WRITE,5533696,4096
1020565,process1,WRITE,5931008,4096
1021548,process2,WRITE,3551232,4096
1021685,process2,WRITE,1769472,4096
1021907,process3,WRITE,5750784,4096
1022817,process3,WRITE,368640,4096
1023370,process0,WRITE,732102656,4096
1024321,process2,WRITE,1896448,4096
1024407,process1,WRITE,3076096,4096
1025214,process1,WRITE,9846784,4096
1025447,process3,WRITE,4030464,4096
1025750,process2,WRITE,3489792,4096
1026149,process3,WRITE,8306688,4096
1026306,process0,WRITE,2813952,4096
1026447,process1,WRITE,5251072,4096
1027433,process1,WRITE,1826816,4096
1028377,process3,WRITE,2928640,4096
1028456,process3,WRITE,7172096,4096
1028625,process3,WRITE,4042752,4096
1029530,process1,WRITE,8445952,4096
1030326,process0,WRITE,8364032,4096
1031145,process0,WRITE,4988928,4096
1032018,process3,WRITE,10289152,4096
1032396,process2,WRITE,7499776,4096
1033263,process0,WRITE,1527808,4096
1033332,process0,WRITE,5148672,4096
1034194,process3,WRITE,3764224,4096
1034931,process3,WRITE,9322496,4096
1035248,process2,WRITE,8327168,4096
1036139,process0,WRITE,6270976,4096
1036256,process1,WRITE,9121792,4096
1036612,process2,WRITE,8196096,4096
1037260,process2,WRITE,2035712,4096
1037738,process3,WRITE,4894720,4096
1037925,process1,WRITE,851968,4096
1038402,process2,WRITE,8728576,4096
1038552,process0,WRITE,6455296,4096
1038832,process1,WRITE,1019940864,4096
1039380,process3,WRITE,5922816,4096
1039545,process0,WRITE,2396160,4096
1040260,process1,WRITE,6942720,4096
1040808,process1,WRITE,6717440,4096
1041051,process2,WRITE,1007652864,4096
1041299,process1,WRITE,3485696,4096
1041678,process0,WRITE,372736,4096
1042302,process2,WRITE,6897664,4096
1043220,process1,WRITE,3301376,4096
1043796,process1,WRITE,5472256,4096
1043933,process2,WRITE,5271552,4096
1044071,process2,WRITE,6090752,4096
1044691,process3,WRITE,4575232,4096
1044838,process2,WRITE,6164480,4096
1045265,process0,WRITE,6451200,4096
1045363,process1,WRITE,5890048,4096
1046093,process2,WRITE,6651904,4096
1046263,process1,WRITE,1273856,4096
1047030,process3,WRITE,6602752,4096
1047799,process3,WRITE,7843840,4096
1048524,process3,WRITE,322981888,4096
1048681,process2,WRITE,10203136,4096
1048707,process0,WRITE,8032256,4096
1049545,process3,WRITE,270336,4096
1050070,process1,WRITE,2330624,4096
1050173,process0,WRITE,6696960,4096
1051018,process0,WRITE,6348800,4096
1051772,process0,WRITE,2269184,4096
1051794,process2,WRITE,2445312,4096
1052084,process2,WRITE,10248192,4096
1052162,process1,WRITE,69632,4096
1053070,process1,WRITE,3555328,4096
1053968,process3,WRITE,733184,4096
1054045,process0,WRITE,9474048,4096
1054416,process0,WRITE,5111808,4096
1054681,process0,WRITE,3473408,4096
1055352,process2,WRITE,7806976,4096
1055366,process1,WRITE,10575872,4096
1055972,process0,WRITE,2732032,4096
1056839,process0,WRITE,1015808,4096
1057709,process2,WRITE,6623232,4096
1058638,process2,WRITE,626688,4096
1059419,process2,WRITE,65536,4096
1060309,process3,WRITE,964337664,4096
1060455,process3,WRITE,413696,4096
1060744,process0,WRITE,1921024,4096
1061348,process3,WRITE,5103616,4096
1061738,process0,WRITE,1802240,4096
1062448,process1,WRITE,10108928,4096
1063162,process2,WRITE,8486912,4096
1064079,process1,WRITE,4313088,4096
1064773,process3,WRITE,8839168,4096
1065390,process2,WRITE,4407296,4096
1065962,process1,WRITE,5226496,4096
1066321,process0,WRITE,8630272,4096
1066790,process1,WRITE,9121792,4096
1066832,process0,WRITE,4222976,4096
1067272,process2,WRITE,10280960,4096
1068201,process1,WRITE,5386240,4096
1068797,process2,WRITE,5427200,4096
1069076,process2,WRITE,4431872,4096
1069263,process1,WRITE,5701632,4096
1069458,process1,WRITE,9453568,4096
1069593,process2,WRITE,2662400,4096
1069672,process2,WRITE,857780224,4096
1069824,process2,WRITE,8925184,4096
1069876,process2,WRITE,6701056,4096
1070034,process0,WRITE,573440,4096
1070256,process1,WRITE,8204288,4096
1070710,process0,WRITE,10047488,4096
1071383,process3,WRITE,10477568,4096
1071601,process2,WRITE,5525504,4096
1071699,process3,WRITE,835584,4096
1072360,process3,WRITE,208896,4096
1072916,process0,WRITE,983040,4096
1073909,process3,WRITE,10383360,4096
1074909,process1,WRITE,6914048,4096
1075859,process0,WRITE,5619712,4096
1076731,process2,WRITE,993157120,4096
1076869,process2,WRITE,5365760,4096
1077015,process2,WRITE,5136384,4096
1077209,process0,WRITE,2228224,4096
1077559,process3,WRITE,745439232,4096
1078247,process3,WRITE,7864320,4096
1079139,process1,WRITE,9121792,4096
1079434,process0,WRITE,9084928,4096
1079915,process1,WRITE,121176064,4096
1080676,process3,WRITE,3928064,4096
1081430,process3,WRITE,241664,4096
1081981,process3,WRITE,9166848,4096
1082730,process1,WRITE,864256,4096
1083532,process1,WRITE,7757824,4096
1084135,process0,WRITE,634880,4096
1084192,process0,WRITE,3997696,4096
1084505,process1,WRITE,6676480,4096
1084997,process0,WRITE,6012928,4096
1085671,process1,WRITE,861347840,4096
1086444,process2,WRITE,512000,4096
1086536,process2,WRITE,5066752,4096
1087340,process3,WRITE,3715072,4096
1087895,process0,WRITE,4104192,4096
1088301,process3,WRITE,1843200,4096
1088692,process0,WRITE,7999488,4096
1089107,process0,WRITE,7761920,4096
1089537,process2,WRITE,7180288,4096
1089670,process2,WRITE,6250496,4096
1090212,process0,WRITE,949501952,4096
1090819,process3,WRITE,5644288,4096
1091650,process2,WRITE,2322432,4096
1092107,process0,WRITE,4542464,4096
1092794,process0,WRITE,860160,4096
1093121,process0,WRITE,331776,4096
1094003,process0,WRITE,3866624,4096
1094133,process3,WRITE,1847296,4096
1095098,process0,WRITE,10489856,4096
1095946,process1,WRITE,2232320,4096
1096031,process2,WRITE,942080,4096
1096938,process1,WRITE,9342976,4096
1097902,process0,WRITE,3186688,4096
1098448,process1,WRITE,9285632,4096
1099159,process3,WRITE,695750656,4096
1099980,process1,WRITE,3805184,4096
1100343,process1,WRITE,2736128,4096
1101008,process2,WRITE,5410816,4096
1101125,process1,WRITE,9572352,4096
1101336,process0,WRITE,253952,4096
1101701,process1,WRITE,5083136,4096
1102091,process2,WRITE,3424256,4096
1102727,process3,WRITE,1130496,4096
1103061,process2,WRITE,6868992,4096
1103615,process2,WRITE,6868992,4096
1103738,process0,WRITE,1040261120,4096
1103923,process1,WRITE,7909376,4096
1104365,process3,WRITE,3076096,4096
1105233,process3,WRITE,2551808,4096
1106022,process3,WRITE,4468736,4096
1106748,process3,WRITE,1794048,4096
1107002,process2,WRITE,7147520,4096
1107426,process0,WRITE,4050944,4096
1107744,process0,WRITE,1306624,4096
1108576,process1,WRITE,7114752,4096
1108769,process2,WRITE,5459968,4096
1109016,process1,WRITE,3072000,4096
1109330,process3,WRITE,1916928,4096
1109375,process0,WRITE,2170880,4096
1109770,process3,WRITE,9383936,4096
1110424,process0,WRITE,2064384,4096
1110784,process1,WRITE,7639040,4096
1111579,process2,WRITE,1392640,4096
1111704,process0,WRITE,708608,4096
1111709,process2,WRITE,7385088,4096
1112163,process3,WRITE,655360,4096
1112507,process1,WRITE,3231744,4096
1112764,process0,WRITE,4763648,4096
1113270,process0,WRITE,4550656,4096
1114048,process0,WRITE,127033344,4096
1114868,process0,WRITE,10223616,4096
1115743,process1,WRITE,3469312,4096
1116587,process1,WRITE,2600960,4096
1117227,process1,WRITE,4481024,4096
1117774,process0,WRITE,8015872,4096
1117986,process2,WRITE,3985408,4096
1118701,process2,WRITE,2760704,4096
1119563,process0,WRITE,6053888,4096
1119793,process1,WRITE,4706304,4096
1119914,process2,WRITE,921600,4096
1120446,process2,WRITE,1798144,4096
1121008,process3,WRITE,8097792,4096
1121838,process1,WRITE,2813952,4096
1122149,process3,WRITE,10407936,4096
1122473,process2,WRITE,10121216,4096
1123380,process3,WRITE,6807552,4096
1124009,process3,WRITE,3805184,4096
1124070,process1,WRITE,4820992,4096
1124738,process0,WRITE,2179072,4096
1125678,process1,WRITE,5890048,4096
1125728,process1,WRITE,9367552,4096
1126490,process0,WRITE,6340608,4096
1126643,process2,WRITE,5713920,4096
1127066,process3,WRITE,729088,4096
1127419,process0,WRITE,155648,4096
1127548,process0,WRITE,8220672,4096
1127849,process1,WRITE,3698688,4096
1128685,process0,WRITE,728793088,4096
1128823,process0,WRITE,788398080,4096
1129379,process2,WRITE,10506240,4096
1129545,process2,WRITE,3944448,4096
1130069,process1,WRITE,402362368,4096
1130572,process3,WRITE,2965504,4096
1131202,process1,WRITE,8024064,4096
1131534,process1,WRITE,4284416,4096
1131663,process0,WRITE,1028096,4096
1132212,process0,WRITE,5808128,4096
1132841,process0,WRITE,10309632,4096
1133478,process3,WRITE,6275072,4096
1134159,process1,WRITE,5439488,4096
1134905,process0,WRITE,732020736,4096
1135361,process1,WRITE,6975488,4096
1135430,process3,WRITE,4902912,4096
1135520,process3,WRITE,1486848,4096
1136345,process1,WRITE,624709632,4096
1136733,process0,WRITE,3035136,4096
1137132,process2,WRITE,10354688,4096
1137145,process2,WRITE,147456,4096
1137876,process0,WRITE,4202496,4096
1138252,process3,WRITE,9289728,4096
1139230,process2,WRITE,5431296,4096
1140078,process2,WRITE,6266880,4096
1141046,process2,WRITE,1441792,4096
1141760,process1,WRITE,459943936,4096
1142178,process3,WRITE,121495552,4096
1142478,process3,WRITE,3981312,4096
1142621,process2,WRITE,524288,4096
1143162,process1,WRITE,390119424,4096
1144141,process3,WRITE,4980736,4096
1145089,process1,WRITE,1945600,4096
1145638,process3,WRITE,6221824,4096
1146180,process1,WRITE,9392128,4096
1146585,process2,WRITE,7831552,4096
1146975,process3,WRITE,5664768,4096
1147269,process0,WRITE,2572288,4096
1147644,process0,WRITE,10297344,4096
1147770,process2,WRITE,929792,4096
1148611,process1,WRITE,8646656,4096
1148831,process1,WRITE,6557696,4096
1149004,process1,WRITE,7516160,4096
1149125,process0,WRITE,2719744,4096
1149195,process0,WRITE,90812416,4096
1149950,process1,WRITE,729088,4096
1150145,process2,WRITE,6090752,4096
1150571,process3,WRITE,6684672,4096
1151311,process3,WRITE,7970816,4096
1151696,process2,WRITE,7462912,4096
1152248,process2,WRITE,6635520,4096
1153024,process1,WRITE,8159232,4096
1153989,process1,WRITE,350318592,4096
1154180,process1,WRITE,3203072,4096
1155025,process0,WRITE,3989504,4096
1155466,process1,WRITE,7929856,4096
1156109,process2,WRITE,10432512,4096
1156963,process3,WRITE,5275648,4096
1157159,process2,WRITE,4653056,4096
1157374,process0,WRITE,452415488,4096
1158314,process1,WRITE,1961984,4096
1158669,process3,WRITE,9285632,4096
1159420,process2,WRITE,380928,4096
1159858,process2,WRITE,4395008,4096
1160732,process2,WRITE,10440704,4096
1161698,process2,WRITE,4378624,4096
1161981,process2,WRITE,10498048,4096
1161983,process2,WRITE,237568,4096
1162627,process3,WRITE,970387456,4096
1163331,process0,WRITE,5439488,4096
1164016,process0,WRITE,4493312,4096
1164711,process3,WRITE,2973696,4096
1164987,process2,WRITE,9162752,4096
1165698,process0,WRITE,815104,4096
1165713,process3,WRITE,2449408,4096
1166440,process2,WRITE,9068544,4096
1167215,process3,WRITE,6078464,4096
1167607,process3,WRITE,445407232,4096
1168177,process2,WRITE,3973120,4096
1168721,process0,WRITE,5189632,4096
1169039,process3,WRITE,128016384,4096
1169936,process2,WRITE,8052736,4096
1170199,process0,WRITE,5865472,4096
1170610,process0,WRITE,492695552,4096
1171487,process0,WRITE,3125248,4096
1171712,process2,WRITE,8617984,4096
1172502,process3,WRITE,1794048,4096
1172968,process0,WRITE,9637888,4096
1173347,process2,WRITE,3317760,4096
1174303,process3,WRITE,463740928,4096
1175270,process3,WRITE,627585024,4096
1175739,process1,WRITE,102400,4096
1176729,process1,WRITE,356352,4096
1177630,process3,WRITE,1290240,4096
1178314,process0,WRITE,897024,4096
1179263,process3,WRITE,244740096,4096
1179937,process1,WRITE,6508544,4096
1180253,process3,WRITE,5341184,4096
1181182,process0,WRITE,7049216,4096
1181786,process1,WRITE,10141696,4096
1182242,process0,WRITE,6254592,4096
1182516,process1,WRITE,9187328,4096
1183480,process3,WRITE,262144,4096
1183882,process2,WRITE,1597440,4096
1184607,process2,WRITE,3141632,4096
1184908,process3,WRITE,3141632,4096
1185042,process1,WRITE,4952064,4096
1185156,process2,WRITE,6459392,4096
1185505,process2,WRITE,3117056,4096
1186007,process0,WRITE,632135680,4096
1186522,process2,WRITE,302985216,4096
1187294,process3,WRITE,7090176,4096
1187633,process1,WRITE,633946112,4096
1188036,process1,WRITE,9527296,4096
1188803,process0,WRITE,2813952,4096
1189649,process3,WRITE,9375744,4096
1189838,process2,WRITE,2555904,4096
1190117,process1,WRITE,4161536,4096
1191008,process1,WRITE,8577024,4096
1191426,process2,WRITE,4173824,4096
1191839,process0,WRITE,8155136,4096
1192392,process0,WRITE,4886528,4096
1193214,process3,WRITE,2416640,4096
1193257,process3,WRITE,4485120,4096
1193507,process3,WRITE,5451776,4096
1193990,process0,WRITE,8724480,4096
1194855,process0,WRITE,2170880,4096
1195045,process3,WRITE,2957312,4096
1195787,process1,WRITE,2072576,4096
1195921,process1,WRITE,7598080,4096
1196777,process0,WRITE,6557696,4096
1196943,process1,WRITE,1597440,4096
1197625,process0,WRITE,849502208,4096
1197627,process2,WRITE,7729152,4096
1198252,process1,WRITE,820314112,4096
1198883,process3,WRITE,10575872,4096
1199239,process2,WRITE,6918144,4096
1199452,process1,WRITE,261369856,4096
1200337,process0,WRITE,1728512,4096
1200781,process0,WRITE,9043968,4096
1201233,process2,WRITE,6615040,4096
1201586,process0,WRITE,8019968,4096
1202325,process1,WRITE,8142848,4096
1202859,process1,WRITE,2838528,4096
1203300,process3,WRITE,3862528,4096
1203316,process0,WRITE,4497408,4096
1203681,process1,WRITE,1720320,4096
1203756,process1,WRITE,842399744,4096
1204736,process3,WRITE,2506752,4096
1205474,process0,WRITE,696320,4096
1206134,process2,WRITE,6254592,4096
1206252,process1,WRITE,58974208,4096
1206264,process2,WRITE,10231808,4096
1206827,process0,WRITE,2101248,4096
1206992,process1,WRITE,237568,4096
1207016,process0,WRITE,6844416,4096
1207470,process3,WRITE,814313472,4096
1207882,process0,WRITE,9252864,4096
1208356,process3,WRITE,6520832,4096
1209197,process0,WRITE,10715136,4096
1210174,process1,WRITE,315392,4096
1210231,process3,WRITE,8413184,4096
1211016,process1,WRITE,8273920,4096
1211549,process0,WRITE,6017024,4096
1211567,process3,WRITE,10244096,4096
1212230,process2,WRITE,8585216,4096
1212924,process2,WRITE,7417856,4096
1213501,process2,WRITE,7528448,4096
1214301,process2,WRITE,7172096,4096
1215099,process0,WRITE,9510912,4096
1215718,process2,WRITE,408530944,4096
1215992,process0,WRITE,3059712,4096
1216520,process3,WRITE,2994176,4096
1216535,process1,WRITE,3289088,4096
1217113,process1,WRITE,1925120,4096
1217484,process1,WRITE,552960,4096
1217612,process1,WRITE,9957376,4096
1218161,process1,WRITE,905216,4096
1218310,process3,WRITE,9736192,4096
1218986,process0,WRITE,8515584,4096
1219872,process3,WRITE,8146944,4096
1220615,process1,WRITE,1220608,4096
1221014,process0,WRITE,4820992,4096
1221863,process3,WRITE,3014656,4096
1222779,process2,WRITE,9830400,4096
1223454,process2,WRITE,311091200,4096
1223770,process0,WRITE,919134208,4096
1224076,process1,WRITE,8818688,4096
1224580,process2,WRITE,7077888,4096
1225132,process1,WRITE,5189632,4096
1225865,process0,WRITE,999424,4096
1226120,process0,WRITE,1654784,4096
1226505,process0,WRITE,2056192,4096
1227275,process1,WRITE,1499136,4096
1227700,process3,WRITE,5304320,4096
1227756,process0,WRITE,1396736,4096
1228062,process1,WRITE,8224768,4096
1228482,process0,WRITE,6426624,4096
1228874,process3,WRITE,421748736,4096
1229572,process1,WRITE,4808704,4096
1229732,process2,WRITE,851968,4096
1229871,process3,WRITE,3899392,4096
1230796,process0,WRITE,10461184,4096
1231267,process1,WRITE,3207168,4096
1231591,process2,WRITE,6660096,4096
1232073,process1,WRITE,8007680,4096
1232591,process2,WRITE,1449984,4096
1232881,process1,WRITE,4403200,4096
1233555,process3,WRITE,6848512,4096
1233828,process0,WRITE,499130368,4096
1234644,process0,WRITE,1908736,4096
1234721,process2,WRITE,663552,4096
1235360,process3,WRITE,4124672,4096
1235964,process2,WRITE,888832,4096
1236323,process2,WRITE,7598080,4096
1236554,process1,WRITE,5017600,4096
1237281,process3,WRITE,6414336,4096
1237683,process1,WRITE,3399680,4096
1238558,process2,WRITE,5021696,4096
1238793,process0,WRITE,850120704,4096
1239592,process0,WRITE,8794112,4096
1240457,process1,WRITE,9740288,4096
1241374,process2,WRITE,3907584,4096
1241582,process3,WRITE,2670592,4096
1242542,process3,WRITE,7266304,4096
1243185,process1,WRITE,1204224,4096
1243333,process2,WRITE,7708672,4096
1243923,process3,WRITE,382746624,4096
1244165,process1,WRITE,4804608,4096
1244800,process3,WRITE,10485760,4096
1245593,process1,WRITE,6864896,4096
1245878,process3,WRITE,859815936,4096
1246520,process0,WRITE,3612672,4096
1247230,process1,WRITE,4288512,4096
1247459,process2,WRITE,7532544,4096
1247517,process2,WRITE,7704576,4096
1247653,process1,WRITE,3362816,4096
1248358,process2,WRITE,643072,4096
1248857,process2,WRITE,7307264,4096
1249142,process1,WRITE,135168,4096
1249674,process2,WRITE,699650048,4096
1250568,process3,WRITE,274432,4096
1251286,process2,WRITE,7024640,4096
1251848,process0,WRITE,532480,4096
1252791,process2,WRITE,647168,4096
1253222,process3,WRITE,6914048,4096
1254160,process3,WRITE,2613248,4096
1254523,process0,WRITE,9064448,4096
1255135,process0,WRITE,4968448,4096
1255197,process2,WRITE,1507328,4096
1255357,process2,WRITE,6295552,4096
1255449,process0,WRITE,1400832,4096
1255575,process2,WRITE,4161536,4096
1256505,process1,WRITE,2142208,4096
1256534,process2,WRITE,10133504,4096
1257459,process3,WRITE,905216,4096
1258255,process3,WRITE,839680,4096
1259181,process2,WRITE,4874240,4096
1259995,process3,WRITE,1982464,4096
1260092,process1,WRITE,2805760,4096
1260503,process3,WRITE,7847936,4096
1261088,process1,WRITE,10555392,4096
1261780,process2,WRITE,4358144,4096
1262705,process1,WRITE,5816320,4096
1262724,process0,WRITE,3702784,4096
1263434,process3,WRITE,2289664,4096
1264395,process0,WRITE,6340608,4096
1265388,process2,WRITE,7188480,4096
1265692,process0,WRITE,8007680,4096
1266304,process3,WRITE,8097792,4096
1266777,process2,WRITE,6111232,4096
1267226,process0,WRITE,4378624,4096
1268215,process0,WRITE,1388544,4096
1269085,process1,WRITE,2809856,4096
1269379,process3,WRITE,307200,4096
1270346,process1,WRITE,1077248,4096
1270888,process0,WRITE,7475200,4096
1271860,process1,WRITE,4694016,4096
1272046,process2,WRITE,1683456,4096
1272365,process3,WRITE,7389184,4096
1273249,process0,WRITE,7507968,4096
1273857,process2,WRITE,1478656,4096
1274270,process3,WRITE,6967296,4096
1274383,process2,WRITE,8421376,4096
1275353,process0,WRITE,5132288,4096
1275447,process0,WRITE,237568,4096
1276028,process3,WRITE,1990656,4096
1276043,process3,WRITE,3268608,4096
1276353,process2,WRITE,10358784,4096
1276679,process1,WRITE,7245824,4096
1276774,process2,WRITE,7184384,4096
1277566,process3,WRITE,290816,4096
1277817,process3,WRITE,8712192,4096
1278814,process0,WRITE,2494464,4096
1279309,process0,WRITE,10199040,4096
1279323,process1,WRITE,466944,4096
1280044,process3,WRITE,3862528,4096
1280126,process2,WRITE,4329472,4096
1280308,process1,WRITE,5242880,4096
1281050,process3,WRITE,2068480,4096
1281614,process3,WRITE,4063232,4096
1282270,process0,WRITE,2576384,4096
1282921,process2,WRITE,7184384,4096
1283147,process0,WRITE,576032768,4096
1283148,process1,WRITE,8777728,4096
1283517,process0,WRITE,6955008,4096
1283669,process2,WRITE,4755456,4096
1284453,process1,WRITE,7081984,4096
1285093,process1,WRITE,3309568,4096
1285282,process2,WRITE,3915776,4096
1286006,process3,WRITE,7524352,4096
1286175,process1,WRITE,3190784,4096
1287017,process1,WRITE,1536000,4096
1287676,process3,WRITE,5869568,4096
1288351,process0,WRITE,7696384,4096
1289334,process1,WRITE,1028096,4096
1289458,process3,WRITE,6316032,4096
1290365,process2,WRITE,8794112,4096
1290509,process1,WRITE,1437696,4096
1290817,process0,WRITE,5513216,4096
1291088,process3,WRITE,3780608,4096
1291548,process1,WRITE,2539520,4096
1292055,process1,WRITE,1740800,4096
1292621,process1,WRITE,5390336,4096
1292914,process0,WRITE,9699328,4096
1293534,process3,WRITE,293253120,4096
1294261,process0,WRITE,6049792,4096
1294563,process2,WRITE,280076288,4096
1295246,process0,WRITE,5808128,4096
1295311,process3,WRITE,5177344,4096
1296300,process3,WRITE,1249280,4096
1296368,process1,WRITE,5857280,4096
1296916,process2,WRITE,830443520,4096
1296966,process0,WRITE,749903872,4096
1297366,process2,WRITE,417792,4096
1297699,process1,WRITE,3338240,4096
1298004,process2,WRITE,1499136,4096
1298166,process1,WRITE,819200,4096
1298704,process2,WRITE,7733248,4096
1299553,process1,WRITE,9723904,4096
1299979,process2,WRITE,958464,4096
1300267,process3,WRITE,6639616,4096
1300929,process2,WRITE,245702656,4096
1301578,process2,WRITE,2768896,4096
1301652,process2,WRITE,1548288,4096
1302626,process1,WRITE,3575808,4096
1302633,process3,WRITE,10342400,4096
1303122,process0,WRITE,1961984,4096
1303318,process3,WRITE,5214208,4096
1304202,process0,WRITE,3067904,4096
1304757,process0,WRITE,4268032,4096
1305128,process0,WRITE,399118336,4096
1305938,process3,WRITE,8097792,4096
1306581,process2,WRITE,2048000,4096
1307567,process0,WRITE,6905856,4096
1308058,process0,WRITE,9334784,4096
1308431,process0,WRITE,899837952,4096
1308441,process3,WRITE,3661824,4096
1308460,process0,WRITE,8916992,4096
1308574,process3,WRITE,1904640,4096
1308965,process0,WRITE,8515584,4096
1309914,process2,WRITE,9347072,4096
1310063,process2,WRITE,6963200,4096
1310430,process1,WRITE,8019968,4096
1311083,process1,WRITE,10592256,4096
1311953,process1,WRITE,9338880,4096
1312758,process0,WRITE,1290240,4096
1312767,process0,WRITE,7258112,4096
1313612,process1,WRITE,9932800,4096
1314034,process2,WRITE,3284992,4096
1314656,process3,WRITE,3571712,4096
1315529,process1,WRITE,5910528,4096
1316004,process1,WRITE,8241152,4096
1316418,process0,WRITE,1724416,4096
1317090,process1,WRITE,3575808,4096
1318041,process1,WRITE,4284416,4096
1318855,process3,WRITE,1863680,4096
1319673,process1,WRITE,8454144,4096
1319873,process3,WRITE,10678272,4096
1320688,process3,WRITE,9502720,4096
1321530,process0,WRITE,3829760,4096
1322183,process2,WRITE,8671232,4096
1322485,process1,WRITE,2572288,4096
1323012,process1,WRITE,3039232,4096
1323413,process3,WRITE,7163904,4096
1324196,process0,WRITE,1773568,4096
1324302,process2,WRITE,4079616,4096
1325122,process2,WRITE,2080768,4096
1325555,process1,WRITE,4853760,4096
1326119,process3,WRITE,3465216,4096
1327104,process2,WRITE,1032192,4096
1328003,process3,WRITE,7598080,4096
1328490,process3,WRITE,5545984,4096
1328840,process2,WRITE,2125824,4096
1329187,process0,WRITE,2981888,4096
1329351,process1,WRITE,4038656,4096
1330137,process0,WRITE,6918144,4096
1330576,process1,WRITE,1880064,4096
1330900,process3,WRITE,2748416,4096
1331203,process1,WRITE,211906560,4096
1331916,process3,WRITE,10543104,4096
1332828,process0,WRITE,2506752,4096
1333066,process1,WRITE,151552,4096
1333655,process0,WRITE,5341184,4096
1334526,process0,WRITE,10018816,4096
1335035,process0,WRITE,282685440,4096
1335642,process3,WRITE,203763712,4096
1336493,process0,WRITE,10215424,4096
1336790,process2,WRITE,1105920,4096
1337301,process3,WRITE,7835648,4096
1337954,process0,WRITE,1777664,4096
1338241,process1,WRITE,112480256,4096
1339187,process1,WRITE,5746688,4096
1339997,process3,WRITE,4415488,4096
1340090,process2,WRITE,6385664,4096
1340955,process1,WRITE,7827456,4096
1341836,process2,WRITE,400318464,4096
1342744,process1,WRITE,1892352,4096
1343136,process0,WRITE,8826880,4096
1343880,process1,WRITE,6660096,4096
1344188,process1,WRITE,5914624,4096
1344696,process0,WRITE,6303744,4096
1345208,process1,WRITE,6221824,4096
1345984,process3,WRITE,7716864,4096
1346751,process2,WRITE,3072000,4096
1347082,process3,WRITE,213876736,4096
1347358,process0,WRITE,9748480,4096
1347844,process1,WRITE,4481024,4096
1347876,process0,WRITE,966656,4096
1348853,process3,WRITE,802816,4096
1348986,process2,WRITE,6791168,4096
1349224,process1,WRITE,9285632,4096
1349760,process1,WRITE,2826240,4096
1350062,process1,WRITE,6868992,4096
1350201,process2,WRITE,512483328,4096
1350666,process1,WRITE,9908224,4096
1351455,process0,WRITE,8249344,4096
1352155,process3,WRITE,618496,4096
1352322,process2,WRITE,9650176,4096
1352476,process3,WRITE,1236992,4096
1352681,process0,WRITE,7106560,4096
1353665,process3,WRITE,8376320,4096
1354072,process2,WRITE,8544256,4096
1355055,process1,WRITE,2486272,4096
1355443,process3,WRITE,5033984,4096
1355801,process2,WRITE,5627904,4096
1356739,process3,WRITE,507904,4096
1357340,process3,WRITE,4534272,4096
1357610,process2,WRITE,376549376,4096
1357868,process2,WRITE,9793536,4096
1358707,process0,WRITE,7671808,4096
1359542,process3,WRITE,458752,4096
1359867,process0,WRITE,4931584,4096
1359905,process0,WRITE,2871296,4096
1360485,process2,WRITE,1265664,4096
1360740,process0,WRITE,8110080,4096
1361575,process1,WRITE,7843840,4096
1362168,process2,WRITE,6234112,4096
1363106,process3,WRITE,4653056,4096
1363198,process3,WRITE,6012928,4096
1364097,process2,WRITE,8224768,4096
1364794,process1,WRITE,2084864,4096
1365088,process1,WRITE,6754304,4096
1365145,process0,WRITE,991232,4096
1365810,process0,WRITE,3858432,4096
1366579,process1,WRITE,9715712,4096
1367537,process3,WRITE,9076736,4096
1367883,process0,WRITE,1327104,4096
1368846,process3,WRITE,10534912,4096
1369586,process0,WRITE,5287936,4096
1369884,process3,WRITE,7106560,4096
1370386,process2,WRITE,903606272,4096
1370867,process1,WRITE,2052096,4096
1371469,process3,WRITE,10514432,4096
1372049,process2,WRITE,8867840,4096
1372134,process2,WRITE,909312,4096
1372605,process1,WRITE,5156864,4096
1373153,process0,WRITE,3817472,4096
1374132,process2,WRITE,4857856,4096
1374364,process2,WRITE,2318336,4096
1374585,process2,WRITE,8798208,4096
1374936,process1,WRITE,9977856,4096
1375548,process3,WRITE,551059456,4096
1375560,process0,WRITE,3588096,4096
1376483,process3,WRITE,8777728,4096
1377272,process0,WRITE,7008256,4096
1377370,process0,WRITE,2392064,4096
1377444,process0,WRITE,3366912,4096
1377498,process0,WRITE,2846720,4096
1378110,process3,WRITE,231165952,4096
1378822,process2,WRITE,1261568,4096
1379143,process0,WRITE,7573504,4096
1379243,process2,WRITE,314191872,4096
1379291,process0,WRITE,1499136,4096
1379991,process0,WRITE,1273856,4096
1380461,process1,WRITE,3354624,4096
1381336,process2,WRITE,11976704,4096
1381712,process2,WRITE,8208384,4096
1381858,process2,WRITE,7401472,4096
1381908,process1,WRITE,1859584,4096
1382140,process2,WRITE,1261568,4096
1382582,process0,WRITE,9170944,4096
1383404,process3,WRITE,3596288,4096
1383851,process2,WRITE,7757824,4096
1384686,process0,WRITE,10100736,4096
1385040,process1,WRITE,3416064,4096
1385736,process3,WRITE,904609792,4096
1386387,process3,WRITE,4030464,4096
1387091,process0,WRITE,4640768,4096
1387199,process0,WRITE,7237632,4096
1387635,process2,WRITE,9080832,4096
1388429,process2,WRITE,315858944,4096
1388729,process1,WRITE,315392,4096
1388876,process0,WRITE,4063232,4096
1389374,process1,WRITE,3952640,4096
1389839,process3,WRITE,1871872,4096
1390126,process3,WRITE,9986048,4096
1390167,process0,WRITE,3289088,4096
1390697,process3,WRITE,3817472,4096
1391528,process0,WRITE,3411968,4096
1392312,process3,WRITE,1069056,4096
1392589,process3,WRITE,4952064,4096
1393512,process0,WRITE,348200960,4096
1394367,process0,WRITE,5558272,4096
1394505,process1,WRITE,171757568,4096
1394634,process0,WRITE,4493312,4096
1394835,process3,WRITE,1269760,4096
1395278,process2,WRITE,10121216,4096
1395524,process2,WRITE,7925760,4096
1396378,process2,WRITE,8146944,4096
1396843,process2,WRITE,4165632,4096
1396885,process2,WRITE,8290304,4096
1397231,process3,WRITE,298582016,4096
1397571,process0,WRITE,5402624,4096
1397990,process3,WRITE,524288,4096
1398921,process3,WRITE,4677632,4096
1399780,process2,WRITE,8404992,4096
1400335,process0,WRITE,6336512,4096
1400522,process1,WRITE,3395584,4096
1400652,process1,WRITE,6963200,4096
1401288,process2,WRITE,905216,4096
1401671,process1,WRITE,689152000,4096
1402336,process1,WRITE,7815168,4096
1402537,process0,WRITE,9170944,4096
1403115,process3,WRITE,9732096,4096
1403283,process0,WRITE,4161536,4096
1403540,process0,WRITE,4583424,4096
1403618,process2,WRITE,151552,4096
1404097,process3,WRITE,1548288,4096
1404703,process0,WRITE,122392576,4096
1405629,process1,WRITE,2928640,4096
1405770,process3,WRITE,10694656,4096
1406111,process0,WRITE,10719232,4096
1406140,process1,WRITE,10350592,4096
1406392,process2,WRITE,5271552,4096
1407385,process1,WRITE,3514368,4096
1407608,process2,WRITE,8777728,4096
1407725,process1,WRITE,73728,4096
1408266,process0,WRITE,726986752,4096
1408734,process3,WRITE,2478080,4096
1409189,process2,WRITE,3350528,4096
1409351,process3,WRITE,2981888,4096
1410092,process0,WRITE,1748992,4096
1410276,process1,WRITE,8130560,4096
1411148,process2,WRITE,2723840,4096
1411231,process3,WRITE,1576960,4096
1411297,process0,WRITE,1029025792,4096
1411937,process2,WRITE,5709824,4096
1412824,process1,WRITE,719876096,4096
1412937,process1,WRITE,6172672,4096
1412999,process3,WRITE,4845568,4096
1413589,process1,WRITE,5939200,4096
1413737,process0,WRITE,139264,4096
1414284,process2,WRITE,2371584,4096
1415040,process3,WRITE,9846784,4096
1416002,process3,WRITE,10129408,4096
1416534,process1,WRITE,2105344,4096
1417390,process3,WRITE,6291456,4096
1417434,process3,WRITE,10629120,4096
1418291,process2,WRITE,73728,4096
1418689,process1,WRITE,7122944,4096
1419515,process2,WRITE,4120576,4096
1420068,process1,WRITE,786432,4096
1420163,process2,WRITE,2306048,4096
1420965,process3,WRITE,10485760,4096
1421087,process3,WRITE,9658368,4096
1421464,process3,WRITE,3276800,4096
1422226,process0,WRITE,5660672,4096
1422828,process2,WRITE,2805760,4096
1422902,process2,WRITE,5156864,4096
1422949,process2,WRITE,8073216,4096
1423096,process2,WRITE,8720384,4096
1423872,process2,WRITE,53248,4096
1424495,process3,WRITE,9060352,4096
1425283,process3,WRITE,2359296,4096
1426217,process0,WRITE,8257536,4096
1426796,process0,WRITE,8318976,4096
1427267,process3,WRITE,8192,4096
1427517,process2,WRITE,3055616,4096
1428175,process2,WRITE,8908800,4096
1428488,process3,WRITE,821456896,4096
1428774,process0,WRITE,5627904,4096
1429042,process3,WRITE,9592832,4096
1429784,process1,WRITE,1298432,4096
1430037,process2,WRITE,417792,4096
1430120,process2,WRITE,10313728,4096
1430285,process0,WRITE,8966144,4096
1430840,process1,WRITE,4534272,4096
1431207,process2,WRITE,892928,4096
1431624,process3,WRITE,49152,4096
1432501,process2,WRITE,6340608,4096
1432803,process3,WRITE,8572928,4096
1433262,process2,WRITE,10354688,4096
1433363,process1,WRITE,5320704,4096
1434211,process3,WRITE,7147520,4096
1434692,process0,WRITE,3944448,4096
1435230,process3,WRITE,970752,4096
1436050,process1,WRITE,2031616,4096
1436598,process1,WRITE,3407872,4096
1436732,process0,WRITE,9302016,4096
1436802,process1,WRITE,605245440,4096
1437199,process2,WRITE,1572864,4096
1438090,process2,WRITE,8073216,4096
1438373,process3,WRITE,6508544,4096
1439042,process2,WRITE,6336512,4096
1439160,process1,WRITE,733429760,4096
1439268,process2,WRITE,6713344,4096
1439643,process1,WRITE,516096,4096
1440552,process2,WRITE,7299072,4096
1440700,process2,WRITE,1564672,4096
1440848,process3,WRITE,9097216,4096
1441602,process2,WRITE,6033408,4096
1442441,process3,WRITE,9408512,4096
1443205,process2,WRITE,3252224,4096
1443708,process2,WRITE,5292032,4096
1444494,process0,WRITE,2859008,4096
1444872,process0,WRITE,348160,4096
1445143,process0,WRITE,952700928,4096
1445469,process2,WRITE,3821568,4096
1445745,process0,WRITE,1024946176,4096
1446738,process0,WRITE,1323008,4096
1447524,process3,WRITE,2433024,4096
1447755,process2,WRITE,305672192,4096
1448284,process2,WRITE,7327744,4096
1448866,process2,WRITE,10645504,4096
1449777,process2,WRITE,3969024,4096
1450625,process2,WRITE,2564096,4096
1450704,process1,WRITE,6828032,4096
1451355,process3,WRITE,5087232,4096
1451782,process2,WRITE,6754304,4096
1452699,process1,WRITE,8384512,4096
1453483,process2,WRITE,7659520,4096
1453629,process3,WRITE,856064,4096
1453685,process3,WRITE,6692864,4096
1454585,process0,WRITE,7413760,4096
1455233,process0,WRITE,2519040,4096
1455701,process3,WRITE,835584,4096
1455982,process0,WRITE,7766016,4096
1456150,process2,WRITE,7135232,4096
1456594,process2,WRITE,9023488,4096
1457502,process2,WRITE,7073792,4096
1458151,process2,WRITE,2129920,4096
1459071,process1,WRITE,2686976,4096
1459736,process3,WRITE,8654848,4096
1459737,process1,WRITE,5541888,4096
1460258,process2,WRITE,458752,4096
1460977,process3,WRITE,3514368,4096
1461865,process2,WRITE,69632,4096
1462245,process3,WRITE,10674176,4096
1463170,process1,WRITE,9584640,4096
1463386,process0,WRITE,390766592,4096
1463932,process0,WRITE,749051904,4096
1464564,process0,WRITE,9318400,4096
1465526,process1,WRITE,8396800,4096
1465779,process3,WRITE,65536,4096
1466390,process3,WRITE,409337856,4096
1466771,process0,WRITE,7475200,4096
1466805,process3,WRITE,868352,4096
1467169,process1,WRITE,5259264,4096
1467564,process3,WRITE,5844992,4096
1468200,process3,WRITE,9588736,4096
1468708,process2,WRITE,7569408,4096
1468951,process2,WRITE,8855552,4096
1469731,process1,WRITE,205213696,4096
1469970,process2,WRITE,8286208,4096
1470903,process0,WRITE,9224192,4096
1471354,process0,WRITE,7311360,4096
1471724,process2,WRITE,4395008,4096
1472672,process3,WRITE,823017472,4096
1472851,process1,WRITE,961421312,4096
1473415,process1,WRITE,1179648,4096
1473457,process0,WRITE,8458240,4096
1474324,process2,WRITE,375635968,4096
1475164,process1,WRITE,3493888,4096
1475674,process0,WRITE,553385984,4096
1476628,process2,WRITE,774144,4096
1477084,process0,WRITE,5705728,4096
1478007,process2,WRITE,5079040,4096
1478619,process2,WRITE,4956160,4096
1479079,process1,WRITE,2924544,4096
1479197,process2,WRITE,2498560,4096
1480088,process3,WRITE,3014656,4096
1480819,process1,WRITE,929792,4096
1481372,process1,WRITE,7397376,4096
1481967,process1,WRITE,3530752,4096
1482253,process2,WRITE,9736192,4096
1483042,process2,WRITE,3948544,4096
1483212,process2,WRITE,2465792,4096
1483351,process1,WRITE,5496832,4096
1483550,process2,WRITE,4341760,4096
1483790,process1,WRITE,3129344,4096
1483894,process1,WRITE,2764800,4096
1484866,process1,WRITE,6692864,4096
1485061,process2,WRITE,10407936,4096
1485696,process0,WRITE,2965504,4096
1486027,process3,WRITE,474468352,4096
1486279,process3,WRITE,3710976,4096
1486322,process1,WRITE,180224,4096
1486573,process0,WRITE,1970176,4096
1487231,process1,WRITE,135573504,4096
1487544,process2,WRITE,3518464,4096
1488297,process2,WRITE,3592192,4096
1488633,process1,WRITE,1351680,4096
1488702,process3,WRITE,7847936,4096
1488772,process3,WRITE,1054142464,4096
1489108,process0,WRITE,3518464,4096
1490046,process3,WRITE,24576,4096
1491014,process1,WRITE,122343424,4096
1491265,process0,WRITE,9826304,4096
1491499,process3,WRITE,933888,4096
1491738,process3,WRITE,5189632,4096
1491786,process3,WRITE,314929152,4096
1491795,process1,WRITE,2871296,4096
1491824,process0,WRITE,1867776,4096
1492642,process0,WRITE,385024,4096
1493431,process0,WRITE,938840064,4096
1494009,process2,WRITE,6660096,4096
1494473,process1,WRITE,1634304,4096
1494616,process2,WRITE,798720,4096
1495315,process1,WRITE,573378560,4096
1495335,process0,WRITE,1167360,4096
1496328,process3,WRITE,9728000,4096
1496759,process0,WRITE,6426624,4096
1497244,process3,WRITE,5648384,4096
1497567,process3,WRITE,815104,4096
1497589,process1,WRITE,1216512,4096
1497859,process1,WRITE,603889664,4096
1498158,process0,WRITE,9351168,4096
1498677,process3,WRITE,10231808,4096
1498961,process2,WRITE,10424320,4096
1499227,process2,WRITE,180224,4096
1500013,process1,WRITE,9506816,4096
1500054,process0,WRITE,251592704,4096
1500382,process1,WRITE,4964352,4096
1500423,process0,WRITE,6959104,4096
1500865,process0,WRITE,313626624,4096
1501173,process2,WRITE,7356416,4096
1501563,process0,WRITE,7041024,4096
1501996,process1,WRITE,1253376,4096
1502404,process1,WRITE,5709824,4096
1503231,process0,WRITE,3272704,4096
1503614,process3,WRITE,9945088,4096
1504227,process2,WRITE,8396800,4096
1504612,process0,WRITE,128798720,4096
1504820,process0,WRITE,1191936,4096
1505067,process3,WRITE,9220096,4096
1505900,process0,WRITE,10575872,4096
1506655,process2,WRITE,279285760,4096
1507615,process1,WRITE,5632000,4096
1507801,process1,WRITE,1478656,4096
1508264,process3,WRITE,1724416,4096
1508358,process3,WRITE,7213056,4096
1509346,process0,WRITE,7434240,4096
1510243,process3,WRITE,4644864,4096
1510769,process3,WRITE,2293760,4096
1510954,process2,WRITE,4747264,4096
1511465,process0,WRITE,5222400,4096
1511931,process1,WRITE,4395008,4096
1512687,process3,WRITE,10448896,4096
1513430,process3,WRITE,898990080,4096
1514133,process3,WRITE,5345280,4096
1514427,process0,WRITE,2707456,4096
1515257,process1,WRITE,56856576,4096
1515334,process2,WRITE,1818624,4096
1515523,process0,WRITE,5201920,4096
1516257,process2,WRITE,2904064,4096
1516562,process2,WRITE,10100736,4096
1517402,process1,WRITE,675840,4096
1517914,process1,WRITE,280174592,4096
1518179,process3,WRITE,8794112,4096
1518316,process3,WRITE,3567616,4096
1518320,process3,WRITE,7327744,4096
1519298,process2,WRITE,921104384,4096
1519633,process2,WRITE,5627904,4096
1520510,process3,WRITE,10174464,4096
1521092,process3,WRITE,3538944,4096
1521448,process1,WRITE,3997696,4096
1521926,process2,WRITE,3497984,4096
1522860,process2,WRITE,308465664,4096
1523709,process3,WRITE,8966144,4096
1524450,process1,WRITE,10510336,4096
1525200,process2,WRITE,10702848,4096
1525969,process1,WRITE,2158592,4096
1526951,process1,WRITE,2953216,4096
1527018,process1,WRITE,126976,4096
1527920,process0,WRITE,1978368,4096
1528351,process1,WRITE,7610368,4096
1528447,process0,WRITE,5283840,4096
1529049,process2,WRITE,3252224,4096
1529974,process3,WRITE,6852608,4096
1530157,process3,WRITE,9617408,4096
1530926,process0,WRITE,1372160,4096
1531438,process3,WRITE,10383360,4096
1532182,process0,WRITE,6524928,4096
1533129,process3,WRITE,3371008,4096
1533220,process1,WRITE,3584000,4096
1533831,process0,WRITE,281505792,4096
1534064,process0,WRITE,3792896,4096
1534328,process0,WRITE,9433088,4096
1535147,process3,WRITE,7536640,4096
1535289,process1,WRITE,6721536,4096
1535559,process2,WRITE,1839104,4096
1535564,process1,WRITE,8384512,4096
1536466,process3,WRITE,7827456,4096
1536605,process1,WRITE,8028160,4096
1536642,process2,WRITE,10649600,4096
1537196,process0,WRITE,3194880,4096
1538026,process2,WRITE,497774592,4096
1538968,process0,WRITE,92291072,4096
1539167,process2,WRITE,1249280,4096
1539480,process2,WRITE,8200192,4096
1539809,process0,WRITE,249856,4096
1539863,process1,WRITE,6811648,4096
1540347,process0,WRITE,8937472,4096
1541340,process0,WRITE,1781760,4096
1541778,process3,WRITE,3915776,4096
1542239,process0,WRITE,4071424,4096
1543232,process1,WRITE,4050944,4096
1543891,process3,WRITE,8728576,4096
1544527,process2,WRITE,7983104,4096
1545004,process2,WRITE,4665344,4096
1545296,process1,WRITE,5763072,4096
1546241,process1,WRITE,10141696,4096
1546325,process2,WRITE,2269184,4096
1547200,process3,WRITE,753664,4096
1547383,process3,WRITE,8630272,4096
1548108,process0,WRITE,3772416,4096
1548705,process1,WRITE,4657152,4096
1549037,process2,WRITE,9109504,4096
1549222,process1,WRITE,3100672,4096
1550131,process3,WRITE,10268672,4096
1550321,process2,WRITE,1785856,4096
1551192,process3,WRITE,7606272,4096
1552085,process0,WRITE,4546560,4096
1552102,process2,WRITE,9019392,4096
1552705,process0,WRITE,7585792,4096
1552900,process2,WRITE,4481024,4096
1553618,process1,WRITE,6148096,4096
1554200,process1,WRITE,7483392,4096
1554299,process3,WRITE,942080,4096
1554560,process2,WRITE,9281536,4096
1555231,process1,WRITE,10502144,4096
1555750,process2,WRITE,7286784,4096
1556344,process1,WRITE,208896,4096
1557059,process1,WRITE,126976,4096
1557207,process3,WRITE,1429504,4096
1557560,process2,WRITE,811008,4096
1558099,process2,WRITE,7139328,4096
1558935,process1,WRITE,6443008,4096
1559690,process1,WRITE,10547200,4096
1560115,process2,WRITE,569344,4096
1560980,process3,WRITE,5459968,4096
1561773,process3,WRITE,5054464,4096
1562160,process1,WRITE,1626112,4096
1562763,process3,WRITE,7954432,4096
1563501,process3,WRITE,8990720,4096
1564450,process2,WRITE,10002432,4096
1564462,process1,WRITE,7831552,4096
1565355,process1,WRITE,919465984,4096
1566066,process3,WRITE,8433664,4096
1566083,process0,WRITE,9437184,4096
1566253,process0,WRITE,3923968,4096
1567010,process2,WRITE,1241088,4096
1567371,process3,WRITE,1794048,4096
1567865,process1,WRITE,770048,4096
1568521,process2,WRITE,471040,4096
1568604,process0,WRITE,2691072,4096
1568776,process0,WRITE,5808128,4096
1569133,process1,WRITE,1654784,4096
1569897,process3,WRITE,9232384,4096
1570580,process2,WRITE,4718592,4096
1571539,process3,WRITE,7421952,4096
1572069,process3,WRITE,8921088,4096
1572601,process1,WRITE,897024,4096
1573563,process1,WRITE,122880,4096
1573614,process0,WRITE,1073152,4096
1574486,process1,WRITE,9969664,4096
1574745,process1,WRITE,2936832,4096
1575606,process1,WRITE,2433024,4096
1575626,process0,WRITE,3600384,4096
1576464,process2,WRITE,7487488,4096
1577102,process1,WRITE,1691648,4096
1578052,process3,WRITE,7593984,4096
1578147,process1,WRITE,10006528,4096
1578194,process1,WRITE,2703360,4096
1578468,process3,WRITE,4558848,4096
1578745,process3,WRITE,9383936,4096
1578982,process2,WRITE,999424,4096
1579844,process0,WRITE,10526720,4096
1580463,process0,WRITE,5644288,4096
1581020,process2,WRITE,286720,4096
1581446,process2,WRITE,1998848,4096
1581455,process0,WRITE,380928,4096
1581549,process1,WRITE,2449408,4096
1582310,process0,WRITE,4841472,4096
1583251,process0,WRITE,6287360,4096
1583847,process1,WRITE,707723264,4096
1584467,process2,WRITE,10022912,4096
1585119,process1,WRITE,6524928,4096
1585573,process2,WRITE,339968,4096
1586417,process0,WRITE,688128,4096
1586599,process0,WRITE,10350592,4096
1587585,process3,WRITE,1368064,4096
1588469,process0,WRITE,9646080,4096
1588474,process1,WRITE,8810496,4096
1589045,process3,WRITE,2756608,4096
1589689,process1,WRITE,700600320,4096
1590308,process0,WRITE,850632704,4096
1590942,process2,WRITE,8093696,4096
1591197,process3,WRITE,4517888,4096
1591634,process3,WRITE,7610368,4096
1592478,process0,WRITE,9236480,4096
1593473,process3,WRITE,5517312,4096
1594314,process2,WRITE,6197248,4096
1594540,process2,WRITE,2387968,4096
1595319,process3,WRITE,7098368,4096
1595476,process0,WRITE,4972544,4096
1595750,process0,WRITE,10715136,4096
1596157,process3,WRITE,3141632,4096
1596720,process1,WRITE,9330688,4096
1596782,process3,WRITE,10620928,4096
1597502,process3,WRITE,9576448,4096
1597917,process0,WRITE,10256384,4096
1598514,process2,WRITE,5328896,4096
1599350,process2,WRITE,2097152,4096
1599721,process2,WRITE,1421312,4096
1600076,process2,WRITE,9428992,4096
1600686,process3,WRITE,2813952,4096
1601549,process0,WRITE,2535424,4096
1602139,process2,WRITE,3993600,4096
1602839,process2,WRITE,3624960,4096
1603002,process1,WRITE,6692864,4096
1603452,process2,WRITE,8974336,4096
1604301,process0,WRITE,6905856,4096
1604872,process1,WRITE,9629696,4096
1605777,process0,WRITE,2584576,4096
1606415,process1,WRITE,839680,4096
1607258,process1,WRITE,466944,4096
1608238,process3,WRITE,911261696,4096
1609143,process0,WRITE,4251648,4096
1609705,process3,WRITE,4968448,4096
1610700,process1,WRITE,1224704,4096
1611274,process1,WRITE,8192000,4096
1612074,process2,WRITE,3379200,4096
1612633,process3,WRITE,9179136,4096
1612772,process2,WRITE,10657792,4096
1613379,process1,WRITE,6332416,4096
1613729,process0,WRITE,1006276608,4096
1614139,process3,WRITE,9957376,4096
1614156,process1,WRITE,3092480,4096
1614859,process0,WRITE,2134016,4096
1614913,process2,WRITE,2719744,4096
1615636,process3,WRITE,2273280,4096
1615884,process1,WRITE,1097728,4096
1616217,process1,WRITE,3653632,4096
1616378,process3,WRITE,6017024,4096
1616997,process2,WRITE,8327168,4096
1617050,process1,WRITE,1671168,4096
1617740,process0,WRITE,7811072,4096
1618295,process3,WRITE,75034624,4096
1618520,process1,WRITE,10047488,4096
1619480,process0,WRITE,8409088,4096
1620351,process3,WRITE,7041024,4096
1620705,process0,WRITE,4907008,4096
1621282,process3,WRITE,809992192,4096
1621330,process0,WRITE,10608640,4096
1621712,process0,WRITE,5246976,4096
1622669,process0,WRITE,7340032,4096
1622741,process0,WRITE,8232960,4096
1623388,process3,WRITE,5136384,4096
1624083,process0,WRITE,2887680,4096
1624425,process2,WRITE,253169664,4096
1624562,process2,WRITE,6819840,4096
1625215,process3,WRITE,9576448,4096
1625744,process2,WRITE,2568192,4096
1626034,process0,WRITE,552960,4096
1626964,process1,WRITE,9023488,4096
1627903,process2,WRITE,3207168,4096
1628269,process1,WRITE,2887680,4096
1628325,process1,WRITE,3923968,4096
1628766,process2,WRITE,3645440,4096
1629077,process2,WRITE,1699840,4096
1629325,process2,WRITE,4509696,4096
1630160,process3,WRITE,5976064,4096
1630613,process1,WRITE,5853184,4096
1631514,process1,WRITE,6950912,4096
1632063,process3,WRITE,10346496,4096
1632248,process1,WRITE,8826880,4096
1632928,process0,WRITE,3534848,4096
1633911,process1,WRITE,3354624,4096
1634719,process1,WRITE,4984832,4096
1635674,process3,WRITE,6557696,4096
1636276,process1,WRITE,5906432,4096
1637110,process3,WRITE,6103040,4096
1638069,process3,WRITE,7049216,4096
1639069,process2,WRITE,7655424,4096
1639799,process2,WRITE,3756032,4096
1640768,process2,WRITE,2908160,4096
1641511,process3,WRITE,4337664,4096
1642064,process3,WRITE,3829760,4096
1642563,process1,WRITE,1486848,4096
1643396,process3,WRITE,1847296,4096
1643865,process1,WRITE,1167360,4096
1644085,process1,WRITE,921600,4096
1644884,process0,WRITE,8749056,4096
1645453,process0,WRITE,2031616,4096
1645950,process3,WRITE,745730048,4096
1646041,process0,WRITE,3792896,4096
1646573,process1,WRITE,8097792,4096
1646712,process3,WRITE,9248768,4096
1646934,process1,WRITE,327680,4096
1647584,process3,WRITE,4141056,4096
1647588,process2,WRITE,548864,4096
1648082,process3,WRITE,9375744,4096
1648602,process0,WRITE,9322496,4096
1648684,process0,WRITE,6504448,4096
1648873,process0,WRITE,8089600,4096
1649460,process3,WRITE,9576448,4096
1650407,process0,WRITE,4141056,4096
1651253,process3,WRITE,9990144,4096
1651449,process3,WRITE,315625472,4096
1651472,process2,WRITE,6643712,4096
1651822,process3,WRITE,8773632,4096
1651998,process3,WRITE,1581056,4096
1652865,process2,WRITE,581632,4096
1653385,process1,WRITE,266240,4096
1654166,process0,WRITE,3809280,4096
1654487,process2,WRITE,3178496,4096
1655192,process0,WRITE,1187840,4096
1655476,process1,WRITE,8564736,4096
1655949,process3,WRITE,5623808,4096
1656027,process2,WRITE,327770112,4096
1656671,process1,WRITE,10067968,4096
1657666,process3,WRITE,7643136,4096
1658261,process3,WRITE,322826240,4096
1658482,process1,WRITE,753790976,4096
1658679,process2,WRITE,3657728,4096
1658779,process2,WRITE,6332416,4096
1658851,process3,WRITE,2023424,4096
1658990,process3,WRITE,4747264,4096
1658992,process0,WRITE,5332992,4096
1659486,process3,WRITE,2289664,4096
1659565,process0,WRITE,3670016,4096
1659729,process1,WRITE,6828032,4096
1660161,process2,WRITE,7172096,4096
1660420,process3,WRITE,2048000,4096
1660925,process0,WRITE,7221248,4096
1661086,process3,WRITE,2531328,4096
1661924,process3,WRITE,8523776,4096
1662657,process2,WRITE,1071173632,4096
1662939,process3,WRITE,4141056,4096
1663056,process1,WRITE,1736704,4096
1663589,process2,WRITE,10670080,4096
1664507,process0,WRITE,2961408,4096
1664629,process2,WRITE,9400320,4096
1665557,process0,WRITE,2191360,4096
1666236,process2,WRITE,7426048,4096
1667195,process2,WRITE,2215936,4096
1667767,process1,WRITE,3137536,4096
1668573,process1,WRITE,9187328,4096
1669104,process2,WRITE,7106560,4096
1669448,process3,WRITE,10158080,4096
1670015,process3,WRITE,913408,4096
1670032,process1,WRITE,5316608,4096
1670986,process0,WRITE,3551232,4096
1671496,process0,WRITE,793632768,4096
1672382,process3,WRITE,6193152,4096
1673071,process2,WRITE,10182656,4096
1673193,process3,WRITE,1728512,4096
1673284,process1,WRITE,9617408,4096
1674228,process2,WRITE,479232,4096
1675062,process2,WRITE,5861376,4096
1675700,process1,WRITE,3780608,4096
1675996,process0,WRITE,5718016,4096
1676236,process3,WRITE,6033408,4096
1677066,process2,WRITE,9891840,4096
1677955,process2,WRITE,1048576,4096
1678390,process3,WRITE,9523200,4096
1678868,process3,WRITE,5345280,4096
1679758,process1,WRITE,8474624,4096
1680331,process1,WRITE,4968448,4096
1681181,process1,WRITE,1617920,4096
1681615,process3,WRITE,5648384,4096
1682446,process1,WRITE,604577792,4096
1683389,process1,WRITE,595701760,4096
1683698,process3,WRITE,1884160,4096
1684525,process2,WRITE,9449472,4096
1685392,process3,WRITE,5857280,4096
1686327,process3,WRITE,9760768,4096
1686476,process1,WRITE,4083712,4096
1686870,process0,WRITE,6283264,4096
1687436,process2,WRITE,389120,4096
1687978,process1,WRITE,9981952,4096
1688019,process1,WRITE,9719808,4096
1688246,process1,WRITE,670617600,4096
1688583,process2,WRITE,4730880,4096
1688700,process3,WRITE,4538368,4096
1689585,process2,WRITE,7299072,4096
1690210,process1,WRITE,7680000,4096
1690246,process2,WRITE,1482752,4096
1691240,process3,WRITE,9752576,4096
1691886,process3,WRITE,483328,4096
1692071,process2,WRITE,10362880,4096
1692327,process2,WRITE,6881280,4096
1692576,process3,WRITE,3686400,4096
1692730,process3,WRITE,1572864,4096
1693648,process1,WRITE,481640448,4096
1694277,process0,WRITE,794624,4096
1695078,process1,WRITE,7872512,4096
1695435,process1,WRITE,2117632,4096
1695559,process0,WRITE,5312512,4096
1696034,process0,WRITE,2920448,4096
1696076,process0,WRITE,3272704,4096
1696447,process3,WRITE,4849664,4096
1697061,process1,WRITE,7729152,4096
1697167,process2,WRITE,8777728,4096
1697180,process0,WRITE,10481664,4096
1697332,process0,WRITE,7684096,4096
1697586,process2,WRITE,2686976,4096
1698501,process1,WRITE,65536,4096
1698989,process1,WRITE,9801728,4096
1699775,process2,WRITE,9359360,4096
1700057,process0,WRITE,7700480,4096
1700168,process3,WRITE,2854912,4096
1700771,process0,WRITE,5038080,4096
1701254,process3,WRITE,5013504,4096
1702160,process2,WRITE,3198976,4096
1702708,process0,WRITE,4009984,4096
1703700,process1,WRITE,5586944,4096
1704697,process0,WRITE,3268608,4096
1705468,process3,WRITE,6934528,4096
1706245,process0,WRITE,6004736,4096
1706449,process1,WRITE,5824512,4096
1707374,process0,WRITE,9428992,4096
1707621,process2,WRITE,4325376,4096
1708451,process1,WRITE,8675328,4096
1708947,process1,WRITE,1294336,4096
1709216,process3,WRITE,5586944,4096
1709805,process0,WRITE,2740224,4096
1710567,process2,WRITE,3784704,4096
1710713,process2,WRITE,2850816,4096
1711464,process3,WRITE,6492160,4096
1712102,process3,WRITE,2920448,4096
1712603,process3,WRITE,8445952,4096
1712713,process0,WRITE,9969664,4096
1713099,process1,WRITE,10321920,4096
1713735,process3,WRITE,4173824,4096
1714074,process3,WRITE,10723328,4096
1714432,process2,WRITE,3809280,4096
1715199,process2,WRITE,5963776,4096
1715527,process0,WRITE,10694656,4096
1716070,process3,WRITE,668815360,4096
1716878,process3,WRITE,5652480,4096
1716945,process0,WRITE,2760704,4096
1717186,process1,WRITE,860160,4096
1717218,process1,WRITE,1425408,4096
1717302,process2,WRITE,3846144,4096
1717474,process2,WRITE,2248704,4096
1717550,process1,WRITE,6877184,4096
1718036,process2,WRITE,10223616,4096
1718356,process2,WRITE,2908160,4096
1719049,process3,WRITE,8691712,4096
1719772,process2,WRITE,7045120,4096
1720102,process3,WRITE,811008,4096
1720731,process1,WRITE,2404352,4096
1721564,process3,WRITE,8044544,4096
1721844,process2,WRITE,98304,4096
1722253,process0,WRITE,842031104,4096
1722368,process2,WRITE,5959680,4096
1722382,process0,WRITE,5713920,4096
1722741,process0,WRITE,2633728,4096
1723034,process3,WRITE,7421952,4096
1723847,process3,WRITE,3706880,4096
1724084,process3,WRITE,389120,4096
1724924,process0,WRITE,626688,4096
1725827,process1,WRITE,8409088,4096
1726546,process0,WRITE,428220416,4096
1726897,process0,WRITE,4087808,4096
1726899,process1,WRITE,9949184,4096
1727196,process3,WRITE,9830400,4096
1727856,process0,WRITE,1343488,4096
1728303,process0,WRITE,622592,4096
1728905,process3,WRITE,9076736,4096
1729729,process2,WRITE,1044480,4096
1730382,process2,WRITE,4534272,4096
1730936,process3,WRITE,1585152,4096
1731091,process2,WRITE,6266880,4096
1731673,process1,WRITE,8093696,4096
1731959,process3,WRITE,10534912,4096
1732414,process2,WRITE,2297856,4096
1733162,process1,WRITE,442249216,4096
1733557,process1,WRITE,7368704,4096
1733852,process3,WRITE,4911104,4096
1734367,process1,WRITE,1150976,4096
1735104,process0,WRITE,1888256,4096
1735645,process1,WRITE,2732032,4096
1736433,process2,WRITE,10317824,4096
1737105,process1,WRITE,1916928,4096
1737110,process2,WRITE,2490368,4096
1737623,process2,WRITE,2666496,4096
1738306,process3,WRITE,143360,4096
1738837,process2,WRITE,2777088,4096
1739670,process2,WRITE,3571712,4096
1740048,process2,WRITE,7110656,4096
1740170,process0,WRITE,196567040,4096
1740364,process1,WRITE,7520256,4096
1740766,process3,WRITE,847872,4096
1741292,process1,WRITE,4132864,4096
1741516,process0,WRITE,401408,4096
1742054,process2,WRITE,6299648,4096
1742855,process2,WRITE,5980160,4096
1743256,process1,WRITE,5283840,4096
1743758,process0,WRITE,208977920,4096
1743895,process2,WRITE,3923968,4096
1744010,process0,WRITE,9424896,4096
1744026,process1,WRITE,4063232,4096
1744256,process0,WRITE,3014656,4096
1744352,process2,WRITE,7094272,4096
1745023,process1,WRITE,3428352,4096
1745245,process2,WRITE,519372800,4096
1746013,process3,WRITE,658083840,4096
1746279,process0,WRITE,504197120,4096
1746476,process3,WRITE,8298496,4096
1746816,process0,WRITE,1126400,4096
1747151,process0,WRITE,6750208,4096
1747932,process0,WRITE,3665920,4096
1748600,process3,WRITE,6352896,4096
1749499,process3,WRITE,8978432,4096
1750130,process0,WRITE,5009408,4096
1750671,process0,WRITE,10104832,4096
1750877,process1,WRITE,6037504,4096
1751563,process0,WRITE,1961984,4096
1752556,process1,WRITE,458752,4096
1753253,process0,WRITE,1384448,4096
1753741,process2,WRITE,10190848,4096
1754300,process3,WRITE,1789952,4096
1754745,process0,WRITE,2260992,4096
1755502,process3,WRITE,10170368,4096
1755697,process1,WRITE,9719808,4096
1756605,process1,WRITE,2215936,4096
1756717,process2,WRITE,2011136,4096
1756872,process2,WRITE,7151616,4096
1757245,process1,WRITE,6021120,4096
1757449,process2,WRITE,1142784,4096
1757723,process1,WRITE,2301952,4096
1757731,process1,WRITE,856064,4096
1758143,process2,WRITE,7041024,4096
1758862,process3,WRITE,2281472,4096
1758990,process1,WRITE,622592,4096
1759271,process0,WRITE,2887680,4096
1759358,process2,WRITE,1220608,4096
1760270,process2,WRITE,942080,4096
1760747,process3,WRITE,4837376,4096
1761084,process2,WRITE,9322496,4096
1761694,process2,WRITE,5656576,4096
1762338,process2,WRITE,8843264,4096
1762472,process2,WRITE,5681152,4096
1763333,process2,WRITE,4984832,4096
1763687,process2,WRITE,5267456,4096
1764484,process0,WRITE,6713344,4096
1764638,process0,WRITE,3387392,4096
1765410,process3,WRITE,1536000,4096
1765920,process0,WRITE,8871936,4096
1766162,process2,WRITE,4608000,4096
1766764,process1,WRITE,8212480,4096
1766881,process0,WRITE,4042752,4096
1767064,process0,WRITE,643072,4096
1767271,process1,WRITE,10092544,4096
1767599,process0,WRITE,1044480,4096
1767733,process2,WRITE,450560,4096
1767848,process3,WRITE,5345280,4096
1768002,process1,WRITE,3928064,4096
1768018,process0,WRITE,1974272,4096
1768877,process0,WRITE,1294336,4096
1769239,process3,WRITE,581632,4096
1769317,process2,WRITE,4083712,4096
1769419,process2,WRITE,1232896,4096
1769766,process3,WRITE,10608640,4096
1769851,process3,WRITE,10121216,4096
1770684,process0,WRITE,2699264,4096
1771569,process3,WRITE,479232,4096
1771571,process3,WRITE,1249280,4096
1771988,process0,WRITE,8450048,4096
1772768,process2,WRITE,6119424,4096
1773064,process2,WRITE,527319040,4096
1773206,process0,WRITE,3330048,4096
1773707,process0,WRITE,4276224,4096
1774549,process3,WRITE,7020544,4096
1775079,process1,WRITE,4698112,4096
1775672,process3,WRITE,5513216,4096
1776503,process3,WRITE,85807104,4096
1776668,process0,WRITE,5230592,4096
1776697,process2,WRITE,2764800,4096
1777023,process1,WRITE,2113536,4096
1777865,process0,WRITE,9736192,4096
1778775,process1,WRITE,7991296,4096
1779307,process3,WRITE,4300800,4096
1780098,process3,WRITE,1486848,4096
1781067,process0,WRITE,327680,4096
1781719,process1,WRITE,8220672,4096
1782052,process1,WRITE,1523712,4096
1782924,process2,WRITE,8138752,4096
1783703,process2,WRITE,2256896,4096
1783771,process1,WRITE,8499200,4096
1784251,process3,WRITE,7995392,4096
1785093,process0,WRITE,3354624,4096
1785354,process1,WRITE,8945664,4096
1785359,process2,WRITE,2539520,4096
1785443,process2,WRITE,8884224,4096
1785930,process1,WRITE,10731520,4096
1786679,process1,WRITE,9928704,4096
1787153,process1,WRITE,731422720,4096
1788024,process3,WRITE,1130496,4096
1788212,process1,WRITE,487424,4096
1788902,process0,WRITE,121761792,4096
1789551,process3,WRITE,6893568,4096
1790338,process0,WRITE,5738496,4096
1791197,process2,WRITE,901120,4096
1791981,process0,WRITE,2252800,4096
1792795,process1,WRITE,9904128,4096
1793248,process3,WRITE,1585152,4096
1794020,process0,WRITE,8859648,4096
1794563,process0,WRITE,5926912,4096
1795442,process3,WRITE,1810432,4096
1796179,process0,WRITE,4349952,4096
1797061,process3,WRITE,2813952,4096
1797466,process2,WRITE,4489216,4096
1797920,process2,WRITE,2830336,4096
1798078,process3,WRITE,3117056,4096
1799023,process2,WRITE,8851456,4096
1799650,process0,WRITE,9437184,4096
1799875,process2,WRITE,954212352,4096
1799901,process2,WRITE,10194944,4096
1800588,process0,WRITE,385024,4096
1801534,process3,WRITE,1155072,4096
1802235,process2,WRITE,7163904,4096
1802269,process3,WRITE,2830336,4096
1802717,process2,WRITE,8179712,4096
1803240,process1,WRITE,8916992,4096
1803989,process2,WRITE,8593408,4096
1804735,process0,WRITE,4845568,4096
1804935,process0,WRITE,750415872,4096
1805811,process1,WRITE,8421376,4096
1806364,process1,WRITE,753930240,4096
1806863,process2,WRITE,2629632,4096
1807305,process3,WRITE,3710976,4096
1807751,process1,WRITE,7626752,4096
1808065,process0,WRITE,7409664,4096
1808925,process0,WRITE,7417856,4096
1809348,process0,WRITE,8855552,4096
1809709,process3,WRITE,634880,4096
1810164,process0,WRITE,454656,4096
1810288,process1,WRITE,1003520,4096
1810445,process0,WRITE,1071898624,4096
1810549,process0,WRITE,442548224,4096
1810684,process1,WRITE,10604544,4096
1811505,process2,WRITE,6164480,4096
1811850,process1,WRITE,7155712,4096
1812006,process0,WRITE,8327168,4096
1812923,process2,WRITE,825942016,4096
1813531,process0,WRITE,4263936,4096
1814107,process2,WRITE,8572928,4096
1814792,process1,WRITE,10608640,4096
1815016,process1,WRITE,10104832,4096
1815448,process3,WRITE,6238208,4096
1815703,process2,WRITE,4198400,4096
1816498,process3,WRITE,8478720,4096
1816883,process1,WRITE,6144000,4096
1817033,process2,WRITE,638279680,4096
1817557,process3,WRITE,6316032,4096
1818317,process3,WRITE,6668288,4096
1818666,process2,WRITE,10678272,4096
1819353,process0,WRITE,1228800,4096
1819825,process3,WRITE,7966720,4096
1820022,process1,WRITE,2846720,4096
1820673,process0,WRITE,1798144,4096
1821219,process3,WRITE,635101184,4096
1821220,process2,WRITE,3174400,4096
1822136,process3,WRITE,10088448,4096
1822152,process3,WRITE,3342336,4096
1822365,process2,WRITE,757760,4096
1822967,process0,WRITE,5107712,4096
1823530,process1,WRITE,5910528,4096
1823686,process3,WRITE,102400,4096
1824484,process0,WRITE,607567872,4096
1825458,process0,WRITE,3043328,4096
1825676,process2,WRITE,5353472,4096
1826070,process3,WRITE,7720960,4096
1826129,process1,WRITE,10428416,4096
1826410,process1,WRITE,2355200,4096
1827349,process1,WRITE,8032256,4096
1828297,process1,WRITE,7655424,4096
1829086,process0,WRITE,3833856,4096
1829242,process0,WRITE,6270976,4096
1829289,process0,WRITE,497569792,4096
1829345,process1,WRITE,8425472,4096
1830145,process2,WRITE,6303744,4096
1830866,process2,WRITE,3346432,4096
1831866,process0,WRITE,1773568,4096
1832254,process1,WRITE,565678080,4096
1832449,process1,WRITE,9277440,4096
1832451,process2,WRITE,9437184,4096
1832876,process3,WRITE,3051520,4096
1833574,process1,WRITE,9596928,4096
1834536,process3,WRITE,401756160,4096
1834979,process2,WRITE,8527872,4096
1835580,process1,WRITE,233472,4096
1836416,process3,WRITE,8146944,4096
1837410,process2,WRITE,7610368,4096
1838128,process3,WRITE,671744,4096
1838129,process0,WRITE,10428416,4096
1838408,process1,WRITE,405504,4096
1838913,process2,WRITE,7655424,4096
1839879,process1,WRITE,696320,4096
1840388,process2,WRITE,1581056,4096
1841269,process3,WRITE,8024064,4096
1842098,process1,WRITE,5562368,4096
1843034,process3,WRITE,786432,4096
1843332,process0,WRITE,6225920,4096
1843703,process3,WRITE,454656,4096
1843761,process2,WRITE,9117696,4096
1844741,process3,WRITE,10547200,4096
1844907,process0,WRITE,8482816,4096
1845389,process1,WRITE,9437184,4096
1846248,process2,WRITE,247046144,4096
1846607,process3,WRITE,4952064,4096
1847534,process1,WRITE,2658304,4096
1848479,process1,WRITE,10010624,4096
1849017,process1,WRITE,471040,4096
1849239,process3,WRITE,368795648,4096
1850088,process3,WRITE,6885376,4096
1850963,process3,WRITE,2670592,4096
1850999,process3,WRITE,4083712,4096
1851299,process1,WRITE,5046272,4096
1852250,process2,WRITE,4964352,4096
1852674,process1,WRITE,5701632,4096
1853108,process2,WRITE,6348800,4096
1854086,process3,WRITE,9252864,4096
1854758,process1,WRITE,162447360,4096
1855708,process1,WRITE,3207168,4096
1856145,process2,WRITE,6377472,4096
1856495,process0,WRITE,2379776,4096
1856638,process2,WRITE,5828608,4096
1856808,process0,WRITE,5754880,4096
1857447,process0,WRITE,1507328,4096
1857482,process2,WRITE,2023424,4096
1857985,process1,WRITE,572440576,4096
1858636,process1,WRITE,6950912,4096
1858968,process1,WRITE,7954432,4096
1859727,process2,WRITE,208896,4096
1859971,process0,WRITE,8601600,4096
1860522,process3,WRITE,2764800,4096
1861387,process3,WRITE,471040,4096
1861402,process2,WRITE,3387392,4096
1861908,process1,WRITE,2899968,4096
1861969,process2,WRITE,6545408,4096
1862828,process3,WRITE,10477568,4096
1863637,process1,WRITE,111390720,4096
1863999,process0,WRITE,7340032,4096
1864127,process0,WRITE,9089024,4096
1864157,process0,WRITE,7958528,4096
1865084,process0,WRITE,3833856,4096
1865835,process2,WRITE,7233536,4096
1866785,process2,WRITE,6959104,4096
1867602,process1,WRITE,3170304,4096
1868169,process2,WRITE,4689920,4096
1868503,process0,WRITE,450560,4096
1869202,process3,WRITE,1454080,4096
1869886,process2,WRITE,2437120,4096
1869954,process3,WRITE,6303744,4096
1870677,process3,WRITE,5459968,4096
1870925,process1,WRITE,8536064,4096
1871617,process3,WRITE,5808128,4096
1872447,process0,WRITE,8396800,4096
1873399,process0,WRITE,4677632,4096
1874253,process1,WRITE,2441216,4096
1874681,process3,WRITE,2691072,4096
1875243,process0,WRITE,7897088,4096
1876234,process0,WRITE,3416064,4096
1876394,process0,WRITE,7880704,4096
1877009,process1,WRITE,5779456,4096
1877194,process3,WRITE,4800512,4096
1877942,process2,WRITE,7098368,4096
1878418,process1,WRITE,3207168,4096
1878882,process1,WRITE,7942144,4096
1879154,process2,WRITE,7184384,4096
1879966,process0,WRITE,7368704,4096
1880310,process1,WRITE,3289088,4096
1881200,process1,WRITE,477986816,4096
1881536,process2,WRITE,856543232,4096
1881777,process3,WRITE,634880,4096
1882756,process2,WRITE,412123136,4096
1883549,process2,WRITE,683319296,4096
1883807,process2,WRITE,5718016,4096
1884159,process3,WRITE,8417280,4096
1884626,process0,WRITE,10227712,4096
1884664,process3,WRITE,6238208,4096
1884704,process2,WRITE,4358144,4096
1885349,process0,WRITE,87248896,4096
1886191,process0,WRITE,4272128,4096
1886870,process0,WRITE,5226496,4096
1887685,process1,WRITE,3420160,4096
1888048,process3,WRITE,180224,4096
1888378,process0,WRITE,1376256,4096
1888575,process1,WRITE,778534912,4096
1889163,process3,WRITE,3133440,4096
1890142,process2,WRITE,5767168,4096
1890162,process0,WRITE,6021120,4096
1890749,process2,WRITE,6987776,4096
1891034,process1,WRITE,10264576,4096
1891532,process1,WRITE,7606272,4096
1892080,process1,WRITE,4317184,4096
1892479,process1,WRITE,1970176,4096
1892627,process1,WRITE,7225344,4096
1893128,process3,WRITE,7757824,4096
1893360,process3,WRITE,7405568,4096
1893454,process3,WRITE,846761984,4096
1894410,process2,WRITE,9560064,4096
1894598,process3,WRITE,10035200,4096
1895042,process1,WRITE,3244032,4096
1895698,process2,WRITE,2572288,4096
1895958,process0,WRITE,4349952,4096
1896674,process0,WRITE,6144000,4096
1897023,process3,WRITE,7114752,4096
1897967,process1,WRITE,253235200,4096
1898187,process2,WRITE,10055680,4096
1898242,process3,WRITE,3182592,4096
1899033,process3,WRITE,1949696,4096
1899494,process2,WRITE,4276224,4096
1899779,process3,WRITE,828858368,4096
1900132,process1,WRITE,5423104,4096
1900291,process0,WRITE,9568256,4096
1900810,process3,WRITE,1261568,4096
1901490,process3,WRITE,539381760,4096
1901950,process3,WRITE,678219776,4096
1902418,process3,WRITE,1875968,4096
1903368,process2,WRITE,6418432,4096
1903439,process2,WRITE,4124672,4096
1904033,process1,WRITE,6959104,4096
1904308,process3,WRITE,7163904,4096
1905083,process2,WRITE,6750208,4096
1905361,process0,WRITE,725274624,4096
1905911,process3,WRITE,6385664,4096
1906877,process0,WRITE,3891200,4096
1907627,process2,WRITE,4747264,4096
1907714,process0,WRITE,3342336,4096
1908079,process1,WRITE,9895936,4096
1908361,process1,WRITE,4792320,4096
1908439,process3,WRITE,5464064,4096
1908506,process3,WRITE,4841472,4096
1909303,process1,WRITE,2973696,4096
1909423,process0,WRITE,575074304,4096
1910052,process1,WRITE,1474560,4096
1910904,process0,WRITE,7815168,4096
1911031,process1,WRITE,10440704,4096
1911319,process0,WRITE,6250496,4096
1911583,process0,WRITE,2977792,4096
1912067,process2,WRITE,9601024,4096
1912308,process0,WRITE,64139264,4096
1912422,process0,WRITE,890609664,4096
1913089,process1,WRITE,5955584,4096
1913105,process2,WRITE,1585152,4096
1913190,process3,WRITE,2592768,4096
1913398,process1,WRITE,4689920,4096
1913669,process3,WRITE,9687040,4096
1914412,process3,WRITE,3203072,4096
1914687,process3,WRITE,3276800,4096
1914933,process0,WRITE,1286144,4096
1915439,process3,WRITE,6025216,4096
1915908,process0,WRITE,3174400,4096
1916589,process2,WRITE,424783872,4096
1917407,process2,WRITE,7024640,4096
1917730,process3,WRITE,9764864,4096
1918001,process1,WRITE,232300544,4096
1918313,process1,WRITE,10530816,4096
1918517,process0,WRITE,7049216,4096
1918776,process0,WRITE,10088448,4096
1918907,process0,WRITE,10240000,4096
1919305,process0,WRITE,8433664,4096
1919389,process1,WRITE,7946240,4096
1919969,process1,WRITE,2646016,4096
1920893,process1,WRITE,233664512,4096
1921558,process1,WRITE,5685248,4096
1922541,process3,WRITE,620605440,4096
1922679,process3,WRITE,749568,4096
1923328,process1,WRITE,6090752,4096
1924266,process1,WRITE,8335360,4096
1924282,process0,WRITE,7462912,4096
1924802,process0,WRITE,4235264,4096
1925762,process3,WRITE,8871936,4096
1925986,process1,WRITE,688390144,4096
1926547,process1,WRITE,6180864,4096
1927450,process2,WRITE,1138688,4096
1927990,process3,WRITE,9506816,4096
1928753,process2,WRITE,9535488,4096
1928873,process3,WRITE,9469952,4096
1929198,process2,WRITE,3207168,4096
1929921,process3,WRITE,9551872,4096
1930137,process0,WRITE,8916992,4096
1930452,process2,WRITE,6520832,4096
1930734,process0,WRITE,4325376,4096
1930843,process2,WRITE,2117632,4096
1930844,process2,WRITE,10190848,4096
1930976,process2,WRITE,6594560,4096
1931701,process0,WRITE,4530176,4096
1931775,process1,WRITE,2387968,4096
1932127,process2,WRITE,225280,4096
1932814,process2,WRITE,1482752,4096
1932914,process1,WRITE,389120,4096
1933478,process0,WRITE,10219520,4096
1934304,process1,WRITE,462848,4096
1934913,process0,WRITE,8953856,4096
1935816,process3,WRITE,8241152,4096
1936418,process3,WRITE,2801664,4096
1936882,process0,WRITE,1589248,4096
1937261,process2,WRITE,8224768,4096
1937930,process1,WRITE,5763072,4096
1937990,process0,WRITE,2818048,4096
1938476,process2,WRITE,2621440,4096
1938971,process1,WRITE,5431296,4096
1939737,process0,WRITE,16384,4096
1940021,process3,WRITE,4005888,4096
1940249,process3,WRITE,2375680,4096
1940706,process3,WRITE,8024064,4096
1940818,process3,WRITE,9605120,4096
1941804,process2,WRITE,4485120,4096
1941961,process0,WRITE,760422400,4096
1942479,process0,WRITE,1712128,4096
1943252,process2,WRITE,9539584,4096
1943877,process2,WRITE,6701056,4096
1944394,process1,WRITE,6561792,4096
1945317,process1,WRITE,479232,4096
1945573,process0,WRITE,5214208,4096
1946287,process2,WRITE,2428928,4096
1947019,process2,WRITE,3051520,4096
1947021,process3,WRITE,3080192,4096
1947923,process0,WRITE,1531904,4096
1948397,process0,WRITE,8503296,4096
1948515,process0,WRITE,461864960,4096
1948924,process3,WRITE,4882432,4096
1949132,process0,WRITE,9613312,4096
1949292,process0,WRITE,3215360,4096
1950058,process1,WRITE,614400,4096
1950947,process3,WRITE,1376256,4096
1951197,process1,WRITE,8941568,4096
1951796,process1,WRITE,7913472,4096
1951834,process1,WRITE,598097920,4096
1952654,process3,WRITE,5439488,4096
1952814,process2,WRITE,2158592,4096
1952821,process1,WRITE,1016479744,4096
1953110,process1,WRITE,6766592,4096
1953410,process1,WRITE,162021376,4096
1954232,process3,WRITE,9564160,4096
1954352,process1,WRITE,69632,4096
1954374,process1,WRITE,8871936,4096
1955003,process0,WRITE,1994752,4096
1955620,process1,WRITE,7380992,4096
1956604,process1,WRITE,327680,4096
1957064,process3,WRITE,6905856,4096
1957346,process3,WRITE,4395008,4096
1957943,process2,WRITE,4624384,4096
1958260,process0,WRITE,2887680,4096
1959060,process2,WRITE,7598080,4096
1959907,process1,WRITE,4464640,4096
1960006,process3,WRITE,7155712,4096
1960193,process3,WRITE,1527808,4096
1960517,process0,WRITE,771178496,4096
1960981,process2,WRITE,4579328,4096
1961522,process3,WRITE,8790016,4096
1962302,process1,WRITE,6811648,4096
1962788,process2,WRITE,7921664,4096
1963006,process0,WRITE,523096064,4096
1963736,process3,WRITE,4820992,4096
1963918,process0,WRITE,7892992,4096
1964121,process0,WRITE,745472,4096
1964461,process2,WRITE,5173248,4096
1965158,process0,WRITE,7905280,4096
1965419,process0,WRITE,6770688,4096
1965571,process3,WRITE,3112960,4096
1966287,process3,WRITE,7909376,4096
1966902,process1,WRITE,1515520,4096
1966933,process2,WRITE,8298496,4096
1967726,process3,WRITE,5173248,4096
1968582,process2,WRITE,773820416,4096
1969139,process1,WRITE,507904,4096
1969404,process3,WRITE,5881856,4096
1969811,process2,WRITE,306016256,4096
1970447,process3,WRITE,1265664,4096
1970460,process1,WRITE,4616192,4096
1971249,process3,WRITE,1916928,4096
1971957,process1,WRITE,516096,4096
1972088,process2,WRITE,2215936,4096
1972583,process2,WRITE,8032256,4096
1972961,process3,WRITE,8302592,4096
1973121,process3,WRITE,2637824,4096
1973780,process0,WRITE,667648,4096
1974357,process1,WRITE,6447104,4096
1974988,process0,WRITE,10149888,4096
1975313,process3,WRITE,144478208,4096
1975689,process1,WRITE,909312,4096
1976615,process0,WRITE,6557696,4096
1976849,process1,WRITE,5095424,4096
1976923,process3,WRITE,407838720,4096
1977491,process0,WRITE,9986048,4096
1977766,process3,WRITE,9621504,4096
1978470,process0,WRITE,4390912,4096
1979142,process1,WRITE,2727936,4096
1979338,process2,WRITE,5644288,4096
1979781,process3,WRITE,128049152,4096
1980314,process1,WRITE,3809280,4096
1980876,process3,WRITE,5111808,4096
1981129,process1,WRITE,2187264,4096
1981393,process0,WRITE,7618560,4096
1981462,process3,WRITE,1294336,4096
1982023,process1,WRITE,3018752,4096
1982377,process3,WRITE,6598656,4096
1982491,process1,WRITE,6664192,4096
1982893,process3,WRITE,2985984,4096
1983399,process0,WRITE,5636096,4096
1983884,process1,WRITE,9961472,4096
1984864,process2,WRITE,9531392,4096
1985241,process2,WRITE,7094272,4096
1985550,process2,WRITE,19292160,4096
1986027,process2,WRITE,7856128,4096
1986300,process2,WRITE,685666304,4096
1987156,process1,WRITE,7348224,4096
1987853,process2,WRITE,4276224,4096
1988051,process0,WRITE,9732096,4096
1989002,process2,WRITE,7909376,4096
1989254,process3,WRITE,6070272,4096
1989355,process0,WRITE,6385664,4096
1990152,process3,WRITE,5775360,4096
1990288,process2,WRITE,1814528,4096
1990782,process2,WRITE,1022582784,4096
1991436,process1,WRITE,258048,4096
1991699,process2,WRITE,9523200,4096
1992116,process3,WRITE,2826240,4096
1992397,process2,WRITE,2637824,4096
1992991,process0,WRITE,756498432,4096
1993971,process1,WRITE,3497984,4096
1994401,process1,WRITE,2023424,4096
1994453,process3,WRITE,9572352,4096
1994715,process1,WRITE,9625600,4096
1995200,process0,WRITE,7196672,4096
1996151,process3,WRITE,16384,4096
1996366,process1,WRITE,5132288,4096
1997103,process1,WRITE,6791168,4096
1997348,process0,WRITE,5570560,4096
1997554,process3,WRITE,2285568,4096
1997564,process3,WRITE,249856,4096
1998042,process2,WRITE,4661248,4096
1998492,process0,WRITE,744562688,4096
1999013,process3,WRITE,663552,4096
1999263,process3,WRITE,1654784,4096
1999766,process2,WRITE,1753088,4096
2000057,process3,WRITE,2985984,4096
2000217,process1,WRITE,5951488,4096
2001030,process0,WRITE,6090752,4096
2002009,process3,WRITE,1572864,4096
2002284,process3,WRITE,335872,4096
2003122,process1,WRITE,913408,4096
2003740,process2,WRITE,6746112,4096
2004365,process2,WRITE,10502144,4096
2005003,process2,WRITE,472596480,4096
2005311,process3,WRITE,2732032,4096
2006160,process0,WRITE,6254592,4096
2006255,process1,WRITE,1069056,4096
2006993,process3,WRITE,1626112,4096
2007856,process1,WRITE,1581056,4096
2008644,process0,WRITE,10063872,4096
2009187,process1,WRITE,3244032,4096
2009287,process2,WRITE,2166784,4096
2009617,process3,WRITE,4493312,4096
2009825,process1,WRITE,10493952,4096
2009954,process0,WRITE,2338816,4096
2010398,process2,WRITE,5758976,4096
2010557,process1,WRITE,3379200,4096
2011349,process1,WRITE,115003392,4096
2011938,process1,WRITE,4755456,4096
2012487,process3,WRITE,609599488,4096
2012964,process3,WRITE,1400832,4096
2013854,process0,WRITE,850661376,4096
2014222,process2,WRITE,4091904,4096
2015161,process0,WRITE,114241536,4096
2015277,process2,WRITE,9396224,4096
2015360,process3,WRITE,7372800,4096
2016253,process3,WRITE,232656896,4096
2016684,process2,WRITE,592965632,4096
2017068,process2,WRITE,564965376,4096
2017988,process1,WRITE,4476928,4096
2018547,process0,WRITE,3006464,4096
2019050,process2,WRITE,1118208,4096
2020020,process2,WRITE,5697536,4096
2020147,process1,WRITE,1863680,4096
2020418,process3,WRITE,5763072,4096
2020712,process2,WRITE,7081984,4096
2020999,process2,WRITE,5775360,4096
2021431,process2,WRITE,3452928,4096
2021874,process2,WRITE,3887104,4096
2022200,process0,WRITE,5132288,4096
2022380,process2,WRITE,4734976,4096
2023256,process0,WRITE,2502656,4096
2023557,process1,WRITE,3960832,4096
2023714,process2,WRITE,9334784,4096
2024288,process3,WRITE,6758400,4096
2025082,process1,WRITE,797073408,4096
2025852,process3,WRITE,4276224,4096
2026197,process1,WRITE,2772992,4096
2026368,process1,WRITE,7368704,4096
2026969,process3,WRITE,9031680,4096
2027265,process1,WRITE,4624384,4096
2027660,process3,WRITE,1806336,4096
2028423,process3,WRITE,5554176,4096
2029228,process3,WRITE,3612672,4096
2029821,process1,WRITE,4485120,4096
2030689,process0,WRITE,5611520,4096
2030869,process0,WRITE,4653056,4096
2031640,process0,WRITE,1077248,4096
2031973,process1,WRITE,7696384,4096
2032613,process1,WRITE,7602176,4096
2033237,process1,WRITE,2109440,4096
2033523,process3,WRITE,18550784,4096
2034283,process0,WRITE,2850816,4096
2034454,process0,WRITE,2179072,4096
2035278,process1,WRITE,4915200,4096
2036145,process3,WRITE,2764800,4096
2036674,process0,WRITE,1941504,4096
2036742,process1,WRITE,2646016,4096
2037630,process2,WRITE,9105408,4096
2037926,process2,WRITE,380928,4096
2038256,process3,WRITE,2285568,4096
2038767,process3,WRITE,7458816,4096
2039008,process1,WRITE,10416128,4096
2039814,process1,WRITE,622592,4096
2040659,process0,WRITE,278175744,4096
2040919,process3,WRITE,6709248,4096
2040954,process0,WRITE,3579904,4096
2041350,process0,WRITE,10563584,4096
2041824,process1,WRITE,4050944,4096
2042021,process0,WRITE,1286144,4096
2042082,process0,WRITE,10592256,4096
2043057,process0,WRITE,2134016,4096
2043148,process2,WRITE,2084864,4096
2043281,process3,WRITE,1687552,4096
2044254,process0,WRITE,815104,4096
2044591,process1,WRITE,7532544,4096
2045170,process0,WRITE,4100096,4096
2045176,process1,WRITE,3026944,4096
2045838,process2,WRITE,367738880,4096
2046678,process1,WRITE,3850240,4096
2047186,process2,WRITE,3665920,4096
2047778,process2,WRITE,227659776,4096
2048185,process1,WRITE,6750208,4096
2048653,process0,WRITE,5337088,4096
2049502,process0,WRITE,189104128,4096
2049554,process3,WRITE,3698688,4096
2049621,process2,WRITE,10571776,4096
2049769,process0,WRITE,7495680,4096
2050455,process3,WRITE,9629696,4096
2050701,process1,WRITE,2195456,4096
2051217,process2,WRITE,404520960,4096
2051228,process1,WRITE,1204224,4096
2052036,process2,WRITE,823296,4096
2052968,process2,WRITE,5054464,4096
2053263,process0,WRITE,10027008,4096
2054184,process3,WRITE,1409024,4096
2054516,process0,WRITE,9949184,4096
2055415,process2,WRITE,10657792,4096
2055738,process0,WRITE,9740288,4096
2056153,process3,WRITE,6361088,4096
2056408,process0,WRITE,9523200,4096
2056931,process3,WRITE,2404352,4096
2057764,process2,WRITE,8736768,4096
2058503,process1,WRITE,10166272,4096
2059309,process1,WRITE,7188480,4096
2059856,process0,WRITE,8949760,4096
2060800,process2,WRITE,3710976,4096
2061705,process2,WRITE,9347072,4096
2062602,process1,WRITE,307200,4096
2062734,process1,WRITE,4628480,4096
2063524,process0,WRITE,586141696,4096
2064401,process2,WRITE,8081408,4096
2064447,process0,WRITE,9416704,4096
2065302,process0,WRITE,638976,4096
2066076,process0,WRITE,1421312,4096
2066708,process3,WRITE,1105920,4096
2067153,process3,WRITE,4677632,4096
2067926,process0,WRITE,5869568,4096
2068712,process1,WRITE,4972544,4096
2069617,process2,WRITE,240857088,4096
2070275,process3,WRITE,9506816,4096
2070664,process3,WRITE,9457664,4096
2071392,process1,WRITE,2138112,4096
2071402,process3,WRITE,10719232,4096
2072112,process0,WRITE,10686464,4096
2072665,process0,WRITE,3403776,4096
2072713,process1,WRITE,8720384,4096
2073655,process0,WRITE,2166784,4096
2074193,process3,WRITE,200704,4096
2074775,process1,WRITE,5353472,4096
2074801,process1,WRITE,4702208,4096
2075592,process3,WRITE,5087232,4096
2075702,process0,WRITE,806912,4096
2075770,process0,WRITE,3977216,4096
2076065,process3,WRITE,3821568,4096
2076604,process1,WRITE,843776,4096
2076933,process3,WRITE,847872,4096
2077469,process0,WRITE,176128,4096
2077536,process0,WRITE,372736,4096
2078445,process1,WRITE,3534848,4096
2079218,process0,WRITE,8957952,4096
2079483,process3,WRITE,10223616,4096
2079628,process3,WRITE,2912256,4096
2080188,process3,WRITE,3244032,4096
2080532,process3,WRITE,9641984,4096
2080550,process0,WRITE,5844992,4096
2081234,process3,WRITE,7282688,4096
2081507,process1,WRITE,2949120,4096
2081953,process2,WRITE,4517888,4096
2082414,process3,WRITE,5140480,4096
2082649,process0,WRITE,2842624,4096
2083390,process0,WRITE,155648,4096
2083845,process0,WRITE,835584,4096
2084201,process3,WRITE,139264,4096
2084560,process3,WRITE,6307840,4096
2085291,process3,WRITE,10231808,4096
2086175,process3,WRITE,8814592,4096
2086244,process3,WRITE,7380992,4096
2086517,process3,WRITE,7933952,4096
2087431,process3,WRITE,315392,4096
2087508,process0,WRITE,1490944,4096
2088111,process0,WRITE,8974336,4096
2088745,process3,WRITE,8855552,4096
2089602,process1,WRITE,2998272,4096
2090554,process3,WRITE,614400,4096
2091243,process0,WRITE,5013504,4096
2091934,process2,WRITE,5046272,4096
2092677,process0,WRITE,8445952,4096
2093225,process3,WRITE,1269760,4096
2093419,process3,WRITE,237568,4096
2093429,process3,WRITE,6561792,4096
2094294,process1,WRITE,5058560,4096
2095235,process1,WRITE,5799936,4096
2095963,process3,WRITE,8974336,4096
2096202,process0,WRITE,8003584,4096
2096341,process3,WRITE,9134080,4096
2096537,process3,WRITE,7065600,4096
2097393,process2,WRITE,8749056,4096
2098132,process3,WRITE,8007680,4096
2098617,process0,WRITE,7811072,4096
2099503,process2,WRITE,5419008,4096
2100062,process0,WRITE,3788800,4096
2100678,process3,WRITE,3829760,4096
2101447,process0,WRITE,4096,4096
2102407,process0,WRITE,8265728,4096
2103263,process1,WRITE,798720,4096
2104152,process2,WRITE,10493952,4096
2104941,process0,WRITE,6750208,4096
2105880,process2,WRITE,3383296,4096
2106471,process2,WRITE,2260992,4096
2106772,process0,WRITE,4243456,4096
2107336,process1,WRITE,2732032,4096
2108298,process0,WRITE,3928064,4096
2109105,process0,WRITE,7434240,4096
2109399,process2,WRITE,9031680,4096
2109840,process3,WRITE,9756672,4096
2110016,process3,WRITE,343347200,4096
2110404,process1,WRITE,10321920,4096
2111366,process0,WRITE,10235904,4096
2111463,process2,WRITE,10678272,4096
2112102,process2,WRITE,393216,4096
2112120,process0,WRITE,3219456,4096
2112743,process0,WRITE,4644864,4096
2113291,process2,WRITE,5431296,4096
2113493,process3,WRITE,510439424,4096
2113613,process0,WRITE,1167360,4096
2114243,process1,WRITE,10723328,4096
2114752,process2,WRITE,1040384,4096
2115481,process1,WRITE,5378048,4096
2116193,process3,WRITE,1179648,4096
2117060,process1,WRITE,204394496,4096
2117541,process2,WRITE,8908800,4096
2118248,process1,WRITE,4571136,4096
2119102,process2,WRITE,3784704,4096
2119947,process1,WRITE,249856,4096
2120713,process1,WRITE,5484544,4096
2121708,process0,WRITE,3936256,4096
2122131,process1,WRITE,1043677184,4096
2122250,process0,WRITE,3743744,4096
2122565,process3,WRITE,949084160,4096
2122747,process2,WRITE,2883584,4096
2123660,process3,WRITE,6987776,4096
2123847,process0,WRITE,7061504,4096
2124007,process1,WRITE,2977792,4096
2124052,process2,WRITE,6254592,4096
2124566,process1,WRITE,1359872,4096
2125207,process0,WRITE,4014080,4096
2125631,process2,WRITE,4161536,4096
2125997,process3,WRITE,7462912,4096
2126668,process1,WRITE,2379776,4096
2127367,process0,WRITE,9998336,4096
2127613,process0,WRITE,1413120,4096
2127868,process3,WRITE,1130496,4096
2128302,process1,WRITE,1044480,4096
2128899,process0,WRITE,2187264,4096
2129639,process0,WRITE,10444800,4096
2130574,process3,WRITE,7127040,4096
2130779,process3,WRITE,1208320,4096
2130827,process1,WRITE,2080768,4096
2131195,process0,WRITE,9908224,4096
2131644,process0,WRITE,10727424,4096
2132228,process2,WRITE,9523200,4096
2132292,process2,WRITE,3235840,4096
2133070,process3,WRITE,10080256,4096
2133916,process2,WRITE,6901760,4096
2134158,process0,WRITE,5828608,4096
2134654,process2,WRITE,6815744,4096
2134891,process3,WRITE,2887680,4096
2135301,process3,WRITE,4362240,4096
2136194,process2,WRITE,2494464,4096
2137151,process2,WRITE,1421312,4096
2137350,process0,WRITE,3944448,4096
2138253,process0,WRITE,565248,4096
2138282,process0,WRITE,221184,4096
2138410,process1,WRITE,3301376,4096
2138571,process2,WRITE,5599232,4096
2139426,process1,WRITE,9052160,4096
2140018,process2,WRITE,4628480,4096
2140620,process1,WRITE,2338816,4096
2140918,process3,WRITE,5079040,4096
2141270,process0,WRITE,4038656,4096
2142220,process3,WRITE,5775360,4096
2142574,process1,WRITE,10268672,4096
2142596,process1,WRITE,7749632,4096
2143519,process2,WRITE,2297856,4096
2143992,process3,WRITE,6946816,4096
2144366,process2,WRITE,7876608,4096
2145191,process1,WRITE,465154048,4096
2145639,process0,WRITE,7639040,4096
2146288,process1,WRITE,315392,4096
2147083,process1,WRITE,4820992,4096
2147510,process1,WRITE,3948544,4096
2148425,process2,WRITE,48320512,4096
2148522,process0,WRITE,5226496,4096
2149243,process0,WRITE,8716288,4096
2149438,process3,WRITE,265900032,4096
2149465,process2,WRITE,9793536,4096
2149533,process1,WRITE,4431872,4096
2149678,process2,WRITE,6471680,4096
2150577,process1,WRITE,5140480,4096
2151077,process3,WRITE,8273920,4096
2151915,process0,WRITE,8622080,4096
2152501,process2,WRITE,9699328,4096
2153153,process2,WRITE,2920448,4096
2153726,process2,WRITE,1388544,4096
2154423,process2,WRITE,6709248,4096
2154967,process0,WRITE,5435392,4096
2155219,process0,WRITE,8192000,4096
2155593,process2,WRITE,4145152,4096
2156154,process0,WRITE,2588672,4096
2156784,process3,WRITE,2080768,4096
2157185,process3,WRITE,825585664,4096
2157638,process0,WRITE,7434240,4096
2158198,process2,WRITE,4935680,4096
2158315,process3,WRITE,1043165184,4096
2159221,process2,WRITE,4976640,4096
2159607,process2,WRITE,10346496,4096
2160378,process1,WRITE,589824,4096
2160840,process0,WRITE,3321856,4096
2161123,process2,WRITE,8462336,4096
2161367,process1,WRITE,8278016,4096
2162189,process0,WRITE,1097728,4096
2163134,process2,WRITE,5398528,4096
2163650,process0,WRITE,8208384,4096
2163789,process0,WRITE,8474624,4096
2164223,process0,WRITE,5115904,4096
2164278,process2,WRITE,4734976,4096
2165143,process0,WRITE,4550656,4096
2165917,process1,WRITE,8744960,4096
2165943,process2,WRITE,626688,4096
2166228,process1,WRITE,9297920,4096
2166489,process1,WRITE,8519680,4096
2166612,process0,WRITE,1089536,4096
2166772,process0,WRITE,6250496,4096
2167071,process3,WRITE,786432,4096
2167850,process2,WRITE,2674688,4096
2168802,process2,WRITE,10444800,4096
2168965,process2,WRITE,48664576,4096
2169714,process0,WRITE,3862528,4096
2170240,process0,WRITE,1421312,4096
2170830,process3,WRITE,7614464,4096
2171625,process3,WRITE,6541312,4096
2171997,process1,WRITE,10256384,4096
2172996,process3,WRITE,3801088,4096
2173895,process3,WRITE,7311360,4096
2174726,process0,WRITE,4112384,4096
2175037,process2,WRITE,7507968,4096
2175326,process3,WRITE,237568,4096
2175709,process2,WRITE,6422528,4096
2175724,process1,WRITE,99504128,4096
2176572,process0,WRITE,831488,4096
2176933,process3,WRITE,1769472,4096
2177225,process1,WRITE,4378624,4096
2177520,process0,WRITE,3596288,4096
2178274,process2,WRITE,7602176,4096
2178723,process1,WRITE,3117056,4096
2179337,process3,WRITE,8744960,4096
2179712,process3,WRITE,10567680,4096
2180615,process1,WRITE,3428352,4096
2181027,process3,WRITE,6307840,4096
2181254,process0,WRITE,9416704,4096
2181523,process0,WRITE,2609152,4096
2181697,process2,WRITE,3457024,4096
2182661,process1,WRITE,4079616,4096
2183273,process1,WRITE,1044480,4096
2183637,process1,WRITE,1839104,4096
2184265,process1,WRITE,9330688,4096
2184624,process2,WRITE,401408,4096
2185040,process1,WRITE,238993408,4096
2185960,process0,WRITE,987136,4096
2186928,process1,WRITE,2895872,4096
2187288,process1,WRITE,6012928,4096
2187766,process1,WRITE,2170880,4096
2188483,process2,WRITE,9949184,4096
2189058,process1,WRITE,7286784,4096
2189955,process0,WRITE,2486272,4096
2190212,process0,WRITE,4472832,4096
2190972,process3,WRITE,6762496,4096
2191130,process3,WRITE,9469952,4096
2191623,process0,WRITE,8622080,4096
2192313,process2,WRITE,10289152,4096
2192569,process3,WRITE,5533696,4096
2193175,process1,WRITE,5824512,4096
2194017,process1,WRITE,8101888,4096
2194584,process3,WRITE,5328896,4096
2194915,process2,WRITE,10063872,4096
2195498,process0,WRITE,3817472,4096
2195650,process2,WRITE,9351168,4096
2196095,process1,WRITE,6356992,4096
2196288,process0,WRITE,10047488,4096
2196566,process0,WRITE,7299072,4096
2197472,process1,WRITE,4190208,4096
2197941,process3,WRITE,8859648,4096
2198290,process3,WRITE,7630848,4096
2198625,process2,WRITE,934551552,4096
2198711,process1,WRITE,6217728,4096
2198766,process2,WRITE,7397376,4096
2199102,process0,WRITE,7405568,4096
2199195,process2,WRITE,881860608,4096
2199590,process3,WRITE,2211840,4096
2200479,process0,WRITE,5459968,4096
2200571,process1,WRITE,6549504,4096
2200627,process1,WRITE,7933952,4096
2201361,process0,WRITE,7905280,4096
2201480,process3,WRITE,6807552,4096
2201759,process1,WRITE,5943296,4096
2202725,process2,WRITE,2043904,4096
2203401,process3,WRITE,7651328,4096
2203430,process3,WRITE,996687872,4096
2203740,process0,WRITE,8433664,4096
2203842,process1,WRITE,7704576,4096
2203866,process1,WRITE,5349376,4096
2204523,process0,WRITE,10719232,4096
2205123,process2,WRITE,376832,4096
2205515,process3,WRITE,8781824,4096
2206158,process2,WRITE,5496832,4096
2206841,process1,WRITE,8990720,4096
2207138,process2,WRITE,2551808,4096
2207952,process0,WRITE,8314880,4096
2208061,process3,WRITE,8081408,4096
2208119,process3,WRITE,7675904,4096
2208760,process3,WRITE,7495680,4096
2208837,process2,WRITE,3330048,4096
2208889,process2,WRITE,9490432,4096
2209578,process3,WRITE,8880128,4096
2210196,process1,WRITE,7061504,4096
2210394,process0,WRITE,8241152,4096
2210532,process1,WRITE,8572928,4096
2210836,process0,WRITE,765952,4096
2210943,process1,WRITE,2359296,4096
2211793,process3,WRITE,7405568,4096
2212471,process2,WRITE,10350592,4096
2213055,process0,WRITE,10174464,4096
2213178,process0,WRITE,5492736,4096
2213952,process1,WRITE,982888448,4096
2214133,process3,WRITE,5562368,4096
2214543,process2,WRITE,8904704,4096
2215205,process1,WRITE,7647232,4096
2215332,process2,WRITE,7536640,4096
2215566,process2,WRITE,2535424,4096
2215953,process3,WRITE,2375680,4096
2216440,process1,WRITE,7585792,4096
2216823,process0,WRITE,2797568,4096
2217216,process2,WRITE,5013504,4096
2218135,process1,WRITE,9007104,4096
2218625,process0,WRITE,4362240,4096
2218724,process1,WRITE,156426240,4096
2218879,process2,WRITE,273920000,4096
2219108,process0,WRITE,897024,4096
2219389,process2,WRITE,571158528,4096
2219907,process2,WRITE,1765376,4096
2220249,process0,WRITE,3047424,4096
2220420,process3,WRITE,1351680,4096
2220672,process2,WRITE,7819264,4096
2221018,process1,WRITE,700350464,4096
2221944,process2,WRITE,6004736,4096
2221982,process1,WRITE,8966144,4096
2222322,process3,WRITE,435990528,4096
2222682,process1,WRITE,987136,4096
2223488,process0,WRITE,5488640,4096
2223814,process3,WRITE,10444800,4096
2224191,process0,WRITE,4964352,4096
2225098,process1,WRITE,2699264,4096
2225266,process3,WRITE,7692288,4096
2225319,process2,WRITE,622592,4096
2225830,process0,WRITE,3801088,4096
2226352,process2,WRITE,6979584,4096
2226450,process2,WRITE,8126464,4096
2226516,process1,WRITE,3670016,4096
2226899,process0,WRITE,4534272,4096
2227229,process2,WRITE,7172096,4096
2227937,process0,WRITE,8527872,4096
2228722,process1,WRITE,909312,4096
2229215,process1,WRITE,8048640,4096
2229653,process2,WRITE,7233536,4096
2230313,process0,WRITE,6512640,4096
2230589,process1,WRITE,9539584,4096
2230902,process3,WRITE,9293824,4096
2230940,process2,WRITE,3125248,4096
2231840,process2,WRITE,7798784,4096
2231859,process2,WRITE,3485696,4096
2232216,process3,WRITE,1265664,4096
2233009,process3,WRITE,4452352,4096
2233285,process2,WRITE,9125888,4096
2234263,process1,WRITE,241664,4096
2235151,process3,WRITE,5206016,4096
2236125,process1,WRITE,3432448,4096
2236209,process2,WRITE,9543680,4096
2236612,process3,WRITE,4505600,4096
2236749,process1,WRITE,917504,4096
2237721,process1,WRITE,8171520,4096
2238396,process2,WRITE,5996544,4096
2238640,process3,WRITE,7954432,4096
2239416,process1,WRITE,8167424,4096
2239650,process3,WRITE,7294976,4096
2240269,process2,WRITE,4853760,4096
2240507,process1,WRITE,9060352,4096
2241294,process1,WRITE,6606848,4096
2242230,process3,WRITE,5332992,4096
2242861,process2,WRITE,10493952,4096
2243014,process0,WRITE,229842944,4096
2243742,process2,WRITE,8843264,4096
2244091,process2,WRITE,8220672,4096
2244167,process3,WRITE,3301376,4096
2245065,process3,WRITE,6479872,4096
2245126,process0,WRITE,7262208,4096
2245154,process0,WRITE,8183808,4096
2245287,process2,WRITE,4534272,4096
2245613,process2,WRITE,4542464,4096
2245619,process2,WRITE,6569984,4096
2246555,process2,WRITE,573440,4096
2247145,process0,WRITE,9805824,4096
2247776,process3,WRITE,10334208,4096
2247800,process2,WRITE,864256,4096
2248292,process0,WRITE,4198400,4096
2248805,process0,WRITE,8691712,4096
2248944,process0,WRITE,2367488,4096
2249537,process3,WRITE,4091904,4096
2250165,process2,WRITE,4878336,4096
2250706,process2,WRITE,3911680,4096
2251233,process1,WRITE,3297280,4096
2252028,process3,WRITE,7561216,4096
2252695,process1,WRITE,416362496,4096
2253617,process2,WRITE,5230592,4096
2253927,process1,WRITE,4046848,4096
2254842,process1,WRITE,2203648,4096
2255758,process2,WRITE,6459392,4096
2255978,process2,WRITE,8925184,4096
2256696,process1,WRITE,7700480,4096
2256706,process0,WRITE,6000640,4096
2257283,process2,WRITE,7589888,4096
2258122,process1,WRITE,6893568,4096
2258640,process2,WRITE,689430528,4096
2258930,process3,WRITE,4685824,4096
2259416,process3,WRITE,94208,4096
2260309,process2,WRITE,6946816,4096
2260331,process3,WRITE,6643712,4096
2260805,process2,WRITE,8622080,4096
2261179,process3,WRITE,4227072,4096
2261821,process1,WRITE,1253376,4096
2262563,process1,WRITE,1708032,4096
2262974,process3,WRITE,1421312,4096
2263504,process2,WRITE,7077888,4096
2264070,process1,WRITE,9367552,4096
2264813,process1,WRITE,804483072,4096
2265776,process2,WRITE,705826816,4096
2265908,process0,WRITE,9744384,4096
2266170,process1,WRITE,4157440,4096
2266974,process3,WRITE,4268032,4096
2267796,process2,WRITE,3293184,4096
2268688,process0,WRITE,462848,4096
2269527,process1,WRITE,3469312,4096
2269977,process0,WRITE,8761344,4096
2270487,process0,WRITE,6520832,4096
2271078,process3,WRITE,9793536,4096
2271213,process3,WRITE,2715648,4096
2271726,process2,WRITE,10412032,4096
2272245,process1,WRITE,701751296,4096
2272430,process0,WRITE,9453568,4096
2273340,process0,WRITE,6111232,4096
2273397,process2,WRITE,256655360,4096
2274157,process2,WRITE,2531328,4096
2274525,process1,WRITE,1454080,4096
2275263,process2,WRITE,6619136,4096
2275288,process3,WRITE,3031040,4096
2275382,process1,WRITE,5337088,4096
2275595,process0,WRITE,5722112,4096
2276163,process1,WRITE,8966144,4096
2276536,process1,WRITE,5718016,4096
2276826,process1,WRITE,5079040,4096
2277814,process0,WRITE,1941504,4096
2278761,process1,WRITE,294912,4096
2278992,process0,WRITE,5570560,4096
2279173,process2,WRITE,170975232,4096
2280100,process2,WRITE,7544832,4096
2280934,process3,WRITE,700416,4096
2281593,process0,WRITE,7385088,4096
2282247,process3,WRITE,1626112,4096
2282748,process1,WRITE,3366912,4096
2283351,process0,WRITE,327409664,4096
2284042,process2,WRITE,889212928,4096
2284678,process3,WRITE,360448,4096
2285293,process3,WRITE,2682880,4096
2285812,process0,WRITE,3616768,4096
2286161,process2,WRITE,824299520,4096
2286850,process0,WRITE,4030464,4096
2287244,process2,WRITE,6361088,4096
2287285,process1,WRITE,5758976,4096
2287315,process0,WRITE,2744320,4096
2287808,process1,WRITE,9027584,4096
2288742,process1,WRITE,3448832,4096
2289435,process0,WRITE,995328,4096
2290192,process3,WRITE,94208,4096
2290434,process1,WRITE,3194880,4096
2291322,process1,WRITE,907710464,4096
2291859,process3,WRITE,6803456,4096
2291971,process1,WRITE,3592192,4096
2292952,process0,WRITE,6451200,4096
2293458,process2,WRITE,957616128,4096
2293570,process3,WRITE,6139904,4096
2293975,process0,WRITE,1400832,4096
2294260,process2,WRITE,9383936,4096
2294997,process0,WRITE,2621440,4096
2295782,process2,WRITE,8421376,4096
2296772,process0,WRITE,687116288,4096
2296844,process0,WRITE,1986560,4096
2296979,process0,WRITE,4444160,4096
2297514,process0,WRITE,93048832,4096
2297539,process3,WRITE,9560064,4096
2298506,process2,WRITE,39411712,4096
2298998,process1,WRITE,8454144,4096
2299505,process0,WRITE,5967872,4096
2299889,process2,WRITE,9859072,4096
2300498,process3,WRITE,2850816,4096
2300873,process0,WRITE,6762496,4096
2301559,process1,WRITE,2830336,4096
2302286,process2,WRITE,3747840,4096
2302318,process3,WRITE,3436544,4096
2302375,process0,WRITE,4579328,4096
2302578,process0,WRITE,9240576,4096
2303295,process2,WRITE,3592192,4096
2303316,process2,WRITE,10117120,4096
2303985,process1,WRITE,1011712,4096
2304258,process1,WRITE,2494464,4096
2304797,process1,WRITE,2146304,4096
2304899,process3,WRITE,5742592,4096
2305352,process0,WRITE,1970176,4096
2305433,process3,WRITE,5021696,4096
2305639,process2,WRITE,2949120,4096
2305911,process1,WRITE,892928,4096
2306337,process1,WRITE,81920,4096
2306701,process3,WRITE,1916928,4096
2307406,process2,WRITE,4366336,4096
2308062,process1,WRITE,1142784,4096
2308849,process0,WRITE,3833856,4096
2309277,process2,WRITE,6410240,4096
2310031,process3,WRITE,4308992,4096
2310139,process3,WRITE,7192576,4096
2310903,process0,WRITE,1576960,4096
2311432,process0,WRITE,10006528,4096
2311866,process3,WRITE,430080,4096
2312241,process0,WRITE,425984,4096
2312705,process3,WRITE,2191360,4096
2313544,process1,WRITE,7254016,4096
2313984,process0,WRITE,7561216,4096
2314241,process0,WRITE,654221312,4096
2314779,process0,WRITE,10158080,4096
2315304,process2,WRITE,68448256,4096
2316079,process0,WRITE,434176,4096
2316212,process0,WRITE,1335296,4096
2316818,process2,WRITE,6356992,4096
2317572,process0,WRITE,3878912,4096
2318119,process0,WRITE,1380352,4096
2318984,process2,WRITE,2572288,4096
2319224,process3,WRITE,4804608,4096
2319382,process3,WRITE,7692288,4096
2319800,process2,WRITE,1060864,4096
2320316,process3,WRITE,8790016,4096
2321294,process2,WRITE,915652608,4096
2322263,process3,WRITE,6717440,4096
2323132,process1,WRITE,9830400,4096
2323675,process3,WRITE,9510912,4096
2324559,process2,WRITE,8110080,4096
2324745,process2,WRITE,9863168,4096
2324794,process2,WRITE,7692288,4096
2325368,process3,WRITE,7110656,4096
2325819,process2,WRITE,9113600,4096
2326701,process3,WRITE,1642496,4096
2327522,process2,WRITE,9879552,4096
2327572,process0,WRITE,7639040,4096
2328411,process2,WRITE,10022912,4096
2328485,process2,WRITE,4550656,4096
2329452,process0,WRITE,5214208,4096
2329851,process1,WRITE,9527296,4096
2330733,process0,WRITE,7106560,4096
2330927,process3,WRITE,6791168,4096
2331594,process0,WRITE,8687616,4096
2331838,process3,WRITE,9752576,4096
2332551,process0,WRITE,272842752,4096
2332916,process1,WRITE,9269248,4096
2333247,process1,WRITE,1773568,4096
2333266,process2,WRITE,7593984,4096
2333581,process1,WRITE,7897088,4096
2334262,process1,WRITE,4390912,4096
2334491,process1,WRITE,3346432,4096
2334864,process0,WRITE,8433664,4096
2334966,process2,WRITE,344064,4096
2335920,process2,WRITE,65536,4096
2336462,process3,WRITE,6377472,4096
2337307,process1,WRITE,7589888,4096
2337709,process2,WRITE,6918144,4096
2337723,process2,WRITE,6537216,4096
2338242,process0,WRITE,9834496,4096
2339234,process1,WRITE,9687040,4096
2339989,process2,WRITE,9773056,4096
2340762,process2,WRITE,4509696,4096
2341169,process0,WRITE,8196096,4096
2341451,process1,WRITE,9441280,4096
2342258,process2,WRITE,9510912,4096
2343258,process3,WRITE,480608256,4096
2344082,process3,WRITE,4038656,4096
2344906,process2,WRITE,7184384,4096
2345419,process2,WRITE,8007680,4096
2346075,process3,WRITE,2351104,4096
2346405,process1,WRITE,3600384,4096
2347051,process0,WRITE,424165376,4096
2347931,process3,WRITE,4259840,4096
2348648,process2,WRITE,5677056,4096
2348909,process1,WRITE,999424,4096
2349773,process1,WRITE,7872512,4096
2350609,process3,WRITE,5001216,4096
2350913,process2,WRITE,8200192,4096
2351268,process1,WRITE,6557696,4096
2351671,process0,WRITE,2789376,4096
2352034,process0,WRITE,7499776,4096
2352941,process2,WRITE,7561216,4096
2353068,process0,WRITE,10203136,4096
2353347,process0,WRITE,2486272,4096
2353588,process3,WRITE,792993792,4096
2354393,process0,WRITE,482545664,4096
2355029,process3,WRITE,2785280,4096
2355829,process0,WRITE,1814528,4096
2356134,process3,WRITE,3653632,4096
2356222,process3,WRITE,268505088,4096
2356598,process0,WRITE,10362880,4096
2357145,process0,WRITE,4231168,4096
2357642,process3,WRITE,7770112,4096
2358423,process1,WRITE,4980736,4096
2358648,process2,WRITE,487424,4096
2359223,process1,WRITE,4984832,4096
2359738,process3,WRITE,3026944,4096
2360341,process0,WRITE,2768896,4096
2361002,process3,WRITE,7249920,4096
2361236,process1,WRITE,6266880,4096
2361618,process2,WRITE,4145152,4096
2362565,process1,WRITE,10027008,4096
2362916,process3,WRITE,1642496,4096
2362999,process1,WRITE,3833856,4096
2363508,process0,WRITE,589295616,4096
2363878,process3,WRITE,5738496,4096
2364313,process0,WRITE,9052160,4096
2364852,process0,WRITE,8581120,4096
2365791,process3,WRITE,9785344,4096
2365847,process0,WRITE,3268608,4096
2366518,process2,WRITE,8978432,4096
2367327,process2,WRITE,10682368,4096
2368144,process1,WRITE,7380992,4096
2368525,process1,WRITE,9920512,4096
2369421,process1,WRITE,3141632,4096
2369790,process0,WRITE,6676480,4096
2369791,process3,WRITE,6905856,4096
2370741,process1,WRITE,160665600,4096
2371030,process2,WRITE,7843840,4096
2371212,process2,WRITE,2252800,4096
2371460,process0,WRITE,5632000,4096
2371990,process3,WRITE,1040990208,4096
2372368,process2,WRITE,9449472,4096
2373269,process1,WRITE,596865024,4096
2373901,process3,WRITE,4825088,4096
2374593,process2,WRITE,2035712,4096
2375354,process2,WRITE,9596928,4096
2375716,process2,WRITE,8589312,4096
2376141,process3,WRITE,7741440,4096
2376148,process1,WRITE,2764800,4096
2376527,process3,WRITE,4575232,4096
2377303,process1,WRITE,9830400,4096
2378135,process2,WRITE,620744704,4096
2379067,process1,WRITE,1798144,4096
2379748,process2,WRITE,8011776,4096
2380694,process1,WRITE,151629824,4096
2380788,process1,WRITE,9838592,4096
2381121,process0,WRITE,581632,4096
2381564,process1,WRITE,35065856,4096
2381991,process3,WRITE,3862528,4096
2382570,process0,WRITE,643072,4096
2382623,process2,WRITE,3579904,4096
2383541,process3,WRITE,9396224,4096
2384151,process1,WRITE,4988928,4096
2384769,process0,WRITE,5455872,4096
2385357,process2,WRITE,5394432,4096
2385465,process1,WRITE,5967872,4096
2386283,process1,WRITE,9490432,4096
2386441,process1,WRITE,339968,4096
2387289,process3,WRITE,5091328,4096
2388073,process0,WRITE,2314240,4096
2388756,process3,WRITE,3256320,4096
2388832,process2,WRITE,725442560,4096
2389201,process3,WRITE,4665344,4096
2389421,process0,WRITE,5947392,4096
2389430,process2,WRITE,9646080,4096
2389828,process2,WRITE,1847296,4096
2390621,process0,WRITE,221184,4096
2391420,process1,WRITE,6631424,4096
2391952,process0,WRITE,1654784,4096
2392302,process0,WRITE,7176192,4096
2392954,process0,WRITE,4362240,4096
2393426,process3,WRITE,7569408,4096
2393653,process1,WRITE,6623232,4096
2393703,process1,WRITE,2408448,4096
2394017,process2,WRITE,3350528,4096
2394018,process3,WRITE,4210688,4096
2394816,process2,WRITE,5742592,4096
2395491,process1,WRITE,5099520,4096
2396457,process2,WRITE,1400832,4096
2396990,process2,WRITE,829263872,4096
2397828,process2,WRITE,3293184,4096
2398641,process0,WRITE,962560,4096
2398996,process2,WRITE,326434816,4096
2399636,process2,WRITE,6815744,4096
2399890,process3,WRITE,3960832,4096
2400295,process0,WRITE,6086656,4096
2400768,process1,WRITE,5349376,4096
2401289,process1,WRITE,9814016,4096
2401961,process0,WRITE,9195520,4096
2402183,process1,WRITE,6516736,4096
2402379,process1,WRITE,10301440,4096
2403066,process3,WRITE,5697536,4096
2403397,process1,WRITE,3653632,4096
2404293,process0,WRITE,10158080,4096
2404548,process0,WRITE,7798784,4096
2405315,process2,WRITE,9576448,4096
2405704,process0,WRITE,292339712,4096
2406187,process2,WRITE,10018816,4096
2406652,process0,WRITE,1662976,4096
2407080,process2,WRITE,6057984,4096
2407577,process3,WRITE,6639616,4096
2407710,process1,WRITE,342552576,4096
2407743,process1,WRITE,76787712,4096
2408202,process3,WRITE,5369856,4096
2408818,process1,WRITE,5894144,4096
2409432,process3,WRITE,3821568,4096
2410323,process3,WRITE,10137600,4096
2410786,process2,WRITE,5922816,4096
2411336,process2,WRITE,9166848,4096
2411931,process1,WRITE,9465856,4096
2412884,process1,WRITE,1777664,4096
2413749,process1,WRITE,143360,4096
2414092,process3,WRITE,2871296,4096
2414465,process2,WRITE,154116096,4096
2415016,process0,WRITE,3624960,4096
2415569,process3,WRITE,9383936,4096
2416155,process2,WRITE,6258688,4096
2416609,process2,WRITE,6549504,4096
2417579,process1,WRITE,6787072,4096
2417776,process3,WRITE,5492736,4096
2418450,process0,WRITE,7057408,4096
2418577,process1,WRITE,5603328,4096
2419501,process3,WRITE,6008832,4096
2420124,process3,WRITE,16384,4096
2420486,process1,WRITE,3080192,4096
2420955,process1,WRITE,2396160,4096
2421494,process1,WRITE,7589888,4096
2422325,process0,WRITE,614400,4096
2422919,process0,WRITE,10653696,4096
2423176,process2,WRITE,6074368,4096
2423925,process2,WRITE,5525504,4096
2424352,process3,WRITE,618496,4096
2425280,process3,WRITE,5521408,4096
2426076,process2,WRITE,10141696,4096
2426635,process2,WRITE,7970816,4096
2427465,process1,WRITE,6934528,4096
2427908,process1,WRITE,7585792,4096
2428294,process3,WRITE,372736,4096
2428807,process2,WRITE,176128,4096
2428879,process0,WRITE,419643392,4096
2428982,process1,WRITE,9768960,4096
2429120,process2,WRITE,9805824,4096
2429553,process2,WRITE,5251072,4096
2430208,process3,WRITE,8712192,4096
2430765,process1,WRITE,6934528,4096
2430830,process3,WRITE,726188032,4096
2431482,process3,WRITE,2576384,4096
2432413,process3,WRITE,2850816,4096
2432641,process2,WRITE,9687040,4096
2432659,process0,WRITE,98287616,4096
2432936,process0,WRITE,196395008,4096
2433809,process1,WRITE,10653696,4096
2433897,process1,WRITE,6193152,4096
2433932,process3,WRITE,2711552,4096
2434388,process1,WRITE,2551808,4096
2434644,process3,WRITE,7778304,4096
2435402,process2,WRITE,10035200,4096
2435967,process0,WRITE,4407296,4096
2436579,process0,WRITE,4734976,4096
2437209,process1,WRITE,241262592,4096
2438171,process2,WRITE,10518528,4096
2438851,process3,WRITE,6144000,4096
2439641,process1,WRITE,10416128,4096
2440365,process0,WRITE,5332992,4096
2441052,process1,WRITE,5107712,4096
2441326,process2,WRITE,5795840,4096
2441987,process0,WRITE,5582848,4096
2442553,process0,WRITE,3993600,4096
2443488,process0,WRITE,7970816,4096
2443705,process3,WRITE,9093120,4096
2444695,process0,WRITE,2408448,4096
2445077,process1,WRITE,2437120,4096
2445352,process2,WRITE,5017600,4096
2445807,process2,WRITE,7204864,4096
2446044,process2,WRITE,3076096,4096
2446221,process2,WRITE,9752576,4096
2446377,process1,WRITE,6201344,4096
2446722,process0,WRITE,4874240,4096
2447552,process0,WRITE,2093056,4096
2447557,process0,WRITE,9019392,4096
2447753,process3,WRITE,4661248,4096
2447778,process0,WRITE,8667136,4096
2447795,process3,WRITE,3399680,4096
2448186,process2,WRITE,6905856,4096
2448939,process0,WRITE,6598656,4096
2449923,process0,WRITE,10018816,4096
2450626,process2,WRITE,7516160,4096
2450774,process1,WRITE,2007040,4096
2450954,process0,WRITE,175153152,4096
2451127,process3,WRITE,5881856,4096
2451134,process0,WRITE,7524352,4096
2451392,process2,WRITE,4513792,4096
2451498,process3,WRITE,9314304,4096
2452333,process0,WRITE,363597824,4096
2452465,process1,WRITE,294912,4096
2453230,process3,WRITE,10539008,4096
2453291,process0,WRITE,5173248,4096
