timestamp,process_id,user_id,type,address,size
261,small_user1,1,READ,0x10000000000,8192
267,small_user1,1,READ,0x10000002000,16384
395,small_user1,1,READ,0x10000006000,8192
519,small_user1,1,READ,0x10000008000,4096
724,small_user0,0,READ,0x0,8192
986,small_user1,1,READ,0x10000009000,4096
1181,small_user1,1,READ,0x1000000a000,8192
1270,large_user1,3,WRITE,0x30000000000,262144
1454,large_user1,3,WRITE,0x30000040000,131072
1791,small_user1,1,READ,0x1000000c000,16384
1977,small_user0,0,READ,0x2000,16384
2196,large_user1,3,WRITE,0x30000060000,65536
2198,small_user1,1,WRITE,0x10000010000,16384
2248,small_user0,0,READ,0x6000,4096
2273,small_user0,0,READ,0x7000,8192
2313,small_user1,1,READ,0x10000014000,4096
2396,small_user0,0,READ,0x9000,16384
2536,small_user1,1,WRITE,0x10000015000,8192
2794,small_user0,0,READ,0xd000,8192
2872,small_user1,1,READ,0x10000017000,4096
3165,small_user1,1,READ,0x10000018000,8192
3280,small_user0,0,WRITE,0xf000,16384
3314,large_user0,2,WRITE,0x20000000000,131072
3530,small_user1,1,WRITE,0x1000001a000,16384
3552,small_user0,0,WRITE,0x13000,16384
3563,small_user1,1,READ,0x1000001e000,4096
3747,small_user1,1,READ,0x1000001f000,4096
3755,small_user1,1,WRITE,0x10000020000,8192
3764,small_user0,0,WRITE,0x17000,8192
3883,small_user1,1,WRITE,0x10000022000,8192
4063,small_user0,0,READ,0x19000,16384
4214,small_user1,1,READ,0x10000024000,4096
4236,small_user0,0,WRITE,0x1d000,16384
4245,small_user1,1,WRITE,0x10000025000,16384
4562,small_user1,1,READ,0x10000029000,16384
4623,large_user0,2,READ,0x20000020000,131072
4708,small_user1,1,READ,0x1000002d000,8192
4786,small_user0,0,READ,0x21000,4096
5227,small_user0,0,READ,0x22000,4096
5404,large_user0,2,WRITE,0x20000040000,262144
5495,small_user1,1,READ,0x1000002f000,16384
5670,small_user0,0,READ,0x23000,4096
5709,small_user0,0,WRITE,0x24000,16384
5964,small_user1,1,WRITE,0x10000033000,4096
6035,large_user1,3,READ,0x30000070000,131072
6058,large_user1,3,WRITE,0x30000090000,262144
6119,small_user0,0,READ,0x28000,16384
6163,small_user1,1,READ,0x10000034000,4096
6207,small_user1,1,READ,0x10000035000,4096
6446,small_user0,0,READ,0x2c000,8192
6460,small_user0,0,READ,0x2e000,4096
6685,small_user1,1,READ,0x10000036000,4096
6903,small_user0,0,WRITE,0x2f000,4096
7008,small_user1,1,READ,0x10000037000,16384
7039,small_user0,0,READ,0x30000,16384
7144,small_user0,0,READ,0x34000,16384
7268,small_user0,0,WRITE,0x38000,8192
7514,small_user0,0,READ,0x3a000,16384
7621,small_user0,0,READ,0x3e000,4096
7715,large_user1,3,READ,0x300000d0000,65536
7781,small_user0,0,WRITE,0x3f000,4096
7938,small_user1,1,READ,0x1000003b000,4096
8124,small_user0,0,READ,0x40000,4096
8783,small_user1,1,READ,0x1000003c000,16384
8958,small_user0,0,READ,0x41000,4096
9003,large_user0,2,READ,0x20000080000,131072
9279,small_user1,1,READ,0x10000040000,8192
9328,small_user1,1,WRITE,0x10000042000,4096
9477,small_user1,1,WRITE,0x10000043000,16384
9824,large_user1,3,WRITE,0x300000e0000,131072
9960,small_user1,1,READ,0x10000047000,4096
10402,small_user1,1,READ,0x10000048000,4096
10681,small_user0,0,WRITE,0x42000,16384
10684,small_user0,0,READ,0x46000,16384
10813,large_user1,3,READ,0x30000100000,262144
11665,large_user1,3,WRITE,0x30000140000,65536
11872,small_user0,0,READ,0x4a000,4096
11919,small_user0,0,READ,0x4b000,8192
12292,small_user0,0,WRITE,0x4d000,16384
12375,small_user0,0,READ,0x51000,8192
12422,small_user1,1,WRITE,0x10000049000,4096
12488,large_user1,3,READ,0x30000150000,65536
12726,small_user0,0,READ,0x53000,4096
12828,small_user1,1,READ,0x1000004a000,4096
12917,small_user0,0,WRITE,0x54000,8192
13080,small_user1,1,WRITE,0x1000004b000,4096
13316,large_user0,2,READ,0x200000a0000,65536
13414,small_user1,1,READ,0x1000004c000,4096
13514,small_user1,1,READ,0x1000004d000,4096
13679,small_user0,0,READ,0x56000,16384
13813,small_user1,1,READ,0x1000004e000,4096
13899,small_user1,1,WRITE,0x1000004f000,4096
14020,small_user0,0,READ,0x5a000,16384
14070,small_user0,0,READ,0x5e000,4096
14185,small_user1,1,READ,0x10000050000,8192
14593,large_user1,3,READ,0x30000160000,65536
14793,small_user0,0,READ,0x5f000,16384
14876,small_user1,1,READ,0x10000052000,4096
15058,small_user0,0,WRITE,0x63000,8192
15077,small_user0,0,READ,0x65000,16384
15230,small_user1,1,READ,0x10000053000,16384
15239,small_user1,1,READ,0x10000057000,8192
15262,small_user1,1,READ,0x10000059000,8192
15272,small_user1,1,READ,0x1000005b000,8192
15358,small_user1,1,WRITE,0x1000005d000,8192
15434,small_user0,0,READ,0x69000,16384
15583,small_user1,1,READ,0x1000005f000,8192
15597,small_user0,0,READ,0x6d000,16384
15651,small_user0,0,READ,0x71000,16384
15900,small_user1,1,READ,0x10000061000,4096
15934,small_user1,1,WRITE,0x10000062000,8192
16024,small_user0,0,WRITE,0x75000,16384
16134,small_user0,0,READ,0x79000,16384
16140,small_user0,0,WRITE,0x7d000,16384
16144,small_user1,1,WRITE,0x10000064000,4096
16392,small_user0,0,READ,0x81000,16384
16603,small_user0,0,READ,0x85000,4096
16772,small_user0,0,READ,0x86000,4096
17128,large_user0,2,WRITE,0x200000b0000,65536
17442,small_user1,1,READ,0x10000065000,4096
17710,small_user1,1,WRITE,0x10000066000,8192
17781,large_user0,2,WRITE,0x200000c0000,65536
17830,small_user0,0,READ,0x87000,16384
18249,large_user0,2,WRITE,0x200000d0000,131072
18335,small_user0,0,READ,0x8b000,4096
18372,small_user1,1,WRITE,0x10000068000,16384
18544,small_user0,0,READ,0x8c000,4096
18692,small_user0,0,READ,0x8d000,16384
18808,small_user1,1,READ,0x1000006c000,4096
18903,small_user0,0,READ,0x91000,16384
18986,small_user0,0,WRITE,0x95000,4096
18990,small_user1,1,WRITE,0x1000006d000,4096
19307,small_user0,0,READ,0x96000,8192
19309,large_user1,3,WRITE,0x30000170000,262144
19497,small_user1,1,WRITE,0x1000006e000,8192
19864,small_user1,1,READ,0x10000070000,16384
19911,large_user1,3,WRITE,0x300001b0000,131072
19962,small_user1,1,READ,0x10000074000,8192
20083,small_user0,0,READ,0x98000,4096
20148,small_user1,1,READ,0x10000076000,4096
20150,large_user0,2,WRITE,0x200000f0000,131072
20356,small_user1,1,READ,0x10000077000,4096
20417,small_user1,1,WRITE,0x10000078000,8192
20458,small_user0,0,READ,0x99000,8192
20682,small_user0,0,READ,0x9b000,16384
20883,small_user0,0,WRITE,0x9f000,16384
21441,small_user0,0,READ,0xa3000,16384
21809,small_user1,1,READ,0x1000007a000,8192
22109,small_user0,0,READ,0xa7000,8192
22297,small_user1,1,READ,0x1000007c000,4096
22328,small_user0,0,READ,0xa9000,8192
22399,small_user0,0,WRITE,0xab000,8192
22419,small_user0,0,WRITE,0xad000,8192
22423,small_user0,0,READ,0xaf000,16384
22457,small_user1,1,WRITE,0x1000007d000,16384
22549,small_user1,1,READ,0x10000081000,8192
22639,small_user0,0,WRITE,0xb3000,8192
22664,small_user1,1,READ,0x10000083000,4096
22714,small_user1,1,READ,0x10000084000,16384
22755,large_user1,3,READ,0x300001d0000,262144
22909,small_user0,0,READ,0xb5000,16384
23152,small_user1,1,WRITE,0x10000088000,16384
23430,small_user0,0,READ,0xb9000,8192
23458,small_user1,1,READ,0x1000008c000,4096
23551,small_user1,1,WRITE,0x1000008d000,16384
23726,small_user0,0,READ,0xbb000,16384
23958,large_user1,3,READ,0x30000210000,262144
24124,small_user0,0,READ,0xbf000,4096
24575,small_user1,1,READ,0x10000091000,8192
24580,small_user0,0,READ,0xc0000,8192
24678,small_user1,1,WRITE,0x10000093000,16384
24767,small_user1,1,READ,0x10000097000,8192
24800,small_user1,1,WRITE,0x10000099000,8192
24836,small_user0,0,READ,0xc2000,4096
24948,small_user0,0,READ,0xc3000,4096
25195,small_user0,0,READ,0xc4000,4096
25324,small_user0,0,READ,0xc5000,4096
25397,small_user1,1,WRITE,0x1000009b000,4096
25589,small_user0,0,READ,0xc6000,4096
25680,small_user1,1,READ,0x1000009c000,8192
25703,small_user1,1,READ,0x1000009e000,4096
25761,small_user0,0,WRITE,0xc7000,8192
25783,small_user1,1,READ,0x1000009f000,4096
25826,small_user0,0,READ,0xc9000,16384
25843,small_user0,0,READ,0xcd000,16384
26284,large_user1,3,WRITE,0x30000250000,262144
26285,small_user1,1,READ,0x100000a0000,4096
26447,small_user1,1,WRITE,0x100000a1000,8192
26462,small_user0,0,READ,0xd1000,16384
26738,small_user1,1,READ,0x100000a3000,8192
26741,small_user0,0,WRITE,0xd5000,4096
26848,small_user0,0,READ,0xd6000,4096
26998,small_user0,0,WRITE,0xd7000,16384
27045,small_user1,1,READ,0x100000a5000,4096
27070,small_user0,0,WRITE,0xdb000,16384
27113,small_user1,1,READ,0x100000a6000,16384
27272,small_user1,1,READ,0x100000aa000,8192
27338,small_user0,0,READ,0xdf000,4096
27591,small_user0,0,WRITE,0xe0000,16384
27804,small_user1,1,WRITE,0x100000ac000,16384
28279,small_user0,0,READ,0xe4000,16384
28515,large_user0,2,WRITE,0x20000110000,131072
28891,small_user1,1,WRITE,0x100000b0000,4096
29180,small_user1,1,READ,0x100000b1000,8192
29265,small_user0,0,READ,0xe8000,16384
29289,small_user0,0,READ,0xec000,4096
29378,small_user1,1,WRITE,0x100000b3000,4096
29429,small_user1,1,READ,0x100000b4000,4096
29486,small_user0,0,WRITE,0xed000,4096
29630,small_user1,1,READ,0x100000b5000,8192
29640,small_user1,1,READ,0x100000b7000,8192
29873,small_user0,0,READ,0xee000,4096
29956,small_user1,1,READ,0x100000b9000,8192
29976,small_user0,0,READ,0xef000,4096
30162,small_user0,0,READ,0xf0000,4096
30208,small_user1,1,WRITE,0x100000bb000,16384
30583,small_user0,0,WRITE,0xf1000,16384
30998,small_user0,0,READ,0xf5000,16384
31002,small_user1,1,WRITE,0x100000bf000,8192
31084,small_user0,0,READ,0xf9000,8192
31096,small_user1,1,READ,0x100000c1000,4096
31165,small_user0,0,READ,0xfb000,4096
31436,small_user0,0,READ,0xfc000,16384
31612,small_user1,1,READ,0x100000c2000,8192
31712,small_user1,1,READ,0x100000c4000,4096
31962,small_user0,0,READ,0x100000,4096
32091,small_user0,0,READ,0x101000,16384
32142,small_user1,1,WRITE,0x100000c5000,8192
32225,small_user1,1,READ,0x100000c7000,8192
32242,small_user0,0,READ,0x105000,4096
32280,small_user1,1,READ,0x100000c9000,8192
32361,large_user1,3,WRITE,0x30000290000,65536
32596,small_user0,0,READ,0x106000,8192
32630,small_user1,1,READ,0x100000cb000,16384
32682,small_user1,1,READ,0x100000cf000,16384
33011,small_user1,1,READ,0x100000d3000,4096
33023,small_user0,0,READ,0x108000,4096
33234,small_user1,1,READ,0x100000d4000,8192
33265,small_user1,1,READ,0x100000d6000,8192
33346,small_user1,1,READ,0x100000d8000,16384
33438,small_user1,1,WRITE,0x100000dc000,8192
33509,small_user1,1,READ,0x100000de000,16384
33654,small_user1,1,WRITE,0x100000e2000,8192
33723,small_user1,1,WRITE,0x100000e4000,4096
33794,small_user1,1,WRITE,0x100000e5000,16384
33897,small_user0,0,READ,0x109000,4096
33993,small_user1,1,READ,0x100000e9000,16384
34466,small_user0,0,READ,0x10a000,16384
34483,small_user1,1,READ,0x100000ed000,16384
34589,large_user1,3,READ,0x300002a0000,262144
34816,small_user0,0,WRITE,0x10e000,4096
34872,small_user1,1,READ,0x100000f1000,16384
34934,small_user1,1,READ,0x100000f5000,4096
35137,small_user1,1,WRITE,0x100000f6000,16384
35408,small_user0,0,READ,0x10f000,4096
35635,small_user1,1,READ,0x100000fa000,4096
35933,small_user1,1,READ,0x100000fb000,8192
36137,small_user1,1,READ,0x100000fd000,8192
36220,small_user1,1,READ,0x100000ff000,16384
36317,small_user1,1,READ,0x10000103000,4096
36501,small_user1,1,READ,0x10000104000,16384
36580,small_user0,0,READ,0x110000,16384
36673,small_user0,0,READ,0x114000,8192
36869,small_user0,0,READ,0x116000,8192
36905,small_user1,1,WRITE,0x10000108000,16384
36950,small_user0,0,READ,0x118000,16384
37388,large_user1,3,WRITE,0x300002e0000,131072
37496,small_user1,1,READ,0x1000010c000,8192
37733,small_user1,1,READ,0x1000010e000,4096
37893,large_user0,2,READ,0x20000130000,65536
37961,small_user0,0,WRITE,0x11c000,16384
37966,small_user1,1,READ,0x1000010f000,8192
38082,small_user1,1,READ,0x10000111000,8192
38165,small_user1,1,READ,0x10000113000,16384
38216,small_user0,0,READ,0x120000,16384
38302,small_user0,0,WRITE,0x124000,16384
38307,small_user1,1,READ,0x10000117000,16384
38347,small_user1,1,WRITE,0x1000011b000,8192
38365,small_user1,1,READ,0x1000011d000,8192
38473,small_user1,1,READ,0x1000011f000,8192
38592,small_user1,1,READ,0x10000121000,16384
38778,small_user1,1,READ,0x10000125000,8192
38841,small_user1,1,WRITE,0x10000127000,8192
38855,small_user1,1,WRITE,0x10000129000,4096
39028,small_user1,1,READ,0x1000012a000,4096
39202,small_user1,1,READ,0x1000012b000,16384
39337,small_user1,1,READ,0x1000012f000,16384
39381,small_user0,0,READ,0x128000,4096
39413,small_user1,1,WRITE,0x10000133000,4096
39873,small_user0,0,READ,0x129000,4096
40079,small_user1,1,WRITE,0x10000134000,16384
40223,small_user1,1,WRITE,0x10000138000,4096
40446,small_user0,0,READ,0x12a000,8192
40533,small_user1,1,WRITE,0x10000139000,4096
40768,small_user1,1,READ,0x1000013a000,4096
40827,small_user0,0,WRITE,0x12c000,8192
41102,small_user1,1,READ,0x1000013b000,16384
41136,small_user0,0,READ,0x12e000,16384
41142,small_user0,0,READ,0x132000,16384
41719,small_user1,1,WRITE,0x1000013f000,4096
41769,small_user0,0,READ,0x136000,4096
41769,small_user0,0,WRITE,0x137000,8192
42318,small_user1,1,READ,0x10000140000,4096
42343,small_user1,1,READ,0x10000141000,4096
42362,large_user1,3,READ,0x30000300000,65536
42536,small_user0,0,READ,0x139000,16384
42726,small_user0,0,WRITE,0x13d000,8192
42750,small_user1,1,READ,0x10000142000,8192
43339,small_user0,0,READ,0x13f000,8192
43362,small_user0,0,WRITE,0x141000,16384
43420,small_user1,1,WRITE,0x10000144000,8192
43445,small_user0,0,READ,0x145000,16384
43488,large_user1,3,WRITE,0x30000310000,65536
43587,small_user0,0,READ,0x149000,16384
43695,small_user0,0,WRITE,0x14d000,4096
43939,small_user1,1,READ,0x10000146000,8192
44103,large_user0,2,WRITE,0x20000140000,262144
44486,small_user1,1,READ,0x10000148000,16384
44730,small_user1,1,READ,0x1000014c000,8192
44849,small_user1,1,READ,0x1000014e000,16384
45113,small_user0,0,READ,0x14e000,4096
45447,small_user1,1,READ,0x10000152000,8192
45511,small_user0,0,WRITE,0x14f000,16384
45815,small_user1,1,WRITE,0x10000154000,16384
45996,small_user1,1,READ,0x10000158000,16384
46245,small_user1,1,READ,0x1000015c000,4096
46248,small_user1,1,WRITE,0x1000015d000,8192
46259,small_user0,0,READ,0x153000,8192
46618,large_user0,2,READ,0x20000180000,131072
46771,large_user0,2,WRITE,0x200001a0000,65536
46831,small_user1,1,READ,0x1000015f000,16384
46999,small_user1,1,READ,0x10000163000,8192
47008,large_user1,3,WRITE,0x30000320000,65536
47348,small_user0,0,WRITE,0x155000,8192
47446,small_user1,1,READ,0x10000165000,8192
47480,small_user1,1,READ,0x10000167000,4096
47651,small_user0,0,READ,0x157000,4096
47661,large_user0,2,WRITE,0x200001b0000,131072
47970,small_user0,0,WRITE,0x158000,8192
48005,small_user0,0,READ,0x15a000,8192
48076,small_user1,1,WRITE,0x10000168000,16384
48103,small_user0,0,READ,0x15c000,16384
48379,small_user0,0,WRITE,0x160000,16384
48449,small_user1,1,READ,0x1000016c000,16384
48534,small_user1,1,READ,0x10000170000,16384
48548,small_user0,0,WRITE,0x164000,16384
48607,small_user0,0,READ,0x168000,4096
48859,small_user0,0,WRITE,0x169000,4096
48938,small_user1,1,WRITE,0x10000174000,16384
49039,small_user0,0,READ,0x16a000,8192
49398,small_user1,1,WRITE,0x10000178000,4096
49401,large_user1,3,WRITE,0x30000330000,131072
49668,small_user0,0,READ,0x16c000,4096
49678,small_user0,0,READ,0x16d000,16384
49813,large_user0,2,READ,0x200001d0000,262144
49817,small_user0,0,READ,0x171000,16384
49818,large_user1,3,READ,0x30000350000,131072
49858,small_user0,0,READ,0x175000,8192
50018,small_user0,0,WRITE,0x177000,4096
50039,small_user1,1,READ,0x10000179000,16384
50239,small_user1,1,WRITE,0x1000017d000,8192
50452,small_user0,0,WRITE,0x178000,16384
50816,small_user0,0,READ,0x17c000,4096
51193,small_user1,1,WRITE,0x1000017f000,8192
51403,small_user0,0,READ,0x17d000,16384
51643,small_user1,1,WRITE,0x10000181000,8192
51719,small_user0,0,READ,0x181000,4096
51826,small_user0,0,READ,0x182000,16384
52033,small_user1,1,WRITE,0x10000183000,16384
52191,small_user1,1,READ,0x10000187000,16384
52328,small_user1,1,READ,0x1000018b000,4096
52360,small_user0,0,READ,0x186000,16384
52395,small_user0,0,READ,0x18a000,8192
52592,small_user1,1,READ,0x1000018c000,8192
52782,small_user1,1,WRITE,0x1000018e000,16384
52875,small_user0,0,READ,0x18c000,16384
53136,small_user1,1,READ,0x10000192000,16384
53251,small_user0,0,WRITE,0x190000,16384
53345,small_user0,0,READ,0x194000,8192
53740,small_user0,0,READ,0x196000,4096
53903,small_user1,1,WRITE,0x10000196000,16384
53982,small_user0,0,WRITE,0x197000,4096
54691,small_user1,1,READ,0x1000019a000,4096
54844,small_user1,1,READ,0x1000019b000,4096
54860,large_user0,2,WRITE,0x20000210000,262144
55236,small_user0,0,READ,0x198000,16384
55280,small_user0,0,READ,0x19c000,16384
55372,small_user1,1,READ,0x1000019c000,16384
55392,small_user0,0,READ,0x1a0000,16384
55565,small_user0,0,READ,0x1a4000,4096
55709,small_user0,0,READ,0x1a5000,8192
56330,small_user0,0,READ,0x1a7000,16384
56480,small_user0,0,WRITE,0x1ab000,8192
56613,small_user1,1,WRITE,0x100001a0000,8192
56821,small_user1,1,READ,0x100001a2000,8192
56897,small_user0,0,READ,0x1ad000,4096
56939,small_user1,1,READ,0x100001a4000,4096
57028,small_user1,1,READ,0x100001a5000,4096
57382,small_user1,1,WRITE,0x100001a6000,4096
57400,small_user1,1,WRITE,0x100001a7000,16384
57412,small_user1,1,READ,0x100001ab000,16384
57431,small_user0,0,WRITE,0x1ae000,8192
57498,small_user0,0,WRITE,0x1b0000,16384
57574,small_user1,1,WRITE,0x100001af000,16384
57648,small_user0,0,READ,0x1b4000,8192
58027,large_user1,3,WRITE,0x30000370000,262144
58053,small_user0,0,READ,0x1b6000,8192
58102,small_user1,1,WRITE,0x100001b3000,8192
58331,small_user0,0,WRITE,0x1b8000,4096
58638,small_user0,0,READ,0x1b9000,4096
58791,small_user0,0,READ,0x1ba000,8192
58794,large_user0,2,WRITE,0x20000250000,131072
58813,small_user1,1,READ,0x100001b5000,4096
59133,small_user1,1,READ,0x100001b6000,4096
59179,small_user0,0,WRITE,0x1bc000,4096
59204,small_user1,1,WRITE,0x100001b7000,4096
59298,small_user0,0,READ,0x1bd000,4096
59309,small_user1,1,WRITE,0x100001b8000,16384
59584,small_user0,0,WRITE,0x1be000,4096
59599,small_user1,1,READ,0x100001bc000,4096
59841,small_user0,0,READ,0x1bf000,16384
59996,small_user0,0,READ,0x1c3000,4096
60165,small_user0,0,READ,0x1c4000,8192
60214,large_user1,3,READ,0x300003b0000,262144
60306,small_user0,0,READ,0x1c6000,16384
60402,small_user1,1,READ,0x100001bd000,8192
60489,small_user1,1,READ,0x100001bf000,8192
60553,large_user0,2,WRITE,0x20000270000,131072
60576,small_user1,1,READ,0x100001c1000,4096
60652,small_user0,0,WRITE,0x1ca000,16384
60698,small_user1,1,READ,0x100001c2000,4096
60799,small_user1,1,WRITE,0x100001c3000,8192
60830,small_user0,0,READ,0x1ce000,4096
60966,small_user0,0,READ,0x1cf000,16384
61068,small_user1,1,WRITE,0x100001c5000,16384
61192,small_user0,0,READ,0x1d3000,4096
61266,small_user1,1,READ,0x100001c9000,4096
61311,small_user0,0,READ,0x1d4000,8192
61408,small_user1,1,WRITE,0x100001ca000,4096
61412,large_user0,2,READ,0x20000290000,262144
61574,small_user0,0,READ,0x1d6000,4096
61685,large_user0,2,READ,0x200002d0000,65536
61765,small_user0,0,READ,0x1d7000,8192
62117,small_user1,1,READ,0x100001cb000,8192
62120,small_user0,0,READ,0x1d9000,4096
62675,small_user0,0,WRITE,0x1da000,16384
62809,small_user0,0,READ,0x1de000,16384
62849,small_user0,0,READ,0x1e2000,8192
62979,small_user0,0,READ,0x1e4000,16384
63176,small_user1,1,WRITE,0x100001cd000,16384
63479,small_user1,1,READ,0x100001d1000,4096
63528,small_user0,0,READ,0x1e8000,8192
63628,small_user1,1,WRITE,0x100001d2000,8192
63855,small_user0,0,READ,0x1ea000,16384
63895,small_user0,0,WRITE,0x1ee000,16384
64629,small_user1,1,READ,0x100001d4000,4096
64670,small_user1,1,READ,0x100001d5000,16384
64905,small_user1,1,WRITE,0x100001d9000,4096
64918,small_user0,0,WRITE,0x1f2000,8192
65129,small_user1,1,READ,0x100001da000,4096
65335,small_user0,0,READ,0x1f4000,8192
65408,small_user1,1,READ,0x100001db000,4096
65488,small_user0,0,WRITE,0x1f6000,4096
65535,small_user1,1,READ,0x100001dc000,4096
65583,small_user1,1,READ,0x100001dd000,8192
65852,small_user1,1,READ,0x100001df000,8192
66121,small_user0,0,WRITE,0x1f7000,4096
66140,small_user1,1,READ,0x100001e1000,4096
66170,small_user1,1,WRITE,0x100001e2000,8192
66173,small_user0,0,WRITE,0x1f8000,8192
66464,small_user0,0,READ,0x1fa000,8192
66602,small_user0,0,READ,0x1fc000,8192
66674,small_user1,1,WRITE,0x100001e4000,8192
66712,large_user1,3,READ,0x300003f0000,131072
66979,small_user0,0,WRITE,0x1fe000,16384
67143,small_user0,0,WRITE,0x202000,8192
67154,small_user1,1,READ,0x100001e6000,4096
67171,large_user1,3,READ,0x30000410000,262144
67554,small_user0,0,READ,0x204000,16384
67907,small_user0,0,WRITE,0x208000,8192
67999,small_user0,0,READ,0x20a000,16384
68238,small_user1,1,READ,0x100001e7000,8192
68367,small_user0,0,READ,0x20e000,8192
68379,small_user0,0,READ,0x210000,8192
68487,small_user0,0,READ,0x212000,8192
69039,small_user0,0,READ,0x214000,16384
69112,small_user1,1,WRITE,0x100001e9000,4096
69661,small_user0,0,READ,0x218000,4096
69812,small_user0,0,READ,0x219000,16384
70054,small_user1,1,READ,0x100001ea000,16384
70094,small_user0,0,READ,0x21d000,8192
70280,small_user0,0,READ,0x21f000,8192
70343,small_user0,0,WRITE,0x221000,4096
70456,small_user1,1,WRITE,0x100001ee000,8192
70655,small_user0,0,WRITE,0x222000,4096
70690,small_user0,0,WRITE,0x223000,16384
70821,small_user0,0,READ,0x227000,8192
70991,small_user0,0,READ,0x229000,8192
71212,small_user0,0,READ,0x22b000,16384
71335,small_user0,0,READ,0x22f000,8192
71607,small_user1,1,WRITE,0x100001f0000,8192
71767,small_user1,1,READ,0x100001f2000,8192
71779,small_user0,0,READ,0x231000,16384
72329,small_user1,1,READ,0x100001f4000,16384
72362,small_user1,1,WRITE,0x100001f8000,16384
72460,small_user1,1,READ,0x100001fc000,4096
72503,small_user0,0,READ,0x235000,8192
72590,small_user0,0,WRITE,0x237000,4096
72607,small_user1,1,READ,0x100001fd000,4096
72885,small_user1,1,WRITE,0x100001fe000,8192
73281,small_user0,0,READ,0x238000,4096
73310,small_user1,1,READ,0x10000200000,4096
73380,small_user1,1,READ,0x10000201000,16384
73430,small_user1,1,READ,0x10000205000,8192
73516,large_user0,2,READ,0x200002e0000,262144
73779,small_user1,1,READ,0x10000207000,8192
73912,small_user1,1,WRITE,0x10000209000,4096
74072,small_user0,0,READ,0x239000,4096
74237,small_user0,0,READ,0x23a000,16384
74719,small_user0,0,READ,0x23e000,4096
74787,small_user0,0,READ,0x23f000,8192
75040,small_user1,1,WRITE,0x1000020a000,16384
75145,small_user1,1,WRITE,0x1000020e000,16384
76048,small_user1,1,WRITE,0x10000212000,8192
76552,small_user0,0,WRITE,0x241000,4096
76806,small_user0,0,READ,0x242000,4096
76850,small_user1,1,WRITE,0x10000214000,16384
77056,small_user0,0,READ,0x243000,4096
77080,large_user1,3,READ,0x30000450000,262144
77148,small_user0,0,READ,0x244000,8192
77205,small_user0,0,READ,0x246000,4096
77645,small_user0,0,READ,0x247000,16384
77807,small_user1,1,READ,0x10000218000,4096
77833,small_user0,0,READ,0x24b000,4096
77965,small_user1,1,WRITE,0x10000219000,8192
77994,small_user1,1,READ,0x1000021b000,16384
78219,small_user1,1,WRITE,0x1000021f000,16384
78353,large_user0,2,READ,0x20000320000,262144
78914,small_user0,0,READ,0x24c000,16384
79102,large_user1,3,READ,0x30000490000,65536
79153,small_user0,0,READ,0x250000,4096
79159,small_user0,0,READ,0x251000,16384
79306,small_user0,0,READ,0x255000,4096
79338,small_user0,0,READ,0x256000,16384
79475,small_user0,0,READ,0x25a000,16384
79508,small_user0,0,READ,0x25e000,16384
79551,small_user0,0,READ,0x262000,16384
79576,small_user0,0,WRITE,0x266000,4096
79683,small_user1,1,WRITE,0x10000223000,16384
79877,small_user1,1,READ,0x10000227000,8192
79957,small_user0,0,WRITE,0x267000,4096
80010,small_user1,1,READ,0x10000229000,16384
80260,small_user0,0,READ,0x268000,16384
81050,large_user1,3,READ,0x300004a0000,65536
81361,small_user1,1,READ,0x1000022d000,16384
81369,small_user0,0,READ,0x26c000,8192
81644,small_user0,0,READ,0x26e000,4096
81896,large_user0,2,WRITE,0x20000360000,262144
81906,small_user1,1,WRITE,0x10000231000,8192
82028,large_user0,2,WRITE,0x200003a0000,65536
82185,small_user1,1,READ,0x10000233000,4096
82533,small_user1,1,READ,0x10000234000,16384
82547,small_user1,1,WRITE,0x10000238000,8192
82585,small_user0,0,READ,0x26f000,8192
82666,small_user0,0,WRITE,0x271000,16384
82673,small_user0,0,WRITE,0x275000,8192
82767,small_user1,1,READ,0x1000023a000,16384
83053,small_user1,1,WRITE,0x1000023e000,4096
83057,large_user1,3,WRITE,0x300004b0000,262144
83158,small_user1,1,READ,0x1000023f000,16384
83166,small_user1,1,READ,0x10000243000,16384
83407,small_user0,0,WRITE,0x277000,4096
83893,small_user1,1,READ,0x10000247000,4096
84168,small_user1,1,READ,0x10000248000,4096
84208,small_user1,1,WRITE,0x10000249000,8192
84731,large_user0,2,WRITE,0x200003b0000,131072
85179,small_user1,1,READ,0x1000024b000,16384
85180,large_user0,2,WRITE,0x200003d0000,65536
85375,small_user1,1,WRITE,0x1000024f000,4096
85397,small_user1,1,WRITE,0x10000250000,8192
85498,small_user1,1,WRITE,0x10000252000,8192
85735,small_user1,1,WRITE,0x10000254000,16384
85746,small_user1,1,READ,0x10000258000,8192
85774,small_user1,1,READ,0x1000025a000,16384
85845,small_user0,0,READ,0x278000,16384
85993,small_user1,1,READ,0x1000025e000,4096
86064,small_user0,0,READ,0x27c000,8192
86313,small_user0,0,READ,0x27e000,8192
86388,large_user0,2,WRITE,0x200003e0000,262144
86396,small_user0,0,READ,0x280000,16384
86402,small_user1,1,READ,0x1000025f000,4096
86606,small_user0,0,READ,0x284000,8192
87084,small_user0,0,READ,0x286000,4096
87164,small_user1,1,READ,0x10000260000,16384
87400,small_user0,0,WRITE,0x287000,16384
87539,small_user1,1,READ,0x10000264000,4096
87872,small_user1,1,WRITE,0x10000265000,8192
87967,small_user1,1,WRITE,0x10000267000,8192
88164,small_user0,0,READ,0x28b000,4096
88222,small_user0,0,READ,0x28c000,4096
88238,small_user1,1,READ,0x10000269000,4096
88317,small_user1,1,READ,0x1000026a000,4096
88322,small_user0,0,READ,0x28d000,4096
88384,small_user0,0,READ,0x28e000,16384
88395,small_user1,1,READ,0x1000026b000,8192
88404,small_user0,0,WRITE,0x292000,16384
88536,small_user1,1,WRITE,0x1000026d000,16384
88814,small_user0,0,READ,0x296000,16384
89151,small_user1,1,READ,0x10000271000,4096
89321,small_user0,0,READ,0x29a000,16384
89447,small_user1,1,READ,0x10000272000,16384
89598,large_user0,2,READ,0x20000420000,131072
89733,large_user1,3,WRITE,0x300004f0000,262144
89866,small_user1,1,READ,0x10000276000,16384
90109,large_user0,2,WRITE,0x20000440000,65536
90380,small_user1,1,WRITE,0x1000027a000,4096
90691,small_user1,1,READ,0x1000027b000,4096
90864,small_user0,0,READ,0x29e000,4096
91228,small_user0,0,WRITE,0x29f000,8192
91277,small_user1,1,READ,0x1000027c000,16384
91334,large_user0,2,READ,0x20000450000,262144
91339,large_user1,3,READ,0x30000530000,131072
91421,small_user1,1,READ,0x10000280000,4096
91620,small_user1,1,READ,0x10000281000,8192
91631,small_user1,1,READ,0x10000283000,4096
91696,small_user1,1,WRITE,0x10000284000,8192
91737,small_user0,0,WRITE,0x2a1000,16384
92024,small_user0,0,READ,0x2a5000,8192
92054,small_user1,1,READ,0x10000286000,4096
92293,small_user0,0,READ,0x2a7000,4096
92400,small_user1,1,WRITE,0x10000287000,16384
92419,large_user1,3,READ,0x30000550000,262144
92477,small_user0,0,READ,0x2a8000,16384
92639,small_user0,0,READ,0x2ac000,4096
92678,small_user1,1,WRITE,0x1000028b000,4096
92686,small_user1,1,READ,0x1000028c000,4096
92779,small_user0,0,READ,0x2ad000,4096
92792,small_user1,1,READ,0x1000028d000,8192
92845,small_user0,0,WRITE,0x2ae000,16384
92874,small_user1,1,READ,0x1000028f000,16384
92895,small_user0,0,WRITE,0x2b2000,16384
92920,small_user1,1,WRITE,0x10000293000,4096
92969,small_user1,1,WRITE,0x10000294000,4096
92979,small_user0,0,READ,0x2b6000,8192
93059,small_user0,0,WRITE,0x2b8000,16384
93121,large_user0,2,READ,0x20000490000,131072
93174,small_user1,1,READ,0x10000295000,16384
93349,small_user0,0,READ,0x2bc000,8192
93443,small_user1,1,READ,0x10000299000,4096
93462,small_user0,0,READ,0x2be000,16384
93997,small_user1,1,READ,0x1000029a000,16384
94181,small_user1,1,READ,0x1000029e000,8192
94612,small_user1,1,READ,0x100002a0000,4096
94751,small_user0,0,READ,0x2c2000,16384
95147,small_user0,0,READ,0x2c6000,8192
95640,small_user0,0,READ,0x2c8000,4096
95899,small_user1,1,WRITE,0x100002a1000,16384
96063,small_user0,0,READ,0x2c9000,4096
96301,small_user0,0,WRITE,0x2ca000,8192
96376,small_user1,1,WRITE,0x100002a5000,4096
96466,small_user1,1,WRITE,0x100002a6000,16384
96469,small_user1,1,READ,0x100002aa000,16384
96521,small_user0,0,READ,0x2cc000,4096
96706,small_user0,0,READ,0x2cd000,16384
96751,small_user1,1,WRITE,0x100002ae000,8192
97026,small_user1,1,WRITE,0x100002b0000,8192
97160,large_user1,3,WRITE,0x30000590000,65536
97178,small_user1,1,WRITE,0x100002b2000,16384
97214,large_user1,3,READ,0x300005a0000,131072
97332,small_user1,1,WRITE,0x100002b6000,16384
97348,small_user1,1,WRITE,0x100002ba000,16384
97390,small_user0,0,READ,0x2d1000,16384
97433,large_user0,2,READ,0x200004b0000,131072
97459,small_user0,0,READ,0x2d5000,8192
97764,small_user1,1,READ,0x100002be000,16384
97897,small_user0,0,READ,0x2d7000,8192
98051,small_user0,0,WRITE,0x2d9000,16384
98102,small_user1,1,WRITE,0x100002c2000,4096
98219,small_user0,0,READ,0x2dd000,4096
98232,small_user0,0,READ,0x2de000,16384
98253,small_user0,0,WRITE,0x2e2000,8192
98292,small_user0,0,READ,0x2e4000,4096
98445,small_user0,0,READ,0x2e5000,16384
98532,large_user0,2,WRITE,0x200004d0000,131072
98664,small_user1,1,READ,0x100002c3000,16384
98683,small_user1,1,READ,0x100002c7000,4096
98864,small_user0,0,READ,0x2e9000,16384
98913,small_user1,1,READ,0x100002c8000,8192
99152,small_user1,1,WRITE,0x100002ca000,4096
99505,small_user0,0,WRITE,0x2ed000,4096
99506,small_user1,1,READ,0x100002cb000,4096
99654,small_user1,1,WRITE,0x100002cc000,16384
99796,small_user0,0,READ,0x2ee000,16384
99887,large_user1,3,READ,0x300005c0000,65536
99933,small_user0,0,WRITE,0x2f2000,8192
100003,small_user0,0,READ,0x2f4000,4096
100040,small_user0,0,WRITE,0x2f5000,8192
100094,small_user0,0,READ,0x2f7000,16384
100131,small_user1,1,READ,0x100002d0000,16384
100246,small_user1,1,READ,0x100002d4000,4096
100506,large_user1,3,WRITE,0x300005d0000,262144
101275,small_user1,1,WRITE,0x100002d5000,16384
101481,small_user1,1,READ,0x100002d9000,4096
101596,large_user1,3,READ,0x30000610000,131072
101651,large_user1,3,WRITE,0x30000630000,65536
101851,small_user1,1,READ,0x100002da000,16384
101994,large_user0,2,WRITE,0x200004f0000,262144
102104,small_user1,1,READ,0x100002de000,4096
102208,small_user0,0,WRITE,0x2fb000,4096
102650,small_user0,0,WRITE,0x2fc000,4096
103133,small_user1,1,READ,0x100002df000,8192
103302,small_user0,0,WRITE,0x2fd000,4096
103464,small_user0,0,READ,0x2fe000,4096
103477,small_user0,0,WRITE,0x2ff000,4096
103493,small_user0,0,READ,0x300000,16384
103553,small_user0,0,WRITE,0x304000,8192
103571,small_user0,0,WRITE,0x306000,16384
103674,small_user1,1,WRITE,0x100002e1000,8192
103702,large_user1,3,WRITE,0x30000640000,131072
103705,small_user1,1,READ,0x100002e3000,4096
103839,small_user1,1,READ,0x100002e4000,16384
103902,small_user0,0,READ,0x30a000,8192
103937,small_user1,1,READ,0x100002e8000,8192
104057,large_user0,2,WRITE,0x20000530000,65536
104251,small_user0,0,READ,0x30c000,4096
104383,small_user1,1,READ,0x100002ea000,16384
104398,small_user1,1,READ,0x100002ee000,16384
104454,small_user0,0,WRITE,0x30d000,4096
104807,small_user1,1,WRITE,0x100002f2000,8192
104891,small_user0,0,WRITE,0x30e000,4096
105056,small_user1,1,READ,0x100002f4000,16384
105241,small_user0,0,WRITE,0x30f000,16384
105339,small_user1,1,READ,0x100002f8000,16384
105721,small_user0,0,READ,0x313000,16384
105994,small_user0,0,WRITE,0x317000,16384
106420,small_user0,0,WRITE,0x31b000,4096
106727,small_user0,0,WRITE,0x31c000,4096
106778,small_user0,0,READ,0x31d000,8192
106846,small_user0,0,READ,0x31f000,8192
107218,small_user0,0,READ,0x321000,4096
107241,large_user0,2,WRITE,0x20000540000,262144
107522,large_user1,3,WRITE,0x30000660000,262144
107599,small_user0,0,READ,0x322000,4096
107694,small_user1,1,READ,0x100002fc000,4096
107955,small_user0,0,WRITE,0x323000,16384
108038,small_user1,1,READ,0x100002fd000,16384
108198,small_user0,0,READ,0x327000,4096
108588,small_user1,1,WRITE,0x10000301000,8192
108718,small_user0,0,WRITE,0x328000,4096
108756,small_user0,0,READ,0x329000,4096
109031,small_user0,0,WRITE,0x32a000,8192
109169,small_user0,0,READ,0x32c000,16384
109269,small_user1,1,READ,0x10000303000,16384
109783,small_user0,0,WRITE,0x330000,4096
109897,small_user0,0,READ,0x331000,4096
109959,large_user0,2,WRITE,0x20000580000,262144
110322,small_user0,0,READ,0x332000,8192
110346,small_user1,1,WRITE,0x10000307000,8192
110631,small_user1,1,READ,0x10000309000,4096
110686,large_user0,2,WRITE,0x200005c0000,65536
110954,small_user0,0,READ,0x334000,4096
111026,small_user0,0,READ,0x335000,16384
111082,small_user0,0,READ,0x339000,16384
111297,small_user1,1,READ,0x1000030a000,16384
111310,small_user1,1,WRITE,0x1000030e000,4096
111428,small_user1,1,READ,0x1000030f000,4096
111619,small_user1,1,READ,0x10000310000,4096
111620,small_user1,1,WRITE,0x10000311000,8192
111647,small_user1,1,READ,0x10000313000,8192
111800,small_user1,1,READ,0x10000315000,4096
112165,small_user1,1,READ,0x10000316000,16384
112410,small_user1,1,READ,0x1000031a000,8192
112555,small_user0,0,READ,0x33d000,8192
112649,small_user1,1,READ,0x1000031c000,4096
112670,large_user1,3,WRITE,0x300006a0000,65536
112711,small_user1,1,READ,0x1000031d000,4096
112892,small_user0,0,WRITE,0x33f000,8192
113146,small_user0,0,READ,0x341000,4096
113264,small_user1,1,WRITE,0x1000031e000,16384
113346,small_user1,1,WRITE,0x10000322000,4096
113632,large_user1,3,WRITE,0x300006b0000,65536
113686,small_user1,1,READ,0x10000323000,4096
113838,small_user0,0,READ,0x342000,16384
113972,small_user1,1,READ,0x10000324000,8192
114029,small_user0,0,WRITE,0x346000,16384
114377,small_user0,0,WRITE,0x34a000,16384
114480,small_user0,0,READ,0x34e000,4096
114498,small_user1,1,WRITE,0x10000326000,8192
114663,small_user0,0,WRITE,0x34f000,8192
114961,small_user1,1,READ,0x10000328000,8192
115064,small_user1,1,READ,0x1000032a000,8192
115220,small_user0,0,WRITE,0x351000,8192
115338,small_user1,1,WRITE,0x1000032c000,8192
115339,large_user1,3,READ,0x300006c0000,262144
115351,small_user0,0,READ,0x353000,8192
115424,small_user0,0,READ,0x355000,8192
115622,small_user1,1,WRITE,0x1000032e000,4096
115709,small_user0,0,READ,0x357000,4096
115716,small_user1,1,READ,0x1000032f000,4096
115750,small_user0,0,WRITE,0x358000,4096
115902,small_user0,0,READ,0x359000,4096
115988,small_user0,0,WRITE,0x35a000,16384
116494,small_user1,1,READ,0x10000330000,4096
116706,small_user0,0,READ,0x35e000,16384
116720,small_user0,0,READ,0x362000,8192
116975,small_user0,0,READ,0x364000,16384
117502,small_user0,0,READ,0x368000,16384
117518,small_user1,1,WRITE,0x10000331000,8192
117559,small_user0,0,READ,0x36c000,8192
117585,small_user0,0,READ,0x36e000,8192
117921,small_user1,1,READ,0x10000333000,4096
117971,large_user1,3,READ,0x30000700000,131072
118126,small_user0,0,READ,0x370000,4096
118320,small_user1,1,READ,0x10000334000,8192
118492,small_user0,0,READ,0x371000,16384
118558,small_user0,0,READ,0x375000,8192
118821,small_user1,1,READ,0x10000336000,4096
118888,small_user1,1,READ,0x10000337000,4096
118890,small_user1,1,READ,0x10000338000,8192
118948,small_user1,1,READ,0x1000033a000,8192
119109,small_user0,0,READ,0x377000,8192
119145,small_user0,0,READ,0x379000,8192
119169,small_user0,0,WRITE,0x37b000,8192
119364,small_user0,0,READ,0x37d000,4096
119531,small_user0,0,WRITE,0x37e000,8192
119789,large_user1,3,READ,0x30000720000,131072
119809,small_user0,0,READ,0x380000,16384
119846,small_user0,0,READ,0x384000,16384
120122,small_user1,1,READ,0x1000033c000,16384
120157,small_user1,1,WRITE,0x10000340000,4096
120157,large_user1,3,WRITE,0x30000740000,262144
120559,small_user0,0,READ,0x388000,16384
120591,small_user1,1,READ,0x10000341000,16384
120734,small_user0,0,READ,0x38c000,16384
120937,small_user0,0,WRITE,0x390000,4096
120967,small_user1,1,READ,0x10000345000,16384
121186,small_user0,0,READ,0x391000,4096
121215,small_user1,1,READ,0x10000349000,8192
121375,small_user1,1,READ,0x1000034b000,8192
121463,small_user1,1,WRITE,0x1000034d000,16384
121482,small_user0,0,READ,0x392000,16384
121840,large_user0,2,READ,0x200005d0000,262144
121921,small_user1,1,WRITE,0x10000351000,4096
122275,small_user1,1,WRITE,0x10000352000,16384
122573,small_user1,1,READ,0x10000356000,8192
122721,small_user1,1,READ,0x10000358000,4096
122888,small_user1,1,READ,0x10000359000,8192
123361,small_user1,1,READ,0x1000035b000,4096
123407,small_user1,1,WRITE,0x1000035c000,4096
123691,small_user0,0,READ,0x396000,8192
123983,small_user1,1,READ,0x1000035d000,16384
124171,small_user1,1,READ,0x10000361000,16384
124318,small_user1,1,READ,0x10000365000,16384
124324,small_user0,0,WRITE,0x398000,4096
124330,small_user1,1,READ,0x10000369000,4096
124688,small_user1,1,READ,0x1000036a000,16384
124937,small_user0,0,WRITE,0x399000,16384
124988,small_user0,0,READ,0x39d000,16384
124990,small_user0,0,WRITE,0x3a1000,8192
125214,small_user1,1,READ,0x1000036e000,4096
125258,small_user0,0,READ,0x3a3000,16384
125537,small_user0,0,READ,0x3a7000,4096
125641,small_user0,0,WRITE,0x3a8000,4096
125751,small_user0,0,READ,0x3a9000,8192
125763,small_user0,0,READ,0x3ab000,16384
125796,small_user1,1,READ,0x1000036f000,16384
125862,small_user0,0,WRITE,0x3af000,4096
125907,small_user0,0,READ,0x3b0000,4096
126216,small_user0,0,READ,0x3b1000,8192
126240,small_user0,0,READ,0x3b3000,16384
126560,small_user1,1,READ,0x10000373000,16384
126674,small_user0,0,WRITE,0x3b7000,8192
126690,small_user0,0,WRITE,0x3b9000,16384
126730,small_user0,0,READ,0x3bd000,16384
126778,small_user1,1,READ,0x10000377000,8192
127061,small_user0,0,WRITE,0x3c1000,16384
127231,small_user1,1,READ,0x10000379000,8192
127618,small_user0,0,READ,0x3c5000,16384
127628,small_user0,0,READ,0x3c9000,16384
127964,small_user0,0,READ,0x3cd000,16384
127983,small_user1,1,WRITE,0x1000037b000,8192
128246,small_user0,0,READ,0x3d1000,8192
128247,small_user0,0,READ,0x3d3000,16384
128518,small_user1,1,READ,0x1000037d000,16384
128637,small_user0,0,WRITE,0x3d7000,4096
128815,small_user0,0,READ,0x3d8000,16384
128895,small_user0,0,READ,0x3dc000,16384
128979,small_user1,1,WRITE,0x10000381000,16384
129189,small_user1,1,READ,0x10000385000,4096
129653,small_user0,0,WRITE,0x3e0000,16384
129973,small_user0,0,READ,0x3e4000,16384
130048,small_user1,1,READ,0x10000386000,16384
130186,small_user1,1,READ,0x1000038a000,8192
130239,small_user1,1,READ,0x1000038c000,4096
130461,small_user1,1,READ,0x1000038d000,16384
130599,small_user1,1,READ,0x10000391000,8192
130611,small_user0,0,READ,0x3e8000,4096
131196,small_user1,1,READ,0x10000393000,8192
131216,small_user0,0,WRITE,0x3e9000,16384
131224,small_user0,0,WRITE,0x3ed000,16384
131249,small_user0,0,READ,0x3f1000,16384
131270,small_user0,0,READ,0x3f5000,8192
131427,small_user1,1,WRITE,0x10000395000,16384
131455,small_user0,0,READ,0x3f7000,16384
131818,small_user0,0,READ,0x3fb000,16384
131865,small_user0,0,READ,0x3ff000,8192
131922,small_user0,0,READ,0x401000,4096
132007,large_user0,2,WRITE,0x20000610000,262144
132013,small_user1,1,READ,0x10000399000,16384
132047,small_user0,0,READ,0x402000,8192
132517,small_user0,0,WRITE,0x404000,8192
132678,small_user1,1,READ,0x1000039d000,8192
132927,small_user1,1,WRITE,0x1000039f000,4096
132960,small_user1,1,READ,0x100003a0000,4096
133180,small_user1,1,READ,0x100003a1000,8192
133801,small_user1,1,WRITE,0x100003a3000,16384
133903,small_user1,1,WRITE,0x100003a7000,8192
134022,small_user0,0,READ,0x406000,16384
134087,small_user1,1,READ,0x100003a9000,8192
134088,small_user0,0,READ,0x40a000,16384
134185,small_user0,0,READ,0x40e000,4096
134206,small_user1,1,READ,0x100003ab000,4096
134359,large_user0,2,WRITE,0x20000650000,131072
134400,small_user1,1,READ,0x100003ac000,4096
134509,small_user0,0,READ,0x40f000,4096
134535,small_user1,1,READ,0x100003ad000,16384
134768,small_user1,1,READ,0x100003b1000,8192
134958,small_user0,0,READ,0x410000,8192
135340,small_user1,1,READ,0x100003b3000,4096
135581,small_user0,0,READ,0x412000,8192
135610,large_user0,2,READ,0x20000670000,65536
135736,small_user0,0,READ,0x414000,16384
135750,small_user0,0,READ,0x418000,16384
135972,small_user0,0,WRITE,0x41c000,4096
135983,small_user0,0,READ,0x41d000,16384
136300,small_user1,1,READ,0x100003b4000,8192
136423,small_user1,1,WRITE,0x100003b6000,8192
137091,small_user1,1,READ,0x100003b8000,4096
137105,small_user1,1,READ,0x100003b9000,8192
137149,small_user0,0,READ,0x421000,8192
137204,small_user0,0,READ,0x423000,4096
137301,small_user0,0,READ,0x424000,16384
137353,small_user0,0,WRITE,0x428000,8192
137375,small_user1,1,READ,0x100003bb000,16384
137388,large_user0,2,READ,0x20000680000,65536
137417,small_user1,1,WRITE,0x100003bf000,4096
137633,small_user0,0,READ,0x42a000,4096
137673,small_user0,0,READ,0x42b000,4096
137695,small_user0,0,READ,0x42c000,4096
137767,small_user0,0,READ,0x42d000,16384
137924,small_user0,0,READ,0x431000,4096
137974,small_user0,0,WRITE,0x432000,4096
138151,small_user0,0,READ,0x433000,16384
138197,small_user1,1,WRITE,0x100003c0000,8192
138229,small_user0,0,READ,0x437000,16384
138248,large_user0,2,WRITE,0x20000690000,65536
138346,small_user0,0,READ,0x43b000,16384
138357,small_user1,1,READ,0x100003c2000,16384
138359,small_user0,0,READ,0x43f000,8192
138602,small_user0,0,READ,0x441000,16384
138620,small_user1,1,READ,0x100003c6000,4096
138979,large_user0,2,READ,0x200006a0000,131072
138994,small_user1,1,WRITE,0x100003c7000,8192
139253,small_user0,0,WRITE,0x445000,16384
139318,small_user1,1,READ,0x100003c9000,4096
139361,small_user0,0,WRITE,0x449000,16384
139514,small_user1,1,WRITE,0x100003ca000,4096
139528,small_user0,0,READ,0x44d000,16384
139554,small_user1,1,WRITE,0x100003cb000,4096
139707,small_user1,1,READ,0x100003cc000,8192
139754,small_user1,1,READ,0x100003ce000,4096
139872,small_user1,1,READ,0x100003cf000,8192
140470,large_user1,3,WRITE,0x30000780000,131072
140800,small_user0,0,READ,0x451000,4096
140879,small_user0,0,READ,0x452000,16384
140917,small_user1,1,READ,0x100003d1000,8192
141070,small_user1,1,READ,0x100003d3000,8192
141332,small_user0,0,READ,0x456000,16384
141340,small_user1,1,WRITE,0x100003d5000,16384
141499,small_user1,1,READ,0x100003d9000,8192
141683,small_user0,0,READ,0x45a000,16384
141758,small_user1,1,READ,0x100003db000,16384
141761,small_user1,1,READ,0x100003df000,16384
141811,small_user1,1,READ,0x100003e3000,4096
141949,small_user1,1,READ,0x100003e4000,4096
141969,small_user0,0,WRITE,0x45e000,8192
141997,small_user1,1,READ,0x100003e5000,4096
142011,small_user0,0,READ,0x460000,4096
142082,small_user1,1,WRITE,0x100003e6000,16384
142221,small_user0,0,WRITE,0x461000,8192
142517,small_user0,0,WRITE,0x463000,4096
142885,small_user0,0,READ,0x464000,8192
142960,small_user1,1,READ,0x100003ea000,16384
143028,small_user0,0,READ,0x466000,8192
143234,small_user0,0,WRITE,0x468000,8192
143426,small_user1,1,READ,0x100003ee000,16384
143509,small_user0,0,READ,0x46a000,4096
143724,small_user1,1,READ,0x100003f2000,8192
143795,small_user0,0,WRITE,0x46b000,8192
143816,small_user1,1,READ,0x100003f4000,8192
143819,large_user1,3,READ,0x300007a0000,65536
144003,small_user0,0,READ,0x46d000,4096
144026,small_user1,1,READ,0x100003f6000,8192
144180,small_user0,0,WRITE,0x46e000,16384
144698,small_user1,1,WRITE,0x100003f8000,16384
144779,small_user0,0,READ,0x472000,16384
144810,small_user0,0,READ,0x476000,4096
145002,small_user0,0,READ,0x477000,16384
145137,small_user0,0,READ,0x47b000,8192
145304,small_user0,0,WRITE,0x47d000,4096
145362,small_user0,0,READ,0x47e000,4096
145366,small_user1,1,READ,0x100003fc000,16384
145401,small_user0,0,READ,0x47f000,4096
145558,small_user1,1,WRITE,0x10000400000,8192
145701,small_user1,1,READ,0x10000402000,4096
146117,small_user1,1,READ,0x10000403000,8192
146124,small_user0,0,READ,0x480000,8192
146277,small_user1,1,READ,0x10000405000,16384
146539,small_user1,1,READ,0x10000409000,4096
147063,small_user0,0,WRITE,0x482000,16384
147081,small_user1,1,READ,0x1000040a000,4096
147408,small_user0,0,READ,0x486000,4096
147413,small_user0,0,READ,0x487000,4096
147571,small_user1,1,READ,0x1000040b000,8192
147915,small_user0,0,READ,0x488000,8192
148019,small_user0,0,WRITE,0x48a000,4096
148102,small_user0,0,READ,0x48b000,16384
148228,small_user1,1,READ,0x1000040d000,8192
148410,small_user1,1,READ,0x1000040f000,4096
148892,small_user0,0,READ,0x48f000,4096
149209,small_user0,0,READ,0x490000,16384
149214,small_user0,0,READ,0x494000,16384
149215,small_user0,0,WRITE,0x498000,4096
149565,small_user1,1,READ,0x10000410000,16384
149715,large_user0,2,WRITE,0x200006c0000,131072
149741,small_user0,0,READ,0x499000,4096
149821,small_user1,1,WRITE,0x10000414000,8192
149993,small_user0,0,READ,0x49a000,16384
150053,small_user0,0,WRITE,0x49e000,4096
150111,small_user0,0,READ,0x49f000,8192
150232,small_user1,1,READ,0x10000416000,16384
150252,small_user0,0,WRITE,0x4a1000,4096
150358,small_user1,1,READ,0x1000041a000,16384
150399,small_user1,1,READ,0x1000041e000,8192
150406,small_user0,0,READ,0x4a2000,16384
150487,small_user1,1,READ,0x10000420000,4096
150516,small_user0,0,READ,0x4a6000,4096
150732,small_user1,1,WRITE,0x10000421000,4096
151775,large_user1,3,READ,0x300007b0000,262144
152127,small_user0,0,READ,0x4a7000,4096
152213,small_user1,1,READ,0x10000422000,8192
152238,small_user0,0,READ,0x4a8000,8192
152578,large_user0,2,WRITE,0x200006e0000,65536
152638,small_user1,1,WRITE,0x10000424000,4096
152656,small_user0,0,READ,0x4aa000,4096
152705,small_user0,0,WRITE,0x4ab000,16384
152765,small_user0,0,WRITE,0x4af000,4096
152793,large_user1,3,READ,0x300007f0000,65536
152845,small_user1,1,READ,0x10000425000,8192
152920,small_user0,0,WRITE,0x4b0000,16384
152962,small_user0,0,WRITE,0x4b4000,4096
152999,small_user1,1,READ,0x10000427000,16384
153334,small_user0,0,WRITE,0x4b5000,16384
153361,small_user1,1,READ,0x1000042b000,8192
153600,small_user0,0,READ,0x4b9000,16384
153705,small_user1,1,READ,0x1000042d000,16384
153705,small_user1,1,READ,0x10000431000,16384
153945,small_user0,0,READ,0x4bd000,16384
154020,small_user1,1,READ,0x10000435000,8192
154025,small_user0,0,READ,0x4c1000,16384
154036,small_user0,0,READ,0x4c5000,8192
154135,small_user0,0,WRITE,0x4c7000,8192
154469,small_user0,0,READ,0x4c9000,8192
154486,small_user1,1,READ,0x10000437000,16384
154803,small_user1,1,READ,0x1000043b000,4096
154887,small_user0,0,READ,0x4cb000,4096
154974,small_user0,0,READ,0x4cc000,4096
155154,small_user1,1,WRITE,0x1000043c000,16384
155416,small_user1,1,READ,0x10000440000,16384
155536,small_user0,0,READ,0x4cd000,8192
155726,small_user0,0,WRITE,0x4cf000,4096
155743,small_user0,0,WRITE,0x4d0000,16384
156448,small_user1,1,WRITE,0x10000444000,4096
156479,large_user0,2,WRITE,0x200006f0000,131072
156536,small_user0,0,READ,0x4d4000,4096
156568,small_user0,0,WRITE,0x4d5000,8192
156592,small_user0,0,READ,0x4d7000,8192
156610,small_user1,1,WRITE,0x10000445000,16384
157207,small_user0,0,READ,0x4d9000,4096
157220,small_user1,1,READ,0x10000449000,8192
157227,small_user0,0,READ,0x4da000,16384
157229,small_user1,1,WRITE,0x1000044b000,8192
157647,small_user0,0,READ,0x4de000,16384
157918,small_user0,0,READ,0x4e2000,16384
157959,small_user1,1,READ,0x1000044d000,4096
157993,small_user1,1,WRITE,0x1000044e000,8192
158064,large_user0,2,READ,0x20000710000,262144
158147,small_user0,0,READ,0x4e6000,4096
158150,small_user0,0,READ,0x4e7000,16384
158207,small_user1,1,READ,0x10000450000,8192
158524,small_user0,0,READ,0x4eb000,4096
159169,small_user0,0,READ,0x4ec000,8192
159682,small_user0,0,WRITE,0x4ee000,4096
159783,small_user1,1,READ,0x10000452000,4096
160068,small_user1,1,WRITE,0x10000453000,4096
160167,small_user0,0,READ,0x4ef000,8192
160524,small_user1,1,WRITE,0x10000454000,16384
160725,small_user0,0,READ,0x4f1000,4096
160911,small_user1,1,READ,0x10000458000,4096
161052,small_user0,0,READ,0x4f2000,8192
161218,small_user0,0,READ,0x4f4000,8192
161259,small_user1,1,READ,0x10000459000,16384
161476,small_user1,1,WRITE,0x1000045d000,16384
161571,large_user1,3,WRITE,0x30000800000,131072
161669,small_user1,1,READ,0x10000461000,8192
161908,small_user0,0,READ,0x4f6000,16384
162074,small_user1,1,READ,0x10000463000,4096
162652,small_user0,0,READ,0x4fa000,8192
162740,small_user0,0,WRITE,0x4fc000,4096
162898,small_user0,0,READ,0x4fd000,4096
163473,small_user1,1,WRITE,0x10000464000,16384
163689,small_user1,1,READ,0x10000468000,16384
163786,large_user0,2,WRITE,0x20000750000,65536
163789,small_user1,1,READ,0x1000046c000,4096
163923,small_user1,1,WRITE,0x1000046d000,16384
163982,small_user0,0,READ,0x4fe000,4096
164113,small_user1,1,WRITE,0x10000471000,8192
164188,small_user1,1,READ,0x10000473000,8192
164368,small_user0,0,READ,0x4ff000,8192
164428,small_user1,1,READ,0x10000475000,4096
164537,small_user1,1,READ,0x10000476000,16384
165146,small_user0,0,READ,0x501000,16384
165480,small_user0,0,WRITE,0x505000,16384
165633,small_user0,0,WRITE,0x509000,16384
165689,small_user1,1,WRITE,0x1000047a000,4096
165783,small_user1,1,READ,0x1000047b000,8192
165815,small_user0,0,READ,0x50d000,8192
165894,small_user0,0,READ,0x50f000,16384
165938,small_user1,1,READ,0x1000047d000,16384
166048,small_user1,1,READ,0x10000481000,4096
166427,small_user0,0,READ,0x513000,8192
166539,small_user0,0,READ,0x515000,8192
166619,small_user1,1,WRITE,0x10000482000,4096
166719,small_user1,1,READ,0x10000483000,8192
166907,large_user1,3,READ,0x30000820000,131072
167204,small_user1,1,READ,0x10000485000,8192
167263,small_user1,1,READ,0x10000487000,8192
167365,small_user1,1,READ,0x10000489000,4096
167414,small_user1,1,READ,0x1000048a000,8192
167858,small_user1,1,WRITE,0x1000048c000,4096
168405,small_user0,0,READ,0x517000,4096
168703,small_user0,0,READ,0x518000,8192
168911,small_user1,1,WRITE,0x1000048d000,4096
169153,small_user1,1,READ,0x1000048e000,8192
169200,small_user0,0,WRITE,0x51a000,8192
170391,small_user0,0,READ,0x51c000,8192
170670,small_user0,0,WRITE,0x51e000,8192
170678,small_user0,0,READ,0x520000,4096
170680,small_user0,0,READ,0x521000,16384
171022,small_user0,0,READ,0x525000,8192
171095,small_user0,0,READ,0x527000,8192
171150,small_user1,1,READ,0x10000490000,16384
171181,small_user1,1,READ,0x10000494000,16384
171320,small_user1,1,WRITE,0x10000498000,8192
171352,small_user0,0,WRITE,0x529000,8192
171632,small_user0,0,READ,0x52b000,4096
172096,small_user0,0,READ,0x52c000,8192
172209,small_user1,1,READ,0x1000049a000,8192
172438,small_user1,1,READ,0x1000049c000,8192
172443,small_user1,1,READ,0x1000049e000,8192
172680,small_user1,1,WRITE,0x100004a0000,16384
173231,small_user1,1,READ,0x100004a4000,16384
173232,small_user0,0,READ,0x52e000,8192
173375,small_user1,1,READ,0x100004a8000,16384
173381,small_user1,1,READ,0x100004ac000,4096
173382,small_user0,0,READ,0x530000,4096
173535,small_user0,0,WRITE,0x531000,16384
173644,small_user0,0,WRITE,0x535000,4096
173820,small_user0,0,READ,0x536000,8192
173851,small_user0,0,READ,0x538000,8192
174045,small_user1,1,READ,0x100004ad000,4096
174094,small_user1,1,WRITE,0x100004ae000,4096
174381,small_user0,0,READ,0x53a000,4096
174469,small_user1,1,READ,0x100004af000,16384
174916,small_user1,1,READ,0x100004b3000,8192
174956,small_user1,1,READ,0x100004b5000,4096
175720,small_user0,0,WRITE,0x53b000,8192
175722,small_user1,1,READ,0x100004b6000,16384
175922,small_user1,1,READ,0x100004ba000,8192
176495,large_user0,2,READ,0x20000760000,262144
176722,small_user0,0,WRITE,0x53d000,16384
176748,small_user0,0,READ,0x541000,16384
177013,small_user1,1,READ,0x100004bc000,16384
177610,small_user1,1,READ,0x100004c0000,8192
177691,small_user0,0,READ,0x545000,4096
177791,small_user0,0,READ,0x546000,8192
177798,large_user1,3,WRITE,0x30000840000,65536
177930,small_user1,1,READ,0x100004c2000,4096
178010,small_user0,0,READ,0x548000,16384
178039,small_user1,1,READ,0x100004c3000,8192
178188,small_user1,1,WRITE,0x100004c5000,16384
178242,large_user0,2,WRITE,0x200007a0000,65536
178352,small_user1,1,READ,0x100004c9000,16384
178792,small_user1,1,READ,0x100004cd000,8192
178854,small_user0,0,WRITE,0x54c000,16384
178964,small_user0,0,WRITE,0x550000,16384
179275,small_user1,1,READ,0x100004cf000,8192
179404,small_user1,1,READ,0x100004d1000,8192
179419,small_user0,0,READ,0x554000,16384
179542,small_user0,0,READ,0x558000,8192
179590,small_user1,1,READ,0x100004d3000,4096
180259,small_user0,0,READ,0x55a000,8192
180328,small_user0,0,WRITE,0x55c000,4096
180681,small_user1,1,READ,0x100004d4000,16384
180706,small_user1,1,READ,0x100004d8000,4096
180737,small_user1,1,READ,0x100004d9000,8192
180749,small_user1,1,READ,0x100004db000,8192
180788,small_user0,0,WRITE,0x55d000,16384
180817,small_user0,0,READ,0x561000,16384
180896,small_user0,0,READ,0x565000,4096
181115,large_user1,3,READ,0x30000850000,65536
181160,small_user1,1,WRITE,0x100004dd000,8192
181182,small_user1,1,WRITE,0x100004df000,4096
181333,small_user1,1,READ,0x100004e0000,16384
181455,large_user0,2,WRITE,0x200007b0000,131072
181493,small_user0,0,READ,0x566000,4096
181588,small_user1,1,READ,0x100004e4000,16384
181640,small_user0,0,READ,0x567000,8192
181749,small_user0,0,READ,0x569000,16384
181916,small_user1,1,READ,0x100004e8000,16384
182001,small_user0,0,READ,0x56d000,8192
182328,small_user1,1,READ,0x100004ec000,16384
182354,small_user0,0,WRITE,0x56f000,16384
182444,small_user1,1,WRITE,0x100004f0000,8192
182530,small_user1,1,READ,0x100004f2000,16384
182881,small_user1,1,READ,0x100004f6000,4096
182886,small_user0,0,READ,0x573000,4096
182983,small_user1,1,READ,0x100004f7000,4096
183429,small_user1,1,READ,0x100004f8000,16384
183518,large_user0,2,READ,0x200007d0000,262144
183569,small_user1,1,WRITE,0x100004fc000,16384
183590,small_user0,0,READ,0x574000,8192
183769,small_user1,1,READ,0x10000500000,4096
183919,small_user0,0,READ,0x576000,4096
184000,small_user1,1,READ,0x10000501000,8192
184183,small_user1,1,WRITE,0x10000503000,8192
184599,small_user1,1,READ,0x10000505000,8192
184758,small_user0,0,READ,0x577000,16384
184930,small_user1,1,READ,0x10000507000,8192
184980,small_user1,1,READ,0x10000509000,8192
185052,small_user0,0,WRITE,0x57b000,16384
185118,small_user1,1,READ,0x1000050b000,4096
185325,small_user1,1,WRITE,0x1000050c000,4096
185364,small_user0,0,WRITE,0x57f000,8192
185393,small_user0,0,WRITE,0x581000,16384
185609,small_user1,1,WRITE,0x1000050d000,8192
185643,small_user1,1,READ,0x1000050f000,4096
185726,small_user1,1,READ,0x10000510000,4096
186142,small_user0,0,WRITE,0x585000,4096
186387,small_user0,0,READ,0x586000,4096
186769,small_user1,1,WRITE,0x10000511000,8192
186788,small_user0,0,READ,0x587000,8192
186847,small_user0,0,WRITE,0x589000,8192
186981,small_user1,1,WRITE,0x10000513000,4096
187011,large_user0,2,READ,0x20000810000,131072
187023,small_user1,1,READ,0x10000514000,8192
187057,small_user1,1,READ,0x10000516000,4096
187063,small_user1,1,READ,0x10000517000,16384
187250,small_user0,0,WRITE,0x58b000,16384
187426,large_user0,2,READ,0x20000830000,131072
187464,small_user1,1,READ,0x1000051b000,8192
187471,small_user1,1,WRITE,0x1000051d000,4096
187473,small_user0,0,READ,0x58f000,16384
187682,small_user1,1,READ,0x1000051e000,16384
187743,small_user0,0,WRITE,0x593000,4096
187778,small_user1,1,WRITE,0x10000522000,4096
187996,small_user1,1,READ,0x10000523000,16384
188152,small_user1,1,READ,0x10000527000,16384
188160,small_user1,1,READ,0x1000052b000,16384
188668,small_user0,0,READ,0x594000,4096
188784,small_user0,0,READ,0x595000,16384
188799,small_user0,0,WRITE,0x599000,16384
188804,small_user0,0,WRITE,0x59d000,8192
188831,small_user1,1,READ,0x1000052f000,16384
188892,small_user0,0,READ,0x59f000,4096
188956,large_user1,3,WRITE,0x30000860000,262144
189236,small_user0,0,WRITE,0x5a0000,16384
189286,small_user0,0,READ,0x5a4000,4096
189430,small_user0,0,READ,0x5a5000,16384
189471,small_user0,0,READ,0x5a9000,8192
189573,small_user1,1,READ,0x10000533000,16384
189736,small_user1,1,READ,0x10000537000,16384
189786,small_user1,1,READ,0x1000053b000,8192
190203,small_user0,0,READ,0x5ab000,4096
190595,small_user0,0,WRITE,0x5ac000,16384
190860,small_user1,1,READ,0x1000053d000,4096
190952,small_user0,0,READ,0x5b0000,16384
190999,large_user1,3,READ,0x300008a0000,65536
191088,small_user0,0,READ,0x5b4000,4096
191088,small_user0,0,WRITE,0x5b5000,8192
191203,small_user0,0,READ,0x5b7000,8192
191244,small_user1,1,WRITE,0x1000053e000,4096
191485,small_user1,1,READ,0x1000053f000,16384
191811,small_user0,0,READ,0x5b9000,8192
191909,small_user0,0,WRITE,0x5bb000,16384
192049,large_user1,3,WRITE,0x300008b0000,262144
192099,small_user1,1,READ,0x10000543000,8192
192129,small_user0,0,READ,0x5bf000,8192
192162,small_user1,1,WRITE,0x10000545000,16384
192833,small_user1,1,WRITE,0x10000549000,16384
192888,small_user1,1,WRITE,0x1000054d000,8192
193014,small_user1,1,WRITE,0x1000054f000,16384
193178,small_user0,0,WRITE,0x5c1000,8192
193205,small_user1,1,READ,0x10000553000,16384
193316,small_user0,0,READ,0x5c3000,4096
193375,small_user1,1,WRITE,0x10000557000,8192
193412,small_user1,1,READ,0x10000559000,16384
193512,small_user1,1,WRITE,0x1000055d000,8192
193579,small_user0,0,READ,0x5c4000,8192
193664,small_user1,1,WRITE,0x1000055f000,8192
193747,small_user1,1,READ,0x10000561000,8192
193921,large_user1,3,READ,0x300008f0000,262144
193962,small_user1,1,READ,0x10000563000,16384
194042,small_user1,1,READ,0x10000567000,16384
194232,small_user1,1,READ,0x1000056b000,4096
194285,small_user1,1,READ,0x1000056c000,8192
194492,small_user1,1,READ,0x1000056e000,16384
194559,small_user0,0,WRITE,0x5c6000,16384
194732,small_user1,1,READ,0x10000572000,4096
194799,small_user0,0,READ,0x5ca000,8192
195038,small_user1,1,READ,0x10000573000,4096
195096,small_user1,1,READ,0x10000574000,8192
195173,small_user1,1,READ,0x10000576000,4096
195256,small_user1,1,READ,0x10000577000,8192
195521,large_user1,3,WRITE,0x30000930000,262144
195734,small_user1,1,READ,0x10000579000,4096
195761,small_user0,0,READ,0x5cc000,16384
195780,small_user1,1,WRITE,0x1000057a000,16384
195811,small_user0,0,READ,0x5d0000,8192
195999,small_user1,1,READ,0x1000057e000,8192
196333,small_user0,0,READ,0x5d2000,8192
196381,large_user0,2,WRITE,0x20000850000,65536
196805,small_user1,1,WRITE,0x10000580000,4096
196847,large_user0,2,READ,0x20000860000,262144
196903,small_user0,0,READ,0x5d4000,4096
197014,small_user0,0,WRITE,0x5d5000,16384
197353,small_user1,1,WRITE,0x10000581000,16384
197713,small_user0,0,READ,0x5d9000,4096
197844,small_user1,1,READ,0x10000585000,4096
197891,small_user0,0,WRITE,0x5da000,4096
198068,small_user0,0,READ,0x5db000,16384
198102,small_user1,1,WRITE,0x10000586000,16384
198221,small_user1,1,READ,0x1000058a000,4096
198264,small_user1,1,WRITE,0x1000058b000,4096
198402,small_user1,1,WRITE,0x1000058c000,4096
198479,small_user0,0,READ,0x5df000,16384
198488,small_user1,1,READ,0x1000058d000,4096
198572,small_user1,1,WRITE,0x1000058e000,16384
198575,small_user0,0,READ,0x5e3000,4096
198583,large_user0,2,READ,0x200008a0000,262144
198590,small_user0,0,WRITE,0x5e4000,16384
198640,large_user0,2,WRITE,0x200008e0000,65536
198723,small_user0,0,WRITE,0x5e8000,16384
199236,small_user0,0,WRITE,0x5ec000,8192
199440,small_user0,0,READ,0x5ee000,8192
199520,small_user0,0,READ,0x5f0000,4096
199631,large_user0,2,READ,0x200008f0000,262144
199645,small_user0,0,READ,0x5f1000,8192
199907,small_user0,0,WRITE,0x5f3000,4096
200194,small_user0,0,WRITE,0x5f4000,16384
200228,small_user1,1,READ,0x10000592000,16384
200595,small_user0,0,READ,0x5f8000,16384
200749,small_user1,1,READ,0x10000596000,8192
200857,small_user1,1,WRITE,0x10000598000,4096
201103,small_user1,1,READ,0x10000599000,16384
201469,small_user0,0,READ,0x5fc000,8192
201482,small_user1,1,READ,0x1000059d000,4096
201620,small_user0,0,READ,0x5fe000,8192
201655,small_user0,0,WRITE,0x600000,4096
201952,small_user0,0,READ,0x601000,16384
201953,small_user1,1,READ,0x1000059e000,4096
202036,small_user1,1,WRITE,0x1000059f000,8192
202249,small_user1,1,READ,0x100005a1000,8192
202625,small_user0,0,READ,0x605000,4096
202784,small_user0,0,WRITE,0x606000,8192
202889,small_user0,0,WRITE,0x608000,16384
203001,small_user1,1,READ,0x100005a3000,16384
203090,small_user1,1,WRITE,0x100005a7000,4096
203470,small_user1,1,READ,0x100005a8000,8192
203473,small_user1,1,READ,0x100005aa000,4096
203976,small_user0,0,READ,0x60c000,16384
204089,small_user0,0,READ,0x610000,4096
204204,small_user0,0,READ,0x611000,4096
204231,small_user1,1,READ,0x100005ab000,16384
204491,small_user1,1,READ,0x100005af000,16384
204659,small_user1,1,READ,0x100005b3000,16384
204958,small_user1,1,READ,0x100005b7000,16384
205070,small_user0,0,READ,0x612000,16384
205104,small_user1,1,READ,0x100005bb000,4096
205261,small_user0,0,WRITE,0x616000,4096
205729,small_user1,1,WRITE,0x100005bc000,4096
205782,small_user0,0,READ,0x617000,16384
205800,small_user0,0,READ,0x61b000,4096
205956,large_user0,2,READ,0x20000930000,65536
206174,small_user1,1,READ,0x100005bd000,16384
206211,small_user0,0,READ,0x61c000,4096
206328,small_user1,1,READ,0x100005c1000,8192
206813,small_user1,1,READ,0x100005c3000,8192
206823,small_user0,0,READ,0x61d000,8192
207019,small_user0,0,READ,0x61f000,4096
207041,small_user1,1,READ,0x100005c5000,16384
207329,small_user0,0,READ,0x620000,4096
207335,small_user1,1,READ,0x100005c9000,4096
207437,small_user0,0,READ,0x621000,4096
207593,small_user0,0,WRITE,0x622000,16384
207829,large_user1,3,READ,0x30000970000,262144
207965,small_user0,0,READ,0x626000,4096
208016,small_user1,1,WRITE,0x100005ca000,4096
208408,small_user1,1,READ,0x100005cb000,16384
208593,small_user1,1,READ,0x100005cf000,4096
208925,small_user1,1,READ,0x100005d0000,8192
208942,small_user0,0,WRITE,0x627000,16384
209356,small_user1,1,READ,0x100005d2000,4096
209706,small_user1,1,WRITE,0x100005d3000,4096
209797,small_user0,0,READ,0x62b000,16384
209846,small_user0,0,WRITE,0x62f000,8192
210233,small_user1,1,WRITE,0x100005d4000,4096
210336,small_user1,1,READ,0x100005d5000,4096
210506,small_user1,1,WRITE,0x100005d6000,16384
210667,small_user0,0,READ,0x631000,16384
211291,small_user1,1,WRITE,0x100005da000,4096
211594,small_user0,0,READ,0x635000,16384
211650,small_user0,0,WRITE,0x639000,16384
211665,small_user0,0,WRITE,0x63d000,8192
211722,small_user0,0,READ,0x63f000,16384
211793,small_user0,0,READ,0x643000,4096
211833,small_user0,0,READ,0x644000,16384
211951,small_user1,1,READ,0x100005db000,16384
212070,small_user0,0,READ,0x648000,8192
212332,small_user0,0,READ,0x64a000,4096
212477,small_user0,0,READ,0x64b000,16384
212594,small_user1,1,READ,0x100005df000,4096
212646,small_user1,1,WRITE,0x100005e0000,16384
212659,small_user1,1,READ,0x100005e4000,16384
213114,small_user0,0,READ,0x64f000,16384
213185,small_user1,1,WRITE,0x100005e8000,8192
213381,small_user0,0,READ,0x653000,16384
213575,small_user0,0,WRITE,0x657000,16384
213685,small_user1,1,READ,0x100005ea000,16384
213701,small_user0,0,WRITE,0x65b000,8192
213793,small_user0,0,READ,0x65d000,4096
214040,small_user0,0,WRITE,0x65e000,4096
214288,small_user0,0,READ,0x65f000,4096
214389,small_user1,1,READ,0x100005ee000,8192
214441,small_user0,0,READ,0x660000,8192
215661,small_user0,0,WRITE,0x662000,4096
215776,small_user1,1,READ,0x100005f0000,8192
215993,small_user0,0,READ,0x663000,4096
216201,small_user1,1,READ,0x100005f2000,8192
216374,small_user1,1,READ,0x100005f4000,4096
217028,small_user0,0,READ,0x664000,8192
217079,small_user0,0,WRITE,0x666000,8192
217253,small_user0,0,READ,0x668000,8192
217336,small_user1,1,WRITE,0x100005f5000,4096
217427,small_user1,1,READ,0x100005f6000,16384
217674,small_user0,0,READ,0x66a000,16384
218023,small_user1,1,READ,0x100005fa000,4096
218091,small_user0,0,READ,0x66e000,16384
218210,large_user1,3,WRITE,0x300009b0000,262144
218285,large_user0,2,READ,0x20000940000,65536
218335,small_user1,1,WRITE,0x100005fb000,4096
218374,small_user1,1,READ,0x100005fc000,8192
218492,small_user0,0,READ,0x672000,16384
218803,small_user0,0,READ,0x676000,16384
218961,small_user1,1,READ,0x100005fe000,4096
219060,small_user0,0,WRITE,0x67a000,8192
219071,small_user0,0,READ,0x67c000,8192
219301,small_user1,1,READ,0x100005ff000,4096
219414,small_user1,1,WRITE,0x10000600000,4096
219493,small_user1,1,WRITE,0x10000601000,16384
219590,small_user0,0,READ,0x67e000,16384
219855,small_user0,0,READ,0x682000,8192
219996,small_user0,0,READ,0x684000,16384
220186,small_user0,0,WRITE,0x688000,16384
220233,small_user1,1,READ,0x10000605000,16384
220595,small_user1,1,READ,0x10000609000,16384
220828,small_user0,0,READ,0x68c000,16384
220841,small_user1,1,READ,0x1000060d000,4096
220948,small_user0,0,WRITE,0x690000,4096
221089,small_user1,1,READ,0x1000060e000,8192
221101,large_user0,2,WRITE,0x20000950000,131072
221233,small_user1,1,READ,0x10000610000,4096
221290,small_user0,0,READ,0x691000,4096
221293,small_user1,1,READ,0x10000611000,4096
221324,large_user0,2,READ,0x20000970000,131072
221498,small_user0,0,READ,0x692000,8192
221531,small_user0,0,READ,0x694000,4096
221561,large_user1,3,WRITE,0x300009f0000,262144
221937,small_user1,1,READ,0x10000612000,8192
222075,small_user1,1,WRITE,0x10000614000,4096
222179,small_user1,1,READ,0x10000615000,16384
222223,small_user1,1,READ,0x10000619000,16384
222657,small_user1,1,READ,0x1000061d000,16384
222946,small_user0,0,READ,0x695000,4096
223236,small_user0,0,READ,0x696000,4096
223340,small_user0,0,READ,0x697000,4096
223425,small_user0,0,READ,0x698000,8192
223565,small_user0,0,WRITE,0x69a000,8192
223585,small_user1,1,READ,0x10000621000,16384
223774,small_user1,1,READ,0x10000625000,8192
224065,small_user1,1,WRITE,0x10000627000,8192
224191,small_user0,0,READ,0x69c000,8192
224239,small_user1,1,WRITE,0x10000629000,4096
224240,small_user0,0,READ,0x69e000,8192
224311,small_user1,1,READ,0x1000062a000,4096
224347,small_user0,0,READ,0x6a0000,16384
224433,small_user1,1,READ,0x1000062b000,16384
224525,small_user0,0,READ,0x6a4000,16384
224678,large_user1,3,WRITE,0x30000a30000,131072
224994,small_user0,0,READ,0x6a8000,8192
225526,small_user1,1,READ,0x1000062f000,16384
225617,large_user0,2,WRITE,0x20000990000,131072
225639,large_user0,2,READ,0x200009b0000,65536
225835,small_user1,1,READ,0x10000633000,4096
225898,small_user0,0,READ,0x6aa000,16384
226022,small_user1,1,READ,0x10000634000,8192
226499,small_user0,0,READ,0x6ae000,16384
226715,large_user1,3,WRITE,0x30000a50000,262144
226731,small_user1,1,READ,0x10000636000,16384
226807,large_user1,3,READ,0x30000a90000,262144
226892,small_user1,1,WRITE,0x1000063a000,8192
226989,small_user0,0,READ,0x6b2000,16384
227026,small_user1,1,READ,0x1000063c000,4096
227442,small_user0,0,READ,0x6b6000,8192
227906,small_user1,1,READ,0x1000063d000,4096
227946,small_user0,0,WRITE,0x6b8000,16384
228290,small_user1,1,READ,0x1000063e000,16384
228530,small_user0,0,READ,0x6bc000,4096
228562,small_user0,0,READ,0x6bd000,8192
228796,small_user1,1,READ,0x10000642000,4096
228958,large_user1,3,WRITE,0x30000ad0000,131072
229008,small_user1,1,READ,0x10000643000,4096
229432,small_user1,1,READ,0x10000644000,16384
229795,small_user0,0,READ,0x6bf000,4096
229872,small_user0,0,READ,0x6c0000,16384
230053,small_user0,0,READ,0x6c4000,8192
230568,small_user1,1,READ,0x10000648000,8192
230646,small_user1,1,READ,0x1000064a000,4096
231134,small_user1,1,READ,0x1000064b000,4096
231445,small_user1,1,READ,0x1000064c000,4096
231462,small_user1,1,WRITE,0x1000064d000,8192
231607,small_user1,1,READ,0x1000064f000,4096
231772,small_user0,0,WRITE,0x6c6000,8192
232006,small_user0,0,WRITE,0x6c8000,8192
232380,small_user0,0,READ,0x6ca000,8192
232878,small_user0,0,READ,0x6cc000,8192
232886,large_user0,2,WRITE,0x200009c0000,131072
232940,small_user1,1,READ,0x10000650000,16384
232999,large_user1,3,READ,0x30000af0000,262144
233032,small_user0,0,WRITE,0x6ce000,8192
233306,small_user1,1,READ,0x10000654000,8192
233389,small_user1,1,READ,0x10000656000,16384
233397,large_user0,2,READ,0x200009e0000,131072
233461,small_user0,0,WRITE,0x6d0000,16384
233486,small_user1,1,WRITE,0x1000065a000,16384
233645,small_user1,1,WRITE,0x1000065e000,8192
233949,small_user1,1,READ,0x10000660000,16384
233981,small_user0,0,READ,0x6d4000,4096
234091,small_user0,0,READ,0x6d5000,4096
234195,small_user1,1,READ,0x10000664000,16384
234692,small_user1,1,WRITE,0x10000668000,4096
234727,small_user1,1,WRITE,0x10000669000,8192
234887,small_user1,1,READ,0x1000066b000,8192
235235,small_user0,0,READ,0x6d6000,8192
235697,small_user1,1,READ,0x1000066d000,4096
235919,small_user0,0,READ,0x6d8000,8192
236129,large_user1,3,READ,0x30000b30000,131072
236286,small_user1,1,READ,0x1000066e000,8192
236401,small_user1,1,READ,0x10000670000,4096
236766,small_user0,0,READ,0x6da000,16384
236840,large_user1,3,READ,0x30000b50000,262144
236895,small_user0,0,READ,0x6de000,16384
236900,small_user1,1,READ,0x10000671000,16384
237034,small_user1,1,WRITE,0x10000675000,16384
237089,small_user0,0,READ,0x6e2000,8192
237200,small_user0,0,WRITE,0x6e4000,8192
237259,large_user0,2,READ,0x20000a00000,262144
237548,small_user1,1,READ,0x10000679000,4096
237718,small_user1,1,READ,0x1000067a000,4096
237907,small_user1,1,READ,0x1000067b000,4096
238320,small_user1,1,READ,0x1000067c000,16384
238351,small_user1,1,READ,0x10000680000,8192
238445,large_user0,2,READ,0x20000a40000,131072
238607,small_user0,0,READ,0x6e6000,16384
238615,small_user1,1,READ,0x10000682000,16384
238733,small_user0,0,READ,0x6ea000,8192
239161,small_user1,1,WRITE,0x10000686000,4096
239662,small_user0,0,READ,0x6ec000,8192
239893,small_user0,0,READ,0x6ee000,16384
240317,small_user0,0,WRITE,0x6f2000,4096
240638,large_user0,2,READ,0x20000a60000,262144
240766,small_user0,0,READ,0x6f3000,16384
241096,small_user0,0,READ,0x6f7000,16384
241412,small_user1,1,READ,0x10000687000,8192
241507,small_user1,1,READ,0x10000689000,4096
241540,small_user0,0,READ,0x6fb000,16384
241552,small_user1,1,READ,0x1000068a000,16384
241607,small_user0,0,READ,0x6ff000,16384
241896,large_user0,2,WRITE,0x20000aa0000,65536
242002,small_user0,0,READ,0x703000,16384
242121,small_user1,1,WRITE,0x1000068e000,16384
242144,small_user1,1,WRITE,0x10000692000,16384
242267,small_user0,0,WRITE,0x707000,4096
242279,small_user1,1,READ,0x10000696000,16384
242298,small_user0,0,WRITE,0x708000,8192
242470,small_user1,1,READ,0x1000069a000,8192
242818,small_user0,0,READ,0x70a000,16384
242837,small_user1,1,READ,0x1000069c000,4096
242911,small_user0,0,READ,0x70e000,4096
242998,small_user0,0,WRITE,0x70f000,8192
243329,small_user1,1,WRITE,0x1000069d000,4096
243330,small_user1,1,READ,0x1000069e000,8192
243369,small_user0,0,READ,0x711000,16384
243697,small_user0,0,READ,0x715000,4096
243819,small_user1,1,READ,0x100006a0000,16384
244151,small_user1,1,READ,0x100006a4000,16384
244396,small_user0,0,READ,0x716000,8192
244642,small_user1,1,READ,0x100006a8000,8192
244659,small_user1,1,READ,0x100006aa000,8192
244879,small_user0,0,READ,0x718000,4096
244909,small_user0,0,READ,0x719000,4096
245010,small_user1,1,READ,0x100006ac000,4096
245071,small_user1,1,READ,0x100006ad000,8192
245215,small_user1,1,READ,0x100006af000,4096
245281,small_user1,1,READ,0x100006b0000,4096
246147,small_user0,0,READ,0x71a000,8192
246227,small_user0,0,READ,0x71c000,4096
246350,small_user1,1,WRITE,0x100006b1000,8192
246385,small_user1,1,WRITE,0x100006b3000,8192
246532,large_user0,2,WRITE,0x20000ab0000,262144
246774,small_user1,1,WRITE,0x100006b5000,4096
246860,small_user0,0,READ,0x71d000,4096
247158,small_user1,1,WRITE,0x100006b6000,8192
247277,small_user0,0,READ,0x71e000,8192
247446,small_user1,1,READ,0x100006b8000,4096
247501,small_user0,0,READ,0x720000,8192
247644,large_user1,3,WRITE,0x30000b90000,65536
247648,small_user1,1,WRITE,0x100006b9000,8192
247691,small_user1,1,READ,0x100006bb000,8192
247958,small_user0,0,READ,0x722000,4096
247980,small_user0,0,READ,0x723000,8192
248196,small_user0,0,WRITE,0x725000,16384
248362,small_user0,0,READ,0x729000,8192
248528,small_user0,0,WRITE,0x72b000,4096
248759,large_user0,2,WRITE,0x20000af0000,262144
248869,small_user1,1,READ,0x100006bd000,4096
248999,small_user1,1,WRITE,0x100006be000,16384
249068,large_user0,2,WRITE,0x20000b30000,262144
249447,large_user0,2,READ,0x20000b70000,65536
249552,small_user1,1,READ,0x100006c2000,16384
249583,small_user1,1,READ,0x100006c6000,16384
249694,small_user1,1,READ,0x100006ca000,8192
250067,small_user0,0,READ,0x72c000,8192
250103,large_user0,2,WRITE,0x20000b80000,131072
250425,large_user0,2,WRITE,0x20000ba0000,131072
250547,small_user1,1,WRITE,0x100006cc000,8192
250782,small_user0,0,WRITE,0x72e000,16384
250883,small_user0,0,READ,0x732000,8192
251049,small_user0,0,WRITE,0x734000,16384
251735,small_user1,1,READ,0x100006ce000,8192
251756,large_user0,2,WRITE,0x20000bc0000,65536
252037,small_user1,1,WRITE,0x100006d0000,4096
252111,small_user1,1,READ,0x100006d1000,16384
252153,small_user0,0,READ,0x738000,4096
252172,small_user0,0,READ,0x739000,8192
252182,small_user0,0,READ,0x73b000,4096
252271,small_user1,1,READ,0x100006d5000,8192
252768,small_user1,1,READ,0x100006d7000,16384
252846,small_user0,0,READ,0x73c000,8192
253120,small_user1,1,READ,0x100006db000,8192
253124,small_user1,1,READ,0x100006dd000,4096
253237,small_user0,0,READ,0x73e000,8192
253320,large_user0,2,WRITE,0x20000bd0000,131072
253396,small_user1,1,READ,0x100006de000,4096
253629,small_user1,1,WRITE,0x100006df000,4096
253667,small_user1,1,READ,0x100006e0000,4096
254012,small_user1,1,READ,0x100006e1000,8192
254345,small_user0,0,READ,0x740000,8192
254905,small_user0,0,READ,0x742000,16384
255135,small_user0,0,READ,0x746000,4096
255423,small_user0,0,READ,0x747000,8192
255756,small_user1,1,READ,0x100006e3000,4096
255809,small_user1,1,READ,0x100006e4000,16384
256107,small_user0,0,READ,0x749000,4096
256341,small_user0,0,WRITE,0x74a000,4096
256435,large_user1,3,READ,0x30000ba0000,65536
256864,small_user1,1,WRITE,0x100006e8000,16384
256867,small_user1,1,READ,0x100006ec000,16384
257029,small_user0,0,READ,0x74b000,4096
257078,small_user0,0,WRITE,0x74c000,16384
257120,small_user0,0,READ,0x750000,4096
257133,small_user0,0,WRITE,0x751000,16384
257217,small_user0,0,WRITE,0x755000,4096
257287,small_user1,1,READ,0x100006f0000,8192
257449,small_user1,1,READ,0x100006f2000,8192
257804,small_user0,0,WRITE,0x756000,4096
258373,large_user0,2,WRITE,0x20000bf0000,262144
258715,small_user0,0,READ,0x757000,4096
258904,small_user1,1,READ,0x100006f4000,8192
258968,small_user1,1,READ,0x100006f6000,8192
259343,small_user0,0,WRITE,0x758000,8192
259358,small_user0,0,WRITE,0x75a000,16384
259385,small_user0,0,READ,0x75e000,4096
259421,small_user1,1,READ,0x100006f8000,4096
259677,small_user1,1,WRITE,0x100006f9000,8192
259767,small_user1,1,WRITE,0x100006fb000,16384
259925,small_user0,0,READ,0x75f000,16384
259933,small_user0,0,WRITE,0x763000,8192
260244,small_user1,1,READ,0x100006ff000,4096
260451,small_user1,1,READ,0x10000700000,8192
260616,small_user1,1,READ,0x10000702000,8192
260713,small_user0,0,READ,0x765000,16384
260816,small_user1,1,READ,0x10000704000,4096
261308,small_user0,0,READ,0x769000,4096
261351,small_user1,1,WRITE,0x10000705000,16384
261392,small_user1,1,WRITE,0x10000709000,16384
261563,small_user0,0,READ,0x76a000,4096
261581,small_user0,0,READ,0x76b000,4096
261581,small_user1,1,READ,0x1000070d000,16384
261880,small_user0,0,WRITE,0x76c000,8192
262179,small_user0,0,READ,0x76e000,16384
262210,small_user0,0,WRITE,0x772000,8192
262226,small_user1,1,READ,0x10000711000,16384
262314,small_user0,0,WRITE,0x774000,4096
262522,small_user0,0,READ,0x775000,4096
262544,small_user1,1,READ,0x10000715000,8192
262628,small_user1,1,READ,0x10000717000,4096
262667,small_user1,1,READ,0x10000718000,4096
262861,small_user1,1,READ,0x10000719000,16384
262932,small_user1,1,WRITE,0x1000071d000,4096
262934,small_user1,1,READ,0x1000071e000,8192
262993,small_user1,1,READ,0x10000720000,16384
263088,small_user1,1,READ,0x10000724000,16384
263123,small_user0,0,WRITE,0x776000,16384
263190,small_user1,1,READ,0x10000728000,8192
263360,small_user0,0,READ,0x77a000,8192
263498,small_user0,0,READ,0x77c000,16384
263526,small_user0,0,WRITE,0x780000,8192
263668,small_user0,0,WRITE,0x782000,8192
263767,small_user0,0,WRITE,0x784000,8192
264182,small_user1,1,READ,0x1000072a000,16384
264272,small_user1,1,READ,0x1000072e000,16384
264629,small_user1,1,WRITE,0x10000732000,8192
264634,small_user0,0,READ,0x786000,4096
264664,small_user0,0,WRITE,0x787000,16384
264929,small_user1,1,READ,0x10000734000,4096
264973,small_user1,1,READ,0x10000735000,8192
265186,small_user0,0,READ,0x78b000,4096
265379,small_user1,1,READ,0x10000737000,16384
265552,small_user0,0,READ,0x78c000,4096
265570,small_user1,1,WRITE,0x1000073b000,8192
265573,small_user0,0,READ,0x78d000,16384
265622,small_user1,1,WRITE,0x1000073d000,8192
265704,small_user1,1,READ,0x1000073f000,4096
265937,small_user0,0,READ,0x791000,4096
266235,large_user1,3,READ,0x30000bb0000,131072
266392,small_user1,1,WRITE,0x10000740000,4096
266676,small_user0,0,READ,0x792000,16384
266781,small_user0,0,READ,0x796000,8192
266785,small_user1,1,READ,0x10000741000,4096
266790,small_user0,0,WRITE,0x798000,4096
266796,small_user0,0,READ,0x799000,8192
266802,large_user0,2,READ,0x20000c30000,65536
266857,small_user1,1,READ,0x10000742000,16384
266933,small_user0,0,READ,0x79b000,4096
266933,small_user0,0,READ,0x79c000,8192
266941,small_user1,1,READ,0x10000746000,16384
267018,small_user1,1,READ,0x1000074a000,8192
267371,small_user0,0,READ,0x79e000,8192
267458,small_user1,1,READ,0x1000074c000,4096
267669,small_user0,0,WRITE,0x7a0000,16384
268030,small_user0,0,READ,0x7a4000,8192
268731,small_user0,0,READ,0x7a6000,4096
269287,small_user0,0,READ,0x7a7000,4096
269390,small_user1,1,READ,0x1000074d000,16384
269442,small_user1,1,READ,0x10000751000,16384
269572,small_user0,0,READ,0x7a8000,4096
269796,small_user0,0,WRITE,0x7a9000,4096
269841,small_user1,1,READ,0x10000755000,4096
269919,large_user1,3,WRITE,0x30000bd0000,131072
270139,small_user0,0,READ,0x7aa000,4096
270386,small_user0,0,READ,0x7ab000,16384
270566,small_user1,1,READ,0x10000756000,8192
270848,small_user1,1,READ,0x10000758000,4096
271014,small_user0,0,READ,0x7af000,16384
271303,small_user0,0,READ,0x7b3000,8192
271379,small_user1,1,READ,0x10000759000,4096
271556,large_user1,3,READ,0x30000bf0000,65536
271593,small_user1,1,READ,0x1000075a000,16384
271641,small_user1,1,READ,0x1000075e000,4096
272404,small_user0,0,READ,0x7b5000,4096
272583,small_user1,1,READ,0x1000075f000,8192
272661,large_user0,2,WRITE,0x20000c40000,65536
273158,large_user1,3,READ,0x30000c00000,131072
273304,small_user1,1,READ,0x10000761000,8192
273345,small_user1,1,READ,0x10000763000,4096
273353,small_user1,1,READ,0x10000764000,8192
273494,small_user0,0,WRITE,0x7b6000,4096
273789,small_user1,1,READ,0x10000766000,4096
273803,small_user0,0,WRITE,0x7b7000,8192
273880,small_user1,1,READ,0x10000767000,8192
274212,small_user0,0,WRITE,0x7b9000,16384
274289,small_user1,1,READ,0x10000769000,4096
274430,small_user1,1,READ,0x1000076a000,4096
274512,small_user1,1,READ,0x1000076b000,16384
274909,small_user1,1,READ,0x1000076f000,4096
275036,small_user0,0,READ,0x7bd000,8192
275075,small_user0,0,READ,0x7bf000,8192
275082,small_user1,1,WRITE,0x10000770000,16384
275122,small_user0,0,READ,0x7c1000,16384
275375,small_user0,0,READ,0x7c5000,4096
275454,small_user1,1,READ,0x10000774000,8192
275580,small_user0,0,READ,0x7c6000,8192
275655,small_user1,1,READ,0x10000776000,16384
275805,small_user0,0,READ,0x7c8000,16384
276269,small_user0,0,WRITE,0x7cc000,4096
276358,small_user0,0,WRITE,0x7cd000,8192
276406,small_user0,0,READ,0x7cf000,4096
276443,small_user0,0,READ,0x7d0000,4096
276666,small_user0,0,READ,0x7d1000,4096
276707,small_user1,1,WRITE,0x1000077a000,16384
276836,small_user0,0,READ,0x7d2000,16384
277178,small_user0,0,READ,0x7d6000,4096
277306,small_user1,1,READ,0x1000077e000,16384
277399,small_user1,1,READ,0x10000782000,4096
277499,small_user1,1,READ,0x10000783000,8192
277542,small_user0,0,READ,0x7d7000,4096
277612,small_user1,1,WRITE,0x10000785000,8192
277684,small_user1,1,READ,0x10000787000,8192
277880,small_user0,0,READ,0x7d8000,4096
278048,small_user0,0,READ,0x7d9000,8192
278391,small_user0,0,READ,0x7db000,16384
278487,small_user0,0,READ,0x7df000,16384
278544,small_user1,1,WRITE,0x10000789000,4096
278567,small_user0,0,READ,0x7e3000,8192
278851,small_user1,1,READ,0x1000078a000,4096
278926,small_user1,1,WRITE,0x1000078b000,4096
278958,small_user0,0,READ,0x7e5000,16384
278964,small_user0,0,READ,0x7e9000,8192
279004,small_user0,0,WRITE,0x7eb000,4096
279077,small_user1,1,READ,0x1000078c000,8192
279091,small_user0,0,READ,0x7ec000,8192
279150,large_user0,2,READ,0x20000c50000,131072
279354,large_user0,2,READ,0x20000c70000,65536
279409,small_user0,0,READ,0x7ee000,8192
279410,small_user1,1,READ,0x1000078e000,16384
279497,small_user1,1,WRITE,0x10000792000,16384
279561,small_user0,0,READ,0x7f0000,8192
279731,small_user0,0,READ,0x7f2000,4096
280262,small_user0,0,WRITE,0x7f3000,4096
280379,small_user1,1,READ,0x10000796000,4096
280636,small_user1,1,READ,0x10000797000,4096
281005,small_user1,1,READ,0x10000798000,4096
281076,large_user0,2,READ,0x20000c80000,131072
281083,large_user0,2,WRITE,0x20000ca0000,65536
281216,small_user0,0,READ,0x7f4000,8192
281542,small_user0,0,READ,0x7f6000,16384
281848,small_user1,1,WRITE,0x10000799000,16384
282003,small_user1,1,READ,0x1000079d000,8192
282004,large_user0,2,READ,0x20000cb0000,262144
282235,small_user0,0,WRITE,0x7fa000,16384
282342,small_user0,0,WRITE,0x7fe000,16384
282441,small_user0,0,WRITE,0x802000,8192
282596,small_user0,0,READ,0x804000,16384
283141,small_user0,0,READ,0x808000,4096
283420,small_user0,0,READ,0x809000,16384
283483,small_user0,0,READ,0x80d000,4096
283586,small_user0,0,READ,0x80e000,16384
283628,large_user0,2,WRITE,0x20000cf0000,262144
283682,small_user1,1,WRITE,0x1000079f000,8192
283739,small_user0,0,READ,0x812000,16384
283831,small_user0,0,READ,0x816000,8192
283955,small_user1,1,READ,0x100007a1000,8192
284425,small_user0,0,READ,0x818000,8192
284428,small_user1,1,READ,0x100007a3000,4096
284639,small_user0,0,READ,0x81a000,16384
284682,small_user0,0,READ,0x81e000,16384
284818,small_user0,0,WRITE,0x822000,16384
284975,small_user0,0,READ,0x826000,8192
285005,small_user0,0,WRITE,0x828000,4096
285149,small_user0,0,WRITE,0x829000,16384
285403,small_user1,1,READ,0x100007a4000,8192
285621,large_user0,2,READ,0x20000d30000,262144
285640,small_user0,0,READ,0x82d000,8192
285733,small_user0,0,WRITE,0x82f000,8192
285801,small_user0,0,READ,0x831000,8192
285864,small_user0,0,READ,0x833000,16384
285966,small_user0,0,READ,0x837000,8192
286213,small_user0,0,READ,0x839000,4096
286224,small_user1,1,READ,0x100007a6000,16384
286477,small_user0,0,READ,0x83a000,16384
286894,small_user1,1,WRITE,0x100007aa000,4096
287665,small_user0,0,READ,0x83e000,4096
287695,small_user1,1,READ,0x100007ab000,4096
287826,large_user1,3,WRITE,0x30000c20000,262144
287958,small_user0,0,READ,0x83f000,4096
288019,small_user1,1,READ,0x100007ac000,8192
288160,small_user1,1,READ,0x100007ae000,16384
288490,small_user0,0,READ,0x840000,8192
288643,small_user0,0,READ,0x842000,16384
288798,small_user0,0,READ,0x846000,16384
288956,small_user0,0,READ,0x84a000,4096
289069,small_user0,0,WRITE,0x84b000,16384
289244,small_user1,1,READ,0x100007b2000,8192
289256,small_user1,1,READ,0x100007b4000,8192
289279,small_user0,0,WRITE,0x84f000,4096
289304,large_user1,3,WRITE,0x30000c60000,131072
289548,small_user1,1,READ,0x100007b6000,8192
289553,small_user1,1,READ,0x100007b8000,8192
289794,small_user0,0,READ,0x850000,4096
289875,small_user0,0,READ,0x851000,8192
289940,large_user1,3,WRITE,0x30000c80000,65536
289993,small_user0,0,READ,0x853000,4096
290321,small_user1,1,READ,0x100007ba000,16384
290341,small_user0,0,READ,0x854000,4096
290486,small_user1,1,WRITE,0x100007be000,16384
290509,small_user1,1,WRITE,0x100007c2000,16384
290577,small_user1,1,READ,0x100007c6000,4096
290632,small_user0,0,READ,0x855000,16384
290648,small_user0,0,READ,0x859000,8192
290771,small_user1,1,READ,0x100007c7000,8192
290848,small_user1,1,WRITE,0x100007c9000,8192
290852,small_user0,0,WRITE,0x85b000,16384
290922,small_user1,1,READ,0x100007cb000,8192
291107,small_user0,0,READ,0x85f000,8192
291241,large_user1,3,WRITE,0x30000c90000,131072
291260,small_user1,1,READ,0x100007cd000,4096
291322,large_user1,3,WRITE,0x30000cb0000,65536
291475,small_user0,0,READ,0x861000,16384
291535,small_user0,0,READ,0x865000,8192
291622,small_user1,1,READ,0x100007ce000,16384
291792,small_user1,1,WRITE,0x100007d2000,16384
291961,large_user0,2,WRITE,0x20000d70000,262144
292085,large_user1,3,WRITE,0x30000cc0000,131072
292092,small_user0,0,READ,0x867000,16384
292603,small_user1,1,READ,0x100007d6000,16384
292638,small_user1,1,READ,0x100007da000,4096
292666,small_user1,1,READ,0x100007db000,16384
292922,small_user0,0,READ,0x86b000,16384
292927,small_user0,0,READ,0x86f000,4096
293344,small_user1,1,READ,0x100007df000,8192
293546,small_user1,1,READ,0x100007e1000,4096
293593,small_user0,0,READ,0x870000,8192
293600,small_user1,1,READ,0x100007e2000,8192
293810,large_user1,3,WRITE,0x30000ce0000,65536
293883,small_user0,0,READ,0x872000,8192
293924,large_user1,3,READ,0x30000cf0000,131072
293985,small_user0,0,WRITE,0x874000,8192
294474,small_user1,1,READ,0x100007e4000,8192
294477,small_user0,0,READ,0x876000,4096
294504,small_user1,1,READ,0x100007e6000,4096
294510,small_user1,1,WRITE,0x100007e7000,8192
294645,small_user1,1,READ,0x100007e9000,4096
294758,small_user1,1,READ,0x100007ea000,16384
294862,small_user0,0,READ,0x877000,8192
294989,small_user1,1,WRITE,0x100007ee000,8192
295033,small_user0,0,READ,0x879000,4096
295083,small_user0,0,READ,0x87a000,4096
295272,small_user1,1,READ,0x100007f0000,8192
295300,small_user1,1,READ,0x100007f2000,4096
295429,small_user1,1,READ,0x100007f3000,16384
295549,small_user1,1,READ,0x100007f7000,16384
295967,small_user0,0,READ,0x87b000,4096
296148,small_user1,1,READ,0x100007fb000,16384
296191,small_user1,1,READ,0x100007ff000,8192
296344,small_user1,1,WRITE,0x10000801000,4096
296413,small_user0,0,READ,0x87c000,8192
296532,large_user0,2,WRITE,0x20000db0000,131072
296589,small_user0,0,READ,0x87e000,8192
296842,small_user1,1,WRITE,0x10000802000,4096
297571,small_user0,0,READ,0x880000,8192
297612,small_user0,0,WRITE,0x882000,16384
297649,small_user1,1,WRITE,0x10000803000,16384
297712,small_user1,1,WRITE,0x10000807000,16384
297728,large_user1,3,WRITE,0x30000d10000,65536
297781,small_user0,0,READ,0x886000,8192
297795,small_user0,0,READ,0x888000,4096
297797,large_user1,3,READ,0x30000d20000,65536
297975,small_user0,0,READ,0x889000,8192
298079,small_user0,0,READ,0x88b000,8192
298149,small_user1,1,WRITE,0x1000080b000,16384
298468,small_user0,0,WRITE,0x88d000,8192
298565,small_user1,1,WRITE,0x1000080f000,8192
298601,small_user0,0,READ,0x88f000,16384
298843,small_user0,0,READ,0x893000,4096
298947,small_user1,1,READ,0x10000811000,4096
299074,small_user0,0,READ,0x894000,4096
299170,small_user1,1,READ,0x10000812000,8192
299426,small_user1,1,READ,0x10000814000,4096
300227,small_user0,0,READ,0x895000,8192
300280,small_user0,0,READ,0x897000,8192
300652,small_user0,0,WRITE,0x899000,16384
300732,small_user0,0,READ,0x89d000,16384
300879,small_user0,0,READ,0x8a1000,8192
300916,small_user0,0,READ,0x8a3000,4096
301000,small_user1,1,READ,0x10000815000,16384
301379,large_user0,2,WRITE,0x20000dd0000,65536
301864,small_user0,0,READ,0x8a4000,8192
301918,small_user1,1,READ,0x10000819000,4096
301935,small_user0,0,WRITE,0x8a6000,4096
301986,small_user0,0,WRITE,0x8a7000,16384
302263,small_user1,1,READ,0x1000081a000,8192
302804,small_user0,0,WRITE,0x8ab000,8192
302909,small_user1,1,READ,0x1000081c000,8192
303058,small_user0,0,READ,0x8ad000,16384
303445,small_user1,1,READ,0x1000081e000,16384
303477,small_user1,1,READ,0x10000822000,4096
303578,small_user0,0,WRITE,0x8b1000,8192
303770,small_user1,1,READ,0x10000823000,4096
303848,small_user0,0,WRITE,0x8b3000,8192
304023,small_user0,0,WRITE,0x8b5000,16384
304146,small_user1,1,WRITE,0x10000824000,16384
304163,large_user1,3,READ,0x30000d30000,65536
304322,small_user1,1,READ,0x10000828000,4096
304493,small_user1,1,WRITE,0x10000829000,8192
304565,small_user1,1,READ,0x1000082b000,8192
304653,small_user0,0,READ,0x8b9000,8192
304668,small_user1,1,READ,0x1000082d000,4096
305094,small_user0,0,READ,0x8bb000,16384
305138,small_user1,1,WRITE,0x1000082e000,8192
305182,small_user0,0,READ,0x8bf000,16384
305496,small_user1,1,READ,0x10000830000,8192
305664,small_user1,1,READ,0x10000832000,8192
305695,small_user1,1,READ,0x10000834000,8192
305964,small_user1,1,READ,0x10000836000,16384
306118,large_user0,2,WRITE,0x20000de0000,131072
306172,small_user1,1,READ,0x1000083a000,16384
306810,small_user1,1,READ,0x1000083e000,4096
306895,small_user0,0,WRITE,0x8c3000,4096
307062,small_user1,1,READ,0x1000083f000,4096
307590,small_user1,1,READ,0x10000840000,8192
308239,small_user0,0,READ,0x8c4000,4096
308259,small_user0,0,READ,0x8c5000,16384
308346,small_user0,0,READ,0x8c9000,8192
308554,small_user0,0,READ,0x8cb000,16384
308579,small_user1,1,READ,0x10000842000,16384
309284,small_user0,0,READ,0x8cf000,8192
309296,large_user1,3,READ,0x30000d40000,65536
309873,small_user0,0,READ,0x8d1000,16384
309974,small_user0,0,READ,0x8d5000,4096
310041,small_user1,1,READ,0x10000846000,4096
310320,large_user0,2,WRITE,0x20000e00000,262144
310322,small_user1,1,READ,0x10000847000,4096
310402,small_user1,1,WRITE,0x10000848000,16384
310633,small_user0,0,WRITE,0x8d6000,4096
310731,small_user1,1,READ,0x1000084c000,16384
310733,small_user1,1,WRITE,0x10000850000,4096
310967,small_user1,1,READ,0x10000851000,16384
311081,large_user1,3,READ,0x30000d50000,131072
311152,small_user0,0,READ,0x8d7000,16384
311307,small_user1,1,WRITE,0x10000855000,8192
311973,small_user1,1,WRITE,0x10000857000,8192
312098,small_user1,1,READ,0x10000859000,8192
312497,small_user0,0,WRITE,0x8db000,8192
312632,small_user0,0,READ,0x8dd000,8192
312797,small_user1,1,READ,0x1000085b000,16384
312813,small_user0,0,READ,0x8df000,4096
313136,small_user1,1,WRITE,0x1000085f000,8192
313212,small_user1,1,READ,0x10000861000,8192
313336,small_user0,0,READ,0x8e0000,16384
313511,small_user1,1,WRITE,0x10000863000,4096
313543,small_user1,1,READ,0x10000864000,16384
313582,small_user0,0,WRITE,0x8e4000,8192
313794,small_user0,0,READ,0x8e6000,8192
313840,small_user0,0,READ,0x8e8000,16384
314205,small_user1,1,WRITE,0x10000868000,4096
314340,small_user1,1,WRITE,0x10000869000,8192
314385,small_user0,0,READ,0x8ec000,4096
314478,small_user0,0,WRITE,0x8ed000,8192
314862,small_user1,1,WRITE,0x1000086b000,4096
314862,small_user1,1,READ,0x1000086c000,4096
314961,small_user1,1,WRITE,0x1000086d000,16384
315225,small_user1,1,READ,0x10000871000,8192
315266,small_user1,1,READ,0x10000873000,8192
315652,large_user0,2,WRITE,0x20000e40000,262144
316201,small_user0,0,READ,0x8ef000,8192
316316,small_user1,1,READ,0x10000875000,4096
316320,small_user0,0,WRITE,0x8f1000,16384
316473,large_user0,2,WRITE,0x20000e80000,131072
316482,small_user1,1,READ,0x10000876000,4096
316500,small_user1,1,READ,0x10000877000,4096
316785,small_user1,1,WRITE,0x10000878000,4096
317273,large_user1,3,WRITE,0x30000d70000,131072
317286,small_user1,1,READ,0x10000879000,16384
317471,large_user0,2,READ,0x20000ea0000,131072
317631,small_user1,1,READ,0x1000087d000,8192
317679,small_user0,0,READ,0x8f5000,16384
317878,small_user1,1,READ,0x1000087f000,16384
317879,small_user0,0,READ,0x8f9000,4096
317913,small_user1,1,READ,0x10000883000,16384
318148,small_user0,0,READ,0x8fa000,8192
318200,small_user0,0,WRITE,0x8fc000,8192
318398,small_user0,0,WRITE,0x8fe000,8192
318466,small_user1,1,WRITE,0x10000887000,16384
318741,small_user0,0,READ,0x900000,8192
318741,small_user1,1,WRITE,0x1000088b000,16384
318775,small_user1,1,WRITE,0x1000088f000,16384
318821,small_user0,0,WRITE,0x902000,16384
318849,small_user0,0,READ,0x906000,16384
318988,small_user0,0,WRITE,0x90a000,4096
319585,large_user1,3,READ,0x30000d90000,131072
320031,small_user0,0,READ,0x90b000,4096
320209,small_user1,1,WRITE,0x10000893000,4096
320309,large_user0,2,WRITE,0x20000ec0000,65536
320380,small_user0,0,WRITE,0x90c000,8192
320741,small_user1,1,WRITE,0x10000894000,16384
320901,small_user1,1,READ,0x10000898000,16384
321035,small_user1,1,WRITE,0x1000089c000,16384
321144,small_user0,0,READ,0x90e000,4096
321324,large_user0,2,WRITE,0x20000ed0000,65536
321405,small_user1,1,READ,0x100008a0000,8192
321653,small_user0,0,WRITE,0x90f000,8192
321771,small_user1,1,WRITE,0x100008a2000,8192
321834,small_user1,1,READ,0x100008a4000,16384
321937,small_user1,1,WRITE,0x100008a8000,16384
322323,small_user1,1,READ,0x100008ac000,16384
322347,large_user1,3,WRITE,0x30000db0000,131072
322679,small_user0,0,READ,0x911000,16384
322885,small_user0,0,READ,0x915000,16384
323170,small_user0,0,READ,0x919000,16384
323537,small_user1,1,READ,0x100008b0000,16384
323695,small_user1,1,READ,0x100008b4000,4096
323707,small_user1,1,READ,0x100008b5000,8192
323800,small_user0,0,READ,0x91d000,8192
324107,small_user1,1,READ,0x100008b7000,16384
324203,small_user0,0,READ,0x91f000,8192
324209,small_user0,0,WRITE,0x921000,4096
324351,small_user0,0,READ,0x922000,8192
324574,small_user1,1,READ,0x100008bb000,8192
324765,small_user1,1,READ,0x100008bd000,8192
324777,small_user1,1,READ,0x100008bf000,8192
324959,small_user1,1,READ,0x100008c1000,4096
325196,small_user1,1,READ,0x100008c2000,16384
325506,small_user0,0,READ,0x924000,16384
325768,small_user0,0,READ,0x928000,4096
326376,small_user0,0,READ,0x929000,8192
326745,small_user0,0,WRITE,0x92b000,8192
326768,small_user0,0,READ,0x92d000,8192
326887,small_user1,1,READ,0x100008c6000,4096
327020,small_user1,1,READ,0x100008c7000,4096
327383,small_user1,1,READ,0x100008c8000,8192
327480,small_user0,0,WRITE,0x92f000,4096
327580,small_user0,0,READ,0x930000,4096
327686,large_user1,3,WRITE,0x30000dd0000,131072
327765,small_user0,0,READ,0x931000,16384
327993,small_user0,0,READ,0x935000,16384
328063,small_user1,1,READ,0x100008ca000,4096
328069,small_user0,0,WRITE,0x939000,8192
328081,small_user1,1,READ,0x100008cb000,8192
328123,small_user1,1,READ,0x100008cd000,8192
328222,small_user0,0,READ,0x93b000,16384
328276,small_user1,1,READ,0x100008cf000,8192
328431,small_user1,1,READ,0x100008d1000,16384
328450,small_user0,0,READ,0x93f000,16384
328539,large_user1,3,READ,0x30000df0000,131072
328766,small_user0,0,READ,0x943000,16384
328905,small_user1,1,READ,0x100008d5000,16384
329233,small_user0,0,READ,0x947000,16384
329234,small_user0,0,READ,0x94b000,8192
329599,small_user0,0,WRITE,0x94d000,4096
329728,small_user1,1,READ,0x100008d9000,8192
329781,small_user0,0,WRITE,0x94e000,8192
329926,small_user0,0,READ,0x950000,4096
330287,small_user0,0,READ,0x951000,16384
330400,small_user0,0,READ,0x955000,16384
330449,small_user0,0,READ,0x959000,4096
330614,small_user0,0,WRITE,0x95a000,16384
330766,small_user0,0,READ,0x95e000,8192
331250,small_user1,1,READ,0x100008db000,8192
331342,small_user1,1,WRITE,0x100008dd000,16384
331426,small_user1,1,WRITE,0x100008e1000,16384
331589,large_user1,3,READ,0x30000e10000,65536
331900,small_user0,0,READ,0x960000,4096
331916,large_user0,2,READ,0x20000ee0000,65536
332251,small_user0,0,READ,0x961000,8192
332427,small_user0,0,READ,0x963000,8192
332467,small_user1,1,WRITE,0x100008e5000,4096
332616,small_user0,0,READ,0x965000,8192
333110,small_user1,1,READ,0x100008e6000,4096
333150,large_user0,2,WRITE,0x20000ef0000,65536
333501,small_user1,1,READ,0x100008e7000,4096
333735,small_user0,0,WRITE,0x967000,16384
333859,small_user1,1,READ,0x100008e8000,16384
333904,small_user1,1,READ,0x100008ec000,8192
334091,small_user0,0,READ,0x96b000,8192
334104,small_user0,0,READ,0x96d000,8192
334140,small_user0,0,READ,0x96f000,16384
334210,small_user0,0,READ,0x973000,8192
334522,small_user0,0,READ,0x975000,8192
334538,small_user1,1,READ,0x100008ee000,4096
334576,small_user1,1,READ,0x100008ef000,8192
334618,small_user0,0,READ,0x977000,16384
334675,small_user0,0,READ,0x97b000,4096
334962,small_user0,0,READ,0x97c000,16384
335272,small_user1,1,WRITE,0x100008f1000,4096
335422,small_user1,1,READ,0x100008f2000,4096
335431,small_user0,0,READ,0x980000,4096
335461,large_user0,2,READ,0x20000f00000,65536
335669,small_user0,0,WRITE,0x981000,4096
335768,small_user1,1,READ,0x100008f3000,4096
336031,large_user0,2,WRITE,0x20000f10000,65536
336278,small_user0,0,READ,0x982000,8192
336610,small_user0,0,READ,0x984000,16384
336848,small_user1,1,READ,0x100008f4000,4096
337127,small_user1,1,WRITE,0x100008f5000,4096
337410,small_user0,0,WRITE,0x988000,16384
337474,small_user0,0,READ,0x98c000,4096
337508,small_user0,0,WRITE,0x98d000,16384
337741,small_user1,1,READ,0x100008f6000,4096
337777,small_user1,1,READ,0x100008f7000,8192
337835,small_user1,1,WRITE,0x100008f9000,8192
337886,small_user0,0,READ,0x991000,16384
338021,small_user0,0,WRITE,0x995000,8192
338041,small_user1,1,READ,0x100008fb000,16384
338079,small_user1,1,READ,0x100008ff000,4096
338201,small_user1,1,READ,0x10000900000,16384
338307,small_user0,0,WRITE,0x997000,16384
338425,small_user0,0,READ,0x99b000,8192
338473,small_user1,1,WRITE,0x10000904000,16384
338490,small_user0,0,READ,0x99d000,8192
338707,large_user0,2,READ,0x20000f20000,262144
339032,small_user1,1,READ,0x10000908000,8192
339198,small_user0,0,READ,0x99f000,8192
339501,small_user0,0,READ,0x9a1000,4096
339599,small_user0,0,READ,0x9a2000,4096
339729,small_user0,0,READ,0x9a3000,8192
339982,small_user1,1,READ,0x1000090a000,8192
340005,small_user0,0,READ,0x9a5000,16384
340053,small_user0,0,READ,0x9a9000,16384
340146,small_user0,0,READ,0x9ad000,16384
340220,small_user1,1,READ,0x1000090c000,8192
340281,small_user1,1,WRITE,0x1000090e000,4096
340297,small_user0,0,READ,0x9b1000,4096
340354,small_user0,0,READ,0x9b2000,8192
340610,small_user0,0,WRITE,0x9b4000,8192
340664,small_user0,0,READ,0x9b6000,16384
340794,small_user1,1,READ,0x1000090f000,8192
340985,small_user1,1,READ,0x10000911000,4096
340997,small_user1,1,WRITE,0x10000912000,4096
341196,small_user1,1,READ,0x10000913000,16384
341561,small_user0,0,READ,0x9ba000,8192
341751,small_user1,1,READ,0x10000917000,4096
341859,small_user1,1,READ,0x10000918000,16384
342034,small_user1,1,READ,0x1000091c000,16384
342138,small_user1,1,READ,0x10000920000,4096
342182,small_user1,1,READ,0x10000921000,4096
342464,small_user0,0,WRITE,0x9bc000,4096
342766,small_user1,1,READ,0x10000922000,4096
342868,small_user1,1,READ,0x10000923000,16384
342899,small_user0,0,READ,0x9bd000,16384
343009,small_user1,1,READ,0x10000927000,16384
343084,small_user0,0,READ,0x9c1000,16384
343118,small_user0,0,READ,0x9c5000,16384
343455,small_user1,1,WRITE,0x1000092b000,16384
343559,small_user1,1,READ,0x1000092f000,16384
343589,small_user1,1,READ,0x10000933000,8192
343912,small_user0,0,READ,0x9c9000,4096
344367,small_user1,1,READ,0x10000935000,16384
344409,small_user1,1,WRITE,0x10000939000,8192
344546,small_user1,1,READ,0x1000093b000,16384
344614,small_user0,0,READ,0x9ca000,4096
344942,small_user1,1,WRITE,0x1000093f000,16384
345022,small_user0,0,READ,0x9cb000,16384
345165,small_user0,0,WRITE,0x9cf000,4096
345201,large_user0,2,READ,0x20000f60000,131072
345257,small_user1,1,READ,0x10000943000,8192
345468,small_user1,1,READ,0x10000945000,8192
345534,large_user1,3,WRITE,0x30000e20000,262144
346017,small_user1,1,WRITE,0x10000947000,4096
346120,small_user1,1,READ,0x10000948000,8192
346185,small_user0,0,WRITE,0x9d0000,4096
346344,small_user1,1,READ,0x1000094a000,4096
346639,small_user0,0,WRITE,0x9d1000,16384
347025,small_user0,0,READ,0x9d5000,16384
347258,small_user1,1,READ,0x1000094b000,4096
347549,small_user0,0,READ,0x9d9000,16384
347742,small_user1,1,READ,0x1000094c000,16384
347930,small_user0,0,READ,0x9dd000,8192
348083,large_user0,2,READ,0x20000f80000,65536
348131,small_user0,0,WRITE,0x9df000,16384
348167,small_user1,1,READ,0x10000950000,16384
348332,small_user1,1,READ,0x10000954000,8192
348503,small_user0,0,READ,0x9e3000,16384
348592,large_user0,2,READ,0x20000f90000,131072
348603,small_user1,1,WRITE,0x10000956000,8192
348791,small_user0,0,WRITE,0x9e7000,16384
348938,small_user0,0,WRITE,0x9eb000,4096
348940,small_user1,1,READ,0x10000958000,4096
349152,small_user1,1,READ,0x10000959000,4096
349263,small_user1,1,READ,0x1000095a000,16384
349301,small_user1,1,READ,0x1000095e000,4096
349336,small_user1,1,READ,0x1000095f000,8192
349673,small_user1,1,READ,0x10000961000,4096
349968,small_user0,0,READ,0x9ec000,16384
350224,small_user0,0,WRITE,0x9f0000,4096
350321,small_user1,1,READ,0x10000962000,16384
350363,small_user0,0,READ,0x9f1000,8192
350447,small_user0,0,READ,0x9f3000,8192
350701,small_user1,1,WRITE,0x10000966000,8192
350918,small_user1,1,READ,0x10000968000,16384
351294,small_user0,0,WRITE,0x9f5000,4096
351600,small_user0,0,READ,0x9f6000,4096
351721,small_user0,0,READ,0x9f7000,16384
352265,small_user1,1,READ,0x1000096c000,16384
352457,small_user0,0,WRITE,0x9fb000,8192
352471,small_user0,0,READ,0x9fd000,8192
352489,small_user1,1,READ,0x10000970000,16384
352997,small_user0,0,READ,0x9ff000,4096
353234,small_user1,1,WRITE,0x10000974000,4096
353371,small_user0,0,WRITE,0xa00000,4096
353503,small_user0,0,READ,0xa01000,8192
353602,small_user0,0,READ,0xa03000,16384
353825,small_user0,0,READ,0xa07000,4096
354186,small_user0,0,WRITE,0xa08000,16384
354253,small_user1,1,READ,0x10000975000,16384
354433,small_user1,1,READ,0x10000979000,16384
354455,small_user0,0,WRITE,0xa0c000,4096
354459,small_user0,0,READ,0xa0d000,4096
354482,small_user0,0,WRITE,0xa0e000,8192
354557,small_user1,1,READ,0x1000097d000,16384
354561,small_user1,1,READ,0x10000981000,4096
354976,small_user0,0,WRITE,0xa10000,8192
355081,small_user0,0,READ,0xa12000,4096
355191,small_user1,1,WRITE,0x10000982000,4096
355438,small_user1,1,READ,0x10000983000,8192
355589,small_user1,1,WRITE,0x10000985000,4096
355616,small_user1,1,READ,0x10000986000,4096
355650,small_user1,1,WRITE,0x10000987000,8192
355747,small_user0,0,READ,0xa13000,8192
355967,small_user0,0,READ,0xa15000,4096
356000,small_user0,0,READ,0xa16000,16384
356077,small_user0,0,READ,0xa1a000,16384
356084,large_user1,3,WRITE,0x30000e60000,65536
356088,small_user0,0,READ,0xa1e000,4096
356785,small_user0,0,WRITE,0xa1f000,4096
356859,small_user1,1,WRITE,0x10000989000,16384
356963,small_user1,1,READ,0x1000098d000,8192
357218,small_user0,0,WRITE,0xa20000,4096
357290,small_user0,0,READ,0xa21000,16384
357475,small_user0,0,READ,0xa25000,8192
357572,small_user1,1,READ,0x1000098f000,4096
357617,small_user1,1,READ,0x10000990000,16384
357813,small_user0,0,WRITE,0xa27000,4096
357841,small_user0,0,READ,0xa28000,16384
358250,small_user1,1,WRITE,0x10000994000,4096
358250,small_user1,1,READ,0x10000995000,4096
358294,small_user1,1,READ,0x10000996000,16384
358302,small_user0,0,READ,0xa2c000,16384
358880,small_user1,1,READ,0x1000099a000,4096
359122,small_user1,1,READ,0x1000099b000,4096
359885,large_user1,3,WRITE,0x30000e70000,262144
360035,small_user1,1,READ,0x1000099c000,8192
360056,small_user1,1,READ,0x1000099e000,8192
360145,small_user1,1,WRITE,0x100009a0000,8192
360234,small_user1,1,READ,0x100009a2000,16384
360255,small_user0,0,WRITE,0xa30000,4096
360368,small_user1,1,READ,0x100009a6000,16384
360443,small_user0,0,READ,0xa31000,4096
360538,small_user0,0,READ,0xa32000,16384
360560,small_user1,1,READ,0x100009aa000,16384
360573,small_user0,0,READ,0xa36000,8192
360650,small_user1,1,READ,0x100009ae000,16384
360861,small_user1,1,READ,0x100009b2000,8192
360870,small_user0,0,READ,0xa38000,4096
361179,small_user1,1,WRITE,0x100009b4000,4096
361641,large_user1,3,READ,0x30000eb0000,262144
361700,large_user0,2,WRITE,0x20000fb0000,65536
361796,small_user1,1,READ,0x100009b5000,16384
361864,small_user1,1,READ,0x100009b9000,4096
362388,small_user1,1,READ,0x100009ba000,8192
362411,small_user0,0,READ,0xa39000,8192
362497,small_user0,0,WRITE,0xa3b000,4096
362507,small_user0,0,READ,0xa3c000,16384
362681,small_user1,1,WRITE,0x100009bc000,8192
362817,small_user0,0,READ,0xa40000,4096
362849,small_user1,1,READ,0x100009be000,8192
362887,small_user1,1,READ,0x100009c0000,8192
362935,small_user0,0,WRITE,0xa41000,8192
363032,small_user1,1,WRITE,0x100009c2000,8192
363048,large_user0,2,READ,0x20000fc0000,131072
363114,small_user1,1,READ,0x100009c4000,4096
363241,small_user0,0,WRITE,0xa43000,4096
363408,small_user0,0,WRITE,0xa44000,16384
363771,small_user1,1,READ,0x100009c5000,8192
363809,small_user1,1,READ,0x100009c7000,4096
363846,small_user1,1,WRITE,0x100009c8000,16384
363914,small_user1,1,READ,0x100009cc000,16384
363985,small_user0,0,WRITE,0xa48000,8192
364057,small_user1,1,READ,0x100009d0000,4096
364095,small_user1,1,READ,0x100009d1000,16384
364121,small_user0,0,WRITE,0xa4a000,8192
364155,small_user1,1,WRITE,0x100009d5000,8192
364392,small_user1,1,READ,0x100009d7000,16384
364417,small_user1,1,READ,0x100009db000,16384
364696,small_user1,1,READ,0x100009df000,8192
364884,small_user1,1,READ,0x100009e1000,4096
365079,small_user0,0,WRITE,0xa4c000,8192
365207,small_user0,0,WRITE,0xa4e000,8192
365443,small_user1,1,READ,0x100009e2000,4096
365707,small_user0,0,READ,0xa50000,8192
365718,small_user0,0,READ,0xa52000,8192
365802,small_user1,1,READ,0x100009e3000,16384
365900,large_user0,2,WRITE,0x20000fe0000,131072
365949,small_user1,1,WRITE,0x100009e7000,8192
366105,small_user0,0,READ,0xa54000,8192
366214,small_user0,0,READ,0xa56000,8192
366277,small_user1,1,READ,0x100009e9000,16384
366411,small_user1,1,READ,0x100009ed000,8192
366424,small_user0,0,READ,0xa58000,16384
366620,small_user0,0,READ,0xa5c000,16384
366714,small_user0,0,READ,0xa60000,16384
366723,large_user1,3,WRITE,0x30000ef0000,262144
366904,small_user0,0,READ,0xa64000,4096
367183,small_user1,1,READ,0x100009ef000,4096
367186,small_user1,1,WRITE,0x100009f0000,16384
367300,small_user0,0,READ,0xa65000,4096
367766,small_user1,1,WRITE,0x100009f4000,16384
367923,small_user0,0,READ,0xa66000,4096
368067,small_user1,1,WRITE,0x100009f8000,4096
368083,small_user1,1,READ,0x100009f9000,4096
368211,small_user0,0,WRITE,0xa67000,8192
368479,large_user1,3,WRITE,0x30000f30000,131072
368520,small_user0,0,READ,0xa69000,8192
368969,small_user1,1,READ,0x100009fa000,8192
369150,small_user1,1,READ,0x100009fc000,16384
369179,small_user0,0,READ,0xa6b000,8192
369191,small_user1,1,READ,0x10000a00000,8192
369385,small_user0,0,READ,0xa6d000,4096
369387,small_user0,0,WRITE,0xa6e000,4096
369460,small_user0,0,READ,0xa6f000,4096
369799,small_user0,0,WRITE,0xa70000,16384
369811,small_user0,0,WRITE,0xa74000,16384
369987,small_user1,1,READ,0x10000a02000,16384
370130,large_user1,3,WRITE,0x30000f50000,131072
370149,small_user1,1,READ,0x10000a06000,8192
370154,small_user1,1,WRITE,0x10000a08000,8192
370241,small_user1,1,READ,0x10000a0a000,16384
370358,small_user1,1,READ,0x10000a0e000,4096
370408,small_user0,0,WRITE,0xa78000,16384
370854,small_user0,0,WRITE,0xa7c000,8192
370940,small_user1,1,WRITE,0x10000a0f000,4096
370962,small_user0,0,WRITE,0xa7e000,8192
371152,small_user0,0,WRITE,0xa80000,4096
371290,small_user0,0,WRITE,0xa81000,4096
371318,small_user1,1,READ,0x10000a10000,8192
371399,small_user1,1,READ,0x10000a12000,16384
371406,small_user1,1,READ,0x10000a16000,8192
371427,small_user1,1,READ,0x10000a18000,8192
371575,small_user0,0,READ,0xa82000,4096
371622,small_user0,0,READ,0xa83000,8192
371726,large_user0,2,WRITE,0x20001000000,131072
371967,large_user0,2,WRITE,0x20001020000,262144
372123,small_user0,0,WRITE,0xa85000,8192
372175,small_user1,1,READ,0x10000a1a000,8192
372219,small_user0,0,READ,0xa87000,8192
372434,small_user0,0,READ,0xa89000,8192
372516,small_user0,0,WRITE,0xa8b000,4096
372645,small_user0,0,WRITE,0xa8c000,16384
372685,small_user0,0,READ,0xa90000,16384
373014,small_user1,1,WRITE,0x10000a1c000,16384
373047,small_user0,0,READ,0xa94000,16384
373267,large_user1,3,WRITE,0x30000f70000,262144
373713,small_user0,0,WRITE,0xa98000,16384
373895,small_user1,1,READ,0x10000a20000,8192
373947,small_user1,1,READ,0x10000a22000,4096
374155,large_user1,3,WRITE,0x30000fb0000,65536
374307,small_user1,1,READ,0x10000a23000,8192
374473,small_user1,1,WRITE,0x10000a25000,16384
374843,small_user0,0,READ,0xa9c000,4096
374863,small_user0,0,READ,0xa9d000,8192
375248,small_user1,1,WRITE,0x10000a29000,16384
375411,small_user0,0,READ,0xa9f000,4096
375532,small_user1,1,READ,0x10000a2d000,16384
375655,small_user1,1,READ,0x10000a31000,8192
375723,small_user1,1,WRITE,0x10000a33000,4096
375750,small_user0,0,READ,0xaa0000,4096
375751,small_user0,0,READ,0xaa1000,16384
375793,small_user1,1,READ,0x10000a34000,16384
375856,small_user1,1,READ,0x10000a38000,16384
375862,small_user0,0,READ,0xaa5000,8192
376120,small_user0,0,READ,0xaa7000,8192
376335,small_user1,1,READ,0x10000a3c000,16384
376498,large_user0,2,WRITE,0x20001060000,262144
376506,small_user1,1,READ,0x10000a40000,4096
376529,large_user1,3,WRITE,0x30000fc0000,65536
376565,small_user1,1,WRITE,0x10000a41000,8192
376626,small_user1,1,READ,0x10000a43000,16384
376708,large_user1,3,READ,0x30000fd0000,131072
376889,small_user0,0,READ,0xaa9000,16384
377107,small_user1,1,READ,0x10000a47000,4096
377262,large_user0,2,WRITE,0x200010a0000,131072
377545,small_user1,1,READ,0x10000a48000,4096
377603,small_user1,1,READ,0x10000a49000,8192
377613,small_user1,1,READ,0x10000a4b000,16384
377624,small_user0,0,WRITE,0xaad000,16384
377704,small_user0,0,READ,0xab1000,8192
378285,small_user1,1,READ,0x10000a4f000,8192
379063,small_user0,0,WRITE,0xab3000,16384
379070,small_user1,1,READ,0x10000a51000,16384
379152,small_user0,0,READ,0xab7000,4096
379345,small_user0,0,READ,0xab8000,4096
379432,small_user1,1,READ,0x10000a55000,8192
379841,small_user0,0,READ,0xab9000,8192
380063,small_user0,0,READ,0xabb000,4096
380163,small_user1,1,WRITE,0x10000a57000,8192
380179,small_user1,1,READ,0x10000a59000,4096
380213,small_user1,1,WRITE,0x10000a5a000,4096
380379,small_user0,0,READ,0xabc000,8192
380547,small_user1,1,READ,0x10000a5b000,16384
380721,small_user1,1,WRITE,0x10000a5f000,4096
380833,small_user1,1,READ,0x10000a60000,8192
380893,small_user0,0,READ,0xabe000,4096
380897,small_user0,0,WRITE,0xabf000,4096
381091,small_user0,0,READ,0xac0000,16384
381268,small_user1,1,READ,0x10000a62000,4096
381423,small_user0,0,WRITE,0xac4000,16384
381526,small_user1,1,WRITE,0x10000a63000,4096
381730,large_user0,2,READ,0x200010c0000,131072
381957,small_user0,0,READ,0xac8000,8192
382192,small_user1,1,READ,0x10000a64000,16384
382202,small_user1,1,READ,0x10000a68000,16384
382315,small_user0,0,READ,0xaca000,4096
382562,small_user1,1,READ,0x10000a6c000,8192
382602,large_user1,3,READ,0x30000ff0000,262144
382732,large_user0,2,WRITE,0x200010e0000,131072
382739,small_user1,1,WRITE,0x10000a6e000,4096
382946,small_user0,0,READ,0xacb000,4096
382996,small_user0,0,READ,0xacc000,8192
383135,small_user0,0,WRITE,0xace000,16384
383193,small_user1,1,READ,0x10000a6f000,16384
383304,small_user0,0,READ,0xad2000,8192
383561,small_user1,1,READ,0x10000a73000,16384
383626,small_user0,0,READ,0xad4000,8192
383627,small_user1,1,READ,0x10000a77000,8192
383658,small_user1,1,READ,0x10000a79000,16384
384032,small_user1,1,WRITE,0x10000a7d000,8192
384047,small_user1,1,READ,0x10000a7f000,4096
384233,small_user1,1,WRITE,0x10000a80000,8192
384303,small_user0,0,WRITE,0xad6000,4096
384523,small_user0,0,READ,0xad7000,16384
384590,small_user1,1,READ,0x10000a82000,4096
384992,small_user0,0,READ,0xadb000,16384
384993,large_user0,2,READ,0x20001100000,131072
384997,small_user0,0,READ,0xadf000,16384
385558,small_user1,1,READ,0x10000a83000,4096
385636,small_user1,1,READ,0x10000a84000,8192
385877,small_user1,1,WRITE,0x10000a86000,4096
386252,small_user0,0,READ,0xae3000,4096
386269,small_user1,1,WRITE,0x10000a87000,16384
386656,small_user0,0,READ,0xae4000,8192
386879,large_user1,3,READ,0x30001030000,65536
386985,small_user1,1,WRITE,0x10000a8b000,4096
387073,small_user1,1,READ,0x10000a8c000,16384
387122,small_user0,0,READ,0xae6000,4096
387202,small_user1,1,READ,0x10000a90000,16384
387269,small_user0,0,READ,0xae7000,16384
387687,small_user0,0,WRITE,0xaeb000,16384
387717,small_user0,0,READ,0xaef000,16384
387967,small_user1,1,READ,0x10000a94000,8192
388091,small_user1,1,READ,0x10000a96000,4096
388128,small_user1,1,WRITE,0x10000a97000,16384
388251,small_user1,1,WRITE,0x10000a9b000,4096
388425,small_user0,0,READ,0xaf3000,8192
388469,small_user0,0,WRITE,0xaf5000,8192
388493,small_user0,0,WRITE,0xaf7000,16384
388573,small_user1,1,WRITE,0x10000a9c000,16384
388664,large_user0,2,WRITE,0x20001120000,131072
388713,small_user1,1,READ,0x10000aa0000,16384
388911,small_user0,0,READ,0xafb000,8192
388920,small_user1,1,WRITE,0x10000aa4000,4096
389019,large_user1,3,WRITE,0x30001040000,65536
389070,small_user1,1,READ,0x10000aa5000,8192
389716,small_user1,1,READ,0x10000aa7000,4096
389839,large_user1,3,READ,0x30001050000,65536
389914,small_user1,1,WRITE,0x10000aa8000,8192
389942,small_user0,0,READ,0xafd000,16384
390121,small_user1,1,WRITE,0x10000aaa000,8192
390139,small_user0,0,READ,0xb01000,16384
390410,small_user1,1,WRITE,0x10000aac000,4096
390566,small_user1,1,WRITE,0x10000aad000,16384
390613,large_user1,3,READ,0x30001060000,131072
390700,small_user1,1,READ,0x10000ab1000,8192
390901,small_user0,0,READ,0xb05000,8192
391298,small_user0,0,READ,0xb07000,16384
391419,small_user1,1,READ,0x10000ab3000,8192
391559,small_user1,1,READ,0x10000ab5000,8192
391982,small_user0,0,READ,0xb0b000,16384
392301,small_user1,1,WRITE,0x10000ab7000,16384
392428,small_user0,0,READ,0xb0f000,16384
392572,small_user1,1,READ,0x10000abb000,4096
392582,small_user0,0,WRITE,0xb13000,4096
392724,large_user0,2,READ,0x20001140000,65536
392736,small_user1,1,WRITE,0x10000abc000,8192
393239,small_user0,0,READ,0xb14000,8192
393318,small_user1,1,WRITE,0x10000abe000,16384
393921,small_user0,0,WRITE,0xb16000,16384
393978,small_user0,0,WRITE,0xb1a000,8192
394155,small_user1,1,READ,0x10000ac2000,8192
394185,small_user1,1,WRITE,0x10000ac4000,4096
394414,large_user1,3,READ,0x30001080000,65536
394485,small_user1,1,READ,0x10000ac5000,16384
394629,small_user1,1,WRITE,0x10000ac9000,8192
395400,small_user0,0,WRITE,0xb1c000,8192
395415,small_user0,0,READ,0xb1e000,4096
395755,small_user1,1,WRITE,0x10000acb000,4096
395877,large_user0,2,READ,0x20001150000,262144
396485,small_user1,1,READ,0x10000acc000,16384
396574,small_user1,1,READ,0x10000ad0000,8192
396814,small_user0,0,READ,0xb1f000,16384
396888,small_user0,0,READ,0xb23000,8192
396949,small_user1,1,READ,0x10000ad2000,4096
396982,large_user1,3,WRITE,0x30001090000,131072
397273,small_user0,0,READ,0xb25000,16384
397279,small_user1,1,READ,0x10000ad3000,8192
398045,small_user1,1,READ,0x10000ad5000,16384
398287,small_user0,0,READ,0xb29000,16384
398293,small_user0,0,READ,0xb2d000,8192
398408,small_user1,1,READ,0x10000ad9000,4096
398428,small_user1,1,READ,0x10000ada000,16384
398547,small_user0,0,READ,0xb2f000,4096
398597,large_user0,2,READ,0x20001190000,262144
398605,small_user1,1,READ,0x10000ade000,16384
398918,small_user1,1,READ,0x10000ae2000,4096
399112,small_user1,1,READ,0x10000ae3000,16384
399209,small_user0,0,READ,0xb30000,8192
399331,small_user1,1,WRITE,0x10000ae7000,8192
399344,small_user0,0,READ,0xb32000,4096
399351,small_user1,1,READ,0x10000ae9000,16384
399617,large_user0,2,WRITE,0x200011d0000,262144
400492,small_user1,1,READ,0x10000aed000,16384
400588,small_user0,0,READ,0xb33000,8192
400984,small_user1,1,READ,0x10000af1000,16384
401215,small_user1,1,READ,0x10000af5000,8192
401350,small_user0,0,READ,0xb35000,8192
401536,small_user1,1,READ,0x10000af7000,4096
401614,small_user1,1,WRITE,0x10000af8000,4096
401747,small_user0,0,READ,0xb37000,4096
401776,small_user1,1,READ,0x10000af9000,4096
401863,small_user1,1,READ,0x10000afa000,16384
401903,large_user1,3,READ,0x300010b0000,131072
401946,small_user0,0,WRITE,0xb38000,16384
402224,small_user0,0,READ,0xb3c000,4096
402259,small_user1,1,WRITE,0x10000afe000,4096
402542,small_user0,0,READ,0xb3d000,4096
402655,small_user0,0,READ,0xb3e000,8192
402711,small_user0,0,WRITE,0xb40000,16384
402784,small_user0,0,READ,0xb44000,16384
402811,small_user0,0,READ,0xb48000,8192
402866,small_user1,1,READ,0x10000aff000,16384
402952,small_user1,1,WRITE,0x10000b03000,4096
403262,small_user1,1,WRITE,0x10000b04000,16384
404008,large_user1,3,READ,0x300010d0000,262144
404015,small_user0,0,READ,0xb4a000,16384
404252,small_user1,1,READ,0x10000b08000,4096
404302,small_user0,0,WRITE,0xb4e000,16384
404483,small_user1,1,WRITE,0x10000b09000,16384
404685,small_user1,1,READ,0x10000b0d000,8192
404955,small_user1,1,READ,0x10000b0f000,16384
404992,small_user0,0,WRITE,0xb52000,16384
405008,small_user1,1,READ,0x10000b13000,8192
405202,small_user0,0,READ,0xb56000,4096
405242,small_user0,0,READ,0xb57000,16384
405963,small_user1,1,READ,0x10000b15000,4096
406254,small_user0,0,WRITE,0xb5b000,8192
406395,small_user1,1,WRITE,0x10000b16000,8192
406442,small_user0,0,READ,0xb5d000,4096
406457,small_user1,1,READ,0x10000b18000,4096
406477,small_user0,0,WRITE,0xb5e000,16384
406520,small_user1,1,WRITE,0x10000b19000,4096
406591,small_user1,1,READ,0x10000b1a000,16384
406683,small_user1,1,WRITE,0x10000b1e000,16384
406827,small_user0,0,READ,0xb62000,16384
406920,small_user0,0,WRITE,0xb66000,16384
406937,small_user1,1,READ,0x10000b22000,8192
407162,small_user1,1,READ,0x10000b24000,4096
407262,small_user0,0,WRITE,0xb6a000,8192
407279,small_user1,1,READ,0x10000b25000,8192
407433,small_user0,0,READ,0xb6c000,16384
407744,small_user0,0,READ,0xb70000,4096
407929,small_user0,0,READ,0xb71000,4096
408049,small_user1,1,READ,0x10000b27000,8192
408078,small_user0,0,READ,0xb72000,16384
408138,small_user0,0,WRITE,0xb76000,16384
408950,small_user1,1,READ,0x10000b29000,8192
409210,small_user0,0,WRITE,0xb7a000,8192
409270,small_user1,1,READ,0x10000b2b000,16384
409309,small_user1,1,READ,0x10000b2f000,16384
409425,small_user1,1,READ,0x10000b33000,16384
409508,small_user1,1,READ,0x10000b37000,16384
409618,small_user1,1,WRITE,0x10000b3b000,16384
409781,small_user1,1,READ,0x10000b3f000,16384
409874,large_user0,2,WRITE,0x20001210000,65536
409931,small_user0,0,WRITE,0xb7c000,16384
409932,small_user0,0,READ,0xb80000,16384
410343,small_user0,0,READ,0xb84000,4096
410823,small_user1,1,READ,0x10000b43000,8192
410881,small_user0,0,READ,0xb85000,4096
410891,small_user0,0,READ,0xb86000,4096
410921,small_user0,0,WRITE,0xb87000,16384
410937,small_user0,0,READ,0xb8b000,16384
411028,small_user0,0,READ,0xb8f000,8192
411158,small_user1,1,READ,0x10000b45000,8192
411162,small_user1,1,READ,0x10000b47000,16384
411272,small_user0,0,READ,0xb91000,4096
411321,small_user0,0,READ,0xb92000,4096
411368,small_user0,0,READ,0xb93000,16384
411799,small_user0,0,READ,0xb97000,4096
411881,small_user1,1,READ,0x10000b4b000,4096
412129,small_user1,1,READ,0x10000b4c000,8192
412258,small_user0,0,READ,0xb98000,8192
412280,small_user0,0,WRITE,0xb9a000,8192
412345,small_user0,0,WRITE,0xb9c000,8192
412918,small_user0,0,WRITE,0xb9e000,4096
412995,large_user1,3,READ,0x30001110000,262144
413121,small_user0,0,READ,0xb9f000,16384
413170,small_user1,1,READ,0x10000b4e000,16384
413264,small_user0,0,READ,0xba3000,16384
413287,small_user0,0,READ,0xba7000,8192
413314,small_user0,0,READ,0xba9000,16384
413518,small_user1,1,READ,0x10000b52000,8192
414136,small_user1,1,READ,0x10000b54000,16384
414234,small_user1,1,READ,0x10000b58000,4096
414253,large_user0,2,WRITE,0x20001220000,262144
414313,small_user1,1,READ,0x10000b59000,8192
414360,small_user0,0,READ,0xbad000,16384
414660,small_user0,0,READ,0xbb1000,16384
414777,small_user0,0,READ,0xbb5000,8192
414866,small_user0,0,WRITE,0xbb7000,4096
415032,small_user0,0,WRITE,0xbb8000,8192
415466,small_user1,1,READ,0x10000b5b000,16384
415597,small_user0,0,READ,0xbba000,8192
415604,small_user1,1,READ,0x10000b5f000,8192
416079,small_user0,0,READ,0xbbc000,16384
416216,small_user1,1,READ,0x10000b61000,8192
416217,small_user1,1,READ,0x10000b63000,16384
416400,small_user0,0,WRITE,0xbc0000,16384
416694,small_user1,1,WRITE,0x10000b67000,8192
416811,small_user0,0,READ,0xbc4000,4096
416937,small_user0,0,WRITE,0xbc5000,8192
417019,small_user1,1,READ,0x10000b69000,16384
417221,small_user1,1,READ,0x10000b6d000,4096
417550,small_user1,1,WRITE,0x10000b6e000,8192
417722,small_user0,0,READ,0xbc7000,8192
417988,small_user0,0,READ,0xbc9000,8192
418113,small_user0,0,WRITE,0xbcb000,8192
418359,small_user1,1,READ,0x10000b70000,16384
418504,small_user0,0,READ,0xbcd000,8192
419055,small_user0,0,READ,0xbcf000,8192
419433,small_user1,1,READ,0x10000b74000,16384
419502,small_user0,0,WRITE,0xbd1000,16384
419597,small_user1,1,WRITE,0x10000b78000,8192
419608,small_user1,1,WRITE,0x10000b7a000,4096
419982,small_user0,0,READ,0xbd5000,4096
420101,small_user1,1,READ,0x10000b7b000,8192
420329,small_user1,1,READ,0x10000b7d000,16384
420461,small_user0,0,READ,0xbd6000,8192
420496,small_user0,0,READ,0xbd8000,4096
420559,small_user0,0,READ,0xbd9000,8192
420671,small_user1,1,READ,0x10000b81000,8192
420705,small_user0,0,READ,0xbdb000,8192
420779,small_user1,1,READ,0x10000b83000,16384
420853,small_user0,0,READ,0xbdd000,16384
420936,small_user0,0,READ,0xbe1000,16384
421116,large_user0,2,READ,0x20001260000,65536
421130,small_user1,1,READ,0x10000b87000,8192
421623,small_user1,1,READ,0x10000b89000,4096
421656,small_user0,0,READ,0xbe5000,4096
421809,small_user1,1,READ,0x10000b8a000,4096
421846,small_user1,1,READ,0x10000b8b000,16384
421922,small_user0,0,WRITE,0xbe6000,16384
422028,small_user1,1,READ,0x10000b8f000,16384
422193,small_user1,1,WRITE,0x10000b93000,8192
422289,small_user0,0,WRITE,0xbea000,4096
422506,small_user1,1,WRITE,0x10000b95000,8192
422741,small_user0,0,READ,0xbeb000,4096
422769,small_user1,1,READ,0x10000b97000,8192
422868,small_user1,1,READ,0x10000b99000,16384
423125,small_user0,0,READ,0xbec000,8192
423467,small_user0,0,WRITE,0xbee000,8192
423805,small_user0,0,READ,0xbf0000,8192
423806,small_user1,1,READ,0x10000b9d000,16384
424203,small_user0,0,READ,0xbf2000,4096
424279,small_user1,1,READ,0x10000ba1000,8192
424294,small_user1,1,WRITE,0x10000ba3000,16384
424313,small_user0,0,READ,0xbf3000,8192
424426,small_user1,1,READ,0x10000ba7000,8192
424652,small_user1,1,WRITE,0x10000ba9000,8192
424816,small_user0,0,WRITE,0xbf5000,4096
424847,small_user1,1,READ,0x10000bab000,16384
424889,small_user1,1,READ,0x10000baf000,16384
425121,small_user1,1,WRITE,0x10000bb3000,4096
425124,small_user1,1,READ,0x10000bb4000,16384
425141,small_user0,0,READ,0xbf6000,8192
425241,small_user0,0,READ,0xbf8000,4096
425321,small_user1,1,READ,0x10000bb8000,4096
425585,small_user1,1,WRITE,0x10000bb9000,4096
425842,large_user0,2,WRITE,0x20001270000,262144
425958,small_user1,1,READ,0x10000bba000,4096
426028,small_user0,0,READ,0xbf9000,4096
426149,small_user1,1,READ,0x10000bbb000,8192
426337,small_user1,1,READ,0x10000bbd000,4096
426569,large_user1,3,READ,0x30001150000,131072
426717,small_user0,0,WRITE,0xbfa000,8192
426910,small_user0,0,WRITE,0xbfc000,4096
427000,small_user1,1,READ,0x10000bbe000,4096
427239,small_user1,1,READ,0x10000bbf000,16384
427276,small_user0,0,WRITE,0xbfd000,4096
427443,small_user0,0,READ,0xbfe000,8192
427581,small_user0,0,READ,0xc00000,4096
427918,small_user1,1,READ,0x10000bc3000,8192
427976,small_user1,1,READ,0x10000bc5000,8192
428125,small_user1,1,READ,0x10000bc7000,4096
428305,small_user0,0,READ,0xc01000,4096
428355,small_user1,1,READ,0x10000bc8000,4096
428449,small_user0,0,WRITE,0xc02000,16384
428457,small_user0,0,READ,0xc06000,16384
428574,small_user0,0,READ,0xc0a000,8192
428605,small_user0,0,WRITE,0xc0c000,8192
428626,small_user0,0,WRITE,0xc0e000,16384
428646,small_user1,1,READ,0x10000bc9000,4096
428695,small_user1,1,WRITE,0x10000bca000,16384
428758,small_user0,0,WRITE,0xc12000,4096
428951,small_user0,0,READ,0xc13000,16384
429093,small_user0,0,READ,0xc17000,16384
429128,small_user1,1,WRITE,0x10000bce000,4096
429147,small_user1,1,WRITE,0x10000bcf000,4096
429608,small_user1,1,READ,0x10000bd0000,8192
429627,small_user1,1,READ,0x10000bd2000,4096
429638,small_user0,0,WRITE,0xc1b000,8192
429644,small_user1,1,READ,0x10000bd3000,16384
429837,small_user0,0,READ,0xc1d000,4096
429922,small_user0,0,WRITE,0xc1e000,16384
430050,small_user0,0,READ,0xc22000,4096
430413,small_user1,1,READ,0x10000bd7000,8192
430419,small_user1,1,WRITE,0x10000bd9000,8192
430476,small_user0,0,READ,0xc23000,8192
430538,small_user1,1,READ,0x10000bdb000,8192
430598,small_user0,0,WRITE,0xc25000,8192
430604,small_user1,1,READ,0x10000bdd000,8192
430620,small_user1,1,WRITE,0x10000bdf000,16384
430844,large_user1,3,READ,0x30001170000,262144
430955,small_user1,1,WRITE,0x10000be3000,8192
430988,small_user1,1,READ,0x10000be5000,16384
431302,small_user0,0,WRITE,0xc27000,8192
431311,small_user0,0,WRITE,0xc29000,4096
431809,small_user0,0,READ,0xc2a000,16384
432234,small_user1,1,READ,0x10000be9000,16384
432291,small_user0,0,WRITE,0xc2e000,4096
432434,small_user1,1,WRITE,0x10000bed000,4096
432485,small_user1,1,READ,0x10000bee000,4096
432580,small_user0,0,READ,0xc2f000,4096
432601,small_user0,0,READ,0xc30000,16384
432729,small_user0,0,WRITE,0xc34000,8192
432809,small_user0,0,READ,0xc36000,4096
432815,large_user0,2,READ,0x200012b0000,262144
433182,small_user0,0,READ,0xc37000,4096
433341,small_user1,1,READ,0x10000bef000,16384
433940,small_user1,1,READ,0x10000bf3000,8192
434032,small_user1,1,READ,0x10000bf5000,16384
434294,small_user0,0,READ,0xc38000,8192
434297,small_user0,0,WRITE,0xc3a000,8192
434367,small_user1,1,WRITE,0x10000bf9000,8192
434415,small_user1,1,READ,0x10000bfb000,16384
434443,small_user1,1,READ,0x10000bff000,4096
434483,small_user1,1,WRITE,0x10000c00000,4096
434510,small_user0,0,READ,0xc3c000,8192
434658,small_user0,0,READ,0xc3e000,16384
435194,small_user1,1,READ,0x10000c01000,4096
435359,small_user1,1,READ,0x10000c02000,4096
435665,small_user1,1,WRITE,0x10000c03000,16384
435779,small_user1,1,WRITE,0x10000c07000,8192
435965,small_user0,0,READ,0xc42000,4096
436205,small_user1,1,WRITE,0x10000c09000,8192
436228,small_user1,1,READ,0x10000c0b000,8192
436409,small_user1,1,READ,0x10000c0d000,8192
436417,small_user0,0,WRITE,0xc43000,8192
436517,small_user0,0,READ,0xc45000,16384
436592,small_user1,1,READ,0x10000c0f000,16384
436905,small_user1,1,READ,0x10000c13000,4096
436907,small_user0,0,WRITE,0xc49000,8192
437288,small_user0,0,WRITE,0xc4b000,8192
437456,small_user0,0,READ,0xc4d000,16384
437483,small_user0,0,READ,0xc51000,4096
437512,small_user0,0,READ,0xc52000,8192
437558,small_user0,0,WRITE,0xc54000,4096
437581,large_user0,2,WRITE,0x200012f0000,262144
437752,small_user0,0,READ,0xc55000,8192
437856,large_user0,2,WRITE,0x20001330000,131072
438212,small_user1,1,WRITE,0x10000c14000,16384
438228,small_user0,0,READ,0xc57000,4096
438278,small_user0,0,READ,0xc58000,4096
438386,small_user1,1,WRITE,0x10000c18000,4096
438577,large_user1,3,READ,0x300011b0000,65536
438923,small_user0,0,READ,0xc59000,4096
438927,small_user1,1,WRITE,0x10000c19000,4096
439064,small_user0,0,READ,0xc5a000,8192
439209,small_user0,0,READ,0xc5c000,16384
439323,small_user1,1,WRITE,0x10000c1a000,16384
439664,large_user1,3,READ,0x300011c0000,131072
439873,small_user0,0,READ,0xc60000,8192
439989,small_user1,1,READ,0x10000c1e000,16384
440061,small_user0,0,READ,0xc62000,4096
440282,small_user1,1,WRITE,0x10000c22000,4096
440287,small_user1,1,READ,0x10000c23000,16384
440391,small_user1,1,READ,0x10000c27000,8192
440758,small_user0,0,WRITE,0xc63000,8192
440924,small_user0,0,READ,0xc65000,8192
440955,small_user1,1,WRITE,0x10000c29000,16384
441410,large_user0,2,WRITE,0x20001350000,131072
441424,small_user0,0,READ,0xc67000,8192
441555,small_user1,1,READ,0x10000c2d000,16384
441609,small_user1,1,WRITE,0x10000c31000,8192
441793,small_user1,1,READ,0x10000c33000,16384
441942,small_user0,0,WRITE,0xc69000,8192
441980,large_user0,2,READ,0x20001370000,65536
442015,small_user0,0,READ,0xc6b000,16384
442292,small_user1,1,READ,0x10000c37000,16384
442493,large_user1,3,WRITE,0x300011e0000,131072
442667,small_user1,1,READ,0x10000c3b000,4096
443258,small_user0,0,READ,0xc6f000,8192
443469,small_user1,1,READ,0x10000c3c000,8192
443592,small_user0,0,WRITE,0xc71000,4096
443671,large_user0,2,WRITE,0x20001380000,131072
443702,small_user0,0,WRITE,0xc72000,4096
443852,small_user1,1,READ,0x10000c3e000,8192
443867,small_user1,1,WRITE,0x10000c40000,8192
444033,small_user0,0,READ,0xc73000,8192
444339,small_user0,0,READ,0xc75000,4096
445104,large_user1,3,READ,0x30001200000,65536
445472,large_user0,2,READ,0x200013a0000,262144
445776,small_user1,1,WRITE,0x10000c42000,4096
445938,large_user0,2,READ,0x200013e0000,131072
446026,small_user1,1,READ,0x10000c43000,8192
446036,small_user0,0,WRITE,0xc76000,16384
446057,small_user0,0,READ,0xc7a000,8192
446140,small_user0,0,READ,0xc7c000,4096
446142,small_user0,0,WRITE,0xc7d000,16384
446367,small_user1,1,READ,0x10000c45000,16384
446449,small_user0,0,READ,0xc81000,16384
446534,small_user0,0,READ,0xc85000,16384
446534,small_user0,0,READ,0xc89000,8192
446593,small_user1,1,READ,0x10000c49000,4096
446740,small_user0,0,READ,0xc8b000,16384
447024,large_user0,2,WRITE,0x20001400000,262144
447175,small_user0,0,WRITE,0xc8f000,8192
447337,small_user1,1,READ,0x10000c4a000,4096
447344,small_user1,1,WRITE,0x10000c4b000,4096
447545,small_user0,0,READ,0xc91000,4096
447899,small_user1,1,WRITE,0x10000c4c000,8192
448395,small_user1,1,READ,0x10000c4e000,16384
448406,large_user1,3,WRITE,0x30001210000,262144
448484,small_user0,0,READ,0xc92000,16384
448678,small_user0,0,WRITE,0xc96000,4096
448786,small_user0,0,WRITE,0xc97000,8192
448911,small_user1,1,READ,0x10000c52000,4096
449251,small_user0,0,READ,0xc99000,8192
449358,small_user0,0,READ,0xc9b000,8192
449438,large_user1,3,WRITE,0x30001250000,262144
449455,small_user0,0,READ,0xc9d000,8192
449526,small_user1,1,WRITE,0x10000c53000,4096
449602,small_user1,1,READ,0x10000c54000,8192
449622,small_user0,0,READ,0xc9f000,4096
449833,small_user1,1,READ,0x10000c56000,4096
449890,small_user0,0,READ,0xca0000,16384
449911,small_user0,0,WRITE,0xca4000,8192
449913,small_user0,0,READ,0xca6000,16384
449933,small_user0,0,WRITE,0xcaa000,8192
450180,small_user1,1,READ,0x10000c57000,4096
450482,small_user0,0,WRITE,0xcac000,8192
450756,small_user1,1,READ,0x10000c58000,4096
450816,small_user0,0,READ,0xcae000,16384
450827,small_user1,1,WRITE,0x10000c59000,8192
451264,small_user0,0,READ,0xcb2000,4096
451274,small_user1,1,READ,0x10000c5b000,16384
451294,large_user0,2,READ,0x20001440000,262144
451563,small_user1,1,READ,0x10000c5f000,8192
451596,small_user1,1,READ,0x10000c61000,4096
451855,small_user0,0,WRITE,0xcb3000,8192
451905,small_user0,0,READ,0xcb5000,4096
451952,small_user0,0,WRITE,0xcb6000,16384
452164,small_user0,0,READ,0xcba000,4096
452305,small_user0,0,WRITE,0xcbb000,16384
452553,small_user1,1,READ,0x10000c62000,4096
452674,small_user1,1,READ,0x10000c63000,4096
452711,small_user1,1,READ,0x10000c64000,4096
452759,small_user1,1,WRITE,0x10000c65000,8192
453001,small_user1,1,READ,0x10000c67000,4096
453071,small_user1,1,READ,0x10000c68000,4096
453357,large_user1,3,WRITE,0x30001290000,262144
453498,small_user1,1,READ,0x10000c69000,16384
453548,small_user0,0,READ,0xcbf000,4096
453548,small_user1,1,WRITE,0x10000c6d000,4096
453552,large_user1,3,WRITE,0x300012d0000,262144
453555,large_user1,3,READ,0x30001310000,65536
453650,small_user0,0,READ,0xcc0000,8192
453761,small_user0,0,READ,0xcc2000,4096
453963,small_user1,1,READ,0x10000c6e000,8192
454363,small_user1,1,READ,0x10000c70000,8192
454534,small_user0,0,READ,0xcc3000,4096
454558,large_user0,2,READ,0x20001480000,65536
454578,small_user1,1,READ,0x10000c72000,16384
454720,small_user0,0,READ,0xcc4000,4096
454881,small_user0,0,READ,0xcc5000,16384
454897,small_user0,0,READ,0xcc9000,4096
455422,small_user0,0,READ,0xcca000,16384
455570,small_user0,0,READ,0xcce000,4096
455853,large_user1,3,WRITE,0x30001320000,131072
455982,small_user0,0,READ,0xccf000,16384
456042,small_user0,0,WRITE,0xcd3000,16384
456067,small_user0,0,READ,0xcd7000,8192
456185,small_user0,0,READ,0xcd9000,8192
456587,small_user0,0,READ,0xcdb000,16384
456731,small_user1,1,READ,0x10000c76000,4096
456760,small_user1,1,READ,0x10000c77000,8192
456807,small_user0,0,READ,0xcdf000,8192
456814,small_user1,1,READ,0x10000c79000,16384
456909,small_user1,1,READ,0x10000c7d000,16384
456979,small_user1,1,WRITE,0x10000c81000,16384
457145,small_user0,0,READ,0xce1000,8192
457182,small_user1,1,READ,0x10000c85000,16384
457689,small_user0,0,READ,0xce3000,8192
457729,small_user0,0,READ,0xce5000,4096
457787,small_user1,1,WRITE,0x10000c89000,8192
458051,small_user1,1,READ,0x10000c8b000,4096
458242,small_user0,0,WRITE,0xce6000,16384
458621,small_user1,1,READ,0x10000c8c000,8192
458703,large_user1,3,WRITE,0x30001340000,65536
458743,small_user1,1,READ,0x10000c8e000,8192
459507,small_user1,1,READ,0x10000c90000,16384
459550,small_user1,1,READ,0x10000c94000,4096
459561,small_user0,0,READ,0xcea000,4096
459653,small_user1,1,READ,0x10000c95000,8192
459665,large_user0,2,READ,0x20001490000,262144
459743,small_user0,0,WRITE,0xceb000,4096
459779,small_user0,0,READ,0xcec000,16384
459834,small_user0,0,WRITE,0xcf0000,8192
459879,small_user0,0,READ,0xcf2000,4096
459925,small_user1,1,READ,0x10000c97000,8192
460053,small_user1,1,READ,0x10000c99000,4096
460106,small_user0,0,READ,0xcf3000,8192
460140,small_user0,0,READ,0xcf5000,16384
460151,small_user0,0,READ,0xcf9000,4096
460427,large_user0,2,WRITE,0x200014d0000,131072
460757,small_user1,1,READ,0x10000c9a000,4096
460930,small_user1,1,READ,0x10000c9b000,16384
461080,large_user0,2,READ,0x200014f0000,262144
461202,small_user0,0,READ,0xcfa000,4096
461209,small_user0,0,WRITE,0xcfb000,4096
461397,small_user0,0,READ,0xcfc000,16384
461423,small_user1,1,READ,0x10000c9f000,16384
461614,small_user1,1,WRITE,0x10000ca3000,8192
461707,small_user1,1,READ,0x10000ca5000,4096
461984,small_user1,1,READ,0x10000ca6000,4096
462576,small_user1,1,READ,0x10000ca7000,16384
462746,small_user1,1,WRITE,0x10000cab000,4096
462797,small_user0,0,READ,0xd00000,8192
463025,small_user1,1,READ,0x10000cac000,8192
463174,small_user0,0,WRITE,0xd02000,16384
463233,large_user1,3,READ,0x30001350000,131072
463261,small_user1,1,READ,0x10000cae000,16384
463749,small_user1,1,WRITE,0x10000cb2000,8192
463931,small_user1,1,READ,0x10000cb4000,16384
463993,small_user1,1,READ,0x10000cb8000,16384
464131,small_user1,1,READ,0x10000cbc000,8192
464326,large_user1,3,READ,0x30001370000,262144
464445,small_user0,0,WRITE,0xd06000,16384
464931,small_user1,1,READ,0x10000cbe000,16384
464952,small_user1,1,READ,0x10000cc2000,4096
465324,small_user1,1,READ,0x10000cc3000,8192
465741,small_user1,1,WRITE,0x10000cc5000,8192
465746,small_user1,1,WRITE,0x10000cc7000,8192
465876,small_user0,0,READ,0xd0a000,16384
466055,small_user1,1,WRITE,0x10000cc9000,16384
466256,small_user0,0,WRITE,0xd0e000,16384
466561,small_user1,1,READ,0x10000ccd000,16384
466786,small_user1,1,READ,0x10000cd1000,16384
467172,small_user0,0,WRITE,0xd12000,16384
467204,small_user0,0,WRITE,0xd16000,16384
467457,small_user1,1,READ,0x10000cd5000,16384
467468,small_user1,1,WRITE,0x10000cd9000,16384
467718,small_user0,0,WRITE,0xd1a000,16384
467813,small_user1,1,WRITE,0x10000cdd000,8192
468486,small_user0,0,WRITE,0xd1e000,4096
468552,small_user0,0,READ,0xd1f000,4096
468676,small_user0,0,WRITE,0xd20000,8192
468688,small_user0,0,READ,0xd22000,8192
468837,small_user0,0,WRITE,0xd24000,16384
468896,small_user1,1,READ,0x10000cdf000,16384
469088,large_user0,2,READ,0x20001530000,131072
469198,small_user0,0,READ,0xd28000,4096
469198,small_user1,1,READ,0x10000ce3000,4096
469273,small_user0,0,READ,0xd29000,4096
469351,small_user0,0,READ,0xd2a000,8192
469795,small_user1,1,READ,0x10000ce4000,4096
469934,large_user0,2,READ,0x20001550000,131072
470040,small_user0,0,READ,0xd2c000,16384
470224,small_user1,1,READ,0x10000ce5000,4096
470265,small_user0,0,WRITE,0xd30000,4096
470298,large_user1,3,WRITE,0x300013b0000,262144
470390,large_user1,3,READ,0x300013f0000,262144
470439,small_user0,0,READ,0xd31000,4096
470447,large_user1,3,READ,0x30001430000,65536
470599,large_user1,3,WRITE,0x30001440000,262144
470726,large_user1,3,READ,0x30001480000,262144
470843,small_user1,1,READ,0x10000ce6000,16384
470870,small_user1,1,READ,0x10000cea000,8192
471135,small_user1,1,READ,0x10000cec000,8192
471255,small_user1,1,READ,0x10000cee000,4096
471562,small_user1,1,READ,0x10000cef000,16384
472036,small_user1,1,READ,0x10000cf3000,4096
472450,small_user0,0,READ,0xd32000,8192
472781,small_user0,0,READ,0xd34000,8192
472953,small_user1,1,READ,0x10000cf4000,16384
473185,small_user1,1,READ,0x10000cf8000,16384
473238,large_user1,3,WRITE,0x300014c0000,131072
473367,small_user1,1,READ,0x10000cfc000,16384
473788,small_user0,0,WRITE,0xd36000,8192
473825,small_user1,1,WRITE,0x10000d00000,8192
473902,small_user0,0,READ,0xd38000,4096
474632,small_user0,0,READ,0xd39000,4096
474699,small_user1,1,READ,0x10000d02000,4096
474862,small_user0,0,READ,0xd3a000,8192
475045,small_user1,1,READ,0x10000d03000,16384
475153,small_user1,1,READ,0x10000d07000,4096
475306,large_user1,3,READ,0x300014e0000,65536
475314,small_user1,1,WRITE,0x10000d08000,4096
475351,small_user0,0,READ,0xd3c000,16384
475357,large_user0,2,READ,0x20001570000,131072
475580,small_user1,1,WRITE,0x10000d09000,8192
475607,small_user0,0,READ,0xd40000,16384
475771,small_user0,0,READ,0xd44000,8192
475993,small_user0,0,READ,0xd46000,16384
476256,small_user0,0,READ,0xd4a000,8192
476547,small_user0,0,READ,0xd4c000,4096
476688,small_user1,1,READ,0x10000d0b000,16384
476691,small_user0,0,READ,0xd4d000,4096
476765,small_user1,1,READ,0x10000d0f000,16384
477282,small_user1,1,READ,0x10000d13000,8192
477292,small_user1,1,READ,0x10000d15000,4096
477431,small_user1,1,READ,0x10000d16000,8192
477517,small_user0,0,WRITE,0xd4e000,16384
477925,small_user0,0,READ,0xd52000,4096
478037,small_user0,0,READ,0xd53000,8192
478071,small_user1,1,READ,0x10000d18000,8192
478084,small_user1,1,READ,0x10000d1a000,4096
478264,small_user0,0,READ,0xd55000,8192
478458,small_user0,0,READ,0xd57000,16384
478547,small_user1,1,WRITE,0x10000d1b000,16384
478608,small_user0,0,WRITE,0xd5b000,16384
478753,small_user0,0,READ,0xd5f000,8192
478830,small_user1,1,READ,0x10000d1f000,4096
479059,small_user0,0,READ,0xd61000,8192
479233,small_user0,0,WRITE,0xd63000,8192
479360,small_user1,1,READ,0x10000d20000,8192
479365,small_user0,0,READ,0xd65000,4096
479456,small_user0,0,WRITE,0xd66000,16384
479612,large_user1,3,READ,0x300014f0000,131072
479920,small_user1,1,READ,0x10000d22000,16384
480299,small_user0,0,READ,0xd6a000,8192
480465,small_user0,0,READ,0xd6c000,8192
480588,small_user0,0,READ,0xd6e000,16384
480668,small_user1,1,READ,0x10000d26000,4096
480869,small_user1,1,READ,0x10000d27000,8192
480890,small_user0,0,WRITE,0xd72000,16384
481092,small_user0,0,READ,0xd76000,8192
481402,small_user1,1,READ,0x10000d29000,4096
481437,small_user0,0,READ,0xd78000,8192
481475,small_user1,1,READ,0x10000d2a000,4096
481676,small_user0,0,READ,0xd7a000,16384
481885,small_user1,1,WRITE,0x10000d2b000,4096
481918,small_user0,0,WRITE,0xd7e000,4096
482060,small_user0,0,READ,0xd7f000,16384
482076,small_user1,1,READ,0x10000d2c000,4096
482133,small_user1,1,READ,0x10000d2d000,16384
482194,small_user0,0,READ,0xd83000,8192
482219,small_user0,0,WRITE,0xd85000,16384
482316,small_user1,1,READ,0x10000d31000,4096
482476,small_user0,0,WRITE,0xd89000,8192
482556,small_user0,0,READ,0xd8b000,16384
482647,small_user0,0,WRITE,0xd8f000,16384
482787,small_user0,0,READ,0xd93000,8192
483339,small_user0,0,WRITE,0xd95000,8192
483368,small_user0,0,READ,0xd97000,16384
483917,small_user0,0,READ,0xd9b000,8192
483975,small_user0,0,READ,0xd9d000,4096
484182,small_user1,1,READ,0x10000d32000,4096
484236,small_user0,0,READ,0xd9e000,16384
484276,small_user0,0,READ,0xda2000,8192
484852,small_user1,1,WRITE,0x10000d33000,16384
484873,small_user1,1,WRITE,0x10000d37000,16384
485017,small_user0,0,READ,0xda4000,8192
485066,small_user0,0,READ,0xda6000,4096
485278,small_user1,1,READ,0x10000d3b000,16384
485593,small_user0,0,READ,0xda7000,8192
485777,small_user0,0,READ,0xda9000,16384
486440,small_user1,1,READ,0x10000d3f000,4096
486479,small_user1,1,WRITE,0x10000d40000,8192
486488,small_user1,1,WRITE,0x10000d42000,16384
486507,small_user1,1,WRITE,0x10000d46000,16384
486518,small_user0,0,READ,0xdad000,16384
486668,small_user1,1,READ,0x10000d4a000,4096
486918,small_user0,0,READ,0xdb1000,16384
487358,small_user0,0,READ,0xdb5000,16384
487633,small_user1,1,WRITE,0x10000d4b000,4096
487729,small_user1,1,WRITE,0x10000d4c000,4096
487749,small_user1,1,READ,0x10000d4d000,8192
487879,small_user1,1,READ,0x10000d4f000,16384
488020,small_user1,1,WRITE,0x10000d53000,8192
488116,small_user0,0,WRITE,0xdb9000,8192
488122,small_user1,1,READ,0x10000d55000,8192
488232,large_user1,3,READ,0x30001510000,131072
488299,small_user1,1,WRITE,0x10000d57000,4096
488510,small_user0,0,READ,0xdbb000,4096
489010,small_user0,0,READ,0xdbc000,16384
489091,small_user0,0,WRITE,0xdc0000,8192
489192,small_user1,1,WRITE,0x10000d58000,16384
489290,small_user0,0,READ,0xdc2000,4096
489330,small_user0,0,READ,0xdc3000,8192
489356,small_user0,0,WRITE,0xdc5000,16384
489723,small_user1,1,READ,0x10000d5c000,4096
489922,small_user0,0,READ,0xdc9000,16384
490017,small_user0,0,WRITE,0xdcd000,8192
490034,small_user0,0,READ,0xdcf000,8192
490044,small_user1,1,READ,0x10000d5d000,4096
490679,small_user1,1,WRITE,0x10000d5e000,8192
490766,large_user0,2,WRITE,0x20001590000,262144
490882,small_user0,0,READ,0xdd1000,8192
491127,small_user1,1,READ,0x10000d60000,8192
491187,small_user1,1,READ,0x10000d62000,16384
491346,small_user1,1,WRITE,0x10000d66000,8192
491353,small_user0,0,READ,0xdd3000,8192
491377,small_user0,0,READ,0xdd5000,4096
491544,small_user0,0,READ,0xdd6000,16384
491550,small_user1,1,READ,0x10000d68000,8192
491575,small_user1,1,READ,0x10000d6a000,8192
491828,large_user0,2,READ,0x200015d0000,65536
492131,small_user0,0,WRITE,0xdda000,4096
492699,large_user1,3,WRITE,0x30001530000,131072
492859,small_user0,0,READ,0xddb000,16384
492974,small_user1,1,READ,0x10000d6c000,4096
493128,small_user0,0,READ,0xddf000,4096
493222,small_user0,0,READ,0xde0000,8192
493259,small_user1,1,READ,0x10000d6d000,16384
493295,small_user0,0,WRITE,0xde2000,16384
493326,small_user1,1,READ,0x10000d71000,8192
493546,small_user1,1,READ,0x10000d73000,8192
493601,small_user0,0,READ,0xde6000,4096
493753,small_user0,0,READ,0xde7000,8192
493821,small_user1,1,WRITE,0x10000d75000,16384
494199,small_user0,0,WRITE,0xde9000,4096
494520,small_user1,1,READ,0x10000d79000,8192
494680,small_user1,1,WRITE,0x10000d7b000,16384
494784,small_user1,1,READ,0x10000d7f000,4096
494925,small_user0,0,WRITE,0xdea000,4096
494987,large_user0,2,WRITE,0x200015e0000,262144
495009,small_user1,1,READ,0x10000d80000,4096
495041,small_user0,0,READ,0xdeb000,8192
495044,small_user0,0,WRITE,0xded000,4096
495468,small_user1,1,READ,0x10000d81000,8192
495486,small_user1,1,READ,0x10000d83000,4096
496116,small_user1,1,READ,0x10000d84000,8192
496214,small_user1,1,READ,0x10000d86000,16384
496224,small_user1,1,READ,0x10000d8a000,8192
496233,small_user1,1,READ,0x10000d8c000,4096
496246,large_user1,3,READ,0x30001550000,65536
496322,small_user1,1,READ,0x10000d8d000,16384
496503,large_user1,3,WRITE,0x30001560000,262144
496607,small_user0,0,READ,0xdee000,16384
496675,small_user0,0,WRITE,0xdf2000,4096
496679,large_user1,3,WRITE,0x300015a0000,262144
496698,small_user0,0,READ,0xdf3000,4096
496921,small_user1,1,WRITE,0x10000d91000,8192
496972,small_user0,0,READ,0xdf4000,4096
497014,small_user1,1,READ,0x10000d93000,16384
497038,small_user1,1,READ,0x10000d97000,4096
497085,large_user1,3,READ,0x300015e0000,65536
497113,small_user0,0,READ,0xdf5000,8192
497231,small_user0,0,WRITE,0xdf7000,16384
497595,small_user0,0,WRITE,0xdfb000,8192
497835,large_user0,2,READ,0x20001620000,65536
497966,small_user1,1,READ,0x10000d98000,16384
498441,small_user0,0,READ,0xdfd000,4096
498486,small_user0,0,WRITE,0xdfe000,4096
498891,small_user0,0,WRITE,0xdff000,4096
498977,small_user0,0,READ,0xe00000,8192
499027,small_user0,0,READ,0xe02000,8192
499076,small_user1,1,READ,0x10000d9c000,4096
499282,small_user0,0,READ,0xe04000,16384
499313,small_user1,1,WRITE,0x10000d9d000,16384
499366,large_user0,2,WRITE,0x20001630000,131072
499555,small_user0,0,READ,0xe08000,4096
499743,small_user1,1,READ,0x10000da1000,16384
499954,small_user0,0,READ,0xe09000,8192
500056,large_user1,3,READ,0x300015f0000,262144
500210,small_user0,0,WRITE,0xe0b000,16384
500235,large_user1,3,READ,0x30001630000,131072
500248,small_user0,0,READ,0xe0f000,8192
500328,small_user0,0,READ,0xe11000,4096
500371,small_user1,1,WRITE,0x10000da5000,8192
500474,large_user1,3,READ,0x30001650000,262144
500795,small_user0,0,READ,0xe12000,8192
501066,small_user0,0,READ,0xe14000,8192
501156,large_user0,2,READ,0x20001650000,131072
501240,small_user1,1,READ,0x10000da7000,8192
501356,small_user0,0,READ,0xe16000,16384
501662,small_user1,1,WRITE,0x10000da9000,16384
501666,small_user1,1,WRITE,0x10000dad000,16384
501830,small_user1,1,READ,0x10000db1000,16384
501875,small_user0,0,READ,0xe1a000,4096
501984,small_user1,1,READ,0x10000db5000,16384
501996,small_user0,0,WRITE,0xe1b000,16384
501999,small_user0,0,READ,0xe1f000,4096
502660,small_user1,1,READ,0x10000db9000,8192
503193,small_user1,1,READ,0x10000dbb000,8192
503534,small_user1,1,READ,0x10000dbd000,8192
503627,small_user1,1,READ,0x10000dbf000,16384
503676,large_user1,3,WRITE,0x30001690000,131072
503891,small_user0,0,READ,0xe20000,8192
504138,small_user1,1,READ,0x10000dc3000,8192
504158,small_user1,1,READ,0x10000dc5000,4096
504197,small_user1,1,READ,0x10000dc6000,4096
504492,small_user0,0,WRITE,0xe22000,16384
505176,small_user0,0,READ,0xe26000,8192
505274,small_user1,1,READ,0x10000dc7000,16384
505698,small_user1,1,READ,0x10000dcb000,16384
505757,small_user1,1,WRITE,0x10000dcf000,16384
506021,small_user1,1,READ,0x10000dd3000,8192
506303,small_user0,0,WRITE,0xe28000,16384
506505,small_user1,1,WRITE,0x10000dd5000,16384
506554,small_user1,1,READ,0x10000dd9000,8192
506664,small_user1,1,READ,0x10000ddb000,4096
506769,small_user1,1,WRITE,0x10000ddc000,8192
506961,small_user0,0,READ,0xe2c000,4096
507102,small_user0,0,WRITE,0xe2d000,8192
507160,small_user0,0,READ,0xe2f000,16384
507352,small_user0,0,READ,0xe33000,16384
507438,small_user0,0,READ,0xe37000,4096
507456,small_user1,1,READ,0x10000dde000,16384
507654,large_user0,2,WRITE,0x20001670000,131072
507678,small_user1,1,READ,0x10000de2000,16384
507863,small_user0,0,READ,0xe38000,8192
508081,small_user1,1,READ,0x10000de6000,16384
508529,small_user1,1,READ,0x10000dea000,16384
508548,small_user0,0,READ,0xe3a000,8192
508736,small_user1,1,WRITE,0x10000dee000,4096
508851,small_user0,0,WRITE,0xe3c000,8192
508899,small_user1,1,READ,0x10000def000,4096
509164,small_user1,1,WRITE,0x10000df0000,16384
509386,small_user0,0,WRITE,0xe3e000,8192
509421,small_user1,1,WRITE,0x10000df4000,16384
510044,small_user1,1,READ,0x10000df8000,16384
510451,small_user0,0,WRITE,0xe40000,16384
510480,small_user1,1,READ,0x10000dfc000,16384
510692,small_user0,0,WRITE,0xe44000,4096
510911,small_user1,1,READ,0x10000e00000,16384
511072,small_user1,1,READ,0x10000e04000,16384
511296,small_user0,0,READ,0xe45000,16384
511305,small_user0,0,WRITE,0xe49000,16384
511364,small_user0,0,WRITE,0xe4d000,8192
511477,small_user0,0,READ,0xe4f000,16384
511504,small_user0,0,READ,0xe53000,16384
511847,small_user1,1,WRITE,0x10000e08000,8192
512472,small_user0,0,WRITE,0xe57000,8192
512485,small_user1,1,WRITE,0x10000e0a000,8192
512752,small_user1,1,READ,0x10000e0c000,8192
512910,small_user0,0,WRITE,0xe59000,16384
513403,small_user0,0,READ,0xe5d000,8192
513672,small_user1,1,READ,0x10000e0e000,4096
513729,small_user1,1,READ,0x10000e0f000,8192
513738,small_user1,1,READ,0x10000e11000,16384
513786,small_user0,0,READ,0xe5f000,16384
513841,small_user1,1,READ,0x10000e15000,8192
513994,small_user1,1,READ,0x10000e17000,4096
514091,large_user1,3,WRITE,0x300016b0000,262144
514124,small_user0,0,READ,0xe63000,16384
514201,small_user1,1,READ,0x10000e18000,4096
514207,small_user1,1,READ,0x10000e19000,4096
514384,small_user0,0,READ,0xe67000,8192
514654,small_user0,0,WRITE,0xe69000,16384
514718,small_user1,1,WRITE,0x10000e1a000,16384
514719,small_user1,1,READ,0x10000e1e000,8192
515083,small_user0,0,WRITE,0xe6d000,8192
515507,small_user1,1,READ,0x10000e20000,8192
515550,small_user0,0,WRITE,0xe6f000,8192
516079,small_user1,1,WRITE,0x10000e22000,8192
516529,small_user1,1,READ,0x10000e24000,4096
516625,small_user0,0,WRITE,0xe71000,16384
516797,small_user0,0,READ,0xe75000,4096
516861,small_user0,0,READ,0xe76000,8192
516940,small_user0,0,READ,0xe78000,8192
516992,small_user1,1,READ,0x10000e25000,8192
517018,small_user1,1,WRITE,0x10000e27000,4096
517176,small_user1,1,READ,0x10000e28000,16384
517378,small_user0,0,READ,0xe7a000,16384
517415,small_user0,0,READ,0xe7e000,8192
517536,small_user0,0,WRITE,0xe80000,8192
517721,small_user0,0,WRITE,0xe82000,8192
517739,small_user0,0,READ,0xe84000,16384
517886,large_user1,3,READ,0x300016f0000,131072
517964,small_user1,1,READ,0x10000e2c000,16384
517988,small_user0,0,READ,0xe88000,8192
518020,small_user1,1,READ,0x10000e30000,8192
518127,small_user0,0,READ,0xe8a000,16384
518134,small_user0,0,READ,0xe8e000,4096
518164,small_user1,1,WRITE,0x10000e32000,16384
518553,small_user1,1,READ,0x10000e36000,4096
518730,small_user0,0,READ,0xe8f000,16384
518769,small_user0,0,WRITE,0xe93000,16384
519123,small_user0,0,READ,0xe97000,4096
519147,small_user1,1,READ,0x10000e37000,16384
519337,large_user0,2,WRITE,0x20001690000,262144
519392,small_user0,0,READ,0xe98000,16384
519422,small_user1,1,READ,0x10000e3b000,8192
519512,small_user0,0,READ,0xe9c000,8192
519782,small_user0,0,READ,0xe9e000,16384
519871,small_user0,0,READ,0xea2000,4096
519954,small_user1,1,READ,0x10000e3d000,4096
519962,small_user1,1,READ,0x10000e3e000,8192
520334,large_user0,2,WRITE,0x200016d0000,262144
520394,small_user1,1,READ,0x10000e40000,8192
520605,small_user1,1,READ,0x10000e42000,4096
520781,small_user0,0,WRITE,0xea3000,8192
521361,small_user0,0,WRITE,0xea5000,4096
521426,small_user1,1,READ,0x10000e43000,8192
521426,small_user1,1,WRITE,0x10000e45000,4096
521577,small_user0,0,WRITE,0xea6000,4096
521602,large_user1,3,READ,0x30001710000,131072
521730,small_user1,1,READ,0x10000e46000,16384
521975,small_user1,1,WRITE,0x10000e4a000,4096
522011,small_user0,0,READ,0xea7000,16384
522073,small_user0,0,WRITE,0xeab000,16384
522352,small_user0,0,READ,0xeaf000,4096
522426,small_user1,1,WRITE,0x10000e4b000,16384
522430,small_user0,0,READ,0xeb0000,8192
522624,small_user1,1,WRITE,0x10000e4f000,4096
522698,small_user0,0,READ,0xeb2000,16384
522956,small_user1,1,READ,0x10000e50000,16384
523105,small_user0,0,READ,0xeb6000,16384
523163,small_user1,1,WRITE,0x10000e54000,8192
523385,small_user1,1,READ,0x10000e56000,4096
524090,small_user0,0,READ,0xeba000,4096
524119,small_user1,1,WRITE,0x10000e57000,4096
524293,large_user0,2,WRITE,0x20001710000,262144
524660,small_user1,1,WRITE,0x10000e58000,4096
524691,small_user1,1,READ,0x10000e59000,16384
524723,small_user1,1,READ,0x10000e5d000,4096
524974,small_user0,0,READ,0xebb000,16384
525054,large_user1,3,READ,0x30001730000,262144
525109,large_user0,2,WRITE,0x20001750000,131072
525555,small_user0,0,READ,0xebf000,8192
525712,large_user0,2,READ,0x20001770000,262144
525739,small_user1,1,WRITE,0x10000e5e000,8192
525746,small_user0,0,READ,0xec1000,8192
525764,large_user1,3,WRITE,0x30001770000,262144
525901,small_user1,1,READ,0x10000e60000,16384
526171,large_user1,3,READ,0x300017b0000,65536
526245,small_user0,0,READ,0xec3000,4096
526255,small_user1,1,WRITE,0x10000e64000,16384
526743,small_user1,1,WRITE,0x10000e68000,8192
526766,small_user1,1,WRITE,0x10000e6a000,16384
526953,small_user1,1,WRITE,0x10000e6e000,16384
527261,small_user0,0,WRITE,0xec4000,4096
527514,small_user1,1,READ,0x10000e72000,4096
527751,small_user1,1,READ,0x10000e73000,8192
527864,small_user0,0,READ,0xec5000,8192
528133,small_user0,0,READ,0xec7000,16384
528183,small_user0,0,READ,0xecb000,4096
528279,small_user1,1,READ,0x10000e75000,8192
528305,small_user0,0,WRITE,0xecc000,8192
528331,large_user1,3,WRITE,0x300017c0000,262144
528434,small_user0,0,WRITE,0xece000,4096
528629,small_user0,0,READ,0xecf000,16384
528692,small_user0,0,WRITE,0xed3000,8192
528694,small_user0,0,READ,0xed5000,8192
528879,small_user0,0,READ,0xed7000,8192
528897,small_user1,1,READ,0x10000e77000,8192
529011,small_user1,1,READ,0x10000e79000,16384
529528,small_user1,1,READ,0x10000e7d000,16384
529566,small_user0,0,WRITE,0xed9000,16384
529588,large_user1,3,READ,0x30001800000,65536
529604,small_user1,1,READ,0x10000e81000,8192
530066,small_user1,1,WRITE,0x10000e83000,8192
530143,small_user0,0,READ,0xedd000,8192
530360,small_user0,0,WRITE,0xedf000,4096
530527,small_user0,0,WRITE,0xee0000,16384
531313,small_user1,1,READ,0x10000e85000,16384
531419,small_user0,0,READ,0xee4000,4096
531655,small_user0,0,WRITE,0xee5000,16384
531941,small_user0,0,READ,0xee9000,4096
532267,small_user0,0,READ,0xeea000,8192
532621,small_user0,0,WRITE,0xeec000,4096
532678,small_user1,1,READ,0x10000e89000,16384
532722,small_user0,0,WRITE,0xeed000,4096
533324,small_user1,1,READ,0x10000e8d000,4096
533469,small_user0,0,READ,0xeee000,16384
533496,large_user0,2,WRITE,0x200017b0000,262144
533542,large_user0,2,READ,0x200017f0000,262144
533701,small_user1,1,WRITE,0x10000e8e000,8192
533798,large_user1,3,WRITE,0x30001810000,65536
533873,small_user1,1,READ,0x10000e90000,16384
533917,small_user1,1,READ,0x10000e94000,4096
533918,small_user1,1,READ,0x10000e95000,16384
534379,small_user0,0,WRITE,0xef2000,16384
534593,small_user0,0,READ,0xef6000,16384
534908,small_user0,0,WRITE,0xefa000,4096
535008,small_user0,0,READ,0xefb000,16384
535045,small_user0,0,READ,0xeff000,16384
535235,small_user0,0,READ,0xf03000,4096
535632,small_user1,1,WRITE,0x10000e99000,16384
535804,small_user1,1,WRITE,0x10000e9d000,8192
535849,small_user1,1,READ,0x10000e9f000,4096
536051,small_user1,1,READ,0x10000ea0000,8192
536206,small_user1,1,READ,0x10000ea2000,4096
536354,small_user0,0,READ,0xf04000,16384
536446,small_user0,0,READ,0xf08000,16384
536510,small_user1,1,READ,0x10000ea3000,8192
536662,small_user0,0,READ,0xf0c000,8192
536676,small_user0,0,READ,0xf0e000,8192
537139,small_user0,0,READ,0xf10000,8192
537211,small_user0,0,WRITE,0xf12000,8192
537283,small_user1,1,READ,0x10000ea5000,8192
537684,small_user1,1,READ,0x10000ea7000,16384
538145,small_user0,0,WRITE,0xf14000,8192
538191,large_user0,2,READ,0x20001830000,262144
538556,small_user1,1,WRITE,0x10000eab000,16384
538849,small_user0,0,WRITE,0xf16000,16384
539064,small_user1,1,READ,0x10000eaf000,4096
539380,small_user0,0,WRITE,0xf1a000,8192
539392,small_user1,1,READ,0x10000eb0000,8192
539484,small_user0,0,READ,0xf1c000,16384
539569,small_user1,1,READ,0x10000eb2000,8192
539651,small_user1,1,READ,0x10000eb4000,4096
539717,small_user1,1,READ,0x10000eb5000,8192
540170,small_user0,0,READ,0xf20000,8192
540210,small_user1,1,READ,0x10000eb7000,16384
540382,small_user0,0,READ,0xf22000,4096
540458,small_user0,0,READ,0xf23000,4096
540647,small_user1,1,READ,0x10000ebb000,16384
540784,large_user0,2,READ,0x20001870000,262144
540868,small_user0,0,WRITE,0xf24000,16384
541157,small_user0,0,WRITE,0xf28000,16384
541275,small_user0,0,READ,0xf2c000,16384
541411,small_user1,1,READ,0x10000ebf000,4096
541488,small_user0,0,READ,0xf30000,4096
541919,small_user1,1,WRITE,0x10000ec0000,4096
541946,small_user1,1,WRITE,0x10000ec1000,4096
542065,large_user0,2,WRITE,0x200018b0000,65536
542370,small_user1,1,WRITE,0x10000ec2000,4096
542477,small_user1,1,READ,0x10000ec3000,16384
542549,small_user1,1,READ,0x10000ec7000,8192
542773,small_user1,1,READ,0x10000ec9000,16384
542866,small_user1,1,READ,0x10000ecd000,4096
542933,small_user0,0,READ,0xf31000,4096
542958,small_user0,0,WRITE,0xf32000,4096
543006,small_user1,1,WRITE,0x10000ece000,16384
543084,small_user0,0,READ,0xf33000,16384
543424,small_user1,1,WRITE,0x10000ed2000,16384
543549,small_user0,0,READ,0xf37000,8192
544328,small_user1,1,READ,0x10000ed6000,16384
544548,large_user0,2,READ,0x200018c0000,131072
544573,small_user1,1,READ,0x10000eda000,4096
544772,small_user1,1,READ,0x10000edb000,8192
545459,small_user1,1,READ,0x10000edd000,8192
545512,small_user0,0,WRITE,0xf39000,4096
545527,small_user0,0,READ,0xf3a000,8192
545582,small_user1,1,WRITE,0x10000edf000,16384
545738,small_user1,1,READ,0x10000ee3000,4096
545901,small_user0,0,READ,0xf3c000,4096
546120,small_user1,1,READ,0x10000ee4000,8192
546296,small_user1,1,WRITE,0x10000ee6000,16384
546637,large_user1,3,WRITE,0x30001820000,262144
546780,small_user0,0,READ,0xf3d000,4096
546853,small_user1,1,READ,0x10000eea000,16384
546996,small_user0,0,READ,0xf3e000,8192
547269,small_user0,0,WRITE,0xf40000,4096
547299,small_user1,1,READ,0x10000eee000,4096
547378,small_user0,0,READ,0xf41000,16384
547648,small_user1,1,READ,0x10000eef000,4096
547749,small_user1,1,WRITE,0x10000ef0000,8192
548035,large_user0,2,WRITE,0x200018e0000,65536
548251,small_user1,1,READ,0x10000ef2000,16384
548354,small_user1,1,READ,0x10000ef6000,16384
548365,small_user0,0,READ,0xf45000,8192
548587,small_user0,0,READ,0xf47000,8192
548652,small_user0,0,READ,0xf49000,8192
548850,small_user1,1,READ,0x10000efa000,4096
548910,small_user0,0,READ,0xf4b000,4096
548932,small_user1,1,READ,0x10000efb000,16384
549102,large_user0,2,READ,0x200018f0000,262144
549262,small_user1,1,READ,0x10000eff000,4096
549400,small_user1,1,READ,0x10000f00000,8192
549435,small_user1,1,WRITE,0x10000f02000,16384
549521,small_user0,0,READ,0xf4c000,8192
549525,small_user1,1,READ,0x10000f06000,8192
549626,small_user1,1,READ,0x10000f08000,8192
549690,small_user1,1,READ,0x10000f0a000,4096
549772,small_user1,1,READ,0x10000f0b000,4096
549871,small_user0,0,READ,0xf4e000,16384
549905,small_user0,0,WRITE,0xf52000,8192
550137,large_user0,2,WRITE,0x20001930000,65536
550342,small_user1,1,READ,0x10000f0c000,16384
550394,small_user0,0,READ,0xf54000,16384
550403,small_user1,1,READ,0x10000f10000,4096
550499,small_user0,0,READ,0xf58000,8192
550544,small_user0,0,READ,0xf5a000,16384
550639,small_user0,0,WRITE,0xf5e000,8192
550919,small_user1,1,WRITE,0x10000f11000,8192
550931,small_user0,0,WRITE,0xf60000,4096
551032,small_user0,0,READ,0xf61000,8192
551172,small_user0,0,READ,0xf63000,4096
551241,small_user1,1,READ,0x10000f13000,4096
551289,small_user1,1,READ,0x10000f14000,8192
551679,large_user1,3,READ,0x30001860000,65536
551711,small_user0,0,READ,0xf64000,8192
551711,small_user0,0,READ,0xf66000,8192
552130,small_user1,1,READ,0x10000f16000,8192
552255,small_user1,1,READ,0x10000f18000,8192
552280,small_user1,1,READ,0x10000f1a000,16384
552518,small_user1,1,WRITE,0x10000f1e000,16384
552675,small_user0,0,READ,0xf68000,4096
552849,small_user0,0,WRITE,0xf69000,4096
552901,small_user1,1,READ,0x10000f22000,16384
553025,small_user0,0,READ,0xf6a000,4096
553039,small_user0,0,WRITE,0xf6b000,4096
553434,small_user1,1,WRITE,0x10000f26000,4096
553534,small_user1,1,READ,0x10000f27000,16384
553629,small_user1,1,READ,0x10000f2b000,16384
553718,small_user0,0,WRITE,0xf6c000,4096
553864,small_user1,1,READ,0x10000f2f000,8192
553949,small_user0,0,READ,0xf6d000,16384
553981,small_user0,0,READ,0xf71000,4096
554051,small_user0,0,READ,0xf72000,8192
554130,small_user1,1,READ,0x10000f31000,16384
554329,large_user0,2,WRITE,0x20001940000,65536
554403,small_user0,0,WRITE,0xf74000,8192
554403,small_user1,1,READ,0x10000f35000,16384
554704,small_user0,0,READ,0xf76000,16384
554918,small_user0,0,WRITE,0xf7a000,16384
555037,small_user0,0,READ,0xf7e000,16384
555052,small_user1,1,READ,0x10000f39000,16384
555198,small_user0,0,READ,0xf82000,8192
555432,large_user1,3,WRITE,0x30001870000,65536
555561,small_user1,1,READ,0x10000f3d000,4096
555681,large_user0,2,READ,0x20001950000,131072
555843,small_user0,0,WRITE,0xf84000,8192
555975,small_user1,1,READ,0x10000f3e000,16384
556074,large_user1,3,READ,0x30001880000,262144
556228,small_user0,0,WRITE,0xf86000,4096
556266,small_user0,0,WRITE,0xf87000,4096
556631,small_user1,1,READ,0x10000f42000,16384
557173,small_user1,1,READ,0x10000f46000,4096
557275,small_user0,0,WRITE,0xf88000,16384
557330,small_user0,0,READ,0xf8c000,16384
557349,small_user1,1,READ,0x10000f47000,4096
557393,small_user0,0,READ,0xf90000,16384
557504,small_user0,0,WRITE,0xf94000,4096
557639,large_user1,3,WRITE,0x300018c0000,131072
557727,small_user1,1,READ,0x10000f48000,16384
557799,small_user1,1,READ,0x10000f4c000,8192
557914,small_user1,1,READ,0x10000f4e000,4096
558159,small_user1,1,WRITE,0x10000f4f000,16384
558167,large_user0,2,WRITE,0x20001970000,262144
558212,small_user0,0,READ,0xf95000,4096
558833,small_user1,1,WRITE,0x10000f53000,4096
559287,small_user1,1,READ,0x10000f54000,16384
559425,small_user0,0,WRITE,0xf96000,8192
559856,small_user0,0,READ,0xf98000,4096
559951,small_user1,1,WRITE,0x10000f58000,8192
559955,small_user0,0,READ,0xf99000,16384
560061,large_user1,3,WRITE,0x300018e0000,65536
560113,small_user0,0,READ,0xf9d000,8192
560268,small_user0,0,READ,0xf9f000,8192
560298,small_user1,1,READ,0x10000f5a000,16384
560578,small_user1,1,READ,0x10000f5e000,16384
560589,large_user1,3,READ,0x300018f0000,131072
560798,small_user0,0,READ,0xfa1000,8192
561368,small_user1,1,READ,0x10000f62000,4096
561474,small_user0,0,WRITE,0xfa3000,16384
561641,small_user1,1,READ,0x10000f63000,16384
561664,small_user1,1,READ,0x10000f67000,4096
561698,small_user1,1,READ,0x10000f68000,4096
561712,small_user0,0,READ,0xfa7000,16384
561714,small_user1,1,WRITE,0x10000f69000,16384
561843,small_user0,0,READ,0xfab000,4096
562138,small_user0,0,READ,0xfac000,4096
562239,small_user0,0,READ,0xfad000,4096
562311,small_user0,0,WRITE,0xfae000,4096
562511,small_user0,0,READ,0xfaf000,8192
562666,small_user0,0,WRITE,0xfb1000,8192
563361,small_user1,1,READ,0x10000f6d000,4096
563465,small_user0,0,WRITE,0xfb3000,16384
563546,small_user1,1,WRITE,0x10000f6e000,8192
563985,small_user1,1,READ,0x10000f70000,4096
564031,small_user0,0,READ,0xfb7000,8192
564325,small_user1,1,READ,0x10000f71000,8192
564352,small_user0,0,READ,0xfb9000,16384
564413,small_user1,1,READ,0x10000f73000,8192
564855,small_user0,0,READ,0xfbd000,16384
564879,small_user1,1,READ,0x10000f75000,8192
565059,small_user0,0,READ,0xfc1000,8192
565149,small_user1,1,READ,0x10000f77000,4096
565348,small_user1,1,READ,0x10000f78000,4096
565473,small_user0,0,READ,0xfc3000,8192
565926,large_user0,2,READ,0x200019b0000,131072
566031,small_user1,1,READ,0x10000f79000,8192
566450,small_user0,0,READ,0xfc5000,16384
566490,small_user1,1,WRITE,0x10000f7b000,8192
566542,small_user1,1,READ,0x10000f7d000,4096
566757,small_user0,0,WRITE,0xfc9000,4096
566856,small_user1,1,WRITE,0x10000f7e000,8192
567141,small_user1,1,READ,0x10000f80000,4096
567236,small_user1,1,READ,0x10000f81000,4096
567444,small_user0,0,READ,0xfca000,4096
567474,small_user0,0,READ,0xfcb000,16384
567710,small_user0,0,WRITE,0xfcf000,16384
567733,small_user0,0,READ,0xfd3000,4096
567995,small_user1,1,WRITE,0x10000f82000,16384
568005,large_user0,2,WRITE,0x200019d0000,262144
568111,small_user1,1,WRITE,0x10000f86000,8192
568198,small_user1,1,WRITE,0x10000f88000,4096
568331,small_user1,1,READ,0x10000f89000,16384
568507,small_user1,1,READ,0x10000f8d000,16384
568612,small_user0,0,READ,0xfd4000,8192
568879,small_user1,1,READ,0x10000f91000,16384
568885,small_user1,1,READ,0x10000f95000,8192
568886,small_user1,1,READ,0x10000f97000,8192
569085,small_user1,1,READ,0x10000f99000,8192
569191,small_user0,0,READ,0xfd6000,16384
569313,small_user0,0,READ,0xfda000,16384
569334,small_user0,0,WRITE,0xfde000,16384
569586,small_user0,0,READ,0xfe2000,16384
569678,small_user0,0,READ,0xfe6000,8192
569768,small_user1,1,READ,0x10000f9b000,16384
569879,small_user0,0,WRITE,0xfe8000,16384
569954,small_user0,0,READ,0xfec000,8192
569998,small_user1,1,READ,0x10000f9f000,16384
570138,small_user1,1,READ,0x10000fa3000,8192
570358,small_user1,1,READ,0x10000fa5000,8192
570394,small_user1,1,READ,0x10000fa7000,4096
570558,small_user1,1,READ,0x10000fa8000,8192
570608,small_user0,0,READ,0xfee000,4096
571226,large_user0,2,READ,0x20001a10000,262144
571249,small_user1,1,WRITE,0x10000faa000,16384
571506,large_user1,3,READ,0x30001910000,262144
571818,small_user1,1,READ,0x10000fae000,8192
572054,large_user1,3,WRITE,0x30001950000,65536
572106,small_user1,1,WRITE,0x10000fb0000,8192
572225,small_user1,1,READ,0x10000fb2000,8192
572499,small_user0,0,WRITE,0xfef000,16384
572542,small_user1,1,READ,0x10000fb4000,4096
572608,small_user0,0,READ,0xff3000,4096
572888,large_user1,3,READ,0x30001960000,65536
573014,small_user0,0,WRITE,0xff4000,16384
573132,small_user1,1,WRITE,0x10000fb5000,16384
573145,small_user1,1,READ,0x10000fb9000,16384
573155,small_user0,0,READ,0xff8000,16384
573446,small_user0,0,WRITE,0xffc000,8192
573512,small_user1,1,READ,0x10000fbd000,16384
573559,small_user0,0,READ,0xffe000,16384
573637,small_user1,1,READ,0x10000fc1000,8192
573832,small_user1,1,WRITE,0x10000fc3000,8192
573846,small_user1,1,READ,0x10000fc5000,8192
573861,small_user0,0,READ,0x1002000,16384
574542,small_user0,0,READ,0x1006000,4096
574846,small_user0,0,READ,0x1007000,8192
575076,small_user1,1,READ,0x10000fc7000,8192
575180,small_user0,0,WRITE,0x1009000,4096
575285,small_user1,1,READ,0x10000fc9000,4096
575366,small_user1,1,READ,0x10000fca000,4096
575482,small_user1,1,READ,0x10000fcb000,16384
575740,small_user0,0,READ,0x100a000,16384
576363,small_user0,0,READ,0x100e000,8192
576570,small_user1,1,READ,0x10000fcf000,4096
576594,small_user0,0,READ,0x1010000,16384
576759,small_user0,0,READ,0x1014000,4096
576765,small_user0,0,WRITE,0x1015000,8192
576785,small_user1,1,WRITE,0x10000fd0000,8192
576898,small_user1,1,WRITE,0x10000fd2000,4096
576964,small_user0,0,WRITE,0x1017000,16384
577223,small_user1,1,READ,0x10000fd3000,16384
577743,small_user1,1,READ,0x10000fd7000,16384
577842,small_user1,1,WRITE,0x10000fdb000,16384
577851,small_user1,1,READ,0x10000fdf000,4096
578052,small_user1,1,READ,0x10000fe0000,16384
578124,small_user0,0,WRITE,0x101b000,16384
578543,small_user1,1,WRITE,0x10000fe4000,4096
578616,small_user0,0,READ,0x101f000,4096
579484,small_user0,0,WRITE,0x1020000,16384
579619,small_user0,0,READ,0x1024000,8192
580075,small_user1,1,WRITE,0x10000fe5000,4096
580622,small_user0,0,READ,0x1026000,8192
580975,small_user1,1,READ,0x10000fe6000,16384
580979,small_user1,1,READ,0x10000fea000,16384
581350,small_user1,1,READ,0x10000fee000,16384
581461,small_user1,1,READ,0x10000ff2000,8192
581490,small_user1,1,WRITE,0x10000ff4000,4096
581601,small_user0,0,WRITE,0x1028000,8192
581696,large_user1,3,WRITE,0x30001970000,262144
581871,small_user0,0,READ,0x102a000,8192
581943,small_user1,1,READ,0x10000ff5000,8192
582636,small_user1,1,WRITE,0x10000ff7000,16384
582784,small_user1,1,READ,0x10000ffb000,16384
582801,small_user0,0,READ,0x102c000,8192
582834,small_user1,1,READ,0x10000fff000,8192
583020,large_user1,3,WRITE,0x300019b0000,65536
583022,small_user1,1,READ,0x10001001000,8192
583688,small_user1,1,READ,0x10001003000,8192
583692,small_user1,1,READ,0x10001005000,8192
583736,small_user0,0,READ,0x102e000,4096
583879,small_user1,1,READ,0x10001007000,16384
584030,small_user1,1,READ,0x1000100b000,4096
584188,small_user0,0,READ,0x102f000,16384
584306,small_user0,0,READ,0x1033000,16384
584478,small_user1,1,WRITE,0x1000100c000,16384
584626,small_user0,0,READ,0x1037000,16384
584665,small_user0,0,READ,0x103b000,8192
584853,small_user0,0,WRITE,0x103d000,16384
584909,small_user0,0,READ,0x1041000,16384
584910,large_user0,2,WRITE,0x20001a50000,262144
584964,small_user0,0,WRITE,0x1045000,8192
585155,large_user0,2,READ,0x20001a90000,262144
585352,small_user0,0,READ,0x1047000,4096
585357,small_user0,0,READ,0x1048000,8192
585369,small_user1,1,READ,0x10001010000,8192
585525,small_user1,1,READ,0x10001012000,4096
585612,small_user0,0,WRITE,0x104a000,4096
585641,small_user1,1,READ,0x10001013000,16384
585802,small_user0,0,READ,0x104b000,8192
585840,small_user0,0,WRITE,0x104d000,4096
585935,small_user1,1,WRITE,0x10001017000,8192
586084,small_user0,0,READ,0x104e000,16384
586395,small_user0,0,READ,0x1052000,4096
586424,small_user0,0,READ,0x1053000,16384
586597,small_user1,1,READ,0x10001019000,4096
586648,small_user0,0,READ,0x1057000,8192
587037,small_user0,0,WRITE,0x1059000,16384
587258,small_user1,1,READ,0x1000101a000,8192
587381,small_user0,0,READ,0x105d000,8192
587388,small_user1,1,READ,0x1000101c000,4096
587427,small_user0,0,WRITE,0x105f000,16384
587551,small_user0,0,WRITE,0x1063000,4096
587690,small_user1,1,WRITE,0x1000101d000,16384
587797,small_user0,0,READ,0x1064000,4096
587869,small_user0,0,WRITE,0x1065000,4096
587875,small_user0,0,READ,0x1066000,16384
588204,small_user0,0,READ,0x106a000,16384
588497,small_user1,1,READ,0x10001021000,8192
588611,small_user1,1,READ,0x10001023000,8192
588767,small_user0,0,READ,0x106e000,4096
588816,small_user1,1,READ,0x10001025000,8192
588967,small_user0,0,READ,0x106f000,4096
589039,small_user0,0,READ,0x1070000,4096
589137,small_user0,0,READ,0x1071000,8192
589285,small_user0,0,READ,0x1073000,4096
589575,small_user1,1,READ,0x10001027000,4096
589689,small_user0,0,READ,0x1074000,4096
589785,small_user1,1,READ,0x10001028000,4096
589797,small_user1,1,WRITE,0x10001029000,8192
590066,small_user0,0,WRITE,0x1075000,8192
590109,small_user1,1,READ,0x1000102b000,16384
590119,small_user0,0,READ,0x1077000,16384
590197,small_user1,1,READ,0x1000102f000,16384
590208,small_user0,0,READ,0x107b000,8192
590225,small_user0,0,WRITE,0x107d000,16384
590491,small_user0,0,WRITE,0x1081000,16384
590536,large_user0,2,READ,0x20001ad0000,65536
590579,large_user0,2,WRITE,0x20001ae0000,65536
590638,small_user1,1,WRITE,0x10001033000,4096
590805,small_user0,0,WRITE,0x1085000,16384
591085,small_user0,0,WRITE,0x1089000,16384
591237,small_user0,0,READ,0x108d000,8192
592122,small_user1,1,WRITE,0x10001034000,4096
592259,small_user1,1,READ,0x10001035000,8192
592395,small_user0,0,READ,0x108f000,4096
592437,small_user0,0,WRITE,0x1090000,4096
592645,small_user1,1,READ,0x10001037000,16384
592761,small_user0,0,WRITE,0x1091000,8192
592845,small_user1,1,READ,0x1000103b000,8192
593500,small_user0,0,WRITE,0x1093000,8192
593530,small_user1,1,WRITE,0x1000103d000,8192
594437,large_user1,3,WRITE,0x300019c0000,262144
594481,small_user0,0,READ,0x1095000,4096
594499,small_user0,0,READ,0x1096000,4096
594569,small_user1,1,READ,0x1000103f000,16384
594624,small_user0,0,READ,0x1097000,4096
594633,small_user0,0,READ,0x1098000,16384
594687,small_user1,1,READ,0x10001043000,4096
595015,small_user1,1,READ,0x10001044000,8192
595166,small_user1,1,READ,0x10001046000,8192
595338,small_user1,1,READ,0x10001048000,4096
595598,small_user1,1,WRITE,0x10001049000,8192
595653,small_user1,1,READ,0x1000104b000,16384
595732,small_user1,1,READ,0x1000104f000,8192
596220,large_user1,3,WRITE,0x30001a00000,65536
596269,large_user0,2,WRITE,0x20001af0000,262144
596486,small_user0,0,WRITE,0x109c000,8192
596735,small_user1,1,READ,0x10001051000,16384
597003,small_user0,0,READ,0x109e000,8192
597187,small_user1,1,WRITE,0x10001055000,8192
597270,small_user1,1,WRITE,0x10001057000,16384
597662,small_user0,0,READ,0x10a0000,8192
597714,small_user1,1,WRITE,0x1000105b000,8192
598456,large_user0,2,READ,0x20001b30000,131072
598550,small_user0,0,READ,0x10a2000,8192
598722,small_user0,0,READ,0x10a4000,4096
599290,small_user0,0,READ,0x10a5000,16384
599520,small_user0,0,WRITE,0x10a9000,8192
599794,small_user0,0,READ,0x10ab000,8192
599955,small_user0,0,READ,0x10ad000,4096
599996,small_user1,1,READ,0x1000105d000,16384
600061,small_user1,1,READ,0x10001061000,8192
600173,small_user1,1,READ,0x10001063000,4096
600532,small_user0,0,READ,0x10ae000,4096
600540,small_user0,0,WRITE,0x10af000,8192
600744,small_user1,1,READ,0x10001064000,8192
601119,small_user1,1,READ,0x10001066000,16384
601416,small_user1,1,WRITE,0x1000106a000,4096
601530,small_user1,1,READ,0x1000106b000,4096
601645,small_user1,1,READ,0x1000106c000,4096
601921,large_user0,2,WRITE,0x20001b50000,65536
601939,small_user0,0,READ,0x10b1000,4096
601967,small_user0,0,WRITE,0x10b2000,16384
602049,small_user1,1,WRITE,0x1000106d000,4096
602059,small_user0,0,READ,0x10b6000,4096
602072,small_user0,0,WRITE,0x10b7000,16384
602260,small_user0,0,READ,0x10bb000,16384
602424,small_user1,1,WRITE,0x1000106e000,8192
602515,small_user0,0,WRITE,0x10bf000,16384
602783,small_user0,0,WRITE,0x10c3000,8192
602973,small_user1,1,READ,0x10001070000,4096
603054,small_user0,0,READ,0x10c5000,16384
603267,large_user1,3,WRITE,0x30001a10000,262144
603271,small_user0,0,WRITE,0x10c9000,4096
603360,small_user1,1,READ,0x10001071000,4096
603588,small_user0,0,READ,0x10ca000,4096
603694,small_user0,0,READ,0x10cb000,4096
603707,small_user1,1,READ,0x10001072000,16384
603826,small_user1,1,READ,0x10001076000,4096
603895,small_user1,1,WRITE,0x10001077000,8192
604153,small_user0,0,READ,0x10cc000,4096
604278,small_user1,1,READ,0x10001079000,8192
604458,small_user0,0,READ,0x10cd000,16384
604648,small_user0,0,WRITE,0x10d1000,16384
604806,small_user0,0,WRITE,0x10d5000,16384
604841,small_user0,0,READ,0x10d9000,4096
604889,small_user0,0,READ,0x10da000,8192
605054,small_user0,0,READ,0x10dc000,4096
605077,small_user0,0,READ,0x10dd000,8192
605358,large_user0,2,READ,0x20001b60000,131072
605603,small_user0,0,WRITE,0x10df000,4096
605670,small_user0,0,WRITE,0x10e0000,16384
605997,large_user0,2,READ,0x20001b80000,131072
606211,small_user0,0,WRITE,0x10e4000,8192
606427,small_user1,1,WRITE,0x1000107b000,16384
606479,small_user1,1,READ,0x1000107f000,8192
606586,small_user1,1,WRITE,0x10001081000,4096
606846,small_user1,1,READ,0x10001082000,16384
606857,small_user0,0,WRITE,0x10e6000,4096
606974,small_user0,0,WRITE,0x10e7000,16384
607086,small_user0,0,WRITE,0x10eb000,16384
607159,small_user1,1,READ,0x10001086000,16384
607261,small_user1,1,READ,0x1000108a000,16384
607311,small_user1,1,READ,0x1000108e000,16384
607351,small_user0,0,READ,0x10ef000,4096
607788,small_user0,0,READ,0x10f0000,16384
607825,small_user0,0,READ,0x10f4000,16384
608317,small_user1,1,WRITE,0x10001092000,16384
608324,small_user0,0,READ,0x10f8000,4096
608750,small_user1,1,READ,0x10001096000,8192
608766,small_user1,1,WRITE,0x10001098000,8192
608808,small_user0,0,READ,0x10f9000,16384
608988,large_user0,2,WRITE,0x20001ba0000,262144
609010,small_user1,1,READ,0x1000109a000,16384
609013,small_user1,1,READ,0x1000109e000,16384
609163,large_user1,3,READ,0x30001a50000,262144
609253,small_user1,1,READ,0x100010a2000,16384
609372,small_user0,0,READ,0x10fd000,4096
609537,small_user0,0,WRITE,0x10fe000,8192
609698,small_user1,1,READ,0x100010a6000,16384
609918,small_user0,0,READ,0x1100000,8192
610069,small_user0,0,READ,0x1102000,16384
610231,small_user0,0,READ,0x1106000,16384
610631,small_user1,1,READ,0x100010aa000,4096
610820,small_user0,0,WRITE,0x110a000,8192
610985,small_user0,0,READ,0x110c000,4096
611086,small_user1,1,READ,0x100010ab000,16384
611155,small_user0,0,READ,0x110d000,16384
611216,small_user1,1,READ,0x100010af000,4096
611423,small_user0,0,READ,0x1111000,8192
611572,small_user0,0,READ,0x1113000,4096
611693,large_user1,3,READ,0x30001a90000,262144
611788,small_user0,0,WRITE,0x1114000,16384
611807,small_user0,0,WRITE,0x1118000,8192
612287,small_user0,0,READ,0x111a000,4096
612816,small_user0,0,READ,0x111b000,16384
612835,small_user0,0,READ,0x111f000,4096
612925,small_user1,1,WRITE,0x100010b0000,8192
612927,small_user0,0,READ,0x1120000,16384
613034,small_user1,1,READ,0x100010b2000,16384
613083,small_user1,1,READ,0x100010b6000,16384
613161,small_user1,1,READ,0x100010ba000,4096
613219,small_user0,0,READ,0x1124000,4096
613243,small_user1,1,READ,0x100010bb000,4096
614050,small_user1,1,READ,0x100010bc000,4096
614130,small_user0,0,WRITE,0x1125000,8192
614748,small_user0,0,READ,0x1127000,8192
614918,small_user0,0,READ,0x1129000,8192
615408,small_user0,0,READ,0x112b000,16384
615485,small_user1,1,WRITE,0x100010bd000,16384
616195,large_user0,2,WRITE,0x20001be0000,262144
616401,large_user1,3,READ,0x30001ad0000,131072
616803,large_user0,2,WRITE,0x20001c20000,131072
617050,small_user0,0,READ,0x112f000,8192
617079,small_user1,1,READ,0x100010c1000,16384
617493,small_user1,1,READ,0x100010c5000,8192
617526,small_user1,1,READ,0x100010c7000,8192
617628,small_user0,0,READ,0x1131000,8192
617686,small_user1,1,READ,0x100010c9000,4096
617890,small_user0,0,READ,0x1133000,16384
617993,small_user1,1,READ,0x100010ca000,4096
618060,large_user0,2,WRITE,0x20001c40000,65536
618174,small_user0,0,READ,0x1137000,16384
618581,small_user1,1,READ,0x100010cb000,8192
618629,small_user1,1,READ,0x100010cd000,4096
618967,small_user1,1,WRITE,0x100010ce000,8192
619013,small_user1,1,WRITE,0x100010d0000,8192
619155,small_user1,1,WRITE,0x100010d2000,8192
619310,small_user1,1,WRITE,0x100010d4000,4096
619526,small_user0,0,WRITE,0x113b000,16384
619621,small_user0,0,READ,0x113f000,4096
619687,small_user1,1,READ,0x100010d5000,8192
619781,small_user1,1,WRITE,0x100010d7000,16384
619968,small_user0,0,READ,0x1140000,4096
620118,small_user1,1,WRITE,0x100010db000,4096
620235,small_user0,0,READ,0x1141000,4096
620329,small_user0,0,WRITE,0x1142000,16384
620551,large_user0,2,READ,0x20001c50000,262144
620600,small_user1,1,READ,0x100010dc000,4096
620682,large_user1,3,WRITE,0x30001af0000,262144
620802,small_user0,0,WRITE,0x1146000,16384
620803,small_user1,1,READ,0x100010dd000,4096
620838,small_user1,1,READ,0x100010de000,4096
620925,small_user1,1,READ,0x100010df000,4096
621036,small_user0,0,READ,0x114a000,4096
621133,small_user0,0,WRITE,0x114b000,8192
621520,small_user1,1,WRITE,0x100010e0000,4096
621653,small_user0,0,WRITE,0x114d000,4096
621669,small_user0,0,WRITE,0x114e000,8192
621903,small_user1,1,READ,0x100010e1000,4096
622202,small_user1,1,READ,0x100010e2000,8192
622293,small_user1,1,READ,0x100010e4000,16384
622401,small_user1,1,READ,0x100010e8000,16384
622480,small_user1,1,READ,0x100010ec000,16384
622527,small_user0,0,READ,0x1150000,16384
622590,small_user1,1,READ,0x100010f0000,4096
622748,small_user1,1,WRITE,0x100010f1000,4096
622884,small_user1,1,WRITE,0x100010f2000,8192
622963,small_user1,1,READ,0x100010f4000,16384
623181,small_user1,1,READ,0x100010f8000,16384
623780,small_user1,1,READ,0x100010fc000,16384
623902,small_user0,0,WRITE,0x1154000,8192
623947,small_user0,0,READ,0x1156000,4096
624367,small_user0,0,READ,0x1157000,4096
624368,small_user1,1,WRITE,0x10001100000,8192
624428,small_user0,0,READ,0x1158000,4096
624545,small_user1,1,WRITE,0x10001102000,4096
624610,small_user0,0,READ,0x1159000,16384
624892,small_user0,0,WRITE,0x115d000,8192
625217,small_user1,1,READ,0x10001103000,16384
625219,small_user1,1,READ,0x10001107000,8192
625234,small_user0,0,READ,0x115f000,4096
625478,small_user0,0,READ,0x1160000,16384
625485,small_user0,0,READ,0x1164000,16384
625590,small_user1,1,READ,0x10001109000,16384
625630,small_user0,0,WRITE,0x1168000,8192
625695,small_user0,0,READ,0x116a000,16384
625703,small_user0,0,READ,0x116e000,4096
626003,small_user1,1,READ,0x1000110d000,16384
626159,small_user1,1,WRITE,0x10001111000,16384
626801,small_user0,0,WRITE,0x116f000,16384
626956,small_user0,0,READ,0x1173000,8192
627249,small_user1,1,READ,0x10001115000,8192
627537,small_user0,0,READ,0x1175000,8192
627909,small_user1,1,READ,0x10001117000,8192
628453,small_user0,0,READ,0x1177000,8192
628557,large_user0,2,WRITE,0x20001c90000,262144
628605,large_user0,2,READ,0x20001cd0000,131072
628612,small_user1,1,WRITE,0x10001119000,4096
628753,small_user0,0,WRITE,0x1179000,4096
629051,small_user1,1,WRITE,0x1000111a000,16384
629055,small_user1,1,READ,0x1000111e000,16384
629329,small_user1,1,READ,0x10001122000,4096
629400,small_user1,1,WRITE,0x10001123000,8192
629407,small_user1,1,READ,0x10001125000,16384
629454,small_user1,1,READ,0x10001129000,16384
629523,small_user1,1,READ,0x1000112d000,16384
629696,small_user1,1,READ,0x10001131000,16384
629874,small_user0,0,WRITE,0x117a000,4096
630301,small_user1,1,READ,0x10001135000,4096
630310,small_user1,1,WRITE,0x10001136000,8192
630435,small_user0,0,WRITE,0x117b000,4096
630539,small_user0,0,READ,0x117c000,4096
630651,small_user1,1,READ,0x10001138000,4096
630736,small_user1,1,WRITE,0x10001139000,4096
630778,small_user0,0,READ,0x117d000,16384
631026,small_user1,1,WRITE,0x1000113a000,4096
631065,small_user0,0,READ,0x1181000,16384
631274,small_user0,0,READ,0x1185000,4096
631409,small_user0,0,READ,0x1186000,8192
631518,small_user1,1,READ,0x1000113b000,8192
631669,small_user0,0,WRITE,0x1188000,4096
631744,small_user0,0,WRITE,0x1189000,8192
631791,small_user0,0,READ,0x118b000,8192
631846,large_user1,3,WRITE,0x30001b30000,131072
632002,small_user1,1,WRITE,0x1000113d000,4096
632096,small_user1,1,READ,0x1000113e000,4096
632374,small_user1,1,READ,0x1000113f000,4096
632409,small_user0,0,READ,0x118d000,16384
632447,small_user0,0,READ,0x1191000,8192
632612,small_user1,1,READ,0x10001140000,4096
632982,small_user0,0,READ,0x1193000,8192
633164,small_user1,1,READ,0x10001141000,4096
633291,small_user0,0,WRITE,0x1195000,16384
633382,small_user0,0,READ,0x1199000,16384
633539,small_user1,1,READ,0x10001142000,4096
634310,small_user0,0,WRITE,0x119d000,4096
634344,small_user1,1,WRITE,0x10001143000,8192
634566,large_user0,2,WRITE,0x20001cf0000,131072
634582,small_user1,1,WRITE,0x10001145000,16384
634603,small_user0,0,READ,0x119e000,4096
634661,small_user0,0,READ,0x119f000,4096
634957,small_user1,1,READ,0x10001149000,4096
635170,small_user1,1,READ,0x1000114a000,4096
635469,small_user1,1,READ,0x1000114b000,16384
635564,small_user1,1,WRITE,0x1000114f000,4096
635736,small_user0,0,WRITE,0x11a0000,8192
635759,small_user0,0,WRITE,0x11a2000,8192
635861,small_user0,0,READ,0x11a4000,16384
635906,small_user0,0,READ,0x11a8000,8192
635981,small_user0,0,READ,0x11aa000,8192
636054,small_user1,1,WRITE,0x10001150000,8192
636166,small_user0,0,READ,0x11ac000,16384
636518,small_user1,1,READ,0x10001152000,16384
636571,small_user0,0,READ,0x11b0000,8192
636834,small_user0,0,READ,0x11b2000,4096
637397,small_user0,0,READ,0x11b3000,8192
637411,small_user0,0,READ,0x11b5000,4096
637847,small_user0,0,READ,0x11b6000,8192
637971,small_user1,1,WRITE,0x10001156000,8192
638168,small_user0,0,READ,0x11b8000,16384
638232,small_user0,0,READ,0x11bc000,16384
638427,small_user0,0,READ,0x11c0000,16384
638440,small_user1,1,READ,0x10001158000,8192
638795,small_user0,0,READ,0x11c4000,16384
638869,small_user1,1,READ,0x1000115a000,4096
639172,small_user1,1,WRITE,0x1000115b000,4096
639388,small_user0,0,READ,0x11c8000,8192
639591,small_user0,0,READ,0x11ca000,4096
639644,small_user0,0,READ,0x11cb000,16384
639918,large_user1,3,WRITE,0x30001b50000,131072
640029,small_user0,0,READ,0x11cf000,8192
640196,small_user0,0,READ,0x11d1000,4096
640385,large_user0,2,WRITE,0x20001d10000,65536
640630,small_user1,1,WRITE,0x1000115c000,8192
640861,small_user1,1,READ,0x1000115e000,4096
640928,small_user1,1,READ,0x1000115f000,4096
641116,large_user1,3,WRITE,0x30001b70000,262144
641214,large_user1,3,READ,0x30001bb0000,65536
641283,small_user0,0,READ,0x11d2000,16384
641384,small_user0,0,WRITE,0x11d6000,16384
641757,small_user1,1,WRITE,0x10001160000,8192
641785,small_user1,1,READ,0x10001162000,8192
642146,small_user0,0,READ,0x11da000,4096
642291,small_user1,1,READ,0x10001164000,16384
642330,small_user1,1,WRITE,0x10001168000,8192
642364,small_user1,1,READ,0x1000116a000,16384
642474,small_user1,1,READ,0x1000116e000,8192
642586,small_user0,0,READ,0x11db000,8192
642594,large_user1,3,READ,0x30001bc0000,131072
642687,small_user1,1,READ,0x10001170000,8192
642701,small_user1,1,READ,0x10001172000,16384
642715,small_user0,0,READ,0x11dd000,8192
642721,small_user1,1,READ,0x10001176000,4096
642758,small_user1,1,READ,0x10001177000,4096
642950,small_user1,1,WRITE,0x10001178000,4096
643016,small_user0,0,READ,0x11df000,4096
643131,small_user0,0,WRITE,0x11e0000,8192
643179,small_user1,1,READ,0x10001179000,16384
643192,small_user1,1,WRITE,0x1000117d000,8192
643252,large_user0,2,READ,0x20001d20000,65536
643729,small_user1,1,WRITE,0x1000117f000,4096
643824,small_user0,0,READ,0x11e2000,4096
643972,small_user1,1,WRITE,0x10001180000,16384
644029,small_user0,0,READ,0x11e3000,8192
644166,small_user0,0,WRITE,0x11e5000,4096
644264,small_user1,1,READ,0x10001184000,16384
644410,small_user1,1,READ,0x10001188000,16384
644443,small_user1,1,READ,0x1000118c000,16384
644864,small_user0,0,WRITE,0x11e6000,8192
644964,small_user0,0,WRITE,0x11e8000,8192
645443,small_user0,0,READ,0x11ea000,4096
645584,small_user0,0,WRITE,0x11eb000,4096
645670,small_user0,0,WRITE,0x11ec000,4096
645726,small_user1,1,READ,0x10001190000,8192
645809,small_user1,1,WRITE,0x10001192000,16384
645829,small_user0,0,WRITE,0x11ed000,8192
645921,small_user1,1,WRITE,0x10001196000,16384
645947,small_user1,1,WRITE,0x1000119a000,8192
646126,large_user1,3,READ,0x30001be0000,65536
646439,small_user0,0,READ,0x11ef000,16384
646633,small_user1,1,WRITE,0x1000119c000,4096
646689,small_user0,0,READ,0x11f3000,16384
646888,small_user0,0,WRITE,0x11f7000,16384
647086,small_user0,0,WRITE,0x11fb000,8192
647120,small_user1,1,WRITE,0x1000119d000,16384
647417,small_user1,1,WRITE,0x100011a1000,16384
647428,small_user1,1,READ,0x100011a5000,8192
647473,small_user0,0,READ,0x11fd000,16384
647624,small_user1,1,READ,0x100011a7000,16384
647802,small_user1,1,WRITE,0x100011ab000,8192
648147,small_user0,0,READ,0x1201000,4096
648267,small_user0,0,READ,0x1202000,4096
648530,small_user1,1,READ,0x100011ad000,8192
649054,small_user0,0,WRITE,0x1203000,16384
649118,small_user1,1,READ,0x100011af000,16384
649460,small_user0,0,READ,0x1207000,4096
649481,small_user1,1,READ,0x100011b3000,8192
649546,small_user0,0,READ,0x1208000,16384
649812,small_user0,0,READ,0x120c000,8192
649982,small_user1,1,READ,0x100011b5000,16384
650094,small_user1,1,WRITE,0x100011b9000,4096
650247,small_user1,1,READ,0x100011ba000,8192
650335,small_user1,1,READ,0x100011bc000,8192
650442,small_user1,1,READ,0x100011be000,16384
650665,small_user0,0,WRITE,0x120e000,16384
651136,small_user1,1,WRITE,0x100011c2000,8192
651150,small_user0,0,READ,0x1212000,8192
651630,small_user1,1,WRITE,0x100011c4000,4096
651800,small_user0,0,READ,0x1214000,4096
651978,small_user0,0,READ,0x1215000,8192
652242,small_user0,0,READ,0x1217000,8192
652351,small_user0,0,READ,0x1219000,4096
652486,small_user1,1,WRITE,0x100011c5000,16384
652492,small_user1,1,READ,0x100011c9000,4096
652826,small_user1,1,READ,0x100011ca000,4096
652855,small_user0,0,READ,0x121a000,16384
652860,small_user0,0,READ,0x121e000,8192
653403,small_user0,0,READ,0x1220000,16384
653468,small_user1,1,READ,0x100011cb000,16384
653485,small_user1,1,READ,0x100011cf000,8192
653514,small_user0,0,WRITE,0x1224000,4096
653609,small_user1,1,WRITE,0x100011d1000,4096
653818,small_user1,1,READ,0x100011d2000,8192
653895,small_user1,1,READ,0x100011d4000,16384
654158,small_user0,0,READ,0x1225000,8192
654287,small_user1,1,READ,0x100011d8000,8192
654327,small_user0,0,READ,0x1227000,4096
654690,small_user0,0,READ,0x1228000,8192
654885,small_user0,0,READ,0x122a000,4096
655179,small_user1,1,READ,0x100011da000,8192
655311,small_user1,1,WRITE,0x100011dc000,4096
655501,small_user1,1,WRITE,0x100011dd000,8192
655585,small_user1,1,READ,0x100011df000,4096
655683,small_user1,1,WRITE,0x100011e0000,4096
655747,small_user1,1,WRITE,0x100011e1000,8192
655942,small_user1,1,READ,0x100011e3000,4096
656294,small_user0,0,READ,0x122b000,4096
656365,large_user0,2,WRITE,0x20001d30000,131072
656540,large_user1,3,WRITE,0x30001bf0000,131072
656996,small_user0,0,READ,0x122c000,16384
657007,small_user0,0,READ,0x1230000,16384
657032,small_user1,1,READ,0x100011e4000,16384
657084,small_user1,1,READ,0x100011e8000,4096
657170,small_user1,1,WRITE,0x100011e9000,4096
657184,small_user0,0,WRITE,0x1234000,4096
657494,small_user1,1,READ,0x100011ea000,8192
657963,small_user1,1,READ,0x100011ec000,16384
658004,small_user1,1,READ,0x100011f0000,4096
658126,small_user0,0,WRITE,0x1235000,4096
658399,small_user1,1,READ,0x100011f1000,16384
658438,small_user0,0,READ,0x1236000,8192
658618,small_user1,1,READ,0x100011f5000,8192
658721,small_user1,1,READ,0x100011f7000,8192
658804,small_user0,0,READ,0x1238000,16384
658884,small_user1,1,READ,0x100011f9000,8192
659230,small_user0,0,READ,0x123c000,4096
659262,small_user0,0,WRITE,0x123d000,8192
659360,small_user1,1,READ,0x100011fb000,8192
659551,small_user1,1,READ,0x100011fd000,8192
660101,small_user1,1,READ,0x100011ff000,16384
660190,small_user1,1,READ,0x10001203000,4096
660226,small_user0,0,READ,0x123f000,8192
660405,small_user0,0,READ,0x1241000,8192
660616,small_user0,0,READ,0x1243000,8192
660731,small_user1,1,READ,0x10001204000,16384
660921,small_user0,0,READ,0x1245000,8192
661083,small_user0,0,WRITE,0x1247000,8192
661243,small_user0,0,READ,0x1249000,16384
661423,small_user0,0,READ,0x124d000,8192
661825,small_user0,0,READ,0x124f000,4096
661897,large_user0,2,WRITE,0x20001d50000,131072
662045,small_user0,0,READ,0x1250000,8192
662358,small_user0,0,WRITE,0x1252000,4096
662537,small_user0,0,READ,0x1253000,16384
662587,small_user0,0,READ,0x1257000,8192
662728,small_user1,1,WRITE,0x10001208000,8192
663043,small_user0,0,WRITE,0x1259000,4096
663143,small_user1,1,READ,0x1000120a000,16384
663274,small_user0,0,READ,0x125a000,16384
663336,small_user0,0,READ,0x125e000,16384
663587,small_user1,1,WRITE,0x1000120e000,16384
663615,small_user1,1,READ,0x10001212000,4096
663709,small_user0,0,READ,0x1262000,16384
664438,small_user1,1,WRITE,0x10001213000,8192
664495,small_user1,1,WRITE,0x10001215000,16384
664506,small_user0,0,READ,0x1266000,8192
664562,small_user1,1,WRITE,0x10001219000,4096
664572,small_user1,1,READ,0x1000121a000,16384
665194,small_user0,0,READ,0x1268000,4096
665362,small_user0,0,READ,0x1269000,8192
665365,small_user1,1,READ,0x1000121e000,4096
665506,small_user1,1,READ,0x1000121f000,4096
665650,small_user1,1,READ,0x10001220000,8192
665714,large_user0,2,WRITE,0x20001d70000,262144
665726,small_user0,0,WRITE,0x126b000,8192
665812,small_user1,1,READ,0x10001222000,4096
666009,small_user0,0,READ,0x126d000,8192
666038,small_user1,1,WRITE,0x10001223000,4096
666124,small_user0,0,READ,0x126f000,8192
666443,small_user0,0,READ,0x1271000,4096
666672,small_user0,0,WRITE,0x1272000,4096
667254,small_user1,1,READ,0x10001224000,16384
667392,small_user0,0,READ,0x1273000,8192
667395,large_user1,3,READ,0x30001c10000,65536
667535,small_user1,1,READ,0x10001228000,16384
667543,small_user1,1,READ,0x1000122c000,16384
667739,small_user0,0,WRITE,0x1275000,4096
667830,small_user1,1,READ,0x10001230000,8192
667881,small_user0,0,READ,0x1276000,4096
667942,small_user1,1,READ,0x10001232000,4096
667943,small_user1,1,READ,0x10001233000,4096
667984,small_user0,0,READ,0x1277000,8192
668173,small_user1,1,READ,0x10001234000,16384
668206,large_user1,3,READ,0x30001c20000,262144
668667,small_user1,1,WRITE,0x10001238000,16384
668791,small_user1,1,READ,0x1000123c000,8192
669081,small_user1,1,READ,0x1000123e000,8192
669312,small_user0,0,READ,0x1279000,4096
669602,small_user1,1,READ,0x10001240000,4096
669668,small_user1,1,WRITE,0x10001241000,8192
669684,small_user1,1,WRITE,0x10001243000,16384
669721,small_user0,0,WRITE,0x127a000,16384
669957,large_user0,2,READ,0x20001db0000,262144
670001,small_user1,1,READ,0x10001247000,4096
670085,small_user0,0,READ,0x127e000,16384
670111,small_user1,1,READ,0x10001248000,8192
670328,small_user0,0,READ,0x1282000,4096
670521,small_user1,1,READ,0x1000124a000,8192
670566,small_user1,1,READ,0x1000124c000,8192
670839,small_user1,1,READ,0x1000124e000,8192
670894,small_user1,1,WRITE,0x10001250000,4096
671173,small_user1,1,WRITE,0x10001251000,8192
671600,small_user0,0,READ,0x1283000,4096
671696,small_user1,1,WRITE,0x10001253000,8192
671758,small_user0,0,READ,0x1284000,8192
671846,small_user1,1,READ,0x10001255000,16384
672022,small_user1,1,READ,0x10001259000,16384
672240,small_user1,1,READ,0x1000125d000,8192
672242,small_user0,0,READ,0x1286000,4096
672273,small_user0,0,READ,0x1287000,4096
672334,small_user0,0,READ,0x1288000,4096
672335,small_user1,1,READ,0x1000125f000,4096
672834,small_user0,0,WRITE,0x1289000,8192
673101,small_user0,0,READ,0x128b000,4096
673152,small_user1,1,READ,0x10001260000,16384
673361,small_user1,1,READ,0x10001264000,8192
673846,small_user1,1,READ,0x10001266000,4096
674237,small_user1,1,WRITE,0x10001267000,8192
674321,small_user1,1,READ,0x10001269000,8192
674654,small_user1,1,READ,0x1000126b000,16384
674686,small_user1,1,READ,0x1000126f000,8192
674722,small_user0,0,READ,0x128c000,4096
674742,small_user0,0,WRITE,0x128d000,16384
674796,small_user1,1,WRITE,0x10001271000,8192
674858,small_user0,0,READ,0x1291000,16384
674955,small_user1,1,READ,0x10001273000,8192
675009,small_user0,0,READ,0x1295000,8192
675119,small_user1,1,READ,0x10001275000,8192
675639,small_user0,0,WRITE,0x1297000,4096
675684,small_user1,1,READ,0x10001277000,4096
675756,small_user0,0,READ,0x1298000,4096
675826,small_user0,0,WRITE,0x1299000,16384
676025,small_user1,1,READ,0x10001278000,8192
676459,small_user0,0,WRITE,0x129d000,4096
677614,small_user1,1,WRITE,0x1000127a000,16384
677659,small_user1,1,READ,0x1000127e000,8192
677852,small_user1,1,READ,0x10001280000,8192
678107,small_user0,0,READ,0x129e000,8192
678223,small_user1,1,READ,0x10001282000,8192
678498,small_user0,0,READ,0x12a0000,4096
678659,small_user1,1,READ,0x10001284000,8192
679550,small_user0,0,READ,0x12a1000,16384
680112,large_user1,3,WRITE,0x30001c60000,131072
680139,small_user1,1,READ,0x10001286000,8192
680274,small_user0,0,READ,0x12a5000,8192
680929,small_user1,1,READ,0x10001288000,4096
681137,small_user0,0,WRITE,0x12a7000,8192
681241,small_user0,0,READ,0x12a9000,4096
681256,small_user1,1,READ,0x10001289000,8192
681897,small_user1,1,READ,0x1000128b000,4096
681985,small_user1,1,WRITE,0x1000128c000,16384
682186,small_user1,1,READ,0x10001290000,16384
682502,small_user1,1,WRITE,0x10001294000,8192
682769,large_user1,3,WRITE,0x30001c80000,65536
683003,small_user0,0,READ,0x12aa000,4096
683112,small_user0,0,READ,0x12ab000,16384
683307,small_user1,1,READ,0x10001296000,16384
683698,small_user0,0,READ,0x12af000,8192
684226,small_user0,0,READ,0x12b1000,8192
684341,small_user0,0,READ,0x12b3000,4096
684350,small_user0,0,READ,0x12b4000,16384
684509,small_user0,0,WRITE,0x12b8000,16384
684624,small_user1,1,READ,0x1000129a000,16384
684710,small_user0,0,READ,0x12bc000,8192
684741,small_user1,1,READ,0x1000129e000,4096
685108,small_user0,0,READ,0x12be000,4096
685108,small_user1,1,WRITE,0x1000129f000,4096
685275,small_user0,0,WRITE,0x12bf000,16384
685882,small_user0,0,READ,0x12c3000,8192
686035,small_user0,0,READ,0x12c5000,4096
686301,small_user1,1,READ,0x100012a0000,4096
686515,small_user1,1,READ,0x100012a1000,8192
686516,small_user0,0,WRITE,0x12c6000,8192
686579,small_user1,1,READ,0x100012a3000,8192
686643,small_user1,1,READ,0x100012a5000,8192
687169,small_user0,0,READ,0x12c8000,16384
687408,small_user1,1,WRITE,0x100012a7000,8192
687422,small_user0,0,READ,0x12cc000,16384
687465,small_user0,0,READ,0x12d0000,16384
687813,small_user0,0,WRITE,0x12d4000,4096
687966,small_user0,0,READ,0x12d5000,16384
688090,small_user0,0,WRITE,0x12d9000,8192
688485,small_user1,1,READ,0x100012a9000,4096
688631,small_user0,0,READ,0x12db000,4096
688714,small_user1,1,READ,0x100012aa000,8192
688919,small_user1,1,WRITE,0x100012ac000,4096
688954,small_user0,0,READ,0x12dc000,8192
689195,small_user0,0,WRITE,0x12de000,16384
689291,small_user1,1,WRITE,0x100012ad000,4096
689333,small_user0,0,READ,0x12e2000,8192
689347,small_user0,0,WRITE,0x12e4000,4096
689523,small_user0,0,READ,0x12e5000,8192
689604,small_user0,0,READ,0x12e7000,8192
689720,small_user1,1,READ,0x100012ae000,4096
690106,small_user0,0,READ,0x12e9000,16384
690206,small_user1,1,READ,0x100012af000,16384
690478,small_user0,0,READ,0x12ed000,4096
690530,small_user1,1,READ,0x100012b3000,4096
691084,small_user1,1,READ,0x100012b4000,16384
691114,small_user1,1,READ,0x100012b8000,16384
691500,small_user0,0,READ,0x12ee000,16384
691630,large_user1,3,READ,0x30001c90000,65536
691660,small_user0,0,READ,0x12f2000,4096
691764,small_user1,1,READ,0x100012bc000,4096
691773,large_user1,3,READ,0x30001ca0000,65536
691783,small_user1,1,READ,0x100012bd000,16384
691907,large_user0,2,WRITE,0x20001df0000,262144
692038,small_user1,1,WRITE,0x100012c1000,16384
692111,small_user1,1,READ,0x100012c5000,16384
692133,large_user0,2,READ,0x20001e30000,65536
692170,large_user0,2,WRITE,0x20001e40000,262144
692485,large_user1,3,READ,0x30001cb0000,262144
692489,small_user1,1,READ,0x100012c9000,8192
692591,small_user0,0,READ,0x12f3000,4096
692878,large_user1,3,READ,0x30001cf0000,262144
692896,small_user0,0,WRITE,0x12f4000,4096
692995,small_user1,1,READ,0x100012cb000,4096
693072,small_user0,0,READ,0x12f5000,16384
693117,small_user0,0,READ,0x12f9000,16384
693231,small_user1,1,WRITE,0x100012cc000,16384
693273,small_user0,0,READ,0x12fd000,8192
693334,small_user1,1,WRITE,0x100012d0000,8192
693456,small_user1,1,WRITE,0x100012d2000,16384
693478,small_user0,0,WRITE,0x12ff000,8192
693510,small_user0,0,READ,0x1301000,16384
694080,small_user0,0,READ,0x1305000,4096
694147,small_user1,1,WRITE,0x100012d6000,4096
694167,small_user0,0,READ,0x1306000,8192
694215,large_user1,3,WRITE,0x30001d30000,262144
694263,small_user1,1,WRITE,0x100012d7000,4096
694409,small_user1,1,READ,0x100012d8000,16384
694560,small_user0,0,READ,0x1308000,4096
694598,small_user0,0,READ,0x1309000,8192
694802,small_user1,1,READ,0x100012dc000,16384
695168,small_user0,0,READ,0x130b000,4096
695310,small_user0,0,WRITE,0x130c000,8192
695485,small_user0,0,READ,0x130e000,8192
695761,small_user1,1,WRITE,0x100012e0000,8192
695923,large_user0,2,WRITE,0x20001e80000,262144
696066,small_user0,0,READ,0x1310000,16384
696695,small_user1,1,READ,0x100012e2000,4096
696737,small_user1,1,READ,0x100012e3000,4096
697266,small_user0,0,WRITE,0x1314000,16384
697460,small_user0,0,READ,0x1318000,4096
697630,small_user1,1,WRITE,0x100012e4000,8192
697666,small_user1,1,WRITE,0x100012e6000,8192
697742,small_user0,0,WRITE,0x1319000,4096
697901,small_user0,0,WRITE,0x131a000,16384
697998,small_user0,0,READ,0x131e000,8192
698603,small_user0,0,READ,0x1320000,16384
698671,small_user0,0,READ,0x1324000,16384
698940,small_user1,1,READ,0x100012e8000,8192
699048,small_user0,0,READ,0x1328000,8192
699245,small_user0,0,READ,0x132a000,16384
699562,small_user0,0,READ,0x132e000,16384
699721,small_user0,0,WRITE,0x1332000,8192
699845,large_user0,2,READ,0x20001ec0000,262144
700110,small_user0,0,READ,0x1334000,4096
700232,small_user1,1,READ,0x100012ea000,4096
700347,small_user1,1,READ,0x100012eb000,8192
700381,small_user0,0,READ,0x1335000,4096
700511,small_user0,0,WRITE,0x1336000,16384
700632,small_user1,1,WRITE,0x100012ed000,4096
700990,small_user0,0,READ,0x133a000,16384
701139,small_user1,1,READ,0x100012ee000,8192
701360,small_user0,0,READ,0x133e000,4096
701470,small_user1,1,WRITE,0x100012f0000,16384
701535,small_user1,1,READ,0x100012f4000,16384
701579,small_user0,0,READ,0x133f000,4096
702550,small_user1,1,WRITE,0x100012f8000,8192
702553,small_user0,0,READ,0x1340000,4096
702581,small_user0,0,READ,0x1341000,4096
702581,small_user1,1,READ,0x100012fa000,4096
702615,large_user0,2,WRITE,0x20001f00000,131072
703163,small_user0,0,WRITE,0x1342000,8192
703326,small_user0,0,READ,0x1344000,4096
703456,small_user1,1,WRITE,0x100012fb000,4096
703641,small_user1,1,WRITE,0x100012fc000,8192
703787,small_user1,1,READ,0x100012fe000,4096
703800,small_user0,0,WRITE,0x1345000,4096
703830,small_user1,1,WRITE,0x100012ff000,8192
703876,small_user0,0,READ,0x1346000,8192
703993,small_user1,1,READ,0x10001301000,4096
704302,small_user0,0,WRITE,0x1348000,4096
704501,small_user1,1,WRITE,0x10001302000,8192
705244,small_user0,0,READ,0x1349000,16384
705336,small_user1,1,READ,0x10001304000,4096
705415,small_user1,1,READ,0x10001305000,8192
705487,small_user1,1,WRITE,0x10001307000,16384
705744,small_user0,0,READ,0x134d000,8192
705831,small_user1,1,WRITE,0x1000130b000,16384
706026,small_user0,0,WRITE,0x134f000,4096
706228,small_user0,0,WRITE,0x1350000,4096
706277,small_user1,1,READ,0x1000130f000,4096
706320,small_user0,0,READ,0x1351000,4096
706365,small_user0,0,WRITE,0x1352000,4096
706548,small_user1,1,READ,0x10001310000,8192
706779,small_user0,0,READ,0x1353000,4096
706950,small_user1,1,READ,0x10001312000,16384
707256,small_user0,0,READ,0x1354000,16384
707257,small_user1,1,READ,0x10001316000,4096
707368,large_user0,2,READ,0x20001f20000,131072
707820,small_user1,1,WRITE,0x10001317000,8192
707908,small_user0,0,READ,0x1358000,8192
707948,small_user1,1,READ,0x10001319000,8192
708039,small_user0,0,READ,0x135a000,16384
708175,small_user0,0,READ,0x135e000,8192
708308,small_user0,0,WRITE,0x1360000,16384
708490,large_user0,2,WRITE,0x20001f40000,65536
708728,small_user1,1,WRITE,0x1000131b000,4096
708780,small_user1,1,WRITE,0x1000131c000,16384
708862,small_user0,0,WRITE,0x1364000,8192
708899,small_user0,0,WRITE,0x1366000,8192
709064,small_user1,1,READ,0x10001320000,4096
709169,small_user0,0,READ,0x1368000,16384
709285,large_user0,2,READ,0x20001f50000,262144
709359,small_user1,1,WRITE,0x10001321000,16384
709443,small_user0,0,READ,0x136c000,4096
709496,small_user0,0,READ,0x136d000,8192
709754,small_user0,0,READ,0x136f000,16384
709965,small_user1,1,READ,0x10001325000,4096
710030,small_user1,1,READ,0x10001326000,16384
710075,small_user0,0,WRITE,0x1373000,8192
710195,small_user1,1,READ,0x1000132a000,4096
710302,small_user0,0,WRITE,0x1375000,16384
710449,small_user0,0,WRITE,0x1379000,8192
710623,small_user0,0,WRITE,0x137b000,16384
710685,small_user0,0,READ,0x137f000,4096
710919,small_user1,1,READ,0x1000132b000,4096
711115,small_user0,0,READ,0x1380000,8192
711203,small_user1,1,READ,0x1000132c000,16384
711283,small_user0,0,READ,0x1382000,8192
711758,small_user0,0,READ,0x1384000,16384
712033,small_user1,1,READ,0x10001330000,16384
712034,small_user1,1,READ,0x10001334000,8192
712332,small_user0,0,READ,0x1388000,16384
712559,small_user1,1,READ,0x10001336000,4096
712773,small_user0,0,READ,0x138c000,16384
712784,small_user1,1,READ,0x10001337000,16384
713069,small_user0,0,WRITE,0x1390000,16384
713561,small_user1,1,READ,0x1000133b000,8192
713801,large_user1,3,WRITE,0x30001d70000,262144
713948,small_user1,1,READ,0x1000133d000,16384
714077,small_user0,0,READ,0x1394000,8192
714105,large_user0,2,WRITE,0x20001f90000,262144
714122,large_user0,2,READ,0x20001fd0000,262144
714431,small_user0,0,WRITE,0x1396000,16384
714639,large_user1,3,WRITE,0x30001db0000,65536
714753,small_user1,1,READ,0x10001341000,4096
714896,large_user1,3,READ,0x30001dc0000,262144
714914,small_user0,0,READ,0x139a000,8192
714954,small_user0,0,READ,0x139c000,16384
714997,small_user0,0,READ,0x13a0000,4096
715352,small_user0,0,READ,0x13a1000,4096
715431,small_user1,1,READ,0x10001342000,8192
715578,small_user0,0,READ,0x13a2000,8192
715817,small_user1,1,WRITE,0x10001344000,8192
716022,small_user0,0,READ,0x13a4000,16384
716309,small_user0,0,READ,0x13a8000,8192
716467,small_user0,0,READ,0x13aa000,16384
716475,small_user0,0,READ,0x13ae000,4096
716508,small_user0,0,WRITE,0x13af000,8192
716532,small_user0,0,WRITE,0x13b1000,8192
716744,large_user1,3,READ,0x30001e00000,262144
716825,small_user1,1,WRITE,0x10001346000,8192
716915,small_user0,0,READ,0x13b3000,8192
716971,small_user1,1,READ,0x10001348000,4096
717004,small_user1,1,READ,0x10001349000,4096
717237,small_user1,1,READ,0x1000134a000,16384
717339,small_user0,0,READ,0x13b5000,16384
717424,small_user1,1,WRITE,0x1000134e000,8192
717843,small_user0,0,READ,0x13b9000,16384
717938,small_user0,0,READ,0x13bd000,4096
718077,small_user0,0,WRITE,0x13be000,16384
718114,small_user1,1,READ,0x10001350000,4096
718146,small_user1,1,READ,0x10001351000,16384
718160,small_user1,1,WRITE,0x10001355000,16384
718186,large_user1,3,WRITE,0x30001e40000,262144
718760,small_user1,1,READ,0x10001359000,16384
718782,small_user0,0,READ,0x13c2000,16384
718792,small_user1,1,READ,0x1000135d000,8192
718837,small_user0,0,READ,0x13c6000,4096
718965,small_user0,0,READ,0x13c7000,4096
719104,small_user0,0,WRITE,0x13c8000,4096
719449,small_user0,0,READ,0x13c9000,8192
719628,small_user1,1,READ,0x1000135f000,4096
719676,small_user0,0,READ,0x13cb000,8192
720027,small_user0,0,READ,0x13cd000,4096
720046,small_user0,0,READ,0x13ce000,4096
720231,small_user1,1,READ,0x10001360000,4096
720323,small_user0,0,READ,0x13cf000,16384
720463,small_user1,1,WRITE,0x10001361000,4096
720493,small_user1,1,READ,0x10001362000,8192
720516,small_user0,0,READ,0x13d3000,8192
720656,small_user0,0,WRITE,0x13d5000,8192
721020,small_user1,1,READ,0x10001364000,8192
721108,small_user1,1,READ,0x10001366000,16384
721240,small_user1,1,READ,0x1000136a000,4096
721328,small_user0,0,READ,0x13d7000,4096
721589,small_user0,0,READ,0x13d8000,8192
721652,small_user1,1,READ,0x1000136b000,4096
721746,small_user1,1,WRITE,0x1000136c000,4096
722103,small_user0,0,WRITE,0x13da000,16384
722239,small_user1,1,READ,0x1000136d000,16384
722294,small_user1,1,WRITE,0x10001371000,16384
722373,small_user0,0,READ,0x13de000,16384
722488,small_user0,0,READ,0x13e2000,16384
722552,large_user0,2,WRITE,0x20002010000,262144
722723,large_user1,3,READ,0x30001e80000,65536
723045,small_user0,0,READ,0x13e6000,4096
723564,small_user1,1,READ,0x10001375000,4096
723758,small_user0,0,READ,0x13e7000,4096
723997,small_user0,0,READ,0x13e8000,4096
724175,small_user0,0,READ,0x13e9000,4096
724188,small_user0,0,READ,0x13ea000,16384
724370,small_user1,1,WRITE,0x10001376000,8192
724482,small_user1,1,WRITE,0x10001378000,4096
724779,small_user0,0,READ,0x13ee000,4096
724796,small_user0,0,READ,0x13ef000,8192
725029,small_user0,0,READ,0x13f1000,4096
725139,small_user1,1,READ,0x10001379000,16384
725643,small_user0,0,READ,0x13f2000,16384
725855,small_user1,1,WRITE,0x1000137d000,4096
726221,small_user0,0,WRITE,0x13f6000,16384
726326,small_user0,0,READ,0x13fa000,8192
726390,small_user1,1,READ,0x1000137e000,8192
726557,small_user1,1,READ,0x10001380000,8192
726590,small_user0,0,WRITE,0x13fc000,4096
726694,small_user1,1,READ,0x10001382000,4096
726824,small_user0,0,WRITE,0x13fd000,8192
726880,small_user1,1,READ,0x10001383000,4096
726957,small_user0,0,WRITE,0x13ff000,4096
727234,small_user1,1,READ,0x10001384000,8192
728020,small_user0,0,WRITE,0x1400000,8192
728230,small_user1,1,WRITE,0x10001386000,4096
728368,small_user0,0,READ,0x1402000,8192
728769,small_user1,1,READ,0x10001387000,16384
728817,small_user1,1,WRITE,0x1000138b000,16384
728971,small_user1,1,WRITE,0x1000138f000,4096
729062,large_user0,2,READ,0x20002050000,131072
729091,large_user1,3,READ,0x30001e90000,65536
729365,small_user0,0,WRITE,0x1404000,16384
729398,small_user0,0,READ,0x1408000,16384
729528,small_user0,0,WRITE,0x140c000,16384
729566,small_user0,0,READ,0x1410000,16384
729669,small_user1,1,READ,0x10001390000,4096
730211,small_user1,1,WRITE,0x10001391000,4096
730520,small_user1,1,READ,0x10001392000,8192
730551,small_user1,1,READ,0x10001394000,16384
730573,small_user1,1,READ,0x10001398000,8192
730945,small_user0,0,READ,0x1414000,16384
730991,small_user0,0,READ,0x1418000,8192
731103,small_user0,0,WRITE,0x141a000,16384
731474,small_user0,0,READ,0x141e000,8192
731606,small_user1,1,WRITE,0x1000139a000,16384
731650,small_user1,1,READ,0x1000139e000,8192
731665,small_user0,0,WRITE,0x1420000,16384
731735,large_user0,2,WRITE,0x20002070000,262144
732102,small_user0,0,READ,0x1424000,8192
732430,small_user1,1,READ,0x100013a0000,8192
732474,small_user0,0,WRITE,0x1426000,16384
732551,small_user0,0,READ,0x142a000,16384
732636,small_user0,0,WRITE,0x142e000,8192
732734,small_user0,0,READ,0x1430000,16384
732946,small_user0,0,READ,0x1434000,8192
732991,large_user1,3,WRITE,0x30001ea0000,131072
733186,small_user1,1,READ,0x100013a2000,4096
733260,small_user1,1,READ,0x100013a3000,4096
733774,small_user1,1,READ,0x100013a4000,8192
734114,small_user1,1,READ,0x100013a6000,16384
734217,small_user1,1,READ,0x100013aa000,8192
734220,small_user1,1,READ,0x100013ac000,8192
734431,small_user1,1,WRITE,0x100013ae000,8192
734492,small_user0,0,READ,0x1436000,8192
734567,small_user1,1,WRITE,0x100013b0000,16384
734637,small_user0,0,READ,0x1438000,8192
734708,small_user0,0,READ,0x143a000,4096
735012,small_user1,1,READ,0x100013b4000,8192
735013,small_user0,0,WRITE,0x143b000,8192
735029,small_user0,0,READ,0x143d000,8192
735079,small_user0,0,WRITE,0x143f000,16384
735288,small_user1,1,READ,0x100013b6000,8192
735542,small_user1,1,READ,0x100013b8000,8192
735563,small_user1,1,READ,0x100013ba000,8192
735580,small_user1,1,READ,0x100013bc000,8192
735887,small_user1,1,WRITE,0x100013be000,8192
735918,small_user1,1,READ,0x100013c0000,16384
735927,small_user1,1,READ,0x100013c4000,16384
735940,large_user1,3,READ,0x30001ec0000,262144
735965,small_user1,1,READ,0x100013c8000,8192
736027,small_user1,1,READ,0x100013ca000,8192
736142,small_user0,0,READ,0x1443000,8192
736197,small_user0,0,READ,0x1445000,8192
736258,small_user0,0,READ,0x1447000,8192
736309,small_user0,0,READ,0x1449000,16384
736458,small_user0,0,READ,0x144d000,16384
736492,small_user1,1,READ,0x100013cc000,16384
736497,small_user1,1,READ,0x100013d0000,8192
736690,small_user1,1,READ,0x100013d2000,8192
737169,small_user1,1,WRITE,0x100013d4000,4096
737342,small_user1,1,WRITE,0x100013d5000,8192
737517,small_user1,1,READ,0x100013d7000,4096
737530,small_user1,1,READ,0x100013d8000,16384
737540,small_user1,1,WRITE,0x100013dc000,4096
737571,small_user1,1,READ,0x100013dd000,4096
737779,small_user1,1,READ,0x100013de000,8192
738043,small_user1,1,WRITE,0x100013e0000,4096
738191,small_user0,0,READ,0x1451000,8192
738247,small_user0,0,READ,0x1453000,8192
738321,small_user1,1,READ,0x100013e1000,16384
738350,small_user0,0,READ,0x1455000,4096
738510,small_user0,0,READ,0x1456000,8192
738567,small_user1,1,WRITE,0x100013e5000,4096
738644,small_user0,0,READ,0x1458000,4096
738892,small_user0,0,READ,0x1459000,16384
739008,small_user1,1,READ,0x100013e6000,16384
739278,small_user0,0,READ,0x145d000,4096
739287,large_user0,2,READ,0x200020b0000,131072
739520,large_user0,2,WRITE,0x200020d0000,262144
739584,small_user0,0,READ,0x145e000,16384
739727,small_user0,0,READ,0x1462000,16384
739882,small_user1,1,READ,0x100013ea000,8192
739913,small_user0,0,READ,0x1466000,8192
739996,small_user1,1,READ,0x100013ec000,8192
740071,small_user1,1,READ,0x100013ee000,4096
740183,large_user0,2,READ,0x20002110000,131072
740927,small_user0,0,READ,0x1468000,16384
740936,small_user0,0,WRITE,0x146c000,16384
740988,small_user1,1,READ,0x100013ef000,16384
740996,small_user0,0,WRITE,0x1470000,4096
741150,small_user1,1,READ,0x100013f3000,16384
741269,small_user0,0,WRITE,0x1471000,4096
741722,large_user0,2,WRITE,0x20002130000,65536
741723,small_user1,1,READ,0x100013f7000,8192
741894,small_user1,1,READ,0x100013f9000,4096
741938,small_user0,0,WRITE,0x1472000,4096
742174,small_user0,0,WRITE,0x1473000,8192
742291,small_user0,0,WRITE,0x1475000,16384
742305,small_user0,0,WRITE,0x1479000,8192
742331,small_user0,0,READ,0x147b000,8192
742427,large_user0,2,WRITE,0x20002140000,262144
742812,small_user0,0,READ,0x147d000,8192
742939,large_user0,2,READ,0x20002180000,262144
743511,small_user0,0,WRITE,0x147f000,16384
743515,small_user0,0,WRITE,0x1483000,16384
743542,small_user0,0,WRITE,0x1487000,16384
743588,small_user1,1,READ,0x100013fa000,4096
744061,small_user0,0,WRITE,0x148b000,4096
744222,small_user1,1,READ,0x100013fb000,8192
744353,small_user0,0,READ,0x148c000,8192
744452,small_user1,1,WRITE,0x100013fd000,4096
744674,large_user1,3,WRITE,0x30001f00000,65536
744753,small_user1,1,READ,0x100013fe000,4096
744781,small_user1,1,READ,0x100013ff000,4096
744983,large_user0,2,WRITE,0x200021c0000,65536
745341,large_user1,3,WRITE,0x30001f10000,65536
745392,small_user0,0,READ,0x148e000,16384
745514,small_user1,1,WRITE,0x10001400000,16384
745531,small_user1,1,READ,0x10001404000,16384
745561,small_user1,1,READ,0x10001408000,4096
745797,small_user0,0,READ,0x1492000,8192
745809,small_user0,0,READ,0x1494000,8192
745842,small_user1,1,READ,0x10001409000,16384
745907,small_user0,0,READ,0x1496000,8192
745963,small_user1,1,READ,0x1000140d000,4096
746178,small_user0,0,READ,0x1498000,8192
746190,small_user1,1,READ,0x1000140e000,16384
746299,small_user1,1,WRITE,0x10001412000,8192
746453,small_user0,0,READ,0x149a000,16384
746674,small_user0,0,READ,0x149e000,16384
746675,large_user0,2,READ,0x200021d0000,65536
746907,small_user1,1,READ,0x10001414000,16384
747164,small_user1,1,WRITE,0x10001418000,8192
747277,small_user1,1,READ,0x1000141a000,8192
747288,small_user1,1,READ,0x1000141c000,4096
747471,small_user0,0,READ,0x14a2000,16384
747540,small_user0,0,READ,0x14a6000,8192
747720,large_user0,2,WRITE,0x200021e0000,262144
747769,small_user0,0,READ,0x14a8000,4096
747832,small_user0,0,READ,0x14a9000,4096
748891,small_user0,0,READ,0x14aa000,8192
749181,small_user0,0,READ,0x14ac000,4096
749261,small_user1,1,READ,0x1000141d000,4096
749343,large_user0,2,WRITE,0x20002220000,65536
749524,large_user0,2,READ,0x20002230000,131072
749624,small_user0,0,READ,0x14ad000,4096
749965,small_user1,1,WRITE,0x1000141e000,4096
750044,small_user0,0,WRITE,0x14ae000,16384
750113,small_user1,1,READ,0x1000141f000,8192
750152,large_user1,3,WRITE,0x30001f20000,131072
750431,small_user0,0,READ,0x14b2000,16384
751079,small_user1,1,WRITE,0x10001421000,8192
751137,small_user0,0,READ,0x14b6000,8192
751172,small_user1,1,READ,0x10001423000,16384
751345,small_user1,1,READ,0x10001427000,4096
751362,small_user1,1,WRITE,0x10001428000,16384
751390,small_user0,0,WRITE,0x14b8000,4096
751669,small_user1,1,READ,0x1000142c000,8192
751861,small_user1,1,WRITE,0x1000142e000,8192
752211,small_user1,1,WRITE,0x10001430000,8192
752254,small_user0,0,READ,0x14b9000,8192
752408,small_user1,1,READ,0x10001432000,4096
752426,small_user1,1,WRITE,0x10001433000,8192
752784,small_user1,1,READ,0x10001435000,16384
752791,small_user0,0,WRITE,0x14bb000,8192
752949,small_user0,0,WRITE,0x14bd000,4096
752959,small_user1,1,WRITE,0x10001439000,16384
753356,small_user1,1,WRITE,0x1000143d000,16384
753579,small_user0,0,READ,0x14be000,16384
753580,small_user0,0,WRITE,0x14c2000,8192
753690,small_user0,0,READ,0x14c4000,8192
754081,small_user0,0,READ,0x14c6000,16384
754122,small_user0,0,WRITE,0x14ca000,16384
754185,small_user0,0,READ,0x14ce000,8192
754208,small_user1,1,READ,0x10001441000,16384
754455,small_user1,1,READ,0x10001445000,8192
754687,small_user1,1,READ,0x10001447000,4096
754764,small_user1,1,WRITE,0x10001448000,4096
754769,small_user1,1,WRITE,0x10001449000,4096
754832,large_user1,3,READ,0x30001f40000,65536
755093,small_user0,0,READ,0x14d0000,8192
755334,small_user1,1,READ,0x1000144a000,16384
755351,small_user0,0,WRITE,0x14d2000,4096
755457,small_user0,0,READ,0x14d3000,16384
755888,small_user1,1,WRITE,0x1000144e000,4096
755958,small_user0,0,READ,0x14d7000,8192
756017,small_user0,0,WRITE,0x14d9000,4096
756265,small_user1,1,READ,0x1000144f000,8192
756327,small_user1,1,READ,0x10001451000,8192
756445,small_user1,1,READ,0x10001453000,16384
756485,small_user0,0,READ,0x14da000,8192
756520,small_user1,1,WRITE,0x10001457000,8192
756924,small_user1,1,READ,0x10001459000,16384
757065,large_user0,2,WRITE,0x20002250000,131072
757117,small_user0,0,WRITE,0x14dc000,8192
757158,small_user0,0,WRITE,0x14de000,8192
757197,small_user0,0,READ,0x14e0000,8192
757485,large_user0,2,WRITE,0x20002270000,262144
757771,small_user1,1,READ,0x1000145d000,8192
757851,small_user1,1,READ,0x1000145f000,4096
757866,small_user0,0,READ,0x14e2000,16384
757883,large_user0,2,READ,0x200022b0000,65536
757944,small_user1,1,WRITE,0x10001460000,4096
758131,small_user1,1,READ,0x10001461000,4096
758180,small_user1,1,READ,0x10001462000,8192
758225,small_user0,0,READ,0x14e6000,8192
758510,small_user0,0,READ,0x14e8000,4096
758543,small_user0,0,READ,0x14e9000,8192
758842,small_user1,1,WRITE,0x10001464000,16384
759063,small_user0,0,READ,0x14eb000,16384
759414,small_user0,0,READ,0x14ef000,8192
759455,small_user0,0,READ,0x14f1000,16384
760206,small_user1,1,WRITE,0x10001468000,16384
760239,small_user1,1,READ,0x1000146c000,4096
760377,small_user0,0,WRITE,0x14f5000,4096
760475,small_user1,1,READ,0x1000146d000,8192
760572,small_user1,1,READ,0x1000146f000,4096
760703,small_user1,1,READ,0x10001470000,8192
761044,small_user1,1,WRITE,0x10001472000,8192
761285,small_user1,1,READ,0x10001474000,8192
761528,large_user1,3,WRITE,0x30001f50000,65536
761535,small_user1,1,WRITE,0x10001476000,16384
761686,small_user0,0,READ,0x14f6000,16384
761738,small_user1,1,READ,0x1000147a000,4096
761920,small_user0,0,WRITE,0x14fa000,4096
762343,small_user1,1,READ,0x1000147b000,4096
762410,small_user1,1,WRITE,0x1000147c000,16384
762438,small_user0,0,READ,0x14fb000,16384
762576,small_user1,1,WRITE,0x10001480000,4096
762647,small_user0,0,READ,0x14ff000,16384
762650,small_user1,1,READ,0x10001481000,16384
762975,small_user1,1,READ,0x10001485000,16384
762991,small_user0,0,READ,0x1503000,8192
763149,small_user0,0,WRITE,0x1505000,8192
763192,small_user0,0,READ,0x1507000,8192
763431,small_user1,1,READ,0x10001489000,4096
763587,small_user1,1,READ,0x1000148a000,16384
763626,small_user0,0,READ,0x1509000,16384
763783,small_user1,1,WRITE,0x1000148e000,4096
763821,small_user0,0,WRITE,0x150d000,16384
763943,small_user1,1,READ,0x1000148f000,4096
764017,small_user1,1,READ,0x10001490000,16384
764148,small_user0,0,READ,0x1511000,4096
764187,small_user1,1,READ,0x10001494000,4096
764537,small_user0,0,READ,0x1512000,16384
764559,small_user0,0,WRITE,0x1516000,4096
764586,small_user0,0,READ,0x1517000,8192
764652,small_user1,1,READ,0x10001495000,8192
764697,small_user0,0,READ,0x1519000,8192
764754,small_user0,0,WRITE,0x151b000,4096
764862,small_user0,0,READ,0x151c000,4096
765070,small_user1,1,WRITE,0x10001497000,16384
765073,small_user1,1,WRITE,0x1000149b000,16384
765203,small_user1,1,WRITE,0x1000149f000,16384
765530,small_user1,1,WRITE,0x100014a3000,16384
765654,small_user0,0,READ,0x151d000,16384
766123,small_user1,1,WRITE,0x100014a7000,16384
766127,small_user1,1,READ,0x100014ab000,8192
766259,small_user0,0,WRITE,0x1521000,16384
766349,large_user1,3,READ,0x30001f60000,131072
766871,small_user0,0,WRITE,0x1525000,4096
767028,small_user0,0,READ,0x1526000,8192
767156,small_user1,1,WRITE,0x100014ad000,8192
767201,small_user0,0,READ,0x1528000,8192
767797,small_user0,0,READ,0x152a000,8192
767921,small_user1,1,READ,0x100014af000,4096
768303,small_user0,0,WRITE,0x152c000,8192
768529,small_user0,0,READ,0x152e000,4096
768749,small_user1,1,READ,0x100014b0000,16384
768805,small_user1,1,READ,0x100014b4000,16384
769365,small_user0,0,READ,0x152f000,8192
769508,small_user1,1,READ,0x100014b8000,4096
769626,small_user1,1,READ,0x100014b9000,8192
769698,large_user0,2,WRITE,0x200022c0000,65536
769847,small_user0,0,READ,0x1531000,4096
769851,small_user1,1,READ,0x100014bb000,16384
769867,small_user0,0,WRITE,0x1532000,8192
769884,small_user1,1,READ,0x100014bf000,16384
770050,small_user1,1,READ,0x100014c3000,4096
770105,small_user0,0,READ,0x1534000,8192
770187,small_user1,1,READ,0x100014c4000,8192
770396,small_user0,0,WRITE,0x1536000,4096
770671,small_user0,0,READ,0x1537000,16384
770926,small_user1,1,READ,0x100014c6000,8192
771037,small_user0,0,WRITE,0x153b000,16384
771214,small_user0,0,READ,0x153f000,16384
771241,small_user0,0,WRITE,0x1543000,4096
771411,small_user0,0,READ,0x1544000,8192
771712,large_user0,2,WRITE,0x200022d0000,262144
771750,small_user1,1,READ,0x100014c8000,4096
772119,small_user1,1,READ,0x100014c9000,4096
772264,small_user0,0,WRITE,0x1546000,4096
772300,small_user1,1,WRITE,0x100014ca000,16384
772427,small_user0,0,READ,0x1547000,8192
772444,small_user0,0,READ,0x1549000,16384
772540,small_user0,0,WRITE,0x154d000,16384
772641,small_user1,1,READ,0x100014ce000,16384
772729,large_user0,2,READ,0x20002310000,262144
772771,small_user0,0,READ,0x1551000,16384
772988,small_user0,0,READ,0x1555000,16384
773208,small_user1,1,READ,0x100014d2000,16384
773290,small_user1,1,READ,0x100014d6000,4096
773321,small_user1,1,READ,0x100014d7000,16384
773457,small_user1,1,WRITE,0x100014db000,4096
773628,small_user1,1,WRITE,0x100014dc000,4096
773847,small_user1,1,WRITE,0x100014dd000,4096
773969,small_user1,1,READ,0x100014de000,8192
774233,small_user0,0,READ,0x1559000,8192
774240,large_user1,3,READ,0x30001f80000,65536
774742,large_user1,3,READ,0x30001f90000,65536
775442,small_user1,1,READ,0x100014e0000,4096
775649,small_user0,0,WRITE,0x155b000,8192
775782,small_user1,1,READ,0x100014e1000,16384
775904,small_user1,1,WRITE,0x100014e5000,4096
776356,small_user0,0,WRITE,0x155d000,8192
776410,large_user0,2,WRITE,0x20002350000,65536
776515,small_user1,1,READ,0x100014e6000,8192
776564,small_user0,0,READ,0x155f000,4096
776590,small_user0,0,READ,0x1560000,4096
776831,small_user1,1,READ,0x100014e8000,4096
777243,small_user1,1,WRITE,0x100014e9000,16384
777261,small_user0,0,READ,0x1561000,16384
777696,small_user1,1,READ,0x100014ed000,16384
777702,small_user0,0,READ,0x1565000,4096
777790,small_user1,1,WRITE,0x100014f1000,16384
777859,small_user0,0,READ,0x1566000,8192
778119,small_user0,0,READ,0x1568000,8192
778340,large_user1,3,WRITE,0x30001fa0000,131072
778346,large_user1,3,WRITE,0x30001fc0000,65536
778368,small_user0,0,WRITE,0x156a000,8192
778527,small_user1,1,READ,0x100014f5000,4096
778623,large_user1,3,WRITE,0x30001fd0000,262144
778805,small_user1,1,READ,0x100014f6000,16384
778908,small_user0,0,READ,0x156c000,4096
778965,small_user0,0,READ,0x156d000,16384
779915,small_user1,1,WRITE,0x100014fa000,8192
780193,small_user1,1,READ,0x100014fc000,4096
780321,small_user1,1,WRITE,0x100014fd000,4096
780561,small_user1,1,WRITE,0x100014fe000,8192
780959,small_user0,0,READ,0x1571000,4096
781069,small_user1,1,READ,0x10001500000,8192
781111,large_user1,3,READ,0x30002010000,262144
781219,small_user0,0,WRITE,0x1572000,4096
781237,small_user0,0,READ,0x1573000,16384
781610,small_user0,0,READ,0x1577000,16384
781647,small_user0,0,READ,0x157b000,16384
781700,small_user1,1,READ,0x10001502000,16384
781842,small_user1,1,READ,0x10001506000,16384
781858,small_user1,1,READ,0x1000150a000,8192
781937,small_user1,1,READ,0x1000150c000,16384
782021,large_user1,3,WRITE,0x30002050000,131072
782277,small_user1,1,READ,0x10001510000,8192
782281,small_user1,1,WRITE,0x10001512000,8192
782282,small_user1,1,WRITE,0x10001514000,16384
782347,small_user0,0,WRITE,0x157f000,4096
782469,small_user0,0,WRITE,0x1580000,8192
782801,small_user0,0,READ,0x1582000,16384
782826,small_user1,1,READ,0x10001518000,4096
782847,small_user1,1,READ,0x10001519000,8192
782964,small_user0,0,READ,0x1586000,4096
783038,small_user1,1,READ,0x1000151b000,16384
783092,small_user1,1,READ,0x1000151f000,4096
783739,small_user0,0,READ,0x1587000,4096
783802,large_user0,2,READ,0x20002360000,262144
783957,small_user1,1,READ,0x10001520000,4096
784155,small_user0,0,READ,0x1588000,4096
784261,small_user0,0,WRITE,0x1589000,4096
784306,small_user1,1,READ,0x10001521000,4096
784575,small_user0,0,READ,0x158a000,16384
784846,small_user0,0,READ,0x158e000,8192
784876,small_user1,1,READ,0x10001522000,4096
784882,small_user1,1,READ,0x10001523000,8192
784979,small_user0,0,READ,0x1590000,8192
785007,small_user0,0,READ,0x1592000,4096
785365,small_user0,0,READ,0x1593000,16384
785424,small_user0,0,WRITE,0x1597000,4096
785501,small_user1,1,READ,0x10001525000,8192
785562,small_user0,0,READ,0x1598000,4096
785773,large_user0,2,WRITE,0x200023a0000,262144
786494,small_user1,1,WRITE,0x10001527000,4096
786765,small_user0,0,READ,0x1599000,16384
786890,small_user0,0,WRITE,0x159d000,16384
786965,small_user1,1,READ,0x10001528000,8192
787009,small_user0,0,READ,0x15a1000,16384
787275,small_user1,1,READ,0x1000152a000,8192
787325,small_user1,1,READ,0x1000152c000,8192
787341,small_user1,1,READ,0x1000152e000,16384
787376,small_user1,1,READ,0x10001532000,8192
787598,large_user0,2,READ,0x200023e0000,131072
788397,small_user0,0,READ,0x15a5000,4096
788401,small_user1,1,READ,0x10001534000,4096
788478,small_user1,1,WRITE,0x10001535000,4096
788495,large_user0,2,WRITE,0x20002400000,65536
788697,small_user1,1,READ,0x10001536000,16384
788728,small_user1,1,WRITE,0x1000153a000,4096
788737,small_user0,0,READ,0x15a6000,16384
788955,small_user1,1,READ,0x1000153b000,8192
788971,small_user1,1,WRITE,0x1000153d000,8192
789333,large_user0,2,WRITE,0x20002410000,65536
789432,large_user1,3,READ,0x30002070000,262144
789525,small_user1,1,READ,0x1000153f000,16384
789569,small_user0,0,READ,0x15aa000,4096
789721,small_user1,1,READ,0x10001543000,16384
789722,small_user0,0,WRITE,0x15ab000,4096
790088,small_user0,0,WRITE,0x15ac000,16384
790390,small_user1,1,READ,0x10001547000,8192
790462,small_user0,0,READ,0x15b0000,4096
790558,small_user1,1,READ,0x10001549000,16384
790767,small_user0,0,READ,0x15b1000,8192
790837,small_user1,1,WRITE,0x1000154d000,8192
790993,small_user1,1,WRITE,0x1000154f000,16384
791283,small_user1,1,READ,0x10001553000,8192
791539,small_user0,0,READ,0x15b3000,16384
791619,small_user1,1,READ,0x10001555000,8192
792022,small_user1,1,WRITE,0x10001557000,16384
792417,small_user0,0,READ,0x15b7000,4096
792444,small_user0,0,READ,0x15b8000,4096
792524,small_user1,1,READ,0x1000155b000,16384
792568,large_user1,3,WRITE,0x300020b0000,262144
792687,small_user0,0,READ,0x15b9000,4096
792729,small_user0,0,WRITE,0x15ba000,4096
792748,large_user1,3,READ,0x300020f0000,131072
793442,small_user1,1,READ,0x1000155f000,4096
793563,small_user1,1,READ,0x10001560000,4096
793601,small_user1,1,READ,0x10001561000,16384
793745,small_user1,1,WRITE,0x10001565000,16384
793796,small_user1,1,READ,0x10001569000,8192
794054,small_user1,1,WRITE,0x1000156b000,8192
794228,small_user1,1,READ,0x1000156d000,16384
794248,small_user1,1,WRITE,0x10001571000,8192
794263,small_user0,0,READ,0x15bb000,16384
794376,small_user1,1,WRITE,0x10001573000,4096
794517,small_user0,0,READ,0x15bf000,16384
794554,small_user0,0,READ,0x15c3000,4096
794744,small_user1,1,READ,0x10001574000,16384
794983,small_user0,0,WRITE,0x15c4000,4096
795095,small_user0,0,READ,0x15c5000,16384
795164,small_user0,0,READ,0x15c9000,16384
795285,small_user0,0,READ,0x15cd000,4096
795495,small_user0,0,READ,0x15ce000,4096
795537,small_user1,1,READ,0x10001578000,4096
795592,large_user0,2,READ,0x20002420000,65536
795649,small_user0,0,READ,0x15cf000,16384
795768,small_user0,0,READ,0x15d3000,16384
796104,large_user0,2,READ,0x20002430000,131072
796151,small_user1,1,WRITE,0x10001579000,8192
796341,small_user1,1,READ,0x1000157b000,16384
796591,small_user1,1,READ,0x1000157f000,4096
796869,small_user0,0,READ,0x15d7000,16384
797050,small_user1,1,READ,0x10001580000,16384
797072,large_user0,2,READ,0x20002450000,262144
797083,small_user1,1,READ,0x10001584000,16384
797123,small_user0,0,READ,0x15db000,4096
797148,small_user1,1,READ,0x10001588000,4096
797638,small_user0,0,WRITE,0x15dc000,16384
797777,small_user0,0,READ,0x15e0000,16384
797802,small_user0,0,READ,0x15e4000,8192
798222,small_user0,0,READ,0x15e6000,4096
798247,small_user1,1,WRITE,0x10001589000,4096
798260,small_user1,1,READ,0x1000158a000,8192
798612,small_user1,1,READ,0x1000158c000,8192
799395,small_user1,1,WRITE,0x1000158e000,8192
799413,small_user1,1,WRITE,0x10001590000,16384
799447,small_user1,1,READ,0x10001594000,4096
799534,small_user0,0,READ,0x15e7000,16384
799791,small_user1,1,READ,0x10001595000,8192
799961,small_user0,0,READ,0x15eb000,16384
799970,small_user0,0,WRITE,0x15ef000,16384
800034,small_user0,0,WRITE,0x15f3000,16384
800177,small_user0,0,READ,0x15f7000,8192
800245,small_user0,0,READ,0x15f9000,8192
800304,small_user0,0,READ,0x15fb000,8192
800443,small_user1,1,READ,0x10001597000,4096
800590,small_user0,0,READ,0x15fd000,8192
800608,small_user0,0,READ,0x15ff000,16384
800664,small_user1,1,READ,0x10001598000,4096
801095,small_user1,1,WRITE,0x10001599000,4096
801351,large_user1,3,WRITE,0x30002110000,262144
801932,small_user0,0,READ,0x1603000,4096
801939,small_user0,0,READ,0x1604000,4096
801995,small_user1,1,READ,0x1000159a000,16384
802022,small_user1,1,READ,0x1000159e000,4096
802316,small_user0,0,READ,0x1605000,16384
802645,small_user0,0,READ,0x1609000,8192
802820,small_user0,0,READ,0x160b000,4096
803005,small_user1,1,WRITE,0x1000159f000,16384
804123,small_user1,1,READ,0x100015a3000,8192
804224,small_user1,1,READ,0x100015a5000,8192
804306,small_user0,0,READ,0x160c000,16384
804622,small_user1,1,READ,0x100015a7000,16384
804836,small_user1,1,READ,0x100015ab000,8192
805084,large_user1,3,WRITE,0x30002150000,65536
805144,small_user1,1,WRITE,0x100015ad000,16384
805340,small_user0,0,WRITE,0x1610000,8192
805511,small_user0,0,WRITE,0x1612000,8192
805549,large_user0,2,WRITE,0x20002490000,262144
805585,small_user1,1,WRITE,0x100015b1000,16384
805785,small_user1,1,WRITE,0x100015b5000,8192
806183,small_user1,1,READ,0x100015b7000,4096
806223,small_user1,1,READ,0x100015b8000,4096
806352,small_user1,1,READ,0x100015b9000,8192
806537,small_user0,0,READ,0x1614000,4096
806852,small_user1,1,WRITE,0x100015bb000,8192
806872,small_user1,1,WRITE,0x100015bd000,4096
807220,small_user1,1,READ,0x100015be000,16384
807367,small_user0,0,WRITE,0x1615000,8192
807473,large_user1,3,READ,0x30002160000,65536
808262,small_user1,1,READ,0x100015c2000,8192
808617,small_user0,0,READ,0x1617000,8192
808624,small_user0,0,WRITE,0x1619000,8192
808861,small_user0,0,WRITE,0x161b000,4096
808923,small_user1,1,READ,0x100015c4000,4096
808925,small_user0,0,WRITE,0x161c000,4096
808926,small_user0,0,READ,0x161d000,4096
809209,small_user0,0,READ,0x161e000,4096
809718,small_user0,0,READ,0x161f000,4096
810339,large_user1,3,READ,0x30002170000,65536
810634,small_user1,1,READ,0x100015c5000,16384
810636,small_user1,1,READ,0x100015c9000,16384
810647,small_user1,1,READ,0x100015cd000,4096
810761,small_user0,0,WRITE,0x1620000,4096
810775,small_user0,0,READ,0x1621000,8192
810778,small_user0,0,WRITE,0x1623000,16384
810876,small_user0,0,READ,0x1627000,16384
811230,small_user1,1,READ,0x100015ce000,4096
811414,small_user1,1,WRITE,0x100015cf000,16384
811491,large_user1,3,WRITE,0x30002180000,65536
811630,small_user0,0,WRITE,0x162b000,8192
811916,small_user1,1,READ,0x100015d3000,4096
811922,small_user0,0,READ,0x162d000,4096
811971,small_user0,0,READ,0x162e000,8192
812260,small_user1,1,READ,0x100015d4000,8192
812536,small_user0,0,READ,0x1630000,4096
812672,small_user0,0,WRITE,0x1631000,16384
812826,small_user1,1,WRITE,0x100015d6000,4096
813054,large_user1,3,WRITE,0x30002190000,131072
813147,small_user1,1,READ,0x100015d7000,16384
813169,large_user1,3,READ,0x300021b0000,262144
813415,small_user1,1,READ,0x100015db000,16384
813419,large_user1,3,READ,0x300021f0000,262144
813676,small_user1,1,WRITE,0x100015df000,4096
813821,small_user0,0,WRITE,0x1635000,4096
813824,small_user1,1,WRITE,0x100015e0000,4096
813868,small_user0,0,READ,0x1636000,16384
813905,small_user0,0,WRITE,0x163a000,4096
813914,small_user1,1,READ,0x100015e1000,16384
813978,small_user1,1,READ,0x100015e5000,8192
814194,small_user1,1,READ,0x100015e7000,8192
814199,small_user1,1,READ,0x100015e9000,8192
814262,small_user1,1,WRITE,0x100015eb000,8192
814508,small_user1,1,WRITE,0x100015ed000,8192
814775,small_user1,1,WRITE,0x100015ef000,4096
814954,small_user1,1,READ,0x100015f0000,16384
815051,large_user1,3,READ,0x30002230000,262144
815201,small_user0,0,WRITE,0x163b000,8192
815227,small_user0,0,READ,0x163d000,4096
815353,large_user0,2,WRITE,0x200024d0000,262144
815698,small_user1,1,WRITE,0x100015f4000,16384
816265,small_user1,1,WRITE,0x100015f8000,8192
816413,small_user0,0,READ,0x163e000,8192
816469,large_user1,3,READ,0x30002270000,65536
816636,small_user1,1,WRITE,0x100015fa000,8192
816652,small_user0,0,READ,0x1640000,4096
817195,small_user1,1,WRITE,0x100015fc000,4096
817353,small_user1,1,READ,0x100015fd000,8192
817411,small_user0,0,READ,0x1641000,8192
817611,small_user1,1,READ,0x100015ff000,4096
817715,small_user1,1,READ,0x10001600000,16384
817934,small_user0,0,READ,0x1643000,4096
818233,large_user1,3,WRITE,0x30002280000,131072
818654,small_user1,1,READ,0x10001604000,4096
818776,small_user0,0,WRITE,0x1644000,16384
818777,small_user0,0,READ,0x1648000,4096
818884,small_user1,1,READ,0x10001605000,4096
818888,small_user1,1,WRITE,0x10001606000,4096
819058,small_user0,0,READ,0x1649000,8192
819116,small_user0,0,READ,0x164b000,4096
819309,small_user0,0,READ,0x164c000,16384
819401,small_user0,0,WRITE,0x1650000,16384
819411,small_user0,0,READ,0x1654000,8192
819423,small_user1,1,READ,0x10001607000,4096
819681,small_user1,1,READ,0x10001608000,4096
819707,small_user0,0,WRITE,0x1656000,16384
819751,small_user1,1,READ,0x10001609000,4096
819815,small_user0,0,READ,0x165a000,16384
819915,small_user1,1,READ,0x1000160a000,16384
820196,small_user0,0,READ,0x165e000,16384
820254,small_user0,0,WRITE,0x1662000,16384
820602,small_user1,1,READ,0x1000160e000,8192
820656,small_user0,0,READ,0x1666000,4096
820705,small_user0,0,READ,0x1667000,8192
820833,large_user0,2,READ,0x20002510000,131072
820840,small_user1,1,READ,0x10001610000,16384
820953,small_user0,0,READ,0x1669000,16384
821012,small_user0,0,WRITE,0x166d000,8192
821043,small_user1,1,READ,0x10001614000,4096
821068,small_user0,0,READ,0x166f000,4096
821376,small_user0,0,READ,0x1670000,8192
821674,small_user0,0,READ,0x1672000,16384
821814,small_user0,0,WRITE,0x1676000,8192
821927,small_user1,1,WRITE,0x10001615000,4096
821996,small_user0,0,READ,0x1678000,8192
822033,small_user1,1,READ,0x10001616000,8192
822186,large_user0,2,READ,0x20002530000,65536
822446,small_user0,0,WRITE,0x167a000,4096
822515,small_user0,0,READ,0x167b000,8192
823301,small_user0,0,READ,0x167d000,16384
823530,small_user0,0,WRITE,0x1681000,4096
823531,large_user0,2,READ,0x20002540000,131072
823623,small_user1,1,READ,0x10001618000,8192
823728,small_user1,1,READ,0x1000161a000,16384
824317,small_user0,0,READ,0x1682000,8192
824395,small_user0,0,READ,0x1684000,4096
824605,small_user1,1,READ,0x1000161e000,16384
824674,small_user0,0,WRITE,0x1685000,8192
824904,small_user0,0,READ,0x1687000,16384
824905,small_user0,0,READ,0x168b000,16384
825137,small_user0,0,READ,0x168f000,4096
825246,large_user1,3,WRITE,0x300022a0000,262144
825353,small_user0,0,READ,0x1690000,4096
825658,small_user1,1,WRITE,0x10001622000,8192
825704,small_user0,0,READ,0x1691000,16384
825988,small_user0,0,READ,0x1695000,16384
826035,small_user0,0,WRITE,0x1699000,16384
826075,small_user1,1,READ,0x10001624000,4096
826158,small_user1,1,WRITE,0x10001625000,16384
826258,small_user0,0,WRITE,0x169d000,4096
826889,large_user1,3,READ,0x300022e0000,131072
826978,small_user1,1,WRITE,0x10001629000,16384
827027,small_user1,1,READ,0x1000162d000,8192
827122,small_user1,1,READ,0x1000162f000,16384
827299,large_user0,2,READ,0x20002560000,65536
827466,small_user0,0,READ,0x169e000,4096
827650,small_user0,0,READ,0x169f000,8192
828107,small_user1,1,READ,0x10001633000,16384
828119,small_user1,1,READ,0x10001637000,4096
828386,small_user1,1,READ,0x10001638000,4096
828518,small_user1,1,READ,0x10001639000,8192
828568,small_user1,1,READ,0x1000163b000,4096
828627,small_user1,1,READ,0x1000163c000,16384
828638,small_user0,0,READ,0x16a1000,8192
829240,small_user1,1,WRITE,0x10001640000,16384
829377,small_user0,0,READ,0x16a3000,8192
829419,small_user1,1,WRITE,0x10001644000,8192
829937,small_user0,0,WRITE,0x16a5000,16384
829953,small_user0,0,READ,0x16a9000,8192
830195,small_user0,0,READ,0x16ab000,16384
830492,small_user1,1,READ,0x10001646000,16384
830563,small_user1,1,READ,0x1000164a000,8192
830730,small_user1,1,READ,0x1000164c000,16384
831000,small_user0,0,READ,0x16af000,8192
831014,small_user0,0,READ,0x16b1000,8192
831311,small_user0,0,WRITE,0x16b3000,4096
831416,large_user1,3,WRITE,0x30002300000,65536
831430,small_user1,1,READ,0x10001650000,16384
831598,small_user0,0,READ,0x16b4000,4096
832018,large_user0,2,WRITE,0x20002570000,131072
832024,small_user0,0,READ,0x16b5000,8192
832182,small_user0,0,READ,0x16b7000,8192
832194,small_user1,1,READ,0x10001654000,4096
832661,small_user1,1,WRITE,0x10001655000,16384
832747,small_user0,0,WRITE,0x16b9000,8192
832995,large_user0,2,READ,0x20002590000,131072
833008,small_user0,0,READ,0x16bb000,8192
833050,small_user1,1,READ,0x10001659000,4096
833064,small_user0,0,READ,0x16bd000,16384
833129,small_user1,1,READ,0x1000165a000,16384
833210,small_user1,1,READ,0x1000165e000,8192
833253,small_user1,1,READ,0x10001660000,8192
833324,small_user0,0,READ,0x16c1000,16384
833435,small_user1,1,READ,0x10001662000,8192
833504,large_user1,3,READ,0x30002310000,131072
833650,small_user0,0,READ,0x16c5000,4096
833927,small_user0,0,READ,0x16c6000,4096
834045,large_user0,2,WRITE,0x200025b0000,262144
834464,large_user1,3,READ,0x30002330000,131072
834503,small_user0,0,READ,0x16c7000,4096
834811,large_user0,2,WRITE,0x200025f0000,131072
835012,small_user1,1,READ,0x10001664000,4096
835032,small_user1,1,READ,0x10001665000,16384
835094,small_user0,0,READ,0x16c8000,8192
835282,small_user1,1,READ,0x10001669000,16384
835743,large_user1,3,WRITE,0x30002350000,262144
836223,small_user1,1,READ,0x1000166d000,16384
836286,small_user1,1,READ,0x10001671000,4096
836623,small_user0,0,READ,0x16ca000,4096
836824,small_user0,0,READ,0x16cb000,4096
836857,small_user1,1,WRITE,0x10001672000,8192
836908,small_user1,1,READ,0x10001674000,16384
837022,small_user0,0,READ,0x16cc000,16384
837082,small_user0,0,WRITE,0x16d0000,16384
837566,small_user1,1,READ,0x10001678000,16384
837717,small_user1,1,READ,0x1000167c000,16384
837760,small_user1,1,READ,0x10001680000,16384
837891,small_user0,0,READ,0x16d4000,8192
837936,small_user0,0,READ,0x16d6000,4096
837977,small_user1,1,READ,0x10001684000,8192
838367,small_user1,1,WRITE,0x10001686000,4096
838456,small_user0,0,READ,0x16d7000,16384
838508,small_user1,1,READ,0x10001687000,8192
838539,small_user1,1,READ,0x10001689000,16384
838648,small_user0,0,READ,0x16db000,4096
838671,large_user1,3,READ,0x30002390000,131072
838798,small_user1,1,READ,0x1000168d000,16384
838831,small_user1,1,WRITE,0x10001691000,4096
838837,small_user1,1,WRITE,0x10001692000,4096
839069,small_user1,1,READ,0x10001693000,16384
839335,small_user0,0,READ,0x16dc000,4096
839336,small_user1,1,READ,0x10001697000,16384
839625,small_user1,1,WRITE,0x1000169b000,16384
839671,small_user0,0,WRITE,0x16dd000,16384
839681,small_user1,1,WRITE,0x1000169f000,8192
840111,small_user1,1,WRITE,0x100016a1000,8192
840126,small_user0,0,READ,0x16e1000,8192
840593,small_user1,1,READ,0x100016a3000,8192
840616,small_user1,1,READ,0x100016a5000,8192
841203,small_user0,0,WRITE,0x16e3000,4096
841277,small_user0,0,WRITE,0x16e4000,8192
841440,small_user0,0,READ,0x16e6000,8192
841782,small_user1,1,READ,0x100016a7000,16384
841916,large_user0,2,WRITE,0x20002610000,262144
842109,large_user1,3,READ,0x300023b0000,65536
842473,small_user1,1,READ,0x100016ab000,4096
842490,small_user1,1,READ,0x100016ac000,8192
842510,large_user0,2,WRITE,0x20002650000,65536
842581,small_user0,0,READ,0x16e8000,8192
842669,small_user1,1,WRITE,0x100016ae000,4096
842962,large_user0,2,READ,0x20002660000,131072
842974,small_user1,1,WRITE,0x100016af000,16384
843001,small_user1,1,READ,0x100016b3000,8192
843047,small_user1,1,READ,0x100016b5000,8192
843057,small_user1,1,READ,0x100016b7000,4096
843217,small_user0,0,READ,0x16ea000,4096
843344,small_user0,0,WRITE,0x16eb000,16384
843407,small_user0,0,WRITE,0x16ef000,4096
843586,small_user0,0,READ,0x16f0000,4096
843620,small_user0,0,READ,0x16f1000,4096
843716,small_user1,1,WRITE,0x100016b8000,8192
843758,small_user0,0,READ,0x16f2000,4096
843808,small_user0,0,READ,0x16f3000,4096
843987,large_user1,3,READ,0x300023c0000,65536
844077,small_user1,1,WRITE,0x100016ba000,8192
844305,small_user1,1,READ,0x100016bc000,4096
844335,small_user1,1,READ,0x100016bd000,4096
844862,small_user1,1,READ,0x100016be000,16384
844925,small_user1,1,READ,0x100016c2000,8192
845412,small_user1,1,READ,0x100016c4000,4096
845539,small_user0,0,READ,0x16f4000,4096
845569,small_user0,0,READ,0x16f5000,16384
845634,small_user1,1,WRITE,0x100016c5000,4096
845787,small_user0,0,WRITE,0x16f9000,16384
845815,small_user1,1,READ,0x100016c6000,8192
845876,small_user1,1,READ,0x100016c8000,16384
845879,small_user1,1,WRITE,0x100016cc000,8192
846006,small_user1,1,READ,0x100016ce000,16384
846052,small_user0,0,READ,0x16fd000,16384
846152,small_user0,0,READ,0x1701000,4096
846248,small_user0,0,WRITE,0x1702000,16384
846401,small_user1,1,READ,0x100016d2000,4096
846409,large_user0,2,WRITE,0x20002680000,262144
846558,small_user0,0,READ,0x1706000,8192
847665,small_user0,0,READ,0x1708000,8192
847834,small_user1,1,READ,0x100016d3000,8192
848341,small_user1,1,READ,0x100016d5000,8192
848502,small_user0,0,READ,0x170a000,16384
848790,small_user1,1,READ,0x100016d7000,4096
849115,small_user1,1,WRITE,0x100016d8000,4096
849619,small_user0,0,READ,0x170e000,8192
849740,small_user1,1,READ,0x100016d9000,16384
850033,small_user0,0,READ,0x1710000,4096
850108,small_user1,1,READ,0x100016dd000,8192
850150,small_user1,1,READ,0x100016df000,4096
850896,small_user0,0,WRITE,0x1711000,8192
850935,large_user1,3,WRITE,0x300023d0000,65536
851118,small_user1,1,WRITE,0x100016e0000,16384
851340,small_user0,0,READ,0x1713000,8192
851545,small_user0,0,READ,0x1715000,4096
851643,small_user0,0,READ,0x1716000,4096
851677,small_user0,0,WRITE,0x1717000,16384
851882,small_user0,0,READ,0x171b000,8192
851898,small_user0,0,READ,0x171d000,8192
851940,small_user1,1,READ,0x100016e4000,4096
852383,small_user0,0,READ,0x171f000,16384
852561,small_user0,0,READ,0x1723000,8192
852603,small_user0,0,READ,0x1725000,16384
852641,small_user0,0,WRITE,0x1729000,4096
852650,small_user0,0,READ,0x172a000,4096
852826,small_user1,1,READ,0x100016e5000,16384
852827,small_user0,0,READ,0x172b000,4096
852890,large_user1,3,READ,0x300023e0000,65536
852965,small_user0,0,READ,0x172c000,8192
853058,large_user1,3,WRITE,0x300023f0000,65536
853103,small_user1,1,READ,0x100016e9000,8192
853277,small_user0,0,READ,0x172e000,16384
853347,small_user0,0,READ,0x1732000,8192
853428,small_user1,1,READ,0x100016eb000,16384
853457,small_user1,1,READ,0x100016ef000,4096
853913,small_user1,1,WRITE,0x100016f0000,8192
854085,small_user0,0,READ,0x1734000,4096
854100,small_user0,0,READ,0x1735000,4096
854194,small_user0,0,READ,0x1736000,16384
854371,small_user1,1,READ,0x100016f2000,4096
854542,small_user0,0,READ,0x173a000,16384
854796,small_user0,0,READ,0x173e000,8192
854884,small_user0,0,WRITE,0x1740000,4096
855009,small_user0,0,READ,0x1741000,4096
855153,small_user0,0,WRITE,0x1742000,8192
855273,small_user1,1,READ,0x100016f3000,4096
855374,small_user1,1,READ,0x100016f4000,16384
855683,small_user0,0,WRITE,0x1744000,16384
855839,small_user0,0,WRITE,0x1748000,16384
856056,large_user1,3,WRITE,0x30002400000,131072
856163,small_user1,1,WRITE,0x100016f8000,8192
856398,small_user1,1,READ,0x100016fa000,8192
856899,small_user1,1,READ,0x100016fc000,16384
856935,small_user0,0,READ,0x174c000,4096
857043,small_user1,1,READ,0x10001700000,16384
857100,small_user0,0,READ,0x174d000,16384
857157,small_user0,0,WRITE,0x1751000,8192
857197,small_user0,0,WRITE,0x1753000,4096
857245,small_user0,0,READ,0x1754000,8192
857538,small_user1,1,WRITE,0x10001704000,16384
857592,large_user1,3,WRITE,0x30002420000,65536
857675,small_user0,0,WRITE,0x1756000,4096
857747,large_user0,2,WRITE,0x200026c0000,65536
857790,small_user0,0,READ,0x1757000,16384
857813,small_user0,0,READ,0x175b000,8192
857834,small_user0,0,READ,0x175d000,8192
857878,large_user1,3,WRITE,0x30002430000,65536
858001,small_user0,0,READ,0x175f000,16384
858219,small_user0,0,READ,0x1763000,16384
858291,small_user0,0,READ,0x1767000,16384
858377,small_user0,0,READ,0x176b000,4096
858448,small_user0,0,READ,0x176c000,4096
858601,small_user0,0,WRITE,0x176d000,4096
858919,small_user1,1,READ,0x10001708000,16384
859656,small_user0,0,READ,0x176e000,8192
859727,small_user0,0,READ,0x1770000,16384
859808,small_user0,0,READ,0x1774000,16384
859891,small_user0,0,READ,0x1778000,16384
860218,small_user1,1,READ,0x1000170c000,16384
860232,small_user0,0,WRITE,0x177c000,16384
860347,small_user1,1,WRITE,0x10001710000,16384
860372,small_user1,1,WRITE,0x10001714000,8192
860383,small_user1,1,WRITE,0x10001716000,8192
860441,small_user1,1,WRITE,0x10001718000,16384
860539,small_user0,0,READ,0x1780000,16384
860577,small_user1,1,READ,0x1000171c000,4096
860584,small_user0,0,READ,0x1784000,4096
860833,small_user0,0,READ,0x1785000,4096
860944,small_user0,0,READ,0x1786000,16384
860974,small_user0,0,READ,0x178a000,8192
861049,small_user0,0,READ,0x178c000,16384
861153,small_user1,1,READ,0x1000171d000,4096
861202,small_user1,1,READ,0x1000171e000,16384
861281,small_user0,0,READ,0x1790000,16384
861930,small_user1,1,READ,0x10001722000,4096
861996,small_user0,0,READ,0x1794000,8192
862003,small_user1,1,READ,0x10001723000,8192
862149,small_user0,0,READ,0x1796000,8192
862191,small_user0,0,READ,0x1798000,4096
862835,small_user0,0,READ,0x1799000,16384
862942,small_user1,1,WRITE,0x10001725000,16384
863024,small_user0,0,READ,0x179d000,4096
863146,small_user0,0,READ,0x179e000,4096
863323,small_user0,0,READ,0x179f000,16384
863411,small_user0,0,WRITE,0x17a3000,4096
863556,small_user1,1,READ,0x10001729000,4096
863746,small_user1,1,READ,0x1000172a000,4096
863917,large_user1,3,READ,0x30002440000,131072
863942,small_user1,1,READ,0x1000172b000,8192
864482,large_user0,2,READ,0x200026d0000,262144
864501,small_user1,1,READ,0x1000172d000,4096
864550,large_user0,2,READ,0x20002710000,262144
864666,small_user1,1,READ,0x1000172e000,8192
864975,small_user1,1,WRITE,0x10001730000,4096
865022,small_user1,1,READ,0x10001731000,8192
865120,small_user0,0,WRITE,0x17a4000,16384
865196,small_user0,0,READ,0x17a8000,16384
865531,small_user1,1,READ,0x10001733000,4096
865534,small_user0,0,READ,0x17ac000,8192
865676,small_user0,0,READ,0x17ae000,8192
865763,small_user0,0,READ,0x17b0000,8192
866008,small_user0,0,READ,0x17b2000,4096
866009,large_user1,3,READ,0x30002460000,65536
866017,small_user1,1,READ,0x10001734000,4096
866377,small_user1,1,READ,0x10001735000,16384
866805,small_user1,1,WRITE,0x10001739000,8192
866884,small_user1,1,READ,0x1000173b000,8192
867154,small_user1,1,WRITE,0x1000173d000,8192
867268,small_user0,0,WRITE,0x17b3000,8192
867382,small_user0,0,READ,0x17b5000,4096
867468,small_user0,0,READ,0x17b6000,8192
867470,small_user0,0,READ,0x17b8000,16384
867490,large_user0,2,WRITE,0x20002750000,262144
867765,small_user1,1,READ,0x1000173f000,8192
867938,large_user0,2,READ,0x20002790000,262144
868126,small_user0,0,WRITE,0x17bc000,8192
868131,small_user0,0,READ,0x17be000,16384
868218,small_user1,1,READ,0x10001741000,4096
868286,small_user1,1,READ,0x10001742000,4096
868292,small_user0,0,READ,0x17c2000,16384
868314,small_user1,1,WRITE,0x10001743000,8192
868342,small_user1,1,READ,0x10001745000,8192
868488,small_user1,1,READ,0x10001747000,16384
868547,small_user1,1,WRITE,0x1000174b000,4096
868855,small_user1,1,READ,0x1000174c000,8192
869058,small_user1,1,WRITE,0x1000174e000,4096
869364,small_user1,1,READ,0x1000174f000,4096
869555,small_user0,0,WRITE,0x17c6000,8192
869788,small_user0,0,READ,0x17c8000,4096
869875,small_user0,0,READ,0x17c9000,4096
870121,large_user0,2,READ,0x200027d0000,131072
870155,small_user0,0,READ,0x17ca000,8192
870356,small_user0,0,WRITE,0x17cc000,16384
870361,small_user1,1,READ,0x10001750000,4096
870616,small_user0,0,READ,0x17d0000,16384
870622,small_user1,1,READ,0x10001751000,16384
870995,small_user0,0,READ,0x17d4000,16384
870996,small_user1,1,WRITE,0x10001755000,8192
871125,small_user1,1,READ,0x10001757000,4096
871203,small_user1,1,READ,0x10001758000,4096
871429,small_user0,0,READ,0x17d8000,8192
871436,small_user1,1,READ,0x10001759000,16384
871472,small_user1,1,READ,0x1000175d000,4096
871491,small_user1,1,READ,0x1000175e000,16384
871747,small_user0,0,READ,0x17da000,8192
871972,small_user0,0,READ,0x17dc000,4096
872045,large_user1,3,READ,0x30002470000,262144
872157,small_user1,1,READ,0x10001762000,4096
872610,small_user0,0,WRITE,0x17dd000,4096
872816,small_user1,1,WRITE,0x10001763000,8192
872835,small_user1,1,WRITE,0x10001765000,4096
872865,small_user0,0,READ,0x17de000,16384
873038,large_user0,2,WRITE,0x200027f0000,65536
873057,large_user0,2,WRITE,0x20002800000,65536
873317,small_user0,0,READ,0x17e2000,8192
873421,small_user1,1,READ,0x10001766000,16384
873484,small_user0,0,READ,0x17e4000,8192
873574,small_user0,0,READ,0x17e6000,16384
873606,small_user1,1,READ,0x1000176a000,4096
873619,small_user1,1,READ,0x1000176b000,16384
873713,small_user1,1,WRITE,0x1000176f000,4096
873764,small_user1,1,READ,0x10001770000,4096
873863,small_user0,0,WRITE,0x17ea000,16384
873882,small_user1,1,READ,0x10001771000,8192
874317,small_user1,1,WRITE,0x10001773000,16384
874349,large_user0,2,WRITE,0x20002810000,131072
874494,small_user0,0,READ,0x17ee000,16384
874920,small_user1,1,READ,0x10001777000,8192
875054,small_user0,0,WRITE,0x17f2000,16384
875240,small_user0,0,READ,0x17f6000,8192
875283,small_user1,1,READ,0x10001779000,4096
875480,small_user1,1,READ,0x1000177a000,8192
875776,small_user1,1,WRITE,0x1000177c000,8192
875850,small_user1,1,READ,0x1000177e000,8192
876039,small_user1,1,READ,0x10001780000,8192
876057,small_user0,0,WRITE,0x17f8000,8192
876208,small_user1,1,READ,0x10001782000,8192
876400,small_user0,0,READ,0x17fa000,8192
876409,small_user1,1,READ,0x10001784000,8192
876673,large_user1,3,READ,0x300024b0000,262144
876753,small_user0,0,READ,0x17fc000,8192
877112,small_user1,1,READ,0x10001786000,16384
877235,small_user1,1,READ,0x1000178a000,8192
877325,small_user0,0,READ,0x17fe000,16384
877341,small_user0,0,READ,0x1802000,8192
877389,small_user0,0,READ,0x1804000,16384
877570,small_user1,1,WRITE,0x1000178c000,16384
878289,small_user1,1,READ,0x10001790000,4096
878335,small_user1,1,READ,0x10001791000,4096
878472,small_user1,1,WRITE,0x10001792000,16384
878619,small_user0,0,WRITE,0x1808000,4096
879085,small_user1,1,READ,0x10001796000,16384
879463,small_user1,1,WRITE,0x1000179a000,16384
879540,small_user1,1,READ,0x1000179e000,4096
879756,small_user1,1,READ,0x1000179f000,4096
879936,small_user0,0,READ,0x1809000,4096
880206,small_user0,0,READ,0x180a000,8192
880210,small_user0,0,READ,0x180c000,4096
880442,small_user1,1,READ,0x100017a0000,4096
880659,small_user0,0,READ,0x180d000,4096
881123,large_user0,2,WRITE,0x20002830000,65536
881386,small_user1,1,READ,0x100017a1000,4096
881389,small_user0,0,READ,0x180e000,8192
881680,small_user0,0,READ,0x1810000,4096
881732,small_user1,1,READ,0x100017a2000,8192
881900,small_user1,1,READ,0x100017a4000,8192
881907,small_user1,1,READ,0x100017a6000,8192
882065,small_user0,0,READ,0x1811000,8192
882078,small_user0,0,READ,0x1813000,16384
882084,small_user1,1,READ,0x100017a8000,4096
882105,small_user1,1,READ,0x100017a9000,8192
882198,small_user1,1,READ,0x100017ab000,4096
882327,small_user1,1,READ,0x100017ac000,4096
882347,small_user1,1,READ,0x100017ad000,16384
882542,small_user1,1,READ,0x100017b1000,4096
882582,small_user0,0,READ,0x1817000,4096
882759,small_user1,1,READ,0x100017b2000,16384
883034,small_user0,0,READ,0x1818000,4096
883378,small_user1,1,READ,0x100017b6000,4096
883601,small_user1,1,WRITE,0x100017b7000,8192
883607,small_user1,1,READ,0x100017b9000,16384
883842,small_user0,0,READ,0x1819000,8192
883874,small_user1,1,READ,0x100017bd000,4096
884003,small_user0,0,READ,0x181b000,16384
884299,small_user0,0,READ,0x181f000,8192
884351,small_user0,0,WRITE,0x1821000,16384
884760,small_user0,0,READ,0x1825000,16384
884798,small_user0,0,WRITE,0x1829000,8192
884853,small_user1,1,WRITE,0x100017be000,4096
884917,small_user1,1,READ,0x100017bf000,8192
885410,small_user1,1,WRITE,0x100017c1000,8192
885440,small_user1,1,WRITE,0x100017c3000,16384
885446,small_user1,1,READ,0x100017c7000,4096
885572,small_user0,0,READ,0x182b000,4096
885578,large_user0,2,READ,0x20002840000,65536
885613,small_user1,1,WRITE,0x100017c8000,4096
885651,small_user0,0,WRITE,0x182c000,16384
885692,small_user1,1,WRITE,0x100017c9000,4096
885781,small_user0,0,WRITE,0x1830000,16384
885907,small_user0,0,WRITE,0x1834000,16384
886043,small_user0,0,READ,0x1838000,8192
886228,small_user1,1,READ,0x100017ca000,4096
886231,small_user1,1,READ,0x100017cb000,4096
886569,small_user1,1,READ,0x100017cc000,16384
886583,small_user0,0,READ,0x183a000,4096
887269,small_user0,0,READ,0x183b000,16384
887415,small_user1,1,READ,0x100017d0000,16384
888166,small_user0,0,READ,0x183f000,8192
888498,small_user0,0,READ,0x1841000,8192
888555,small_user0,0,READ,0x1843000,4096
888564,small_user0,0,READ,0x1844000,4096
888883,small_user1,1,READ,0x100017d4000,4096
888910,small_user0,0,READ,0x1845000,16384
888970,small_user0,0,READ,0x1849000,16384
889014,small_user0,0,READ,0x184d000,4096
889337,small_user0,0,WRITE,0x184e000,8192
889444,small_user0,0,READ,0x1850000,16384
889726,small_user0,0,READ,0x1854000,8192
889837,small_user0,0,READ,0x1856000,4096
890014,small_user1,1,READ,0x100017d5000,4096
890032,large_user0,2,WRITE,0x20002850000,262144
890292,small_user0,0,WRITE,0x1857000,8192
890316,small_user0,0,READ,0x1859000,4096
890345,small_user1,1,READ,0x100017d6000,8192
890534,large_user1,3,READ,0x300024f0000,262144
890580,small_user1,1,READ,0x100017d8000,16384
890639,small_user0,0,WRITE,0x185a000,8192
890767,small_user0,0,READ,0x185c000,8192
891077,small_user0,0,READ,0x185e000,16384
891087,small_user1,1,READ,0x100017dc000,16384
891368,large_user1,3,WRITE,0x30002530000,65536
891495,small_user0,0,READ,0x1862000,4096
891542,small_user1,1,READ,0x100017e0000,4096
891644,small_user1,1,READ,0x100017e1000,4096
891719,small_user0,0,WRITE,0x1863000,4096
891743,large_user1,3,WRITE,0x30002540000,131072
891763,small_user1,1,READ,0x100017e2000,4096
891925,small_user1,1,READ,0x100017e3000,16384
891931,small_user0,0,READ,0x1864000,4096
891964,small_user1,1,WRITE,0x100017e7000,16384
892014,small_user1,1,WRITE,0x100017eb000,16384
892368,small_user0,0,WRITE,0x1865000,16384
892555,large_user0,2,READ,0x20002890000,131072
892774,small_user1,1,READ,0x100017ef000,4096
893083,small_user0,0,WRITE,0x1869000,8192
893136,small_user0,0,WRITE,0x186b000,8192
893307,small_user0,0,READ,0x186d000,4096
893515,large_user0,2,WRITE,0x200028b0000,131072
893743,small_user0,0,WRITE,0x186e000,16384
893792,large_user1,3,READ,0x30002560000,65536
893825,small_user0,0,READ,0x1872000,8192
894135,small_user1,1,READ,0x100017f0000,16384
894148,small_user1,1,WRITE,0x100017f4000,8192
894750,small_user1,1,READ,0x100017f6000,8192
895382,small_user1,1,READ,0x100017f8000,4096
895572,small_user1,1,WRITE,0x100017f9000,4096
895587,small_user0,0,READ,0x1874000,4096
895637,small_user1,1,WRITE,0x100017fa000,8192
895646,small_user0,0,READ,0x1875000,4096
895721,small_user1,1,READ,0x100017fc000,16384
895981,small_user1,1,READ,0x10001800000,16384
896070,small_user1,1,READ,0x10001804000,16384
896336,small_user1,1,READ,0x10001808000,4096
896891,small_user0,0,READ,0x1876000,16384
896925,large_user0,2,WRITE,0x200028d0000,131072
897133,small_user0,0,READ,0x187a000,8192
897478,small_user1,1,WRITE,0x10001809000,4096
897605,small_user1,1,READ,0x1000180a000,4096
897612,small_user0,0,READ,0x187c000,8192
897756,small_user1,1,READ,0x1000180b000,16384
898338,small_user0,0,READ,0x187e000,16384
898350,small_user1,1,READ,0x1000180f000,16384
898564,small_user1,1,READ,0x10001813000,4096
898585,small_user1,1,WRITE,0x10001814000,4096
898602,small_user0,0,READ,0x1882000,4096
898740,large_user0,2,READ,0x200028f0000,262144
898993,small_user1,1,WRITE,0x10001815000,16384
899004,small_user0,0,READ,0x1883000,8192
899162,small_user1,1,WRITE,0x10001819000,8192
899275,small_user1,1,READ,0x1000181b000,4096
899293,large_user1,3,WRITE,0x30002570000,131072
899343,small_user0,0,WRITE,0x1885000,16384
899723,small_user1,1,WRITE,0x1000181c000,4096
899769,small_user1,1,READ,0x1000181d000,4096
900393,small_user0,0,READ,0x1889000,8192
900722,large_user1,3,READ,0x30002590000,131072
900889,small_user1,1,READ,0x1000181e000,4096
900896,small_user0,0,READ,0x188b000,8192
900916,small_user0,0,READ,0x188d000,4096
901071,small_user1,1,READ,0x1000181f000,16384
901361,small_user0,0,READ,0x188e000,8192
901549,small_user1,1,WRITE,0x10001823000,8192
902036,small_user0,0,READ,0x1890000,16384
902136,small_user1,1,READ,0x10001825000,8192
902372,small_user0,0,READ,0x1894000,16384
902487,large_user1,3,READ,0x300025b0000,262144
902524,small_user1,1,READ,0x10001827000,4096
902627,small_user1,1,READ,0x10001828000,8192
902714,small_user0,0,READ,0x1898000,16384
902774,small_user0,0,READ,0x189c000,8192
903025,small_user0,0,READ,0x189e000,8192
903205,small_user1,1,READ,0x1000182a000,8192
903218,small_user0,0,WRITE,0x18a0000,16384
903327,large_user1,3,READ,0x300025f0000,65536
903363,small_user0,0,WRITE,0x18a4000,16384
903363,small_user0,0,WRITE,0x18a8000,16384
903449,small_user0,0,READ,0x18ac000,4096
903452,small_user1,1,WRITE,0x1000182c000,4096
903541,small_user1,1,READ,0x1000182d000,8192
903828,small_user0,0,READ,0x18ad000,16384
904043,large_user1,3,READ,0x30002600000,131072
904057,small_user1,1,READ,0x1000182f000,4096
904083,small_user1,1,READ,0x10001830000,16384
904310,small_user0,0,READ,0x18b1000,16384
904372,small_user0,0,READ,0x18b5000,8192
904398,small_user1,1,READ,0x10001834000,8192
904462,small_user1,1,READ,0x10001836000,4096
904471,small_user1,1,WRITE,0x10001837000,16384
904728,small_user1,1,READ,0x1000183b000,4096
904785,small_user1,1,WRITE,0x1000183c000,16384
905034,small_user1,1,READ,0x10001840000,4096
905293,small_user0,0,READ,0x18b7000,16384
905424,small_user0,0,READ,0x18bb000,4096
905425,small_user1,1,READ,0x10001841000,4096
905580,small_user1,1,READ,0x10001842000,4096
905788,large_user0,2,WRITE,0x20002930000,131072
905946,small_user0,0,WRITE,0x18bc000,16384
906236,small_user1,1,READ,0x10001843000,8192
906241,small_user0,0,READ,0x18c0000,8192
906715,small_user1,1,READ,0x10001845000,16384
907039,small_user0,0,READ,0x18c2000,8192
907251,small_user1,1,READ,0x10001849000,16384
907340,small_user0,0,WRITE,0x18c4000,8192
907656,small_user0,0,READ,0x18c6000,8192
907686,small_user1,1,READ,0x1000184d000,8192
907775,small_user0,0,READ,0x18c8000,4096
907894,small_user1,1,READ,0x1000184f000,16384
908243,small_user0,0,WRITE,0x18c9000,16384
908692,small_user1,1,READ,0x10001853000,4096
908890,small_user0,0,READ,0x18cd000,16384
908933,small_user1,1,READ,0x10001854000,16384
908950,small_user1,1,WRITE,0x10001858000,16384
909668,small_user0,0,READ,0x18d1000,16384
909824,small_user1,1,READ,0x1000185c000,8192
909983,small_user1,1,READ,0x1000185e000,8192
910182,small_user0,0,READ,0x18d5000,8192
910303,small_user0,0,READ,0x18d7000,8192
910801,large_user0,2,WRITE,0x20002950000,65536
910864,small_user0,0,READ,0x18d9000,8192
911155,small_user0,0,READ,0x18db000,8192
911160,small_user1,1,READ,0x10001860000,16384
911453,small_user0,0,READ,0x18dd000,8192
911496,small_user1,1,READ,0x10001864000,16384
911569,small_user1,1,READ,0x10001868000,4096
911812,small_user1,1,READ,0x10001869000,8192
911914,small_user0,0,READ,0x18df000,8192
912009,small_user1,1,READ,0x1000186b000,4096
912257,small_user1,1,READ,0x1000186c000,8192
912462,small_user1,1,READ,0x1000186e000,16384
912521,small_user0,0,READ,0x18e1000,16384
912557,small_user0,0,READ,0x18e5000,4096
912748,small_user0,0,READ,0x18e6000,4096
912853,small_user0,0,WRITE,0x18e7000,4096
913045,small_user0,0,READ,0x18e8000,4096
913053,small_user1,1,READ,0x10001872000,8192
913576,small_user1,1,READ,0x10001874000,8192
913614,small_user0,0,READ,0x18e9000,4096
913792,small_user0,0,WRITE,0x18ea000,8192
914148,small_user0,0,READ,0x18ec000,16384
914286,small_user0,0,WRITE,0x18f0000,4096
914308,small_user0,0,READ,0x18f1000,16384
914415,small_user1,1,READ,0x10001876000,4096
914599,large_user1,3,READ,0x30002620000,65536
914635,small_user1,1,READ,0x10001877000,4096
914927,small_user1,1,READ,0x10001878000,16384
914941,small_user1,1,READ,0x1000187c000,8192
915330,small_user0,0,WRITE,0x18f5000,16384
915659,large_user0,2,READ,0x20002960000,65536
915670,small_user0,0,READ,0x18f9000,16384
915737,small_user0,0,READ,0x18fd000,4096
915752,small_user1,1,WRITE,0x1000187e000,16384
915950,small_user1,1,READ,0x10001882000,4096
915981,large_user1,3,READ,0x30002630000,131072
916069,small_user0,0,READ,0x18fe000,4096
916069,large_user1,3,READ,0x30002650000,65536
916284,small_user1,1,WRITE,0x10001883000,16384
916512,small_user0,0,WRITE,0x18ff000,16384
916613,small_user0,0,READ,0x1903000,8192
916616,small_user0,0,READ,0x1905000,16384
916659,small_user0,0,READ,0x1909000,8192
916750,small_user0,0,READ,0x190b000,4096
916776,small_user1,1,WRITE,0x10001887000,8192
917254,small_user0,0,READ,0x190c000,8192
917308,small_user0,0,WRITE,0x190e000,8192
917327,small_user1,1,WRITE,0x10001889000,8192
917402,small_user0,0,WRITE,0x1910000,8192
917422,small_user1,1,READ,0x1000188b000,16384
917988,small_user0,0,READ,0x1912000,8192
918471,small_user1,1,READ,0x1000188f000,4096
918481,small_user1,1,READ,0x10001890000,4096
918587,small_user1,1,WRITE,0x10001891000,4096
918644,small_user1,1,READ,0x10001892000,16384
918869,small_user1,1,READ,0x10001896000,8192
919110,small_user1,1,WRITE,0x10001898000,16384
919363,small_user1,1,READ,0x1000189c000,4096
919456,small_user1,1,READ,0x1000189d000,8192
920000,small_user0,0,READ,0x1914000,4096
920275,small_user0,0,READ,0x1915000,8192
920454,small_user1,1,WRITE,0x1000189f000,16384
920621,small_user0,0,READ,0x1917000,8192
920660,small_user1,1,READ,0x100018a3000,8192
920863,small_user0,0,READ,0x1919000,8192
920875,small_user1,1,READ,0x100018a5000,8192
920932,small_user0,0,READ,0x191b000,8192
921071,small_user1,1,WRITE,0x100018a7000,16384
921101,small_user0,0,WRITE,0x191d000,8192
921371,small_user0,0,READ,0x191f000,4096
921598,large_user1,3,READ,0x30002660000,262144
922140,small_user1,1,READ,0x100018ab000,8192
922235,small_user1,1,WRITE,0x100018ad000,4096
922320,large_user1,3,READ,0x300026a0000,65536
922350,small_user0,0,READ,0x1920000,4096
922440,small_user0,0,WRITE,0x1921000,8192
922513,small_user0,0,READ,0x1923000,4096
922700,small_user1,1,READ,0x100018ae000,16384
922737,small_user0,0,READ,0x1924000,8192
923139,small_user0,0,READ,0x1926000,16384
923222,large_user0,2,WRITE,0x20002970000,262144
923235,small_user0,0,READ,0x192a000,8192
923345,small_user0,0,READ,0x192c000,16384
923505,small_user1,1,READ,0x100018b2000,4096
923547,small_user0,0,READ,0x1930000,8192
923587,small_user1,1,READ,0x100018b3000,16384
923671,small_user0,0,WRITE,0x1932000,8192
923743,small_user0,0,READ,0x1934000,16384
923945,large_user1,3,READ,0x300026b0000,131072
923965,small_user0,0,WRITE,0x1938000,8192
924192,large_user0,2,READ,0x200029b0000,65536
924271,small_user0,0,READ,0x193a000,8192
924567,small_user1,1,READ,0x100018b7000,8192
924793,small_user0,0,READ,0x193c000,4096
924845,small_user0,0,READ,0x193d000,8192
925043,small_user0,0,READ,0x193f000,4096
925303,small_user0,0,READ,0x1940000,4096
925922,small_user0,0,READ,0x1941000,16384
926005,small_user1,1,READ,0x100018b9000,4096
926115,small_user1,1,WRITE,0x100018ba000,16384
926416,large_user1,3,WRITE,0x300026d0000,131072
926632,small_user0,0,WRITE,0x1945000,16384
926633,small_user0,0,READ,0x1949000,8192
926654,small_user1,1,READ,0x100018be000,8192
927026,small_user1,1,READ,0x100018c0000,16384
927109,small_user0,0,READ,0x194b000,16384
927186,small_user0,0,READ,0x194f000,4096
927315,small_user1,1,READ,0x100018c4000,4096
927508,small_user0,0,READ,0x1950000,16384
927616,small_user1,1,READ,0x100018c5000,16384
927648,small_user1,1,READ,0x100018c9000,16384
927844,small_user0,0,WRITE,0x1954000,16384
928092,small_user0,0,READ,0x1958000,8192
928652,small_user0,0,READ,0x195a000,4096
928666,small_user1,1,READ,0x100018cd000,8192
928757,small_user1,1,READ,0x100018cf000,16384
928810,small_user1,1,READ,0x100018d3000,16384
928852,large_user1,3,WRITE,0x300026f0000,131072
929005,small_user0,0,READ,0x195b000,16384
929251,small_user0,0,WRITE,0x195f000,16384
929608,small_user1,1,READ,0x100018d7000,8192
929692,small_user0,0,WRITE,0x1963000,4096
929996,small_user1,1,READ,0x100018d9000,8192
929997,small_user0,0,WRITE,0x1964000,4096
930207,small_user0,0,READ,0x1965000,4096
930305,small_user1,1,READ,0x100018db000,4096
930331,small_user0,0,READ,0x1966000,4096
930368,small_user0,0,READ,0x1967000,16384
930395,small_user1,1,READ,0x100018dc000,16384
930401,small_user1,1,READ,0x100018e0000,8192
930570,small_user0,0,READ,0x196b000,4096
930850,small_user1,1,READ,0x100018e2000,8192
930958,small_user1,1,WRITE,0x100018e4000,4096
930982,small_user0,0,READ,0x196c000,4096
931109,large_user0,2,READ,0x200029c0000,65536
931110,small_user1,1,READ,0x100018e5000,4096
931334,small_user1,1,WRITE,0x100018e6000,16384
931347,small_user0,0,READ,0x196d000,4096
931479,small_user0,0,WRITE,0x196e000,8192
931580,small_user0,0,READ,0x1970000,8192
931732,small_user0,0,READ,0x1972000,8192
931968,small_user0,0,READ,0x1974000,16384
932139,small_user0,0,READ,0x1978000,4096
932715,small_user0,0,WRITE,0x1979000,4096
932913,small_user1,1,READ,0x100018ea000,4096
932998,small_user1,1,READ,0x100018eb000,4096
933098,small_user0,0,READ,0x197a000,8192
933105,small_user0,0,WRITE,0x197c000,16384
933319,small_user0,0,READ,0x1980000,16384
933569,small_user1,1,READ,0x100018ec000,16384
933604,large_user1,3,READ,0x30002710000,262144
933665,small_user0,0,READ,0x1984000,4096
933690,small_user0,0,READ,0x1985000,8192
934048,small_user1,1,READ,0x100018f0000,4096
934073,small_user0,0,READ,0x1987000,16384
934238,small_user0,0,WRITE,0x198b000,8192
934285,small_user0,0,READ,0x198d000,8192
934326,small_user1,1,READ,0x100018f1000,16384
934784,small_user0,0,READ,0x198f000,4096
934890,large_user0,2,READ,0x200029d0000,131072
934937,large_user0,2,WRITE,0x200029f0000,131072
935055,small_user0,0,READ,0x1990000,8192
935202,small_user0,0,READ,0x1992000,16384
935269,small_user0,0,READ,0x1996000,4096
935416,small_user1,1,READ,0x100018f5000,16384
935422,small_user0,0,READ,0x1997000,16384
935524,small_user0,0,READ,0x199b000,8192
935576,small_user0,0,READ,0x199d000,8192
935770,small_user1,1,WRITE,0x100018f9000,8192
935770,small_user1,1,WRITE,0x100018fb000,4096
935811,small_user1,1,READ,0x100018fc000,8192
936296,small_user0,0,WRITE,0x199f000,4096
936334,small_user1,1,READ,0x100018fe000,4096
936742,small_user0,0,READ,0x19a0000,16384
937056,small_user0,0,READ,0x19a4000,8192
937113,small_user1,1,WRITE,0x100018ff000,4096
937176,small_user0,0,READ,0x19a6000,4096
937369,small_user1,1,READ,0x10001900000,4096
937454,small_user1,1,READ,0x10001901000,16384
937736,small_user0,0,WRITE,0x19a7000,16384
937779,small_user1,1,WRITE,0x10001905000,4096
937805,small_user0,0,WRITE,0x19ab000,16384
937808,small_user1,1,READ,0x10001906000,8192
938028,small_user0,0,WRITE,0x19af000,4096
938142,small_user1,1,READ,0x10001908000,16384
938151,large_user1,3,WRITE,0x30002750000,65536
938167,small_user1,1,READ,0x1000190c000,4096
938405,small_user0,0,WRITE,0x19b0000,8192
938421,small_user0,0,READ,0x19b2000,4096
938520,small_user1,1,WRITE,0x1000190d000,4096
938576,small_user1,1,READ,0x1000190e000,8192
938655,small_user0,0,READ,0x19b3000,16384
938862,small_user0,0,READ,0x19b7000,4096
939013,small_user1,1,READ,0x10001910000,16384
939265,small_user1,1,READ,0x10001914000,16384
939365,small_user1,1,WRITE,0x10001918000,16384
939400,small_user1,1,WRITE,0x1000191c000,4096
939517,small_user1,1,WRITE,0x1000191d000,4096
939659,small_user0,0,READ,0x19b8000,4096
939729,small_user1,1,READ,0x1000191e000,8192
939868,small_user1,1,READ,0x10001920000,4096
939973,small_user0,0,WRITE,0x19b9000,4096
939981,small_user1,1,WRITE,0x10001921000,16384
940020,small_user0,0,READ,0x19ba000,8192
940184,small_user1,1,WRITE,0x10001925000,16384
940408,small_user0,0,READ,0x19bc000,4096
940827,small_user1,1,READ,0x10001929000,16384
941203,small_user0,0,READ,0x19bd000,16384
941534,small_user1,1,READ,0x1000192d000,16384
941660,small_user1,1,READ,0x10001931000,8192
941801,small_user1,1,READ,0x10001933000,4096
941997,small_user0,0,READ,0x19c1000,8192
942303,small_user0,0,READ,0x19c3000,8192
942568,small_user1,1,WRITE,0x10001934000,8192
942689,small_user0,0,READ,0x19c5000,8192
942874,small_user1,1,READ,0x10001936000,4096
942938,small_user1,1,READ,0x10001937000,8192
943120,large_user1,3,READ,0x30002760000,262144
943441,small_user1,1,READ,0x10001939000,8192
943571,small_user0,0,READ,0x19c7000,4096
943763,small_user1,1,READ,0x1000193b000,4096
943886,small_user1,1,READ,0x1000193c000,8192
944096,small_user0,0,READ,0x19c8000,16384
944402,small_user0,0,READ,0x19cc000,8192
944572,small_user0,0,READ,0x19ce000,16384
944654,small_user1,1,READ,0x1000193e000,16384
944727,small_user0,0,READ,0x19d2000,16384
944940,small_user0,0,WRITE,0x19d6000,8192
945121,small_user1,1,READ,0x10001942000,8192
945249,small_user1,1,READ,0x10001944000,16384
945529,small_user1,1,READ,0x10001948000,8192
945545,small_user1,1,WRITE,0x1000194a000,16384
945586,large_user0,2,READ,0x20002a10000,65536
945609,small_user0,0,READ,0x19d8000,16384
945634,small_user1,1,READ,0x1000194e000,4096
946011,small_user0,0,READ,0x19dc000,4096
946011,large_user0,2,READ,0x20002a20000,131072
946216,small_user1,1,READ,0x1000194f000,8192
946260,small_user0,0,WRITE,0x19dd000,4096
946307,small_user0,0,READ,0x19de000,16384
946663,small_user0,0,READ,0x19e2000,4096
946683,small_user0,0,READ,0x19e3000,8192
946964,small_user0,0,READ,0x19e5000,4096
947353,large_user1,3,READ,0x300027a0000,131072
947477,small_user1,1,READ,0x10001951000,4096
947515,small_user1,1,READ,0x10001952000,4096
947530,small_user0,0,READ,0x19e6000,16384
947696,small_user1,1,READ,0x10001953000,8192
948362,small_user1,1,READ,0x10001955000,16384
948537,small_user0,0,WRITE,0x19ea000,8192
948565,small_user0,0,WRITE,0x19ec000,16384
948810,large_user1,3,READ,0x300027c0000,65536
948843,small_user1,1,WRITE,0x10001959000,4096
949129,small_user0,0,WRITE,0x19f0000,8192
949224,small_user0,0,READ,0x19f2000,16384
949369,small_user0,0,WRITE,0x19f6000,16384
949394,small_user1,1,READ,0x1000195a000,16384
949444,small_user0,0,WRITE,0x19fa000,8192
949836,small_user0,0,WRITE,0x19fc000,4096
950023,small_user1,1,READ,0x1000195e000,8192
950265,small_user0,0,READ,0x19fd000,4096
950277,small_user0,0,READ,0x19fe000,16384
950951,small_user1,1,READ,0x10001960000,4096
951142,small_user1,1,WRITE,0x10001961000,16384
951267,small_user0,0,WRITE,0x1a02000,4096
951276,small_user0,0,READ,0x1a03000,16384
951316,small_user1,1,READ,0x10001965000,16384
951481,large_user1,3,WRITE,0x300027d0000,262144
951521,small_user1,1,READ,0x10001969000,4096
952101,small_user0,0,READ,0x1a07000,16384
952117,small_user0,0,WRITE,0x1a0b000,4096
952151,small_user0,0,WRITE,0x1a0c000,16384
952268,small_user1,1,READ,0x1000196a000,16384
952651,small_user1,1,WRITE,0x1000196e000,4096
952743,small_user1,1,READ,0x1000196f000,8192
952822,small_user1,1,READ,0x10001971000,4096
953099,small_user0,0,READ,0x1a10000,8192
953119,small_user0,0,WRITE,0x1a12000,8192
953144,small_user1,1,WRITE,0x10001972000,4096
953173,small_user0,0,WRITE,0x1a14000,8192
953260,small_user0,0,WRITE,0x1a16000,8192
953275,large_user0,2,READ,0x20002a40000,262144
953501,small_user0,0,READ,0x1a18000,4096
953592,small_user0,0,READ,0x1a19000,8192
953836,small_user0,0,READ,0x1a1b000,8192
954205,small_user1,1,READ,0x10001973000,8192
954420,small_user1,1,READ,0x10001975000,8192
954566,small_user0,0,READ,0x1a1d000,8192
954632,small_user1,1,READ,0x10001977000,4096
954684,small_user1,1,WRITE,0x10001978000,4096
954706,small_user0,0,READ,0x1a1f000,16384
954766,small_user0,0,READ,0x1a23000,16384
954778,small_user1,1,READ,0x10001979000,4096
955011,small_user0,0,WRITE,0x1a27000,4096
955022,small_user0,0,WRITE,0x1a28000,4096
955022,small_user0,0,READ,0x1a29000,4096
955594,small_user1,1,READ,0x1000197a000,16384
955767,small_user1,1,READ,0x1000197e000,16384
955787,small_user1,1,READ,0x10001982000,16384
955846,small_user0,0,WRITE,0x1a2a000,4096
955907,small_user1,1,READ,0x10001986000,16384
956207,large_user1,3,READ,0x30002810000,65536
956266,large_user1,3,WRITE,0x30002820000,65536
956471,small_user1,1,READ,0x1000198a000,16384
956581,small_user0,0,WRITE,0x1a2b000,16384
956795,small_user0,0,WRITE,0x1a2f000,16384
956852,large_user1,3,READ,0x30002830000,262144
956877,small_user1,1,READ,0x1000198e000,16384
956897,large_user0,2,READ,0x20002a80000,262144
957153,small_user1,1,READ,0x10001992000,16384
957168,large_user0,2,WRITE,0x20002ac0000,131072
957369,small_user1,1,READ,0x10001996000,4096
957425,small_user1,1,WRITE,0x10001997000,4096
957481,small_user0,0,READ,0x1a33000,8192
957645,small_user1,1,READ,0x10001998000,8192
957657,small_user1,1,WRITE,0x1000199a000,8192
957665,small_user0,0,WRITE,0x1a35000,4096
957848,small_user0,0,READ,0x1a36000,4096
957974,small_user0,0,WRITE,0x1a37000,8192
958145,small_user0,0,READ,0x1a39000,4096
958266,large_user1,3,READ,0x30002870000,65536
958282,small_user1,1,WRITE,0x1000199c000,8192
958783,small_user0,0,READ,0x1a3a000,8192
958837,small_user0,0,WRITE,0x1a3c000,4096
958871,large_user0,2,WRITE,0x20002ae0000,65536
958953,small_user0,0,WRITE,0x1a3d000,8192
959188,small_user0,0,WRITE,0x1a3f000,4096
959230,small_user0,0,READ,0x1a40000,16384
959239,small_user1,1,READ,0x1000199e000,4096
959370,small_user1,1,WRITE,0x1000199f000,4096
959422,small_user0,0,WRITE,0x1a44000,16384
959477,small_user0,0,READ,0x1a48000,16384
959494,small_user0,0,READ,0x1a4c000,16384
959512,small_user1,1,READ,0x100019a0000,8192
959781,small_user0,0,READ,0x1a50000,8192
959817,small_user1,1,WRITE,0x100019a2000,4096
959926,small_user1,1,WRITE,0x100019a3000,8192
960194,small_user1,1,READ,0x100019a5000,16384
960267,small_user0,0,READ,0x1a52000,8192
960282,small_user0,0,WRITE,0x1a54000,16384
960396,small_user0,0,READ,0x1a58000,8192
960462,small_user1,1,READ,0x100019a9000,8192
960673,small_user0,0,WRITE,0x1a5a000,4096
960711,small_user1,1,WRITE,0x100019ab000,16384
961246,small_user1,1,READ,0x100019af000,8192
961487,small_user1,1,WRITE,0x100019b1000,4096
961505,small_user0,0,READ,0x1a5b000,4096
961844,small_user0,0,READ,0x1a5c000,8192
961909,small_user0,0,READ,0x1a5e000,4096
962319,small_user1,1,WRITE,0x100019b2000,16384
962540,small_user1,1,READ,0x100019b6000,16384
962633,small_user0,0,READ,0x1a5f000,16384
962683,small_user0,0,WRITE,0x1a63000,8192
963012,large_user0,2,READ,0x20002af0000,262144
963098,small_user1,1,WRITE,0x100019ba000,8192
963338,small_user0,0,WRITE,0x1a65000,4096
963338,small_user1,1,READ,0x100019bc000,4096
963427,small_user1,1,READ,0x100019bd000,4096
963438,large_user1,3,WRITE,0x30002880000,262144
963500,small_user1,1,READ,0x100019be000,4096
963687,small_user0,0,READ,0x1a66000,16384
963786,small_user1,1,READ,0x100019bf000,16384
963901,large_user0,2,READ,0x20002b30000,65536
964247,small_user1,1,READ,0x100019c3000,8192
964279,small_user1,1,READ,0x100019c5000,4096
964570,small_user1,1,WRITE,0x100019c6000,16384
964639,small_user0,0,WRITE,0x1a6a000,4096
964927,small_user1,1,READ,0x100019ca000,16384
965017,small_user0,0,WRITE,0x1a6b000,8192
965229,large_user0,2,READ,0x20002b40000,131072
965326,small_user1,1,READ,0x100019ce000,4096
965409,small_user0,0,READ,0x1a6d000,4096
965519,small_user1,1,WRITE,0x100019cf000,16384
965755,large_user0,2,READ,0x20002b60000,65536
965867,small_user0,0,READ,0x1a6e000,16384
965973,small_user1,1,READ,0x100019d3000,8192
966385,small_user1,1,READ,0x100019d5000,16384
966807,small_user1,1,READ,0x100019d9000,4096
966832,small_user1,1,READ,0x100019da000,16384
966845,small_user1,1,READ,0x100019de000,8192
966959,small_user1,1,WRITE,0x100019e0000,16384
967652,small_user0,0,READ,0x1a72000,4096
968172,small_user0,0,READ,0x1a73000,8192
968208,small_user0,0,READ,0x1a75000,16384
968339,small_user0,0,READ,0x1a79000,16384
968635,small_user0,0,READ,0x1a7d000,4096
969088,large_user0,2,WRITE,0x20002b70000,262144
969135,small_user0,0,READ,0x1a7e000,4096
969166,large_user0,2,WRITE,0x20002bb0000,65536
969238,small_user0,0,WRITE,0x1a7f000,4096
969301,small_user0,0,READ,0x1a80000,4096
970002,large_user1,3,READ,0x300028c0000,262144
970020,small_user1,1,WRITE,0x100019e4000,16384
970270,small_user0,0,READ,0x1a81000,16384
970302,small_user0,0,READ,0x1a85000,4096
970304,small_user1,1,READ,0x100019e8000,8192
970312,small_user1,1,WRITE,0x100019ea000,8192
970419,small_user1,1,READ,0x100019ec000,8192
970549,large_user0,2,WRITE,0x20002bc0000,262144
970558,small_user0,0,WRITE,0x1a86000,16384
970684,small_user0,0,READ,0x1a8a000,16384
970730,small_user1,1,READ,0x100019ee000,4096
971377,small_user1,1,READ,0x100019ef000,16384
971536,small_user1,1,READ,0x100019f3000,16384
971581,small_user0,0,READ,0x1a8e000,8192
971663,small_user0,0,WRITE,0x1a90000,4096
971813,small_user1,1,READ,0x100019f7000,4096
971815,small_user1,1,READ,0x100019f8000,4096
971823,small_user1,1,WRITE,0x100019f9000,8192
972044,small_user0,0,READ,0x1a91000,16384
972183,small_user0,0,READ,0x1a95000,4096
972423,large_user0,2,WRITE,0x20002c00000,262144
972484,small_user0,0,READ,0x1a96000,8192
972558,small_user1,1,READ,0x100019fb000,4096
973202,small_user0,0,WRITE,0x1a98000,4096
973223,small_user0,0,WRITE,0x1a99000,4096
973557,small_user0,0,WRITE,0x1a9a000,4096
973664,small_user1,1,READ,0x100019fc000,16384
973880,small_user1,1,READ,0x10001a00000,16384
974069,small_user0,0,READ,0x1a9b000,4096
974094,small_user1,1,READ,0x10001a04000,4096
974323,small_user1,1,READ,0x10001a05000,4096
974431,small_user0,0,READ,0x1a9c000,16384
974558,small_user0,0,WRITE,0x1aa0000,4096
975013,small_user0,0,WRITE,0x1aa1000,16384
975058,large_user0,2,READ,0x20002c40000,65536
975078,small_user0,0,READ,0x1aa5000,16384
975306,small_user0,0,WRITE,0x1aa9000,16384
975318,small_user0,0,READ,0x1aad000,16384
975787,small_user0,0,READ,0x1ab1000,16384
975795,small_user0,0,READ,0x1ab5000,4096
975945,small_user1,1,READ,0x10001a06000,8192
976011,small_user1,1,READ,0x10001a08000,16384
976334,small_user0,0,READ,0x1ab6000,4096
976458,small_user1,1,READ,0x10001a0c000,8192
976636,small_user1,1,READ,0x10001a0e000,16384
976638,small_user0,0,READ,0x1ab7000,4096
977046,small_user0,0,READ,0x1ab8000,4096
977108,small_user1,1,READ,0x10001a12000,16384
977206,large_user1,3,WRITE,0x30002900000,131072
977266,small_user1,1,READ,0x10001a16000,16384
977271,small_user0,0,READ,0x1ab9000,8192
977297,small_user0,0,READ,0x1abb000,4096
977433,small_user1,1,WRITE,0x10001a1a000,8192
977636,small_user1,1,WRITE,0x10001a1c000,16384
977840,small_user0,0,READ,0x1abc000,16384
977899,small_user1,1,READ,0x10001a20000,4096
977948,small_user1,1,READ,0x10001a21000,8192
978334,small_user0,0,READ,0x1ac0000,8192
978347,small_user0,0,READ,0x1ac2000,4096
978357,small_user0,0,WRITE,0x1ac3000,8192
978661,small_user0,0,READ,0x1ac5000,4096
978677,small_user1,1,READ,0x10001a23000,16384
978880,small_user1,1,READ,0x10001a27000,8192
978950,small_user0,0,READ,0x1ac6000,8192
979128,small_user0,0,READ,0x1ac8000,4096
979173,small_user1,1,READ,0x10001a29000,4096
979195,small_user1,1,READ,0x10001a2a000,4096
979207,large_user0,2,WRITE,0x20002c50000,131072
979472,small_user0,0,READ,0x1ac9000,4096
980080,small_user1,1,READ,0x10001a2b000,16384
980323,small_user0,0,READ,0x1aca000,16384
980412,small_user0,0,READ,0x1ace000,8192
980479,small_user1,1,READ,0x10001a2f000,16384
980696,small_user0,0,READ,0x1ad0000,16384
980774,small_user1,1,READ,0x10001a33000,16384
981104,small_user1,1,READ,0x10001a37000,4096
981252,small_user0,0,READ,0x1ad4000,4096
981498,small_user0,0,READ,0x1ad5000,8192
981540,small_user0,0,READ,0x1ad7000,4096
981829,small_user1,1,WRITE,0x10001a38000,16384
982182,small_user1,1,READ,0x10001a3c000,4096
982444,small_user1,1,READ,0x10001a3d000,16384
982487,small_user1,1,READ,0x10001a41000,4096
982682,small_user1,1,READ,0x10001a42000,4096
982748,small_user1,1,READ,0x10001a43000,16384
982876,small_user0,0,READ,0x1ad8000,16384
983305,small_user1,1,READ,0x10001a47000,4096
983369,small_user0,0,READ,0x1adc000,16384
983430,small_user0,0,READ,0x1ae0000,8192
983478,small_user0,0,WRITE,0x1ae2000,4096
983574,large_user0,2,WRITE,0x20002c70000,131072
983620,small_user1,1,READ,0x10001a48000,8192
983744,large_user1,3,WRITE,0x30002920000,131072
983766,small_user1,1,READ,0x10001a4a000,8192
983780,small_user1,1,WRITE,0x10001a4c000,16384
983845,small_user1,1,READ,0x10001a50000,16384
984133,small_user1,1,READ,0x10001a54000,8192
984142,small_user1,1,READ,0x10001a56000,16384
984222,small_user0,0,READ,0x1ae3000,16384
984311,small_user1,1,READ,0x10001a5a000,4096
984880,small_user0,0,WRITE,0x1ae7000,4096
984956,small_user1,1,READ,0x10001a5b000,8192
985345,small_user0,0,READ,0x1ae8000,16384
985566,small_user0,0,READ,0x1aec000,16384
985575,small_user1,1,WRITE,0x10001a5d000,8192
985983,small_user0,0,READ,0x1af0000,8192
986010,small_user0,0,READ,0x1af2000,4096
986010,small_user1,1,WRITE,0x10001a5f000,8192
986125,small_user1,1,READ,0x10001a61000,16384
986214,small_user1,1,WRITE,0x10001a65000,16384
986299,small_user1,1,READ,0x10001a69000,4096
986487,small_user0,0,READ,0x1af3000,16384
986536,large_user0,2,READ,0x20002c90000,65536
986671,small_user0,0,READ,0x1af7000,4096
986701,small_user0,0,READ,0x1af8000,16384
986706,small_user0,0,READ,0x1afc000,8192
986773,small_user1,1,READ,0x10001a6a000,4096
986988,small_user1,1,READ,0x10001a6b000,4096
987021,small_user1,1,READ,0x10001a6c000,8192
987068,small_user1,1,READ,0x10001a6e000,8192
987181,small_user1,1,READ,0x10001a70000,4096
987415,small_user0,0,WRITE,0x1afe000,16384
987601,small_user0,0,READ,0x1b02000,8192
987698,large_user0,2,READ,0x20002ca0000,131072
987810,small_user0,0,READ,0x1b04000,16384
987842,large_user1,3,WRITE,0x30002940000,65536
988129,small_user1,1,READ,0x10001a71000,16384
988391,small_user1,1,READ,0x10001a75000,16384
988760,small_user0,0,WRITE,0x1b08000,8192
988913,small_user0,0,READ,0x1b0a000,4096
989020,large_user1,3,WRITE,0x30002950000,65536
989308,small_user0,0,READ,0x1b0b000,8192
989365,small_user1,1,READ,0x10001a79000,4096
989616,small_user1,1,READ,0x10001a7a000,16384
989789,small_user0,0,WRITE,0x1b0d000,4096
990195,small_user1,1,READ,0x10001a7e000,16384
990220,small_user0,0,READ,0x1b0e000,8192
990241,small_user1,1,WRITE,0x10001a82000,8192
990266,small_user0,0,READ,0x1b10000,16384
990443,small_user0,0,READ,0x1b14000,8192
990558,small_user1,1,READ,0x10001a84000,4096
990735,small_user1,1,READ,0x10001a85000,16384
990735,small_user1,1,WRITE,0x10001a89000,8192
990825,small_user1,1,READ,0x10001a8b000,4096
990831,small_user1,1,READ,0x10001a8c000,16384
990887,small_user0,0,READ,0x1b16000,16384
990944,small_user1,1,READ,0x10001a90000,4096
990968,small_user0,0,WRITE,0x1b1a000,16384
991615,small_user0,0,READ,0x1b1e000,8192
992049,small_user1,1,READ,0x10001a91000,16384
992173,small_user0,0,READ,0x1b20000,8192
992257,small_user0,0,READ,0x1b22000,16384
992305,large_user0,2,READ,0x20002cc0000,131072
992306,large_user0,2,WRITE,0x20002ce0000,65536
993114,small_user1,1,WRITE,0x10001a95000,8192
993272,small_user1,1,READ,0x10001a97000,16384
993304,small_user0,0,WRITE,0x1b26000,16384
993720,large_user0,2,READ,0x20002cf0000,131072
993722,small_user0,0,READ,0x1b2a000,16384
993750,small_user1,1,READ,0x10001a9b000,8192
993769,small_user1,1,READ,0x10001a9d000,8192
994042,small_user0,0,READ,0x1b2e000,8192
994093,small_user1,1,READ,0x10001a9f000,16384
994289,small_user1,1,READ,0x10001aa3000,4096
994343,small_user0,0,READ,0x1b30000,4096
994524,small_user0,0,READ,0x1b31000,4096
994848,small_user1,1,WRITE,0x10001aa4000,16384
994877,small_user1,1,READ,0x10001aa8000,16384
994929,small_user1,1,READ,0x10001aac000,8192
995028,small_user1,1,WRITE,0x10001aae000,16384
995180,small_user0,0,READ,0x1b32000,8192
995313,small_user0,0,READ,0x1b34000,8192
995433,small_user1,1,READ,0x10001ab2000,16384
995529,small_user1,1,READ,0x10001ab6000,4096
995804,small_user0,0,READ,0x1b36000,8192
995849,small_user1,1,READ,0x10001ab7000,4096
995968,small_user1,1,READ,0x10001ab8000,8192
996161,small_user1,1,READ,0x10001aba000,4096
996631,small_user0,0,WRITE,0x1b38000,8192
996777,small_user1,1,READ,0x10001abb000,8192
997429,small_user1,1,WRITE,0x10001abd000,8192
997555,large_user1,3,WRITE,0x30002960000,131072
997562,small_user0,0,READ,0x1b3a000,16384
997772,small_user1,1,READ,0x10001abf000,8192
997802,small_user1,1,WRITE,0x10001ac1000,16384
997902,small_user0,0,READ,0x1b3e000,16384
998067,small_user1,1,READ,0x10001ac5000,16384
998342,small_user1,1,READ,0x10001ac9000,4096
998496,small_user1,1,READ,0x10001aca000,4096
998554,small_user1,1,READ,0x10001acb000,4096
998580,small_user0,0,READ,0x1b42000,16384
998720,small_user1,1,READ,0x10001acc000,4096
998802,small_user1,1,READ,0x10001acd000,4096
998897,small_user1,1,READ,0x10001ace000,8192
999390,small_user0,0,WRITE,0x1b46000,8192
999422,small_user1,1,READ,0x10001ad0000,4096
999424,small_user1,1,WRITE,0x10001ad1000,4096
999611,small_user0,0,READ,0x1b48000,16384
999923,small_user1,1,READ,0x10001ad2000,16384
1000324,large_user0,2,WRITE,0x20002d10000,131072
1000515,small_user0,0,READ,0x1b4c000,8192
1000580,small_user1,1,READ,0x10001ad6000,8192
1000610,small_user0,0,READ,0x1b4e000,16384
1000666,small_user0,0,READ,0x1b52000,8192
1000797,small_user1,1,WRITE,0x10001ad8000,16384
1000892,small_user1,1,READ,0x10001adc000,8192
1001075,small_user0,0,READ,0x1b54000,4096
1001202,small_user1,1,WRITE,0x10001ade000,8192
1001385,small_user0,0,READ,0x1b55000,4096
1001560,small_user1,1,READ,0x10001ae0000,16384
1001683,large_user0,2,READ,0x20002d30000,65536
1001711,small_user0,0,READ,0x1b56000,16384
1001752,large_user0,2,WRITE,0x20002d40000,131072
1001805,large_user1,3,READ,0x30002980000,262144
1001957,large_user0,2,WRITE,0x20002d60000,131072
1001994,small_user1,1,WRITE,0x10001ae4000,8192
1002308,small_user0,0,READ,0x1b5a000,8192
1002312,small_user0,0,READ,0x1b5c000,16384
1002400,large_user1,3,WRITE,0x300029c0000,131072
1002519,small_user1,1,READ,0x10001ae6000,4096
1002712,small_user0,0,READ,0x1b60000,16384
1002815,small_user1,1,READ,0x10001ae7000,16384
1002846,small_user1,1,READ,0x10001aeb000,8192
1002860,small_user0,0,READ,0x1b64000,4096
1003054,small_user0,0,READ,0x1b65000,4096
1003781,small_user0,0,READ,0x1b66000,4096
1003872,small_user0,0,READ,0x1b67000,8192
1004024,small_user1,1,READ,0x10001aed000,16384
1004088,small_user0,0,READ,0x1b69000,4096
1004090,small_user1,1,READ,0x10001af1000,16384
1004251,small_user1,1,READ,0x10001af5000,4096
1004290,small_user1,1,WRITE,0x10001af6000,16384
1004469,small_user0,0,READ,0x1b6a000,4096
1004478,small_user1,1,READ,0x10001afa000,8192
1004746,small_user0,0,READ,0x1b6b000,16384
1004963,small_user0,0,WRITE,0x1b6f000,16384
1004978,small_user0,0,READ,0x1b73000,8192
1005179,small_user0,0,WRITE,0x1b75000,8192
1005212,large_user1,3,READ,0x300029e0000,131072
1005309,small_user0,0,READ,0x1b77000,8192
1005405,small_user1,1,WRITE,0x10001afc000,4096
1005484,large_user0,2,READ,0x20002d80000,262144
1005808,small_user0,0,READ,0x1b79000,16384
1005854,small_user1,1,READ,0x10001afd000,4096
1005871,small_user0,0,READ,0x1b7d000,8192
1005956,small_user1,1,READ,0x10001afe000,8192
1006058,small_user0,0,WRITE,0x1b7f000,4096
1006333,large_user1,3,READ,0x30002a00000,262144
1006363,small_user1,1,READ,0x10001b00000,4096
1006715,small_user1,1,READ,0x10001b01000,8192
1006723,small_user0,0,WRITE,0x1b80000,16384
1006810,small_user0,0,READ,0x1b84000,8192
1007103,small_user1,1,READ,0x10001b03000,16384
1007135,small_user1,1,WRITE,0x10001b07000,16384
1007179,small_user1,1,READ,0x10001b0b000,8192
1007569,small_user1,1,READ,0x10001b0d000,4096
1007644,small_user1,1,WRITE,0x10001b0e000,4096
1007750,small_user0,0,READ,0x1b86000,8192
1007850,small_user1,1,READ,0x10001b0f000,4096
1008053,small_user0,0,READ,0x1b88000,16384
1008130,large_user0,2,READ,0x20002dc0000,262144
1008304,small_user1,1,WRITE,0x10001b10000,4096
1008396,small_user0,0,READ,0x1b8c000,4096
1008424,small_user1,1,READ,0x10001b11000,16384
1008777,small_user0,0,READ,0x1b8d000,4096
1008800,small_user0,0,READ,0x1b8e000,16384
1008896,small_user1,1,WRITE,0x10001b15000,8192
1008903,small_user1,1,READ,0x10001b17000,4096
1009816,small_user0,0,READ,0x1b92000,4096
1009953,small_user0,0,READ,0x1b93000,8192
1010049,small_user1,1,READ,0x10001b18000,4096
1010095,small_user1,1,READ,0x10001b19000,8192
1010292,small_user1,1,WRITE,0x10001b1b000,4096
1010351,small_user1,1,READ,0x10001b1c000,8192
1010403,small_user0,0,READ,0x1b95000,4096
1010562,small_user1,1,READ,0x10001b1e000,16384
1010699,small_user1,1,READ,0x10001b22000,4096
1010972,small_user1,1,READ,0x10001b23000,16384
1011118,small_user0,0,READ,0x1b96000,8192
1011261,small_user1,1,READ,0x10001b27000,4096
1011367,small_user0,0,READ,0x1b98000,4096
1011423,small_user0,0,READ,0x1b99000,16384
1011694,large_user1,3,READ,0x30002a40000,65536
1011873,small_user1,1,READ,0x10001b28000,16384
1012021,small_user1,1,READ,0x10001b2c000,4096
1012076,small_user1,1,READ,0x10001b2d000,4096
1012618,large_user0,2,WRITE,0x20002e00000,262144
1012873,small_user0,0,WRITE,0x1b9d000,4096
1012884,small_user0,0,READ,0x1b9e000,4096
1012935,small_user1,1,WRITE,0x10001b2e000,16384
1013452,small_user0,0,READ,0x1b9f000,16384
1013807,small_user1,1,READ,0x10001b32000,8192
1013869,small_user0,0,WRITE,0x1ba3000,16384
1014063,large_user1,3,WRITE,0x30002a50000,262144
1014236,large_user1,3,READ,0x30002a90000,262144
1014269,small_user1,1,READ,0x10001b34000,8192
1014277,small_user0,0,WRITE,0x1ba7000,16384
1014425,small_user1,1,READ,0x10001b36000,8192
1014445,small_user1,1,READ,0x10001b38000,16384
1014669,small_user1,1,WRITE,0x10001b3c000,16384
1014851,small_user1,1,WRITE,0x10001b40000,16384
1014965,small_user1,1,READ,0x10001b44000,16384
1014973,small_user0,0,READ,0x1bab000,8192
1015000,small_user0,0,READ,0x1bad000,8192
1015160,small_user0,0,READ,0x1baf000,16384
1015415,small_user0,0,READ,0x1bb3000,16384
1015611,small_user0,0,READ,0x1bb7000,8192
1015891,small_user1,1,WRITE,0x10001b48000,8192
1015894,small_user1,1,READ,0x10001b4a000,8192
1016423,small_user0,0,READ,0x1bb9000,16384
1016731,small_user1,1,WRITE,0x10001b4c000,16384
1016782,small_user1,1,READ,0x10001b50000,8192
1016820,small_user1,1,READ,0x10001b52000,16384
1017434,small_user0,0,READ,0x1bbd000,8192
1017464,small_user1,1,READ,0x10001b56000,8192
1017829,small_user0,0,READ,0x1bbf000,8192
1017875,small_user1,1,WRITE,0x10001b58000,8192
1018179,small_user1,1,READ,0x10001b5a000,4096
1018339,small_user0,0,READ,0x1bc1000,16384
1018350,small_user0,0,READ,0x1bc5000,16384
1018353,small_user1,1,READ,0x10001b5b000,16384
1018399,small_user1,1,READ,0x10001b5f000,8192
1018663,small_user0,0,READ,0x1bc9000,4096
1019292,small_user1,1,READ,0x10001b61000,8192
1019312,small_user1,1,READ,0x10001b63000,8192
1019535,small_user0,0,WRITE,0x1bca000,16384
1019591,small_user0,0,READ,0x1bce000,8192
1019593,small_user1,1,WRITE,0x10001b65000,16384
1019664,small_user1,1,READ,0x10001b69000,8192
1019736,small_user1,1,WRITE,0x10001b6b000,16384
1019870,small_user0,0,READ,0x1bd0000,4096
1019930,small_user0,0,READ,0x1bd1000,8192
1020102,small_user0,0,READ,0x1bd3000,16384
1020157,small_user0,0,READ,0x1bd7000,16384
1020478,small_user1,1,WRITE,0x10001b6f000,16384
1020567,small_user1,1,READ,0x10001b73000,4096
1020592,small_user1,1,READ,0x10001b74000,4096
1020626,small_user0,0,READ,0x1bdb000,8192
1020665,small_user0,0,READ,0x1bdd000,8192
1020918,small_user0,0,READ,0x1bdf000,8192
1021402,small_user0,0,WRITE,0x1be1000,16384
1022009,small_user0,0,READ,0x1be5000,8192
1022141,small_user1,1,READ,0x10001b75000,16384
1022274,small_user1,1,READ,0x10001b79000,8192
1022680,small_user1,1,WRITE,0x10001b7b000,16384
1022910,small_user0,0,READ,0x1be7000,4096
1022992,small_user0,0,READ,0x1be8000,8192
1023016,small_user1,1,READ,0x10001b7f000,4096
1023055,large_user0,2,READ,0x20002e40000,65536
1023175,small_user1,1,READ,0x10001b80000,16384
1023248,small_user1,1,READ,0x10001b84000,16384
1023261,small_user1,1,READ,0x10001b88000,4096
1023455,small_user0,0,READ,0x1bea000,8192
1023580,small_user0,0,READ,0x1bec000,16384
1023988,small_user1,1,WRITE,0x10001b89000,16384
1024163,small_user1,1,READ,0x10001b8d000,4096
1024404,small_user0,0,WRITE,0x1bf0000,4096
1024613,small_user0,0,READ,0x1bf1000,8192
1024788,small_user1,1,READ,0x10001b8e000,16384
1025014,small_user1,1,WRITE,0x10001b92000,4096
1025015,small_user0,0,READ,0x1bf3000,8192
1025192,small_user0,0,READ,0x1bf5000,16384
1025537,small_user0,0,READ,0x1bf9000,4096
1025667,large_user0,2,READ,0x20002e50000,65536
1025674,small_user1,1,WRITE,0x10001b93000,8192
1025900,small_user0,0,READ,0x1bfa000,8192
1026144,small_user1,1,WRITE,0x10001b95000,4096
1026178,small_user1,1,READ,0x10001b96000,4096
1026303,small_user0,0,READ,0x1bfc000,8192
1026412,small_user1,1,WRITE,0x10001b97000,4096
1026724,small_user1,1,READ,0x10001b98000,16384
1026928,small_user0,0,READ,0x1bfe000,8192
1026988,small_user0,0,READ,0x1c00000,16384
1027554,small_user0,0,READ,0x1c04000,16384
1027583,small_user0,0,WRITE,0x1c08000,8192
1027628,small_user1,1,READ,0x10001b9c000,4096
1027648,small_user1,1,READ,0x10001b9d000,16384
1027691,small_user0,0,READ,0x1c0a000,4096
1027763,small_user0,0,READ,0x1c0b000,4096
1028250,small_user0,0,READ,0x1c0c000,16384
1028298,small_user1,1,WRITE,0x10001ba1000,16384
1028309,small_user0,0,READ,0x1c10000,4096
1028399,large_user1,3,WRITE,0x30002ad0000,262144
1028489,small_user0,0,WRITE,0x1c11000,8192
1028621,small_user0,0,READ,0x1c13000,4096
1028664,small_user0,0,READ,0x1c14000,4096
1029000,large_user0,2,WRITE,0x20002e60000,65536
1029064,small_user0,0,WRITE,0x1c15000,8192
1029116,large_user1,3,READ,0x30002b10000,65536
1029185,small_user0,0,READ,0x1c17000,16384
1029206,small_user1,1,READ,0x10001ba5000,16384
1029385,small_user0,0,READ,0x1c1b000,4096
1029415,small_user1,1,READ,0x10001ba9000,8192
1029558,small_user0,0,WRITE,0x1c1c000,16384
1029672,large_user0,2,WRITE,0x20002e70000,131072
1029890,small_user0,0,READ,0x1c20000,16384
1029933,small_user0,0,READ,0x1c24000,8192
1029951,large_user0,2,WRITE,0x20002e90000,65536
1030143,small_user0,0,READ,0x1c26000,4096
1030214,small_user0,0,READ,0x1c27000,8192
1030269,small_user0,0,READ,0x1c29000,8192
1030492,small_user0,0,READ,0x1c2b000,16384
1030546,small_user1,1,WRITE,0x10001bab000,8192
1030764,small_user1,1,READ,0x10001bad000,4096
1031203,small_user0,0,WRITE,0x1c2f000,4096
1031257,small_user1,1,READ,0x10001bae000,16384
1031299,small_user0,0,WRITE,0x1c30000,8192
1031319,small_user0,0,READ,0x1c32000,16384
1031388,small_user1,1,READ,0x10001bb2000,4096
1031716,large_user1,3,READ,0x30002b20000,262144
1031788,small_user1,1,READ,0x10001bb3000,4096
1031796,small_user1,1,WRITE,0x10001bb4000,8192
1031865,small_user1,1,READ,0x10001bb6000,16384
1032020,small_user0,0,READ,0x1c36000,4096
1032109,small_user0,0,READ,0x1c37000,8192
1032154,small_user0,0,WRITE,0x1c39000,8192
1032244,small_user0,0,WRITE,0x1c3b000,8192
1032369,small_user1,1,READ,0x10001bba000,16384
1032469,small_user0,0,READ,0x1c3d000,16384
1032473,small_user1,1,READ,0x10001bbe000,16384
1032541,small_user1,1,READ,0x10001bc2000,4096
1032820,small_user0,0,READ,0x1c41000,4096
1033026,large_user0,2,READ,0x20002ea0000,262144
1033221,small_user0,0,READ,0x1c42000,16384
1033369,small_user1,1,READ,0x10001bc3000,4096
1033390,small_user0,0,WRITE,0x1c46000,8192
1033412,small_user0,0,WRITE,0x1c48000,4096
1033431,small_user1,1,READ,0x10001bc4000,8192
1033494,small_user0,0,READ,0x1c49000,8192
1033562,small_user1,1,WRITE,0x10001bc6000,16384
1033575,small_user0,0,WRITE,0x1c4b000,8192
1033987,small_user1,1,READ,0x10001bca000,16384
1034196,small_user0,0,READ,0x1c4d000,8192
1034489,large_user0,2,WRITE,0x20002ee0000,131072
1034501,small_user1,1,READ,0x10001bce000,4096
1034647,small_user1,1,READ,0x10001bcf000,4096
1034670,large_user0,2,WRITE,0x20002f00000,65536
1034687,small_user0,0,WRITE,0x1c4f000,8192
1034787,small_user0,0,WRITE,0x1c51000,8192
1034867,small_user0,0,READ,0x1c53000,4096
1034932,small_user0,0,READ,0x1c54000,8192
1035012,small_user1,1,WRITE,0x10001bd0000,4096
1035152,small_user0,0,READ,0x1c56000,16384
1035237,small_user0,0,READ,0x1c5a000,16384
1035438,small_user0,0,READ,0x1c5e000,4096
1035656,large_user1,3,WRITE,0x30002b60000,262144
1035701,small_user0,0,WRITE,0x1c5f000,4096
1035769,small_user0,0,READ,0x1c60000,8192
1036005,small_user0,0,WRITE,0x1c62000,8192
1036265,small_user1,1,READ,0x10001bd1000,16384
1036446,small_user1,1,WRITE,0x10001bd5000,8192
1036451,small_user0,0,READ,0x1c64000,4096
1036544,small_user1,1,WRITE,0x10001bd7000,4096
1036558,small_user1,1,READ,0x10001bd8000,8192
1036646,small_user1,1,READ,0x10001bda000,4096
1036739,small_user0,0,READ,0x1c65000,4096
1036783,small_user1,1,READ,0x10001bdb000,4096
1036915,small_user1,1,WRITE,0x10001bdc000,16384
1036972,small_user0,0,WRITE,0x1c66000,16384
1037193,small_user0,0,WRITE,0x1c6a000,16384
1037196,small_user0,0,READ,0x1c6e000,16384
1037331,small_user0,0,READ,0x1c72000,8192
1037418,large_user0,2,WRITE,0x20002f10000,262144
1037792,small_user1,1,READ,0x10001be0000,16384
1037821,small_user0,0,WRITE,0x1c74000,4096
1038409,small_user1,1,READ,0x10001be4000,16384
1038437,small_user0,0,READ,0x1c75000,16384
1038683,small_user0,0,WRITE,0x1c79000,8192
1038753,small_user1,1,READ,0x10001be8000,8192
1038806,small_user1,1,READ,0x10001bea000,16384
1039176,small_user0,0,WRITE,0x1c7b000,8192
1039347,small_user1,1,WRITE,0x10001bee000,4096
1039624,small_user0,0,READ,0x1c7d000,8192
1039675,small_user1,1,READ,0x10001bef000,4096
1039971,small_user0,0,READ,0x1c7f000,4096
1040172,small_user0,0,WRITE,0x1c80000,16384
1040287,large_user1,3,READ,0x30002ba0000,65536
1040310,small_user1,1,READ,0x10001bf0000,4096
1040587,small_user1,1,READ,0x10001bf1000,8192
1040718,small_user0,0,READ,0x1c84000,4096
1040760,small_user1,1,READ,0x10001bf3000,4096
1040806,small_user1,1,WRITE,0x10001bf4000,8192
1040943,small_user1,1,READ,0x10001bf6000,4096
1041205,small_user1,1,READ,0x10001bf7000,4096
1041385,small_user0,0,WRITE,0x1c85000,4096
1041752,small_user0,0,WRITE,0x1c86000,16384
1041787,small_user0,0,READ,0x1c8a000,4096
1041907,small_user1,1,WRITE,0x10001bf8000,4096
1041989,small_user1,1,WRITE,0x10001bf9000,16384
1042570,small_user1,1,READ,0x10001bfd000,16384
1042657,small_user1,1,READ,0x10001c01000,8192
1042754,small_user1,1,WRITE,0x10001c03000,4096
1042932,small_user1,1,READ,0x10001c04000,16384
1042939,small_user1,1,READ,0x10001c08000,16384
1042974,small_user0,0,READ,0x1c8b000,16384
1043043,small_user0,0,WRITE,0x1c8f000,8192
1043155,small_user0,0,READ,0x1c91000,4096
1043378,large_user1,3,WRITE,0x30002bb0000,131072
1043554,small_user0,0,READ,0x1c92000,8192
1043811,small_user1,1,READ,0x10001c0c000,8192
1043846,small_user1,1,READ,0x10001c0e000,8192
1044004,small_user0,0,READ,0x1c94000,4096
1044743,small_user1,1,READ,0x10001c10000,16384
1044879,small_user1,1,WRITE,0x10001c14000,16384
1045207,small_user1,1,READ,0x10001c18000,8192
1045276,small_user0,0,READ,0x1c95000,4096
1045472,small_user1,1,READ,0x10001c1a000,8192
1045527,small_user0,0,READ,0x1c96000,4096
1045558,small_user0,0,READ,0x1c97000,8192
1045659,small_user1,1,READ,0x10001c1c000,8192
1045775,small_user1,1,WRITE,0x10001c1e000,16384
1046287,small_user1,1,READ,0x10001c22000,16384
1046338,small_user0,0,READ,0x1c99000,4096
1046355,small_user0,0,READ,0x1c9a000,8192
1046598,small_user1,1,READ,0x10001c26000,16384
1046803,small_user1,1,READ,0x10001c2a000,16384
1046843,small_user1,1,READ,0x10001c2e000,16384
1046859,small_user0,0,WRITE,0x1c9c000,8192
1046924,large_user0,2,WRITE,0x20002f50000,65536
1046942,small_user1,1,READ,0x10001c32000,16384
1047174,small_user0,0,READ,0x1c9e000,16384
1047176,small_user0,0,READ,0x1ca2000,16384
1047219,small_user0,0,READ,0x1ca6000,8192
1047221,small_user0,0,READ,0x1ca8000,16384
1047572,small_user0,0,READ,0x1cac000,16384
1047686,large_user0,2,WRITE,0x20002f60000,65536
1048085,small_user0,0,WRITE,0x1cb0000,16384
1048097,large_user0,2,WRITE,0x20002f70000,65536
1048350,small_user1,1,WRITE,0x10001c36000,16384
1048677,small_user1,1,READ,0x10001c3a000,16384
1048825,small_user0,0,WRITE,0x1cb4000,8192
1049098,small_user1,1,WRITE,0x10001c3e000,8192
1049107,large_user0,2,WRITE,0x20002f80000,131072
1049379,small_user1,1,READ,0x10001c40000,4096
1049627,small_user1,1,READ,0x10001c41000,8192
1049902,small_user0,0,READ,0x1cb6000,8192
1050004,small_user1,1,READ,0x10001c43000,8192
1050177,small_user1,1,WRITE,0x10001c45000,16384
1050513,small_user0,0,WRITE,0x1cb8000,4096
1050851,small_user1,1,READ,0x10001c49000,4096
1051006,small_user1,1,READ,0x10001c4a000,4096
1051484,small_user0,0,READ,0x1cb9000,8192
1051644,small_user0,0,WRITE,0x1cbb000,16384
1051673,small_user0,0,WRITE,0x1cbf000,16384
1051743,small_user0,0,WRITE,0x1cc3000,16384
1052045,small_user1,1,READ,0x10001c4b000,16384
1052188,small_user1,1,READ,0x10001c4f000,8192
1052478,small_user0,0,READ,0x1cc7000,8192
1052650,small_user0,0,READ,0x1cc9000,8192
1052688,small_user1,1,WRITE,0x10001c51000,16384
1052708,small_user1,1,READ,0x10001c55000,16384
1052714,small_user1,1,WRITE,0x10001c59000,4096
1052781,large_user0,2,READ,0x20002fa0000,65536
1052917,small_user0,0,WRITE,0x1ccb000,8192
1052993,large_user0,2,WRITE,0x20002fb0000,131072
1053147,small_user0,0,READ,0x1ccd000,16384
1053362,small_user1,1,READ,0x10001c5a000,16384
1053403,small_user1,1,READ,0x10001c5e000,8192
1053729,small_user0,0,WRITE,0x1cd1000,8192
1053905,small_user0,0,READ,0x1cd3000,8192
1053965,small_user0,0,WRITE,0x1cd5000,16384
1054265,small_user1,1,READ,0x10001c60000,8192
1054287,small_user1,1,READ,0x10001c62000,16384
1054423,small_user1,1,WRITE,0x10001c66000,4096
1054479,small_user1,1,READ,0x10001c67000,8192
1054509,small_user1,1,READ,0x10001c69000,16384
1054523,small_user1,1,READ,0x10001c6d000,4096
1054635,small_user0,0,READ,0x1cd9000,4096
1054747,small_user0,0,READ,0x1cda000,8192
1054798,small_user0,0,READ,0x1cdc000,8192
1055322,small_user1,1,WRITE,0x10001c6e000,4096
1055410,small_user0,0,WRITE,0x1cde000,4096
1055704,large_user0,2,READ,0x20002fd0000,65536
1056137,small_user0,0,WRITE,0x1cdf000,4096
1056192,small_user1,1,WRITE,0x10001c6f000,8192
1056250,small_user1,1,READ,0x10001c71000,8192
1056604,small_user0,0,WRITE,0x1ce0000,4096
1056683,small_user0,0,WRITE,0x1ce1000,8192
1056886,small_user0,0,READ,0x1ce3000,16384
1056975,small_user1,1,READ,0x10001c73000,4096
1057041,large_user1,3,WRITE,0x30002bd0000,262144
1057045,small_user1,1,WRITE,0x10001c74000,8192
1057090,small_user1,1,WRITE,0x10001c76000,16384
1057203,small_user0,0,READ,0x1ce7000,8192
1057263,small_user1,1,READ,0x10001c7a000,16384
1057349,small_user1,1,READ,0x10001c7e000,16384
1057587,small_user1,1,WRITE,0x10001c82000,8192
1057606,large_user0,2,WRITE,0x20002fe0000,262144
1058240,large_user1,3,READ,0x30002c10000,131072
1058609,small_user1,1,READ,0x10001c84000,8192
1058765,small_user0,0,READ,0x1ce9000,8192
1058846,large_user0,2,READ,0x20003020000,131072
1059016,small_user0,0,READ,0x1ceb000,8192
1059469,small_user1,1,WRITE,0x10001c86000,16384
1059545,small_user1,1,WRITE,0x10001c8a000,16384
1059800,large_user0,2,READ,0x20003040000,65536
1059998,small_user1,1,READ,0x10001c8e000,16384
1060026,large_user0,2,READ,0x20003050000,65536
1060075,small_user1,1,WRITE,0x10001c92000,8192
1060309,small_user1,1,WRITE,0x10001c94000,8192
1060482,small_user1,1,READ,0x10001c96000,16384
1060816,small_user1,1,READ,0x10001c9a000,4096
1060825,small_user1,1,READ,0x10001c9b000,16384
1061033,small_user0,0,READ,0x1ced000,4096
1061036,small_user1,1,READ,0x10001c9f000,4096
1061188,small_user1,1,WRITE,0x10001ca0000,8192
1061247,small_user0,0,READ,0x1cee000,8192
1061488,small_user0,0,READ,0x1cf0000,8192
1061530,small_user1,1,WRITE,0x10001ca2000,8192
1061796,small_user0,0,READ,0x1cf2000,16384
1062034,small_user0,0,READ,0x1cf6000,4096
1062137,small_user0,0,READ,0x1cf7000,4096
1062250,large_user1,3,WRITE,0x30002c30000,131072
1062255,small_user1,1,READ,0x10001ca4000,8192
1062288,small_user0,0,READ,0x1cf8000,4096
1062359,small_user1,1,WRITE,0x10001ca6000,4096
1062697,small_user0,0,READ,0x1cf9000,8192
1063014,small_user1,1,READ,0x10001ca7000,4096
1063073,small_user0,0,WRITE,0x1cfb000,8192
1063132,large_user0,2,READ,0x20003060000,131072
1063173,small_user1,1,READ,0x10001ca8000,4096
1063518,small_user0,0,READ,0x1cfd000,16384
1063587,small_user0,0,WRITE,0x1d01000,8192
1063609,large_user1,3,READ,0x30002c50000,65536
1063621,small_user0,0,READ,0x1d03000,16384
1063772,small_user1,1,READ,0x10001ca9000,16384
1063998,small_user0,0,WRITE,0x1d07000,8192
1064199,small_user0,0,READ,0x1d09000,4096
1064296,small_user0,0,READ,0x1d0a000,16384
1064459,small_user0,0,READ,0x1d0e000,16384
1064498,small_user1,1,WRITE,0x10001cad000,16384
1064766,small_user1,1,READ,0x10001cb1000,16384
1064901,small_user1,1,READ,0x10001cb5000,16384
1064986,small_user1,1,WRITE,0x10001cb9000,8192
1065318,small_user0,0,READ,0x1d12000,8192
1065369,small_user1,1,WRITE,0x10001cbb000,4096
1065742,small_user0,0,READ,0x1d14000,16384
1065960,small_user0,0,READ,0x1d18000,4096
1065981,small_user1,1,READ,0x10001cbc000,16384
1065987,small_user0,0,READ,0x1d19000,4096
1066005,small_user0,0,WRITE,0x1d1a000,4096
1066303,small_user1,1,WRITE,0x10001cc0000,16384
1066378,small_user0,0,READ,0x1d1b000,8192
1066576,small_user1,1,READ,0x10001cc4000,16384
1066672,small_user0,0,WRITE,0x1d1d000,4096
1066801,small_user1,1,READ,0x10001cc8000,8192
1067028,small_user1,1,READ,0x10001cca000,4096
1067094,small_user0,0,READ,0x1d1e000,4096
1067197,small_user0,0,READ,0x1d1f000,4096
1067335,small_user0,0,READ,0x1d20000,16384
1067470,small_user1,1,WRITE,0x10001ccb000,8192
1067507,small_user0,0,READ,0x1d24000,8192
1067615,small_user1,1,READ,0x10001ccd000,8192
1067915,small_user1,1,WRITE,0x10001ccf000,8192
1068008,small_user1,1,READ,0x10001cd1000,4096
1068023,small_user0,0,READ,0x1d26000,4096
1068185,large_user0,2,WRITE,0x20003080000,262144
1068494,small_user1,1,READ,0x10001cd2000,4096
1068786,small_user1,1,WRITE,0x10001cd3000,4096
1068835,small_user1,1,READ,0x10001cd4000,8192
1068861,small_user0,0,READ,0x1d27000,8192
1068884,small_user0,0,READ,0x1d29000,4096
1069127,small_user0,0,READ,0x1d2a000,8192
1069239,large_user1,3,WRITE,0x30002c60000,131072
1069294,large_user1,3,READ,0x30002c80000,131072
1069428,small_user0,0,READ,0x1d2c000,4096
1069433,small_user1,1,WRITE,0x10001cd6000,4096
1069475,small_user0,0,READ,0x1d2d000,4096
1069622,small_user0,0,READ,0x1d2e000,16384
1069739,small_user1,1,READ,0x10001cd7000,4096
1069771,small_user0,0,READ,0x1d32000,4096
1069860,small_user0,0,WRITE,0x1d33000,8192
1070031,small_user1,1,READ,0x10001cd8000,8192
1070233,small_user0,0,WRITE,0x1d35000,16384
1070465,small_user0,0,READ,0x1d39000,8192
1070488,large_user0,2,READ,0x200030c0000,131072
1070623,small_user1,1,READ,0x10001cda000,16384
1070683,small_user1,1,READ,0x10001cde000,16384
1070775,small_user1,1,READ,0x10001ce2000,16384
1070989,small_user1,1,READ,0x10001ce6000,16384
1071073,small_user0,0,WRITE,0x1d3b000,4096
1071306,small_user1,1,READ,0x10001cea000,8192
1071378,large_user1,3,WRITE,0x30002ca0000,65536
1071400,small_user0,0,READ,0x1d3c000,4096
1071423,small_user1,1,READ,0x10001cec000,8192
1071850,small_user1,1,WRITE,0x10001cee000,4096
1071876,small_user1,1,WRITE,0x10001cef000,8192
1071961,small_user1,1,READ,0x10001cf1000,8192
1072203,small_user0,0,READ,0x1d3d000,4096
1072227,small_user0,0,READ,0x1d3e000,16384
1072258,small_user1,1,READ,0x10001cf3000,4096
1072293,small_user1,1,WRITE,0x10001cf4000,8192
1072551,large_user1,3,READ,0x30002cb0000,131072
1072635,large_user0,2,WRITE,0x200030e0000,65536
1072996,small_user0,0,READ,0x1d42000,4096
1073239,small_user0,0,READ,0x1d43000,8192
1073250,small_user0,0,WRITE,0x1d45000,8192
1073254,small_user0,0,WRITE,0x1d47000,16384
1073269,small_user0,0,READ,0x1d4b000,16384
1073327,small_user1,1,WRITE,0x10001cf6000,8192
1073427,small_user0,0,WRITE,0x1d4f000,16384
1073646,large_user0,2,WRITE,0x200030f0000,262144
1073743,small_user0,0,READ,0x1d53000,8192
1074317,small_user0,0,READ,0x1d55000,4096
1074516,small_user1,1,READ,0x10001cf8000,8192
1074815,small_user0,0,READ,0x1d56000,4096
1074967,small_user1,1,WRITE,0x10001cfa000,4096
1075019,small_user1,1,WRITE,0x10001cfb000,4096
1075292,small_user0,0,WRITE,0x1d57000,4096
1076127,small_user0,0,READ,0x1d58000,16384
1076547,small_user0,0,WRITE,0x1d5c000,16384
1076797,small_user1,1,READ,0x10001cfc000,8192
1077327,small_user1,1,READ,0x10001cfe000,4096
1077449,small_user1,1,READ,0x10001cff000,16384
1077582,small_user0,0,WRITE,0x1d60000,16384
1077768,small_user0,0,READ,0x1d64000,16384
1077776,small_user0,0,WRITE,0x1d68000,4096
1078310,small_user1,1,WRITE,0x10001d03000,16384
1078459,small_user0,0,READ,0x1d69000,8192
1078522,small_user0,0,READ,0x1d6b000,8192
1078908,small_user1,1,READ,0x10001d07000,4096
1079091,small_user0,0,READ,0x1d6d000,4096
1079213,small_user0,0,WRITE,0x1d6e000,8192
1079661,small_user1,1,READ,0x10001d08000,16384
1079698,large_user0,2,READ,0x20003130000,131072
1079741,small_user1,1,WRITE,0x10001d0c000,4096
1079763,small_user0,0,READ,0x1d70000,8192
1079858,small_user0,0,WRITE,0x1d72000,4096
1080059,small_user0,0,READ,0x1d73000,8192
1080572,small_user1,1,READ,0x10001d0d000,4096
1080592,small_user1,1,READ,0x10001d0e000,16384
1080822,small_user1,1,READ,0x10001d12000,8192
1081100,small_user0,0,READ,0x1d75000,16384
1081241,small_user0,0,READ,0x1d79000,8192
1081491,small_user0,0,WRITE,0x1d7b000,8192
1081520,small_user0,0,READ,0x1d7d000,4096
1081675,small_user0,0,READ,0x1d7e000,8192
1082094,small_user0,0,READ,0x1d80000,16384
1082324,small_user1,1,READ,0x10001d14000,4096
1082336,small_user0,0,WRITE,0x1d84000,8192
1082455,small_user1,1,READ,0x10001d15000,16384
1082871,small_user1,1,READ,0x10001d19000,16384
1082880,small_user1,1,WRITE,0x10001d1d000,4096
1082966,small_user0,0,READ,0x1d86000,4096
1083035,small_user1,1,READ,0x10001d1e000,16384
1083049,small_user1,1,WRITE,0x10001d22000,4096
1083152,small_user0,0,READ,0x1d87000,4096
1083174,small_user1,1,WRITE,0x10001d23000,16384
1083328,small_user1,1,READ,0x10001d27000,16384
1083356,small_user0,0,READ,0x1d88000,4096
1083367,small_user0,0,READ,0x1d89000,4096
1083554,small_user1,1,WRITE,0x10001d2b000,4096
1083603,small_user0,0,WRITE,0x1d8a000,4096
1083962,small_user1,1,READ,0x10001d2c000,8192
1084004,large_user0,2,WRITE,0x20003150000,262144
1084009,small_user0,0,READ,0x1d8b000,16384
1084129,small_user1,1,READ,0x10001d2e000,8192
1084136,small_user1,1,READ,0x10001d30000,4096
1084154,small_user1,1,READ,0x10001d31000,16384
1084176,small_user0,0,READ,0x1d8f000,4096
1084345,large_user0,2,READ,0x20003190000,262144
1084659,small_user0,0,READ,0x1d90000,8192
1084670,small_user0,0,READ,0x1d92000,8192
1085094,small_user0,0,READ,0x1d94000,16384
1085133,small_user0,0,READ,0x1d98000,4096
1085196,small_user0,0,WRITE,0x1d99000,16384
1085375,small_user0,0,READ,0x1d9d000,8192
1085402,small_user0,0,READ,0x1d9f000,16384
1085638,small_user1,1,READ,0x10001d35000,4096
1085921,large_user1,3,READ,0x30002cd0000,262144
1086035,large_user0,2,WRITE,0x200031d0000,131072
1086242,small_user1,1,WRITE,0x10001d36000,8192
1086322,small_user0,0,READ,0x1da3000,8192
1086554,small_user0,0,READ,0x1da5000,16384
1086741,small_user1,1,WRITE,0x10001d38000,4096
1086895,small_user0,0,READ,0x1da9000,4096
1087005,small_user1,1,READ,0x10001d39000,8192
1087010,small_user1,1,READ,0x10001d3b000,16384
1087126,small_user1,1,READ,0x10001d3f000,4096
1087430,large_user1,3,READ,0x30002d10000,131072
1087568,small_user0,0,WRITE,0x1daa000,8192
1087648,small_user0,0,READ,0x1dac000,16384
1087695,small_user0,0,READ,0x1db0000,16384
1087700,small_user0,0,READ,0x1db4000,4096
1087753,small_user0,0,READ,0x1db5000,4096
1087754,small_user0,0,WRITE,0x1db6000,4096
1087773,small_user1,1,READ,0x10001d40000,16384
1087774,small_user0,0,READ,0x1db7000,4096
1087967,small_user1,1,READ,0x10001d44000,8192
1088239,small_user1,1,READ,0x10001d46000,4096
1088265,small_user1,1,READ,0x10001d47000,8192
1088386,small_user1,1,READ,0x10001d49000,16384
1088442,small_user0,0,READ,0x1db8000,4096
1088447,small_user1,1,READ,0x10001d4d000,16384
1088637,small_user1,1,READ,0x10001d51000,8192
1088915,small_user0,0,READ,0x1db9000,8192
1088950,small_user0,0,WRITE,0x1dbb000,16384
1088957,small_user1,1,WRITE,0x10001d53000,16384
1089072,small_user0,0,WRITE,0x1dbf000,16384
1089270,small_user0,0,READ,0x1dc3000,8192
1089439,large_user0,2,READ,0x200031f0000,131072
1089904,small_user0,0,READ,0x1dc5000,4096
1090471,small_user0,0,READ,0x1dc6000,16384
1090612,small_user1,1,READ,0x10001d57000,4096
1090694,small_user1,1,READ,0x10001d58000,16384
1090884,small_user0,0,READ,0x1dca000,8192
1091009,small_user1,1,WRITE,0x10001d5c000,16384
1091084,small_user1,1,READ,0x10001d60000,4096
1091197,small_user1,1,READ,0x10001d61000,8192
1091216,small_user0,0,WRITE,0x1dcc000,16384
1091689,small_user1,1,READ,0x10001d63000,4096
1091792,small_user1,1,READ,0x10001d64000,4096
1091834,small_user1,1,READ,0x10001d65000,16384
1091870,small_user0,0,READ,0x1dd0000,8192
1091888,small_user1,1,READ,0x10001d69000,16384
1091999,small_user1,1,READ,0x10001d6d000,16384
1092004,small_user1,1,READ,0x10001d71000,16384
1092082,small_user1,1,WRITE,0x10001d75000,8192
1092133,small_user1,1,READ,0x10001d77000,8192
1092190,small_user0,0,READ,0x1dd2000,16384
1092343,small_user1,1,READ,0x10001d79000,4096
1092512,small_user0,0,WRITE,0x1dd6000,4096
1092532,small_user0,0,READ,0x1dd7000,4096
1092559,small_user1,1,READ,0x10001d7a000,4096
1092579,small_user0,0,READ,0x1dd8000,4096
1092659,small_user0,0,READ,0x1dd9000,16384
1092936,large_user0,2,WRITE,0x20003210000,131072
1093000,small_user1,1,WRITE,0x10001d7b000,16384
1093106,small_user0,0,READ,0x1ddd000,4096
1093263,small_user1,1,WRITE,0x10001d7f000,8192
1094339,small_user0,0,READ,0x1dde000,16384
1094456,small_user0,0,WRITE,0x1de2000,8192
1094528,small_user1,1,READ,0x10001d81000,16384
1094789,small_user0,0,READ,0x1de4000,16384
1094808,small_user1,1,WRITE,0x10001d85000,4096
1095029,small_user1,1,WRITE,0x10001d86000,16384
1095406,small_user0,0,READ,0x1de8000,8192
1095541,small_user1,1,READ,0x10001d8a000,8192
1095664,large_user1,3,WRITE,0x30002d30000,131072
1095866,small_user1,1,WRITE,0x10001d8c000,16384
1096242,small_user1,1,READ,0x10001d90000,8192
1096634,small_user1,1,READ,0x10001d92000,8192
1096669,large_user0,2,WRITE,0x20003230000,65536
1096717,small_user0,0,WRITE,0x1dea000,8192
1097128,small_user1,1,READ,0x10001d94000,16384
1097154,small_user1,1,READ,0x10001d98000,8192
1097465,small_user0,0,READ,0x1dec000,16384
1097993,small_user0,0,READ,0x1df0000,4096
1098523,small_user0,0,READ,0x1df1000,16384
1098566,large_user0,2,WRITE,0x20003240000,65536
1098699,small_user1,1,READ,0x10001d9a000,16384
1098929,small_user1,1,READ,0x10001d9e000,16384
1099175,small_user0,0,READ,0x1df5000,8192
1099320,small_user1,1,READ,0x10001da2000,16384
1099362,small_user1,1,READ,0x10001da6000,16384
1099453,small_user1,1,READ,0x10001daa000,8192
1099670,small_user1,1,WRITE,0x10001dac000,8192
1099836,small_user1,1,READ,0x10001dae000,16384
1099897,small_user1,1,READ,0x10001db2000,8192
1099965,small_user0,0,WRITE,0x1df7000,8192
1099965,small_user1,1,READ,0x10001db4000,16384
1100470,small_user0,0,READ,0x1df9000,16384
1100538,small_user0,0,WRITE,0x1dfd000,8192
1100640,small_user1,1,READ,0x10001db8000,4096
1100695,small_user0,0,READ,0x1dff000,16384
1100800,small_user0,0,READ,0x1e03000,4096
1100942,small_user0,0,READ,0x1e04000,8192
1101432,small_user1,1,READ,0x10001db9000,16384
1101514,small_user1,1,WRITE,0x10001dbd000,16384
1101690,small_user1,1,READ,0x10001dc1000,16384
1101874,small_user1,1,READ,0x10001dc5000,16384
1102230,small_user1,1,WRITE,0x10001dc9000,8192
1102346,small_user1,1,READ,0x10001dcb000,16384
1102372,small_user1,1,READ,0x10001dcf000,4096
1102386,large_user1,3,WRITE,0x30002d50000,262144
1102739,small_user0,0,WRITE,0x1e06000,8192
1102803,small_user0,0,READ,0x1e08000,4096
1102804,small_user1,1,READ,0x10001dd0000,4096
1102995,small_user1,1,WRITE,0x10001dd1000,8192
1103127,small_user0,0,READ,0x1e09000,8192
1103260,large_user1,3,WRITE,0x30002d90000,65536
1103450,large_user1,3,READ,0x30002da0000,262144
1103721,small_user0,0,READ,0x1e0b000,16384
1103803,small_user1,1,WRITE,0x10001dd3000,8192
1103866,small_user0,0,READ,0x1e0f000,8192
1103878,large_user1,3,READ,0x30002de0000,65536
1104209,small_user0,0,READ,0x1e11000,8192
1104487,small_user1,1,READ,0x10001dd5000,8192
1104523,small_user1,1,READ,0x10001dd7000,16384
1104846,small_user0,0,WRITE,0x1e13000,4096
1105101,small_user1,1,WRITE,0x10001ddb000,4096
1105299,large_user0,2,WRITE,0x20003250000,131072
1105760,small_user0,0,WRITE,0x1e14000,4096
1105853,small_user0,0,WRITE,0x1e15000,4096
1106138,small_user1,1,READ,0x10001ddc000,16384
1106144,small_user1,1,READ,0x10001de0000,16384
1106194,small_user1,1,WRITE,0x10001de4000,16384
1106481,large_user1,3,WRITE,0x30002df0000,262144
1106498,small_user0,0,READ,0x1e16000,16384
1107106,small_user1,1,WRITE,0x10001de8000,8192
1107300,small_user1,1,WRITE,0x10001dea000,4096
1107459,small_user0,0,READ,0x1e1a000,4096
1107634,small_user0,0,READ,0x1e1b000,8192
1107689,small_user1,1,READ,0x10001deb000,8192
1107736,small_user0,0,WRITE,0x1e1d000,16384
1107739,small_user0,0,READ,0x1e21000,4096
1107750,small_user0,0,READ,0x1e22000,4096
1108063,small_user0,0,READ,0x1e23000,4096
1108276,large_user1,3,WRITE,0x30002e30000,131072
1108297,small_user0,0,WRITE,0x1e24000,8192
1108306,small_user1,1,READ,0x10001ded000,8192
1108464,small_user1,1,WRITE,0x10001def000,8192
1108553,small_user1,1,READ,0x10001df1000,16384
1108692,small_user0,0,READ,0x1e26000,16384
1108738,small_user1,1,READ,0x10001df5000,16384
1108751,small_user0,0,READ,0x1e2a000,4096
1108972,small_user1,1,READ,0x10001df9000,4096
1109028,small_user1,1,READ,0x10001dfa000,8192
1109094,small_user0,0,READ,0x1e2b000,16384
1109272,small_user0,0,WRITE,0x1e2f000,16384
1109383,small_user1,1,WRITE,0x10001dfc000,16384
1109412,small_user0,0,WRITE,0x1e33000,4096
1110023,small_user0,0,WRITE,0x1e34000,16384
1110286,small_user1,1,WRITE,0x10001e00000,8192
1110360,small_user1,1,READ,0x10001e02000,8192
1110514,small_user1,1,READ,0x10001e04000,16384
1110809,small_user1,1,WRITE,0x10001e08000,8192
1110870,small_user1,1,READ,0x10001e0a000,4096
1110912,small_user0,0,WRITE,0x1e38000,8192
1111064,small_user1,1,READ,0x10001e0b000,4096
1111140,small_user0,0,READ,0x1e3a000,8192
1111157,small_user1,1,WRITE,0x10001e0c000,16384
1111405,small_user1,1,WRITE,0x10001e10000,8192
1111491,large_user1,3,WRITE,0x30002e50000,262144
1111601,small_user0,0,READ,0x1e3c000,8192
1111698,small_user0,0,WRITE,0x1e3e000,4096
1111698,small_user1,1,READ,0x10001e12000,4096
1111904,small_user0,0,WRITE,0x1e3f000,4096
1111961,large_user1,3,WRITE,0x30002e90000,131072
1112063,small_user1,1,READ,0x10001e13000,4096
1112071,small_user1,1,READ,0x10001e14000,8192
1112136,large_user1,3,WRITE,0x30002eb0000,65536
1112264,small_user1,1,READ,0x10001e16000,4096
1112332,small_user0,0,WRITE,0x1e40000,4096
1112721,small_user0,0,READ,0x1e41000,8192
1112762,small_user0,0,READ,0x1e43000,16384
1112885,small_user1,1,READ,0x10001e17000,8192
1112990,small_user0,0,READ,0x1e47000,4096
1112998,small_user0,0,READ,0x1e48000,8192
1113108,small_user0,0,WRITE,0x1e4a000,8192
1113199,small_user0,0,WRITE,0x1e4c000,16384
1113431,small_user1,1,READ,0x10001e19000,4096
1113534,small_user1,1,WRITE,0x10001e1a000,4096
1113616,small_user1,1,READ,0x10001e1b000,8192
1113799,small_user1,1,READ,0x10001e1d000,16384
1113812,small_user0,0,READ,0x1e50000,4096
1113819,small_user0,0,WRITE,0x1e51000,4096
1114154,small_user1,1,READ,0x10001e21000,4096
1114221,small_user1,1,WRITE,0x10001e22000,16384
1114229,small_user1,1,READ,0x10001e26000,16384
1114372,large_user0,2,READ,0x20003270000,65536
1114415,small_user1,1,READ,0x10001e2a000,8192
1114678,small_user0,0,WRITE,0x1e52000,16384
1114765,small_user0,0,WRITE,0x1e56000,8192
1115044,small_user1,1,READ,0x10001e2c000,16384
1115095,small_user1,1,READ,0x10001e30000,16384
1115166,small_user1,1,READ,0x10001e34000,16384
1115172,small_user0,0,READ,0x1e58000,16384
1115319,small_user0,0,READ,0x1e5c000,8192
1115330,small_user1,1,READ,0x10001e38000,8192
1115898,small_user1,1,WRITE,0x10001e3a000,16384
1115912,small_user1,1,READ,0x10001e3e000,16384
1115958,small_user1,1,WRITE,0x10001e42000,4096
1116034,small_user0,0,READ,0x1e5e000,8192
1116073,small_user0,0,READ,0x1e60000,8192
1116092,small_user1,1,READ,0x10001e43000,4096
1116095,small_user1,1,WRITE,0x10001e44000,16384
1116173,large_user1,3,READ,0x30002ec0000,65536
1116563,small_user0,0,WRITE,0x1e62000,8192
1117273,small_user0,0,WRITE,0x1e64000,4096
1117423,large_user1,3,WRITE,0x30002ed0000,65536
1117429,small_user1,1,READ,0x10001e48000,4096
1117458,small_user0,0,READ,0x1e65000,16384
1117534,small_user1,1,READ,0x10001e49000,16384
1117604,small_user0,0,READ,0x1e69000,8192
1118508,large_user1,3,READ,0x30002ee0000,131072
1118555,small_user1,1,READ,0x10001e4d000,16384
1118602,small_user0,0,WRITE,0x1e6b000,8192
1118687,large_user0,2,READ,0x20003280000,262144
1118761,small_user0,0,READ,0x1e6d000,8192
1118902,large_user0,2,WRITE,0x200032c0000,262144
1118970,small_user1,1,READ,0x10001e51000,4096
1119090,small_user0,0,READ,0x1e6f000,16384
1119346,small_user0,0,READ,0x1e73000,16384
1119810,small_user1,1,READ,0x10001e52000,4096
1119883,small_user1,1,WRITE,0x10001e53000,16384
1119895,small_user1,1,WRITE,0x10001e57000,16384
1120022,small_user0,0,READ,0x1e77000,4096
1120087,small_user0,0,READ,0x1e78000,8192
1120608,small_user0,0,READ,0x1e7a000,16384
1120826,small_user1,1,READ,0x10001e5b000,8192
1120849,large_user1,3,WRITE,0x30002f00000,131072
1120851,small_user0,0,READ,0x1e7e000,16384
1120882,small_user0,0,READ,0x1e82000,8192
1120899,small_user0,0,READ,0x1e84000,8192
1120955,large_user1,3,READ,0x30002f20000,262144
1120967,small_user0,0,READ,0x1e86000,4096
1120989,small_user1,1,READ,0x10001e5d000,4096
1120990,small_user1,1,READ,0x10001e5e000,16384
1121007,large_user1,3,READ,0x30002f60000,131072
1121056,small_user1,1,WRITE,0x10001e62000,4096
1121089,small_user1,1,READ,0x10001e63000,8192
1121148,small_user1,1,READ,0x10001e65000,16384
1121531,small_user0,0,WRITE,0x1e87000,8192
1121535,small_user1,1,READ,0x10001e69000,16384
1121612,small_user0,0,READ,0x1e89000,8192
1122040,small_user0,0,READ,0x1e8b000,8192
1122173,large_user0,2,WRITE,0x20003300000,262144
1122353,small_user1,1,READ,0x10001e6d000,4096
1122768,small_user0,0,READ,0x1e8d000,8192
1123466,small_user0,0,READ,0x1e8f000,16384
1124167,small_user0,0,WRITE,0x1e93000,16384
1124172,small_user1,1,READ,0x10001e6e000,16384
1124332,small_user1,1,WRITE,0x10001e72000,16384
1124907,small_user1,1,WRITE,0x10001e76000,8192
1125154,small_user0,0,WRITE,0x1e97000,8192
1125302,small_user1,1,READ,0x10001e78000,4096
1126062,small_user0,0,READ,0x1e99000,8192
1126233,small_user1,1,WRITE,0x10001e79000,4096
1126299,small_user1,1,WRITE,0x10001e7a000,4096
1126301,small_user0,0,WRITE,0x1e9b000,8192
1127085,small_user1,1,READ,0x10001e7b000,8192
1127142,small_user0,0,WRITE,0x1e9d000,16384
1127299,small_user1,1,READ,0x10001e7d000,8192
1127390,small_user1,1,READ,0x10001e7f000,4096
1127503,small_user1,1,READ,0x10001e80000,8192
1127598,small_user0,0,WRITE,0x1ea1000,4096
1127684,large_user1,3,READ,0x30002f80000,65536
1127754,small_user0,0,WRITE,0x1ea2000,16384
1127830,small_user0,0,WRITE,0x1ea6000,16384
1128045,large_user0,2,WRITE,0x20003340000,131072
1128421,small_user1,1,WRITE,0x10001e82000,8192
1128477,small_user1,1,READ,0x10001e84000,16384
1128696,small_user1,1,READ,0x10001e88000,16384
1129186,small_user0,0,READ,0x1eaa000,4096
1129209,small_user1,1,READ,0x10001e8c000,16384
1129625,small_user1,1,READ,0x10001e90000,16384
1129686,small_user1,1,WRITE,0x10001e94000,8192
1129697,small_user1,1,READ,0x10001e96000,4096
1129761,large_user0,2,READ,0x20003360000,131072
1129810,small_user1,1,READ,0x10001e97000,4096
1130033,small_user1,1,WRITE,0x10001e98000,4096
1130232,small_user1,1,READ,0x10001e99000,4096
1130442,small_user0,0,WRITE,0x1eab000,16384
1130457,small_user1,1,WRITE,0x10001e9a000,16384
1130500,small_user0,0,WRITE,0x1eaf000,4096
1130541,small_user0,0,READ,0x1eb0000,4096
1130616,small_user0,0,WRITE,0x1eb1000,8192
1130645,small_user1,1,READ,0x10001e9e000,4096
1130810,small_user1,1,READ,0x10001e9f000,4096
1130878,small_user1,1,READ,0x10001ea0000,16384
1131947,small_user0,0,READ,0x1eb3000,8192
1132037,small_user0,0,READ,0x1eb5000,8192
1132088,small_user0,0,WRITE,0x1eb7000,4096
1132170,small_user0,0,READ,0x1eb8000,4096
1132925,small_user1,1,READ,0x10001ea4000,8192
1132950,small_user0,0,READ,0x1eb9000,16384
1133104,small_user1,1,READ,0x10001ea6000,4096
1133122,small_user0,0,READ,0x1ebd000,4096
1133316,small_user0,0,WRITE,0x1ebe000,4096
1133531,small_user0,0,WRITE,0x1ebf000,4096
1133599,small_user0,0,WRITE,0x1ec0000,4096
1133767,small_user0,0,READ,0x1ec1000,8192
1133900,small_user1,1,READ,0x10001ea7000,16384
1134007,large_user0,2,READ,0x20003380000,65536
1134065,small_user0,0,READ,0x1ec3000,16384
1134078,small_user1,1,WRITE,0x10001eab000,16384
1134273,small_user1,1,READ,0x10001eaf000,4096
1134284,small_user0,0,WRITE,0x1ec7000,8192
1134384,small_user0,0,READ,0x1ec9000,8192
1134493,small_user1,1,READ,0x10001eb0000,8192
1134800,small_user0,0,READ,0x1ecb000,8192
1134889,small_user0,0,WRITE,0x1ecd000,4096
1134952,small_user0,0,READ,0x1ece000,4096
1135178,small_user0,0,READ,0x1ecf000,8192
1135304,small_user1,1,READ,0x10001eb2000,8192
1135418,small_user1,1,READ,0x10001eb4000,8192
1135425,small_user0,0,READ,0x1ed1000,4096
1135603,small_user1,1,READ,0x10001eb6000,8192
1135667,small_user0,0,READ,0x1ed2000,8192
1135772,small_user1,1,READ,0x10001eb8000,4096
1135897,small_user1,1,READ,0x10001eb9000,16384
1136037,small_user0,0,WRITE,0x1ed4000,8192
1136051,small_user1,1,READ,0x10001ebd000,8192
1136180,small_user1,1,READ,0x10001ebf000,4096
1136214,small_user1,1,READ,0x10001ec0000,8192
1136487,small_user0,0,WRITE,0x1ed6000,4096
1136549,small_user0,0,READ,0x1ed7000,8192
1136725,large_user0,2,WRITE,0x20003390000,131072
1136890,small_user1,1,READ,0x10001ec2000,16384
1137010,small_user0,0,READ,0x1ed9000,8192
1137074,large_user0,2,WRITE,0x200033b0000,131072
1137230,small_user0,0,WRITE,0x1edb000,8192
1137237,small_user1,1,READ,0x10001ec6000,8192
1137244,small_user1,1,READ,0x10001ec8000,16384
1137268,small_user1,1,READ,0x10001ecc000,8192
1137469,small_user1,1,WRITE,0x10001ece000,8192
1137628,small_user1,1,READ,0x10001ed0000,8192
1137885,small_user0,0,READ,0x1edd000,16384
1137923,small_user1,1,READ,0x10001ed2000,8192
1138022,small_user0,0,WRITE,0x1ee1000,16384
1138049,small_user0,0,READ,0x1ee5000,8192
1138219,large_user1,3,READ,0x30002f90000,65536
1138288,small_user1,1,READ,0x10001ed4000,8192
1138357,small_user1,1,WRITE,0x10001ed6000,8192
1138398,small_user0,0,READ,0x1ee7000,4096
1138599,small_user1,1,READ,0x10001ed8000,8192
1138723,small_user1,1,READ,0x10001eda000,8192
1139044,small_user1,1,READ,0x10001edc000,4096
1139238,small_user1,1,READ,0x10001edd000,16384
1139269,small_user0,0,WRITE,0x1ee8000,8192
1139629,small_user1,1,READ,0x10001ee1000,4096
1139733,small_user1,1,READ,0x10001ee2000,16384
1140238,small_user0,0,WRITE,0x1eea000,8192
1140312,small_user1,1,WRITE,0x10001ee6000,8192
1140464,small_user1,1,READ,0x10001ee8000,16384
1140503,small_user0,0,READ,0x1eec000,8192
1140718,small_user1,1,READ,0x10001eec000,4096
1140733,small_user0,0,READ,0x1eee000,16384
1140756,small_user0,0,READ,0x1ef2000,16384
1140992,large_user1,3,READ,0x30002fa0000,65536
1141062,small_user1,1,READ,0x10001eed000,8192
1141067,large_user1,3,READ,0x30002fb0000,262144
1141115,small_user1,1,WRITE,0x10001eef000,8192
1141517,small_user1,1,READ,0x10001ef1000,8192
1141993,small_user1,1,WRITE,0x10001ef3000,8192
1142133,small_user0,0,READ,0x1ef6000,8192
1142345,small_user1,1,WRITE,0x10001ef5000,8192
1142735,small_user0,0,READ,0x1ef8000,4096
1143254,small_user0,0,READ,0x1ef9000,16384
1143357,small_user1,1,WRITE,0x10001ef7000,16384
1143412,small_user1,1,WRITE,0x10001efb000,16384
1143490,small_user0,0,WRITE,0x1efd000,16384
1144010,small_user1,1,READ,0x10001eff000,4096
1144040,small_user0,0,READ,0x1f01000,16384
1144425,small_user0,0,WRITE,0x1f05000,8192
1144669,small_user1,1,READ,0x10001f00000,8192
1144696,small_user0,0,WRITE,0x1f07000,16384
1144700,small_user0,0,READ,0x1f0b000,4096
1144759,small_user1,1,WRITE,0x10001f02000,4096
1144794,small_user1,1,WRITE,0x10001f03000,4096
1145118,small_user0,0,READ,0x1f0c000,8192
1145457,small_user0,0,READ,0x1f0e000,8192
1145975,small_user0,0,READ,0x1f10000,16384
1146045,small_user1,1,READ,0x10001f04000,4096
1146314,large_user1,3,READ,0x30002ff0000,262144
1146336,small_user0,0,READ,0x1f14000,4096
1146496,large_user0,2,WRITE,0x200033d0000,131072
1146526,small_user0,0,READ,0x1f15000,8192
1146624,small_user1,1,WRITE,0x10001f05000,16384
1146722,small_user1,1,READ,0x10001f09000,4096
1147030,large_user0,2,READ,0x200033f0000,65536
1147701,small_user1,1,READ,0x10001f0a000,4096
1147751,small_user1,1,WRITE,0x10001f0b000,8192
1147905,small_user1,1,READ,0x10001f0d000,16384
1148154,large_user1,3,READ,0x30003030000,65536
1148306,small_user1,1,READ,0x10001f11000,16384
1148363,small_user1,1,READ,0x10001f15000,4096
1148484,small_user0,0,READ,0x1f17000,16384
1148771,small_user1,1,READ,0x10001f16000,16384
1148997,large_user0,2,WRITE,0x20003400000,262144
1149142,small_user0,0,READ,0x1f1b000,8192
1149382,small_user1,1,WRITE,0x10001f1a000,16384
1149387,small_user1,1,WRITE,0x10001f1e000,4096
1149625,small_user1,1,WRITE,0x10001f1f000,8192
1149663,small_user1,1,READ,0x10001f21000,4096
1149702,small_user0,0,READ,0x1f1d000,16384
1150072,small_user0,0,READ,0x1f21000,8192
1150252,small_user1,1,READ,0x10001f22000,4096
1150613,small_user1,1,WRITE,0x10001f23000,8192
1150820,small_user1,1,WRITE,0x10001f25000,16384
1150973,small_user0,0,WRITE,0x1f23000,4096
1151187,small_user1,1,WRITE,0x10001f29000,8192
1151504,small_user0,0,READ,0x1f24000,16384
1152504,small_user1,1,READ,0x10001f2b000,16384
1152629,small_user1,1,WRITE,0x10001f2f000,4096
1152655,small_user1,1,READ,0x10001f30000,4096
1152683,small_user1,1,READ,0x10001f31000,8192
1152886,small_user0,0,READ,0x1f28000,16384
1153351,small_user1,1,WRITE,0x10001f33000,16384
1153482,small_user1,1,READ,0x10001f37000,8192
1153656,small_user1,1,WRITE,0x10001f39000,16384
1153852,small_user1,1,WRITE,0x10001f3d000,8192
1154039,small_user1,1,READ,0x10001f3f000,4096
1154122,small_user0,0,READ,0x1f2c000,16384
1154223,large_user0,2,WRITE,0x20003440000,262144
1154359,small_user0,0,READ,0x1f30000,8192
1154451,large_user1,3,WRITE,0x30003040000,131072
1154486,small_user1,1,READ,0x10001f40000,8192
1154559,small_user0,0,WRITE,0x1f32000,8192
1154614,small_user0,0,READ,0x1f34000,16384
1154643,small_user1,1,READ,0x10001f42000,16384
1155065,large_user1,3,READ,0x30003060000,131072
1155110,small_user0,0,READ,0x1f38000,4096
1155271,small_user1,1,READ,0x10001f46000,16384
1155272,small_user1,1,READ,0x10001f4a000,16384
1155352,small_user1,1,WRITE,0x10001f4e000,4096
1155451,small_user1,1,READ,0x10001f4f000,4096
1155472,small_user0,0,WRITE,0x1f39000,4096
1155511,large_user0,2,WRITE,0x20003480000,65536
1155554,small_user1,1,READ,0x10001f50000,4096
1155564,small_user0,0,READ,0x1f3a000,4096
1155853,small_user1,1,WRITE,0x10001f51000,8192
1156167,small_user0,0,READ,0x1f3b000,16384
1156688,small_user1,1,READ,0x10001f53000,4096
1156734,small_user0,0,READ,0x1f3f000,4096
1156765,small_user1,1,READ,0x10001f54000,8192
1157070,small_user1,1,WRITE,0x10001f56000,16384
1157196,small_user0,0,WRITE,0x1f40000,16384
1157208,small_user1,1,READ,0x10001f5a000,8192
1157290,small_user0,0,READ,0x1f44000,16384
1157868,small_user0,0,READ,0x1f48000,4096
1157926,small_user0,0,WRITE,0x1f49000,4096
1158108,large_user1,3,READ,0x30003080000,65536
1158210,small_user1,1,READ,0x10001f5c000,16384
1158399,small_user1,1,WRITE,0x10001f60000,16384
1158710,small_user1,1,READ,0x10001f64000,4096
1158826,small_user0,0,READ,0x1f4a000,16384
1159173,small_user0,0,READ,0x1f4e000,16384
1159175,small_user1,1,WRITE,0x10001f65000,4096
1160036,small_user1,1,READ,0x10001f66000,4096
1160043,small_user0,0,READ,0x1f52000,16384
1160161,small_user1,1,WRITE,0x10001f67000,4096
1160309,small_user0,0,READ,0x1f56000,8192
1160341,small_user1,1,WRITE,0x10001f68000,16384
1160410,small_user0,0,READ,0x1f58000,4096
1160807,small_user0,0,READ,0x1f59000,16384
1160853,small_user1,1,WRITE,0x10001f6c000,8192
1161000,small_user1,1,READ,0x10001f6e000,16384
1161020,small_user1,1,READ,0x10001f72000,8192
1161058,small_user1,1,READ,0x10001f74000,4096
1161323,small_user1,1,READ,0x10001f75000,4096
1161471,small_user0,0,WRITE,0x1f5d000,16384
1161653,small_user0,0,READ,0x1f61000,8192
1162099,small_user0,0,READ,0x1f63000,4096
1162116,small_user1,1,READ,0x10001f76000,8192
1162174,small_user1,1,READ,0x10001f78000,4096
1162428,small_user1,1,WRITE,0x10001f79000,4096
1162667,small_user0,0,READ,0x1f64000,8192
1162782,small_user0,0,READ,0x1f66000,16384
1162946,small_user0,0,WRITE,0x1f6a000,4096
1162974,small_user1,1,READ,0x10001f7a000,4096
1163248,small_user0,0,READ,0x1f6b000,16384
1163291,small_user0,0,WRITE,0x1f6f000,16384
1163294,small_user1,1,WRITE,0x10001f7b000,16384
1163415,small_user0,0,READ,0x1f73000,16384
1163513,small_user0,0,READ,0x1f77000,8192
1163600,small_user1,1,WRITE,0x10001f7f000,8192
1163696,small_user0,0,WRITE,0x1f79000,16384
1163711,small_user1,1,READ,0x10001f81000,4096
1163832,large_user1,3,READ,0x30003090000,131072
1163852,small_user0,0,READ,0x1f7d000,8192
1163893,small_user1,1,READ,0x10001f82000,16384
1164179,small_user1,1,WRITE,0x10001f86000,8192
1164190,small_user0,0,READ,0x1f7f000,16384
1164193,small_user1,1,WRITE,0x10001f88000,4096
1164222,small_user1,1,READ,0x10001f89000,4096
1164250,small_user0,0,READ,0x1f83000,8192
1164399,small_user1,1,READ,0x10001f8a000,4096
1164509,small_user0,0,READ,0x1f85000,8192
1164715,small_user0,0,READ,0x1f87000,16384
1164910,small_user0,0,READ,0x1f8b000,4096
1165200,small_user0,0,READ,0x1f8c000,4096
1165225,small_user1,1,WRITE,0x10001f8b000,16384
1165357,small_user1,1,READ,0x10001f8f000,4096
1165477,large_user0,2,READ,0x20003490000,262144
1165682,small_user1,1,READ,0x10001f90000,8192
1166334,small_user0,0,READ,0x1f8d000,16384
1166346,small_user1,1,READ,0x10001f92000,16384
1166716,small_user0,0,READ,0x1f91000,8192
1166820,small_user0,0,WRITE,0x1f93000,8192
1167087,small_user1,1,WRITE,0x10001f96000,4096
1167279,small_user1,1,READ,0x10001f97000,4096
1167594,small_user1,1,READ,0x10001f98000,8192
1167927,small_user0,0,READ,0x1f95000,16384
1167927,small_user0,0,WRITE,0x1f99000,4096
1168044,small_user1,1,WRITE,0x10001f9a000,8192
1168128,small_user1,1,WRITE,0x10001f9c000,4096
1168320,small_user0,0,WRITE,0x1f9a000,16384
1168639,small_user1,1,READ,0x10001f9d000,8192
1168655,small_user0,0,READ,0x1f9e000,16384
1168752,small_user0,0,READ,0x1fa2000,8192
1168761,small_user1,1,WRITE,0x10001f9f000,8192
1169197,small_user1,1,READ,0x10001fa1000,4096
1169208,large_user1,3,READ,0x300030b0000,262144
1169287,small_user1,1,READ,0x10001fa2000,16384
1169309,small_user0,0,READ,0x1fa4000,16384
1169501,small_user0,0,READ,0x1fa8000,4096
1169618,small_user0,0,READ,0x1fa9000,8192
1169724,small_user1,1,READ,0x10001fa6000,8192
1169868,small_user0,0,READ,0x1fab000,4096
1170330,small_user0,0,WRITE,0x1fac000,4096
1170381,small_user0,0,READ,0x1fad000,16384
1170573,small_user1,1,WRITE,0x10001fa8000,4096
1170695,small_user0,0,READ,0x1fb1000,8192
1170715,small_user1,1,READ,0x10001fa9000,4096
1170931,large_user1,3,WRITE,0x300030f0000,131072
1171144,small_user1,1,READ,0x10001faa000,4096
1171363,small_user1,1,WRITE,0x10001fab000,16384
1171429,small_user0,0,READ,0x1fb3000,16384
1171600,small_user0,0,READ,0x1fb7000,16384
1171694,small_user0,0,READ,0x1fbb000,8192
1171834,small_user0,0,READ,0x1fbd000,4096
1171841,small_user0,0,READ,0x1fbe000,4096
1171970,small_user0,0,READ,0x1fbf000,4096
1172051,small_user1,1,READ,0x10001faf000,16384
1172214,small_user0,0,READ,0x1fc0000,16384
1172435,small_user0,0,READ,0x1fc4000,4096
1172508,small_user0,0,READ,0x1fc5000,8192
1172566,small_user1,1,READ,0x10001fb3000,16384
1172599,small_user0,0,READ,0x1fc7000,16384
1172724,small_user0,0,READ,0x1fcb000,4096
1172801,small_user1,1,READ,0x10001fb7000,16384
1173024,small_user1,1,READ,0x10001fbb000,8192
1173219,small_user0,0,READ,0x1fcc000,4096
1173293,large_user0,2,READ,0x200034d0000,65536
1173383,small_user1,1,READ,0x10001fbd000,16384
1173441,small_user0,0,READ,0x1fcd000,8192
1173581,small_user1,1,READ,0x10001fc1000,4096
1174135,small_user1,1,READ,0x10001fc2000,16384
1174167,small_user0,0,READ,0x1fcf000,16384
1174251,small_user0,0,READ,0x1fd3000,8192
1174391,small_user0,0,WRITE,0x1fd5000,8192
1174426,small_user0,0,READ,0x1fd7000,16384
1174522,small_user1,1,READ,0x10001fc6000,4096
1174562,small_user1,1,READ,0x10001fc7000,4096
1174733,small_user0,0,WRITE,0x1fdb000,4096
1174740,small_user0,0,READ,0x1fdc000,16384
1174816,small_user1,1,READ,0x10001fc8000,4096
1174875,small_user1,1,READ,0x10001fc9000,8192
1174880,small_user0,0,READ,0x1fe0000,4096
1174895,small_user1,1,READ,0x10001fcb000,4096
1175035,small_user0,0,READ,0x1fe1000,16384
1175132,large_user0,2,WRITE,0x200034e0000,262144
1175173,small_user1,1,READ,0x10001fcc000,4096
1175493,small_user1,1,WRITE,0x10001fcd000,8192
1175766,small_user1,1,READ,0x10001fcf000,16384
1175811,small_user0,0,READ,0x1fe5000,16384
1175832,small_user1,1,WRITE,0x10001fd3000,16384
1175983,large_user1,3,WRITE,0x30003110000,262144
1176397,small_user1,1,READ,0x10001fd7000,4096
1176729,small_user0,0,READ,0x1fe9000,8192
1176781,small_user1,1,READ,0x10001fd8000,16384
1176891,small_user0,0,READ,0x1feb000,16384
1177112,small_user1,1,READ,0x10001fdc000,16384
1177227,small_user1,1,READ,0x10001fe0000,16384
1177258,small_user0,0,READ,0x1fef000,8192
1177409,small_user1,1,WRITE,0x10001fe4000,16384
1177414,small_user1,1,READ,0x10001fe8000,8192
1177454,small_user0,0,WRITE,0x1ff1000,8192
1177694,small_user1,1,READ,0x10001fea000,16384
1177706,small_user0,0,WRITE,0x1ff3000,16384
1177744,large_user1,3,READ,0x30003150000,262144
1177990,small_user1,1,WRITE,0x10001fee000,8192
1178111,small_user1,1,READ,0x10001ff0000,4096
1178283,large_user0,2,READ,0x20003520000,262144
1178392,small_user0,0,READ,0x1ff7000,16384
1178399,small_user1,1,READ,0x10001ff1000,16384
1178499,small_user0,0,WRITE,0x1ffb000,4096
1178504,small_user1,1,READ,0x10001ff5000,16384
1178575,small_user1,1,WRITE,0x10001ff9000,4096
1178659,small_user1,1,READ,0x10001ffa000,4096
1178983,small_user0,0,READ,0x1ffc000,16384
1179030,large_user1,3,WRITE,0x30003190000,262144
1179122,small_user1,1,READ,0x10001ffb000,16384
1179172,small_user0,0,READ,0x2000000,4096
1179448,small_user1,1,WRITE,0x10001fff000,4096
1179775,small_user0,0,READ,0x2001000,16384
1180062,small_user0,0,WRITE,0x2005000,8192
1180088,large_user1,3,WRITE,0x300031d0000,262144
1180330,small_user1,1,WRITE,0x10002000000,16384
1180494,small_user1,1,WRITE,0x10002004000,4096
1180521,small_user1,1,READ,0x10002005000,16384
1180582,small_user0,0,READ,0x2007000,8192
1180910,small_user0,0,READ,0x2009000,8192
1180926,small_user1,1,READ,0x10002009000,16384
1180946,small_user1,1,READ,0x1000200d000,8192
1181559,small_user0,0,READ,0x200b000,8192
1181967,small_user1,1,READ,0x1000200f000,4096
1182066,small_user1,1,READ,0x10002010000,16384
1182102,small_user1,1,READ,0x10002014000,4096
1182104,small_user1,1,WRITE,0x10002015000,16384
1182235,small_user0,0,READ,0x200d000,4096
1182354,small_user1,1,WRITE,0x10002019000,16384
1182475,small_user1,1,READ,0x1000201d000,8192
1182858,small_user0,0,WRITE,0x200e000,16384
1182916,small_user0,0,READ,0x2012000,16384
1182924,small_user1,1,READ,0x1000201f000,4096
1183000,small_user0,0,READ,0x2016000,8192
1183353,small_user1,1,WRITE,0x10002020000,4096
1183370,small_user1,1,READ,0x10002021000,8192
1183726,small_user1,1,READ,0x10002023000,4096
1183732,small_user1,1,WRITE,0x10002024000,8192
1184022,small_user1,1,READ,0x10002026000,4096
1184149,small_user1,1,READ,0x10002027000,4096
1184544,small_user1,1,READ,0x10002028000,8192
1184844,small_user1,1,WRITE,0x1000202a000,4096
1184951,small_user1,1,READ,0x1000202b000,16384
1185040,small_user0,0,READ,0x2018000,4096
1185109,small_user0,0,READ,0x2019000,4096
1185818,small_user1,1,READ,0x1000202f000,16384
1185847,small_user0,0,READ,0x201a000,8192
1185848,small_user0,0,READ,0x201c000,8192
1186152,small_user0,0,WRITE,0x201e000,16384
1186293,small_user0,0,WRITE,0x2022000,4096
1186565,small_user1,1,READ,0x10002033000,16384
1187150,small_user0,0,READ,0x2023000,16384
1187212,small_user0,0,WRITE,0x2027000,8192
1187318,small_user1,1,READ,0x10002037000,8192
1187425,small_user0,0,WRITE,0x2029000,8192
1187579,small_user1,1,READ,0x10002039000,8192
1187590,small_user0,0,READ,0x202b000,8192
1187743,small_user1,1,WRITE,0x1000203b000,8192
1187780,small_user1,1,WRITE,0x1000203d000,4096
1187965,small_user0,0,READ,0x202d000,4096
1188215,small_user0,0,READ,0x202e000,4096
1189347,small_user1,1,READ,0x1000203e000,4096
1189412,small_user0,0,READ,0x202f000,8192
1189699,small_user1,1,READ,0x1000203f000,8192
1189709,small_user0,0,READ,0x2031000,4096
1189727,small_user0,0,WRITE,0x2032000,16384
1189841,small_user0,0,READ,0x2036000,8192
1189853,small_user0,0,READ,0x2038000,8192
1190217,large_user0,2,WRITE,0x20003560000,131072
1190347,small_user1,1,READ,0x10002041000,8192
1190410,large_user0,2,READ,0x20003580000,65536
1190449,small_user0,0,READ,0x203a000,16384
1190573,small_user0,0,WRITE,0x203e000,8192
1190655,large_user0,2,READ,0x20003590000,262144
1190966,small_user1,1,READ,0x10002043000,8192
1190978,small_user1,1,WRITE,0x10002045000,4096
1191047,small_user1,1,READ,0x10002046000,8192
1191054,large_user0,2,READ,0x200035d0000,131072
1191445,small_user0,0,READ,0x2040000,4096
1191527,large_user1,3,READ,0x30003210000,65536
1191865,small_user1,1,READ,0x10002048000,8192
1191935,small_user0,0,WRITE,0x2041000,4096
1191991,small_user0,0,READ,0x2042000,16384
1192045,small_user0,0,READ,0x2046000,8192
1192447,small_user0,0,READ,0x2048000,4096
1192681,small_user0,0,WRITE,0x2049000,4096
1193423,small_user1,1,READ,0x1000204a000,16384
1193841,small_user0,0,READ,0x204a000,8192
1193903,large_user1,3,WRITE,0x30003220000,262144
1194064,small_user1,1,READ,0x1000204e000,8192
1194174,small_user1,1,READ,0x10002050000,4096
1194196,small_user1,1,READ,0x10002051000,4096
1194204,small_user1,1,READ,0x10002052000,4096
1194331,small_user1,1,READ,0x10002053000,16384
1194405,small_user0,0,WRITE,0x204c000,4096
1194682,small_user0,0,READ,0x204d000,4096
1194974,small_user0,0,READ,0x204e000,16384
1195543,small_user0,0,READ,0x2052000,4096
1195659,small_user1,1,READ,0x10002057000,16384
1195688,small_user0,0,READ,0x2053000,16384
1195844,small_user0,0,READ,0x2057000,16384
1195884,small_user0,0,READ,0x205b000,16384
1195903,small_user0,0,WRITE,0x205f000,8192
1196132,small_user0,0,READ,0x2061000,4096
1196281,small_user1,1,WRITE,0x1000205b000,4096
1196288,small_user0,0,WRITE,0x2062000,8192
1196712,large_user0,2,READ,0x200035f0000,262144
1196778,small_user1,1,READ,0x1000205c000,16384
1197212,small_user1,1,READ,0x10002060000,4096
1197228,small_user1,1,READ,0x10002061000,8192
1197399,small_user1,1,READ,0x10002063000,8192
1197504,small_user1,1,READ,0x10002065000,4096
1197548,small_user0,0,READ,0x2064000,4096
1197630,small_user0,0,READ,0x2065000,16384
1197996,small_user0,0,READ,0x2069000,16384
1198369,small_user0,0,READ,0x206d000,8192
1198440,small_user0,0,WRITE,0x206f000,8192
1198448,small_user1,1,READ,0x10002066000,16384
1198703,small_user0,0,READ,0x2071000,8192
1199085,small_user0,0,READ,0x2073000,8192
1199093,small_user1,1,READ,0x1000206a000,8192
1199105,small_user0,0,READ,0x2075000,4096
1199311,small_user1,1,READ,0x1000206c000,4096
1199549,small_user0,0,WRITE,0x2076000,4096
1199620,small_user1,1,READ,0x1000206d000,4096
1199665,small_user1,1,WRITE,0x1000206e000,16384
1199836,small_user0,0,WRITE,0x2077000,8192
1200097,small_user1,1,READ,0x10002072000,16384
1200298,small_user0,0,WRITE,0x2079000,4096
1200447,small_user1,1,WRITE,0x10002076000,8192
1201052,small_user1,1,READ,0x10002078000,4096
1201342,small_user0,0,READ,0x207a000,16384
1201389,small_user1,1,READ,0x10002079000,16384
1201687,small_user1,1,READ,0x1000207d000,8192
1201759,small_user1,1,READ,0x1000207f000,16384
1201804,small_user0,0,WRITE,0x207e000,16384
1201888,small_user0,0,READ,0x2082000,8192
1201987,large_user1,3,READ,0x30003260000,65536
1202152,small_user0,0,READ,0x2084000,8192
1202249,small_user1,1,READ,0x10002083000,4096
1202594,small_user0,0,WRITE,0x2086000,8192
1202678,small_user0,0,WRITE,0x2088000,16384
1202693,small_user1,1,WRITE,0x10002084000,16384
1203285,small_user0,0,READ,0x208c000,16384
1203321,small_user0,0,READ,0x2090000,4096
1203699,small_user0,0,READ,0x2091000,4096
1203888,small_user1,1,READ,0x10002088000,4096
1204038,small_user0,0,READ,0x2092000,4096
1204061,small_user1,1,READ,0x10002089000,16384
1204095,small_user1,1,READ,0x1000208d000,16384
1204145,small_user1,1,READ,0x10002091000,4096
1204390,small_user0,0,READ,0x2093000,4096
1204393,small_user1,1,READ,0x10002092000,4096
1204496,small_user1,1,WRITE,0x10002093000,16384
1204597,small_user0,0,READ,0x2094000,8192
1204680,small_user1,1,READ,0x10002097000,4096
1204760,small_user0,0,WRITE,0x2096000,4096
1205123,small_user1,1,READ,0x10002098000,4096
1205176,small_user0,0,READ,0x2097000,4096
1205391,small_user0,0,WRITE,0x2098000,16384
1205508,small_user0,0,WRITE,0x209c000,4096
1205525,small_user1,1,WRITE,0x10002099000,4096
1205762,large_user1,3,READ,0x30003270000,262144
1205910,small_user1,1,WRITE,0x1000209a000,16384
1206166,small_user0,0,READ,0x209d000,4096
1206229,small_user0,0,WRITE,0x209e000,8192
1206240,small_user1,1,READ,0x1000209e000,16384
1206244,small_user0,0,WRITE,0x20a0000,4096
1206354,small_user0,0,WRITE,0x20a1000,8192
1206531,small_user0,0,READ,0x20a3000,16384
1206617,large_user0,2,READ,0x20003630000,131072
1206862,small_user0,0,READ,0x20a7000,8192
1207053,large_user1,3,READ,0x300032b0000,131072
1207183,small_user1,1,WRITE,0x100020a2000,4096
1207256,small_user0,0,READ,0x20a9000,4096
1207271,small_user1,1,READ,0x100020a3000,4096
1207282,small_user0,0,READ,0x20aa000,16384
1207618,small_user1,1,READ,0x100020a4000,16384
1207850,small_user1,1,READ,0x100020a8000,4096
1207978,small_user0,0,WRITE,0x20ae000,4096
1208013,small_user1,1,READ,0x100020a9000,16384
1208116,small_user0,0,WRITE,0x20af000,16384
1208163,small_user0,0,READ,0x20b3000,4096
1208545,small_user0,0,READ,0x20b4000,8192
1208661,small_user0,0,READ,0x20b6000,8192
1208766,small_user0,0,WRITE,0x20b8000,8192
1208857,small_user0,0,READ,0x20ba000,16384
1208879,small_user0,0,READ,0x20be000,16384
1208892,small_user0,0,WRITE,0x20c2000,8192
1209307,large_user1,3,READ,0x300032d0000,262144
1209420,small_user0,0,WRITE,0x20c4000,8192
1209510,small_user1,1,READ,0x100020ad000,8192
1209650,small_user1,1,READ,0x100020af000,8192
1209751,small_user1,1,READ,0x100020b1000,4096
1210261,small_user0,0,READ,0x20c6000,8192
1210540,small_user1,1,READ,0x100020b2000,4096
1210682,small_user0,0,READ,0x20c8000,8192
1210683,small_user1,1,READ,0x100020b3000,4096
1210920,small_user1,1,READ,0x100020b4000,16384
1211018,small_user0,0,WRITE,0x20ca000,8192
1211175,small_user1,1,READ,0x100020b8000,4096
1211285,small_user1,1,READ,0x100020b9000,16384
1211435,small_user0,0,WRITE,0x20cc000,8192
1211443,small_user1,1,READ,0x100020bd000,16384
1211513,small_user0,0,READ,0x20ce000,8192
1211535,small_user0,0,READ,0x20d0000,16384
1211594,small_user0,0,READ,0x20d4000,8192
1211654,small_user1,1,WRITE,0x100020c1000,4096
1212089,small_user1,1,WRITE,0x100020c2000,4096
1212136,small_user1,1,READ,0x100020c3000,4096
1212147,small_user0,0,READ,0x20d6000,4096
1212589,small_user1,1,WRITE,0x100020c4000,4096
1212694,small_user1,1,READ,0x100020c5000,8192
1212800,small_user1,1,READ,0x100020c7000,16384
1212922,small_user1,1,READ,0x100020cb000,8192
1213081,small_user1,1,READ,0x100020cd000,4096
1213317,small_user1,1,READ,0x100020ce000,8192
1213374,small_user1,1,WRITE,0x100020d0000,16384
1213467,small_user1,1,WRITE,0x100020d4000,4096
1213488,small_user0,0,WRITE,0x20d7000,4096
1213556,small_user0,0,READ,0x20d8000,4096
1213631,small_user1,1,WRITE,0x100020d5000,4096
1213647,small_user0,0,READ,0x20d9000,4096
1213707,small_user1,1,READ,0x100020d6000,16384
1213815,small_user1,1,WRITE,0x100020da000,4096
1213911,small_user1,1,WRITE,0x100020db000,8192
1213997,small_user0,0,READ,0x20da000,16384
1214095,small_user0,0,READ,0x20de000,4096
1214736,small_user0,0,READ,0x20df000,16384
1214877,small_user0,0,READ,0x20e3000,4096
1215680,small_user0,0,READ,0x20e4000,16384
1215686,small_user0,0,WRITE,0x20e8000,8192
1215924,large_user1,3,WRITE,0x30003310000,65536
1216109,small_user0,0,WRITE,0x20ea000,4096
1216412,small_user0,0,READ,0x20eb000,4096
1216494,small_user1,1,WRITE,0x100020dd000,8192
1216780,small_user1,1,READ,0x100020df000,8192
1216809,small_user1,1,READ,0x100020e1000,4096
1217141,small_user1,1,READ,0x100020e2000,4096
1217371,small_user1,1,READ,0x100020e3000,8192
1217375,small_user1,1,READ,0x100020e5000,4096
1217679,small_user1,1,WRITE,0x100020e6000,8192
1217743,small_user1,1,WRITE,0x100020e8000,4096
1218372,small_user0,0,READ,0x20ec000,16384
1218570,small_user0,0,READ,0x20f0000,8192
1218609,small_user0,0,READ,0x20f2000,4096
1218646,small_user1,1,READ,0x100020e9000,8192
1218792,large_user0,2,WRITE,0x20003650000,65536
1218797,large_user1,3,WRITE,0x30003320000,131072
1218839,small_user1,1,READ,0x100020eb000,4096
1218915,small_user0,0,WRITE,0x20f3000,4096
1219202,small_user1,1,READ,0x100020ec000,4096
1219607,large_user1,3,WRITE,0x30003340000,262144
1219674,small_user0,0,READ,0x20f4000,8192
1219679,small_user1,1,READ,0x100020ed000,16384
1219886,small_user1,1,READ,0x100020f1000,8192
1219956,small_user0,0,WRITE,0x20f6000,16384
1219979,small_user0,0,READ,0x20fa000,8192
1220212,small_user1,1,WRITE,0x100020f3000,8192
1220523,small_user0,0,READ,0x20fc000,16384
1220878,small_user1,1,READ,0x100020f5000,8192
1221167,small_user1,1,WRITE,0x100020f7000,16384
1221295,small_user0,0,READ,0x2100000,4096
1221560,small_user1,1,READ,0x100020fb000,8192
1221576,small_user1,1,READ,0x100020fd000,4096
1221669,small_user1,1,READ,0x100020fe000,8192
1221735,small_user0,0,READ,0x2101000,8192
1221869,large_user0,2,WRITE,0x20003660000,262144
1222163,small_user1,1,READ,0x10002100000,4096
1222456,small_user0,0,WRITE,0x2103000,4096
1222777,small_user0,0,READ,0x2104000,8192
1222786,small_user1,1,READ,0x10002101000,16384
1222818,small_user0,0,READ,0x2106000,8192
1222952,small_user0,0,READ,0x2108000,16384
1223032,small_user0,0,READ,0x210c000,4096
1223224,small_user0,0,READ,0x210d000,4096
1223326,small_user0,0,WRITE,0x210e000,16384
1223525,small_user1,1,READ,0x10002105000,8192
1223776,small_user1,1,READ,0x10002107000,16384
1224067,small_user0,0,READ,0x2112000,8192
1224177,large_user1,3,READ,0x30003380000,262144
1224239,small_user1,1,READ,0x1000210b000,16384
1224638,small_user0,0,READ,0x2114000,4096
1224840,small_user1,1,READ,0x1000210f000,8192
1225114,small_user1,1,READ,0x10002111000,4096
1225210,small_user0,0,READ,0x2115000,16384
1225324,small_user0,0,READ,0x2119000,4096
1225521,small_user1,1,READ,0x10002112000,4096
1225552,small_user1,1,READ,0x10002113000,4096
1225655,small_user1,1,READ,0x10002114000,4096
1225775,small_user0,0,READ,0x211a000,4096
1225869,small_user1,1,READ,0x10002115000,4096
1226081,small_user1,1,READ,0x10002116000,16384
1226362,small_user1,1,WRITE,0x1000211a000,16384
1226850,large_user1,3,READ,0x300033c0000,262144
1226912,small_user0,0,WRITE,0x211b000,4096
1227013,small_user0,0,READ,0x211c000,16384
1227084,small_user1,1,READ,0x1000211e000,16384
1227290,small_user1,1,READ,0x10002122000,16384
1227348,small_user0,0,READ,0x2120000,4096
1227414,small_user1,1,READ,0x10002126000,16384
1227495,small_user0,0,WRITE,0x2121000,4096
1227565,small_user0,0,READ,0x2122000,4096
1227600,small_user1,1,READ,0x1000212a000,8192
1227911,small_user0,0,READ,0x2123000,4096
1228477,small_user1,1,WRITE,0x1000212c000,16384
1228536,small_user1,1,READ,0x10002130000,8192
1228735,small_user1,1,READ,0x10002132000,8192
1228976,small_user0,0,READ,0x2124000,4096
1229248,small_user1,1,READ,0x10002134000,4096
1229283,small_user0,0,READ,0x2125000,4096
1229376,small_user1,1,READ,0x10002135000,8192
1229602,small_user0,0,WRITE,0x2126000,4096
1229660,small_user1,1,READ,0x10002137000,16384
1229686,small_user0,0,READ,0x2127000,4096
1230357,small_user1,1,READ,0x1000213b000,16384
1230551,small_user1,1,READ,0x1000213f000,16384
1230704,small_user1,1,WRITE,0x10002143000,4096
1231151,small_user1,1,WRITE,0x10002144000,4096
1231341,small_user1,1,READ,0x10002145000,4096
1231461,small_user1,1,READ,0x10002146000,16384
1231582,small_user1,1,READ,0x1000214a000,4096
1231607,small_user1,1,READ,0x1000214b000,4096
1231853,small_user0,0,READ,0x2128000,8192
1231942,small_user1,1,READ,0x1000214c000,4096
1232047,small_user1,1,READ,0x1000214d000,16384
1232097,small_user0,0,WRITE,0x212a000,8192
1232261,small_user1,1,READ,0x10002151000,4096
1232397,small_user0,0,READ,0x212c000,4096
1232460,small_user1,1,READ,0x10002152000,4096
1232528,small_user1,1,READ,0x10002153000,4096
1232577,small_user1,1,WRITE,0x10002154000,4096
1232862,large_user0,2,READ,0x200036a0000,262144
1232979,small_user0,0,READ,0x212d000,16384
1233272,small_user1,1,READ,0x10002155000,16384
1233629,small_user1,1,READ,0x10002159000,4096
1234145,small_user1,1,READ,0x1000215a000,16384
1234236,large_user0,2,READ,0x200036e0000,262144
1234255,small_user0,0,WRITE,0x2131000,16384
1234576,small_user0,0,READ,0x2135000,8192
1234714,small_user1,1,READ,0x1000215e000,4096
1234905,small_user1,1,READ,0x1000215f000,4096
1235341,small_user1,1,WRITE,0x10002160000,8192
1235348,small_user1,1,READ,0x10002162000,16384
1235376,small_user0,0,READ,0x2137000,8192
1235785,small_user0,0,READ,0x2139000,16384
1235790,small_user0,0,READ,0x213d000,4096
1235807,small_user1,1,READ,0x10002166000,4096
1235887,small_user0,0,READ,0x213e000,8192
1235900,small_user0,0,READ,0x2140000,4096
1236030,small_user0,0,WRITE,0x2141000,4096
1236127,small_user1,1,READ,0x10002167000,4096
1236451,small_user0,0,READ,0x2142000,8192
1236465,small_user0,0,READ,0x2144000,16384
1236570,small_user0,0,WRITE,0x2148000,16384
1237085,small_user1,1,READ,0x10002168000,16384
1237127,small_user1,1,WRITE,0x1000216c000,4096
1237155,small_user1,1,READ,0x1000216d000,8192
1237751,small_user0,0,READ,0x214c000,4096
1237757,small_user1,1,WRITE,0x1000216f000,4096
1237790,small_user1,1,READ,0x10002170000,4096
1237914,small_user1,1,WRITE,0x10002171000,4096
1237985,large_user0,2,READ,0x20003720000,131072
1238173,small_user1,1,WRITE,0x10002172000,8192
1238190,large_user0,2,WRITE,0x20003740000,131072
1238400,small_user1,1,READ,0x10002174000,4096
1238512,large_user1,3,WRITE,0x30003400000,262144
1238552,small_user0,0,READ,0x214d000,4096
1239210,small_user0,0,WRITE,0x214e000,4096
1239269,small_user0,0,READ,0x214f000,16384
1239714,small_user1,1,WRITE,0x10002175000,16384
1239835,large_user0,2,WRITE,0x20003760000,262144
1239909,small_user0,0,WRITE,0x2153000,8192
1240069,small_user0,0,READ,0x2155000,16384
1240110,small_user1,1,WRITE,0x10002179000,8192
1240172,small_user0,0,READ,0x2159000,8192
1240517,small_user0,0,WRITE,0x215b000,16384
1240571,small_user0,0,WRITE,0x215f000,16384
1240581,small_user0,0,READ,0x2163000,16384
1240715,small_user0,0,READ,0x2167000,16384
1240823,small_user1,1,WRITE,0x1000217b000,4096
1241449,large_user1,3,READ,0x30003440000,131072
1241560,small_user1,1,READ,0x1000217c000,16384
1241827,small_user0,0,WRITE,0x216b000,16384
1242279,large_user1,3,READ,0x30003460000,262144
1242301,small_user1,1,READ,0x10002180000,4096
1242322,small_user1,1,READ,0x10002181000,16384
1242494,small_user1,1,READ,0x10002185000,8192
1242717,small_user0,0,READ,0x216f000,4096
1243219,small_user1,1,READ,0x10002187000,8192
1243222,small_user1,1,READ,0x10002189000,16384
1243270,small_user0,0,READ,0x2170000,4096
1243486,small_user0,0,READ,0x2171000,4096
1243490,small_user1,1,READ,0x1000218d000,4096
1243547,small_user1,1,WRITE,0x1000218e000,8192
1243714,small_user0,0,READ,0x2172000,8192
1243779,small_user0,0,READ,0x2174000,16384
1244015,small_user1,1,WRITE,0x10002190000,8192
1244308,large_user1,3,WRITE,0x300034a0000,131072
1244546,small_user0,0,WRITE,0x2178000,8192
1244609,small_user0,0,READ,0x217a000,4096
1244712,small_user1,1,READ,0x10002192000,8192
1244822,small_user1,1,READ,0x10002194000,4096
1245024,small_user0,0,READ,0x217b000,16384
1245064,small_user1,1,WRITE,0x10002195000,16384
1245230,small_user0,0,READ,0x217f000,16384
1245244,small_user1,1,WRITE,0x10002199000,8192
1245329,small_user0,0,READ,0x2183000,4096
1245341,large_user0,2,READ,0x200037a0000,262144
1245601,small_user1,1,READ,0x1000219b000,16384
1245952,small_user0,0,READ,0x2184000,4096
1246354,small_user1,1,READ,0x1000219f000,16384
1246431,small_user1,1,READ,0x100021a3000,8192
1246530,small_user1,1,READ,0x100021a5000,8192
1246607,small_user0,0,READ,0x2185000,8192
1246686,small_user0,0,READ,0x2187000,4096
1247401,large_user1,3,READ,0x300034c0000,131072
1247473,small_user0,0,READ,0x2188000,8192
1247711,small_user1,1,READ,0x100021a7000,16384
1247918,small_user0,0,READ,0x218a000,8192
1248035,small_user1,1,WRITE,0x100021ab000,8192
1248186,small_user1,1,WRITE,0x100021ad000,16384
1248349,small_user1,1,READ,0x100021b1000,16384
1248370,small_user0,0,READ,0x218c000,16384
1248675,small_user0,0,READ,0x2190000,8192
1248700,small_user1,1,READ,0x100021b5000,8192
1249268,small_user0,0,READ,0x2192000,8192
1249411,small_user0,0,WRITE,0x2194000,8192
1249754,small_user1,1,READ,0x100021b7000,4096
1249792,small_user1,1,READ,0x100021b8000,4096
1249864,large_user0,2,READ,0x200037e0000,65536
1249942,large_user1,3,READ,0x300034e0000,262144
1249959,small_user0,0,WRITE,0x2196000,8192
1250159,small_user0,0,READ,0x2198000,16384
1250196,small_user0,0,READ,0x219c000,8192
1250638,small_user1,1,WRITE,0x100021b9000,4096
1250806,small_user0,0,READ,0x219e000,4096
1250849,small_user0,0,WRITE,0x219f000,8192
1250995,small_user0,0,READ,0x21a1000,8192
1251008,small_user0,0,READ,0x21a3000,16384
1251204,small_user1,1,WRITE,0x100021ba000,4096
1251288,large_user0,2,WRITE,0x200037f0000,65536
1251696,small_user1,1,READ,0x100021bb000,8192
1251766,small_user0,0,READ,0x21a7000,4096
1252311,small_user1,1,READ,0x100021bd000,4096
1252428,small_user0,0,READ,0x21a8000,8192
1252721,small_user1,1,READ,0x100021be000,4096
1252879,small_user1,1,WRITE,0x100021bf000,4096
1252950,small_user0,0,READ,0x21aa000,8192
1253116,small_user0,0,WRITE,0x21ac000,8192
1253237,small_user1,1,READ,0x100021c0000,16384
1253274,small_user0,0,READ,0x21ae000,16384
1253488,small_user1,1,READ,0x100021c4000,4096
1253542,large_user1,3,WRITE,0x30003520000,131072
1253698,small_user0,0,READ,0x21b2000,16384
1253792,small_user0,0,WRITE,0x21b6000,16384
1253964,small_user1,1,READ,0x100021c5000,8192
1254157,small_user1,1,READ,0x100021c7000,16384
1254200,small_user1,1,READ,0x100021cb000,16384
1254730,small_user0,0,WRITE,0x21ba000,16384
1254749,small_user1,1,READ,0x100021cf000,16384
1254844,small_user0,0,WRITE,0x21be000,8192
1254863,small_user1,1,READ,0x100021d3000,8192
1255478,small_user1,1,READ,0x100021d5000,16384
1255919,small_user0,0,WRITE,0x21c0000,4096
1256107,small_user0,0,WRITE,0x21c1000,8192
1256172,small_user1,1,WRITE,0x100021d9000,16384
1256274,large_user1,3,READ,0x30003540000,131072
1256737,small_user1,1,WRITE,0x100021dd000,16384
1256870,small_user1,1,WRITE,0x100021e1000,8192
1256881,small_user1,1,WRITE,0x100021e3000,4096
1256959,small_user0,0,READ,0x21c3000,4096
1257266,small_user0,0,READ,0x21c4000,8192
1257302,small_user0,0,READ,0x21c6000,16384
1257493,small_user1,1,READ,0x100021e4000,4096
1257542,small_user0,0,READ,0x21ca000,16384
1257740,small_user1,1,READ,0x100021e5000,4096
1257944,small_user1,1,WRITE,0x100021e6000,4096
1258391,small_user0,0,WRITE,0x21ce000,4096
1258452,small_user0,0,READ,0x21cf000,16384
1258527,small_user1,1,WRITE,0x100021e7000,16384
1258684,small_user1,1,WRITE,0x100021eb000,4096
1258732,small_user1,1,READ,0x100021ec000,16384
1258843,small_user0,0,READ,0x21d3000,8192
1258952,large_user1,3,WRITE,0x30003560000,65536
1258979,small_user1,1,READ,0x100021f0000,16384
1259045,small_user1,1,READ,0x100021f4000,8192
1259232,small_user1,1,READ,0x100021f6000,8192
1259294,small_user1,1,READ,0x100021f8000,4096
1259382,small_user0,0,WRITE,0x21d5000,4096
1259553,small_user1,1,WRITE,0x100021f9000,16384
1259878,small_user1,1,READ,0x100021fd000,16384
1260011,large_user0,2,WRITE,0x20003800000,262144
1260066,small_user1,1,READ,0x10002201000,4096
1260219,small_user0,0,READ,0x21d6000,4096
1260409,small_user1,1,READ,0x10002202000,4096
1260682,small_user1,1,WRITE,0x10002203000,4096
1260739,small_user0,0,READ,0x21d7000,8192
1260987,small_user0,0,READ,0x21d9000,16384
1261040,large_user0,2,READ,0x20003840000,65536
1261048,small_user0,0,READ,0x21dd000,4096
1261323,small_user1,1,READ,0x10002204000,16384
1261510,small_user1,1,READ,0x10002208000,4096
1261696,small_user1,1,WRITE,0x10002209000,16384
1261842,small_user0,0,READ,0x21de000,4096
1261899,small_user1,1,READ,0x1000220d000,4096
1261936,small_user0,0,READ,0x21df000,4096
1262000,small_user0,0,READ,0x21e0000,4096
1262045,small_user1,1,WRITE,0x1000220e000,8192
1262167,small_user0,0,READ,0x21e1000,4096
1262248,small_user1,1,READ,0x10002210000,16384
1262429,small_user0,0,READ,0x21e2000,16384
1262623,small_user0,0,READ,0x21e6000,4096
1262650,small_user1,1,WRITE,0x10002214000,16384
1262655,small_user0,0,READ,0x21e7000,16384
1262703,small_user0,0,WRITE,0x21eb000,4096
1262878,small_user1,1,READ,0x10002218000,16384
1262885,small_user0,0,READ,0x21ec000,16384
1263018,small_user1,1,READ,0x1000221c000,16384
1263391,small_user1,1,READ,0x10002220000,16384
1263562,small_user1,1,WRITE,0x10002224000,4096
1263649,small_user1,1,READ,0x10002225000,8192
1263691,large_user0,2,WRITE,0x20003850000,131072
1263933,small_user0,0,WRITE,0x21f0000,16384
1264002,small_user1,1,READ,0x10002227000,16384
1264115,small_user1,1,WRITE,0x1000222b000,4096
1264519,small_user1,1,READ,0x1000222c000,8192
1264596,small_user1,1,READ,0x1000222e000,4096
1264924,small_user0,0,READ,0x21f4000,8192
1265035,small_user0,0,READ,0x21f6000,16384
1265048,small_user0,0,WRITE,0x21fa000,8192
1265085,small_user1,1,READ,0x1000222f000,8192
1265269,small_user1,1,READ,0x10002231000,8192
1265322,small_user1,1,READ,0x10002233000,8192
1265405,small_user1,1,READ,0x10002235000,8192
1265478,small_user0,0,READ,0x21fc000,4096
1265657,small_user0,0,READ,0x21fd000,16384
1265848,small_user1,1,READ,0x10002237000,4096
1265953,small_user0,0,WRITE,0x2201000,8192
1266443,small_user0,0,READ,0x2203000,8192
1266449,small_user0,0,READ,0x2205000,8192
1266674,small_user1,1,READ,0x10002238000,4096
1266989,small_user1,1,READ,0x10002239000,16384
1267027,small_user0,0,READ,0x2207000,16384
1267146,small_user0,0,WRITE,0x220b000,4096
1267376,small_user0,0,READ,0x220c000,16384
1267575,small_user1,1,READ,0x1000223d000,8192
1267779,small_user1,1,READ,0x1000223f000,16384
1267883,small_user1,1,READ,0x10002243000,4096
1267942,small_user1,1,READ,0x10002244000,8192
1268232,small_user1,1,WRITE,0x10002246000,8192
1268436,large_user1,3,READ,0x30003570000,262144
1268492,small_user0,0,READ,0x2210000,8192
1269222,small_user1,1,READ,0x10002248000,4096
1269272,small_user1,1,READ,0x10002249000,16384
1269553,small_user1,1,READ,0x1000224d000,4096
1269575,large_user1,3,WRITE,0x300035b0000,65536
1269665,small_user0,0,WRITE,0x2212000,8192
1269782,small_user0,0,WRITE,0x2214000,16384
1269925,small_user1,1,READ,0x1000224e000,16384
1269993,large_user0,2,READ,0x20003870000,131072
1270548,large_user1,3,READ,0x300035c0000,262144
1270712,small_user0,0,READ,0x2218000,4096
1270800,large_user0,2,READ,0x20003890000,262144
1270835,small_user0,0,WRITE,0x2219000,4096
1270911,small_user1,1,READ,0x10002252000,4096
1271118,small_user0,0,WRITE,0x221a000,16384
1271164,small_user0,0,WRITE,0x221e000,8192
1271190,small_user1,1,READ,0x10002253000,4096
1271294,large_user0,2,WRITE,0x200038d0000,131072
1271553,small_user0,0,WRITE,0x2220000,8192
1271571,small_user1,1,READ,0x10002254000,16384
1271592,small_user0,0,WRITE,0x2222000,4096
1271946,small_user0,0,READ,0x2223000,16384
1272088,large_user0,2,READ,0x200038f0000,262144
1272090,small_user0,0,READ,0x2227000,8192
1272126,small_user0,0,READ,0x2229000,8192
1272136,small_user0,0,READ,0x222b000,8192
1272158,small_user1,1,READ,0x10002258000,8192
1272385,small_user1,1,READ,0x1000225a000,4096
1272405,small_user0,0,READ,0x222d000,4096
1272468,large_user1,3,READ,0x30003600000,262144
1272757,small_user1,1,WRITE,0x1000225b000,16384
1272991,small_user0,0,READ,0x222e000,8192
1273078,small_user0,0,READ,0x2230000,4096
1273262,small_user0,0,WRITE,0x2231000,16384
1273276,small_user0,0,READ,0x2235000,4096
1273514,small_user0,0,READ,0x2236000,16384
1273520,small_user1,1,WRITE,0x1000225f000,4096
1273527,small_user1,1,READ,0x10002260000,4096
1273529,small_user0,0,WRITE,0x223a000,4096
1274348,small_user0,0,READ,0x223b000,4096
1274405,small_user0,0,WRITE,0x223c000,4096
1274465,small_user1,1,WRITE,0x10002261000,4096
1274974,small_user0,0,READ,0x223d000,8192
1275060,small_user1,1,READ,0x10002262000,8192
1275134,small_user0,0,READ,0x223f000,8192
1275137,large_user0,2,WRITE,0x20003930000,131072
1275144,small_user0,0,WRITE,0x2241000,4096
1275200,small_user0,0,READ,0x2242000,16384
1275521,small_user1,1,READ,0x10002264000,8192
1275754,small_user0,0,WRITE,0x2246000,8192
1276058,small_user0,0,READ,0x2248000,8192
1276074,small_user1,1,READ,0x10002266000,4096
1276222,large_user0,2,WRITE,0x20003950000,131072
1276241,small_user1,1,WRITE,0x10002267000,8192
1276264,small_user1,1,WRITE,0x10002269000,16384
1276299,small_user0,0,READ,0x224a000,8192
1276435,large_user1,3,WRITE,0x30003640000,65536
1276443,small_user0,0,WRITE,0x224c000,16384
1276673,small_user0,0,WRITE,0x2250000,4096
1276706,small_user0,0,READ,0x2251000,16384
1276758,small_user1,1,WRITE,0x1000226d000,4096
1277030,small_user0,0,READ,0x2255000,16384
1277109,small_user0,0,READ,0x2259000,4096
1277255,small_user1,1,READ,0x1000226e000,4096
1277507,small_user1,1,WRITE,0x1000226f000,16384
1277674,large_user0,2,WRITE,0x20003970000,65536
1277830,small_user0,0,WRITE,0x225a000,4096
1278100,small_user1,1,READ,0x10002273000,8192
1278106,small_user1,1,READ,0x10002275000,4096
1278251,small_user0,0,READ,0x225b000,8192
1278291,small_user0,0,READ,0x225d000,4096
1278431,small_user1,1,READ,0x10002276000,8192
1278467,small_user0,0,READ,0x225e000,4096
1278549,large_user1,3,READ,0x30003650000,65536
1278552,small_user1,1,READ,0x10002278000,4096
1278571,large_user1,3,READ,0x30003660000,262144
1278594,small_user1,1,READ,0x10002279000,16384
1278639,small_user0,0,WRITE,0x225f000,16384
1278735,small_user1,1,READ,0x1000227d000,4096
1278771,small_user0,0,READ,0x2263000,4096
1279220,small_user0,0,READ,0x2264000,8192
1279687,small_user0,0,READ,0x2266000,16384
1279829,small_user1,1,READ,0x1000227e000,8192
1279926,small_user0,0,READ,0x226a000,8192
1279979,small_user1,1,READ,0x10002280000,8192
1280001,small_user1,1,READ,0x10002282000,8192
1280053,small_user0,0,WRITE,0x226c000,4096
1280430,small_user1,1,WRITE,0x10002284000,8192
1280469,small_user1,1,READ,0x10002286000,16384
1280902,small_user1,1,WRITE,0x1000228a000,4096
1281480,small_user0,0,READ,0x226d000,4096
1281815,small_user1,1,READ,0x1000228b000,8192
1281946,small_user1,1,READ,0x1000228d000,4096
1281959,small_user0,0,READ,0x226e000,8192
1281974,small_user0,0,READ,0x2270000,16384
1282162,small_user0,0,READ,0x2274000,16384
1282165,small_user1,1,READ,0x1000228e000,4096
1282291,small_user0,0,READ,0x2278000,8192
1282421,small_user0,0,READ,0x227a000,4096
1282530,small_user0,0,READ,0x227b000,16384
1282649,small_user1,1,WRITE,0x1000228f000,8192
1282653,small_user1,1,READ,0x10002291000,4096
1282825,small_user0,0,READ,0x227f000,8192
1282852,small_user1,1,READ,0x10002292000,16384
1283122,large_user1,3,WRITE,0x300036a0000,65536
1283244,small_user1,1,READ,0x10002296000,4096
1283262,small_user1,1,WRITE,0x10002297000,4096
1283340,small_user0,0,WRITE,0x2281000,8192
1283382,small_user1,1,WRITE,0x10002298000,16384
1283410,small_user1,1,READ,0x1000229c000,16384
1283454,small_user1,1,WRITE,0x100022a0000,16384
1283483,small_user0,0,WRITE,0x2283000,16384
1283676,small_user0,0,READ,0x2287000,8192
1283918,small_user1,1,READ,0x100022a4000,16384
1283994,small_user0,0,READ,0x2289000,16384
1284013,small_user0,0,READ,0x228d000,16384
1284123,large_user0,2,READ,0x20003980000,65536
1284593,small_user1,1,READ,0x100022a8000,4096
1284654,small_user0,0,READ,0x2291000,8192
1284750,small_user0,0,READ,0x2293000,8192
1284755,small_user1,1,READ,0x100022a9000,4096
1284791,small_user1,1,WRITE,0x100022aa000,8192
1285038,small_user1,1,WRITE,0x100022ac000,8192
1285220,small_user1,1,READ,0x100022ae000,8192
1285283,small_user1,1,READ,0x100022b0000,8192
1285511,small_user1,1,WRITE,0x100022b2000,8192
1285555,small_user1,1,READ,0x100022b4000,16384
1285565,small_user0,0,WRITE,0x2295000,8192
1285824,small_user1,1,READ,0x100022b8000,4096
1285957,small_user1,1,READ,0x100022b9000,8192
1286001,small_user0,0,WRITE,0x2297000,4096
1286151,small_user1,1,READ,0x100022bb000,16384
1286320,small_user1,1,WRITE,0x100022bf000,16384
1286438,small_user0,0,READ,0x2298000,8192
1286544,large_user1,3,READ,0x300036b0000,262144
1286624,small_user1,1,READ,0x100022c3000,4096
1286677,small_user1,1,WRITE,0x100022c4000,16384
1286862,small_user0,0,READ,0x229a000,8192
1287210,small_user0,0,WRITE,0x229c000,4096
1287235,small_user1,1,WRITE,0x100022c8000,16384
1287260,small_user0,0,READ,0x229d000,8192
1287437,small_user0,0,READ,0x229f000,4096
1287587,small_user0,0,READ,0x22a0000,4096
1287644,small_user0,0,READ,0x22a1000,16384
1287661,small_user1,1,READ,0x100022cc000,8192
1287799,small_user0,0,READ,0x22a5000,4096
1288065,small_user1,1,WRITE,0x100022ce000,4096
1288091,small_user0,0,READ,0x22a6000,4096
1288217,small_user0,0,READ,0x22a7000,4096
1288452,large_user0,2,WRITE,0x20003990000,65536
1288977,small_user1,1,READ,0x100022cf000,8192
1289154,small_user0,0,WRITE,0x22a8000,4096
1289213,small_user1,1,READ,0x100022d1000,16384
1289387,small_user1,1,READ,0x100022d5000,8192
1289451,small_user0,0,READ,0x22a9000,16384
1289677,small_user1,1,READ,0x100022d7000,8192
1289714,small_user1,1,READ,0x100022d9000,16384
1289795,large_user1,3,READ,0x300036f0000,262144
1289812,small_user0,0,READ,0x22ad000,4096
1289828,small_user1,1,READ,0x100022dd000,8192
1290270,small_user1,1,READ,0x100022df000,16384
1290481,small_user1,1,WRITE,0x100022e3000,4096
1290540,small_user0,0,READ,0x22ae000,8192
1291317,small_user0,0,READ,0x22b0000,4096
1291427,large_user1,3,READ,0x30003730000,65536
1291723,small_user0,0,WRITE,0x22b1000,4096
1291801,small_user0,0,READ,0x22b2000,16384
1291913,small_user0,0,READ,0x22b6000,8192
1291934,small_user1,1,READ,0x100022e4000,16384
1292196,small_user1,1,WRITE,0x100022e8000,16384
1292288,small_user0,0,READ,0x22b8000,8192
1292318,small_user0,0,READ,0x22ba000,16384
1292509,small_user1,1,READ,0x100022ec000,4096
1292675,large_user0,2,READ,0x200039a0000,131072
1292804,small_user1,1,READ,0x100022ed000,4096
1293001,small_user0,0,READ,0x22be000,4096
1293013,small_user1,1,READ,0x100022ee000,8192
1293087,small_user1,1,WRITE,0x100022f0000,16384
1293319,small_user1,1,READ,0x100022f4000,8192
1293330,small_user0,0,WRITE,0x22bf000,4096
1293618,large_user0,2,READ,0x200039c0000,262144
1293898,small_user0,0,READ,0x22c0000,4096
1293992,large_user1,3,WRITE,0x30003740000,65536
1294194,small_user1,1,READ,0x100022f6000,16384
1294227,small_user0,0,READ,0x22c1000,8192
1294332,small_user0,0,READ,0x22c3000,4096
1294517,small_user1,1,READ,0x100022fa000,8192
1294569,small_user0,0,READ,0x22c4000,8192
1294578,large_user1,3,READ,0x30003750000,131072
1294830,small_user0,0,WRITE,0x22c6000,4096
1295138,large_user0,2,READ,0x20003a00000,131072
1295171,small_user0,0,WRITE,0x22c7000,8192
1295176,small_user1,1,READ,0x100022fc000,8192
1295246,small_user1,1,READ,0x100022fe000,4096
1295283,small_user0,0,READ,0x22c9000,16384
1295355,small_user1,1,READ,0x100022ff000,4096
1295421,small_user0,0,READ,0x22cd000,4096
1295512,small_user1,1,READ,0x10002300000,8192
1295949,small_user0,0,WRITE,0x22ce000,4096
1296232,small_user0,0,READ,0x22cf000,8192
1296238,small_user1,1,READ,0x10002302000,16384
1296252,small_user1,1,READ,0x10002306000,16384
1296405,small_user0,0,READ,0x22d1000,16384
1296678,small_user1,1,READ,0x1000230a000,4096
1296681,small_user1,1,READ,0x1000230b000,8192
1296865,small_user0,0,READ,0x22d5000,8192
1296897,small_user0,0,READ,0x22d7000,8192
1296997,small_user0,0,READ,0x22d9000,16384
1297025,small_user1,1,WRITE,0x1000230d000,16384
1297329,small_user0,0,READ,0x22dd000,16384
1297408,small_user1,1,READ,0x10002311000,4096
1297545,small_user1,1,WRITE,0x10002312000,4096
1297580,small_user1,1,READ,0x10002313000,4096
1297629,small_user0,0,READ,0x22e1000,8192
1297815,small_user1,1,READ,0x10002314000,8192
1298163,large_user0,2,READ,0x20003a20000,131072
1298246,small_user0,0,READ,0x22e3000,8192
1298318,small_user0,0,READ,0x22e5000,16384
1298364,small_user1,1,READ,0x10002316000,16384
1298380,small_user0,0,READ,0x22e9000,4096
1298664,small_user1,1,READ,0x1000231a000,8192
1299249,small_user1,1,READ,0x1000231c000,8192
1299320,small_user0,0,READ,0x22ea000,16384
1299398,small_user1,1,WRITE,0x1000231e000,16384
1299808,small_user0,0,READ,0x22ee000,16384
1300567,large_user1,3,READ,0x30003770000,262144
1300617,small_user0,0,WRITE,0x22f2000,16384
1300841,small_user1,1,READ,0x10002322000,4096
1300903,small_user0,0,READ,0x22f6000,4096
1301565,small_user0,0,READ,0x22f7000,4096
1302019,small_user1,1,WRITE,0x10002323000,8192
1302099,small_user1,1,WRITE,0x10002325000,4096
1302219,small_user0,0,WRITE,0x22f8000,8192
1302371,small_user1,1,READ,0x10002326000,16384
1302662,large_user0,2,READ,0x20003a40000,131072
1302688,small_user0,0,READ,0x22fa000,16384
1302725,small_user1,1,READ,0x1000232a000,16384
1302893,small_user1,1,READ,0x1000232e000,4096
1303117,small_user0,0,READ,0x22fe000,8192
1303332,small_user1,1,READ,0x1000232f000,16384
1303510,small_user0,0,READ,0x2300000,4096
1303562,small_user0,0,READ,0x2301000,8192
1303669,small_user0,0,WRITE,0x2303000,4096
1303880,small_user1,1,READ,0x10002333000,4096
1303892,small_user0,0,READ,0x2304000,16384
1303933,small_user0,0,READ,0x2308000,8192
1304019,small_user0,0,READ,0x230a000,4096
1304671,small_user0,0,WRITE,0x230b000,4096
1304774,small_user1,1,READ,0x10002334000,4096
1304787,small_user1,1,READ,0x10002335000,8192
1304861,small_user1,1,WRITE,0x10002337000,8192
1304895,small_user1,1,WRITE,0x10002339000,4096
1305044,large_user0,2,WRITE,0x20003a60000,131072
1305078,small_user1,1,READ,0x1000233a000,4096
1305089,large_user0,2,WRITE,0x20003a80000,262144
1305270,small_user1,1,WRITE,0x1000233b000,4096
1305342,small_user0,0,READ,0x230c000,8192
1305522,large_user1,3,WRITE,0x300037b0000,131072
1305556,small_user1,1,READ,0x1000233c000,4096
1305571,small_user1,1,READ,0x1000233d000,8192
1306303,small_user1,1,READ,0x1000233f000,4096
1306331,small_user0,0,WRITE,0x230e000,8192
1306403,small_user1,1,READ,0x10002340000,16384
1307359,small_user0,0,READ,0x2310000,4096
1307362,large_user0,2,WRITE,0x20003ac0000,262144
1307474,small_user1,1,READ,0x10002344000,8192
1307488,small_user0,0,READ,0x2311000,4096
1307744,large_user1,3,READ,0x300037d0000,262144
1308030,small_user0,0,WRITE,0x2312000,16384
1308049,small_user0,0,WRITE,0x2316000,8192
1308779,small_user0,0,WRITE,0x2318000,8192
1308811,small_user1,1,READ,0x10002346000,8192
1308939,small_user0,0,READ,0x231a000,16384
1309090,small_user1,1,READ,0x10002348000,8192
1309095,small_user0,0,READ,0x231e000,8192
1309154,small_user0,0,WRITE,0x2320000,4096
1309434,small_user0,0,READ,0x2321000,8192
1309586,small_user1,1,WRITE,0x1000234a000,8192
1309805,small_user0,0,READ,0x2323000,4096
1309869,large_user0,2,READ,0x20003b00000,131072
1310125,small_user1,1,READ,0x1000234c000,4096
1310233,small_user1,1,READ,0x1000234d000,4096
1310258,small_user0,0,READ,0x2324000,4096
1310675,small_user0,0,READ,0x2325000,8192
1310690,small_user1,1,WRITE,0x1000234e000,4096
1310861,large_user1,3,WRITE,0x30003810000,65536
1310867,small_user0,0,WRITE,0x2327000,8192
1310963,small_user1,1,READ,0x1000234f000,4096
1311073,small_user1,1,READ,0x10002350000,16384
1311084,small_user0,0,READ,0x2329000,16384
1311553,large_user1,3,READ,0x30003820000,262144
1311561,small_user1,1,READ,0x10002354000,8192
1311618,small_user0,0,READ,0x232d000,4096
1311642,small_user0,0,READ,0x232e000,16384
1311713,small_user1,1,READ,0x10002356000,4096
1311753,small_user0,0,READ,0x2332000,4096
1311807,small_user0,0,READ,0x2333000,16384
1312090,small_user1,1,READ,0x10002357000,4096
1312368,large_user1,3,READ,0x30003860000,262144
1312595,small_user0,0,READ,0x2337000,8192
1312715,small_user1,1,READ,0x10002358000,4096
1312934,small_user0,0,WRITE,0x2339000,16384
1312960,small_user1,1,WRITE,0x10002359000,16384
1313231,small_user1,1,WRITE,0x1000235d000,16384
1313294,small_user0,0,READ,0x233d000,16384
1313325,small_user1,1,READ,0x10002361000,16384
1313338,small_user1,1,READ,0x10002365000,16384
1313360,small_user0,0,READ,0x2341000,16384
1313502,small_user0,0,READ,0x2345000,4096
1313547,small_user0,0,READ,0x2346000,4096
1313858,small_user0,0,READ,0x2347000,4096
1313937,small_user0,0,READ,0x2348000,8192
1314060,small_user0,0,READ,0x234a000,8192
1314088,large_user0,2,WRITE,0x20003b20000,262144
1314243,small_user0,0,READ,0x234c000,4096
1314396,small_user1,1,WRITE,0x10002369000,16384
1314437,small_user0,0,WRITE,0x234d000,4096
1314446,small_user1,1,READ,0x1000236d000,16384
1314514,small_user1,1,WRITE,0x10002371000,4096
1314583,small_user1,1,READ,0x10002372000,8192
1314763,small_user0,0,READ,0x234e000,4096
1314964,large_user1,3,WRITE,0x300038a0000,65536
1315161,small_user1,1,WRITE,0x10002374000,16384
1315349,large_user0,2,READ,0x20003b60000,65536
1315372,small_user0,0,WRITE,0x234f000,16384
1315524,small_user0,0,READ,0x2353000,4096
1315713,small_user1,1,READ,0x10002378000,4096
1315717,small_user1,1,READ,0x10002379000,16384
1315771,large_user0,2,READ,0x20003b70000,262144
1315884,small_user1,1,READ,0x1000237d000,8192
1315974,small_user1,1,READ,0x1000237f000,16384
1316145,small_user1,1,READ,0x10002383000,8192
1316346,small_user1,1,READ,0x10002385000,8192
1316353,small_user1,1,READ,0x10002387000,4096
1316514,small_user1,1,READ,0x10002388000,16384
1316692,small_user1,1,READ,0x1000238c000,16384
1317032,small_user1,1,READ,0x10002390000,8192
1317123,small_user0,0,READ,0x2354000,16384
1317322,small_user0,0,READ,0x2358000,4096
1317424,small_user1,1,READ,0x10002392000,8192
1317493,small_user1,1,READ,0x10002394000,16384
1317620,small_user0,0,READ,0x2359000,8192
1317637,small_user0,0,WRITE,0x235b000,4096
1317735,large_user1,3,READ,0x300038b0000,131072
1317927,small_user1,1,READ,0x10002398000,4096
1318048,small_user1,1,WRITE,0x10002399000,16384
1318563,small_user0,0,READ,0x235c000,16384
1318570,small_user1,1,READ,0x1000239d000,16384
1318571,small_user1,1,WRITE,0x100023a1000,16384
1318874,small_user1,1,READ,0x100023a5000,16384
1318905,small_user0,0,READ,0x2360000,16384
1319036,small_user1,1,READ,0x100023a9000,4096
1319174,small_user0,0,READ,0x2364000,4096
1319314,small_user0,0,READ,0x2365000,4096
1319359,large_user1,3,READ,0x300038d0000,65536
1319519,large_user1,3,WRITE,0x300038e0000,131072
1319867,small_user0,0,READ,0x2366000,4096
1319958,small_user0,0,READ,0x2367000,4096
1320050,small_user1,1,READ,0x100023aa000,4096
1320144,small_user0,0,READ,0x2368000,8192
1320171,small_user0,0,READ,0x236a000,16384
1320195,small_user1,1,READ,0x100023ab000,4096
1320424,small_user1,1,READ,0x100023ac000,8192
1320457,small_user1,1,READ,0x100023ae000,4096
1320562,small_user0,0,WRITE,0x236e000,4096
1320979,small_user0,0,READ,0x236f000,8192
1321023,small_user1,1,READ,0x100023af000,4096
1321135,small_user0,0,READ,0x2371000,8192
1321157,small_user0,0,READ,0x2373000,4096
1321161,small_user1,1,READ,0x100023b0000,4096
1321490,small_user0,0,READ,0x2374000,8192
1321921,small_user0,0,READ,0x2376000,8192
1321955,small_user1,1,READ,0x100023b1000,4096
1322082,small_user0,0,READ,0x2378000,8192
1322104,large_user1,3,READ,0x30003900000,262144
1322134,large_user1,3,READ,0x30003940000,65536
1322456,small_user0,0,READ,0x237a000,16384
1322577,small_user0,0,WRITE,0x237e000,4096
1322750,small_user0,0,WRITE,0x237f000,8192
1322788,small_user0,0,READ,0x2381000,16384
1322900,small_user0,0,READ,0x2385000,4096
1322915,small_user1,1,READ,0x100023b2000,4096
1323106,small_user1,1,READ,0x100023b3000,4096
1323178,small_user0,0,READ,0x2386000,4096
1323526,small_user1,1,READ,0x100023b4000,16384
1323599,small_user0,0,READ,0x2387000,16384
1323599,small_user1,1,READ,0x100023b8000,8192
1323781,small_user0,0,WRITE,0x238b000,8192
1323791,small_user1,1,READ,0x100023ba000,8192
1323984,small_user1,1,READ,0x100023bc000,16384
1324008,small_user1,1,READ,0x100023c0000,16384
1324120,large_user1,3,READ,0x30003950000,262144
1324589,small_user1,1,READ,0x100023c4000,8192
1324724,small_user1,1,READ,0x100023c6000,16384
1324788,small_user0,0,WRITE,0x238d000,8192
1325093,large_user0,2,WRITE,0x20003bb0000,131072
1325346,small_user0,0,READ,0x238f000,16384
1325426,small_user0,0,READ,0x2393000,8192
1325435,small_user1,1,READ,0x100023ca000,4096
1325450,small_user0,0,READ,0x2395000,16384
1325532,small_user0,0,READ,0x2399000,8192
1325581,large_user1,3,WRITE,0x30003990000,131072
1325635,small_user0,0,WRITE,0x239b000,8192
1325825,small_user0,0,READ,0x239d000,16384
1326123,small_user0,0,READ,0x23a1000,16384
1326316,small_user0,0,WRITE,0x23a5000,4096
1326352,large_user0,2,READ,0x20003bd0000,262144
1326393,small_user1,1,READ,0x100023cb000,8192
1326429,small_user1,1,READ,0x100023cd000,16384
1326455,small_user0,0,READ,0x23a6000,16384
1326533,small_user1,1,READ,0x100023d1000,8192
1326983,small_user1,1,READ,0x100023d3000,8192
1327197,small_user0,0,WRITE,0x23aa000,4096
1327367,small_user0,0,WRITE,0x23ab000,16384
1327411,large_user1,3,READ,0x300039b0000,262144
1327433,small_user0,0,READ,0x23af000,8192
1327611,small_user1,1,WRITE,0x100023d5000,4096
1327611,small_user1,1,WRITE,0x100023d6000,4096
1327700,large_user0,2,READ,0x20003c10000,262144
1327708,small_user1,1,READ,0x100023d7000,16384
1327720,small_user0,0,READ,0x23b1000,16384
1327744,small_user1,1,READ,0x100023db000,16384
1327854,small_user0,0,READ,0x23b5000,16384
1328260,small_user1,1,WRITE,0x100023df000,8192
1328317,small_user0,0,READ,0x23b9000,8192
1328679,small_user1,1,READ,0x100023e1000,4096
1329074,small_user0,0,READ,0x23bb000,4096
1329089,small_user1,1,READ,0x100023e2000,4096
1329279,small_user1,1,READ,0x100023e3000,8192
1329344,large_user0,2,WRITE,0x20003c50000,131072
1329363,small_user0,0,READ,0x23bc000,4096
1329411,small_user1,1,READ,0x100023e5000,4096
1329672,small_user0,0,WRITE,0x23bd000,16384
1329722,small_user0,0,WRITE,0x23c1000,4096
1329759,large_user1,3,READ,0x300039f0000,131072
1329763,small_user0,0,READ,0x23c2000,8192
1329794,small_user0,0,WRITE,0x23c4000,16384
1329820,small_user1,1,READ,0x100023e6000,8192
1329956,small_user0,0,WRITE,0x23c8000,4096
1329992,small_user0,0,READ,0x23c9000,16384
1330073,small_user0,0,READ,0x23cd000,4096
1330094,small_user1,1,WRITE,0x100023e8000,16384
1330128,small_user1,1,READ,0x100023ec000,4096
1330187,small_user0,0,WRITE,0x23ce000,8192
1330358,small_user1,1,READ,0x100023ed000,16384
1330504,small_user1,1,READ,0x100023f1000,8192
1330607,small_user0,0,READ,0x23d0000,4096
1330715,small_user1,1,WRITE,0x100023f3000,16384
1331023,small_user1,1,READ,0x100023f7000,16384
1331114,small_user1,1,WRITE,0x100023fb000,4096
1331205,small_user1,1,WRITE,0x100023fc000,4096
1331520,small_user0,0,READ,0x23d1000,4096
1331758,small_user1,1,WRITE,0x100023fd000,16384
1331973,small_user0,0,READ,0x23d2000,8192
1331976,small_user0,0,READ,0x23d4000,16384
1332065,small_user1,1,READ,0x10002401000,16384
1332242,small_user0,0,READ,0x23d8000,16384
1332418,small_user1,1,READ,0x10002405000,8192
1332505,small_user1,1,READ,0x10002407000,8192
1332778,small_user1,1,READ,0x10002409000,8192
1332792,small_user0,0,READ,0x23dc000,16384
1332855,small_user0,0,WRITE,0x23e0000,16384
1332868,small_user1,1,READ,0x1000240b000,8192
1332887,small_user0,0,READ,0x23e4000,8192
1332958,small_user0,0,READ,0x23e6000,8192
1332974,small_user1,1,WRITE,0x1000240d000,16384
1333237,small_user1,1,WRITE,0x10002411000,8192
1333351,small_user1,1,READ,0x10002413000,8192
1333565,small_user0,0,READ,0x23e8000,4096
1333783,small_user0,0,READ,0x23e9000,8192
1333896,small_user1,1,READ,0x10002415000,16384
1333945,small_user0,0,READ,0x23eb000,4096
1334043,small_user0,0,READ,0x23ec000,8192
1334236,small_user0,0,WRITE,0x23ee000,4096
1334338,small_user0,0,WRITE,0x23ef000,4096
1334480,small_user0,0,WRITE,0x23f0000,8192
1334547,large_user0,2,WRITE,0x20003c70000,65536
1334640,small_user1,1,READ,0x10002419000,16384
1334940,small_user1,1,WRITE,0x1000241d000,4096
1335206,large_user1,3,READ,0x30003a10000,262144
1335207,small_user1,1,READ,0x1000241e000,4096
1335384,small_user0,0,READ,0x23f2000,4096
1335391,small_user0,0,READ,0x23f3000,8192
1335704,small_user1,1,READ,0x1000241f000,16384
1335816,small_user1,1,READ,0x10002423000,8192
1335821,small_user0,0,WRITE,0x23f5000,16384
1336192,small_user1,1,READ,0x10002425000,4096
1336317,small_user0,0,READ,0x23f9000,8192
1336568,small_user0,0,READ,0x23fb000,16384
1336698,small_user0,0,READ,0x23ff000,8192
1336838,small_user1,1,WRITE,0x10002426000,4096
1337095,small_user1,1,WRITE,0x10002427000,16384
1337303,small_user0,0,READ,0x2401000,16384
1337556,large_user1,3,READ,0x30003a50000,131072
1338247,small_user0,0,WRITE,0x2405000,8192
1338530,small_user1,1,WRITE,0x1000242b000,16384
1338572,small_user0,0,READ,0x2407000,4096
1338768,large_user0,2,READ,0x20003c80000,65536
1338951,small_user0,0,READ,0x2408000,8192
1339073,small_user1,1,READ,0x1000242f000,8192
1339296,small_user1,1,READ,0x10002431000,8192
1339388,small_user1,1,WRITE,0x10002433000,4096
1339457,small_user1,1,READ,0x10002434000,16384
1339784,small_user1,1,READ,0x10002438000,16384
1339818,small_user1,1,WRITE,0x1000243c000,16384
1339986,small_user0,0,READ,0x240a000,4096
1340000,small_user0,0,READ,0x240b000,4096
1340015,small_user1,1,WRITE,0x10002440000,16384
1340150,small_user0,0,READ,0x240c000,8192
1340353,small_user1,1,READ,0x10002444000,8192
1340375,small_user0,0,READ,0x240e000,4096
1340498,small_user1,1,READ,0x10002446000,16384
1340522,small_user0,0,WRITE,0x240f000,16384
1340626,small_user0,0,WRITE,0x2413000,4096
1340818,small_user1,1,READ,0x1000244a000,8192
1340864,small_user0,0,READ,0x2414000,16384
1340933,small_user1,1,READ,0x1000244c000,4096
1340980,small_user0,0,WRITE,0x2418000,4096
1341064,small_user1,1,WRITE,0x1000244d000,16384
1341093,small_user0,0,READ,0x2419000,4096
1341565,small_user0,0,READ,0x241a000,8192
1341596,small_user0,0,WRITE,0x241c000,4096
1341746,small_user0,0,READ,0x241d000,16384
1341948,small_user0,0,WRITE,0x2421000,4096
1342248,small_user1,1,READ,0x10002451000,8192
1342327,small_user0,0,READ,0x2422000,4096
1342397,small_user1,1,READ,0x10002453000,4096
1342432,small_user1,1,READ,0x10002454000,16384
1342519,small_user1,1,READ,0x10002458000,8192
1342688,small_user0,0,READ,0x2423000,4096
1342689,small_user1,1,WRITE,0x1000245a000,4096
1342912,small_user1,1,READ,0x1000245b000,4096
1342957,small_user1,1,WRITE,0x1000245c000,16384
1343015,large_user0,2,READ,0x20003c90000,65536
1343425,small_user1,1,READ,0x10002460000,4096
1343729,small_user1,1,READ,0x10002461000,4096
1343784,large_user1,3,WRITE,0x30003a70000,131072
1343948,small_user0,0,READ,0x2424000,4096
1344110,small_user0,0,READ,0x2425000,4096
1344196,large_user0,2,READ,0x20003ca0000,262144
1344457,small_user1,1,READ,0x10002462000,8192
1344583,small_user0,0,READ,0x2426000,16384
1344694,small_user1,1,READ,0x10002464000,4096
1344702,small_user1,1,READ,0x10002465000,8192
1344704,small_user1,1,WRITE,0x10002467000,16384
1344722,small_user0,0,WRITE,0x242a000,16384
1344857,small_user1,1,READ,0x1000246b000,4096
1345017,small_user0,0,READ,0x242e000,8192
1345084,small_user1,1,READ,0x1000246c000,16384
1345320,large_user1,3,WRITE,0x30003a90000,262144
1345743,small_user1,1,READ,0x10002470000,8192
1345850,small_user0,0,READ,0x2430000,16384
1345965,small_user0,0,READ,0x2434000,16384
1346257,small_user0,0,READ,0x2438000,4096
1346417,small_user0,0,READ,0x2439000,16384
1346592,small_user1,1,READ,0x10002472000,16384
1346680,small_user1,1,READ,0x10002476000,16384
1346681,small_user0,0,READ,0x243d000,4096
1346713,small_user1,1,READ,0x1000247a000,4096
1346742,small_user0,0,READ,0x243e000,16384
1346837,small_user1,1,READ,0x1000247b000,8192
1346939,small_user0,0,READ,0x2442000,8192
1347544,small_user1,1,READ,0x1000247d000,4096
1347586,small_user0,0,WRITE,0x2444000,16384
1347774,small_user0,0,WRITE,0x2448000,4096
1347858,small_user1,1,READ,0x1000247e000,16384
1347950,small_user1,1,READ,0x10002482000,16384
1347964,small_user1,1,READ,0x10002486000,16384
1348256,small_user1,1,READ,0x1000248a000,4096
1348435,small_user1,1,WRITE,0x1000248b000,8192
1348438,small_user0,0,WRITE,0x2449000,8192
1348509,small_user1,1,READ,0x1000248d000,8192
1348633,small_user1,1,READ,0x1000248f000,8192
1348712,small_user0,0,READ,0x244b000,8192
1348909,small_user0,0,WRITE,0x244d000,8192
1348994,small_user0,0,READ,0x244f000,16384
1349314,small_user1,1,READ,0x10002491000,4096
1349609,small_user1,1,READ,0x10002492000,16384
1349684,small_user1,1,READ,0x10002496000,8192
1349774,small_user0,0,READ,0x2453000,8192
1349817,small_user1,1,READ,0x10002498000,8192
1350208,small_user0,0,READ,0x2455000,8192
1350335,small_user0,0,READ,0x2457000,4096
1350419,small_user0,0,READ,0x2458000,4096
1350902,small_user1,1,READ,0x1000249a000,4096
1350914,small_user0,0,WRITE,0x2459000,4096
1350973,small_user0,0,READ,0x245a000,16384
1350990,small_user0,0,READ,0x245e000,4096
1351293,small_user1,1,READ,0x1000249b000,8192
1351306,small_user0,0,READ,0x245f000,8192
1351337,small_user1,1,WRITE,0x1000249d000,4096
1351370,small_user1,1,READ,0x1000249e000,16384
1351505,small_user0,0,WRITE,0x2461000,4096
1351520,small_user0,0,READ,0x2462000,8192
1351524,small_user0,0,READ,0x2464000,8192
1351950,large_user0,2,READ,0x20003ce0000,131072
1352283,large_user1,3,READ,0x30003ad0000,65536
1352484,small_user0,0,READ,0x2466000,16384
1352664,small_user1,1,READ,0x100024a2000,8192
1353008,small_user1,1,WRITE,0x100024a4000,16384
1353212,large_user1,3,WRITE,0x30003ae0000,131072
1353337,small_user0,0,WRITE,0x246a000,4096
1353801,small_user0,0,WRITE,0x246b000,8192
1354025,small_user0,0,READ,0x246d000,4096
1354043,small_user0,0,READ,0x246e000,16384
1354093,small_user0,0,WRITE,0x2472000,16384
1354168,large_user0,2,WRITE,0x20003d00000,131072
1354595,small_user0,0,READ,0x2476000,16384
1354741,large_user0,2,WRITE,0x20003d20000,131072
1354905,small_user1,1,READ,0x100024a8000,4096
1355134,large_user1,3,READ,0x30003b00000,131072
1355684,small_user1,1,WRITE,0x100024a9000,4096
1355692,large_user1,3,WRITE,0x30003b20000,65536
1355711,small_user1,1,READ,0x100024aa000,16384
1355829,small_user0,0,WRITE,0x247a000,16384
1355867,small_user0,0,WRITE,0x247e000,4096
1355901,large_user1,3,WRITE,0x30003b30000,65536
1355902,small_user0,0,READ,0x247f000,8192
1356834,small_user0,0,READ,0x2481000,8192
1356942,large_user0,2,READ,0x20003d40000,65536
1357243,small_user0,0,WRITE,0x2483000,4096
1357480,small_user0,0,WRITE,0x2484000,16384
1357624,small_user0,0,WRITE,0x2488000,8192
1357794,small_user1,1,READ,0x100024ae000,16384
1357809,small_user0,0,READ,0x248a000,4096
1357869,small_user1,1,READ,0x100024b2000,16384
1357941,small_user0,0,READ,0x248b000,16384
1358026,small_user0,0,READ,0x248f000,8192
1358050,small_user1,1,READ,0x100024b6000,16384
1358120,small_user1,1,WRITE,0x100024ba000,16384
1358790,small_user0,0,READ,0x2491000,4096
1358872,small_user0,0,READ,0x2492000,4096
1358882,small_user1,1,READ,0x100024be000,8192
1358965,small_user1,1,READ,0x100024c0000,8192
1359025,small_user1,1,WRITE,0x100024c2000,8192
1359170,small_user1,1,WRITE,0x100024c4000,16384
1359257,large_user0,2,READ,0x20003d50000,262144
1359380,large_user0,2,WRITE,0x20003d90000,65536
1359426,small_user1,1,READ,0x100024c8000,16384
1359502,small_user0,0,READ,0x2493000,4096
1359809,small_user0,0,READ,0x2494000,4096
1359932,small_user1,1,WRITE,0x100024cc000,8192
1360040,small_user0,0,READ,0x2495000,8192
1360403,small_user1,1,READ,0x100024ce000,4096
1360588,small_user0,0,WRITE,0x2497000,8192
1361147,small_user0,0,WRITE,0x2499000,16384
1361216,large_user0,2,WRITE,0x20003da0000,131072
1361223,small_user1,1,READ,0x100024cf000,8192
1361257,small_user0,0,WRITE,0x249d000,16384
1361268,small_user0,0,READ,0x24a1000,16384
1361494,small_user0,0,READ,0x24a5000,8192
1361589,large_user1,3,WRITE,0x30003b40000,65536
1361902,small_user1,1,READ,0x100024d1000,4096
1361964,small_user0,0,READ,0x24a7000,8192
1362235,small_user1,1,READ,0x100024d2000,16384
1362255,small_user1,1,READ,0x100024d6000,4096
1362467,large_user1,3,READ,0x30003b50000,262144
1362519,small_user0,0,READ,0x24a9000,16384
1362550,small_user0,0,READ,0x24ad000,4096
1362633,large_user0,2,WRITE,0x20003dc0000,65536
1362727,small_user1,1,READ,0x100024d7000,16384
1362811,small_user0,0,READ,0x24ae000,16384
1362903,large_user0,2,WRITE,0x20003dd0000,65536
1362966,small_user1,1,READ,0x100024db000,8192
1363105,small_user1,1,READ,0x100024dd000,16384
1363148,small_user0,0,WRITE,0x24b2000,8192
1363181,small_user1,1,READ,0x100024e1000,16384
1363302,small_user0,0,READ,0x24b4000,4096
1363936,small_user1,1,WRITE,0x100024e5000,16384
1364125,small_user0,0,WRITE,0x24b5000,4096
1364246,small_user0,0,READ,0x24b6000,16384
1364672,small_user0,0,READ,0x24ba000,16384
1364758,small_user1,1,READ,0x100024e9000,4096
1364773,small_user0,0,READ,0x24be000,4096
1365081,small_user1,1,READ,0x100024ea000,4096
1365297,small_user0,0,READ,0x24bf000,16384
1365316,small_user0,0,WRITE,0x24c3000,16384
1365523,small_user1,1,READ,0x100024eb000,8192
1365698,small_user0,0,WRITE,0x24c7000,4096
1365816,small_user1,1,READ,0x100024ed000,16384
1365833,small_user1,1,WRITE,0x100024f1000,16384
1365984,small_user0,0,READ,0x24c8000,8192
1365986,small_user0,0,READ,0x24ca000,8192
1366063,small_user1,1,READ,0x100024f5000,8192
1366074,small_user0,0,WRITE,0x24cc000,8192
1366123,small_user0,0,READ,0x24ce000,16384
1366194,small_user0,0,WRITE,0x24d2000,8192
1366451,small_user0,0,READ,0x24d4000,16384
1366461,small_user0,0,READ,0x24d8000,8192
1366597,small_user1,1,WRITE,0x100024f7000,16384
1366694,small_user0,0,READ,0x24da000,4096
1366742,large_user1,3,READ,0x30003b90000,131072
1367020,small_user0,0,READ,0x24db000,16384
1367130,small_user1,1,WRITE,0x100024fb000,16384
1367258,small_user1,1,READ,0x100024ff000,16384
1367598,small_user0,0,READ,0x24df000,8192
1368013,small_user1,1,WRITE,0x10002503000,4096
1368306,small_user1,1,READ,0x10002504000,4096
1368758,small_user1,1,READ,0x10002505000,4096
1369028,small_user0,0,READ,0x24e1000,16384
1369307,large_user0,2,WRITE,0x20003de0000,65536
1369406,small_user1,1,READ,0x10002506000,8192
1369416,small_user0,0,READ,0x24e5000,16384
1369482,small_user0,0,READ,0x24e9000,16384
1369561,small_user0,0,READ,0x24ed000,4096
1369625,small_user1,1,READ,0x10002508000,4096
1369746,small_user0,0,READ,0x24ee000,8192
1369957,small_user1,1,READ,0x10002509000,16384
1370016,small_user0,0,WRITE,0x24f0000,16384
1370135,small_user0,0,READ,0x24f4000,8192
1370144,small_user1,1,WRITE,0x1000250d000,16384
1370194,small_user1,1,READ,0x10002511000,4096
1370228,small_user1,1,READ,0x10002512000,8192
1370505,small_user1,1,WRITE,0x10002514000,16384
1370634,small_user0,0,READ,0x24f6000,8192
1370636,small_user1,1,WRITE,0x10002518000,8192
1370748,small_user1,1,READ,0x1000251a000,4096
1371091,small_user1,1,READ,0x1000251b000,16384
1371108,small_user1,1,READ,0x1000251f000,16384
1371126,small_user0,0,READ,0x24f8000,16384
1371486,small_user0,0,READ,0x24fc000,4096
1372017,small_user1,1,WRITE,0x10002523000,16384
1372048,small_user1,1,READ,0x10002527000,8192
1372106,small_user0,0,READ,0x24fd000,8192
1372200,small_user0,0,READ,0x24ff000,4096
1372231,small_user0,0,READ,0x2500000,8192
1372525,small_user1,1,READ,0x10002529000,8192
1372593,small_user0,0,READ,0x2502000,16384
1372904,small_user1,1,READ,0x1000252b000,16384
1373070,small_user0,0,READ,0x2506000,16384
1373105,small_user1,1,READ,0x1000252f000,8192
1373232,small_user0,0,READ,0x250a000,8192
1373412,small_user1,1,READ,0x10002531000,4096
1373705,small_user0,0,WRITE,0x250c000,4096
1373795,small_user1,1,READ,0x10002532000,4096
1373859,small_user1,1,WRITE,0x10002533000,4096
1373981,small_user1,1,READ,0x10002534000,8192
1374048,small_user1,1,WRITE,0x10002536000,16384
1374681,small_user1,1,WRITE,0x1000253a000,8192
1374765,small_user0,0,READ,0x250d000,8192
1374828,small_user1,1,READ,0x1000253c000,16384
1375035,small_user0,0,WRITE,0x250f000,16384
1375789,small_user1,1,READ,0x10002540000,16384
1375863,small_user0,0,WRITE,0x2513000,4096
1375873,large_user1,3,WRITE,0x30003bb0000,65536
1375943,small_user0,0,READ,0x2514000,16384
1376184,small_user1,1,READ,0x10002544000,4096
1376191,small_user1,1,READ,0x10002545000,16384
1376416,small_user0,0,WRITE,0x2518000,8192
1376536,small_user0,0,READ,0x251a000,8192
1376582,small_user0,0,READ,0x251c000,4096
1376594,small_user1,1,WRITE,0x10002549000,8192
1376720,small_user0,0,WRITE,0x251d000,8192
1376830,small_user0,0,READ,0x251f000,4096
1376831,small_user1,1,READ,0x1000254b000,4096
1376870,large_user1,3,WRITE,0x30003bc0000,65536
1376918,small_user0,0,READ,0x2520000,8192
1376939,small_user1,1,READ,0x1000254c000,4096
1377040,small_user1,1,READ,0x1000254d000,16384
1377560,small_user1,1,WRITE,0x10002551000,8192
1377694,small_user1,1,READ,0x10002553000,8192
1378049,small_user1,1,READ,0x10002555000,8192
1378256,large_user0,2,READ,0x20003df0000,262144
1378269,small_user0,0,READ,0x2522000,8192
1378766,small_user0,0,READ,0x2524000,4096
1378902,small_user1,1,READ,0x10002557000,8192
1379022,small_user0,0,WRITE,0x2525000,8192
1379107,large_user0,2,WRITE,0x20003e30000,262144
1379164,small_user0,0,READ,0x2527000,8192
1379186,small_user1,1,READ,0x10002559000,4096
1379358,small_user0,0,READ,0x2529000,4096
1379973,small_user1,1,READ,0x1000255a000,8192
1380201,small_user1,1,READ,0x1000255c000,4096
1380411,small_user1,1,WRITE,0x1000255d000,16384
1380433,small_user0,0,READ,0x252a000,8192
1380758,small_user1,1,READ,0x10002561000,16384
1381023,small_user1,1,READ,0x10002565000,4096
1381208,small_user0,0,READ,0x252c000,4096
1381264,small_user1,1,READ,0x10002566000,8192
1381367,small_user1,1,READ,0x10002568000,16384
1381452,small_user0,0,READ,0x252d000,8192
1381624,small_user0,0,READ,0x252f000,16384
1381849,small_user0,0,READ,0x2533000,4096
1382031,small_user0,0,WRITE,0x2534000,8192
1382110,small_user1,1,WRITE,0x1000256c000,8192
1382327,small_user0,0,READ,0x2536000,4096
1382354,small_user1,1,READ,0x1000256e000,4096
1382714,large_user1,3,WRITE,0x30003bd0000,131072
1383200,large_user0,2,READ,0x20003e70000,262144
1383200,large_user1,3,READ,0x30003bf0000,262144
1383379,small_user0,0,READ,0x2537000,8192
1383451,small_user0,0,READ,0x2539000,4096
1383582,small_user1,1,READ,0x1000256f000,4096
1383714,small_user0,0,WRITE,0x253a000,16384
1383738,large_user0,2,READ,0x20003eb0000,262144
1383898,small_user0,0,READ,0x253e000,8192
1383907,small_user0,0,READ,0x2540000,8192
1384103,small_user1,1,READ,0x10002570000,4096
1384239,small_user0,0,READ,0x2542000,16384
1384425,small_user1,1,WRITE,0x10002571000,8192
1384427,small_user0,0,WRITE,0x2546000,4096
1384560,small_user0,0,READ,0x2547000,8192
1384820,small_user0,0,READ,0x2549000,4096
1384856,small_user0,0,READ,0x254a000,16384
1385024,small_user1,1,WRITE,0x10002573000,16384
1385668,small_user1,1,READ,0x10002577000,4096
1385819,small_user1,1,WRITE,0x10002578000,8192
1385895,small_user1,1,READ,0x1000257a000,8192
1386168,small_user0,0,READ,0x254e000,8192
1386203,small_user1,1,WRITE,0x1000257c000,8192
1386257,small_user0,0,READ,0x2550000,8192
1386286,small_user0,0,READ,0x2552000,16384
1386385,small_user0,0,READ,0x2556000,16384
1386552,small_user1,1,WRITE,0x1000257e000,4096
1386581,small_user1,1,WRITE,0x1000257f000,8192
1386622,small_user1,1,READ,0x10002581000,8192
1386843,small_user0,0,READ,0x255a000,8192
1386892,small_user0,0,WRITE,0x255c000,16384
1386893,large_user1,3,WRITE,0x30003c30000,262144
1387089,small_user0,0,WRITE,0x2560000,16384
1387400,small_user0,0,WRITE,0x2564000,4096
1387767,small_user0,0,READ,0x2565000,4096
1387966,small_user0,0,WRITE,0x2566000,4096
1388042,small_user0,0,WRITE,0x2567000,8192
1388284,small_user1,1,WRITE,0x10002583000,4096
1388549,small_user1,1,READ,0x10002584000,16384
1389253,small_user0,0,READ,0x2569000,8192
1389433,small_user1,1,READ,0x10002588000,8192
1389806,large_user0,2,WRITE,0x20003ef0000,131072
1389822,small_user1,1,WRITE,0x1000258a000,8192
1389828,small_user1,1,WRITE,0x1000258c000,4096
1389913,small_user0,0,WRITE,0x256b000,4096
1390077,small_user1,1,READ,0x1000258d000,8192
1390108,small_user1,1,READ,0x1000258f000,8192
1390358,small_user0,0,READ,0x256c000,16384
1390819,small_user0,0,WRITE,0x2570000,8192
1391111,small_user0,0,READ,0x2572000,4096
1391207,small_user0,0,READ,0x2573000,4096
1391363,small_user0,0,READ,0x2574000,16384
1391418,small_user1,1,READ,0x10002591000,8192
1391496,small_user1,1,READ,0x10002593000,8192
1391545,small_user0,0,READ,0x2578000,4096
1391652,small_user1,1,READ,0x10002595000,16384
1391775,small_user1,1,READ,0x10002599000,8192
1391865,small_user0,0,READ,0x2579000,4096
1391898,small_user0,0,WRITE,0x257a000,16384
1392205,small_user1,1,WRITE,0x1000259b000,4096
1392647,small_user0,0,READ,0x257e000,4096
1392857,small_user1,1,WRITE,0x1000259c000,8192
1393109,small_user1,1,READ,0x1000259e000,4096
1393319,small_user1,1,READ,0x1000259f000,16384
1393339,small_user1,1,READ,0x100025a3000,16384
1393390,small_user1,1,READ,0x100025a7000,8192
1393429,small_user1,1,WRITE,0x100025a9000,8192
1393548,small_user1,1,READ,0x100025ab000,8192
1393565,small_user1,1,WRITE,0x100025ad000,8192
1393652,small_user1,1,WRITE,0x100025af000,8192
1393669,large_user1,3,WRITE,0x30003c70000,131072
1393916,small_user1,1,READ,0x100025b1000,4096
1394276,small_user1,1,READ,0x100025b2000,16384
1394596,small_user1,1,READ,0x100025b6000,8192
1394601,small_user1,1,WRITE,0x100025b8000,16384
1395277,small_user1,1,READ,0x100025bc000,8192
1395309,small_user0,0,READ,0x257f000,16384
1395756,small_user1,1,READ,0x100025be000,8192
1395828,small_user1,1,READ,0x100025c0000,4096
1395967,small_user1,1,READ,0x100025c1000,16384
1396044,small_user0,0,READ,0x2583000,8192
1396390,small_user0,0,READ,0x2585000,16384
1396398,small_user0,0,READ,0x2589000,16384
1396527,small_user1,1,READ,0x100025c5000,4096
1396624,small_user1,1,READ,0x100025c6000,16384
1396688,small_user0,0,READ,0x258d000,8192
1396883,small_user1,1,READ,0x100025ca000,16384
1396924,small_user0,0,WRITE,0x258f000,4096
1397542,small_user1,1,WRITE,0x100025ce000,16384
1397873,small_user1,1,READ,0x100025d2000,4096
1398025,small_user1,1,READ,0x100025d3000,16384
1398520,small_user1,1,WRITE,0x100025d7000,4096
1398589,small_user1,1,WRITE,0x100025d8000,8192
1398722,small_user0,0,READ,0x2590000,8192
1399024,small_user1,1,WRITE,0x100025da000,16384
1399145,small_user0,0,READ,0x2592000,4096
1399284,small_user1,1,WRITE,0x100025de000,4096
1399478,small_user0,0,READ,0x2593000,4096
1399665,small_user0,0,READ,0x2594000,4096
1399969,small_user1,1,READ,0x100025df000,4096
1400033,large_user0,2,READ,0x20003f10000,262144
1400156,small_user1,1,READ,0x100025e0000,4096
1400440,small_user1,1,WRITE,0x100025e1000,16384
1400512,small_user0,0,READ,0x2595000,16384
1400546,small_user1,1,READ,0x100025e5000,4096
1400875,small_user0,0,WRITE,0x2599000,16384
1401072,small_user0,0,READ,0x259d000,4096
1401213,small_user0,0,WRITE,0x259e000,16384
1401697,small_user0,0,READ,0x25a2000,8192
1401984,small_user1,1,READ,0x100025e6000,8192
1402136,small_user0,0,READ,0x25a4000,8192
1402158,large_user1,3,READ,0x30003c90000,131072
1402177,small_user0,0,READ,0x25a6000,16384
1402365,small_user1,1,READ,0x100025e8000,4096
1402399,small_user1,1,READ,0x100025e9000,4096
1402451,small_user1,1,READ,0x100025ea000,16384
1402575,small_user1,1,READ,0x100025ee000,4096
1402655,small_user0,0,READ,0x25aa000,4096
1402780,small_user0,0,WRITE,0x25ab000,8192
1402981,small_user0,0,READ,0x25ad000,4096
1403323,small_user1,1,READ,0x100025ef000,16384
1403431,small_user1,1,READ,0x100025f3000,8192
1403435,large_user1,3,READ,0x30003cb0000,262144
1403531,small_user1,1,READ,0x100025f5000,16384
1403628,large_user0,2,WRITE,0x20003f50000,131072
1404011,small_user0,0,READ,0x25ae000,4096
1404062,small_user0,0,READ,0x25af000,8192
1404094,small_user1,1,WRITE,0x100025f9000,16384
1404155,small_user1,1,READ,0x100025fd000,4096
1404290,small_user1,1,WRITE,0x100025fe000,16384
1404300,small_user0,0,READ,0x25b1000,4096
1404314,small_user0,0,WRITE,0x25b2000,16384
1404332,small_user1,1,READ,0x10002602000,16384
1404373,small_user1,1,READ,0x10002606000,16384
1404517,small_user1,1,WRITE,0x1000260a000,8192
1404600,small_user0,0,READ,0x25b6000,16384
1404628,small_user0,0,READ,0x25ba000,16384
1404772,small_user1,1,READ,0x1000260c000,16384
1404880,small_user0,0,READ,0x25be000,8192
1405025,small_user0,0,READ,0x25c0000,8192
1405106,small_user1,1,READ,0x10002610000,8192
1405107,small_user0,0,READ,0x25c2000,8192
1405372,small_user1,1,WRITE,0x10002612000,8192
1405426,small_user0,0,READ,0x25c4000,8192
1405466,large_user1,3,WRITE,0x30003cf0000,65536
1405498,small_user1,1,READ,0x10002614000,16384
1405727,small_user0,0,READ,0x25c6000,4096
1405798,small_user1,1,WRITE,0x10002618000,16384
1405920,small_user1,1,READ,0x1000261c000,4096
1406036,small_user0,0,READ,0x25c7000,16384
1406133,small_user0,0,READ,0x25cb000,4096
1406138,small_user0,0,READ,0x25cc000,8192
1406151,small_user1,1,READ,0x1000261d000,16384
1406294,small_user1,1,READ,0x10002621000,4096
1406295,small_user0,0,READ,0x25ce000,4096
1406506,small_user0,0,READ,0x25cf000,16384
1406657,small_user0,0,READ,0x25d3000,16384
1406731,small_user0,0,READ,0x25d7000,16384
1406823,small_user0,0,WRITE,0x25db000,4096
1406984,large_user1,3,WRITE,0x30003d00000,65536
1407024,small_user1,1,READ,0x10002622000,4096
1407038,small_user0,0,READ,0x25dc000,16384
1407130,large_user0,2,READ,0x20003f70000,131072
1407919,small_user0,0,READ,0x25e0000,4096
1408021,small_user0,0,READ,0x25e1000,4096
1408043,large_user1,3,READ,0x30003d10000,131072
1408203,small_user0,0,WRITE,0x25e2000,8192
1408224,small_user0,0,READ,0x25e4000,16384
1408235,large_user1,3,READ,0x30003d30000,131072
1408523,small_user1,1,READ,0x10002623000,4096
1409021,small_user0,0,READ,0x25e8000,16384
1409113,small_user0,0,READ,0x25ec000,8192
1409165,small_user1,1,WRITE,0x10002624000,8192
1409206,large_user0,2,READ,0x20003f90000,262144
1409423,small_user1,1,READ,0x10002626000,4096
1409611,small_user0,0,READ,0x25ee000,16384
1409636,small_user0,0,WRITE,0x25f2000,16384
1409643,small_user0,0,READ,0x25f6000,4096
1409716,small_user1,1,READ,0x10002627000,8192
1409789,small_user0,0,READ,0x25f7000,4096
1410492,small_user0,0,READ,0x25f8000,16384
1410601,small_user0,0,READ,0x25fc000,8192
1410670,small_user1,1,WRITE,0x10002629000,8192
1411013,small_user1,1,READ,0x1000262b000,8192
1411088,small_user0,0,READ,0x25fe000,16384
1411255,small_user1,1,READ,0x1000262d000,16384
1411286,small_user1,1,READ,0x10002631000,4096
1411379,small_user0,0,WRITE,0x2602000,8192
1411565,small_user1,1,WRITE,0x10002632000,4096
1411670,small_user1,1,WRITE,0x10002633000,4096
1411806,small_user0,0,READ,0x2604000,8192
1411838,small_user0,0,READ,0x2606000,8192
1411965,small_user0,0,READ,0x2608000,8192
1412289,small_user0,0,READ,0x260a000,16384
1412503,small_user0,0,READ,0x260e000,16384
1412989,small_user1,1,WRITE,0x10002634000,16384
1413116,small_user1,1,READ,0x10002638000,4096
1413254,large_user0,2,WRITE,0x20003fd0000,65536
1413336,small_user0,0,READ,0x2612000,4096
1413573,small_user0,0,WRITE,0x2613000,16384
1413832,small_user1,1,WRITE,0x10002639000,4096
1413948,small_user0,0,WRITE,0x2617000,8192
1414014,small_user1,1,WRITE,0x1000263a000,8192
1414139,small_user1,1,READ,0x1000263c000,4096
1414238,small_user0,0,WRITE,0x2619000,16384
1414680,small_user0,0,READ,0x261d000,8192
1414716,small_user1,1,READ,0x1000263d000,4096
1414800,large_user0,2,READ,0x20003fe0000,131072
1414886,small_user1,1,READ,0x1000263e000,8192
1415167,small_user1,1,READ,0x10002640000,16384
1415173,small_user0,0,READ,0x261f000,8192
1415300,small_user1,1,READ,0x10002644000,8192
1415357,small_user1,1,READ,0x10002646000,8192
1415397,small_user1,1,WRITE,0x10002648000,16384
1415471,small_user0,0,WRITE,0x2621000,4096
1415568,small_user0,0,READ,0x2622000,4096
1415628,small_user1,1,READ,0x1000264c000,8192
1415658,small_user0,0,READ,0x2623000,16384
1415750,small_user0,0,WRITE,0x2627000,16384
1415750,small_user0,0,READ,0x262b000,8192
1415929,small_user1,1,READ,0x1000264e000,16384
1416444,small_user0,0,READ,0x262d000,8192
1416703,small_user0,0,READ,0x262f000,4096
1416765,small_user0,0,READ,0x2630000,8192
1416855,small_user0,0,READ,0x2632000,4096
1416984,small_user0,0,READ,0x2633000,8192
1417228,small_user0,0,READ,0x2635000,8192
1417345,small_user0,0,WRITE,0x2637000,8192
1417388,small_user0,0,READ,0x2639000,8192
1417402,small_user1,1,READ,0x10002652000,4096
1417422,small_user1,1,READ,0x10002653000,16384
1417479,small_user1,1,READ,0x10002657000,8192
1417483,large_user1,3,READ,0x30003d50000,131072
1417830,small_user1,1,WRITE,0x10002659000,4096
1417897,small_user0,0,READ,0x263b000,16384
1417934,small_user1,1,WRITE,0x1000265a000,16384
1417998,small_user0,0,WRITE,0x263f000,16384
1418006,small_user1,1,READ,0x1000265e000,16384
1418082,small_user1,1,WRITE,0x10002662000,4096
1418268,small_user0,0,WRITE,0x2643000,16384
1418693,small_user1,1,READ,0x10002663000,8192
1418760,small_user1,1,WRITE,0x10002665000,8192
1418827,small_user1,1,WRITE,0x10002667000,8192
1418881,small_user0,0,READ,0x2647000,16384
1418954,small_user0,0,WRITE,0x264b000,8192
1419114,small_user1,1,READ,0x10002669000,16384
1419152,small_user0,0,READ,0x264d000,4096
1419201,small_user1,1,READ,0x1000266d000,16384
1419248,large_user0,2,READ,0x20004000000,131072
1419277,small_user1,1,READ,0x10002671000,16384
1419376,small_user1,1,READ,0x10002675000,16384
1419604,small_user0,0,WRITE,0x264e000,4096
1419652,small_user1,1,READ,0x10002679000,4096
1419655,large_user1,3,WRITE,0x30003d70000,131072
1419696,small_user0,0,READ,0x264f000,4096
1420006,small_user1,1,WRITE,0x1000267a000,4096
1420043,small_user0,0,READ,0x2650000,16384
1420292,small_user1,1,READ,0x1000267b000,4096
1420387,small_user1,1,READ,0x1000267c000,8192
1420458,small_user1,1,READ,0x1000267e000,16384
1420911,small_user1,1,READ,0x10002682000,16384
1421010,small_user0,0,READ,0x2654000,8192
1421023,small_user1,1,WRITE,0x10002686000,8192
1421172,small_user1,1,READ,0x10002688000,8192
1421194,small_user1,1,READ,0x1000268a000,4096
1421227,small_user1,1,READ,0x1000268b000,4096
1421262,small_user0,0,READ,0x2656000,16384
1421311,small_user1,1,READ,0x1000268c000,16384
1421317,small_user1,1,WRITE,0x10002690000,4096
1421363,small_user0,0,READ,0x265a000,16384
1421471,small_user0,0,READ,0x265e000,4096
1421647,small_user1,1,READ,0x10002691000,16384
1421995,small_user0,0,WRITE,0x265f000,4096
1422002,large_user1,3,WRITE,0x30003d90000,262144
1422468,small_user0,0,READ,0x2660000,16384
1422513,small_user1,1,READ,0x10002695000,16384
1422542,small_user1,1,WRITE,0x10002699000,8192
1422609,small_user0,0,READ,0x2664000,8192
1422720,small_user0,0,READ,0x2666000,4096
1423090,small_user1,1,READ,0x1000269b000,16384
1423281,small_user1,1,WRITE,0x1000269f000,8192
1423313,large_user1,3,WRITE,0x30003dd0000,262144
1423338,small_user0,0,READ,0x2667000,8192
1423371,small_user0,0,READ,0x2669000,16384
1423487,small_user0,0,READ,0x266d000,16384
1423514,large_user0,2,WRITE,0x20004020000,65536
1423932,small_user1,1,READ,0x100026a1000,8192
1424052,small_user0,0,READ,0x2671000,8192
1424217,small_user1,1,READ,0x100026a3000,4096
1424276,small_user0,0,READ,0x2673000,4096
1424430,small_user1,1,READ,0x100026a4000,8192
1424431,small_user0,0,READ,0x2674000,4096
1424587,small_user0,0,WRITE,0x2675000,8192
1424740,small_user0,0,READ,0x2677000,16384
1425101,small_user1,1,READ,0x100026a6000,16384
1425289,small_user1,1,READ,0x100026aa000,8192
1425375,small_user1,1,READ,0x100026ac000,4096
1425472,small_user0,0,READ,0x267b000,8192
1425494,small_user1,1,WRITE,0x100026ad000,8192
1425801,small_user1,1,WRITE,0x100026af000,4096
1425828,small_user0,0,WRITE,0x267d000,4096
1426478,small_user1,1,WRITE,0x100026b0000,4096
1426804,small_user0,0,WRITE,0x267e000,8192
1426904,small_user1,1,READ,0x100026b1000,8192
1426923,small_user0,0,READ,0x2680000,16384
1426934,small_user0,0,WRITE,0x2684000,4096
1426945,large_user1,3,WRITE,0x30003e10000,65536
1426966,large_user1,3,READ,0x30003e20000,131072
1427007,small_user1,1,READ,0x100026b3000,16384
1427065,small_user1,1,WRITE,0x100026b7000,16384
1427201,small_user1,1,READ,0x100026bb000,16384
1427401,small_user1,1,WRITE,0x100026bf000,16384
1427552,small_user0,0,READ,0x2685000,16384
1427561,small_user0,0,WRITE,0x2689000,16384
1427686,small_user1,1,READ,0x100026c3000,4096
1428020,small_user0,0,READ,0x268d000,4096
1428132,small_user0,0,READ,0x268e000,4096
1428201,small_user0,0,READ,0x268f000,16384
1428325,small_user1,1,READ,0x100026c4000,16384
1428515,small_user0,0,WRITE,0x2693000,4096
1428527,large_user0,2,READ,0x20004030000,65536
1428619,small_user1,1,READ,0x100026c8000,8192
1428837,small_user1,1,READ,0x100026ca000,16384
1428898,small_user1,1,READ,0x100026ce000,16384
1428973,small_user0,0,WRITE,0x2694000,16384
1429401,small_user1,1,READ,0x100026d2000,4096
1429481,small_user0,0,READ,0x2698000,8192
1429973,large_user1,3,WRITE,0x30003e40000,262144
1430017,small_user1,1,WRITE,0x100026d3000,16384
1430233,small_user0,0,READ,0x269a000,4096
1430487,small_user1,1,READ,0x100026d7000,16384
1430650,small_user1,1,WRITE,0x100026db000,4096
1430668,small_user1,1,READ,0x100026dc000,8192
1431017,small_user1,1,WRITE,0x100026de000,4096
1431169,small_user1,1,READ,0x100026df000,4096
1431341,small_user0,0,READ,0x269b000,8192
1431341,small_user0,0,READ,0x269d000,4096
1431521,small_user0,0,WRITE,0x269e000,8192
1431591,small_user0,0,WRITE,0x26a0000,8192
1431668,large_user0,2,READ,0x20004040000,131072
1431750,large_user1,3,READ,0x30003e80000,262144
1432137,small_user1,1,WRITE,0x100026e0000,4096
1432445,small_user1,1,WRITE,0x100026e1000,8192
1432906,small_user1,1,READ,0x100026e3000,16384
1433049,large_user1,3,READ,0x30003ec0000,131072
1433078,small_user1,1,WRITE,0x100026e7000,16384
1433458,small_user0,0,READ,0x26a2000,16384
1434260,small_user0,0,READ,0x26a6000,16384
1434582,small_user1,1,READ,0x100026eb000,16384
1434743,small_user1,1,READ,0x100026ef000,16384
1434855,small_user1,1,READ,0x100026f3000,4096
1435378,small_user1,1,WRITE,0x100026f4000,4096
1436007,small_user0,0,READ,0x26aa000,4096
1436050,small_user1,1,READ,0x100026f5000,16384
1436231,small_user0,0,READ,0x26ab000,8192
1436255,small_user0,0,WRITE,0x26ad000,16384
1436268,small_user0,0,READ,0x26b1000,4096
1436426,small_user0,0,WRITE,0x26b2000,8192
1436685,small_user0,0,WRITE,0x26b4000,8192
1436727,small_user0,0,WRITE,0x26b6000,16384
1436850,small_user1,1,READ,0x100026f9000,8192
1436877,small_user0,0,READ,0x26ba000,8192
1437101,small_user1,1,WRITE,0x100026fb000,16384
1437199,small_user0,0,WRITE,0x26bc000,4096
1437232,small_user0,0,WRITE,0x26bd000,8192
1437318,small_user0,0,READ,0x26bf000,16384
1437619,small_user0,0,WRITE,0x26c3000,4096
1437620,small_user1,1,WRITE,0x100026ff000,8192
1437875,small_user0,0,READ,0x26c4000,8192
1437935,small_user1,1,READ,0x10002701000,4096
1437955,small_user1,1,READ,0x10002702000,8192
1438198,small_user1,1,READ,0x10002704000,8192
1438247,small_user1,1,READ,0x10002706000,8192
1438330,small_user1,1,READ,0x10002708000,8192
1438359,small_user1,1,READ,0x1000270a000,16384
1438392,small_user1,1,READ,0x1000270e000,16384
1438515,small_user1,1,READ,0x10002712000,16384
1438600,small_user1,1,READ,0x10002716000,4096
1438702,small_user0,0,READ,0x26c6000,4096
1438745,small_user0,0,READ,0x26c7000,16384
1438821,small_user0,0,READ,0x26cb000,4096
1439099,small_user0,0,WRITE,0x26cc000,16384
1439140,small_user1,1,READ,0x10002717000,8192
1439253,small_user0,0,READ,0x26d0000,8192
1439353,small_user0,0,WRITE,0x26d2000,8192
1439639,small_user1,1,WRITE,0x10002719000,8192
1439803,large_user0,2,WRITE,0x20004060000,262144
1439818,small_user0,0,READ,0x26d4000,16384
1439940,small_user0,0,WRITE,0x26d8000,4096
1440067,small_user0,0,READ,0x26d9000,16384
1440129,small_user0,0,WRITE,0x26dd000,4096
1440176,small_user1,1,READ,0x1000271b000,4096
1440285,small_user0,0,READ,0x26de000,8192
1440366,small_user1,1,READ,0x1000271c000,4096
1440371,small_user0,0,WRITE,0x26e0000,4096
1440475,small_user1,1,READ,0x1000271d000,8192
1440548,small_user1,1,WRITE,0x1000271f000,16384
1440579,small_user0,0,READ,0x26e1000,16384
1440770,small_user1,1,READ,0x10002723000,16384
1441011,small_user0,0,READ,0x26e5000,4096
1441068,small_user1,1,READ,0x10002727000,16384
1441230,small_user0,0,READ,0x26e6000,8192
1441259,small_user1,1,READ,0x1000272b000,4096
1441376,large_user0,2,WRITE,0x200040a0000,131072
1441551,small_user1,1,READ,0x1000272c000,4096
1441552,small_user0,0,WRITE,0x26e8000,8192
1441573,small_user1,1,READ,0x1000272d000,8192
1441607,small_user1,1,READ,0x1000272f000,8192
1441702,small_user0,0,WRITE,0x26ea000,16384
1442195,small_user1,1,READ,0x10002731000,8192
1442360,small_user1,1,READ,0x10002733000,4096
1442488,small_user1,1,WRITE,0x10002734000,16384
1442490,small_user1,1,WRITE,0x10002738000,8192
1442513,small_user1,1,READ,0x1000273a000,4096
1442816,small_user1,1,READ,0x1000273b000,8192
1442931,small_user1,1,READ,0x1000273d000,16384
1443055,small_user0,0,READ,0x26ee000,4096
1443103,small_user1,1,READ,0x10002741000,16384
1443249,small_user0,0,READ,0x26ef000,16384
1443271,small_user1,1,WRITE,0x10002745000,16384
1443278,small_user0,0,READ,0x26f3000,8192
1443400,small_user0,0,READ,0x26f5000,8192
1443535,small_user0,0,READ,0x26f7000,16384
1443608,large_user1,3,READ,0x30003ee0000,65536
1443647,small_user1,1,READ,0x10002749000,16384
1443690,small_user1,1,READ,0x1000274d000,8192
1444162,small_user1,1,READ,0x1000274f000,16384
1444246,small_user0,0,READ,0x26fb000,16384
1444309,small_user1,1,READ,0x10002753000,16384
1444460,small_user0,0,READ,0x26ff000,16384
1444639,small_user0,0,READ,0x2703000,16384
1445230,small_user1,1,READ,0x10002757000,8192
1445251,small_user1,1,READ,0x10002759000,4096
1445362,small_user1,1,WRITE,0x1000275a000,8192
1445370,small_user1,1,READ,0x1000275c000,16384
1445668,small_user0,0,READ,0x2707000,16384
1445941,small_user0,0,READ,0x270b000,8192
1446029,small_user0,0,READ,0x270d000,4096
1446229,small_user1,1,READ,0x10002760000,8192
1446318,large_user1,3,READ,0x30003ef0000,131072
1446346,large_user1,3,READ,0x30003f10000,131072
1446489,small_user1,1,READ,0x10002762000,16384
1446526,small_user1,1,WRITE,0x10002766000,4096
1446670,small_user0,0,READ,0x270e000,16384
1446716,small_user1,1,WRITE,0x10002767000,16384
1446780,small_user0,0,READ,0x2712000,16384
1446821,small_user1,1,READ,0x1000276b000,16384
1446916,small_user1,1,WRITE,0x1000276f000,4096
1446942,small_user0,0,READ,0x2716000,16384
1446959,small_user0,0,READ,0x271a000,4096
1447045,large_user1,3,WRITE,0x30003f30000,262144
1447127,small_user1,1,WRITE,0x10002770000,4096
1447174,small_user0,0,WRITE,0x271b000,8192
1447201,small_user0,0,READ,0x271d000,16384
1447216,small_user1,1,WRITE,0x10002771000,16384
1447736,small_user1,1,READ,0x10002775000,4096
1447772,large_user0,2,WRITE,0x200040c0000,65536
1447833,small_user0,0,WRITE,0x2721000,8192
1447854,small_user0,0,READ,0x2723000,4096
1448049,small_user0,0,READ,0x2724000,8192
1448133,large_user0,2,READ,0x200040d0000,262144
1448160,small_user1,1,READ,0x10002776000,4096
1448424,large_user1,3,READ,0x30003f70000,262144
1448477,small_user0,0,READ,0x2726000,8192
1448566,large_user0,2,WRITE,0x20004110000,131072
1448682,small_user1,1,READ,0x10002777000,16384
1448724,small_user1,1,READ,0x1000277b000,4096
1448829,small_user0,0,WRITE,0x2728000,4096
1449118,large_user1,3,WRITE,0x30003fb0000,262144
1449182,small_user0,0,READ,0x2729000,4096
1449469,small_user1,1,READ,0x1000277c000,16384
1449678,small_user0,0,WRITE,0x272a000,16384
1449944,small_user1,1,READ,0x10002780000,16384
1450209,large_user0,2,WRITE,0x20004130000,65536
1450274,small_user0,0,READ,0x272e000,4096
1450587,small_user0,0,READ,0x272f000,16384
1450777,small_user1,1,READ,0x10002784000,8192
1450810,small_user0,0,WRITE,0x2733000,8192
1451339,small_user1,1,WRITE,0x10002786000,16384
1451520,small_user1,1,WRITE,0x1000278a000,4096
1451588,small_user1,1,READ,0x1000278b000,8192
1451614,small_user0,0,WRITE,0x2735000,8192
1451651,small_user0,0,READ,0x2737000,8192
1451744,small_user0,0,READ,0x2739000,16384
1451794,small_user0,0,WRITE,0x273d000,16384
1451869,small_user1,1,WRITE,0x1000278d000,4096
1452010,small_user0,0,READ,0x2741000,4096
1452126,large_user0,2,WRITE,0x20004140000,262144
1452220,small_user0,0,WRITE,0x2742000,8192
1452228,small_user1,1,READ,0x1000278e000,4096
1452583,small_user1,1,WRITE,0x1000278f000,8192
1452613,small_user0,0,READ,0x2744000,16384
1452951,small_user0,0,WRITE,0x2748000,8192
1453029,large_user0,2,WRITE,0x20004180000,65536
1453195,small_user1,1,READ,0x10002791000,16384
1453293,small_user0,0,READ,0x274a000,8192
1453548,small_user1,1,WRITE,0x10002795000,4096
1453560,small_user1,1,WRITE,0x10002796000,4096
1454133,large_user1,3,READ,0x30003ff0000,262144
1454463,small_user1,1,READ,0x10002797000,4096
1454550,small_user1,1,WRITE,0x10002798000,16384
1454576,small_user0,0,READ,0x274c000,8192
1454587,small_user0,0,READ,0x274e000,4096
1454675,small_user1,1,READ,0x1000279c000,4096
1454776,small_user0,0,READ,0x274f000,4096
1454901,small_user1,1,READ,0x1000279d000,16384
1455125,large_user0,2,WRITE,0x20004190000,65536
1455152,small_user1,1,READ,0x100027a1000,8192
1455225,small_user0,0,READ,0x2750000,8192
1455234,small_user1,1,READ,0x100027a3000,8192
1455579,small_user0,0,WRITE,0x2752000,4096
1455662,large_user1,3,READ,0x30004030000,262144
1456110,small_user1,1,WRITE,0x100027a5000,4096
1456156,small_user1,1,READ,0x100027a6000,4096
1456269,large_user0,2,WRITE,0x200041a0000,262144
1456391,small_user1,1,READ,0x100027a7000,16384
1456559,small_user1,1,WRITE,0x100027ab000,8192
1456714,small_user0,0,READ,0x2753000,8192
1456883,small_user1,1,WRITE,0x100027ad000,8192
1457076,large_user0,2,WRITE,0x200041e0000,262144
1457418,small_user1,1,WRITE,0x100027af000,8192
1457581,small_user1,1,READ,0x100027b1000,8192
1457677,small_user1,1,READ,0x100027b3000,4096
1457745,small_user0,0,READ,0x2755000,8192
1457788,small_user0,0,READ,0x2757000,8192
1457827,small_user1,1,READ,0x100027b4000,4096
1457950,small_user0,0,READ,0x2759000,4096
1458010,small_user0,0,READ,0x275a000,4096
1458084,small_user0,0,READ,0x275b000,8192
1458154,large_user1,3,READ,0x30004070000,131072
1458223,small_user1,1,WRITE,0x100027b5000,4096
1458256,small_user0,0,WRITE,0x275d000,4096
1458330,small_user1,1,WRITE,0x100027b6000,16384
1458590,small_user0,0,READ,0x275e000,8192
1458637,large_user1,3,WRITE,0x30004090000,131072
1458705,large_user0,2,READ,0x20004220000,65536
1458748,small_user0,0,WRITE,0x2760000,4096
1458852,large_user0,2,READ,0x20004230000,262144
1459216,small_user0,0,WRITE,0x2761000,8192
1459294,small_user0,0,READ,0x2763000,4096
1459300,small_user0,0,READ,0x2764000,16384
1459366,small_user1,1,READ,0x100027ba000,8192
1459566,small_user1,1,READ,0x100027bc000,4096
1459609,small_user1,1,READ,0x100027bd000,4096
1459687,small_user1,1,READ,0x100027be000,4096
1459766,small_user0,0,READ,0x2768000,4096
1459829,small_user1,1,READ,0x100027bf000,16384
1459863,small_user0,0,WRITE,0x2769000,8192
1459886,small_user1,1,READ,0x100027c3000,4096
1459964,small_user0,0,READ,0x276b000,16384
1460076,small_user0,0,READ,0x276f000,4096
1460139,small_user1,1,WRITE,0x100027c4000,8192
1460270,small_user1,1,WRITE,0x100027c6000,4096
1460277,small_user0,0,READ,0x2770000,4096
1460284,small_user0,0,WRITE,0x2771000,4096
1460372,small_user0,0,WRITE,0x2772000,8192
1460426,small_user0,0,READ,0x2774000,4096
1460651,small_user0,0,READ,0x2775000,4096
1460675,small_user0,0,READ,0x2776000,4096
1461094,large_user1,3,READ,0x300040b0000,131072
1461247,small_user0,0,READ,0x2777000,8192
1461478,small_user1,1,WRITE,0x100027c7000,4096
1461603,large_user1,3,WRITE,0x300040d0000,131072
1461691,small_user1,1,WRITE,0x100027c8000,4096
1461701,small_user0,0,READ,0x2779000,4096
1461752,large_user1,3,READ,0x300040f0000,262144
1461932,small_user0,0,WRITE,0x277a000,4096
1462034,large_user0,2,WRITE,0x20004270000,131072
1462139,small_user0,0,READ,0x277b000,4096
1462245,small_user1,1,READ,0x100027c9000,4096
1462687,large_user0,2,WRITE,0x20004290000,131072
1462797,small_user0,0,READ,0x277c000,8192
1462814,large_user0,2,READ,0x200042b0000,65536
1463172,small_user0,0,READ,0x277e000,8192
1463239,small_user1,1,WRITE,0x100027ca000,8192
1463404,small_user1,1,READ,0x100027cc000,16384
1463600,large_user0,2,WRITE,0x200042c0000,131072
1463680,small_user0,0,READ,0x2780000,8192
1463685,small_user0,0,WRITE,0x2782000,4096
1463744,small_user1,1,WRITE,0x100027d0000,16384
1463986,small_user0,0,READ,0x2783000,8192
1463997,small_user0,0,WRITE,0x2785000,4096
1464019,small_user0,0,READ,0x2786000,8192
1464102,small_user0,0,READ,0x2788000,8192
1464176,small_user0,0,READ,0x278a000,4096
1464514,small_user1,1,READ,0x100027d4000,8192
1464552,large_user1,3,WRITE,0x30004130000,262144
1464586,small_user1,1,READ,0x100027d6000,16384
1464677,small_user0,0,READ,0x278b000,8192
1464735,small_user0,0,READ,0x278d000,8192
1464770,small_user0,0,WRITE,0x278f000,16384
1464786,small_user0,0,WRITE,0x2793000,16384
1464918,small_user0,0,READ,0x2797000,8192
1464988,small_user1,1,READ,0x100027da000,16384
1465241,small_user0,0,READ,0x2799000,16384
1465451,small_user0,0,READ,0x279d000,8192
1465748,small_user1,1,READ,0x100027de000,4096
1465752,small_user0,0,WRITE,0x279f000,4096
1466338,small_user0,0,READ,0x27a0000,16384
1466564,small_user0,0,READ,0x27a4000,16384
1466685,small_user1,1,WRITE,0x100027df000,8192
1466729,large_user0,2,WRITE,0x200042e0000,131072
1466737,small_user0,0,READ,0x27a8000,8192
1466807,small_user0,0,WRITE,0x27aa000,16384
1466919,small_user0,0,WRITE,0x27ae000,8192
1466926,small_user1,1,READ,0x100027e1000,16384
1467062,small_user0,0,READ,0x27b0000,4096
1467161,small_user1,1,READ,0x100027e5000,4096
1467286,small_user1,1,READ,0x100027e6000,4096
1467510,small_user1,1,READ,0x100027e7000,4096
1467516,small_user1,1,WRITE,0x100027e8000,16384
1467526,small_user1,1,READ,0x100027ec000,8192
1467561,small_user0,0,READ,0x27b1000,4096
1467715,small_user1,1,WRITE,0x100027ee000,4096
1467755,small_user0,0,READ,0x27b2000,4096
1467964,small_user0,0,READ,0x27b3000,4096
1468058,small_user0,0,READ,0x27b4000,4096
1468170,small_user0,0,WRITE,0x27b5000,8192
1468640,small_user1,1,READ,0x100027ef000,8192
1468858,small_user1,1,WRITE,0x100027f1000,8192
1469031,small_user0,0,READ,0x27b7000,4096
1469044,small_user1,1,WRITE,0x100027f3000,16384
1469455,small_user1,1,READ,0x100027f7000,16384
1469456,small_user0,0,READ,0x27b8000,16384
1469463,small_user1,1,WRITE,0x100027fb000,4096
1470087,large_user0,2,READ,0x20004300000,65536
1470183,small_user1,1,READ,0x100027fc000,16384
1470200,small_user1,1,WRITE,0x10002800000,4096
1470447,small_user0,0,READ,0x27bc000,16384
1470480,small_user0,0,READ,0x27c0000,4096
1470885,small_user1,1,WRITE,0x10002801000,8192
1470972,large_user0,2,WRITE,0x20004310000,262144
1471106,small_user0,0,WRITE,0x27c1000,8192
1472092,large_user0,2,READ,0x20004350000,65536
1472149,small_user1,1,READ,0x10002803000,8192
1472151,small_user0,0,READ,0x27c3000,8192
1472198,small_user0,0,WRITE,0x27c5000,8192
1472235,small_user1,1,WRITE,0x10002805000,8192
1472348,small_user0,0,READ,0x27c7000,4096
1472432,small_user0,0,WRITE,0x27c8000,4096
1472507,large_user1,3,WRITE,0x30004170000,262144
1472709,small_user1,1,READ,0x10002807000,4096
1473046,small_user1,1,WRITE,0x10002808000,8192
1473394,small_user0,0,READ,0x27c9000,4096
1473540,large_user1,3,WRITE,0x300041b0000,262144
1473713,small_user1,1,READ,0x1000280a000,4096
1473768,small_user1,1,READ,0x1000280b000,8192
1473812,small_user1,1,WRITE,0x1000280d000,16384
1473948,small_user0,0,READ,0x27ca000,4096
1474052,large_user1,3,READ,0x300041f0000,131072
1474070,small_user1,1,READ,0x10002811000,8192
1474187,small_user0,0,READ,0x27cb000,16384
1474408,large_user1,3,WRITE,0x30004210000,131072
1474491,large_user1,3,READ,0x30004230000,65536
1474495,small_user1,1,WRITE,0x10002813000,16384
1474562,small_user0,0,READ,0x27cf000,4096
1474674,small_user0,0,READ,0x27d0000,4096
1474719,small_user0,0,WRITE,0x27d1000,16384
1474723,small_user0,0,WRITE,0x27d5000,8192
1474804,large_user1,3,READ,0x30004240000,65536
1474905,small_user0,0,WRITE,0x27d7000,8192
1474934,small_user0,0,READ,0x27d9000,16384
1475527,small_user0,0,WRITE,0x27dd000,4096
1475743,large_user1,3,READ,0x30004250000,131072
1475908,small_user1,1,WRITE,0x10002817000,16384
1475947,small_user1,1,WRITE,0x1000281b000,8192
1475960,small_user1,1,WRITE,0x1000281d000,4096
1476164,small_user0,0,READ,0x27de000,16384
1476215,small_user0,0,READ,0x27e2000,8192
1476697,small_user0,0,READ,0x27e4000,4096
1476887,small_user0,0,READ,0x27e5000,8192
1476942,small_user0,0,WRITE,0x27e7000,8192
1477057,small_user1,1,READ,0x1000281e000,8192
1477383,small_user0,0,WRITE,0x27e9000,16384
1477418,small_user1,1,READ,0x10002820000,4096
1477429,small_user0,0,READ,0x27ed000,4096
1477715,small_user0,0,WRITE,0x27ee000,8192
1477775,small_user1,1,WRITE,0x10002821000,4096
1477786,small_user1,1,WRITE,0x10002822000,4096
1477923,small_user1,1,READ,0x10002823000,16384
1478200,small_user0,0,READ,0x27f0000,8192
1478217,small_user1,1,READ,0x10002827000,4096
1478589,large_user0,2,WRITE,0x20004360000,262144
1478788,small_user0,0,WRITE,0x27f2000,4096
1479037,small_user0,0,READ,0x27f3000,4096
1479171,small_user1,1,WRITE,0x10002828000,8192
1479264,large_user1,3,WRITE,0x30004270000,65536
1479272,small_user0,0,READ,0x27f4000,16384
1479983,small_user0,0,READ,0x27f8000,4096
1480118,small_user0,0,READ,0x27f9000,4096
1480136,small_user0,0,READ,0x27fa000,16384
1480142,small_user1,1,READ,0x1000282a000,16384
1480206,small_user0,0,READ,0x27fe000,16384
1480311,small_user1,1,READ,0x1000282e000,16384
1480425,small_user0,0,READ,0x2802000,8192
1480708,small_user1,1,WRITE,0x10002832000,8192
1481030,small_user1,1,READ,0x10002834000,16384
1481049,small_user1,1,READ,0x10002838000,16384
1481142,small_user1,1,READ,0x1000283c000,4096
1481559,small_user0,0,WRITE,0x2804000,8192
1481584,small_user0,0,READ,0x2806000,16384
1481755,small_user0,0,READ,0x280a000,4096
1481757,small_user1,1,READ,0x1000283d000,4096
1481816,small_user1,1,READ,0x1000283e000,8192
1482168,small_user0,0,READ,0x280b000,4096
1482235,small_user0,0,READ,0x280c000,16384
1482246,small_user1,1,READ,0x10002840000,4096
1482288,small_user1,1,READ,0x10002841000,16384
1482534,small_user0,0,WRITE,0x2810000,16384
1482966,small_user1,1,WRITE,0x10002845000,4096
1483150,small_user1,1,WRITE,0x10002846000,4096
1483267,small_user1,1,READ,0x10002847000,4096
1483555,small_user1,1,READ,0x10002848000,16384
1483565,small_user0,0,READ,0x2814000,16384
1483708,small_user0,0,WRITE,0x2818000,8192
1483901,small_user0,0,WRITE,0x281a000,4096
1484040,small_user0,0,READ,0x281b000,16384
1484044,small_user0,0,WRITE,0x281f000,8192
1484085,small_user0,0,WRITE,0x2821000,16384
1484094,small_user1,1,READ,0x1000284c000,8192
1484469,small_user0,0,READ,0x2825000,8192
1484635,small_user0,0,READ,0x2827000,16384
1484659,large_user0,2,WRITE,0x200043a0000,131072
1484922,small_user0,0,READ,0x282b000,8192
1485224,small_user1,1,READ,0x1000284e000,8192
1485262,small_user0,0,WRITE,0x282d000,4096
1485269,large_user0,2,WRITE,0x200043c0000,65536
1485810,small_user0,0,READ,0x282e000,16384
1485909,small_user0,0,READ,0x2832000,8192
1486223,small_user0,0,READ,0x2834000,16384
1486257,small_user1,1,WRITE,0x10002850000,8192
1486264,small_user1,1,READ,0x10002852000,8192
1486339,small_user1,1,WRITE,0x10002854000,4096
1486366,large_user0,2,WRITE,0x200043d0000,65536
1486411,small_user0,0,READ,0x2838000,8192
1486561,small_user1,1,READ,0x10002855000,4096
1486671,small_user0,0,READ,0x283a000,8192
1486722,small_user1,1,READ,0x10002856000,8192
1486729,small_user0,0,WRITE,0x283c000,4096
1486814,small_user1,1,WRITE,0x10002858000,8192
1486999,small_user0,0,WRITE,0x283d000,4096
1487092,small_user1,1,READ,0x1000285a000,8192
1487330,small_user1,1,READ,0x1000285c000,4096
1487377,small_user0,0,WRITE,0x283e000,16384
1487485,small_user1,1,WRITE,0x1000285d000,8192
1487780,small_user1,1,READ,0x1000285f000,8192
1487936,small_user1,1,READ,0x10002861000,4096
1487979,large_user0,2,WRITE,0x200043e0000,131072
1488150,small_user1,1,READ,0x10002862000,16384
1488402,small_user1,1,WRITE,0x10002866000,16384
1488460,small_user0,0,WRITE,0x2842000,8192
1488587,small_user0,0,READ,0x2844000,8192
1488784,small_user1,1,WRITE,0x1000286a000,16384
1488805,small_user1,1,WRITE,0x1000286e000,8192
1489184,small_user1,1,WRITE,0x10002870000,16384
1489213,small_user1,1,READ,0x10002874000,4096
1489501,small_user1,1,READ,0x10002875000,8192
1489591,large_user1,3,WRITE,0x30004280000,131072
1489617,large_user0,2,READ,0x20004400000,65536
1489686,small_user1,1,READ,0x10002877000,8192
1489764,small_user1,1,WRITE,0x10002879000,4096
1489792,small_user1,1,READ,0x1000287a000,16384
1489906,small_user1,1,WRITE,0x1000287e000,4096
1489931,small_user0,0,READ,0x2846000,16384
1490168,small_user1,1,WRITE,0x1000287f000,4096
1490190,small_user1,1,READ,0x10002880000,16384
1490423,small_user0,0,WRITE,0x284a000,4096
1490497,small_user1,1,READ,0x10002884000,4096
1490660,small_user1,1,WRITE,0x10002885000,4096
1490825,small_user0,0,WRITE,0x284b000,4096
1490944,small_user1,1,READ,0x10002886000,4096
1491006,small_user0,0,WRITE,0x284c000,16384
1491479,small_user1,1,READ,0x10002887000,16384
1491892,small_user0,0,READ,0x2850000,16384
1492041,small_user0,0,READ,0x2854000,4096
1492305,small_user0,0,READ,0x2855000,4096
1492487,large_user1,3,WRITE,0x300042a0000,65536
1492682,small_user1,1,READ,0x1000288b000,4096
1492942,large_user1,3,READ,0x300042b0000,65536
1492980,small_user0,0,READ,0x2856000,16384
1492996,small_user1,1,WRITE,0x1000288c000,4096
1493058,small_user1,1,WRITE,0x1000288d000,8192
1493109,small_user0,0,READ,0x285a000,8192
1493188,small_user0,0,READ,0x285c000,8192
1493215,large_user1,3,WRITE,0x300042c0000,262144
1493260,small_user1,1,WRITE,0x1000288f000,8192
1493705,small_user1,1,READ,0x10002891000,16384
1493723,small_user0,0,READ,0x285e000,16384
1493964,small_user1,1,READ,0x10002895000,8192
1494409,small_user0,0,READ,0x2862000,8192
1494495,small_user0,0,READ,0x2864000,4096
1494606,small_user0,0,READ,0x2865000,8192
1494664,small_user1,1,READ,0x10002897000,4096
1494813,small_user0,0,READ,0x2867000,4096
1495003,small_user1,1,READ,0x10002898000,4096
1495048,small_user0,0,READ,0x2868000,8192
1495145,small_user0,0,WRITE,0x286a000,4096
1495203,small_user0,0,WRITE,0x286b000,4096
1495345,small_user1,1,WRITE,0x10002899000,4096
1496214,small_user1,1,READ,0x1000289a000,4096
1496235,small_user0,0,READ,0x286c000,8192
1496293,small_user1,1,READ,0x1000289b000,4096
1496532,small_user0,0,READ,0x286e000,4096
1496727,small_user1,1,READ,0x1000289c000,4096
1496797,small_user0,0,READ,0x286f000,8192
1496987,large_user1,3,READ,0x30004300000,65536
1496995,small_user1,1,READ,0x1000289d000,4096
1497111,small_user1,1,WRITE,0x1000289e000,16384
1497443,small_user0,0,WRITE,0x2871000,16384
1497463,small_user1,1,READ,0x100028a2000,8192
1497469,small_user1,1,READ,0x100028a4000,16384
1497559,small_user1,1,WRITE,0x100028a8000,16384
1497596,small_user0,0,WRITE,0x2875000,16384
1498208,small_user1,1,WRITE,0x100028ac000,16384
1498322,small_user1,1,READ,0x100028b0000,16384
1498359,small_user1,1,READ,0x100028b4000,4096
1498370,large_user0,2,WRITE,0x20004410000,262144
1498520,small_user1,1,READ,0x100028b5000,8192
1498545,small_user0,0,WRITE,0x2879000,8192
1498581,small_user0,0,READ,0x287b000,16384
1498680,small_user1,1,WRITE,0x100028b7000,8192
1498776,small_user0,0,READ,0x287f000,16384
1499384,small_user1,1,READ,0x100028b9000,8192
1499519,small_user0,0,READ,0x2883000,4096
1499763,small_user1,1,WRITE,0x100028bb000,16384
1499803,small_user0,0,READ,0x2884000,4096
1500114,small_user0,0,READ,0x2885000,4096
1500503,small_user0,0,READ,0x2886000,4096
1500532,large_user0,2,READ,0x20004450000,65536
1500701,small_user1,1,WRITE,0x100028bf000,8192
1500903,small_user1,1,WRITE,0x100028c1000,8192
1501072,small_user1,1,READ,0x100028c3000,16384
1501332,small_user1,1,READ,0x100028c7000,16384
1501524,small_user1,1,READ,0x100028cb000,16384
1501571,small_user0,0,READ,0x2887000,4096
1501575,small_user1,1,READ,0x100028cf000,8192
1501833,large_user0,2,WRITE,0x20004460000,131072
1501872,small_user1,1,WRITE,0x100028d1000,4096
1501942,small_user0,0,READ,0x2888000,8192
1502020,large_user1,3,READ,0x30004310000,131072
1502165,small_user0,0,READ,0x288a000,4096
1502308,small_user0,0,READ,0x288b000,16384
1502331,small_user1,1,WRITE,0x100028d2000,8192
1502363,small_user1,1,READ,0x100028d4000,4096
1502438,small_user1,1,READ,0x100028d5000,4096
1502506,small_user1,1,READ,0x100028d6000,8192
1502510,small_user1,1,READ,0x100028d8000,8192
1502847,small_user0,0,READ,0x288f000,4096
1502915,small_user1,1,READ,0x100028da000,16384
1502996,small_user1,1,READ,0x100028de000,8192
1503688,small_user0,0,READ,0x2890000,4096
1503739,small_user1,1,READ,0x100028e0000,8192
1503972,small_user0,0,READ,0x2891000,16384
1504159,small_user1,1,READ,0x100028e2000,8192
1504183,small_user0,0,READ,0x2895000,8192
1504282,large_user0,2,READ,0x20004480000,65536
1504543,small_user0,0,WRITE,0x2897000,4096
1504597,small_user0,0,WRITE,0x2898000,16384
1504654,small_user0,0,WRITE,0x289c000,4096
1504770,large_user1,3,READ,0x30004330000,262144
1504856,small_user0,0,READ,0x289d000,16384
1504877,small_user1,1,WRITE,0x100028e4000,4096
1504977,small_user0,0,READ,0x28a1000,8192
1505363,small_user0,0,WRITE,0x28a3000,8192
1505385,small_user1,1,READ,0x100028e5000,8192
1505385,small_user1,1,WRITE,0x100028e7000,8192
1505499,small_user1,1,READ,0x100028e9000,4096
1505543,small_user1,1,READ,0x100028ea000,16384
1505595,small_user1,1,READ,0x100028ee000,4096
1505854,small_user0,0,WRITE,0x28a5000,8192
1505860,small_user1,1,READ,0x100028ef000,16384
1506020,small_user0,0,READ,0x28a7000,16384
1506261,small_user1,1,READ,0x100028f3000,8192
1506352,small_user1,1,READ,0x100028f5000,16384
1506392,small_user0,0,READ,0x28ab000,16384
1506401,small_user0,0,READ,0x28af000,16384
1507255,small_user0,0,WRITE,0x28b3000,16384
1507332,small_user0,0,READ,0x28b7000,16384
1507361,small_user0,0,WRITE,0x28bb000,16384
1507776,small_user0,0,READ,0x28bf000,16384
1507960,small_user1,1,READ,0x100028f9000,4096
1508093,small_user1,1,WRITE,0x100028fa000,8192
1508179,small_user0,0,READ,0x28c3000,8192
1508308,small_user1,1,WRITE,0x100028fc000,8192
1508310,small_user0,0,READ,0x28c5000,4096
1508316,small_user0,0,READ,0x28c6000,8192
1509072,small_user1,1,READ,0x100028fe000,4096
1509366,small_user1,1,READ,0x100028ff000,4096
1509403,small_user0,0,WRITE,0x28c8000,8192
1509417,small_user1,1,READ,0x10002900000,8192
1509488,small_user1,1,WRITE,0x10002902000,16384
1509643,small_user1,1,READ,0x10002906000,16384
1509797,small_user0,0,WRITE,0x28ca000,16384
1509864,small_user1,1,READ,0x1000290a000,8192
1510068,small_user1,1,READ,0x1000290c000,8192
1510285,large_user1,3,WRITE,0x30004370000,65536
1510527,small_user0,0,READ,0x28ce000,16384
1511324,small_user1,1,READ,0x1000290e000,8192
1511463,small_user1,1,READ,0x10002910000,8192
1511550,small_user0,0,WRITE,0x28d2000,4096
1511704,small_user0,0,READ,0x28d3000,16384
1511875,large_user1,3,WRITE,0x30004380000,262144
1512330,small_user0,0,READ,0x28d7000,4096
1512449,small_user0,0,WRITE,0x28d8000,16384
1512474,small_user1,1,WRITE,0x10002912000,8192
1512598,small_user1,1,READ,0x10002914000,4096
1512697,small_user1,1,READ,0x10002915000,8192
1512753,small_user1,1,READ,0x10002917000,16384
1512767,small_user1,1,READ,0x1000291b000,16384
1512888,small_user1,1,WRITE,0x1000291f000,8192
1513070,small_user0,0,READ,0x28dc000,8192
1513103,small_user1,1,READ,0x10002921000,8192
1513111,small_user0,0,READ,0x28de000,8192
1513309,small_user1,1,WRITE,0x10002923000,16384
1513317,small_user0,0,READ,0x28e0000,4096
1513442,small_user0,0,READ,0x28e1000,16384
1513468,small_user0,0,READ,0x28e5000,8192
1513875,small_user0,0,READ,0x28e7000,8192
1514254,small_user1,1,READ,0x10002927000,8192
1514265,small_user0,0,WRITE,0x28e9000,16384
1514394,large_user1,3,WRITE,0x300043c0000,131072
1514529,small_user1,1,READ,0x10002929000,4096
1514567,small_user0,0,WRITE,0x28ed000,8192
1514574,small_user0,0,READ,0x28ef000,8192
1514582,small_user1,1,READ,0x1000292a000,16384
1515071,small_user1,1,WRITE,0x1000292e000,8192
1515110,small_user1,1,READ,0x10002930000,16384
1515279,small_user1,1,READ,0x10002934000,8192
1515362,small_user1,1,WRITE,0x10002936000,16384
1515618,small_user0,0,WRITE,0x28f1000,8192
1515658,small_user0,0,WRITE,0x28f3000,16384
1515814,small_user1,1,READ,0x1000293a000,16384
1515864,small_user1,1,READ,0x1000293e000,4096
1515906,small_user0,0,WRITE,0x28f7000,8192
1516174,small_user0,0,READ,0x28f9000,4096
1516244,large_user1,3,WRITE,0x300043e0000,131072
1516503,small_user0,0,READ,0x28fa000,8192
1516690,small_user1,1,READ,0x1000293f000,4096
1516946,small_user0,0,READ,0x28fc000,4096
1517581,small_user1,1,READ,0x10002940000,4096
1517630,small_user0,0,READ,0x28fd000,16384
1517675,small_user1,1,READ,0x10002941000,16384
1518153,small_user1,1,WRITE,0x10002945000,8192
1518453,small_user0,0,WRITE,0x2901000,4096
1518592,small_user1,1,WRITE,0x10002947000,8192
1518758,small_user0,0,WRITE,0x2902000,8192
1518966,small_user0,0,READ,0x2904000,8192
1519243,small_user0,0,WRITE,0x2906000,16384
1519324,small_user0,0,READ,0x290a000,4096
1519487,small_user1,1,READ,0x10002949000,16384
1519570,large_user1,3,READ,0x30004400000,262144
1519571,large_user1,3,READ,0x30004440000,131072
1519908,small_user1,1,READ,0x1000294d000,16384
1520192,small_user1,1,WRITE,0x10002951000,8192
1520491,small_user1,1,READ,0x10002953000,8192
1520586,small_user1,1,READ,0x10002955000,8192
1520674,small_user1,1,READ,0x10002957000,4096
1520684,small_user1,1,READ,0x10002958000,8192
1520707,small_user1,1,READ,0x1000295a000,4096
1520751,small_user1,1,READ,0x1000295b000,16384
1521018,large_user0,2,WRITE,0x20004490000,65536
1521103,small_user1,1,WRITE,0x1000295f000,8192
1521116,small_user0,0,READ,0x290b000,4096
1521358,small_user1,1,READ,0x10002961000,16384
1521648,large_user1,3,WRITE,0x30004460000,262144
1521761,small_user0,0,READ,0x290c000,8192
1521785,small_user1,1,READ,0x10002965000,16384
1521879,large_user0,2,WRITE,0x200044a0000,131072
1522132,small_user0,0,WRITE,0x290e000,16384
1522165,small_user0,0,WRITE,0x2912000,4096
1522173,small_user1,1,READ,0x10002969000,4096
1522370,small_user1,1,READ,0x1000296a000,8192
1522872,small_user0,0,WRITE,0x2913000,16384
1522953,small_user0,0,WRITE,0x2917000,4096
1522960,small_user1,1,READ,0x1000296c000,8192
1523234,small_user0,0,READ,0x2918000,4096
1523267,small_user1,1,WRITE,0x1000296e000,8192
1523368,small_user1,1,READ,0x10002970000,8192
1523779,small_user1,1,WRITE,0x10002972000,16384
1524025,small_user0,0,WRITE,0x2919000,4096
1524194,small_user1,1,READ,0x10002976000,8192
1524425,small_user1,1,READ,0x10002978000,16384
1524922,small_user1,1,READ,0x1000297c000,4096
1525102,small_user1,1,WRITE,0x1000297d000,8192
1525114,small_user0,0,READ,0x291a000,16384
1525186,small_user1,1,READ,0x1000297f000,16384
1525325,small_user0,0,READ,0x291e000,16384
1525884,small_user1,1,READ,0x10002983000,8192
1525900,small_user0,0,READ,0x2922000,16384
1525930,small_user1,1,READ,0x10002985000,4096
1526028,small_user0,0,READ,0x2926000,8192
1526125,small_user0,0,READ,0x2928000,4096
1526145,small_user0,0,READ,0x2929000,8192
1526374,small_user1,1,READ,0x10002986000,4096
1526442,small_user0,0,WRITE,0x292b000,4096
1526573,small_user1,1,READ,0x10002987000,16384
1526626,small_user1,1,READ,0x1000298b000,8192
1526683,small_user0,0,READ,0x292c000,4096
1526840,small_user0,0,WRITE,0x292d000,8192
1526855,small_user1,1,READ,0x1000298d000,8192
1526946,small_user0,0,READ,0x292f000,8192
1526959,small_user1,1,READ,0x1000298f000,16384
1526989,small_user0,0,READ,0x2931000,16384
1527134,small_user0,0,READ,0x2935000,4096
1527240,small_user1,1,READ,0x10002993000,8192
1527463,small_user1,1,WRITE,0x10002995000,4096
1527483,small_user1,1,WRITE,0x10002996000,8192
1527618,small_user1,1,READ,0x10002998000,16384
1527848,small_user0,0,READ,0x2936000,8192
1528336,large_user1,3,WRITE,0x300044a0000,262144
1528445,small_user0,0,READ,0x2938000,16384
1528503,large_user0,2,WRITE,0x200044c0000,131072
1528583,small_user0,0,READ,0x293c000,16384
1528835,small_user0,0,READ,0x2940000,4096
1528877,small_user0,0,READ,0x2941000,4096
1528947,small_user0,0,READ,0x2942000,4096
1529020,small_user1,1,READ,0x1000299c000,16384
1529023,small_user0,0,READ,0x2943000,4096
1529183,small_user0,0,READ,0x2944000,16384
1529288,small_user1,1,WRITE,0x100029a0000,16384
1529676,small_user0,0,READ,0x2948000,8192
1529714,small_user1,1,READ,0x100029a4000,16384
1529886,small_user1,1,READ,0x100029a8000,4096
1530075,small_user1,1,READ,0x100029a9000,8192
1530177,small_user1,1,READ,0x100029ab000,4096
1530293,small_user0,0,READ,0x294a000,8192
1530294,small_user1,1,READ,0x100029ac000,16384
1530434,small_user1,1,READ,0x100029b0000,8192
1530478,small_user1,1,READ,0x100029b2000,16384
1530512,small_user0,0,READ,0x294c000,4096
1530580,small_user0,0,READ,0x294d000,8192
1530670,small_user0,0,READ,0x294f000,4096
1530866,small_user0,0,WRITE,0x2950000,4096
1530884,small_user0,0,READ,0x2951000,4096
1530904,small_user1,1,WRITE,0x100029b6000,16384
1531014,small_user1,1,READ,0x100029ba000,4096
1531227,small_user1,1,READ,0x100029bb000,8192
1531532,small_user1,1,READ,0x100029bd000,16384
1531568,small_user0,0,WRITE,0x2952000,8192
1531688,small_user0,0,WRITE,0x2954000,8192
1531770,small_user1,1,READ,0x100029c1000,8192
1531916,small_user0,0,READ,0x2956000,8192
1532090,small_user0,0,READ,0x2958000,4096
1532154,small_user0,0,READ,0x2959000,16384
1532164,small_user0,0,WRITE,0x295d000,8192
1532323,small_user1,1,READ,0x100029c3000,16384
1532330,large_user0,2,READ,0x200044e0000,131072
1532422,large_user0,2,READ,0x20004500000,65536
1532797,small_user0,0,WRITE,0x295f000,8192
1533055,small_user0,0,WRITE,0x2961000,4096
1533066,large_user1,3,WRITE,0x300044e0000,65536
1533092,large_user0,2,WRITE,0x20004510000,131072
1533184,small_user0,0,READ,0x2962000,4096
1533214,large_user1,3,WRITE,0x300044f0000,65536
1533409,small_user0,0,READ,0x2963000,8192
1533515,small_user1,1,WRITE,0x100029c7000,16384
1533775,small_user0,0,WRITE,0x2965000,16384
1533855,small_user1,1,READ,0x100029cb000,16384
1533869,small_user1,1,READ,0x100029cf000,16384
1533878,small_user1,1,READ,0x100029d3000,8192
1533970,small_user1,1,READ,0x100029d5000,8192
1533993,small_user1,1,READ,0x100029d7000,8192
1534245,small_user0,0,WRITE,0x2969000,4096
1534609,small_user1,1,WRITE,0x100029d9000,8192
1534712,small_user1,1,WRITE,0x100029db000,16384
1534719,large_user0,2,WRITE,0x20004530000,65536
1534802,small_user0,0,READ,0x296a000,4096
1534947,small_user1,1,WRITE,0x100029df000,16384
1535187,small_user1,1,READ,0x100029e3000,16384
1535294,small_user0,0,WRITE,0x296b000,4096
1535899,small_user0,0,READ,0x296c000,8192
1535981,small_user1,1,READ,0x100029e7000,8192
1536448,small_user0,0,READ,0x296e000,16384
1536457,small_user0,0,READ,0x2972000,4096
1536564,small_user1,1,READ,0x100029e9000,16384
1536680,small_user0,0,WRITE,0x2973000,8192
1536746,small_user1,1,READ,0x100029ed000,8192
1536776,small_user1,1,READ,0x100029ef000,4096
1536976,small_user0,0,WRITE,0x2975000,16384
1537005,small_user0,0,WRITE,0x2979000,4096
1537208,small_user1,1,READ,0x100029f0000,16384
1537225,small_user1,1,WRITE,0x100029f4000,16384
1537244,small_user1,1,WRITE,0x100029f8000,4096
1537335,small_user1,1,READ,0x100029f9000,4096
1537728,large_user0,2,READ,0x20004540000,65536
1537847,large_user1,3,WRITE,0x30004500000,262144
1538059,small_user0,0,WRITE,0x297a000,4096
1538275,small_user0,0,READ,0x297b000,4096
1538298,small_user1,1,WRITE,0x100029fa000,4096
1538452,small_user1,1,WRITE,0x100029fb000,4096
1538543,small_user0,0,READ,0x297c000,8192
1538650,small_user0,0,READ,0x297e000,8192
1538754,large_user0,2,READ,0x20004550000,262144
1539030,small_user0,0,READ,0x2980000,4096
1539117,small_user1,1,READ,0x100029fc000,16384
1539571,small_user0,0,READ,0x2981000,4096
1539696,large_user1,3,WRITE,0x30004540000,262144
1540471,small_user1,1,WRITE,0x10002a00000,4096
1540753,small_user0,0,READ,0x2982000,16384
1540766,small_user1,1,READ,0x10002a01000,4096
1540856,small_user0,0,READ,0x2986000,4096
1540930,small_user0,0,READ,0x2987000,8192
1541234,small_user1,1,READ,0x10002a02000,8192
1541384,small_user1,1,WRITE,0x10002a04000,8192
1541413,small_user1,1,READ,0x10002a06000,8192
1541466,small_user0,0,WRITE,0x2989000,4096
1541472,small_user0,0,READ,0x298a000,4096
1541558,small_user0,0,WRITE,0x298b000,8192
1541658,small_user1,1,WRITE,0x10002a08000,16384
1541672,small_user1,1,READ,0x10002a0c000,8192
1541766,small_user1,1,READ,0x10002a0e000,4096
1541790,small_user0,0,READ,0x298d000,4096
1541915,small_user0,0,READ,0x298e000,8192
1542170,large_user0,2,READ,0x20004590000,65536
1542191,small_user0,0,READ,0x2990000,4096
1542277,small_user0,0,READ,0x2991000,16384
1542497,small_user1,1,READ,0x10002a0f000,4096
1542679,small_user0,0,READ,0x2995000,4096
1543086,large_user0,2,READ,0x200045a0000,262144
1543140,small_user1,1,READ,0x10002a10000,8192
1543288,small_user0,0,READ,0x2996000,16384
1543318,small_user1,1,READ,0x10002a12000,4096
1543404,small_user0,0,WRITE,0x299a000,8192
1543406,small_user0,0,WRITE,0x299c000,4096
1543419,small_user0,0,WRITE,0x299d000,16384
1543430,small_user1,1,READ,0x10002a13000,16384
1543472,small_user0,0,READ,0x29a1000,4096
1543501,small_user0,0,READ,0x29a2000,16384
1543537,small_user0,0,READ,0x29a6000,16384
1543748,small_user0,0,READ,0x29aa000,8192
1543870,small_user0,0,READ,0x29ac000,4096
1543873,small_user0,0,WRITE,0x29ad000,16384
1544085,small_user1,1,WRITE,0x10002a17000,8192
1544087,small_user1,1,WRITE,0x10002a19000,8192
1544143,small_user1,1,WRITE,0x10002a1b000,16384
1544251,small_user0,0,READ,0x29b1000,16384
1544305,small_user1,1,READ,0x10002a1f000,8192
1544647,small_user0,0,READ,0x29b5000,8192
1544680,small_user1,1,WRITE,0x10002a21000,8192
1544781,small_user0,0,READ,0x29b7000,4096
1544794,small_user0,0,WRITE,0x29b8000,8192
1545041,small_user0,0,WRITE,0x29ba000,8192
1545340,small_user1,1,WRITE,0x10002a23000,8192
1545609,small_user0,0,READ,0x29bc000,16384
1545678,small_user1,1,READ,0x10002a25000,8192
1546219,small_user0,0,READ,0x29c0000,4096
1546343,small_user1,1,READ,0x10002a27000,4096
1546483,small_user1,1,READ,0x10002a28000,4096
1547329,small_user0,0,READ,0x29c1000,4096
1547393,small_user1,1,READ,0x10002a29000,16384
1547541,small_user0,0,READ,0x29c2000,8192
1547898,large_user1,3,READ,0x30004580000,65536
1548051,small_user1,1,READ,0x10002a2d000,8192
1548062,small_user0,0,WRITE,0x29c4000,8192
1548106,small_user0,0,WRITE,0x29c6000,8192
1548367,small_user0,0,WRITE,0x29c8000,4096
1548420,small_user0,0,WRITE,0x29c9000,8192
1548548,small_user1,1,READ,0x10002a2f000,8192
1548605,small_user0,0,READ,0x29cb000,16384
1548660,small_user1,1,READ,0x10002a31000,8192
1548890,small_user0,0,READ,0x29cf000,4096
1548896,small_user0,0,WRITE,0x29d0000,16384
1548911,small_user1,1,READ,0x10002a33000,8192
1548931,small_user0,0,READ,0x29d4000,8192
1548980,small_user1,1,READ,0x10002a35000,4096
1549319,small_user1,1,WRITE,0x10002a36000,4096
1549323,small_user0,0,WRITE,0x29d6000,4096
1549388,small_user1,1,READ,0x10002a37000,4096
1549412,small_user1,1,READ,0x10002a38000,4096
1549425,small_user1,1,WRITE,0x10002a39000,8192
1549598,small_user1,1,READ,0x10002a3b000,4096
1549601,small_user1,1,READ,0x10002a3c000,16384
1549894,small_user0,0,WRITE,0x29d7000,8192
1550240,small_user1,1,READ,0x10002a40000,16384
1550263,small_user1,1,WRITE,0x10002a44000,16384
1550540,small_user1,1,READ,0x10002a48000,16384
1550554,small_user0,0,READ,0x29d9000,4096
1550645,small_user0,0,READ,0x29da000,16384
1550694,small_user0,0,READ,0x29de000,16384
1550824,small_user0,0,WRITE,0x29e2000,8192
1550902,small_user1,1,READ,0x10002a4c000,8192
1550956,small_user1,1,WRITE,0x10002a4e000,16384
1551214,small_user1,1,READ,0x10002a52000,16384
1551233,large_user0,2,READ,0x200045e0000,65536
1551299,small_user1,1,READ,0x10002a56000,16384
1551300,small_user0,0,WRITE,0x29e4000,16384
1551324,small_user0,0,READ,0x29e8000,8192
1551343,small_user0,0,READ,0x29ea000,8192
1551450,large_user0,2,WRITE,0x200045f0000,131072
1551479,small_user1,1,WRITE,0x10002a5a000,16384
1551506,small_user0,0,WRITE,0x29ec000,4096
1551532,small_user1,1,READ,0x10002a5e000,4096
1551711,small_user1,1,READ,0x10002a5f000,16384
1552086,small_user0,0,READ,0x29ed000,4096
1552113,small_user0,0,READ,0x29ee000,4096
1552183,small_user1,1,READ,0x10002a63000,4096
1552242,small_user0,0,READ,0x29ef000,4096
1552634,small_user0,0,READ,0x29f0000,4096
1552755,small_user1,1,READ,0x10002a64000,16384
1552903,small_user0,0,READ,0x29f1000,4096
1552916,small_user0,0,WRITE,0x29f2000,8192
1552957,small_user0,0,WRITE,0x29f4000,4096
1553220,small_user0,0,WRITE,0x29f5000,4096
1553561,small_user1,1,WRITE,0x10002a68000,8192
1553580,large_user0,2,READ,0x20004610000,131072
1553826,small_user0,0,READ,0x29f6000,8192
1554166,small_user0,0,READ,0x29f8000,4096
1554323,small_user1,1,READ,0x10002a6a000,4096
1554385,small_user0,0,WRITE,0x29f9000,16384
1554573,small_user1,1,READ,0x10002a6b000,8192
1555074,large_user0,2,READ,0x20004630000,262144
1555140,small_user1,1,READ,0x10002a6d000,4096
1555833,small_user0,0,WRITE,0x29fd000,16384
1555912,small_user0,0,WRITE,0x2a01000,16384
1555939,small_user1,1,READ,0x10002a6e000,4096
1556184,large_user0,2,WRITE,0x20004670000,131072
1556289,small_user0,0,WRITE,0x2a05000,4096
1556312,small_user1,1,READ,0x10002a6f000,8192
1556514,small_user0,0,READ,0x2a06000,16384
1556565,small_user1,1,READ,0x10002a71000,4096
1556748,small_user0,0,READ,0x2a0a000,16384
1556766,small_user1,1,READ,0x10002a72000,16384
1556834,small_user1,1,WRITE,0x10002a76000,8192
1556851,small_user1,1,WRITE,0x10002a78000,16384
1557199,small_user1,1,READ,0x10002a7c000,16384
1557252,small_user1,1,READ,0x10002a80000,8192
1557503,small_user1,1,READ,0x10002a82000,4096
1557612,small_user1,1,READ,0x10002a83000,8192
1557756,small_user1,1,READ,0x10002a85000,8192
1557799,small_user0,0,READ,0x2a0e000,8192
1558025,small_user1,1,WRITE,0x10002a87000,16384
1558197,small_user0,0,READ,0x2a10000,16384
1558370,small_user0,0,READ,0x2a14000,16384
1558404,small_user1,1,READ,0x10002a8b000,16384
1558645,small_user0,0,READ,0x2a18000,16384
1558703,small_user1,1,READ,0x10002a8f000,8192
1559158,small_user0,0,READ,0x2a1c000,16384
1559218,small_user1,1,READ,0x10002a91000,4096
1559234,small_user1,1,WRITE,0x10002a92000,16384
1559629,small_user0,0,WRITE,0x2a20000,8192
1559756,small_user1,1,READ,0x10002a96000,16384
1560054,large_user1,3,READ,0x30004590000,131072
1560094,small_user0,0,READ,0x2a22000,8192
1560256,small_user1,1,READ,0x10002a9a000,16384
1560345,small_user1,1,WRITE,0x10002a9e000,4096
1560461,small_user1,1,READ,0x10002a9f000,8192
1560465,small_user0,0,READ,0x2a24000,8192
1560607,large_user1,3,READ,0x300045b0000,262144
1560614,small_user1,1,READ,0x10002aa1000,4096
1560690,small_user0,0,WRITE,0x2a26000,8192
1560726,small_user1,1,WRITE,0x10002aa2000,16384
1560994,small_user0,0,READ,0x2a28000,4096
1561365,small_user0,0,READ,0x2a29000,16384
1561592,large_user1,3,READ,0x300045f0000,65536
1561760,small_user0,0,WRITE,0x2a2d000,8192
1561987,small_user1,1,READ,0x10002aa6000,8192
1562016,small_user0,0,READ,0x2a2f000,4096
1562071,small_user0,0,WRITE,0x2a30000,4096
1562376,small_user0,0,WRITE,0x2a31000,16384
1562632,small_user1,1,READ,0x10002aa8000,8192
1562791,small_user0,0,READ,0x2a35000,8192
1562899,small_user0,0,READ,0x2a37000,16384
1562945,small_user1,1,READ,0x10002aaa000,16384
1563169,small_user1,1,READ,0x10002aae000,8192
1563247,small_user1,1,READ,0x10002ab0000,8192
1563445,small_user0,0,READ,0x2a3b000,4096
1563487,small_user1,1,READ,0x10002ab2000,16384
1563765,large_user0,2,WRITE,0x20004690000,262144
1563770,small_user0,0,READ,0x2a3c000,16384
1563809,small_user1,1,READ,0x10002ab6000,8192
1563976,small_user0,0,READ,0x2a40000,16384
1564055,small_user0,0,READ,0x2a44000,8192
1564237,small_user1,1,READ,0x10002ab8000,4096
1564293,small_user1,1,READ,0x10002ab9000,4096
1564330,small_user0,0,READ,0x2a46000,4096
1564455,small_user0,0,WRITE,0x2a47000,8192
1564475,small_user1,1,WRITE,0x10002aba000,16384
1564502,small_user1,1,WRITE,0x10002abe000,16384
1564504,small_user1,1,READ,0x10002ac2000,16384
1564623,small_user0,0,READ,0x2a49000,4096
1564666,small_user0,0,READ,0x2a4a000,4096
1564806,small_user1,1,READ,0x10002ac6000,4096
1564918,small_user0,0,READ,0x2a4b000,16384
1564943,small_user0,0,WRITE,0x2a4f000,8192
1565087,small_user1,1,READ,0x10002ac7000,16384
1565637,small_user1,1,WRITE,0x10002acb000,16384
1565882,small_user0,0,READ,0x2a51000,8192
1566006,small_user0,0,WRITE,0x2a53000,8192
1566016,small_user1,1,WRITE,0x10002acf000,8192
1566083,small_user1,1,WRITE,0x10002ad1000,16384
1566096,small_user1,1,READ,0x10002ad5000,16384
1566224,small_user0,0,READ,0x2a55000,4096
1566238,small_user0,0,READ,0x2a56000,4096
1566371,small_user0,0,READ,0x2a57000,16384
1566744,small_user1,1,READ,0x10002ad9000,4096
1566872,small_user1,1,READ,0x10002ada000,16384
1566893,small_user1,1,READ,0x10002ade000,4096
1567013,large_user0,2,READ,0x200046d0000,262144
1567188,small_user1,1,WRITE,0x10002adf000,8192
1567201,small_user0,0,READ,0x2a5b000,4096
1567387,small_user1,1,WRITE,0x10002ae1000,8192
1567533,small_user1,1,READ,0x10002ae3000,16384
1567544,small_user0,0,WRITE,0x2a5c000,4096
1567605,small_user0,0,READ,0x2a5d000,4096
1567981,small_user1,1,WRITE,0x10002ae7000,4096
1568206,small_user0,0,READ,0x2a5e000,4096
1568217,small_user1,1,WRITE,0x10002ae8000,8192
1568367,small_user1,1,READ,0x10002aea000,4096
1568455,small_user1,1,READ,0x10002aeb000,8192
1568857,small_user0,0,READ,0x2a5f000,4096
1569019,small_user1,1,READ,0x10002aed000,16384
1569053,small_user0,0,READ,0x2a60000,4096
1569063,small_user0,0,READ,0x2a61000,8192
1569232,small_user0,0,READ,0x2a63000,4096
1569260,small_user1,1,READ,0x10002af1000,4096
1569536,small_user0,0,READ,0x2a64000,8192
1569593,large_user1,3,WRITE,0x30004600000,65536
1569827,small_user1,1,READ,0x10002af2000,4096
1569835,small_user0,0,READ,0x2a66000,4096
1570008,small_user1,1,WRITE,0x10002af3000,16384
1570038,small_user1,1,READ,0x10002af7000,8192
1570624,small_user0,0,READ,0x2a67000,8192
1570636,large_user1,3,READ,0x30004610000,262144
1570670,large_user1,3,WRITE,0x30004650000,262144
1571082,small_user1,1,READ,0x10002af9000,8192
1571094,small_user0,0,WRITE,0x2a69000,4096
1571110,small_user1,1,WRITE,0x10002afb000,4096
1571359,small_user1,1,WRITE,0x10002afc000,4096
1571454,small_user1,1,READ,0x10002afd000,16384
1571594,small_user0,0,READ,0x2a6a000,4096
1571714,small_user0,0,WRITE,0x2a6b000,8192
1572404,small_user1,1,READ,0x10002b01000,4096
1572449,small_user0,0,READ,0x2a6d000,8192
1572457,small_user0,0,READ,0x2a6f000,16384
1572793,small_user0,0,READ,0x2a73000,16384
1572796,small_user0,0,READ,0x2a77000,16384
1573126,small_user0,0,READ,0x2a7b000,4096
1573525,large_user1,3,READ,0x30004690000,262144
1573578,large_user1,3,WRITE,0x300046d0000,262144
1573666,small_user1,1,READ,0x10002b02000,4096
1573692,small_user1,1,WRITE,0x10002b03000,4096
1573733,small_user0,0,WRITE,0x2a7c000,4096
1573929,small_user0,0,WRITE,0x2a7d000,4096
1574077,small_user1,1,READ,0x10002b04000,16384
1574142,small_user1,1,READ,0x10002b08000,16384
1574154,small_user1,1,READ,0x10002b0c000,4096
1574231,small_user1,1,READ,0x10002b0d000,4096
1574287,small_user1,1,READ,0x10002b0e000,8192
1574468,small_user1,1,READ,0x10002b10000,8192
1575098,small_user1,1,READ,0x10002b12000,8192
1575125,small_user1,1,WRITE,0x10002b14000,16384
1575624,small_user0,0,READ,0x2a7e000,16384
1575721,small_user1,1,READ,0x10002b18000,8192
1575951,small_user0,0,WRITE,0x2a82000,16384
1576007,small_user1,1,WRITE,0x10002b1a000,8192
1576017,small_user0,0,READ,0x2a86000,4096
1576138,small_user1,1,READ,0x10002b1c000,8192
1576186,small_user0,0,WRITE,0x2a87000,16384
1576246,small_user1,1,READ,0x10002b1e000,16384
1576461,small_user0,0,READ,0x2a8b000,8192
1576626,large_user1,3,READ,0x30004710000,131072
1576677,small_user1,1,READ,0x10002b22000,4096
1576780,small_user0,0,WRITE,0x2a8d000,4096
1577016,small_user0,0,READ,0x2a8e000,16384
1577381,small_user1,1,WRITE,0x10002b23000,4096
1577579,small_user1,1,READ,0x10002b24000,4096
1577671,small_user1,1,WRITE,0x10002b25000,4096
1577836,large_user1,3,WRITE,0x30004730000,131072
1577935,large_user1,3,READ,0x30004750000,65536
1578002,small_user0,0,READ,0x2a92000,16384
1578762,small_user1,1,READ,0x10002b26000,4096
1578978,small_user0,0,WRITE,0x2a96000,8192
1579163,small_user0,0,READ,0x2a98000,4096
1579757,large_user0,2,WRITE,0x20004710000,131072
1580362,small_user0,0,WRITE,0x2a99000,4096
1580907,small_user1,1,READ,0x10002b27000,8192
1581079,small_user0,0,WRITE,0x2a9a000,16384
1581094,small_user1,1,READ,0x10002b29000,8192
1581147,small_user0,0,WRITE,0x2a9e000,8192
1581288,large_user1,3,READ,0x30004760000,262144
1581298,small_user1,1,READ,0x10002b2b000,8192
1581337,small_user1,1,READ,0x10002b2d000,4096
1581465,small_user0,0,READ,0x2aa0000,16384
1581587,small_user1,1,WRITE,0x10002b2e000,16384
1581733,large_user0,2,WRITE,0x20004730000,65536
1581821,small_user1,1,READ,0x10002b32000,8192
1581952,small_user1,1,READ,0x10002b34000,8192
1582073,small_user1,1,READ,0x10002b36000,8192
1582281,small_user1,1,WRITE,0x10002b38000,16384
1582389,small_user1,1,READ,0x10002b3c000,16384
1582923,small_user0,0,WRITE,0x2aa4000,16384
1583260,large_user0,2,WRITE,0x20004740000,65536
1583274,small_user1,1,READ,0x10002b40000,8192
1583340,large_user0,2,WRITE,0x20004750000,262144
1583782,small_user1,1,READ,0x10002b42000,4096
1583999,small_user1,1,READ,0x10002b43000,8192
1584076,small_user1,1,WRITE,0x10002b45000,16384
1584104,small_user0,0,READ,0x2aa8000,8192
1584104,small_user0,0,WRITE,0x2aaa000,4096
1584324,small_user0,0,WRITE,0x2aab000,4096
1584628,small_user1,1,READ,0x10002b49000,4096
1585196,small_user0,0,WRITE,0x2aac000,16384
1585557,small_user0,0,READ,0x2ab0000,8192
1585847,small_user0,0,READ,0x2ab2000,8192
1585917,small_user1,1,READ,0x10002b4a000,16384
1586073,small_user0,0,READ,0x2ab4000,8192
1586091,small_user0,0,WRITE,0x2ab6000,8192
1586671,small_user1,1,WRITE,0x10002b4e000,4096
1587168,small_user1,1,READ,0x10002b4f000,4096
1587312,small_user0,0,WRITE,0x2ab8000,16384
1587333,large_user1,3,WRITE,0x300047a0000,262144
1587614,small_user1,1,READ,0x10002b50000,8192
1587619,small_user0,0,READ,0x2abc000,4096
1587657,small_user0,0,READ,0x2abd000,4096
1587744,small_user0,0,WRITE,0x2abe000,4096
1587797,small_user0,0,READ,0x2abf000,4096
1587865,small_user1,1,READ,0x10002b52000,8192
1587990,small_user1,1,READ,0x10002b54000,8192
1588106,small_user0,0,READ,0x2ac0000,16384
1588458,small_user0,0,WRITE,0x2ac4000,16384
1588546,small_user0,0,READ,0x2ac8000,16384
1588634,small_user0,0,WRITE,0x2acc000,8192
1589021,small_user0,0,READ,0x2ace000,4096
1589084,small_user1,1,READ,0x10002b56000,16384
1589112,small_user1,1,WRITE,0x10002b5a000,16384
1589152,small_user0,0,READ,0x2acf000,4096
1589259,small_user1,1,READ,0x10002b5e000,4096
1589312,small_user1,1,READ,0x10002b5f000,4096
1589351,small_user1,1,WRITE,0x10002b60000,8192
1589419,small_user0,0,READ,0x2ad0000,4096
1589545,small_user1,1,READ,0x10002b62000,16384
1589590,small_user0,0,READ,0x2ad1000,8192
1589595,small_user1,1,READ,0x10002b66000,16384
1589602,large_user1,3,READ,0x300047e0000,262144
1589648,small_user1,1,READ,0x10002b6a000,16384
1589704,large_user1,3,WRITE,0x30004820000,65536
1589983,small_user1,1,READ,0x10002b6e000,8192
1590194,small_user0,0,WRITE,0x2ad3000,4096
1590423,small_user0,0,READ,0x2ad4000,4096
1590523,small_user1,1,READ,0x10002b70000,8192
1591024,small_user0,0,WRITE,0x2ad5000,8192
1591030,small_user1,1,READ,0x10002b72000,4096
1591037,small_user1,1,READ,0x10002b73000,4096
1591111,small_user1,1,READ,0x10002b74000,8192
1591114,small_user0,0,WRITE,0x2ad7000,4096
1591122,small_user0,0,WRITE,0x2ad8000,16384
1591210,small_user0,0,WRITE,0x2adc000,16384
1591532,small_user1,1,WRITE,0x10002b76000,16384
1591625,small_user1,1,READ,0x10002b7a000,4096
1591878,large_user1,3,WRITE,0x30004830000,65536
1591956,small_user0,0,READ,0x2ae0000,16384
1592009,small_user0,0,WRITE,0x2ae4000,8192
1592258,small_user0,0,READ,0x2ae6000,8192
1592886,small_user1,1,READ,0x10002b7b000,8192
1593251,small_user1,1,READ,0x10002b7d000,8192
1593510,small_user1,1,READ,0x10002b7f000,4096
1593521,small_user0,0,READ,0x2ae8000,8192
1593575,small_user0,0,WRITE,0x2aea000,16384
1593601,small_user1,1,READ,0x10002b80000,8192
1593654,small_user0,0,READ,0x2aee000,4096
1593763,small_user0,0,WRITE,0x2aef000,4096
1593780,small_user1,1,READ,0x10002b82000,16384
1593947,small_user1,1,READ,0x10002b86000,16384
1594289,small_user0,0,READ,0x2af0000,8192
1594411,small_user1,1,READ,0x10002b8a000,16384
1594446,small_user0,0,READ,0x2af2000,8192
1594475,large_user0,2,WRITE,0x20004790000,262144
1594507,small_user0,0,READ,0x2af4000,16384
1594757,small_user0,0,WRITE,0x2af8000,16384
1595044,small_user1,1,WRITE,0x10002b8e000,8192
1595055,small_user0,0,READ,0x2afc000,4096
1595312,small_user1,1,READ,0x10002b90000,8192
1595437,small_user0,0,READ,0x2afd000,16384
1595479,small_user0,0,READ,0x2b01000,16384
1595521,small_user0,0,READ,0x2b05000,8192
1595527,small_user0,0,READ,0x2b07000,16384
1595640,small_user1,1,READ,0x10002b92000,8192
1595785,large_user0,2,WRITE,0x200047d0000,131072
1595824,small_user0,0,WRITE,0x2b0b000,4096
1595841,small_user0,0,READ,0x2b0c000,8192
1595885,small_user1,1,WRITE,0x10002b94000,4096
1595902,small_user1,1,READ,0x10002b95000,4096
1596145,small_user1,1,READ,0x10002b96000,4096
1596201,small_user1,1,WRITE,0x10002b97000,8192
1596251,small_user1,1,READ,0x10002b99000,4096
1596324,small_user1,1,WRITE,0x10002b9a000,8192
1596781,small_user1,1,WRITE,0x10002b9c000,4096
1596948,large_user1,3,READ,0x30004840000,262144
1597440,small_user1,1,WRITE,0x10002b9d000,4096
1597886,small_user0,0,READ,0x2b0e000,16384
1597973,small_user0,0,READ,0x2b12000,8192
1598041,small_user0,0,READ,0x2b14000,4096
1598191,small_user0,0,READ,0x2b15000,4096
1598323,small_user0,0,READ,0x2b16000,4096
1598451,small_user1,1,WRITE,0x10002b9e000,8192
1598598,small_user0,0,READ,0x2b17000,16384
1599011,small_user1,1,WRITE,0x10002ba0000,16384
1599048,large_user0,2,READ,0x200047f0000,131072
1599259,small_user0,0,READ,0x2b1b000,4096
1599296,large_user0,2,WRITE,0x20004810000,131072
1599308,small_user1,1,WRITE,0x10002ba4000,16384
1599408,small_user0,0,READ,0x2b1c000,8192
1599485,small_user0,0,READ,0x2b1e000,4096
1599568,small_user0,0,WRITE,0x2b1f000,4096
1599602,small_user0,0,WRITE,0x2b20000,16384
1599624,small_user1,1,READ,0x10002ba8000,8192
1599992,small_user1,1,READ,0x10002baa000,8192
1600401,small_user1,1,WRITE,0x10002bac000,4096
1600652,small_user0,0,READ,0x2b24000,16384
1601135,small_user0,0,READ,0x2b28000,8192
1601312,small_user0,0,READ,0x2b2a000,4096
1601439,small_user0,0,READ,0x2b2b000,4096
1601577,small_user1,1,READ,0x10002bad000,8192
1601788,small_user0,0,READ,0x2b2c000,16384
1602357,small_user0,0,READ,0x2b30000,4096
1602384,small_user1,1,WRITE,0x10002baf000,8192
1602466,small_user0,0,WRITE,0x2b31000,4096
1602670,small_user0,0,WRITE,0x2b32000,8192
1602826,small_user0,0,READ,0x2b34000,16384
1602980,small_user1,1,WRITE,0x10002bb1000,16384
1603082,small_user1,1,READ,0x10002bb5000,4096
1603364,small_user0,0,READ,0x2b38000,8192
1603407,small_user1,1,READ,0x10002bb6000,4096
1603497,small_user1,1,READ,0x10002bb7000,16384
1603806,small_user0,0,READ,0x2b3a000,8192
1604037,small_user0,0,READ,0x2b3c000,8192
1604184,small_user1,1,READ,0x10002bbb000,8192
1604293,small_user0,0,WRITE,0x2b3e000,16384
1604336,small_user0,0,READ,0x2b42000,8192
1604470,small_user1,1,WRITE,0x10002bbd000,16384
1604517,small_user1,1,READ,0x10002bc1000,16384
1604573,small_user0,0,WRITE,0x2b44000,16384
1604576,small_user0,0,WRITE,0x2b48000,16384
1604581,large_user1,3,WRITE,0x30004880000,65536
1604642,small_user0,0,READ,0x2b4c000,16384
1604846,small_user1,1,READ,0x10002bc5000,4096
1604866,small_user1,1,READ,0x10002bc6000,8192
1604937,small_user1,1,READ,0x10002bc8000,8192
1604988,small_user1,1,READ,0x10002bca000,16384
1604989,small_user1,1,WRITE,0x10002bce000,16384
1605119,small_user1,1,WRITE,0x10002bd2000,8192
1605164,small_user0,0,READ,0x2b50000,16384
1605363,small_user1,1,READ,0x10002bd4000,16384
1605740,small_user0,0,WRITE,0x2b54000,16384
1605972,large_user1,3,READ,0x30004890000,131072
1606531,small_user1,1,READ,0x10002bd8000,8192
1606613,small_user0,0,WRITE,0x2b58000,8192
1608528,small_user1,1,WRITE,0x10002bda000,16384
1608632,small_user0,0,WRITE,0x2b5a000,16384
1608752,small_user0,0,READ,0x2b5e000,8192
1609370,small_user0,0,READ,0x2b60000,8192
1609387,small_user0,0,WRITE,0x2b62000,4096
1609475,small_user1,1,READ,0x10002bde000,8192
1609908,small_user0,0,WRITE,0x2b63000,16384
1609929,small_user1,1,READ,0x10002be0000,4096
1609956,small_user0,0,READ,0x2b67000,8192
1610207,small_user1,1,WRITE,0x10002be1000,4096
1610288,small_user0,0,READ,0x2b69000,8192
1610452,small_user0,0,WRITE,0x2b6b000,16384
1610597,small_user0,0,WRITE,0x2b6f000,8192
1610698,small_user1,1,READ,0x10002be2000,16384
1610830,small_user0,0,WRITE,0x2b71000,8192
1610992,small_user0,0,READ,0x2b73000,4096
1611453,small_user0,0,READ,0x2b74000,8192
1611508,small_user1,1,READ,0x10002be6000,4096
1611614,large_user0,2,WRITE,0x20004830000,262144
1611730,small_user1,1,READ,0x10002be7000,16384
1611764,small_user1,1,READ,0x10002beb000,8192
1611910,small_user0,0,WRITE,0x2b76000,16384
1611917,small_user1,1,WRITE,0x10002bed000,8192
1611961,small_user0,0,READ,0x2b7a000,8192
1612158,small_user0,0,WRITE,0x2b7c000,4096
1612185,small_user0,0,READ,0x2b7d000,8192
1612192,small_user1,1,READ,0x10002bef000,16384
1612373,small_user1,1,READ,0x10002bf3000,8192
1612538,small_user0,0,WRITE,0x2b7f000,16384
1612711,small_user0,0,WRITE,0x2b83000,8192
1612764,small_user0,0,READ,0x2b85000,16384
1612810,small_user0,0,WRITE,0x2b89000,4096
1613124,small_user1,1,WRITE,0x10002bf5000,16384
1613218,small_user0,0,READ,0x2b8a000,4096
1613541,small_user1,1,READ,0x10002bf9000,16384
1613624,small_user1,1,READ,0x10002bfd000,4096
1613776,small_user0,0,READ,0x2b8b000,16384
1613921,small_user1,1,READ,0x10002bfe000,8192
1613973,small_user1,1,WRITE,0x10002c00000,8192
1614344,small_user0,0,READ,0x2b8f000,16384
1614472,small_user1,1,READ,0x10002c02000,4096
1614735,large_user1,3,READ,0x300048b0000,65536
1614752,small_user0,0,READ,0x2b93000,4096
1614947,small_user1,1,READ,0x10002c03000,16384
1615026,small_user0,0,READ,0x2b94000,16384
1615061,small_user0,0,READ,0x2b98000,4096
1615538,small_user1,1,WRITE,0x10002c07000,8192
1615636,large_user1,3,WRITE,0x300048c0000,262144
1616074,small_user1,1,READ,0x10002c09000,16384
1616095,small_user1,1,WRITE,0x10002c0d000,16384
1616236,small_user1,1,READ,0x10002c11000,4096
1616515,small_user1,1,WRITE,0x10002c12000,4096
1616566,small_user1,1,READ,0x10002c13000,8192
1616618,small_user0,0,READ,0x2b99000,8192
1617240,small_user1,1,READ,0x10002c15000,16384
1617241,small_user1,1,READ,0x10002c19000,4096
1617637,small_user0,0,READ,0x2b9b000,4096
1617803,small_user1,1,READ,0x10002c1a000,4096
1618028,small_user0,0,READ,0x2b9c000,16384
1618186,small_user0,0,READ,0x2ba0000,8192
1618600,small_user1,1,READ,0x10002c1b000,8192
1618816,small_user1,1,READ,0x10002c1d000,16384
1618902,small_user1,1,READ,0x10002c21000,4096
1619038,small_user1,1,READ,0x10002c22000,8192
1619114,small_user0,0,WRITE,0x2ba2000,8192
1619302,large_user1,3,WRITE,0x30004900000,131072
1619457,small_user0,0,READ,0x2ba4000,8192
1619622,small_user0,0,READ,0x2ba6000,8192
1619795,small_user0,0,READ,0x2ba8000,8192
1619815,small_user0,0,WRITE,0x2baa000,8192
1620046,large_user0,2,WRITE,0x20004870000,65536
1620391,small_user1,1,READ,0x10002c24000,16384
1620591,small_user1,1,READ,0x10002c28000,8192
1620601,small_user0,0,READ,0x2bac000,16384
1620684,small_user0,0,READ,0x2bb0000,16384
1620820,large_user1,3,READ,0x30004920000,131072
1620973,large_user1,3,READ,0x30004940000,65536
1621058,small_user0,0,READ,0x2bb4000,16384
1621128,small_user1,1,WRITE,0x10002c2a000,16384
1621147,small_user1,1,READ,0x10002c2e000,4096
1621179,small_user0,0,WRITE,0x2bb8000,16384
1621356,small_user1,1,WRITE,0x10002c2f000,16384
1621814,small_user1,1,READ,0x10002c33000,4096
1621822,small_user1,1,WRITE,0x10002c34000,4096
1622081,small_user0,0,READ,0x2bbc000,8192
1622294,small_user0,0,WRITE,0x2bbe000,16384
1622328,small_user1,1,WRITE,0x10002c35000,4096
1622396,small_user1,1,READ,0x10002c36000,4096
1622441,small_user0,0,WRITE,0x2bc2000,8192
1622486,small_user1,1,WRITE,0x10002c37000,16384
1622494,small_user0,0,READ,0x2bc4000,4096
1622526,small_user0,0,READ,0x2bc5000,8192
1623106,small_user1,1,READ,0x10002c3b000,16384
1623159,small_user0,0,READ,0x2bc7000,4096
1623205,small_user1,1,WRITE,0x10002c3f000,16384
1623340,small_user1,1,WRITE,0x10002c43000,16384
1623349,small_user0,0,READ,0x2bc8000,8192
1623393,small_user1,1,WRITE,0x10002c47000,4096
1623453,small_user0,0,READ,0x2bca000,16384
1623601,small_user0,0,WRITE,0x2bce000,16384
1623736,small_user1,1,READ,0x10002c48000,4096
1623915,large_user1,3,READ,0x30004950000,131072
1624263,small_user0,0,READ,0x2bd2000,4096
1624510,small_user1,1,READ,0x10002c49000,8192
1624658,small_user0,0,WRITE,0x2bd3000,4096
1624832,large_user0,2,WRITE,0x20004880000,131072
1624936,small_user1,1,WRITE,0x10002c4b000,8192
1625009,small_user1,1,READ,0x10002c4d000,8192
1625098,small_user1,1,READ,0x10002c4f000,8192
1625146,large_user1,3,READ,0x30004970000,262144
1625152,small_user0,0,READ,0x2bd4000,4096
1625199,small_user1,1,READ,0x10002c51000,8192
1625340,small_user0,0,READ,0x2bd5000,4096
1625655,small_user1,1,READ,0x10002c53000,16384
1625709,small_user1,1,READ,0x10002c57000,16384
1625889,small_user1,1,READ,0x10002c5b000,16384
1626149,small_user1,1,READ,0x10002c5f000,16384
1626177,small_user0,0,READ,0x2bd6000,16384
1626454,large_user0,2,WRITE,0x200048a0000,65536
1626465,small_user1,1,READ,0x10002c63000,8192
1626905,large_user0,2,READ,0x200048b0000,65536
1626943,small_user0,0,READ,0x2bda000,16384
1627069,small_user1,1,READ,0x10002c65000,8192
1627286,small_user1,1,READ,0x10002c67000,4096
1627376,small_user1,1,READ,0x10002c68000,8192
1627655,small_user1,1,READ,0x10002c6a000,16384
1628007,small_user1,1,READ,0x10002c6e000,16384
1628100,small_user0,0,READ,0x2bde000,16384
1628132,small_user1,1,READ,0x10002c72000,4096
1628235,small_user1,1,WRITE,0x10002c73000,8192
1628356,small_user0,0,READ,0x2be2000,4096
1628540,small_user0,0,WRITE,0x2be3000,8192
1628841,large_user1,3,WRITE,0x300049b0000,131072
1629358,small_user1,1,WRITE,0x10002c75000,8192
1629411,small_user0,0,READ,0x2be5000,8192
1629576,small_user0,0,READ,0x2be7000,16384
1630484,small_user0,0,READ,0x2beb000,8192
1630577,small_user1,1,WRITE,0x10002c77000,8192
1630704,small_user1,1,READ,0x10002c79000,4096
1630807,small_user0,0,READ,0x2bed000,16384
1630850,small_user1,1,WRITE,0x10002c7a000,16384
1631022,small_user1,1,READ,0x10002c7e000,8192
1631163,small_user0,0,WRITE,0x2bf1000,8192
1631242,small_user0,0,WRITE,0x2bf3000,16384
1631819,small_user1,1,READ,0x10002c80000,16384
1631908,small_user0,0,READ,0x2bf7000,8192
1632023,small_user1,1,READ,0x10002c84000,8192
1632196,large_user0,2,READ,0x200048c0000,131072
1632267,large_user0,2,WRITE,0x200048e0000,65536
1632448,small_user0,0,READ,0x2bf9000,8192
1632459,small_user0,0,READ,0x2bfb000,8192
1632498,small_user0,0,READ,0x2bfd000,4096
1632525,small_user1,1,READ,0x10002c86000,16384
1632599,small_user0,0,WRITE,0x2bfe000,8192
1632691,small_user1,1,READ,0x10002c8a000,16384
1632771,large_user1,3,WRITE,0x300049d0000,131072
1633331,small_user0,0,READ,0x2c00000,16384
1633333,small_user1,1,WRITE,0x10002c8e000,16384
1633504,small_user0,0,WRITE,0x2c04000,8192
1633944,small_user0,0,WRITE,0x2c06000,8192
1634320,small_user0,0,READ,0x2c08000,4096
1634942,small_user1,1,WRITE,0x10002c92000,16384
1635051,small_user0,0,READ,0x2c09000,16384
1635091,small_user0,0,WRITE,0x2c0d000,8192
1635105,small_user0,0,READ,0x2c0f000,4096
1635618,small_user1,1,READ,0x10002c96000,4096
1636178,large_user1,3,WRITE,0x300049f0000,262144
1636222,small_user0,0,READ,0x2c10000,16384
1636484,small_user0,0,READ,0x2c14000,16384
1636640,small_user1,1,READ,0x10002c97000,16384
1636900,small_user0,0,READ,0x2c18000,8192
1636965,small_user1,1,READ,0x10002c9b000,8192
1636981,small_user0,0,WRITE,0x2c1a000,16384
1637034,small_user0,0,READ,0x2c1e000,4096
1637181,large_user1,3,WRITE,0x30004a30000,262144
1637191,small_user1,1,READ,0x10002c9d000,16384
1637364,small_user1,1,READ,0x10002ca1000,4096
1637423,small_user1,1,READ,0x10002ca2000,16384
1637634,small_user0,0,READ,0x2c1f000,8192
1637641,small_user1,1,READ,0x10002ca6000,8192
1637661,small_user0,0,READ,0x2c21000,4096
1638244,small_user0,0,READ,0x2c22000,8192
1638389,small_user0,0,WRITE,0x2c24000,4096
1638535,small_user1,1,WRITE,0x10002ca8000,4096
1638581,small_user0,0,WRITE,0x2c25000,4096
1638840,small_user1,1,READ,0x10002ca9000,16384
1638859,small_user1,1,WRITE,0x10002cad000,4096
1638967,small_user0,0,READ,0x2c26000,16384
1639002,small_user1,1,WRITE,0x10002cae000,8192
1639248,small_user1,1,READ,0x10002cb0000,4096
1639353,small_user0,0,WRITE,0x2c2a000,4096
1639476,small_user1,1,READ,0x10002cb1000,8192
1639559,small_user0,0,READ,0x2c2b000,8192
1639679,small_user0,0,READ,0x2c2d000,16384
1639696,small_user0,0,READ,0x2c31000,8192
1639933,small_user0,0,READ,0x2c33000,8192
1639957,small_user0,0,READ,0x2c35000,16384
1640166,small_user0,0,READ,0x2c39000,4096
1640456,large_user0,2,READ,0x200048f0000,65536
1640660,small_user1,1,READ,0x10002cb3000,4096
1640765,small_user0,0,READ,0x2c3a000,4096
1640932,small_user0,0,READ,0x2c3b000,8192
1640997,large_user0,2,WRITE,0x20004900000,65536
1641114,small_user0,0,READ,0x2c3d000,4096
1641210,small_user1,1,WRITE,0x10002cb4000,16384
1641267,small_user1,1,READ,0x10002cb8000,16384
1641369,small_user1,1,READ,0x10002cbc000,16384
1641460,small_user0,0,READ,0x2c3e000,4096
1641652,small_user1,1,READ,0x10002cc0000,16384
1641852,small_user1,1,WRITE,0x10002cc4000,16384
1641956,small_user0,0,READ,0x2c3f000,16384
1641964,small_user0,0,READ,0x2c43000,16384
1642084,small_user0,0,READ,0x2c47000,4096
1642240,small_user1,1,WRITE,0x10002cc8000,8192
1642477,small_user1,1,READ,0x10002cca000,8192
1642521,small_user0,0,READ,0x2c48000,16384
1642656,small_user0,0,READ,0x2c4c000,16384
1642948,small_user1,1,READ,0x10002ccc000,4096
1643518,small_user0,0,READ,0x2c50000,8192
1643561,small_user0,0,READ,0x2c52000,8192
1643797,small_user0,0,READ,0x2c54000,16384
1643930,small_user0,0,WRITE,0x2c58000,16384
1643968,small_user0,0,READ,0x2c5c000,4096
1644382,large_user1,3,WRITE,0x30004a70000,131072
1644411,small_user0,0,READ,0x2c5d000,8192
1644418,small_user0,0,READ,0x2c5f000,8192
1644518,small_user1,1,READ,0x10002ccd000,16384
1644533,small_user1,1,WRITE,0x10002cd1000,8192
1644647,small_user1,1,READ,0x10002cd3000,8192
1644728,small_user0,0,READ,0x2c61000,8192
1644762,small_user1,1,WRITE,0x10002cd5000,8192
1644853,small_user0,0,READ,0x2c63000,16384
1645072,small_user1,1,WRITE,0x10002cd7000,8192
1645200,large_user1,3,READ,0x30004a90000,65536
1645472,small_user0,0,READ,0x2c67000,16384
1645472,large_user0,2,WRITE,0x20004910000,65536
1645507,small_user0,0,WRITE,0x2c6b000,4096
1645552,small_user0,0,READ,0x2c6c000,8192
1645603,small_user1,1,READ,0x10002cd9000,16384
1645696,small_user1,1,READ,0x10002cdd000,4096
1646305,large_user1,3,WRITE,0x30004aa0000,131072
1646582,small_user1,1,READ,0x10002cde000,16384
1646589,large_user0,2,WRITE,0x20004920000,131072
1646936,small_user0,0,READ,0x2c6e000,16384
1647128,small_user0,0,WRITE,0x2c72000,16384
1647235,small_user0,0,READ,0x2c76000,4096
1647445,large_user0,2,WRITE,0x20004940000,262144
1647638,large_user0,2,WRITE,0x20004980000,262144
1647650,small_user0,0,READ,0x2c77000,4096
1647711,small_user1,1,WRITE,0x10002ce2000,8192
1647773,small_user0,0,WRITE,0x2c78000,16384
1647784,small_user1,1,READ,0x10002ce4000,8192
1647911,small_user1,1,READ,0x10002ce6000,4096
1647927,small_user0,0,READ,0x2c7c000,4096
1648003,small_user0,0,READ,0x2c7d000,16384
1648129,large_user1,3,READ,0x30004ac0000,262144
1648329,small_user1,1,READ,0x10002ce7000,4096
1648358,small_user0,0,WRITE,0x2c81000,8192
1648440,small_user1,1,READ,0x10002ce8000,16384
1648505,small_user0,0,WRITE,0x2c83000,16384
1648828,small_user0,0,READ,0x2c87000,4096
1649266,small_user0,0,WRITE,0x2c88000,4096
1649359,small_user1,1,READ,0x10002cec000,16384
1649398,small_user0,0,WRITE,0x2c89000,8192
1649482,small_user1,1,WRITE,0x10002cf0000,4096
1649810,small_user0,0,READ,0x2c8b000,8192
1649917,small_user0,0,READ,0x2c8d000,8192
1649938,large_user0,2,WRITE,0x200049c0000,65536
1650163,small_user1,1,READ,0x10002cf1000,16384
1650432,small_user0,0,READ,0x2c8f000,16384
1650545,small_user1,1,READ,0x10002cf5000,4096
1650554,small_user1,1,READ,0x10002cf6000,4096
1650780,small_user0,0,WRITE,0x2c93000,4096
1651102,small_user0,0,WRITE,0x2c94000,8192
1651275,small_user1,1,READ,0x10002cf7000,4096
1651337,large_user0,2,READ,0x200049d0000,131072
1651545,small_user1,1,WRITE,0x10002cf8000,16384
1651584,small_user1,1,READ,0x10002cfc000,8192
1651643,small_user1,1,WRITE,0x10002cfe000,16384
1651828,small_user1,1,READ,0x10002d02000,4096
1652079,small_user1,1,READ,0x10002d03000,8192
1652139,small_user0,0,READ,0x2c96000,8192
1652250,small_user1,1,READ,0x10002d05000,4096
1652298,small_user0,0,WRITE,0x2c98000,16384
1652418,small_user0,0,READ,0x2c9c000,8192
1652527,small_user1,1,READ,0x10002d06000,16384
1652635,small_user1,1,READ,0x10002d0a000,16384
1652726,small_user0,0,READ,0x2c9e000,16384
1652876,small_user1,1,READ,0x10002d0e000,16384
1652992,small_user1,1,READ,0x10002d12000,16384
1653075,small_user0,0,READ,0x2ca2000,4096
1653555,small_user0,0,WRITE,0x2ca3000,8192
1653619,small_user0,0,READ,0x2ca5000,16384
1653699,small_user0,0,READ,0x2ca9000,16384
1653847,large_user0,2,READ,0x200049f0000,131072
1653947,small_user0,0,READ,0x2cad000,4096
1654089,small_user0,0,READ,0x2cae000,16384
1654350,small_user1,1,READ,0x10002d16000,8192
1654976,large_user1,3,WRITE,0x30004b00000,131072
1655057,small_user0,0,READ,0x2cb2000,4096
1655130,small_user1,1,READ,0x10002d18000,8192
1655245,small_user1,1,WRITE,0x10002d1a000,8192
1655250,large_user1,3,WRITE,0x30004b20000,65536
1655279,large_user0,2,READ,0x20004a10000,131072
1655752,small_user1,1,READ,0x10002d1c000,4096
1655948,small_user1,1,WRITE,0x10002d1d000,4096
1656029,small_user1,1,READ,0x10002d1e000,4096
1656159,large_user1,3,READ,0x30004b30000,65536
1656233,small_user1,1,READ,0x10002d1f000,4096
1656313,small_user0,0,READ,0x2cb3000,16384
1656357,small_user0,0,WRITE,0x2cb7000,4096
1656428,small_user1,1,READ,0x10002d20000,16384
1656529,small_user1,1,READ,0x10002d24000,4096
1656557,large_user1,3,WRITE,0x30004b40000,131072
1656616,small_user0,0,WRITE,0x2cb8000,8192
1656655,small_user0,0,WRITE,0x2cba000,8192
1656952,small_user0,0,READ,0x2cbc000,8192
1657114,small_user1,1,READ,0x10002d25000,4096
1657177,small_user0,0,READ,0x2cbe000,16384
1657191,small_user0,0,READ,0x2cc2000,8192
1657270,large_user0,2,WRITE,0x20004a30000,262144
1657351,small_user0,0,READ,0x2cc4000,8192
1657367,small_user0,0,READ,0x2cc6000,16384
1657472,small_user1,1,READ,0x10002d26000,16384
1657593,small_user0,0,READ,0x2cca000,4096
1657609,small_user1,1,READ,0x10002d2a000,8192
1657800,small_user1,1,READ,0x10002d2c000,4096
1657986,small_user1,1,READ,0x10002d2d000,4096
1658111,small_user1,1,READ,0x10002d2e000,16384
1658328,small_user1,1,READ,0x10002d32000,4096
1658502,small_user0,0,READ,0x2ccb000,8192
1658567,small_user0,0,WRITE,0x2ccd000,4096
1658576,large_user1,3,WRITE,0x30004b60000,131072
1658795,small_user0,0,WRITE,0x2cce000,4096
1658921,small_user0,0,READ,0x2ccf000,8192
1658959,small_user0,0,WRITE,0x2cd1000,8192
1658961,small_user1,1,READ,0x10002d33000,16384
1658997,small_user0,0,READ,0x2cd3000,8192
1659067,small_user0,0,READ,0x2cd5000,16384
1659149,small_user1,1,READ,0x10002d37000,16384
1659268,small_user1,1,READ,0x10002d3b000,4096
1659491,small_user1,1,READ,0x10002d3c000,8192
1659497,small_user1,1,READ,0x10002d3e000,4096
1659743,small_user1,1,READ,0x10002d3f000,4096
1659887,small_user1,1,READ,0x10002d40000,4096
1660162,small_user1,1,WRITE,0x10002d41000,4096
1660332,small_user1,1,WRITE,0x10002d42000,8192
1660380,small_user1,1,READ,0x10002d44000,16384
1660465,small_user1,1,READ,0x10002d48000,8192
1660487,small_user1,1,READ,0x10002d4a000,8192
1660546,small_user1,1,READ,0x10002d4c000,16384
1660584,small_user1,1,WRITE,0x10002d50000,8192
1660653,small_user0,0,READ,0x2cd9000,16384
1660706,small_user0,0,READ,0x2cdd000,8192
1660924,small_user0,0,READ,0x2cdf000,8192
1661057,small_user0,0,READ,0x2ce1000,16384
1661118,small_user0,0,WRITE,0x2ce5000,8192
1661225,small_user0,0,READ,0x2ce7000,8192
1661619,small_user0,0,WRITE,0x2ce9000,4096
1661860,small_user0,0,WRITE,0x2cea000,4096
1662400,small_user1,1,READ,0x10002d52000,4096
1662576,small_user0,0,READ,0x2ceb000,4096
1662670,small_user0,0,READ,0x2cec000,4096
1662732,small_user0,0,READ,0x2ced000,16384
1662945,small_user1,1,WRITE,0x10002d53000,16384
1663174,small_user0,0,READ,0x2cf1000,8192
1663399,large_user0,2,WRITE,0x20004a70000,262144
1663429,large_user1,3,READ,0x30004b80000,262144
1663551,small_user1,1,READ,0x10002d57000,8192
1663568,small_user1,1,READ,0x10002d59000,4096
1663622,large_user0,2,WRITE,0x20004ab0000,65536
1663643,small_user1,1,READ,0x10002d5a000,8192
1663900,small_user1,1,WRITE,0x10002d5c000,8192
1663933,small_user0,0,READ,0x2cf3000,8192
1664097,small_user1,1,READ,0x10002d5e000,8192
1664123,small_user1,1,READ,0x10002d60000,4096
1664386,small_user0,0,READ,0x2cf5000,8192
1664620,small_user0,0,READ,0x2cf7000,4096
1664749,small_user1,1,READ,0x10002d61000,4096
1664778,small_user1,1,READ,0x10002d62000,8192
1664999,small_user1,1,READ,0x10002d64000,8192
1665097,small_user1,1,READ,0x10002d66000,8192
1665725,small_user1,1,READ,0x10002d68000,4096
1665870,large_user1,3,READ,0x30004bc0000,131072
1665920,small_user0,0,READ,0x2cf8000,16384
1666197,small_user0,0,WRITE,0x2cfc000,4096
1666209,small_user0,0,READ,0x2cfd000,4096
1666341,small_user0,0,WRITE,0x2cfe000,4096
1666344,small_user1,1,WRITE,0x10002d69000,16384
1666495,small_user1,1,READ,0x10002d6d000,4096
1666792,small_user0,0,READ,0x2cff000,8192
1666944,large_user1,3,WRITE,0x30004be0000,131072
1667146,small_user0,0,READ,0x2d01000,8192
1667367,small_user0,0,READ,0x2d03000,4096
1667488,small_user0,0,READ,0x2d04000,4096
1667508,small_user0,0,READ,0x2d05000,8192
1667569,small_user0,0,READ,0x2d07000,8192
1667631,small_user1,1,READ,0x10002d6e000,8192
1667670,small_user1,1,WRITE,0x10002d70000,4096
1668040,small_user0,0,READ,0x2d09000,4096
1668270,small_user1,1,READ,0x10002d71000,4096
1668325,small_user1,1,READ,0x10002d72000,4096
1668564,small_user0,0,READ,0x2d0a000,16384
1668976,small_user1,1,WRITE,0x10002d73000,16384
1668982,large_user0,2,WRITE,0x20004ac0000,131072
1669099,small_user0,0,READ,0x2d0e000,4096
1669328,small_user0,0,READ,0x2d0f000,16384
1669928,small_user1,1,READ,0x10002d77000,8192
1669957,small_user0,0,READ,0x2d13000,16384
1670005,small_user1,1,WRITE,0x10002d79000,16384
1670007,small_user0,0,READ,0x2d17000,4096
1670014,small_user1,1,READ,0x10002d7d000,4096
1670207,small_user0,0,READ,0x2d18000,4096
1670260,small_user1,1,READ,0x10002d7e000,8192
1670347,small_user1,1,READ,0x10002d80000,8192
1670378,small_user0,0,READ,0x2d19000,8192
1670551,small_user1,1,READ,0x10002d82000,16384
1670569,small_user0,0,READ,0x2d1b000,8192
1670616,large_user1,3,WRITE,0x30004c00000,65536
1670846,small_user1,1,WRITE,0x10002d86000,8192
1670880,small_user0,0,WRITE,0x2d1d000,8192
1671008,small_user1,1,READ,0x10002d88000,16384
1671021,small_user0,0,READ,0x2d1f000,4096
1671121,small_user0,0,READ,0x2d20000,4096
1671273,small_user1,1,READ,0x10002d8c000,16384
1671450,small_user0,0,READ,0x2d21000,4096
1671554,small_user0,0,WRITE,0x2d22000,4096
1671830,small_user0,0,READ,0x2d23000,8192
1671989,small_user0,0,WRITE,0x2d25000,16384
1672095,small_user1,1,READ,0x10002d90000,8192
1672127,small_user0,0,READ,0x2d29000,8192
1672177,small_user1,1,READ,0x10002d92000,16384
1672257,small_user1,1,WRITE,0x10002d96000,8192
1672669,large_user0,2,WRITE,0x20004ae0000,262144
1672783,small_user1,1,READ,0x10002d98000,8192
1672847,small_user0,0,WRITE,0x2d2b000,4096
1673104,small_user1,1,WRITE,0x10002d9a000,16384
1673168,small_user1,1,READ,0x10002d9e000,8192
1673477,small_user0,0,READ,0x2d2c000,16384
1673549,small_user1,1,READ,0x10002da0000,16384
1673573,small_user1,1,READ,0x10002da4000,8192
1673625,small_user0,0,WRITE,0x2d30000,16384
1673965,small_user0,0,READ,0x2d34000,8192
1674463,small_user1,1,WRITE,0x10002da6000,4096
1674522,small_user0,0,READ,0x2d36000,16384
1674689,small_user1,1,WRITE,0x10002da7000,8192
1675624,small_user1,1,WRITE,0x10002da9000,8192
1675782,small_user0,0,READ,0x2d3a000,8192
1675847,small_user0,0,READ,0x2d3c000,16384
1676207,small_user1,1,WRITE,0x10002dab000,4096
1676252,small_user0,0,WRITE,0x2d40000,4096
1676284,small_user0,0,READ,0x2d41000,8192
1676479,small_user1,1,READ,0x10002dac000,8192
1676666,small_user0,0,WRITE,0x2d43000,4096
1676667,small_user0,0,WRITE,0x2d44000,8192
1677154,small_user0,0,READ,0x2d46000,4096
1677219,small_user0,0,READ,0x2d47000,4096
1677276,large_user1,3,READ,0x30004c10000,131072
1677519,small_user1,1,WRITE,0x10002dae000,8192
1677532,large_user1,3,WRITE,0x30004c30000,262144
1677649,small_user0,0,READ,0x2d48000,16384
1677669,small_user0,0,WRITE,0x2d4c000,8192
1677976,small_user0,0,READ,0x2d4e000,16384
1678058,small_user1,1,READ,0x10002db0000,16384
1678145,small_user0,0,READ,0x2d52000,4096
1678524,small_user0,0,READ,0x2d53000,16384
1678661,small_user0,0,READ,0x2d57000,16384
1678666,large_user1,3,READ,0x30004c70000,65536
1678846,small_user1,1,READ,0x10002db4000,16384
1678853,small_user1,1,WRITE,0x10002db8000,16384
1678883,large_user0,2,WRITE,0x20004b20000,262144
1678950,small_user0,0,READ,0x2d5b000,16384
1679068,small_user0,0,WRITE,0x2d5f000,4096
1679078,small_user1,1,READ,0x10002dbc000,16384
1679217,small_user1,1,READ,0x10002dc0000,4096
1679283,small_user0,0,READ,0x2d60000,8192
1679316,small_user0,0,WRITE,0x2d62000,16384
1679494,small_user1,1,READ,0x10002dc1000,8192
1679682,small_user1,1,READ,0x10002dc3000,16384
1679941,small_user0,0,WRITE,0x2d66000,16384
1680108,small_user1,1,READ,0x10002dc7000,8192
1680174,small_user1,1,READ,0x10002dc9000,16384
1680622,small_user1,1,WRITE,0x10002dcd000,4096
1680753,small_user0,0,READ,0x2d6a000,4096
1681597,small_user1,1,READ,0x10002dce000,8192
1681803,small_user0,0,WRITE,0x2d6b000,16384
1681956,small_user1,1,WRITE,0x10002dd0000,8192
1681996,small_user1,1,READ,0x10002dd2000,16384
1682010,large_user1,3,WRITE,0x30004c80000,262144
1682262,small_user1,1,READ,0x10002dd6000,4096
1682509,small_user1,1,WRITE,0x10002dd7000,4096
1682899,small_user1,1,READ,0x10002dd8000,8192
1683114,small_user0,0,READ,0x2d6f000,4096
1683275,small_user1,1,READ,0x10002dda000,8192
1683324,small_user0,0,READ,0x2d70000,8192
1683535,small_user0,0,READ,0x2d72000,16384
1683934,large_user0,2,READ,0x20004b60000,131072
1683961,small_user1,1,WRITE,0x10002ddc000,16384
1684183,small_user1,1,WRITE,0x10002de0000,16384
1684375,small_user1,1,WRITE,0x10002de4000,16384
1684517,small_user1,1,READ,0x10002de8000,16384
1684753,small_user0,0,READ,0x2d76000,4096
1684783,small_user1,1,WRITE,0x10002dec000,16384
1684991,small_user1,1,READ,0x10002df0000,8192
1685091,small_user0,0,READ,0x2d77000,8192
1685333,small_user1,1,READ,0x10002df2000,4096
1685481,large_user1,3,READ,0x30004cc0000,65536
1685582,small_user0,0,READ,0x2d79000,8192
1685594,small_user0,0,READ,0x2d7b000,8192
1685677,small_user0,0,WRITE,0x2d7d000,8192
1686142,small_user0,0,WRITE,0x2d7f000,8192
1686348,large_user1,3,READ,0x30004cd0000,262144
1686614,small_user1,1,READ,0x10002df3000,8192
1686790,small_user1,1,READ,0x10002df5000,4096
1686849,small_user0,0,WRITE,0x2d81000,4096
1687040,small_user1,1,READ,0x10002df6000,8192
1687458,small_user1,1,READ,0x10002df8000,4096
1687545,large_user1,3,WRITE,0x30004d10000,65536
1687724,large_user1,3,WRITE,0x30004d20000,262144
1687725,large_user0,2,WRITE,0x20004b80000,131072
1688023,small_user0,0,READ,0x2d82000,8192
1688177,small_user0,0,READ,0x2d84000,16384
1688191,small_user1,1,WRITE,0x10002df9000,4096
1688261,large_user1,3,READ,0x30004d60000,131072
1688273,small_user1,1,READ,0x10002dfa000,8192
1688715,small_user1,1,READ,0x10002dfc000,8192
1689029,small_user0,0,READ,0x2d88000,8192
1689194,small_user0,0,READ,0x2d8a000,8192
1689202,large_user0,2,WRITE,0x20004ba0000,262144
1689462,small_user0,0,READ,0x2d8c000,4096
1689479,small_user1,1,WRITE,0x10002dfe000,16384
1689615,small_user0,0,READ,0x2d8d000,4096
1689769,small_user0,0,WRITE,0x2d8e000,4096
1689917,small_user0,0,READ,0x2d8f000,8192
1690063,small_user1,1,READ,0x10002e02000,4096
1690582,small_user0,0,WRITE,0x2d91000,8192
1690827,small_user1,1,READ,0x10002e03000,16384
1690920,small_user0,0,READ,0x2d93000,16384
1690924,small_user1,1,READ,0x10002e07000,16384
1691235,small_user1,1,READ,0x10002e0b000,16384
1691300,small_user0,0,READ,0x2d97000,4096
1691315,small_user1,1,READ,0x10002e0f000,16384
1691398,small_user1,1,READ,0x10002e13000,4096
1691458,large_user1,3,READ,0x30004d80000,65536
1691470,small_user1,1,READ,0x10002e14000,16384
1691502,small_user0,0,READ,0x2d98000,8192
1691845,small_user1,1,READ,0x10002e18000,8192
1691993,large_user1,3,READ,0x30004d90000,65536
1692022,small_user0,0,WRITE,0x2d9a000,16384
1692134,small_user1,1,READ,0x10002e1a000,8192
1692145,small_user1,1,READ,0x10002e1c000,16384
1692537,small_user1,1,READ,0x10002e20000,4096
1693027,small_user0,0,READ,0x2d9e000,4096
1693115,large_user1,3,WRITE,0x30004da0000,65536
1693175,small_user0,0,READ,0x2d9f000,8192
1693542,small_user0,0,WRITE,0x2da1000,16384
1693658,large_user1,3,WRITE,0x30004db0000,65536
1693767,small_user0,0,WRITE,0x2da5000,8192
1693893,small_user0,0,READ,0x2da7000,4096
1693964,small_user1,1,READ,0x10002e21000,16384
1694131,small_user0,0,READ,0x2da8000,4096
1694180,small_user1,1,READ,0x10002e25000,4096
1694294,small_user1,1,READ,0x10002e26000,16384
1694330,small_user0,0,READ,0x2da9000,8192
1694733,small_user1,1,WRITE,0x10002e2a000,4096
1694916,small_user0,0,READ,0x2dab000,16384
1695005,small_user1,1,READ,0x10002e2b000,4096
1695101,small_user0,0,WRITE,0x2daf000,16384
1695268,small_user0,0,WRITE,0x2db3000,16384
1695364,small_user0,0,WRITE,0x2db7000,8192
1695403,small_user0,0,READ,0x2db9000,4096
1695510,small_user0,0,READ,0x2dba000,4096
1695589,small_user1,1,READ,0x10002e2c000,8192
1695600,small_user1,1,READ,0x10002e2e000,8192
1696019,small_user1,1,READ,0x10002e30000,4096
1696076,small_user1,1,READ,0x10002e31000,4096
1696449,large_user1,3,WRITE,0x30004dc0000,262144
1696450,small_user0,0,READ,0x2dbb000,8192
1696525,small_user0,0,READ,0x2dbd000,16384
1696662,small_user1,1,READ,0x10002e32000,4096
1696851,small_user1,1,READ,0x10002e33000,4096
1697167,small_user1,1,WRITE,0x10002e34000,4096
1697243,small_user0,0,WRITE,0x2dc1000,16384
1697405,small_user0,0,READ,0x2dc5000,4096
1697454,small_user1,1,READ,0x10002e35000,16384
1697463,small_user1,1,READ,0x10002e39000,16384
1697682,small_user0,0,READ,0x2dc6000,16384
1697873,small_user0,0,READ,0x2dca000,16384
1698061,small_user0,0,READ,0x2dce000,4096
1698119,small_user0,0,WRITE,0x2dcf000,4096
1698134,small_user0,0,READ,0x2dd0000,4096
1698213,small_user1,1,READ,0x10002e3d000,8192
1698424,small_user1,1,WRITE,0x10002e3f000,16384
1698448,small_user1,1,WRITE,0x10002e43000,16384
1698595,small_user0,0,READ,0x2dd1000,8192
1698609,small_user1,1,READ,0x10002e47000,16384
1698880,small_user1,1,READ,0x10002e4b000,16384
1699042,small_user0,0,READ,0x2dd3000,16384
1699057,small_user0,0,READ,0x2dd7000,16384
1699165,small_user0,0,WRITE,0x2ddb000,4096
1699257,small_user1,1,READ,0x10002e4f000,16384
1699398,small_user0,0,READ,0x2ddc000,16384
1699919,small_user1,1,READ,0x10002e53000,4096
1699929,small_user0,0,WRITE,0x2de0000,8192
1699957,large_user1,3,WRITE,0x30004e00000,65536
1700042,large_user1,3,WRITE,0x30004e10000,262144
1700141,small_user1,1,READ,0x10002e54000,8192
1700171,small_user0,0,WRITE,0x2de2000,4096
1700280,small_user1,1,WRITE,0x10002e56000,8192
1700496,large_user0,2,READ,0x20004be0000,262144
1700512,small_user0,0,READ,0x2de3000,8192
1700851,small_user0,0,READ,0x2de5000,8192
1700902,small_user0,0,READ,0x2de7000,8192
1700945,small_user1,1,READ,0x10002e58000,4096
1701053,small_user0,0,WRITE,0x2de9000,8192
1701126,small_user0,0,READ,0x2deb000,16384
1701176,small_user1,1,READ,0x10002e59000,8192
1701187,small_user1,1,WRITE,0x10002e5b000,16384
1701195,small_user0,0,READ,0x2def000,16384
1701284,small_user0,0,READ,0x2df3000,8192
1701330,small_user0,0,READ,0x2df5000,8192
1701672,small_user0,0,READ,0x2df7000,16384
1701859,small_user1,1,READ,0x10002e5f000,4096
1701901,small_user0,0,READ,0x2dfb000,4096
1702123,small_user1,1,READ,0x10002e60000,16384
1702308,small_user0,0,READ,0x2dfc000,4096
1702409,small_user0,0,READ,0x2dfd000,4096
1702502,small_user0,0,WRITE,0x2dfe000,4096
1702600,small_user0,0,READ,0x2dff000,16384
1702859,small_user1,1,READ,0x10002e64000,4096
1702892,small_user0,0,READ,0x2e03000,8192
1703022,small_user0,0,READ,0x2e05000,16384
1703377,small_user1,1,READ,0x10002e65000,16384
1703406,large_user1,3,WRITE,0x30004e50000,65536
1703654,small_user1,1,READ,0x10002e69000,8192
1703687,small_user1,1,WRITE,0x10002e6b000,16384
1703713,small_user0,0,READ,0x2e09000,8192
1703915,small_user0,0,READ,0x2e0b000,8192
1704044,small_user1,1,READ,0x10002e6f000,8192
1704063,small_user1,1,READ,0x10002e71000,16384
1704186,large_user1,3,READ,0x30004e60000,131072
1704449,small_user1,1,WRITE,0x10002e75000,4096
1704510,small_user1,1,WRITE,0x10002e76000,8192
1704548,small_user1,1,WRITE,0x10002e78000,4096
1704873,small_user1,1,READ,0x10002e79000,16384
1704991,small_user0,0,READ,0x2e0d000,4096
1705097,small_user0,0,READ,0x2e0e000,16384
1705856,small_user1,1,READ,0x10002e7d000,8192
1705883,small_user0,0,READ,0x2e12000,4096
1705899,small_user1,1,READ,0x10002e7f000,16384
1706024,small_user0,0,READ,0x2e13000,16384
1706218,small_user0,0,READ,0x2e17000,4096
1706315,small_user0,0,WRITE,0x2e18000,16384
1706580,small_user1,1,READ,0x10002e83000,16384
1706638,small_user1,1,READ,0x10002e87000,8192
1706815,small_user1,1,READ,0x10002e89000,8192
1707160,small_user0,0,READ,0x2e1c000,8192
1707192,small_user1,1,READ,0x10002e8b000,16384
1707550,large_user0,2,READ,0x20004c20000,131072
1707977,small_user1,1,WRITE,0x10002e8f000,16384
1708102,small_user0,0,READ,0x2e1e000,4096
1708132,small_user1,1,READ,0x10002e93000,16384
1708142,small_user0,0,WRITE,0x2e1f000,4096
1708159,small_user1,1,READ,0x10002e97000,4096
1708224,small_user1,1,WRITE,0x10002e98000,8192
1708594,small_user0,0,READ,0x2e20000,4096
1708964,small_user1,1,WRITE,0x10002e9a000,4096
1709278,small_user1,1,READ,0x10002e9b000,8192
1709279,small_user0,0,READ,0x2e21000,8192
1709325,small_user0,0,READ,0x2e23000,16384
1709442,small_user1,1,READ,0x10002e9d000,8192
1709519,small_user0,0,WRITE,0x2e27000,16384
1709562,small_user1,1,READ,0x10002e9f000,8192
1709734,small_user0,0,READ,0x2e2b000,4096
1709792,small_user0,0,READ,0x2e2c000,16384
1709847,small_user0,0,READ,0x2e30000,4096
1710041,small_user0,0,READ,0x2e31000,8192
1710056,small_user1,1,READ,0x10002ea1000,8192
1710077,small_user1,1,READ,0x10002ea3000,16384
1710364,small_user0,0,READ,0x2e33000,8192
1710701,small_user1,1,WRITE,0x10002ea7000,16384
1710703,large_user1,3,WRITE,0x30004e80000,65536
1710781,small_user0,0,READ,0x2e35000,16384
1710827,small_user1,1,READ,0x10002eab000,16384
1710876,small_user0,0,READ,0x2e39000,8192
1710926,small_user1,1,READ,0x10002eaf000,16384
1710969,small_user1,1,READ,0x10002eb3000,8192
1711005,small_user1,1,WRITE,0x10002eb5000,16384
1711255,small_user0,0,READ,0x2e3b000,4096
1711273,small_user0,0,WRITE,0x2e3c000,16384
1711301,small_user1,1,READ,0x10002eb9000,16384
1711464,small_user0,0,READ,0x2e40000,16384
1711527,small_user0,0,READ,0x2e44000,4096
1711542,small_user1,1,READ,0x10002ebd000,4096
1711590,small_user1,1,READ,0x10002ebe000,16384
1711699,small_user0,0,READ,0x2e45000,4096
1711704,small_user1,1,WRITE,0x10002ec2000,8192
1711942,small_user1,1,WRITE,0x10002ec4000,4096
1712117,small_user1,1,READ,0x10002ec5000,8192
1712214,small_user0,0,READ,0x2e46000,16384
1712216,small_user0,0,READ,0x2e4a000,8192
1712251,large_user0,2,READ,0x20004c40000,65536
1712269,small_user1,1,READ,0x10002ec7000,8192
1712420,small_user1,1,READ,0x10002ec9000,16384
1712648,small_user1,1,WRITE,0x10002ecd000,16384
1712961,small_user0,0,READ,0x2e4c000,4096
1712963,small_user1,1,READ,0x10002ed1000,16384
1713034,small_user1,1,READ,0x10002ed5000,8192
1713081,small_user0,0,READ,0x2e4d000,8192
1713313,small_user1,1,READ,0x10002ed7000,16384
1713340,small_user0,0,READ,0x2e4f000,16384
1713643,small_user0,0,READ,0x2e53000,8192
1713697,small_user0,0,READ,0x2e55000,4096
1713763,small_user0,0,READ,0x2e56000,16384
1713885,small_user1,1,WRITE,0x10002edb000,8192
1713933,small_user1,1,READ,0x10002edd000,16384
1713960,small_user1,1,READ,0x10002ee1000,16384
1714088,small_user1,1,WRITE,0x10002ee5000,8192
1714098,small_user1,1,READ,0x10002ee7000,16384
1714117,small_user0,0,WRITE,0x2e5a000,4096
1714429,small_user0,0,READ,0x2e5b000,4096
1714493,small_user0,0,WRITE,0x2e5c000,16384
1714510,small_user0,0,READ,0x2e60000,4096
1714606,small_user1,1,READ,0x10002eeb000,8192
1715147,small_user0,0,READ,0x2e61000,4096
1715833,small_user0,0,WRITE,0x2e62000,16384
1716014,small_user1,1,READ,0x10002eed000,8192
1716218,small_user1,1,READ,0x10002eef000,8192
1716226,small_user0,0,READ,0x2e66000,16384
1716646,small_user0,0,READ,0x2e6a000,16384
1716860,small_user0,0,READ,0x2e6e000,8192
1716876,small_user1,1,READ,0x10002ef1000,4096
1717077,small_user0,0,READ,0x2e70000,4096
1717389,small_user1,1,READ,0x10002ef2000,4096
1717634,small_user0,0,READ,0x2e71000,16384
1717776,small_user0,0,READ,0x2e75000,4096
1717777,small_user1,1,READ,0x10002ef3000,16384
1717797,small_user0,0,READ,0x2e76000,16384
1717823,small_user0,0,READ,0x2e7a000,4096
1718064,small_user1,1,WRITE,0x10002ef7000,8192
1718253,small_user1,1,READ,0x10002ef9000,16384
1718319,small_user0,0,READ,0x2e7b000,16384
1718558,small_user0,0,READ,0x2e7f000,16384
1718699,small_user1,1,READ,0x10002efd000,4096
1718801,small_user0,0,READ,0x2e83000,16384
1718821,large_user0,2,READ,0x20004c50000,262144
1718855,small_user1,1,WRITE,0x10002efe000,8192
1718914,small_user1,1,WRITE,0x10002f00000,16384
1719293,small_user1,1,READ,0x10002f04000,16384
1719312,small_user1,1,READ,0x10002f08000,16384
1719378,small_user0,0,READ,0x2e87000,8192
1719441,small_user0,0,WRITE,0x2e89000,16384
1719482,small_user1,1,WRITE,0x10002f0c000,16384
1719543,small_user1,1,READ,0x10002f10000,8192
1719997,small_user0,0,READ,0x2e8d000,8192
1720093,small_user1,1,READ,0x10002f12000,16384
1720095,small_user1,1,WRITE,0x10002f16000,16384
1720104,small_user1,1,READ,0x10002f1a000,4096
1721037,small_user0,0,READ,0x2e8f000,16384
1721239,small_user0,0,WRITE,0x2e93000,8192
1721272,small_user1,1,WRITE,0x10002f1b000,8192
1721307,small_user1,1,READ,0x10002f1d000,8192
1721505,small_user1,1,WRITE,0x10002f1f000,16384
1721702,small_user1,1,WRITE,0x10002f23000,8192
1722308,small_user1,1,WRITE,0x10002f25000,8192
1722548,small_user1,1,READ,0x10002f27000,8192
1722813,small_user1,1,READ,0x10002f29000,8192
1722926,small_user1,1,READ,0x10002f2b000,16384
1723378,small_user1,1,READ,0x10002f2f000,8192
1723542,small_user0,0,READ,0x2e95000,16384
1723584,small_user1,1,WRITE,0x10002f31000,4096
1723608,small_user1,1,WRITE,0x10002f32000,16384
1723770,small_user1,1,READ,0x10002f36000,8192
1724123,small_user1,1,READ,0x10002f38000,4096
1724337,small_user1,1,READ,0x10002f39000,16384
1724450,small_user1,1,READ,0x10002f3d000,4096
1724637,small_user1,1,WRITE,0x10002f3e000,4096
1724873,small_user0,0,READ,0x2e99000,8192
1725033,small_user1,1,WRITE,0x10002f3f000,4096
1725457,small_user0,0,READ,0x2e9b000,8192
1726202,small_user1,1,WRITE,0x10002f40000,8192
1726224,small_user1,1,READ,0x10002f42000,16384
1726520,small_user1,1,READ,0x10002f46000,16384
1726710,small_user1,1,READ,0x10002f4a000,4096
1726922,small_user1,1,READ,0x10002f4b000,4096
1726924,small_user1,1,READ,0x10002f4c000,16384
1726931,small_user1,1,READ,0x10002f50000,4096
1726979,large_user0,2,READ,0x20004c90000,262144
1727159,small_user0,0,READ,0x2e9d000,16384
1727286,small_user0,0,READ,0x2ea1000,4096
1727420,small_user1,1,READ,0x10002f51000,16384
1727446,small_user1,1,WRITE,0x10002f55000,8192
1727517,small_user1,1,READ,0x10002f57000,16384
1727593,small_user1,1,READ,0x10002f5b000,4096
1727896,small_user1,1,WRITE,0x10002f5c000,4096
1727955,small_user0,0,READ,0x2ea2000,8192
1728190,small_user0,0,WRITE,0x2ea4000,16384
1728412,small_user1,1,READ,0x10002f5d000,4096
1728465,small_user1,1,READ,0x10002f5e000,16384
1728583,small_user1,1,WRITE,0x10002f62000,4096
1728648,small_user1,1,READ,0x10002f63000,8192
1729020,small_user1,1,WRITE,0x10002f65000,16384
1729180,small_user0,0,READ,0x2ea8000,4096
1729492,small_user1,1,READ,0x10002f69000,4096
1729700,small_user0,0,WRITE,0x2ea9000,4096
1729744,small_user0,0,READ,0x2eaa000,4096
1729823,small_user1,1,WRITE,0x10002f6a000,16384
1729978,large_user0,2,READ,0x20004cd0000,131072
1730086,small_user1,1,READ,0x10002f6e000,8192
1730251,small_user0,0,WRITE,0x2eab000,4096
1730332,large_user1,3,WRITE,0x30004e90000,65536
1730508,small_user1,1,WRITE,0x10002f70000,8192
1730603,small_user1,1,READ,0x10002f72000,16384
1730693,small_user1,1,READ,0x10002f76000,16384
1730719,small_user0,0,READ,0x2eac000,8192
1730744,large_user1,3,WRITE,0x30004ea0000,131072
1730786,small_user1,1,WRITE,0x10002f7a000,8192
1730975,large_user0,2,READ,0x20004cf0000,65536
1731313,small_user1,1,READ,0x10002f7c000,16384
1731480,small_user1,1,READ,0x10002f80000,8192
1731554,small_user1,1,WRITE,0x10002f82000,4096
1731692,small_user1,1,WRITE,0x10002f83000,8192
1731741,small_user1,1,READ,0x10002f85000,4096
1732021,small_user0,0,READ,0x2eae000,16384
1732324,small_user1,1,READ,0x10002f86000,8192
1732451,large_user1,3,WRITE,0x30004ec0000,65536
1732727,small_user0,0,WRITE,0x2eb2000,16384
1732855,small_user1,1,WRITE,0x10002f88000,4096
1732887,small_user0,0,READ,0x2eb6000,4096
1733379,small_user0,0,WRITE,0x2eb7000,8192
1733399,small_user0,0,READ,0x2eb9000,4096
1733421,small_user1,1,READ,0x10002f89000,4096
1733554,small_user0,0,READ,0x2eba000,16384
1733981,small_user1,1,READ,0x10002f8a000,4096
1733992,small_user0,0,READ,0x2ebe000,8192
1734038,small_user0,0,READ,0x2ec0000,4096
1734152,small_user1,1,READ,0x10002f8b000,8192
1734167,small_user0,0,READ,0x2ec1000,4096
1734423,large_user1,3,WRITE,0x30004ed0000,131072
1734539,large_user1,3,WRITE,0x30004ef0000,65536
1734882,small_user0,0,WRITE,0x2ec2000,4096
1735139,small_user1,1,READ,0x10002f8d000,8192
1735266,small_user1,1,WRITE,0x10002f8f000,8192
1735765,small_user0,0,READ,0x2ec3000,16384
1735844,small_user1,1,WRITE,0x10002f91000,16384
1735937,small_user0,0,READ,0x2ec7000,4096
1736434,small_user0,0,READ,0x2ec8000,8192
1736467,small_user1,1,WRITE,0x10002f95000,8192
1736521,small_user1,1,READ,0x10002f97000,16384
1736606,small_user1,1,READ,0x10002f9b000,4096
1736648,small_user0,0,READ,0x2eca000,16384
1736682,small_user0,0,WRITE,0x2ece000,16384
1736914,small_user0,0,WRITE,0x2ed2000,8192
1736981,small_user1,1,WRITE,0x10002f9c000,8192
1736983,small_user0,0,READ,0x2ed4000,8192
1737256,small_user0,0,WRITE,0x2ed6000,4096
1737263,small_user1,1,READ,0x10002f9e000,8192
1737489,small_user0,0,WRITE,0x2ed7000,4096
1737497,small_user0,0,READ,0x2ed8000,16384
1737550,small_user0,0,READ,0x2edc000,4096
1738006,small_user0,0,READ,0x2edd000,16384
1738281,small_user0,0,WRITE,0x2ee1000,4096
1738300,small_user0,0,READ,0x2ee2000,16384
1738444,small_user0,0,READ,0x2ee6000,16384
1738602,small_user1,1,READ,0x10002fa0000,8192
1738682,small_user1,1,READ,0x10002fa2000,8192
1738916,small_user0,0,READ,0x2eea000,4096
1739022,small_user1,1,READ,0x10002fa4000,8192
1739154,small_user1,1,READ,0x10002fa6000,16384
1739188,small_user1,1,WRITE,0x10002faa000,8192
1739328,small_user0,0,WRITE,0x2eeb000,16384
1739390,small_user0,0,WRITE,0x2eef000,4096
1739405,small_user1,1,READ,0x10002fac000,16384
1739530,small_user0,0,READ,0x2ef0000,8192
1739642,small_user1,1,READ,0x10002fb0000,4096
1739913,small_user0,0,READ,0x2ef2000,16384
1739956,small_user0,0,READ,0x2ef6000,4096
1740013,small_user0,0,READ,0x2ef7000,8192
1740137,small_user0,0,READ,0x2ef9000,16384
1740279,large_user0,2,WRITE,0x20004d00000,131072
1740739,small_user0,0,READ,0x2efd000,4096
1741107,small_user1,1,READ,0x10002fb1000,8192
1741118,large_user1,3,READ,0x30004f00000,262144
1741221,small_user0,0,READ,0x2efe000,8192
1741369,small_user1,1,READ,0x10002fb3000,16384
1741727,small_user1,1,WRITE,0x10002fb7000,8192
1741986,small_user1,1,READ,0x10002fb9000,4096
1742182,small_user1,1,WRITE,0x10002fba000,16384
1742240,small_user0,0,READ,0x2f00000,16384
1742334,small_user0,0,READ,0x2f04000,16384
1742362,large_user1,3,WRITE,0x30004f40000,65536
1742593,small_user1,1,WRITE,0x10002fbe000,16384
1742704,small_user1,1,READ,0x10002fc2000,4096
1742717,small_user0,0,WRITE,0x2f08000,4096
1742797,small_user0,0,WRITE,0x2f09000,8192
1743183,small_user0,0,WRITE,0x2f0b000,16384
1743278,small_user0,0,READ,0x2f0f000,4096
1743553,small_user1,1,READ,0x10002fc3000,8192
1743686,small_user0,0,READ,0x2f10000,8192
1743720,small_user0,0,READ,0x2f12000,4096
1743892,small_user0,0,READ,0x2f13000,16384
1743997,small_user0,0,READ,0x2f17000,16384
1744009,small_user1,1,WRITE,0x10002fc5000,16384
1744239,small_user0,0,WRITE,0x2f1b000,4096
1744276,small_user0,0,READ,0x2f1c000,8192
1744614,small_user0,0,READ,0x2f1e000,16384
1744652,small_user0,0,READ,0x2f22000,4096
1745084,small_user0,0,WRITE,0x2f23000,16384
1745314,small_user0,0,READ,0x2f27000,4096
1745385,small_user0,0,WRITE,0x2f28000,4096
1745629,small_user0,0,READ,0x2f29000,8192
1745646,small_user1,1,READ,0x10002fc9000,4096
1746357,small_user1,1,WRITE,0x10002fca000,16384
1746359,small_user1,1,READ,0x10002fce000,16384
1746374,small_user0,0,READ,0x2f2b000,16384
1746658,small_user0,0,READ,0x2f2f000,16384
1746945,small_user0,0,READ,0x2f33000,16384
1747197,small_user0,0,WRITE,0x2f37000,16384
1747211,large_user0,2,READ,0x20004d20000,262144
1747290,small_user0,0,WRITE,0x2f3b000,16384
1747332,large_user0,2,READ,0x20004d60000,262144
1747399,small_user0,0,READ,0x2f3f000,8192
1747927,small_user0,0,READ,0x2f41000,4096
1748156,small_user0,0,WRITE,0x2f42000,8192
1748320,small_user0,0,WRITE,0x2f44000,4096
1748351,small_user1,1,READ,0x10002fd2000,16384
1748357,small_user1,1,WRITE,0x10002fd6000,4096
1748421,small_user1,1,READ,0x10002fd7000,8192
1748593,small_user1,1,READ,0x10002fd9000,8192
1748775,small_user0,0,READ,0x2f45000,16384
1748866,small_user0,0,WRITE,0x2f49000,16384
1749092,small_user0,0,READ,0x2f4d000,16384
1749109,small_user0,0,READ,0x2f51000,4096
1749206,small_user0,0,READ,0x2f52000,4096
1749227,small_user1,1,READ,0x10002fdb000,4096
1749239,large_user0,2,WRITE,0x20004da0000,65536
1749796,small_user0,0,READ,0x2f53000,4096
1749999,small_user1,1,WRITE,0x10002fdc000,8192
1750108,small_user1,1,READ,0x10002fde000,16384
1750183,small_user0,0,READ,0x2f54000,4096
1750465,small_user1,1,WRITE,0x10002fe2000,4096
1750638,large_user1,3,WRITE,0x30004f50000,131072
1750666,small_user1,1,WRITE,0x10002fe3000,4096
1751120,small_user0,0,READ,0x2f55000,8192
1751126,small_user1,1,READ,0x10002fe4000,16384
1751231,small_user1,1,READ,0x10002fe8000,4096
1751421,small_user1,1,READ,0x10002fe9000,4096
1751480,small_user1,1,READ,0x10002fea000,8192
1751612,small_user1,1,READ,0x10002fec000,4096
1751645,small_user0,0,READ,0x2f57000,4096
1751697,small_user1,1,WRITE,0x10002fed000,16384
1751728,small_user0,0,READ,0x2f58000,8192
1751867,small_user1,1,READ,0x10002ff1000,8192
1752309,small_user0,0,WRITE,0x2f5a000,16384
1752514,small_user1,1,READ,0x10002ff3000,4096
1752674,small_user0,0,WRITE,0x2f5e000,16384
1752707,small_user0,0,READ,0x2f62000,8192
1752726,small_user0,0,READ,0x2f64000,4096
1752820,small_user1,1,WRITE,0x10002ff4000,4096
1752859,small_user1,1,WRITE,0x10002ff5000,8192
1752963,small_user1,1,READ,0x10002ff7000,4096
1753067,small_user0,0,WRITE,0x2f65000,8192
1753158,large_user0,2,WRITE,0x20004db0000,131072
1753512,small_user0,0,WRITE,0x2f67000,4096
1753601,large_user0,2,WRITE,0x20004dd0000,262144
1753612,small_user0,0,WRITE,0x2f68000,8192
1753819,small_user0,0,READ,0x2f6a000,16384
1753989,small_user1,1,READ,0x10002ff8000,4096
1754189,small_user1,1,READ,0x10002ff9000,8192
1754433,small_user0,0,READ,0x2f6e000,4096
1754468,small_user0,0,READ,0x2f6f000,16384
1754541,small_user1,1,READ,0x10002ffb000,8192
1754716,small_user0,0,WRITE,0x2f73000,4096
1754840,small_user0,0,READ,0x2f74000,4096
1754940,large_user0,2,READ,0x20004e10000,65536
1755193,small_user1,1,READ,0x10002ffd000,4096
1755249,small_user1,1,WRITE,0x10002ffe000,8192
1755356,small_user0,0,READ,0x2f75000,4096
1755428,small_user0,0,WRITE,0x2f76000,16384
1755457,small_user0,0,READ,0x2f7a000,16384
1755562,small_user0,0,READ,0x2f7e000,8192
1755781,small_user0,0,READ,0x2f80000,8192
1755833,small_user1,1,WRITE,0x10003000000,4096
1755834,small_user1,1,WRITE,0x10003001000,4096
1755950,large_user1,3,READ,0x30004f70000,131072
1756011,small_user0,0,READ,0x2f82000,16384
1756205,small_user0,0,WRITE,0x2f86000,4096
1756666,small_user1,1,READ,0x10003002000,16384
1756746,large_user1,3,READ,0x30004f90000,131072
1756876,small_user1,1,READ,0x10003006000,4096
1756933,small_user0,0,READ,0x2f87000,16384
1757024,large_user1,3,READ,0x30004fb0000,262144
1757289,small_user0,0,READ,0x2f8b000,4096
1757302,small_user0,0,READ,0x2f8c000,4096
1757596,small_user0,0,READ,0x2f8d000,4096
1757751,small_user0,0,WRITE,0x2f8e000,16384
1757936,large_user1,3,READ,0x30004ff0000,131072
1758031,small_user0,0,WRITE,0x2f92000,4096
1758108,small_user0,0,WRITE,0x2f93000,8192
1758301,small_user1,1,READ,0x10003007000,8192
1758404,small_user1,1,WRITE,0x10003009000,4096
1758452,small_user1,1,WRITE,0x1000300a000,16384
1758524,small_user1,1,WRITE,0x1000300e000,4096
1758833,small_user1,1,WRITE,0x1000300f000,16384
1758977,small_user1,1,READ,0x10003013000,4096
1759149,small_user1,1,READ,0x10003014000,4096
1759172,small_user0,0,READ,0x2f95000,4096
1759188,small_user1,1,READ,0x10003015000,16384
1759326,small_user1,1,READ,0x10003019000,4096
1759465,large_user0,2,WRITE,0x20004e20000,131072
1759479,large_user1,3,WRITE,0x30005010000,65536
1759697,small_user0,0,WRITE,0x2f96000,8192
1759815,small_user0,0,READ,0x2f98000,4096
1759982,small_user0,0,READ,0x2f99000,8192
1760005,large_user1,3,WRITE,0x30005020000,131072
1760226,small_user1,1,READ,0x1000301a000,16384
1760267,small_user1,1,READ,0x1000301e000,8192
1760443,small_user1,1,READ,0x10003020000,4096
1760737,small_user1,1,READ,0x10003021000,16384
1761001,large_user1,3,READ,0x30005040000,262144
1761227,small_user1,1,READ,0x10003025000,8192
1761280,small_user1,1,READ,0x10003027000,16384
1761373,large_user0,2,WRITE,0x20004e40000,262144
1761978,small_user0,0,READ,0x2f9b000,8192
1762166,small_user1,1,READ,0x1000302b000,16384
1762227,small_user1,1,READ,0x1000302f000,4096
1762344,small_user0,0,READ,0x2f9d000,16384
1762480,small_user0,0,READ,0x2fa1000,16384
1762597,large_user0,2,READ,0x20004e80000,131072
1762826,small_user0,0,WRITE,0x2fa5000,8192
1762826,large_user1,3,READ,0x30005080000,65536
1763165,large_user1,3,WRITE,0x30005090000,262144
1763209,small_user0,0,WRITE,0x2fa7000,4096
1763406,small_user1,1,READ,0x10003030000,8192
1763710,small_user0,0,READ,0x2fa8000,8192
1763724,small_user0,0,READ,0x2faa000,4096
1764386,small_user0,0,WRITE,0x2fab000,8192
1764542,small_user1,1,READ,0x10003032000,4096
1764854,small_user0,0,READ,0x2fad000,8192
1764914,small_user1,1,WRITE,0x10003033000,16384
1765582,small_user0,0,WRITE,0x2faf000,8192
1765615,small_user0,0,WRITE,0x2fb1000,16384
1765832,small_user0,0,WRITE,0x2fb5000,16384
1765839,small_user0,0,READ,0x2fb9000,8192
1765912,small_user0,0,WRITE,0x2fbb000,16384
1765951,small_user0,0,READ,0x2fbf000,4096
1765988,small_user0,0,READ,0x2fc0000,4096
1765996,small_user0,0,READ,0x2fc1000,4096
1766061,small_user0,0,READ,0x2fc2000,16384
1766160,small_user0,0,READ,0x2fc6000,8192
1766260,small_user0,0,READ,0x2fc8000,16384
1766605,small_user1,1,READ,0x10003037000,4096
1766609,small_user0,0,READ,0x2fcc000,16384
1767092,small_user1,1,READ,0x10003038000,4096
1767224,small_user1,1,READ,0x10003039000,16384
1767525,small_user1,1,READ,0x1000303d000,16384
1767661,small_user1,1,WRITE,0x10003041000,4096
1767757,small_user0,0,READ,0x2fd0000,16384
1767768,large_user1,3,WRITE,0x300050d0000,131072
1767896,small_user0,0,WRITE,0x2fd4000,8192
1768281,small_user1,1,READ,0x10003042000,8192
1768305,small_user1,1,READ,0x10003044000,4096
1768740,small_user0,0,READ,0x2fd6000,16384
1768947,small_user1,1,READ,0x10003045000,8192
1769016,small_user0,0,READ,0x2fda000,4096
1769019,small_user0,0,READ,0x2fdb000,8192
1769077,small_user1,1,WRITE,0x10003047000,4096
1769170,small_user0,0,READ,0x2fdd000,16384
1769377,small_user0,0,WRITE,0x2fe1000,4096
1769636,small_user0,0,WRITE,0x2fe2000,16384
1769904,small_user1,1,WRITE,0x10003048000,8192
1769914,small_user1,1,READ,0x1000304a000,8192
1770048,small_user1,1,WRITE,0x1000304c000,4096
1770527,small_user0,0,READ,0x2fe6000,16384
1770620,small_user1,1,READ,0x1000304d000,4096
1770631,small_user1,1,READ,0x1000304e000,16384
1770779,small_user1,1,READ,0x10003052000,16384
1770831,large_user0,2,WRITE,0x20004ea0000,262144
1770960,small_user1,1,READ,0x10003056000,8192
1771145,small_user1,1,READ,0x10003058000,4096
1771601,small_user0,0,WRITE,0x2fea000,8192
1771672,small_user0,0,WRITE,0x2fec000,8192
1771723,large_user1,3,WRITE,0x300050f0000,131072
1772010,small_user0,0,WRITE,0x2fee000,4096
1772015,small_user1,1,READ,0x10003059000,4096
1772094,small_user1,1,READ,0x1000305a000,8192
1772379,small_user1,1,WRITE,0x1000305c000,16384
1772521,large_user1,3,WRITE,0x30005110000,65536
1772903,small_user1,1,READ,0x10003060000,16384
1772962,small_user0,0,WRITE,0x2fef000,4096
1773295,small_user1,1,READ,0x10003064000,8192
1773436,small_user0,0,WRITE,0x2ff0000,4096
1773798,small_user0,0,READ,0x2ff1000,8192
1773934,small_user1,1,READ,0x10003066000,16384
1774375,small_user1,1,READ,0x1000306a000,16384
1774387,small_user0,0,READ,0x2ff3000,16384
1774479,small_user0,0,READ,0x2ff7000,16384
1774533,small_user1,1,READ,0x1000306e000,4096
1774553,small_user1,1,WRITE,0x1000306f000,4096
1774807,small_user0,0,READ,0x2ffb000,16384
1774855,small_user1,1,READ,0x10003070000,16384
1774927,small_user0,0,READ,0x2fff000,16384
1775490,small_user0,0,WRITE,0x3003000,8192
1775504,small_user1,1,READ,0x10003074000,16384
1776098,small_user1,1,READ,0x10003078000,16384
1776255,small_user0,0,READ,0x3005000,16384
1776468,small_user0,0,READ,0x3009000,8192
1776613,small_user1,1,WRITE,0x1000307c000,4096
1777020,small_user0,0,READ,0x300b000,8192
1777216,small_user1,1,READ,0x1000307d000,8192
1777262,small_user1,1,READ,0x1000307f000,4096
1777330,small_user1,1,WRITE,0x10003080000,4096
1777569,small_user0,0,READ,0x300d000,8192
1777631,small_user0,0,READ,0x300f000,16384
1777651,small_user0,0,READ,0x3013000,4096
1777653,small_user0,0,WRITE,0x3014000,4096
1777721,small_user0,0,READ,0x3015000,16384
1777993,small_user0,0,READ,0x3019000,8192
1778012,small_user1,1,READ,0x10003081000,4096
1778175,small_user0,0,WRITE,0x301b000,8192
1778377,small_user0,0,READ,0x301d000,4096
1778382,small_user1,1,READ,0x10003082000,16384
1778477,small_user1,1,WRITE,0x10003086000,16384
1778512,small_user1,1,WRITE,0x1000308a000,16384
1778601,small_user0,0,WRITE,0x301e000,4096
1778682,small_user0,0,WRITE,0x301f000,8192
1778718,small_user0,0,WRITE,0x3021000,16384
1779147,small_user1,1,WRITE,0x1000308e000,16384
1779252,large_user1,3,WRITE,0x30005120000,262144
1779415,small_user1,1,READ,0x10003092000,16384
1779467,large_user0,2,READ,0x20004ee0000,65536
1779650,small_user1,1,READ,0x10003096000,8192
1779898,small_user0,0,WRITE,0x3025000,8192
1779921,small_user0,0,WRITE,0x3027000,16384
1780098,small_user1,1,WRITE,0x10003098000,16384
1780165,small_user0,0,READ,0x302b000,4096
1780618,small_user1,1,WRITE,0x1000309c000,16384
1780620,small_user0,0,READ,0x302c000,16384
1780627,small_user1,1,READ,0x100030a0000,8192
1780724,small_user0,0,READ,0x3030000,4096
1780768,small_user1,1,WRITE,0x100030a2000,4096
1780979,small_user0,0,READ,0x3031000,4096
1781292,small_user0,0,WRITE,0x3032000,8192
1781507,small_user0,0,WRITE,0x3034000,16384
1781785,small_user0,0,READ,0x3038000,16384
1781890,small_user0,0,WRITE,0x303c000,8192
1781952,small_user0,0,READ,0x303e000,8192
1781970,small_user1,1,READ,0x100030a3000,16384
1782204,small_user1,1,READ,0x100030a7000,4096
1782218,large_user1,3,WRITE,0x30005160000,262144
1782297,small_user1,1,WRITE,0x100030a8000,16384
1782436,small_user1,1,READ,0x100030ac000,4096
1782511,small_user1,1,READ,0x100030ad000,16384
1782685,large_user0,2,WRITE,0x20004ef0000,262144
1782760,small_user1,1,WRITE,0x100030b1000,16384
1783328,small_user1,1,READ,0x100030b5000,16384
1783360,small_user1,1,READ,0x100030b9000,4096
1783445,small_user0,0,READ,0x3040000,8192
1783567,small_user0,0,READ,0x3042000,4096
1783582,small_user0,0,WRITE,0x3043000,8192
1783599,small_user1,1,READ,0x100030ba000,4096
1784018,small_user1,1,WRITE,0x100030bb000,16384
1784341,small_user0,0,READ,0x3045000,8192
1784443,small_user1,1,WRITE,0x100030bf000,16384
1784572,small_user0,0,READ,0x3047000,16384
1784715,large_user1,3,WRITE,0x300051a0000,65536
1784718,small_user1,1,READ,0x100030c3000,16384
1784989,small_user0,0,READ,0x304b000,4096
1785051,small_user1,1,WRITE,0x100030c7000,16384
1785291,small_user1,1,READ,0x100030cb000,4096
1785349,small_user1,1,READ,0x100030cc000,16384
1785384,large_user1,3,READ,0x300051b0000,262144
1785492,small_user0,0,WRITE,0x304c000,4096
1785588,small_user0,0,READ,0x304d000,16384
1785728,large_user0,2,WRITE,0x20004f30000,65536
1785739,small_user0,0,READ,0x3051000,4096
1785922,small_user1,1,WRITE,0x100030d0000,8192
1786371,small_user0,0,WRITE,0x3052000,8192
1786487,small_user0,0,READ,0x3054000,8192
1786528,small_user0,0,WRITE,0x3056000,16384
1786539,small_user0,0,READ,0x305a000,16384
1786621,large_user0,2,READ,0x20004f40000,65536
1786759,small_user1,1,READ,0x100030d2000,4096
1786775,small_user0,0,WRITE,0x305e000,16384
1787062,small_user0,0,WRITE,0x3062000,16384
1787100,small_user1,1,READ,0x100030d3000,8192
1787184,small_user0,0,READ,0x3066000,4096
1787316,small_user0,0,READ,0x3067000,16384
1787317,small_user0,0,READ,0x306b000,4096
1787891,small_user1,1,READ,0x100030d5000,8192
1788232,small_user0,0,WRITE,0x306c000,16384
1788409,small_user0,0,READ,0x3070000,4096
1788684,small_user0,0,READ,0x3071000,8192
1788846,small_user1,1,READ,0x100030d7000,16384
1788869,small_user0,0,READ,0x3073000,16384
1789080,small_user1,1,READ,0x100030db000,16384
1789105,small_user1,1,WRITE,0x100030df000,8192
1789266,large_user0,2,WRITE,0x20004f50000,262144
1789326,small_user0,0,READ,0x3077000,8192
1789481,small_user1,1,READ,0x100030e1000,8192
1789581,small_user1,1,WRITE,0x100030e3000,4096
1789927,small_user1,1,WRITE,0x100030e4000,4096
1789954,small_user1,1,READ,0x100030e5000,16384
1790366,large_user1,3,WRITE,0x300051f0000,262144
1790604,small_user1,1,WRITE,0x100030e9000,16384
1790618,small_user0,0,WRITE,0x3079000,8192
1790845,small_user0,0,READ,0x307b000,8192
1791018,small_user1,1,WRITE,0x100030ed000,4096
1791230,small_user1,1,READ,0x100030ee000,16384
1791421,small_user0,0,WRITE,0x307d000,16384
1791629,small_user0,0,WRITE,0x3081000,4096
1791651,small_user1,1,WRITE,0x100030f2000,16384
1791720,small_user0,0,WRITE,0x3082000,8192
1791811,small_user1,1,READ,0x100030f6000,16384
1791879,small_user1,1,READ,0x100030fa000,16384
1792246,small_user0,0,READ,0x3084000,8192
1792528,small_user0,0,READ,0x3086000,8192
1792529,small_user0,0,READ,0x3088000,4096
1792759,small_user0,0,READ,0x3089000,8192
1792981,small_user0,0,READ,0x308b000,8192
1793041,small_user0,0,WRITE,0x308d000,4096
1793277,small_user0,0,READ,0x308e000,8192
1793358,small_user0,0,WRITE,0x3090000,8192
1793376,small_user1,1,WRITE,0x100030fe000,8192
1793413,small_user1,1,WRITE,0x10003100000,4096
1793760,small_user1,1,WRITE,0x10003101000,16384
1793814,small_user1,1,READ,0x10003105000,16384
1793832,large_user1,3,READ,0x30005230000,65536
1793982,small_user1,1,WRITE,0x10003109000,16384
1794108,small_user0,0,READ,0x3092000,4096
1794116,small_user1,1,READ,0x1000310d000,4096
1794212,small_user0,0,WRITE,0x3093000,4096
1794276,small_user1,1,READ,0x1000310e000,16384
1794540,small_user0,0,READ,0x3094000,16384
1794666,small_user0,0,READ,0x3098000,4096
1794712,small_user0,0,WRITE,0x3099000,16384
1794938,small_user1,1,READ,0x10003112000,8192
1794978,small_user0,0,READ,0x309d000,16384
1795204,small_user1,1,READ,0x10003114000,4096
1795207,small_user0,0,WRITE,0x30a1000,16384
1795223,small_user1,1,READ,0x10003115000,4096
1795310,small_user1,1,READ,0x10003116000,4096
1795321,small_user1,1,READ,0x10003117000,16384
1795415,small_user0,0,WRITE,0x30a5000,8192
1795676,small_user1,1,WRITE,0x1000311b000,8192
1795681,small_user1,1,READ,0x1000311d000,16384
1795713,small_user1,1,READ,0x10003121000,8192
1795750,small_user1,1,WRITE,0x10003123000,16384
1795842,small_user0,0,READ,0x30a7000,4096
1795906,small_user1,1,WRITE,0x10003127000,16384
1795996,small_user0,0,READ,0x30a8000,4096
1796107,small_user1,1,WRITE,0x1000312b000,4096
1796217,small_user0,0,READ,0x30a9000,4096
1796416,small_user1,1,WRITE,0x1000312c000,16384
1796634,small_user1,1,READ,0x10003130000,8192
1796785,small_user1,1,READ,0x10003132000,4096
1797022,small_user0,0,WRITE,0x30aa000,16384
1797158,small_user0,0,READ,0x30ae000,16384
1797377,small_user1,1,READ,0x10003133000,8192
1797573,large_user1,3,READ,0x30005240000,131072
1797910,small_user0,0,READ,0x30b2000,16384
1798028,small_user0,0,READ,0x30b6000,4096
1798110,small_user1,1,READ,0x10003135000,16384
1798190,large_user1,3,WRITE,0x30005260000,131072
1798249,small_user1,1,READ,0x10003139000,8192
1798433,large_user0,2,WRITE,0x20004f90000,65536
1798466,large_user0,2,WRITE,0x20004fa0000,65536
1798605,small_user0,0,WRITE,0x30b7000,8192
1798797,small_user1,1,WRITE,0x1000313b000,4096
1799049,small_user0,0,READ,0x30b9000,16384
1799288,small_user0,0,READ,0x30bd000,16384
1799322,large_user0,2,WRITE,0x20004fb0000,262144
1800220,small_user1,1,READ,0x1000313c000,16384
1800583,small_user1,1,READ,0x10003140000,4096
1800693,small_user0,0,READ,0x30c1000,4096
1800921,small_user0,0,READ,0x30c2000,4096
1800924,small_user1,1,WRITE,0x10003141000,8192
1800936,small_user1,1,READ,0x10003143000,8192
1801060,large_user1,3,WRITE,0x30005280000,65536
1801234,large_user1,3,READ,0x30005290000,131072
1801333,small_user1,1,READ,0x10003145000,4096
1801821,small_user0,0,READ,0x30c3000,4096
1801951,large_user1,3,WRITE,0x300052b0000,131072
1802047,small_user0,0,WRITE,0x30c4000,16384
1802124,small_user1,1,READ,0x10003146000,4096
1802373,small_user1,1,READ,0x10003147000,8192
1802656,small_user1,1,WRITE,0x10003149000,4096
1802684,small_user0,0,READ,0x30c8000,8192
1803345,small_user0,0,WRITE,0x30ca000,8192
1803346,small_user1,1,WRITE,0x1000314a000,4096
1803488,small_user0,0,READ,0x30cc000,16384
1803630,small_user0,0,WRITE,0x30d0000,8192
1804140,small_user0,0,READ,0x30d2000,4096
1804193,small_user1,1,READ,0x1000314b000,4096
1804290,small_user0,0,WRITE,0x30d3000,16384
1804393,small_user1,1,READ,0x1000314c000,8192
1804802,small_user0,0,READ,0x30d7000,16384
1804803,small_user1,1,READ,0x1000314e000,16384
1804818,small_user0,0,WRITE,0x30db000,8192
1804857,small_user1,1,READ,0x10003152000,4096
1804893,small_user1,1,READ,0x10003153000,8192
1805033,small_user1,1,WRITE,0x10003155000,4096
1805130,small_user0,0,WRITE,0x30dd000,8192
1805169,small_user1,1,WRITE,0x10003156000,4096
1805319,small_user1,1,READ,0x10003157000,8192
1805579,small_user1,1,READ,0x10003159000,8192
1806486,small_user0,0,WRITE,0x30df000,8192
1806618,small_user1,1,READ,0x1000315b000,16384
1806627,small_user0,0,READ,0x30e1000,8192
1806650,small_user0,0,READ,0x30e3000,16384
1806658,small_user1,1,WRITE,0x1000315f000,4096
1806934,small_user0,0,READ,0x30e7000,8192
1806957,small_user0,0,READ,0x30e9000,8192
1807034,small_user1,1,READ,0x10003160000,4096
1807499,small_user0,0,WRITE,0x30eb000,8192
1807502,small_user0,0,READ,0x30ed000,16384
1807514,small_user1,1,WRITE,0x10003161000,16384
1807544,large_user0,2,READ,0x20004ff0000,65536
1808145,large_user0,2,READ,0x20005000000,65536
1808160,large_user0,2,WRITE,0x20005010000,262144
1808167,small_user1,1,WRITE,0x10003165000,16384
1808584,small_user1,1,READ,0x10003169000,16384
1808619,small_user0,0,WRITE,0x30f1000,16384
1808770,small_user0,0,WRITE,0x30f5000,16384
1808899,small_user0,0,READ,0x30f9000,4096
1809013,small_user0,0,READ,0x30fa000,16384
1809037,small_user1,1,READ,0x1000316d000,16384
1809349,small_user1,1,READ,0x10003171000,8192
1809552,small_user1,1,READ,0x10003173000,16384
1809623,small_user0,0,READ,0x30fe000,16384
1809789,small_user1,1,READ,0x10003177000,4096
1809802,small_user1,1,READ,0x10003178000,4096
1809988,small_user0,0,READ,0x3102000,4096
1810026,small_user0,0,READ,0x3103000,16384
1810418,small_user0,0,READ,0x3107000,4096
1810640,small_user0,0,READ,0x3108000,16384
1810719,small_user0,0,READ,0x310c000,4096
1810786,small_user0,0,READ,0x310d000,8192
1810829,small_user1,1,WRITE,0x10003179000,8192
1810939,small_user1,1,READ,0x1000317b000,8192
1811178,small_user1,1,WRITE,0x1000317d000,4096
1811316,small_user1,1,READ,0x1000317e000,4096
1811490,small_user0,0,READ,0x310f000,16384
1811722,small_user1,1,READ,0x1000317f000,4096
1811778,small_user1,1,WRITE,0x10003180000,8192
1812047,small_user1,1,READ,0x10003182000,16384
1812167,large_user1,3,WRITE,0x300052d0000,131072
1812201,small_user1,1,READ,0x10003186000,16384
1812407,small_user1,1,READ,0x1000318a000,16384
1812626,small_user0,0,WRITE,0x3113000,8192
1812770,small_user0,0,READ,0x3115000,16384
1813210,small_user1,1,WRITE,0x1000318e000,4096
1813226,large_user1,3,WRITE,0x300052f0000,262144
1813253,small_user1,1,READ,0x1000318f000,4096
1813375,small_user0,0,READ,0x3119000,4096
1813442,small_user1,1,READ,0x10003190000,16384
1813470,small_user0,0,READ,0x311a000,8192
1813710,small_user0,0,READ,0x311c000,4096
1813732,small_user0,0,READ,0x311d000,16384
1813755,small_user0,0,READ,0x3121000,8192
1813772,small_user1,1,READ,0x10003194000,4096
1813884,small_user1,1,READ,0x10003195000,16384
1813991,small_user0,0,WRITE,0x3123000,8192
1814062,small_user1,1,READ,0x10003199000,4096
1814254,small_user0,0,READ,0x3125000,16384
1814518,small_user0,0,WRITE,0x3129000,8192
1814524,large_user0,2,READ,0x20005050000,262144
1814723,large_user1,3,READ,0x30005330000,131072
1814988,small_user0,0,READ,0x312b000,8192
1815049,small_user0,0,READ,0x312d000,16384
1815058,large_user1,3,READ,0x30005350000,65536
1815139,small_user0,0,WRITE,0x3131000,4096
1815204,small_user1,1,READ,0x1000319a000,8192
1815651,small_user1,1,READ,0x1000319c000,16384
1816146,small_user1,1,READ,0x100031a0000,16384
1816217,small_user1,1,READ,0x100031a4000,8192
1816241,small_user0,0,WRITE,0x3132000,4096
1816415,large_user1,3,WRITE,0x30005360000,131072
1816454,small_user0,0,READ,0x3133000,8192
1816579,small_user0,0,READ,0x3135000,16384
1816790,small_user1,1,WRITE,0x100031a6000,8192
1817125,small_user1,1,WRITE,0x100031a8000,8192
1817179,small_user0,0,READ,0x3139000,4096
1817412,small_user0,0,READ,0x313a000,4096
1817416,small_user1,1,READ,0x100031aa000,16384
1817465,small_user1,1,READ,0x100031ae000,4096
1817569,small_user0,0,READ,0x313b000,8192
1817682,small_user1,1,WRITE,0x100031af000,16384
1817788,small_user1,1,READ,0x100031b3000,16384
1817976,small_user0,0,READ,0x313d000,8192
1818198,small_user0,0,READ,0x313f000,8192
1818210,small_user1,1,READ,0x100031b7000,16384
1818342,small_user0,0,WRITE,0x3141000,16384
1818383,small_user1,1,READ,0x100031bb000,4096
1818547,small_user0,0,READ,0x3145000,8192
1818638,small_user1,1,WRITE,0x100031bc000,16384
1819018,small_user0,0,WRITE,0x3147000,8192
1819438,small_user0,0,READ,0x3149000,8192
1819578,small_user0,0,WRITE,0x314b000,16384
1819786,small_user0,0,READ,0x314f000,4096
1820443,small_user1,1,READ,0x100031c0000,16384
1820473,small_user1,1,READ,0x100031c4000,4096
1820486,small_user1,1,READ,0x100031c5000,16384
1821097,small_user0,0,READ,0x3150000,16384
1821114,small_user1,1,READ,0x100031c9000,16384
1821123,small_user0,0,READ,0x3154000,16384
1821397,small_user0,0,READ,0x3158000,8192
1821466,small_user0,0,READ,0x315a000,16384
1821534,large_user1,3,READ,0x30005380000,262144
1821556,small_user0,0,READ,0x315e000,16384
1821575,small_user1,1,READ,0x100031cd000,16384
1821593,small_user0,0,READ,0x3162000,4096
1821695,small_user0,0,READ,0x3163000,16384
1822013,small_user0,0,WRITE,0x3167000,8192
1822096,large_user1,3,READ,0x300053c0000,131072
1822155,small_user0,0,READ,0x3169000,16384
1822184,small_user1,1,WRITE,0x100031d1000,8192
1822401,small_user0,0,READ,0x316d000,8192
1822690,small_user1,1,READ,0x100031d3000,16384
1822737,small_user0,0,WRITE,0x316f000,16384
1822855,small_user1,1,WRITE,0x100031d7000,8192
1823097,small_user1,1,WRITE,0x100031d9000,8192
1823245,small_user1,1,WRITE,0x100031db000,8192
1823684,small_user1,1,READ,0x100031dd000,8192
1823875,small_user1,1,WRITE,0x100031df000,8192
1823925,small_user0,0,READ,0x3173000,8192
1824140,small_user0,0,WRITE,0x3175000,16384
1824237,small_user1,1,READ,0x100031e1000,4096
1824451,small_user0,0,WRITE,0x3179000,8192
1824494,small_user1,1,WRITE,0x100031e2000,16384
1824621,small_user0,0,READ,0x317b000,8192
1824837,large_user0,2,WRITE,0x20005090000,262144
1825013,large_user1,3,READ,0x300053e0000,131072
1825098,small_user1,1,READ,0x100031e6000,4096
1825161,small_user0,0,READ,0x317d000,16384
1825782,small_user0,0,READ,0x3181000,4096
1826314,small_user0,0,READ,0x3182000,8192
1826560,large_user0,2,WRITE,0x200050d0000,65536
1826579,large_user0,2,WRITE,0x200050e0000,65536
1826586,large_user1,3,READ,0x30005400000,65536
1826694,large_user0,2,READ,0x200050f0000,65536
1826737,small_user1,1,WRITE,0x100031e7000,8192
1827237,small_user1,1,WRITE,0x100031e9000,16384
1827544,small_user1,1,WRITE,0x100031ed000,4096
1827573,small_user1,1,READ,0x100031ee000,4096
1827846,small_user0,0,READ,0x3184000,8192
1828021,large_user0,2,WRITE,0x20005100000,262144
1828025,small_user0,0,WRITE,0x3186000,16384
1828280,small_user1,1,READ,0x100031ef000,16384
1828304,small_user0,0,READ,0x318a000,4096
1828428,large_user1,3,WRITE,0x30005410000,65536
1828485,small_user1,1,READ,0x100031f3000,8192
1828628,small_user0,0,READ,0x318b000,4096
1828655,small_user1,1,READ,0x100031f5000,4096
1828661,small_user1,1,READ,0x100031f6000,4096
1828665,small_user0,0,READ,0x318c000,4096
1828752,small_user0,0,READ,0x318d000,8192
1828811,small_user1,1,READ,0x100031f7000,16384
1828953,small_user1,1,WRITE,0x100031fb000,4096
1828960,small_user0,0,READ,0x318f000,8192
1829003,small_user1,1,WRITE,0x100031fc000,16384
1829014,small_user0,0,READ,0x3191000,4096
1829053,small_user1,1,WRITE,0x10003200000,4096
1829069,small_user0,0,WRITE,0x3192000,16384
1829187,small_user1,1,WRITE,0x10003201000,16384
1829303,small_user0,0,READ,0x3196000,4096
1829531,small_user1,1,WRITE,0x10003205000,8192
1829551,small_user0,0,WRITE,0x3197000,8192
1829678,small_user0,0,READ,0x3199000,16384
1829746,small_user1,1,READ,0x10003207000,8192
1829865,small_user0,0,READ,0x319d000,16384
1829874,small_user1,1,READ,0x10003209000,4096
1829953,large_user1,3,READ,0x30005420000,131072
1829990,small_user0,0,READ,0x31a1000,16384
1830032,small_user1,1,READ,0x1000320a000,16384
1830977,small_user0,0,READ,0x31a5000,8192
1831109,small_user0,0,WRITE,0x31a7000,4096
1831122,small_user0,0,READ,0x31a8000,8192
1831495,small_user1,1,READ,0x1000320e000,8192
1831973,small_user1,1,WRITE,0x10003210000,4096
1832003,small_user0,0,READ,0x31aa000,8192
1832059,small_user1,1,WRITE,0x10003211000,8192
1832195,small_user0,0,READ,0x31ac000,8192
1832347,small_user1,1,READ,0x10003213000,8192
1832652,small_user0,0,READ,0x31ae000,8192
1832863,small_user1,1,READ,0x10003215000,16384
1833388,small_user1,1,READ,0x10003219000,16384
1833400,small_user1,1,WRITE,0x1000321d000,4096
1833450,small_user1,1,WRITE,0x1000321e000,4096
1833457,small_user1,1,WRITE,0x1000321f000,8192
1833720,small_user1,1,READ,0x10003221000,4096
1833960,small_user0,0,READ,0x31b0000,8192
1834091,small_user1,1,READ,0x10003222000,4096
1834328,small_user0,0,WRITE,0x31b2000,8192
1834379,small_user1,1,READ,0x10003223000,4096
1834397,small_user0,0,READ,0x31b4000,8192
1834825,small_user0,0,WRITE,0x31b6000,4096
1835376,small_user0,0,WRITE,0x31b7000,16384
1835406,small_user0,0,READ,0x31bb000,8192
1835559,small_user0,0,READ,0x31bd000,4096
1835630,small_user1,1,READ,0x10003224000,8192
1835663,small_user1,1,WRITE,0x10003226000,4096
1835683,small_user1,1,READ,0x10003227000,8192
1835684,large_user1,3,READ,0x30005440000,65536
1835774,small_user1,1,READ,0x10003229000,16384
1835840,small_user0,0,READ,0x31be000,4096
1835870,small_user0,0,READ,0x31bf000,16384
1836037,small_user0,0,WRITE,0x31c3000,8192
1836058,small_user1,1,READ,0x1000322d000,16384
1836132,small_user0,0,WRITE,0x31c5000,8192
1836208,small_user0,0,READ,0x31c7000,16384
1836208,small_user1,1,READ,0x10003231000,16384
1836223,small_user0,0,READ,0x31cb000,16384
1836290,small_user1,1,READ,0x10003235000,16384
1836304,small_user1,1,WRITE,0x10003239000,8192
1836331,small_user0,0,READ,0x31cf000,16384
1836543,small_user1,1,READ,0x1000323b000,16384
1836875,small_user0,0,READ,0x31d3000,8192
1836963,small_user0,0,READ,0x31d5000,8192
1837173,small_user0,0,WRITE,0x31d7000,4096
1837252,small_user1,1,READ,0x1000323f000,16384
1837290,small_user1,1,READ,0x10003243000,4096
1837404,small_user0,0,READ,0x31d8000,8192
1837614,small_user1,1,READ,0x10003244000,16384
1837856,small_user0,0,READ,0x31da000,16384
1838010,small_user0,0,WRITE,0x31de000,8192
1838109,small_user0,0,READ,0x31e0000,8192
1838158,small_user0,0,WRITE,0x31e2000,4096
1838194,large_user0,2,READ,0x20005140000,131072
1838501,small_user1,1,WRITE,0x10003248000,16384
1838506,large_user1,3,WRITE,0x30005450000,262144
1838566,small_user0,0,WRITE,0x31e3000,16384
1838789,small_user0,0,READ,0x31e7000,4096
1838839,small_user0,0,READ,0x31e8000,16384
1838894,small_user1,1,READ,0x1000324c000,8192
1839244,small_user1,1,READ,0x1000324e000,4096
1839305,small_user0,0,WRITE,0x31ec000,4096
1839549,small_user0,0,WRITE,0x31ed000,8192
1839601,small_user0,0,READ,0x31ef000,16384
1839789,small_user0,0,READ,0x31f3000,8192
1839841,small_user1,1,WRITE,0x1000324f000,16384
1839909,small_user0,0,READ,0x31f5000,8192
1840040,small_user0,0,READ,0x31f7000,8192
1840058,small_user0,0,WRITE,0x31f9000,4096
1840146,small_user1,1,READ,0x10003253000,16384
1840148,small_user0,0,WRITE,0x31fa000,4096
1840395,small_user1,1,WRITE,0x10003257000,8192
1840409,small_user1,1,READ,0x10003259000,4096
1840563,small_user1,1,READ,0x1000325a000,8192
1840759,small_user0,0,WRITE,0x31fb000,8192
1841166,small_user1,1,READ,0x1000325c000,4096
1841743,small_user0,0,WRITE,0x31fd000,8192
1841768,large_user0,2,WRITE,0x20005160000,131072
1842436,small_user0,0,READ,0x31ff000,4096
1842483,small_user0,0,WRITE,0x3200000,4096
1842772,small_user0,0,READ,0x3201000,4096
1842972,small_user0,0,READ,0x3202000,8192
1843078,small_user1,1,READ,0x1000325d000,4096
1843080,large_user1,3,WRITE,0x30005490000,65536
1843126,small_user1,1,READ,0x1000325e000,4096
1843189,small_user1,1,READ,0x1000325f000,16384
1843195,small_user1,1,READ,0x10003263000,4096
1843227,small_user0,0,WRITE,0x3204000,16384
1843414,small_user1,1,READ,0x10003264000,4096
1843759,small_user0,0,WRITE,0x3208000,4096
1843877,small_user0,0,READ,0x3209000,4096
1844310,small_user1,1,READ,0x10003265000,4096
1844351,small_user0,0,READ,0x320a000,8192
1844690,small_user0,0,READ,0x320c000,8192
1844765,small_user0,0,WRITE,0x320e000,4096
1844943,small_user1,1,READ,0x10003266000,8192
1844950,small_user1,1,WRITE,0x10003268000,4096
1845157,small_user1,1,WRITE,0x10003269000,16384
1845340,small_user1,1,READ,0x1000326d000,16384
1845439,small_user1,1,WRITE,0x10003271000,4096
1845781,large_user0,2,WRITE,0x20005180000,131072
1845876,small_user0,0,READ,0x320f000,8192
1846070,small_user0,0,READ,0x3211000,4096
1846145,small_user1,1,READ,0x10003272000,16384
1846258,small_user0,0,READ,0x3212000,4096
1846446,small_user0,0,WRITE,0x3213000,8192
1846819,small_user1,1,WRITE,0x10003276000,4096
1847637,small_user0,0,WRITE,0x3215000,4096
1847708,small_user0,0,READ,0x3216000,16384
1847735,small_user1,1,READ,0x10003277000,16384
1847764,small_user1,1,WRITE,0x1000327b000,8192
1847929,small_user1,1,WRITE,0x1000327d000,8192
1848452,small_user0,0,WRITE,0x321a000,16384
1848664,small_user0,0,READ,0x321e000,8192
1848977,small_user0,0,READ,0x3220000,4096
1848986,small_user1,1,READ,0x1000327f000,16384
1849042,small_user1,1,WRITE,0x10003283000,4096
1849079,small_user0,0,WRITE,0x3221000,4096
1849154,small_user0,0,WRITE,0x3222000,4096
1849272,small_user1,1,READ,0x10003284000,16384
1849301,small_user1,1,READ,0x10003288000,4096
1849399,large_user0,2,WRITE,0x200051a0000,65536
1849490,small_user1,1,READ,0x10003289000,8192
1849638,small_user0,0,READ,0x3223000,8192
1849962,small_user0,0,READ,0x3225000,4096
1850486,small_user1,1,READ,0x1000328b000,8192
1850490,small_user1,1,READ,0x1000328d000,4096
1850514,small_user1,1,READ,0x1000328e000,16384
1850529,small_user0,0,READ,0x3226000,8192
1850739,small_user0,0,READ,0x3228000,4096
1851361,small_user1,1,READ,0x10003292000,16384
1851423,small_user0,0,WRITE,0x3229000,4096
1851477,small_user0,0,READ,0x322a000,4096
1851569,small_user1,1,WRITE,0x10003296000,16384
1851952,small_user0,0,READ,0x322b000,4096
1852002,small_user0,0,READ,0x322c000,4096
1852038,small_user0,0,READ,0x322d000,4096
1852133,small_user0,0,WRITE,0x322e000,8192
1852753,small_user0,0,READ,0x3230000,8192
1853222,small_user0,0,READ,0x3232000,16384
1853309,small_user1,1,READ,0x1000329a000,4096
1853577,small_user0,0,READ,0x3236000,16384
1853683,small_user1,1,READ,0x1000329b000,4096
1853811,large_user1,3,READ,0x300054a0000,65536
1854160,small_user0,0,READ,0x323a000,16384
1854186,small_user1,1,READ,0x1000329c000,4096
1854294,large_user0,2,WRITE,0x200051b0000,262144
1854375,small_user0,0,WRITE,0x323e000,4096
1855088,small_user1,1,READ,0x1000329d000,16384
1855100,small_user0,0,WRITE,0x323f000,4096
1855136,large_user1,3,READ,0x300054b0000,262144
1855198,small_user1,1,READ,0x100032a1000,16384
1855237,small_user1,1,WRITE,0x100032a5000,16384
1855255,small_user0,0,READ,0x3240000,8192
1855330,small_user1,1,READ,0x100032a9000,8192
1855535,small_user1,1,READ,0x100032ab000,4096
1855560,small_user0,0,READ,0x3242000,16384
1855852,small_user0,0,WRITE,0x3246000,4096
1855881,small_user0,0,READ,0x3247000,8192
1856017,small_user1,1,READ,0x100032ac000,4096
1856190,small_user1,1,READ,0x100032ad000,4096
1856202,small_user1,1,WRITE,0x100032ae000,8192
1856507,small_user1,1,READ,0x100032b0000,8192
1856948,large_user1,3,WRITE,0x300054f0000,131072
1856955,small_user0,0,READ,0x3249000,4096
1857001,small_user1,1,WRITE,0x100032b2000,4096
1857006,small_user0,0,READ,0x324a000,16384
1857335,small_user0,0,READ,0x324e000,8192
1857363,small_user1,1,READ,0x100032b3000,4096
1857363,small_user1,1,WRITE,0x100032b4000,4096
1857541,small_user1,1,WRITE,0x100032b5000,4096
1857876,small_user1,1,READ,0x100032b6000,4096
1857908,small_user0,0,READ,0x3250000,4096
1858120,large_user0,2,WRITE,0x200051f0000,262144
1858337,small_user0,0,WRITE,0x3251000,8192
1858628,small_user1,1,WRITE,0x100032b7000,16384
1858856,small_user1,1,READ,0x100032bb000,4096
1858909,large_user1,3,WRITE,0x30005510000,262144
1859199,small_user0,0,WRITE,0x3253000,4096
1859204,small_user0,0,READ,0x3254000,16384
1859517,small_user1,1,WRITE,0x100032bc000,8192
1859784,small_user0,0,WRITE,0x3258000,16384
1859986,small_user0,0,READ,0x325c000,16384
1860619,small_user0,0,READ,0x3260000,8192
1860702,small_user1,1,READ,0x100032be000,16384
1860726,small_user0,0,READ,0x3262000,4096
1860741,small_user1,1,READ,0x100032c2000,16384
1860949,small_user1,1,READ,0x100032c6000,16384
1861083,small_user0,0,WRITE,0x3263000,8192
1861314,small_user1,1,WRITE,0x100032ca000,16384
1861649,small_user0,0,READ,0x3265000,8192
1861658,small_user0,0,READ,0x3267000,16384
1861718,large_user1,3,READ,0x30005550000,131072
1861959,small_user0,0,READ,0x326b000,4096
1862051,small_user1,1,READ,0x100032ce000,4096
1862261,small_user1,1,READ,0x100032cf000,8192
1862280,small_user1,1,READ,0x100032d1000,16384
1862408,small_user1,1,READ,0x100032d5000,16384
1862488,large_user1,3,WRITE,0x30005570000,262144
1862701,small_user0,0,WRITE,0x326c000,8192
1862721,small_user1,1,WRITE,0x100032d9000,8192
1862764,small_user1,1,WRITE,0x100032db000,8192
1862811,small_user1,1,READ,0x100032dd000,4096
1862843,small_user1,1,READ,0x100032de000,16384
1863396,small_user0,0,READ,0x326e000,8192
1863438,small_user0,0,READ,0x3270000,8192
1863518,small_user1,1,READ,0x100032e2000,8192
1863520,small_user1,1,WRITE,0x100032e4000,8192
1863550,small_user0,0,WRITE,0x3272000,16384
1863618,large_user1,3,WRITE,0x300055b0000,131072
1863652,small_user1,1,READ,0x100032e6000,16384
1863894,small_user0,0,READ,0x3276000,8192
1863955,small_user1,1,READ,0x100032ea000,16384
1864042,small_user0,0,READ,0x3278000,4096
1864133,small_user1,1,READ,0x100032ee000,4096
1864265,large_user0,2,READ,0x20005230000,262144
1864434,small_user0,0,READ,0x3279000,16384
1864526,small_user0,0,READ,0x327d000,4096
1864529,small_user1,1,WRITE,0x100032ef000,4096
1864602,small_user0,0,READ,0x327e000,8192
1864663,large_user1,3,READ,0x300055d0000,65536
1864738,small_user1,1,READ,0x100032f0000,8192
1864741,small_user1,1,WRITE,0x100032f2000,4096
1865011,small_user1,1,READ,0x100032f3000,16384
1865056,large_user1,3,READ,0x300055e0000,131072
1865274,small_user0,0,READ,0x3280000,16384
1865487,small_user0,0,WRITE,0x3284000,8192
1865522,small_user1,1,WRITE,0x100032f7000,4096
1865597,small_user1,1,WRITE,0x100032f8000,16384
1865624,small_user1,1,READ,0x100032fc000,8192
1866150,small_user0,0,WRITE,0x3286000,16384
1866426,small_user1,1,READ,0x100032fe000,8192
1866473,small_user1,1,READ,0x10003300000,8192
1866476,small_user0,0,WRITE,0x328a000,16384
1866808,small_user0,0,READ,0x328e000,8192
1866913,small_user0,0,WRITE,0x3290000,4096
1866996,small_user0,0,READ,0x3291000,16384
1867256,small_user0,0,READ,0x3295000,8192
1867431,small_user0,0,READ,0x3297000,4096
1867700,large_user0,2,WRITE,0x20005270000,262144
1867717,small_user0,0,READ,0x3298000,8192
1868056,large_user1,3,WRITE,0x30005600000,131072
1868174,small_user1,1,READ,0x10003302000,16384
1868416,large_user0,2,WRITE,0x200052b0000,131072
1868436,small_user0,0,READ,0x329a000,4096
1868466,small_user0,0,READ,0x329b000,16384
1868650,small_user1,1,READ,0x10003306000,4096
1869135,small_user0,0,READ,0x329f000,8192
1869824,small_user0,0,READ,0x32a1000,8192
1869906,small_user1,1,WRITE,0x10003307000,16384
1870060,small_user1,1,READ,0x1000330b000,16384
1870140,small_user0,0,READ,0x32a3000,8192
1870319,small_user1,1,READ,0x1000330f000,8192
1870369,small_user1,1,READ,0x10003311000,4096
1870408,small_user1,1,READ,0x10003312000,8192
1870472,small_user0,0,READ,0x32a5000,16384
1870490,small_user0,0,WRITE,0x32a9000,16384
1870491,small_user1,1,WRITE,0x10003314000,4096
1870580,small_user1,1,READ,0x10003315000,4096
1870633,small_user0,0,READ,0x32ad000,16384
1870666,small_user0,0,READ,0x32b1000,4096
1870931,small_user0,0,WRITE,0x32b2000,16384
1871858,small_user0,0,READ,0x32b6000,8192
1871869,small_user0,0,READ,0x32b8000,8192
1871998,small_user1,1,READ,0x10003316000,8192
1872111,small_user1,1,WRITE,0x10003318000,16384
1872136,small_user1,1,READ,0x1000331c000,8192
1872164,small_user1,1,WRITE,0x1000331e000,8192
1872195,small_user1,1,READ,0x10003320000,4096
1872309,small_user0,0,READ,0x32ba000,4096
1872564,small_user1,1,READ,0x10003321000,8192
1872577,small_user0,0,READ,0x32bb000,4096
1872867,small_user1,1,WRITE,0x10003323000,4096
1873480,large_user1,3,READ,0x30005620000,65536
1873513,small_user0,0,READ,0x32bc000,8192
1873616,small_user1,1,READ,0x10003324000,4096
1873756,small_user0,0,READ,0x32be000,8192
1873787,small_user0,0,READ,0x32c0000,16384
1873906,small_user0,0,WRITE,0x32c4000,4096
1873926,large_user0,2,READ,0x200052d0000,65536
1874557,small_user1,1,READ,0x10003325000,4096
1874904,small_user1,1,READ,0x10003326000,8192
1874927,small_user1,1,WRITE,0x10003328000,16384
1875192,small_user1,1,READ,0x1000332c000,8192
1875229,small_user1,1,READ,0x1000332e000,16384
1875261,small_user1,1,READ,0x10003332000,16384
1875528,small_user0,0,READ,0x32c5000,16384
1875552,small_user1,1,READ,0x10003336000,16384
1875585,small_user1,1,READ,0x1000333a000,8192
1875722,small_user1,1,WRITE,0x1000333c000,16384
1876034,small_user0,0,READ,0x32c9000,16384
1876122,small_user0,0,WRITE,0x32cd000,8192
1876163,small_user1,1,READ,0x10003340000,16384
1876224,small_user1,1,READ,0x10003344000,8192
1876298,small_user0,0,READ,0x32cf000,8192
1876551,small_user1,1,READ,0x10003346000,4096
1876577,small_user0,0,WRITE,0x32d1000,16384
1876632,small_user1,1,READ,0x10003347000,4096
1876836,small_user0,0,READ,0x32d5000,16384
1876853,small_user0,0,READ,0x32d9000,16384
1877130,small_user0,0,READ,0x32dd000,16384
1877210,small_user1,1,READ,0x10003348000,8192
1877509,small_user1,1,READ,0x1000334a000,8192
1877767,small_user1,1,READ,0x1000334c000,16384
1877793,small_user1,1,READ,0x10003350000,4096
1877835,small_user1,1,READ,0x10003351000,8192
1878264,small_user0,0,READ,0x32e1000,8192
1878342,small_user1,1,WRITE,0x10003353000,8192
1878407,small_user0,0,READ,0x32e3000,4096
1878953,small_user0,0,READ,0x32e4000,8192
1879068,small_user1,1,READ,0x10003355000,8192
1879257,small_user0,0,WRITE,0x32e6000,16384
1879408,small_user1,1,WRITE,0x10003357000,16384
1879828,large_user1,3,WRITE,0x30005630000,262144
1879829,small_user1,1,READ,0x1000335b000,16384
1880090,small_user0,0,READ,0x32ea000,16384
1880227,small_user0,0,WRITE,0x32ee000,8192
1880282,small_user1,1,WRITE,0x1000335f000,4096
1880288,small_user0,0,READ,0x32f0000,8192
1880312,small_user1,1,WRITE,0x10003360000,8192
1880523,small_user0,0,WRITE,0x32f2000,8192
1880596,small_user1,1,READ,0x10003362000,4096
1880706,small_user0,0,READ,0x32f4000,16384
1880894,small_user0,0,READ,0x32f8000,16384
1880905,small_user1,1,READ,0x10003363000,16384
1881005,small_user0,0,READ,0x32fc000,16384
1881196,small_user0,0,READ,0x3300000,4096
1881250,small_user1,1,WRITE,0x10003367000,8192
1881611,small_user0,0,WRITE,0x3301000,8192
1881617,small_user0,0,READ,0x3303000,8192
1881707,small_user0,0,READ,0x3305000,8192
1881774,small_user1,1,WRITE,0x10003369000,16384
1881809,small_user0,0,READ,0x3307000,4096
1882007,small_user0,0,WRITE,0x3308000,4096
1882049,small_user0,0,READ,0x3309000,8192
1882197,small_user1,1,READ,0x1000336d000,4096
1882325,small_user0,0,READ,0x330b000,8192
1882368,large_user1,3,READ,0x30005670000,262144
1882682,small_user1,1,READ,0x1000336e000,4096
1882940,small_user0,0,READ,0x330d000,4096
1882954,small_user1,1,READ,0x1000336f000,4096
1882981,small_user1,1,READ,0x10003370000,4096
1883280,small_user1,1,READ,0x10003371000,8192
1883418,small_user0,0,WRITE,0x330e000,8192
1883430,large_user1,3,READ,0x300056b0000,131072
1883465,small_user1,1,WRITE,0x10003373000,4096
1883795,small_user1,1,READ,0x10003374000,8192
1883812,small_user0,0,WRITE,0x3310000,16384
1884037,small_user1,1,READ,0x10003376000,8192
1884083,small_user1,1,READ,0x10003378000,4096
1884110,small_user1,1,READ,0x10003379000,8192
1884208,small_user0,0,READ,0x3314000,8192
1884262,small_user1,1,READ,0x1000337b000,16384
1884359,small_user1,1,READ,0x1000337f000,16384
1884452,small_user1,1,WRITE,0x10003383000,4096
1884524,small_user1,1,READ,0x10003384000,4096
1884575,small_user0,0,WRITE,0x3316000,16384
1884584,large_user0,2,WRITE,0x200052e0000,262144
1884677,small_user1,1,READ,0x10003385000,16384
1884776,small_user0,0,READ,0x331a000,16384
1885435,large_user0,2,WRITE,0x20005320000,65536
1885728,small_user1,1,READ,0x10003389000,8192
1885759,small_user1,1,READ,0x1000338b000,16384
1886078,small_user1,1,READ,0x1000338f000,4096
1886079,small_user0,0,READ,0x331e000,4096
1886599,small_user0,0,READ,0x331f000,16384
1886813,small_user1,1,READ,0x10003390000,4096
1886846,small_user0,0,WRITE,0x3323000,4096
1888388,small_user0,0,READ,0x3324000,4096
1889034,small_user0,0,WRITE,0x3325000,16384
1889270,small_user1,1,WRITE,0x10003391000,8192
1889389,small_user1,1,WRITE,0x10003393000,16384
1889406,small_user1,1,READ,0x10003397000,16384
1889417,small_user1,1,READ,0x1000339b000,4096
1889595,small_user0,0,READ,0x3329000,4096
1889606,small_user1,1,WRITE,0x1000339c000,16384
1889697,small_user1,1,READ,0x100033a0000,4096
1889868,small_user1,1,READ,0x100033a1000,8192
1890461,small_user0,0,READ,0x332a000,16384
1890671,small_user1,1,WRITE,0x100033a3000,8192
1890805,small_user0,0,READ,0x332e000,16384
1890956,small_user0,0,WRITE,0x3332000,4096
1891136,small_user0,0,READ,0x3333000,4096
1891239,small_user0,0,READ,0x3334000,8192
1891410,small_user0,0,READ,0x3336000,8192
1891416,small_user1,1,WRITE,0x100033a5000,16384
1891513,small_user0,0,READ,0x3338000,8192
1891846,small_user0,0,WRITE,0x333a000,16384
1892048,small_user1,1,READ,0x100033a9000,8192
1892088,small_user0,0,READ,0x333e000,4096
1892485,small_user0,0,WRITE,0x333f000,4096
1892567,small_user1,1,WRITE,0x100033ab000,4096
1892637,small_user0,0,READ,0x3340000,8192
1892948,large_user0,2,READ,0x20005330000,262144
1893057,small_user0,0,WRITE,0x3342000,8192
1893570,small_user1,1,WRITE,0x100033ac000,4096
1893858,small_user1,1,WRITE,0x100033ad000,4096
1893881,small_user0,0,READ,0x3344000,4096
1893908,small_user0,0,READ,0x3345000,16384
1894017,small_user0,0,WRITE,0x3349000,16384
1894187,small_user1,1,WRITE,0x100033ae000,8192
1894220,small_user0,0,READ,0x334d000,8192
1894243,small_user0,0,READ,0x334f000,16384
1894339,small_user0,0,WRITE,0x3353000,4096
1894711,small_user1,1,READ,0x100033b0000,4096
1895196,small_user0,0,READ,0x3354000,8192
1895688,small_user1,1,WRITE,0x100033b1000,16384
1896045,small_user0,0,READ,0x3356000,16384
1896078,small_user1,1,READ,0x100033b5000,4096
1896112,small_user1,1,READ,0x100033b6000,4096
1896132,large_user0,2,READ,0x20005370000,131072
1896218,large_user0,2,WRITE,0x20005390000,65536
1896552,small_user1,1,READ,0x100033b7000,16384
1896595,small_user1,1,READ,0x100033bb000,16384
1896637,small_user0,0,READ,0x335a000,4096
1896836,small_user1,1,READ,0x100033bf000,16384
1897281,small_user0,0,WRITE,0x335b000,4096
1897411,small_user1,1,WRITE,0x100033c3000,4096
1897428,small_user0,0,WRITE,0x335c000,16384
1898028,small_user1,1,READ,0x100033c4000,16384
1898085,small_user1,1,READ,0x100033c8000,8192
1898244,small_user1,1,WRITE,0x100033ca000,16384
1898354,small_user0,0,READ,0x3360000,8192
1898534,small_user0,0,WRITE,0x3362000,4096
1898665,small_user0,0,READ,0x3363000,8192
1898706,small_user1,1,WRITE,0x100033ce000,16384
1898776,small_user0,0,READ,0x3365000,16384
1899175,large_user0,2,WRITE,0x200053a0000,262144
1899178,small_user0,0,WRITE,0x3369000,4096
1899443,small_user0,0,READ,0x336a000,16384
1899550,small_user0,0,READ,0x336e000,4096
1899616,large_user0,2,WRITE,0x200053e0000,262144
1899667,small_user1,1,READ,0x100033d2000,8192
1899737,small_user1,1,WRITE,0x100033d4000,8192
1899785,small_user1,1,READ,0x100033d6000,16384
1899814,small_user1,1,WRITE,0x100033da000,8192
1899836,small_user0,0,READ,0x336f000,4096
1899903,small_user0,0,WRITE,0x3370000,8192
1900208,small_user1,1,READ,0x100033dc000,4096
1900246,small_user1,1,READ,0x100033dd000,8192
1900443,small_user1,1,READ,0x100033df000,4096
1900528,small_user0,0,WRITE,0x3372000,16384
1900666,small_user1,1,READ,0x100033e0000,8192
1900703,small_user1,1,READ,0x100033e2000,8192
1900705,small_user1,1,READ,0x100033e4000,16384
1900844,large_user0,2,WRITE,0x20005420000,262144
1900927,small_user0,0,READ,0x3376000,8192
1901170,large_user0,2,READ,0x20005460000,131072
1901297,small_user0,0,WRITE,0x3378000,16384
1901381,large_user0,2,READ,0x20005480000,131072
1901427,small_user0,0,READ,0x337c000,4096
1901442,small_user0,0,READ,0x337d000,16384
1901744,large_user0,2,WRITE,0x200054a0000,262144
1901790,small_user0,0,READ,0x3381000,8192
1901914,small_user1,1,READ,0x100033e8000,8192
1902107,small_user0,0,READ,0x3383000,16384
1902341,small_user0,0,WRITE,0x3387000,16384
1902551,small_user0,0,READ,0x338b000,8192
1902657,small_user0,0,READ,0x338d000,8192
1902736,small_user0,0,READ,0x338f000,16384
1902872,small_user1,1,READ,0x100033ea000,16384
1903011,small_user1,1,WRITE,0x100033ee000,8192
1903088,small_user0,0,READ,0x3393000,16384
1903239,large_user0,2,WRITE,0x200054e0000,65536
1903331,small_user0,0,WRITE,0x3397000,4096
1903334,large_user1,3,WRITE,0x300056d0000,65536
1903397,large_user1,3,READ,0x300056e0000,262144
1903413,small_user1,1,WRITE,0x100033f0000,16384
1903644,small_user0,0,WRITE,0x3398000,8192
1903749,small_user1,1,WRITE,0x100033f4000,16384
1903870,large_user0,2,READ,0x200054f0000,262144
1904189,small_user1,1,READ,0x100033f8000,16384
1904279,small_user1,1,WRITE,0x100033fc000,4096
1904316,small_user1,1,READ,0x100033fd000,4096
1904775,small_user0,0,READ,0x339a000,16384
1904825,small_user0,0,READ,0x339e000,8192
1904939,small_user1,1,READ,0x100033fe000,4096
1905063,small_user1,1,READ,0x100033ff000,4096
1905127,small_user0,0,READ,0x33a0000,8192
1905252,small_user0,0,READ,0x33a2000,8192
1905338,small_user1,1,READ,0x10003400000,4096
1905512,small_user0,0,READ,0x33a4000,4096
1905549,small_user0,0,READ,0x33a5000,4096
1905622,large_user1,3,WRITE,0x30005720000,262144
1905727,small_user1,1,WRITE,0x10003401000,16384
1906758,small_user1,1,WRITE,0x10003405000,8192
1906766,small_user0,0,READ,0x33a6000,8192
1907091,small_user0,0,READ,0x33a8000,16384
1907469,small_user1,1,READ,0x10003407000,4096
1907840,small_user0,0,READ,0x33ac000,16384
1907858,large_user0,2,WRITE,0x20005530000,262144
1907876,small_user1,1,READ,0x10003408000,8192
1907893,small_user0,0,READ,0x33b0000,4096
1908049,small_user0,0,READ,0x33b1000,16384
1908168,small_user0,0,WRITE,0x33b5000,8192
1908345,small_user1,1,READ,0x1000340a000,8192
1908499,small_user0,0,WRITE,0x33b7000,8192
1908571,small_user1,1,READ,0x1000340c000,8192
1908776,small_user1,1,READ,0x1000340e000,4096
1908792,small_user1,1,WRITE,0x1000340f000,16384
1909301,small_user0,0,WRITE,0x33b9000,4096
1909478,small_user0,0,READ,0x33ba000,16384
1909640,large_user0,2,WRITE,0x20005570000,65536
1909648,small_user1,1,READ,0x10003413000,8192
1909841,small_user0,0,READ,0x33be000,8192
1910052,small_user0,0,READ,0x33c0000,4096
1910155,small_user0,0,READ,0x33c1000,8192
1910155,small_user1,1,WRITE,0x10003415000,4096
1910226,small_user0,0,READ,0x33c3000,16384
1910443,small_user1,1,READ,0x10003416000,16384
1910541,large_user0,2,READ,0x20005580000,131072
1910727,small_user0,0,READ,0x33c7000,8192
1910896,small_user0,0,WRITE,0x33c9000,8192
1910961,large_user1,3,WRITE,0x30005760000,65536
1911040,small_user1,1,READ,0x1000341a000,16384
1911056,small_user1,1,READ,0x1000341e000,4096
1911149,large_user1,3,WRITE,0x30005770000,131072
1911270,small_user0,0,READ,0x33cb000,4096
1911287,small_user1,1,READ,0x1000341f000,8192
1911439,large_user1,3,READ,0x30005790000,262144
1911491,small_user0,0,READ,0x33cc000,4096
1911619,small_user0,0,READ,0x33cd000,8192
1912159,small_user1,1,WRITE,0x10003421000,16384
1912160,small_user0,0,READ,0x33cf000,8192
1912203,small_user1,1,READ,0x10003425000,16384
1912268,small_user0,0,WRITE,0x33d1000,16384
1912774,small_user1,1,READ,0x10003429000,8192
1912903,small_user1,1,READ,0x1000342b000,16384
1912925,small_user1,1,READ,0x1000342f000,16384
1913185,large_user1,3,WRITE,0x300057d0000,131072
1913368,small_user1,1,READ,0x10003433000,8192
1913393,small_user0,0,READ,0x33d5000,4096
1913486,large_user1,3,WRITE,0x300057f0000,262144
1913672,small_user1,1,READ,0x10003435000,8192
1913842,small_user0,0,READ,0x33d6000,4096
1914025,small_user1,1,READ,0x10003437000,8192
1914046,small_user1,1,READ,0x10003439000,8192
1914402,small_user0,0,READ,0x33d7000,16384
1914595,small_user0,0,WRITE,0x33db000,16384
1914612,small_user0,0,READ,0x33df000,8192
1915118,small_user1,1,READ,0x1000343b000,8192
1915255,small_user1,1,READ,0x1000343d000,16384
1915593,small_user1,1,READ,0x10003441000,4096
1915605,small_user0,0,WRITE,0x33e1000,8192
1915605,small_user1,1,READ,0x10003442000,4096
1915736,small_user1,1,READ,0x10003443000,8192
1915826,small_user0,0,READ,0x33e3000,4096
1915878,small_user0,0,READ,0x33e4000,8192
1915950,small_user1,1,READ,0x10003445000,4096
1916369,small_user1,1,READ,0x10003446000,16384
1916439,small_user1,1,READ,0x1000344a000,8192
1916575,small_user1,1,READ,0x1000344c000,16384
1916902,small_user0,0,WRITE,0x33e6000,8192
1917194,small_user1,1,READ,0x10003450000,4096
1917478,small_user0,0,WRITE,0x33e8000,16384
1917637,small_user1,1,WRITE,0x10003451000,8192
1918060,small_user0,0,READ,0x33ec000,16384
1918780,small_user1,1,WRITE,0x10003453000,4096
1918859,small_user0,0,WRITE,0x33f0000,4096
1918989,small_user1,1,READ,0x10003454000,16384
1919186,small_user1,1,READ,0x10003458000,4096
1919444,small_user1,1,READ,0x10003459000,4096
1919464,large_user1,3,WRITE,0x30005830000,262144
1919578,small_user0,0,READ,0x33f1000,16384
1919581,small_user0,0,READ,0x33f5000,4096
1919739,small_user1,1,READ,0x1000345a000,16384
1919924,small_user0,0,WRITE,0x33f6000,4096
1920038,small_user0,0,READ,0x33f7000,8192
1920281,small_user0,0,WRITE,0x33f9000,4096
1920292,small_user0,0,WRITE,0x33fa000,16384
1920397,small_user0,0,WRITE,0x33fe000,8192
1920425,small_user1,1,WRITE,0x1000345e000,8192
1920591,small_user0,0,READ,0x3400000,8192
1920739,small_user0,0,WRITE,0x3402000,16384
1921173,small_user0,0,READ,0x3406000,4096
1921226,small_user0,0,READ,0x3407000,16384
1921291,small_user1,1,WRITE,0x10003460000,4096
1921312,small_user1,1,READ,0x10003461000,8192
1921651,small_user0,0,READ,0x340b000,4096
1921835,small_user1,1,READ,0x10003463000,4096
1921884,small_user0,0,WRITE,0x340c000,8192
1922507,small_user1,1,READ,0x10003464000,8192
1922840,small_user1,1,WRITE,0x10003466000,4096
1922882,small_user1,1,READ,0x10003467000,8192
1922893,large_user1,3,READ,0x30005870000,65536
1923018,small_user0,0,WRITE,0x340e000,16384
1923058,small_user0,0,READ,0x3412000,16384
1923106,small_user0,0,READ,0x3416000,4096
1923312,large_user1,3,WRITE,0x30005880000,262144
1923321,small_user0,0,READ,0x3417000,16384
1923450,large_user1,3,WRITE,0x300058c0000,65536
1923492,small_user1,1,READ,0x10003469000,16384
1923772,small_user0,0,READ,0x341b000,8192
1924366,small_user0,0,WRITE,0x341d000,4096
1924398,small_user0,0,WRITE,0x341e000,8192
1924534,large_user1,3,READ,0x300058d0000,131072
1924668,small_user1,1,READ,0x1000346d000,8192
1924711,large_user0,2,READ,0x200055a0000,65536
1925043,small_user0,0,READ,0x3420000,16384
1925173,small_user1,1,READ,0x1000346f000,8192
1925221,small_user0,0,WRITE,0x3424000,4096
1925596,small_user1,1,READ,0x10003471000,4096
1925775,small_user1,1,READ,0x10003472000,4096
1926033,small_user0,0,WRITE,0x3425000,16384
1926219,small_user0,0,READ,0x3429000,4096
1926239,small_user1,1,READ,0x10003473000,8192
1926329,small_user0,0,READ,0x342a000,8192
1926332,small_user1,1,READ,0x10003475000,8192
1927029,small_user1,1,READ,0x10003477000,8192
1927091,small_user0,0,READ,0x342c000,4096
1927222,small_user1,1,READ,0x10003479000,16384
1927364,small_user0,0,WRITE,0x342d000,8192
1927488,small_user0,0,READ,0x342f000,16384
1927540,small_user0,0,READ,0x3433000,16384
1927655,small_user0,0,READ,0x3437000,16384
1927795,small_user0,0,READ,0x343b000,4096
1927826,small_user1,1,WRITE,0x1000347d000,4096
1927914,small_user0,0,WRITE,0x343c000,4096
1927972,small_user1,1,WRITE,0x1000347e000,8192
1928142,small_user1,1,READ,0x10003480000,16384
1928234,small_user1,1,WRITE,0x10003484000,4096
1928607,small_user0,0,WRITE,0x343d000,4096
1929291,small_user1,1,WRITE,0x10003485000,8192
1929318,small_user0,0,READ,0x343e000,4096
1929566,small_user1,1,WRITE,0x10003487000,8192
1929641,large_user0,2,WRITE,0x200055b0000,65536
1929805,small_user0,0,READ,0x343f000,4096
1929856,small_user1,1,READ,0x10003489000,16384
1930006,small_user1,1,READ,0x1000348d000,4096
1930022,small_user1,1,WRITE,0x1000348e000,8192
1930063,small_user1,1,WRITE,0x10003490000,8192
1930103,small_user1,1,READ,0x10003492000,16384
1930214,small_user0,0,READ,0x3440000,16384
1930301,small_user0,0,READ,0x3444000,16384
1930341,small_user1,1,WRITE,0x10003496000,8192
1930516,small_user1,1,WRITE,0x10003498000,16384
1930728,small_user0,0,WRITE,0x3448000,4096
1930956,small_user1,1,READ,0x1000349c000,16384
1931180,small_user0,0,READ,0x3449000,16384
1931561,small_user1,1,WRITE,0x100034a0000,16384
1931915,small_user0,0,WRITE,0x344d000,8192
1932045,small_user1,1,READ,0x100034a4000,16384
1932054,small_user1,1,READ,0x100034a8000,4096
1932067,small_user1,1,READ,0x100034a9000,16384
1932201,small_user0,0,READ,0x344f000,8192
1932503,small_user1,1,READ,0x100034ad000,8192
1932644,small_user0,0,READ,0x3451000,16384
1932854,small_user0,0,WRITE,0x3455000,4096
1933077,small_user1,1,READ,0x100034af000,16384
1933151,small_user1,1,READ,0x100034b3000,8192
1933275,small_user0,0,READ,0x3456000,16384
1933320,large_user1,3,WRITE,0x300058f0000,131072
1933564,small_user0,0,READ,0x345a000,16384
1933897,small_user0,0,READ,0x345e000,4096
1933916,small_user1,1,READ,0x100034b5000,16384
1934116,small_user0,0,READ,0x345f000,16384
1934188,small_user0,0,READ,0x3463000,4096
1934347,small_user1,1,READ,0x100034b9000,8192
1934359,small_user1,1,READ,0x100034bb000,8192
1934457,small_user0,0,WRITE,0x3464000,8192
1934520,small_user0,0,READ,0x3466000,16384
1934575,small_user1,1,READ,0x100034bd000,4096
1934617,small_user1,1,READ,0x100034be000,4096
1934633,small_user1,1,READ,0x100034bf000,16384
1934732,small_user0,0,WRITE,0x346a000,8192
1934739,small_user0,0,WRITE,0x346c000,8192
1934754,small_user1,1,READ,0x100034c3000,16384
1934846,small_user1,1,READ,0x100034c7000,8192
1934854,small_user1,1,READ,0x100034c9000,4096
1935076,small_user0,0,READ,0x346e000,4096
1935152,small_user0,0,READ,0x346f000,4096
1935164,small_user0,0,READ,0x3470000,4096
1935185,small_user1,1,WRITE,0x100034ca000,16384
1935295,small_user1,1,WRITE,0x100034ce000,16384
1935744,small_user0,0,WRITE,0x3471000,8192
1935911,small_user0,0,WRITE,0x3473000,4096
1936157,small_user0,0,WRITE,0x3474000,16384
1936177,small_user1,1,READ,0x100034d2000,8192
1936290,small_user1,1,READ,0x100034d4000,8192
1936584,small_user1,1,READ,0x100034d6000,16384
1936642,small_user1,1,READ,0x100034da000,16384
1936903,small_user1,1,READ,0x100034de000,4096
1937082,small_user1,1,READ,0x100034df000,4096
1937291,small_user1,1,WRITE,0x100034e0000,16384
1937344,small_user0,0,READ,0x3478000,8192
1937400,small_user1,1,READ,0x100034e4000,8192
1937431,small_user1,1,READ,0x100034e6000,8192
1937434,large_user0,2,WRITE,0x200055c0000,131072
1937642,small_user0,0,READ,0x347a000,16384
1937663,small_user1,1,READ,0x100034e8000,8192
1937978,small_user1,1,READ,0x100034ea000,16384
1938065,small_user0,0,READ,0x347e000,4096
1938470,small_user0,0,WRITE,0x347f000,16384
1938689,small_user1,1,WRITE,0x100034ee000,4096
1938842,small_user1,1,WRITE,0x100034ef000,8192
1939072,large_user1,3,WRITE,0x30005910000,131072
1939453,small_user1,1,READ,0x100034f1000,4096
1939701,small_user0,0,READ,0x3483000,8192
1939727,small_user0,0,READ,0x3485000,16384
1940089,small_user0,0,WRITE,0x3489000,8192
1940128,small_user1,1,READ,0x100034f2000,8192
1940379,small_user1,1,READ,0x100034f4000,16384
1940428,small_user1,1,READ,0x100034f8000,8192
1940471,small_user0,0,READ,0x348b000,16384
1940552,small_user0,0,READ,0x348f000,4096
1940784,large_user1,3,READ,0x30005930000,262144
1941136,small_user0,0,WRITE,0x3490000,16384
1941420,small_user0,0,WRITE,0x3494000,16384
1941640,small_user1,1,WRITE,0x100034fa000,8192
1941707,small_user1,1,WRITE,0x100034fc000,16384
1941789,small_user0,0,READ,0x3498000,4096
1942056,small_user1,1,WRITE,0x10003500000,4096
1942065,large_user1,3,READ,0x30005970000,262144
1942255,small_user0,0,WRITE,0x3499000,8192
1942526,small_user0,0,WRITE,0x349b000,8192
1942677,small_user0,0,READ,0x349d000,4096
1943255,small_user0,0,READ,0x349e000,16384
1943377,small_user1,1,WRITE,0x10003501000,16384
1943735,large_user0,2,READ,0x200055e0000,131072
1943879,small_user1,1,READ,0x10003505000,4096
1944169,small_user0,0,READ,0x34a2000,4096
1944477,small_user0,0,WRITE,0x34a3000,16384
1944716,small_user0,0,READ,0x34a7000,4096
1944757,small_user1,1,WRITE,0x10003506000,4096
1944878,small_user1,1,READ,0x10003507000,4096
1945096,small_user0,0,WRITE,0x34a8000,16384
1945421,small_user1,1,READ,0x10003508000,8192
1945558,small_user0,0,READ,0x34ac000,16384
1945833,small_user0,0,WRITE,0x34b0000,8192
1945911,large_user0,2,READ,0x20005600000,131072
1946007,small_user1,1,READ,0x1000350a000,4096
1946111,small_user0,0,READ,0x34b2000,8192
1946969,small_user1,1,READ,0x1000350b000,8192
1947072,small_user1,1,READ,0x1000350d000,16384
1947111,small_user1,1,READ,0x10003511000,8192
1947385,small_user0,0,READ,0x34b4000,8192
1947742,small_user1,1,READ,0x10003513000,16384
1947744,small_user1,1,READ,0x10003517000,8192
1947870,small_user0,0,WRITE,0x34b6000,8192
1947975,small_user0,0,WRITE,0x34b8000,16384
1948139,small_user1,1,READ,0x10003519000,16384
1948288,small_user1,1,WRITE,0x1000351d000,8192
1948397,small_user1,1,READ,0x1000351f000,16384
1948644,small_user1,1,READ,0x10003523000,16384
1948701,large_user0,2,WRITE,0x20005620000,131072
1948777,small_user1,1,WRITE,0x10003527000,4096
1948966,small_user1,1,READ,0x10003528000,8192
1949101,small_user0,0,READ,0x34bc000,4096
1949235,small_user0,0,READ,0x34bd000,4096
1949341,small_user0,0,READ,0x34be000,16384
1949432,small_user1,1,READ,0x1000352a000,8192
1949445,small_user1,1,READ,0x1000352c000,16384
1949467,large_user1,3,WRITE,0x300059b0000,262144
1949665,small_user1,1,READ,0x10003530000,16384
1949812,small_user0,0,WRITE,0x34c2000,8192
1949912,small_user1,1,READ,0x10003534000,4096
1950468,small_user0,0,READ,0x34c4000,4096
1950503,large_user0,2,WRITE,0x20005640000,262144
1950701,small_user1,1,READ,0x10003535000,4096
1950831,small_user1,1,WRITE,0x10003536000,4096
1951062,small_user1,1,READ,0x10003537000,8192
1951245,small_user1,1,WRITE,0x10003539000,4096
1951347,small_user0,0,WRITE,0x34c5000,16384
1951371,small_user1,1,WRITE,0x1000353a000,8192
1951395,small_user0,0,READ,0x34c9000,8192
1951753,small_user1,1,WRITE,0x1000353c000,16384
1951784,small_user1,1,WRITE,0x10003540000,8192
1952527,small_user1,1,READ,0x10003542000,8192
1952644,small_user0,0,READ,0x34cb000,16384
1952679,small_user1,1,READ,0x10003544000,4096
1952835,large_user1,3,WRITE,0x300059f0000,131072
1952855,small_user0,0,WRITE,0x34cf000,4096
1953269,small_user0,0,WRITE,0x34d0000,16384
1953272,small_user0,0,READ,0x34d4000,4096
1953476,small_user1,1,READ,0x10003545000,8192
1953519,small_user1,1,READ,0x10003547000,4096
1953521,small_user1,1,READ,0x10003548000,4096
1953722,small_user0,0,WRITE,0x34d5000,16384
1954043,small_user0,0,READ,0x34d9000,4096
1954096,small_user0,0,READ,0x34da000,4096
1954151,small_user0,0,READ,0x34db000,16384
1954158,small_user0,0,READ,0x34df000,8192
1954238,small_user0,0,READ,0x34e1000,4096
1954320,small_user1,1,READ,0x10003549000,16384
1954397,small_user0,0,READ,0x34e2000,4096
1954451,small_user1,1,READ,0x1000354d000,8192
1954541,small_user1,1,READ,0x1000354f000,4096
1954638,small_user1,1,READ,0x10003550000,4096
1954703,small_user0,0,READ,0x34e3000,8192
1954736,small_user0,0,READ,0x34e5000,16384
1954817,small_user1,1,READ,0x10003551000,16384
1954824,small_user0,0,WRITE,0x34e9000,4096
1954912,small_user1,1,READ,0x10003555000,8192
1954917,small_user1,1,READ,0x10003557000,16384
1955100,small_user1,1,READ,0x1000355b000,4096
1955161,small_user1,1,WRITE,0x1000355c000,16384
1955230,small_user0,0,READ,0x34ea000,8192
1955250,small_user0,0,READ,0x34ec000,4096
1955305,small_user0,0,WRITE,0x34ed000,4096
1955321,small_user1,1,READ,0x10003560000,16384
1956276,small_user1,1,WRITE,0x10003564000,4096
1956415,small_user0,0,WRITE,0x34ee000,16384
1956468,small_user0,0,READ,0x34f2000,4096
1956667,small_user0,0,WRITE,0x34f3000,4096
1956821,large_user1,3,WRITE,0x30005a10000,131072
1956906,small_user1,1,READ,0x10003565000,16384
1956994,small_user0,0,WRITE,0x34f4000,4096
1956998,small_user0,0,READ,0x34f5000,16384
1957027,small_user0,0,WRITE,0x34f9000,4096
1957252,large_user0,2,READ,0x20005680000,262144
1957475,small_user1,1,READ,0x10003569000,16384
1957494,small_user0,0,READ,0x34fa000,16384
1957555,small_user0,0,WRITE,0x34fe000,16384
1957768,small_user1,1,READ,0x1000356d000,4096
1957867,small_user1,1,READ,0x1000356e000,8192
1957932,small_user0,0,READ,0x3502000,4096
1958020,small_user0,0,WRITE,0x3503000,16384
1958484,small_user0,0,WRITE,0x3507000,8192
1958565,small_user0,0,READ,0x3509000,8192
1958590,small_user1,1,READ,0x10003570000,4096
1958741,small_user1,1,READ,0x10003571000,16384
1959138,small_user1,1,READ,0x10003575000,4096
1959139,small_user0,0,READ,0x350b000,4096
1959167,small_user1,1,READ,0x10003576000,4096
1959204,small_user1,1,WRITE,0x10003577000,4096
1959518,small_user1,1,READ,0x10003578000,4096
1960083,small_user1,1,WRITE,0x10003579000,4096
1960117,small_user1,1,WRITE,0x1000357a000,4096
1960140,small_user0,0,READ,0x350c000,8192
1960182,large_user0,2,READ,0x200056c0000,131072
1960421,small_user0,0,READ,0x350e000,4096
1960449,small_user1,1,READ,0x1000357b000,4096
1960528,small_user0,0,READ,0x350f000,4096
1960654,small_user1,1,WRITE,0x1000357c000,4096
1960789,small_user1,1,WRITE,0x1000357d000,16384
1960869,small_user0,0,READ,0x3510000,8192
1960968,small_user1,1,WRITE,0x10003581000,8192
1961184,small_user0,0,READ,0x3512000,8192
1961620,small_user0,0,WRITE,0x3514000,8192
1961665,small_user1,1,WRITE,0x10003583000,4096
1961765,small_user1,1,READ,0x10003584000,8192
1961787,small_user0,0,READ,0x3516000,8192
1962069,large_user0,2,WRITE,0x200056e0000,131072
1962132,small_user0,0,WRITE,0x3518000,4096
1962245,small_user1,1,READ,0x10003586000,8192
1962283,small_user0,0,READ,0x3519000,16384
1962611,small_user1,1,READ,0x10003588000,8192
1962666,small_user1,1,READ,0x1000358a000,16384
1962715,small_user1,1,READ,0x1000358e000,8192
1963085,small_user1,1,READ,0x10003590000,4096
1963619,small_user0,0,WRITE,0x351d000,16384
1963766,small_user1,1,READ,0x10003591000,16384
1964043,small_user0,0,READ,0x3521000,16384
1964062,small_user1,1,WRITE,0x10003595000,8192
1964260,small_user1,1,READ,0x10003597000,16384
1964308,small_user1,1,READ,0x1000359b000,16384
1964564,small_user1,1,READ,0x1000359f000,8192
1964707,small_user1,1,READ,0x100035a1000,8192
1964769,small_user1,1,WRITE,0x100035a3000,4096
1964821,small_user0,0,READ,0x3525000,8192
1964940,small_user0,0,READ,0x3527000,8192
1964942,large_user1,3,READ,0x30005a30000,262144
1964945,large_user0,2,READ,0x20005700000,131072
1965172,small_user0,0,READ,0x3529000,16384
1965306,large_user1,3,WRITE,0x30005a70000,65536
1965354,small_user1,1,READ,0x100035a4000,16384
1965431,small_user1,1,READ,0x100035a8000,4096
1965433,small_user1,1,READ,0x100035a9000,8192
1965600,small_user0,0,READ,0x352d000,16384
1965780,small_user0,0,READ,0x3531000,8192
1966165,small_user0,0,WRITE,0x3533000,4096
1966625,small_user0,0,READ,0x3534000,8192
1966737,large_user1,3,READ,0x30005a80000,65536
1966740,small_user0,0,READ,0x3536000,4096
1966748,small_user1,1,READ,0x100035ab000,4096
1966917,small_user1,1,READ,0x100035ac000,16384
1967175,large_user1,3,READ,0x30005a90000,262144
1967206,small_user1,1,WRITE,0x100035b0000,8192
1967307,small_user1,1,READ,0x100035b2000,8192
1967363,small_user0,0,WRITE,0x3537000,8192
1967426,small_user1,1,READ,0x100035b4000,16384
1967822,small_user1,1,READ,0x100035b8000,8192
1967959,small_user0,0,READ,0x3539000,8192
1968223,small_user0,0,WRITE,0x353b000,4096
1968637,small_user0,0,READ,0x353c000,8192
1968972,small_user0,0,READ,0x353e000,16384
1969106,small_user1,1,READ,0x100035ba000,4096
1969379,small_user1,1,READ,0x100035bb000,16384
1969912,small_user1,1,WRITE,0x100035bf000,16384
1969977,small_user0,0,WRITE,0x3542000,8192
1970174,small_user0,0,READ,0x3544000,8192
1970254,small_user1,1,READ,0x100035c3000,4096
1970303,small_user1,1,READ,0x100035c4000,4096
1970817,small_user0,0,WRITE,0x3546000,16384
1970858,small_user1,1,READ,0x100035c5000,16384
1970914,small_user0,0,READ,0x354a000,16384
1971220,small_user1,1,READ,0x100035c9000,4096
1971464,small_user1,1,READ,0x100035ca000,16384
1971470,small_user1,1,READ,0x100035ce000,8192
1971566,small_user1,1,WRITE,0x100035d0000,8192
1971645,small_user1,1,READ,0x100035d2000,16384
1971861,small_user1,1,READ,0x100035d6000,16384
1971861,large_user0,2,READ,0x20005720000,65536
1972234,small_user1,1,READ,0x100035da000,16384
1972236,small_user1,1,READ,0x100035de000,16384
1972286,small_user0,0,READ,0x354e000,4096
1972806,small_user0,0,READ,0x354f000,8192
1973673,small_user1,1,WRITE,0x100035e2000,16384
1973929,small_user0,0,READ,0x3551000,16384
1974179,small_user0,0,WRITE,0x3555000,4096
1974307,small_user1,1,READ,0x100035e6000,8192
1974364,small_user1,1,WRITE,0x100035e8000,16384
1974447,small_user0,0,READ,0x3556000,4096
1974712,small_user0,0,WRITE,0x3557000,16384
1974723,small_user0,0,READ,0x355b000,8192
1974743,small_user1,1,WRITE,0x100035ec000,4096
1974865,small_user0,0,READ,0x355d000,4096
1974872,small_user0,0,READ,0x355e000,4096
1975007,small_user1,1,READ,0x100035ed000,8192
1975218,small_user0,0,READ,0x355f000,4096
1975363,small_user0,0,READ,0x3560000,8192
1975370,large_user0,2,WRITE,0x20005730000,262144
1975752,small_user0,0,READ,0x3562000,8192
1975875,small_user0,0,READ,0x3564000,4096
1975965,small_user0,0,READ,0x3565000,4096
1975992,small_user1,1,READ,0x100035ef000,4096
1975999,small_user0,0,READ,0x3566000,4096
1976182,large_user1,3,READ,0x30005ad0000,131072
1976246,small_user1,1,READ,0x100035f0000,8192
1976881,small_user1,1,READ,0x100035f2000,16384
1976979,large_user1,3,WRITE,0x30005af0000,65536
1977020,small_user0,0,WRITE,0x3567000,4096
1977151,small_user0,0,READ,0x3568000,8192
1977315,small_user1,1,READ,0x100035f6000,4096
1977397,small_user1,1,READ,0x100035f7000,8192
1977420,small_user1,1,WRITE,0x100035f9000,8192
1977604,small_user1,1,READ,0x100035fb000,8192
1977620,small_user0,0,READ,0x356a000,4096
1977629,small_user0,0,WRITE,0x356b000,4096
1977754,small_user0,0,READ,0x356c000,16384
1977865,small_user1,1,WRITE,0x100035fd000,16384
1978138,small_user1,1,WRITE,0x10003601000,8192
1978144,small_user1,1,WRITE,0x10003603000,16384
1978178,small_user0,0,READ,0x3570000,8192
1978185,small_user1,1,WRITE,0x10003607000,16384
1978316,small_user0,0,READ,0x3572000,4096
1978349,small_user1,1,WRITE,0x1000360b000,8192
1978439,small_user1,1,READ,0x1000360d000,8192
1978457,small_user0,0,READ,0x3573000,4096
1978767,small_user0,0,READ,0x3574000,16384
1978972,small_user0,0,READ,0x3578000,8192
1979177,small_user0,0,WRITE,0x357a000,16384
1979376,small_user1,1,READ,0x1000360f000,4096
1979474,small_user0,0,READ,0x357e000,4096
1979538,small_user0,0,READ,0x357f000,4096
1979559,small_user1,1,WRITE,0x10003610000,8192
1979657,small_user1,1,READ,0x10003612000,8192
1979719,small_user1,1,READ,0x10003614000,8192
1979794,small_user1,1,READ,0x10003616000,8192
1980239,small_user0,0,WRITE,0x3580000,16384
1980354,small_user0,0,WRITE,0x3584000,16384
1980807,small_user0,0,READ,0x3588000,8192
1980905,small_user1,1,WRITE,0x10003618000,8192
1981118,small_user0,0,READ,0x358a000,4096
1981149,small_user1,1,WRITE,0x1000361a000,8192
1981156,small_user0,0,WRITE,0x358b000,8192
1981319,small_user1,1,READ,0x1000361c000,8192
1981332,small_user1,1,WRITE,0x1000361e000,8192
1981775,small_user0,0,READ,0x358d000,4096
1981837,small_user1,1,READ,0x10003620000,4096
1981924,small_user1,1,READ,0x10003621000,4096
1982256,small_user0,0,READ,0x358e000,16384
1982411,small_user0,0,WRITE,0x3592000,8192
1982436,small_user0,0,READ,0x3594000,16384
1982615,small_user1,1,WRITE,0x10003622000,8192
1982648,small_user0,0,WRITE,0x3598000,8192
1982697,small_user1,1,READ,0x10003624000,8192
1982717,small_user1,1,READ,0x10003626000,16384
1982959,small_user0,0,READ,0x359a000,8192
1983090,small_user1,1,READ,0x1000362a000,16384
1983143,small_user0,0,READ,0x359c000,16384
1983171,large_user0,2,WRITE,0x20005770000,131072
1983550,small_user0,0,WRITE,0x35a0000,4096
1983693,small_user0,0,READ,0x35a1000,16384
1984163,small_user0,0,READ,0x35a5000,4096
1984185,small_user1,1,WRITE,0x1000362e000,16384
1984201,small_user0,0,READ,0x35a6000,16384
1984424,small_user1,1,WRITE,0x10003632000,16384
1985596,small_user1,1,READ,0x10003636000,16384
1985750,small_user0,0,WRITE,0x35aa000,4096
1985948,small_user0,0,WRITE,0x35ab000,4096
1986333,small_user1,1,WRITE,0x1000363a000,8192
1986415,small_user1,1,READ,0x1000363c000,4096
1986549,small_user0,0,READ,0x35ac000,16384
1986841,small_user1,1,READ,0x1000363d000,16384
1986959,small_user1,1,READ,0x10003641000,4096
1987013,small_user0,0,WRITE,0x35b0000,8192
1987044,small_user0,0,WRITE,0x35b2000,4096
1987086,small_user1,1,READ,0x10003642000,16384
1987098,small_user0,0,READ,0x35b3000,4096
1987154,small_user0,0,READ,0x35b4000,8192
1987173,small_user0,0,READ,0x35b6000,16384
1987338,small_user1,1,WRITE,0x10003646000,4096
1987415,small_user1,1,WRITE,0x10003647000,16384
1987550,small_user1,1,READ,0x1000364b000,16384
1987566,small_user1,1,READ,0x1000364f000,8192
1987674,small_user1,1,READ,0x10003651000,8192
1987912,small_user0,0,READ,0x35ba000,16384
1987921,small_user1,1,READ,0x10003653000,16384
1987989,small_user1,1,READ,0x10003657000,16384
1988018,small_user1,1,READ,0x1000365b000,16384
1988261,small_user1,1,READ,0x1000365f000,4096
1988271,small_user1,1,WRITE,0x10003660000,16384
1988417,small_user0,0,WRITE,0x35be000,16384
1988433,small_user1,1,WRITE,0x10003664000,16384
1988515,small_user0,0,WRITE,0x35c2000,8192
1988664,small_user0,0,READ,0x35c4000,16384
1988734,small_user1,1,WRITE,0x10003668000,16384
1988806,large_user1,3,WRITE,0x30005b00000,65536
1988821,small_user1,1,READ,0x1000366c000,4096
1988926,small_user0,0,READ,0x35c8000,16384
1989241,small_user1,1,READ,0x1000366d000,4096
1989455,small_user0,0,READ,0x35cc000,4096
1989521,small_user1,1,READ,0x1000366e000,16384
1989841,small_user1,1,WRITE,0x10003672000,16384
1989850,small_user1,1,WRITE,0x10003676000,8192
1989891,small_user0,0,WRITE,0x35cd000,16384
1990051,small_user0,0,READ,0x35d1000,16384
1990132,small_user1,1,READ,0x10003678000,4096
1990152,small_user0,0,READ,0x35d5000,8192
1990312,small_user0,0,READ,0x35d7000,16384
1990515,small_user1,1,READ,0x10003679000,4096
1990531,small_user1,1,READ,0x1000367a000,16384
1990533,small_user1,1,READ,0x1000367e000,4096
1990543,small_user0,0,READ,0x35db000,4096
1990594,small_user0,0,READ,0x35dc000,8192
1990717,small_user0,0,READ,0x35de000,8192
1990784,large_user0,2,READ,0x20005790000,65536
1991078,small_user1,1,WRITE,0x1000367f000,4096
1991250,small_user1,1,READ,0x10003680000,4096
1991430,small_user0,0,WRITE,0x35e0000,4096
1991552,small_user0,0,READ,0x35e1000,4096
1992003,small_user1,1,READ,0x10003681000,4096
1992194,small_user0,0,WRITE,0x35e2000,4096
1992270,small_user1,1,READ,0x10003682000,4096
1992283,small_user1,1,READ,0x10003683000,4096
1992547,small_user0,0,READ,0x35e3000,16384
1992712,small_user1,1,READ,0x10003684000,8192
1992766,small_user0,0,READ,0x35e7000,4096
1992803,small_user0,0,WRITE,0x35e8000,16384
1992829,small_user0,0,READ,0x35ec000,16384
1992897,small_user0,0,READ,0x35f0000,4096
1993192,small_user1,1,WRITE,0x10003686000,8192
1993258,large_user0,2,READ,0x200057a0000,131072
1993395,large_user0,2,READ,0x200057c0000,65536
1993451,small_user0,0,WRITE,0x35f1000,4096
1993529,large_user1,3,READ,0x30005b10000,65536
1993574,small_user0,0,WRITE,0x35f2000,4096
1993608,large_user1,3,WRITE,0x30005b20000,65536
1993695,small_user1,1,READ,0x10003688000,16384
1993715,large_user0,2,READ,0x200057d0000,131072
1993763,large_user0,2,WRITE,0x200057f0000,65536
1993819,small_user0,0,WRITE,0x35f3000,4096
1994001,small_user0,0,READ,0x35f4000,4096
1994036,small_user1,1,READ,0x1000368c000,8192
1994202,small_user0,0,READ,0x35f5000,8192
1994214,small_user1,1,READ,0x1000368e000,8192
1994257,small_user0,0,READ,0x35f7000,8192
1994503,small_user0,0,READ,0x35f9000,8192
1994525,small_user0,0,READ,0x35fb000,16384
1994527,small_user1,1,READ,0x10003690000,16384
1994893,small_user0,0,READ,0x35ff000,16384
1995396,small_user1,1,READ,0x10003694000,4096
1995720,small_user1,1,WRITE,0x10003695000,4096
1995819,small_user1,1,READ,0x10003696000,16384
1996014,small_user1,1,READ,0x1000369a000,16384
1996147,small_user1,1,READ,0x1000369e000,8192
1996183,small_user1,1,READ,0x100036a0000,16384
1996430,small_user1,1,READ,0x100036a4000,4096
1996601,small_user0,0,READ,0x3603000,4096
1996610,small_user0,0,READ,0x3604000,4096
1996654,small_user1,1,WRITE,0x100036a5000,8192
1996748,small_user0,0,WRITE,0x3605000,4096
1996824,small_user1,1,READ,0x100036a7000,16384
1997054,small_user1,1,READ,0x100036ab000,8192
1997098,small_user0,0,WRITE,0x3606000,8192
1997175,small_user0,0,READ,0x3608000,16384
1997664,small_user1,1,READ,0x100036ad000,4096
1997677,small_user1,1,READ,0x100036ae000,16384
1997687,small_user0,0,WRITE,0x360c000,8192
1997703,small_user0,0,READ,0x360e000,8192
1997906,small_user1,1,READ,0x100036b2000,4096
1998209,small_user0,0,READ,0x3610000,16384
1998266,small_user0,0,READ,0x3614000,16384
1998364,small_user0,0,WRITE,0x3618000,8192
1998374,small_user1,1,READ,0x100036b3000,8192
1998539,small_user1,1,READ,0x100036b5000,8192
1999021,small_user1,1,READ,0x100036b7000,8192
1999251,small_user0,0,WRITE,0x361a000,16384
1999705,small_user1,1,READ,0x100036b9000,4096
1999833,small_user1,1,WRITE,0x100036ba000,16384
1999900,small_user1,1,READ,0x100036be000,4096
1999995,small_user1,1,READ,0x100036bf000,16384
2000043,small_user0,0,WRITE,0x361e000,16384
2000072,small_user0,0,READ,0x3622000,16384
2000194,small_user1,1,WRITE,0x100036c3000,4096
2000378,small_user1,1,WRITE,0x100036c4000,16384
2001045,small_user0,0,WRITE,0x3626000,8192
2001218,small_user1,1,WRITE,0x100036c8000,4096
2001235,small_user1,1,READ,0x100036c9000,16384
2001307,small_user0,0,READ,0x3628000,4096
2001391,small_user0,0,WRITE,0x3629000,4096
2001562,small_user0,0,WRITE,0x362a000,16384
2001623,large_user1,3,READ,0x30005b30000,262144
2001825,small_user1,1,READ,0x100036cd000,8192
2001991,small_user1,1,READ,0x100036cf000,16384
2002083,small_user1,1,READ,0x100036d3000,4096
2002203,small_user1,1,READ,0x100036d4000,8192
2002423,small_user0,0,READ,0x362e000,16384
2002464,small_user1,1,READ,0x100036d6000,8192
2002958,small_user0,0,WRITE,0x3632000,8192
2002963,small_user0,0,READ,0x3634000,4096
2003067,small_user1,1,READ,0x100036d8000,8192
2003413,small_user1,1,READ,0x100036da000,8192
2003414,small_user1,1,READ,0x100036dc000,16384
2003488,small_user0,0,READ,0x3635000,4096
2003526,small_user0,0,WRITE,0x3636000,16384
2003626,small_user0,0,READ,0x363a000,4096
2003747,small_user0,0,READ,0x363b000,4096
2004284,small_user0,0,READ,0x363c000,4096
2004327,small_user0,0,READ,0x363d000,8192
2004340,small_user1,1,READ,0x100036e0000,4096
2004357,small_user1,1,WRITE,0x100036e1000,16384
2004547,small_user0,0,READ,0x363f000,4096
2004720,small_user0,0,WRITE,0x3640000,8192
2004759,small_user1,1,READ,0x100036e5000,4096
2004770,small_user1,1,WRITE,0x100036e6000,16384
2004817,small_user0,0,WRITE,0x3642000,8192
2004950,small_user1,1,WRITE,0x100036ea000,4096
2005355,small_user0,0,READ,0x3644000,4096
2005367,small_user1,1,READ,0x100036eb000,16384
2006072,small_user1,1,READ,0x100036ef000,8192
2006309,large_user0,2,WRITE,0x20005800000,262144
2006356,small_user0,0,READ,0x3645000,16384
2006417,small_user0,0,READ,0x3649000,8192
2006444,small_user1,1,READ,0x100036f1000,4096
2007177,small_user1,1,READ,0x100036f2000,4096
2007188,small_user0,0,WRITE,0x364b000,4096
2007379,small_user1,1,READ,0x100036f3000,8192
2007415,small_user1,1,READ,0x100036f5000,16384
2007503,small_user1,1,READ,0x100036f9000,16384
2007527,small_user1,1,READ,0x100036fd000,8192
2007872,small_user1,1,READ,0x100036ff000,8192
2007947,small_user1,1,READ,0x10003701000,16384
2008132,large_user0,2,WRITE,0x20005840000,131072
2008245,small_user1,1,WRITE,0x10003705000,16384
2008355,small_user0,0,WRITE,0x364c000,4096
2008420,small_user1,1,READ,0x10003709000,4096
2008440,small_user1,1,READ,0x1000370a000,8192
2008497,small_user0,0,READ,0x364d000,8192
2008809,small_user0,0,READ,0x364f000,4096
2009122,small_user0,0,READ,0x3650000,8192
2009287,small_user0,0,WRITE,0x3652000,8192
2009292,small_user0,0,READ,0x3654000,4096
2009352,small_user0,0,WRITE,0x3655000,4096
2009479,small_user0,0,READ,0x3656000,8192
2009725,small_user1,1,READ,0x1000370c000,4096
2009832,small_user1,1,READ,0x1000370d000,8192
2009934,small_user1,1,WRITE,0x1000370f000,8192
2010136,small_user0,0,WRITE,0x3658000,4096
2010162,large_user0,2,WRITE,0x20005860000,65536
2010230,small_user0,0,READ,0x3659000,8192
2010280,small_user1,1,WRITE,0x10003711000,16384
2010485,small_user1,1,WRITE,0x10003715000,8192
2010626,small_user0,0,READ,0x365b000,8192
2010769,small_user0,0,READ,0x365d000,4096
2010925,small_user0,0,READ,0x365e000,4096
2011225,small_user1,1,READ,0x10003717000,16384
2011476,small_user1,1,READ,0x1000371b000,4096
2011527,small_user0,0,READ,0x365f000,8192
2011537,small_user1,1,WRITE,0x1000371c000,4096
2011624,small_user0,0,READ,0x3661000,16384
2011860,small_user1,1,READ,0x1000371d000,4096
2012036,small_user0,0,WRITE,0x3665000,8192
2012103,small_user0,0,READ,0x3667000,4096
2012149,small_user1,1,READ,0x1000371e000,4096
2012215,small_user1,1,READ,0x1000371f000,16384
2012562,small_user0,0,READ,0x3668000,4096
2012572,small_user1,1,READ,0x10003723000,4096
2012590,small_user1,1,WRITE,0x10003724000,8192
2012747,small_user1,1,READ,0x10003726000,16384
2012787,small_user1,1,WRITE,0x1000372a000,4096
2013080,large_user0,2,READ,0x20005870000,262144
2013157,small_user1,1,WRITE,0x1000372b000,4096
2013323,large_user1,3,WRITE,0x30005b70000,131072
2013343,small_user0,0,READ,0x3669000,8192
2013404,small_user1,1,READ,0x1000372c000,4096
2013610,small_user0,0,READ,0x366b000,8192
2014058,small_user0,0,READ,0x366d000,4096
2014248,small_user1,1,WRITE,0x1000372d000,16384
2014271,small_user0,0,READ,0x366e000,8192
2014315,small_user1,1,READ,0x10003731000,16384
2014487,small_user0,0,READ,0x3670000,16384
2014533,small_user1,1,READ,0x10003735000,16384
2014603,large_user1,3,WRITE,0x30005b90000,65536
2014715,small_user0,0,READ,0x3674000,8192
2014768,small_user0,0,READ,0x3676000,4096
2014768,small_user0,0,WRITE,0x3677000,8192
2015141,small_user0,0,READ,0x3679000,4096
2015148,small_user1,1,WRITE,0x10003739000,8192
2015153,small_user1,1,READ,0x1000373b000,16384
2015292,small_user0,0,READ,0x367a000,16384
2015581,small_user0,0,READ,0x367e000,4096
2015697,small_user0,0,READ,0x367f000,16384
2015964,small_user0,0,READ,0x3683000,16384
2016079,small_user1,1,READ,0x1000373f000,4096
2016442,small_user0,0,READ,0x3687000,4096
2016604,small_user1,1,READ,0x10003740000,4096
2016642,large_user1,3,READ,0x30005ba0000,65536
2016707,small_user1,1,READ,0x10003741000,16384
2017016,small_user1,1,READ,0x10003745000,16384
2017105,small_user0,0,READ,0x3688000,16384
2017415,small_user0,0,WRITE,0x368c000,4096
2017625,small_user0,0,READ,0x368d000,4096
2017725,small_user1,1,WRITE,0x10003749000,16384
2017843,small_user0,0,READ,0x368e000,16384
2017999,small_user1,1,WRITE,0x1000374d000,8192
2018051,small_user0,0,READ,0x3692000,4096
2018265,small_user1,1,READ,0x1000374f000,4096
2018459,small_user0,0,READ,0x3693000,16384
2018474,large_user1,3,WRITE,0x30005bb0000,262144
2019151,small_user0,0,WRITE,0x3697000,16384
2019309,small_user0,0,WRITE,0x369b000,4096
2019938,large_user1,3,READ,0x30005bf0000,65536
2020395,small_user1,1,READ,0x10003750000,16384
2020926,small_user1,1,READ,0x10003754000,16384
2021191,small_user0,0,READ,0x369c000,4096
2021341,small_user0,0,READ,0x369d000,16384
2021390,small_user1,1,WRITE,0x10003758000,4096
2021906,small_user1,1,READ,0x10003759000,8192
2022129,large_user0,2,WRITE,0x200058b0000,262144
2022265,small_user0,0,WRITE,0x36a1000,4096
2022447,small_user1,1,READ,0x1000375b000,8192
2022453,small_user0,0,WRITE,0x36a2000,16384
2022486,small_user1,1,READ,0x1000375d000,8192
2022786,small_user1,1,READ,0x1000375f000,4096
2022961,small_user1,1,READ,0x10003760000,4096
2022979,small_user1,1,WRITE,0x10003761000,8192
2023153,small_user1,1,READ,0x10003763000,16384
2023172,small_user0,0,READ,0x36a6000,16384
2023250,small_user0,0,READ,0x36aa000,4096
2023270,small_user0,0,WRITE,0x36ab000,8192
2023321,small_user1,1,READ,0x10003767000,8192
2023345,small_user0,0,READ,0x36ad000,8192
2023575,small_user0,0,READ,0x36af000,8192
2023620,small_user0,0,READ,0x36b1000,16384
2023875,small_user0,0,READ,0x36b5000,16384
2024071,small_user1,1,READ,0x10003769000,8192
2024097,small_user1,1,READ,0x1000376b000,8192
2024254,small_user1,1,READ,0x1000376d000,8192
2024280,small_user1,1,READ,0x1000376f000,16384
2024733,small_user0,0,WRITE,0x36b9000,4096
2025132,small_user0,0,READ,0x36ba000,16384
2025298,small_user1,1,READ,0x10003773000,4096
2025601,small_user1,1,WRITE,0x10003774000,8192
2025704,small_user0,0,WRITE,0x36be000,16384
2025946,small_user0,0,READ,0x36c2000,16384
2026025,small_user0,0,READ,0x36c6000,8192
2026123,small_user1,1,WRITE,0x10003776000,16384
2026292,small_user1,1,READ,0x1000377a000,8192
2026314,small_user0,0,READ,0x36c8000,8192
2026385,small_user1,1,READ,0x1000377c000,4096
2026589,small_user0,0,READ,0x36ca000,8192
2026873,small_user1,1,READ,0x1000377d000,8192
2026892,small_user1,1,READ,0x1000377f000,8192
2027336,small_user1,1,READ,0x10003781000,8192
2027364,large_user1,3,READ,0x30005c00000,131072
2027487,small_user0,0,WRITE,0x36cc000,4096
2027906,small_user0,0,WRITE,0x36cd000,8192
2028047,small_user1,1,READ,0x10003783000,8192
2028052,small_user0,0,WRITE,0x36cf000,8192
2028192,small_user0,0,READ,0x36d1000,16384
2028338,small_user1,1,READ,0x10003785000,16384
2028389,small_user0,0,WRITE,0x36d5000,8192
2028542,large_user0,2,READ,0x200058f0000,262144
2028711,small_user0,0,READ,0x36d7000,16384
2028714,small_user0,0,READ,0x36db000,8192
2028907,small_user0,0,READ,0x36dd000,8192
2028920,small_user1,1,WRITE,0x10003789000,16384
2029059,small_user1,1,READ,0x1000378d000,4096
2029068,small_user0,0,READ,0x36df000,16384
2029355,small_user0,0,READ,0x36e3000,16384
2029536,small_user0,0,READ,0x36e7000,4096
2029774,small_user1,1,READ,0x1000378e000,4096
2029922,large_user1,3,READ,0x30005c20000,131072
2030324,small_user1,1,READ,0x1000378f000,4096
2030760,small_user0,0,WRITE,0x36e8000,8192
2030991,small_user1,1,WRITE,0x10003790000,16384
2031262,small_user0,0,READ,0x36ea000,4096
2031331,small_user1,1,WRITE,0x10003794000,16384
2031375,large_user0,2,WRITE,0x20005930000,65536
2031575,small_user1,1,READ,0x10003798000,8192
2032182,large_user0,2,READ,0x20005940000,131072
2032466,small_user0,0,READ,0x36eb000,8192
2032665,small_user1,1,READ,0x1000379a000,16384
2032823,large_user1,3,READ,0x30005c40000,131072
2032844,small_user1,1,WRITE,0x1000379e000,8192
2032956,small_user0,0,READ,0x36ed000,4096
2033011,small_user0,0,READ,0x36ee000,4096
2033103,large_user1,3,WRITE,0x30005c60000,131072
2033263,small_user1,1,READ,0x100037a0000,4096
2033421,small_user1,1,READ,0x100037a1000,16384
2033428,small_user0,0,WRITE,0x36ef000,8192
2033566,large_user0,2,READ,0x20005960000,65536
2033684,small_user1,1,READ,0x100037a5000,16384
2033912,small_user0,0,READ,0x36f1000,4096
2033922,small_user0,0,READ,0x36f2000,8192
2034231,small_user1,1,WRITE,0x100037a9000,8192
2034321,small_user1,1,READ,0x100037ab000,8192
2034404,small_user0,0,READ,0x36f4000,16384
2034494,small_user1,1,WRITE,0x100037ad000,4096
2034848,small_user0,0,READ,0x36f8000,4096
2035699,small_user1,1,READ,0x100037ae000,4096
2035735,small_user1,1,WRITE,0x100037af000,4096
2035747,small_user1,1,READ,0x100037b0000,8192
2036040,small_user1,1,READ,0x100037b2000,8192
2036355,small_user0,0,WRITE,0x36f9000,8192
2036597,small_user1,1,READ,0x100037b4000,8192
2036696,small_user0,0,WRITE,0x36fb000,8192
2036940,small_user0,0,WRITE,0x36fd000,16384
2037109,small_user1,1,READ,0x100037b6000,8192
2037131,small_user1,1,WRITE,0x100037b8000,8192
2037236,small_user0,0,READ,0x3701000,16384
2037287,small_user0,0,WRITE,0x3705000,16384
2037524,small_user0,0,WRITE,0x3709000,4096
2037657,small_user0,0,READ,0x370a000,16384
2038209,small_user0,0,WRITE,0x370e000,4096
2038290,small_user0,0,READ,0x370f000,16384
2038322,small_user0,0,READ,0x3713000,8192
2038424,small_user0,0,READ,0x3715000,16384
2038520,large_user0,2,READ,0x20005970000,131072
2038560,small_user1,1,READ,0x100037ba000,16384
2038622,small_user1,1,READ,0x100037be000,8192
2038739,small_user1,1,READ,0x100037c0000,8192
2038747,small_user0,0,READ,0x3719000,16384
2039180,small_user0,0,READ,0x371d000,8192
2039492,small_user0,0,READ,0x371f000,8192
2039549,small_user0,0,READ,0x3721000,4096
2039700,small_user0,0,READ,0x3722000,16384
2039738,small_user1,1,READ,0x100037c2000,8192
2039800,small_user1,1,WRITE,0x100037c4000,8192
2039863,small_user1,1,WRITE,0x100037c6000,16384
2040046,small_user1,1,READ,0x100037ca000,4096
2040052,small_user1,1,READ,0x100037cb000,8192
2040081,small_user1,1,WRITE,0x100037cd000,8192
2040101,small_user0,0,READ,0x3726000,4096
2040109,small_user1,1,READ,0x100037cf000,4096
2040244,small_user1,1,READ,0x100037d0000,16384
2040303,small_user1,1,READ,0x100037d4000,8192
2040781,small_user0,0,READ,0x3727000,16384
2041287,small_user1,1,READ,0x100037d6000,16384
2041421,small_user0,0,READ,0x372b000,16384
2041579,small_user1,1,READ,0x100037da000,4096
2041860,small_user0,0,READ,0x372f000,8192
2042064,large_user1,3,WRITE,0x30005c80000,65536
2042258,small_user1,1,READ,0x100037db000,8192
2042309,small_user1,1,WRITE,0x100037dd000,4096
2042356,large_user1,3,READ,0x30005c90000,65536
2042535,small_user1,1,READ,0x100037de000,16384
2042537,small_user0,0,READ,0x3731000,8192
2042702,small_user1,1,READ,0x100037e2000,4096
2042777,small_user0,0,READ,0x3733000,4096
2042798,small_user0,0,WRITE,0x3734000,4096
2043696,small_user1,1,READ,0x100037e3000,4096
2044059,small_user1,1,READ,0x100037e4000,16384
2044079,small_user1,1,READ,0x100037e8000,8192
2044138,small_user0,0,READ,0x3735000,16384
2044155,small_user0,0,READ,0x3739000,8192
2044354,small_user1,1,READ,0x100037ea000,4096
2044364,small_user0,0,READ,0x373b000,8192
2044441,small_user0,0,READ,0x373d000,8192
2044447,small_user1,1,READ,0x100037eb000,8192
2045013,small_user1,1,READ,0x100037ed000,8192
2045038,small_user0,0,WRITE,0x373f000,8192
2045088,large_user1,3,WRITE,0x30005ca0000,65536
2045198,small_user0,0,WRITE,0x3741000,16384
2045327,small_user0,0,READ,0x3745000,8192
2045692,small_user1,1,READ,0x100037ef000,8192
2046039,small_user1,1,READ,0x100037f1000,4096
2046044,small_user0,0,READ,0x3747000,8192
2046093,small_user0,0,READ,0x3749000,16384
2046161,small_user0,0,WRITE,0x374d000,16384
2046409,small_user1,1,READ,0x100037f2000,16384
2046485,small_user0,0,READ,0x3751000,16384
2046523,small_user1,1,WRITE,0x100037f6000,4096
2046719,small_user0,0,READ,0x3755000,8192
2046760,large_user0,2,WRITE,0x20005990000,262144
2046817,small_user1,1,WRITE,0x100037f7000,4096
2046956,small_user0,0,READ,0x3757000,8192
2047047,small_user1,1,READ,0x100037f8000,4096
2047168,small_user0,0,WRITE,0x3759000,8192
2047198,small_user1,1,READ,0x100037f9000,16384
2047205,small_user1,1,WRITE,0x100037fd000,4096
2047257,small_user1,1,WRITE,0x100037fe000,4096
2047274,small_user0,0,WRITE,0x375b000,16384
2047682,small_user1,1,READ,0x100037ff000,4096
2047828,small_user0,0,READ,0x375f000,16384
2048011,small_user1,1,READ,0x10003800000,16384
2048133,small_user0,0,WRITE,0x3763000,4096
2048273,small_user1,1,WRITE,0x10003804000,16384
2048551,small_user1,1,READ,0x10003808000,4096
2048559,small_user1,1,READ,0x10003809000,8192
2048608,small_user0,0,WRITE,0x3764000,8192
2048781,small_user0,0,WRITE,0x3766000,8192
2049241,small_user1,1,WRITE,0x1000380b000,16384
2049508,small_user0,0,WRITE,0x3768000,4096
2049526,small_user1,1,READ,0x1000380f000,8192
2049571,small_user0,0,READ,0x3769000,16384
2050098,small_user0,0,READ,0x376d000,4096
2050300,small_user1,1,READ,0x10003811000,4096
2050370,small_user1,1,READ,0x10003812000,8192
2050377,small_user1,1,READ,0x10003814000,8192
2050387,small_user0,0,WRITE,0x376e000,4096
2050432,small_user0,0,WRITE,0x376f000,4096
2051149,small_user0,0,READ,0x3770000,4096
2051169,small_user0,0,READ,0x3771000,4096
2051208,small_user1,1,WRITE,0x10003816000,16384
2051378,small_user1,1,READ,0x1000381a000,8192
2051709,small_user0,0,READ,0x3772000,4096
2051853,small_user0,0,READ,0x3773000,16384
2052035,small_user0,0,WRITE,0x3777000,8192
2052082,small_user0,0,READ,0x3779000,16384
2052206,small_user0,0,WRITE,0x377d000,16384
2052334,small_user1,1,READ,0x1000381c000,8192
2052421,small_user1,1,READ,0x1000381e000,16384
2052636,small_user0,0,READ,0x3781000,16384
2052702,small_user0,0,READ,0x3785000,16384
2052752,small_user1,1,READ,0x10003822000,8192
2052763,small_user0,0,READ,0x3789000,16384
2052778,small_user1,1,WRITE,0x10003824000,4096
2052904,small_user0,0,READ,0x378d000,16384
2052932,small_user1,1,WRITE,0x10003825000,8192
2052956,small_user1,1,WRITE,0x10003827000,16384
2053037,small_user1,1,WRITE,0x1000382b000,8192
2053039,small_user1,1,READ,0x1000382d000,8192
2053048,small_user0,0,WRITE,0x3791000,4096
2053516,small_user1,1,WRITE,0x1000382f000,16384
2053629,small_user1,1,READ,0x10003833000,16384
2053916,large_user0,2,READ,0x200059d0000,131072
2053999,small_user1,1,WRITE,0x10003837000,16384
2054103,small_user0,0,READ,0x3792000,4096
2054153,small_user1,1,READ,0x1000383b000,8192
2054249,small_user1,1,READ,0x1000383d000,16384
2054329,small_user0,0,READ,0x3793000,16384
2054669,large_user0,2,READ,0x200059f0000,262144
2054681,small_user0,0,READ,0x3797000,16384
2054743,small_user0,0,READ,0x379b000,16384
2054786,small_user1,1,WRITE,0x10003841000,4096
2054881,small_user0,0,WRITE,0x379f000,4096
2055146,small_user1,1,READ,0x10003842000,4096
2055199,small_user1,1,READ,0x10003843000,8192
2055280,small_user0,0,READ,0x37a0000,16384
2055333,small_user1,1,READ,0x10003845000,8192
2055454,small_user1,1,READ,0x10003847000,4096
2055531,small_user0,0,WRITE,0x37a4000,16384
2055580,small_user1,1,READ,0x10003848000,16384
2055811,large_user0,2,READ,0x20005a30000,262144
2055866,small_user0,0,READ,0x37a8000,8192
2056122,small_user0,0,WRITE,0x37aa000,4096
2056369,small_user0,0,READ,0x37ab000,16384
2056475,small_user0,0,READ,0x37af000,16384
2056587,small_user1,1,READ,0x1000384c000,8192
2056946,small_user0,0,WRITE,0x37b3000,4096
2056989,small_user1,1,READ,0x1000384e000,8192
2057258,small_user0,0,WRITE,0x37b4000,4096
2057637,small_user0,0,READ,0x37b5000,8192
2057780,small_user1,1,READ,0x10003850000,16384
2057799,small_user0,0,WRITE,0x37b7000,4096
2057810,small_user0,0,READ,0x37b8000,4096
2057873,small_user1,1,READ,0x10003854000,16384
2058052,small_user1,1,READ,0x10003858000,16384
2058157,small_user0,0,READ,0x37b9000,16384
2058293,small_user1,1,READ,0x1000385c000,8192
2058404,small_user1,1,READ,0x1000385e000,8192
2058631,small_user1,1,READ,0x10003860000,8192
2058698,small_user1,1,READ,0x10003862000,4096
2059042,small_user0,0,READ,0x37bd000,4096
2059046,small_user1,1,READ,0x10003863000,16384
2059060,small_user0,0,READ,0x37be000,8192
2059309,small_user1,1,WRITE,0x10003867000,16384
2059386,small_user0,0,WRITE,0x37c0000,16384
2059419,small_user1,1,READ,0x1000386b000,8192
2059620,large_user0,2,READ,0x20005a70000,262144
2059765,small_user1,1,READ,0x1000386d000,4096
2060046,small_user0,0,READ,0x37c4000,8192
2060141,small_user0,0,READ,0x37c6000,8192
2060260,small_user1,1,READ,0x1000386e000,8192
2060262,small_user0,0,READ,0x37c8000,16384
2060407,small_user0,0,READ,0x37cc000,16384
2060444,small_user0,0,WRITE,0x37d0000,4096
2060467,large_user1,3,READ,0x30005cb0000,131072
2060679,small_user1,1,READ,0x10003870000,8192
2060800,large_user0,2,WRITE,0x20005ab0000,262144
2060836,small_user1,1,READ,0x10003872000,8192
2060850,small_user0,0,READ,0x37d1000,4096
2061458,small_user0,0,READ,0x37d2000,16384
2061481,small_user0,0,READ,0x37d6000,16384
2061769,small_user1,1,READ,0x10003874000,4096
2061955,large_user1,3,WRITE,0x30005cd0000,131072
2062019,small_user0,0,READ,0x37da000,16384
2062081,small_user0,0,READ,0x37de000,16384
2062381,large_user1,3,READ,0x30005cf0000,131072
2062402,small_user1,1,READ,0x10003875000,4096
2062642,small_user1,1,READ,0x10003876000,8192
2062932,large_user1,3,WRITE,0x30005d10000,131072
2062973,small_user1,1,READ,0x10003878000,4096
2063053,small_user1,1,READ,0x10003879000,16384
2063213,small_user1,1,READ,0x1000387d000,16384
2063227,small_user0,0,READ,0x37e2000,4096
2063367,small_user0,0,READ,0x37e3000,8192
2063566,small_user0,0,READ,0x37e5000,16384
2063568,small_user1,1,READ,0x10003881000,16384
2063660,small_user1,1,READ,0x10003885000,4096
2063861,small_user0,0,READ,0x37e9000,8192
2063901,small_user0,0,READ,0x37eb000,8192
2063919,small_user1,1,READ,0x10003886000,8192
2064135,small_user1,1,READ,0x10003888000,4096
2064166,small_user0,0,WRITE,0x37ed000,8192
2064194,small_user0,0,READ,0x37ef000,8192
2064224,small_user1,1,WRITE,0x10003889000,4096
2064332,small_user0,0,READ,0x37f1000,8192
2064455,small_user1,1,WRITE,0x1000388a000,4096
2064466,small_user1,1,READ,0x1000388b000,16384
2064568,small_user0,0,READ,0x37f3000,8192
2064597,small_user0,0,READ,0x37f5000,16384
2064788,small_user1,1,READ,0x1000388f000,16384
2064883,small_user0,0,WRITE,0x37f9000,16384
2064893,small_user1,1,READ,0x10003893000,8192
2065000,small_user1,1,READ,0x10003895000,4096
2065113,small_user0,0,READ,0x37fd000,4096
2065148,small_user1,1,READ,0x10003896000,16384
2065223,small_user0,0,READ,0x37fe000,4096
2065467,small_user0,0,READ,0x37ff000,8192
2065524,small_user0,0,READ,0x3801000,8192
2065637,small_user0,0,WRITE,0x3803000,4096
2065678,small_user0,0,WRITE,0x3804000,16384
2065755,small_user1,1,READ,0x1000389a000,4096
2066044,small_user1,1,WRITE,0x1000389b000,4096
2066077,small_user0,0,READ,0x3808000,4096
2066235,small_user0,0,WRITE,0x3809000,4096
2066277,small_user0,0,READ,0x380a000,8192
2066342,small_user0,0,WRITE,0x380c000,16384
2066463,small_user0,0,READ,0x3810000,16384
2066564,small_user1,1,WRITE,0x1000389c000,8192
2066689,large_user1,3,WRITE,0x30005d30000,262144
2066948,small_user0,0,WRITE,0x3814000,8192
2067057,small_user1,1,WRITE,0x1000389e000,16384
2067100,small_user0,0,READ,0x3816000,8192
2067111,small_user1,1,WRITE,0x100038a2000,16384
2067312,small_user0,0,READ,0x3818000,4096
2067348,small_user1,1,WRITE,0x100038a6000,8192
2067365,small_user0,0,READ,0x3819000,8192
2067484,large_user0,2,WRITE,0x20005af0000,65536
2067635,small_user1,1,READ,0x100038a8000,4096
2068085,small_user1,1,READ,0x100038a9000,16384
2068157,small_user0,0,READ,0x381b000,8192
2068232,small_user0,0,READ,0x381d000,4096
2068245,small_user1,1,READ,0x100038ad000,16384
2068253,small_user1,1,READ,0x100038b1000,16384
2068265,small_user1,1,READ,0x100038b5000,8192
2068339,small_user0,0,READ,0x381e000,4096
2068351,large_user1,3,WRITE,0x30005d70000,65536
2068450,small_user0,0,WRITE,0x381f000,16384
2068703,small_user1,1,READ,0x100038b7000,8192
2068723,small_user1,1,WRITE,0x100038b9000,4096
2069034,small_user0,0,READ,0x3823000,4096
2069076,small_user0,0,READ,0x3824000,8192
2069392,small_user1,1,READ,0x100038ba000,16384
2069624,small_user1,1,READ,0x100038be000,8192
2069806,small_user1,1,READ,0x100038c0000,8192
2069808,small_user1,1,WRITE,0x100038c2000,4096
2070057,small_user1,1,READ,0x100038c3000,4096
2070204,small_user1,1,READ,0x100038c4000,16384
2070259,small_user1,1,READ,0x100038c8000,4096
2070450,small_user0,0,READ,0x3826000,8192
2070502,small_user0,0,READ,0x3828000,8192
2070692,large_user0,2,READ,0x20005b00000,131072
2070768,small_user0,0,WRITE,0x382a000,4096
2070798,small_user1,1,READ,0x100038c9000,4096
2070935,large_user1,3,READ,0x30005d80000,131072
2070961,small_user1,1,READ,0x100038ca000,8192
2071033,small_user1,1,WRITE,0x100038cc000,8192
2071206,small_user0,0,READ,0x382b000,8192
2071276,small_user0,0,READ,0x382d000,4096
2071290,small_user0,0,WRITE,0x382e000,4096
2071681,small_user1,1,WRITE,0x100038ce000,8192
2071950,small_user0,0,READ,0x382f000,4096
2072532,small_user1,1,READ,0x100038d0000,8192
2072536,small_user0,0,WRITE,0x3830000,8192
2072752,small_user0,0,READ,0x3832000,16384
2072786,small_user1,1,READ,0x100038d2000,8192
2072869,small_user0,0,READ,0x3836000,16384
2073032,small_user0,0,READ,0x383a000,4096
2073112,small_user0,0,WRITE,0x383b000,4096
2073271,small_user1,1,READ,0x100038d4000,16384
2073348,small_user0,0,READ,0x383c000,8192
2073364,large_user0,2,READ,0x20005b20000,131072
2073482,small_user1,1,READ,0x100038d8000,4096
2073581,small_user0,0,WRITE,0x383e000,4096
2073778,small_user0,0,READ,0x383f000,16384
2073832,small_user0,0,READ,0x3843000,4096
2073926,large_user0,2,READ,0x20005b40000,65536
2073970,small_user1,1,READ,0x100038d9000,8192
2074003,small_user1,1,READ,0x100038db000,8192
2074288,large_user1,3,WRITE,0x30005da0000,262144
2074319,small_user0,0,READ,0x3844000,8192
2074488,small_user1,1,WRITE,0x100038dd000,8192
2074625,small_user1,1,READ,0x100038df000,4096
2074738,small_user0,0,WRITE,0x3846000,16384
2074809,small_user0,0,READ,0x384a000,16384
2074997,small_user1,1,READ,0x100038e0000,4096
2075184,small_user0,0,WRITE,0x384e000,16384
2075340,small_user1,1,READ,0x100038e1000,4096
2075459,small_user1,1,WRITE,0x100038e2000,4096
2075533,small_user1,1,READ,0x100038e3000,4096
2075571,small_user1,1,READ,0x100038e4000,16384
2075614,large_user0,2,WRITE,0x20005b50000,262144
2075618,small_user0,0,WRITE,0x3852000,16384
2075885,large_user0,2,WRITE,0x20005b90000,131072
2075966,small_user0,0,READ,0x3856000,4096
2076059,small_user0,0,READ,0x3857000,4096
2076464,small_user1,1,READ,0x100038e8000,16384
2076500,large_user1,3,WRITE,0x30005de0000,262144
2076583,small_user1,1,WRITE,0x100038ec000,4096
2076686,small_user0,0,READ,0x3858000,4096
2076711,small_user0,0,READ,0x3859000,8192
2076724,small_user0,0,WRITE,0x385b000,4096
2076791,small_user1,1,READ,0x100038ed000,16384
2076878,small_user0,0,WRITE,0x385c000,16384
2077081,small_user1,1,WRITE,0x100038f1000,8192
2077131,small_user1,1,READ,0x100038f3000,8192
2077265,small_user0,0,READ,0x3860000,8192
2077298,small_user0,0,READ,0x3862000,16384
2077576,small_user0,0,READ,0x3866000,4096
2077691,small_user1,1,WRITE,0x100038f5000,4096
2077708,small_user0,0,READ,0x3867000,4096
2077805,small_user1,1,WRITE,0x100038f6000,4096
2077842,small_user1,1,READ,0x100038f7000,16384
2077863,small_user1,1,WRITE,0x100038fb000,16384
2077950,large_user1,3,WRITE,0x30005e20000,65536
2078003,small_user0,0,READ,0x3868000,16384
2078113,small_user0,0,READ,0x386c000,4096
2078125,small_user0,0,READ,0x386d000,4096
2078200,small_user0,0,READ,0x386e000,16384
2078255,small_user1,1,READ,0x100038ff000,8192
2078259,small_user1,1,READ,0x10003901000,4096
2078285,small_user1,1,READ,0x10003902000,16384
2078373,small_user1,1,WRITE,0x10003906000,4096
2078447,large_user0,2,READ,0x20005bb0000,131072
2078602,small_user0,0,WRITE,0x3872000,16384
2078841,small_user0,0,READ,0x3876000,8192
2078887,small_user1,1,WRITE,0x10003907000,8192
2079064,small_user1,1,READ,0x10003909000,8192
2079479,small_user0,0,READ,0x3878000,8192
2079538,small_user1,1,WRITE,0x1000390b000,8192
2079731,small_user1,1,WRITE,0x1000390d000,16384
2079776,small_user0,0,READ,0x387a000,16384
2080082,small_user1,1,WRITE,0x10003911000,8192
2080213,small_user1,1,READ,0x10003913000,8192
2080221,large_user0,2,READ,0x20005bd0000,131072
2080338,small_user0,0,READ,0x387e000,16384
2080367,small_user0,0,WRITE,0x3882000,16384
2080635,small_user1,1,READ,0x10003915000,16384
2080920,small_user0,0,READ,0x3886000,8192
2081176,small_user0,0,READ,0x3888000,8192
2081233,small_user0,0,READ,0x388a000,16384
2081626,small_user0,0,WRITE,0x388e000,4096
2081832,small_user1,1,READ,0x10003919000,16384
2082030,small_user1,1,READ,0x1000391d000,8192
2082038,small_user0,0,WRITE,0x388f000,16384
2082227,small_user0,0,READ,0x3893000,8192
2082352,small_user0,0,WRITE,0x3895000,4096
2082360,small_user1,1,WRITE,0x1000391f000,8192
2082375,small_user1,1,WRITE,0x10003921000,4096
2082445,small_user0,0,READ,0x3896000,8192
2082984,small_user1,1,READ,0x10003922000,8192
2083103,large_user0,2,READ,0x20005bf0000,65536
2083162,small_user1,1,WRITE,0x10003924000,16384
2083524,small_user0,0,READ,0x3898000,4096
2083705,small_user0,0,READ,0x3899000,16384
2083724,small_user1,1,WRITE,0x10003928000,16384
2083781,small_user1,1,WRITE,0x1000392c000,16384
2083792,small_user0,0,READ,0x389d000,4096
2083830,small_user0,0,READ,0x389e000,8192
2083862,large_user0,2,WRITE,0x20005c00000,262144
2084003,small_user1,1,READ,0x10003930000,16384
2084131,small_user1,1,WRITE,0x10003934000,4096
2084136,small_user1,1,READ,0x10003935000,8192
2084255,small_user0,0,READ,0x38a0000,8192
2084406,small_user0,0,READ,0x38a2000,16384
2084683,small_user0,0,WRITE,0x38a6000,8192
2084850,large_user1,3,WRITE,0x30005e30000,65536
2085017,small_user0,0,WRITE,0x38a8000,16384
2085142,small_user0,0,READ,0x38ac000,8192
2085199,small_user0,0,READ,0x38ae000,8192
2085474,small_user1,1,WRITE,0x10003937000,16384
2086025,small_user0,0,WRITE,0x38b0000,8192
2086039,small_user1,1,READ,0x1000393b000,8192
2086116,small_user0,0,READ,0x38b2000,16384
2086214,small_user0,0,WRITE,0x38b6000,16384
2086272,small_user1,1,READ,0x1000393d000,16384
2086360,small_user1,1,READ,0x10003941000,16384
2086466,small_user0,0,READ,0x38ba000,8192
2086594,small_user1,1,READ,0x10003945000,16384
2086627,large_user1,3,READ,0x30005e40000,262144
2086634,small_user0,0,READ,0x38bc000,16384
2086661,small_user1,1,WRITE,0x10003949000,16384
2086673,small_user0,0,WRITE,0x38c0000,16384
2086918,small_user0,0,WRITE,0x38c4000,16384
2086926,small_user1,1,READ,0x1000394d000,4096
2087084,small_user0,0,READ,0x38c8000,16384
2087229,small_user1,1,READ,0x1000394e000,8192
2087290,small_user0,0,READ,0x38cc000,16384
2087565,small_user0,0,READ,0x38d0000,8192
2088157,small_user1,1,WRITE,0x10003950000,16384
2088256,small_user0,0,READ,0x38d2000,4096
2088493,small_user1,1,READ,0x10003954000,16384
2088513,small_user0,0,WRITE,0x38d3000,4096
2088547,large_user0,2,READ,0x20005c40000,262144
2088917,small_user1,1,READ,0x10003958000,16384
2088995,small_user0,0,WRITE,0x38d4000,16384
2089047,small_user0,0,READ,0x38d8000,4096
2089226,small_user1,1,READ,0x1000395c000,4096
2089445,large_user0,2,WRITE,0x20005c80000,131072
2089529,small_user0,0,READ,0x38d9000,4096
2089547,small_user1,1,READ,0x1000395d000,4096
2089839,small_user1,1,READ,0x1000395e000,16384
2089844,small_user0,0,READ,0x38da000,8192
2089867,large_user1,3,READ,0x30005e80000,262144
2090369,small_user0,0,READ,0x38dc000,16384
2090479,small_user0,0,READ,0x38e0000,4096
2090482,small_user1,1,READ,0x10003962000,4096
2090718,small_user1,1,READ,0x10003963000,4096
2091006,small_user1,1,READ,0x10003964000,8192
2091510,small_user0,0,WRITE,0x38e1000,8192
2091781,small_user0,0,WRITE,0x38e3000,4096
2091837,small_user1,1,WRITE,0x10003966000,16384
2091867,small_user1,1,READ,0x1000396a000,4096
2091916,small_user0,0,READ,0x38e4000,8192
2092271,small_user1,1,READ,0x1000396b000,16384
2092353,small_user1,1,READ,0x1000396f000,4096
2092805,small_user1,1,READ,0x10003970000,8192
2092887,small_user1,1,READ,0x10003972000,16384
2092948,small_user0,0,READ,0x38e6000,8192
2093014,small_user1,1,READ,0x10003976000,8192
2093112,small_user0,0,READ,0x38e8000,16384
2093124,small_user1,1,WRITE,0x10003978000,16384
2093192,small_user1,1,READ,0x1000397c000,16384
2093418,small_user0,0,READ,0x38ec000,16384
2093573,small_user0,0,READ,0x38f0000,16384
2093790,small_user0,0,WRITE,0x38f4000,8192
2094019,small_user0,0,READ,0x38f6000,16384
2094042,small_user1,1,READ,0x10003980000,16384
2094181,small_user0,0,WRITE,0x38fa000,8192
2094279,small_user0,0,READ,0x38fc000,4096
2094834,small_user1,1,READ,0x10003984000,16384
2094861,large_user1,3,WRITE,0x30005ec0000,65536
2094989,small_user0,0,READ,0x38fd000,8192
2095032,small_user0,0,WRITE,0x38ff000,8192
2095067,small_user0,0,READ,0x3901000,8192
2095218,large_user1,3,WRITE,0x30005ed0000,65536
2095294,small_user0,0,READ,0x3903000,4096
2095518,small_user0,0,READ,0x3904000,16384
2096100,small_user0,0,WRITE,0x3908000,4096
2096206,small_user0,0,READ,0x3909000,8192
2096336,small_user0,0,READ,0x390b000,4096
2096385,small_user1,1,READ,0x10003988000,4096
2096557,small_user0,0,WRITE,0x390c000,16384
2096823,small_user1,1,READ,0x10003989000,8192
2096928,large_user0,2,WRITE,0x20005ca0000,131072
2097000,large_user1,3,READ,0x30005ee0000,131072
2097066,small_user1,1,WRITE,0x1000398b000,8192
2097102,small_user1,1,WRITE,0x1000398d000,4096
2097210,small_user1,1,READ,0x1000398e000,16384
2097225,small_user1,1,READ,0x10003992000,4096
2097522,large_user1,3,READ,0x30005f00000,131072
2097911,small_user1,1,READ,0x10003993000,4096
2097960,small_user1,1,READ,0x10003994000,16384
2098259,small_user0,0,READ,0x3910000,8192
2098474,small_user1,1,READ,0x10003998000,8192
2098529,small_user1,1,WRITE,0x1000399a000,8192
2098584,small_user0,0,WRITE,0x3912000,4096
2098801,small_user1,1,WRITE,0x1000399c000,8192
2098807,large_user1,3,WRITE,0x30005f20000,131072
2098998,small_user1,1,READ,0x1000399e000,16384
2099039,small_user0,0,READ,0x3913000,4096
2099261,small_user1,1,WRITE,0x100039a2000,16384
2099347,small_user1,1,READ,0x100039a6000,4096
2099379,small_user0,0,READ,0x3914000,16384
2099754,small_user0,0,READ,0x3918000,16384
2099854,small_user1,1,READ,0x100039a7000,4096
2100049,small_user0,0,READ,0x391c000,16384
2100052,small_user0,0,READ,0x3920000,8192
2100097,large_user0,2,READ,0x20005cc0000,262144
2100163,small_user0,0,READ,0x3922000,8192
2100176,small_user0,0,READ,0x3924000,8192
2100395,small_user0,0,READ,0x3926000,4096
2100488,small_user1,1,READ,0x100039a8000,8192
2100768,small_user0,0,WRITE,0x3927000,8192
2100770,large_user1,3,WRITE,0x30005f40000,131072
2100917,small_user0,0,READ,0x3929000,8192
2101338,small_user0,0,READ,0x392b000,8192
2101341,small_user1,1,READ,0x100039aa000,4096
2101389,small_user1,1,READ,0x100039ab000,8192
2101581,small_user1,1,READ,0x100039ad000,4096
2101724,small_user1,1,READ,0x100039ae000,16384
2101792,small_user1,1,READ,0x100039b2000,16384
2102042,small_user1,1,READ,0x100039b6000,8192
2102130,small_user1,1,READ,0x100039b8000,16384
2102393,small_user0,0,WRITE,0x392d000,8192
2102726,small_user1,1,READ,0x100039bc000,8192
2103156,large_user1,3,WRITE,0x30005f60000,65536
2103190,small_user0,0,READ,0x392f000,4096
2103216,small_user1,1,WRITE,0x100039be000,16384
2103278,small_user1,1,READ,0x100039c2000,8192
2103588,small_user1,1,WRITE,0x100039c4000,16384
2103852,small_user0,0,READ,0x3930000,8192
2103876,small_user0,0,WRITE,0x3932000,16384
2104450,small_user1,1,READ,0x100039c8000,4096
2104607,small_user0,0,READ,0x3936000,16384
2104814,small_user0,0,WRITE,0x393a000,16384
2104883,large_user1,3,READ,0x30005f70000,262144
2104994,small_user0,0,READ,0x393e000,16384
2105073,small_user1,1,READ,0x100039c9000,4096
2105075,small_user0,0,READ,0x3942000,4096
2105288,small_user0,0,READ,0x3943000,8192
2105642,small_user0,0,WRITE,0x3945000,16384
2105769,small_user0,0,READ,0x3949000,4096
2105790,small_user0,0,READ,0x394a000,8192
2106759,small_user1,1,READ,0x100039ca000,8192
2107344,large_user0,2,WRITE,0x20005d00000,65536
2107399,small_user1,1,READ,0x100039cc000,8192
2107538,small_user1,1,WRITE,0x100039ce000,8192
2107573,small_user0,0,READ,0x394c000,4096
2107662,small_user0,0,READ,0x394d000,4096
2107775,small_user1,1,READ,0x100039d0000,8192
2107866,large_user1,3,WRITE,0x30005fb0000,65536
2108140,small_user1,1,READ,0x100039d2000,16384
2108275,small_user1,1,READ,0x100039d6000,4096
2108303,small_user1,1,WRITE,0x100039d7000,8192
2108351,small_user0,0,WRITE,0x394e000,8192
2108381,small_user1,1,READ,0x100039d9000,8192
2108827,large_user0,2,READ,0x20005d10000,65536
2108875,large_user0,2,WRITE,0x20005d20000,65536
2108894,small_user1,1,READ,0x100039db000,16384
2108927,small_user0,0,WRITE,0x3950000,16384
2108960,large_user1,3,READ,0x30005fc0000,131072
2109046,small_user0,0,WRITE,0x3954000,4096
2109090,small_user1,1,WRITE,0x100039df000,16384
2109222,small_user0,0,READ,0x3955000,4096
2109506,small_user1,1,READ,0x100039e3000,4096
2109507,large_user1,3,READ,0x30005fe0000,131072
2109900,small_user0,0,READ,0x3956000,4096
2109939,small_user1,1,READ,0x100039e4000,8192
2110179,small_user1,1,READ,0x100039e6000,4096
2110549,small_user0,0,READ,0x3957000,4096
2110680,small_user1,1,READ,0x100039e7000,8192
2110681,small_user1,1,WRITE,0x100039e9000,16384
2110822,small_user0,0,READ,0x3958000,4096
2111757,small_user0,0,READ,0x3959000,16384
2111795,small_user0,0,READ,0x395d000,8192
2111845,small_user0,0,READ,0x395f000,16384
2111924,small_user0,0,READ,0x3963000,4096
2111953,small_user0,0,READ,0x3964000,16384
2112598,small_user1,1,READ,0x100039ed000,16384
2112717,large_user1,3,WRITE,0x30006000000,131072
2112773,small_user0,0,WRITE,0x3968000,16384
2112823,small_user0,0,READ,0x396c000,4096
2112917,small_user0,0,READ,0x396d000,4096
2112928,small_user1,1,READ,0x100039f1000,4096
2113092,small_user1,1,READ,0x100039f2000,16384
2113276,small_user0,0,READ,0x396e000,8192
2113359,small_user1,1,WRITE,0x100039f6000,16384
2113558,small_user0,0,READ,0x3970000,4096
2113604,small_user1,1,READ,0x100039fa000,4096
2113659,small_user1,1,READ,0x100039fb000,8192
2113943,small_user1,1,WRITE,0x100039fd000,16384
2114232,small_user1,1,READ,0x10003a01000,16384
2114327,small_user1,1,WRITE,0x10003a05000,16384
2114327,small_user1,1,READ,0x10003a09000,16384
2114737,small_user1,1,READ,0x10003a0d000,8192
2114881,small_user1,1,READ,0x10003a0f000,4096
2114939,small_user1,1,READ,0x10003a10000,8192
2115008,small_user1,1,WRITE,0x10003a12000,16384
2115154,small_user0,0,WRITE,0x3971000,8192
2115253,small_user1,1,READ,0x10003a16000,8192
2115483,small_user0,0,READ,0x3973000,8192
2115655,small_user1,1,READ,0x10003a18000,16384
2115956,small_user0,0,READ,0x3975000,16384
2116140,large_user0,2,READ,0x20005d30000,262144
2116399,small_user0,0,READ,0x3979000,16384
2116672,small_user1,1,READ,0x10003a1c000,8192
2116825,small_user0,0,READ,0x397d000,8192
2117078,small_user0,0,READ,0x397f000,16384
2117280,small_user0,0,WRITE,0x3983000,16384
2117304,small_user0,0,WRITE,0x3987000,4096
2117393,small_user1,1,WRITE,0x10003a1e000,16384
2117493,small_user0,0,READ,0x3988000,8192
2117542,small_user1,1,READ,0x10003a22000,8192
2117702,small_user0,0,READ,0x398a000,4096
2117881,small_user0,0,READ,0x398b000,16384
2118051,small_user1,1,READ,0x10003a24000,8192
2118273,small_user1,1,READ,0x10003a26000,8192
2118347,small_user0,0,READ,0x398f000,8192
2118906,small_user1,1,READ,0x10003a28000,16384
2118912,small_user1,1,READ,0x10003a2c000,16384
2119028,small_user1,1,READ,0x10003a30000,8192
2119062,small_user1,1,READ,0x10003a32000,8192
2119207,small_user0,0,WRITE,0x3991000,16384
2119377,small_user1,1,READ,0x10003a34000,16384
2119822,small_user1,1,READ,0x10003a38000,16384
2119834,small_user1,1,WRITE,0x10003a3c000,4096
2119856,small_user0,0,READ,0x3995000,4096
2119865,small_user1,1,READ,0x10003a3d000,16384
2119910,small_user0,0,READ,0x3996000,8192
2120003,small_user0,0,READ,0x3998000,4096
2120295,small_user1,1,READ,0x10003a41000,4096
2120299,small_user0,0,WRITE,0x3999000,4096
2120333,small_user1,1,READ,0x10003a42000,16384
2120366,small_user0,0,READ,0x399a000,16384
2120645,small_user1,1,WRITE,0x10003a46000,8192
2120710,small_user0,0,READ,0x399e000,16384
2120714,small_user1,1,READ,0x10003a48000,8192
2120759,small_user1,1,WRITE,0x10003a4a000,8192
2120829,small_user0,0,WRITE,0x39a2000,16384
2121196,small_user1,1,READ,0x10003a4c000,8192
2121285,small_user0,0,READ,0x39a6000,4096
2121352,small_user0,0,READ,0x39a7000,4096
2121577,small_user1,1,READ,0x10003a4e000,8192
2121703,small_user1,1,READ,0x10003a50000,16384
2121744,small_user0,0,WRITE,0x39a8000,16384
2121923,large_user1,3,WRITE,0x30006020000,65536
2122017,small_user1,1,READ,0x10003a54000,4096
2122246,small_user1,1,WRITE,0x10003a55000,8192
2122506,small_user0,0,READ,0x39ac000,16384
2122731,small_user0,0,READ,0x39b0000,4096
2122764,small_user0,0,READ,0x39b1000,8192
2123186,small_user0,0,WRITE,0x39b3000,4096
2123238,small_user1,1,READ,0x10003a57000,8192
2123346,small_user0,0,READ,0x39b4000,4096
2123398,large_user0,2,WRITE,0x20005d70000,262144
2123420,small_user0,0,READ,0x39b5000,16384
2123455,small_user0,0,WRITE,0x39b9000,8192
2123957,small_user0,0,WRITE,0x39bb000,4096
2124376,small_user1,1,READ,0x10003a59000,4096
2124463,small_user0,0,WRITE,0x39bc000,4096
2124494,small_user1,1,READ,0x10003a5a000,4096
2124620,small_user0,0,READ,0x39bd000,4096
2124634,small_user0,0,READ,0x39be000,8192
2124734,small_user0,0,READ,0x39c0000,4096
2124816,small_user1,1,READ,0x10003a5b000,8192
2124962,small_user0,0,WRITE,0x39c1000,8192
2125083,small_user1,1,READ,0x10003a5d000,4096
2125398,small_user1,1,WRITE,0x10003a5e000,4096
2125852,small_user1,1,READ,0x10003a5f000,4096
2125880,small_user0,0,WRITE,0x39c3000,4096
2125930,small_user0,0,READ,0x39c4000,16384
2125992,small_user0,0,READ,0x39c8000,4096
2126021,large_user0,2,READ,0x20005db0000,262144
2126260,large_user0,2,READ,0x20005df0000,262144
2126552,small_user1,1,READ,0x10003a60000,8192
2126774,small_user0,0,READ,0x39c9000,4096
2127082,small_user1,1,READ,0x10003a62000,16384
2127095,small_user1,1,WRITE,0x10003a66000,4096
2127180,small_user0,0,WRITE,0x39ca000,4096
2127240,small_user1,1,READ,0x10003a67000,4096
2127267,small_user1,1,READ,0x10003a68000,4096
2127300,small_user1,1,READ,0x10003a69000,16384
2127782,small_user1,1,READ,0x10003a6d000,16384
2127801,small_user0,0,WRITE,0x39cb000,4096
2128112,small_user1,1,READ,0x10003a71000,16384
2128282,small_user0,0,READ,0x39cc000,16384
2128393,small_user1,1,WRITE,0x10003a75000,8192
2128859,small_user1,1,READ,0x10003a77000,8192
2128985,small_user1,1,READ,0x10003a79000,16384
2129156,small_user1,1,READ,0x10003a7d000,16384
2129195,small_user1,1,WRITE,0x10003a81000,4096
2129348,small_user0,0,READ,0x39d0000,4096
2129364,small_user0,0,READ,0x39d1000,8192
2129485,small_user1,1,READ,0x10003a82000,4096
2129560,small_user1,1,WRITE,0x10003a83000,4096
2129789,small_user0,0,WRITE,0x39d3000,16384
2129800,large_user0,2,READ,0x20005e30000,131072
2129809,small_user0,0,READ,0x39d7000,8192
2129912,small_user0,0,READ,0x39d9000,16384
2129918,small_user1,1,READ,0x10003a84000,16384
2129927,small_user0,0,READ,0x39dd000,16384
2130104,small_user1,1,WRITE,0x10003a88000,16384
2130446,small_user0,0,WRITE,0x39e1000,16384
2130666,small_user1,1,WRITE,0x10003a8c000,4096
2130870,small_user1,1,READ,0x10003a8d000,8192
2130990,small_user1,1,WRITE,0x10003a8f000,16384
2131002,small_user1,1,READ,0x10003a93000,8192
2131115,small_user0,0,WRITE,0x39e5000,8192
2131133,small_user0,0,WRITE,0x39e7000,16384
2131467,small_user0,0,READ,0x39eb000,4096
2131788,small_user1,1,READ,0x10003a95000,4096
2131807,small_user0,0,READ,0x39ec000,8192
2131839,small_user1,1,WRITE,0x10003a96000,16384
2132162,small_user1,1,WRITE,0x10003a9a000,16384
2132306,small_user1,1,READ,0x10003a9e000,4096
2132341,small_user0,0,READ,0x39ee000,4096
2132471,small_user1,1,READ,0x10003a9f000,8192
2132578,small_user1,1,WRITE,0x10003aa1000,8192
2132590,small_user1,1,READ,0x10003aa3000,4096
2133150,small_user0,0,WRITE,0x39ef000,16384
2133321,small_user0,0,WRITE,0x39f3000,8192
2133612,small_user0,0,READ,0x39f5000,16384
2133625,small_user0,0,READ,0x39f9000,4096
2133715,large_user0,2,READ,0x20005e50000,262144
2133818,small_user0,0,READ,0x39fa000,16384
2133893,large_user0,2,WRITE,0x20005e90000,65536
2134048,small_user1,1,WRITE,0x10003aa4000,4096
2134432,small_user0,0,READ,0x39fe000,4096
2134504,small_user1,1,READ,0x10003aa5000,8192
2134562,small_user1,1,READ,0x10003aa7000,4096
2134832,large_user0,2,READ,0x20005ea0000,262144
2135100,small_user0,0,READ,0x39ff000,16384
2135581,small_user0,0,WRITE,0x3a03000,4096
2135716,small_user1,1,READ,0x10003aa8000,16384
2135861,small_user0,0,READ,0x3a04000,4096
2135982,small_user0,0,READ,0x3a05000,8192
2136646,small_user0,0,READ,0x3a07000,4096
2136676,small_user0,0,WRITE,0x3a08000,8192
2136958,small_user0,0,READ,0x3a0a000,4096
2137016,small_user1,1,WRITE,0x10003aac000,4096
2137019,small_user0,0,READ,0x3a0b000,4096
2137325,small_user0,0,WRITE,0x3a0c000,16384
2137336,small_user1,1,READ,0x10003aad000,4096
2137727,small_user0,0,READ,0x3a10000,8192
2137909,small_user1,1,READ,0x10003aae000,16384
2137937,small_user1,1,READ,0x10003ab2000,8192
2138073,small_user0,0,WRITE,0x3a12000,16384
2138105,small_user0,0,READ,0x3a16000,16384
2138234,small_user0,0,READ,0x3a1a000,8192
2138361,small_user1,1,READ,0x10003ab4000,4096
2138560,small_user0,0,READ,0x3a1c000,16384
2138654,large_user1,3,READ,0x30006030000,65536
2138783,small_user1,1,WRITE,0x10003ab5000,8192
2138854,small_user0,0,WRITE,0x3a20000,16384
2138915,small_user1,1,READ,0x10003ab7000,8192
2138932,small_user0,0,READ,0x3a24000,8192
2139121,small_user0,0,READ,0x3a26000,8192
2139295,small_user0,0,READ,0x3a28000,16384
2139665,small_user0,0,WRITE,0x3a2c000,16384
2139668,small_user0,0,READ,0x3a30000,4096
2139672,small_user1,1,READ,0x10003ab9000,8192
2139895,small_user0,0,READ,0x3a31000,8192
2139982,small_user0,0,READ,0x3a33000,8192
2140376,small_user0,0,READ,0x3a35000,4096
2140461,small_user1,1,READ,0x10003abb000,8192
2141027,small_user0,0,READ,0x3a36000,4096
2141089,small_user1,1,READ,0x10003abd000,8192
2141154,small_user0,0,READ,0x3a37000,4096
2141219,small_user1,1,READ,0x10003abf000,16384
2141239,small_user0,0,READ,0x3a38000,8192
2141311,small_user0,0,READ,0x3a3a000,4096
2141358,small_user1,1,READ,0x10003ac3000,8192
2141371,small_user0,0,READ,0x3a3b000,16384
2141377,small_user0,0,WRITE,0x3a3f000,8192
2141712,small_user1,1,READ,0x10003ac5000,16384
2141742,small_user0,0,READ,0x3a41000,4096
2141751,small_user0,0,READ,0x3a42000,16384
2142110,small_user0,0,WRITE,0x3a46000,8192
2142163,small_user1,1,READ,0x10003ac9000,8192
2142205,small_user1,1,WRITE,0x10003acb000,8192
2142214,small_user1,1,READ,0x10003acd000,8192
2142467,small_user0,0,READ,0x3a48000,8192
2142676,small_user1,1,READ,0x10003acf000,8192
2142699,small_user0,0,READ,0x3a4a000,8192
2142754,small_user1,1,READ,0x10003ad1000,8192
2142823,small_user1,1,WRITE,0x10003ad3000,16384
2142837,small_user0,0,READ,0x3a4c000,16384
2142943,small_user0,0,READ,0x3a50000,16384
2143032,small_user1,1,WRITE,0x10003ad7000,4096
2143061,small_user1,1,READ,0x10003ad8000,16384
2143507,small_user1,1,WRITE,0x10003adc000,4096
2143691,small_user1,1,WRITE,0x10003add000,16384
2143805,small_user0,0,WRITE,0x3a54000,4096
2144130,small_user1,1,READ,0x10003ae1000,16384
2144234,small_user1,1,READ,0x10003ae5000,16384
2144456,small_user0,0,WRITE,0x3a55000,8192
2144465,small_user1,1,WRITE,0x10003ae9000,8192
2144471,large_user1,3,WRITE,0x30006040000,262144
2144529,small_user1,1,READ,0x10003aeb000,4096
2144702,small_user1,1,READ,0x10003aec000,16384
2144848,large_user0,2,WRITE,0x20005ee0000,131072
2144856,large_user1,3,WRITE,0x30006080000,65536
2145086,small_user1,1,READ,0x10003af0000,4096
2145364,small_user0,0,READ,0x3a57000,16384
2145873,small_user0,0,READ,0x3a5b000,16384
2146100,small_user1,1,WRITE,0x10003af1000,4096
2146239,small_user0,0,WRITE,0x3a5f000,8192
2146308,small_user1,1,READ,0x10003af2000,8192
2146423,large_user0,2,WRITE,0x20005f00000,262144
2146550,small_user0,0,READ,0x3a61000,4096
2146594,small_user1,1,READ,0x10003af4000,8192
2147224,large_user1,3,WRITE,0x30006090000,262144
2147265,small_user1,1,READ,0x10003af6000,8192
2147756,small_user0,0,READ,0x3a62000,16384
2147868,small_user0,0,READ,0x3a66000,4096
2147901,small_user0,0,READ,0x3a67000,4096
2148020,small_user0,0,WRITE,0x3a68000,16384
2148194,small_user1,1,WRITE,0x10003af8000,4096
2148293,small_user0,0,READ,0x3a6c000,8192
2148516,small_user1,1,READ,0x10003af9000,16384
2148652,small_user1,1,WRITE,0x10003afd000,8192
2148749,small_user1,1,READ,0x10003aff000,8192
2148753,small_user1,1,READ,0x10003b01000,4096
2148826,small_user1,1,READ,0x10003b02000,8192
2148833,small_user0,0,READ,0x3a6e000,16384
2149010,small_user1,1,READ,0x10003b04000,4096
2149163,small_user1,1,READ,0x10003b05000,16384
2149225,small_user0,0,WRITE,0x3a72000,4096
2149226,small_user1,1,READ,0x10003b09000,4096
2149237,large_user0,2,READ,0x20005f40000,131072
2149368,small_user0,0,WRITE,0x3a73000,4096
2149636,small_user1,1,WRITE,0x10003b0a000,4096
2149814,large_user1,3,WRITE,0x300060d0000,65536
2150039,small_user0,0,READ,0x3a74000,8192
2150202,small_user0,0,WRITE,0x3a76000,8192
2150713,small_user0,0,READ,0x3a78000,8192
2150864,small_user0,0,READ,0x3a7a000,16384
2150888,small_user0,0,READ,0x3a7e000,8192
2151076,small_user1,1,READ,0x10003b0b000,16384
2151545,small_user1,1,WRITE,0x10003b0f000,16384
2151935,small_user1,1,READ,0x10003b13000,4096
2152131,small_user1,1,WRITE,0x10003b14000,8192
2152164,small_user0,0,WRITE,0x3a80000,4096
2152626,small_user0,0,READ,0x3a81000,16384
2152685,small_user1,1,READ,0x10003b16000,16384
2152869,small_user0,0,READ,0x3a85000,8192
2153012,small_user1,1,READ,0x10003b1a000,16384
2153216,small_user1,1,READ,0x10003b1e000,16384
2153763,small_user1,1,WRITE,0x10003b22000,4096
2153893,small_user1,1,WRITE,0x10003b23000,8192
2153941,small_user0,0,READ,0x3a87000,16384
2154240,small_user1,1,READ,0x10003b25000,16384
2154311,large_user1,3,READ,0x300060e0000,65536
2154468,small_user0,0,READ,0x3a8b000,16384
2154593,small_user0,0,READ,0x3a8f000,4096
2154598,small_user1,1,WRITE,0x10003b29000,8192
2154609,small_user0,0,READ,0x3a90000,16384
2154648,small_user1,1,WRITE,0x10003b2b000,4096
2155161,small_user1,1,READ,0x10003b2c000,4096
2155164,small_user0,0,READ,0x3a94000,16384
2155459,small_user1,1,WRITE,0x10003b2d000,8192
2155753,small_user0,0,READ,0x3a98000,4096
2155860,small_user1,1,READ,0x10003b2f000,8192
2155880,small_user0,0,READ,0x3a99000,16384
2155988,small_user0,0,READ,0x3a9d000,4096
2156221,small_user1,1,READ,0x10003b31000,4096
2156320,small_user0,0,READ,0x3a9e000,8192
2156330,small_user1,1,READ,0x10003b32000,4096
2156393,small_user1,1,WRITE,0x10003b33000,8192
2156526,small_user0,0,READ,0x3aa0000,16384
2156663,small_user0,0,READ,0x3aa4000,16384
2156849,small_user1,1,READ,0x10003b35000,4096
2156886,small_user1,1,READ,0x10003b36000,4096
2157035,small_user0,0,READ,0x3aa8000,8192
2157067,small_user0,0,READ,0x3aaa000,8192
2157256,small_user1,1,READ,0x10003b37000,4096
2157288,small_user1,1,READ,0x10003b38000,4096
2157393,small_user1,1,WRITE,0x10003b39000,16384
2157434,small_user0,0,READ,0x3aac000,16384
2157563,small_user1,1,READ,0x10003b3d000,16384
2157666,small_user0,0,WRITE,0x3ab0000,8192
2158021,small_user0,0,READ,0x3ab2000,4096
2158072,large_user1,3,WRITE,0x300060f0000,65536
2158223,small_user1,1,WRITE,0x10003b41000,16384
2158234,large_user1,3,WRITE,0x30006100000,65536
2158258,small_user0,0,READ,0x3ab3000,8192
2158752,small_user0,0,WRITE,0x3ab5000,16384
2158900,small_user0,0,READ,0x3ab9000,8192
2159369,small_user1,1,READ,0x10003b45000,8192
2159707,small_user1,1,READ,0x10003b47000,4096
2159839,small_user0,0,WRITE,0x3abb000,4096
2159901,small_user1,1,READ,0x10003b48000,8192
2160082,small_user1,1,READ,0x10003b4a000,4096
2160130,small_user0,0,WRITE,0x3abc000,16384
2160623,small_user1,1,READ,0x10003b4b000,8192
2160699,small_user1,1,READ,0x10003b4d000,16384
2160861,small_user1,1,READ,0x10003b51000,8192
2160986,small_user0,0,WRITE,0x3ac0000,8192
2161354,small_user1,1,READ,0x10003b53000,8192
2161538,small_user1,1,WRITE,0x10003b55000,4096
2161604,small_user0,0,WRITE,0x3ac2000,8192
2161631,small_user1,1,WRITE,0x10003b56000,8192
2161656,small_user0,0,READ,0x3ac4000,16384
2162209,small_user0,0,WRITE,0x3ac8000,8192
2162278,small_user0,0,READ,0x3aca000,16384
2162290,small_user1,1,READ,0x10003b58000,4096
2162723,small_user0,0,READ,0x3ace000,8192
2162784,small_user1,1,READ,0x10003b59000,16384
2162965,small_user1,1,READ,0x10003b5d000,16384
2163052,small_user1,1,READ,0x10003b61000,8192
2163127,small_user1,1,WRITE,0x10003b63000,8192
2163400,small_user1,1,WRITE,0x10003b65000,16384
2163592,small_user1,1,READ,0x10003b69000,4096
2163890,small_user0,0,READ,0x3ad0000,8192
2164068,large_user0,2,READ,0x20005f60000,131072
2164107,small_user1,1,READ,0x10003b6a000,16384
2164147,small_user1,1,READ,0x10003b6e000,8192
2164348,small_user1,1,READ,0x10003b70000,8192
2164722,small_user0,0,WRITE,0x3ad2000,8192
2164737,small_user1,1,READ,0x10003b72000,16384
2164806,small_user0,0,READ,0x3ad4000,8192
2164936,small_user0,0,READ,0x3ad6000,16384
2165041,small_user1,1,READ,0x10003b76000,4096
2165164,small_user1,1,WRITE,0x10003b77000,4096
2165615,small_user0,0,READ,0x3ada000,16384
2165711,small_user0,0,READ,0x3ade000,8192
2165895,small_user0,0,WRITE,0x3ae0000,8192
2166156,small_user1,1,READ,0x10003b78000,4096
2166382,small_user0,0,READ,0x3ae2000,4096
2166434,small_user1,1,READ,0x10003b79000,4096
2166613,small_user1,1,READ,0x10003b7a000,8192
2166767,small_user0,0,WRITE,0x3ae3000,4096
2167048,small_user0,0,WRITE,0x3ae4000,8192
2167080,small_user1,1,READ,0x10003b7c000,8192
2167184,small_user1,1,READ,0x10003b7e000,16384
2167225,large_user0,2,WRITE,0x20005f80000,262144
2167245,small_user1,1,READ,0x10003b82000,4096
2167354,small_user1,1,READ,0x10003b83000,4096
2167716,small_user0,0,READ,0x3ae6000,4096
2167779,small_user0,0,WRITE,0x3ae7000,16384
2167888,small_user0,0,WRITE,0x3aeb000,16384
2168105,small_user1,1,READ,0x10003b84000,16384
2168128,large_user1,3,READ,0x30006110000,65536
2168537,small_user1,1,WRITE,0x10003b88000,8192
2168617,small_user1,1,READ,0x10003b8a000,16384
2168741,small_user0,0,WRITE,0x3aef000,16384
2168767,large_user0,2,WRITE,0x20005fc0000,262144
2169070,small_user1,1,WRITE,0x10003b8e000,16384
2169126,small_user1,1,READ,0x10003b92000,8192
2169153,small_user1,1,READ,0x10003b94000,4096
2169330,small_user1,1,READ,0x10003b95000,4096
2169621,large_user1,3,WRITE,0x30006120000,262144
2169828,small_user1,1,READ,0x10003b96000,8192
2169845,small_user1,1,READ,0x10003b98000,4096
2169907,small_user0,0,READ,0x3af3000,16384
2170009,small_user0,0,WRITE,0x3af7000,4096
2170060,small_user1,1,WRITE,0x10003b99000,4096
2170527,small_user1,1,WRITE,0x10003b9a000,16384
2170532,small_user1,1,READ,0x10003b9e000,8192
2170677,small_user0,0,READ,0x3af8000,4096
2170682,small_user0,0,WRITE,0x3af9000,8192
2170748,small_user1,1,WRITE,0x10003ba0000,4096
2170912,small_user0,0,READ,0x3afb000,8192
2170914,small_user1,1,READ,0x10003ba1000,4096
2171302,small_user1,1,READ,0x10003ba2000,16384
2171988,large_user0,2,READ,0x20006000000,262144
2172039,small_user1,1,READ,0x10003ba6000,4096
2172216,small_user1,1,READ,0x10003ba7000,4096
2172364,small_user0,0,WRITE,0x3afd000,4096
2172602,small_user1,1,READ,0x10003ba8000,4096
2172646,small_user1,1,WRITE,0x10003ba9000,8192
2172755,small_user0,0,READ,0x3afe000,4096
2173133,small_user0,0,READ,0x3aff000,8192
2173162,small_user1,1,READ,0x10003bab000,8192
2173275,small_user0,0,READ,0x3b01000,8192
2173477,small_user0,0,READ,0x3b03000,4096
2173566,small_user1,1,READ,0x10003bad000,4096
2173588,small_user0,0,READ,0x3b04000,8192
2173683,small_user0,0,READ,0x3b06000,16384
2173720,small_user0,0,READ,0x3b0a000,8192
2174097,small_user1,1,WRITE,0x10003bae000,4096
2174111,small_user1,1,WRITE,0x10003baf000,4096
2174216,small_user0,0,READ,0x3b0c000,4096
2174224,small_user0,0,READ,0x3b0d000,8192
2174253,small_user1,1,READ,0x10003bb0000,16384
2174328,small_user1,1,READ,0x10003bb4000,4096
2174431,small_user1,1,READ,0x10003bb5000,4096
2174509,small_user1,1,READ,0x10003bb6000,4096
2174513,small_user0,0,READ,0x3b0f000,4096
2174635,small_user0,0,READ,0x3b10000,16384
2174732,small_user0,0,READ,0x3b14000,8192
2174862,large_user1,3,WRITE,0x30006160000,131072
2174939,small_user0,0,READ,0x3b16000,4096
2175390,small_user0,0,WRITE,0x3b17000,8192
2175458,small_user1,1,WRITE,0x10003bb7000,4096
2175638,large_user1,3,WRITE,0x30006180000,65536
2175741,small_user0,0,READ,0x3b19000,8192
2175838,small_user1,1,READ,0x10003bb8000,16384
2175856,small_user1,1,READ,0x10003bbc000,4096
2175908,large_user1,3,READ,0x30006190000,65536
2176072,small_user0,0,WRITE,0x3b1b000,8192
2176223,large_user1,3,WRITE,0x300061a0000,262144
2176229,small_user1,1,READ,0x10003bbd000,8192
2176352,small_user1,1,WRITE,0x10003bbf000,8192
2176417,small_user1,1,WRITE,0x10003bc1000,4096
2176457,small_user1,1,WRITE,0x10003bc2000,4096
2176650,large_user0,2,WRITE,0x20006040000,131072
2176786,small_user0,0,READ,0x3b1d000,16384
2176848,small_user1,1,WRITE,0x10003bc3000,16384
2176861,small_user0,0,READ,0x3b21000,8192
2176864,small_user1,1,READ,0x10003bc7000,8192
2176959,small_user0,0,READ,0x3b23000,4096
2177146,small_user0,0,READ,0x3b24000,4096
2177241,small_user1,1,WRITE,0x10003bc9000,8192
2177348,small_user1,1,READ,0x10003bcb000,16384
2177388,small_user1,1,WRITE,0x10003bcf000,16384
2177577,small_user0,0,WRITE,0x3b25000,8192
2177779,small_user1,1,READ,0x10003bd3000,16384
2177950,small_user0,0,READ,0x3b27000,8192
2178046,small_user0,0,READ,0x3b29000,8192
2178248,small_user0,0,WRITE,0x3b2b000,4096
2178286,small_user0,0,WRITE,0x3b2c000,8192
2178302,small_user0,0,READ,0x3b2e000,16384
2178655,small_user1,1,READ,0x10003bd7000,8192
2178704,small_user0,0,READ,0x3b32000,8192
2178721,small_user0,0,WRITE,0x3b34000,4096
2178965,small_user0,0,READ,0x3b35000,8192
2179182,small_user0,0,READ,0x3b37000,8192
2179186,large_user1,3,WRITE,0x300061e0000,262144
2179870,small_user1,1,READ,0x10003bd9000,4096
2180060,small_user0,0,READ,0x3b39000,16384
2180146,small_user0,0,READ,0x3b3d000,4096
2180322,small_user1,1,READ,0x10003bda000,8192
2180805,large_user1,3,WRITE,0x30006220000,65536
2180916,small_user1,1,WRITE,0x10003bdc000,8192
2180923,large_user1,3,WRITE,0x30006230000,131072
2180951,small_user1,1,READ,0x10003bde000,16384
2181107,small_user0,0,READ,0x3b3e000,4096
2181144,small_user0,0,READ,0x3b3f000,16384
2181169,small_user0,0,WRITE,0x3b43000,16384
2181330,small_user0,0,WRITE,0x3b47000,16384
2181340,small_user0,0,WRITE,0x3b4b000,8192
2181364,small_user1,1,WRITE,0x10003be2000,4096
2181642,large_user0,2,READ,0x20006060000,262144
2181656,large_user1,3,READ,0x30006250000,65536
2181832,small_user0,0,WRITE,0x3b4d000,16384
2181887,small_user1,1,READ,0x10003be3000,16384
2181893,small_user0,0,READ,0x3b51000,4096
2181988,large_user0,2,READ,0x200060a0000,65536
2182285,small_user1,1,READ,0x10003be7000,4096
2182290,small_user1,1,READ,0x10003be8000,8192
2182360,small_user1,1,WRITE,0x10003bea000,4096
2182361,small_user1,1,READ,0x10003beb000,16384
2182873,small_user0,0,WRITE,0x3b52000,16384
2183077,small_user1,1,READ,0x10003bef000,16384
2183221,small_user0,0,WRITE,0x3b56000,16384
2183382,small_user0,0,READ,0x3b5a000,16384
2183629,small_user1,1,READ,0x10003bf3000,8192
2183644,small_user0,0,WRITE,0x3b5e000,4096
2183934,small_user0,0,READ,0x3b5f000,8192
2183985,small_user1,1,WRITE,0x10003bf5000,16384
2184278,small_user0,0,READ,0x3b61000,8192
2184348,small_user1,1,READ,0x10003bf9000,16384
2184520,small_user0,0,WRITE,0x3b63000,16384
2184626,small_user0,0,READ,0x3b67000,16384
2184972,small_user1,1,READ,0x10003bfd000,8192
2185231,small_user0,0,READ,0x3b6b000,16384
2185290,small_user0,0,READ,0x3b6f000,4096
2185350,small_user1,1,WRITE,0x10003bff000,16384
2185540,large_user1,3,WRITE,0x30006260000,65536
2185752,small_user1,1,READ,0x10003c03000,8192
2185864,small_user0,0,READ,0x3b70000,8192
2185935,small_user0,0,WRITE,0x3b72000,4096
2186126,small_user1,1,READ,0x10003c05000,8192
2186146,small_user1,1,READ,0x10003c07000,4096
2186153,small_user1,1,READ,0x10003c08000,4096
2186181,small_user0,0,READ,0x3b73000,8192
2186270,small_user0,0,READ,0x3b75000,4096
2186402,small_user0,0,READ,0x3b76000,8192
2186789,small_user0,0,READ,0x3b78000,4096
2186811,small_user0,0,READ,0x3b79000,8192
2186995,small_user1,1,READ,0x10003c09000,8192
2187037,small_user0,0,READ,0x3b7b000,16384
2187073,small_user1,1,WRITE,0x10003c0b000,8192
2187349,small_user1,1,READ,0x10003c0d000,4096
2187421,small_user0,0,READ,0x3b7f000,4096
2187656,small_user0,0,READ,0x3b80000,8192
2187736,small_user0,0,READ,0x3b82000,8192
2187813,small_user1,1,READ,0x10003c0e000,16384
2188095,small_user0,0,READ,0x3b84000,16384
2189236,small_user0,0,READ,0x3b88000,16384
2189254,small_user0,0,WRITE,0x3b8c000,8192
2189294,small_user1,1,READ,0x10003c12000,16384
2189329,small_user1,1,READ,0x10003c16000,4096
2189396,small_user0,0,WRITE,0x3b8e000,4096
2189687,small_user0,0,READ,0x3b8f000,8192
2190646,small_user0,0,READ,0x3b91000,16384
2190764,small_user1,1,READ,0x10003c17000,8192
2190860,small_user1,1,WRITE,0x10003c19000,4096
2190883,small_user1,1,READ,0x10003c1a000,16384
2191388,small_user1,1,WRITE,0x10003c1e000,4096
2191417,small_user1,1,READ,0x10003c1f000,4096
2191455,large_user1,3,WRITE,0x30006270000,131072
2191643,small_user1,1,WRITE,0x10003c20000,8192
2191672,small_user1,1,READ,0x10003c22000,16384
2191688,small_user0,0,WRITE,0x3b95000,16384
2191767,small_user1,1,READ,0x10003c26000,4096
2191934,small_user1,1,READ,0x10003c27000,4096
2191977,small_user0,0,READ,0x3b99000,16384
2192007,small_user1,1,READ,0x10003c28000,8192
2192106,small_user1,1,READ,0x10003c2a000,8192
2192120,small_user0,0,READ,0x3b9d000,4096
2192416,large_user0,2,WRITE,0x200060b0000,262144
2192655,small_user0,0,READ,0x3b9e000,16384
2192756,small_user0,0,WRITE,0x3ba2000,8192
2192901,small_user0,0,READ,0x3ba4000,16384
2193019,small_user0,0,READ,0x3ba8000,4096
2193284,small_user1,1,WRITE,0x10003c2c000,8192
2193389,small_user0,0,READ,0x3ba9000,16384
2193471,large_user1,3,WRITE,0x30006290000,131072
2193933,small_user1,1,WRITE,0x10003c2e000,8192
2194119,small_user1,1,READ,0x10003c30000,4096
2194186,small_user1,1,READ,0x10003c31000,4096
2194290,small_user0,0,READ,0x3bad000,4096
2194349,small_user0,0,WRITE,0x3bae000,4096
2194372,small_user1,1,WRITE,0x10003c32000,4096
2194538,small_user0,0,WRITE,0x3baf000,16384
2194620,small_user0,0,READ,0x3bb3000,8192
2194736,small_user1,1,READ,0x10003c33000,16384
2194903,large_user0,2,READ,0x200060f0000,262144
2195187,small_user0,0,WRITE,0x3bb5000,16384
2195204,small_user1,1,WRITE,0x10003c37000,16384
2195378,small_user1,1,WRITE,0x10003c3b000,16384
2195645,small_user0,0,READ,0x3bb9000,8192
2195716,small_user0,0,WRITE,0x3bbb000,8192
2195778,small_user0,0,WRITE,0x3bbd000,8192
2195790,small_user0,0,READ,0x3bbf000,4096
2195857,small_user0,0,READ,0x3bc0000,4096
2196015,small_user0,0,WRITE,0x3bc1000,8192
2196281,small_user0,0,READ,0x3bc3000,4096
2196403,small_user1,1,WRITE,0x10003c3f000,8192
2196606,small_user1,1,WRITE,0x10003c41000,16384
2196791,small_user0,0,READ,0x3bc4000,8192
2196902,small_user0,0,READ,0x3bc6000,4096
2197220,large_user0,2,WRITE,0x20006130000,262144
2197530,small_user0,0,READ,0x3bc7000,16384
2197574,large_user1,3,WRITE,0x300062b0000,65536
2197939,large_user1,3,WRITE,0x300062c0000,262144
2197986,small_user1,1,WRITE,0x10003c45000,8192
2198004,small_user1,1,WRITE,0x10003c47000,16384
2198053,small_user0,0,WRITE,0x3bcb000,8192
2198107,small_user1,1,READ,0x10003c4b000,4096
2198152,small_user0,0,READ,0x3bcd000,16384
2198631,small_user1,1,READ,0x10003c4c000,16384
2198661,small_user0,0,READ,0x3bd1000,16384
2198764,small_user0,0,READ,0x3bd5000,8192
2198955,large_user1,3,WRITE,0x30006300000,131072
2199058,small_user0,0,WRITE,0x3bd7000,16384
2199252,small_user1,1,READ,0x10003c50000,8192
2199253,small_user1,1,READ,0x10003c52000,8192
2199333,small_user0,0,READ,0x3bdb000,16384
2200002,small_user0,0,READ,0x3bdf000,16384
2200109,large_user1,3,WRITE,0x30006320000,262144
2200217,large_user0,2,READ,0x20006170000,262144
2200221,small_user1,1,WRITE,0x10003c54000,8192
2200271,small_user1,1,READ,0x10003c56000,8192
2200634,small_user0,0,READ,0x3be3000,16384
2201191,small_user0,0,WRITE,0x3be7000,4096
2201194,small_user0,0,READ,0x3be8000,8192
2201575,small_user0,0,READ,0x3bea000,8192
2201625,small_user0,0,WRITE,0x3bec000,8192
2201681,large_user1,3,READ,0x30006360000,65536
2201820,small_user0,0,WRITE,0x3bee000,16384
2202172,small_user1,1,READ,0x10003c58000,16384
2202268,small_user0,0,READ,0x3bf2000,16384
2202650,small_user1,1,READ,0x10003c5c000,8192
2202821,large_user0,2,READ,0x200061b0000,65536
2203346,small_user0,0,READ,0x3bf6000,16384
2203389,small_user0,0,WRITE,0x3bfa000,16384
2203583,small_user1,1,READ,0x10003c5e000,8192
2203614,small_user0,0,READ,0x3bfe000,8192
2203638,small_user0,0,READ,0x3c00000,8192
2203704,small_user1,1,WRITE,0x10003c60000,16384
2203713,small_user0,0,READ,0x3c02000,4096
2203721,small_user0,0,READ,0x3c03000,8192
2204120,small_user0,0,WRITE,0x3c05000,16384
2204259,small_user0,0,READ,0x3c09000,4096
2204545,small_user1,1,WRITE,0x10003c64000,8192
2204737,small_user0,0,READ,0x3c0a000,8192
2205206,small_user0,0,WRITE,0x3c0c000,16384
2205242,large_user0,2,READ,0x200061c0000,65536
2205253,small_user0,0,READ,0x3c10000,4096
2205652,small_user0,0,READ,0x3c11000,8192
2205837,small_user0,0,READ,0x3c13000,4096
2205996,small_user1,1,WRITE,0x10003c66000,8192
2206014,small_user0,0,READ,0x3c14000,4096
2206106,small_user0,0,READ,0x3c15000,8192
2206222,small_user0,0,READ,0x3c17000,16384
2206307,small_user1,1,READ,0x10003c68000,8192
2206507,small_user0,0,READ,0x3c1b000,4096
2206513,small_user1,1,WRITE,0x10003c6a000,4096
2206516,small_user0,0,READ,0x3c1c000,8192
2206956,small_user0,0,READ,0x3c1e000,16384
2207057,small_user0,0,READ,0x3c22000,4096
2207076,small_user1,1,WRITE,0x10003c6b000,16384
2207167,small_user1,1,READ,0x10003c6f000,8192
2207238,small_user1,1,READ,0x10003c71000,4096
2207335,small_user1,1,WRITE,0x10003c72000,8192
2207353,large_user0,2,WRITE,0x200061d0000,262144
2207583,small_user1,1,READ,0x10003c74000,4096
2207813,small_user1,1,WRITE,0x10003c75000,8192
2207840,small_user0,0,READ,0x3c23000,4096
2207965,large_user1,3,READ,0x30006370000,65536
2207979,small_user1,1,READ,0x10003c77000,16384
2208031,small_user0,0,WRITE,0x3c24000,4096
2208154,small_user0,0,READ,0x3c25000,16384
2208507,small_user1,1,READ,0x10003c7b000,4096
2208521,small_user1,1,READ,0x10003c7c000,4096
2208729,small_user1,1,WRITE,0x10003c7d000,4096
2209171,small_user1,1,READ,0x10003c7e000,4096
2209246,small_user0,0,READ,0x3c29000,16384
2209334,small_user0,0,READ,0x3c2d000,16384
2209379,small_user0,0,READ,0x3c31000,4096
2209454,small_user1,1,WRITE,0x10003c7f000,4096
2209522,small_user0,0,READ,0x3c32000,4096
2210092,small_user1,1,READ,0x10003c80000,16384
2210202,small_user1,1,READ,0x10003c84000,16384
2210254,small_user0,0,WRITE,0x3c33000,4096
2210444,large_user0,2,WRITE,0x20006210000,65536
2210467,small_user1,1,WRITE,0x10003c88000,16384
2210479,small_user1,1,READ,0x10003c8c000,8192
2210762,small_user0,0,READ,0x3c34000,16384
2210790,small_user0,0,WRITE,0x3c38000,8192
2211212,small_user0,0,READ,0x3c3a000,8192
2211239,large_user0,2,WRITE,0x20006220000,262144
2211665,small_user0,0,WRITE,0x3c3c000,16384
2212521,small_user1,1,READ,0x10003c8e000,16384
2212876,small_user0,0,READ,0x3c40000,16384
2212908,small_user1,1,READ,0x10003c92000,4096
2212950,small_user0,0,READ,0x3c44000,8192
2213737,small_user1,1,WRITE,0x10003c93000,8192
2213829,small_user0,0,READ,0x3c46000,16384
2213953,small_user0,0,READ,0x3c4a000,8192
2214086,small_user1,1,READ,0x10003c95000,8192
2214120,small_user0,0,READ,0x3c4c000,16384
2214342,small_user0,0,WRITE,0x3c50000,4096
2214495,small_user1,1,READ,0x10003c97000,16384
2214544,small_user0,0,WRITE,0x3c51000,16384
2214555,small_user0,0,READ,0x3c55000,8192
2214693,small_user0,0,READ,0x3c57000,4096
2214918,small_user0,0,READ,0x3c58000,8192
2215004,large_user1,3,READ,0x30006380000,131072
2215011,small_user1,1,READ,0x10003c9b000,4096
2215122,small_user0,0,WRITE,0x3c5a000,4096
2215408,small_user0,0,WRITE,0x3c5b000,16384
2215721,small_user1,1,READ,0x10003c9c000,8192
2215947,small_user0,0,READ,0x3c5f000,8192
2216330,small_user0,0,READ,0x3c61000,4096
2216637,small_user0,0,WRITE,0x3c62000,8192
2216827,small_user0,0,READ,0x3c64000,16384
2217032,small_user0,0,READ,0x3c68000,8192
2217330,small_user0,0,WRITE,0x3c6a000,4096
2217829,small_user0,0,WRITE,0x3c6b000,4096
2217909,small_user1,1,READ,0x10003c9e000,16384
2217973,small_user1,1,WRITE,0x10003ca2000,4096
2217994,small_user1,1,READ,0x10003ca3000,4096
2218317,large_user0,2,READ,0x20006260000,262144
2218320,small_user0,0,READ,0x3c6c000,16384
2218328,small_user0,0,READ,0x3c70000,16384
2218647,small_user1,1,READ,0x10003ca4000,4096
2218751,small_user0,0,READ,0x3c74000,16384
2218766,small_user1,1,READ,0x10003ca5000,8192
2218980,small_user1,1,READ,0x10003ca7000,4096
2219406,small_user0,0,READ,0x3c78000,16384
2219642,small_user0,0,READ,0x3c7c000,4096
2219678,small_user1,1,READ,0x10003ca8000,8192
2219948,large_user1,3,READ,0x300063a0000,65536
2220112,small_user1,1,READ,0x10003caa000,8192
2220218,small_user1,1,READ,0x10003cac000,4096
2220295,small_user0,0,WRITE,0x3c7d000,4096
2220336,small_user0,0,READ,0x3c7e000,4096
2220651,large_user0,2,READ,0x200062a0000,65536
2220778,small_user0,0,READ,0x3c7f000,16384
2221176,small_user0,0,READ,0x3c83000,8192
2221717,small_user1,1,READ,0x10003cad000,16384
2222154,large_user0,2,WRITE,0x200062b0000,131072
2222733,small_user1,1,READ,0x10003cb1000,8192
2223381,small_user0,0,READ,0x3c85000,4096
2223467,small_user1,1,WRITE,0x10003cb3000,16384
2223631,large_user1,3,READ,0x300063b0000,65536
2223655,small_user0,0,READ,0x3c86000,4096
2223664,small_user1,1,READ,0x10003cb7000,4096
2223933,small_user0,0,READ,0x3c87000,4096
2224107,small_user1,1,READ,0x10003cb8000,8192
2224137,small_user1,1,WRITE,0x10003cba000,8192
2224236,small_user1,1,READ,0x10003cbc000,4096
2224312,small_user1,1,READ,0x10003cbd000,4096
2224341,small_user1,1,READ,0x10003cbe000,4096
2224428,small_user0,0,WRITE,0x3c88000,8192
2224429,large_user1,3,WRITE,0x300063c0000,65536
2224793,small_user1,1,READ,0x10003cbf000,8192
2224956,small_user1,1,READ,0x10003cc1000,4096
2225301,small_user0,0,READ,0x3c8a000,16384
2225335,small_user1,1,READ,0x10003cc2000,16384
2225344,small_user1,1,READ,0x10003cc6000,16384
2225565,small_user1,1,READ,0x10003cca000,4096
2225767,small_user0,0,READ,0x3c8e000,16384
2226015,small_user1,1,READ,0x10003ccb000,8192
2226017,small_user1,1,WRITE,0x10003ccd000,4096
2226120,small_user0,0,READ,0x3c92000,16384
2226316,small_user0,0,WRITE,0x3c96000,4096
2226708,small_user1,1,READ,0x10003cce000,16384
2226769,small_user1,1,READ,0x10003cd2000,8192
2226803,small_user1,1,WRITE,0x10003cd4000,16384
2226880,small_user0,0,READ,0x3c97000,4096
2227040,small_user1,1,READ,0x10003cd8000,8192
2227138,small_user0,0,WRITE,0x3c98000,8192
2227339,small_user0,0,READ,0x3c9a000,16384
2227569,small_user1,1,READ,0x10003cda000,4096
2227636,small_user1,1,READ,0x10003cdb000,8192
2227662,small_user1,1,READ,0x10003cdd000,8192
2227725,small_user1,1,READ,0x10003cdf000,4096
2227771,small_user0,0,READ,0x3c9e000,4096
2227835,small_user0,0,READ,0x3c9f000,8192
2227916,small_user0,0,READ,0x3ca1000,4096
2228070,small_user0,0,WRITE,0x3ca2000,16384
2228180,small_user1,1,READ,0x10003ce0000,8192
2228612,small_user1,1,READ,0x10003ce2000,4096
2228796,small_user0,0,READ,0x3ca6000,8192
2229126,small_user0,0,READ,0x3ca8000,16384
2229127,small_user1,1,READ,0x10003ce3000,16384
2229143,small_user1,1,WRITE,0x10003ce7000,8192
2229149,small_user0,0,WRITE,0x3cac000,4096
2229205,small_user0,0,READ,0x3cad000,16384
2229384,small_user1,1,READ,0x10003ce9000,16384
2229803,small_user1,1,READ,0x10003ced000,16384
2229924,large_user0,2,WRITE,0x200062d0000,262144
2230051,small_user0,0,READ,0x3cb1000,8192
2230169,small_user1,1,WRITE,0x10003cf1000,8192
2230259,small_user1,1,READ,0x10003cf3000,8192
2230373,small_user1,1,READ,0x10003cf5000,8192
2230534,small_user1,1,READ,0x10003cf7000,16384
2231054,small_user0,0,READ,0x3cb3000,16384
2231184,small_user0,0,WRITE,0x3cb7000,16384
2231252,large_user0,2,READ,0x20006310000,131072
2231373,small_user1,1,READ,0x10003cfb000,16384
2231486,small_user1,1,WRITE,0x10003cff000,16384
2231508,small_user0,0,READ,0x3cbb000,4096
2231599,small_user1,1,READ,0x10003d03000,4096
2231632,small_user1,1,READ,0x10003d04000,16384
2231862,small_user0,0,READ,0x3cbc000,16384
2231989,small_user0,0,WRITE,0x3cc0000,8192
2232026,small_user1,1,WRITE,0x10003d08000,8192
2232156,large_user1,3,WRITE,0x300063d0000,65536
2232247,small_user0,0,READ,0x3cc2000,4096
2232493,small_user0,0,READ,0x3cc3000,16384
2232530,small_user0,0,READ,0x3cc7000,8192
2232532,small_user1,1,READ,0x10003d0a000,8192
2232545,small_user0,0,READ,0x3cc9000,16384
2232591,small_user1,1,WRITE,0x10003d0c000,8192
2233019,small_user1,1,READ,0x10003d0e000,4096
2233095,small_user0,0,READ,0x3ccd000,4096
2233131,small_user0,0,WRITE,0x3cce000,4096
2233227,small_user1,1,READ,0x10003d0f000,8192
2233374,small_user0,0,READ,0x3ccf000,8192
2233902,small_user0,0,READ,0x3cd1000,16384
2234054,small_user1,1,READ,0x10003d11000,4096
2234058,small_user0,0,WRITE,0x3cd5000,4096
2234092,small_user0,0,READ,0x3cd6000,4096
2234111,small_user0,0,READ,0x3cd7000,8192
2234218,small_user0,0,WRITE,0x3cd9000,8192
2234400,small_user1,1,WRITE,0x10003d12000,4096
2234420,small_user0,0,READ,0x3cdb000,8192
2234477,large_user0,2,READ,0x20006330000,262144
2234526,small_user0,0,READ,0x3cdd000,8192
2234726,small_user1,1,WRITE,0x10003d13000,8192
2235430,small_user1,1,READ,0x10003d15000,8192
2235449,small_user1,1,READ,0x10003d17000,4096
2235499,small_user1,1,WRITE,0x10003d18000,8192
2235771,small_user0,0,WRITE,0x3cdf000,16384
2235822,large_user1,3,WRITE,0x300063e0000,131072
2235825,small_user1,1,READ,0x10003d1a000,16384
2235826,small_user0,0,READ,0x3ce3000,4096
2236199,small_user1,1,WRITE,0x10003d1e000,4096
2236249,small_user1,1,READ,0x10003d1f000,8192
2236424,small_user1,1,WRITE,0x10003d21000,4096
2236657,small_user1,1,WRITE,0x10003d22000,16384
2236794,small_user0,0,READ,0x3ce4000,8192
2236940,small_user0,0,READ,0x3ce6000,16384
2236964,small_user1,1,READ,0x10003d26000,8192
2237033,small_user0,0,READ,0x3cea000,16384
2237037,small_user1,1,READ,0x10003d28000,4096
2237122,small_user1,1,READ,0x10003d29000,16384
2237366,small_user1,1,WRITE,0x10003d2d000,16384
2237422,small_user0,0,READ,0x3cee000,4096
2237548,small_user1,1,READ,0x10003d31000,16384
2237886,small_user1,1,READ,0x10003d35000,16384
2237927,large_user0,2,READ,0x20006370000,131072
2237967,small_user0,0,WRITE,0x3cef000,8192
2237999,small_user0,0,READ,0x3cf1000,8192
2238321,small_user0,0,WRITE,0x3cf3000,16384
2238456,small_user1,1,WRITE,0x10003d39000,16384
2238504,small_user0,0,READ,0x3cf7000,8192
2238949,small_user0,0,WRITE,0x3cf9000,8192
2239022,large_user1,3,WRITE,0x30006400000,262144
2239593,small_user1,1,READ,0x10003d3d000,16384
2239907,small_user0,0,READ,0x3cfb000,4096
2239986,small_user1,1,READ,0x10003d41000,8192
2240049,small_user1,1,READ,0x10003d43000,4096
2240141,small_user1,1,WRITE,0x10003d44000,4096
2240226,small_user0,0,WRITE,0x3cfc000,4096
2240250,small_user1,1,WRITE,0x10003d45000,4096
2240604,large_user0,2,WRITE,0x20006390000,131072
2240672,small_user1,1,READ,0x10003d46000,4096
2240704,small_user0,0,READ,0x3cfd000,8192
2240807,small_user1,1,READ,0x10003d47000,8192
2240841,large_user0,2,READ,0x200063b0000,65536
2240932,small_user1,1,WRITE,0x10003d49000,16384
2240934,small_user0,0,READ,0x3cff000,8192
2240983,small_user0,0,READ,0x3d01000,16384
2241075,small_user0,0,READ,0x3d05000,8192
2241254,small_user0,0,READ,0x3d07000,16384
2241263,small_user0,0,READ,0x3d0b000,8192
2241598,small_user0,0,WRITE,0x3d0d000,8192
2241645,small_user0,0,READ,0x3d0f000,4096
2242077,small_user1,1,READ,0x10003d4d000,4096
2242231,small_user0,0,WRITE,0x3d10000,16384
2242374,small_user0,0,READ,0x3d14000,4096
2242465,small_user0,0,READ,0x3d15000,4096
2242589,small_user1,1,READ,0x10003d4e000,16384
2242858,large_user0,2,WRITE,0x200063c0000,131072
2242873,small_user1,1,READ,0x10003d52000,16384
2243022,large_user0,2,READ,0x200063e0000,262144
2243048,small_user0,0,WRITE,0x3d16000,4096
2243244,small_user0,0,READ,0x3d17000,16384
2243263,small_user0,0,READ,0x3d1b000,16384
2243333,small_user1,1,READ,0x10003d56000,16384
2243831,small_user1,1,READ,0x10003d5a000,16384
2243928,small_user1,1,READ,0x10003d5e000,8192
2244178,small_user1,1,WRITE,0x10003d60000,4096
2244328,small_user0,0,READ,0x3d1f000,16384
2244350,small_user0,0,WRITE,0x3d23000,16384
2244449,small_user1,1,READ,0x10003d61000,8192
2244637,small_user1,1,WRITE,0x10003d63000,4096
2244653,small_user1,1,READ,0x10003d64000,8192
2244696,small_user1,1,WRITE,0x10003d66000,8192
2244854,small_user1,1,READ,0x10003d68000,8192
2244942,small_user1,1,READ,0x10003d6a000,4096
2244946,small_user0,0,READ,0x3d27000,16384
2245031,small_user1,1,READ,0x10003d6b000,8192
2245275,small_user1,1,WRITE,0x10003d6d000,8192
2245459,small_user0,0,READ,0x3d2b000,16384
2245515,small_user1,1,READ,0x10003d6f000,8192
2245531,large_user0,2,WRITE,0x20006420000,262144
2245578,small_user0,0,WRITE,0x3d2f000,16384
2245654,small_user0,0,READ,0x3d33000,4096
2245772,small_user0,0,WRITE,0x3d34000,4096
2245922,small_user1,1,READ,0x10003d71000,4096
2245986,small_user1,1,READ,0x10003d72000,8192
2245993,large_user1,3,WRITE,0x30006440000,65536
2246228,small_user1,1,READ,0x10003d74000,4096
2246327,small_user1,1,READ,0x10003d75000,8192
2246593,small_user0,0,WRITE,0x3d35000,4096
2246598,small_user0,0,READ,0x3d36000,4096
2246688,small_user1,1,WRITE,0x10003d77000,4096
2246808,small_user1,1,READ,0x10003d78000,16384
2246993,small_user1,1,READ,0x10003d7c000,8192
2247142,small_user1,1,READ,0x10003d7e000,4096
2247311,small_user0,0,READ,0x3d37000,4096
2247325,small_user1,1,READ,0x10003d7f000,4096
2247453,small_user1,1,READ,0x10003d80000,16384
2247467,small_user0,0,READ,0x3d38000,16384
2247805,small_user1,1,READ,0x10003d84000,16384
2247914,small_user1,1,READ,0x10003d88000,16384
2248011,small_user1,1,READ,0x10003d8c000,8192
2248053,small_user1,1,READ,0x10003d8e000,8192
2248344,small_user1,1,READ,0x10003d90000,8192
2248360,small_user1,1,READ,0x10003d92000,4096
2248414,small_user0,0,READ,0x3d3c000,4096
2248436,small_user1,1,READ,0x10003d93000,4096
2248474,small_user1,1,READ,0x10003d94000,8192
2248583,large_user1,3,READ,0x30006450000,131072
2248728,small_user0,0,WRITE,0x3d3d000,4096
2248785,small_user1,1,WRITE,0x10003d96000,16384
2248811,small_user0,0,READ,0x3d3e000,8192
2248912,small_user0,0,READ,0x3d40000,16384
2249034,small_user0,0,WRITE,0x3d44000,8192
2249215,small_user1,1,READ,0x10003d9a000,8192
2249403,small_user0,0,WRITE,0x3d46000,8192
2249617,small_user0,0,READ,0x3d48000,16384
2249896,small_user1,1,WRITE,0x10003d9c000,4096
2250042,large_user1,3,WRITE,0x30006470000,131072
2250055,small_user1,1,READ,0x10003d9d000,8192
2250091,small_user0,0,WRITE,0x3d4c000,16384
2250152,small_user0,0,READ,0x3d50000,16384
2250283,small_user0,0,WRITE,0x3d54000,8192
2250287,small_user1,1,WRITE,0x10003d9f000,8192
2250489,large_user0,2,WRITE,0x20006460000,65536
2250675,small_user1,1,WRITE,0x10003da1000,4096
2250682,small_user0,0,WRITE,0x3d56000,8192
2250983,small_user0,0,READ,0x3d58000,8192
2251203,small_user1,1,WRITE,0x10003da2000,8192
2251248,small_user1,1,READ,0x10003da4000,4096
2251361,small_user1,1,READ,0x10003da5000,8192
2251670,small_user1,1,WRITE,0x10003da7000,4096
2251852,small_user0,0,READ,0x3d5a000,16384
2251891,small_user1,1,READ,0x10003da8000,4096
2252558,small_user0,0,READ,0x3d5e000,8192
2252685,small_user0,0,READ,0x3d60000,8192
2252706,small_user1,1,WRITE,0x10003da9000,4096
2252708,small_user1,1,WRITE,0x10003daa000,8192
2252746,small_user1,1,READ,0x10003dac000,16384
2252815,small_user1,1,READ,0x10003db0000,4096
2252925,small_user1,1,READ,0x10003db1000,8192
2253260,small_user0,0,WRITE,0x3d62000,8192
2253443,small_user0,0,READ,0x3d64000,4096
2253590,small_user1,1,READ,0x10003db3000,4096
2253673,small_user1,1,WRITE,0x10003db4000,8192
2254010,small_user0,0,READ,0x3d65000,8192
2254353,large_user1,3,WRITE,0x30006490000,131072
2254355,small_user1,1,READ,0x10003db6000,16384
2254466,small_user1,1,READ,0x10003dba000,4096
2254566,small_user0,0,READ,0x3d67000,4096
2254566,small_user0,0,WRITE,0x3d68000,4096
2254787,small_user0,0,WRITE,0x3d69000,4096
2254827,small_user1,1,WRITE,0x10003dbb000,16384
2255183,small_user0,0,WRITE,0x3d6a000,16384
2255189,small_user0,0,READ,0x3d6e000,8192
2255422,small_user0,0,WRITE,0x3d70000,4096
2255645,small_user0,0,WRITE,0x3d71000,8192
2255727,small_user1,1,READ,0x10003dbf000,4096
2255815,small_user0,0,READ,0x3d73000,4096
2256172,small_user0,0,READ,0x3d74000,8192
2256313,large_user1,3,WRITE,0x300064b0000,65536
2256427,small_user1,1,WRITE,0x10003dc0000,16384
2256780,small_user0,0,READ,0x3d76000,8192
2256797,large_user0,2,READ,0x20006470000,262144
2256909,small_user1,1,READ,0x10003dc4000,16384
2256945,small_user1,1,READ,0x10003dc8000,8192
2256991,small_user1,1,READ,0x10003dca000,8192
2257014,small_user0,0,READ,0x3d78000,8192
2257090,small_user0,0,READ,0x3d7a000,8192
2257247,small_user1,1,WRITE,0x10003dcc000,8192
2257540,small_user1,1,WRITE,0x10003dce000,4096
2257556,small_user1,1,READ,0x10003dcf000,4096
2257587,small_user0,0,READ,0x3d7c000,16384
2257596,large_user0,2,READ,0x200064b0000,65536
2258074,small_user0,0,READ,0x3d80000,8192
2258189,small_user1,1,WRITE,0x10003dd0000,16384
2258210,small_user0,0,WRITE,0x3d82000,8192
2258447,small_user0,0,WRITE,0x3d84000,4096
2258449,small_user1,1,WRITE,0x10003dd4000,8192
2258541,large_user1,3,READ,0x300064c0000,262144
2258567,small_user1,1,WRITE,0x10003dd6000,16384
2258607,small_user1,1,READ,0x10003dda000,8192
2258918,small_user1,1,READ,0x10003ddc000,16384
2259027,small_user1,1,READ,0x10003de0000,4096
2259103,small_user0,0,WRITE,0x3d85000,8192
2259278,small_user0,0,READ,0x3d87000,16384
2259372,small_user1,1,READ,0x10003de1000,8192
2259407,small_user1,1,WRITE,0x10003de3000,4096
2259501,small_user0,0,READ,0x3d8b000,4096
2259513,small_user0,0,WRITE,0x3d8c000,16384
2259580,small_user1,1,WRITE,0x10003de4000,4096
2259652,small_user0,0,WRITE,0x3d90000,16384
2259740,large_user1,3,WRITE,0x30006500000,131072
2259968,small_user1,1,WRITE,0x10003de5000,4096
2260351,small_user0,0,READ,0x3d94000,16384
2260434,small_user1,1,WRITE,0x10003de6000,8192
2260658,small_user1,1,READ,0x10003de8000,16384
2260785,small_user1,1,READ,0x10003dec000,8192
2260843,small_user0,0,WRITE,0x3d98000,4096
2260989,small_user0,0,READ,0x3d99000,16384
2261174,small_user0,0,WRITE,0x3d9d000,8192
2261337,small_user1,1,READ,0x10003dee000,16384
2261836,small_user0,0,READ,0x3d9f000,4096
2262066,small_user1,1,READ,0x10003df2000,8192
2262082,small_user0,0,READ,0x3da0000,4096
2262559,small_user1,1,WRITE,0x10003df4000,8192
2262663,small_user0,0,READ,0x3da1000,8192
2263459,small_user0,0,WRITE,0x3da3000,4096
2263618,large_user0,2,READ,0x200064c0000,262144
2263862,small_user0,0,WRITE,0x3da4000,16384
2264033,small_user0,0,WRITE,0x3da8000,16384
2264384,small_user0,0,READ,0x3dac000,8192
2264560,small_user1,1,READ,0x10003df6000,4096
2264596,large_user0,2,WRITE,0x20006500000,262144
2265088,small_user1,1,READ,0x10003df7000,8192
2265286,large_user1,3,READ,0x30006520000,131072
2265475,large_user1,3,READ,0x30006540000,131072
2265604,small_user0,0,WRITE,0x3dae000,16384
2265727,small_user0,0,WRITE,0x3db2000,8192
2265853,small_user0,0,READ,0x3db4000,8192
2265923,small_user0,0,READ,0x3db6000,16384
2266651,small_user0,0,READ,0x3dba000,4096
2266758,small_user0,0,READ,0x3dbb000,16384
2266922,small_user1,1,READ,0x10003df9000,8192
2266950,small_user1,1,READ,0x10003dfb000,8192
2266956,small_user1,1,WRITE,0x10003dfd000,16384
2267076,small_user0,0,READ,0x3dbf000,8192
2267304,small_user1,1,READ,0x10003e01000,4096
2267372,small_user1,1,READ,0x10003e02000,16384
2267399,small_user0,0,WRITE,0x3dc1000,8192
2267694,small_user1,1,WRITE,0x10003e06000,4096
2268088,small_user0,0,READ,0x3dc3000,8192
2268224,small_user0,0,READ,0x3dc5000,4096
2268326,small_user0,0,READ,0x3dc6000,8192
2268502,small_user0,0,READ,0x3dc8000,4096
2268780,small_user0,0,WRITE,0x3dc9000,16384
2268818,small_user0,0,READ,0x3dcd000,4096
2269971,small_user0,0,WRITE,0x3dce000,8192
2269993,large_user0,2,READ,0x20006540000,131072
2270097,small_user0,0,WRITE,0x3dd0000,4096
2270197,small_user0,0,READ,0x3dd1000,8192
2270322,small_user0,0,READ,0x3dd3000,4096
2270973,small_user0,0,READ,0x3dd4000,16384
2271068,small_user0,0,READ,0x3dd8000,16384
2271179,small_user1,1,READ,0x10003e07000,8192
2271219,small_user1,1,READ,0x10003e09000,8192
2271275,small_user0,0,READ,0x3ddc000,8192
2271394,small_user0,0,READ,0x3dde000,16384
2271608,small_user0,0,READ,0x3de2000,8192
2271696,small_user1,1,WRITE,0x10003e0b000,8192
2271704,small_user0,0,READ,0x3de4000,8192
2271798,small_user1,1,READ,0x10003e0d000,4096
2271918,small_user0,0,READ,0x3de6000,16384
2272232,small_user0,0,WRITE,0x3dea000,4096
2272246,small_user0,0,WRITE,0x3deb000,16384
2272490,small_user0,0,READ,0x3def000,4096
2272584,small_user1,1,READ,0x10003e0e000,8192
2273023,small_user0,0,WRITE,0x3df0000,16384
2273047,small_user0,0,READ,0x3df4000,16384
2273123,small_user0,0,WRITE,0x3df8000,16384
2273292,small_user0,0,READ,0x3dfc000,8192
2273381,small_user1,1,READ,0x10003e10000,16384
2273514,small_user1,1,READ,0x10003e14000,16384
2273608,small_user0,0,WRITE,0x3dfe000,4096
2273626,small_user1,1,READ,0x10003e18000,8192
2273685,small_user1,1,READ,0x10003e1a000,8192
2273892,small_user0,0,WRITE,0x3dff000,8192
2273957,small_user1,1,READ,0x10003e1c000,8192
2274511,small_user0,0,READ,0x3e01000,4096
2274691,large_user1,3,READ,0x30006560000,131072
2275072,large_user1,3,WRITE,0x30006580000,131072
2275112,small_user1,1,READ,0x10003e1e000,8192
2275172,small_user1,1,READ,0x10003e20000,16384
2275308,small_user0,0,READ,0x3e02000,16384
2275758,small_user0,0,WRITE,0x3e06000,4096
2275775,small_user0,0,READ,0x3e07000,16384
2275803,small_user0,0,WRITE,0x3e0b000,8192
2275911,small_user1,1,WRITE,0x10003e24000,8192
2275973,small_user1,1,WRITE,0x10003e26000,16384
2275991,small_user1,1,WRITE,0x10003e2a000,16384
2276053,small_user1,1,WRITE,0x10003e2e000,16384
2276218,small_user1,1,READ,0x10003e32000,16384
2276411,small_user1,1,READ,0x10003e36000,8192
2276468,small_user1,1,READ,0x10003e38000,4096
2276636,small_user1,1,READ,0x10003e39000,8192
2276819,small_user0,0,WRITE,0x3e0d000,8192
2276900,small_user0,0,READ,0x3e0f000,4096
2277430,small_user1,1,WRITE,0x10003e3b000,16384
2277430,small_user1,1,WRITE,0x10003e3f000,8192
2277874,small_user1,1,WRITE,0x10003e41000,16384
2277921,large_user1,3,WRITE,0x300065a0000,65536
2278104,small_user1,1,READ,0x10003e45000,4096
2278261,small_user1,1,READ,0x10003e46000,8192
2278422,small_user1,1,READ,0x10003e48000,4096
2278647,small_user0,0,READ,0x3e10000,4096
2278855,small_user0,0,READ,0x3e11000,4096
2278909,small_user0,0,WRITE,0x3e12000,4096
2279021,large_user1,3,READ,0x300065b0000,131072
2279101,small_user0,0,READ,0x3e13000,8192
2279151,small_user0,0,READ,0x3e15000,8192
2279185,small_user0,0,READ,0x3e17000,8192
2279339,large_user0,2,WRITE,0x20006560000,65536
2279487,small_user1,1,READ,0x10003e49000,4096
2279587,small_user0,0,WRITE,0x3e19000,8192
2279978,small_user1,1,WRITE,0x10003e4a000,4096
2280084,small_user0,0,READ,0x3e1b000,16384
2280287,small_user0,0,READ,0x3e1f000,4096
2280667,small_user0,0,WRITE,0x3e20000,8192
2280744,small_user1,1,WRITE,0x10003e4b000,8192
2280965,small_user1,1,READ,0x10003e4d000,16384
2281135,small_user1,1,READ,0x10003e51000,16384
2281357,small_user0,0,READ,0x3e22000,8192
2281483,large_user0,2,WRITE,0x20006570000,65536
2281487,small_user0,0,READ,0x3e24000,4096
2281511,small_user0,0,WRITE,0x3e25000,16384
2281875,small_user1,1,READ,0x10003e55000,16384
2282031,small_user1,1,WRITE,0x10003e59000,4096
2282204,small_user1,1,READ,0x10003e5a000,16384
2282288,small_user1,1,READ,0x10003e5e000,16384
2282311,small_user1,1,READ,0x10003e62000,16384
2282518,small_user1,1,WRITE,0x10003e66000,4096
2282877,large_user0,2,WRITE,0x20006580000,65536
2282927,large_user0,2,READ,0x20006590000,65536
2282933,small_user0,0,READ,0x3e29000,4096
2283034,small_user0,0,READ,0x3e2a000,16384
2283042,large_user1,3,READ,0x300065d0000,131072
2283096,small_user1,1,WRITE,0x10003e67000,16384
2283135,small_user1,1,READ,0x10003e6b000,4096
2283195,small_user1,1,READ,0x10003e6c000,8192
2283318,small_user0,0,READ,0x3e2e000,8192
2283568,small_user1,1,READ,0x10003e6e000,8192
2283619,small_user1,1,WRITE,0x10003e70000,4096
2283629,large_user1,3,WRITE,0x300065f0000,262144
2283639,small_user0,0,READ,0x3e30000,16384
2283715,small_user1,1,READ,0x10003e71000,4096
2283763,small_user1,1,READ,0x10003e72000,8192
2284072,small_user0,0,READ,0x3e34000,16384
2284191,small_user1,1,READ,0x10003e74000,4096
2284391,small_user1,1,READ,0x10003e75000,4096
2284905,large_user0,2,READ,0x200065a0000,262144
2285282,small_user1,1,READ,0x10003e76000,16384
2285300,small_user1,1,READ,0x10003e7a000,8192
2285338,small_user0,0,READ,0x3e38000,16384
2285365,small_user1,1,WRITE,0x10003e7c000,16384
2285451,small_user0,0,READ,0x3e3c000,4096
2285481,large_user1,3,READ,0x30006630000,262144
2285540,small_user1,1,READ,0x10003e80000,16384
2285556,small_user1,1,READ,0x10003e84000,4096
2285637,large_user1,3,WRITE,0x30006670000,262144
2285726,small_user1,1,WRITE,0x10003e85000,8192
2285918,small_user0,0,READ,0x3e3d000,4096
2286000,small_user0,0,READ,0x3e3e000,4096
2286096,small_user0,0,READ,0x3e3f000,4096
2286236,small_user1,1,READ,0x10003e87000,4096
2286374,small_user0,0,WRITE,0x3e40000,16384
2286571,small_user0,0,READ,0x3e44000,4096
2286607,small_user1,1,READ,0x10003e88000,4096
2286696,small_user1,1,READ,0x10003e89000,4096
2286823,small_user0,0,WRITE,0x3e45000,4096
2287788,small_user0,0,READ,0x3e46000,8192
2288389,small_user0,0,READ,0x3e48000,16384
2288434,small_user1,1,WRITE,0x10003e8a000,16384
2288484,large_user0,2,READ,0x200065e0000,262144
2288642,small_user1,1,READ,0x10003e8e000,16384
2288776,small_user1,1,READ,0x10003e92000,16384
2288786,small_user1,1,WRITE,0x10003e96000,8192
2288841,small_user0,0,WRITE,0x3e4c000,4096
2288843,large_user0,2,READ,0x20006620000,131072
2288904,small_user0,0,READ,0x3e4d000,16384
2289032,small_user1,1,READ,0x10003e98000,8192
2289202,small_user1,1,READ,0x10003e9a000,4096
2289300,small_user0,0,READ,0x3e51000,8192
2289349,small_user0,0,READ,0x3e53000,8192
2289412,small_user1,1,READ,0x10003e9b000,16384
2289529,large_user0,2,READ,0x20006640000,65536
2289542,small_user0,0,WRITE,0x3e55000,4096
2289790,small_user1,1,WRITE,0x10003e9f000,16384
2290293,small_user0,0,READ,0x3e56000,4096
2291163,small_user0,0,READ,0x3e57000,4096
2291336,small_user1,1,READ,0x10003ea3000,4096
2291366,small_user0,0,READ,0x3e58000,8192
2291377,small_user1,1,WRITE,0x10003ea4000,4096
2291386,small_user0,0,WRITE,0x3e5a000,16384
2291566,small_user1,1,WRITE,0x10003ea5000,16384
2291870,small_user1,1,READ,0x10003ea9000,8192
2291908,small_user1,1,READ,0x10003eab000,4096
2291990,small_user0,0,READ,0x3e5e000,4096
2292046,small_user1,1,READ,0x10003eac000,4096
2292133,small_user1,1,READ,0x10003ead000,8192
2292255,small_user0,0,WRITE,0x3e5f000,8192
2292275,small_user1,1,READ,0x10003eaf000,8192
2292387,small_user0,0,READ,0x3e61000,16384
2292419,small_user1,1,WRITE,0x10003eb1000,8192
2292428,small_user1,1,WRITE,0x10003eb3000,4096
2292553,small_user1,1,READ,0x10003eb4000,4096
2292760,small_user1,1,READ,0x10003eb5000,16384
2292784,small_user0,0,WRITE,0x3e65000,8192
2293166,small_user0,0,WRITE,0x3e67000,16384
2293471,small_user1,1,READ,0x10003eb9000,8192
2293515,small_user0,0,READ,0x3e6b000,4096
2293529,large_user0,2,READ,0x20006650000,65536
2293536,small_user1,1,WRITE,0x10003ebb000,4096
2293568,small_user0,0,READ,0x3e6c000,16384
2293672,small_user1,1,WRITE,0x10003ebc000,16384
2293705,small_user1,1,WRITE,0x10003ec0000,8192
2293893,small_user1,1,WRITE,0x10003ec2000,4096
2294075,small_user0,0,WRITE,0x3e70000,4096
2294151,small_user0,0,READ,0x3e71000,16384
2294266,small_user0,0,READ,0x3e75000,16384
2294492,small_user1,1,READ,0x10003ec3000,4096
2294571,small_user1,1,READ,0x10003ec4000,16384
2294724,small_user1,1,READ,0x10003ec8000,16384
2294780,small_user1,1,READ,0x10003ecc000,16384
2295317,small_user0,0,WRITE,0x3e79000,16384
2295878,small_user1,1,READ,0x10003ed0000,16384
2295999,small_user1,1,WRITE,0x10003ed4000,16384
2296035,small_user1,1,READ,0x10003ed8000,16384
2296421,small_user1,1,READ,0x10003edc000,4096
2296802,small_user0,0,READ,0x3e7d000,8192
2296909,small_user1,1,READ,0x10003edd000,4096
2297089,small_user0,0,WRITE,0x3e7f000,16384
2297186,small_user0,0,WRITE,0x3e83000,16384
2297285,small_user0,0,WRITE,0x3e87000,4096
2297758,small_user0,0,READ,0x3e88000,8192
2298093,small_user0,0,WRITE,0x3e8a000,4096
2298216,small_user1,1,WRITE,0x10003ede000,4096
2298256,small_user0,0,READ,0x3e8b000,4096
2298306,small_user1,1,READ,0x10003edf000,8192
2298940,small_user1,1,WRITE,0x10003ee1000,4096
2299114,small_user0,0,READ,0x3e8c000,8192
2299218,large_user0,2,READ,0x20006660000,262144
2299248,small_user0,0,READ,0x3e8e000,8192
2299380,small_user1,1,READ,0x10003ee2000,4096
2299476,small_user0,0,READ,0x3e90000,16384
2299604,small_user1,1,READ,0x10003ee3000,4096
2299785,small_user0,0,READ,0x3e94000,16384
2300034,small_user0,0,WRITE,0x3e98000,8192
2300152,small_user1,1,WRITE,0x10003ee4000,8192
2300408,small_user0,0,WRITE,0x3e9a000,4096
2300483,small_user1,1,READ,0x10003ee6000,8192
2300674,small_user0,0,READ,0x3e9b000,8192
2300949,small_user0,0,READ,0x3e9d000,16384
2301030,small_user0,0,WRITE,0x3ea1000,8192
2301095,small_user1,1,WRITE,0x10003ee8000,4096
2301353,small_user0,0,READ,0x3ea3000,4096
2301595,small_user0,0,READ,0x3ea4000,16384
2301748,small_user1,1,READ,0x10003ee9000,4096
2301860,small_user0,0,WRITE,0x3ea8000,8192
2301943,small_user1,1,READ,0x10003eea000,8192
2301986,small_user1,1,READ,0x10003eec000,16384
2301997,small_user1,1,READ,0x10003ef0000,4096
2302178,small_user0,0,WRITE,0x3eaa000,16384
2302428,small_user0,0,READ,0x3eae000,8192
2302514,small_user0,0,READ,0x3eb0000,16384
2303046,small_user1,1,READ,0x10003ef1000,8192
2303140,small_user0,0,READ,0x3eb4000,8192
2303329,small_user1,1,READ,0x10003ef3000,8192
2303462,small_user0,0,WRITE,0x3eb6000,16384
2303827,small_user0,0,WRITE,0x3eba000,16384
2304429,small_user1,1,READ,0x10003ef5000,4096
2304524,small_user0,0,READ,0x3ebe000,8192
2305133,small_user1,1,WRITE,0x10003ef6000,4096
2305279,small_user1,1,WRITE,0x10003ef7000,8192
2305309,large_user1,3,READ,0x300066b0000,262144
2305314,small_user1,1,WRITE,0x10003ef9000,16384
2305615,small_user0,0,READ,0x3ec0000,8192
2305661,small_user1,1,READ,0x10003efd000,8192
2305795,large_user0,2,WRITE,0x200066a0000,65536
2306061,small_user0,0,WRITE,0x3ec2000,8192
2306173,small_user1,1,READ,0x10003eff000,16384
2306296,small_user1,1,READ,0x10003f03000,4096
2306314,small_user1,1,READ,0x10003f04000,16384
2306389,small_user1,1,READ,0x10003f08000,8192
2306411,small_user0,0,READ,0x3ec4000,8192
2306530,small_user1,1,READ,0x10003f0a000,16384
2306708,small_user1,1,READ,0x10003f0e000,8192
2306866,small_user1,1,WRITE,0x10003f10000,16384
2306944,large_user0,2,WRITE,0x200066b0000,262144
2307238,small_user0,0,WRITE,0x3ec6000,8192
2307367,small_user0,0,READ,0x3ec8000,16384
2307408,small_user1,1,READ,0x10003f14000,8192
2307495,small_user1,1,WRITE,0x10003f16000,4096
2307555,large_user0,2,WRITE,0x200066f0000,65536
2307608,small_user0,0,READ,0x3ecc000,16384
2307612,small_user0,0,READ,0x3ed0000,16384
2308062,small_user0,0,READ,0x3ed4000,16384
2308467,small_user0,0,READ,0x3ed8000,8192
2308735,small_user0,0,READ,0x3eda000,4096
2308981,small_user0,0,READ,0x3edb000,4096
2309058,small_user1,1,READ,0x10003f17000,8192
2309321,small_user1,1,READ,0x10003f19000,4096
2309450,small_user0,0,WRITE,0x3edc000,4096
2309505,small_user0,0,READ,0x3edd000,16384
2309690,small_user0,0,READ,0x3ee1000,16384
2309796,small_user0,0,WRITE,0x3ee5000,4096
2309964,small_user0,0,WRITE,0x3ee6000,16384
2310134,small_user1,1,READ,0x10003f1a000,16384
2310181,small_user0,0,READ,0x3eea000,8192
2310256,small_user0,0,WRITE,0x3eec000,8192
2310413,large_user1,3,READ,0x300066f0000,262144
2310572,small_user0,0,READ,0x3eee000,4096
2310651,small_user1,1,READ,0x10003f1e000,4096
2310783,small_user1,1,READ,0x10003f1f000,8192
2310877,small_user0,0,WRITE,0x3eef000,8192
2311108,small_user0,0,READ,0x3ef1000,16384
2311168,small_user1,1,WRITE,0x10003f21000,4096
2311318,small_user1,1,READ,0x10003f22000,4096
2311351,small_user0,0,READ,0x3ef5000,8192
2311751,small_user0,0,READ,0x3ef7000,4096
2312028,large_user1,3,READ,0x30006730000,65536
2313018,small_user0,0,READ,0x3ef8000,16384
2313031,small_user1,1,READ,0x10003f23000,8192
2313210,small_user1,1,READ,0x10003f25000,16384
2313413,large_user1,3,WRITE,0x30006740000,262144
2313733,small_user0,0,READ,0x3efc000,4096
2313838,small_user1,1,READ,0x10003f29000,4096
2314005,small_user1,1,WRITE,0x10003f2a000,8192
2314548,large_user0,2,WRITE,0x20006700000,65536
2314567,small_user0,0,READ,0x3efd000,8192
2314788,small_user1,1,WRITE,0x10003f2c000,8192
2315000,small_user0,0,READ,0x3eff000,8192
2315049,small_user0,0,READ,0x3f01000,16384
2315084,small_user0,0,READ,0x3f05000,16384
2315388,small_user0,0,READ,0x3f09000,16384
2315496,small_user1,1,READ,0x10003f2e000,16384
2315520,small_user1,1,WRITE,0x10003f32000,8192
2315694,small_user0,0,READ,0x3f0d000,8192
2315720,small_user1,1,WRITE,0x10003f34000,8192
2315776,large_user0,2,READ,0x20006710000,262144
2316318,small_user1,1,WRITE,0x10003f36000,16384
2316675,small_user1,1,READ,0x10003f3a000,16384
2317086,small_user1,1,WRITE,0x10003f3e000,8192
2317193,large_user0,2,READ,0x20006750000,262144
2317307,small_user1,1,READ,0x10003f40000,16384
2317471,small_user0,0,WRITE,0x3f0f000,16384
2317767,small_user0,0,READ,0x3f13000,8192
2317769,large_user1,3,READ,0x30006780000,262144
2317954,small_user1,1,WRITE,0x10003f44000,4096
2318220,small_user1,1,READ,0x10003f45000,8192
2318527,large_user0,2,WRITE,0x20006790000,262144
2318642,small_user1,1,WRITE,0x10003f47000,8192
2318875,small_user1,1,WRITE,0x10003f49000,8192
2319015,small_user1,1,READ,0x10003f4b000,8192
2319069,small_user0,0,READ,0x3f15000,8192
2319069,small_user0,0,WRITE,0x3f17000,16384
2319098,small_user1,1,WRITE,0x10003f4d000,16384
2319253,small_user0,0,WRITE,0x3f1b000,16384
2319707,small_user0,0,READ,0x3f1f000,16384
2319724,small_user1,1,READ,0x10003f51000,4096
2320215,small_user1,1,READ,0x10003f52000,4096
2320219,small_user0,0,READ,0x3f23000,16384
2320424,small_user1,1,READ,0x10003f53000,8192
2320439,small_user0,0,READ,0x3f27000,4096
2320501,small_user0,0,READ,0x3f28000,4096
2320575,small_user0,0,READ,0x3f29000,8192
2320645,small_user1,1,WRITE,0x10003f55000,8192
2320694,small_user1,1,WRITE,0x10003f57000,4096
2320750,small_user1,1,READ,0x10003f58000,16384
2320814,small_user1,1,WRITE,0x10003f5c000,8192
2320909,small_user0,0,READ,0x3f2b000,16384
2321044,small_user0,0,READ,0x3f2f000,8192
2321378,small_user0,0,WRITE,0x3f31000,4096
2321395,large_user1,3,WRITE,0x300067c0000,65536
2321553,small_user1,1,WRITE,0x10003f5e000,16384
2321668,small_user1,1,READ,0x10003f62000,4096
2322163,small_user1,1,READ,0x10003f63000,4096
2322351,small_user1,1,WRITE,0x10003f64000,4096
2322358,small_user1,1,WRITE,0x10003f65000,16384
2322446,small_user0,0,READ,0x3f32000,8192
2322635,small_user1,1,READ,0x10003f69000,8192
2322702,small_user0,0,READ,0x3f34000,8192
2322761,small_user0,0,READ,0x3f36000,16384
2323049,small_user0,0,READ,0x3f3a000,16384
2323450,small_user1,1,READ,0x10003f6b000,16384
2323558,large_user1,3,WRITE,0x300067d0000,65536
2324094,small_user1,1,READ,0x10003f6f000,16384
2324153,large_user0,2,WRITE,0x200067d0000,131072
2324161,small_user1,1,READ,0x10003f73000,16384
2324272,small_user0,0,READ,0x3f3e000,8192
2324360,small_user0,0,WRITE,0x3f40000,16384
2324413,small_user1,1,WRITE,0x10003f77000,4096
2324697,small_user1,1,READ,0x10003f78000,16384
2324737,large_user1,3,READ,0x300067e0000,131072
2324841,small_user1,1,WRITE,0x10003f7c000,4096
2324847,small_user1,1,READ,0x10003f7d000,16384
2324858,small_user1,1,READ,0x10003f81000,16384
2325416,small_user0,0,READ,0x3f44000,16384
2325441,small_user1,1,WRITE,0x10003f85000,4096
2325448,small_user0,0,READ,0x3f48000,8192
2325743,small_user1,1,READ,0x10003f86000,4096
2325821,large_user0,2,READ,0x200067f0000,131072
2326109,small_user0,0,READ,0x3f4a000,8192
2326128,small_user0,0,WRITE,0x3f4c000,8192
2326328,small_user1,1,WRITE,0x10003f87000,8192
2326380,small_user0,0,WRITE,0x3f4e000,8192
2326542,small_user1,1,READ,0x10003f89000,16384
2326693,small_user0,0,READ,0x3f50000,16384
2327229,small_user0,0,READ,0x3f54000,4096
2327437,small_user0,0,READ,0x3f55000,16384
2327892,small_user1,1,READ,0x10003f8d000,16384
2328156,small_user0,0,READ,0x3f59000,4096
2328198,large_user1,3,WRITE,0x30006800000,262144
2328199,small_user0,0,READ,0x3f5a000,4096
2328325,small_user1,1,WRITE,0x10003f91000,16384
2328340,small_user0,0,READ,0x3f5b000,8192
2328479,small_user1,1,READ,0x10003f95000,8192
2328510,small_user0,0,READ,0x3f5d000,16384
2328516,small_user1,1,READ,0x10003f97000,8192
2328675,small_user0,0,READ,0x3f61000,4096
2328787,small_user0,0,READ,0x3f62000,8192
2329049,small_user1,1,WRITE,0x10003f99000,16384
2329142,large_user1,3,READ,0x30006840000,65536
2329274,large_user0,2,READ,0x20006810000,262144
2329415,small_user1,1,READ,0x10003f9d000,4096
2329460,small_user0,0,READ,0x3f64000,8192
2329660,small_user1,1,WRITE,0x10003f9e000,8192
2330162,small_user1,1,WRITE,0x10003fa0000,16384
2330247,small_user1,1,READ,0x10003fa4000,16384
2330457,small_user1,1,READ,0x10003fa8000,16384
2330491,small_user1,1,READ,0x10003fac000,4096
2330510,small_user1,1,READ,0x10003fad000,16384
2330777,small_user0,0,WRITE,0x3f66000,8192
2330824,small_user1,1,WRITE,0x10003fb1000,16384
2331064,large_user1,3,WRITE,0x30006850000,65536
2331288,small_user1,1,READ,0x10003fb5000,4096
2331333,small_user1,1,READ,0x10003fb6000,16384
2331530,small_user1,1,READ,0x10003fba000,8192
2331742,small_user0,0,WRITE,0x3f68000,16384
2331874,small_user1,1,READ,0x10003fbc000,8192
2332059,small_user1,1,READ,0x10003fbe000,4096
2332552,large_user0,2,READ,0x20006850000,131072
2332561,small_user0,0,READ,0x3f6c000,4096
2332604,small_user0,0,READ,0x3f6d000,4096
2332633,small_user0,0,READ,0x3f6e000,16384
2332655,small_user0,0,READ,0x3f72000,16384
2332781,small_user0,0,READ,0x3f76000,8192
2333014,small_user1,1,READ,0x10003fbf000,16384
2333815,small_user1,1,READ,0x10003fc3000,8192
2333848,small_user1,1,WRITE,0x10003fc5000,8192
2333990,small_user0,0,WRITE,0x3f78000,8192
2334119,small_user1,1,READ,0x10003fc7000,16384
2334196,small_user1,1,READ,0x10003fcb000,16384
2334360,small_user1,1,READ,0x10003fcf000,8192
2334431,small_user1,1,READ,0x10003fd1000,8192
2335113,small_user0,0,READ,0x3f7a000,8192
2335277,small_user0,0,WRITE,0x3f7c000,4096
2335308,small_user0,0,READ,0x3f7d000,16384
2335669,small_user1,1,READ,0x10003fd3000,8192
2335692,small_user1,1,READ,0x10003fd5000,16384
2335769,small_user1,1,WRITE,0x10003fd9000,4096
2335837,small_user1,1,READ,0x10003fda000,16384
2336044,large_user1,3,READ,0x30006860000,262144
2336159,small_user0,0,WRITE,0x3f81000,4096
2336398,small_user0,0,READ,0x3f82000,16384
2336416,small_user1,1,READ,0x10003fde000,8192
2336672,large_user0,2,READ,0x20006870000,262144
2336961,small_user0,0,READ,0x3f86000,16384
2337171,small_user1,1,READ,0x10003fe0000,8192
2337287,large_user0,2,READ,0x200068b0000,262144
2337316,small_user0,0,READ,0x3f8a000,16384
2337319,small_user0,0,READ,0x3f8e000,8192
2337328,small_user1,1,READ,0x10003fe2000,16384
2337354,small_user1,1,WRITE,0x10003fe6000,8192
2337429,small_user1,1,READ,0x10003fe8000,4096
2337657,small_user1,1,WRITE,0x10003fe9000,16384
2337688,small_user0,0,WRITE,0x3f90000,4096
2337700,small_user0,0,READ,0x3f91000,4096
2337740,small_user0,0,READ,0x3f92000,4096
2337770,small_user0,0,READ,0x3f93000,16384
2337799,small_user1,1,WRITE,0x10003fed000,16384
2337942,small_user1,1,READ,0x10003ff1000,8192
2338053,small_user1,1,READ,0x10003ff3000,8192
2338074,small_user1,1,READ,0x10003ff5000,8192
2338305,small_user0,0,WRITE,0x3f97000,8192
2338360,small_user0,0,READ,0x3f99000,8192
2338387,small_user0,0,WRITE,0x3f9b000,4096
2338446,small_user1,1,WRITE,0x10003ff7000,16384
2338651,small_user1,1,WRITE,0x10003ffb000,16384
2338778,small_user1,1,WRITE,0x10003fff000,4096
2338792,large_user1,3,READ,0x300068a0000,262144
2338822,small_user1,1,READ,0x10004000000,8192
2339160,large_user0,2,READ,0x200068f0000,65536
2339403,small_user1,1,READ,0x10004002000,4096
2339567,small_user1,1,READ,0x10004003000,8192
2339650,large_user0,2,READ,0x20006900000,262144
2339698,small_user0,0,READ,0x3f9c000,16384
2339872,small_user0,0,READ,0x3fa0000,4096
2339987,small_user0,0,WRITE,0x3fa1000,4096
2340116,small_user1,1,READ,0x10004005000,8192
2340312,small_user0,0,READ,0x3fa2000,4096
2340520,small_user1,1,READ,0x10004007000,16384
2340670,small_user0,0,READ,0x3fa3000,16384
2340680,large_user0,2,READ,0x20006940000,65536
2340734,small_user0,0,READ,0x3fa7000,16384
2340789,small_user0,0,WRITE,0x3fab000,4096
2340805,small_user1,1,WRITE,0x1000400b000,8192
2340912,small_user1,1,READ,0x1000400d000,16384
2341019,small_user0,0,READ,0x3fac000,8192
2341131,small_user0,0,READ,0x3fae000,16384
2341200,small_user1,1,READ,0x10004011000,4096
2341323,small_user0,0,WRITE,0x3fb2000,16384
2341687,small_user1,1,READ,0x10004012000,16384
2341931,small_user0,0,READ,0x3fb6000,4096
2342418,small_user0,0,READ,0x3fb7000,16384
2342731,small_user0,0,READ,0x3fbb000,16384
2342863,small_user1,1,READ,0x10004016000,4096
2342991,small_user1,1,READ,0x10004017000,8192
2343364,small_user1,1,WRITE,0x10004019000,8192
2343371,small_user1,1,WRITE,0x1000401b000,16384
2343615,small_user1,1,READ,0x1000401f000,8192
2343631,large_user0,2,READ,0x20006950000,262144
2343919,small_user1,1,READ,0x10004021000,8192
2343967,small_user0,0,READ,0x3fbf000,8192
2344086,small_user1,1,READ,0x10004023000,8192
2344904,small_user0,0,WRITE,0x3fc1000,8192
2345563,small_user1,1,READ,0x10004025000,16384
2345672,small_user0,0,WRITE,0x3fc3000,8192
2346105,small_user0,0,WRITE,0x3fc5000,16384
2346132,small_user1,1,READ,0x10004029000,4096
2346267,small_user0,0,WRITE,0x3fc9000,4096
2346280,small_user0,0,READ,0x3fca000,8192
2346355,small_user0,0,READ,0x3fcc000,16384
2346452,small_user0,0,READ,0x3fd0000,8192
2346508,small_user1,1,READ,0x1000402a000,4096
2346514,small_user0,0,READ,0x3fd2000,4096
2346554,small_user1,1,WRITE,0x1000402b000,16384
2346572,small_user1,1,READ,0x1000402f000,8192
2347090,small_user1,1,READ,0x10004031000,16384
2347215,small_user0,0,READ,0x3fd3000,8192
2347270,small_user1,1,READ,0x10004035000,4096
2347536,small_user0,0,WRITE,0x3fd5000,8192
2347655,small_user1,1,WRITE,0x10004036000,4096
2347809,small_user1,1,READ,0x10004037000,8192
2347832,large_user0,2,WRITE,0x20006990000,131072
2347906,small_user0,0,READ,0x3fd7000,4096
2347978,small_user1,1,READ,0x10004039000,8192
2348149,small_user1,1,READ,0x1000403b000,8192
2348368,large_user0,2,WRITE,0x200069b0000,262144
2348434,large_user0,2,WRITE,0x200069f0000,131072
2348449,small_user1,1,READ,0x1000403d000,16384
2348484,small_user1,1,READ,0x10004041000,8192
2348486,small_user1,1,WRITE,0x10004043000,8192
2348729,large_user0,2,READ,0x20006a10000,262144
2348781,small_user1,1,WRITE,0x10004045000,16384
2348826,small_user0,0,READ,0x3fd8000,8192
2349166,small_user1,1,READ,0x10004049000,4096
2349322,small_user1,1,READ,0x1000404a000,8192
2349440,small_user0,0,READ,0x3fda000,8192
2349712,small_user0,0,READ,0x3fdc000,4096
2349727,small_user0,0,WRITE,0x3fdd000,16384
2349831,small_user1,1,READ,0x1000404c000,8192
2350185,small_user1,1,WRITE,0x1000404e000,16384
2350191,small_user1,1,READ,0x10004052000,16384
2350426,small_user1,1,READ,0x10004056000,4096
2350493,small_user1,1,READ,0x10004057000,16384
2350825,small_user1,1,READ,0x1000405b000,8192
2350890,large_user0,2,WRITE,0x20006a50000,131072
2350897,small_user0,0,READ,0x3fe1000,16384
2351388,small_user0,0,READ,0x3fe5000,4096
2351451,small_user1,1,READ,0x1000405d000,8192
2351525,small_user1,1,WRITE,0x1000405f000,8192
2351777,small_user1,1,READ,0x10004061000,16384
2351867,small_user0,0,READ,0x3fe6000,4096
2351990,small_user0,0,WRITE,0x3fe7000,16384
2352028,small_user1,1,READ,0x10004065000,16384
2352064,small_user1,1,READ,0x10004069000,16384
2352236,large_user1,3,READ,0x300068e0000,65536
2352275,small_user0,0,READ,0x3feb000,16384
2352333,small_user1,1,WRITE,0x1000406d000,4096
2352408,small_user1,1,WRITE,0x1000406e000,4096
2352493,small_user1,1,READ,0x1000406f000,4096
2352577,small_user0,0,READ,0x3fef000,8192
2352665,small_user1,1,READ,0x10004070000,8192
2352736,small_user1,1,READ,0x10004072000,8192
2352768,small_user0,0,WRITE,0x3ff1000,4096
2353037,small_user1,1,READ,0x10004074000,16384
2353706,small_user1,1,READ,0x10004078000,16384
2353802,small_user1,1,READ,0x1000407c000,8192
2354000,small_user1,1,READ,0x1000407e000,8192
2354308,small_user1,1,WRITE,0x10004080000,16384
2354562,small_user1,1,WRITE,0x10004084000,16384
2354633,small_user1,1,WRITE,0x10004088000,4096
2354681,small_user1,1,READ,0x10004089000,4096
2354775,small_user0,0,READ,0x3ff2000,4096
2355066,small_user1,1,READ,0x1000408a000,8192
2355167,small_user0,0,WRITE,0x3ff3000,8192
2355286,small_user1,1,READ,0x1000408c000,4096
2355313,small_user0,0,WRITE,0x3ff5000,8192
2355321,small_user0,0,READ,0x3ff7000,8192
2355338,small_user0,0,READ,0x3ff9000,16384
2355395,small_user1,1,READ,0x1000408d000,4096
2355605,small_user0,0,READ,0x3ffd000,8192
2355758,small_user0,0,READ,0x3fff000,8192
2355875,small_user0,0,READ,0x4001000,8192
2355957,small_user1,1,READ,0x1000408e000,16384
2356055,small_user0,0,READ,0x4003000,8192
2356221,small_user1,1,WRITE,0x10004092000,8192
2356431,small_user1,1,WRITE,0x10004094000,16384
2356907,small_user1,1,READ,0x10004098000,4096
2357041,small_user1,1,READ,0x10004099000,16384
2357202,small_user1,1,READ,0x1000409d000,8192
2357394,small_user1,1,WRITE,0x1000409f000,16384
2357398,small_user0,0,READ,0x4005000,16384
2357426,small_user1,1,READ,0x100040a3000,4096
2357436,small_user0,0,READ,0x4009000,4096
2357740,small_user0,0,READ,0x400a000,8192
2358189,small_user1,1,READ,0x100040a4000,16384
2358410,small_user0,0,READ,0x400c000,8192
2358590,small_user1,1,READ,0x100040a8000,8192
2359017,small_user0,0,READ,0x400e000,8192
2359091,small_user1,1,READ,0x100040aa000,4096
2359271,small_user1,1,READ,0x100040ab000,8192
2359436,small_user0,0,READ,0x4010000,8192
2359612,small_user1,1,READ,0x100040ad000,4096
2359691,small_user0,0,READ,0x4012000,8192
2359714,small_user1,1,READ,0x100040ae000,4096
2359731,small_user1,1,READ,0x100040af000,8192
2359936,small_user0,0,WRITE,0x4014000,4096
2360363,small_user1,1,READ,0x100040b1000,8192
2360448,small_user0,0,READ,0x4015000,4096
2360685,small_user0,0,READ,0x4016000,16384
2360966,small_user0,0,READ,0x401a000,16384
2361172,small_user1,1,READ,0x100040b3000,4096
2361215,small_user0,0,READ,0x401e000,16384
2361302,small_user0,0,READ,0x4022000,8192
2361455,small_user0,0,READ,0x4024000,8192
2361486,large_user0,2,READ,0x20006a70000,65536
2361789,small_user1,1,READ,0x100040b4000,8192
2361815,small_user1,1,READ,0x100040b6000,8192
2361899,small_user0,0,READ,0x4026000,4096
2362147,small_user0,0,READ,0x4027000,16384
2362236,small_user0,0,READ,0x402b000,16384
2362551,small_user1,1,READ,0x100040b8000,8192
2362815,small_user1,1,READ,0x100040ba000,16384
2362833,small_user1,1,WRITE,0x100040be000,8192
2362911,small_user0,0,READ,0x402f000,4096
2362974,small_user0,0,READ,0x4030000,8192
2363016,small_user0,0,READ,0x4032000,16384
2363298,small_user1,1,READ,0x100040c0000,8192
2363311,small_user1,1,READ,0x100040c2000,16384
2363432,small_user1,1,WRITE,0x100040c6000,16384
2363644,small_user0,0,READ,0x4036000,8192
2364006,small_user1,1,READ,0x100040ca000,16384
2364144,small_user0,0,READ,0x4038000,8192
2364446,small_user1,1,READ,0x100040ce000,16384
2364480,small_user1,1,READ,0x100040d2000,4096
2364543,small_user1,1,READ,0x100040d3000,4096
2364719,small_user0,0,WRITE,0x403a000,8192
2364775,small_user0,0,READ,0x403c000,8192
2364843,small_user1,1,READ,0x100040d4000,16384
2365314,small_user0,0,WRITE,0x403e000,8192
2365323,small_user1,1,READ,0x100040d8000,4096
2365626,small_user1,1,WRITE,0x100040d9000,16384
2365651,small_user0,0,READ,0x4040000,16384
2365716,small_user0,0,WRITE,0x4044000,4096
2365854,small_user0,0,READ,0x4045000,4096
2366130,small_user0,0,READ,0x4046000,8192
2366148,small_user1,1,READ,0x100040dd000,8192
2366205,small_user0,0,WRITE,0x4048000,16384
2366480,small_user0,0,READ,0x404c000,8192
2366487,large_user0,2,READ,0x20006a80000,65536
2367374,small_user0,0,READ,0x404e000,16384
2367535,small_user1,1,READ,0x100040df000,4096
2367607,small_user0,0,READ,0x4052000,16384
2367642,large_user1,3,READ,0x300068f0000,262144
2367665,small_user1,1,READ,0x100040e0000,4096
2367747,small_user0,0,WRITE,0x4056000,16384
2368103,small_user1,1,WRITE,0x100040e1000,8192
2368142,small_user1,1,READ,0x100040e3000,4096
2368148,small_user0,0,READ,0x405a000,4096
2368214,small_user0,0,READ,0x405b000,4096
2368497,large_user1,3,WRITE,0x30006930000,65536
2368775,small_user1,1,WRITE,0x100040e4000,8192
2368786,small_user0,0,WRITE,0x405c000,4096
2368907,small_user1,1,WRITE,0x100040e6000,16384
2369228,small_user1,1,READ,0x100040ea000,8192
2369281,small_user1,1,READ,0x100040ec000,8192
2369506,small_user0,0,READ,0x405d000,4096
2369697,small_user0,0,READ,0x405e000,4096
2369753,small_user0,0,WRITE,0x405f000,4096
2369863,small_user0,0,READ,0x4060000,8192
2369866,small_user0,0,READ,0x4062000,8192
2370004,small_user1,1,READ,0x100040ee000,4096
2370087,small_user0,0,WRITE,0x4064000,4096
2370174,small_user0,0,WRITE,0x4065000,8192
2370401,small_user1,1,READ,0x100040ef000,4096
2370507,small_user0,0,READ,0x4067000,16384
2370658,small_user1,1,READ,0x100040f0000,4096
2371372,small_user1,1,READ,0x100040f1000,4096
2371522,small_user0,0,READ,0x406b000,4096
2371524,small_user1,1,READ,0x100040f2000,8192
2371557,small_user1,1,READ,0x100040f4000,8192
2371611,small_user1,1,READ,0x100040f6000,8192
2371951,small_user0,0,WRITE,0x406c000,8192
2371995,small_user0,0,READ,0x406e000,16384
2372643,small_user0,0,READ,0x4072000,8192
2372686,small_user1,1,READ,0x100040f8000,8192
2373048,small_user1,1,READ,0x100040fa000,8192
2373292,small_user1,1,READ,0x100040fc000,4096
2373493,small_user0,0,READ,0x4074000,8192
2373540,small_user0,0,READ,0x4076000,8192
2373630,small_user0,0,READ,0x4078000,4096
2373853,small_user1,1,READ,0x100040fd000,4096
2373889,small_user0,0,READ,0x4079000,4096
2374248,small_user0,0,READ,0x407a000,8192
2374292,small_user1,1,READ,0x100040fe000,16384
2374300,small_user0,0,WRITE,0x407c000,16384
2374356,small_user0,0,READ,0x4080000,16384
2374393,small_user0,0,READ,0x4084000,8192
2374394,small_user1,1,READ,0x10004102000,4096
2374409,small_user0,0,WRITE,0x4086000,16384
2374475,small_user0,0,READ,0x408a000,16384
2374819,small_user0,0,READ,0x408e000,8192
2375045,small_user1,1,WRITE,0x10004103000,8192
2375731,small_user0,0,READ,0x4090000,8192
2375760,small_user1,1,READ,0x10004105000,16384
2375790,small_user0,0,READ,0x4092000,16384
2376107,large_user0,2,WRITE,0x20006a90000,131072
2376113,small_user1,1,READ,0x10004109000,16384
2376887,small_user1,1,READ,0x1000410d000,16384
2376932,small_user1,1,READ,0x10004111000,8192
2377256,small_user1,1,READ,0x10004113000,8192
2377331,small_user1,1,WRITE,0x10004115000,4096
2377610,small_user0,0,READ,0x4096000,16384
2377836,small_user1,1,WRITE,0x10004116000,8192
2378025,small_user1,1,READ,0x10004118000,8192
2378238,small_user0,0,READ,0x409a000,16384
2378250,small_user1,1,READ,0x1000411a000,16384
2378368,small_user1,1,READ,0x1000411e000,4096
2378472,large_user0,2,READ,0x20006ab0000,262144
2378518,small_user0,0,WRITE,0x409e000,4096
2378534,small_user1,1,READ,0x1000411f000,4096
2378577,small_user0,0,READ,0x409f000,16384
2378631,small_user1,1,WRITE,0x10004120000,8192
2378824,small_user1,1,READ,0x10004122000,8192
2379039,small_user0,0,WRITE,0x40a3000,4096
2379040,small_user1,1,READ,0x10004124000,16384
2379069,small_user1,1,READ,0x10004128000,16384
2379132,small_user0,0,WRITE,0x40a4000,16384
2379167,small_user1,1,WRITE,0x1000412c000,8192
2379209,small_user1,1,WRITE,0x1000412e000,4096
2379318,small_user1,1,READ,0x1000412f000,16384
2379323,small_user0,0,READ,0x40a8000,16384
2379344,small_user0,0,WRITE,0x40ac000,4096
2379475,small_user0,0,WRITE,0x40ad000,8192
2379507,small_user0,0,READ,0x40af000,8192
2379624,small_user0,0,WRITE,0x40b1000,8192
2379641,small_user0,0,READ,0x40b3000,4096
2379667,small_user0,0,READ,0x40b4000,8192
2379730,small_user0,0,WRITE,0x40b6000,4096
2379949,small_user1,1,WRITE,0x10004133000,4096
2380661,small_user0,0,READ,0x40b7000,8192
2380837,small_user0,0,READ,0x40b9000,8192
2380856,small_user1,1,READ,0x10004134000,8192
2380911,small_user1,1,WRITE,0x10004136000,16384
2380994,small_user0,0,WRITE,0x40bb000,4096
2380996,small_user1,1,READ,0x1000413a000,16384
2381211,large_user0,2,WRITE,0x20006af0000,262144
2381433,small_user0,0,READ,0x40bc000,4096
2381643,small_user0,0,WRITE,0x40bd000,4096
2381711,small_user1,1,READ,0x1000413e000,8192
2381766,small_user0,0,READ,0x40be000,4096
2381783,small_user1,1,READ,0x10004140000,4096
2381841,large_user0,2,READ,0x20006b30000,131072
2381975,large_user0,2,READ,0x20006b50000,262144
2382348,small_user1,1,WRITE,0x10004141000,16384
2382427,small_user0,0,READ,0x40bf000,16384
2382826,small_user0,0,READ,0x40c3000,4096
2382876,small_user1,1,READ,0x10004145000,16384
2383074,small_user0,0,WRITE,0x40c4000,16384
2383167,small_user0,0,READ,0x40c8000,4096
2383264,small_user0,0,WRITE,0x40c9000,16384
2383425,small_user0,0,READ,0x40cd000,4096
2383481,small_user0,0,WRITE,0x40ce000,8192
2383481,small_user1,1,WRITE,0x10004149000,16384
2383615,small_user0,0,WRITE,0x40d0000,4096
2384410,small_user0,0,READ,0x40d1000,4096
2384430,small_user1,1,READ,0x1000414d000,16384
2384472,small_user1,1,WRITE,0x10004151000,16384
2384548,large_user1,3,READ,0x30006940000,65536
2384737,small_user1,1,READ,0x10004155000,4096
2384928,large_user1,3,READ,0x30006950000,65536
2385153,small_user1,1,READ,0x10004156000,16384
2385173,small_user1,1,READ,0x1000415a000,4096
2385279,small_user0,0,READ,0x40d2000,4096
2385293,small_user1,1,WRITE,0x1000415b000,4096
2385555,small_user0,0,READ,0x40d3000,4096
2385606,small_user1,1,READ,0x1000415c000,16384
2385682,small_user1,1,READ,0x10004160000,4096
2385912,small_user1,1,READ,0x10004161000,8192
2386009,small_user0,0,READ,0x40d4000,8192
2386012,small_user0,0,READ,0x40d6000,16384
2386120,small_user0,0,WRITE,0x40da000,8192
2386177,small_user0,0,WRITE,0x40dc000,16384
2386248,small_user0,0,READ,0x40e0000,8192
2386491,small_user1,1,WRITE,0x10004163000,16384
2386610,small_user1,1,WRITE,0x10004167000,8192
2386627,small_user0,0,READ,0x40e2000,4096
2386634,small_user1,1,WRITE,0x10004169000,8192
2386665,small_user0,0,READ,0x40e3000,4096
2386956,small_user0,0,READ,0x40e4000,8192
2387127,small_user1,1,READ,0x1000416b000,16384
2387160,small_user0,0,READ,0x40e6000,8192
2387169,small_user0,0,READ,0x40e8000,4096
2387191,small_user0,0,READ,0x40e9000,4096
2387250,small_user0,0,READ,0x40ea000,8192
2387295,small_user1,1,READ,0x1000416f000,4096
2387302,small_user1,1,WRITE,0x10004170000,4096
2387461,small_user0,0,READ,0x40ec000,16384
2387592,small_user0,0,WRITE,0x40f0000,4096
2387612,small_user0,0,READ,0x40f1000,16384
2387760,small_user1,1,READ,0x10004171000,4096
2387777,small_user0,0,READ,0x40f5000,8192
2387834,small_user1,1,WRITE,0x10004172000,4096
2387998,small_user0,0,READ,0x40f7000,4096
2388052,small_user0,0,READ,0x40f8000,16384
2388073,small_user0,0,READ,0x40fc000,4096
2388149,small_user1,1,WRITE,0x10004173000,16384
2388399,large_user1,3,WRITE,0x30006960000,131072
2388664,small_user1,1,READ,0x10004177000,4096
2388692,small_user0,0,READ,0x40fd000,16384
2388835,small_user1,1,WRITE,0x10004178000,16384
2388934,small_user1,1,WRITE,0x1000417c000,4096
2389115,small_user0,0,READ,0x4101000,8192
2389274,small_user0,0,READ,0x4103000,4096
2389347,small_user0,0,READ,0x4104000,16384
2389395,small_user1,1,READ,0x1000417d000,4096
2389713,small_user1,1,READ,0x1000417e000,8192
2389952,small_user0,0,READ,0x4108000,8192
2390138,small_user0,0,WRITE,0x410a000,8192
2390249,small_user0,0,READ,0x410c000,16384
2390397,small_user1,1,READ,0x10004180000,16384
2390511,small_user1,1,READ,0x10004184000,4096
2390567,small_user1,1,READ,0x10004185000,8192
2390582,large_user0,2,WRITE,0x20006b90000,131072
2390850,small_user0,0,WRITE,0x4110000,4096
2391040,small_user0,0,READ,0x4111000,8192
2391227,small_user0,0,READ,0x4113000,4096
2391304,large_user1,3,WRITE,0x30006980000,131072
2391397,small_user1,1,READ,0x10004187000,16384
2391556,small_user1,1,READ,0x1000418b000,16384
2391760,small_user0,0,WRITE,0x4114000,8192
2391898,small_user1,1,READ,0x1000418f000,16384
2392130,small_user0,0,READ,0x4116000,4096
2392306,small_user1,1,WRITE,0x10004193000,8192
2393221,small_user1,1,READ,0x10004195000,4096
2393310,small_user1,1,WRITE,0x10004196000,4096
2393423,small_user1,1,WRITE,0x10004197000,16384
2393569,small_user0,0,WRITE,0x4117000,16384
2393619,large_user0,2,READ,0x20006bb0000,65536
2393851,large_user0,2,WRITE,0x20006bc0000,131072
2394412,small_user1,1,READ,0x1000419b000,4096
2394878,small_user0,0,READ,0x411b000,16384
2394919,small_user1,1,READ,0x1000419c000,16384
2395269,small_user1,1,READ,0x100041a0000,8192
2395372,small_user1,1,READ,0x100041a2000,8192
2395501,large_user1,3,READ,0x300069a0000,131072
2395683,small_user0,0,READ,0x411f000,4096
2395807,large_user0,2,WRITE,0x20006be0000,262144
2395939,small_user0,0,READ,0x4120000,16384
2396150,small_user1,1,READ,0x100041a4000,4096
2396435,small_user1,1,READ,0x100041a5000,8192
2396671,small_user1,1,READ,0x100041a7000,16384
2396944,large_user1,3,READ,0x300069c0000,65536
2397162,small_user1,1,READ,0x100041ab000,8192
2397211,small_user1,1,WRITE,0x100041ad000,8192
2397593,small_user1,1,READ,0x100041af000,4096
2397683,large_user1,3,READ,0x300069d0000,65536
2398066,small_user0,0,READ,0x4124000,16384
2398165,small_user0,0,WRITE,0x4128000,16384
2398373,small_user1,1,READ,0x100041b0000,4096
2398405,small_user1,1,WRITE,0x100041b1000,8192
2398418,small_user0,0,WRITE,0x412c000,4096
2398458,small_user0,0,READ,0x412d000,16384
2398487,small_user1,1,WRITE,0x100041b3000,4096
2398683,small_user1,1,READ,0x100041b4000,8192
2398915,small_user1,1,READ,0x100041b6000,8192
2398919,small_user0,0,WRITE,0x4131000,8192
2399060,small_user1,1,READ,0x100041b8000,16384
2399104,small_user0,0,READ,0x4133000,4096
2399387,small_user0,0,WRITE,0x4134000,8192
2399535,small_user0,0,READ,0x4136000,8192
2399619,small_user1,1,READ,0x100041bc000,8192
2400837,small_user0,0,WRITE,0x4138000,16384
2400877,small_user0,0,READ,0x413c000,8192
2401058,small_user0,0,READ,0x413e000,4096
2401423,small_user1,1,READ,0x100041be000,16384
2401517,small_user0,0,WRITE,0x413f000,4096
2401530,small_user1,1,WRITE,0x100041c2000,16384
2401568,small_user1,1,READ,0x100041c6000,8192
2401675,small_user1,1,WRITE,0x100041c8000,16384
2401848,small_user1,1,READ,0x100041cc000,4096
2401859,small_user0,0,READ,0x4140000,8192
2402173,small_user0,0,READ,0x4142000,8192
2402185,small_user1,1,READ,0x100041cd000,16384
2402205,small_user1,1,WRITE,0x100041d1000,8192
2402240,small_user0,0,READ,0x4144000,16384
2402368,small_user0,0,READ,0x4148000,16384
2402683,small_user0,0,READ,0x414c000,8192
2402926,small_user0,0,READ,0x414e000,4096
2402929,small_user1,1,READ,0x100041d3000,4096
2402930,small_user1,1,WRITE,0x100041d4000,16384
2402946,small_user1,1,WRITE,0x100041d8000,16384
2403109,small_user0,0,READ,0x414f000,16384
2403733,large_user1,3,READ,0x300069e0000,131072
2403875,small_user0,0,READ,0x4153000,4096
2404421,small_user0,0,WRITE,0x4154000,16384
2405039,small_user0,0,READ,0x4158000,16384
2405291,small_user1,1,READ,0x100041dc000,16384
2405557,large_user1,3,WRITE,0x30006a00000,262144
2405798,small_user1,1,WRITE,0x100041e0000,8192
2405889,small_user0,0,WRITE,0x415c000,4096
2406172,small_user1,1,WRITE,0x100041e2000,4096
2406307,small_user0,0,READ,0x415d000,4096
2406377,small_user0,0,READ,0x415e000,8192
2406611,small_user1,1,WRITE,0x100041e3000,16384
2406853,small_user0,0,WRITE,0x4160000,8192
2407031,small_user1,1,READ,0x100041e7000,8192
2407234,small_user1,1,READ,0x100041e9000,16384
2407344,small_user0,0,READ,0x4162000,8192
2407506,small_user0,0,READ,0x4164000,16384
2407568,small_user1,1,READ,0x100041ed000,4096
2407622,large_user0,2,READ,0x20006c20000,131072
2407675,small_user0,0,READ,0x4168000,8192
2407944,small_user1,1,READ,0x100041ee000,4096
2408118,small_user0,0,READ,0x416a000,4096
2408169,small_user0,0,WRITE,0x416b000,8192
2408183,small_user1,1,READ,0x100041ef000,16384
2408381,small_user0,0,WRITE,0x416d000,16384
2408504,small_user1,1,WRITE,0x100041f3000,8192
2408540,small_user1,1,READ,0x100041f5000,16384
2408715,small_user1,1,READ,0x100041f9000,8192
2408855,small_user1,1,READ,0x100041fb000,8192
2408913,small_user1,1,WRITE,0x100041fd000,16384
2408998,small_user0,0,WRITE,0x4171000,4096
2409100,small_user0,0,WRITE,0x4172000,8192
2409540,small_user0,0,READ,0x4174000,8192
2410267,small_user0,0,READ,0x4176000,4096
2410435,small_user0,0,WRITE,0x4177000,8192
2410491,small_user1,1,READ,0x10004201000,4096
2411093,small_user0,0,READ,0x4179000,16384
2411101,small_user0,0,READ,0x417d000,8192
2411121,small_user0,0,READ,0x417f000,4096
2411245,small_user0,0,READ,0x4180000,16384
2411433,small_user1,1,WRITE,0x10004202000,4096
2411550,small_user0,0,READ,0x4184000,8192
2411726,small_user0,0,WRITE,0x4186000,8192
2411878,small_user0,0,WRITE,0x4188000,4096
2411986,large_user1,3,READ,0x30006a40000,65536
2412340,small_user0,0,READ,0x4189000,8192
2412376,small_user0,0,READ,0x418b000,4096
2412474,small_user0,0,READ,0x418c000,8192
2412507,small_user0,0,READ,0x418e000,8192
2412835,small_user0,0,WRITE,0x4190000,16384
2413062,small_user0,0,READ,0x4194000,8192
2413267,small_user0,0,READ,0x4196000,16384
2413278,large_user0,2,WRITE,0x20006c40000,65536
2413362,small_user1,1,WRITE,0x10004203000,4096
2413491,small_user1,1,WRITE,0x10004204000,4096
2413547,small_user0,0,READ,0x419a000,4096
2413628,small_user1,1,WRITE,0x10004205000,16384
2413684,small_user1,1,READ,0x10004209000,4096
2413708,small_user0,0,WRITE,0x419b000,8192
2413841,large_user0,2,READ,0x20006c50000,65536
2413951,large_user1,3,READ,0x30006a50000,262144
2413960,small_user1,1,READ,0x1000420a000,8192
2413991,small_user1,1,WRITE,0x1000420c000,16384
2414374,large_user1,3,READ,0x30006a90000,262144
2414388,small_user0,0,READ,0x419d000,8192
2414538,small_user0,0,READ,0x419f000,8192
2414587,small_user0,0,READ,0x41a1000,16384
2414908,small_user1,1,WRITE,0x10004210000,16384
2414929,small_user0,0,READ,0x41a5000,4096
2415031,large_user1,3,READ,0x30006ad0000,65536
2415244,small_user0,0,READ,0x41a6000,4096
2415343,small_user1,1,READ,0x10004214000,8192
2415575,large_user1,3,READ,0x30006ae0000,131072
2415602,small_user0,0,READ,0x41a7000,16384
2415624,small_user1,1,WRITE,0x10004216000,4096
2415704,small_user0,0,READ,0x41ab000,8192
2415940,small_user0,0,READ,0x41ad000,8192
2415974,small_user1,1,WRITE,0x10004217000,16384
2416040,small_user0,0,READ,0x41af000,4096
2416071,small_user0,0,READ,0x41b0000,4096
2416104,small_user1,1,READ,0x1000421b000,4096
2416602,small_user1,1,READ,0x1000421c000,16384
2416650,small_user0,0,READ,0x41b1000,16384
2416687,large_user1,3,WRITE,0x30006b00000,262144
2416853,small_user0,0,READ,0x41b5000,16384
2416856,small_user0,0,WRITE,0x41b9000,8192
2416863,small_user0,0,READ,0x41bb000,16384
2416871,small_user0,0,WRITE,0x41bf000,16384
2416886,small_user1,1,WRITE,0x10004220000,16384
2416951,small_user0,0,READ,0x41c3000,4096
2417045,small_user0,0,WRITE,0x41c4000,16384
2417051,small_user1,1,READ,0x10004224000,4096
2417123,small_user0,0,READ,0x41c8000,8192
2417311,small_user1,1,WRITE,0x10004225000,8192
2417692,small_user1,1,READ,0x10004227000,8192
2417746,small_user0,0,WRITE,0x41ca000,8192
2418289,small_user0,0,READ,0x41cc000,4096
2418366,small_user1,1,WRITE,0x10004229000,16384
2418448,small_user1,1,READ,0x1000422d000,4096
2418689,small_user0,0,READ,0x41cd000,8192
2418768,small_user1,1,WRITE,0x1000422e000,4096
2418900,small_user1,1,READ,0x1000422f000,8192
2418945,large_user0,2,READ,0x20006c60000,65536
2419041,small_user1,1,READ,0x10004231000,16384
2419360,small_user0,0,READ,0x41cf000,8192
2419474,small_user0,0,WRITE,0x41d1000,8192
2419633,small_user1,1,READ,0x10004235000,16384
2419728,small_user0,0,READ,0x41d3000,8192
2420005,small_user1,1,READ,0x10004239000,16384
2420410,small_user1,1,READ,0x1000423d000,16384
2420457,small_user0,0,READ,0x41d5000,4096
2420462,large_user0,2,WRITE,0x20006c70000,262144
2420743,small_user1,1,READ,0x10004241000,16384
2420854,small_user1,1,READ,0x10004245000,8192
2420933,small_user0,0,READ,0x41d6000,16384
2421033,small_user0,0,READ,0x41da000,16384
2421357,small_user0,0,READ,0x41de000,8192
2421530,small_user1,1,READ,0x10004247000,16384
2421742,small_user0,0,READ,0x41e0000,8192
2421865,small_user0,0,READ,0x41e2000,16384
2421936,small_user0,0,READ,0x41e6000,8192
2422033,small_user1,1,READ,0x1000424b000,16384
2422219,small_user0,0,WRITE,0x41e8000,4096
2422265,small_user0,0,READ,0x41e9000,16384
2422303,small_user0,0,READ,0x41ed000,4096
2422390,small_user0,0,READ,0x41ee000,4096
2422453,small_user1,1,READ,0x1000424f000,4096
2422536,small_user1,1,READ,0x10004250000,8192
2422732,small_user1,1,READ,0x10004252000,8192
2422859,small_user0,0,READ,0x41ef000,4096
2422867,small_user1,1,WRITE,0x10004254000,16384
2422886,small_user1,1,READ,0x10004258000,16384
2422945,small_user0,0,READ,0x41f0000,8192
2422985,small_user0,0,READ,0x41f2000,4096
2423037,small_user1,1,WRITE,0x1000425c000,8192
2423096,large_user1,3,WRITE,0x30006b40000,262144
2423617,small_user0,0,READ,0x41f3000,16384
2423787,small_user1,1,READ,0x1000425e000,4096
2423993,large_user1,3,READ,0x30006b80000,131072
2424001,small_user1,1,READ,0x1000425f000,16384
2424570,large_user1,3,READ,0x30006ba0000,262144
2424637,small_user0,0,READ,0x41f7000,8192
2424807,small_user0,0,READ,0x41f9000,16384
2424825,small_user0,0,WRITE,0x41fd000,8192
2424870,small_user0,0,WRITE,0x41ff000,4096
2424880,small_user0,0,READ,0x4200000,16384
2424888,small_user1,1,WRITE,0x10004263000,4096
2425097,small_user1,1,WRITE,0x10004264000,8192
2425114,small_user1,1,READ,0x10004266000,8192
2425626,small_user0,0,READ,0x4204000,8192
2425933,small_user1,1,READ,0x10004268000,4096
2426009,small_user0,0,WRITE,0x4206000,4096
2426053,small_user0,0,READ,0x4207000,8192
2426463,small_user0,0,WRITE,0x4209000,4096
2426508,small_user1,1,READ,0x10004269000,8192
2426702,small_user0,0,READ,0x420a000,16384
2426857,small_user0,0,READ,0x420e000,8192
2427293,small_user1,1,READ,0x1000426b000,4096
2427309,small_user0,0,READ,0x4210000,4096
2427808,small_user1,1,READ,0x1000426c000,16384
2427850,small_user0,0,READ,0x4211000,16384
2427951,small_user1,1,READ,0x10004270000,4096
2428121,small_user0,0,WRITE,0x4215000,16384
2428157,small_user1,1,READ,0x10004271000,8192
2428302,small_user0,0,WRITE,0x4219000,8192
2428522,small_user1,1,WRITE,0x10004273000,4096
2429138,small_user0,0,WRITE,0x421b000,4096
2429163,large_user1,3,WRITE,0x30006be0000,65536
2429353,small_user1,1,WRITE,0x10004274000,4096
2430094,small_user0,0,WRITE,0x421c000,8192
2430112,small_user1,1,READ,0x10004275000,4096
2430173,small_user1,1,READ,0x10004276000,8192
2430523,small_user1,1,READ,0x10004278000,16384
2430592,small_user1,1,READ,0x1000427c000,8192
2430622,small_user0,0,WRITE,0x421e000,8192
2431110,small_user0,0,READ,0x4220000,16384
2431114,small_user0,0,WRITE,0x4224000,8192
2431284,large_user1,3,READ,0x30006bf0000,65536
2431386,large_user0,2,READ,0x20006cb0000,131072
2431692,small_user1,1,READ,0x1000427e000,8192
2432331,small_user1,1,READ,0x10004280000,8192
2432388,small_user1,1,WRITE,0x10004282000,16384
2432688,small_user1,1,READ,0x10004286000,16384
2432815,small_user0,0,READ,0x4226000,4096
2432831,small_user0,0,READ,0x4227000,16384
2432862,large_user0,2,READ,0x20006cd0000,65536
2433054,small_user0,0,WRITE,0x422b000,8192
2433069,small_user1,1,READ,0x1000428a000,4096
2433255,small_user1,1,WRITE,0x1000428b000,4096
2433373,small_user1,1,WRITE,0x1000428c000,4096
2433435,small_user1,1,READ,0x1000428d000,4096
2433514,small_user1,1,READ,0x1000428e000,4096
2433768,small_user1,1,WRITE,0x1000428f000,4096
2434099,small_user0,0,READ,0x422d000,4096
2434115,small_user0,0,READ,0x422e000,16384
2434276,small_user0,0,READ,0x4232000,16384
2434341,small_user0,0,READ,0x4236000,8192
2434627,small_user0,0,READ,0x4238000,16384
2435062,small_user1,1,READ,0x10004290000,16384
2435130,small_user0,0,READ,0x423c000,16384
2435144,small_user0,0,WRITE,0x4240000,16384
2435184,small_user1,1,READ,0x10004294000,4096
2435294,small_user0,0,READ,0x4244000,16384
2435519,small_user0,0,READ,0x4248000,4096
2435537,small_user1,1,WRITE,0x10004295000,4096
2435864,small_user1,1,READ,0x10004296000,16384
2435969,small_user1,1,READ,0x1000429a000,4096
2436054,small_user1,1,WRITE,0x1000429b000,4096
2436072,small_user1,1,READ,0x1000429c000,8192
2436256,small_user0,0,READ,0x4249000,16384
2436414,small_user0,0,WRITE,0x424d000,8192
2437126,small_user0,0,WRITE,0x424f000,16384
2437131,small_user1,1,READ,0x1000429e000,16384
2437239,small_user0,0,WRITE,0x4253000,8192
2437518,small_user1,1,READ,0x100042a2000,8192
2437632,small_user0,0,WRITE,0x4255000,16384
2437712,small_user0,0,READ,0x4259000,16384
2437773,small_user1,1,READ,0x100042a4000,4096
2437954,small_user0,0,WRITE,0x425d000,16384
2437958,small_user1,1,WRITE,0x100042a5000,4096
2438052,small_user0,0,READ,0x4261000,16384
2438080,small_user1,1,READ,0x100042a6000,16384
2438092,small_user0,0,READ,0x4265000,4096
2438284,large_user0,2,READ,0x20006ce0000,262144
2438411,small_user0,0,READ,0x4266000,4096
2438617,small_user0,0,READ,0x4267000,4096
2438665,small_user0,0,READ,0x4268000,8192
2438697,small_user1,1,READ,0x100042aa000,4096
2438851,small_user1,1,READ,0x100042ab000,8192
2438885,small_user0,0,WRITE,0x426a000,16384
2438965,small_user0,0,WRITE,0x426e000,8192
2439100,large_user1,3,READ,0x30006c00000,65536
2439195,small_user0,0,READ,0x4270000,16384
2439343,small_user1,1,READ,0x100042ad000,16384
2439454,small_user0,0,READ,0x4274000,8192
2439554,large_user1,3,READ,0x30006c10000,131072
2439618,small_user0,0,READ,0x4276000,8192
2439726,small_user0,0,READ,0x4278000,8192
2439816,small_user0,0,READ,0x427a000,8192
2439967,small_user0,0,READ,0x427c000,4096
2439974,small_user0,0,READ,0x427d000,8192
2440110,small_user0,0,READ,0x427f000,4096
2441036,small_user0,0,WRITE,0x4280000,16384
2441409,small_user1,1,READ,0x100042b1000,4096
2441706,small_user1,1,READ,0x100042b2000,16384
2441753,small_user0,0,READ,0x4284000,8192
2441813,small_user1,1,WRITE,0x100042b6000,16384
2441928,small_user1,1,READ,0x100042ba000,4096
2442004,small_user1,1,READ,0x100042bb000,8192
2442032,small_user1,1,WRITE,0x100042bd000,16384
2442092,large_user1,3,WRITE,0x30006c30000,131072
2442314,small_user1,1,READ,0x100042c1000,4096
2443250,small_user0,0,READ,0x4286000,4096
2443403,small_user1,1,READ,0x100042c2000,16384
2443667,small_user1,1,READ,0x100042c6000,4096
2443889,large_user1,3,WRITE,0x30006c50000,131072
2444285,small_user1,1,READ,0x100042c7000,4096
2444373,small_user0,0,READ,0x4287000,8192
2444706,small_user0,0,READ,0x4289000,4096
2444976,small_user0,0,WRITE,0x428a000,16384
2445033,small_user1,1,WRITE,0x100042c8000,8192
2445076,small_user0,0,WRITE,0x428e000,4096
2445136,small_user1,1,WRITE,0x100042ca000,16384
2445147,small_user0,0,WRITE,0x428f000,4096
2445297,small_user0,0,WRITE,0x4290000,4096
2445482,small_user1,1,READ,0x100042ce000,16384
2446440,small_user0,0,READ,0x4291000,16384
2446457,large_user1,3,READ,0x30006c70000,262144
2446851,large_user0,2,WRITE,0x20006d20000,65536
2446868,small_user0,0,READ,0x4295000,4096
2447016,small_user1,1,WRITE,0x100042d2000,16384
2447074,small_user1,1,WRITE,0x100042d6000,8192
2447278,small_user1,1,READ,0x100042d8000,4096
2447354,small_user0,0,READ,0x4296000,4096
2447448,small_user1,1,WRITE,0x100042d9000,16384
2447449,small_user0,0,WRITE,0x4297000,8192
2447652,small_user1,1,WRITE,0x100042dd000,4096
2447751,small_user0,0,WRITE,0x4299000,4096
2448043,small_user0,0,READ,0x429a000,8192
2448048,small_user0,0,READ,0x429c000,4096
2448255,small_user1,1,READ,0x100042de000,8192
2448285,small_user1,1,READ,0x100042e0000,8192
2448343,small_user1,1,READ,0x100042e2000,4096
2448604,small_user0,0,WRITE,0x429d000,16384
2448895,small_user1,1,READ,0x100042e3000,8192
2449213,small_user1,1,READ,0x100042e5000,16384
2449415,small_user0,0,WRITE,0x42a1000,4096
2449580,small_user0,0,WRITE,0x42a2000,8192
2449667,small_user0,0,WRITE,0x42a4000,4096
2450485,small_user1,1,READ,0x100042e9000,4096
2450610,small_user0,0,READ,0x42a5000,16384
2450655,small_user1,1,READ,0x100042ea000,4096
2450748,small_user1,1,READ,0x100042eb000,4096
2450751,small_user0,0,WRITE,0x42a9000,16384
2450915,small_user1,1,READ,0x100042ec000,8192
2451026,small_user1,1,READ,0x100042ee000,8192
2451135,small_user1,1,WRITE,0x100042f0000,8192
2451386,small_user0,0,WRITE,0x42ad000,8192
2452005,small_user0,0,READ,0x42af000,4096
2452088,small_user1,1,WRITE,0x100042f2000,4096
2452496,small_user0,0,WRITE,0x42b0000,16384
2452970,small_user0,0,WRITE,0x42b4000,8192
2453057,small_user0,0,WRITE,0x42b6000,4096
2453370,large_user1,3,WRITE,0x30006cb0000,262144
2453597,small_user1,1,READ,0x100042f3000,16384
2453716,small_user1,1,WRITE,0x100042f7000,4096
2454029,small_user0,0,READ,0x42b7000,4096
2454113,small_user1,1,WRITE,0x100042f8000,4096
2454114,small_user1,1,WRITE,0x100042f9000,16384
2454415,small_user1,1,READ,0x100042fd000,8192
2454476,small_user0,0,READ,0x42b8000,16384
2454497,small_user1,1,READ,0x100042ff000,4096
2454576,small_user1,1,READ,0x10004300000,8192
2454666,small_user0,0,READ,0x42bc000,4096
2454731,small_user1,1,WRITE,0x10004302000,8192
2454740,small_user1,1,READ,0x10004304000,8192
2455099,large_user1,3,WRITE,0x30006cf0000,131072
2455217,small_user0,0,READ,0x42bd000,4096
2455451,small_user0,0,READ,0x42be000,16384
2455461,small_user0,0,READ,0x42c2000,8192
2456172,large_user0,2,WRITE,0x20006d30000,262144
2456314,small_user0,0,READ,0x42c4000,16384
2456575,small_user1,1,READ,0x10004306000,4096
2456916,small_user0,0,READ,0x42c8000,4096
2456982,small_user0,0,READ,0x42c9000,16384
2457254,small_user0,0,READ,0x42cd000,16384
2457353,small_user0,0,READ,0x42d1000,8192
2457424,small_user0,0,READ,0x42d3000,4096
2457458,small_user1,1,READ,0x10004307000,8192
2457460,small_user0,0,WRITE,0x42d4000,4096
2457590,small_user1,1,WRITE,0x10004309000,8192
2457618,small_user1,1,READ,0x1000430b000,8192
2457636,small_user1,1,READ,0x1000430d000,8192
2457884,small_user0,0,READ,0x42d5000,4096
2457983,small_user0,0,READ,0x42d6000,4096
2458062,small_user0,0,READ,0x42d7000,8192
2458255,small_user0,0,WRITE,0x42d9000,16384
2458278,small_user0,0,WRITE,0x42dd000,8192
2458421,small_user0,0,READ,0x42df000,4096
2458445,small_user0,0,WRITE,0x42e0000,8192
2458457,small_user1,1,READ,0x1000430f000,16384
2458545,small_user0,0,READ,0x42e2000,4096
2458571,small_user1,1,READ,0x10004313000,16384
2458572,small_user0,0,WRITE,0x42e3000,16384
2458819,small_user1,1,WRITE,0x10004317000,4096
2458840,small_user0,0,READ,0x42e7000,4096
2458907,large_user0,2,WRITE,0x20006d70000,65536
2459060,small_user1,1,READ,0x10004318000,4096
2459094,small_user1,1,READ,0x10004319000,16384
2459168,small_user0,0,READ,0x42e8000,16384
2459173,small_user0,0,READ,0x42ec000,16384
2459198,small_user0,0,READ,0x42f0000,8192
2459226,small_user0,0,READ,0x42f2000,8192
2459411,small_user0,0,READ,0x42f4000,16384
2459804,small_user1,1,READ,0x1000431d000,4096
2459843,small_user1,1,READ,0x1000431e000,8192
2459873,small_user1,1,WRITE,0x10004320000,16384
2459901,small_user1,1,WRITE,0x10004324000,16384
2460469,small_user1,1,READ,0x10004328000,4096
2460530,large_user1,3,READ,0x30006d10000,131072
2460542,small_user1,1,WRITE,0x10004329000,16384
2460555,small_user1,1,READ,0x1000432d000,8192
2460648,small_user1,1,READ,0x1000432f000,16384
2460791,small_user1,1,READ,0x10004333000,8192
2461139,small_user0,0,READ,0x42f8000,8192
2461370,large_user1,3,WRITE,0x30006d30000,65536
2461643,small_user0,0,READ,0x42fa000,8192
2461655,small_user1,1,READ,0x10004335000,4096
2461737,small_user1,1,READ,0x10004336000,16384
2461829,small_user0,0,WRITE,0x42fc000,4096
2461909,small_user1,1,READ,0x1000433a000,8192
2461988,large_user1,3,WRITE,0x30006d40000,65536
2462200,small_user0,0,READ,0x42fd000,16384
2462258,small_user1,1,WRITE,0x1000433c000,8192
2462407,small_user1,1,READ,0x1000433e000,16384
2462611,small_user1,1,READ,0x10004342000,16384
2462801,small_user1,1,WRITE,0x10004346000,16384
2463406,small_user1,1,WRITE,0x1000434a000,4096
2463628,small_user1,1,READ,0x1000434b000,4096
2463716,small_user1,1,WRITE,0x1000434c000,16384
2463774,small_user1,1,READ,0x10004350000,4096
2463834,small_user0,0,READ,0x4301000,8192
2463967,small_user0,0,READ,0x4303000,16384
2464209,small_user1,1,WRITE,0x10004351000,8192
2464282,small_user1,1,READ,0x10004353000,8192
2464350,small_user1,1,READ,0x10004355000,16384
2464391,small_user1,1,READ,0x10004359000,8192
2464576,small_user0,0,READ,0x4307000,16384
2464607,small_user0,0,READ,0x430b000,8192
2464660,small_user1,1,READ,0x1000435b000,4096
2464956,small_user0,0,READ,0x430d000,4096
2465236,small_user1,1,READ,0x1000435c000,4096
2465817,small_user0,0,READ,0x430e000,8192
2466198,small_user1,1,READ,0x1000435d000,16384
2466603,small_user0,0,READ,0x4310000,8192
2466787,large_user0,2,WRITE,0x20006d80000,65536
2466802,small_user1,1,WRITE,0x10004361000,4096
2467262,small_user1,1,READ,0x10004362000,16384
2467316,small_user1,1,READ,0x10004366000,4096
2467365,small_user0,0,READ,0x4312000,8192
2467555,small_user0,0,WRITE,0x4314000,16384
2467614,small_user1,1,WRITE,0x10004367000,16384
2467754,small_user0,0,READ,0x4318000,4096
2467858,small_user1,1,READ,0x1000436b000,4096
2467938,small_user1,1,READ,0x1000436c000,4096
2467967,small_user0,0,READ,0x4319000,4096
2467991,small_user1,1,READ,0x1000436d000,4096
2468110,small_user1,1,READ,0x1000436e000,4096
2468717,large_user1,3,WRITE,0x30006d50000,262144
2468785,small_user1,1,READ,0x1000436f000,16384
2469092,small_user1,1,WRITE,0x10004373000,4096
2469103,small_user0,0,WRITE,0x431a000,8192
2469203,small_user1,1,READ,0x10004374000,4096
2469231,small_user0,0,WRITE,0x431c000,16384
2469238,small_user0,0,READ,0x4320000,8192
2469424,small_user0,0,READ,0x4322000,4096
2469660,small_user1,1,READ,0x10004375000,8192
2470123,small_user0,0,READ,0x4323000,4096
2470417,small_user1,1,WRITE,0x10004377000,16384
2470618,small_user0,0,READ,0x4324000,4096
2470660,small_user0,0,WRITE,0x4325000,4096
2470848,small_user0,0,READ,0x4326000,16384
2470865,small_user1,1,READ,0x1000437b000,16384
2471129,small_user1,1,READ,0x1000437f000,4096
2471254,small_user1,1,WRITE,0x10004380000,8192
2471954,small_user1,1,WRITE,0x10004382000,4096
2472149,small_user1,1,READ,0x10004383000,16384
2472516,small_user1,1,READ,0x10004387000,8192
2472571,large_user0,2,READ,0x20006d90000,262144
2472714,small_user0,0,READ,0x432a000,4096
2473118,small_user1,1,WRITE,0x10004389000,4096
2473383,small_user0,0,READ,0x432b000,8192
2473547,small_user0,0,READ,0x432d000,8192
2474010,small_user1,1,READ,0x1000438a000,16384
2474380,small_user1,1,WRITE,0x1000438e000,8192
2474385,small_user0,0,READ,0x432f000,4096
2474424,large_user0,2,READ,0x20006dd0000,65536
2474783,small_user0,0,READ,0x4330000,8192
2474824,small_user0,0,WRITE,0x4332000,16384
2475312,small_user0,0,READ,0x4336000,16384
2475405,small_user1,1,WRITE,0x10004390000,8192
2475503,small_user0,0,READ,0x433a000,8192
2475875,small_user1,1,READ,0x10004392000,4096
2476144,small_user1,1,READ,0x10004393000,16384
2476349,small_user0,0,READ,0x433c000,4096
2476404,small_user1,1,READ,0x10004397000,4096
2476407,large_user0,2,WRITE,0x20006de0000,262144
2476446,small_user0,0,WRITE,0x433d000,8192
2476508,small_user1,1,READ,0x10004398000,4096
2476724,small_user1,1,READ,0x10004399000,16384
2476851,small_user1,1,READ,0x1000439d000,4096
2476879,small_user0,0,READ,0x433f000,8192
2476898,large_user1,3,WRITE,0x30006d90000,131072
2476988,small_user0,0,READ,0x4341000,8192
2477170,small_user1,1,READ,0x1000439e000,16384
2477189,small_user1,1,WRITE,0x100043a2000,4096
2477197,small_user1,1,READ,0x100043a3000,4096
2477694,small_user0,0,READ,0x4343000,4096
2477761,small_user1,1,WRITE,0x100043a4000,16384
2477804,small_user1,1,READ,0x100043a8000,4096
2477926,small_user1,1,READ,0x100043a9000,8192
2478126,small_user0,0,WRITE,0x4344000,16384
2478425,small_user1,1,READ,0x100043ab000,4096
2478503,small_user0,0,READ,0x4348000,16384
2478630,small_user1,1,WRITE,0x100043ac000,4096
2478728,small_user0,0,WRITE,0x434c000,8192
2478808,small_user1,1,READ,0x100043ad000,4096
2479098,small_user0,0,READ,0x434e000,8192
2479129,small_user1,1,READ,0x100043ae000,8192
2479299,small_user0,0,WRITE,0x4350000,8192
2479359,small_user0,0,READ,0x4352000,8192
2479414,small_user0,0,READ,0x4354000,4096
2479613,small_user0,0,READ,0x4355000,16384
2479744,small_user0,0,WRITE,0x4359000,16384
2479747,small_user0,0,READ,0x435d000,4096
2479759,large_user0,2,WRITE,0x20006e20000,131072
2480058,small_user1,1,WRITE,0x100043b0000,8192
2480294,small_user1,1,WRITE,0x100043b2000,16384
2480544,small_user1,1,READ,0x100043b6000,4096
2480896,small_user0,0,WRITE,0x435e000,4096
2480947,large_user1,3,READ,0x30006db0000,65536
2481055,large_user0,2,READ,0x20006e40000,262144
2481279,small_user0,0,READ,0x435f000,16384
2481317,small_user0,0,READ,0x4363000,8192
2481869,small_user1,1,READ,0x100043b7000,16384
2481936,small_user1,1,WRITE,0x100043bb000,16384
2482444,small_user0,0,READ,0x4365000,4096
2482640,small_user1,1,READ,0x100043bf000,8192
2482658,small_user1,1,READ,0x100043c1000,8192
2482696,small_user0,0,READ,0x4366000,4096
2482727,large_user0,2,READ,0x20006e80000,262144
2482953,small_user0,0,WRITE,0x4367000,16384
2483009,small_user0,0,WRITE,0x436b000,16384
2483027,small_user1,1,WRITE,0x100043c3000,16384
2483123,small_user0,0,READ,0x436f000,16384
2483229,small_user0,0,READ,0x4373000,8192
2483526,small_user1,1,READ,0x100043c7000,4096
2483586,small_user1,1,WRITE,0x100043c8000,8192
2484136,small_user1,1,READ,0x100043ca000,8192
2484231,small_user1,1,READ,0x100043cc000,4096
2484736,small_user1,1,WRITE,0x100043cd000,8192
2484802,small_user1,1,WRITE,0x100043cf000,16384
2484946,small_user0,0,WRITE,0x4375000,4096
2484983,small_user1,1,READ,0x100043d3000,16384
2485637,small_user1,1,WRITE,0x100043d7000,16384
2485746,small_user0,0,READ,0x4376000,8192
2485945,small_user1,1,READ,0x100043db000,8192
2485956,small_user1,1,READ,0x100043dd000,4096
2486084,small_user0,0,WRITE,0x4378000,4096
2486300,small_user0,0,READ,0x4379000,16384
2486365,small_user1,1,READ,0x100043de000,16384
2486572,small_user0,0,READ,0x437d000,8192
2486585,small_user0,0,WRITE,0x437f000,8192
2486652,small_user0,0,READ,0x4381000,16384
2486845,small_user1,1,READ,0x100043e2000,8192
2487339,small_user1,1,READ,0x100043e4000,16384
2487427,small_user0,0,WRITE,0x4385000,8192
2487625,small_user1,1,READ,0x100043e8000,4096
2487709,small_user1,1,WRITE,0x100043e9000,8192
2487983,small_user0,0,WRITE,0x4387000,8192
2488028,small_user0,0,WRITE,0x4389000,16384
2488095,small_user1,1,READ,0x100043eb000,4096
2488116,small_user1,1,READ,0x100043ec000,16384
2488131,small_user1,1,READ,0x100043f0000,8192
2489055,small_user1,1,READ,0x100043f2000,4096
2489567,small_user1,1,READ,0x100043f3000,4096
2489603,small_user0,0,READ,0x438d000,4096
2489806,small_user0,0,READ,0x438e000,4096
2489825,small_user0,0,READ,0x438f000,8192
2489832,small_user0,0,WRITE,0x4391000,8192
2490030,small_user1,1,READ,0x100043f4000,16384
2490104,small_user0,0,READ,0x4393000,8192
2490153,small_user0,0,READ,0x4395000,4096
2490342,small_user1,1,READ,0x100043f8000,8192
2490554,small_user1,1,READ,0x100043fa000,4096
2490592,small_user1,1,READ,0x100043fb000,16384
2490677,small_user0,0,READ,0x4396000,4096
2490857,large_user0,2,READ,0x20006ec0000,131072
2491438,small_user0,0,READ,0x4397000,16384
2491815,small_user1,1,READ,0x100043ff000,16384
2491827,small_user0,0,WRITE,0x439b000,16384
2492375,small_user0,0,READ,0x439f000,16384
2492779,small_user1,1,WRITE,0x10004403000,4096
2492873,small_user1,1,READ,0x10004404000,16384
2492890,small_user0,0,READ,0x43a3000,8192
2492934,small_user0,0,WRITE,0x43a5000,8192
2493109,small_user0,0,READ,0x43a7000,16384
2493298,large_user1,3,WRITE,0x30006dc0000,131072
2493383,small_user0,0,READ,0x43ab000,8192
2493471,small_user1,1,READ,0x10004408000,4096
2493716,small_user1,1,READ,0x10004409000,8192
2493743,small_user0,0,READ,0x43ad000,8192
2494043,small_user1,1,READ,0x1000440b000,8192
2494533,small_user0,0,READ,0x43af000,4096
2494574,small_user0,0,READ,0x43b0000,16384
2494688,small_user0,0,READ,0x43b4000,8192
2494729,large_user1,3,WRITE,0x30006de0000,262144
2494740,small_user0,0,READ,0x43b6000,8192
2494764,small_user0,0,READ,0x43b8000,4096
2494786,small_user1,1,READ,0x1000440d000,4096
2495187,small_user0,0,READ,0x43b9000,8192
2495228,small_user1,1,READ,0x1000440e000,4096
2495404,small_user1,1,READ,0x1000440f000,8192
2495422,small_user0,0,READ,0x43bb000,4096
2495508,small_user1,1,READ,0x10004411000,16384
2495592,small_user0,0,WRITE,0x43bc000,4096
2495775,small_user0,0,READ,0x43bd000,8192
2496067,small_user0,0,READ,0x43bf000,4096
2496164,small_user1,1,READ,0x10004415000,16384
2496173,small_user0,0,READ,0x43c0000,16384
2496239,small_user0,0,READ,0x43c4000,4096
2496257,large_user1,3,WRITE,0x30006e20000,262144
2496269,large_user1,3,WRITE,0x30006e60000,65536
2496378,small_user1,1,READ,0x10004419000,8192
2496649,small_user0,0,READ,0x43c5000,8192
2496732,small_user0,0,WRITE,0x43c7000,4096
2496749,small_user0,0,READ,0x43c8000,8192
2496992,small_user0,0,WRITE,0x43ca000,8192
2497033,small_user1,1,WRITE,0x1000441b000,4096
2497286,small_user0,0,WRITE,0x43cc000,16384
2497360,small_user1,1,WRITE,0x1000441c000,4096
2497607,small_user0,0,READ,0x43d0000,4096
2497660,small_user1,1,READ,0x1000441d000,8192
2497752,small_user0,0,READ,0x43d1000,8192
2497762,small_user1,1,READ,0x1000441f000,4096
2498027,large_user0,2,READ,0x20006ee0000,262144
2498162,small_user0,0,READ,0x43d3000,4096
2498508,small_user0,0,READ,0x43d4000,8192
2498581,small_user0,0,READ,0x43d6000,4096
2499068,small_user1,1,WRITE,0x10004420000,4096
2499130,small_user1,1,READ,0x10004421000,16384
2499353,small_user0,0,READ,0x43d7000,16384
2499856,small_user1,1,READ,0x10004425000,8192
2499948,small_user0,0,READ,0x43db000,16384
2500003,small_user0,0,READ,0x43df000,8192
2500155,small_user1,1,READ,0x10004427000,8192
2500432,small_user0,0,WRITE,0x43e1000,8192
2500682,small_user1,1,READ,0x10004429000,4096
2500875,small_user1,1,READ,0x1000442a000,4096
2500947,small_user1,1,READ,0x1000442b000,8192
2501074,small_user0,0,READ,0x43e3000,8192
2501081,small_user0,0,READ,0x43e5000,16384
2501554,small_user0,0,READ,0x43e9000,16384
2501783,small_user1,1,READ,0x1000442d000,16384
2501859,small_user0,0,WRITE,0x43ed000,16384
2501886,small_user0,0,WRITE,0x43f1000,8192
2502009,large_user1,3,WRITE,0x30006e70000,262144
2502157,large_user0,2,WRITE,0x20006f20000,65536
2502225,small_user0,0,READ,0x43f3000,16384
2502249,small_user0,0,READ,0x43f7000,16384
2502271,small_user0,0,WRITE,0x43fb000,8192
2502299,small_user1,1,READ,0x10004431000,4096
2502618,small_user0,0,READ,0x43fd000,4096
2502757,small_user0,0,READ,0x43fe000,16384
2503133,small_user1,1,WRITE,0x10004432000,16384
2503394,large_user0,2,READ,0x20006f30000,262144
2503418,small_user0,0,READ,0x4402000,8192
2503437,small_user0,0,READ,0x4404000,16384
2503532,small_user1,1,READ,0x10004436000,16384
2503536,small_user1,1,READ,0x1000443a000,4096
2503625,small_user1,1,WRITE,0x1000443b000,4096
2503921,small_user1,1,READ,0x1000443c000,8192
2503969,small_user1,1,READ,0x1000443e000,4096
2504028,small_user1,1,READ,0x1000443f000,8192
2504312,small_user0,0,READ,0x4408000,8192
2504360,small_user0,0,WRITE,0x440a000,4096
2504378,small_user0,0,READ,0x440b000,16384
2504403,small_user0,0,READ,0x440f000,16384
2504578,small_user1,1,READ,0x10004441000,16384
2504753,small_user1,1,READ,0x10004445000,16384
2504768,small_user0,0,READ,0x4413000,8192
2505008,small_user0,0,WRITE,0x4415000,8192
2505046,small_user1,1,READ,0x10004449000,16384
2505060,small_user0,0,READ,0x4417000,4096
2505067,small_user0,0,READ,0x4418000,16384
2505069,small_user1,1,WRITE,0x1000444d000,16384
2505573,small_user0,0,READ,0x441c000,16384
2505598,small_user1,1,READ,0x10004451000,4096
2505667,small_user0,0,READ,0x4420000,8192
2505979,small_user0,0,WRITE,0x4422000,8192
2506221,small_user1,1,WRITE,0x10004452000,4096
2506581,small_user0,0,READ,0x4424000,16384
2506734,small_user1,1,READ,0x10004453000,4096
2506747,small_user1,1,READ,0x10004454000,4096
2507510,small_user1,1,READ,0x10004455000,8192
2507656,small_user0,0,READ,0x4428000,4096
2508040,small_user0,0,WRITE,0x4429000,16384
2508173,small_user0,0,READ,0x442d000,8192
2508458,small_user0,0,WRITE,0x442f000,4096
2508742,small_user1,1,READ,0x10004457000,16384
2509008,small_user0,0,READ,0x4430000,16384
2509391,small_user1,1,READ,0x1000445b000,4096
2510304,small_user1,1,WRITE,0x1000445c000,4096
2510387,small_user1,1,READ,0x1000445d000,4096
2510503,small_user0,0,READ,0x4434000,8192
2510751,small_user0,0,WRITE,0x4436000,16384
2510776,small_user1,1,READ,0x1000445e000,16384
2511414,small_user1,1,READ,0x10004462000,4096
2511477,small_user1,1,READ,0x10004463000,8192
2511621,small_user1,1,READ,0x10004465000,16384
2511712,small_user0,0,READ,0x443a000,16384
2511835,small_user1,1,READ,0x10004469000,16384
2511954,small_user0,0,READ,0x443e000,8192
2511964,small_user0,0,WRITE,0x4440000,16384
2512117,small_user1,1,READ,0x1000446d000,4096
2512137,small_user0,0,READ,0x4444000,16384
2512140,small_user0,0,READ,0x4448000,16384
2512144,small_user1,1,READ,0x1000446e000,16384
2512163,small_user1,1,READ,0x10004472000,8192
2512276,large_user0,2,READ,0x20006f70000,131072
2512320,small_user0,0,READ,0x444c000,8192
2512442,small_user0,0,WRITE,0x444e000,8192
2512736,small_user0,0,READ,0x4450000,16384
2512800,small_user1,1,WRITE,0x10004474000,4096
2513055,small_user0,0,READ,0x4454000,4096
2513196,small_user1,1,READ,0x10004475000,16384
2513256,small_user1,1,READ,0x10004479000,8192
2513283,small_user1,1,READ,0x1000447b000,4096
2513629,small_user0,0,READ,0x4455000,4096
2513658,small_user0,0,WRITE,0x4456000,4096
2513675,small_user0,0,READ,0x4457000,8192
2513776,small_user1,1,WRITE,0x1000447c000,16384
2513802,small_user1,1,READ,0x10004480000,16384
2513913,small_user1,1,WRITE,0x10004484000,16384
2514037,small_user1,1,WRITE,0x10004488000,4096
2514254,small_user1,1,READ,0x10004489000,16384
2514438,small_user1,1,READ,0x1000448d000,4096
2514562,small_user0,0,READ,0x4459000,8192
2514634,small_user1,1,READ,0x1000448e000,16384
2514656,small_user0,0,READ,0x445b000,4096
2514744,small_user1,1,READ,0x10004492000,4096
2514884,small_user1,1,READ,0x10004493000,4096
2515106,small_user1,1,READ,0x10004494000,16384
2515222,small_user0,0,READ,0x445c000,8192
2515485,small_user0,0,READ,0x445e000,8192
2515899,small_user1,1,READ,0x10004498000,8192
2516008,small_user0,0,WRITE,0x4460000,4096
2516042,large_user0,2,WRITE,0x20006f90000,131072
2516106,small_user1,1,READ,0x1000449a000,8192
2516672,small_user0,0,WRITE,0x4461000,4096
2516682,small_user1,1,READ,0x1000449c000,8192
2516696,small_user0,0,WRITE,0x4462000,16384
2516768,small_user1,1,WRITE,0x1000449e000,4096
2516808,small_user0,0,READ,0x4466000,8192
2516911,small_user1,1,READ,0x1000449f000,16384
2517121,small_user1,1,WRITE,0x100044a3000,4096
2517468,small_user1,1,READ,0x100044a4000,4096
2517521,small_user0,0,WRITE,0x4468000,16384
2517832,small_user0,0,READ,0x446c000,16384
2517953,small_user1,1,READ,0x100044a5000,16384
2518240,small_user1,1,READ,0x100044a9000,4096
2518298,small_user1,1,READ,0x100044aa000,16384
2518371,large_user0,2,READ,0x20006fb0000,131072
2518561,small_user0,0,READ,0x4470000,4096
2518766,small_user0,0,READ,0x4471000,16384
2518800,small_user0,0,WRITE,0x4475000,4096
2519093,small_user1,1,READ,0x100044ae000,4096
2519107,large_user0,2,WRITE,0x20006fd0000,65536
2519458,small_user1,1,READ,0x100044af000,4096
2519628,small_user1,1,READ,0x100044b0000,16384
2519726,small_user0,0,READ,0x4476000,8192
2519971,small_user0,0,READ,0x4478000,4096
2520104,small_user1,1,WRITE,0x100044b4000,4096
2520668,small_user0,0,READ,0x4479000,16384
2520812,small_user1,1,READ,0x100044b5000,4096
2521030,large_user0,2,READ,0x20006fe0000,262144
2521578,large_user0,2,WRITE,0x20007020000,65536
2521811,small_user1,1,READ,0x100044b6000,4096
2522029,small_user1,1,READ,0x100044b7000,8192
2522250,small_user0,0,READ,0x447d000,4096
2522557,small_user0,0,READ,0x447e000,8192
2522820,small_user1,1,READ,0x100044b9000,16384
2522907,small_user1,1,WRITE,0x100044bd000,4096
2522984,small_user1,1,READ,0x100044be000,4096
2523033,small_user1,1,WRITE,0x100044bf000,16384
2523055,small_user1,1,READ,0x100044c3000,8192
2523705,small_user0,0,READ,0x4480000,4096
2523770,large_user0,2,WRITE,0x20007030000,131072
2523930,small_user0,0,READ,0x4481000,16384
2524089,small_user1,1,READ,0x100044c5000,4096
2524280,small_user1,1,READ,0x100044c6000,4096
2524503,small_user0,0,READ,0x4485000,4096
2524539,small_user1,1,READ,0x100044c7000,16384
2524783,small_user1,1,READ,0x100044cb000,16384
2525566,small_user0,0,READ,0x4486000,16384
2526046,small_user1,1,WRITE,0x100044cf000,8192
2526070,small_user1,1,WRITE,0x100044d1000,4096
2526116,small_user0,0,WRITE,0x448a000,16384
2526161,small_user0,0,READ,0x448e000,16384
2526366,small_user0,0,READ,0x4492000,4096
2526511,small_user0,0,WRITE,0x4493000,16384
2527318,small_user0,0,READ,0x4497000,4096
2527348,small_user0,0,READ,0x4498000,8192
2527466,large_user1,3,WRITE,0x30006eb0000,131072
2527480,small_user0,0,READ,0x449a000,8192
2527804,small_user1,1,READ,0x100044d2000,8192
2527853,small_user1,1,READ,0x100044d4000,4096
2527907,small_user1,1,READ,0x100044d5000,16384
2527940,small_user0,0,READ,0x449c000,16384
2528258,small_user0,0,READ,0x44a0000,8192
2528307,small_user1,1,READ,0x100044d9000,4096
2528391,small_user1,1,READ,0x100044da000,16384
2529033,small_user1,1,WRITE,0x100044de000,8192
2529173,small_user1,1,READ,0x100044e0000,8192
2529474,small_user1,1,READ,0x100044e2000,8192
2529581,small_user0,0,WRITE,0x44a2000,8192
2529829,small_user0,0,READ,0x44a4000,4096
2529835,small_user0,0,READ,0x44a5000,16384
2529910,small_user1,1,WRITE,0x100044e4000,16384
2530127,small_user0,0,READ,0x44a9000,16384
2530163,small_user0,0,READ,0x44ad000,4096
2530379,large_user1,3,READ,0x30006ed0000,131072
2530563,small_user1,1,READ,0x100044e8000,8192
2530717,large_user1,3,READ,0x30006ef0000,65536
2530834,small_user0,0,READ,0x44ae000,16384
2531175,small_user1,1,WRITE,0x100044ea000,16384
2531245,small_user0,0,READ,0x44b2000,4096
2531519,small_user1,1,WRITE,0x100044ee000,8192
2531545,small_user0,0,WRITE,0x44b3000,8192
2531611,small_user0,0,WRITE,0x44b5000,4096
2531646,small_user0,0,READ,0x44b6000,8192
2531847,small_user1,1,READ,0x100044f0000,16384
2532020,small_user1,1,READ,0x100044f4000,8192
2532212,small_user0,0,WRITE,0x44b8000,4096
2532789,small_user0,0,READ,0x44b9000,4096
2532908,large_user0,2,READ,0x20007050000,65536
2533123,small_user0,0,READ,0x44ba000,16384
2533236,small_user1,1,READ,0x100044f6000,4096
2533773,small_user1,1,READ,0x100044f7000,16384
2533988,small_user1,1,READ,0x100044fb000,4096
2534097,small_user1,1,READ,0x100044fc000,4096
2534234,small_user0,0,READ,0x44be000,8192
2534280,small_user1,1,READ,0x100044fd000,16384
2534310,small_user1,1,READ,0x10004501000,16384
2534418,small_user1,1,READ,0x10004505000,8192
2534725,small_user0,0,READ,0x44c0000,16384
2534799,small_user0,0,READ,0x44c4000,16384
2534806,small_user0,0,READ,0x44c8000,16384
2534882,small_user0,0,READ,0x44cc000,4096
2534945,small_user0,0,READ,0x44cd000,16384
2535115,small_user1,1,WRITE,0x10004507000,4096
2535175,small_user0,0,READ,0x44d1000,4096
2535503,small_user1,1,READ,0x10004508000,8192
2535715,small_user0,0,READ,0x44d2000,4096
2535845,small_user0,0,WRITE,0x44d3000,4096
2536029,small_user1,1,READ,0x1000450a000,8192
2536110,large_user1,3,WRITE,0x30006f00000,65536
2536223,small_user1,1,READ,0x1000450c000,16384
2536278,large_user1,3,READ,0x30006f10000,65536
2536283,small_user0,0,READ,0x44d4000,8192
2536607,small_user0,0,READ,0x44d6000,4096
2536683,small_user0,0,WRITE,0x44d7000,4096
2536825,small_user0,0,WRITE,0x44d8000,4096
2537049,small_user0,0,READ,0x44d9000,4096
2537229,small_user1,1,READ,0x10004510000,16384
2537263,small_user0,0,WRITE,0x44da000,16384
2537326,small_user1,1,READ,0x10004514000,4096
2537446,small_user0,0,READ,0x44de000,4096
2537581,small_user0,0,READ,0x44df000,8192
2537724,small_user1,1,READ,0x10004515000,4096
2537779,small_user1,1,READ,0x10004516000,4096
2537839,small_user0,0,READ,0x44e1000,8192
2537884,small_user0,0,READ,0x44e3000,8192
2537953,small_user0,0,READ,0x44e5000,4096
2538487,small_user1,1,READ,0x10004517000,8192
2538505,small_user0,0,READ,0x44e6000,8192
2539055,small_user1,1,READ,0x10004519000,16384
2539187,small_user1,1,READ,0x1000451d000,4096
2539403,small_user1,1,READ,0x1000451e000,4096
2539417,small_user1,1,READ,0x1000451f000,16384
2539464,small_user1,1,WRITE,0x10004523000,8192
2539472,small_user0,0,READ,0x44e8000,16384
2539547,small_user0,0,READ,0x44ec000,4096
2539716,large_user0,2,READ,0x20007060000,131072
2539816,small_user1,1,WRITE,0x10004525000,8192
2539886,small_user1,1,READ,0x10004527000,16384
2539968,large_user1,3,READ,0x30006f20000,131072
2540043,small_user0,0,READ,0x44ed000,4096
2540144,small_user0,0,READ,0x44ee000,8192
2540193,small_user0,0,WRITE,0x44f0000,4096
2540238,small_user1,1,READ,0x1000452b000,4096
2540320,small_user1,1,READ,0x1000452c000,16384
2540764,small_user0,0,READ,0x44f1000,4096
2540932,small_user0,0,READ,0x44f2000,16384
2541021,small_user1,1,READ,0x10004530000,16384
2541353,small_user1,1,READ,0x10004534000,4096
2541525,small_user1,1,READ,0x10004535000,8192
2541823,small_user1,1,WRITE,0x10004537000,4096
2541862,large_user1,3,READ,0x30006f40000,65536
2542162,small_user1,1,READ,0x10004538000,16384
2542249,small_user0,0,WRITE,0x44f6000,16384
2542327,large_user0,2,READ,0x20007080000,262144
2542450,small_user0,0,WRITE,0x44fa000,4096
2542478,small_user1,1,READ,0x1000453c000,4096
2542679,large_user0,2,WRITE,0x200070c0000,262144
2542747,small_user1,1,WRITE,0x1000453d000,8192
2542861,small_user0,0,READ,0x44fb000,16384
2542987,small_user1,1,WRITE,0x1000453f000,16384
2543194,small_user0,0,READ,0x44ff000,8192
2543280,small_user1,1,READ,0x10004543000,16384
2543432,small_user0,0,READ,0x4501000,8192
2543579,small_user1,1,READ,0x10004547000,4096
2543642,small_user0,0,WRITE,0x4503000,8192
2543661,small_user1,1,READ,0x10004548000,4096
2543826,small_user0,0,READ,0x4505000,4096
2544002,small_user0,0,READ,0x4506000,16384
2544207,small_user1,1,WRITE,0x10004549000,8192
2544308,small_user0,0,READ,0x450a000,8192
2544341,small_user0,0,READ,0x450c000,8192
2544499,small_user0,0,READ,0x450e000,4096
2544726,small_user1,1,READ,0x1000454b000,16384
2544892,small_user0,0,READ,0x450f000,16384
2544898,small_user1,1,READ,0x1000454f000,8192
2545054,large_user1,3,WRITE,0x30006f50000,65536
2545105,small_user1,1,READ,0x10004551000,16384
2545399,small_user1,1,WRITE,0x10004555000,16384
2545473,small_user0,0,WRITE,0x4513000,16384
2545656,small_user1,1,READ,0x10004559000,16384
2545680,small_user0,0,READ,0x4517000,4096
2545860,small_user1,1,READ,0x1000455d000,4096
2546001,small_user0,0,WRITE,0x4518000,8192
2546011,small_user0,0,WRITE,0x451a000,4096
2546398,small_user0,0,WRITE,0x451b000,8192
2546556,small_user0,0,READ,0x451d000,16384
2546713,small_user1,1,WRITE,0x1000455e000,8192
2547086,small_user1,1,READ,0x10004560000,16384
2547136,small_user0,0,READ,0x4521000,4096
2547185,small_user1,1,WRITE,0x10004564000,8192
2547201,small_user1,1,READ,0x10004566000,8192
2547209,small_user0,0,WRITE,0x4522000,16384
2547359,small_user0,0,WRITE,0x4526000,8192
2547359,small_user1,1,READ,0x10004568000,16384
2547425,small_user1,1,WRITE,0x1000456c000,8192
2547598,small_user0,0,WRITE,0x4528000,16384
2547676,small_user0,0,READ,0x452c000,4096
2547821,small_user1,1,READ,0x1000456e000,4096
2547948,small_user0,0,READ,0x452d000,8192
2547962,small_user1,1,READ,0x1000456f000,16384
2548017,small_user1,1,WRITE,0x10004573000,4096
2548047,small_user1,1,READ,0x10004574000,16384
2548179,small_user1,1,READ,0x10004578000,8192
2548486,small_user0,0,READ,0x452f000,16384
2549358,small_user1,1,READ,0x1000457a000,4096
2549484,large_user0,2,READ,0x20007100000,262144
2549719,small_user0,0,READ,0x4533000,8192
2549794,small_user0,0,READ,0x4535000,16384
2550012,small_user0,0,WRITE,0x4539000,16384
2550040,small_user0,0,WRITE,0x453d000,16384
2550070,large_user1,3,READ,0x30006f60000,131072
2550108,small_user0,0,READ,0x4541000,16384
2550111,small_user0,0,READ,0x4545000,8192
2550133,small_user1,1,READ,0x1000457b000,4096
2550329,small_user0,0,READ,0x4547000,16384
2550372,small_user0,0,WRITE,0x454b000,16384
2550614,small_user0,0,READ,0x454f000,8192
2550743,small_user0,0,WRITE,0x4551000,4096
2550781,small_user0,0,READ,0x4552000,8192
2550791,large_user1,3,WRITE,0x30006f80000,65536
2550886,small_user1,1,READ,0x1000457c000,8192
2551001,small_user1,1,READ,0x1000457e000,16384
2551032,small_user1,1,READ,0x10004582000,4096
2551046,small_user1,1,WRITE,0x10004583000,8192
2551371,large_user0,2,READ,0x20007140000,262144
2551696,small_user1,1,READ,0x10004585000,16384
2552130,small_user1,1,READ,0x10004589000,16384
2552184,small_user0,0,READ,0x4554000,4096
2552334,small_user1,1,READ,0x1000458d000,4096
2552522,small_user0,0,WRITE,0x4555000,4096
2552626,small_user0,0,READ,0x4556000,8192
2552759,small_user0,0,WRITE,0x4558000,8192
2552786,small_user0,0,WRITE,0x455a000,4096
2552827,small_user1,1,READ,0x1000458e000,16384
2552929,small_user0,0,READ,0x455b000,8192
2553103,small_user1,1,READ,0x10004592000,16384
2553227,small_user1,1,READ,0x10004596000,8192
2553349,small_user1,1,READ,0x10004598000,16384
2553407,small_user1,1,READ,0x1000459c000,8192
2553456,small_user1,1,WRITE,0x1000459e000,8192
2553630,small_user0,0,READ,0x455d000,8192
2553955,small_user1,1,READ,0x100045a0000,4096
2554077,small_user0,0,READ,0x455f000,4096
2554338,small_user1,1,READ,0x100045a1000,4096
2554489,small_user0,0,WRITE,0x4560000,16384
2554509,small_user1,1,WRITE,0x100045a2000,4096
2554667,small_user0,0,WRITE,0x4564000,8192
2554796,small_user1,1,WRITE,0x100045a3000,16384
2554889,small_user1,1,READ,0x100045a7000,8192
2555013,small_user1,1,READ,0x100045a9000,4096
2555019,small_user1,1,READ,0x100045aa000,8192
2555076,small_user1,1,WRITE,0x100045ac000,4096
2555172,small_user0,0,READ,0x4566000,8192
2555423,small_user1,1,READ,0x100045ad000,8192
2555524,large_user1,3,READ,0x30006f90000,262144
2555543,small_user1,1,WRITE,0x100045af000,16384
2555549,small_user1,1,WRITE,0x100045b3000,4096
2555579,small_user0,0,READ,0x4568000,16384
2555648,small_user0,0,WRITE,0x456c000,16384
2555656,small_user0,0,READ,0x4570000,16384
2555908,small_user0,0,READ,0x4574000,4096
2556029,small_user1,1,WRITE,0x100045b4000,4096
2556060,small_user1,1,READ,0x100045b5000,4096
2556189,small_user0,0,WRITE,0x4575000,4096
2556205,small_user1,1,READ,0x100045b6000,8192
2556286,small_user0,0,WRITE,0x4576000,16384
2556327,small_user0,0,WRITE,0x457a000,4096
2556376,small_user1,1,WRITE,0x100045b8000,4096
2556416,small_user0,0,WRITE,0x457b000,4096
2556570,small_user1,1,READ,0x100045b9000,8192
2557341,small_user0,0,READ,0x457c000,4096
2557406,small_user1,1,WRITE,0x100045bb000,4096
2557797,small_user0,0,WRITE,0x457d000,16384
2557841,small_user0,0,READ,0x4581000,8192
2557955,small_user1,1,READ,0x100045bc000,8192
2558364,small_user0,0,WRITE,0x4583000,16384
2558407,small_user0,0,READ,0x4587000,4096
2558439,small_user0,0,READ,0x4588000,8192
2558514,small_user1,1,READ,0x100045be000,16384
2558689,small_user0,0,READ,0x458a000,8192
2558756,small_user1,1,WRITE,0x100045c2000,8192
2558765,large_user0,2,WRITE,0x20007180000,262144
2558771,small_user0,0,READ,0x458c000,4096
2559118,large_user0,2,READ,0x200071c0000,262144
2559206,small_user1,1,READ,0x100045c4000,4096
2559336,small_user0,0,READ,0x458d000,4096
2559369,small_user1,1,WRITE,0x100045c5000,4096
2559625,small_user0,0,WRITE,0x458e000,8192
2559720,small_user0,0,READ,0x4590000,4096
2559978,small_user0,0,READ,0x4591000,4096
2560140,small_user0,0,READ,0x4592000,4096
2560188,small_user0,0,READ,0x4593000,4096
2560216,small_user0,0,READ,0x4594000,4096
2560576,small_user0,0,READ,0x4595000,4096
2560626,small_user0,0,WRITE,0x4596000,8192
2560769,small_user1,1,READ,0x100045c6000,8192
2561188,small_user0,0,READ,0x4598000,4096
2561216,large_user1,3,READ,0x30006fd0000,131072
2561225,small_user0,0,READ,0x4599000,4096
2561249,large_user0,2,READ,0x20007200000,65536
2561608,small_user0,0,WRITE,0x459a000,16384
2561678,small_user1,1,READ,0x100045c8000,8192
2561719,small_user0,0,READ,0x459e000,4096
2561819,small_user1,1,WRITE,0x100045ca000,16384
2561857,small_user1,1,READ,0x100045ce000,16384
2562117,small_user0,0,READ,0x459f000,16384
2562254,small_user1,1,READ,0x100045d2000,8192
2562327,small_user0,0,READ,0x45a3000,8192
2562383,small_user0,0,READ,0x45a5000,8192
2562497,small_user1,1,READ,0x100045d4000,4096
2562532,small_user0,0,READ,0x45a7000,16384
2562536,small_user1,1,READ,0x100045d5000,16384
2562634,small_user1,1,READ,0x100045d9000,8192
2562675,small_user1,1,READ,0x100045db000,8192
2562748,small_user0,0,WRITE,0x45ab000,8192
2562774,small_user1,1,WRITE,0x100045dd000,8192
2562929,small_user1,1,READ,0x100045df000,8192
2563236,small_user0,0,READ,0x45ad000,8192
2563305,small_user1,1,WRITE,0x100045e1000,16384
2563523,small_user0,0,READ,0x45af000,16384
2563614,small_user1,1,WRITE,0x100045e5000,16384
2563636,small_user1,1,READ,0x100045e9000,16384
2563753,small_user1,1,READ,0x100045ed000,8192
2563892,small_user0,0,READ,0x45b3000,4096
2564347,small_user1,1,READ,0x100045ef000,8192
2564375,small_user1,1,READ,0x100045f1000,4096
2564435,small_user1,1,WRITE,0x100045f2000,16384
2564578,small_user1,1,READ,0x100045f6000,4096
2564678,small_user0,0,READ,0x45b4000,8192
2564687,small_user0,0,READ,0x45b6000,8192
2564734,small_user0,0,READ,0x45b8000,4096
2564936,small_user1,1,READ,0x100045f7000,4096
2565156,small_user0,0,READ,0x45b9000,16384
2565170,small_user1,1,READ,0x100045f8000,8192
2565394,small_user1,1,READ,0x100045fa000,4096
2565663,small_user0,0,WRITE,0x45bd000,16384
2565703,small_user0,0,READ,0x45c1000,8192
2566175,small_user0,0,READ,0x45c3000,8192
2566722,small_user1,1,READ,0x100045fb000,4096
2566826,small_user0,0,READ,0x45c5000,16384
2566960,small_user1,1,READ,0x100045fc000,4096
2567239,small_user0,0,READ,0x45c9000,4096
2567302,small_user1,1,READ,0x100045fd000,16384
2567345,small_user0,0,READ,0x45ca000,8192
2567465,small_user0,0,READ,0x45cc000,4096
2567561,small_user0,0,WRITE,0x45cd000,16384
2567960,small_user0,0,READ,0x45d1000,8192
2568129,small_user1,1,READ,0x10004601000,8192
2568256,small_user0,0,READ,0x45d3000,4096
2568357,small_user0,0,READ,0x45d4000,4096
2568364,small_user0,0,READ,0x45d5000,4096
2568551,small_user0,0,READ,0x45d6000,16384
2568689,small_user1,1,WRITE,0x10004603000,16384
2568835,small_user0,0,READ,0x45da000,16384
2569057,small_user0,0,WRITE,0x45de000,8192
2569650,small_user1,1,READ,0x10004607000,8192
2569725,small_user1,1,WRITE,0x10004609000,16384
2569732,small_user1,1,READ,0x1000460d000,16384
2569807,small_user1,1,READ,0x10004611000,4096
2569915,small_user0,0,READ,0x45e0000,16384
2570202,small_user1,1,READ,0x10004612000,4096
2570217,small_user1,1,READ,0x10004613000,16384
2570483,small_user1,1,READ,0x10004617000,16384
2570669,small_user0,0,READ,0x45e4000,4096
2570708,large_user0,2,READ,0x20007210000,262144
2570772,small_user1,1,READ,0x1000461b000,4096
2570776,small_user0,0,WRITE,0x45e5000,16384
2570878,small_user1,1,READ,0x1000461c000,16384
2570975,large_user1,3,WRITE,0x30006ff0000,65536
2571150,small_user0,0,READ,0x45e9000,4096
2571210,small_user1,1,READ,0x10004620000,16384
2571528,small_user0,0,WRITE,0x45ea000,16384
2571600,small_user1,1,WRITE,0x10004624000,4096
2571617,small_user0,0,READ,0x45ee000,4096
2571707,small_user0,0,WRITE,0x45ef000,16384
2571909,small_user1,1,READ,0x10004625000,8192
2572153,small_user1,1,READ,0x10004627000,4096
2572227,small_user0,0,READ,0x45f3000,8192
2572308,large_user1,3,READ,0x30007000000,65536
2572551,small_user0,0,READ,0x45f5000,4096
2572594,small_user0,0,WRITE,0x45f6000,8192
2572875,small_user0,0,READ,0x45f8000,8192
2573049,large_user0,2,WRITE,0x20007250000,65536
2573148,small_user0,0,READ,0x45fa000,8192
2573195,small_user0,0,READ,0x45fc000,16384
2573220,small_user0,0,READ,0x4600000,16384
2573330,small_user1,1,READ,0x10004628000,8192
2573359,small_user1,1,READ,0x1000462a000,16384
2573777,small_user1,1,READ,0x1000462e000,16384
2573854,small_user1,1,WRITE,0x10004632000,16384
2573944,small_user1,1,WRITE,0x10004636000,8192
2573954,small_user1,1,WRITE,0x10004638000,8192
2574007,small_user1,1,READ,0x1000463a000,16384
2574013,small_user1,1,READ,0x1000463e000,16384
2574116,small_user1,1,READ,0x10004642000,8192
2574192,small_user1,1,WRITE,0x10004644000,16384
2574801,large_user1,3,READ,0x30007010000,262144
2574874,small_user0,0,READ,0x4604000,16384
2574888,large_user1,3,READ,0x30007050000,262144
2575137,small_user0,0,WRITE,0x4608000,4096
2575309,small_user0,0,READ,0x4609000,16384
2575363,small_user1,1,READ,0x10004648000,8192
2575565,large_user0,2,WRITE,0x20007260000,262144
2575914,small_user0,0,READ,0x460d000,4096
2576121,small_user1,1,WRITE,0x1000464a000,4096
2576181,small_user1,1,READ,0x1000464b000,16384
2576213,small_user1,1,WRITE,0x1000464f000,4096
2576229,small_user0,0,READ,0x460e000,4096
2576626,small_user1,1,READ,0x10004650000,4096
2576909,small_user0,0,READ,0x460f000,16384
2576996,small_user1,1,WRITE,0x10004651000,4096
2577083,large_user1,3,WRITE,0x30007090000,65536
2577118,small_user0,0,WRITE,0x4613000,8192
2577304,small_user0,0,READ,0x4615000,16384
2577352,small_user0,0,READ,0x4619000,4096
2577675,small_user1,1,READ,0x10004652000,4096
2577756,small_user1,1,WRITE,0x10004653000,16384
2578201,small_user0,0,READ,0x461a000,4096
2578227,small_user0,0,READ,0x461b000,16384
2578313,small_user1,1,WRITE,0x10004657000,16384
2578818,small_user0,0,WRITE,0x461f000,16384
2578929,small_user0,0,READ,0x4623000,8192
2579166,small_user0,0,READ,0x4625000,4096
2579254,small_user1,1,READ,0x1000465b000,8192
2579273,small_user1,1,READ,0x1000465d000,8192
2579378,small_user0,0,READ,0x4626000,4096
2579378,small_user1,1,READ,0x1000465f000,4096
2579711,small_user0,0,READ,0x4627000,4096
2579780,small_user0,0,READ,0x4628000,4096
2579917,small_user0,0,READ,0x4629000,16384
2580353,small_user0,0,READ,0x462d000,8192
2580905,large_user0,2,WRITE,0x200072a0000,65536
2581279,small_user0,0,READ,0x462f000,8192
2581316,small_user1,1,READ,0x10004660000,4096
2581393,small_user0,0,READ,0x4631000,4096
2581761,small_user0,0,READ,0x4632000,8192
2581793,small_user1,1,READ,0x10004661000,4096
2581942,small_user0,0,WRITE,0x4634000,8192
2582258,small_user0,0,WRITE,0x4636000,8192
2582519,small_user1,1,READ,0x10004662000,16384
2582602,small_user0,0,READ,0x4638000,4096
2583389,small_user1,1,READ,0x10004666000,8192
2583708,small_user0,0,READ,0x4639000,16384
2583733,small_user1,1,WRITE,0x10004668000,16384
2583799,small_user1,1,READ,0x1000466c000,16384
2583818,small_user1,1,READ,0x10004670000,8192
2583992,small_user0,0,WRITE,0x463d000,4096
2584009,small_user1,1,READ,0x10004672000,4096
2584023,small_user1,1,WRITE,0x10004673000,8192
2584030,small_user0,0,READ,0x463e000,8192
2584052,small_user1,1,WRITE,0x10004675000,8192
2584058,small_user1,1,READ,0x10004677000,8192
2584253,small_user1,1,READ,0x10004679000,16384
2584377,small_user0,0,READ,0x4640000,4096
2584549,small_user1,1,READ,0x1000467d000,8192
2584662,small_user1,1,READ,0x1000467f000,16384
2584749,small_user1,1,READ,0x10004683000,16384
2584826,small_user1,1,WRITE,0x10004687000,8192
2585204,small_user1,1,READ,0x10004689000,8192
2585258,small_user0,0,READ,0x4641000,4096
2585300,small_user0,0,READ,0x4642000,16384
2586527,small_user1,1,READ,0x1000468b000,8192
2586595,small_user0,0,WRITE,0x4646000,8192
2586785,small_user1,1,READ,0x1000468d000,16384
2587205,small_user0,0,READ,0x4648000,16384
2587381,small_user0,0,READ,0x464c000,4096
2587429,small_user0,0,READ,0x464d000,4096
2587539,small_user0,0,READ,0x464e000,8192
2587698,small_user0,0,WRITE,0x4650000,16384
2587707,large_user0,2,READ,0x200072b0000,65536
2587857,small_user0,0,READ,0x4654000,8192
2587994,small_user1,1,READ,0x10004691000,16384
2588010,small_user0,0,READ,0x4656000,8192
2588015,small_user1,1,READ,0x10004695000,16384
2588532,small_user1,1,READ,0x10004699000,8192
2588544,small_user0,0,READ,0x4658000,8192
2588577,small_user0,0,WRITE,0x465a000,8192
2588820,large_user1,3,READ,0x300070a0000,65536
2588868,small_user0,0,WRITE,0x465c000,4096
2589027,small_user1,1,WRITE,0x1000469b000,8192
2589288,small_user0,0,WRITE,0x465d000,4096
2589533,small_user0,0,READ,0x465e000,8192
2589555,small_user0,0,WRITE,0x4660000,8192
2589773,small_user0,0,READ,0x4662000,4096
2590018,small_user1,1,WRITE,0x1000469d000,16384
2590263,small_user0,0,READ,0x4663000,8192
2590461,small_user1,1,WRITE,0x100046a1000,8192
2590566,small_user0,0,READ,0x4665000,4096
2590581,small_user0,0,READ,0x4666000,8192
2590598,small_user1,1,READ,0x100046a3000,4096
2590722,small_user0,0,WRITE,0x4668000,4096
2590928,small_user1,1,READ,0x100046a4000,4096
2591156,small_user0,0,WRITE,0x4669000,16384
2591316,large_user1,3,READ,0x300070b0000,262144
2591335,small_user1,1,WRITE,0x100046a5000,16384
2591451,small_user1,1,WRITE,0x100046a9000,16384
2591546,small_user1,1,READ,0x100046ad000,16384
2591619,small_user0,0,READ,0x466d000,16384
2591626,small_user1,1,READ,0x100046b1000,4096
2591707,small_user1,1,WRITE,0x100046b2000,4096
2591893,small_user0,0,WRITE,0x4671000,8192
2592038,small_user1,1,READ,0x100046b3000,8192
2592056,small_user1,1,READ,0x100046b5000,16384
2592169,small_user0,0,WRITE,0x4673000,4096
2592202,small_user1,1,WRITE,0x100046b9000,8192
2592271,small_user0,0,READ,0x4674000,4096
2592275,small_user0,0,WRITE,0x4675000,8192
2592376,small_user0,0,READ,0x4677000,8192
2592481,small_user1,1,WRITE,0x100046bb000,16384
2593011,small_user1,1,READ,0x100046bf000,16384
2593087,small_user0,0,WRITE,0x4679000,8192
2593131,small_user1,1,READ,0x100046c3000,8192
2593215,small_user0,0,READ,0x467b000,4096
2593252,small_user1,1,READ,0x100046c5000,16384
2593271,small_user1,1,READ,0x100046c9000,16384
2593451,small_user0,0,READ,0x467c000,8192
2593452,large_user0,2,READ,0x200072c0000,131072
2593827,small_user1,1,READ,0x100046cd000,16384
2594020,small_user0,0,WRITE,0x467e000,8192
2594210,small_user0,0,READ,0x4680000,4096
2594368,small_user0,0,READ,0x4681000,8192
2594463,small_user1,1,READ,0x100046d1000,4096
2594581,small_user0,0,WRITE,0x4683000,16384
2594660,small_user1,1,READ,0x100046d2000,8192
2594737,large_user0,2,WRITE,0x200072e0000,65536
2594930,small_user0,0,READ,0x4687000,8192
2595040,small_user1,1,READ,0x100046d4000,4096
2595044,small_user1,1,READ,0x100046d5000,8192
2595084,small_user0,0,READ,0x4689000,8192
2595243,small_user0,0,READ,0x468b000,4096
2595257,small_user0,0,WRITE,0x468c000,4096
2595428,small_user0,0,READ,0x468d000,4096
2595635,small_user1,1,READ,0x100046d7000,16384
2595987,small_user0,0,WRITE,0x468e000,8192
2596013,small_user1,1,READ,0x100046db000,4096
2596125,small_user0,0,READ,0x4690000,4096
2596386,small_user0,0,READ,0x4691000,4096
2596417,small_user1,1,READ,0x100046dc000,8192
2596419,small_user0,0,READ,0x4692000,8192
2596486,small_user0,0,WRITE,0x4694000,8192
2596523,small_user0,0,READ,0x4696000,8192
2596547,small_user1,1,WRITE,0x100046de000,16384
2596565,small_user0,0,WRITE,0x4698000,16384
2596573,large_user1,3,WRITE,0x300070f0000,65536
2596595,small_user1,1,READ,0x100046e2000,16384
2596602,small_user1,1,READ,0x100046e6000,16384
2596639,small_user1,1,READ,0x100046ea000,8192
2596681,small_user0,0,READ,0x469c000,16384
2596761,large_user1,3,READ,0x30007100000,131072
2596923,small_user1,1,READ,0x100046ec000,4096
2596941,small_user0,0,READ,0x46a0000,16384
2597178,small_user1,1,READ,0x100046ed000,16384
2597243,small_user1,1,READ,0x100046f1000,4096
2597306,small_user0,0,WRITE,0x46a4000,16384
2597547,small_user1,1,READ,0x100046f2000,4096
2597798,large_user1,3,READ,0x30007120000,65536
2597915,small_user1,1,READ,0x100046f3000,16384
2598026,small_user1,1,READ,0x100046f7000,4096
2598075,small_user0,0,READ,0x46a8000,8192
2598102,small_user1,1,READ,0x100046f8000,4096
2598377,small_user0,0,WRITE,0x46aa000,4096
2598392,small_user0,0,READ,0x46ab000,8192
2598708,small_user1,1,READ,0x100046f9000,4096
2599022,small_user1,1,READ,0x100046fa000,4096
2599085,small_user0,0,WRITE,0x46ad000,16384
2599259,small_user0,0,WRITE,0x46b1000,16384
2599269,small_user0,0,WRITE,0x46b5000,16384
2599298,small_user0,0,READ,0x46b9000,8192
2599403,large_user1,3,READ,0x30007130000,65536
2599464,small_user0,0,WRITE,0x46bb000,16384
2599652,small_user0,0,WRITE,0x46bf000,16384
2600431,large_user0,2,READ,0x200072f0000,262144
2600726,small_user1,1,READ,0x100046fb000,8192
2600772,large_user0,2,READ,0x20007330000,65536
2600925,small_user0,0,READ,0x46c3000,16384
2601037,small_user1,1,READ,0x100046fd000,4096
2601115,small_user0,0,READ,0x46c7000,8192
2601333,small_user0,0,READ,0x46c9000,8192
2601477,small_user0,0,WRITE,0x46cb000,16384
2601481,small_user0,0,READ,0x46cf000,8192
2602086,small_user0,0,WRITE,0x46d1000,4096
2602086,small_user1,1,READ,0x100046fe000,16384
2602155,small_user0,0,READ,0x46d2000,8192
2602200,small_user1,1,READ,0x10004702000,16384
2602216,small_user1,1,WRITE,0x10004706000,16384
2602335,small_user0,0,READ,0x46d4000,16384
2602731,large_user0,2,READ,0x20007340000,65536
2602814,small_user1,1,READ,0x1000470a000,16384
2602935,small_user0,0,WRITE,0x46d8000,16384
2603016,small_user0,0,READ,0x46dc000,16384
2603400,small_user1,1,READ,0x1000470e000,4096
2603487,large_user0,2,WRITE,0x20007350000,65536
2603701,small_user0,0,READ,0x46e0000,4096
2603721,small_user1,1,READ,0x1000470f000,8192
2603912,small_user0,0,READ,0x46e1000,16384
2603991,small_user0,0,READ,0x46e5000,16384
2604075,small_user0,0,READ,0x46e9000,8192
2604343,small_user0,0,READ,0x46eb000,4096
2604373,small_user1,1,WRITE,0x10004711000,8192
2604656,small_user0,0,WRITE,0x46ec000,4096
2604730,small_user1,1,WRITE,0x10004713000,16384
2604765,small_user1,1,READ,0x10004717000,4096
2604770,small_user0,0,READ,0x46ed000,8192
2604923,large_user1,3,READ,0x30007140000,262144
2604934,small_user0,0,WRITE,0x46ef000,4096
2604992,small_user0,0,READ,0x46f0000,8192
2605074,small_user0,0,READ,0x46f2000,8192
2605362,small_user0,0,WRITE,0x46f4000,8192
2605781,small_user1,1,WRITE,0x10004718000,16384
2605945,small_user1,1,READ,0x1000471c000,8192
2605954,small_user1,1,READ,0x1000471e000,8192
2606125,small_user0,0,READ,0x46f6000,16384
2606286,small_user1,1,WRITE,0x10004720000,16384
2606392,small_user0,0,WRITE,0x46fa000,8192
2606447,small_user1,1,READ,0x10004724000,16384
2606484,small_user1,1,WRITE,0x10004728000,4096
2606488,small_user1,1,READ,0x10004729000,4096
2606579,small_user0,0,WRITE,0x46fc000,4096
2606613,small_user0,0,READ,0x46fd000,8192
2606614,large_user0,2,READ,0x20007360000,262144
2606644,small_user1,1,READ,0x1000472a000,4096
2607126,small_user0,0,READ,0x46ff000,4096
2607353,large_user1,3,WRITE,0x30007180000,65536
2607456,small_user1,1,WRITE,0x1000472b000,8192
2607605,small_user0,0,READ,0x4700000,4096
2607874,small_user1,1,READ,0x1000472d000,8192
2607994,small_user1,1,READ,0x1000472f000,4096
2608182,small_user0,0,READ,0x4701000,8192
2608526,small_user1,1,WRITE,0x10004730000,4096
2608726,small_user0,0,WRITE,0x4703000,16384
2609043,small_user0,0,READ,0x4707000,4096
2609458,small_user0,0,READ,0x4708000,8192
2609490,small_user1,1,READ,0x10004731000,4096
2609589,small_user1,1,READ,0x10004732000,16384
2609605,small_user1,1,WRITE,0x10004736000,8192
2609618,small_user0,0,WRITE,0x470a000,4096
2609684,small_user1,1,READ,0x10004738000,4096
2609942,small_user0,0,READ,0x470b000,8192
2610041,small_user1,1,WRITE,0x10004739000,16384
2610098,small_user0,0,READ,0x470d000,8192
2610165,small_user1,1,WRITE,0x1000473d000,4096
2610544,small_user0,0,READ,0x470f000,4096
2610626,small_user0,0,READ,0x4710000,8192
2611000,small_user0,0,READ,0x4712000,8192
2611041,small_user1,1,READ,0x1000473e000,16384
2611331,small_user1,1,READ,0x10004742000,8192
2611685,small_user1,1,READ,0x10004744000,4096
2611828,small_user1,1,READ,0x10004745000,8192
2612203,small_user1,1,READ,0x10004747000,8192
2612274,small_user1,1,READ,0x10004749000,4096
2612348,large_user0,2,WRITE,0x200073a0000,65536
2612518,small_user1,1,READ,0x1000474a000,4096
2612792,small_user0,0,READ,0x4714000,8192
2612926,small_user1,1,READ,0x1000474b000,16384
2612943,small_user1,1,READ,0x1000474f000,16384
2613285,large_user1,3,READ,0x30007190000,262144
2613323,small_user0,0,READ,0x4716000,16384
2613527,small_user0,0,READ,0x471a000,16384
2613698,small_user1,1,READ,0x10004753000,8192
2613888,small_user0,0,READ,0x471e000,4096
2614051,small_user1,1,READ,0x10004755000,8192
2614144,small_user1,1,READ,0x10004757000,16384
2614379,small_user0,0,READ,0x471f000,16384
2614740,small_user1,1,WRITE,0x1000475b000,8192
2614881,small_user0,0,READ,0x4723000,16384
2614932,small_user0,0,WRITE,0x4727000,4096
2615058,small_user1,1,WRITE,0x1000475d000,4096
2615058,small_user1,1,READ,0x1000475e000,4096
2615104,small_user1,1,READ,0x1000475f000,8192
2615229,small_user1,1,READ,0x10004761000,16384
2615533,small_user0,0,READ,0x4728000,16384
2615543,small_user0,0,READ,0x472c000,4096
2615561,small_user0,0,READ,0x472d000,8192
2615707,small_user0,0,READ,0x472f000,8192
2615758,small_user1,1,READ,0x10004765000,4096
2616059,small_user0,0,READ,0x4731000,8192
2616102,small_user1,1,READ,0x10004766000,16384
2616207,large_user0,2,READ,0x200073b0000,262144
2616289,small_user0,0,READ,0x4733000,16384
2616295,small_user0,0,WRITE,0x4737000,8192
2616621,small_user1,1,READ,0x1000476a000,4096
2616656,small_user0,0,READ,0x4739000,16384
2616770,small_user1,1,READ,0x1000476b000,16384
2617013,small_user0,0,WRITE,0x473d000,4096
2617102,small_user1,1,READ,0x1000476f000,8192
2617877,small_user0,0,READ,0x473e000,4096
2617878,large_user1,3,READ,0x300071d0000,131072
2617940,small_user0,0,READ,0x473f000,8192
2618186,small_user1,1,READ,0x10004771000,16384
2618271,small_user1,1,WRITE,0x10004775000,4096
2618377,small_user1,1,READ,0x10004776000,4096
2618472,small_user0,0,READ,0x4741000,8192
2618587,small_user0,0,READ,0x4743000,8192
2618601,small_user0,0,READ,0x4745000,4096
2618728,small_user1,1,READ,0x10004777000,16384
2618760,small_user1,1,WRITE,0x1000477b000,4096
2619235,small_user1,1,READ,0x1000477c000,4096
2619302,small_user0,0,READ,0x4746000,16384
2619341,small_user1,1,READ,0x1000477d000,16384
2619598,small_user0,0,WRITE,0x474a000,16384
2619827,small_user1,1,READ,0x10004781000,16384
2619994,small_user1,1,READ,0x10004785000,16384
2620046,small_user0,0,READ,0x474e000,4096
2620345,small_user0,0,READ,0x474f000,16384
2620427,small_user1,1,READ,0x10004789000,16384
2620442,small_user0,0,READ,0x4753000,8192
2620511,small_user1,1,WRITE,0x1000478d000,8192
2620694,small_user1,1,READ,0x1000478f000,8192
2620721,small_user0,0,READ,0x4755000,8192
2620783,small_user0,0,READ,0x4757000,8192
2620784,small_user0,0,WRITE,0x4759000,8192
2620912,large_user1,3,WRITE,0x300071f0000,262144
2620950,small_user0,0,WRITE,0x475b000,4096
2621004,small_user0,0,READ,0x475c000,16384
2621195,small_user1,1,READ,0x10004791000,8192
2621390,small_user1,1,WRITE,0x10004793000,4096
2621544,small_user1,1,READ,0x10004794000,16384
2621922,small_user1,1,READ,0x10004798000,8192
2621978,small_user1,1,WRITE,0x1000479a000,16384
2622023,small_user0,0,READ,0x4760000,4096
2622293,small_user1,1,READ,0x1000479e000,16384
2623033,small_user1,1,READ,0x100047a2000,16384
2623051,small_user0,0,WRITE,0x4761000,8192
2623641,small_user1,1,WRITE,0x100047a6000,8192
2623712,small_user0,0,WRITE,0x4763000,4096
2623788,large_user1,3,READ,0x30007230000,262144
2623827,small_user0,0,WRITE,0x4764000,4096
2623935,small_user0,0,WRITE,0x4765000,4096
2624048,small_user1,1,WRITE,0x100047a8000,8192
2624533,small_user1,1,READ,0x100047aa000,4096
2624630,small_user1,1,READ,0x100047ab000,4096
2624732,small_user1,1,WRITE,0x100047ac000,4096
2624735,large_user0,2,READ,0x200073f0000,262144
2624836,small_user1,1,WRITE,0x100047ad000,8192
2624847,small_user1,1,WRITE,0x100047af000,4096
2624873,small_user0,0,WRITE,0x4766000,8192
2625198,small_user1,1,READ,0x100047b0000,8192
2625203,small_user1,1,READ,0x100047b2000,8192
2625224,large_user1,3,READ,0x30007270000,131072
2626342,small_user0,0,READ,0x4768000,16384
2627020,small_user0,0,READ,0x476c000,8192
2627292,small_user0,0,WRITE,0x476e000,8192
2627313,large_user1,3,READ,0x30007290000,262144
2627573,small_user0,0,READ,0x4770000,16384
2627592,small_user0,0,READ,0x4774000,4096
2627699,small_user1,1,READ,0x100047b4000,8192
2627796,small_user0,0,READ,0x4775000,4096
2628096,small_user0,0,READ,0x4776000,16384
2628110,small_user1,1,READ,0x100047b6000,16384
2628144,small_user0,0,WRITE,0x477a000,8192
2628351,small_user1,1,WRITE,0x100047ba000,4096
2628574,small_user0,0,READ,0x477c000,8192
2628629,small_user1,1,READ,0x100047bb000,4096
2628997,small_user1,1,WRITE,0x100047bc000,4096
2629170,small_user0,0,READ,0x477e000,4096
2629241,small_user1,1,WRITE,0x100047bd000,16384
2629297,small_user1,1,READ,0x100047c1000,16384
2629399,small_user1,1,READ,0x100047c5000,16384
2629914,small_user1,1,READ,0x100047c9000,4096
2629994,small_user1,1,WRITE,0x100047ca000,16384
2630278,small_user1,1,WRITE,0x100047ce000,8192
2630365,small_user0,0,READ,0x477f000,4096
2630392,small_user1,1,READ,0x100047d0000,16384
2630689,small_user1,1,READ,0x100047d4000,4096
2630712,small_user1,1,READ,0x100047d5000,16384
2630791,small_user1,1,READ,0x100047d9000,16384
2631045,small_user0,0,READ,0x4780000,16384
2631068,small_user1,1,WRITE,0x100047dd000,4096
2631446,small_user1,1,READ,0x100047de000,8192
2631470,small_user1,1,READ,0x100047e0000,8192
2631829,small_user1,1,WRITE,0x100047e2000,16384
2632012,small_user0,0,READ,0x4784000,16384
2632160,small_user1,1,READ,0x100047e6000,16384
2632215,small_user1,1,READ,0x100047ea000,8192
2632628,small_user1,1,READ,0x100047ec000,16384
2632789,small_user0,0,READ,0x4788000,4096
2633086,small_user0,0,WRITE,0x4789000,16384
2633133,small_user0,0,WRITE,0x478d000,4096
2633158,small_user1,1,WRITE,0x100047f0000,16384
2633193,small_user1,1,WRITE,0x100047f4000,4096
2633234,small_user1,1,READ,0x100047f5000,4096
2633473,small_user1,1,WRITE,0x100047f6000,16384
2633528,small_user1,1,WRITE,0x100047fa000,8192
2633811,large_user0,2,READ,0x20007430000,262144
2634186,small_user0,0,READ,0x478e000,16384
2634243,small_user1,1,READ,0x100047fc000,4096
2634315,small_user1,1,READ,0x100047fd000,16384
2634531,small_user0,0,WRITE,0x4792000,4096
2634767,small_user1,1,WRITE,0x10004801000,4096
2634845,small_user1,1,WRITE,0x10004802000,16384
2635156,small_user0,0,WRITE,0x4793000,8192
2635275,small_user0,0,READ,0x4795000,4096
2635300,small_user0,0,READ,0x4796000,4096
2635317,small_user0,0,READ,0x4797000,4096
2635538,large_user1,3,WRITE,0x300072d0000,65536
2635544,small_user1,1,READ,0x10004806000,8192
2635792,small_user1,1,READ,0x10004808000,8192
2635815,small_user0,0,WRITE,0x4798000,4096
2635977,small_user1,1,READ,0x1000480a000,16384
2635994,small_user0,0,WRITE,0x4799000,16384
2636064,small_user0,0,READ,0x479d000,16384
2636073,small_user1,1,READ,0x1000480e000,4096
2636206,small_user1,1,READ,0x1000480f000,8192
2636425,small_user1,1,WRITE,0x10004811000,4096
2636578,small_user0,0,READ,0x47a1000,4096
2636585,small_user1,1,WRITE,0x10004812000,4096
2636611,small_user1,1,READ,0x10004813000,4096
2636927,large_user1,3,READ,0x300072e0000,65536
2637097,small_user0,0,WRITE,0x47a2000,16384
2637099,small_user1,1,READ,0x10004814000,4096
2637328,small_user1,1,READ,0x10004815000,16384
2637350,small_user0,0,WRITE,0x47a6000,16384
2637848,small_user1,1,READ,0x10004819000,16384
2637883,small_user0,0,READ,0x47aa000,4096
2638261,small_user1,1,READ,0x1000481d000,8192
2638536,small_user1,1,READ,0x1000481f000,16384
2639014,small_user1,1,READ,0x10004823000,4096
2639486,small_user0,0,READ,0x47ab000,16384
2639544,small_user1,1,WRITE,0x10004824000,16384
2639805,large_user0,2,WRITE,0x20007470000,131072
2640098,small_user0,0,READ,0x47af000,4096
2640103,small_user0,0,READ,0x47b0000,16384
2640127,small_user1,1,READ,0x10004828000,4096
2640280,small_user0,0,READ,0x47b4000,4096
2640607,small_user0,0,WRITE,0x47b5000,8192
2640876,small_user0,0,READ,0x47b7000,4096
2640911,small_user1,1,READ,0x10004829000,8192
2641059,small_user0,0,READ,0x47b8000,8192
2641132,small_user0,0,READ,0x47ba000,4096
2641775,small_user1,1,READ,0x1000482b000,8192
2641791,small_user0,0,READ,0x47bb000,16384
2641948,small_user1,1,READ,0x1000482d000,16384
2641970,small_user1,1,READ,0x10004831000,16384
2642052,small_user0,0,READ,0x47bf000,16384
2642137,small_user0,0,READ,0x47c3000,8192
2642444,small_user1,1,READ,0x10004835000,8192
2642513,small_user0,0,READ,0x47c5000,8192
2642634,small_user1,1,READ,0x10004837000,4096
2642656,small_user1,1,READ,0x10004838000,8192
2642928,large_user1,3,WRITE,0x300072f0000,65536
2643077,small_user1,1,READ,0x1000483a000,8192
2643158,small_user0,0,READ,0x47c7000,8192
2643165,small_user1,1,WRITE,0x1000483c000,4096
2643334,small_user0,0,READ,0x47c9000,8192
2643389,large_user0,2,READ,0x20007490000,262144
2643477,small_user0,0,WRITE,0x47cb000,8192
2643863,small_user1,1,READ,0x1000483d000,16384
2643884,small_user0,0,READ,0x47cd000,16384
2644101,large_user1,3,WRITE,0x30007300000,131072
2644144,small_user0,0,WRITE,0x47d1000,4096
2644169,small_user0,0,WRITE,0x47d2000,4096
2644273,small_user0,0,READ,0x47d3000,16384
2644649,small_user0,0,READ,0x47d7000,16384
2644765,small_user1,1,READ,0x10004841000,16384
2644875,small_user1,1,READ,0x10004845000,4096
2645189,small_user0,0,WRITE,0x47db000,8192
2645259,large_user1,3,READ,0x30007320000,131072
2645318,small_user0,0,READ,0x47dd000,8192
2645432,small_user1,1,WRITE,0x10004846000,4096
2645555,small_user1,1,READ,0x10004847000,16384
2645649,small_user1,1,READ,0x1000484b000,8192
2645753,small_user0,0,READ,0x47df000,4096
2645836,small_user0,0,READ,0x47e0000,16384
2645843,small_user0,0,READ,0x47e4000,16384
2646028,small_user1,1,READ,0x1000484d000,4096
2646446,small_user0,0,READ,0x47e8000,8192
2646520,small_user1,1,WRITE,0x1000484e000,4096
2646597,small_user0,0,READ,0x47ea000,16384
2646599,small_user1,1,READ,0x1000484f000,16384
2646702,small_user1,1,WRITE,0x10004853000,8192
2646761,small_user1,1,WRITE,0x10004855000,16384
2646865,small_user1,1,READ,0x10004859000,4096
2647138,small_user1,1,READ,0x1000485a000,8192
2647317,large_user1,3,WRITE,0x30007340000,131072
2647359,small_user1,1,READ,0x1000485c000,16384
2647423,small_user0,0,READ,0x47ee000,4096
2647493,small_user1,1,READ,0x10004860000,4096
2647896,small_user1,1,READ,0x10004861000,16384
2648178,small_user0,0,WRITE,0x47ef000,8192
2648741,small_user1,1,READ,0x10004865000,4096
2648749,small_user0,0,READ,0x47f1000,4096
2648967,small_user0,0,READ,0x47f2000,8192
2648973,small_user0,0,READ,0x47f4000,16384
2649031,small_user0,0,WRITE,0x47f8000,4096
2649065,small_user0,0,READ,0x47f9000,16384
2649193,small_user0,0,READ,0x47fd000,4096
2649340,small_user1,1,READ,0x10004866000,4096
2649359,small_user0,0,READ,0x47fe000,8192
2649533,small_user0,0,READ,0x4800000,4096
2649580,small_user1,1,READ,0x10004867000,16384
2649643,small_user1,1,WRITE,0x1000486b000,4096
2649734,small_user1,1,READ,0x1000486c000,4096
2650036,small_user0,0,READ,0x4801000,4096
2650326,large_user1,3,READ,0x30007360000,262144
2650341,small_user0,0,READ,0x4802000,8192
2650395,small_user1,1,WRITE,0x1000486d000,8192
2650527,small_user1,1,READ,0x1000486f000,4096
2650620,small_user0,0,READ,0x4804000,16384
2650953,small_user0,0,READ,0x4808000,8192
2651110,small_user0,0,WRITE,0x480a000,4096
2651115,small_user0,0,READ,0x480b000,8192
2651372,small_user1,1,READ,0x10004870000,8192
2651413,small_user0,0,WRITE,0x480d000,8192
2651464,small_user0,0,READ,0x480f000,8192
2651567,small_user1,1,READ,0x10004872000,8192
2651801,small_user1,1,READ,0x10004874000,8192
2651835,large_user0,2,READ,0x200074d0000,262144
2651929,small_user0,0,READ,0x4811000,16384
2652038,small_user0,0,READ,0x4815000,8192
2652074,small_user1,1,READ,0x10004876000,8192
2652257,small_user0,0,WRITE,0x4817000,8192
2652614,small_user1,1,READ,0x10004878000,16384
2652853,small_user1,1,READ,0x1000487c000,16384
2652932,small_user1,1,WRITE,0x10004880000,16384
2652995,small_user0,0,READ,0x4819000,8192
2653068,small_user1,1,READ,0x10004884000,4096
2653123,small_user1,1,WRITE,0x10004885000,16384
2653465,small_user1,1,READ,0x10004889000,16384
2653578,small_user1,1,READ,0x1000488d000,4096
2653897,small_user0,0,READ,0x481b000,4096
2653923,small_user1,1,READ,0x1000488e000,8192
2654075,small_user1,1,READ,0x10004890000,16384
2654249,large_user0,2,READ,0x20007510000,131072
2654295,small_user0,0,READ,0x481c000,16384
2654501,small_user1,1,READ,0x10004894000,4096
2654502,small_user0,0,READ,0x4820000,8192
2654620,small_user1,1,READ,0x10004895000,16384
2654766,small_user0,0,READ,0x4822000,8192
2654775,small_user1,1,WRITE,0x10004899000,4096
2654829,small_user0,0,READ,0x4824000,8192
2654849,small_user0,0,READ,0x4826000,8192
2654972,small_user0,0,READ,0x4828000,8192
2655076,small_user0,0,WRITE,0x482a000,4096
2655101,large_user0,2,WRITE,0x20007530000,131072
2655225,small_user0,0,WRITE,0x482b000,4096
2655250,small_user1,1,READ,0x1000489a000,4096
2655285,small_user1,1,READ,0x1000489b000,4096
2655486,small_user1,1,READ,0x1000489c000,4096
2655560,small_user1,1,WRITE,0x1000489d000,8192
2655879,large_user1,3,WRITE,0x300073a0000,65536
2656160,large_user1,3,WRITE,0x300073b0000,262144
2656580,small_user1,1,WRITE,0x1000489f000,8192
2656621,small_user1,1,READ,0x100048a1000,8192
2656702,small_user1,1,READ,0x100048a3000,4096
2656887,small_user1,1,READ,0x100048a4000,8192
2656918,small_user1,1,WRITE,0x100048a6000,16384
2656982,small_user0,0,READ,0x482c000,8192
2657523,small_user1,1,READ,0x100048aa000,16384
2657670,small_user0,0,WRITE,0x482e000,4096
2657788,small_user1,1,WRITE,0x100048ae000,4096
2657848,small_user0,0,WRITE,0x482f000,4096
2658068,small_user0,0,WRITE,0x4830000,16384
2658216,large_user0,2,WRITE,0x20007550000,65536
2658272,small_user0,0,READ,0x4834000,16384
2658442,small_user0,0,READ,0x4838000,4096
2658873,small_user0,0,READ,0x4839000,8192
2659169,small_user1,1,READ,0x100048af000,4096
2659246,small_user1,1,READ,0x100048b0000,16384
2659343,small_user1,1,WRITE,0x100048b4000,8192
2659391,small_user0,0,READ,0x483b000,16384
2659497,small_user0,0,READ,0x483f000,4096
2659602,small_user0,0,READ,0x4840000,16384
2659633,small_user0,0,READ,0x4844000,8192
2659792,small_user1,1,WRITE,0x100048b6000,4096
2659939,small_user0,0,READ,0x4846000,16384
2660035,small_user0,0,READ,0x484a000,16384
2660134,small_user1,1,WRITE,0x100048b7000,8192
2660298,small_user0,0,WRITE,0x484e000,4096
2660562,small_user1,1,WRITE,0x100048b9000,8192
2660576,small_user1,1,READ,0x100048bb000,8192
2660801,small_user1,1,WRITE,0x100048bd000,16384
2660828,small_user0,0,READ,0x484f000,16384
2660876,small_user1,1,READ,0x100048c1000,4096
2660877,small_user1,1,WRITE,0x100048c2000,8192
2660967,small_user1,1,WRITE,0x100048c4000,4096
2660990,small_user1,1,READ,0x100048c5000,16384
2661189,small_user0,0,READ,0x4853000,4096
2661237,large_user1,3,READ,0x300073f0000,262144
2661335,small_user0,0,READ,0x4854000,16384
2661367,small_user1,1,READ,0x100048c9000,16384
2661431,small_user1,1,WRITE,0x100048cd000,4096
2661627,small_user1,1,WRITE,0x100048ce000,16384
2661663,small_user1,1,WRITE,0x100048d2000,16384
2661682,small_user1,1,WRITE,0x100048d6000,16384
2661706,small_user0,0,READ,0x4858000,4096
2661998,small_user1,1,READ,0x100048da000,8192
2662036,large_user1,3,READ,0x30007430000,262144
2662167,small_user1,1,WRITE,0x100048dc000,4096
2662742,small_user1,1,READ,0x100048dd000,8192
2662972,small_user0,0,READ,0x4859000,4096
2663090,small_user0,0,READ,0x485a000,8192
2663298,small_user1,1,WRITE,0x100048df000,4096
2663395,small_user1,1,READ,0x100048e0000,4096
2663472,small_user1,1,READ,0x100048e1000,8192
2663519,small_user1,1,READ,0x100048e3000,16384
2663803,small_user1,1,READ,0x100048e7000,4096
2664111,small_user1,1,READ,0x100048e8000,8192
2664471,small_user1,1,READ,0x100048ea000,16384
2664700,small_user1,1,READ,0x100048ee000,8192
2664763,small_user0,0,READ,0x485c000,16384
2664780,small_user0,0,READ,0x4860000,8192
2665159,large_user1,3,WRITE,0x30007470000,65536
2665325,large_user0,2,WRITE,0x20007560000,65536
2665717,small_user1,1,READ,0x100048f0000,8192
2665743,small_user1,1,READ,0x100048f2000,4096
2665745,small_user0,0,WRITE,0x4862000,8192
2665896,small_user1,1,READ,0x100048f3000,4096
2665948,small_user1,1,READ,0x100048f4000,4096
2665983,small_user0,0,WRITE,0x4864000,4096
2666024,small_user0,0,WRITE,0x4865000,16384
2666057,small_user0,0,WRITE,0x4869000,4096
2666280,small_user1,1,READ,0x100048f5000,16384
2666675,small_user0,0,READ,0x486a000,4096
2666716,small_user0,0,READ,0x486b000,8192
2666898,small_user0,0,WRITE,0x486d000,4096
2666984,small_user1,1,WRITE,0x100048f9000,8192
2667019,small_user0,0,READ,0x486e000,16384
2667185,small_user0,0,READ,0x4872000,4096
2667272,small_user1,1,READ,0x100048fb000,4096
2667452,small_user0,0,WRITE,0x4873000,4096
2667860,small_user1,1,WRITE,0x100048fc000,16384
2668247,small_user0,0,READ,0x4874000,16384
2668483,small_user0,0,READ,0x4878000,8192
2668514,small_user0,0,READ,0x487a000,8192
2668563,small_user1,1,READ,0x10004900000,8192
2668670,small_user1,1,WRITE,0x10004902000,16384
2668984,small_user0,0,READ,0x487c000,16384
2669117,small_user0,0,READ,0x4880000,16384
2669157,small_user1,1,READ,0x10004906000,4096
2669239,small_user1,1,READ,0x10004907000,16384
2669299,small_user0,0,READ,0x4884000,4096
2669506,small_user1,1,READ,0x1000490b000,16384
2669545,large_user0,2,WRITE,0x20007570000,262144
2669717,small_user0,0,WRITE,0x4885000,16384
2669999,small_user1,1,WRITE,0x1000490f000,16384
2670243,small_user1,1,READ,0x10004913000,8192
2670259,small_user1,1,WRITE,0x10004915000,4096
2670511,small_user1,1,READ,0x10004916000,4096
2670647,small_user0,0,READ,0x4889000,8192
2671354,small_user0,0,WRITE,0x488b000,8192
2671405,small_user0,0,WRITE,0x488d000,4096
2671502,small_user1,1,WRITE,0x10004917000,8192
2671565,small_user0,0,READ,0x488e000,16384
2671587,small_user0,0,READ,0x4892000,16384
2671677,small_user0,0,READ,0x4896000,16384
2671840,small_user0,0,READ,0x489a000,8192
2672402,small_user0,0,READ,0x489c000,8192
2672607,small_user1,1,WRITE,0x10004919000,8192
2672808,small_user0,0,READ,0x489e000,16384
2672859,small_user1,1,READ,0x1000491b000,16384
2672882,small_user0,0,WRITE,0x48a2000,16384
2673304,large_user0,2,READ,0x200075b0000,131072
2673383,small_user1,1,READ,0x1000491f000,16384
2673802,small_user0,0,READ,0x48a6000,16384
2674133,small_user1,1,READ,0x10004923000,16384
2674671,small_user0,0,READ,0x48aa000,8192
2674708,small_user0,0,READ,0x48ac000,8192
2674903,small_user1,1,READ,0x10004927000,4096
2674942,small_user0,0,READ,0x48ae000,16384
2674961,small_user0,0,READ,0x48b2000,16384
2675019,small_user0,0,READ,0x48b6000,4096
2675226,small_user0,0,READ,0x48b7000,8192
2675308,small_user0,0,READ,0x48b9000,4096
2675522,large_user0,2,READ,0x200075d0000,262144
2675573,small_user1,1,READ,0x10004928000,4096
2675618,small_user0,0,WRITE,0x48ba000,8192
2675691,small_user0,0,WRITE,0x48bc000,16384
2675805,small_user1,1,WRITE,0x10004929000,8192
2675950,small_user1,1,READ,0x1000492b000,8192
2675961,small_user1,1,WRITE,0x1000492d000,16384
2676211,small_user0,0,READ,0x48c0000,16384
2676353,large_user1,3,READ,0x30007480000,65536
2676577,small_user0,0,WRITE,0x48c4000,4096
2676618,small_user1,1,READ,0x10004931000,4096
2676770,small_user1,1,READ,0x10004932000,8192
2676936,small_user0,0,READ,0x48c5000,4096
2677063,small_user1,1,READ,0x10004934000,16384
2677435,small_user1,1,READ,0x10004938000,16384
2677517,small_user1,1,READ,0x1000493c000,16384
2677918,small_user0,0,WRITE,0x48c6000,4096
2677935,small_user0,0,READ,0x48c7000,8192
2678062,small_user1,1,READ,0x10004940000,4096
2678217,small_user0,0,WRITE,0x48c9000,8192
2678295,small_user0,0,READ,0x48cb000,8192
2678615,small_user1,1,WRITE,0x10004941000,8192
2678617,small_user1,1,READ,0x10004943000,8192
2678701,small_user1,1,READ,0x10004945000,4096
2678719,large_user1,3,READ,0x30007490000,262144
2679670,small_user1,1,READ,0x10004946000,4096
2679718,small_user0,0,READ,0x48cd000,16384
2679950,small_user1,1,READ,0x10004947000,4096
2680251,small_user1,1,READ,0x10004948000,16384
2680341,small_user0,0,READ,0x48d1000,16384
2680443,small_user1,1,READ,0x1000494c000,16384
2680529,small_user0,0,READ,0x48d5000,8192
2680612,small_user1,1,READ,0x10004950000,8192
2681077,small_user0,0,READ,0x48d7000,4096
2681380,small_user1,1,READ,0x10004952000,8192
2681433,small_user1,1,WRITE,0x10004954000,4096
2681462,small_user1,1,READ,0x10004955000,16384
2681524,small_user1,1,READ,0x10004959000,16384
2681869,small_user1,1,READ,0x1000495d000,16384
2681920,small_user0,0,READ,0x48d8000,8192
2682046,small_user1,1,WRITE,0x10004961000,16384
2682422,small_user1,1,READ,0x10004965000,8192
2682442,small_user0,0,READ,0x48da000,8192
2682511,small_user0,0,READ,0x48dc000,4096
2682852,small_user1,1,READ,0x10004967000,8192
2683128,small_user1,1,READ,0x10004969000,4096
2683316,small_user1,1,READ,0x1000496a000,4096
2683452,small_user1,1,WRITE,0x1000496b000,4096
2683543,small_user1,1,READ,0x1000496c000,16384
2683610,large_user1,3,READ,0x300074d0000,65536
2683713,small_user0,0,READ,0x48dd000,4096
2684001,small_user1,1,READ,0x10004970000,8192
2684036,small_user1,1,READ,0x10004972000,16384
2684072,large_user1,3,WRITE,0x300074e0000,262144
2684183,small_user1,1,WRITE,0x10004976000,8192
2684192,small_user0,0,READ,0x48de000,16384
2684298,small_user1,1,WRITE,0x10004978000,16384
2684312,small_user1,1,READ,0x1000497c000,8192
2684487,small_user1,1,READ,0x1000497e000,4096
2684575,large_user0,2,READ,0x20007610000,262144
2684607,small_user1,1,WRITE,0x1000497f000,16384
2684900,small_user0,0,READ,0x48e2000,8192
2684922,large_user0,2,WRITE,0x20007650000,65536
2684942,small_user1,1,WRITE,0x10004983000,4096
2685021,small_user1,1,READ,0x10004984000,16384
2685075,small_user0,0,READ,0x48e4000,8192
2685300,small_user1,1,READ,0x10004988000,8192
2685363,small_user0,0,READ,0x48e6000,16384
2685531,small_user1,1,WRITE,0x1000498a000,16384
2686036,small_user0,0,WRITE,0x48ea000,8192
2686036,small_user0,0,READ,0x48ec000,4096
2686058,large_user1,3,READ,0x30007520000,131072
2686087,small_user1,1,WRITE,0x1000498e000,4096
2686157,small_user1,1,READ,0x1000498f000,8192
2686331,small_user1,1,READ,0x10004991000,4096
2686332,small_user0,0,READ,0x48ed000,16384
2686588,small_user0,0,READ,0x48f1000,4096
2686655,small_user0,0,READ,0x48f2000,4096
2686880,small_user1,1,READ,0x10004992000,16384
2687056,small_user0,0,READ,0x48f3000,8192
2687179,small_user0,0,READ,0x48f5000,16384
2687247,small_user1,1,READ,0x10004996000,4096
2687388,small_user1,1,READ,0x10004997000,16384
2687425,small_user1,1,READ,0x1000499b000,16384
2687472,small_user1,1,READ,0x1000499f000,4096
2687475,small_user1,1,READ,0x100049a0000,16384
2687576,small_user0,0,WRITE,0x48f9000,16384
2687675,small_user0,0,WRITE,0x48fd000,16384
2687885,small_user1,1,READ,0x100049a4000,16384
2688295,small_user0,0,READ,0x4901000,4096
2688479,small_user1,1,READ,0x100049a8000,16384
2688740,small_user0,0,WRITE,0x4902000,4096
2688829,small_user0,0,WRITE,0x4903000,4096
2689180,small_user0,0,READ,0x4904000,16384
2689254,small_user0,0,READ,0x4908000,4096
2689560,small_user0,0,READ,0x4909000,8192
2689617,small_user0,0,READ,0x490b000,16384
2689628,small_user1,1,READ,0x100049ac000,8192
2689949,small_user1,1,READ,0x100049ae000,4096
2689971,small_user1,1,READ,0x100049af000,4096
2690051,small_user0,0,WRITE,0x490f000,8192
2690085,small_user0,0,READ,0x4911000,8192
2690564,small_user0,0,READ,0x4913000,16384
2690612,small_user1,1,READ,0x100049b0000,16384
2690934,small_user0,0,READ,0x4917000,4096
2691064,small_user1,1,READ,0x100049b4000,8192
2691102,small_user1,1,READ,0x100049b6000,8192
2691256,large_user1,3,READ,0x30007540000,131072
2691365,small_user0,0,READ,0x4918000,4096
2691508,small_user1,1,READ,0x100049b8000,8192
2691669,small_user0,0,READ,0x4919000,4096
2691743,small_user0,0,WRITE,0x491a000,4096
2691798,small_user0,0,WRITE,0x491b000,16384
2691995,large_user0,2,WRITE,0x20007660000,65536
2692044,small_user0,0,READ,0x491f000,16384
2692401,small_user0,0,READ,0x4923000,8192
2692411,small_user1,1,READ,0x100049ba000,8192
2692466,small_user0,0,READ,0x4925000,16384
2692844,small_user0,0,READ,0x4929000,16384
2692978,small_user0,0,READ,0x492d000,16384
2693100,small_user1,1,WRITE,0x100049bc000,4096
2693293,small_user0,0,WRITE,0x4931000,16384
2693468,small_user1,1,READ,0x100049bd000,4096
2693469,small_user0,0,READ,0x4935000,16384
2693725,small_user1,1,READ,0x100049be000,16384
2693863,small_user1,1,WRITE,0x100049c2000,8192
2693894,small_user0,0,READ,0x4939000,16384
2693989,small_user1,1,WRITE,0x100049c4000,8192
2694483,small_user0,0,READ,0x493d000,16384
2694581,small_user1,1,READ,0x100049c6000,4096
2694608,small_user0,0,READ,0x4941000,16384
2694793,small_user1,1,READ,0x100049c7000,8192
2694843,small_user0,0,WRITE,0x4945000,8192
2694993,small_user0,0,READ,0x4947000,4096
2695002,small_user1,1,WRITE,0x100049c9000,8192
2695255,small_user1,1,READ,0x100049cb000,16384
2695384,small_user1,1,READ,0x100049cf000,4096
2695815,large_user1,3,READ,0x30007560000,262144
2695927,small_user0,0,READ,0x4948000,8192
2696326,large_user0,2,READ,0x20007670000,262144
2696580,large_user0,2,READ,0x200076b0000,262144
2696718,small_user0,0,WRITE,0x494a000,8192
2697089,small_user1,1,READ,0x100049d0000,4096
2697191,small_user0,0,READ,0x494c000,4096
2697294,small_user1,1,READ,0x100049d1000,16384
2697318,small_user1,1,READ,0x100049d5000,8192
2697574,small_user1,1,WRITE,0x100049d7000,16384
2697610,small_user0,0,READ,0x494d000,4096
2698166,small_user1,1,READ,0x100049db000,8192
2698461,small_user1,1,READ,0x100049dd000,16384
2698570,small_user1,1,WRITE,0x100049e1000,8192
2698736,small_user0,0,READ,0x494e000,4096
2699088,small_user0,0,READ,0x494f000,8192
2699103,small_user1,1,READ,0x100049e3000,8192
2699372,small_user0,0,READ,0x4951000,16384
2699427,small_user0,0,READ,0x4955000,8192
2699879,small_user0,0,READ,0x4957000,16384
2700239,small_user1,1,READ,0x100049e5000,8192
2700675,large_user0,2,READ,0x200076f0000,131072
2700875,small_user0,0,WRITE,0x495b000,8192
2700938,small_user0,0,WRITE,0x495d000,16384
2700981,small_user0,0,READ,0x4961000,8192
2701139,small_user1,1,READ,0x100049e7000,16384
2701511,large_user0,2,READ,0x20007710000,131072
2701621,small_user0,0,READ,0x4963000,4096
2701829,small_user1,1,READ,0x100049eb000,4096
2701937,small_user0,0,READ,0x4964000,16384
2702190,small_user1,1,READ,0x100049ec000,8192
2702313,small_user1,1,READ,0x100049ee000,16384
2702359,small_user1,1,READ,0x100049f2000,8192
2702620,small_user0,0,READ,0x4968000,4096
2702655,small_user0,0,READ,0x4969000,4096
2702721,small_user0,0,READ,0x496a000,8192
2703047,small_user0,0,WRITE,0x496c000,4096
2703061,small_user1,1,WRITE,0x100049f4000,8192
2703080,small_user0,0,READ,0x496d000,8192
2703135,small_user1,1,READ,0x100049f6000,16384
2703358,small_user1,1,WRITE,0x100049fa000,8192
2703383,small_user1,1,WRITE,0x100049fc000,16384
2703394,small_user0,0,READ,0x496f000,8192
2703486,small_user0,0,WRITE,0x4971000,16384
2703530,small_user1,1,WRITE,0x10004a00000,8192
2703624,small_user0,0,READ,0x4975000,8192
2703631,small_user0,0,WRITE,0x4977000,16384
2703651,small_user1,1,WRITE,0x10004a02000,8192
2704514,large_user0,2,WRITE,0x20007730000,131072
2704665,small_user1,1,WRITE,0x10004a04000,8192
2704668,small_user0,0,READ,0x497b000,16384
2704925,large_user1,3,READ,0x300075a0000,262144
2704967,small_user0,0,WRITE,0x497f000,4096
2705073,large_user0,2,READ,0x20007750000,65536
2705170,small_user1,1,READ,0x10004a06000,8192
2705414,small_user0,0,READ,0x4980000,4096
2705739,small_user1,1,READ,0x10004a08000,16384
2705831,small_user0,0,WRITE,0x4981000,16384
2705839,small_user0,0,READ,0x4985000,8192
2706200,small_user1,1,READ,0x10004a0c000,8192
2706277,small_user0,0,WRITE,0x4987000,4096
2706296,small_user1,1,READ,0x10004a0e000,4096
2706427,small_user1,1,READ,0x10004a0f000,16384
2707338,small_user0,0,READ,0x4988000,8192
2707610,small_user0,0,WRITE,0x498a000,8192
2707651,small_user0,0,WRITE,0x498c000,4096
2707796,small_user0,0,READ,0x498d000,16384
2707825,small_user1,1,WRITE,0x10004a13000,4096
2707844,small_user0,0,READ,0x4991000,4096
2707966,small_user1,1,READ,0x10004a14000,16384
2708106,small_user1,1,READ,0x10004a18000,8192
2708234,small_user1,1,WRITE,0x10004a1a000,4096
2708450,small_user1,1,READ,0x10004a1b000,4096
2708575,small_user0,0,READ,0x4992000,16384
2708779,small_user1,1,WRITE,0x10004a1c000,16384
2708894,small_user1,1,READ,0x10004a20000,4096
2708945,small_user0,0,WRITE,0x4996000,16384
2709142,small_user1,1,READ,0x10004a21000,4096
2709182,small_user0,0,READ,0x499a000,4096
2709545,small_user1,1,WRITE,0x10004a22000,16384
2709568,small_user1,1,READ,0x10004a26000,4096
2710252,small_user1,1,WRITE,0x10004a27000,4096
2710598,small_user1,1,READ,0x10004a28000,8192
2710750,large_user1,3,WRITE,0x300075e0000,262144
2710761,large_user0,2,READ,0x20007760000,65536
2710905,small_user1,1,READ,0x10004a2a000,16384
2711023,small_user0,0,READ,0x499b000,4096
2711045,small_user0,0,READ,0x499c000,8192
2711127,small_user1,1,READ,0x10004a2e000,4096
2711162,small_user0,0,READ,0x499e000,16384
2711399,small_user1,1,WRITE,0x10004a2f000,16384
2711561,small_user0,0,WRITE,0x49a2000,4096
2711880,small_user0,0,READ,0x49a3000,8192
2711913,small_user0,0,WRITE,0x49a5000,16384
2712066,small_user1,1,READ,0x10004a33000,8192
2712186,small_user0,0,READ,0x49a9000,4096
2712252,small_user0,0,WRITE,0x49aa000,16384
2712316,small_user0,0,WRITE,0x49ae000,4096
2712363,small_user0,0,READ,0x49af000,8192
2712387,small_user1,1,WRITE,0x10004a35000,8192
2712388,small_user0,0,READ,0x49b1000,8192
2712514,small_user0,0,WRITE,0x49b3000,4096
2713091,small_user0,0,READ,0x49b4000,4096
2713158,small_user1,1,WRITE,0x10004a37000,8192
2713307,small_user0,0,WRITE,0x49b5000,4096
2713531,small_user0,0,READ,0x49b6000,8192
2713555,small_user0,0,READ,0x49b8000,16384
2713732,small_user0,0,READ,0x49bc000,8192
2714023,small_user1,1,READ,0x10004a39000,16384
2714054,small_user0,0,READ,0x49be000,8192
2714402,small_user1,1,WRITE,0x10004a3d000,16384
2714524,small_user0,0,READ,0x49c0000,8192
2714530,small_user1,1,READ,0x10004a41000,8192
2714738,small_user0,0,WRITE,0x49c2000,16384
2714833,small_user0,0,READ,0x49c6000,16384
2714936,small_user1,1,WRITE,0x10004a43000,16384
2715130,large_user0,2,READ,0x20007770000,65536
2715179,small_user1,1,READ,0x10004a47000,16384
2715350,small_user0,0,READ,0x49ca000,4096
2715584,small_user0,0,WRITE,0x49cb000,8192
2715593,small_user1,1,WRITE,0x10004a4b000,4096
2715615,small_user0,0,READ,0x49cd000,4096
2715717,small_user1,1,WRITE,0x10004a4c000,16384
2715794,small_user0,0,WRITE,0x49ce000,4096
2715803,small_user0,0,READ,0x49cf000,16384
2716208,small_user0,0,READ,0x49d3000,16384
2716354,small_user0,0,WRITE,0x49d7000,4096
2716368,small_user1,1,WRITE,0x10004a50000,16384
2716740,small_user1,1,READ,0x10004a54000,16384
2716962,small_user0,0,READ,0x49d8000,4096
2717014,small_user0,0,READ,0x49d9000,4096
2717581,small_user1,1,READ,0x10004a58000,4096
2717816,small_user0,0,WRITE,0x49da000,4096
2718017,small_user0,0,WRITE,0x49db000,4096
2718094,small_user0,0,WRITE,0x49dc000,4096
2718146,small_user1,1,READ,0x10004a59000,16384
2718299,small_user1,1,READ,0x10004a5d000,4096
2718462,small_user1,1,READ,0x10004a5e000,4096
2718514,small_user0,0,READ,0x49dd000,4096
2718548,small_user1,1,READ,0x10004a5f000,8192
2718781,small_user1,1,READ,0x10004a61000,4096
2718979,small_user1,1,READ,0x10004a62000,4096
2719039,small_user0,0,READ,0x49de000,8192
2719581,small_user1,1,WRITE,0x10004a63000,8192
2719700,large_user1,3,WRITE,0x30007620000,262144
2719704,small_user0,0,WRITE,0x49e0000,16384
2719808,small_user0,0,READ,0x49e4000,4096
2720194,small_user0,0,READ,0x49e5000,8192
2720365,small_user0,0,READ,0x49e7000,16384
2720367,small_user0,0,WRITE,0x49eb000,8192
2720372,large_user1,3,WRITE,0x30007660000,262144
2720703,small_user1,1,WRITE,0x10004a65000,16384
2720883,small_user1,1,READ,0x10004a69000,16384
2721060,small_user0,0,READ,0x49ed000,8192
2721219,small_user0,0,READ,0x49ef000,4096
2721459,small_user0,0,WRITE,0x49f0000,4096
2721488,small_user1,1,READ,0x10004a6d000,16384
2721651,small_user0,0,READ,0x49f1000,4096
2722349,small_user1,1,WRITE,0x10004a71000,8192
2722491,small_user1,1,READ,0x10004a73000,4096
2722675,small_user0,0,READ,0x49f2000,4096
2723107,large_user0,2,READ,0x20007780000,65536
2723230,small_user0,0,READ,0x49f3000,16384
2723317,small_user0,0,READ,0x49f7000,8192
2723432,small_user0,0,READ,0x49f9000,4096
2723561,small_user1,1,READ,0x10004a74000,16384
2724082,large_user1,3,READ,0x300076a0000,65536
2724103,small_user1,1,WRITE,0x10004a78000,8192
2724176,small_user1,1,READ,0x10004a7a000,8192
2724188,small_user1,1,WRITE,0x10004a7c000,4096
2724248,small_user1,1,READ,0x10004a7d000,16384
2724442,small_user1,1,WRITE,0x10004a81000,4096
2724675,small_user1,1,READ,0x10004a82000,4096
2724748,small_user1,1,READ,0x10004a83000,16384
2724968,small_user1,1,WRITE,0x10004a87000,8192
2725153,large_user1,3,WRITE,0x300076b0000,131072
2725182,small_user1,1,READ,0x10004a89000,4096
2725521,small_user0,0,READ,0x49fa000,4096
2725522,small_user0,0,READ,0x49fb000,16384
2725618,small_user1,1,READ,0x10004a8a000,4096
2725835,small_user1,1,WRITE,0x10004a8b000,16384
2726087,small_user1,1,READ,0x10004a8f000,16384
2726118,large_user1,3,READ,0x300076d0000,65536
2726157,small_user1,1,READ,0x10004a93000,8192
2726162,small_user0,0,READ,0x49ff000,8192
2726419,small_user1,1,READ,0x10004a95000,8192
2726615,large_user1,3,WRITE,0x300076e0000,65536
2726967,small_user1,1,READ,0x10004a97000,4096
2726977,small_user1,1,READ,0x10004a98000,16384
2727093,small_user1,1,READ,0x10004a9c000,8192
2727275,small_user1,1,READ,0x10004a9e000,4096
2727284,small_user1,1,READ,0x10004a9f000,16384
2727911,small_user0,0,WRITE,0x4a01000,4096
2727918,small_user1,1,WRITE,0x10004aa3000,4096
2728022,small_user1,1,WRITE,0x10004aa4000,8192
2728123,small_user0,0,READ,0x4a02000,4096
2728132,small_user0,0,READ,0x4a03000,4096
2728224,small_user1,1,READ,0x10004aa6000,16384
2728373,small_user0,0,READ,0x4a04000,8192
2728412,small_user0,0,WRITE,0x4a06000,4096
2728420,small_user1,1,READ,0x10004aaa000,8192
2728737,small_user1,1,READ,0x10004aac000,16384
2729059,small_user0,0,READ,0x4a07000,16384
2729111,small_user1,1,READ,0x10004ab0000,8192
2729182,small_user1,1,WRITE,0x10004ab2000,16384
2729203,small_user1,1,WRITE,0x10004ab6000,4096
2729205,small_user0,0,READ,0x4a0b000,8192
2729420,small_user0,0,READ,0x4a0d000,8192
2729527,large_user0,2,WRITE,0x20007790000,131072
2729622,small_user0,0,READ,0x4a0f000,4096
2729625,small_user1,1,READ,0x10004ab7000,16384
2729632,large_user1,3,WRITE,0x300076f0000,65536
2729672,small_user0,0,WRITE,0x4a10000,16384
2729739,small_user1,1,READ,0x10004abb000,16384
2730219,small_user1,1,READ,0x10004abf000,4096
2730235,small_user1,1,READ,0x10004ac0000,16384
2730372,small_user0,0,READ,0x4a14000,8192
2730399,small_user1,1,WRITE,0x10004ac4000,4096
2730430,small_user0,0,READ,0x4a16000,16384
2730447,small_user1,1,READ,0x10004ac5000,16384
2730640,small_user1,1,READ,0x10004ac9000,16384
2730797,large_user1,3,READ,0x30007700000,131072
2731014,small_user1,1,READ,0x10004acd000,8192
2731129,small_user0,0,READ,0x4a1a000,16384
2731132,small_user0,0,WRITE,0x4a1e000,16384
2731281,small_user1,1,READ,0x10004acf000,16384
2731533,small_user0,0,READ,0x4a22000,16384
2731631,small_user1,1,READ,0x10004ad3000,16384
2731751,small_user1,1,WRITE,0x10004ad7000,16384
2731805,small_user0,0,READ,0x4a26000,4096
2732001,small_user1,1,READ,0x10004adb000,8192
2732134,small_user0,0,READ,0x4a27000,8192
2732294,small_user0,0,READ,0x4a29000,16384
2732354,small_user0,0,READ,0x4a2d000,16384
2732422,small_user1,1,READ,0x10004add000,16384
2732656,small_user0,0,WRITE,0x4a31000,4096
2732785,small_user1,1,READ,0x10004ae1000,16384
2732842,small_user0,0,READ,0x4a32000,8192
2732844,small_user0,0,READ,0x4a34000,8192
2732958,small_user1,1,WRITE,0x10004ae5000,4096
2733077,small_user1,1,READ,0x10004ae6000,4096
2733099,small_user1,1,WRITE,0x10004ae7000,16384
2733369,small_user0,0,READ,0x4a36000,4096
2733397,small_user1,1,READ,0x10004aeb000,16384
2733509,small_user1,1,READ,0x10004aef000,4096
2733545,small_user0,0,READ,0x4a37000,4096
2733623,small_user0,0,READ,0x4a38000,16384
2733680,small_user0,0,READ,0x4a3c000,8192
2734318,small_user1,1,READ,0x10004af0000,4096
2734366,small_user0,0,READ,0x4a3e000,4096
2734392,small_user0,0,WRITE,0x4a3f000,16384
2734410,small_user0,0,READ,0x4a43000,8192
2734548,small_user0,0,READ,0x4a45000,16384
2734681,small_user1,1,WRITE,0x10004af1000,16384
2734883,small_user0,0,READ,0x4a49000,8192
2734946,small_user0,0,READ,0x4a4b000,16384
2735053,small_user1,1,READ,0x10004af5000,16384
2735258,small_user0,0,READ,0x4a4f000,16384
2735458,small_user1,1,WRITE,0x10004af9000,8192
2735479,small_user1,1,WRITE,0x10004afb000,4096
2735555,small_user0,0,READ,0x4a53000,8192
2735655,small_user0,0,WRITE,0x4a55000,16384
2735806,small_user0,0,WRITE,0x4a59000,4096
2736178,small_user1,1,WRITE,0x10004afc000,16384
2736302,small_user1,1,WRITE,0x10004b00000,8192
2736535,small_user1,1,WRITE,0x10004b02000,4096
2736786,small_user1,1,WRITE,0x10004b03000,4096
2736797,large_user1,3,READ,0x30007720000,65536
2737277,small_user1,1,READ,0x10004b04000,8192
2737396,small_user1,1,READ,0x10004b06000,4096
2737597,small_user0,0,READ,0x4a5a000,8192
2737689,small_user1,1,READ,0x10004b07000,8192
2738123,small_user1,1,READ,0x10004b09000,4096
2738450,small_user0,0,WRITE,0x4a5c000,16384
2738479,small_user1,1,READ,0x10004b0a000,8192
2738531,small_user0,0,READ,0x4a60000,8192
2738551,small_user0,0,WRITE,0x4a62000,4096
2738614,small_user1,1,READ,0x10004b0c000,8192
2738826,small_user1,1,WRITE,0x10004b0e000,8192
2738933,small_user0,0,READ,0x4a63000,16384
2739093,small_user1,1,WRITE,0x10004b10000,16384
2739310,small_user1,1,WRITE,0x10004b14000,4096
2739330,small_user0,0,READ,0x4a67000,16384
2739358,large_user1,3,WRITE,0x30007730000,262144
2739561,small_user0,0,READ,0x4a6b000,4096
2739688,small_user1,1,READ,0x10004b15000,4096
2739810,small_user1,1,READ,0x10004b16000,4096
2739852,small_user0,0,WRITE,0x4a6c000,4096
2739887,small_user1,1,WRITE,0x10004b17000,16384
2739897,small_user1,1,WRITE,0x10004b1b000,8192
2739949,small_user1,1,READ,0x10004b1d000,4096
2740032,small_user1,1,WRITE,0x10004b1e000,16384
2740287,large_user1,3,WRITE,0x30007770000,65536
2740406,large_user1,3,READ,0x30007780000,131072
2740448,small_user0,0,READ,0x4a6d000,8192
2740748,small_user0,0,READ,0x4a6f000,16384
2740780,small_user1,1,READ,0x10004b22000,4096
2740982,small_user1,1,READ,0x10004b23000,8192
2741176,small_user1,1,READ,0x10004b25000,4096
2741234,small_user1,1,READ,0x10004b26000,8192
2741361,small_user1,1,WRITE,0x10004b28000,16384
2741498,small_user1,1,WRITE,0x10004b2c000,4096
2741760,small_user0,0,WRITE,0x4a73000,16384
2741822,small_user0,0,READ,0x4a77000,4096
2742022,small_user1,1,READ,0x10004b2d000,8192
2742071,small_user0,0,READ,0x4a78000,16384
2742347,small_user0,0,READ,0x4a7c000,4096
2742760,small_user1,1,READ,0x10004b2f000,8192
2742772,small_user0,0,WRITE,0x4a7d000,8192
2742875,small_user0,0,WRITE,0x4a7f000,4096
2743074,small_user0,0,WRITE,0x4a80000,8192
2743169,small_user1,1,READ,0x10004b31000,16384
2743217,small_user1,1,WRITE,0x10004b35000,8192
2743233,small_user0,0,READ,0x4a82000,8192
2743511,small_user0,0,READ,0x4a84000,8192
2743526,large_user0,2,WRITE,0x200077b0000,262144
2743584,small_user0,0,WRITE,0x4a86000,4096
2743842,small_user0,0,READ,0x4a87000,8192
2744020,small_user1,1,READ,0x10004b37000,4096
2744168,small_user1,1,READ,0x10004b38000,8192
2744289,small_user1,1,READ,0x10004b3a000,16384
2744341,small_user1,1,READ,0x10004b3e000,8192
2744556,small_user1,1,READ,0x10004b40000,16384
2744632,small_user0,0,READ,0x4a89000,8192
2744712,small_user0,0,READ,0x4a8b000,8192
2744737,small_user0,0,READ,0x4a8d000,8192
2745026,small_user1,1,READ,0x10004b44000,16384
2745028,small_user1,1,WRITE,0x10004b48000,4096
2745263,small_user1,1,READ,0x10004b49000,8192
2745314,small_user0,0,READ,0x4a8f000,8192
2745582,small_user0,0,READ,0x4a91000,8192
2745684,small_user1,1,READ,0x10004b4b000,16384
2745778,small_user0,0,READ,0x4a93000,16384
2745928,small_user0,0,READ,0x4a97000,4096
2746294,small_user0,0,WRITE,0x4a98000,8192
2746339,small_user1,1,WRITE,0x10004b4f000,16384
2746710,small_user1,1,READ,0x10004b53000,8192
2746727,small_user0,0,READ,0x4a9a000,4096
2746824,large_user1,3,READ,0x300077a0000,65536
2746927,small_user0,0,READ,0x4a9b000,8192
2747340,small_user1,1,READ,0x10004b55000,4096
2747498,small_user0,0,WRITE,0x4a9d000,8192
2747837,small_user1,1,WRITE,0x10004b56000,4096
2748142,small_user0,0,READ,0x4a9f000,4096
2748171,small_user0,0,READ,0x4aa0000,16384
2748235,small_user1,1,READ,0x10004b57000,8192
2748284,small_user0,0,READ,0x4aa4000,16384
2748627,small_user1,1,READ,0x10004b59000,4096
2748638,small_user0,0,WRITE,0x4aa8000,4096
2748746,small_user1,1,READ,0x10004b5a000,4096
2749124,small_user0,0,READ,0x4aa9000,4096
2749474,small_user1,1,READ,0x10004b5b000,16384
2749521,small_user1,1,READ,0x10004b5f000,4096
2749533,small_user0,0,READ,0x4aaa000,4096
2750261,small_user1,1,READ,0x10004b60000,8192
2750301,small_user1,1,READ,0x10004b62000,8192
2750347,small_user1,1,READ,0x10004b64000,4096
2750660,small_user0,0,READ,0x4aab000,8192
2751097,small_user1,1,WRITE,0x10004b65000,16384
2751495,small_user0,0,READ,0x4aad000,4096
2751548,small_user0,0,READ,0x4aae000,4096
2751597,small_user0,0,READ,0x4aaf000,16384
2751623,small_user1,1,READ,0x10004b69000,4096
2751817,large_user1,3,READ,0x300077b0000,131072
2751847,small_user0,0,READ,0x4ab3000,16384
2752024,large_user1,3,WRITE,0x300077d0000,131072
2752506,small_user1,1,READ,0x10004b6a000,16384
2752585,small_user0,0,READ,0x4ab7000,8192
2752641,small_user1,1,READ,0x10004b6e000,4096
2752694,small_user0,0,READ,0x4ab9000,8192
2752879,small_user1,1,READ,0x10004b6f000,16384
2753245,small_user0,0,READ,0x4abb000,16384
2753449,small_user1,1,WRITE,0x10004b73000,4096
2753653,small_user1,1,WRITE,0x10004b74000,16384
2753880,small_user1,1,READ,0x10004b78000,16384
2754004,small_user0,0,READ,0x4abf000,8192
2754188,large_user0,2,WRITE,0x200077f0000,262144
2754502,small_user1,1,READ,0x10004b7c000,8192
2754594,large_user1,3,WRITE,0x300077f0000,262144
2754611,small_user0,0,READ,0x4ac1000,16384
2754696,small_user1,1,READ,0x10004b7e000,16384
2754697,small_user0,0,READ,0x4ac5000,4096
2754719,large_user1,3,READ,0x30007830000,65536
2754865,small_user0,0,READ,0x4ac6000,4096
2754879,small_user0,0,WRITE,0x4ac7000,8192
2754902,small_user1,1,READ,0x10004b82000,16384
2754980,small_user1,1,READ,0x10004b86000,8192
2755121,small_user1,1,WRITE,0x10004b88000,8192
2755232,small_user0,0,READ,0x4ac9000,8192
2755328,large_user0,2,WRITE,0x20007830000,65536
2755434,small_user0,0,WRITE,0x4acb000,8192
2755641,large_user0,2,READ,0x20007840000,131072
2755692,small_user0,0,READ,0x4acd000,8192
2755899,small_user1,1,READ,0x10004b8a000,8192
2756053,small_user0,0,WRITE,0x4acf000,4096
2756301,small_user0,0,WRITE,0x4ad0000,4096
2756359,small_user0,0,READ,0x4ad1000,16384
2756440,small_user0,0,READ,0x4ad5000,16384
2756504,small_user0,0,READ,0x4ad9000,4096
2756544,small_user0,0,READ,0x4ada000,4096
2756685,small_user0,0,READ,0x4adb000,8192
2756786,small_user1,1,READ,0x10004b8c000,8192
2756850,small_user0,0,READ,0x4add000,4096
2756943,small_user1,1,READ,0x10004b8e000,16384
2757148,small_user0,0,WRITE,0x4ade000,16384
2757304,small_user1,1,READ,0x10004b92000,8192
2757476,small_user1,1,READ,0x10004b94000,16384
2757735,small_user1,1,WRITE,0x10004b98000,16384
2757966,small_user1,1,READ,0x10004b9c000,4096
2757972,small_user1,1,READ,0x10004b9d000,8192
2758185,small_user1,1,READ,0x10004b9f000,4096
2758201,small_user1,1,WRITE,0x10004ba0000,8192
2758414,small_user1,1,WRITE,0x10004ba2000,4096
2758482,small_user1,1,READ,0x10004ba3000,8192
2758610,small_user1,1,WRITE,0x10004ba5000,4096
2758668,small_user0,0,READ,0x4ae2000,8192
2758934,small_user1,1,WRITE,0x10004ba6000,4096
2758965,large_user1,3,READ,0x30007840000,65536
2758980,small_user1,1,WRITE,0x10004ba7000,8192
2759110,small_user1,1,READ,0x10004ba9000,4096
2759384,small_user0,0,READ,0x4ae4000,16384
2759477,small_user1,1,READ,0x10004baa000,16384
2759562,small_user1,1,WRITE,0x10004bae000,16384
2759729,small_user0,0,READ,0x4ae8000,16384
2760078,small_user0,0,READ,0x4aec000,16384
2760284,small_user0,0,READ,0x4af0000,8192
2760552,small_user0,0,READ,0x4af2000,8192
2761187,small_user0,0,READ,0x4af4000,4096
2761263,small_user1,1,WRITE,0x10004bb2000,16384
2761512,small_user0,0,READ,0x4af5000,16384
2761515,small_user1,1,READ,0x10004bb6000,8192
2761922,small_user0,0,READ,0x4af9000,16384
2762084,small_user0,0,READ,0x4afd000,8192
2762143,small_user1,1,READ,0x10004bb8000,16384
2762362,small_user0,0,READ,0x4aff000,4096
2762412,small_user0,0,WRITE,0x4b00000,16384
2762415,small_user0,0,WRITE,0x4b04000,16384
2762594,small_user0,0,WRITE,0x4b08000,8192
2762658,small_user1,1,WRITE,0x10004bbc000,8192
2762706,small_user1,1,WRITE,0x10004bbe000,8192
2762994,small_user0,0,READ,0x4b0a000,4096
2763101,small_user1,1,READ,0x10004bc0000,8192
2763135,small_user0,0,READ,0x4b0b000,16384
2763136,small_user0,0,READ,0x4b0f000,4096
2763204,small_user0,0,READ,0x4b10000,8192
2763210,small_user1,1,READ,0x10004bc2000,8192
2763248,small_user0,0,WRITE,0x4b12000,4096
2763413,large_user1,3,WRITE,0x30007850000,65536
2763610,small_user0,0,WRITE,0x4b13000,4096
2763898,small_user1,1,READ,0x10004bc4000,8192
2764210,small_user1,1,WRITE,0x10004bc6000,16384
2764238,small_user1,1,READ,0x10004bca000,4096
2764319,small_user0,0,READ,0x4b14000,8192
2764628,small_user0,0,READ,0x4b16000,8192
2764790,small_user1,1,READ,0x10004bcb000,16384
2765089,small_user0,0,READ,0x4b18000,8192
2765275,small_user0,0,READ,0x4b1a000,4096
2765284,small_user1,1,READ,0x10004bcf000,16384
2765323,small_user1,1,READ,0x10004bd3000,4096
2765409,small_user0,0,READ,0x4b1b000,8192
2765759,small_user0,0,WRITE,0x4b1d000,8192
2765872,small_user1,1,READ,0x10004bd4000,16384
2766019,small_user0,0,READ,0x4b1f000,8192
2766041,small_user0,0,READ,0x4b21000,8192
2766088,small_user0,0,READ,0x4b23000,4096
2766099,small_user1,1,READ,0x10004bd8000,16384
2766230,small_user1,1,READ,0x10004bdc000,16384
2766687,small_user0,0,WRITE,0x4b24000,16384
2766799,small_user0,0,READ,0x4b28000,8192
2767018,small_user1,1,WRITE,0x10004be0000,16384
2767135,small_user0,0,READ,0x4b2a000,16384
2767200,small_user1,1,READ,0x10004be4000,8192
2767322,small_user0,0,READ,0x4b2e000,8192
2767506,small_user0,0,READ,0x4b30000,4096
2767632,small_user0,0,READ,0x4b31000,8192
2767959,small_user0,0,WRITE,0x4b33000,16384
2767987,small_user0,0,WRITE,0x4b37000,16384
2768140,small_user1,1,READ,0x10004be6000,4096
2768150,small_user1,1,WRITE,0x10004be7000,4096
2768247,small_user1,1,READ,0x10004be8000,8192
2768310,small_user0,0,READ,0x4b3b000,4096
2768417,small_user1,1,READ,0x10004bea000,16384
2768422,small_user1,1,READ,0x10004bee000,4096
2768755,small_user1,1,READ,0x10004bef000,16384
2768935,small_user0,0,READ,0x4b3c000,4096
2768945,small_user0,0,WRITE,0x4b3d000,4096
2769134,small_user1,1,WRITE,0x10004bf3000,4096
2769142,small_user0,0,READ,0x4b3e000,16384
2769153,small_user0,0,WRITE,0x4b42000,4096
2769394,large_user0,2,READ,0x20007860000,131072
2769460,small_user1,1,READ,0x10004bf4000,8192
2769538,small_user1,1,READ,0x10004bf6000,16384
2769689,small_user1,1,WRITE,0x10004bfa000,4096
2769749,small_user0,0,READ,0x4b43000,16384
2770006,small_user0,0,READ,0x4b47000,8192
2770016,small_user1,1,READ,0x10004bfb000,8192
2770105,small_user0,0,READ,0x4b49000,8192
2770129,large_user0,2,WRITE,0x20007880000,65536
2770172,small_user0,0,READ,0x4b4b000,4096
2770174,small_user0,0,READ,0x4b4c000,16384
2770244,small_user1,1,WRITE,0x10004bfd000,8192
2770834,small_user1,1,READ,0x10004bff000,8192
2771088,large_user1,3,READ,0x30007860000,131072
2771262,small_user0,0,WRITE,0x4b50000,8192
2771281,small_user0,0,WRITE,0x4b52000,4096
2771922,small_user1,1,READ,0x10004c01000,8192
2772101,small_user0,0,WRITE,0x4b53000,8192
2772118,small_user1,1,READ,0x10004c03000,16384
2772262,small_user1,1,READ,0x10004c07000,16384
2772272,small_user0,0,READ,0x4b55000,8192
2772342,small_user1,1,WRITE,0x10004c0b000,8192
2772682,small_user0,0,READ,0x4b57000,8192
2772726,small_user1,1,READ,0x10004c0d000,8192
2772869,small_user1,1,WRITE,0x10004c0f000,16384
2773262,small_user1,1,READ,0x10004c13000,8192
2773378,small_user1,1,READ,0x10004c15000,16384
2773391,small_user0,0,READ,0x4b59000,8192
2773503,small_user0,0,READ,0x4b5b000,8192
2773643,small_user1,1,WRITE,0x10004c19000,8192
2773737,small_user0,0,READ,0x4b5d000,4096
2773897,small_user0,0,WRITE,0x4b5e000,8192
2773897,small_user1,1,READ,0x10004c1b000,8192
2774009,small_user1,1,WRITE,0x10004c1d000,4096
2774144,large_user1,3,READ,0x30007880000,65536
2774466,small_user0,0,READ,0x4b60000,4096
2774670,large_user0,2,READ,0x20007890000,131072
2775039,small_user0,0,READ,0x4b61000,16384
2775057,small_user0,0,WRITE,0x4b65000,8192
2775133,large_user1,3,READ,0x30007890000,262144
2775175,small_user0,0,WRITE,0x4b67000,4096
2775580,small_user0,0,READ,0x4b68000,16384
2775808,small_user1,1,READ,0x10004c1e000,16384
2775939,small_user1,1,WRITE,0x10004c22000,8192
2776103,small_user1,1,READ,0x10004c24000,8192
2776143,small_user0,0,READ,0x4b6c000,4096
2776147,small_user1,1,READ,0x10004c26000,4096
2776488,large_user1,3,WRITE,0x300078d0000,131072
2777077,large_user1,3,READ,0x300078f0000,262144
2777398,small_user1,1,READ,0x10004c27000,16384
2777528,small_user0,0,READ,0x4b6d000,4096
2777556,small_user1,1,READ,0x10004c2b000,4096
2777816,small_user1,1,READ,0x10004c2c000,8192
2778118,large_user0,2,READ,0x200078b0000,65536
2778515,small_user1,1,READ,0x10004c2e000,8192
2779036,small_user1,1,READ,0x10004c30000,4096
2779377,small_user1,1,READ,0x10004c31000,4096
2779387,small_user1,1,READ,0x10004c32000,16384
2779413,small_user0,0,READ,0x4b6e000,16384
2779422,small_user0,0,READ,0x4b72000,4096
2779541,small_user0,0,READ,0x4b73000,4096
2779664,small_user0,0,READ,0x4b74000,16384
2779977,small_user0,0,WRITE,0x4b78000,4096
2780088,small_user0,0,READ,0x4b79000,8192
2780226,small_user1,1,WRITE,0x10004c36000,16384
2780595,small_user0,0,READ,0x4b7b000,16384
2780672,small_user1,1,READ,0x10004c3a000,16384
2780691,small_user0,0,WRITE,0x4b7f000,4096
2780778,small_user0,0,READ,0x4b80000,16384
2780811,small_user0,0,READ,0x4b84000,8192
2780926,small_user0,0,READ,0x4b86000,4096
2781136,small_user0,0,WRITE,0x4b87000,4096
2781136,small_user1,1,WRITE,0x10004c3e000,8192
2781142,small_user1,1,READ,0x10004c40000,16384
2781622,small_user1,1,WRITE,0x10004c44000,4096
2781685,small_user0,0,READ,0x4b88000,4096
2781770,small_user0,0,READ,0x4b89000,4096
2782117,large_user0,2,READ,0x200078c0000,262144
2782121,small_user1,1,READ,0x10004c45000,8192
2782283,small_user0,0,READ,0x4b8a000,16384
2782702,small_user1,1,READ,0x10004c47000,16384
2782805,small_user0,0,READ,0x4b8e000,8192
2782855,small_user0,0,READ,0x4b90000,8192
2783209,small_user0,0,WRITE,0x4b92000,4096
2783270,small_user1,1,READ,0x10004c4b000,8192
2783401,small_user0,0,READ,0x4b93000,4096
2783486,small_user0,0,READ,0x4b94000,8192
2783902,small_user0,0,WRITE,0x4b96000,8192
2784197,small_user0,0,READ,0x4b98000,16384
2784241,small_user0,0,READ,0x4b9c000,4096
2784302,large_user0,2,WRITE,0x20007900000,131072
2784434,small_user1,1,WRITE,0x10004c4d000,8192
2784517,small_user0,0,READ,0x4b9d000,16384
2784793,large_user0,2,WRITE,0x20007920000,131072
2784948,small_user0,0,WRITE,0x4ba1000,16384
2784997,small_user1,1,READ,0x10004c4f000,16384
2785000,small_user0,0,READ,0x4ba5000,4096
2785152,small_user1,1,WRITE,0x10004c53000,8192
2785374,small_user1,1,READ,0x10004c55000,4096
2785596,small_user1,1,READ,0x10004c56000,8192
2785669,small_user1,1,READ,0x10004c58000,8192
2785790,small_user0,0,WRITE,0x4ba6000,16384
2785835,small_user0,0,READ,0x4baa000,4096
2785947,small_user0,0,READ,0x4bab000,8192
2786226,small_user1,1,READ,0x10004c5a000,4096
2786299,small_user0,0,READ,0x4bad000,8192
2786719,small_user0,0,READ,0x4baf000,16384
2786793,small_user1,1,READ,0x10004c5b000,4096
2786811,large_user1,3,READ,0x30007930000,65536
2787214,small_user1,1,READ,0x10004c5c000,4096
2787800,small_user0,0,WRITE,0x4bb3000,16384
2787888,small_user1,1,READ,0x10004c5d000,16384
2788240,small_user0,0,READ,0x4bb7000,16384
2788315,large_user0,2,READ,0x20007940000,131072
2788339,small_user0,0,READ,0x4bbb000,16384
2788445,small_user0,0,READ,0x4bbf000,8192
2788629,small_user0,0,READ,0x4bc1000,16384
2788738,small_user0,0,READ,0x4bc5000,8192
2788962,small_user1,1,WRITE,0x10004c61000,16384
2788983,small_user1,1,READ,0x10004c65000,16384
2788996,small_user0,0,READ,0x4bc7000,4096
2789294,small_user1,1,READ,0x10004c69000,8192
2789297,small_user1,1,WRITE,0x10004c6b000,16384
2789643,small_user1,1,READ,0x10004c6f000,16384
2789689,small_user1,1,WRITE,0x10004c73000,16384
2789807,small_user0,0,READ,0x4bc8000,4096
2790071,small_user0,0,READ,0x4bc9000,4096
2790107,small_user1,1,READ,0x10004c77000,4096
2790414,small_user1,1,WRITE,0x10004c78000,4096
2790545,small_user0,0,READ,0x4bca000,8192
2790765,large_user1,3,WRITE,0x30007940000,65536
2790795,small_user0,0,WRITE,0x4bcc000,16384
2791312,small_user1,1,READ,0x10004c79000,16384
2791471,large_user0,2,WRITE,0x20007960000,262144
2791481,small_user0,0,READ,0x4bd0000,8192
2791496,small_user0,0,READ,0x4bd2000,16384
2791539,small_user0,0,WRITE,0x4bd6000,4096
2791590,small_user0,0,READ,0x4bd7000,16384
2791779,small_user0,0,WRITE,0x4bdb000,4096
2791890,small_user1,1,READ,0x10004c7d000,8192
2791998,small_user0,0,WRITE,0x4bdc000,8192
2792302,small_user1,1,READ,0x10004c7f000,16384
2792409,small_user1,1,READ,0x10004c83000,8192
2792420,small_user0,0,WRITE,0x4bde000,16384
2792603,large_user1,3,READ,0x30007950000,65536
2792702,small_user0,0,READ,0x4be2000,8192
2792953,small_user0,0,READ,0x4be4000,4096
2793100,small_user1,1,READ,0x10004c85000,8192
2793233,small_user1,1,READ,0x10004c87000,4096
2793558,small_user1,1,READ,0x10004c88000,4096
2793736,small_user0,0,READ,0x4be5000,16384
2793759,small_user1,1,WRITE,0x10004c89000,8192
2794055,small_user0,0,READ,0x4be9000,16384
2794095,small_user0,0,READ,0x4bed000,16384
2794135,small_user0,0,READ,0x4bf1000,4096
2794360,small_user1,1,WRITE,0x10004c8b000,8192
2794392,small_user0,0,READ,0x4bf2000,4096
2794637,small_user0,0,READ,0x4bf3000,4096
2794774,large_user0,2,READ,0x200079a0000,65536
2794840,small_user0,0,READ,0x4bf4000,4096
2795374,small_user0,0,READ,0x4bf5000,8192
2795883,small_user1,1,READ,0x10004c8d000,8192
2795918,small_user0,0,WRITE,0x4bf7000,16384
2796029,small_user1,1,READ,0x10004c8f000,8192
2796050,small_user1,1,WRITE,0x10004c91000,16384
2796449,small_user0,0,READ,0x4bfb000,4096
2796513,small_user0,0,WRITE,0x4bfc000,4096
2796538,small_user0,0,READ,0x4bfd000,8192
2796582,small_user1,1,READ,0x10004c95000,16384
2796667,small_user0,0,READ,0x4bff000,4096
2796729,small_user0,0,READ,0x4c00000,8192
2797006,small_user0,0,READ,0x4c02000,4096
2797077,large_user1,3,WRITE,0x30007960000,65536
2797262,small_user0,0,WRITE,0x4c03000,4096
2797273,small_user1,1,WRITE,0x10004c99000,16384
2797380,small_user0,0,READ,0x4c04000,8192
2797488,small_user1,1,READ,0x10004c9d000,8192
2797541,small_user1,1,WRITE,0x10004c9f000,16384
2797550,small_user0,0,WRITE,0x4c06000,16384
2797748,small_user1,1,WRITE,0x10004ca3000,8192
2797836,small_user0,0,READ,0x4c0a000,8192
2797883,small_user1,1,WRITE,0x10004ca5000,16384
2798109,small_user1,1,READ,0x10004ca9000,16384
2798526,small_user1,1,READ,0x10004cad000,8192
2798932,small_user0,0,READ,0x4c0c000,16384
2799181,large_user0,2,READ,0x200079b0000,65536
2799313,small_user0,0,READ,0x4c10000,4096
2799457,small_user1,1,READ,0x10004caf000,16384
2799851,small_user1,1,WRITE,0x10004cb3000,8192
2800244,small_user1,1,READ,0x10004cb5000,16384
2800565,small_user0,0,WRITE,0x4c11000,4096
2800872,small_user0,0,WRITE,0x4c12000,4096
2800977,small_user0,0,READ,0x4c13000,4096
2801107,small_user1,1,READ,0x10004cb9000,4096
2801146,small_user0,0,READ,0x4c14000,8192
2801271,small_user0,0,WRITE,0x4c16000,4096
2801299,small_user0,0,WRITE,0x4c17000,16384
2801446,small_user0,0,WRITE,0x4c1b000,8192
2801675,small_user0,0,WRITE,0x4c1d000,16384
2801700,small_user0,0,READ,0x4c21000,4096
2802035,small_user1,1,READ,0x10004cba000,4096
2802287,small_user1,1,READ,0x10004cbb000,16384
2802460,small_user1,1,READ,0x10004cbf000,8192
2802509,small_user0,0,WRITE,0x4c22000,16384
2802545,small_user0,0,READ,0x4c26000,16384
2802565,small_user1,1,READ,0x10004cc1000,8192
2802801,small_user1,1,READ,0x10004cc3000,16384
2802817,small_user1,1,READ,0x10004cc7000,8192
2803111,small_user0,0,WRITE,0x4c2a000,16384
2803192,small_user1,1,READ,0x10004cc9000,4096
2803511,small_user1,1,READ,0x10004cca000,8192
2803609,small_user0,0,READ,0x4c2e000,16384
2803652,small_user1,1,WRITE,0x10004ccc000,16384
2803711,small_user1,1,READ,0x10004cd0000,4096
2803777,small_user1,1,READ,0x10004cd1000,8192
2803823,small_user0,0,WRITE,0x4c32000,8192
2803924,small_user1,1,READ,0x10004cd3000,16384
2803972,small_user1,1,READ,0x10004cd7000,16384
2804465,small_user1,1,READ,0x10004cdb000,8192
2804644,small_user0,0,READ,0x4c34000,4096
2804802,small_user1,1,READ,0x10004cdd000,16384
2805030,small_user1,1,READ,0x10004ce1000,4096
2805173,small_user1,1,WRITE,0x10004ce2000,8192
2805266,small_user0,0,READ,0x4c35000,8192
2805420,small_user0,0,READ,0x4c37000,16384
2805579,small_user0,0,READ,0x4c3b000,4096
2806140,large_user1,3,READ,0x30007970000,131072
2806543,small_user1,1,READ,0x10004ce4000,4096
2806577,small_user1,1,WRITE,0x10004ce5000,16384
2806656,small_user0,0,READ,0x4c3c000,4096
2806692,small_user1,1,READ,0x10004ce9000,4096
2806865,small_user1,1,READ,0x10004cea000,4096
2806932,small_user0,0,READ,0x4c3d000,8192
2806934,small_user0,0,READ,0x4c3f000,8192
2807308,small_user0,0,WRITE,0x4c41000,8192
2807393,small_user0,0,WRITE,0x4c43000,4096
2807604,small_user0,0,READ,0x4c44000,8192
2807666,small_user0,0,READ,0x4c46000,4096
2807744,small_user0,0,READ,0x4c47000,8192
2807916,small_user1,1,WRITE,0x10004ceb000,16384
2808085,small_user1,1,WRITE,0x10004cef000,8192
2808213,small_user1,1,READ,0x10004cf1000,8192
2808243,small_user0,0,READ,0x4c49000,16384
2809184,small_user0,0,READ,0x4c4d000,4096
2809219,small_user0,0,READ,0x4c4e000,4096
2809623,small_user1,1,READ,0x10004cf3000,8192
2809673,small_user1,1,WRITE,0x10004cf5000,4096
2809786,small_user0,0,READ,0x4c4f000,16384
2809800,small_user0,0,READ,0x4c53000,8192
2810016,small_user0,0,WRITE,0x4c55000,8192
2810098,small_user0,0,READ,0x4c57000,16384
2810123,small_user1,1,WRITE,0x10004cf6000,4096
2810423,small_user0,0,READ,0x4c5b000,4096
2810535,small_user1,1,WRITE,0x10004cf7000,4096
2810711,small_user1,1,READ,0x10004cf8000,4096
2810761,large_user1,3,READ,0x30007990000,262144
2810828,small_user1,1,WRITE,0x10004cf9000,8192
2811037,large_user1,3,WRITE,0x300079d0000,262144
2811118,small_user1,1,READ,0x10004cfb000,8192
2811151,small_user1,1,READ,0x10004cfd000,8192
2811299,small_user0,0,READ,0x4c5c000,8192
2811329,small_user0,0,WRITE,0x4c5e000,16384
2811449,small_user0,0,WRITE,0x4c62000,8192
2811660,small_user1,1,READ,0x10004cff000,8192
2812000,large_user0,2,READ,0x200079c0000,131072
2812243,small_user1,1,READ,0x10004d01000,8192
2812303,small_user1,1,READ,0x10004d03000,8192
2812477,small_user1,1,READ,0x10004d05000,16384
2812573,small_user1,1,WRITE,0x10004d09000,8192
2812741,small_user1,1,READ,0x10004d0b000,16384
2812963,small_user0,0,READ,0x4c64000,4096
2813061,small_user0,0,READ,0x4c65000,4096
2813211,small_user1,1,READ,0x10004d0f000,16384
2813274,small_user0,0,READ,0x4c66000,16384
2813370,small_user1,1,READ,0x10004d13000,16384
2813540,small_user0,0,READ,0x4c6a000,4096
2813640,small_user1,1,READ,0x10004d17000,16384
2813684,large_user0,2,WRITE,0x200079e0000,131072
2813928,small_user0,0,READ,0x4c6b000,4096
2814099,large_user0,2,READ,0x20007a00000,262144
2814231,small_user1,1,READ,0x10004d1b000,16384
2814437,small_user1,1,READ,0x10004d1f000,8192
2814531,small_user0,0,WRITE,0x4c6c000,16384
2814612,large_user1,3,WRITE,0x30007a10000,65536
2814630,small_user0,0,READ,0x4c70000,8192
2814650,large_user1,3,WRITE,0x30007a20000,65536
2814795,small_user0,0,WRITE,0x4c72000,4096
2814818,small_user0,0,READ,0x4c73000,8192
2815044,small_user1,1,WRITE,0x10004d21000,8192
2815054,small_user0,0,READ,0x4c75000,4096
2815122,small_user1,1,WRITE,0x10004d23000,8192
2815344,small_user0,0,READ,0x4c76000,4096
2815353,small_user1,1,WRITE,0x10004d25000,8192
2815394,small_user0,0,READ,0x4c77000,8192
2815537,small_user1,1,READ,0x10004d27000,4096
2815714,small_user1,1,READ,0x10004d28000,8192
2815815,small_user0,0,READ,0x4c79000,4096
2816035,small_user0,0,READ,0x4c7a000,8192
2816076,small_user0,0,WRITE,0x4c7c000,16384
2816080,small_user0,0,READ,0x4c80000,16384
2816432,small_user1,1,WRITE,0x10004d2a000,4096
2816500,small_user1,1,READ,0x10004d2b000,8192
2816553,small_user0,0,READ,0x4c84000,8192
2816659,small_user0,0,READ,0x4c86000,8192
2816661,small_user0,0,READ,0x4c88000,4096
2817486,large_user0,2,READ,0x20007a40000,131072
2817812,small_user1,1,READ,0x10004d2d000,8192
2818120,small_user0,0,READ,0x4c89000,8192
2818404,small_user1,1,READ,0x10004d2f000,8192
2818546,small_user1,1,READ,0x10004d31000,8192
2818598,small_user1,1,READ,0x10004d33000,8192
2819047,large_user1,3,READ,0x30007a30000,131072
2819108,small_user1,1,WRITE,0x10004d35000,16384
2819157,small_user1,1,READ,0x10004d39000,16384
2819200,small_user0,0,WRITE,0x4c8b000,8192
2819214,small_user0,0,READ,0x4c8d000,16384
2819281,large_user0,2,WRITE,0x20007a60000,131072
2819343,small_user1,1,READ,0x10004d3d000,16384
2820148,large_user1,3,WRITE,0x30007a50000,131072
2820243,small_user0,0,READ,0x4c91000,16384
2820325,small_user0,0,READ,0x4c95000,16384
2820660,small_user0,0,READ,0x4c99000,16384
2820676,small_user0,0,WRITE,0x4c9d000,16384
2820794,small_user0,0,READ,0x4ca1000,16384
2821094,small_user1,1,READ,0x10004d41000,4096
2821117,small_user1,1,WRITE,0x10004d42000,16384
2821538,small_user1,1,READ,0x10004d46000,8192
2821562,small_user1,1,READ,0x10004d48000,8192
2821648,large_user1,3,READ,0x30007a70000,131072
2821736,small_user0,0,READ,0x4ca5000,8192
2821874,small_user0,0,READ,0x4ca7000,16384
2821970,small_user0,0,READ,0x4cab000,8192
2821971,small_user1,1,WRITE,0x10004d4a000,4096
2822027,small_user1,1,WRITE,0x10004d4b000,8192
2822141,small_user0,0,READ,0x4cad000,8192
2822274,small_user0,0,READ,0x4caf000,16384
2822311,small_user0,0,READ,0x4cb3000,4096
2822691,small_user1,1,READ,0x10004d4d000,4096
2822782,small_user0,0,READ,0x4cb4000,8192
2822858,small_user1,1,READ,0x10004d4e000,4096
2822878,small_user0,0,READ,0x4cb6000,4096
2823174,small_user0,0,READ,0x4cb7000,4096
2823415,small_user0,0,READ,0x4cb8000,16384
2823652,small_user0,0,READ,0x4cbc000,4096
2823801,small_user0,0,READ,0x4cbd000,4096
2824127,small_user1,1,READ,0x10004d4f000,16384
2824276,small_user1,1,WRITE,0x10004d53000,8192
2824303,large_user0,2,WRITE,0x20007a80000,131072
2824696,small_user1,1,READ,0x10004d55000,4096
2824761,small_user0,0,READ,0x4cbe000,16384
2824908,large_user0,2,WRITE,0x20007aa0000,262144
2824966,small_user1,1,READ,0x10004d56000,4096
2825060,small_user0,0,READ,0x4cc2000,4096
2825086,small_user1,1,READ,0x10004d57000,16384
2825096,large_user1,3,WRITE,0x30007a90000,65536
2825299,small_user0,0,WRITE,0x4cc3000,4096
2825924,small_user0,0,WRITE,0x4cc4000,4096
2825971,small_user0,0,READ,0x4cc5000,4096
2825986,small_user1,1,READ,0x10004d5b000,16384
2826069,small_user1,1,READ,0x10004d5f000,8192
2826172,small_user0,0,READ,0x4cc6000,4096
2826257,small_user1,1,WRITE,0x10004d61000,16384
2826482,small_user1,1,WRITE,0x10004d65000,8192
2826766,small_user1,1,WRITE,0x10004d67000,16384
2826845,small_user1,1,READ,0x10004d6b000,8192
2827288,small_user1,1,WRITE,0x10004d6d000,4096
2827615,small_user1,1,READ,0x10004d6e000,8192
2828070,small_user1,1,READ,0x10004d70000,8192
2828099,small_user0,0,READ,0x4cc7000,4096
2828176,small_user0,0,WRITE,0x4cc8000,4096
2828198,small_user1,1,WRITE,0x10004d72000,8192
2828395,small_user1,1,READ,0x10004d74000,4096
2828475,small_user1,1,READ,0x10004d75000,16384
2828585,small_user0,0,WRITE,0x4cc9000,8192
2828629,small_user1,1,READ,0x10004d79000,8192
2828734,small_user1,1,READ,0x10004d7b000,16384
2828768,small_user0,0,WRITE,0x4ccb000,16384
2828780,small_user1,1,READ,0x10004d7f000,16384
2829268,small_user0,0,READ,0x4ccf000,4096
2829406,small_user1,1,WRITE,0x10004d83000,8192
2829473,small_user0,0,READ,0x4cd0000,16384
2829711,small_user1,1,READ,0x10004d85000,16384
2829852,large_user1,3,READ,0x30007aa0000,131072
2829890,small_user1,1,READ,0x10004d89000,8192
2830129,large_user0,2,WRITE,0x20007ae0000,131072
2830251,small_user1,1,READ,0x10004d8b000,4096
2830392,small_user0,0,READ,0x4cd4000,16384
2830528,small_user1,1,READ,0x10004d8c000,16384
2830600,small_user1,1,READ,0x10004d90000,16384
2830706,small_user0,0,READ,0x4cd8000,16384
2830793,small_user1,1,WRITE,0x10004d94000,4096
2830876,small_user0,0,WRITE,0x4cdc000,4096
2830953,large_user0,2,WRITE,0x20007b00000,65536
2831006,small_user1,1,READ,0x10004d95000,16384
2831096,small_user1,1,READ,0x10004d99000,8192
2831135,small_user1,1,WRITE,0x10004d9b000,4096
2831184,small_user0,0,READ,0x4cdd000,16384
2831378,small_user1,1,READ,0x10004d9c000,4096
2831412,small_user1,1,READ,0x10004d9d000,16384
2831418,large_user0,2,WRITE,0x20007b10000,65536
2831426,small_user0,0,READ,0x4ce1000,16384
2831533,small_user0,0,READ,0x4ce5000,4096
2831888,small_user0,0,READ,0x4ce6000,4096
2832076,small_user1,1,WRITE,0x10004da1000,8192
2832143,small_user1,1,READ,0x10004da3000,8192
2832202,small_user0,0,READ,0x4ce7000,16384
2832231,small_user1,1,WRITE,0x10004da5000,8192
2832607,small_user0,0,READ,0x4ceb000,8192
2832637,small_user0,0,WRITE,0x4ced000,8192
2832645,large_user0,2,WRITE,0x20007b20000,131072
2832757,small_user1,1,READ,0x10004da7000,8192
2832832,small_user1,1,READ,0x10004da9000,4096
2832839,large_user1,3,WRITE,0x30007ac0000,131072
2832853,small_user1,1,READ,0x10004daa000,4096
2833073,large_user1,3,WRITE,0x30007ae0000,65536
2833232,small_user1,1,WRITE,0x10004dab000,8192
2833557,small_user0,0,READ,0x4cef000,8192
2833575,large_user1,3,READ,0x30007af0000,131072
2833597,small_user0,0,READ,0x4cf1000,4096
2833763,small_user0,0,READ,0x4cf2000,4096
2833826,large_user1,3,WRITE,0x30007b10000,262144
2833864,large_user1,3,READ,0x30007b50000,65536
2834124,small_user1,1,WRITE,0x10004dad000,16384
2834344,small_user0,0,READ,0x4cf3000,16384
2834402,small_user1,1,READ,0x10004db1000,4096
2834543,small_user0,0,READ,0x4cf7000,16384
2834557,large_user1,3,READ,0x30007b60000,131072
2834585,small_user1,1,READ,0x10004db2000,8192
2834932,small_user1,1,WRITE,0x10004db4000,8192
2835023,small_user1,1,WRITE,0x10004db6000,8192
2835181,small_user0,0,READ,0x4cfb000,16384
2835184,small_user1,1,WRITE,0x10004db8000,4096
2835187,small_user1,1,READ,0x10004db9000,8192
2835369,small_user0,0,WRITE,0x4cff000,4096
2835552,small_user0,0,READ,0x4d00000,4096
2835581,small_user1,1,READ,0x10004dbb000,16384
2835762,small_user1,1,WRITE,0x10004dbf000,16384
2835874,small_user1,1,READ,0x10004dc3000,4096
2835939,small_user0,0,WRITE,0x4d01000,16384
2835944,small_user0,0,READ,0x4d05000,4096
2836135,small_user1,1,READ,0x10004dc4000,16384
2836162,small_user0,0,WRITE,0x4d06000,8192
2836182,small_user0,0,READ,0x4d08000,8192
2836534,small_user1,1,READ,0x10004dc8000,16384
2836545,small_user0,0,WRITE,0x4d0a000,16384
2836769,small_user1,1,READ,0x10004dcc000,4096
2836798,small_user0,0,READ,0x4d0e000,8192
2836824,small_user0,0,WRITE,0x4d10000,4096
2836851,small_user0,0,WRITE,0x4d11000,16384
2837003,small_user0,0,READ,0x4d15000,16384
2837208,small_user0,0,WRITE,0x4d19000,16384
2837225,small_user1,1,READ,0x10004dcd000,16384
2837284,small_user0,0,READ,0x4d1d000,16384
2837320,small_user0,0,READ,0x4d21000,16384
2837427,small_user0,0,WRITE,0x4d25000,4096
2837462,small_user1,1,READ,0x10004dd1000,8192
2837569,large_user1,3,READ,0x30007b80000,131072
2837574,small_user0,0,READ,0x4d26000,8192
2837699,small_user1,1,READ,0x10004dd3000,4096
2837909,small_user1,1,READ,0x10004dd4000,16384
2838069,small_user1,1,WRITE,0x10004dd8000,16384
2838099,small_user1,1,READ,0x10004ddc000,4096
2838103,small_user1,1,READ,0x10004ddd000,16384
2838348,small_user1,1,READ,0x10004de1000,16384
2838400,small_user1,1,WRITE,0x10004de5000,16384
2838585,small_user0,0,WRITE,0x4d28000,16384
2838737,small_user0,0,READ,0x4d2c000,4096
2838767,small_user1,1,READ,0x10004de9000,4096
2839023,small_user1,1,READ,0x10004dea000,8192
2839079,small_user1,1,READ,0x10004dec000,16384
2839390,large_user1,3,READ,0x30007ba0000,131072
2839697,small_user0,0,READ,0x4d2d000,4096
2839824,small_user0,0,WRITE,0x4d2e000,16384
2839863,large_user0,2,WRITE,0x20007b40000,65536
2840162,small_user1,1,READ,0x10004df0000,16384
2840225,small_user0,0,WRITE,0x4d32000,4096
2840320,small_user1,1,READ,0x10004df4000,16384
2840444,large_user0,2,WRITE,0x20007b50000,262144
2840820,small_user1,1,READ,0x10004df8000,16384
2841033,small_user1,1,WRITE,0x10004dfc000,8192
2841114,small_user1,1,READ,0x10004dfe000,4096
2841285,small_user0,0,READ,0x4d33000,4096
2841301,small_user1,1,READ,0x10004dff000,4096
2841396,small_user1,1,READ,0x10004e00000,8192
2841440,small_user1,1,WRITE,0x10004e02000,16384
2841726,small_user1,1,WRITE,0x10004e06000,16384
2842080,small_user1,1,READ,0x10004e0a000,4096
2842399,small_user0,0,READ,0x4d34000,8192
2842690,small_user0,0,READ,0x4d36000,16384
2842801,small_user0,0,READ,0x4d3a000,4096
2842821,small_user1,1,READ,0x10004e0b000,16384
2842918,small_user1,1,WRITE,0x10004e0f000,16384
2842992,small_user1,1,READ,0x10004e13000,4096
2843018,small_user1,1,READ,0x10004e14000,4096
2843288,small_user0,0,WRITE,0x4d3b000,16384
2843403,small_user1,1,READ,0x10004e15000,16384
2843642,small_user0,0,WRITE,0x4d3f000,4096
2843843,small_user1,1,READ,0x10004e19000,16384
2843880,small_user1,1,READ,0x10004e1d000,4096
2843968,small_user0,0,READ,0x4d40000,4096
2844004,small_user1,1,READ,0x10004e1e000,8192
2844139,large_user0,2,READ,0x20007b90000,65536
2844334,small_user1,1,WRITE,0x10004e20000,16384
2844381,small_user1,1,WRITE,0x10004e24000,4096
2845458,small_user1,1,WRITE,0x10004e25000,8192
2845492,small_user1,1,READ,0x10004e27000,8192
2845906,small_user1,1,READ,0x10004e29000,8192
2846013,small_user0,0,WRITE,0x4d41000,16384
2846395,small_user0,0,READ,0x4d45000,16384
2846548,large_user0,2,READ,0x20007ba0000,262144
2846625,small_user1,1,READ,0x10004e2b000,4096
2846702,large_user0,2,READ,0x20007be0000,65536
2847246,small_user1,1,WRITE,0x10004e2c000,4096
2847247,large_user0,2,READ,0x20007bf0000,262144
2847276,small_user0,0,READ,0x4d49000,4096
2847570,small_user0,0,WRITE,0x4d4a000,8192
2848075,small_user0,0,READ,0x4d4c000,8192
2848218,small_user0,0,READ,0x4d4e000,16384
2848234,small_user1,1,WRITE,0x10004e2d000,8192
2848248,small_user0,0,READ,0x4d52000,4096
2848360,small_user1,1,READ,0x10004e2f000,4096
2848660,small_user0,0,READ,0x4d53000,4096
2848887,small_user0,0,READ,0x4d54000,8192
2848900,small_user0,0,READ,0x4d56000,16384
2848919,small_user0,0,READ,0x4d5a000,16384
2849666,small_user0,0,READ,0x4d5e000,16384
2849915,small_user1,1,READ,0x10004e30000,16384
2849917,small_user1,1,READ,0x10004e34000,16384
2850262,small_user1,1,READ,0x10004e38000,16384
2850318,small_user1,1,READ,0x10004e3c000,4096
2850415,small_user0,0,READ,0x4d62000,4096
2850983,small_user0,0,READ,0x4d63000,4096
2851078,small_user1,1,READ,0x10004e3d000,16384
2851247,small_user0,0,READ,0x4d64000,4096
2851279,small_user0,0,READ,0x4d65000,16384
2851303,small_user0,0,READ,0x4d69000,8192
2851335,small_user0,0,WRITE,0x4d6b000,16384
2852096,small_user1,1,READ,0x10004e41000,4096
2852111,small_user0,0,WRITE,0x4d6f000,8192
2852421,small_user1,1,READ,0x10004e42000,8192
2852539,small_user0,0,READ,0x4d71000,8192
2852607,small_user1,1,READ,0x10004e44000,4096
2852810,small_user0,0,WRITE,0x4d73000,8192
2852846,small_user0,0,READ,0x4d75000,16384
2852920,small_user0,0,READ,0x4d79000,16384
2853016,small_user1,1,WRITE,0x10004e45000,16384
2853357,large_user0,2,WRITE,0x20007c30000,262144
2853441,small_user0,0,READ,0x4d7d000,16384
2853668,small_user1,1,WRITE,0x10004e49000,16384
2853710,large_user0,2,READ,0x20007c70000,65536
2853720,small_user0,0,WRITE,0x4d81000,8192
2853795,small_user1,1,READ,0x10004e4d000,4096
2853962,small_user0,0,WRITE,0x4d83000,8192
2854052,small_user1,1,WRITE,0x10004e4e000,4096
2854222,small_user0,0,READ,0x4d85000,16384
2854332,small_user1,1,READ,0x10004e4f000,8192
2854333,small_user0,0,READ,0x4d89000,16384
2854483,small_user1,1,READ,0x10004e51000,4096
2854814,large_user0,2,WRITE,0x20007c80000,131072
2854912,small_user1,1,READ,0x10004e52000,8192
2854957,small_user1,1,WRITE,0x10004e54000,16384
2854997,small_user1,1,READ,0x10004e58000,8192
2855123,small_user1,1,READ,0x10004e5a000,16384
2855256,small_user0,0,WRITE,0x4d8d000,8192
2855291,small_user0,0,READ,0x4d8f000,4096
2855300,small_user1,1,READ,0x10004e5e000,4096
2855418,small_user0,0,READ,0x4d90000,8192
2855531,small_user1,1,READ,0x10004e5f000,8192
2855587,small_user0,0,READ,0x4d92000,16384
2855609,small_user1,1,READ,0x10004e61000,8192
2855918,large_user1,3,READ,0x30007bc0000,262144
2855940,small_user0,0,WRITE,0x4d96000,4096
2856265,small_user0,0,READ,0x4d97000,16384
2856398,small_user0,0,READ,0x4d9b000,16384
2856514,small_user1,1,READ,0x10004e63000,8192
2856663,small_user1,1,READ,0x10004e65000,16384
2856767,small_user1,1,READ,0x10004e69000,4096
2856783,small_user0,0,READ,0x4d9f000,4096
2856982,small_user1,1,READ,0x10004e6a000,4096
2857000,small_user1,1,READ,0x10004e6b000,8192
2857337,small_user0,0,READ,0x4da0000,16384
2857437,large_user0,2,READ,0x20007ca0000,131072
2857478,small_user1,1,READ,0x10004e6d000,8192
2857597,small_user0,0,READ,0x4da4000,16384
2857750,small_user0,0,READ,0x4da8000,16384
2857761,small_user1,1,READ,0x10004e6f000,8192
2858411,small_user1,1,READ,0x10004e71000,4096
2859205,small_user1,1,READ,0x10004e72000,8192
2859507,small_user0,0,WRITE,0x4dac000,16384
2859512,small_user0,0,READ,0x4db0000,8192
2859537,small_user1,1,READ,0x10004e74000,16384
2860536,small_user0,0,WRITE,0x4db2000,4096
2860783,small_user1,1,WRITE,0x10004e78000,8192
2861110,small_user0,0,READ,0x4db3000,16384
2861145,small_user0,0,READ,0x4db7000,16384
2861298,small_user1,1,READ,0x10004e7a000,4096
2861563,large_user0,2,WRITE,0x20007cc0000,65536
2861633,small_user0,0,READ,0x4dbb000,16384
2861702,small_user0,0,READ,0x4dbf000,8192
2861735,small_user0,0,READ,0x4dc1000,4096
2861961,small_user1,1,WRITE,0x10004e7b000,8192
2861982,large_user0,2,READ,0x20007cd0000,65536
2862007,large_user0,2,WRITE,0x20007ce0000,65536
2862052,small_user1,1,WRITE,0x10004e7d000,16384
2862378,large_user0,2,WRITE,0x20007cf0000,65536
2862508,small_user0,0,READ,0x4dc2000,4096
2862823,small_user1,1,READ,0x10004e81000,4096
2862995,small_user1,1,READ,0x10004e82000,4096
2863088,small_user1,1,WRITE,0x10004e83000,4096
2863148,small_user1,1,READ,0x10004e84000,8192
2863243,small_user0,0,READ,0x4dc3000,8192
2863251,large_user0,2,READ,0x20007d00000,65536
2863522,small_user1,1,READ,0x10004e86000,16384
2863532,small_user0,0,READ,0x4dc5000,16384
2863840,large_user0,2,WRITE,0x20007d10000,262144
2863915,small_user0,0,READ,0x4dc9000,16384
2864492,small_user1,1,READ,0x10004e8a000,16384
2864631,small_user1,1,READ,0x10004e8e000,8192
2864807,small_user1,1,WRITE,0x10004e90000,8192
2864928,small_user1,1,WRITE,0x10004e92000,4096
2864937,small_user0,0,READ,0x4dcd000,16384
2865184,small_user0,0,WRITE,0x4dd1000,16384
2865273,small_user1,1,WRITE,0x10004e93000,8192
2865460,small_user0,0,WRITE,0x4dd5000,16384
2865858,small_user1,1,READ,0x10004e95000,16384
2866111,small_user0,0,READ,0x4dd9000,4096
2866241,small_user0,0,WRITE,0x4dda000,8192
2866276,small_user1,1,WRITE,0x10004e99000,16384
2866367,small_user0,0,READ,0x4ddc000,4096
2866498,small_user0,0,READ,0x4ddd000,4096
2866575,small_user0,0,READ,0x4dde000,4096
2866618,small_user0,0,READ,0x4ddf000,16384
2866632,large_user1,3,WRITE,0x30007c00000,65536
2867038,small_user1,1,READ,0x10004e9d000,4096
2867039,small_user1,1,READ,0x10004e9e000,16384
2867271,small_user1,1,READ,0x10004ea2000,4096
2867686,small_user0,0,WRITE,0x4de3000,4096
2867745,small_user1,1,READ,0x10004ea3000,16384
2867960,small_user0,0,WRITE,0x4de4000,8192
2868094,large_user1,3,READ,0x30007c10000,262144
2868714,small_user0,0,READ,0x4de6000,8192
2868776,small_user1,1,WRITE,0x10004ea7000,16384
2868820,small_user0,0,WRITE,0x4de8000,8192
2869536,small_user1,1,READ,0x10004eab000,16384
2869612,small_user0,0,READ,0x4dea000,16384
2870129,large_user0,2,READ,0x20007d50000,65536
2870309,small_user1,1,READ,0x10004eaf000,8192
2870324,small_user0,0,READ,0x4dee000,8192
2870714,small_user1,1,READ,0x10004eb1000,8192
2870800,small_user1,1,READ,0x10004eb3000,8192
2870901,large_user1,3,READ,0x30007c50000,262144
2871014,small_user0,0,WRITE,0x4df0000,4096
2871499,small_user0,0,READ,0x4df1000,8192
2871510,small_user1,1,READ,0x10004eb5000,8192
2871853,small_user0,0,READ,0x4df3000,4096
2871857,small_user1,1,READ,0x10004eb7000,8192
2872018,large_user0,2,WRITE,0x20007d60000,262144
2872059,small_user1,1,READ,0x10004eb9000,4096
2872583,small_user1,1,WRITE,0x10004eba000,8192
2872673,small_user1,1,READ,0x10004ebc000,8192
2872774,small_user1,1,READ,0x10004ebe000,8192
2872787,small_user1,1,READ,0x10004ec0000,16384
2872855,small_user0,0,WRITE,0x4df4000,8192
2872885,small_user1,1,WRITE,0x10004ec4000,8192
2873079,small_user1,1,WRITE,0x10004ec6000,8192
2873203,large_user1,3,READ,0x30007c90000,65536
2873225,large_user0,2,WRITE,0x20007da0000,131072
2873242,small_user0,0,WRITE,0x4df6000,4096
2873422,small_user0,0,WRITE,0x4df7000,8192
2873452,small_user1,1,READ,0x10004ec8000,16384
2873472,small_user0,0,READ,0x4df9000,4096
2874057,small_user1,1,READ,0x10004ecc000,8192
2874142,small_user1,1,WRITE,0x10004ece000,8192
2874192,small_user0,0,READ,0x4dfa000,16384
2874340,small_user0,0,READ,0x4dfe000,16384
2874577,small_user0,0,READ,0x4e02000,16384
2874664,small_user0,0,WRITE,0x4e06000,4096
2874843,small_user1,1,WRITE,0x10004ed0000,8192
2874987,small_user1,1,READ,0x10004ed2000,4096
2875251,small_user0,0,WRITE,0x4e07000,4096
2875462,small_user1,1,READ,0x10004ed3000,4096
2875806,small_user1,1,READ,0x10004ed4000,16384
2876034,small_user0,0,READ,0x4e08000,16384
2876152,small_user1,1,READ,0x10004ed8000,4096
2876540,small_user1,1,READ,0x10004ed9000,16384
2876649,small_user1,1,WRITE,0x10004edd000,8192
2876680,large_user0,2,READ,0x20007dc0000,262144
2876830,small_user1,1,READ,0x10004edf000,8192
2876856,small_user1,1,WRITE,0x10004ee1000,16384
2876863,small_user1,1,WRITE,0x10004ee5000,8192
2877144,small_user1,1,READ,0x10004ee7000,16384
2877173,small_user1,1,READ,0x10004eeb000,16384
2877263,small_user1,1,READ,0x10004eef000,16384
2877379,small_user0,0,READ,0x4e0c000,16384
2877524,small_user1,1,READ,0x10004ef3000,16384
2877604,small_user1,1,WRITE,0x10004ef7000,16384
2877742,small_user0,0,WRITE,0x4e10000,8192
2877766,small_user0,0,READ,0x4e12000,8192
2878194,small_user0,0,READ,0x4e14000,4096
2878323,small_user0,0,READ,0x4e15000,4096
2878683,large_user1,3,WRITE,0x30007ca0000,262144
2878726,small_user0,0,READ,0x4e16000,8192
2878736,small_user1,1,READ,0x10004efb000,16384
2878934,small_user0,0,READ,0x4e18000,16384
2879015,small_user1,1,READ,0x10004eff000,16384
2879261,large_user1,3,READ,0x30007ce0000,262144
2879499,small_user1,1,READ,0x10004f03000,8192
2879548,small_user1,1,WRITE,0x10004f05000,8192
2879555,small_user1,1,READ,0x10004f07000,4096
2879596,small_user0,0,READ,0x4e1c000,16384
2879776,small_user1,1,READ,0x10004f08000,16384
2879890,small_user0,0,WRITE,0x4e20000,4096
2879938,small_user0,0,READ,0x4e21000,16384
2880057,small_user0,0,READ,0x4e25000,4096
2880104,small_user0,0,READ,0x4e26000,4096
2880109,small_user1,1,READ,0x10004f0c000,4096
2880343,small_user0,0,READ,0x4e27000,4096
2880659,small_user0,0,READ,0x4e28000,8192
2880744,small_user1,1,READ,0x10004f0d000,16384
2880927,large_user1,3,READ,0x30007d20000,131072
2881088,small_user1,1,READ,0x10004f11000,16384
2881330,small_user1,1,READ,0x10004f15000,8192
2881566,small_user0,0,READ,0x4e2a000,4096
2881692,large_user0,2,WRITE,0x20007e00000,262144
2882351,small_user1,1,READ,0x10004f17000,4096
2882481,small_user0,0,READ,0x4e2b000,16384
2882734,large_user1,3,WRITE,0x30007d40000,131072
2882789,small_user1,1,WRITE,0x10004f18000,16384
2882908,small_user0,0,READ,0x4e2f000,16384
2882940,small_user0,0,READ,0x4e33000,4096
2883040,small_user0,0,READ,0x4e34000,4096
2883396,small_user1,1,WRITE,0x10004f1c000,4096
2883433,small_user0,0,READ,0x4e35000,16384
2883583,small_user0,0,WRITE,0x4e39000,8192
2883584,small_user1,1,READ,0x10004f1d000,8192
2883974,large_user1,3,READ,0x30007d60000,131072
2884081,small_user0,0,WRITE,0x4e3b000,8192
2884126,small_user1,1,READ,0x10004f1f000,4096
2884252,small_user0,0,READ,0x4e3d000,4096
2884523,small_user0,0,READ,0x4e3e000,8192
2884527,small_user1,1,WRITE,0x10004f20000,8192
2884565,small_user1,1,READ,0x10004f22000,4096
2884712,small_user1,1,WRITE,0x10004f23000,8192
2885564,large_user1,3,WRITE,0x30007d80000,131072
2885813,small_user0,0,WRITE,0x4e40000,16384
2885832,small_user0,0,WRITE,0x4e44000,16384
2886111,small_user1,1,READ,0x10004f25000,16384
2886384,small_user0,0,WRITE,0x4e48000,8192
2886750,large_user0,2,READ,0x20007e40000,131072
2886781,small_user0,0,READ,0x4e4a000,4096
2886876,small_user0,0,WRITE,0x4e4b000,8192
2887205,small_user1,1,READ,0x10004f29000,4096
2887222,small_user0,0,READ,0x4e4d000,16384
2887425,small_user0,0,READ,0x4e51000,4096
2887496,small_user1,1,READ,0x10004f2a000,16384
2887520,small_user0,0,WRITE,0x4e52000,8192
2887546,large_user1,3,WRITE,0x30007da0000,262144
2887995,small_user0,0,READ,0x4e54000,4096
2888099,small_user0,0,READ,0x4e55000,8192
2888315,small_user0,0,READ,0x4e57000,8192
2888515,small_user0,0,READ,0x4e59000,8192
2888778,small_user1,1,READ,0x10004f2e000,16384
2889725,small_user0,0,READ,0x4e5b000,8192
2889871,small_user1,1,WRITE,0x10004f32000,8192
2889959,small_user0,0,READ,0x4e5d000,16384
2890076,small_user0,0,READ,0x4e61000,8192
2890326,small_user1,1,READ,0x10004f34000,8192
2890443,small_user0,0,READ,0x4e63000,16384
2890775,small_user1,1,READ,0x10004f36000,8192
2890955,small_user1,1,READ,0x10004f38000,16384
2890975,large_user1,3,WRITE,0x30007de0000,65536
2891014,large_user1,3,READ,0x30007df0000,131072
2891136,small_user0,0,READ,0x4e67000,8192
2891403,small_user1,1,WRITE,0x10004f3c000,4096
2891515,small_user1,1,READ,0x10004f3d000,8192
2891565,small_user1,1,READ,0x10004f3f000,4096
2891881,small_user0,0,WRITE,0x4e69000,16384
2892078,small_user0,0,READ,0x4e6d000,4096
2892321,small_user0,0,READ,0x4e6e000,8192
2892537,large_user0,2,READ,0x20007e60000,65536
2892568,large_user1,3,WRITE,0x30007e10000,262144
2892601,small_user1,1,READ,0x10004f40000,8192
2892917,small_user1,1,WRITE,0x10004f42000,4096
2893205,small_user0,0,WRITE,0x4e70000,16384
2893407,small_user0,0,READ,0x4e74000,16384
2893416,small_user0,0,WRITE,0x4e78000,16384
2893602,small_user0,0,READ,0x4e7c000,8192
2893708,small_user0,0,READ,0x4e7e000,16384
2893973,small_user1,1,READ,0x10004f43000,4096
2894044,small_user0,0,READ,0x4e82000,16384
2894368,small_user0,0,READ,0x4e86000,4096
2894395,small_user1,1,WRITE,0x10004f44000,8192
2894484,small_user1,1,READ,0x10004f46000,16384
2894492,large_user1,3,READ,0x30007e50000,262144
2894513,small_user0,0,READ,0x4e87000,8192
2894516,small_user0,0,READ,0x4e89000,16384
2894620,small_user0,0,WRITE,0x4e8d000,8192
2894773,small_user1,1,WRITE,0x10004f4a000,4096
2894791,small_user0,0,READ,0x4e8f000,16384
2894879,small_user0,0,READ,0x4e93000,8192
2895001,small_user1,1,READ,0x10004f4b000,8192
2895021,small_user1,1,READ,0x10004f4d000,16384
2895104,small_user0,0,READ,0x4e95000,16384
2895412,small_user1,1,WRITE,0x10004f51000,4096
2895520,small_user1,1,READ,0x10004f52000,4096
2895676,small_user0,0,READ,0x4e99000,16384
2895743,small_user1,1,WRITE,0x10004f53000,16384
2895752,small_user0,0,READ,0x4e9d000,4096
2895765,small_user0,0,READ,0x4e9e000,16384
2895845,small_user1,1,WRITE,0x10004f57000,8192
2895882,large_user0,2,WRITE,0x20007e70000,65536
2895906,small_user1,1,WRITE,0x10004f59000,4096
2895982,small_user0,0,READ,0x4ea2000,8192
2896084,small_user1,1,WRITE,0x10004f5a000,8192
2896093,small_user0,0,WRITE,0x4ea4000,4096
2896173,small_user0,0,WRITE,0x4ea5000,16384
2896233,small_user0,0,WRITE,0x4ea9000,16384
2896440,small_user0,0,WRITE,0x4ead000,8192
2896486,small_user1,1,WRITE,0x10004f5c000,8192
2896631,large_user0,2,READ,0x20007e80000,262144
2896643,small_user0,0,READ,0x4eaf000,8192
2896696,large_user1,3,READ,0x30007e90000,131072
2897140,small_user0,0,READ,0x4eb1000,8192
2897238,large_user1,3,WRITE,0x30007eb0000,131072
2897397,small_user1,1,WRITE,0x10004f5e000,16384
2897485,small_user1,1,READ,0x10004f62000,8192
2897556,small_user1,1,READ,0x10004f64000,8192
2897610,small_user0,0,READ,0x4eb3000,4096
2897967,small_user1,1,WRITE,0x10004f66000,4096
2897976,small_user0,0,READ,0x4eb4000,4096
2897977,small_user0,0,READ,0x4eb5000,8192
2898102,small_user1,1,READ,0x10004f67000,16384
2898161,small_user0,0,WRITE,0x4eb7000,8192
2898254,small_user0,0,READ,0x4eb9000,8192
2898309,small_user0,0,WRITE,0x4ebb000,16384
2898329,small_user0,0,WRITE,0x4ebf000,8192
2898394,small_user1,1,READ,0x10004f6b000,8192
2898621,small_user1,1,WRITE,0x10004f6d000,8192
2898668,small_user0,0,READ,0x4ec1000,8192
2898791,small_user0,0,READ,0x4ec3000,4096
2898807,small_user0,0,WRITE,0x4ec4000,16384
2898825,small_user1,1,READ,0x10004f6f000,4096
2898979,small_user1,1,READ,0x10004f70000,16384
2899076,small_user0,0,READ,0x4ec8000,16384
2899389,small_user1,1,READ,0x10004f74000,8192
2899402,large_user1,3,READ,0x30007ed0000,131072
2899420,small_user0,0,READ,0x4ecc000,4096
2899862,small_user1,1,READ,0x10004f76000,4096
2900049,small_user1,1,READ,0x10004f77000,4096
2900081,small_user0,0,WRITE,0x4ecd000,8192
2900113,small_user1,1,WRITE,0x10004f78000,16384
2900180,small_user1,1,READ,0x10004f7c000,16384
2900300,large_user1,3,READ,0x30007ef0000,131072
2900435,small_user0,0,READ,0x4ecf000,16384
2900464,small_user1,1,WRITE,0x10004f80000,4096
2900478,small_user0,0,READ,0x4ed3000,16384
2900647,small_user0,0,READ,0x4ed7000,8192
2901088,small_user1,1,WRITE,0x10004f81000,8192
2901103,small_user1,1,WRITE,0x10004f83000,4096
2901153,small_user0,0,READ,0x4ed9000,4096
2901473,small_user0,0,READ,0x4eda000,8192
2901552,large_user0,2,READ,0x20007ec0000,131072
2901955,small_user1,1,READ,0x10004f84000,4096
2902091,large_user1,3,READ,0x30007f10000,65536
2902573,small_user1,1,READ,0x10004f85000,4096
2902598,small_user0,0,WRITE,0x4edc000,16384
2902608,small_user1,1,WRITE,0x10004f86000,4096
2902633,small_user0,0,WRITE,0x4ee0000,8192
2902641,small_user0,0,READ,0x4ee2000,8192
2902671,large_user0,2,READ,0x20007ee0000,65536
2902972,small_user0,0,READ,0x4ee4000,8192
2903201,small_user1,1,READ,0x10004f87000,8192
2903232,small_user0,0,READ,0x4ee6000,8192
2903452,small_user0,0,WRITE,0x4ee8000,16384
2903479,small_user0,0,WRITE,0x4eec000,16384
2903495,large_user0,2,WRITE,0x20007ef0000,65536
2903508,small_user1,1,WRITE,0x10004f89000,8192
2903546,small_user1,1,READ,0x10004f8b000,8192
2903553,small_user1,1,WRITE,0x10004f8d000,16384
2903738,small_user0,0,WRITE,0x4ef0000,4096
2904315,small_user0,0,READ,0x4ef1000,16384
2904508,small_user0,0,WRITE,0x4ef5000,16384
2904671,large_user1,3,WRITE,0x30007f20000,131072
2904718,small_user0,0,WRITE,0x4ef9000,8192
2904943,small_user1,1,READ,0x10004f91000,16384
2905243,small_user0,0,READ,0x4efb000,4096
2905513,large_user1,3,WRITE,0x30007f40000,65536
2905540,small_user1,1,WRITE,0x10004f95000,4096
2905665,small_user1,1,WRITE,0x10004f96000,4096
2905779,small_user0,0,READ,0x4efc000,16384
2905882,small_user1,1,READ,0x10004f97000,4096
2905965,small_user0,0,READ,0x4f00000,8192
2905967,small_user1,1,READ,0x10004f98000,8192
2905981,small_user0,0,READ,0x4f02000,16384
2906235,small_user1,1,READ,0x10004f9a000,4096
2906451,large_user1,3,WRITE,0x30007f50000,131072
2906487,small_user1,1,READ,0x10004f9b000,4096
2906520,small_user0,0,READ,0x4f06000,8192
2906527,small_user1,1,READ,0x10004f9c000,16384
2906650,small_user1,1,WRITE,0x10004fa0000,8192
2906728,large_user0,2,WRITE,0x20007f00000,262144
2906744,small_user0,0,READ,0x4f08000,16384
2906747,small_user1,1,READ,0x10004fa2000,16384
2906793,small_user0,0,READ,0x4f0c000,8192
2906815,small_user1,1,READ,0x10004fa6000,8192
2906835,small_user0,0,READ,0x4f0e000,16384
2906858,small_user1,1,READ,0x10004fa8000,4096
2906984,small_user1,1,WRITE,0x10004fa9000,16384
2907161,small_user0,0,READ,0x4f12000,4096
2907287,small_user1,1,READ,0x10004fad000,4096
2907405,small_user0,0,WRITE,0x4f13000,4096
2907537,small_user1,1,WRITE,0x10004fae000,4096
2907631,small_user0,0,READ,0x4f14000,16384
2907918,small_user0,0,WRITE,0x4f18000,4096
2908269,small_user1,1,WRITE,0x10004faf000,4096
2908714,small_user0,0,READ,0x4f19000,16384
2908777,small_user0,0,WRITE,0x4f1d000,16384
2909599,small_user0,0,READ,0x4f21000,16384
2910038,small_user1,1,READ,0x10004fb0000,4096
2910156,small_user0,0,READ,0x4f25000,4096
2910223,small_user1,1,READ,0x10004fb1000,4096
2910283,large_user1,3,READ,0x30007f70000,65536
2910412,small_user1,1,WRITE,0x10004fb2000,8192
2910423,small_user0,0,READ,0x4f26000,16384
2910600,small_user1,1,READ,0x10004fb4000,8192
2910603,small_user1,1,READ,0x10004fb6000,16384
2910645,small_user1,1,READ,0x10004fba000,4096
2910653,small_user1,1,READ,0x10004fbb000,4096
2910891,small_user0,0,READ,0x4f2a000,16384
2911123,small_user1,1,READ,0x10004fbc000,8192
2911179,small_user0,0,WRITE,0x4f2e000,16384
2911350,small_user0,0,WRITE,0x4f32000,8192
2911354,small_user0,0,READ,0x4f34000,16384
2911385,small_user1,1,READ,0x10004fbe000,16384
2911402,small_user1,1,WRITE,0x10004fc2000,4096
2911612,small_user1,1,READ,0x10004fc3000,8192
2911641,small_user0,0,READ,0x4f38000,16384
2911738,small_user0,0,READ,0x4f3c000,16384
2911766,small_user1,1,READ,0x10004fc5000,8192
2912171,small_user1,1,READ,0x10004fc7000,4096
2912206,small_user0,0,READ,0x4f40000,16384
2912495,small_user0,0,READ,0x4f44000,4096
2912688,small_user0,0,WRITE,0x4f45000,4096
2912732,small_user0,0,WRITE,0x4f46000,8192
2913467,small_user1,1,READ,0x10004fc8000,16384
2913665,small_user1,1,READ,0x10004fcc000,16384
2913682,small_user0,0,READ,0x4f48000,8192
2913747,small_user0,0,WRITE,0x4f4a000,8192
2913781,small_user1,1,WRITE,0x10004fd0000,4096
2913853,small_user0,0,WRITE,0x4f4c000,16384
2913857,small_user0,0,READ,0x4f50000,4096
2914002,small_user0,0,WRITE,0x4f51000,16384
2914094,small_user0,0,READ,0x4f55000,16384
2914150,small_user1,1,READ,0x10004fd1000,16384
2914233,small_user1,1,WRITE,0x10004fd5000,8192
2914910,small_user0,0,READ,0x4f59000,4096
2914927,small_user0,0,READ,0x4f5a000,16384
2915041,small_user0,0,READ,0x4f5e000,4096
2915145,small_user1,1,WRITE,0x10004fd7000,8192
2915167,small_user1,1,READ,0x10004fd9000,16384
2915651,small_user0,0,READ,0x4f5f000,16384
2915805,small_user0,0,READ,0x4f63000,4096
2915822,small_user0,0,READ,0x4f64000,16384
2916664,small_user0,0,READ,0x4f68000,8192
2917097,small_user1,1,READ,0x10004fdd000,16384
2917329,small_user1,1,READ,0x10004fe1000,16384
2917501,small_user1,1,WRITE,0x10004fe5000,4096
2917730,small_user1,1,READ,0x10004fe6000,8192
2918042,small_user0,0,WRITE,0x4f6a000,16384
2918129,large_user1,3,READ,0x30007f80000,65536
2918211,small_user0,0,READ,0x4f6e000,8192
2918273,small_user0,0,READ,0x4f70000,4096
2919517,small_user0,0,READ,0x4f71000,4096
2919667,small_user0,0,READ,0x4f72000,4096
2919668,small_user1,1,WRITE,0x10004fe8000,8192
2919888,small_user0,0,READ,0x4f73000,4096
2919956,small_user1,1,READ,0x10004fea000,16384
2920038,small_user1,1,WRITE,0x10004fee000,16384
2920043,small_user1,1,READ,0x10004ff2000,16384
2920055,large_user0,2,READ,0x20007f40000,262144
2920368,small_user1,1,READ,0x10004ff6000,8192
2920468,small_user1,1,READ,0x10004ff8000,4096
2920483,small_user1,1,READ,0x10004ff9000,8192
2920535,large_user1,3,WRITE,0x30007f90000,262144
2920538,small_user0,0,READ,0x4f74000,4096
2920822,small_user1,1,READ,0x10004ffb000,8192
2920913,small_user0,0,READ,0x4f75000,8192
2921073,small_user1,1,WRITE,0x10004ffd000,4096
2921083,small_user0,0,READ,0x4f77000,8192
2921116,small_user1,1,READ,0x10004ffe000,16384
2921466,small_user1,1,READ,0x10005002000,4096
2921621,large_user0,2,WRITE,0x20007f80000,65536
2921638,small_user1,1,READ,0x10005003000,16384
2922070,small_user1,1,READ,0x10005007000,8192
2922248,small_user0,0,READ,0x4f79000,8192
2922262,small_user0,0,READ,0x4f7b000,16384
2922490,small_user0,0,READ,0x4f7f000,8192
2922527,small_user1,1,READ,0x10005009000,8192
2922657,small_user1,1,READ,0x1000500b000,4096
2922675,small_user1,1,READ,0x1000500c000,16384
2922806,small_user1,1,READ,0x10005010000,4096
2922879,small_user0,0,WRITE,0x4f81000,16384
2922889,small_user1,1,WRITE,0x10005011000,16384
2923034,small_user0,0,READ,0x4f85000,8192
2923215,small_user1,1,WRITE,0x10005015000,4096
2924074,small_user0,0,READ,0x4f87000,16384
2924109,small_user1,1,WRITE,0x10005016000,4096
2924139,small_user1,1,READ,0x10005017000,4096
2924287,small_user1,1,READ,0x10005018000,16384
2924763,small_user0,0,READ,0x4f8b000,16384
2925075,large_user1,3,READ,0x30007fd0000,131072
2925208,small_user0,0,READ,0x4f8f000,16384
2925227,large_user0,2,WRITE,0x20007f90000,131072
2925341,large_user0,2,READ,0x20007fb0000,262144
2925527,small_user0,0,READ,0x4f93000,4096
2926187,small_user0,0,WRITE,0x4f94000,4096
2926241,large_user0,2,WRITE,0x20007ff0000,131072
2926244,small_user0,0,READ,0x4f95000,16384
2926351,small_user1,1,READ,0x1000501c000,8192
2926391,small_user0,0,READ,0x4f99000,16384
2926432,small_user0,0,READ,0x4f9d000,8192
2927114,small_user0,0,READ,0x4f9f000,4096
2927225,small_user1,1,READ,0x1000501e000,8192
2927306,small_user1,1,READ,0x10005020000,4096
2927346,small_user0,0,WRITE,0x4fa0000,8192
2927492,small_user1,1,WRITE,0x10005021000,16384
2927653,large_user0,2,WRITE,0x20008010000,262144
2927778,large_user0,2,READ,0x20008050000,262144
2927996,large_user0,2,WRITE,0x20008090000,131072
2928005,large_user1,3,WRITE,0x30007ff0000,65536
2928075,small_user1,1,READ,0x10005025000,16384
2928337,small_user1,1,READ,0x10005029000,16384
2928522,large_user0,2,READ,0x200080b0000,131072
2929153,small_user1,1,WRITE,0x1000502d000,4096
2929206,small_user0,0,READ,0x4fa2000,16384
2929442,small_user0,0,WRITE,0x4fa6000,8192
2929546,small_user1,1,READ,0x1000502e000,16384
2929819,large_user1,3,WRITE,0x30008000000,262144
2929878,large_user1,3,WRITE,0x30008040000,131072
2930048,small_user0,0,READ,0x4fa8000,4096
2930356,small_user1,1,READ,0x10005032000,8192
2930399,small_user1,1,READ,0x10005034000,8192
2930439,small_user1,1,READ,0x10005036000,4096
2931239,small_user0,0,READ,0x4fa9000,8192
2931628,small_user0,0,READ,0x4fab000,16384
2931658,small_user0,0,READ,0x4faf000,8192
2931733,small_user0,0,READ,0x4fb1000,4096
2932067,small_user1,1,WRITE,0x10005037000,16384
2932271,small_user0,0,READ,0x4fb2000,16384
2932388,small_user0,0,READ,0x4fb6000,4096
2932695,small_user0,0,WRITE,0x4fb7000,4096
2932967,small_user0,0,WRITE,0x4fb8000,8192
2933200,small_user1,1,READ,0x1000503b000,8192
2933396,small_user1,1,READ,0x1000503d000,8192
2933443,small_user1,1,WRITE,0x1000503f000,8192
2933598,small_user0,0,READ,0x4fba000,8192
2933718,small_user0,0,WRITE,0x4fbc000,16384
2933795,small_user1,1,WRITE,0x10005041000,8192
2934174,small_user1,1,READ,0x10005043000,4096
2934442,small_user1,1,WRITE,0x10005044000,4096
2934561,small_user0,0,WRITE,0x4fc0000,8192
2934607,small_user0,0,WRITE,0x4fc2000,4096
2934684,small_user0,0,READ,0x4fc3000,8192
2934805,small_user1,1,READ,0x10005045000,4096
2934816,small_user1,1,WRITE,0x10005046000,8192
2934878,small_user1,1,WRITE,0x10005048000,4096
2934932,small_user1,1,READ,0x10005049000,4096
2935120,small_user1,1,WRITE,0x1000504a000,8192
2935151,small_user1,1,WRITE,0x1000504c000,4096
2935169,small_user0,0,READ,0x4fc5000,16384
2935395,small_user1,1,READ,0x1000504d000,8192
2935533,small_user0,0,WRITE,0x4fc9000,8192
2935624,small_user0,0,READ,0x4fcb000,16384
2935741,small_user0,0,READ,0x4fcf000,16384
2936248,small_user1,1,READ,0x1000504f000,8192
2936352,small_user1,1,WRITE,0x10005051000,4096
2936650,small_user0,0,WRITE,0x4fd3000,8192
2936666,small_user0,0,READ,0x4fd5000,16384
2936768,large_user0,2,READ,0x200080d0000,131072
2936980,small_user0,0,READ,0x4fd9000,8192
2937040,small_user0,0,READ,0x4fdb000,4096
2937124,small_user0,0,READ,0x4fdc000,4096
2937322,small_user0,0,READ,0x4fdd000,8192
2937335,large_user0,2,READ,0x200080f0000,131072
2937354,small_user0,0,WRITE,0x4fdf000,8192
2937706,small_user1,1,READ,0x10005052000,16384
2937740,small_user0,0,READ,0x4fe1000,16384
2937918,small_user0,0,READ,0x4fe5000,8192
2938038,small_user0,0,READ,0x4fe7000,16384
2938275,small_user0,0,READ,0x4feb000,16384
2938531,small_user1,1,WRITE,0x10005056000,16384
2938601,small_user1,1,READ,0x1000505a000,8192
2939026,small_user1,1,READ,0x1000505c000,16384
2939035,small_user1,1,READ,0x10005060000,16384
2939077,small_user1,1,READ,0x10005064000,8192
2939101,small_user0,0,READ,0x4fef000,16384
2939183,small_user0,0,READ,0x4ff3000,8192
2939233,large_user0,2,WRITE,0x20008110000,65536
2939365,small_user1,1,READ,0x10005066000,4096
2939499,small_user0,0,WRITE,0x4ff5000,16384
2939560,small_user1,1,READ,0x10005067000,8192
2939752,small_user0,0,READ,0x4ff9000,8192
2939756,small_user0,0,READ,0x4ffb000,4096
2939913,small_user0,0,READ,0x4ffc000,8192
2939988,large_user0,2,READ,0x20008120000,131072
2940077,small_user1,1,READ,0x10005069000,16384
2940233,small_user1,1,READ,0x1000506d000,8192
2940247,small_user1,1,READ,0x1000506f000,8192
2940293,small_user0,0,READ,0x4ffe000,16384
2940398,small_user1,1,READ,0x10005071000,16384
2940414,small_user1,1,WRITE,0x10005075000,4096
2941234,small_user0,0,READ,0x5002000,8192
2941249,small_user0,0,READ,0x5004000,8192
2941261,small_user1,1,READ,0x10005076000,8192
2941334,small_user1,1,WRITE,0x10005078000,4096
2941421,small_user0,0,READ,0x5006000,16384
2942041,small_user0,0,READ,0x500a000,4096
2942044,small_user0,0,READ,0x500b000,8192
2942396,small_user1,1,READ,0x10005079000,8192
2942655,small_user0,0,READ,0x500d000,8192
2943403,small_user0,0,READ,0x500f000,4096
2943751,small_user0,0,READ,0x5010000,16384
2943772,small_user0,0,READ,0x5014000,8192
2943825,small_user0,0,READ,0x5016000,8192
2944205,small_user1,1,READ,0x1000507b000,16384
2944303,small_user1,1,WRITE,0x1000507f000,4096
2944606,small_user0,0,READ,0x5018000,16384
2944614,small_user1,1,READ,0x10005080000,16384
2944706,small_user0,0,READ,0x501c000,16384
2944723,small_user0,0,READ,0x5020000,16384
2944825,small_user1,1,READ,0x10005084000,8192
2945447,small_user0,0,READ,0x5024000,16384
2945467,small_user0,0,READ,0x5028000,4096
2945690,small_user0,0,READ,0x5029000,8192
2945853,large_user1,3,READ,0x30008060000,131072
2945908,small_user1,1,READ,0x10005086000,16384
2945925,large_user1,3,READ,0x30008080000,262144
2946546,small_user1,1,READ,0x1000508a000,8192
2946600,small_user0,0,READ,0x502b000,16384
2946713,small_user1,1,READ,0x1000508c000,16384
2946747,small_user1,1,READ,0x10005090000,8192
2947110,small_user0,0,WRITE,0x502f000,16384
2947231,small_user0,0,READ,0x5033000,4096
2947300,small_user1,1,READ,0x10005092000,16384
2947427,small_user0,0,READ,0x5034000,4096
2947428,small_user1,1,READ,0x10005096000,8192
2947608,small_user1,1,READ,0x10005098000,4096
2947629,small_user1,1,READ,0x10005099000,4096
2947683,small_user0,0,READ,0x5035000,4096
2947740,small_user0,0,READ,0x5036000,16384
2948147,small_user1,1,READ,0x1000509a000,16384
2948293,small_user1,1,WRITE,0x1000509e000,16384
2948397,small_user0,0,WRITE,0x503a000,4096
2948550,small_user1,1,READ,0x100050a2000,16384
2948611,small_user1,1,READ,0x100050a6000,4096
2948959,small_user0,0,READ,0x503b000,16384
2949278,small_user0,0,WRITE,0x503f000,16384
2949527,small_user1,1,WRITE,0x100050a7000,16384
2949562,small_user0,0,READ,0x5043000,8192
2949813,small_user1,1,READ,0x100050ab000,4096
2949946,small_user1,1,READ,0x100050ac000,16384
2950040,small_user0,0,READ,0x5045000,8192
2950162,small_user1,1,WRITE,0x100050b0000,16384
2950200,large_user0,2,WRITE,0x20008140000,131072
2950207,large_user1,3,WRITE,0x300080c0000,131072
2950223,small_user0,0,READ,0x5047000,8192
2950252,small_user1,1,WRITE,0x100050b4000,4096
2950265,small_user0,0,READ,0x5049000,16384
2950369,small_user0,0,READ,0x504d000,4096
2950380,small_user1,1,WRITE,0x100050b5000,16384
2950396,small_user0,0,READ,0x504e000,8192
2950586,small_user1,1,WRITE,0x100050b9000,4096
2950881,small_user0,0,READ,0x5050000,4096
2950980,small_user0,0,READ,0x5051000,16384
2951169,small_user1,1,READ,0x100050ba000,8192
2951232,small_user1,1,READ,0x100050bc000,4096
2951391,small_user1,1,READ,0x100050bd000,4096
2951468,small_user0,0,READ,0x5055000,8192
2951735,large_user1,3,READ,0x300080e0000,131072
2951977,large_user1,3,READ,0x30008100000,131072
2952354,small_user1,1,READ,0x100050be000,16384
2952398,small_user1,1,WRITE,0x100050c2000,4096
2952434,small_user0,0,WRITE,0x5057000,16384
2952438,small_user0,0,READ,0x505b000,4096
2952759,small_user0,0,READ,0x505c000,8192
2952916,small_user0,0,READ,0x505e000,4096
2952954,small_user0,0,READ,0x505f000,4096
2953051,small_user1,1,READ,0x100050c3000,8192
2953404,small_user0,0,READ,0x5060000,4096
2953455,small_user1,1,READ,0x100050c5000,16384
2953534,small_user0,0,READ,0x5061000,8192
2953584,small_user1,1,READ,0x100050c9000,4096
2953591,small_user0,0,WRITE,0x5063000,8192
2953618,small_user1,1,READ,0x100050ca000,8192
2953656,small_user0,0,READ,0x5065000,16384
2953660,small_user1,1,READ,0x100050cc000,8192
2953699,small_user1,1,READ,0x100050ce000,16384
2953872,large_user1,3,READ,0x30008120000,131072
2954276,small_user0,0,READ,0x5069000,4096
2954784,small_user0,0,READ,0x506a000,4096
2954979,small_user1,1,WRITE,0x100050d2000,16384
2955494,small_user1,1,READ,0x100050d6000,4096
2955585,small_user0,0,WRITE,0x506b000,16384
2955766,small_user0,0,READ,0x506f000,8192
2955772,large_user0,2,READ,0x20008160000,131072
2955853,small_user1,1,READ,0x100050d7000,4096
2955915,small_user0,0,READ,0x5071000,16384
2956080,small_user1,1,READ,0x100050d8000,4096
2956577,small_user1,1,READ,0x100050d9000,8192
2956607,small_user0,0,WRITE,0x5075000,16384
2956766,small_user1,1,WRITE,0x100050db000,8192
2956828,small_user0,0,READ,0x5079000,16384
2956989,small_user0,0,READ,0x507d000,8192
2957038,small_user0,0,WRITE,0x507f000,4096
2957482,large_user1,3,READ,0x30008140000,65536
2957537,small_user0,0,READ,0x5080000,8192
2957576,small_user1,1,WRITE,0x100050dd000,16384
2957722,small_user0,0,READ,0x5082000,4096
2957724,small_user1,1,WRITE,0x100050e1000,8192
2957832,small_user0,0,READ,0x5083000,8192
2957834,small_user1,1,READ,0x100050e3000,4096
2958292,small_user0,0,READ,0x5085000,4096
2958491,small_user1,1,READ,0x100050e4000,8192
2958558,small_user1,1,READ,0x100050e6000,4096
2958582,small_user1,1,WRITE,0x100050e7000,8192
2958931,small_user1,1,READ,0x100050e9000,8192
2959288,small_user1,1,READ,0x100050eb000,8192
2959370,small_user1,1,READ,0x100050ed000,8192
2959739,small_user1,1,READ,0x100050ef000,8192
2959832,large_user1,3,READ,0x30008150000,262144
2959955,small_user0,0,READ,0x5086000,16384
2960100,small_user0,0,WRITE,0x508a000,16384
2960136,small_user0,0,READ,0x508e000,8192
2960328,small_user0,0,READ,0x5090000,4096
2960384,small_user1,1,READ,0x100050f1000,8192
2960543,small_user1,1,READ,0x100050f3000,8192
2960699,small_user0,0,READ,0x5091000,16384
2960920,small_user0,0,READ,0x5095000,16384
2960998,small_user0,0,READ,0x5099000,4096
2961271,small_user0,0,WRITE,0x509a000,4096
2961453,small_user0,0,READ,0x509b000,16384
2961588,small_user0,0,READ,0x509f000,8192
2961708,small_user0,0,WRITE,0x50a1000,4096
2962041,small_user1,1,READ,0x100050f5000,8192
2962360,small_user0,0,READ,0x50a2000,16384
2962396,small_user1,1,READ,0x100050f7000,4096
2962553,small_user1,1,WRITE,0x100050f8000,16384
2962645,small_user0,0,WRITE,0x50a6000,8192
2962682,small_user0,0,READ,0x50a8000,16384
2962825,small_user0,0,READ,0x50ac000,8192
2962928,small_user1,1,WRITE,0x100050fc000,16384
2963074,small_user0,0,READ,0x50ae000,16384
2963085,small_user1,1,WRITE,0x10005100000,8192
2963135,small_user0,0,READ,0x50b2000,4096
2963273,small_user0,0,READ,0x50b3000,4096
2963385,large_user1,3,READ,0x30008190000,65536
2963431,small_user1,1,READ,0x10005102000,4096
2963548,small_user0,0,READ,0x50b4000,8192
2963553,small_user1,1,READ,0x10005103000,16384
2963758,large_user1,3,READ,0x300081a0000,131072
2963882,small_user1,1,READ,0x10005107000,4096
2964006,small_user1,1,WRITE,0x10005108000,8192
2964111,small_user0,0,READ,0x50b6000,16384
2964170,small_user1,1,WRITE,0x1000510a000,16384
2964294,small_user0,0,READ,0x50ba000,4096
2964388,small_user1,1,READ,0x1000510e000,8192
2964562,small_user1,1,READ,0x10005110000,4096
2964693,small_user1,1,WRITE,0x10005111000,8192
2964715,small_user0,0,READ,0x50bb000,16384
2964738,small_user0,0,READ,0x50bf000,8192
2964780,small_user0,0,READ,0x50c1000,8192
2964939,small_user1,1,READ,0x10005113000,4096
2964980,small_user1,1,READ,0x10005114000,8192
2965187,small_user0,0,READ,0x50c3000,4096
2965299,small_user0,0,READ,0x50c4000,8192
2965304,small_user1,1,READ,0x10005116000,8192
2965409,small_user0,0,READ,0x50c6000,8192
2966126,small_user0,0,READ,0x50c8000,16384
2966328,small_user1,1,WRITE,0x10005118000,4096
2966651,large_user0,2,WRITE,0x20008180000,131072
2967134,small_user0,0,WRITE,0x50cc000,8192
2967355,small_user1,1,READ,0x10005119000,8192
2967420,small_user1,1,WRITE,0x1000511b000,4096
2967546,small_user1,1,READ,0x1000511c000,16384
2967596,small_user1,1,WRITE,0x10005120000,8192
2967871,small_user1,1,READ,0x10005122000,16384
2967889,small_user1,1,READ,0x10005126000,4096
2968014,small_user1,1,READ,0x10005127000,4096
2968053,small_user0,0,WRITE,0x50ce000,8192
2968069,small_user0,0,READ,0x50d0000,16384
2968181,small_user1,1,READ,0x10005128000,16384
2968266,small_user0,0,READ,0x50d4000,8192
2968348,small_user0,0,READ,0x50d6000,16384
2968385,small_user1,1,READ,0x1000512c000,4096
2968470,large_user0,2,WRITE,0x200081a0000,131072
2968690,small_user1,1,WRITE,0x1000512d000,8192
2968854,small_user0,0,WRITE,0x50da000,4096
2968940,large_user1,3,READ,0x300081c0000,262144
2969184,small_user0,0,WRITE,0x50db000,16384
2969193,small_user1,1,READ,0x1000512f000,4096
2969307,small_user0,0,READ,0x50df000,8192
2969643,small_user1,1,WRITE,0x10005130000,16384
2969820,small_user0,0,READ,0x50e1000,4096
2969822,small_user0,0,READ,0x50e2000,4096
2969822,small_user1,1,READ,0x10005134000,8192
2969996,small_user1,1,WRITE,0x10005136000,8192
2970527,small_user1,1,READ,0x10005138000,8192
2970901,small_user0,0,READ,0x50e3000,16384
2971438,small_user0,0,READ,0x50e7000,16384
2971541,small_user0,0,WRITE,0x50eb000,8192
2971602,small_user0,0,READ,0x50ed000,8192
2971666,small_user1,1,WRITE,0x1000513a000,16384
2971807,large_user1,3,WRITE,0x30008200000,131072
2972137,small_user0,0,READ,0x50ef000,4096
2972452,large_user1,3,READ,0x30008220000,65536
2972825,small_user0,0,READ,0x50f0000,4096
2973749,small_user1,1,READ,0x1000513e000,8192
2973758,small_user1,1,READ,0x10005140000,16384
2973996,small_user0,0,READ,0x50f1000,4096
2974246,small_user1,1,READ,0x10005144000,8192
2974350,small_user0,0,READ,0x50f2000,8192
2974627,small_user1,1,READ,0x10005146000,4096
2974659,small_user0,0,WRITE,0x50f4000,4096
2974799,small_user1,1,READ,0x10005147000,4096
2975298,small_user1,1,READ,0x10005148000,16384
2975549,small_user0,0,READ,0x50f5000,16384
2975604,small_user1,1,READ,0x1000514c000,8192
2975693,small_user0,0,READ,0x50f9000,4096
2975718,small_user0,0,READ,0x50fa000,16384
2975779,small_user0,0,READ,0x50fe000,8192
2975833,small_user1,1,READ,0x1000514e000,16384
2975913,small_user0,0,READ,0x5100000,8192
2976228,small_user0,0,READ,0x5102000,8192
2976353,small_user0,0,READ,0x5104000,4096
2976429,small_user1,1,READ,0x10005152000,8192
2976570,small_user1,1,READ,0x10005154000,4096
2976626,small_user1,1,WRITE,0x10005155000,4096
2976637,small_user0,0,READ,0x5105000,16384
2977093,small_user1,1,READ,0x10005156000,4096
2977212,small_user0,0,READ,0x5109000,8192
2977555,small_user1,1,WRITE,0x10005157000,16384
2977563,small_user0,0,WRITE,0x510b000,4096
2977669,small_user1,1,READ,0x1000515b000,4096
2977677,small_user1,1,WRITE,0x1000515c000,4096
2977742,small_user0,0,READ,0x510c000,16384
2977956,small_user0,0,READ,0x5110000,4096
2978152,small_user1,1,READ,0x1000515d000,4096
2978372,small_user0,0,READ,0x5111000,8192
2978561,small_user1,1,WRITE,0x1000515e000,8192
2978627,small_user0,0,READ,0x5113000,8192
2979011,small_user1,1,READ,0x10005160000,16384
2979111,small_user0,0,WRITE,0x5115000,4096
2979302,small_user1,1,READ,0x10005164000,4096
2979534,small_user0,0,READ,0x5116000,8192
2979612,small_user1,1,READ,0x10005165000,16384
2979662,small_user1,1,READ,0x10005169000,16384
2979885,small_user0,0,READ,0x5118000,4096
2979919,small_user1,1,READ,0x1000516d000,16384
2979946,small_user1,1,WRITE,0x10005171000,4096
2980067,small_user0,0,WRITE,0x5119000,16384
2980079,small_user0,0,WRITE,0x511d000,4096
2980176,small_user0,0,READ,0x511e000,4096
2980238,small_user0,0,READ,0x511f000,4096
2980434,small_user1,1,READ,0x10005172000,8192
2980496,small_user0,0,READ,0x5120000,8192
2980628,small_user1,1,WRITE,0x10005174000,4096
2980747,small_user0,0,WRITE,0x5122000,4096
2981035,small_user0,0,READ,0x5123000,8192
2981041,small_user1,1,READ,0x10005175000,16384
2981098,small_user1,1,READ,0x10005179000,4096
2981286,small_user0,0,READ,0x5125000,4096
2981317,small_user1,1,READ,0x1000517a000,8192
2981347,small_user1,1,READ,0x1000517c000,4096
2981448,small_user0,0,READ,0x5126000,4096
2981589,small_user1,1,READ,0x1000517d000,16384
2981599,small_user0,0,WRITE,0x5127000,8192
2981613,small_user0,0,READ,0x5129000,16384
2981648,small_user0,0,WRITE,0x512d000,8192
2981671,small_user0,0,WRITE,0x512f000,16384
2981951,small_user1,1,READ,0x10005181000,16384
2982653,small_user1,1,READ,0x10005185000,16384
2982929,small_user1,1,READ,0x10005189000,8192
2982963,small_user1,1,READ,0x1000518b000,8192
2983087,small_user0,0,READ,0x5133000,16384
2983175,small_user0,0,READ,0x5137000,16384
2983275,small_user1,1,READ,0x1000518d000,4096
2983289,small_user1,1,READ,0x1000518e000,8192
2983306,large_user0,2,WRITE,0x200081c0000,65536
2983461,small_user0,0,READ,0x513b000,16384
2983494,small_user0,0,READ,0x513f000,8192
2983589,large_user0,2,READ,0x200081d0000,65536
2983710,small_user0,0,WRITE,0x5141000,16384
2983897,small_user0,0,READ,0x5145000,16384
2983961,small_user0,0,WRITE,0x5149000,8192
2985075,small_user1,1,READ,0x10005190000,8192
2985122,small_user1,1,WRITE,0x10005192000,16384
2985211,small_user1,1,WRITE,0x10005196000,8192
2985285,small_user1,1,READ,0x10005198000,4096
2985460,small_user0,0,WRITE,0x514b000,8192
2985632,small_user0,0,READ,0x514d000,4096
2985719,small_user1,1,READ,0x10005199000,8192
2985757,small_user0,0,READ,0x514e000,16384
2986159,small_user1,1,READ,0x1000519b000,4096
2986213,small_user0,0,READ,0x5152000,4096
2986329,small_user0,0,READ,0x5153000,8192
2986341,small_user1,1,READ,0x1000519c000,16384
2986396,small_user1,1,READ,0x100051a0000,8192
2986570,large_user1,3,WRITE,0x30008230000,262144
2986628,small_user1,1,READ,0x100051a2000,8192
2987090,small_user0,0,WRITE,0x5155000,8192
2987229,small_user1,1,READ,0x100051a4000,16384
2987321,small_user1,1,READ,0x100051a8000,8192
2987378,small_user1,1,WRITE,0x100051aa000,16384
2987518,small_user0,0,WRITE,0x5157000,4096
2987794,small_user0,0,READ,0x5158000,16384
2987818,small_user1,1,WRITE,0x100051ae000,16384
2987865,small_user1,1,WRITE,0x100051b2000,4096
2987931,small_user0,0,READ,0x515c000,4096
2987959,small_user1,1,READ,0x100051b3000,16384
2988376,small_user0,0,READ,0x515d000,16384
2988445,small_user1,1,READ,0x100051b7000,4096
2988685,small_user0,0,READ,0x5161000,16384
2988795,small_user1,1,READ,0x100051b8000,8192
2988942,small_user1,1,READ,0x100051ba000,8192
2989020,small_user0,0,READ,0x5165000,16384
2989225,small_user1,1,READ,0x100051bc000,16384
2989336,small_user0,0,READ,0x5169000,16384
2989471,small_user0,0,READ,0x516d000,4096
2989520,small_user0,0,READ,0x516e000,16384
2989559,small_user1,1,READ,0x100051c0000,16384
2989631,large_user0,2,READ,0x200081e0000,131072
2989729,small_user0,0,READ,0x5172000,8192
2990246,small_user1,1,WRITE,0x100051c4000,4096
2990358,small_user0,0,WRITE,0x5174000,4096
2990681,small_user1,1,READ,0x100051c5000,16384
2990822,small_user0,0,READ,0x5175000,4096
2990895,small_user1,1,READ,0x100051c9000,16384
2991330,small_user1,1,READ,0x100051cd000,16384
2991338,small_user1,1,WRITE,0x100051d1000,8192
2991348,small_user0,0,READ,0x5176000,8192
2991486,small_user1,1,READ,0x100051d3000,16384
2991835,small_user1,1,READ,0x100051d7000,4096
2992073,small_user1,1,WRITE,0x100051d8000,4096
2992110,small_user1,1,WRITE,0x100051d9000,16384
2992274,small_user0,0,READ,0x5178000,8192
2992284,small_user0,0,READ,0x517a000,4096
2992293,small_user0,0,READ,0x517b000,16384
2992293,small_user1,1,READ,0x100051dd000,16384
2992434,small_user1,1,READ,0x100051e1000,4096
2992531,small_user1,1,WRITE,0x100051e2000,8192
2992854,small_user0,0,WRITE,0x517f000,16384
2993035,small_user1,1,READ,0x100051e4000,8192
2993155,small_user1,1,READ,0x100051e6000,16384
2993524,small_user1,1,READ,0x100051ea000,16384
2993627,small_user0,0,READ,0x5183000,8192
2993792,small_user1,1,READ,0x100051ee000,4096
2994030,small_user0,0,WRITE,0x5185000,8192
2994105,small_user0,0,READ,0x5187000,16384
2994600,small_user1,1,READ,0x100051ef000,8192
2994702,large_user1,3,WRITE,0x30008270000,262144
2994802,small_user1,1,READ,0x100051f1000,16384
2994844,small_user0,0,READ,0x518b000,16384
2994862,small_user0,0,READ,0x518f000,4096
2995120,small_user0,0,READ,0x5190000,16384
2995214,small_user1,1,READ,0x100051f5000,8192
2995314,small_user0,0,WRITE,0x5194000,8192
2995398,small_user0,0,WRITE,0x5196000,8192
2995532,small_user1,1,READ,0x100051f7000,4096
2995679,small_user0,0,READ,0x5198000,8192
2995794,small_user0,0,READ,0x519a000,8192
2995856,large_user0,2,WRITE,0x20008200000,65536
2995975,small_user0,0,READ,0x519c000,16384
2996017,small_user1,1,READ,0x100051f8000,8192
2996065,small_user1,1,WRITE,0x100051fa000,4096
2996253,small_user1,1,READ,0x100051fb000,4096
2996319,large_user0,2,WRITE,0x20008210000,262144
2996331,small_user1,1,WRITE,0x100051fc000,16384
2996999,small_user1,1,READ,0x10005200000,16384
2997190,small_user0,0,READ,0x51a0000,16384
2997297,small_user1,1,READ,0x10005204000,16384
2997314,small_user0,0,WRITE,0x51a4000,16384
2997315,small_user0,0,WRITE,0x51a8000,4096
2997328,small_user1,1,READ,0x10005208000,16384
2997503,small_user1,1,READ,0x1000520c000,8192
2997754,small_user0,0,READ,0x51a9000,4096
2997768,small_user1,1,READ,0x1000520e000,4096
2997914,small_user0,0,READ,0x51aa000,16384
2997921,small_user0,0,READ,0x51ae000,16384
2998020,small_user0,0,WRITE,0x51b2000,16384
2998389,small_user1,1,WRITE,0x1000520f000,16384
2998475,small_user1,1,READ,0x10005213000,8192
2998506,small_user0,0,READ,0x51b6000,8192
2998535,small_user1,1,READ,0x10005215000,4096
2998791,small_user0,0,READ,0x51b8000,4096
2999219,small_user1,1,READ,0x10005216000,8192
2999238,large_user1,3,WRITE,0x300082b0000,131072
2999682,small_user1,1,WRITE,0x10005218000,4096
2999771,small_user0,0,WRITE,0x51b9000,8192
2999844,small_user0,0,READ,0x51bb000,16384
