timestamp,process_id,user_id,type,address,size
0,sized0,0,READ,0x0,4096
0,sized0,0,READ,0x1000,4096
0,sized0,0,READ,0x2000,4096
0,sized0,0,READ,0x3000,4096
0,sized0,0,READ,0x4000,4096
0,sized0,0,READ,0x5000,4096
0,sized0,0,READ,0x6000,4096
0,sized0,0,READ,0x7000,4096
0,sized0,0,READ,0x8000,4096
0,sized0,0,READ,0x9000,4096
0,sized0,0,READ,0xa000,4096
0,sized0,0,READ,0xb000,4096
0,sized0,0,READ,0xc000,4096
0,sized0,0,READ,0xd000,4096
0,sized0,0,READ,0xe000,4096
0,sized0,0,READ,0xf000,4096
0,sized0,0,READ,0x10000,4096
0,sized0,0,READ,0x11000,4096
0,sized0,0,READ,0x12000,4096
0,sized0,0,READ,0x13000,4096
0,sized0,0,READ,0x14000,4096
0,sized0,0,READ,0x15000,4096
0,sized0,0,READ,0x16000,4096
0,sized0,0,READ,0x17000,4096
0,sized0,0,READ,0x18000,4096
0,sized0,0,READ,0x19000,4096
0,sized0,0,READ,0x1a000,4096
0,sized0,0,READ,0x1b000,4096
0,sized0,0,READ,0x1c000,4096
0,sized0,0,READ,0x1d000,4096
0,sized0,0,READ,0x1e000,4096
0,sized0,0,READ,0x1f000,4096
0,sized0,0,READ,0x20000,4096
0,sized0,0,READ,0x21000,4096
0,sized0,0,READ,0x22000,4096
0,sized0,0,READ,0x23000,4096
0,sized0,0,READ,0x24000,4096
0,sized0,0,READ,0x25000,4096
0,sized0,0,READ,0x26000,4096
0,sized0,0,READ,0x27000,4096
0,sized0,0,READ,0x28000,4096
0,sized0,0,READ,0x29000,4096
0,sized0,0,READ,0x2a000,4096
0,sized0,0,READ,0x2b000,4096
0,sized0,0,READ,0x2c000,4096
0,sized0,0,READ,0x2d000,4096
0,sized0,0,READ,0x2e000,4096
0,sized0,0,READ,0x2f000,4096
0,sized0,0,READ,0x30000,4096
0,sized0,0,READ,0x31000,4096
0,sized0,0,READ,0x32000,4096
0,sized0,0,READ,0x33000,4096
0,sized0,0,READ,0x34000,4096
0,sized0,0,READ,0x35000,4096
0,sized0,0,READ,0x36000,4096
0,sized0,0,READ,0x37000,4096
0,sized0,0,READ,0x38000,4096
0,sized0,0,READ,0x39000,4096
0,sized0,0,READ,0x3a000,4096
0,sized0,0,READ,0x3b000,4096
0,sized0,0,READ,0x3c000,4096
0,sized0,0,READ,0x3d000,4096
0,sized0,0,READ,0x3e000,4096
0,sized0,0,READ,0x3f000,4096
0,sized0,0,READ,0x40000,4096
0,sized0,0,READ,0x41000,4096
0,sized0,0,READ,0x42000,4096
0,sized0,0,READ,0x43000,4096
0,sized0,0,READ,0x44000,4096
0,sized0,0,READ,0x45000,4096
0,sized0,0,READ,0x46000,4096
0,sized0,0,READ,0x47000,4096
0,sized0,0,READ,0x48000,4096
0,sized0,0,READ,0x49000,4096
0,sized0,0,READ,0x4a000,4096
0,sized0,0,READ,0x4b000,4096
0,sized0,0,READ,0x4c000,4096
0,sized0,0,READ,0x4d000,4096
0,sized0,0,READ,0x4e000,4096
0,sized0,0,READ,0x4f000,4096
0,sized0,0,READ,0x50000,4096
0,sized0,0,READ,0x51000,4096
0,sized0,0,READ,0x52000,4096
0,sized0,0,READ,0x53000,4096
0,sized0,0,READ,0x54000,4096
0,sized0,0,READ,0x55000,4096
0,sized0,0,READ,0x56000,4096
0,sized0,0,READ,0x57000,4096
0,sized0,0,READ,0x58000,4096
0,sized0,0,READ,0x59000,4096
0,sized0,0,READ,0x5a000,4096
0,sized0,0,READ,0x5b000,4096
0,sized0,0,READ,0x5c000,4096
0,sized0,0,READ,0x5d000,4096
0,sized0,0,READ,0x5e000,4096
0,sized0,0,READ,0x5f000,4096
0,sized0,0,READ,0x60000,4096
0,sized0,0,READ,0x61000,4096
0,sized0,0,READ,0x62000,4096
0,sized0,0,READ,0x63000,4096
0,sized0,0,READ,0x64000,4096
0,sized0,0,READ,0x65000,4096
0,sized0,0,READ,0x66000,4096
0,sized0,0,READ,0x67000,4096
0,sized0,0,READ,0x68000,4096
0,sized0,0,READ,0x69000,4096
0,sized0,0,READ,0x6a000,4096
0,sized0,0,READ,0x6b000,4096
0,sized0,0,READ,0x6c000,4096
0,sized0,0,READ,0x6d000,4096
0,sized0,0,READ,0x6e000,4096
0,sized0,0,READ,0x6f000,4096
0,sized0,0,READ,0x70000,4096
0,sized0,0,READ,0x71000,4096
0,sized0,0,READ,0x72000,4096
0,sized0,0,READ,0x73000,4096
0,sized0,0,READ,0x74000,4096
0,sized0,0,READ,0x75000,4096
0,sized0,0,READ,0x76000,4096
0,sized0,0,READ,0x77000,4096
0,sized0,0,READ,0x78000,4096
0,sized0,0,READ,0x79000,4096
0,sized0,0,READ,0x7a000,4096
0,sized0,0,READ,0x7b000,4096
0,sized0,0,READ,0x7c000,4096
0,sized0,0,READ,0x7d000,4096
0,sized0,0,READ,0x7e000,4096
0,sized0,0,READ,0x7f000,4096
0,sized0,0,READ,0x80000,4096
0,sized0,0,READ,0x81000,4096
0,sized0,0,READ,0x82000,4096
0,sized0,0,READ,0x83000,4096
0,sized0,0,READ,0x84000,4096
0,sized0,0,READ,0x85000,4096
0,sized0,0,READ,0x86000,4096
0,sized0,0,READ,0x87000,4096
0,sized0,0,READ,0x88000,4096
0,sized0,0,READ,0x89000,4096
0,sized0,0,READ,0x8a000,4096
0,sized0,0,READ,0x8b000,4096
0,sized0,0,READ,0x8c000,4096
0,sized0,0,READ,0x8d000,4096
0,sized0,0,READ,0x8e000,4096
0,sized0,0,READ,0x8f000,4096
0,sized0,0,READ,0x90000,4096
0,sized0,0,READ,0x91000,4096
0,sized0,0,READ,0x92000,4096
0,sized0,0,READ,0x93000,4096
0,sized0,0,READ,0x94000,4096
0,sized0,0,READ,0x95000,4096
0,sized0,0,READ,0x96000,4096
0,sized0,0,READ,0x97000,4096
0,sized0,0,READ,0x98000,4096
0,sized0,0,READ,0x99000,4096
0,sized0,0,READ,0x9a000,4096
0,sized0,0,READ,0x9b000,4096
0,sized0,0,READ,0x9c000,4096
0,sized0,0,READ,0x9d000,4096
0,sized0,0,READ,0x9e000,4096
0,sized0,0,READ,0x9f000,4096
0,sized0,0,READ,0xa0000,4096
0,sized0,0,READ,0xa1000,4096
0,sized0,0,READ,0xa2000,4096
0,sized0,0,READ,0xa3000,4096
0,sized0,0,READ,0xa4000,4096
0,sized0,0,READ,0xa5000,4096
0,sized0,0,READ,0xa6000,4096
0,sized0,0,READ,0xa7000,4096
0,sized0,0,READ,0xa8000,4096
0,sized0,0,READ,0xa9000,4096
0,sized0,0,READ,0xaa000,4096
0,sized0,0,READ,0xab000,4096
0,sized0,0,READ,0xac000,4096
0,sized0,0,READ,0xad000,4096
0,sized0,0,READ,0xae000,4096
0,sized0,0,READ,0xaf000,4096
0,sized0,0,READ,0xb0000,4096
0,sized0,0,READ,0xb1000,4096
0,sized0,0,READ,0xb2000,4096
0,sized0,0,READ,0xb3000,4096
0,sized0,0,READ,0xb4000,4096
0,sized0,0,READ,0xb5000,4096
0,sized0,0,READ,0xb6000,4096
0,sized0,0,READ,0xb7000,4096
0,sized0,0,READ,0xb8000,4096
0,sized0,0,READ,0xb9000,4096
0,sized0,0,READ,0xba000,4096
0,sized0,0,READ,0xbb000,4096
0,sized0,0,READ,0xbc000,4096
0,sized0,0,READ,0xbd000,4096
0,sized0,0,READ,0xbe000,4096
0,sized0,0,READ,0xbf000,4096
0,sized0,0,READ,0xc0000,4096
0,sized0,0,READ,0xc1000,4096
0,sized0,0,READ,0xc2000,4096
0,sized0,0,READ,0xc3000,4096
0,sized0,0,READ,0xc4000,4096
0,sized0,0,READ,0xc5000,4096
0,sized0,0,READ,0xc6000,4096
0,sized0,0,READ,0xc7000,4096
0,sized0,0,READ,0xc8000,4096
0,sized0,0,READ,0xc9000,4096
0,sized0,0,READ,0xca000,4096
0,sized0,0,READ,0xcb000,4096
0,sized0,0,READ,0xcc000,4096
0,sized0,0,READ,0xcd000,4096
0,sized0,0,READ,0xce000,4096
0,sized0,0,READ,0xcf000,4096
0,sized0,0,READ,0xd0000,4096
0,sized0,0,READ,0xd1000,4096
0,sized0,0,READ,0xd2000,4096
0,sized0,0,READ,0xd3000,4096
0,sized0,0,READ,0xd4000,4096
0,sized0,0,READ,0xd5000,4096
0,sized0,0,READ,0xd6000,4096
0,sized0,0,READ,0xd7000,4096
0,sized0,0,READ,0xd8000,4096
0,sized0,0,READ,0xd9000,4096
0,sized0,0,READ,0xda000,4096
0,sized0,0,READ,0xdb000,4096
0,sized0,0,READ,0xdc000,4096
0,sized0,0,READ,0xdd000,4096
0,sized0,0,READ,0xde000,4096
0,sized0,0,READ,0xdf000,4096
0,sized0,0,READ,0xe0000,4096
0,sized0,0,READ,0xe1000,4096
0,sized0,0,READ,0xe2000,4096
0,sized0,0,READ,0xe3000,4096
0,sized0,0,READ,0xe4000,4096
0,sized0,0,READ,0xe5000,4096
0,sized0,0,READ,0xe6000,4096
0,sized0,0,READ,0xe7000,4096
0,sized0,0,READ,0xe8000,4096
0,sized0,0,READ,0xe9000,4096
0,sized0,0,READ,0xea000,4096
0,sized0,0,READ,0xeb000,4096
0,sized0,0,READ,0xec000,4096
0,sized0,0,READ,0xed000,4096
0,sized0,0,READ,0xee000,4096
0,sized0,0,READ,0xef000,4096
0,sized0,0,READ,0xf0000,4096
0,sized0,0,READ,0xf1000,4096
0,sized0,0,READ,0xf2000,4096
0,sized0,0,READ,0xf3000,4096
0,sized0,0,READ,0xf4000,4096
0,sized0,0,READ,0xf5000,4096
0,sized0,0,READ,0xf6000,4096
0,sized0,0,READ,0xf7000,4096
0,sized0,0,READ,0xf8000,4096
0,sized0,0,READ,0xf9000,4096
0,sized0,0,READ,0xfa000,4096
0,sized0,0,READ,0xfb000,4096
0,sized0,0,READ,0xfc000,4096
0,sized0,0,READ,0xfd000,4096
0,sized0,0,READ,0xfe000,4096
0,sized0,0,READ,0xff000,4096
0,sized0,0,READ,0x100000,4096
0,sized0,0,READ,0x101000,4096
0,sized0,0,READ,0x102000,4096
0,sized0,0,READ,0x103000,4096
0,sized0,0,READ,0x104000,4096
0,sized0,0,READ,0x105000,4096
0,sized0,0,READ,0x106000,4096
0,sized0,0,READ,0x107000,4096
0,sized0,0,READ,0x108000,4096
0,sized0,0,READ,0x109000,4096
0,sized0,0,READ,0x10a000,4096
0,sized0,0,READ,0x10b000,4096
0,sized0,0,READ,0x10c000,4096
0,sized0,0,READ,0x10d000,4096
0,sized0,0,READ,0x10e000,4096
0,sized0,0,READ,0x10f000,4096
0,sized0,0,READ,0x110000,4096
0,sized0,0,READ,0x111000,4096
0,sized0,0,READ,0x112000,4096
0,sized0,0,READ,0x113000,4096
0,sized0,0,READ,0x114000,4096
0,sized0,0,READ,0x115000,4096
0,sized0,0,READ,0x116000,4096
0,sized0,0,READ,0x117000,4096
0,sized0,0,READ,0x118000,4096
0,sized0,0,READ,0x119000,4096
0,sized0,0,READ,0x11a000,4096
0,sized0,0,READ,0x11b000,4096
0,sized0,0,READ,0x11c000,4096
0,sized0,0,READ,0x11d000,4096
0,sized0,0,READ,0x11e000,4096
0,sized0,0,READ,0x11f000,4096
0,sized0,0,READ,0x120000,4096
0,sized0,0,READ,0x121000,4096
0,sized0,0,READ,0x122000,4096
0,sized0,0,READ,0x123000,4096
0,sized0,0,READ,0x124000,4096
0,sized0,0,READ,0x125000,4096
0,sized0,0,READ,0x126000,4096
0,sized0,0,READ,0x127000,4096
0,sized0,0,READ,0x128000,4096
0,sized0,0,READ,0x129000,4096
0,sized0,0,READ,0x12a000,4096
0,sized0,0,READ,0x12b000,4096
0,sized0,0,READ,0x12c000,4096
0,sized0,0,READ,0x12d000,4096
0,sized0,0,READ,0x12e000,4096
0,sized0,0,READ,0x12f000,4096
0,sized0,0,READ,0x130000,4096
0,sized0,0,READ,0x131000,4096
0,sized0,0,READ,0x132000,4096
0,sized0,0,READ,0x133000,4096
0,sized0,0,READ,0x134000,4096
0,sized0,0,READ,0x135000,4096
0,sized0,0,READ,0x136000,4096
0,sized0,0,READ,0x137000,4096
0,sized0,0,READ,0x138000,4096
0,sized0,0,READ,0x139000,4096
0,sized0,0,READ,0x13a000,4096
0,sized0,0,READ,0x13b000,4096
0,sized0,0,READ,0x13c000,4096
0,sized0,0,READ,0x13d000,4096
0,sized0,0,READ,0x13e000,4096
0,sized0,0,READ,0x13f000,4096
0,sized0,0,READ,0x140000,4096
0,sized0,0,READ,0x141000,4096
0,sized0,0,READ,0x142000,4096
0,sized0,0,READ,0x143000,4096
0,sized0,0,READ,0x144000,4096
0,sized0,0,READ,0x145000,4096
0,sized0,0,READ,0x146000,4096
0,sized0,0,READ,0x147000,4096
0,sized0,0,READ,0x148000,4096
0,sized0,0,READ,0x149000,4096
0,sized0,0,READ,0x14a000,4096
0,sized0,0,READ,0x14b000,4096
0,sized0,0,READ,0x14c000,4096
0,sized0,0,READ,0x14d000,4096
0,sized0,0,READ,0x14e000,4096
0,sized0,0,READ,0x14f000,4096
0,sized0,0,READ,0x150000,4096
0,sized0,0,READ,0x151000,4096
0,sized0,0,READ,0x152000,4096
0,sized0,0,READ,0x153000,4096
0,sized0,0,READ,0x154000,4096
0,sized0,0,READ,0x155000,4096
0,sized0,0,READ,0x156000,4096
0,sized0,0,READ,0x157000,4096
0,sized0,0,READ,0x158000,4096
0,sized0,0,READ,0x159000,4096
0,sized0,0,READ,0x15a000,4096
0,sized0,0,READ,0x15b000,4096
0,sized0,0,READ,0x15c000,4096
0,sized0,0,READ,0x15d000,4096
0,sized0,0,READ,0x15e000,4096
0,sized0,0,READ,0x15f000,4096
0,sized0,0,READ,0x160000,4096
0,sized0,0,READ,0x161000,4096
0,sized0,0,READ,0x162000,4096
0,sized0,0,READ,0x163000,4096
0,sized0,0,READ,0x164000,4096
0,sized0,0,READ,0x165000,4096
0,sized0,0,READ,0x166000,4096
0,sized0,0,READ,0x167000,4096
0,sized0,0,READ,0x168000,4096
0,sized0,0,READ,0x169000,4096
0,sized0,0,READ,0x16a000,4096
0,sized0,0,READ,0x16b000,4096
0,sized0,0,READ,0x16c000,4096
0,sized0,0,READ,0x16d000,4096
0,sized0,0,READ,0x16e000,4096
0,sized0,0,READ,0x16f000,4096
0,sized0,0,READ,0x170000,4096
0,sized0,0,READ,0x171000,4096
0,sized0,0,READ,0x172000,4096
0,sized0,0,READ,0x173000,4096
0,sized0,0,READ,0x174000,4096
0,sized0,0,READ,0x175000,4096
0,sized0,0,READ,0x176000,4096
0,sized0,0,READ,0x177000,4096
0,sized0,0,READ,0x178000,4096
0,sized0,0,READ,0x179000,4096
0,sized0,0,READ,0x17a000,4096
0,sized0,0,READ,0x17b000,4096
0,sized0,0,READ,0x17c000,4096
0,sized0,0,READ,0x17d000,4096
0,sized0,0,READ,0x17e000,4096
0,sized0,0,READ,0x17f000,4096
0,sized0,0,READ,0x180000,4096
0,sized0,0,READ,0x181000,4096
0,sized0,0,READ,0x182000,4096
0,sized0,0,READ,0x183000,4096
0,sized0,0,READ,0x184000,4096
0,sized0,0,READ,0x185000,4096
0,sized0,0,READ,0x186000,4096
0,sized0,0,READ,0x187000,4096
0,sized0,0,READ,0x188000,4096
0,sized0,0,READ,0x189000,4096
0,sized0,0,READ,0x18a000,4096
0,sized0,0,READ,0x18b000,4096
0,sized0,0,READ,0x18c000,4096
0,sized0,0,READ,0x18d000,4096
0,sized0,0,READ,0x18e000,4096
0,sized0,0,READ,0x18f000,4096
0,sized0,0,READ,0x190000,4096
0,sized0,0,READ,0x191000,4096
0,sized0,0,READ,0x192000,4096
0,sized0,0,READ,0x193000,4096
0,sized0,0,READ,0x194000,4096
0,sized0,0,READ,0x195000,4096
0,sized0,0,READ,0x196000,4096
0,sized0,0,READ,0x197000,4096
0,sized0,0,READ,0x198000,4096
0,sized0,0,READ,0x199000,4096
0,sized0,0,READ,0x19a000,4096
0,sized0,0,READ,0x19b000,4096
0,sized0,0,READ,0x19c000,4096
0,sized0,0,READ,0x19d000,4096
0,sized0,0,READ,0x19e000,4096
0,sized0,0,READ,0x19f000,4096
0,sized0,0,READ,0x1a0000,4096
0,sized0,0,READ,0x1a1000,4096
0,sized0,0,READ,0x1a2000,4096
0,sized0,0,READ,0x1a3000,4096
0,sized0,0,READ,0x1a4000,4096
0,sized0,0,READ,0x1a5000,4096
0,sized0,0,READ,0x1a6000,4096
0,sized0,0,READ,0x1a7000,4096
0,sized0,0,READ,0x1a8000,4096
0,sized0,0,READ,0x1a9000,4096
0,sized0,0,READ,0x1aa000,4096
0,sized0,0,READ,0x1ab000,4096
0,sized0,0,READ,0x1ac000,4096
0,sized0,0,READ,0x1ad000,4096
0,sized0,0,READ,0x1ae000,4096
0,sized0,0,READ,0x1af000,4096
0,sized0,0,READ,0x1b0000,4096
0,sized0,0,READ,0x1b1000,4096
0,sized0,0,READ,0x1b2000,4096
0,sized0,0,READ,0x1b3000,4096
0,sized0,0,READ,0x1b4000,4096
0,sized0,0,READ,0x1b5000,4096
0,sized0,0,READ,0x1b6000,4096
0,sized0,0,READ,0x1b7000,4096
0,sized0,0,READ,0x1b8000,4096
0,sized0,0,READ,0x1b9000,4096
0,sized0,0,READ,0x1ba000,4096
0,sized0,0,READ,0x1bb000,4096
0,sized0,0,READ,0x1bc000,4096
0,sized0,0,READ,0x1bd000,4096
0,sized0,0,READ,0x1be000,4096
0,sized0,0,READ,0x1bf000,4096
0,sized0,0,READ,0x1c0000,4096
0,sized0,0,READ,0x1c1000,4096
0,sized0,0,READ,0x1c2000,4096
0,sized0,0,READ,0x1c3000,4096
0,sized0,0,READ,0x1c4000,4096
0,sized0,0,READ,0x1c5000,4096
0,sized0,0,READ,0x1c6000,4096
0,sized0,0,READ,0x1c7000,4096
0,sized0,0,READ,0x1c8000,4096
0,sized0,0,READ,0x1c9000,4096
0,sized0,0,READ,0x1ca000,4096
0,sized0,0,READ,0x1cb000,4096
0,sized0,0,READ,0x1cc000,4096
0,sized0,0,READ,0x1cd000,4096
0,sized0,0,READ,0x1ce000,4096
0,sized0,0,READ,0x1cf000,4096
0,sized0,0,READ,0x1d0000,4096
0,sized0,0,READ,0x1d1000,4096
0,sized0,0,READ,0x1d2000,4096
0,sized0,0,READ,0x1d3000,4096
0,sized0,0,READ,0x1d4000,4096
0,sized0,0,READ,0x1d5000,4096
0,sized0,0,READ,0x1d6000,4096
0,sized0,0,READ,0x1d7000,4096
0,sized0,0,READ,0x1d8000,4096
0,sized0,0,READ,0x1d9000,4096
0,sized0,0,READ,0x1da000,4096
0,sized0,0,READ,0x1db000,4096
0,sized0,0,READ,0x1dc000,4096
0,sized0,0,READ,0x1dd000,4096
0,sized0,0,READ,0x1de000,4096
0,sized0,0,READ,0x1df000,4096
0,sized0,0,READ,0x1e0000,4096
0,sized0,0,READ,0x1e1000,4096
0,sized0,0,READ,0x1e2000,4096
0,sized0,0,READ,0x1e3000,4096
0,sized0,0,READ,0x1e4000,4096
0,sized0,0,READ,0x1e5000,4096
0,sized0,0,READ,0x1e6000,4096
0,sized0,0,READ,0x1e7000,4096
0,sized0,0,READ,0x1e8000,4096
0,sized0,0,READ,0x1e9000,4096
0,sized0,0,READ,0x1ea000,4096
0,sized0,0,READ,0x1eb000,4096
0,sized0,0,READ,0x1ec000,4096
0,sized0,0,READ,0x1ed000,4096
0,sized0,0,READ,0x1ee000,4096
0,sized0,0,READ,0x1ef000,4096
0,sized0,0,READ,0x1f0000,4096
0,sized0,0,READ,0x1f1000,4096
0,sized0,0,READ,0x1f2000,4096
0,sized0,0,READ,0x1f3000,4096
0,sized0,0,READ,0x1f4000,4096
0,sized0,0,READ,0x1f5000,4096
0,sized0,0,READ,0x1f6000,4096
0,sized0,0,READ,0x1f7000,4096
0,sized0,0,READ,0x1f8000,4096
0,sized0,0,READ,0x1f9000,4096
0,sized0,0,READ,0x1fa000,4096
0,sized0,0,READ,0x1fb000,4096
0,sized0,0,READ,0x1fc000,4096
0,sized0,0,READ,0x1fd000,4096
0,sized0,0,READ,0x1fe000,4096
0,sized0,0,READ,0x1ff000,4096
0,sized0,0,READ,0x200000,4096
0,sized0,0,READ,0x201000,4096
0,sized0,0,READ,0x202000,4096
0,sized0,0,READ,0x203000,4096
0,sized0,0,READ,0x204000,4096
0,sized0,0,READ,0x205000,4096
0,sized0,0,READ,0x206000,4096
0,sized0,0,READ,0x207000,4096
0,sized0,0,READ,0x208000,4096
0,sized0,0,READ,0x209000,4096
0,sized0,0,READ,0x20a000,4096
0,sized0,0,READ,0x20b000,4096
0,sized0,0,READ,0x20c000,4096
0,sized0,0,READ,0x20d000,4096
0,sized0,0,READ,0x20e000,4096
0,sized0,0,READ,0x20f000,4096
0,sized0,0,READ,0x210000,4096
0,sized0,0,READ,0x211000,4096
0,sized0,0,READ,0x212000,4096
0,sized0,0,READ,0x213000,4096
0,sized0,0,READ,0x214000,4096
0,sized0,0,READ,0x215000,4096
0,sized0,0,READ,0x216000,4096
0,sized0,0,READ,0x217000,4096
0,sized0,0,READ,0x218000,4096
0,sized0,0,READ,0x219000,4096
0,sized0,0,READ,0x21a000,4096
0,sized0,0,READ,0x21b000,4096
0,sized0,0,READ,0x21c000,4096
0,sized0,0,READ,0x21d000,4096
0,sized0,0,READ,0x21e000,4096
0,sized0,0,READ,0x21f000,4096
0,sized0,0,READ,0x220000,4096
0,sized0,0,READ,0x221000,4096
0,sized0,0,READ,0x222000,4096
0,sized0,0,READ,0x223000,4096
0,sized0,0,READ,0x224000,4096
0,sized0,0,READ,0x225000,4096
0,sized0,0,READ,0x226000,4096
0,sized0,0,READ,0x227000,4096
0,sized0,0,READ,0x228000,4096
0,sized0,0,READ,0x229000,4096
0,sized0,0,READ,0x22a000,4096
0,sized0,0,READ,0x22b000,4096
0,sized0,0,READ,0x22c000,4096
0,sized0,0,READ,0x22d000,4096
0,sized0,0,READ,0x22e000,4096
0,sized0,0,READ,0x22f000,4096
0,sized0,0,READ,0x230000,4096
0,sized0,0,READ,0x231000,4096
0,sized0,0,READ,0x232000,4096
0,sized0,0,READ,0x233000,4096
0,sized0,0,READ,0x234000,4096
0,sized0,0,READ,0x235000,4096
0,sized0,0,READ,0x236000,4096
0,sized0,0,READ,0x237000,4096
0,sized0,0,READ,0x238000,4096
0,sized0,0,READ,0x239000,4096
0,sized0,0,READ,0x23a000,4096
0,sized0,0,READ,0x23b000,4096
0,sized0,0,READ,0x23c000,4096
0,sized0,0,READ,0x23d000,4096
0,sized0,0,READ,0x23e000,4096
0,sized0,0,READ,0x23f000,4096
0,sized0,0,READ,0x240000,4096
0,sized0,0,READ,0x241000,4096
0,sized0,0,READ,0x242000,4096
0,sized0,0,READ,0x243000,4096
0,sized0,0,READ,0x244000,4096
0,sized0,0,READ,0x245000,4096
0,sized0,0,READ,0x246000,4096
0,sized0,0,READ,0x247000,4096
0,sized0,0,READ,0x248000,4096
0,sized0,0,READ,0x249000,4096
0,sized0,0,READ,0x24a000,4096
0,sized0,0,READ,0x24b000,4096
0,sized0,0,READ,0x24c000,4096
0,sized0,0,READ,0x24d000,4096
0,sized0,0,READ,0x24e000,4096
0,sized0,0,READ,0x24f000,4096
0,sized0,0,READ,0x250000,4096
0,sized0,0,READ,0x251000,4096
0,sized0,0,READ,0x252000,4096
0,sized0,0,READ,0x253000,4096
0,sized0,0,READ,0x254000,4096
0,sized0,0,READ,0x255000,4096
0,sized0,0,READ,0x256000,4096
0,sized0,0,READ,0x257000,4096
0,sized0,0,READ,0x258000,4096
0,sized0,0,READ,0x259000,4096
0,sized0,0,READ,0x25a000,4096
0,sized0,0,READ,0x25b000,4096
0,sized0,0,READ,0x25c000,4096
0,sized0,0,READ,0x25d000,4096
0,sized0,0,READ,0x25e000,4096
0,sized0,0,READ,0x25f000,4096
0,sized0,0,READ,0x260000,4096
0,sized0,0,READ,0x261000,4096
0,sized0,0,READ,0x262000,4096
0,sized0,0,READ,0x263000,4096
0,sized0,0,READ,0x264000,4096
0,sized0,0,READ,0x265000,4096
0,sized0,0,READ,0x266000,4096
0,sized0,0,READ,0x267000,4096
0,sized0,0,READ,0x268000,4096
0,sized0,0,READ,0x269000,4096
0,sized0,0,READ,0x26a000,4096
0,sized0,0,READ,0x26b000,4096
0,sized0,0,READ,0x26c000,4096
0,sized0,0,READ,0x26d000,4096
0,sized0,0,READ,0x26e000,4096
0,sized0,0,READ,0x26f000,4096
0,sized0,0,READ,0x270000,4096
0,sized0,0,READ,0x271000,4096
0,sized0,0,READ,0x272000,4096
0,sized0,0,READ,0x273000,4096
0,sized0,0,READ,0x274000,4096
0,sized0,0,READ,0x275000,4096
0,sized0,0,READ,0x276000,4096
0,sized0,0,READ,0x277000,4096
0,sized0,0,READ,0x278000,4096
0,sized0,0,READ,0x279000,4096
0,sized0,0,READ,0x27a000,4096
0,sized0,0,READ,0x27b000,4096
0,sized0,0,READ,0x27c000,4096
0,sized0,0,READ,0x27d000,4096
0,sized0,0,READ,0x27e000,4096
0,sized0,0,READ,0x27f000,4096
0,sized0,0,READ,0x280000,4096
0,sized0,0,READ,0x281000,4096
0,sized0,0,READ,0x282000,4096
0,sized0,0,READ,0x283000,4096
0,sized0,0,READ,0x284000,4096
0,sized0,0,READ,0x285000,4096
0,sized0,0,READ,0x286000,4096
0,sized0,0,READ,0x287000,4096
0,sized0,0,READ,0x288000,4096
0,sized0,0,READ,0x289000,4096
0,sized0,0,READ,0x28a000,4096
0,sized0,0,READ,0x28b000,4096
0,sized0,0,READ,0x28c000,4096
0,sized0,0,READ,0x28d000,4096
0,sized0,0,READ,0x28e000,4096
0,sized0,0,READ,0x28f000,4096
0,sized0,0,READ,0x290000,4096
0,sized0,0,READ,0x291000,4096
0,sized0,0,READ,0x292000,4096
0,sized0,0,READ,0x293000,4096
0,sized0,0,READ,0x294000,4096
0,sized0,0,READ,0x295000,4096
0,sized0,0,READ,0x296000,4096
0,sized0,0,READ,0x297000,4096
0,sized0,0,READ,0x298000,4096
0,sized0,0,READ,0x299000,4096
0,sized0,0,READ,0x29a000,4096
0,sized0,0,READ,0x29b000,4096
0,sized0,0,READ,0x29c000,4096
0,sized0,0,READ,0x29d000,4096
0,sized0,0,READ,0x29e000,4096
0,sized0,0,READ,0x29f000,4096
0,sized0,0,READ,0x2a0000,4096
0,sized0,0,READ,0x2a1000,4096
0,sized0,0,READ,0x2a2000,4096
0,sized0,0,READ,0x2a3000,4096
0,sized0,0,READ,0x2a4000,4096
0,sized0,0,READ,0x2a5000,4096
0,sized0,0,READ,0x2a6000,4096
0,sized0,0,READ,0x2a7000,4096
0,sized0,0,READ,0x2a8000,4096
0,sized0,0,READ,0x2a9000,4096
0,sized0,0,READ,0x2aa000,4096
0,sized0,0,READ,0x2ab000,4096
0,sized0,0,READ,0x2ac000,4096
0,sized0,0,READ,0x2ad000,4096
0,sized0,0,READ,0x2ae000,4096
0,sized0,0,READ,0x2af000,4096
0,sized0,0,READ,0x2b0000,4096
0,sized0,0,READ,0x2b1000,4096
0,sized0,0,READ,0x2b2000,4096
0,sized0,0,READ,0x2b3000,4096
0,sized0,0,READ,0x2b4000,4096
0,sized0,0,READ,0x2b5000,4096
0,sized0,0,READ,0x2b6000,4096
0,sized0,0,READ,0x2b7000,4096
0,sized0,0,READ,0x2b8000,4096
0,sized0,0,READ,0x2b9000,4096
0,sized0,0,READ,0x2ba000,4096
0,sized0,0,READ,0x2bb000,4096
0,sized0,0,READ,0x2bc000,4096
0,sized0,0,READ,0x2bd000,4096
0,sized0,0,READ,0x2be000,4096
0,sized0,0,READ,0x2bf000,4096
0,sized0,0,READ,0x2c0000,4096
0,sized0,0,READ,0x2c1000,4096
0,sized0,0,READ,0x2c2000,4096
0,sized0,0,READ,0x2c3000,4096
0,sized0,0,READ,0x2c4000,4096
0,sized0,0,READ,0x2c5000,4096
0,sized0,0,READ,0x2c6000,4096
0,sized0,0,READ,0x2c7000,4096
0,sized0,0,READ,0x2c8000,4096
0,sized0,0,READ,0x2c9000,4096
0,sized0,0,READ,0x2ca000,4096
0,sized0,0,READ,0x2cb000,4096
0,sized0,0,READ,0x2cc000,4096
0,sized0,0,READ,0x2cd000,4096
0,sized0,0,READ,0x2ce000,4096
0,sized0,0,READ,0x2cf000,4096
0,sized0,0,READ,0x2d0000,4096
0,sized0,0,READ,0x2d1000,4096
0,sized0,0,READ,0x2d2000,4096
0,sized0,0,READ,0x2d3000,4096
0,sized0,0,READ,0x2d4000,4096
0,sized0,0,READ,0x2d5000,4096
0,sized0,0,READ,0x2d6000,4096
0,sized0,0,READ,0x2d7000,4096
0,sized0,0,READ,0x2d8000,4096
0,sized0,0,READ,0x2d9000,4096
0,sized0,0,READ,0x2da000,4096
0,sized0,0,READ,0x2db000,4096
0,sized0,0,READ,0x2dc000,4096
0,sized0,0,READ,0x2dd000,4096
0,sized0,0,READ,0x2de000,4096
0,sized0,0,READ,0x2df000,4096
0,sized0,0,READ,0x2e0000,4096
0,sized0,0,READ,0x2e1000,4096
0,sized0,0,READ,0x2e2000,4096
0,sized0,0,READ,0x2e3000,4096
0,sized0,0,READ,0x2e4000,4096
0,sized0,0,READ,0x2e5000,4096
0,sized0,0,READ,0x2e6000,4096
0,sized0,0,READ,0x2e7000,4096
0,sized0,0,READ,0x2e8000,4096
0,sized0,0,READ,0x2e9000,4096
0,sized0,0,READ,0x2ea000,4096
0,sized0,0,READ,0x2eb000,4096
0,sized0,0,READ,0x2ec000,4096
0,sized0,0,READ,0x2ed000,4096
0,sized0,0,READ,0x2ee000,4096
0,sized0,0,READ,0x2ef000,4096
0,sized0,0,READ,0x2f0000,4096
0,sized0,0,READ,0x2f1000,4096
0,sized0,0,READ,0x2f2000,4096
0,sized0,0,READ,0x2f3000,4096
0,sized0,0,READ,0x2f4000,4096
0,sized0,0,READ,0x2f5000,4096
0,sized0,0,READ,0x2f6000,4096
0,sized0,0,READ,0x2f7000,4096
0,sized0,0,READ,0x2f8000,4096
0,sized0,0,READ,0x2f9000,4096
0,sized0,0,READ,0x2fa000,4096
0,sized0,0,READ,0x2fb000,4096
0,sized0,0,READ,0x2fc000,4096
0,sized0,0,READ,0x2fd000,4096
0,sized0,0,READ,0x2fe000,4096
0,sized0,0,READ,0x2ff000,4096
0,sized0,0,READ,0x300000,4096
0,sized0,0,READ,0x301000,4096
0,sized0,0,READ,0x302000,4096
0,sized0,0,READ,0x303000,4096
0,sized0,0,READ,0x304000,4096
0,sized0,0,READ,0x305000,4096
0,sized0,0,READ,0x306000,4096
0,sized0,0,READ,0x307000,4096
0,sized0,0,READ,0x308000,4096
0,sized0,0,READ,0x309000,4096
0,sized0,0,READ,0x30a000,4096
0,sized0,0,READ,0x30b000,4096
0,sized0,0,READ,0x30c000,4096
0,sized0,0,READ,0x30d000,4096
0,sized0,0,READ,0x30e000,4096
0,sized0,0,READ,0x30f000,4096
0,sized0,0,READ,0x310000,4096
0,sized0,0,READ,0x311000,4096
0,sized0,0,READ,0x312000,4096
0,sized0,0,READ,0x313000,4096
0,sized0,0,READ,0x314000,4096
0,sized0,0,READ,0x315000,4096
0,sized0,0,READ,0x316000,4096
0,sized0,0,READ,0x317000,4096
0,sized0,0,READ,0x318000,4096
0,sized0,0,READ,0x319000,4096
0,sized0,0,READ,0x31a000,4096
0,sized0,0,READ,0x31b000,4096
0,sized0,0,READ,0x31c000,4096
0,sized0,0,READ,0x31d000,4096
0,sized0,0,READ,0x31e000,4096
0,sized0,0,READ,0x31f000,4096
0,sized0,0,READ,0x320000,4096
0,sized0,0,READ,0x321000,4096
0,sized0,0,READ,0x322000,4096
0,sized0,0,READ,0x323000,4096
0,sized0,0,READ,0x324000,4096
0,sized0,0,READ,0x325000,4096
0,sized0,0,READ,0x326000,4096
0,sized0,0,READ,0x327000,4096
0,sized0,0,READ,0x328000,4096
0,sized0,0,READ,0x329000,4096
0,sized0,0,READ,0x32a000,4096
0,sized0,0,READ,0x32b000,4096
0,sized0,0,READ,0x32c000,4096
0,sized0,0,READ,0x32d000,4096
0,sized0,0,READ,0x32e000,4096
0,sized0,0,READ,0x32f000,4096
0,sized0,0,READ,0x330000,4096
0,sized0,0,READ,0x331000,4096
0,sized0,0,READ,0x332000,4096
0,sized0,0,READ,0x333000,4096
0,sized0,0,READ,0x334000,4096
0,sized0,0,READ,0x335000,4096
0,sized0,0,READ,0x336000,4096
0,sized0,0,READ,0x337000,4096
0,sized0,0,READ,0x338000,4096
0,sized0,0,READ,0x339000,4096
0,sized0,0,READ,0x33a000,4096
0,sized0,0,READ,0x33b000,4096
0,sized0,0,READ,0x33c000,4096
0,sized0,0,READ,0x33d000,4096
0,sized0,0,READ,0x33e000,4096
0,sized0,0,READ,0x33f000,4096
0,sized0,0,READ,0x340000,4096
0,sized0,0,READ,0x341000,4096
0,sized0,0,READ,0x342000,4096
0,sized0,0,READ,0x343000,4096
0,sized0,0,READ,0x344000,4096
0,sized0,0,READ,0x345000,4096
0,sized0,0,READ,0x346000,4096
0,sized0,0,READ,0x347000,4096
0,sized0,0,READ,0x348000,4096
0,sized0,0,READ,0x349000,4096
0,sized0,0,READ,0x34a000,4096
0,sized0,0,READ,0x34b000,4096
0,sized0,0,READ,0x34c000,4096
0,sized0,0,READ,0x34d000,4096
0,sized0,0,READ,0x34e000,4096
0,sized0,0,READ,0x34f000,4096
0,sized0,0,READ,0x350000,4096
0,sized0,0,READ,0x351000,4096
0,sized0,0,READ,0x352000,4096
0,sized0,0,READ,0x353000,4096
0,sized0,0,READ,0x354000,4096
0,sized0,0,READ,0x355000,4096
0,sized0,0,READ,0x356000,4096
0,sized0,0,READ,0x357000,4096
0,sized0,0,READ,0x358000,4096
0,sized0,0,READ,0x359000,4096
0,sized0,0,READ,0x35a000,4096
0,sized0,0,READ,0x35b000,4096
0,sized0,0,READ,0x35c000,4096
0,sized0,0,READ,0x35d000,4096
0,sized0,0,READ,0x35e000,4096
0,sized0,0,READ,0x35f000,4096
0,sized0,0,READ,0x360000,4096
0,sized0,0,READ,0x361000,4096
0,sized0,0,READ,0x362000,4096
0,sized0,0,READ,0x363000,4096
0,sized0,0,READ,0x364000,4096
0,sized0,0,READ,0x365000,4096
0,sized0,0,READ,0x366000,4096
0,sized0,0,READ,0x367000,4096
0,sized0,0,READ,0x368000,4096
0,sized0,0,READ,0x369000,4096
0,sized0,0,READ,0x36a000,4096
0,sized0,0,READ,0x36b000,4096
0,sized0,0,READ,0x36c000,4096
0,sized0,0,READ,0x36d000,4096
0,sized0,0,READ,0x36e000,4096
0,sized0,0,READ,0x36f000,4096
0,sized0,0,READ,0x370000,4096
0,sized0,0,READ,0x371000,4096
0,sized0,0,READ,0x372000,4096
0,sized0,0,READ,0x373000,4096
0,sized0,0,READ,0x374000,4096
0,sized0,0,READ,0x375000,4096
0,sized0,0,READ,0x376000,4096
0,sized0,0,READ,0x377000,4096
0,sized0,0,READ,0x378000,4096
0,sized0,0,READ,0x379000,4096
0,sized0,0,READ,0x37a000,4096
0,sized0,0,READ,0x37b000,4096
0,sized0,0,READ,0x37c000,4096
0,sized0,0,READ,0x37d000,4096
0,sized0,0,READ,0x37e000,4096
0,sized0,0,READ,0x37f000,4096
0,sized0,0,READ,0x380000,4096
0,sized0,0,READ,0x381000,4096
0,sized0,0,READ,0x382000,4096
0,sized0,0,READ,0x383000,4096
0,sized0,0,READ,0x384000,4096
0,sized0,0,READ,0x385000,4096
0,sized0,0,READ,0x386000,4096
0,sized0,0,READ,0x387000,4096
0,sized0,0,READ,0x388000,4096
0,sized0,0,READ,0x389000,4096
0,sized0,0,READ,0x38a000,4096
0,sized0,0,READ,0x38b000,4096
0,sized0,0,READ,0x38c000,4096
0,sized0,0,READ,0x38d000,4096
0,sized0,0,READ,0x38e000,4096
0,sized0,0,READ,0x38f000,4096
0,sized0,0,READ,0x390000,4096
0,sized0,0,READ,0x391000,4096
0,sized0,0,READ,0x392000,4096
0,sized0,0,READ,0x393000,4096
0,sized0,0,READ,0x394000,4096
0,sized0,0,READ,0x395000,4096
0,sized0,0,READ,0x396000,4096
0,sized0,0,READ,0x397000,4096
0,sized0,0,READ,0x398000,4096
0,sized0,0,READ,0x399000,4096
0,sized0,0,READ,0x39a000,4096
0,sized0,0,READ,0x39b000,4096
0,sized0,0,READ,0x39c000,4096
0,sized0,0,READ,0x39d000,4096
0,sized0,0,READ,0x39e000,4096
0,sized0,0,READ,0x39f000,4096
0,sized0,0,READ,0x3a0000,4096
0,sized0,0,READ,0x3a1000,4096
0,sized0,0,READ,0x3a2000,4096
0,sized0,0,READ,0x3a3000,4096
0,sized0,0,READ,0x3a4000,4096
0,sized0,0,READ,0x3a5000,4096
0,sized0,0,READ,0x3a6000,4096
0,sized0,0,READ,0x3a7000,4096
0,sized0,0,READ,0x3a8000,4096
0,sized0,0,READ,0x3a9000,4096
0,sized0,0,READ,0x3aa000,4096
0,sized0,0,READ,0x3ab000,4096
0,sized0,0,READ,0x3ac000,4096
0,sized0,0,READ,0x3ad000,4096
0,sized0,0,READ,0x3ae000,4096
0,sized0,0,READ,0x3af000,4096
0,sized0,0,READ,0x3b0000,4096
0,sized0,0,READ,0x3b1000,4096
0,sized0,0,READ,0x3b2000,4096
0,sized0,0,READ,0x3b3000,4096
0,sized0,0,READ,0x3b4000,4096
0,sized0,0,READ,0x3b5000,4096
0,sized0,0,READ,0x3b6000,4096
0,sized0,0,READ,0x3b7000,4096
0,sized0,0,READ,0x3b8000,4096
0,sized0,0,READ,0x3b9000,4096
0,sized0,0,READ,0x3ba000,4096
0,sized0,0,READ,0x3bb000,4096
0,sized0,0,READ,0x3bc000,4096
0,sized0,0,READ,0x3bd000,4096
0,sized0,0,READ,0x3be000,4096
0,sized0,0,READ,0x3bf000,4096
0,sized0,0,READ,0x3c0000,4096
0,sized0,0,READ,0x3c1000,4096
0,sized0,0,READ,0x3c2000,4096
0,sized0,0,READ,0x3c3000,4096
0,sized0,0,READ,0x3c4000,4096
0,sized0,0,READ,0x3c5000,4096
0,sized0,0,READ,0x3c6000,4096
0,sized0,0,READ,0x3c7000,4096
0,sized0,0,READ,0x3c8000,4096
0,sized0,0,READ,0x3c9000,4096
0,sized0,0,READ,0x3ca000,4096
0,sized0,0,READ,0x3cb000,4096
0,sized0,0,READ,0x3cc000,4096
0,sized0,0,READ,0x3cd000,4096
0,sized0,0,READ,0x3ce000,4096
0,sized0,0,READ,0x3cf000,4096
0,sized0,0,READ,0x3d0000,4096
0,sized0,0,READ,0x3d1000,4096
0,sized0,0,READ,0x3d2000,4096
0,sized0,0,READ,0x3d3000,4096
0,sized0,0,READ,0x3d4000,4096
0,sized0,0,READ,0x3d5000,4096
0,sized0,0,READ,0x3d6000,4096
0,sized0,0,READ,0x3d7000,4096
0,sized0,0,READ,0x3d8000,4096
0,sized0,0,READ,0x3d9000,4096
0,sized0,0,READ,0x3da000,4096
0,sized0,0,READ,0x3db000,4096
0,sized0,0,READ,0x3dc000,4096
0,sized0,0,READ,0x3dd000,4096
0,sized0,0,READ,0x3de000,4096
0,sized0,0,READ,0x3df000,4096
0,sized0,0,READ,0x3e0000,4096
0,sized0,0,READ,0x3e1000,4096
0,sized0,0,READ,0x3e2000,4096
0,sized0,0,READ,0x3e3000,4096
0,sized0,0,READ,0x3e4000,4096
0,sized0,0,READ,0x3e5000,4096
0,sized0,0,READ,0x3e6000,4096
0,sized0,0,READ,0x3e7000,4096
0,sized0,0,READ,0x3e8000,4096
0,sized0,0,READ,0x3e9000,4096
0,sized0,0,READ,0x3ea000,4096
0,sized0,0,READ,0x3eb000,4096
0,sized0,0,READ,0x3ec000,4096
0,sized0,0,READ,0x3ed000,4096
0,sized0,0,READ,0x3ee000,4096
0,sized0,0,READ,0x3ef000,4096
0,sized0,0,READ,0x3f0000,4096
0,sized0,0,READ,0x3f1000,4096
0,sized0,0,READ,0x3f2000,4096
0,sized0,0,READ,0x3f3000,4096
0,sized0,0,READ,0x3f4000,4096
0,sized0,0,READ,0x3f5000,4096
0,sized0,0,READ,0x3f6000,4096
0,sized0,0,READ,0x3f7000,4096
0,sized0,0,READ,0x3f8000,4096
0,sized0,0,READ,0x3f9000,4096
0,sized0,0,READ,0x3fa000,4096
0,sized0,0,READ,0x3fb000,4096
0,sized0,0,READ,0x3fc000,4096
0,sized0,0,READ,0x3fd000,4096
0,sized0,0,READ,0x3fe000,4096
0,sized0,0,READ,0x3ff000,4096
0,sized0,0,READ,0x400000,4096
0,sized0,0,READ,0x401000,4096
0,sized0,0,READ,0x402000,4096
0,sized0,0,READ,0x403000,4096
0,sized0,0,READ,0x404000,4096
0,sized0,0,READ,0x405000,4096
0,sized0,0,READ,0x406000,4096
0,sized0,0,READ,0x407000,4096
0,sized0,0,READ,0x408000,4096
0,sized0,0,READ,0x409000,4096
0,sized0,0,READ,0x40a000,4096
0,sized0,0,READ,0x40b000,4096
0,sized0,0,READ,0x40c000,4096
0,sized0,0,READ,0x40d000,4096
0,sized0,0,READ,0x40e000,4096
0,sized0,0,READ,0x40f000,4096
0,sized0,0,READ,0x410000,4096
0,sized0,0,READ,0x411000,4096
0,sized0,0,READ,0x412000,4096
0,sized0,0,READ,0x413000,4096
0,sized0,0,READ,0x414000,4096
0,sized0,0,READ,0x415000,4096
0,sized0,0,READ,0x416000,4096
0,sized0,0,READ,0x417000,4096
0,sized0,0,READ,0x418000,4096
0,sized0,0,READ,0x419000,4096
0,sized0,0,READ,0x41a000,4096
0,sized0,0,READ,0x41b000,4096
0,sized0,0,READ,0x41c000,4096
0,sized0,0,READ,0x41d000,4096
0,sized0,0,READ,0x41e000,4096
0,sized0,0,READ,0x41f000,4096
0,sized0,0,READ,0x420000,4096
0,sized0,0,READ,0x421000,4096
0,sized0,0,READ,0x422000,4096
0,sized0,0,READ,0x423000,4096
0,sized0,0,READ,0x424000,4096
0,sized0,0,READ,0x425000,4096
0,sized0,0,READ,0x426000,4096
0,sized0,0,READ,0x427000,4096
0,sized0,0,READ,0x428000,4096
0,sized0,0,READ,0x429000,4096
0,sized0,0,READ,0x42a000,4096
0,sized0,0,READ,0x42b000,4096
0,sized0,0,READ,0x42c000,4096
0,sized0,0,READ,0x42d000,4096
0,sized0,0,READ,0x42e000,4096
0,sized0,0,READ,0x42f000,4096
0,sized0,0,READ,0x430000,4096
0,sized0,0,READ,0x431000,4096
0,sized0,0,READ,0x432000,4096
0,sized0,0,READ,0x433000,4096
0,sized0,0,READ,0x434000,4096
0,sized0,0,READ,0x435000,4096
0,sized0,0,READ,0x436000,4096
0,sized0,0,READ,0x437000,4096
0,sized0,0,READ,0x438000,4096
0,sized0,0,READ,0x439000,4096
0,sized0,0,READ,0x43a000,4096
0,sized0,0,READ,0x43b000,4096
0,sized0,0,READ,0x43c000,4096
0,sized0,0,READ,0x43d000,4096
0,sized0,0,READ,0x43e000,4096
0,sized0,0,READ,0x43f000,4096
0,sized0,0,READ,0x440000,4096
0,sized0,0,READ,0x441000,4096
0,sized0,0,READ,0x442000,4096
0,sized0,0,READ,0x443000,4096
0,sized0,0,READ,0x444000,4096
0,sized0,0,READ,0x445000,4096
0,sized0,0,READ,0x446000,4096
0,sized0,0,READ,0x447000,4096
0,sized0,0,READ,0x448000,4096
0,sized0,0,READ,0x449000,4096
0,sized0,0,READ,0x44a000,4096
0,sized0,0,READ,0x44b000,4096
0,sized0,0,READ,0x44c000,4096
0,sized0,0,READ,0x44d000,4096
0,sized0,0,READ,0x44e000,4096
0,sized0,0,READ,0x44f000,4096
0,sized0,0,READ,0x450000,4096
0,sized0,0,READ,0x451000,4096
0,sized0,0,READ,0x452000,4096
0,sized0,0,READ,0x453000,4096
0,sized0,0,READ,0x454000,4096
0,sized0,0,READ,0x455000,4096
0,sized0,0,READ,0x456000,4096
0,sized0,0,READ,0x457000,4096
0,sized0,0,READ,0x458000,4096
0,sized0,0,READ,0x459000,4096
0,sized0,0,READ,0x45a000,4096
0,sized0,0,READ,0x45b000,4096
0,sized0,0,READ,0x45c000,4096
0,sized0,0,READ,0x45d000,4096
0,sized0,0,READ,0x45e000,4096
0,sized0,0,READ,0x45f000,4096
0,sized0,0,READ,0x460000,4096
0,sized0,0,READ,0x461000,4096
0,sized0,0,READ,0x462000,4096
0,sized0,0,READ,0x463000,4096
0,sized0,0,READ,0x464000,4096
0,sized0,0,READ,0x465000,4096
0,sized0,0,READ,0x466000,4096
0,sized0,0,READ,0x467000,4096
0,sized0,0,READ,0x468000,4096
0,sized0,0,READ,0x469000,4096
0,sized0,0,READ,0x46a000,4096
0,sized0,0,READ,0x46b000,4096
0,sized0,0,READ,0x46c000,4096
0,sized0,0,READ,0x46d000,4096
0,sized0,0,READ,0x46e000,4096
0,sized0,0,READ,0x46f000,4096
0,sized0,0,READ,0x470000,4096
0,sized0,0,READ,0x471000,4096
0,sized0,0,READ,0x472000,4096
0,sized0,0,READ,0x473000,4096
0,sized0,0,READ,0x474000,4096
0,sized0,0,READ,0x475000,4096
0,sized0,0,READ,0x476000,4096
0,sized0,0,READ,0x477000,4096
0,sized0,0,READ,0x478000,4096
0,sized0,0,READ,0x479000,4096
0,sized0,0,READ,0x47a000,4096
0,sized0,0,READ,0x47b000,4096
0,sized0,0,READ,0x47c000,4096
0,sized0,0,READ,0x47d000,4096
0,sized0,0,READ,0x47e000,4096
0,sized0,0,READ,0x47f000,4096
0,sized0,0,READ,0x480000,4096
0,sized0,0,READ,0x481000,4096
0,sized0,0,READ,0x482000,4096
0,sized0,0,READ,0x483000,4096
0,sized0,0,READ,0x484000,4096
0,sized0,0,READ,0x485000,4096
0,sized0,0,READ,0x486000,4096
0,sized0,0,READ,0x487000,4096
0,sized0,0,READ,0x488000,4096
0,sized0,0,READ,0x489000,4096
0,sized0,0,READ,0x48a000,4096
0,sized0,0,READ,0x48b000,4096
0,sized0,0,READ,0x48c000,4096
0,sized0,0,READ,0x48d000,4096
0,sized0,0,READ,0x48e000,4096
0,sized0,0,READ,0x48f000,4096
0,sized0,0,READ,0x490000,4096
0,sized0,0,READ,0x491000,4096
0,sized0,0,READ,0x492000,4096
0,sized0,0,READ,0x493000,4096
0,sized0,0,READ,0x494000,4096
0,sized0,0,READ,0x495000,4096
0,sized0,0,READ,0x496000,4096
0,sized0,0,READ,0x497000,4096
0,sized0,0,READ,0x498000,4096
0,sized0,0,READ,0x499000,4096
0,sized0,0,READ,0x49a000,4096
0,sized0,0,READ,0x49b000,4096
0,sized0,0,READ,0x49c000,4096
0,sized0,0,READ,0x49d000,4096
0,sized0,0,READ,0x49e000,4096
0,sized0,0,READ,0x49f000,4096
0,sized0,0,READ,0x4a0000,4096
0,sized0,0,READ,0x4a1000,4096
0,sized0,0,READ,0x4a2000,4096
0,sized0,0,READ,0x4a3000,4096
0,sized0,0,READ,0x4a4000,4096
0,sized0,0,READ,0x4a5000,4096
0,sized0,0,READ,0x4a6000,4096
0,sized0,0,READ,0x4a7000,4096
0,sized0,0,READ,0x4a8000,4096
0,sized0,0,READ,0x4a9000,4096
0,sized0,0,READ,0x4aa000,4096
0,sized0,0,READ,0x4ab000,4096
0,sized0,0,READ,0x4ac000,4096
0,sized0,0,READ,0x4ad000,4096
0,sized0,0,READ,0x4ae000,4096
0,sized0,0,READ,0x4af000,4096
0,sized0,0,READ,0x4b0000,4096
0,sized0,0,READ,0x4b1000,4096
0,sized0,0,READ,0x4b2000,4096
0,sized0,0,READ,0x4b3000,4096
0,sized0,0,READ,0x4b4000,4096
0,sized0,0,READ,0x4b5000,4096
0,sized0,0,READ,0x4b6000,4096
0,sized0,0,READ,0x4b7000,4096
0,sized0,0,READ,0x4b8000,4096
0,sized0,0,READ,0x4b9000,4096
0,sized0,0,READ,0x4ba000,4096
0,sized0,0,READ,0x4bb000,4096
0,sized0,0,READ,0x4bc000,4096
0,sized0,0,READ,0x4bd000,4096
0,sized0,0,READ,0x4be000,4096
0,sized0,0,READ,0x4bf000,4096
0,sized0,0,READ,0x4c0000,4096
0,sized0,0,READ,0x4c1000,4096
0,sized0,0,READ,0x4c2000,4096
0,sized0,0,READ,0x4c3000,4096
0,sized0,0,READ,0x4c4000,4096
0,sized0,0,READ,0x4c5000,4096
0,sized0,0,READ,0x4c6000,4096
0,sized0,0,READ,0x4c7000,4096
0,sized0,0,READ,0x4c8000,4096
0,sized0,0,READ,0x4c9000,4096
0,sized0,0,READ,0x4ca000,4096
0,sized0,0,READ,0x4cb000,4096
0,sized0,0,READ,0x4cc000,4096
0,sized0,0,READ,0x4cd000,4096
0,sized0,0,READ,0x4ce000,4096
0,sized0,0,READ,0x4cf000,4096
0,sized0,0,READ,0x4d0000,4096
0,sized0,0,READ,0x4d1000,4096
0,sized0,0,READ,0x4d2000,4096
0,sized0,0,READ,0x4d3000,4096
0,sized0,0,READ,0x4d4000,4096
0,sized0,0,READ,0x4d5000,4096
0,sized0,0,READ,0x4d6000,4096
0,sized0,0,READ,0x4d7000,4096
0,sized0,0,READ,0x4d8000,4096
0,sized0,0,READ,0x4d9000,4096
0,sized0,0,READ,0x4da000,4096
0,sized0,0,READ,0x4db000,4096
0,sized0,0,READ,0x4dc000,4096
0,sized0,0,READ,0x4dd000,4096
0,sized0,0,READ,0x4de000,4096
0,sized0,0,READ,0x4df000,4096
0,sized0,0,READ,0x4e0000,4096
0,sized0,0,READ,0x4e1000,4096
0,sized0,0,READ,0x4e2000,4096
0,sized0,0,READ,0x4e3000,4096
0,sized0,0,READ,0x4e4000,4096
0,sized0,0,READ,0x4e5000,4096
0,sized0,0,READ,0x4e6000,4096
0,sized0,0,READ,0x4e7000,4096
0,sized0,0,READ,0x4e8000,4096
0,sized0,0,READ,0x4e9000,4096
0,sized0,0,READ,0x4ea000,4096
0,sized0,0,READ,0x4eb000,4096
0,sized0,0,READ,0x4ec000,4096
0,sized0,0,READ,0x4ed000,4096
0,sized0,0,READ,0x4ee000,4096
0,sized0,0,READ,0x4ef000,4096
0,sized0,0,READ,0x4f0000,4096
0,sized0,0,READ,0x4f1000,4096
0,sized0,0,READ,0x4f2000,4096
0,sized0,0,READ,0x4f3000,4096
0,sized0,0,READ,0x4f4000,4096
0,sized0,0,READ,0x4f5000,4096
0,sized0,0,READ,0x4f6000,4096
0,sized0,0,READ,0x4f7000,4096
0,sized0,0,READ,0x4f8000,4096
0,sized0,0,READ,0x4f9000,4096
0,sized0,0,READ,0x4fa000,4096
0,sized0,0,READ,0x4fb000,4096
0,sized0,0,READ,0x4fc000,4096
0,sized0,0,READ,0x4fd000,4096
0,sized0,0,READ,0x4fe000,4096
0,sized0,0,READ,0x4ff000,4096
0,sized0,0,READ,0x500000,4096
0,sized0,0,READ,0x501000,4096
0,sized0,0,READ,0x502000,4096
0,sized0,0,READ,0x503000,4096
0,sized0,0,READ,0x504000,4096
0,sized0,0,READ,0x505000,4096
0,sized0,0,READ,0x506000,4096
0,sized0,0,READ,0x507000,4096
0,sized0,0,READ,0x508000,4096
0,sized0,0,READ,0x509000,4096
0,sized0,0,READ,0x50a000,4096
0,sized0,0,READ,0x50b000,4096
0,sized0,0,READ,0x50c000,4096
0,sized0,0,READ,0x50d000,4096
0,sized0,0,READ,0x50e000,4096
0,sized0,0,READ,0x50f000,4096
0,sized0,0,READ,0x510000,4096
0,sized0,0,READ,0x511000,4096
0,sized0,0,READ,0x512000,4096
0,sized0,0,READ,0x513000,4096
0,sized0,0,READ,0x514000,4096
0,sized0,0,READ,0x515000,4096
0,sized0,0,READ,0x516000,4096
0,sized0,0,READ,0x517000,4096
0,sized0,0,READ,0x518000,4096
0,sized0,0,READ,0x519000,4096
0,sized0,0,READ,0x51a000,4096
0,sized0,0,READ,0x51b000,4096
0,sized0,0,READ,0x51c000,4096
0,sized0,0,READ,0x51d000,4096
0,sized0,0,READ,0x51e000,4096
0,sized0,0,READ,0x51f000,4096
0,sized0,0,READ,0x520000,4096
0,sized0,0,READ,0x521000,4096
0,sized0,0,READ,0x522000,4096
0,sized0,0,READ,0x523000,4096
0,sized0,0,READ,0x524000,4096
0,sized0,0,READ,0x525000,4096
0,sized0,0,READ,0x526000,4096
0,sized0,0,READ,0x527000,4096
0,sized0,0,READ,0x528000,4096
0,sized0,0,READ,0x529000,4096
0,sized0,0,READ,0x52a000,4096
0,sized0,0,READ,0x52b000,4096
0,sized0,0,READ,0x52c000,4096
0,sized0,0,READ,0x52d000,4096
0,sized0,0,READ,0x52e000,4096
0,sized0,0,READ,0x52f000,4096
0,sized0,0,READ,0x530000,4096
0,sized0,0,READ,0x531000,4096
0,sized0,0,READ,0x532000,4096
0,sized0,0,READ,0x533000,4096
0,sized0,0,READ,0x534000,4096
0,sized0,0,READ,0x535000,4096
0,sized0,0,READ,0x536000,4096
0,sized0,0,READ,0x537000,4096
0,sized0,0,READ,0x538000,4096
0,sized0,0,READ,0x539000,4096
0,sized0,0,READ,0x53a000,4096
0,sized0,0,READ,0x53b000,4096
0,sized0,0,READ,0x53c000,4096
0,sized0,0,READ,0x53d000,4096
0,sized0,0,READ,0x53e000,4096
0,sized0,0,READ,0x53f000,4096
0,sized0,0,READ,0x540000,4096
0,sized0,0,READ,0x541000,4096
0,sized0,0,READ,0x542000,4096
0,sized0,0,READ,0x543000,4096
0,sized0,0,READ,0x544000,4096
0,sized0,0,READ,0x545000,4096
0,sized0,0,READ,0x546000,4096
0,sized0,0,READ,0x547000,4096
0,sized0,0,READ,0x548000,4096
0,sized0,0,READ,0x549000,4096
0,sized0,0,READ,0x54a000,4096
0,sized0,0,READ,0x54b000,4096
0,sized0,0,READ,0x54c000,4096
0,sized0,0,READ,0x54d000,4096
0,sized0,0,READ,0x54e000,4096
0,sized0,0,READ,0x54f000,4096
0,sized0,0,READ,0x550000,4096
0,sized0,0,READ,0x551000,4096
0,sized0,0,READ,0x552000,4096
0,sized0,0,READ,0x553000,4096
0,sized0,0,READ,0x554000,4096
0,sized0,0,READ,0x555000,4096
0,sized0,0,READ,0x556000,4096
0,sized0,0,READ,0x557000,4096
0,sized0,0,READ,0x558000,4096
0,sized0,0,READ,0x559000,4096
0,sized0,0,READ,0x55a000,4096
0,sized0,0,READ,0x55b000,4096
0,sized0,0,READ,0x55c000,4096
0,sized0,0,READ,0x55d000,4096
0,sized0,0,READ,0x55e000,4096
0,sized0,0,READ,0x55f000,4096
0,sized0,0,READ,0x560000,4096
0,sized0,0,READ,0x561000,4096
0,sized0,0,READ,0x562000,4096
0,sized0,0,READ,0x563000,4096
0,sized0,0,READ,0x564000,4096
0,sized0,0,READ,0x565000,4096
0,sized0,0,READ,0x566000,4096
0,sized0,0,READ,0x567000,4096
0,sized0,0,READ,0x568000,4096
0,sized0,0,READ,0x569000,4096
0,sized0,0,READ,0x56a000,4096
0,sized0,0,READ,0x56b000,4096
0,sized0,0,READ,0x56c000,4096
0,sized0,0,READ,0x56d000,4096
0,sized0,0,READ,0x56e000,4096
0,sized0,0,READ,0x56f000,4096
0,sized0,0,READ,0x570000,4096
0,sized0,0,READ,0x571000,4096
0,sized0,0,READ,0x572000,4096
0,sized0,0,READ,0x573000,4096
0,sized0,0,READ,0x574000,4096
0,sized0,0,READ,0x575000,4096
0,sized0,0,READ,0x576000,4096
0,sized0,0,READ,0x577000,4096
0,sized0,0,READ,0x578000,4096
0,sized0,0,READ,0x579000,4096
0,sized0,0,READ,0x57a000,4096
0,sized0,0,READ,0x57b000,4096
0,sized0,0,READ,0x57c000,4096
0,sized0,0,READ,0x57d000,4096
0,sized0,0,READ,0x57e000,4096
0,sized0,0,READ,0x57f000,4096
0,sized0,0,READ,0x580000,4096
0,sized0,0,READ,0x581000,4096
0,sized0,0,READ,0x582000,4096
0,sized0,0,READ,0x583000,4096
0,sized0,0,READ,0x584000,4096
0,sized0,0,READ,0x585000,4096
0,sized0,0,READ,0x586000,4096
0,sized0,0,READ,0x587000,4096
0,sized0,0,READ,0x588000,4096
0,sized0,0,READ,0x589000,4096
0,sized0,0,READ,0x58a000,4096
0,sized0,0,READ,0x58b000,4096
0,sized0,0,READ,0x58c000,4096
0,sized0,0,READ,0x58d000,4096
0,sized0,0,READ,0x58e000,4096
0,sized0,0,READ,0x58f000,4096
0,sized0,0,READ,0x590000,4096
0,sized0,0,READ,0x591000,4096
0,sized0,0,READ,0x592000,4096
0,sized0,0,READ,0x593000,4096
0,sized0,0,READ,0x594000,4096
0,sized0,0,READ,0x595000,4096
0,sized0,0,READ,0x596000,4096
0,sized0,0,READ,0x597000,4096
0,sized0,0,READ,0x598000,4096
0,sized0,0,READ,0x599000,4096
0,sized0,0,READ,0x59a000,4096
0,sized0,0,READ,0x59b000,4096
0,sized0,0,READ,0x59c000,4096
0,sized0,0,READ,0x59d000,4096
0,sized0,0,READ,0x59e000,4096
0,sized0,0,READ,0x59f000,4096
0,sized0,0,READ,0x5a0000,4096
0,sized0,0,READ,0x5a1000,4096
0,sized0,0,READ,0x5a2000,4096
0,sized0,0,READ,0x5a3000,4096
0,sized0,0,READ,0x5a4000,4096
0,sized0,0,READ,0x5a5000,4096
0,sized0,0,READ,0x5a6000,4096
0,sized0,0,READ,0x5a7000,4096
0,sized0,0,READ,0x5a8000,4096
0,sized0,0,READ,0x5a9000,4096
0,sized0,0,READ,0x5aa000,4096
0,sized0,0,READ,0x5ab000,4096
0,sized0,0,READ,0x5ac000,4096
0,sized0,0,READ,0x5ad000,4096
0,sized0,0,READ,0x5ae000,4096
0,sized0,0,READ,0x5af000,4096
0,sized0,0,READ,0x5b0000,4096
0,sized0,0,READ,0x5b1000,4096
0,sized0,0,READ,0x5b2000,4096
0,sized0,0,READ,0x5b3000,4096
0,sized0,0,READ,0x5b4000,4096
0,sized0,0,READ,0x5b5000,4096
0,sized0,0,READ,0x5b6000,4096
0,sized0,0,READ,0x5b7000,4096
0,sized0,0,READ,0x5b8000,4096
0,sized0,0,READ,0x5b9000,4096
0,sized0,0,READ,0x5ba000,4096
0,sized0,0,READ,0x5bb000,4096
0,sized0,0,READ,0x5bc000,4096
0,sized0,0,READ,0x5bd000,4096
0,sized0,0,READ,0x5be000,4096
0,sized0,0,READ,0x5bf000,4096
0,sized0,0,READ,0x5c0000,4096
0,sized0,0,READ,0x5c1000,4096
0,sized0,0,READ,0x5c2000,4096
0,sized0,0,READ,0x5c3000,4096
0,sized0,0,READ,0x5c4000,4096
0,sized0,0,READ,0x5c5000,4096
0,sized0,0,READ,0x5c6000,4096
0,sized0,0,READ,0x5c7000,4096
0,sized0,0,READ,0x5c8000,4096
0,sized0,0,READ,0x5c9000,4096
0,sized0,0,READ,0x5ca000,4096
0,sized0,0,READ,0x5cb000,4096
0,sized0,0,READ,0x5cc000,4096
0,sized0,0,READ,0x5cd000,4096
0,sized0,0,READ,0x5ce000,4096
0,sized0,0,READ,0x5cf000,4096
0,sized0,0,READ,0x5d0000,4096
0,sized0,0,READ,0x5d1000,4096
0,sized0,0,READ,0x5d2000,4096
0,sized0,0,READ,0x5d3000,4096
0,sized0,0,READ,0x5d4000,4096
0,sized0,0,READ,0x5d5000,4096
0,sized0,0,READ,0x5d6000,4096
0,sized0,0,READ,0x5d7000,4096
0,sized0,0,READ,0x5d8000,4096
0,sized0,0,READ,0x5d9000,4096
0,sized0,0,READ,0x5da000,4096
0,sized0,0,READ,0x5db000,4096
0,sized0,0,READ,0x5dc000,4096
0,sized0,0,READ,0x5dd000,4096
0,sized0,0,READ,0x5de000,4096
0,sized0,0,READ,0x5df000,4096
0,sized0,0,READ,0x5e0000,4096
0,sized0,0,READ,0x5e1000,4096
0,sized0,0,READ,0x5e2000,4096
0,sized0,0,READ,0x5e3000,4096
0,sized0,0,READ,0x5e4000,4096
0,sized0,0,READ,0x5e5000,4096
0,sized0,0,READ,0x5e6000,4096
0,sized0,0,READ,0x5e7000,4096
0,sized0,0,READ,0x5e8000,4096
0,sized0,0,READ,0x5e9000,4096
0,sized0,0,READ,0x5ea000,4096
0,sized0,0,READ,0x5eb000,4096
0,sized0,0,READ,0x5ec000,4096
0,sized0,0,READ,0x5ed000,4096
0,sized0,0,READ,0x5ee000,4096
0,sized0,0,READ,0x5ef000,4096
0,sized0,0,READ,0x5f0000,4096
0,sized0,0,READ,0x5f1000,4096
0,sized0,0,READ,0x5f2000,4096
0,sized0,0,READ,0x5f3000,4096
0,sized0,0,READ,0x5f4000,4096
0,sized0,0,READ,0x5f5000,4096
0,sized0,0,READ,0x5f6000,4096
0,sized0,0,READ,0x5f7000,4096
0,sized0,0,READ,0x5f8000,4096
0,sized0,0,READ,0x5f9000,4096
0,sized0,0,READ,0x5fa000,4096
0,sized0,0,READ,0x5fb000,4096
0,sized0,0,READ,0x5fc000,4096
0,sized0,0,READ,0x5fd000,4096
0,sized0,0,READ,0x5fe000,4096
0,sized0,0,READ,0x5ff000,4096
0,sized0,0,READ,0x600000,4096
0,sized0,0,READ,0x601000,4096
0,sized0,0,READ,0x602000,4096
0,sized0,0,READ,0x603000,4096
0,sized0,0,READ,0x604000,4096
0,sized0,0,READ,0x605000,4096
0,sized0,0,READ,0x606000,4096
0,sized0,0,READ,0x607000,4096
0,sized0,0,READ,0x608000,4096
0,sized0,0,READ,0x609000,4096
0,sized0,0,READ,0x60a000,4096
0,sized0,0,READ,0x60b000,4096
0,sized0,0,READ,0x60c000,4096
0,sized0,0,READ,0x60d000,4096
0,sized0,0,READ,0x60e000,4096
0,sized0,0,READ,0x60f000,4096
0,sized0,0,READ,0x610000,4096
0,sized0,0,READ,0x611000,4096
0,sized0,0,READ,0x612000,4096
0,sized0,0,READ,0x613000,4096
0,sized0,0,READ,0x614000,4096
0,sized0,0,READ,0x615000,4096
0,sized0,0,READ,0x616000,4096
0,sized0,0,READ,0x617000,4096
0,sized0,0,READ,0x618000,4096
0,sized0,0,READ,0x619000,4096
0,sized0,0,READ,0x61a000,4096
0,sized0,0,READ,0x61b000,4096
0,sized0,0,READ,0x61c000,4096
0,sized0,0,READ,0x61d000,4096
0,sized0,0,READ,0x61e000,4096
0,sized0,0,READ,0x61f000,4096
0,sized0,0,READ,0x620000,4096
0,sized0,0,READ,0x621000,4096
0,sized0,0,READ,0x622000,4096
0,sized0,0,READ,0x623000,4096
0,sized0,0,READ,0x624000,4096
0,sized0,0,READ,0x625000,4096
0,sized0,0,READ,0x626000,4096
0,sized0,0,READ,0x627000,4096
0,sized0,0,READ,0x628000,4096
0,sized0,0,READ,0x629000,4096
0,sized0,0,READ,0x62a000,4096
0,sized0,0,READ,0x62b000,4096
0,sized0,0,READ,0x62c000,4096
0,sized0,0,READ,0x62d000,4096
0,sized0,0,READ,0x62e000,4096
0,sized0,0,READ,0x62f000,4096
0,sized0,0,READ,0x630000,4096
0,sized0,0,READ,0x631000,4096
0,sized0,0,READ,0x632000,4096
0,sized0,0,READ,0x633000,4096
0,sized0,0,READ,0x634000,4096
0,sized0,0,READ,0x635000,4096
0,sized0,0,READ,0x636000,4096
0,sized0,0,READ,0x637000,4096
0,sized0,0,READ,0x638000,4096
0,sized0,0,READ,0x639000,4096
0,sized0,0,READ,0x63a000,4096
0,sized0,0,READ,0x63b000,4096
0,sized0,0,READ,0x63c000,4096
0,sized0,0,READ,0x63d000,4096
0,sized0,0,READ,0x63e000,4096
0,sized0,0,READ,0x63f000,4096
0,sized0,0,READ,0x640000,4096
0,sized0,0,READ,0x641000,4096
0,sized0,0,READ,0x642000,4096
0,sized0,0,READ,0x643000,4096
0,sized0,0,READ,0x644000,4096
0,sized0,0,READ,0x645000,4096
0,sized0,0,READ,0x646000,4096
0,sized0,0,READ,0x647000,4096
0,sized0,0,READ,0x648000,4096
0,sized0,0,READ,0x649000,4096
0,sized0,0,READ,0x64a000,4096
0,sized0,0,READ,0x64b000,4096
0,sized0,0,READ,0x64c000,4096
0,sized0,0,READ,0x64d000,4096
0,sized0,0,READ,0x64e000,4096
0,sized0,0,READ,0x64f000,4096
0,sized0,0,READ,0x650000,4096
0,sized0,0,READ,0x651000,4096
0,sized0,0,READ,0x652000,4096
0,sized0,0,READ,0x653000,4096
0,sized0,0,READ,0x654000,4096
0,sized0,0,READ,0x655000,4096
0,sized0,0,READ,0x656000,4096
0,sized0,0,READ,0x657000,4096
0,sized0,0,READ,0x658000,4096
0,sized0,0,READ,0x659000,4096
0,sized0,0,READ,0x65a000,4096
0,sized0,0,READ,0x65b000,4096
0,sized0,0,READ,0x65c000,4096
0,sized0,0,READ,0x65d000,4096
0,sized0,0,READ,0x65e000,4096
0,sized0,0,READ,0x65f000,4096
0,sized0,0,READ,0x660000,4096
0,sized0,0,READ,0x661000,4096
0,sized0,0,READ,0x662000,4096
0,sized0,0,READ,0x663000,4096
0,sized0,0,READ,0x664000,4096
0,sized0,0,READ,0x665000,4096
0,sized0,0,READ,0x666000,4096
0,sized0,0,READ,0x667000,4096
0,sized0,0,READ,0x668000,4096
0,sized0,0,READ,0x669000,4096
0,sized0,0,READ,0x66a000,4096
0,sized0,0,READ,0x66b000,4096
0,sized0,0,READ,0x66c000,4096
0,sized0,0,READ,0x66d000,4096
0,sized0,0,READ,0x66e000,4096
0,sized0,0,READ,0x66f000,4096
0,sized0,0,READ,0x670000,4096
0,sized0,0,READ,0x671000,4096
0,sized0,0,READ,0x672000,4096
0,sized0,0,READ,0x673000,4096
0,sized0,0,READ,0x674000,4096
0,sized0,0,READ,0x675000,4096
0,sized0,0,READ,0x676000,4096
0,sized0,0,READ,0x677000,4096
0,sized0,0,READ,0x678000,4096
0,sized0,0,READ,0x679000,4096
0,sized0,0,READ,0x67a000,4096
0,sized0,0,READ,0x67b000,4096
0,sized0,0,READ,0x67c000,4096
0,sized0,0,READ,0x67d000,4096
0,sized0,0,READ,0x67e000,4096
0,sized0,0,READ,0x67f000,4096
0,sized0,0,READ,0x680000,4096
0,sized0,0,READ,0x681000,4096
0,sized0,0,READ,0x682000,4096
0,sized0,0,READ,0x683000,4096
0,sized0,0,READ,0x684000,4096
0,sized0,0,READ,0x685000,4096
0,sized0,0,READ,0x686000,4096
0,sized0,0,READ,0x687000,4096
0,sized0,0,READ,0x688000,4096
0,sized0,0,READ,0x689000,4096
0,sized0,0,READ,0x68a000,4096
0,sized0,0,READ,0x68b000,4096
0,sized0,0,READ,0x68c000,4096
0,sized0,0,READ,0x68d000,4096
0,sized0,0,READ,0x68e000,4096
0,sized0,0,READ,0x68f000,4096
0,sized0,0,READ,0x690000,4096
0,sized0,0,READ,0x691000,4096
0,sized0,0,READ,0x692000,4096
0,sized0,0,READ,0x693000,4096
0,sized0,0,READ,0x694000,4096
0,sized0,0,READ,0x695000,4096
0,sized0,0,READ,0x696000,4096
0,sized0,0,READ,0x697000,4096
0,sized0,0,READ,0x698000,4096
0,sized0,0,READ,0x699000,4096
0,sized0,0,READ,0x69a000,4096
0,sized0,0,READ,0x69b000,4096
0,sized0,0,READ,0x69c000,4096
0,sized0,0,READ,0x69d000,4096
0,sized0,0,READ,0x69e000,4096
0,sized0,0,READ,0x69f000,4096
0,sized0,0,READ,0x6a0000,4096
0,sized0,0,READ,0x6a1000,4096
0,sized0,0,READ,0x6a2000,4096
0,sized0,0,READ,0x6a3000,4096
0,sized0,0,READ,0x6a4000,4096
0,sized0,0,READ,0x6a5000,4096
0,sized0,0,READ,0x6a6000,4096
0,sized0,0,READ,0x6a7000,4096
0,sized0,0,READ,0x6a8000,4096
0,sized0,0,READ,0x6a9000,4096
0,sized0,0,READ,0x6aa000,4096
0,sized0,0,READ,0x6ab000,4096
0,sized0,0,READ,0x6ac000,4096
0,sized0,0,READ,0x6ad000,4096
0,sized0,0,READ,0x6ae000,4096
0,sized0,0,READ,0x6af000,4096
0,sized0,0,READ,0x6b0000,4096
0,sized0,0,READ,0x6b1000,4096
0,sized0,0,READ,0x6b2000,4096
0,sized0,0,READ,0x6b3000,4096
0,sized0,0,READ,0x6b4000,4096
0,sized0,0,READ,0x6b5000,4096
0,sized0,0,READ,0x6b6000,4096
0,sized0,0,READ,0x6b7000,4096
0,sized0,0,READ,0x6b8000,4096
0,sized0,0,READ,0x6b9000,4096
0,sized0,0,READ,0x6ba000,4096
0,sized0,0,READ,0x6bb000,4096
0,sized0,0,READ,0x6bc000,4096
0,sized0,0,READ,0x6bd000,4096
0,sized0,0,READ,0x6be000,4096
0,sized0,0,READ,0x6bf000,4096
0,sized0,0,READ,0x6c0000,4096
0,sized0,0,READ,0x6c1000,4096
0,sized0,0,READ,0x6c2000,4096
0,sized0,0,READ,0x6c3000,4096
0,sized0,0,READ,0x6c4000,4096
0,sized0,0,READ,0x6c5000,4096
0,sized0,0,READ,0x6c6000,4096
0,sized0,0,READ,0x6c7000,4096
0,sized0,0,READ,0x6c8000,4096
0,sized0,0,READ,0x6c9000,4096
0,sized0,0,READ,0x6ca000,4096
0,sized0,0,READ,0x6cb000,4096
0,sized0,0,READ,0x6cc000,4096
0,sized0,0,READ,0x6cd000,4096
0,sized0,0,READ,0x6ce000,4096
0,sized0,0,READ,0x6cf000,4096
0,sized0,0,READ,0x6d0000,4096
0,sized0,0,READ,0x6d1000,4096
0,sized0,0,READ,0x6d2000,4096
0,sized0,0,READ,0x6d3000,4096
0,sized0,0,READ,0x6d4000,4096
0,sized0,0,READ,0x6d5000,4096
0,sized0,0,READ,0x6d6000,4096
0,sized0,0,READ,0x6d7000,4096
0,sized0,0,READ,0x6d8000,4096
0,sized0,0,READ,0x6d9000,4096
0,sized0,0,READ,0x6da000,4096
0,sized0,0,READ,0x6db000,4096
0,sized0,0,READ,0x6dc000,4096
0,sized0,0,READ,0x6dd000,4096
0,sized0,0,READ,0x6de000,4096
0,sized0,0,READ,0x6df000,4096
0,sized0,0,READ,0x6e0000,4096
0,sized0,0,READ,0x6e1000,4096
0,sized0,0,READ,0x6e2000,4096
0,sized0,0,READ,0x6e3000,4096
0,sized0,0,READ,0x6e4000,4096
0,sized0,0,READ,0x6e5000,4096
0,sized0,0,READ,0x6e6000,4096
0,sized0,0,READ,0x6e7000,4096
0,sized0,0,READ,0x6e8000,4096
0,sized0,0,READ,0x6e9000,4096
0,sized0,0,READ,0x6ea000,4096
0,sized0,0,READ,0x6eb000,4096
0,sized0,0,READ,0x6ec000,4096
0,sized0,0,READ,0x6ed000,4096
0,sized0,0,READ,0x6ee000,4096
0,sized0,0,READ,0x6ef000,4096
0,sized0,0,READ,0x6f0000,4096
0,sized0,0,READ,0x6f1000,4096
0,sized0,0,READ,0x6f2000,4096
0,sized0,0,READ,0x6f3000,4096
0,sized0,0,READ,0x6f4000,4096
0,sized0,0,READ,0x6f5000,4096
0,sized0,0,READ,0x6f6000,4096
0,sized0,0,READ,0x6f7000,4096
0,sized0,0,READ,0x6f8000,4096
0,sized0,0,READ,0x6f9000,4096
0,sized0,0,READ,0x6fa000,4096
0,sized0,0,READ,0x6fb000,4096
0,sized0,0,READ,0x6fc000,4096
0,sized0,0,READ,0x6fd000,4096
0,sized0,0,READ,0x6fe000,4096
0,sized0,0,READ,0x6ff000,4096
0,sized0,0,READ,0x700000,4096
0,sized0,0,READ,0x701000,4096
0,sized0,0,READ,0x702000,4096
0,sized0,0,READ,0x703000,4096
0,sized0,0,READ,0x704000,4096
0,sized0,0,READ,0x705000,4096
0,sized0,0,READ,0x706000,4096
0,sized0,0,READ,0x707000,4096
0,sized0,0,READ,0x708000,4096
0,sized0,0,READ,0x709000,4096
0,sized0,0,READ,0x70a000,4096
0,sized0,0,READ,0x70b000,4096
0,sized0,0,READ,0x70c000,4096
0,sized0,0,READ,0x70d000,4096
0,sized0,0,READ,0x70e000,4096
0,sized0,0,READ,0x70f000,4096
0,sized0,0,READ,0x710000,4096
0,sized0,0,READ,0x711000,4096
0,sized0,0,READ,0x712000,4096
0,sized0,0,READ,0x713000,4096
0,sized0,0,READ,0x714000,4096
0,sized0,0,READ,0x715000,4096
0,sized0,0,READ,0x716000,4096
0,sized0,0,READ,0x717000,4096
0,sized0,0,READ,0x718000,4096
0,sized0,0,READ,0x719000,4096
0,sized0,0,READ,0x71a000,4096
0,sized0,0,READ,0x71b000,4096
0,sized0,0,READ,0x71c000,4096
0,sized0,0,READ,0x71d000,4096
0,sized0,0,READ,0x71e000,4096
0,sized0,0,READ,0x71f000,4096
0,sized0,0,READ,0x720000,4096
0,sized0,0,READ,0x721000,4096
0,sized0,0,READ,0x722000,4096
0,sized0,0,READ,0x723000,4096
0,sized0,0,READ,0x724000,4096
0,sized0,0,READ,0x725000,4096
0,sized0,0,READ,0x726000,4096
0,sized0,0,READ,0x727000,4096
0,sized0,0,READ,0x728000,4096
0,sized0,0,READ,0x729000,4096
0,sized0,0,READ,0x72a000,4096
0,sized0,0,READ,0x72b000,4096
0,sized0,0,READ,0x72c000,4096
0,sized0,0,READ,0x72d000,4096
0,sized0,0,READ,0x72e000,4096
0,sized0,0,READ,0x72f000,4096
0,sized0,0,READ,0x730000,4096
0,sized0,0,READ,0x731000,4096
0,sized0,0,READ,0x732000,4096
0,sized0,0,READ,0x733000,4096
0,sized0,0,READ,0x734000,4096
0,sized0,0,READ,0x735000,4096
0,sized0,0,READ,0x736000,4096
0,sized0,0,READ,0x737000,4096
0,sized0,0,READ,0x738000,4096
0,sized0,0,READ,0x739000,4096
0,sized0,0,READ,0x73a000,4096
0,sized0,0,READ,0x73b000,4096
0,sized0,0,READ,0x73c000,4096
0,sized0,0,READ,0x73d000,4096
0,sized0,0,READ,0x73e000,4096
0,sized0,0,READ,0x73f000,4096
0,sized0,0,READ,0x740000,4096
0,sized0,0,READ,0x741000,4096
0,sized0,0,READ,0x742000,4096
0,sized0,0,READ,0x743000,4096
0,sized0,0,READ,0x744000,4096
0,sized0,0,READ,0x745000,4096
0,sized0,0,READ,0x746000,4096
0,sized0,0,READ,0x747000,4096
0,sized0,0,READ,0x748000,4096
0,sized0,0,READ,0x749000,4096
0,sized0,0,READ,0x74a000,4096
0,sized0,0,READ,0x74b000,4096
0,sized0,0,READ,0x74c000,4096
0,sized0,0,READ,0x74d000,4096
0,sized0,0,READ,0x74e000,4096
0,sized0,0,READ,0x74f000,4096
0,sized0,0,READ,0x750000,4096
0,sized0,0,READ,0x751000,4096
0,sized0,0,READ,0x752000,4096
0,sized0,0,READ,0x753000,4096
0,sized0,0,READ,0x754000,4096
0,sized0,0,READ,0x755000,4096
0,sized0,0,READ,0x756000,4096
0,sized0,0,READ,0x757000,4096
0,sized0,0,READ,0x758000,4096
0,sized0,0,READ,0x759000,4096
0,sized0,0,READ,0x75a000,4096
0,sized0,0,READ,0x75b000,4096
0,sized0,0,READ,0x75c000,4096
0,sized0,0,READ,0x75d000,4096
0,sized0,0,READ,0x75e000,4096
0,sized0,0,READ,0x75f000,4096
0,sized0,0,READ,0x760000,4096
0,sized0,0,READ,0x761000,4096
0,sized0,0,READ,0x762000,4096
0,sized0,0,READ,0x763000,4096
0,sized0,0,READ,0x764000,4096
0,sized0,0,READ,0x765000,4096
0,sized0,0,READ,0x766000,4096
0,sized0,0,READ,0x767000,4096
0,sized0,0,READ,0x768000,4096
0,sized0,0,READ,0x769000,4096
0,sized0,0,READ,0x76a000,4096
0,sized0,0,READ,0x76b000,4096
0,sized0,0,READ,0x76c000,4096
0,sized0,0,READ,0x76d000,4096
0,sized0,0,READ,0x76e000,4096
0,sized0,0,READ,0x76f000,4096
0,sized0,0,READ,0x770000,4096
0,sized0,0,READ,0x771000,4096
0,sized0,0,READ,0x772000,4096
0,sized0,0,READ,0x773000,4096
0,sized0,0,READ,0x774000,4096
0,sized0,0,READ,0x775000,4096
0,sized0,0,READ,0x776000,4096
0,sized0,0,READ,0x777000,4096
0,sized0,0,READ,0x778000,4096
0,sized0,0,READ,0x779000,4096
0,sized0,0,READ,0x77a000,4096
0,sized0,0,READ,0x77b000,4096
0,sized0,0,READ,0x77c000,4096
0,sized0,0,READ,0x77d000,4096
0,sized0,0,READ,0x77e000,4096
0,sized0,0,READ,0x77f000,4096
0,sized0,0,READ,0x780000,4096
0,sized0,0,READ,0x781000,4096
0,sized0,0,READ,0x782000,4096
0,sized0,0,READ,0x783000,4096
0,sized0,0,READ,0x784000,4096
0,sized0,0,READ,0x785000,4096
0,sized0,0,READ,0x786000,4096
0,sized0,0,READ,0x787000,4096
0,sized0,0,READ,0x788000,4096
0,sized0,0,READ,0x789000,4096
0,sized0,0,READ,0x78a000,4096
0,sized0,0,READ,0x78b000,4096
0,sized0,0,READ,0x78c000,4096
0,sized0,0,READ,0x78d000,4096
0,sized0,0,READ,0x78e000,4096
0,sized0,0,READ,0x78f000,4096
0,sized0,0,READ,0x790000,4096
0,sized0,0,READ,0x791000,4096
0,sized0,0,READ,0x792000,4096
0,sized0,0,READ,0x793000,4096
0,sized0,0,READ,0x794000,4096
0,sized0,0,READ,0x795000,4096
0,sized0,0,READ,0x796000,4096
0,sized0,0,READ,0x797000,4096
0,sized0,0,READ,0x798000,4096
0,sized0,0,READ,0x799000,4096
0,sized0,0,READ,0x79a000,4096
0,sized0,0,READ,0x79b000,4096
0,sized0,0,READ,0x79c000,4096
0,sized0,0,READ,0x79d000,4096
0,sized0,0,READ,0x79e000,4096
0,sized0,0,READ,0x79f000,4096
0,sized0,0,READ,0x7a0000,4096
0,sized0,0,READ,0x7a1000,4096
0,sized0,0,READ,0x7a2000,4096
0,sized0,0,READ,0x7a3000,4096
0,sized0,0,READ,0x7a4000,4096
0,sized0,0,READ,0x7a5000,4096
0,sized0,0,READ,0x7a6000,4096
0,sized0,0,READ,0x7a7000,4096
0,sized0,0,READ,0x7a8000,4096
0,sized0,0,READ,0x7a9000,4096
0,sized0,0,READ,0x7aa000,4096
0,sized0,0,READ,0x7ab000,4096
0,sized0,0,READ,0x7ac000,4096
0,sized0,0,READ,0x7ad000,4096
0,sized0,0,READ,0x7ae000,4096
0,sized0,0,READ,0x7af000,4096
0,sized0,0,READ,0x7b0000,4096
0,sized0,0,READ,0x7b1000,4096
0,sized0,0,READ,0x7b2000,4096
0,sized0,0,READ,0x7b3000,4096
0,sized0,0,READ,0x7b4000,4096
0,sized0,0,READ,0x7b5000,4096
0,sized0,0,READ,0x7b6000,4096
0,sized0,0,READ,0x7b7000,4096
0,sized0,0,READ,0x7b8000,4096
0,sized0,0,READ,0x7b9000,4096
0,sized0,0,READ,0x7ba000,4096
0,sized0,0,READ,0x7bb000,4096
0,sized0,0,READ,0x7bc000,4096
0,sized0,0,READ,0x7bd000,4096
0,sized0,0,READ,0x7be000,4096
0,sized0,0,READ,0x7bf000,4096
0,sized0,0,READ,0x7c0000,4096
0,sized0,0,READ,0x7c1000,4096
0,sized0,0,READ,0x7c2000,4096
0,sized0,0,READ,0x7c3000,4096
0,sized0,0,READ,0x7c4000,4096
0,sized0,0,READ,0x7c5000,4096
0,sized0,0,READ,0x7c6000,4096
0,sized0,0,READ,0x7c7000,4096
0,sized0,0,READ,0x7c8000,4096
0,sized0,0,READ,0x7c9000,4096
0,sized0,0,READ,0x7ca000,4096
0,sized0,0,READ,0x7cb000,4096
0,sized0,0,READ,0x7cc000,4096
0,sized0,0,READ,0x7cd000,4096
0,sized0,0,READ,0x7ce000,4096
0,sized0,0,READ,0x7cf000,4096
0,sized1,1,READ,0x10000000000,8192
0,sized1,1,READ,0x10000002000,8192
0,sized1,1,READ,0x10000004000,8192
0,sized1,1,READ,0x10000006000,8192
0,sized1,1,READ,0x10000008000,8192
0,sized1,1,READ,0x1000000a000,8192
0,sized1,1,READ,0x1000000c000,8192
0,sized1,1,READ,0x1000000e000,8192
0,sized1,1,READ,0x10000010000,8192
0,sized1,1,READ,0x10000012000,8192
0,sized1,1,READ,0x10000014000,8192
0,sized1,1,READ,0x10000016000,8192
0,sized1,1,READ,0x10000018000,8192
0,sized1,1,READ,0x1000001a000,8192
0,sized1,1,READ,0x1000001c000,8192
0,sized1,1,READ,0x1000001e000,8192
0,sized1,1,READ,0x10000020000,8192
0,sized1,1,READ,0x10000022000,8192
0,sized1,1,READ,0x10000024000,8192
0,sized1,1,READ,0x10000026000,8192
0,sized1,1,READ,0x10000028000,8192
0,sized1,1,READ,0x1000002a000,8192
0,sized1,1,READ,0x1000002c000,8192
0,sized1,1,READ,0x1000002e000,8192
0,sized1,1,READ,0x10000030000,8192
0,sized1,1,READ,0x10000032000,8192
0,sized1,1,READ,0x10000034000,8192
0,sized1,1,READ,0x10000036000,8192
0,sized1,1,READ,0x10000038000,8192
0,sized1,1,READ,0x1000003a000,8192
0,sized1,1,READ,0x1000003c000,8192
0,sized1,1,READ,0x1000003e000,8192
0,sized1,1,READ,0x10000040000,8192
0,sized1,1,READ,0x10000042000,8192
0,sized1,1,READ,0x10000044000,8192
0,sized1,1,READ,0x10000046000,8192
0,sized1,1,READ,0x10000048000,8192
0,sized1,1,READ,0x1000004a000,8192
0,sized1,1,READ,0x1000004c000,8192
0,sized1,1,READ,0x1000004e000,8192
0,sized1,1,READ,0x10000050000,8192
0,sized1,1,READ,0x10000052000,8192
0,sized1,1,READ,0x10000054000,8192
0,sized1,1,READ,0x10000056000,8192
0,sized1,1,READ,0x10000058000,8192
0,sized1,1,READ,0x1000005a000,8192
0,sized1,1,READ,0x1000005c000,8192
0,sized1,1,READ,0x1000005e000,8192
0,sized1,1,READ,0x10000060000,8192
0,sized1,1,READ,0x10000062000,8192
0,sized1,1,READ,0x10000064000,8192
0,sized1,1,READ,0x10000066000,8192
0,sized1,1,READ,0x10000068000,8192
0,sized1,1,READ,0x1000006a000,8192
0,sized1,1,READ,0x1000006c000,8192
0,sized1,1,READ,0x1000006e000,8192
0,sized1,1,READ,0x10000070000,8192
0,sized1,1,READ,0x10000072000,8192
0,sized1,1,READ,0x10000074000,8192
0,sized1,1,READ,0x10000076000,8192
0,sized1,1,READ,0x10000078000,8192
0,sized1,1,READ,0x1000007a000,8192
0,sized1,1,READ,0x1000007c000,8192
0,sized1,1,READ,0x1000007e000,8192
0,sized1,1,READ,0x10000080000,8192
0,sized1,1,READ,0x10000082000,8192
0,sized1,1,READ,0x10000084000,8192
0,sized1,1,READ,0x10000086000,8192
0,sized1,1,READ,0x10000088000,8192
0,sized1,1,READ,0x1000008a000,8192
0,sized1,1,READ,0x1000008c000,8192
0,sized1,1,READ,0x1000008e000,8192
0,sized1,1,READ,0x10000090000,8192
0,sized1,1,READ,0x10000092000,8192
0,sized1,1,READ,0x10000094000,8192
0,sized1,1,READ,0x10000096000,8192
0,sized1,1,READ,0x10000098000,8192
0,sized1,1,READ,0x1000009a000,8192
0,sized1,1,READ,0x1000009c000,8192
0,sized1,1,READ,0x1000009e000,8192
0,sized1,1,READ,0x100000a0000,8192
0,sized1,1,READ,0x100000a2000,8192
0,sized1,1,READ,0x100000a4000,8192
0,sized1,1,READ,0x100000a6000,8192
0,sized1,1,READ,0x100000a8000,8192
0,sized1,1,READ,0x100000aa000,8192
0,sized1,1,READ,0x100000ac000,8192
0,sized1,1,READ,0x100000ae000,8192
0,sized1,1,READ,0x100000b0000,8192
0,sized1,1,READ,0x100000b2000,8192
0,sized1,1,READ,0x100000b4000,8192
0,sized1,1,READ,0x100000b6000,8192
0,sized1,1,READ,0x100000b8000,8192
0,sized1,1,READ,0x100000ba000,8192
0,sized1,1,READ,0x100000bc000,8192
0,sized1,1,READ,0x100000be000,8192
0,sized1,1,READ,0x100000c0000,8192
0,sized1,1,READ,0x100000c2000,8192
0,sized1,1,READ,0x100000c4000,8192
0,sized1,1,READ,0x100000c6000,8192
0,sized1,1,READ,0x100000c8000,8192
0,sized1,1,READ,0x100000ca000,8192
0,sized1,1,READ,0x100000cc000,8192
0,sized1,1,READ,0x100000ce000,8192
0,sized1,1,READ,0x100000d0000,8192
0,sized1,1,READ,0x100000d2000,8192
0,sized1,1,READ,0x100000d4000,8192
0,sized1,1,READ,0x100000d6000,8192
0,sized1,1,READ,0x100000d8000,8192
0,sized1,1,READ,0x100000da000,8192
0,sized1,1,READ,0x100000dc000,8192
0,sized1,1,READ,0x100000de000,8192
0,sized1,1,READ,0x100000e0000,8192
0,sized1,1,READ,0x100000e2000,8192
0,sized1,1,READ,0x100000e4000,8192
0,sized1,1,READ,0x100000e6000,8192
0,sized1,1,READ,0x100000e8000,8192
0,sized1,1,READ,0x100000ea000,8192
0,sized1,1,READ,0x100000ec000,8192
0,sized1,1,READ,0x100000ee000,8192
0,sized1,1,READ,0x100000f0000,8192
0,sized1,1,READ,0x100000f2000,8192
0,sized1,1,READ,0x100000f4000,8192
0,sized1,1,READ,0x100000f6000,8192
0,sized1,1,READ,0x100000f8000,8192
0,sized1,1,READ,0x100000fa000,8192
0,sized1,1,READ,0x100000fc000,8192
0,sized1,1,READ,0x100000fe000,8192
0,sized1,1,READ,0x10000100000,8192
0,sized1,1,READ,0x10000102000,8192
0,sized1,1,READ,0x10000104000,8192
0,sized1,1,READ,0x10000106000,8192
0,sized1,1,READ,0x10000108000,8192
0,sized1,1,READ,0x1000010a000,8192
0,sized1,1,READ,0x1000010c000,8192
0,sized1,1,READ,0x1000010e000,8192
0,sized1,1,READ,0x10000110000,8192
0,sized1,1,READ,0x10000112000,8192
0,sized1,1,READ,0x10000114000,8192
0,sized1,1,READ,0x10000116000,8192
0,sized1,1,READ,0x10000118000,8192
0,sized1,1,READ,0x1000011a000,8192
0,sized1,1,READ,0x1000011c000,8192
0,sized1,1,READ,0x1000011e000,8192
0,sized1,1,READ,0x10000120000,8192
0,sized1,1,READ,0x10000122000,8192
0,sized1,1,READ,0x10000124000,8192
0,sized1,1,READ,0x10000126000,8192
0,sized1,1,READ,0x10000128000,8192
0,sized1,1,READ,0x1000012a000,8192
0,sized1,1,READ,0x1000012c000,8192
0,sized1,1,READ,0x1000012e000,8192
0,sized1,1,READ,0x10000130000,8192
0,sized1,1,READ,0x10000132000,8192
0,sized1,1,READ,0x10000134000,8192
0,sized1,1,READ,0x10000136000,8192
0,sized1,1,READ,0x10000138000,8192
0,sized1,1,READ,0x1000013a000,8192
0,sized1,1,READ,0x1000013c000,8192
0,sized1,1,READ,0x1000013e000,8192
0,sized1,1,READ,0x10000140000,8192
0,sized1,1,READ,0x10000142000,8192
0,sized1,1,READ,0x10000144000,8192
0,sized1,1,READ,0x10000146000,8192
0,sized1,1,READ,0x10000148000,8192
0,sized1,1,READ,0x1000014a000,8192
0,sized1,1,READ,0x1000014c000,8192
0,sized1,1,READ,0x1000014e000,8192
0,sized1,1,READ,0x10000150000,8192
0,sized1,1,READ,0x10000152000,8192
0,sized1,1,READ,0x10000154000,8192
0,sized1,1,READ,0x10000156000,8192
0,sized1,1,READ,0x10000158000,8192
0,sized1,1,READ,0x1000015a000,8192
0,sized1,1,READ,0x1000015c000,8192
0,sized1,1,READ,0x1000015e000,8192
0,sized1,1,READ,0x10000160000,8192
0,sized1,1,READ,0x10000162000,8192
0,sized1,1,READ,0x10000164000,8192
0,sized1,1,READ,0x10000166000,8192
0,sized1,1,READ,0x10000168000,8192
0,sized1,1,READ,0x1000016a000,8192
0,sized1,1,READ,0x1000016c000,8192
0,sized1,1,READ,0x1000016e000,8192
0,sized1,1,READ,0x10000170000,8192
0,sized1,1,READ,0x10000172000,8192
0,sized1,1,READ,0x10000174000,8192
0,sized1,1,READ,0x10000176000,8192
0,sized1,1,READ,0x10000178000,8192
0,sized1,1,READ,0x1000017a000,8192
0,sized1,1,READ,0x1000017c000,8192
0,sized1,1,READ,0x1000017e000,8192
0,sized1,1,READ,0x10000180000,8192
0,sized1,1,READ,0x10000182000,8192
0,sized1,1,READ,0x10000184000,8192
0,sized1,1,READ,0x10000186000,8192
0,sized1,1,READ,0x10000188000,8192
0,sized1,1,READ,0x1000018a000,8192
0,sized1,1,READ,0x1000018c000,8192
0,sized1,1,READ,0x1000018e000,8192
0,sized1,1,READ,0x10000190000,8192
0,sized1,1,READ,0x10000192000,8192
0,sized1,1,READ,0x10000194000,8192
0,sized1,1,READ,0x10000196000,8192
0,sized1,1,READ,0x10000198000,8192
0,sized1,1,READ,0x1000019a000,8192
0,sized1,1,READ,0x1000019c000,8192
0,sized1,1,READ,0x1000019e000,8192
0,sized1,1,READ,0x100001a0000,8192
0,sized1,1,READ,0x100001a2000,8192
0,sized1,1,READ,0x100001a4000,8192
0,sized1,1,READ,0x100001a6000,8192
0,sized1,1,READ,0x100001a8000,8192
0,sized1,1,READ,0x100001aa000,8192
0,sized1,1,READ,0x100001ac000,8192
0,sized1,1,READ,0x100001ae000,8192
0,sized1,1,READ,0x100001b0000,8192
0,sized1,1,READ,0x100001b2000,8192
0,sized1,1,READ,0x100001b4000,8192
0,sized1,1,READ,0x100001b6000,8192
0,sized1,1,READ,0x100001b8000,8192
0,sized1,1,READ,0x100001ba000,8192
0,sized1,1,READ,0x100001bc000,8192
0,sized1,1,READ,0x100001be000,8192
0,sized1,1,READ,0x100001c0000,8192
0,sized1,1,READ,0x100001c2000,8192
0,sized1,1,READ,0x100001c4000,8192
0,sized1,1,READ,0x100001c6000,8192
0,sized1,1,READ,0x100001c8000,8192
0,sized1,1,READ,0x100001ca000,8192
0,sized1,1,READ,0x100001cc000,8192
0,sized1,1,READ,0x100001ce000,8192
0,sized1,1,READ,0x100001d0000,8192
0,sized1,1,READ,0x100001d2000,8192
0,sized1,1,READ,0x100001d4000,8192
0,sized1,1,READ,0x100001d6000,8192
0,sized1,1,READ,0x100001d8000,8192
0,sized1,1,READ,0x100001da000,8192
0,sized1,1,READ,0x100001dc000,8192
0,sized1,1,READ,0x100001de000,8192
0,sized1,1,READ,0x100001e0000,8192
0,sized1,1,READ,0x100001e2000,8192
0,sized1,1,READ,0x100001e4000,8192
0,sized1,1,READ,0x100001e6000,8192
0,sized1,1,READ,0x100001e8000,8192
0,sized1,1,READ,0x100001ea000,8192
0,sized1,1,READ,0x100001ec000,8192
0,sized1,1,READ,0x100001ee000,8192
0,sized1,1,READ,0x100001f0000,8192
0,sized1,1,READ,0x100001f2000,8192
0,sized1,1,READ,0x100001f4000,8192
0,sized1,1,READ,0x100001f6000,8192
0,sized1,1,READ,0x100001f8000,8192
0,sized1,1,READ,0x100001fa000,8192
0,sized1,1,READ,0x100001fc000,8192
0,sized1,1,READ,0x100001fe000,8192
0,sized1,1,READ,0x10000200000,8192
0,sized1,1,READ,0x10000202000,8192
0,sized1,1,READ,0x10000204000,8192
0,sized1,1,READ,0x10000206000,8192
0,sized1,1,READ,0x10000208000,8192
0,sized1,1,READ,0x1000020a000,8192
0,sized1,1,READ,0x1000020c000,8192
0,sized1,1,READ,0x1000020e000,8192
0,sized1,1,READ,0x10000210000,8192
0,sized1,1,READ,0x10000212000,8192
0,sized1,1,READ,0x10000214000,8192
0,sized1,1,READ,0x10000216000,8192
0,sized1,1,READ,0x10000218000,8192
0,sized1,1,READ,0x1000021a000,8192
0,sized1,1,READ,0x1000021c000,8192
0,sized1,1,READ,0x1000021e000,8192
0,sized1,1,READ,0x10000220000,8192
0,sized1,1,READ,0x10000222000,8192
0,sized1,1,READ,0x10000224000,8192
0,sized1,1,READ,0x10000226000,8192
0,sized1,1,READ,0x10000228000,8192
0,sized1,1,READ,0x1000022a000,8192
0,sized1,1,READ,0x1000022c000,8192
0,sized1,1,READ,0x1000022e000,8192
0,sized1,1,READ,0x10000230000,8192
0,sized1,1,READ,0x10000232000,8192
0,sized1,1,READ,0x10000234000,8192
0,sized1,1,READ,0x10000236000,8192
0,sized1,1,READ,0x10000238000,8192
0,sized1,1,READ,0x1000023a000,8192
0,sized1,1,READ,0x1000023c000,8192
0,sized1,1,READ,0x1000023e000,8192
0,sized1,1,READ,0x10000240000,8192
0,sized1,1,READ,0x10000242000,8192
0,sized1,1,READ,0x10000244000,8192
0,sized1,1,READ,0x10000246000,8192
0,sized1,1,READ,0x10000248000,8192
0,sized1,1,READ,0x1000024a000,8192
0,sized1,1,READ,0x1000024c000,8192
0,sized1,1,READ,0x1000024e000,8192
0,sized1,1,READ,0x10000250000,8192
0,sized1,1,READ,0x10000252000,8192
0,sized1,1,READ,0x10000254000,8192
0,sized1,1,READ,0x10000256000,8192
0,sized1,1,READ,0x10000258000,8192
0,sized1,1,READ,0x1000025a000,8192
0,sized1,1,READ,0x1000025c000,8192
0,sized1,1,READ,0x1000025e000,8192
0,sized1,1,READ,0x10000260000,8192
0,sized1,1,READ,0x10000262000,8192
0,sized1,1,READ,0x10000264000,8192
0,sized1,1,READ,0x10000266000,8192
0,sized1,1,READ,0x10000268000,8192
0,sized1,1,READ,0x1000026a000,8192
0,sized1,1,READ,0x1000026c000,8192
0,sized1,1,READ,0x1000026e000,8192
0,sized1,1,READ,0x10000270000,8192
0,sized1,1,READ,0x10000272000,8192
0,sized1,1,READ,0x10000274000,8192
0,sized1,1,READ,0x10000276000,8192
0,sized1,1,READ,0x10000278000,8192
0,sized1,1,READ,0x1000027a000,8192
0,sized1,1,READ,0x1000027c000,8192
0,sized1,1,READ,0x1000027e000,8192
0,sized1,1,READ,0x10000280000,8192
0,sized1,1,READ,0x10000282000,8192
0,sized1,1,READ,0x10000284000,8192
0,sized1,1,READ,0x10000286000,8192
0,sized1,1,READ,0x10000288000,8192
0,sized1,1,READ,0x1000028a000,8192
0,sized1,1,READ,0x1000028c000,8192
0,sized1,1,READ,0x1000028e000,8192
0,sized1,1,READ,0x10000290000,8192
0,sized1,1,READ,0x10000292000,8192
0,sized1,1,READ,0x10000294000,8192
0,sized1,1,READ,0x10000296000,8192
0,sized1,1,READ,0x10000298000,8192
0,sized1,1,READ,0x1000029a000,8192
0,sized1,1,READ,0x1000029c000,8192
0,sized1,1,READ,0x1000029e000,8192
0,sized1,1,READ,0x100002a0000,8192
0,sized1,1,READ,0x100002a2000,8192
0,sized1,1,READ,0x100002a4000,8192
0,sized1,1,READ,0x100002a6000,8192
0,sized1,1,READ,0x100002a8000,8192
0,sized1,1,READ,0x100002aa000,8192
0,sized1,1,READ,0x100002ac000,8192
0,sized1,1,READ,0x100002ae000,8192
0,sized1,1,READ,0x100002b0000,8192
0,sized1,1,READ,0x100002b2000,8192
0,sized1,1,READ,0x100002b4000,8192
0,sized1,1,READ,0x100002b6000,8192
0,sized1,1,READ,0x100002b8000,8192
0,sized1,1,READ,0x100002ba000,8192
0,sized1,1,READ,0x100002bc000,8192
0,sized1,1,READ,0x100002be000,8192
0,sized1,1,READ,0x100002c0000,8192
0,sized1,1,READ,0x100002c2000,8192
0,sized1,1,READ,0x100002c4000,8192
0,sized1,1,READ,0x100002c6000,8192
0,sized1,1,READ,0x100002c8000,8192
0,sized1,1,READ,0x100002ca000,8192
0,sized1,1,READ,0x100002cc000,8192
0,sized1,1,READ,0x100002ce000,8192
0,sized1,1,READ,0x100002d0000,8192
0,sized1,1,READ,0x100002d2000,8192
0,sized1,1,READ,0x100002d4000,8192
0,sized1,1,READ,0x100002d6000,8192
0,sized1,1,READ,0x100002d8000,8192
0,sized1,1,READ,0x100002da000,8192
0,sized1,1,READ,0x100002dc000,8192
0,sized1,1,READ,0x100002de000,8192
0,sized1,1,READ,0x100002e0000,8192
0,sized1,1,READ,0x100002e2000,8192
0,sized1,1,READ,0x100002e4000,8192
0,sized1,1,READ,0x100002e6000,8192
0,sized1,1,READ,0x100002e8000,8192
0,sized1,1,READ,0x100002ea000,8192
0,sized1,1,READ,0x100002ec000,8192
0,sized1,1,READ,0x100002ee000,8192
0,sized1,1,READ,0x100002f0000,8192
0,sized1,1,READ,0x100002f2000,8192
0,sized1,1,READ,0x100002f4000,8192
0,sized1,1,READ,0x100002f6000,8192
0,sized1,1,READ,0x100002f8000,8192
0,sized1,1,READ,0x100002fa000,8192
0,sized1,1,READ,0x100002fc000,8192
0,sized1,1,READ,0x100002fe000,8192
0,sized1,1,READ,0x10000300000,8192
0,sized1,1,READ,0x10000302000,8192
0,sized1,1,READ,0x10000304000,8192
0,sized1,1,READ,0x10000306000,8192
0,sized1,1,READ,0x10000308000,8192
0,sized1,1,READ,0x1000030a000,8192
0,sized1,1,READ,0x1000030c000,8192
0,sized1,1,READ,0x1000030e000,8192
0,sized1,1,READ,0x10000310000,8192
0,sized1,1,READ,0x10000312000,8192
0,sized1,1,READ,0x10000314000,8192
0,sized1,1,READ,0x10000316000,8192
0,sized1,1,READ,0x10000318000,8192
0,sized1,1,READ,0x1000031a000,8192
0,sized1,1,READ,0x1000031c000,8192
0,sized1,1,READ,0x1000031e000,8192
0,sized1,1,READ,0x10000320000,8192
0,sized1,1,READ,0x10000322000,8192
0,sized1,1,READ,0x10000324000,8192
0,sized1,1,READ,0x10000326000,8192
0,sized1,1,READ,0x10000328000,8192
0,sized1,1,READ,0x1000032a000,8192
0,sized1,1,READ,0x1000032c000,8192
0,sized1,1,READ,0x1000032e000,8192
0,sized1,1,READ,0x10000330000,8192
0,sized1,1,READ,0x10000332000,8192
0,sized1,1,READ,0x10000334000,8192
0,sized1,1,READ,0x10000336000,8192
0,sized1,1,READ,0x10000338000,8192
0,sized1,1,READ,0x1000033a000,8192
0,sized1,1,READ,0x1000033c000,8192
0,sized1,1,READ,0x1000033e000,8192
0,sized1,1,READ,0x10000340000,8192
0,sized1,1,READ,0x10000342000,8192
0,sized1,1,READ,0x10000344000,8192
0,sized1,1,READ,0x10000346000,8192
0,sized1,1,READ,0x10000348000,8192
0,sized1,1,READ,0x1000034a000,8192
0,sized1,1,READ,0x1000034c000,8192
0,sized1,1,READ,0x1000034e000,8192
0,sized1,1,READ,0x10000350000,8192
0,sized1,1,READ,0x10000352000,8192
0,sized1,1,READ,0x10000354000,8192
0,sized1,1,READ,0x10000356000,8192
0,sized1,1,READ,0x10000358000,8192
0,sized1,1,READ,0x1000035a000,8192
0,sized1,1,READ,0x1000035c000,8192
0,sized1,1,READ,0x1000035e000,8192
0,sized1,1,READ,0x10000360000,8192
0,sized1,1,READ,0x10000362000,8192
0,sized1,1,READ,0x10000364000,8192
0,sized1,1,READ,0x10000366000,8192
0,sized1,1,READ,0x10000368000,8192
0,sized1,1,READ,0x1000036a000,8192
0,sized1,1,READ,0x1000036c000,8192
0,sized1,1,READ,0x1000036e000,8192
0,sized1,1,READ,0x10000370000,8192
0,sized1,1,READ,0x10000372000,8192
0,sized1,1,READ,0x10000374000,8192
0,sized1,1,READ,0x10000376000,8192
0,sized1,1,READ,0x10000378000,8192
0,sized1,1,READ,0x1000037a000,8192
0,sized1,1,READ,0x1000037c000,8192
0,sized1,1,READ,0x1000037e000,8192
0,sized1,1,READ,0x10000380000,8192
0,sized1,1,READ,0x10000382000,8192
0,sized1,1,READ,0x10000384000,8192
0,sized1,1,READ,0x10000386000,8192
0,sized1,1,READ,0x10000388000,8192
0,sized1,1,READ,0x1000038a000,8192
0,sized1,1,READ,0x1000038c000,8192
0,sized1,1,READ,0x1000038e000,8192
0,sized1,1,READ,0x10000390000,8192
0,sized1,1,READ,0x10000392000,8192
0,sized1,1,READ,0x10000394000,8192
0,sized1,1,READ,0x10000396000,8192
0,sized1,1,READ,0x10000398000,8192
0,sized1,1,READ,0x1000039a000,8192
0,sized1,1,READ,0x1000039c000,8192
0,sized1,1,READ,0x1000039e000,8192
0,sized1,1,READ,0x100003a0000,8192
0,sized1,1,READ,0x100003a2000,8192
0,sized1,1,READ,0x100003a4000,8192
0,sized1,1,READ,0x100003a6000,8192
0,sized1,1,READ,0x100003a8000,8192
0,sized1,1,READ,0x100003aa000,8192
0,sized1,1,READ,0x100003ac000,8192
0,sized1,1,READ,0x100003ae000,8192
0,sized1,1,READ,0x100003b0000,8192
0,sized1,1,READ,0x100003b2000,8192
0,sized1,1,READ,0x100003b4000,8192
0,sized1,1,READ,0x100003b6000,8192
0,sized1,1,READ,0x100003b8000,8192
0,sized1,1,READ,0x100003ba000,8192
0,sized1,1,READ,0x100003bc000,8192
0,sized1,1,READ,0x100003be000,8192
0,sized1,1,READ,0x100003c0000,8192
0,sized1,1,READ,0x100003c2000,8192
0,sized1,1,READ,0x100003c4000,8192
0,sized1,1,READ,0x100003c6000,8192
0,sized1,1,READ,0x100003c8000,8192
0,sized1,1,READ,0x100003ca000,8192
0,sized1,1,READ,0x100003cc000,8192
0,sized1,1,READ,0x100003ce000,8192
0,sized1,1,READ,0x100003d0000,8192
0,sized1,1,READ,0x100003d2000,8192
0,sized1,1,READ,0x100003d4000,8192
0,sized1,1,READ,0x100003d6000,8192
0,sized1,1,READ,0x100003d8000,8192
0,sized1,1,READ,0x100003da000,8192
0,sized1,1,READ,0x100003dc000,8192
0,sized1,1,READ,0x100003de000,8192
0,sized1,1,READ,0x100003e0000,8192
0,sized1,1,READ,0x100003e2000,8192
0,sized1,1,READ,0x100003e4000,8192
0,sized1,1,READ,0x100003e6000,8192
0,sized1,1,READ,0x100003e8000,8192
0,sized1,1,READ,0x100003ea000,8192
0,sized1,1,READ,0x100003ec000,8192
0,sized1,1,READ,0x100003ee000,8192
0,sized1,1,READ,0x100003f0000,8192
0,sized1,1,READ,0x100003f2000,8192
0,sized1,1,READ,0x100003f4000,8192
0,sized1,1,READ,0x100003f6000,8192
0,sized1,1,READ,0x100003f8000,8192
0,sized1,1,READ,0x100003fa000,8192
0,sized1,1,READ,0x100003fc000,8192
0,sized1,1,READ,0x100003fe000,8192
0,sized1,1,READ,0x10000400000,8192
0,sized1,1,READ,0x10000402000,8192
0,sized1,1,READ,0x10000404000,8192
0,sized1,1,READ,0x10000406000,8192
0,sized1,1,READ,0x10000408000,8192
0,sized1,1,READ,0x1000040a000,8192
0,sized1,1,READ,0x1000040c000,8192
0,sized1,1,READ,0x1000040e000,8192
0,sized1,1,READ,0x10000410000,8192
0,sized1,1,READ,0x10000412000,8192
0,sized1,1,READ,0x10000414000,8192
0,sized1,1,READ,0x10000416000,8192
0,sized1,1,READ,0x10000418000,8192
0,sized1,1,READ,0x1000041a000,8192
0,sized1,1,READ,0x1000041c000,8192
0,sized1,1,READ,0x1000041e000,8192
0,sized1,1,READ,0x10000420000,8192
0,sized1,1,READ,0x10000422000,8192
0,sized1,1,READ,0x10000424000,8192
0,sized1,1,READ,0x10000426000,8192
0,sized1,1,READ,0x10000428000,8192
0,sized1,1,READ,0x1000042a000,8192
0,sized1,1,READ,0x1000042c000,8192
0,sized1,1,READ,0x1000042e000,8192
0,sized1,1,READ,0x10000430000,8192
0,sized1,1,READ,0x10000432000,8192
0,sized1,1,READ,0x10000434000,8192
0,sized1,1,READ,0x10000436000,8192
0,sized1,1,READ,0x10000438000,8192
0,sized1,1,READ,0x1000043a000,8192
0,sized1,1,READ,0x1000043c000,8192
0,sized1,1,READ,0x1000043e000,8192
0,sized1,1,READ,0x10000440000,8192
0,sized1,1,READ,0x10000442000,8192
0,sized1,1,READ,0x10000444000,8192
0,sized1,1,READ,0x10000446000,8192
0,sized1,1,READ,0x10000448000,8192
0,sized1,1,READ,0x1000044a000,8192
0,sized1,1,READ,0x1000044c000,8192
0,sized1,1,READ,0x1000044e000,8192
0,sized1,1,READ,0x10000450000,8192
0,sized1,1,READ,0x10000452000,8192
0,sized1,1,READ,0x10000454000,8192
0,sized1,1,READ,0x10000456000,8192
0,sized1,1,READ,0x10000458000,8192
0,sized1,1,READ,0x1000045a000,8192
0,sized1,1,READ,0x1000045c000,8192
0,sized1,1,READ,0x1000045e000,8192
0,sized1,1,READ,0x10000460000,8192
0,sized1,1,READ,0x10000462000,8192
0,sized1,1,READ,0x10000464000,8192
0,sized1,1,READ,0x10000466000,8192
0,sized1,1,READ,0x10000468000,8192
0,sized1,1,READ,0x1000046a000,8192
0,sized1,1,READ,0x1000046c000,8192
0,sized1,1,READ,0x1000046e000,8192
0,sized1,1,READ,0x10000470000,8192
0,sized1,1,READ,0x10000472000,8192
0,sized1,1,READ,0x10000474000,8192
0,sized1,1,READ,0x10000476000,8192
0,sized1,1,READ,0x10000478000,8192
0,sized1,1,READ,0x1000047a000,8192
0,sized1,1,READ,0x1000047c000,8192
0,sized1,1,READ,0x1000047e000,8192
0,sized1,1,READ,0x10000480000,8192
0,sized1,1,READ,0x10000482000,8192
0,sized1,1,READ,0x10000484000,8192
0,sized1,1,READ,0x10000486000,8192
0,sized1,1,READ,0x10000488000,8192
0,sized1,1,READ,0x1000048a000,8192
0,sized1,1,READ,0x1000048c000,8192
0,sized1,1,READ,0x1000048e000,8192
0,sized1,1,READ,0x10000490000,8192
0,sized1,1,READ,0x10000492000,8192
0,sized1,1,READ,0x10000494000,8192
0,sized1,1,READ,0x10000496000,8192
0,sized1,1,READ,0x10000498000,8192
0,sized1,1,READ,0x1000049a000,8192
0,sized1,1,READ,0x1000049c000,8192
0,sized1,1,READ,0x1000049e000,8192
0,sized1,1,READ,0x100004a0000,8192
0,sized1,1,READ,0x100004a2000,8192
0,sized1,1,READ,0x100004a4000,8192
0,sized1,1,READ,0x100004a6000,8192
0,sized1,1,READ,0x100004a8000,8192
0,sized1,1,READ,0x100004aa000,8192
0,sized1,1,READ,0x100004ac000,8192
0,sized1,1,READ,0x100004ae000,8192
0,sized1,1,READ,0x100004b0000,8192
0,sized1,1,READ,0x100004b2000,8192
0,sized1,1,READ,0x100004b4000,8192
0,sized1,1,READ,0x100004b6000,8192
0,sized1,1,READ,0x100004b8000,8192
0,sized1,1,READ,0x100004ba000,8192
0,sized1,1,READ,0x100004bc000,8192
0,sized1,1,READ,0x100004be000,8192
0,sized1,1,READ,0x100004c0000,8192
0,sized1,1,READ,0x100004c2000,8192
0,sized1,1,READ,0x100004c4000,8192
0,sized1,1,READ,0x100004c6000,8192
0,sized1,1,READ,0x100004c8000,8192
0,sized1,1,READ,0x100004ca000,8192
0,sized1,1,READ,0x100004cc000,8192
0,sized1,1,READ,0x100004ce000,8192
0,sized1,1,READ,0x100004d0000,8192
0,sized1,1,READ,0x100004d2000,8192
0,sized1,1,READ,0x100004d4000,8192
0,sized1,1,READ,0x100004d6000,8192
0,sized1,1,READ,0x100004d8000,8192
0,sized1,1,READ,0x100004da000,8192
0,sized1,1,READ,0x100004dc000,8192
0,sized1,1,READ,0x100004de000,8192
0,sized1,1,READ,0x100004e0000,8192
0,sized1,1,READ,0x100004e2000,8192
0,sized1,1,READ,0x100004e4000,8192
0,sized1,1,READ,0x100004e6000,8192
0,sized1,1,READ,0x100004e8000,8192
0,sized1,1,READ,0x100004ea000,8192
0,sized1,1,READ,0x100004ec000,8192
0,sized1,1,READ,0x100004ee000,8192
0,sized1,1,READ,0x100004f0000,8192
0,sized1,1,READ,0x100004f2000,8192
0,sized1,1,READ,0x100004f4000,8192
0,sized1,1,READ,0x100004f6000,8192
0,sized1,1,READ,0x100004f8000,8192
0,sized1,1,READ,0x100004fa000,8192
0,sized1,1,READ,0x100004fc000,8192
0,sized1,1,READ,0x100004fe000,8192
0,sized1,1,READ,0x10000500000,8192
0,sized1,1,READ,0x10000502000,8192
0,sized1,1,READ,0x10000504000,8192
0,sized1,1,READ,0x10000506000,8192
0,sized1,1,READ,0x10000508000,8192
0,sized1,1,READ,0x1000050a000,8192
0,sized1,1,READ,0x1000050c000,8192
0,sized1,1,READ,0x1000050e000,8192
0,sized1,1,READ,0x10000510000,8192
0,sized1,1,READ,0x10000512000,8192
0,sized1,1,READ,0x10000514000,8192
0,sized1,1,READ,0x10000516000,8192
0,sized1,1,READ,0x10000518000,8192
0,sized1,1,READ,0x1000051a000,8192
0,sized1,1,READ,0x1000051c000,8192
0,sized1,1,READ,0x1000051e000,8192
0,sized1,1,READ,0x10000520000,8192
0,sized1,1,READ,0x10000522000,8192
0,sized1,1,READ,0x10000524000,8192
0,sized1,1,READ,0x10000526000,8192
0,sized1,1,READ,0x10000528000,8192
0,sized1,1,READ,0x1000052a000,8192
0,sized1,1,READ,0x1000052c000,8192
0,sized1,1,READ,0x1000052e000,8192
0,sized1,1,READ,0x10000530000,8192
0,sized1,1,READ,0x10000532000,8192
0,sized1,1,READ,0x10000534000,8192
0,sized1,1,READ,0x10000536000,8192
0,sized1,1,READ,0x10000538000,8192
0,sized1,1,READ,0x1000053a000,8192
0,sized1,1,READ,0x1000053c000,8192
0,sized1,1,READ,0x1000053e000,8192
0,sized1,1,READ,0x10000540000,8192
0,sized1,1,READ,0x10000542000,8192
0,sized1,1,READ,0x10000544000,8192
0,sized1,1,READ,0x10000546000,8192
0,sized1,1,READ,0x10000548000,8192
0,sized1,1,READ,0x1000054a000,8192
0,sized1,1,READ,0x1000054c000,8192
0,sized1,1,READ,0x1000054e000,8192
0,sized1,1,READ,0x10000550000,8192
0,sized1,1,READ,0x10000552000,8192
0,sized1,1,READ,0x10000554000,8192
0,sized1,1,READ,0x10000556000,8192
0,sized1,1,READ,0x10000558000,8192
0,sized1,1,READ,0x1000055a000,8192
0,sized1,1,READ,0x1000055c000,8192
0,sized1,1,READ,0x1000055e000,8192
0,sized1,1,READ,0x10000560000,8192
0,sized1,1,READ,0x10000562000,8192
0,sized1,1,READ,0x10000564000,8192
0,sized1,1,READ,0x10000566000,8192
0,sized1,1,READ,0x10000568000,8192
0,sized1,1,READ,0x1000056a000,8192
0,sized1,1,READ,0x1000056c000,8192
0,sized1,1,READ,0x1000056e000,8192
0,sized1,1,READ,0x10000570000,8192
0,sized1,1,READ,0x10000572000,8192
0,sized1,1,READ,0x10000574000,8192
0,sized1,1,READ,0x10000576000,8192
0,sized1,1,READ,0x10000578000,8192
0,sized1,1,READ,0x1000057a000,8192
0,sized1,1,READ,0x1000057c000,8192
0,sized1,1,READ,0x1000057e000,8192
0,sized1,1,READ,0x10000580000,8192
0,sized1,1,READ,0x10000582000,8192
0,sized1,1,READ,0x10000584000,8192
0,sized1,1,READ,0x10000586000,8192
0,sized1,1,READ,0x10000588000,8192
0,sized1,1,READ,0x1000058a000,8192
0,sized1,1,READ,0x1000058c000,8192
0,sized1,1,READ,0x1000058e000,8192
0,sized1,1,READ,0x10000590000,8192
0,sized1,1,READ,0x10000592000,8192
0,sized1,1,READ,0x10000594000,8192
0,sized1,1,READ,0x10000596000,8192
0,sized1,1,READ,0x10000598000,8192
0,sized1,1,READ,0x1000059a000,8192
0,sized1,1,READ,0x1000059c000,8192
0,sized1,1,READ,0x1000059e000,8192
0,sized1,1,READ,0x100005a0000,8192
0,sized1,1,READ,0x100005a2000,8192
0,sized1,1,READ,0x100005a4000,8192
0,sized1,1,READ,0x100005a6000,8192
0,sized1,1,READ,0x100005a8000,8192
0,sized1,1,READ,0x100005aa000,8192
0,sized1,1,READ,0x100005ac000,8192
0,sized1,1,READ,0x100005ae000,8192
0,sized1,1,READ,0x100005b0000,8192
0,sized1,1,READ,0x100005b2000,8192
0,sized1,1,READ,0x100005b4000,8192
0,sized1,1,READ,0x100005b6000,8192
0,sized1,1,READ,0x100005b8000,8192
0,sized1,1,READ,0x100005ba000,8192
0,sized1,1,READ,0x100005bc000,8192
0,sized1,1,READ,0x100005be000,8192
0,sized1,1,READ,0x100005c0000,8192
0,sized1,1,READ,0x100005c2000,8192
0,sized1,1,READ,0x100005c4000,8192
0,sized1,1,READ,0x100005c6000,8192
0,sized1,1,READ,0x100005c8000,8192
0,sized1,1,READ,0x100005ca000,8192
0,sized1,1,READ,0x100005cc000,8192
0,sized1,1,READ,0x100005ce000,8192
0,sized1,1,READ,0x100005d0000,8192
0,sized1,1,READ,0x100005d2000,8192
0,sized1,1,READ,0x100005d4000,8192
0,sized1,1,READ,0x100005d6000,8192
0,sized1,1,READ,0x100005d8000,8192
0,sized1,1,READ,0x100005da000,8192
0,sized1,1,READ,0x100005dc000,8192
0,sized1,1,READ,0x100005de000,8192
0,sized1,1,READ,0x100005e0000,8192
0,sized1,1,READ,0x100005e2000,8192
0,sized1,1,READ,0x100005e4000,8192
0,sized1,1,READ,0x100005e6000,8192
0,sized1,1,READ,0x100005e8000,8192
0,sized1,1,READ,0x100005ea000,8192
0,sized1,1,READ,0x100005ec000,8192
0,sized1,1,READ,0x100005ee000,8192
0,sized1,1,READ,0x100005f0000,8192
0,sized1,1,READ,0x100005f2000,8192
0,sized1,1,READ,0x100005f4000,8192
0,sized1,1,READ,0x100005f6000,8192
0,sized1,1,READ,0x100005f8000,8192
0,sized1,1,READ,0x100005fa000,8192
0,sized1,1,READ,0x100005fc000,8192
0,sized1,1,READ,0x100005fe000,8192
0,sized1,1,READ,0x10000600000,8192
0,sized1,1,READ,0x10000602000,8192
0,sized1,1,READ,0x10000604000,8192
0,sized1,1,READ,0x10000606000,8192
0,sized1,1,READ,0x10000608000,8192
0,sized1,1,READ,0x1000060a000,8192
0,sized1,1,READ,0x1000060c000,8192
0,sized1,1,READ,0x1000060e000,8192
0,sized1,1,READ,0x10000610000,8192
0,sized1,1,READ,0x10000612000,8192
0,sized1,1,READ,0x10000614000,8192
0,sized1,1,READ,0x10000616000,8192
0,sized1,1,READ,0x10000618000,8192
0,sized1,1,READ,0x1000061a000,8192
0,sized1,1,READ,0x1000061c000,8192
0,sized1,1,READ,0x1000061e000,8192
0,sized1,1,READ,0x10000620000,8192
0,sized1,1,READ,0x10000622000,8192
0,sized1,1,READ,0x10000624000,8192
0,sized1,1,READ,0x10000626000,8192
0,sized1,1,READ,0x10000628000,8192
0,sized1,1,READ,0x1000062a000,8192
0,sized1,1,READ,0x1000062c000,8192
0,sized1,1,READ,0x1000062e000,8192
0,sized1,1,READ,0x10000630000,8192
0,sized1,1,READ,0x10000632000,8192
0,sized1,1,READ,0x10000634000,8192
0,sized1,1,READ,0x10000636000,8192
0,sized1,1,READ,0x10000638000,8192
0,sized1,1,READ,0x1000063a000,8192
0,sized1,1,READ,0x1000063c000,8192
0,sized1,1,READ,0x1000063e000,8192
0,sized1,1,READ,0x10000640000,8192
0,sized1,1,READ,0x10000642000,8192
0,sized1,1,READ,0x10000644000,8192
0,sized1,1,READ,0x10000646000,8192
0,sized1,1,READ,0x10000648000,8192
0,sized1,1,READ,0x1000064a000,8192
0,sized1,1,READ,0x1000064c000,8192
0,sized1,1,READ,0x1000064e000,8192
0,sized1,1,READ,0x10000650000,8192
0,sized1,1,READ,0x10000652000,8192
0,sized1,1,READ,0x10000654000,8192
0,sized1,1,READ,0x10000656000,8192
0,sized1,1,READ,0x10000658000,8192
0,sized1,1,READ,0x1000065a000,8192
0,sized1,1,READ,0x1000065c000,8192
0,sized1,1,READ,0x1000065e000,8192
0,sized1,1,READ,0x10000660000,8192
0,sized1,1,READ,0x10000662000,8192
0,sized1,1,READ,0x10000664000,8192
0,sized1,1,READ,0x10000666000,8192
0,sized1,1,READ,0x10000668000,8192
0,sized1,1,READ,0x1000066a000,8192
0,sized1,1,READ,0x1000066c000,8192
0,sized1,1,READ,0x1000066e000,8192
0,sized1,1,READ,0x10000670000,8192
0,sized1,1,READ,0x10000672000,8192
0,sized1,1,READ,0x10000674000,8192
0,sized1,1,READ,0x10000676000,8192
0,sized1,1,READ,0x10000678000,8192
0,sized1,1,READ,0x1000067a000,8192
0,sized1,1,READ,0x1000067c000,8192
0,sized1,1,READ,0x1000067e000,8192
0,sized1,1,READ,0x10000680000,8192
0,sized1,1,READ,0x10000682000,8192
0,sized1,1,READ,0x10000684000,8192
0,sized1,1,READ,0x10000686000,8192
0,sized1,1,READ,0x10000688000,8192
0,sized1,1,READ,0x1000068a000,8192
0,sized1,1,READ,0x1000068c000,8192
0,sized1,1,READ,0x1000068e000,8192
0,sized1,1,READ,0x10000690000,8192
0,sized1,1,READ,0x10000692000,8192
0,sized1,1,READ,0x10000694000,8192
0,sized1,1,READ,0x10000696000,8192
0,sized1,1,READ,0x10000698000,8192
0,sized1,1,READ,0x1000069a000,8192
0,sized1,1,READ,0x1000069c000,8192
0,sized1,1,READ,0x1000069e000,8192
0,sized1,1,READ,0x100006a0000,8192
0,sized1,1,READ,0x100006a2000,8192
0,sized1,1,READ,0x100006a4000,8192
0,sized1,1,READ,0x100006a6000,8192
0,sized1,1,READ,0x100006a8000,8192
0,sized1,1,READ,0x100006aa000,8192
0,sized1,1,READ,0x100006ac000,8192
0,sized1,1,READ,0x100006ae000,8192
0,sized1,1,READ,0x100006b0000,8192
0,sized1,1,READ,0x100006b2000,8192
0,sized1,1,READ,0x100006b4000,8192
0,sized1,1,READ,0x100006b6000,8192
0,sized1,1,READ,0x100006b8000,8192
0,sized1,1,READ,0x100006ba000,8192
0,sized1,1,READ,0x100006bc000,8192
0,sized1,1,READ,0x100006be000,8192
0,sized1,1,READ,0x100006c0000,8192
0,sized1,1,READ,0x100006c2000,8192
0,sized1,1,READ,0x100006c4000,8192
0,sized1,1,READ,0x100006c6000,8192
0,sized1,1,READ,0x100006c8000,8192
0,sized1,1,READ,0x100006ca000,8192
0,sized1,1,READ,0x100006cc000,8192
0,sized1,1,READ,0x100006ce000,8192
0,sized1,1,READ,0x100006d0000,8192
0,sized1,1,READ,0x100006d2000,8192
0,sized1,1,READ,0x100006d4000,8192
0,sized1,1,READ,0x100006d6000,8192
0,sized1,1,READ,0x100006d8000,8192
0,sized1,1,READ,0x100006da000,8192
0,sized1,1,READ,0x100006dc000,8192
0,sized1,1,READ,0x100006de000,8192
0,sized1,1,READ,0x100006e0000,8192
0,sized1,1,READ,0x100006e2000,8192
0,sized1,1,READ,0x100006e4000,8192
0,sized1,1,READ,0x100006e6000,8192
0,sized1,1,READ,0x100006e8000,8192
0,sized1,1,READ,0x100006ea000,8192
0,sized1,1,READ,0x100006ec000,8192
0,sized1,1,READ,0x100006ee000,8192
0,sized1,1,READ,0x100006f0000,8192
0,sized1,1,READ,0x100006f2000,8192
0,sized1,1,READ,0x100006f4000,8192
0,sized1,1,READ,0x100006f6000,8192
0,sized1,1,READ,0x100006f8000,8192
0,sized1,1,READ,0x100006fa000,8192
0,sized1,1,READ,0x100006fc000,8192
0,sized1,1,READ,0x100006fe000,8192
0,sized1,1,READ,0x10000700000,8192
0,sized1,1,READ,0x10000702000,8192
0,sized1,1,READ,0x10000704000,8192
0,sized1,1,READ,0x10000706000,8192
0,sized1,1,READ,0x10000708000,8192
0,sized1,1,READ,0x1000070a000,8192
0,sized1,1,READ,0x1000070c000,8192
0,sized1,1,READ,0x1000070e000,8192
0,sized1,1,READ,0x10000710000,8192
0,sized1,1,READ,0x10000712000,8192
0,sized1,1,READ,0x10000714000,8192
0,sized1,1,READ,0x10000716000,8192
0,sized1,1,READ,0x10000718000,8192
0,sized1,1,READ,0x1000071a000,8192
0,sized1,1,READ,0x1000071c000,8192
0,sized1,1,READ,0x1000071e000,8192
0,sized1,1,READ,0x10000720000,8192
0,sized1,1,READ,0x10000722000,8192
0,sized1,1,READ,0x10000724000,8192
0,sized1,1,READ,0x10000726000,8192
0,sized1,1,READ,0x10000728000,8192
0,sized1,1,READ,0x1000072a000,8192
0,sized1,1,READ,0x1000072c000,8192
0,sized1,1,READ,0x1000072e000,8192
0,sized1,1,READ,0x10000730000,8192
0,sized1,1,READ,0x10000732000,8192
0,sized1,1,READ,0x10000734000,8192
0,sized1,1,READ,0x10000736000,8192
0,sized1,1,READ,0x10000738000,8192
0,sized1,1,READ,0x1000073a000,8192
0,sized1,1,READ,0x1000073c000,8192
0,sized1,1,READ,0x1000073e000,8192
0,sized1,1,READ,0x10000740000,8192
0,sized1,1,READ,0x10000742000,8192
0,sized1,1,READ,0x10000744000,8192
0,sized1,1,READ,0x10000746000,8192
0,sized1,1,READ,0x10000748000,8192
0,sized1,1,READ,0x1000074a000,8192
0,sized1,1,READ,0x1000074c000,8192
0,sized1,1,READ,0x1000074e000,8192
0,sized1,1,READ,0x10000750000,8192
0,sized1,1,READ,0x10000752000,8192
0,sized1,1,READ,0x10000754000,8192
0,sized1,1,READ,0x10000756000,8192
0,sized1,1,READ,0x10000758000,8192
0,sized1,1,READ,0x1000075a000,8192
0,sized1,1,READ,0x1000075c000,8192
0,sized1,1,READ,0x1000075e000,8192
0,sized1,1,READ,0x10000760000,8192
0,sized1,1,READ,0x10000762000,8192
0,sized1,1,READ,0x10000764000,8192
0,sized1,1,READ,0x10000766000,8192
0,sized1,1,READ,0x10000768000,8192
0,sized1,1,READ,0x1000076a000,8192
0,sized1,1,READ,0x1000076c000,8192
0,sized1,1,READ,0x1000076e000,8192
0,sized1,1,READ,0x10000770000,8192
0,sized1,1,READ,0x10000772000,8192
0,sized1,1,READ,0x10000774000,8192
0,sized1,1,READ,0x10000776000,8192
0,sized1,1,READ,0x10000778000,8192
0,sized1,1,READ,0x1000077a000,8192
0,sized1,1,READ,0x1000077c000,8192
0,sized1,1,READ,0x1000077e000,8192
0,sized1,1,READ,0x10000780000,8192
0,sized1,1,READ,0x10000782000,8192
0,sized1,1,READ,0x10000784000,8192
0,sized1,1,READ,0x10000786000,8192
0,sized1,1,READ,0x10000788000,8192
0,sized1,1,READ,0x1000078a000,8192
0,sized1,1,READ,0x1000078c000,8192
0,sized1,1,READ,0x1000078e000,8192
0,sized1,1,READ,0x10000790000,8192
0,sized1,1,READ,0x10000792000,8192
0,sized1,1,READ,0x10000794000,8192
0,sized1,1,READ,0x10000796000,8192
0,sized1,1,READ,0x10000798000,8192
0,sized1,1,READ,0x1000079a000,8192
0,sized1,1,READ,0x1000079c000,8192
0,sized1,1,READ,0x1000079e000,8192
0,sized1,1,READ,0x100007a0000,8192
0,sized1,1,READ,0x100007a2000,8192
0,sized1,1,READ,0x100007a4000,8192
0,sized1,1,READ,0x100007a6000,8192
0,sized1,1,READ,0x100007a8000,8192
0,sized1,1,READ,0x100007aa000,8192
0,sized1,1,READ,0x100007ac000,8192
0,sized1,1,READ,0x100007ae000,8192
0,sized1,1,READ,0x100007b0000,8192
0,sized1,1,READ,0x100007b2000,8192
0,sized1,1,READ,0x100007b4000,8192
0,sized1,1,READ,0x100007b6000,8192
0,sized1,1,READ,0x100007b8000,8192
0,sized1,1,READ,0x100007ba000,8192
0,sized1,1,READ,0x100007bc000,8192
0,sized1,1,READ,0x100007be000,8192
0,sized1,1,READ,0x100007c0000,8192
0,sized1,1,READ,0x100007c2000,8192
0,sized1,1,READ,0x100007c4000,8192
0,sized1,1,READ,0x100007c6000,8192
0,sized1,1,READ,0x100007c8000,8192
0,sized1,1,READ,0x100007ca000,8192
0,sized1,1,READ,0x100007cc000,8192
0,sized1,1,READ,0x100007ce000,8192
0,sized1,1,READ,0x100007d0000,8192
0,sized1,1,READ,0x100007d2000,8192
0,sized1,1,READ,0x100007d4000,8192
0,sized1,1,READ,0x100007d6000,8192
0,sized1,1,READ,0x100007d8000,8192
0,sized1,1,READ,0x100007da000,8192
0,sized1,1,READ,0x100007dc000,8192
0,sized1,1,READ,0x100007de000,8192
0,sized1,1,READ,0x100007e0000,8192
0,sized1,1,READ,0x100007e2000,8192
0,sized1,1,READ,0x100007e4000,8192
0,sized1,1,READ,0x100007e6000,8192
0,sized1,1,READ,0x100007e8000,8192
0,sized1,1,READ,0x100007ea000,8192
0,sized1,1,READ,0x100007ec000,8192
0,sized1,1,READ,0x100007ee000,8192
0,sized1,1,READ,0x100007f0000,8192
0,sized1,1,READ,0x100007f2000,8192
0,sized1,1,READ,0x100007f4000,8192
0,sized1,1,READ,0x100007f6000,8192
0,sized1,1,READ,0x100007f8000,8192
0,sized1,1,READ,0x100007fa000,8192
0,sized1,1,READ,0x100007fc000,8192
0,sized1,1,READ,0x100007fe000,8192
0,sized1,1,READ,0x10000800000,8192
0,sized1,1,READ,0x10000802000,8192
0,sized1,1,READ,0x10000804000,8192
0,sized1,1,READ,0x10000806000,8192
0,sized1,1,READ,0x10000808000,8192
0,sized1,1,READ,0x1000080a000,8192
0,sized1,1,READ,0x1000080c000,8192
0,sized1,1,READ,0x1000080e000,8192
0,sized1,1,READ,0x10000810000,8192
0,sized1,1,READ,0x10000812000,8192
0,sized1,1,READ,0x10000814000,8192
0,sized1,1,READ,0x10000816000,8192
0,sized1,1,READ,0x10000818000,8192
0,sized1,1,READ,0x1000081a000,8192
0,sized1,1,READ,0x1000081c000,8192
0,sized1,1,READ,0x1000081e000,8192
0,sized1,1,READ,0x10000820000,8192
0,sized1,1,READ,0x10000822000,8192
0,sized1,1,READ,0x10000824000,8192
0,sized1,1,READ,0x10000826000,8192
0,sized1,1,READ,0x10000828000,8192
0,sized1,1,READ,0x1000082a000,8192
0,sized1,1,READ,0x1000082c000,8192
0,sized1,1,READ,0x1000082e000,8192
0,sized1,1,READ,0x10000830000,8192
0,sized1,1,READ,0x10000832000,8192
0,sized1,1,READ,0x10000834000,8192
0,sized1,1,READ,0x10000836000,8192
0,sized1,1,READ,0x10000838000,8192
0,sized1,1,READ,0x1000083a000,8192
0,sized1,1,READ,0x1000083c000,8192
0,sized1,1,READ,0x1000083e000,8192
0,sized1,1,READ,0x10000840000,8192
0,sized1,1,READ,0x10000842000,8192
0,sized1,1,READ,0x10000844000,8192
0,sized1,1,READ,0x10000846000,8192
0,sized1,1,READ,0x10000848000,8192
0,sized1,1,READ,0x1000084a000,8192
0,sized1,1,READ,0x1000084c000,8192
0,sized1,1,READ,0x1000084e000,8192
0,sized1,1,READ,0x10000850000,8192
0,sized1,1,READ,0x10000852000,8192
0,sized1,1,READ,0x10000854000,8192
0,sized1,1,READ,0x10000856000,8192
0,sized1,1,READ,0x10000858000,8192
0,sized1,1,READ,0x1000085a000,8192
0,sized1,1,READ,0x1000085c000,8192
0,sized1,1,READ,0x1000085e000,8192
0,sized1,1,READ,0x10000860000,8192
0,sized1,1,READ,0x10000862000,8192
0,sized1,1,READ,0x10000864000,8192
0,sized1,1,READ,0x10000866000,8192
0,sized1,1,READ,0x10000868000,8192
0,sized1,1,READ,0x1000086a000,8192
0,sized1,1,READ,0x1000086c000,8192
0,sized1,1,READ,0x1000086e000,8192
0,sized1,1,READ,0x10000870000,8192
0,sized1,1,READ,0x10000872000,8192
0,sized1,1,READ,0x10000874000,8192
0,sized1,1,READ,0x10000876000,8192
0,sized1,1,READ,0x10000878000,8192
0,sized1,1,READ,0x1000087a000,8192
0,sized1,1,READ,0x1000087c000,8192
0,sized1,1,READ,0x1000087e000,8192
0,sized1,1,READ,0x10000880000,8192
0,sized1,1,READ,0x10000882000,8192
0,sized1,1,READ,0x10000884000,8192
0,sized1,1,READ,0x10000886000,8192
0,sized1,1,READ,0x10000888000,8192
0,sized1,1,READ,0x1000088a000,8192
0,sized1,1,READ,0x1000088c000,8192
0,sized1,1,READ,0x1000088e000,8192
0,sized1,1,READ,0x10000890000,8192
0,sized1,1,READ,0x10000892000,8192
0,sized1,1,READ,0x10000894000,8192
0,sized1,1,READ,0x10000896000,8192
0,sized1,1,READ,0x10000898000,8192
0,sized1,1,READ,0x1000089a000,8192
0,sized1,1,READ,0x1000089c000,8192
0,sized1,1,READ,0x1000089e000,8192
0,sized1,1,READ,0x100008a0000,8192
0,sized1,1,READ,0x100008a2000,8192
0,sized1,1,READ,0x100008a4000,8192
0,sized1,1,READ,0x100008a6000,8192
0,sized1,1,READ,0x100008a8000,8192
0,sized1,1,READ,0x100008aa000,8192
0,sized1,1,READ,0x100008ac000,8192
0,sized1,1,READ,0x100008ae000,8192
0,sized1,1,READ,0x100008b0000,8192
0,sized1,1,READ,0x100008b2000,8192
0,sized1,1,READ,0x100008b4000,8192
0,sized1,1,READ,0x100008b6000,8192
0,sized1,1,READ,0x100008b8000,8192
0,sized1,1,READ,0x100008ba000,8192
0,sized1,1,READ,0x100008bc000,8192
0,sized1,1,READ,0x100008be000,8192
0,sized1,1,READ,0x100008c0000,8192
0,sized1,1,READ,0x100008c2000,8192
0,sized1,1,READ,0x100008c4000,8192
0,sized1,1,READ,0x100008c6000,8192
0,sized1,1,READ,0x100008c8000,8192
0,sized1,1,READ,0x100008ca000,8192
0,sized1,1,READ,0x100008cc000,8192
0,sized1,1,READ,0x100008ce000,8192
0,sized1,1,READ,0x100008d0000,8192
0,sized1,1,READ,0x100008d2000,8192
0,sized1,1,READ,0x100008d4000,8192
0,sized1,1,READ,0x100008d6000,8192
0,sized1,1,READ,0x100008d8000,8192
0,sized1,1,READ,0x100008da000,8192
0,sized1,1,READ,0x100008dc000,8192
0,sized1,1,READ,0x100008de000,8192
0,sized1,1,READ,0x100008e0000,8192
0,sized1,1,READ,0x100008e2000,8192
0,sized1,1,READ,0x100008e4000,8192
0,sized1,1,READ,0x100008e6000,8192
0,sized1,1,READ,0x100008e8000,8192
0,sized1,1,READ,0x100008ea000,8192
0,sized1,1,READ,0x100008ec000,8192
0,sized1,1,READ,0x100008ee000,8192
0,sized1,1,READ,0x100008f0000,8192
0,sized1,1,READ,0x100008f2000,8192
0,sized1,1,READ,0x100008f4000,8192
0,sized1,1,READ,0x100008f6000,8192
0,sized1,1,READ,0x100008f8000,8192
0,sized1,1,READ,0x100008fa000,8192
0,sized1,1,READ,0x100008fc000,8192
0,sized1,1,READ,0x100008fe000,8192
0,sized1,1,READ,0x10000900000,8192
0,sized1,1,READ,0x10000902000,8192
0,sized1,1,READ,0x10000904000,8192
0,sized1,1,READ,0x10000906000,8192
0,sized1,1,READ,0x10000908000,8192
0,sized1,1,READ,0x1000090a000,8192
0,sized1,1,READ,0x1000090c000,8192
0,sized1,1,READ,0x1000090e000,8192
0,sized1,1,READ,0x10000910000,8192
0,sized1,1,READ,0x10000912000,8192
0,sized1,1,READ,0x10000914000,8192
0,sized1,1,READ,0x10000916000,8192
0,sized1,1,READ,0x10000918000,8192
0,sized1,1,READ,0x1000091a000,8192
0,sized1,1,READ,0x1000091c000,8192
0,sized1,1,READ,0x1000091e000,8192
0,sized1,1,READ,0x10000920000,8192
0,sized1,1,READ,0x10000922000,8192
0,sized1,1,READ,0x10000924000,8192
0,sized1,1,READ,0x10000926000,8192
0,sized1,1,READ,0x10000928000,8192
0,sized1,1,READ,0x1000092a000,8192
0,sized1,1,READ,0x1000092c000,8192
0,sized1,1,READ,0x1000092e000,8192
0,sized1,1,READ,0x10000930000,8192
0,sized1,1,READ,0x10000932000,8192
0,sized1,1,READ,0x10000934000,8192
0,sized1,1,READ,0x10000936000,8192
0,sized1,1,READ,0x10000938000,8192
0,sized1,1,READ,0x1000093a000,8192
0,sized1,1,READ,0x1000093c000,8192
0,sized1,1,READ,0x1000093e000,8192
0,sized1,1,READ,0x10000940000,8192
0,sized1,1,READ,0x10000942000,8192
0,sized1,1,READ,0x10000944000,8192
0,sized1,1,READ,0x10000946000,8192
0,sized1,1,READ,0x10000948000,8192
0,sized1,1,READ,0x1000094a000,8192
0,sized1,1,READ,0x1000094c000,8192
0,sized1,1,READ,0x1000094e000,8192
0,sized1,1,READ,0x10000950000,8192
0,sized1,1,READ,0x10000952000,8192
0,sized1,1,READ,0x10000954000,8192
0,sized1,1,READ,0x10000956000,8192
0,sized1,1,READ,0x10000958000,8192
0,sized1,1,READ,0x1000095a000,8192
0,sized1,1,READ,0x1000095c000,8192
0,sized1,1,READ,0x1000095e000,8192
0,sized1,1,READ,0x10000960000,8192
0,sized1,1,READ,0x10000962000,8192
0,sized1,1,READ,0x10000964000,8192
0,sized1,1,READ,0x10000966000,8192
0,sized1,1,READ,0x10000968000,8192
0,sized1,1,READ,0x1000096a000,8192
0,sized1,1,READ,0x1000096c000,8192
0,sized1,1,READ,0x1000096e000,8192
0,sized1,1,READ,0x10000970000,8192
0,sized1,1,READ,0x10000972000,8192
0,sized1,1,READ,0x10000974000,8192
0,sized1,1,READ,0x10000976000,8192
0,sized1,1,READ,0x10000978000,8192
0,sized1,1,READ,0x1000097a000,8192
0,sized1,1,READ,0x1000097c000,8192
0,sized1,1,READ,0x1000097e000,8192
0,sized1,1,READ,0x10000980000,8192
0,sized1,1,READ,0x10000982000,8192
0,sized1,1,READ,0x10000984000,8192
0,sized1,1,READ,0x10000986000,8192
0,sized1,1,READ,0x10000988000,8192
0,sized1,1,READ,0x1000098a000,8192
0,sized1,1,READ,0x1000098c000,8192
0,sized1,1,READ,0x1000098e000,8192
0,sized1,1,READ,0x10000990000,8192
0,sized1,1,READ,0x10000992000,8192
0,sized1,1,READ,0x10000994000,8192
0,sized1,1,READ,0x10000996000,8192
0,sized1,1,READ,0x10000998000,8192
0,sized1,1,READ,0x1000099a000,8192
0,sized1,1,READ,0x1000099c000,8192
0,sized1,1,READ,0x1000099e000,8192
0,sized1,1,READ,0x100009a0000,8192
0,sized1,1,READ,0x100009a2000,8192
0,sized1,1,READ,0x100009a4000,8192
0,sized1,1,READ,0x100009a6000,8192
0,sized1,1,READ,0x100009a8000,8192
0,sized1,1,READ,0x100009aa000,8192
0,sized1,1,READ,0x100009ac000,8192
0,sized1,1,READ,0x100009ae000,8192
0,sized1,1,READ,0x100009b0000,8192
0,sized1,1,READ,0x100009b2000,8192
0,sized1,1,READ,0x100009b4000,8192
0,sized1,1,READ,0x100009b6000,8192
0,sized1,1,READ,0x100009b8000,8192
0,sized1,1,READ,0x100009ba000,8192
0,sized1,1,READ,0x100009bc000,8192
0,sized1,1,READ,0x100009be000,8192
0,sized1,1,READ,0x100009c0000,8192
0,sized1,1,READ,0x100009c2000,8192
0,sized1,1,READ,0x100009c4000,8192
0,sized1,1,READ,0x100009c6000,8192
0,sized1,1,READ,0x100009c8000,8192
0,sized1,1,READ,0x100009ca000,8192
0,sized1,1,READ,0x100009cc000,8192
0,sized1,1,READ,0x100009ce000,8192
0,sized1,1,READ,0x100009d0000,8192
0,sized1,1,READ,0x100009d2000,8192
0,sized1,1,READ,0x100009d4000,8192
0,sized1,1,READ,0x100009d6000,8192
0,sized1,1,READ,0x100009d8000,8192
0,sized1,1,READ,0x100009da000,8192
0,sized1,1,READ,0x100009dc000,8192
0,sized1,1,READ,0x100009de000,8192
0,sized1,1,READ,0x100009e0000,8192
0,sized1,1,READ,0x100009e2000,8192
0,sized1,1,READ,0x100009e4000,8192
0,sized1,1,READ,0x100009e6000,8192
0,sized1,1,READ,0x100009e8000,8192
0,sized1,1,READ,0x100009ea000,8192
0,sized1,1,READ,0x100009ec000,8192
0,sized1,1,READ,0x100009ee000,8192
0,sized1,1,READ,0x100009f0000,8192
0,sized1,1,READ,0x100009f2000,8192
0,sized1,1,READ,0x100009f4000,8192
0,sized1,1,READ,0x100009f6000,8192
0,sized1,1,READ,0x100009f8000,8192
0,sized1,1,READ,0x100009fa000,8192
0,sized1,1,READ,0x100009fc000,8192
0,sized1,1,READ,0x100009fe000,8192
0,sized1,1,READ,0x10000a00000,8192
0,sized1,1,READ,0x10000a02000,8192
0,sized1,1,READ,0x10000a04000,8192
0,sized1,1,READ,0x10000a06000,8192
0,sized1,1,READ,0x10000a08000,8192
0,sized1,1,READ,0x10000a0a000,8192
0,sized1,1,READ,0x10000a0c000,8192
0,sized1,1,READ,0x10000a0e000,8192
0,sized1,1,READ,0x10000a10000,8192
0,sized1,1,READ,0x10000a12000,8192
0,sized1,1,READ,0x10000a14000,8192
0,sized1,1,READ,0x10000a16000,8192
0,sized1,1,READ,0x10000a18000,8192
0,sized1,1,READ,0x10000a1a000,8192
0,sized1,1,READ,0x10000a1c000,8192
0,sized1,1,READ,0x10000a1e000,8192
0,sized1,1,READ,0x10000a20000,8192
0,sized1,1,READ,0x10000a22000,8192
0,sized1,1,READ,0x10000a24000,8192
0,sized1,1,READ,0x10000a26000,8192
0,sized1,1,READ,0x10000a28000,8192
0,sized1,1,READ,0x10000a2a000,8192
0,sized1,1,READ,0x10000a2c000,8192
0,sized1,1,READ,0x10000a2e000,8192
0,sized1,1,READ,0x10000a30000,8192
0,sized1,1,READ,0x10000a32000,8192
0,sized1,1,READ,0x10000a34000,8192
0,sized1,1,READ,0x10000a36000,8192
0,sized1,1,READ,0x10000a38000,8192
0,sized1,1,READ,0x10000a3a000,8192
0,sized1,1,READ,0x10000a3c000,8192
0,sized1,1,READ,0x10000a3e000,8192
0,sized1,1,READ,0x10000a40000,8192
0,sized1,1,READ,0x10000a42000,8192
0,sized1,1,READ,0x10000a44000,8192
0,sized1,1,READ,0x10000a46000,8192
0,sized1,1,READ,0x10000a48000,8192
0,sized1,1,READ,0x10000a4a000,8192
0,sized1,1,READ,0x10000a4c000,8192
0,sized1,1,READ,0x10000a4e000,8192
0,sized1,1,READ,0x10000a50000,8192
0,sized1,1,READ,0x10000a52000,8192
0,sized1,1,READ,0x10000a54000,8192
0,sized1,1,READ,0x10000a56000,8192
0,sized1,1,READ,0x10000a58000,8192
0,sized1,1,READ,0x10000a5a000,8192
0,sized1,1,READ,0x10000a5c000,8192
0,sized1,1,READ,0x10000a5e000,8192
0,sized1,1,READ,0x10000a60000,8192
0,sized1,1,READ,0x10000a62000,8192
0,sized1,1,READ,0x10000a64000,8192
0,sized1,1,READ,0x10000a66000,8192
0,sized1,1,READ,0x10000a68000,8192
0,sized1,1,READ,0x10000a6a000,8192
0,sized1,1,READ,0x10000a6c000,8192
0,sized1,1,READ,0x10000a6e000,8192
0,sized1,1,READ,0x10000a70000,8192
0,sized1,1,READ,0x10000a72000,8192
0,sized1,1,READ,0x10000a74000,8192
0,sized1,1,READ,0x10000a76000,8192
0,sized1,1,READ,0x10000a78000,8192
0,sized1,1,READ,0x10000a7a000,8192
0,sized1,1,READ,0x10000a7c000,8192
0,sized1,1,READ,0x10000a7e000,8192
0,sized1,1,READ,0x10000a80000,8192
0,sized1,1,READ,0x10000a82000,8192
0,sized1,1,READ,0x10000a84000,8192
0,sized1,1,READ,0x10000a86000,8192
0,sized1,1,READ,0x10000a88000,8192
0,sized1,1,READ,0x10000a8a000,8192
0,sized1,1,READ,0x10000a8c000,8192
0,sized1,1,READ,0x10000a8e000,8192
0,sized1,1,READ,0x10000a90000,8192
0,sized1,1,READ,0x10000a92000,8192
0,sized1,1,READ,0x10000a94000,8192
0,sized1,1,READ,0x10000a96000,8192
0,sized1,1,READ,0x10000a98000,8192
0,sized1,1,READ,0x10000a9a000,8192
0,sized1,1,READ,0x10000a9c000,8192
0,sized1,1,READ,0x10000a9e000,8192
0,sized1,1,READ,0x10000aa0000,8192
0,sized1,1,READ,0x10000aa2000,8192
0,sized1,1,READ,0x10000aa4000,8192
0,sized1,1,READ,0x10000aa6000,8192
0,sized1,1,READ,0x10000aa8000,8192
0,sized1,1,READ,0x10000aaa000,8192
0,sized1,1,READ,0x10000aac000,8192
0,sized1,1,READ,0x10000aae000,8192
0,sized1,1,READ,0x10000ab0000,8192
0,sized1,1,READ,0x10000ab2000,8192
0,sized1,1,READ,0x10000ab4000,8192
0,sized1,1,READ,0x10000ab6000,8192
0,sized1,1,READ,0x10000ab8000,8192
0,sized1,1,READ,0x10000aba000,8192
0,sized1,1,READ,0x10000abc000,8192
0,sized1,1,READ,0x10000abe000,8192
0,sized1,1,READ,0x10000ac0000,8192
0,sized1,1,READ,0x10000ac2000,8192
0,sized1,1,READ,0x10000ac4000,8192
0,sized1,1,READ,0x10000ac6000,8192
0,sized1,1,READ,0x10000ac8000,8192
0,sized1,1,READ,0x10000aca000,8192
0,sized1,1,READ,0x10000acc000,8192
0,sized1,1,READ,0x10000ace000,8192
0,sized1,1,READ,0x10000ad0000,8192
0,sized1,1,READ,0x10000ad2000,8192
0,sized1,1,READ,0x10000ad4000,8192
0,sized1,1,READ,0x10000ad6000,8192
0,sized1,1,READ,0x10000ad8000,8192
0,sized1,1,READ,0x10000ada000,8192
0,sized1,1,READ,0x10000adc000,8192
0,sized1,1,READ,0x10000ade000,8192
0,sized1,1,READ,0x10000ae0000,8192
0,sized1,1,READ,0x10000ae2000,8192
0,sized1,1,READ,0x10000ae4000,8192
0,sized1,1,READ,0x10000ae6000,8192
0,sized1,1,READ,0x10000ae8000,8192
0,sized1,1,READ,0x10000aea000,8192
0,sized1,1,READ,0x10000aec000,8192
0,sized1,1,READ,0x10000aee000,8192
0,sized1,1,READ,0x10000af0000,8192
0,sized1,1,READ,0x10000af2000,8192
0,sized1,1,READ,0x10000af4000,8192
0,sized1,1,READ,0x10000af6000,8192
0,sized1,1,READ,0x10000af8000,8192
0,sized1,1,READ,0x10000afa000,8192
0,sized1,1,READ,0x10000afc000,8192
0,sized1,1,READ,0x10000afe000,8192
0,sized1,1,READ,0x10000b00000,8192
0,sized1,1,READ,0x10000b02000,8192
0,sized1,1,READ,0x10000b04000,8192
0,sized1,1,READ,0x10000b06000,8192
0,sized1,1,READ,0x10000b08000,8192
0,sized1,1,READ,0x10000b0a000,8192
0,sized1,1,READ,0x10000b0c000,8192
0,sized1,1,READ,0x10000b0e000,8192
0,sized1,1,READ,0x10000b10000,8192
0,sized1,1,READ,0x10000b12000,8192
0,sized1,1,READ,0x10000b14000,8192
0,sized1,1,READ,0x10000b16000,8192
0,sized1,1,READ,0x10000b18000,8192
0,sized1,1,READ,0x10000b1a000,8192
0,sized1,1,READ,0x10000b1c000,8192
0,sized1,1,READ,0x10000b1e000,8192
0,sized1,1,READ,0x10000b20000,8192
0,sized1,1,READ,0x10000b22000,8192
0,sized1,1,READ,0x10000b24000,8192
0,sized1,1,READ,0x10000b26000,8192
0,sized1,1,READ,0x10000b28000,8192
0,sized1,1,READ,0x10000b2a000,8192
0,sized1,1,READ,0x10000b2c000,8192
0,sized1,1,READ,0x10000b2e000,8192
0,sized1,1,READ,0x10000b30000,8192
0,sized1,1,READ,0x10000b32000,8192
0,sized1,1,READ,0x10000b34000,8192
0,sized1,1,READ,0x10000b36000,8192
0,sized1,1,READ,0x10000b38000,8192
0,sized1,1,READ,0x10000b3a000,8192
0,sized1,1,READ,0x10000b3c000,8192
0,sized1,1,READ,0x10000b3e000,8192
0,sized1,1,READ,0x10000b40000,8192
0,sized1,1,READ,0x10000b42000,8192
0,sized1,1,READ,0x10000b44000,8192
0,sized1,1,READ,0x10000b46000,8192
0,sized1,1,READ,0x10000b48000,8192
0,sized1,1,READ,0x10000b4a000,8192
0,sized1,1,READ,0x10000b4c000,8192
0,sized1,1,READ,0x10000b4e000,8192
0,sized1,1,READ,0x10000b50000,8192
0,sized1,1,READ,0x10000b52000,8192
0,sized1,1,READ,0x10000b54000,8192
0,sized1,1,READ,0x10000b56000,8192
0,sized1,1,READ,0x10000b58000,8192
0,sized1,1,READ,0x10000b5a000,8192
0,sized1,1,READ,0x10000b5c000,8192
0,sized1,1,READ,0x10000b5e000,8192
0,sized1,1,READ,0x10000b60000,8192
0,sized1,1,READ,0x10000b62000,8192
0,sized1,1,READ,0x10000b64000,8192
0,sized1,1,READ,0x10000b66000,8192
0,sized1,1,READ,0x10000b68000,8192
0,sized1,1,READ,0x10000b6a000,8192
0,sized1,1,READ,0x10000b6c000,8192
0,sized1,1,READ,0x10000b6e000,8192
0,sized1,1,READ,0x10000b70000,8192
0,sized1,1,READ,0x10000b72000,8192
0,sized1,1,READ,0x10000b74000,8192
0,sized1,1,READ,0x10000b76000,8192
0,sized1,1,READ,0x10000b78000,8192
0,sized1,1,READ,0x10000b7a000,8192
0,sized1,1,READ,0x10000b7c000,8192
0,sized1,1,READ,0x10000b7e000,8192
0,sized1,1,READ,0x10000b80000,8192
0,sized1,1,READ,0x10000b82000,8192
0,sized1,1,READ,0x10000b84000,8192
0,sized1,1,READ,0x10000b86000,8192
0,sized1,1,READ,0x10000b88000,8192
0,sized1,1,READ,0x10000b8a000,8192
0,sized1,1,READ,0x10000b8c000,8192
0,sized1,1,READ,0x10000b8e000,8192
0,sized1,1,READ,0x10000b90000,8192
0,sized1,1,READ,0x10000b92000,8192
0,sized1,1,READ,0x10000b94000,8192
0,sized1,1,READ,0x10000b96000,8192
0,sized1,1,READ,0x10000b98000,8192
0,sized1,1,READ,0x10000b9a000,8192
0,sized1,1,READ,0x10000b9c000,8192
0,sized1,1,READ,0x10000b9e000,8192
0,sized1,1,READ,0x10000ba0000,8192
0,sized1,1,READ,0x10000ba2000,8192
0,sized1,1,READ,0x10000ba4000,8192
0,sized1,1,READ,0x10000ba6000,8192
0,sized1,1,READ,0x10000ba8000,8192
0,sized1,1,READ,0x10000baa000,8192
0,sized1,1,READ,0x10000bac000,8192
0,sized1,1,READ,0x10000bae000,8192
0,sized1,1,READ,0x10000bb0000,8192
0,sized1,1,READ,0x10000bb2000,8192
0,sized1,1,READ,0x10000bb4000,8192
0,sized1,1,READ,0x10000bb6000,8192
0,sized1,1,READ,0x10000bb8000,8192
0,sized1,1,READ,0x10000bba000,8192
0,sized1,1,READ,0x10000bbc000,8192
0,sized1,1,READ,0x10000bbe000,8192
0,sized1,1,READ,0x10000bc0000,8192
0,sized1,1,READ,0x10000bc2000,8192
0,sized1,1,READ,0x10000bc4000,8192
0,sized1,1,READ,0x10000bc6000,8192
0,sized1,1,READ,0x10000bc8000,8192
0,sized1,1,READ,0x10000bca000,8192
0,sized1,1,READ,0x10000bcc000,8192
0,sized1,1,READ,0x10000bce000,8192
0,sized1,1,READ,0x10000bd0000,8192
0,sized1,1,READ,0x10000bd2000,8192
0,sized1,1,READ,0x10000bd4000,8192
0,sized1,1,READ,0x10000bd6000,8192
0,sized1,1,READ,0x10000bd8000,8192
0,sized1,1,READ,0x10000bda000,8192
0,sized1,1,READ,0x10000bdc000,8192
0,sized1,1,READ,0x10000bde000,8192
0,sized1,1,READ,0x10000be0000,8192
0,sized1,1,READ,0x10000be2000,8192
0,sized1,1,READ,0x10000be4000,8192
0,sized1,1,READ,0x10000be6000,8192
0,sized1,1,READ,0x10000be8000,8192
0,sized1,1,READ,0x10000bea000,8192
0,sized1,1,READ,0x10000bec000,8192
0,sized1,1,READ,0x10000bee000,8192
0,sized1,1,READ,0x10000bf0000,8192
0,sized1,1,READ,0x10000bf2000,8192
0,sized1,1,READ,0x10000bf4000,8192
0,sized1,1,READ,0x10000bf6000,8192
0,sized1,1,READ,0x10000bf8000,8192
0,sized1,1,READ,0x10000bfa000,8192
0,sized1,1,READ,0x10000bfc000,8192
0,sized1,1,READ,0x10000bfe000,8192
0,sized1,1,READ,0x10000c00000,8192
0,sized1,1,READ,0x10000c02000,8192
0,sized1,1,READ,0x10000c04000,8192
0,sized1,1,READ,0x10000c06000,8192
0,sized1,1,READ,0x10000c08000,8192
0,sized1,1,READ,0x10000c0a000,8192
0,sized1,1,READ,0x10000c0c000,8192
0,sized1,1,READ,0x10000c0e000,8192
0,sized1,1,READ,0x10000c10000,8192
0,sized1,1,READ,0x10000c12000,8192
0,sized1,1,READ,0x10000c14000,8192
0,sized1,1,READ,0x10000c16000,8192
0,sized1,1,READ,0x10000c18000,8192
0,sized1,1,READ,0x10000c1a000,8192
0,sized1,1,READ,0x10000c1c000,8192
0,sized1,1,READ,0x10000c1e000,8192
0,sized1,1,READ,0x10000c20000,8192
0,sized1,1,READ,0x10000c22000,8192
0,sized1,1,READ,0x10000c24000,8192
0,sized1,1,READ,0x10000c26000,8192
0,sized1,1,READ,0x10000c28000,8192
0,sized1,1,READ,0x10000c2a000,8192
0,sized1,1,READ,0x10000c2c000,8192
0,sized1,1,READ,0x10000c2e000,8192
0,sized1,1,READ,0x10000c30000,8192
0,sized1,1,READ,0x10000c32000,8192
0,sized1,1,READ,0x10000c34000,8192
0,sized1,1,READ,0x10000c36000,8192
0,sized1,1,READ,0x10000c38000,8192
0,sized1,1,READ,0x10000c3a000,8192
0,sized1,1,READ,0x10000c3c000,8192
0,sized1,1,READ,0x10000c3e000,8192
0,sized1,1,READ,0x10000c40000,8192
0,sized1,1,READ,0x10000c42000,8192
0,sized1,1,READ,0x10000c44000,8192
0,sized1,1,READ,0x10000c46000,8192
0,sized1,1,READ,0x10000c48000,8192
0,sized1,1,READ,0x10000c4a000,8192
0,sized1,1,READ,0x10000c4c000,8192
0,sized1,1,READ,0x10000c4e000,8192
0,sized1,1,READ,0x10000c50000,8192
0,sized1,1,READ,0x10000c52000,8192
0,sized1,1,READ,0x10000c54000,8192
0,sized1,1,READ,0x10000c56000,8192
0,sized1,1,READ,0x10000c58000,8192
0,sized1,1,READ,0x10000c5a000,8192
0,sized1,1,READ,0x10000c5c000,8192
0,sized1,1,READ,0x10000c5e000,8192
0,sized1,1,READ,0x10000c60000,8192
0,sized1,1,READ,0x10000c62000,8192
0,sized1,1,READ,0x10000c64000,8192
0,sized1,1,READ,0x10000c66000,8192
0,sized1,1,READ,0x10000c68000,8192
0,sized1,1,READ,0x10000c6a000,8192
0,sized1,1,READ,0x10000c6c000,8192
0,sized1,1,READ,0x10000c6e000,8192
0,sized1,1,READ,0x10000c70000,8192
0,sized1,1,READ,0x10000c72000,8192
0,sized1,1,READ,0x10000c74000,8192
0,sized1,1,READ,0x10000c76000,8192
0,sized1,1,READ,0x10000c78000,8192
0,sized1,1,READ,0x10000c7a000,8192
0,sized1,1,READ,0x10000c7c000,8192
0,sized1,1,READ,0x10000c7e000,8192
0,sized1,1,READ,0x10000c80000,8192
0,sized1,1,READ,0x10000c82000,8192
0,sized1,1,READ,0x10000c84000,8192
0,sized1,1,READ,0x10000c86000,8192
0,sized1,1,READ,0x10000c88000,8192
0,sized1,1,READ,0x10000c8a000,8192
0,sized1,1,READ,0x10000c8c000,8192
0,sized1,1,READ,0x10000c8e000,8192
0,sized1,1,READ,0x10000c90000,8192
0,sized1,1,READ,0x10000c92000,8192
0,sized1,1,READ,0x10000c94000,8192
0,sized1,1,READ,0x10000c96000,8192
0,sized1,1,READ,0x10000c98000,8192
0,sized1,1,READ,0x10000c9a000,8192
0,sized1,1,READ,0x10000c9c000,8192
0,sized1,1,READ,0x10000c9e000,8192
0,sized1,1,READ,0x10000ca0000,8192
0,sized1,1,READ,0x10000ca2000,8192
0,sized1,1,READ,0x10000ca4000,8192
0,sized1,1,READ,0x10000ca6000,8192
0,sized1,1,READ,0x10000ca8000,8192
0,sized1,1,READ,0x10000caa000,8192
0,sized1,1,READ,0x10000cac000,8192
0,sized1,1,READ,0x10000cae000,8192
0,sized1,1,READ,0x10000cb0000,8192
0,sized1,1,READ,0x10000cb2000,8192
0,sized1,1,READ,0x10000cb4000,8192
0,sized1,1,READ,0x10000cb6000,8192
0,sized1,1,READ,0x10000cb8000,8192
0,sized1,1,READ,0x10000cba000,8192
0,sized1,1,READ,0x10000cbc000,8192
0,sized1,1,READ,0x10000cbe000,8192
0,sized1,1,READ,0x10000cc0000,8192
0,sized1,1,READ,0x10000cc2000,8192
0,sized1,1,READ,0x10000cc4000,8192
0,sized1,1,READ,0x10000cc6000,8192
0,sized1,1,READ,0x10000cc8000,8192
0,sized1,1,READ,0x10000cca000,8192
0,sized1,1,READ,0x10000ccc000,8192
0,sized1,1,READ,0x10000cce000,8192
0,sized1,1,READ,0x10000cd0000,8192
0,sized1,1,READ,0x10000cd2000,8192
0,sized1,1,READ,0x10000cd4000,8192
0,sized1,1,READ,0x10000cd6000,8192
0,sized1,1,READ,0x10000cd8000,8192
0,sized1,1,READ,0x10000cda000,8192
0,sized1,1,READ,0x10000cdc000,8192
0,sized1,1,READ,0x10000cde000,8192
0,sized1,1,READ,0x10000ce0000,8192
0,sized1,1,READ,0x10000ce2000,8192
0,sized1,1,READ,0x10000ce4000,8192
0,sized1,1,READ,0x10000ce6000,8192
0,sized1,1,READ,0x10000ce8000,8192
0,sized1,1,READ,0x10000cea000,8192
0,sized1,1,READ,0x10000cec000,8192
0,sized1,1,READ,0x10000cee000,8192
0,sized1,1,READ,0x10000cf0000,8192
0,sized1,1,READ,0x10000cf2000,8192
0,sized1,1,READ,0x10000cf4000,8192
0,sized1,1,READ,0x10000cf6000,8192
0,sized1,1,READ,0x10000cf8000,8192
0,sized1,1,READ,0x10000cfa000,8192
0,sized1,1,READ,0x10000cfc000,8192
0,sized1,1,READ,0x10000cfe000,8192
0,sized1,1,READ,0x10000d00000,8192
0,sized1,1,READ,0x10000d02000,8192
0,sized1,1,READ,0x10000d04000,8192
0,sized1,1,READ,0x10000d06000,8192
0,sized1,1,READ,0x10000d08000,8192
0,sized1,1,READ,0x10000d0a000,8192
0,sized1,1,READ,0x10000d0c000,8192
0,sized1,1,READ,0x10000d0e000,8192
0,sized1,1,READ,0x10000d10000,8192
0,sized1,1,READ,0x10000d12000,8192
0,sized1,1,READ,0x10000d14000,8192
0,sized1,1,READ,0x10000d16000,8192
0,sized1,1,READ,0x10000d18000,8192
0,sized1,1,READ,0x10000d1a000,8192
0,sized1,1,READ,0x10000d1c000,8192
0,sized1,1,READ,0x10000d1e000,8192
0,sized1,1,READ,0x10000d20000,8192
0,sized1,1,READ,0x10000d22000,8192
0,sized1,1,READ,0x10000d24000,8192
0,sized1,1,READ,0x10000d26000,8192
0,sized1,1,READ,0x10000d28000,8192
0,sized1,1,READ,0x10000d2a000,8192
0,sized1,1,READ,0x10000d2c000,8192
0,sized1,1,READ,0x10000d2e000,8192
0,sized1,1,READ,0x10000d30000,8192
0,sized1,1,READ,0x10000d32000,8192
0,sized1,1,READ,0x10000d34000,8192
0,sized1,1,READ,0x10000d36000,8192
0,sized1,1,READ,0x10000d38000,8192
0,sized1,1,READ,0x10000d3a000,8192
0,sized1,1,READ,0x10000d3c000,8192
0,sized1,1,READ,0x10000d3e000,8192
0,sized1,1,READ,0x10000d40000,8192
0,sized1,1,READ,0x10000d42000,8192
0,sized1,1,READ,0x10000d44000,8192
0,sized1,1,READ,0x10000d46000,8192
0,sized1,1,READ,0x10000d48000,8192
0,sized1,1,READ,0x10000d4a000,8192
0,sized1,1,READ,0x10000d4c000,8192
0,sized1,1,READ,0x10000d4e000,8192
0,sized1,1,READ,0x10000d50000,8192
0,sized1,1,READ,0x10000d52000,8192
0,sized1,1,READ,0x10000d54000,8192
0,sized1,1,READ,0x10000d56000,8192
0,sized1,1,READ,0x10000d58000,8192
0,sized1,1,READ,0x10000d5a000,8192
0,sized1,1,READ,0x10000d5c000,8192
0,sized1,1,READ,0x10000d5e000,8192
0,sized1,1,READ,0x10000d60000,8192
0,sized1,1,READ,0x10000d62000,8192
0,sized1,1,READ,0x10000d64000,8192
0,sized1,1,READ,0x10000d66000,8192
0,sized1,1,READ,0x10000d68000,8192
0,sized1,1,READ,0x10000d6a000,8192
0,sized1,1,READ,0x10000d6c000,8192
0,sized1,1,READ,0x10000d6e000,8192
0,sized1,1,READ,0x10000d70000,8192
0,sized1,1,READ,0x10000d72000,8192
0,sized1,1,READ,0x10000d74000,8192
0,sized1,1,READ,0x10000d76000,8192
0,sized1,1,READ,0x10000d78000,8192
0,sized1,1,READ,0x10000d7a000,8192
0,sized1,1,READ,0x10000d7c000,8192
0,sized1,1,READ,0x10000d7e000,8192
0,sized1,1,READ,0x10000d80000,8192
0,sized1,1,READ,0x10000d82000,8192
0,sized1,1,READ,0x10000d84000,8192
0,sized1,1,READ,0x10000d86000,8192
0,sized1,1,READ,0x10000d88000,8192
0,sized1,1,READ,0x10000d8a000,8192
0,sized1,1,READ,0x10000d8c000,8192
0,sized1,1,READ,0x10000d8e000,8192
0,sized1,1,READ,0x10000d90000,8192
0,sized1,1,READ,0x10000d92000,8192
0,sized1,1,READ,0x10000d94000,8192
0,sized1,1,READ,0x10000d96000,8192
0,sized1,1,READ,0x10000d98000,8192
0,sized1,1,READ,0x10000d9a000,8192
0,sized1,1,READ,0x10000d9c000,8192
0,sized1,1,READ,0x10000d9e000,8192
0,sized1,1,READ,0x10000da0000,8192
0,sized1,1,READ,0x10000da2000,8192
0,sized1,1,READ,0x10000da4000,8192
0,sized1,1,READ,0x10000da6000,8192
0,sized1,1,READ,0x10000da8000,8192
0,sized1,1,READ,0x10000daa000,8192
0,sized1,1,READ,0x10000dac000,8192
0,sized1,1,READ,0x10000dae000,8192
0,sized1,1,READ,0x10000db0000,8192
0,sized1,1,READ,0x10000db2000,8192
0,sized1,1,READ,0x10000db4000,8192
0,sized1,1,READ,0x10000db6000,8192
0,sized1,1,READ,0x10000db8000,8192
0,sized1,1,READ,0x10000dba000,8192
0,sized1,1,READ,0x10000dbc000,8192
0,sized1,1,READ,0x10000dbe000,8192
0,sized1,1,READ,0x10000dc0000,8192
0,sized1,1,READ,0x10000dc2000,8192
0,sized1,1,READ,0x10000dc4000,8192
0,sized1,1,READ,0x10000dc6000,8192
0,sized1,1,READ,0x10000dc8000,8192
0,sized1,1,READ,0x10000dca000,8192
0,sized1,1,READ,0x10000dcc000,8192
0,sized1,1,READ,0x10000dce000,8192
0,sized1,1,READ,0x10000dd0000,8192
0,sized1,1,READ,0x10000dd2000,8192
0,sized1,1,READ,0x10000dd4000,8192
0,sized1,1,READ,0x10000dd6000,8192
0,sized1,1,READ,0x10000dd8000,8192
0,sized1,1,READ,0x10000dda000,8192
0,sized1,1,READ,0x10000ddc000,8192
0,sized1,1,READ,0x10000dde000,8192
0,sized1,1,READ,0x10000de0000,8192
0,sized1,1,READ,0x10000de2000,8192
0,sized1,1,READ,0x10000de4000,8192
0,sized1,1,READ,0x10000de6000,8192
0,sized1,1,READ,0x10000de8000,8192
0,sized1,1,READ,0x10000dea000,8192
0,sized1,1,READ,0x10000dec000,8192
0,sized1,1,READ,0x10000dee000,8192
0,sized1,1,READ,0x10000df0000,8192
0,sized1,1,READ,0x10000df2000,8192
0,sized1,1,READ,0x10000df4000,8192
0,sized1,1,READ,0x10000df6000,8192
0,sized1,1,READ,0x10000df8000,8192
0,sized1,1,READ,0x10000dfa000,8192
0,sized1,1,READ,0x10000dfc000,8192
0,sized1,1,READ,0x10000dfe000,8192
0,sized1,1,READ,0x10000e00000,8192
0,sized1,1,READ,0x10000e02000,8192
0,sized1,1,READ,0x10000e04000,8192
0,sized1,1,READ,0x10000e06000,8192
0,sized1,1,READ,0x10000e08000,8192
0,sized1,1,READ,0x10000e0a000,8192
0,sized1,1,READ,0x10000e0c000,8192
0,sized1,1,READ,0x10000e0e000,8192
0,sized1,1,READ,0x10000e10000,8192
0,sized1,1,READ,0x10000e12000,8192
0,sized1,1,READ,0x10000e14000,8192
0,sized1,1,READ,0x10000e16000,8192
0,sized1,1,READ,0x10000e18000,8192
0,sized1,1,READ,0x10000e1a000,8192
0,sized1,1,READ,0x10000e1c000,8192
0,sized1,1,READ,0x10000e1e000,8192
0,sized1,1,READ,0x10000e20000,8192
0,sized1,1,READ,0x10000e22000,8192
0,sized1,1,READ,0x10000e24000,8192
0,sized1,1,READ,0x10000e26000,8192
0,sized1,1,READ,0x10000e28000,8192
0,sized1,1,READ,0x10000e2a000,8192
0,sized1,1,READ,0x10000e2c000,8192
0,sized1,1,READ,0x10000e2e000,8192
0,sized1,1,READ,0x10000e30000,8192
0,sized1,1,READ,0x10000e32000,8192
0,sized1,1,READ,0x10000e34000,8192
0,sized1,1,READ,0x10000e36000,8192
0,sized1,1,READ,0x10000e38000,8192
0,sized1,1,READ,0x10000e3a000,8192
0,sized1,1,READ,0x10000e3c000,8192
0,sized1,1,READ,0x10000e3e000,8192
0,sized1,1,READ,0x10000e40000,8192
0,sized1,1,READ,0x10000e42000,8192
0,sized1,1,READ,0x10000e44000,8192
0,sized1,1,READ,0x10000e46000,8192
0,sized1,1,READ,0x10000e48000,8192
0,sized1,1,READ,0x10000e4a000,8192
0,sized1,1,READ,0x10000e4c000,8192
0,sized1,1,READ,0x10000e4e000,8192
0,sized1,1,READ,0x10000e50000,8192
0,sized1,1,READ,0x10000e52000,8192
0,sized1,1,READ,0x10000e54000,8192
0,sized1,1,READ,0x10000e56000,8192
0,sized1,1,READ,0x10000e58000,8192
0,sized1,1,READ,0x10000e5a000,8192
0,sized1,1,READ,0x10000e5c000,8192
0,sized1,1,READ,0x10000e5e000,8192
0,sized1,1,READ,0x10000e60000,8192
0,sized1,1,READ,0x10000e62000,8192
0,sized1,1,READ,0x10000e64000,8192
0,sized1,1,READ,0x10000e66000,8192
0,sized1,1,READ,0x10000e68000,8192
0,sized1,1,READ,0x10000e6a000,8192
0,sized1,1,READ,0x10000e6c000,8192
0,sized1,1,READ,0x10000e6e000,8192
0,sized1,1,READ,0x10000e70000,8192
0,sized1,1,READ,0x10000e72000,8192
0,sized1,1,READ,0x10000e74000,8192
0,sized1,1,READ,0x10000e76000,8192
0,sized1,1,READ,0x10000e78000,8192
0,sized1,1,READ,0x10000e7a000,8192
0,sized1,1,READ,0x10000e7c000,8192
0,sized1,1,READ,0x10000e7e000,8192
0,sized1,1,READ,0x10000e80000,8192
0,sized1,1,READ,0x10000e82000,8192
0,sized1,1,READ,0x10000e84000,8192
0,sized1,1,READ,0x10000e86000,8192
0,sized1,1,READ,0x10000e88000,8192
0,sized1,1,READ,0x10000e8a000,8192
0,sized1,1,READ,0x10000e8c000,8192
0,sized1,1,READ,0x10000e8e000,8192
0,sized1,1,READ,0x10000e90000,8192
0,sized1,1,READ,0x10000e92000,8192
0,sized1,1,READ,0x10000e94000,8192
0,sized1,1,READ,0x10000e96000,8192
0,sized1,1,READ,0x10000e98000,8192
0,sized1,1,READ,0x10000e9a000,8192
0,sized1,1,READ,0x10000e9c000,8192
0,sized1,1,READ,0x10000e9e000,8192
0,sized1,1,READ,0x10000ea0000,8192
0,sized1,1,READ,0x10000ea2000,8192
0,sized1,1,READ,0x10000ea4000,8192
0,sized1,1,READ,0x10000ea6000,8192
0,sized1,1,READ,0x10000ea8000,8192
0,sized1,1,READ,0x10000eaa000,8192
0,sized1,1,READ,0x10000eac000,8192
0,sized1,1,READ,0x10000eae000,8192
0,sized1,1,READ,0x10000eb0000,8192
0,sized1,1,READ,0x10000eb2000,8192
0,sized1,1,READ,0x10000eb4000,8192
0,sized1,1,READ,0x10000eb6000,8192
0,sized1,1,READ,0x10000eb8000,8192
0,sized1,1,READ,0x10000eba000,8192
0,sized1,1,READ,0x10000ebc000,8192
0,sized1,1,READ,0x10000ebe000,8192
0,sized1,1,READ,0x10000ec0000,8192
0,sized1,1,READ,0x10000ec2000,8192
0,sized1,1,READ,0x10000ec4000,8192
0,sized1,1,READ,0x10000ec6000,8192
0,sized1,1,READ,0x10000ec8000,8192
0,sized1,1,READ,0x10000eca000,8192
0,sized1,1,READ,0x10000ecc000,8192
0,sized1,1,READ,0x10000ece000,8192
0,sized1,1,READ,0x10000ed0000,8192
0,sized1,1,READ,0x10000ed2000,8192
0,sized1,1,READ,0x10000ed4000,8192
0,sized1,1,READ,0x10000ed6000,8192
0,sized1,1,READ,0x10000ed8000,8192
0,sized1,1,READ,0x10000eda000,8192
0,sized1,1,READ,0x10000edc000,8192
0,sized1,1,READ,0x10000ede000,8192
0,sized1,1,READ,0x10000ee0000,8192
0,sized1,1,READ,0x10000ee2000,8192
0,sized1,1,READ,0x10000ee4000,8192
0,sized1,1,READ,0x10000ee6000,8192
0,sized1,1,READ,0x10000ee8000,8192
0,sized1,1,READ,0x10000eea000,8192
0,sized1,1,READ,0x10000eec000,8192
0,sized1,1,READ,0x10000eee000,8192
0,sized1,1,READ,0x10000ef0000,8192
0,sized1,1,READ,0x10000ef2000,8192
0,sized1,1,READ,0x10000ef4000,8192
0,sized1,1,READ,0x10000ef6000,8192
0,sized1,1,READ,0x10000ef8000,8192
0,sized1,1,READ,0x10000efa000,8192
0,sized1,1,READ,0x10000efc000,8192
0,sized1,1,READ,0x10000efe000,8192
0,sized1,1,READ,0x10000f00000,8192
0,sized1,1,READ,0x10000f02000,8192
0,sized1,1,READ,0x10000f04000,8192
0,sized1,1,READ,0x10000f06000,8192
0,sized1,1,READ,0x10000f08000,8192
0,sized1,1,READ,0x10000f0a000,8192
0,sized1,1,READ,0x10000f0c000,8192
0,sized1,1,READ,0x10000f0e000,8192
0,sized1,1,READ,0x10000f10000,8192
0,sized1,1,READ,0x10000f12000,8192
0,sized1,1,READ,0x10000f14000,8192
0,sized1,1,READ,0x10000f16000,8192
0,sized1,1,READ,0x10000f18000,8192
0,sized1,1,READ,0x10000f1a000,8192
0,sized1,1,READ,0x10000f1c000,8192
0,sized1,1,READ,0x10000f1e000,8192
0,sized1,1,READ,0x10000f20000,8192
0,sized1,1,READ,0x10000f22000,8192
0,sized1,1,READ,0x10000f24000,8192
0,sized1,1,READ,0x10000f26000,8192
0,sized1,1,READ,0x10000f28000,8192
0,sized1,1,READ,0x10000f2a000,8192
0,sized1,1,READ,0x10000f2c000,8192
0,sized1,1,READ,0x10000f2e000,8192
0,sized1,1,READ,0x10000f30000,8192
0,sized1,1,READ,0x10000f32000,8192
0,sized1,1,READ,0x10000f34000,8192
0,sized1,1,READ,0x10000f36000,8192
0,sized1,1,READ,0x10000f38000,8192
0,sized1,1,READ,0x10000f3a000,8192
0,sized1,1,READ,0x10000f3c000,8192
0,sized1,1,READ,0x10000f3e000,8192
0,sized1,1,READ,0x10000f40000,8192
0,sized1,1,READ,0x10000f42000,8192
0,sized1,1,READ,0x10000f44000,8192
0,sized1,1,READ,0x10000f46000,8192
0,sized1,1,READ,0x10000f48000,8192
0,sized1,1,READ,0x10000f4a000,8192
0,sized1,1,READ,0x10000f4c000,8192
0,sized1,1,READ,0x10000f4e000,8192
0,sized1,1,READ,0x10000f50000,8192
0,sized1,1,READ,0x10000f52000,8192
0,sized1,1,READ,0x10000f54000,8192
0,sized1,1,READ,0x10000f56000,8192
0,sized1,1,READ,0x10000f58000,8192
0,sized1,1,READ,0x10000f5a000,8192
0,sized1,1,READ,0x10000f5c000,8192
0,sized1,1,READ,0x10000f5e000,8192
0,sized1,1,READ,0x10000f60000,8192
0,sized1,1,READ,0x10000f62000,8192
0,sized1,1,READ,0x10000f64000,8192
0,sized1,1,READ,0x10000f66000,8192
0,sized1,1,READ,0x10000f68000,8192
0,sized1,1,READ,0x10000f6a000,8192
0,sized1,1,READ,0x10000f6c000,8192
0,sized1,1,READ,0x10000f6e000,8192
0,sized1,1,READ,0x10000f70000,8192
0,sized1,1,READ,0x10000f72000,8192
0,sized1,1,READ,0x10000f74000,8192
0,sized1,1,READ,0x10000f76000,8192
0,sized1,1,READ,0x10000f78000,8192
0,sized1,1,READ,0x10000f7a000,8192
0,sized1,1,READ,0x10000f7c000,8192
0,sized1,1,READ,0x10000f7e000,8192
0,sized1,1,READ,0x10000f80000,8192
0,sized1,1,READ,0x10000f82000,8192
0,sized1,1,READ,0x10000f84000,8192
0,sized1,1,READ,0x10000f86000,8192
0,sized1,1,READ,0x10000f88000,8192
0,sized1,1,READ,0x10000f8a000,8192
0,sized1,1,READ,0x10000f8c000,8192
0,sized1,1,READ,0x10000f8e000,8192
0,sized1,1,READ,0x10000f90000,8192
0,sized1,1,READ,0x10000f92000,8192
0,sized1,1,READ,0x10000f94000,8192
0,sized1,1,READ,0x10000f96000,8192
0,sized1,1,READ,0x10000f98000,8192
0,sized1,1,READ,0x10000f9a000,8192
0,sized1,1,READ,0x10000f9c000,8192
0,sized1,1,READ,0x10000f9e000,8192
0,sized2,2,READ,0x20000000000,16384
0,sized2,2,READ,0x20000004000,16384
0,sized2,2,READ,0x20000008000,16384
0,sized2,2,READ,0x2000000c000,16384
0,sized2,2,READ,0x20000010000,16384
0,sized2,2,READ,0x20000014000,16384
0,sized2,2,READ,0x20000018000,16384
0,sized2,2,READ,0x2000001c000,16384
0,sized2,2,READ,0x20000020000,16384
0,sized2,2,READ,0x20000024000,16384
0,sized2,2,READ,0x20000028000,16384
0,sized2,2,READ,0x2000002c000,16384
0,sized2,2,READ,0x20000030000,16384
0,sized2,2,READ,0x20000034000,16384
0,sized2,2,READ,0x20000038000,16384
0,sized2,2,READ,0x2000003c000,16384
0,sized2,2,READ,0x20000040000,16384
0,sized2,2,READ,0x20000044000,16384
0,sized2,2,READ,0x20000048000,16384
0,sized2,2,READ,0x2000004c000,16384
0,sized2,2,READ,0x20000050000,16384
0,sized2,2,READ,0x20000054000,16384
0,sized2,2,READ,0x20000058000,16384
0,sized2,2,READ,0x2000005c000,16384
0,sized2,2,READ,0x20000060000,16384
0,sized2,2,READ,0x20000064000,16384
0,sized2,2,READ,0x20000068000,16384
0,sized2,2,READ,0x2000006c000,16384
0,sized2,2,READ,0x20000070000,16384
0,sized2,2,READ,0x20000074000,16384
0,sized2,2,READ,0x20000078000,16384
0,sized2,2,READ,0x2000007c000,16384
0,sized2,2,READ,0x20000080000,16384
0,sized2,2,READ,0x20000084000,16384
0,sized2,2,READ,0x20000088000,16384
0,sized2,2,READ,0x2000008c000,16384
0,sized2,2,READ,0x20000090000,16384
0,sized2,2,READ,0x20000094000,16384
0,sized2,2,READ,0x20000098000,16384
0,sized2,2,READ,0x2000009c000,16384
0,sized2,2,READ,0x200000a0000,16384
0,sized2,2,READ,0x200000a4000,16384
0,sized2,2,READ,0x200000a8000,16384
0,sized2,2,READ,0x200000ac000,16384
0,sized2,2,READ,0x200000b0000,16384
0,sized2,2,READ,0x200000b4000,16384
0,sized2,2,READ,0x200000b8000,16384
0,sized2,2,READ,0x200000bc000,16384
0,sized2,2,READ,0x200000c0000,16384
0,sized2,2,READ,0x200000c4000,16384
0,sized2,2,READ,0x200000c8000,16384
0,sized2,2,READ,0x200000cc000,16384
0,sized2,2,READ,0x200000d0000,16384
0,sized2,2,READ,0x200000d4000,16384
0,sized2,2,READ,0x200000d8000,16384
0,sized2,2,READ,0x200000dc000,16384
0,sized2,2,READ,0x200000e0000,16384
0,sized2,2,READ,0x200000e4000,16384
0,sized2,2,READ,0x200000e8000,16384
0,sized2,2,READ,0x200000ec000,16384
0,sized2,2,READ,0x200000f0000,16384
0,sized2,2,READ,0x200000f4000,16384
0,sized2,2,READ,0x200000f8000,16384
0,sized2,2,READ,0x200000fc000,16384
0,sized2,2,READ,0x20000100000,16384
0,sized2,2,READ,0x20000104000,16384
0,sized2,2,READ,0x20000108000,16384
0,sized2,2,READ,0x2000010c000,16384
0,sized2,2,READ,0x20000110000,16384
0,sized2,2,READ,0x20000114000,16384
0,sized2,2,READ,0x20000118000,16384
0,sized2,2,READ,0x2000011c000,16384
0,sized2,2,READ,0x20000120000,16384
0,sized2,2,READ,0x20000124000,16384
0,sized2,2,READ,0x20000128000,16384
0,sized2,2,READ,0x2000012c000,16384
0,sized2,2,READ,0x20000130000,16384
0,sized2,2,READ,0x20000134000,16384
0,sized2,2,READ,0x20000138000,16384
0,sized2,2,READ,0x2000013c000,16384
0,sized2,2,READ,0x20000140000,16384
0,sized2,2,READ,0x20000144000,16384
0,sized2,2,READ,0x20000148000,16384
0,sized2,2,READ,0x2000014c000,16384
0,sized2,2,READ,0x20000150000,16384
0,sized2,2,READ,0x20000154000,16384
0,sized2,2,READ,0x20000158000,16384
0,sized2,2,READ,0x2000015c000,16384
0,sized2,2,READ,0x20000160000,16384
0,sized2,2,READ,0x20000164000,16384
0,sized2,2,READ,0x20000168000,16384
0,sized2,2,READ,0x2000016c000,16384
0,sized2,2,READ,0x20000170000,16384
0,sized2,2,READ,0x20000174000,16384
0,sized2,2,READ,0x20000178000,16384
0,sized2,2,READ,0x2000017c000,16384
0,sized2,2,READ,0x20000180000,16384
0,sized2,2,READ,0x20000184000,16384
0,sized2,2,READ,0x20000188000,16384
0,sized2,2,READ,0x2000018c000,16384
0,sized2,2,READ,0x20000190000,16384
0,sized2,2,READ,0x20000194000,16384
0,sized2,2,READ,0x20000198000,16384
0,sized2,2,READ,0x2000019c000,16384
0,sized2,2,READ,0x200001a0000,16384
0,sized2,2,READ,0x200001a4000,16384
0,sized2,2,READ,0x200001a8000,16384
0,sized2,2,READ,0x200001ac000,16384
0,sized2,2,READ,0x200001b0000,16384
0,sized2,2,READ,0x200001b4000,16384
0,sized2,2,READ,0x200001b8000,16384
0,sized2,2,READ,0x200001bc000,16384
0,sized2,2,READ,0x200001c0000,16384
0,sized2,2,READ,0x200001c4000,16384
0,sized2,2,READ,0x200001c8000,16384
0,sized2,2,READ,0x200001cc000,16384
0,sized2,2,READ,0x200001d0000,16384
0,sized2,2,READ,0x200001d4000,16384
0,sized2,2,READ,0x200001d8000,16384
0,sized2,2,READ,0x200001dc000,16384
0,sized2,2,READ,0x200001e0000,16384
0,sized2,2,READ,0x200001e4000,16384
0,sized2,2,READ,0x200001e8000,16384
0,sized2,2,READ,0x200001ec000,16384
0,sized2,2,READ,0x200001f0000,16384
0,sized2,2,READ,0x200001f4000,16384
0,sized2,2,READ,0x200001f8000,16384
0,sized2,2,READ,0x200001fc000,16384
0,sized2,2,READ,0x20000200000,16384
0,sized2,2,READ,0x20000204000,16384
0,sized2,2,READ,0x20000208000,16384
0,sized2,2,READ,0x2000020c000,16384
0,sized2,2,READ,0x20000210000,16384
0,sized2,2,READ,0x20000214000,16384
0,sized2,2,READ,0x20000218000,16384
0,sized2,2,READ,0x2000021c000,16384
0,sized2,2,READ,0x20000220000,16384
0,sized2,2,READ,0x20000224000,16384
0,sized2,2,READ,0x20000228000,16384
0,sized2,2,READ,0x2000022c000,16384
0,sized2,2,READ,0x20000230000,16384
0,sized2,2,READ,0x20000234000,16384
0,sized2,2,READ,0x20000238000,16384
0,sized2,2,READ,0x2000023c000,16384
0,sized2,2,READ,0x20000240000,16384
0,sized2,2,READ,0x20000244000,16384
0,sized2,2,READ,0x20000248000,16384
0,sized2,2,READ,0x2000024c000,16384
0,sized2,2,READ,0x20000250000,16384
0,sized2,2,READ,0x20000254000,16384
0,sized2,2,READ,0x20000258000,16384
0,sized2,2,READ,0x2000025c000,16384
0,sized2,2,READ,0x20000260000,16384
0,sized2,2,READ,0x20000264000,16384
0,sized2,2,READ,0x20000268000,16384
0,sized2,2,READ,0x2000026c000,16384
0,sized2,2,READ,0x20000270000,16384
0,sized2,2,READ,0x20000274000,16384
0,sized2,2,READ,0x20000278000,16384
0,sized2,2,READ,0x2000027c000,16384
0,sized2,2,READ,0x20000280000,16384
0,sized2,2,READ,0x20000284000,16384
0,sized2,2,READ,0x20000288000,16384
0,sized2,2,READ,0x2000028c000,16384
0,sized2,2,READ,0x20000290000,16384
0,sized2,2,READ,0x20000294000,16384
0,sized2,2,READ,0x20000298000,16384
0,sized2,2,READ,0x2000029c000,16384
0,sized2,2,READ,0x200002a0000,16384
0,sized2,2,READ,0x200002a4000,16384
0,sized2,2,READ,0x200002a8000,16384
0,sized2,2,READ,0x200002ac000,16384
0,sized2,2,READ,0x200002b0000,16384
0,sized2,2,READ,0x200002b4000,16384
0,sized2,2,READ,0x200002b8000,16384
0,sized2,2,READ,0x200002bc000,16384
0,sized2,2,READ,0x200002c0000,16384
0,sized2,2,READ,0x200002c4000,16384
0,sized2,2,READ,0x200002c8000,16384
0,sized2,2,READ,0x200002cc000,16384
0,sized2,2,READ,0x200002d0000,16384
0,sized2,2,READ,0x200002d4000,16384
0,sized2,2,READ,0x200002d8000,16384
0,sized2,2,READ,0x200002dc000,16384
0,sized2,2,READ,0x200002e0000,16384
0,sized2,2,READ,0x200002e4000,16384
0,sized2,2,READ,0x200002e8000,16384
0,sized2,2,READ,0x200002ec000,16384
0,sized2,2,READ,0x200002f0000,16384
0,sized2,2,READ,0x200002f4000,16384
0,sized2,2,READ,0x200002f8000,16384
0,sized2,2,READ,0x200002fc000,16384
0,sized2,2,READ,0x20000300000,16384
0,sized2,2,READ,0x20000304000,16384
0,sized2,2,READ,0x20000308000,16384
0,sized2,2,READ,0x2000030c000,16384
0,sized2,2,READ,0x20000310000,16384
0,sized2,2,READ,0x20000314000,16384
0,sized2,2,READ,0x20000318000,16384
0,sized2,2,READ,0x2000031c000,16384
0,sized2,2,READ,0x20000320000,16384
0,sized2,2,READ,0x20000324000,16384
0,sized2,2,READ,0x20000328000,16384
0,sized2,2,READ,0x2000032c000,16384
0,sized2,2,READ,0x20000330000,16384
0,sized2,2,READ,0x20000334000,16384
0,sized2,2,READ,0x20000338000,16384
0,sized2,2,READ,0x2000033c000,16384
0,sized2,2,READ,0x20000340000,16384
0,sized2,2,READ,0x20000344000,16384
0,sized2,2,READ,0x20000348000,16384
0,sized2,2,READ,0x2000034c000,16384
0,sized2,2,READ,0x20000350000,16384
0,sized2,2,READ,0x20000354000,16384
0,sized2,2,READ,0x20000358000,16384
0,sized2,2,READ,0x2000035c000,16384
0,sized2,2,READ,0x20000360000,16384
0,sized2,2,READ,0x20000364000,16384
0,sized2,2,READ,0x20000368000,16384
0,sized2,2,READ,0x2000036c000,16384
0,sized2,2,READ,0x20000370000,16384
0,sized2,2,READ,0x20000374000,16384
0,sized2,2,READ,0x20000378000,16384
0,sized2,2,READ,0x2000037c000,16384
0,sized2,2,READ,0x20000380000,16384
0,sized2,2,READ,0x20000384000,16384
0,sized2,2,READ,0x20000388000,16384
0,sized2,2,READ,0x2000038c000,16384
0,sized2,2,READ,0x20000390000,16384
0,sized2,2,READ,0x20000394000,16384
0,sized2,2,READ,0x20000398000,16384
0,sized2,2,READ,0x2000039c000,16384
0,sized2,2,READ,0x200003a0000,16384
0,sized2,2,READ,0x200003a4000,16384
0,sized2,2,READ,0x200003a8000,16384
0,sized2,2,READ,0x200003ac000,16384
0,sized2,2,READ,0x200003b0000,16384
0,sized2,2,READ,0x200003b4000,16384
0,sized2,2,READ,0x200003b8000,16384
0,sized2,2,READ,0x200003bc000,16384
0,sized2,2,READ,0x200003c0000,16384
0,sized2,2,READ,0x200003c4000,16384
0,sized2,2,READ,0x200003c8000,16384
0,sized2,2,READ,0x200003cc000,16384
0,sized2,2,READ,0x200003d0000,16384
0,sized2,2,READ,0x200003d4000,16384
0,sized2,2,READ,0x200003d8000,16384
0,sized2,2,READ,0x200003dc000,16384
0,sized2,2,READ,0x200003e0000,16384
0,sized2,2,READ,0x200003e4000,16384
0,sized2,2,READ,0x200003e8000,16384
0,sized2,2,READ,0x200003ec000,16384
0,sized2,2,READ,0x200003f0000,16384
0,sized2,2,READ,0x200003f4000,16384
0,sized2,2,READ,0x200003f8000,16384
0,sized2,2,READ,0x200003fc000,16384
0,sized2,2,READ,0x20000400000,16384
0,sized2,2,READ,0x20000404000,16384
0,sized2,2,READ,0x20000408000,16384
0,sized2,2,READ,0x2000040c000,16384
0,sized2,2,READ,0x20000410000,16384
0,sized2,2,READ,0x20000414000,16384
0,sized2,2,READ,0x20000418000,16384
0,sized2,2,READ,0x2000041c000,16384
0,sized2,2,READ,0x20000420000,16384
0,sized2,2,READ,0x20000424000,16384
0,sized2,2,READ,0x20000428000,16384
0,sized2,2,READ,0x2000042c000,16384
0,sized2,2,READ,0x20000430000,16384
0,sized2,2,READ,0x20000434000,16384
0,sized2,2,READ,0x20000438000,16384
0,sized2,2,READ,0x2000043c000,16384
0,sized2,2,READ,0x20000440000,16384
0,sized2,2,READ,0x20000444000,16384
0,sized2,2,READ,0x20000448000,16384
0,sized2,2,READ,0x2000044c000,16384
0,sized2,2,READ,0x20000450000,16384
0,sized2,2,READ,0x20000454000,16384
0,sized2,2,READ,0x20000458000,16384
0,sized2,2,READ,0x2000045c000,16384
0,sized2,2,READ,0x20000460000,16384
0,sized2,2,READ,0x20000464000,16384
0,sized2,2,READ,0x20000468000,16384
0,sized2,2,READ,0x2000046c000,16384
0,sized2,2,READ,0x20000470000,16384
0,sized2,2,READ,0x20000474000,16384
0,sized2,2,READ,0x20000478000,16384
0,sized2,2,READ,0x2000047c000,16384
0,sized2,2,READ,0x20000480000,16384
0,sized2,2,READ,0x20000484000,16384
0,sized2,2,READ,0x20000488000,16384
0,sized2,2,READ,0x2000048c000,16384
0,sized2,2,READ,0x20000490000,16384
0,sized2,2,READ,0x20000494000,16384
0,sized2,2,READ,0x20000498000,16384
0,sized2,2,READ,0x2000049c000,16384
0,sized2,2,READ,0x200004a0000,16384
0,sized2,2,READ,0x200004a4000,16384
0,sized2,2,READ,0x200004a8000,16384
0,sized2,2,READ,0x200004ac000,16384
0,sized2,2,READ,0x200004b0000,16384
0,sized2,2,READ,0x200004b4000,16384
0,sized2,2,READ,0x200004b8000,16384
0,sized2,2,READ,0x200004bc000,16384
0,sized2,2,READ,0x200004c0000,16384
0,sized2,2,READ,0x200004c4000,16384
0,sized2,2,READ,0x200004c8000,16384
0,sized2,2,READ,0x200004cc000,16384
0,sized2,2,READ,0x200004d0000,16384
0,sized2,2,READ,0x200004d4000,16384
0,sized2,2,READ,0x200004d8000,16384
0,sized2,2,READ,0x200004dc000,16384
0,sized2,2,READ,0x200004e0000,16384
0,sized2,2,READ,0x200004e4000,16384
0,sized2,2,READ,0x200004e8000,16384
0,sized2,2,READ,0x200004ec000,16384
0,sized2,2,READ,0x200004f0000,16384
0,sized2,2,READ,0x200004f4000,16384
0,sized2,2,READ,0x200004f8000,16384
0,sized2,2,READ,0x200004fc000,16384
0,sized2,2,READ,0x20000500000,16384
0,sized2,2,READ,0x20000504000,16384
0,sized2,2,READ,0x20000508000,16384
0,sized2,2,READ,0x2000050c000,16384
0,sized2,2,READ,0x20000510000,16384
0,sized2,2,READ,0x20000514000,16384
0,sized2,2,READ,0x20000518000,16384
0,sized2,2,READ,0x2000051c000,16384
0,sized2,2,READ,0x20000520000,16384
0,sized2,2,READ,0x20000524000,16384
0,sized2,2,READ,0x20000528000,16384
0,sized2,2,READ,0x2000052c000,16384
0,sized2,2,READ,0x20000530000,16384
0,sized2,2,READ,0x20000534000,16384
0,sized2,2,READ,0x20000538000,16384
0,sized2,2,READ,0x2000053c000,16384
0,sized2,2,READ,0x20000540000,16384
0,sized2,2,READ,0x20000544000,16384
0,sized2,2,READ,0x20000548000,16384
0,sized2,2,READ,0x2000054c000,16384
0,sized2,2,READ,0x20000550000,16384
0,sized2,2,READ,0x20000554000,16384
0,sized2,2,READ,0x20000558000,16384
0,sized2,2,READ,0x2000055c000,16384
0,sized2,2,READ,0x20000560000,16384
0,sized2,2,READ,0x20000564000,16384
0,sized2,2,READ,0x20000568000,16384
0,sized2,2,READ,0x2000056c000,16384
0,sized2,2,READ,0x20000570000,16384
0,sized2,2,READ,0x20000574000,16384
0,sized2,2,READ,0x20000578000,16384
0,sized2,2,READ,0x2000057c000,16384
0,sized2,2,READ,0x20000580000,16384
0,sized2,2,READ,0x20000584000,16384
0,sized2,2,READ,0x20000588000,16384
0,sized2,2,READ,0x2000058c000,16384
0,sized2,2,READ,0x20000590000,16384
0,sized2,2,READ,0x20000594000,16384
0,sized2,2,READ,0x20000598000,16384
0,sized2,2,READ,0x2000059c000,16384
0,sized2,2,READ,0x200005a0000,16384
0,sized2,2,READ,0x200005a4000,16384
0,sized2,2,READ,0x200005a8000,16384
0,sized2,2,READ,0x200005ac000,16384
0,sized2,2,READ,0x200005b0000,16384
0,sized2,2,READ,0x200005b4000,16384
0,sized2,2,READ,0x200005b8000,16384
0,sized2,2,READ,0x200005bc000,16384
0,sized2,2,READ,0x200005c0000,16384
0,sized2,2,READ,0x200005c4000,16384
0,sized2,2,READ,0x200005c8000,16384
0,sized2,2,READ,0x200005cc000,16384
0,sized2,2,READ,0x200005d0000,16384
0,sized2,2,READ,0x200005d4000,16384
0,sized2,2,READ,0x200005d8000,16384
0,sized2,2,READ,0x200005dc000,16384
0,sized2,2,READ,0x200005e0000,16384
0,sized2,2,READ,0x200005e4000,16384
0,sized2,2,READ,0x200005e8000,16384
0,sized2,2,READ,0x200005ec000,16384
0,sized2,2,READ,0x200005f0000,16384
0,sized2,2,READ,0x200005f4000,16384
0,sized2,2,READ,0x200005f8000,16384
0,sized2,2,READ,0x200005fc000,16384
0,sized2,2,READ,0x20000600000,16384
0,sized2,2,READ,0x20000604000,16384
0,sized2,2,READ,0x20000608000,16384
0,sized2,2,READ,0x2000060c000,16384
0,sized2,2,READ,0x20000610000,16384
0,sized2,2,READ,0x20000614000,16384
0,sized2,2,READ,0x20000618000,16384
0,sized2,2,READ,0x2000061c000,16384
0,sized2,2,READ,0x20000620000,16384
0,sized2,2,READ,0x20000624000,16384
0,sized2,2,READ,0x20000628000,16384
0,sized2,2,READ,0x2000062c000,16384
0,sized2,2,READ,0x20000630000,16384
0,sized2,2,READ,0x20000634000,16384
0,sized2,2,READ,0x20000638000,16384
0,sized2,2,READ,0x2000063c000,16384
0,sized2,2,READ,0x20000640000,16384
0,sized2,2,READ,0x20000644000,16384
0,sized2,2,READ,0x20000648000,16384
0,sized2,2,READ,0x2000064c000,16384
0,sized2,2,READ,0x20000650000,16384
0,sized2,2,READ,0x20000654000,16384
0,sized2,2,READ,0x20000658000,16384
0,sized2,2,READ,0x2000065c000,16384
0,sized2,2,READ,0x20000660000,16384
0,sized2,2,READ,0x20000664000,16384
0,sized2,2,READ,0x20000668000,16384
0,sized2,2,READ,0x2000066c000,16384
0,sized2,2,READ,0x20000670000,16384
0,sized2,2,READ,0x20000674000,16384
0,sized2,2,READ,0x20000678000,16384
0,sized2,2,READ,0x2000067c000,16384
0,sized2,2,READ,0x20000680000,16384
0,sized2,2,READ,0x20000684000,16384
0,sized2,2,READ,0x20000688000,16384
0,sized2,2,READ,0x2000068c000,16384
0,sized2,2,READ,0x20000690000,16384
0,sized2,2,READ,0x20000694000,16384
0,sized2,2,READ,0x20000698000,16384
0,sized2,2,READ,0x2000069c000,16384
0,sized2,2,READ,0x200006a0000,16384
0,sized2,2,READ,0x200006a4000,16384
0,sized2,2,READ,0x200006a8000,16384
0,sized2,2,READ,0x200006ac000,16384
0,sized2,2,READ,0x200006b0000,16384
0,sized2,2,READ,0x200006b4000,16384
0,sized2,2,READ,0x200006b8000,16384
0,sized2,2,READ,0x200006bc000,16384
0,sized2,2,READ,0x200006c0000,16384
0,sized2,2,READ,0x200006c4000,16384
0,sized2,2,READ,0x200006c8000,16384
0,sized2,2,READ,0x200006cc000,16384
0,sized2,2,READ,0x200006d0000,16384
0,sized2,2,READ,0x200006d4000,16384
0,sized2,2,READ,0x200006d8000,16384
0,sized2,2,READ,0x200006dc000,16384
0,sized2,2,READ,0x200006e0000,16384
0,sized2,2,READ,0x200006e4000,16384
0,sized2,2,READ,0x200006e8000,16384
0,sized2,2,READ,0x200006ec000,16384
0,sized2,2,READ,0x200006f0000,16384
0,sized2,2,READ,0x200006f4000,16384
0,sized2,2,READ,0x200006f8000,16384
0,sized2,2,READ,0x200006fc000,16384
0,sized2,2,READ,0x20000700000,16384
0,sized2,2,READ,0x20000704000,16384
0,sized2,2,READ,0x20000708000,16384
0,sized2,2,READ,0x2000070c000,16384
0,sized2,2,READ,0x20000710000,16384
0,sized2,2,READ,0x20000714000,16384
0,sized2,2,READ,0x20000718000,16384
0,sized2,2,READ,0x2000071c000,16384
0,sized2,2,READ,0x20000720000,16384
0,sized2,2,READ,0x20000724000,16384
0,sized2,2,READ,0x20000728000,16384
0,sized2,2,READ,0x2000072c000,16384
0,sized2,2,READ,0x20000730000,16384
0,sized2,2,READ,0x20000734000,16384
0,sized2,2,READ,0x20000738000,16384
0,sized2,2,READ,0x2000073c000,16384
0,sized2,2,READ,0x20000740000,16384
0,sized2,2,READ,0x20000744000,16384
0,sized2,2,READ,0x20000748000,16384
0,sized2,2,READ,0x2000074c000,16384
0,sized2,2,READ,0x20000750000,16384
0,sized2,2,READ,0x20000754000,16384
0,sized2,2,READ,0x20000758000,16384
0,sized2,2,READ,0x2000075c000,16384
0,sized2,2,READ,0x20000760000,16384
0,sized2,2,READ,0x20000764000,16384
0,sized2,2,READ,0x20000768000,16384
0,sized2,2,READ,0x2000076c000,16384
0,sized2,2,READ,0x20000770000,16384
0,sized2,2,READ,0x20000774000,16384
0,sized2,2,READ,0x20000778000,16384
0,sized2,2,READ,0x2000077c000,16384
0,sized2,2,READ,0x20000780000,16384
0,sized2,2,READ,0x20000784000,16384
0,sized2,2,READ,0x20000788000,16384
0,sized2,2,READ,0x2000078c000,16384
0,sized2,2,READ,0x20000790000,16384
0,sized2,2,READ,0x20000794000,16384
0,sized2,2,READ,0x20000798000,16384
0,sized2,2,READ,0x2000079c000,16384
0,sized2,2,READ,0x200007a0000,16384
0,sized2,2,READ,0x200007a4000,16384
0,sized2,2,READ,0x200007a8000,16384
0,sized2,2,READ,0x200007ac000,16384
0,sized2,2,READ,0x200007b0000,16384
0,sized2,2,READ,0x200007b4000,16384
0,sized2,2,READ,0x200007b8000,16384
0,sized2,2,READ,0x200007bc000,16384
0,sized2,2,READ,0x200007c0000,16384
0,sized2,2,READ,0x200007c4000,16384
0,sized2,2,READ,0x200007c8000,16384
0,sized2,2,READ,0x200007cc000,16384
0,sized2,2,READ,0x200007d0000,16384
0,sized2,2,READ,0x200007d4000,16384
0,sized2,2,READ,0x200007d8000,16384
0,sized2,2,READ,0x200007dc000,16384
0,sized2,2,READ,0x200007e0000,16384
0,sized2,2,READ,0x200007e4000,16384
0,sized2,2,READ,0x200007e8000,16384
0,sized2,2,READ,0x200007ec000,16384
0,sized2,2,READ,0x200007f0000,16384
0,sized2,2,READ,0x200007f4000,16384
0,sized2,2,READ,0x200007f8000,16384
0,sized2,2,READ,0x200007fc000,16384
0,sized2,2,READ,0x20000800000,16384
0,sized2,2,READ,0x20000804000,16384
0,sized2,2,READ,0x20000808000,16384
0,sized2,2,READ,0x2000080c000,16384
0,sized2,2,READ,0x20000810000,16384
0,sized2,2,READ,0x20000814000,16384
0,sized2,2,READ,0x20000818000,16384
0,sized2,2,READ,0x2000081c000,16384
0,sized2,2,READ,0x20000820000,16384
0,sized2,2,READ,0x20000824000,16384
0,sized2,2,READ,0x20000828000,16384
0,sized2,2,READ,0x2000082c000,16384
0,sized2,2,READ,0x20000830000,16384
0,sized2,2,READ,0x20000834000,16384
0,sized2,2,READ,0x20000838000,16384
0,sized2,2,READ,0x2000083c000,16384
0,sized2,2,READ,0x20000840000,16384
0,sized2,2,READ,0x20000844000,16384
0,sized2,2,READ,0x20000848000,16384
0,sized2,2,READ,0x2000084c000,16384
0,sized2,2,READ,0x20000850000,16384
0,sized2,2,READ,0x20000854000,16384
0,sized2,2,READ,0x20000858000,16384
0,sized2,2,READ,0x2000085c000,16384
0,sized2,2,READ,0x20000860000,16384
0,sized2,2,READ,0x20000864000,16384
0,sized2,2,READ,0x20000868000,16384
0,sized2,2,READ,0x2000086c000,16384
0,sized2,2,READ,0x20000870000,16384
0,sized2,2,READ,0x20000874000,16384
0,sized2,2,READ,0x20000878000,16384
0,sized2,2,READ,0x2000087c000,16384
0,sized2,2,READ,0x20000880000,16384
0,sized2,2,READ,0x20000884000,16384
0,sized2,2,READ,0x20000888000,16384
0,sized2,2,READ,0x2000088c000,16384
0,sized2,2,READ,0x20000890000,16384
0,sized2,2,READ,0x20000894000,16384
0,sized2,2,READ,0x20000898000,16384
0,sized2,2,READ,0x2000089c000,16384
0,sized2,2,READ,0x200008a0000,16384
0,sized2,2,READ,0x200008a4000,16384
0,sized2,2,READ,0x200008a8000,16384
0,sized2,2,READ,0x200008ac000,16384
0,sized2,2,READ,0x200008b0000,16384
0,sized2,2,READ,0x200008b4000,16384
0,sized2,2,READ,0x200008b8000,16384
0,sized2,2,READ,0x200008bc000,16384
0,sized2,2,READ,0x200008c0000,16384
0,sized2,2,READ,0x200008c4000,16384
0,sized2,2,READ,0x200008c8000,16384
0,sized2,2,READ,0x200008cc000,16384
0,sized2,2,READ,0x200008d0000,16384
0,sized2,2,READ,0x200008d4000,16384
0,sized2,2,READ,0x200008d8000,16384
0,sized2,2,READ,0x200008dc000,16384
0,sized2,2,READ,0x200008e0000,16384
0,sized2,2,READ,0x200008e4000,16384
0,sized2,2,READ,0x200008e8000,16384
0,sized2,2,READ,0x200008ec000,16384
0,sized2,2,READ,0x200008f0000,16384
0,sized2,2,READ,0x200008f4000,16384
0,sized2,2,READ,0x200008f8000,16384
0,sized2,2,READ,0x200008fc000,16384
0,sized2,2,READ,0x20000900000,16384
0,sized2,2,READ,0x20000904000,16384
0,sized2,2,READ,0x20000908000,16384
0,sized2,2,READ,0x2000090c000,16384
0,sized2,2,READ,0x20000910000,16384
0,sized2,2,READ,0x20000914000,16384
0,sized2,2,READ,0x20000918000,16384
0,sized2,2,READ,0x2000091c000,16384
0,sized2,2,READ,0x20000920000,16384
0,sized2,2,READ,0x20000924000,16384
0,sized2,2,READ,0x20000928000,16384
0,sized2,2,READ,0x2000092c000,16384
0,sized2,2,READ,0x20000930000,16384
0,sized2,2,READ,0x20000934000,16384
0,sized2,2,READ,0x20000938000,16384
0,sized2,2,READ,0x2000093c000,16384
0,sized2,2,READ,0x20000940000,16384
0,sized2,2,READ,0x20000944000,16384
0,sized2,2,READ,0x20000948000,16384
0,sized2,2,READ,0x2000094c000,16384
0,sized2,2,READ,0x20000950000,16384
0,sized2,2,READ,0x20000954000,16384
0,sized2,2,READ,0x20000958000,16384
0,sized2,2,READ,0x2000095c000,16384
0,sized2,2,READ,0x20000960000,16384
0,sized2,2,READ,0x20000964000,16384
0,sized2,2,READ,0x20000968000,16384
0,sized2,2,READ,0x2000096c000,16384
0,sized2,2,READ,0x20000970000,16384
0,sized2,2,READ,0x20000974000,16384
0,sized2,2,READ,0x20000978000,16384
0,sized2,2,READ,0x2000097c000,16384
0,sized2,2,READ,0x20000980000,16384
0,sized2,2,READ,0x20000984000,16384
0,sized2,2,READ,0x20000988000,16384
0,sized2,2,READ,0x2000098c000,16384
0,sized2,2,READ,0x20000990000,16384
0,sized2,2,READ,0x20000994000,16384
0,sized2,2,READ,0x20000998000,16384
0,sized2,2,READ,0x2000099c000,16384
0,sized2,2,READ,0x200009a0000,16384
0,sized2,2,READ,0x200009a4000,16384
0,sized2,2,READ,0x200009a8000,16384
0,sized2,2,READ,0x200009ac000,16384
0,sized2,2,READ,0x200009b0000,16384
0,sized2,2,READ,0x200009b4000,16384
0,sized2,2,READ,0x200009b8000,16384
0,sized2,2,READ,0x200009bc000,16384
0,sized2,2,READ,0x200009c0000,16384
0,sized2,2,READ,0x200009c4000,16384
0,sized2,2,READ,0x200009c8000,16384
0,sized2,2,READ,0x200009cc000,16384
0,sized2,2,READ,0x200009d0000,16384
0,sized2,2,READ,0x200009d4000,16384
0,sized2,2,READ,0x200009d8000,16384
0,sized2,2,READ,0x200009dc000,16384
0,sized2,2,READ,0x200009e0000,16384
0,sized2,2,READ,0x200009e4000,16384
0,sized2,2,READ,0x200009e8000,16384
0,sized2,2,READ,0x200009ec000,16384
0,sized2,2,READ,0x200009f0000,16384
0,sized2,2,READ,0x200009f4000,16384
0,sized2,2,READ,0x200009f8000,16384
0,sized2,2,READ,0x200009fc000,16384
0,sized2,2,READ,0x20000a00000,16384
0,sized2,2,READ,0x20000a04000,16384
0,sized2,2,READ,0x20000a08000,16384
0,sized2,2,READ,0x20000a0c000,16384
0,sized2,2,READ,0x20000a10000,16384
0,sized2,2,READ,0x20000a14000,16384
0,sized2,2,READ,0x20000a18000,16384
0,sized2,2,READ,0x20000a1c000,16384
0,sized2,2,READ,0x20000a20000,16384
0,sized2,2,READ,0x20000a24000,16384
0,sized2,2,READ,0x20000a28000,16384
0,sized2,2,READ,0x20000a2c000,16384
0,sized2,2,READ,0x20000a30000,16384
0,sized2,2,READ,0x20000a34000,16384
0,sized2,2,READ,0x20000a38000,16384
0,sized2,2,READ,0x20000a3c000,16384
0,sized2,2,READ,0x20000a40000,16384
0,sized2,2,READ,0x20000a44000,16384
0,sized2,2,READ,0x20000a48000,16384
0,sized2,2,READ,0x20000a4c000,16384
0,sized2,2,READ,0x20000a50000,16384
0,sized2,2,READ,0x20000a54000,16384
0,sized2,2,READ,0x20000a58000,16384
0,sized2,2,READ,0x20000a5c000,16384
0,sized2,2,READ,0x20000a60000,16384
0,sized2,2,READ,0x20000a64000,16384
0,sized2,2,READ,0x20000a68000,16384
0,sized2,2,READ,0x20000a6c000,16384
0,sized2,2,READ,0x20000a70000,16384
0,sized2,2,READ,0x20000a74000,16384
0,sized2,2,READ,0x20000a78000,16384
0,sized2,2,READ,0x20000a7c000,16384
0,sized2,2,READ,0x20000a80000,16384
0,sized2,2,READ,0x20000a84000,16384
0,sized2,2,READ,0x20000a88000,16384
0,sized2,2,READ,0x20000a8c000,16384
0,sized2,2,READ,0x20000a90000,16384
0,sized2,2,READ,0x20000a94000,16384
0,sized2,2,READ,0x20000a98000,16384
0,sized2,2,READ,0x20000a9c000,16384
0,sized2,2,READ,0x20000aa0000,16384
0,sized2,2,READ,0x20000aa4000,16384
0,sized2,2,READ,0x20000aa8000,16384
0,sized2,2,READ,0x20000aac000,16384
0,sized2,2,READ,0x20000ab0000,16384
0,sized2,2,READ,0x20000ab4000,16384
0,sized2,2,READ,0x20000ab8000,16384
0,sized2,2,READ,0x20000abc000,16384
0,sized2,2,READ,0x20000ac0000,16384
0,sized2,2,READ,0x20000ac4000,16384
0,sized2,2,READ,0x20000ac8000,16384
0,sized2,2,READ,0x20000acc000,16384
0,sized2,2,READ,0x20000ad0000,16384
0,sized2,2,READ,0x20000ad4000,16384
0,sized2,2,READ,0x20000ad8000,16384
0,sized2,2,READ,0x20000adc000,16384
0,sized2,2,READ,0x20000ae0000,16384
0,sized2,2,READ,0x20000ae4000,16384
0,sized2,2,READ,0x20000ae8000,16384
0,sized2,2,READ,0x20000aec000,16384
0,sized2,2,READ,0x20000af0000,16384
0,sized2,2,READ,0x20000af4000,16384
0,sized2,2,READ,0x20000af8000,16384
0,sized2,2,READ,0x20000afc000,16384
0,sized2,2,READ,0x20000b00000,16384
0,sized2,2,READ,0x20000b04000,16384
0,sized2,2,READ,0x20000b08000,16384
0,sized2,2,READ,0x20000b0c000,16384
0,sized2,2,READ,0x20000b10000,16384
0,sized2,2,READ,0x20000b14000,16384
0,sized2,2,READ,0x20000b18000,16384
0,sized2,2,READ,0x20000b1c000,16384
0,sized2,2,READ,0x20000b20000,16384
0,sized2,2,READ,0x20000b24000,16384
0,sized2,2,READ,0x20000b28000,16384
0,sized2,2,READ,0x20000b2c000,16384
0,sized2,2,READ,0x20000b30000,16384
0,sized2,2,READ,0x20000b34000,16384
0,sized2,2,READ,0x20000b38000,16384
0,sized2,2,READ,0x20000b3c000,16384
0,sized2,2,READ,0x20000b40000,16384
0,sized2,2,READ,0x20000b44000,16384
0,sized2,2,READ,0x20000b48000,16384
0,sized2,2,READ,0x20000b4c000,16384
0,sized2,2,READ,0x20000b50000,16384
0,sized2,2,READ,0x20000b54000,16384
0,sized2,2,READ,0x20000b58000,16384
0,sized2,2,READ,0x20000b5c000,16384
0,sized2,2,READ,0x20000b60000,16384
0,sized2,2,READ,0x20000b64000,16384
0,sized2,2,READ,0x20000b68000,16384
0,sized2,2,READ,0x20000b6c000,16384
0,sized2,2,READ,0x20000b70000,16384
0,sized2,2,READ,0x20000b74000,16384
0,sized2,2,READ,0x20000b78000,16384
0,sized2,2,READ,0x20000b7c000,16384
0,sized2,2,READ,0x20000b80000,16384
0,sized2,2,READ,0x20000b84000,16384
0,sized2,2,READ,0x20000b88000,16384
0,sized2,2,READ,0x20000b8c000,16384
0,sized2,2,READ,0x20000b90000,16384
0,sized2,2,READ,0x20000b94000,16384
0,sized2,2,READ,0x20000b98000,16384
0,sized2,2,READ,0x20000b9c000,16384
0,sized2,2,READ,0x20000ba0000,16384
0,sized2,2,READ,0x20000ba4000,16384
0,sized2,2,READ,0x20000ba8000,16384
0,sized2,2,READ,0x20000bac000,16384
0,sized2,2,READ,0x20000bb0000,16384
0,sized2,2,READ,0x20000bb4000,16384
0,sized2,2,READ,0x20000bb8000,16384
0,sized2,2,READ,0x20000bbc000,16384
0,sized2,2,READ,0x20000bc0000,16384
0,sized2,2,READ,0x20000bc4000,16384
0,sized2,2,READ,0x20000bc8000,16384
0,sized2,2,READ,0x20000bcc000,16384
0,sized2,2,READ,0x20000bd0000,16384
0,sized2,2,READ,0x20000bd4000,16384
0,sized2,2,READ,0x20000bd8000,16384
0,sized2,2,READ,0x20000bdc000,16384
0,sized2,2,READ,0x20000be0000,16384
0,sized2,2,READ,0x20000be4000,16384
0,sized2,2,READ,0x20000be8000,16384
0,sized2,2,READ,0x20000bec000,16384
0,sized2,2,READ,0x20000bf0000,16384
0,sized2,2,READ,0x20000bf4000,16384
0,sized2,2,READ,0x20000bf8000,16384
0,sized2,2,READ,0x20000bfc000,16384
0,sized2,2,READ,0x20000c00000,16384
0,sized2,2,READ,0x20000c04000,16384
0,sized2,2,READ,0x20000c08000,16384
0,sized2,2,READ,0x20000c0c000,16384
0,sized2,2,READ,0x20000c10000,16384
0,sized2,2,READ,0x20000c14000,16384
0,sized2,2,READ,0x20000c18000,16384
0,sized2,2,READ,0x20000c1c000,16384
0,sized2,2,READ,0x20000c20000,16384
0,sized2,2,READ,0x20000c24000,16384
0,sized2,2,READ,0x20000c28000,16384
0,sized2,2,READ,0x20000c2c000,16384
0,sized2,2,READ,0x20000c30000,16384
0,sized2,2,READ,0x20000c34000,16384
0,sized2,2,READ,0x20000c38000,16384
0,sized2,2,READ,0x20000c3c000,16384
0,sized2,2,READ,0x20000c40000,16384
0,sized2,2,READ,0x20000c44000,16384
0,sized2,2,READ,0x20000c48000,16384
0,sized2,2,READ,0x20000c4c000,16384
0,sized2,2,READ,0x20000c50000,16384
0,sized2,2,READ,0x20000c54000,16384
0,sized2,2,READ,0x20000c58000,16384
0,sized2,2,READ,0x20000c5c000,16384
0,sized2,2,READ,0x20000c60000,16384
0,sized2,2,READ,0x20000c64000,16384
0,sized2,2,READ,0x20000c68000,16384
0,sized2,2,READ,0x20000c6c000,16384
0,sized2,2,READ,0x20000c70000,16384
0,sized2,2,READ,0x20000c74000,16384
0,sized2,2,READ,0x20000c78000,16384
0,sized2,2,READ,0x20000c7c000,16384
0,sized2,2,READ,0x20000c80000,16384
0,sized2,2,READ,0x20000c84000,16384
0,sized2,2,READ,0x20000c88000,16384
0,sized2,2,READ,0x20000c8c000,16384
0,sized2,2,READ,0x20000c90000,16384
0,sized2,2,READ,0x20000c94000,16384
0,sized2,2,READ,0x20000c98000,16384
0,sized2,2,READ,0x20000c9c000,16384
0,sized2,2,READ,0x20000ca0000,16384
0,sized2,2,READ,0x20000ca4000,16384
0,sized2,2,READ,0x20000ca8000,16384
0,sized2,2,READ,0x20000cac000,16384
0,sized2,2,READ,0x20000cb0000,16384
0,sized2,2,READ,0x20000cb4000,16384
0,sized2,2,READ,0x20000cb8000,16384
0,sized2,2,READ,0x20000cbc000,16384
0,sized2,2,READ,0x20000cc0000,16384
0,sized2,2,READ,0x20000cc4000,16384
0,sized2,2,READ,0x20000cc8000,16384
0,sized2,2,READ,0x20000ccc000,16384
0,sized2,2,READ,0x20000cd0000,16384
0,sized2,2,READ,0x20000cd4000,16384
0,sized2,2,READ,0x20000cd8000,16384
0,sized2,2,READ,0x20000cdc000,16384
0,sized2,2,READ,0x20000ce0000,16384
0,sized2,2,READ,0x20000ce4000,16384
0,sized2,2,READ,0x20000ce8000,16384
0,sized2,2,READ,0x20000cec000,16384
0,sized2,2,READ,0x20000cf0000,16384
0,sized2,2,READ,0x20000cf4000,16384
0,sized2,2,READ,0x20000cf8000,16384
0,sized2,2,READ,0x20000cfc000,16384
0,sized2,2,READ,0x20000d00000,16384
0,sized2,2,READ,0x20000d04000,16384
0,sized2,2,READ,0x20000d08000,16384
0,sized2,2,READ,0x20000d0c000,16384
0,sized2,2,READ,0x20000d10000,16384
0,sized2,2,READ,0x20000d14000,16384
0,sized2,2,READ,0x20000d18000,16384
0,sized2,2,READ,0x20000d1c000,16384
0,sized2,2,READ,0x20000d20000,16384
0,sized2,2,READ,0x20000d24000,16384
0,sized2,2,READ,0x20000d28000,16384
0,sized2,2,READ,0x20000d2c000,16384
0,sized2,2,READ,0x20000d30000,16384
0,sized2,2,READ,0x20000d34000,16384
0,sized2,2,READ,0x20000d38000,16384
0,sized2,2,READ,0x20000d3c000,16384
0,sized2,2,READ,0x20000d40000,16384
0,sized2,2,READ,0x20000d44000,16384
0,sized2,2,READ,0x20000d48000,16384
0,sized2,2,READ,0x20000d4c000,16384
0,sized2,2,READ,0x20000d50000,16384
0,sized2,2,READ,0x20000d54000,16384
0,sized2,2,READ,0x20000d58000,16384
0,sized2,2,READ,0x20000d5c000,16384
0,sized2,2,READ,0x20000d60000,16384
0,sized2,2,READ,0x20000d64000,16384
0,sized2,2,READ,0x20000d68000,16384
0,sized2,2,READ,0x20000d6c000,16384
0,sized2,2,READ,0x20000d70000,16384
0,sized2,2,READ,0x20000d74000,16384
0,sized2,2,READ,0x20000d78000,16384
0,sized2,2,READ,0x20000d7c000,16384
0,sized2,2,READ,0x20000d80000,16384
0,sized2,2,READ,0x20000d84000,16384
0,sized2,2,READ,0x20000d88000,16384
0,sized2,2,READ,0x20000d8c000,16384
0,sized2,2,READ,0x20000d90000,16384
0,sized2,2,READ,0x20000d94000,16384
0,sized2,2,READ,0x20000d98000,16384
0,sized2,2,READ,0x20000d9c000,16384
0,sized2,2,READ,0x20000da0000,16384
0,sized2,2,READ,0x20000da4000,16384
0,sized2,2,READ,0x20000da8000,16384
0,sized2,2,READ,0x20000dac000,16384
0,sized2,2,READ,0x20000db0000,16384
0,sized2,2,READ,0x20000db4000,16384
0,sized2,2,READ,0x20000db8000,16384
0,sized2,2,READ,0x20000dbc000,16384
0,sized2,2,READ,0x20000dc0000,16384
0,sized2,2,READ,0x20000dc4000,16384
0,sized2,2,READ,0x20000dc8000,16384
0,sized2,2,READ,0x20000dcc000,16384
0,sized2,2,READ,0x20000dd0000,16384
0,sized2,2,READ,0x20000dd4000,16384
0,sized2,2,READ,0x20000dd8000,16384
0,sized2,2,READ,0x20000ddc000,16384
0,sized2,2,READ,0x20000de0000,16384
0,sized2,2,READ,0x20000de4000,16384
0,sized2,2,READ,0x20000de8000,16384
0,sized2,2,READ,0x20000dec000,16384
0,sized2,2,READ,0x20000df0000,16384
0,sized2,2,READ,0x20000df4000,16384
0,sized2,2,READ,0x20000df8000,16384
0,sized2,2,READ,0x20000dfc000,16384
0,sized2,2,READ,0x20000e00000,16384
0,sized2,2,READ,0x20000e04000,16384
0,sized2,2,READ,0x20000e08000,16384
0,sized2,2,READ,0x20000e0c000,16384
0,sized2,2,READ,0x20000e10000,16384
0,sized2,2,READ,0x20000e14000,16384
0,sized2,2,READ,0x20000e18000,16384
0,sized2,2,READ,0x20000e1c000,16384
0,sized2,2,READ,0x20000e20000,16384
0,sized2,2,READ,0x20000e24000,16384
0,sized2,2,READ,0x20000e28000,16384
0,sized2,2,READ,0x20000e2c000,16384
0,sized2,2,READ,0x20000e30000,16384
0,sized2,2,READ,0x20000e34000,16384
0,sized2,2,READ,0x20000e38000,16384
0,sized2,2,READ,0x20000e3c000,16384
0,sized2,2,READ,0x20000e40000,16384
0,sized2,2,READ,0x20000e44000,16384
0,sized2,2,READ,0x20000e48000,16384
0,sized2,2,READ,0x20000e4c000,16384
0,sized2,2,READ,0x20000e50000,16384
0,sized2,2,READ,0x20000e54000,16384
0,sized2,2,READ,0x20000e58000,16384
0,sized2,2,READ,0x20000e5c000,16384
0,sized2,2,READ,0x20000e60000,16384
0,sized2,2,READ,0x20000e64000,16384
0,sized2,2,READ,0x20000e68000,16384
0,sized2,2,READ,0x20000e6c000,16384
0,sized2,2,READ,0x20000e70000,16384
0,sized2,2,READ,0x20000e74000,16384
0,sized2,2,READ,0x20000e78000,16384
0,sized2,2,READ,0x20000e7c000,16384
0,sized2,2,READ,0x20000e80000,16384
0,sized2,2,READ,0x20000e84000,16384
0,sized2,2,READ,0x20000e88000,16384
0,sized2,2,READ,0x20000e8c000,16384
0,sized2,2,READ,0x20000e90000,16384
0,sized2,2,READ,0x20000e94000,16384
0,sized2,2,READ,0x20000e98000,16384
0,sized2,2,READ,0x20000e9c000,16384
0,sized2,2,READ,0x20000ea0000,16384
0,sized2,2,READ,0x20000ea4000,16384
0,sized2,2,READ,0x20000ea8000,16384
0,sized2,2,READ,0x20000eac000,16384
0,sized2,2,READ,0x20000eb0000,16384
0,sized2,2,READ,0x20000eb4000,16384
0,sized2,2,READ,0x20000eb8000,16384
0,sized2,2,READ,0x20000ebc000,16384
0,sized2,2,READ,0x20000ec0000,16384
0,sized2,2,READ,0x20000ec4000,16384
0,sized2,2,READ,0x20000ec8000,16384
0,sized2,2,READ,0x20000ecc000,16384
0,sized2,2,READ,0x20000ed0000,16384
0,sized2,2,READ,0x20000ed4000,16384
0,sized2,2,READ,0x20000ed8000,16384
0,sized2,2,READ,0x20000edc000,16384
0,sized2,2,READ,0x20000ee0000,16384
0,sized2,2,READ,0x20000ee4000,16384
0,sized2,2,READ,0x20000ee8000,16384
0,sized2,2,READ,0x20000eec000,16384
0,sized2,2,READ,0x20000ef0000,16384
0,sized2,2,READ,0x20000ef4000,16384
0,sized2,2,READ,0x20000ef8000,16384
0,sized2,2,READ,0x20000efc000,16384
0,sized2,2,READ,0x20000f00000,16384
0,sized2,2,READ,0x20000f04000,16384
0,sized2,2,READ,0x20000f08000,16384
0,sized2,2,READ,0x20000f0c000,16384
0,sized2,2,READ,0x20000f10000,16384
0,sized2,2,READ,0x20000f14000,16384
0,sized2,2,READ,0x20000f18000,16384
0,sized2,2,READ,0x20000f1c000,16384
0,sized2,2,READ,0x20000f20000,16384
0,sized2,2,READ,0x20000f24000,16384
0,sized2,2,READ,0x20000f28000,16384
0,sized2,2,READ,0x20000f2c000,16384
0,sized2,2,READ,0x20000f30000,16384
0,sized2,2,READ,0x20000f34000,16384
0,sized2,2,READ,0x20000f38000,16384
0,sized2,2,READ,0x20000f3c000,16384
0,sized2,2,READ,0x20000f40000,16384
0,sized2,2,READ,0x20000f44000,16384
0,sized2,2,READ,0x20000f48000,16384
0,sized2,2,READ,0x20000f4c000,16384
0,sized2,2,READ,0x20000f50000,16384
0,sized2,2,READ,0x20000f54000,16384
0,sized2,2,READ,0x20000f58000,16384
0,sized2,2,READ,0x20000f5c000,16384
0,sized2,2,READ,0x20000f60000,16384
0,sized2,2,READ,0x20000f64000,16384
0,sized2,2,READ,0x20000f68000,16384
0,sized2,2,READ,0x20000f6c000,16384
0,sized2,2,READ,0x20000f70000,16384
0,sized2,2,READ,0x20000f74000,16384
0,sized2,2,READ,0x20000f78000,16384
0,sized2,2,READ,0x20000f7c000,16384
0,sized2,2,READ,0x20000f80000,16384
0,sized2,2,READ,0x20000f84000,16384
0,sized2,2,READ,0x20000f88000,16384
0,sized2,2,READ,0x20000f8c000,16384
0,sized2,2,READ,0x20000f90000,16384
0,sized2,2,READ,0x20000f94000,16384
0,sized2,2,READ,0x20000f98000,16384
0,sized2,2,READ,0x20000f9c000,16384
0,sized2,2,READ,0x20000fa0000,16384
0,sized2,2,READ,0x20000fa4000,16384
0,sized2,2,READ,0x20000fa8000,16384
0,sized2,2,READ,0x20000fac000,16384
0,sized2,2,READ,0x20000fb0000,16384
0,sized2,2,READ,0x20000fb4000,16384
0,sized2,2,READ,0x20000fb8000,16384
0,sized2,2,READ,0x20000fbc000,16384
0,sized2,2,READ,0x20000fc0000,16384
0,sized2,2,READ,0x20000fc4000,16384
0,sized2,2,READ,0x20000fc8000,16384
0,sized2,2,READ,0x20000fcc000,16384
0,sized2,2,READ,0x20000fd0000,16384
0,sized2,2,READ,0x20000fd4000,16384
0,sized2,2,READ,0x20000fd8000,16384
0,sized2,2,READ,0x20000fdc000,16384
0,sized2,2,READ,0x20000fe0000,16384
0,sized2,2,READ,0x20000fe4000,16384
0,sized2,2,READ,0x20000fe8000,16384
0,sized2,2,READ,0x20000fec000,16384
0,sized2,2,READ,0x20000ff0000,16384
0,sized2,2,READ,0x20000ff4000,16384
0,sized2,2,READ,0x20000ff8000,16384
0,sized2,2,READ,0x20000ffc000,16384
0,sized2,2,READ,0x20001000000,16384
0,sized2,2,READ,0x20001004000,16384
0,sized2,2,READ,0x20001008000,16384
0,sized2,2,READ,0x2000100c000,16384
0,sized2,2,READ,0x20001010000,16384
0,sized2,2,READ,0x20001014000,16384
0,sized2,2,READ,0x20001018000,16384
0,sized2,2,READ,0x2000101c000,16384
0,sized2,2,READ,0x20001020000,16384
0,sized2,2,READ,0x20001024000,16384
0,sized2,2,READ,0x20001028000,16384
0,sized2,2,READ,0x2000102c000,16384
0,sized2,2,READ,0x20001030000,16384
0,sized2,2,READ,0x20001034000,16384
0,sized2,2,READ,0x20001038000,16384
0,sized2,2,READ,0x2000103c000,16384
0,sized2,2,READ,0x20001040000,16384
0,sized2,2,READ,0x20001044000,16384
0,sized2,2,READ,0x20001048000,16384
0,sized2,2,READ,0x2000104c000,16384
0,sized2,2,READ,0x20001050000,16384
0,sized2,2,READ,0x20001054000,16384
0,sized2,2,READ,0x20001058000,16384
0,sized2,2,READ,0x2000105c000,16384
0,sized2,2,READ,0x20001060000,16384
0,sized2,2,READ,0x20001064000,16384
0,sized2,2,READ,0x20001068000,16384
0,sized2,2,READ,0x2000106c000,16384
0,sized2,2,READ,0x20001070000,16384
0,sized2,2,READ,0x20001074000,16384
0,sized2,2,READ,0x20001078000,16384
0,sized2,2,READ,0x2000107c000,16384
0,sized2,2,READ,0x20001080000,16384
0,sized2,2,READ,0x20001084000,16384
0,sized2,2,READ,0x20001088000,16384
0,sized2,2,READ,0x2000108c000,16384
0,sized2,2,READ,0x20001090000,16384
0,sized2,2,READ,0x20001094000,16384
0,sized2,2,READ,0x20001098000,16384
0,sized2,2,READ,0x2000109c000,16384
0,sized2,2,READ,0x200010a0000,16384
0,sized2,2,READ,0x200010a4000,16384
0,sized2,2,READ,0x200010a8000,16384
0,sized2,2,READ,0x200010ac000,16384
0,sized2,2,READ,0x200010b0000,16384
0,sized2,2,READ,0x200010b4000,16384
0,sized2,2,READ,0x200010b8000,16384
0,sized2,2,READ,0x200010bc000,16384
0,sized2,2,READ,0x200010c0000,16384
0,sized2,2,READ,0x200010c4000,16384
0,sized2,2,READ,0x200010c8000,16384
0,sized2,2,READ,0x200010cc000,16384
0,sized2,2,READ,0x200010d0000,16384
0,sized2,2,READ,0x200010d4000,16384
0,sized2,2,READ,0x200010d8000,16384
0,sized2,2,READ,0x200010dc000,16384
0,sized2,2,READ,0x200010e0000,16384
0,sized2,2,READ,0x200010e4000,16384
0,sized2,2,READ,0x200010e8000,16384
0,sized2,2,READ,0x200010ec000,16384
0,sized2,2,READ,0x200010f0000,16384
0,sized2,2,READ,0x200010f4000,16384
0,sized2,2,READ,0x200010f8000,16384
0,sized2,2,READ,0x200010fc000,16384
0,sized2,2,READ,0x20001100000,16384
0,sized2,2,READ,0x20001104000,16384
0,sized2,2,READ,0x20001108000,16384
0,sized2,2,READ,0x2000110c000,16384
0,sized2,2,READ,0x20001110000,16384
0,sized2,2,READ,0x20001114000,16384
0,sized2,2,READ,0x20001118000,16384
0,sized2,2,READ,0x2000111c000,16384
0,sized2,2,READ,0x20001120000,16384
0,sized2,2,READ,0x20001124000,16384
0,sized2,2,READ,0x20001128000,16384
0,sized2,2,READ,0x2000112c000,16384
0,sized2,2,READ,0x20001130000,16384
0,sized2,2,READ,0x20001134000,16384
0,sized2,2,READ,0x20001138000,16384
0,sized2,2,READ,0x2000113c000,16384
0,sized2,2,READ,0x20001140000,16384
0,sized2,2,READ,0x20001144000,16384
0,sized2,2,READ,0x20001148000,16384
0,sized2,2,READ,0x2000114c000,16384
0,sized2,2,READ,0x20001150000,16384
0,sized2,2,READ,0x20001154000,16384
0,sized2,2,READ,0x20001158000,16384
0,sized2,2,READ,0x2000115c000,16384
0,sized2,2,READ,0x20001160000,16384
0,sized2,2,READ,0x20001164000,16384
0,sized2,2,READ,0x20001168000,16384
0,sized2,2,READ,0x2000116c000,16384
0,sized2,2,READ,0x20001170000,16384
0,sized2,2,READ,0x20001174000,16384
0,sized2,2,READ,0x20001178000,16384
0,sized2,2,READ,0x2000117c000,16384
0,sized2,2,READ,0x20001180000,16384
0,sized2,2,READ,0x20001184000,16384
0,sized2,2,READ,0x20001188000,16384
0,sized2,2,READ,0x2000118c000,16384
0,sized2,2,READ,0x20001190000,16384
0,sized2,2,READ,0x20001194000,16384
0,sized2,2,READ,0x20001198000,16384
0,sized2,2,READ,0x2000119c000,16384
0,sized2,2,READ,0x200011a0000,16384
0,sized2,2,READ,0x200011a4000,16384
0,sized2,2,READ,0x200011a8000,16384
0,sized2,2,READ,0x200011ac000,16384
0,sized2,2,READ,0x200011b0000,16384
0,sized2,2,READ,0x200011b4000,16384
0,sized2,2,READ,0x200011b8000,16384
0,sized2,2,READ,0x200011bc000,16384
0,sized2,2,READ,0x200011c0000,16384
0,sized2,2,READ,0x200011c4000,16384
0,sized2,2,READ,0x200011c8000,16384
0,sized2,2,READ,0x200011cc000,16384
0,sized2,2,READ,0x200011d0000,16384
0,sized2,2,READ,0x200011d4000,16384
0,sized2,2,READ,0x200011d8000,16384
0,sized2,2,READ,0x200011dc000,16384
0,sized2,2,READ,0x200011e0000,16384
0,sized2,2,READ,0x200011e4000,16384
0,sized2,2,READ,0x200011e8000,16384
0,sized2,2,READ,0x200011ec000,16384
0,sized2,2,READ,0x200011f0000,16384
0,sized2,2,READ,0x200011f4000,16384
0,sized2,2,READ,0x200011f8000,16384
0,sized2,2,READ,0x200011fc000,16384
0,sized2,2,READ,0x20001200000,16384
0,sized2,2,READ,0x20001204000,16384
0,sized2,2,READ,0x20001208000,16384
0,sized2,2,READ,0x2000120c000,16384
0,sized2,2,READ,0x20001210000,16384
0,sized2,2,READ,0x20001214000,16384
0,sized2,2,READ,0x20001218000,16384
0,sized2,2,READ,0x2000121c000,16384
0,sized2,2,READ,0x20001220000,16384
0,sized2,2,READ,0x20001224000,16384
0,sized2,2,READ,0x20001228000,16384
0,sized2,2,READ,0x2000122c000,16384
0,sized2,2,READ,0x20001230000,16384
0,sized2,2,READ,0x20001234000,16384
0,sized2,2,READ,0x20001238000,16384
0,sized2,2,READ,0x2000123c000,16384
0,sized2,2,READ,0x20001240000,16384
0,sized2,2,READ,0x20001244000,16384
0,sized2,2,READ,0x20001248000,16384
0,sized2,2,READ,0x2000124c000,16384
0,sized2,2,READ,0x20001250000,16384
0,sized2,2,READ,0x20001254000,16384
0,sized2,2,READ,0x20001258000,16384
0,sized2,2,READ,0x2000125c000,16384
0,sized2,2,READ,0x20001260000,16384
0,sized2,2,READ,0x20001264000,16384
0,sized2,2,READ,0x20001268000,16384
0,sized2,2,READ,0x2000126c000,16384
0,sized2,2,READ,0x20001270000,16384
0,sized2,2,READ,0x20001274000,16384
0,sized2,2,READ,0x20001278000,16384
0,sized2,2,READ,0x2000127c000,16384
0,sized2,2,READ,0x20001280000,16384
0,sized2,2,READ,0x20001284000,16384
0,sized2,2,READ,0x20001288000,16384
0,sized2,2,READ,0x2000128c000,16384
0,sized2,2,READ,0x20001290000,16384
0,sized2,2,READ,0x20001294000,16384
0,sized2,2,READ,0x20001298000,16384
0,sized2,2,READ,0x2000129c000,16384
0,sized2,2,READ,0x200012a0000,16384
0,sized2,2,READ,0x200012a4000,16384
0,sized2,2,READ,0x200012a8000,16384
0,sized2,2,READ,0x200012ac000,16384
0,sized2,2,READ,0x200012b0000,16384
0,sized2,2,READ,0x200012b4000,16384
0,sized2,2,READ,0x200012b8000,16384
0,sized2,2,READ,0x200012bc000,16384
0,sized2,2,READ,0x200012c0000,16384
0,sized2,2,READ,0x200012c4000,16384
0,sized2,2,READ,0x200012c8000,16384
0,sized2,2,READ,0x200012cc000,16384
0,sized2,2,READ,0x200012d0000,16384
0,sized2,2,READ,0x200012d4000,16384
0,sized2,2,READ,0x200012d8000,16384
0,sized2,2,READ,0x200012dc000,16384
0,sized2,2,READ,0x200012e0000,16384
0,sized2,2,READ,0x200012e4000,16384
0,sized2,2,READ,0x200012e8000,16384
0,sized2,2,READ,0x200012ec000,16384
0,sized2,2,READ,0x200012f0000,16384
0,sized2,2,READ,0x200012f4000,16384
0,sized2,2,READ,0x200012f8000,16384
0,sized2,2,READ,0x200012fc000,16384
0,sized2,2,READ,0x20001300000,16384
0,sized2,2,READ,0x20001304000,16384
0,sized2,2,READ,0x20001308000,16384
0,sized2,2,READ,0x2000130c000,16384
0,sized2,2,READ,0x20001310000,16384
0,sized2,2,READ,0x20001314000,16384
0,sized2,2,READ,0x20001318000,16384
0,sized2,2,READ,0x2000131c000,16384
0,sized2,2,READ,0x20001320000,16384
0,sized2,2,READ,0x20001324000,16384
0,sized2,2,READ,0x20001328000,16384
0,sized2,2,READ,0x2000132c000,16384
0,sized2,2,READ,0x20001330000,16384
0,sized2,2,READ,0x20001334000,16384
0,sized2,2,READ,0x20001338000,16384
0,sized2,2,READ,0x2000133c000,16384
0,sized2,2,READ,0x20001340000,16384
0,sized2,2,READ,0x20001344000,16384
0,sized2,2,READ,0x20001348000,16384
0,sized2,2,READ,0x2000134c000,16384
0,sized2,2,READ,0x20001350000,16384
0,sized2,2,READ,0x20001354000,16384
0,sized2,2,READ,0x20001358000,16384
0,sized2,2,READ,0x2000135c000,16384
0,sized2,2,READ,0x20001360000,16384
0,sized2,2,READ,0x20001364000,16384
0,sized2,2,READ,0x20001368000,16384
0,sized2,2,READ,0x2000136c000,16384
0,sized2,2,READ,0x20001370000,16384
0,sized2,2,READ,0x20001374000,16384
0,sized2,2,READ,0x20001378000,16384
0,sized2,2,READ,0x2000137c000,16384
0,sized2,2,READ,0x20001380000,16384
0,sized2,2,READ,0x20001384000,16384
0,sized2,2,READ,0x20001388000,16384
0,sized2,2,READ,0x2000138c000,16384
0,sized2,2,READ,0x20001390000,16384
0,sized2,2,READ,0x20001394000,16384
0,sized2,2,READ,0x20001398000,16384
0,sized2,2,READ,0x2000139c000,16384
0,sized2,2,READ,0x200013a0000,16384
0,sized2,2,READ,0x200013a4000,16384
0,sized2,2,READ,0x200013a8000,16384
0,sized2,2,READ,0x200013ac000,16384
0,sized2,2,READ,0x200013b0000,16384
0,sized2,2,READ,0x200013b4000,16384
0,sized2,2,READ,0x200013b8000,16384
0,sized2,2,READ,0x200013bc000,16384
0,sized2,2,READ,0x200013c0000,16384
0,sized2,2,READ,0x200013c4000,16384
0,sized2,2,READ,0x200013c8000,16384
0,sized2,2,READ,0x200013cc000,16384
0,sized2,2,READ,0x200013d0000,16384
0,sized2,2,READ,0x200013d4000,16384
0,sized2,2,READ,0x200013d8000,16384
0,sized2,2,READ,0x200013dc000,16384
0,sized2,2,READ,0x200013e0000,16384
0,sized2,2,READ,0x200013e4000,16384
0,sized2,2,READ,0x200013e8000,16384
0,sized2,2,READ,0x200013ec000,16384
0,sized2,2,READ,0x200013f0000,16384
0,sized2,2,READ,0x200013f4000,16384
0,sized2,2,READ,0x200013f8000,16384
0,sized2,2,READ,0x200013fc000,16384
0,sized2,2,READ,0x20001400000,16384
0,sized2,2,READ,0x20001404000,16384
0,sized2,2,READ,0x20001408000,16384
0,sized2,2,READ,0x2000140c000,16384
0,sized2,2,READ,0x20001410000,16384
0,sized2,2,READ,0x20001414000,16384
0,sized2,2,READ,0x20001418000,16384
0,sized2,2,READ,0x2000141c000,16384
0,sized2,2,READ,0x20001420000,16384
0,sized2,2,READ,0x20001424000,16384
0,sized2,2,READ,0x20001428000,16384
0,sized2,2,READ,0x2000142c000,16384
0,sized2,2,READ,0x20001430000,16384
0,sized2,2,READ,0x20001434000,16384
0,sized2,2,READ,0x20001438000,16384
0,sized2,2,READ,0x2000143c000,16384
0,sized2,2,READ,0x20001440000,16384
0,sized2,2,READ,0x20001444000,16384
0,sized2,2,READ,0x20001448000,16384
0,sized2,2,READ,0x2000144c000,16384
0,sized2,2,READ,0x20001450000,16384
0,sized2,2,READ,0x20001454000,16384
0,sized2,2,READ,0x20001458000,16384
0,sized2,2,READ,0x2000145c000,16384
0,sized2,2,READ,0x20001460000,16384
0,sized2,2,READ,0x20001464000,16384
0,sized2,2,READ,0x20001468000,16384
0,sized2,2,READ,0x2000146c000,16384
0,sized2,2,READ,0x20001470000,16384
0,sized2,2,READ,0x20001474000,16384
0,sized2,2,READ,0x20001478000,16384
0,sized2,2,READ,0x2000147c000,16384
0,sized2,2,READ,0x20001480000,16384
0,sized2,2,READ,0x20001484000,16384
0,sized2,2,READ,0x20001488000,16384
0,sized2,2,READ,0x2000148c000,16384
0,sized2,2,READ,0x20001490000,16384
0,sized2,2,READ,0x20001494000,16384
0,sized2,2,READ,0x20001498000,16384
0,sized2,2,READ,0x2000149c000,16384
0,sized2,2,READ,0x200014a0000,16384
0,sized2,2,READ,0x200014a4000,16384
0,sized2,2,READ,0x200014a8000,16384
0,sized2,2,READ,0x200014ac000,16384
0,sized2,2,READ,0x200014b0000,16384
0,sized2,2,READ,0x200014b4000,16384
0,sized2,2,READ,0x200014b8000,16384
0,sized2,2,READ,0x200014bc000,16384
0,sized2,2,READ,0x200014c0000,16384
0,sized2,2,READ,0x200014c4000,16384
0,sized2,2,READ,0x200014c8000,16384
0,sized2,2,READ,0x200014cc000,16384
0,sized2,2,READ,0x200014d0000,16384
0,sized2,2,READ,0x200014d4000,16384
0,sized2,2,READ,0x200014d8000,16384
0,sized2,2,READ,0x200014dc000,16384
0,sized2,2,READ,0x200014e0000,16384
0,sized2,2,READ,0x200014e4000,16384
0,sized2,2,READ,0x200014e8000,16384
0,sized2,2,READ,0x200014ec000,16384
0,sized2,2,READ,0x200014f0000,16384
0,sized2,2,READ,0x200014f4000,16384
0,sized2,2,READ,0x200014f8000,16384
0,sized2,2,READ,0x200014fc000,16384
0,sized2,2,READ,0x20001500000,16384
0,sized2,2,READ,0x20001504000,16384
0,sized2,2,READ,0x20001508000,16384
0,sized2,2,READ,0x2000150c000,16384
0,sized2,2,READ,0x20001510000,16384
0,sized2,2,READ,0x20001514000,16384
0,sized2,2,READ,0x20001518000,16384
0,sized2,2,READ,0x2000151c000,16384
0,sized2,2,READ,0x20001520000,16384
0,sized2,2,READ,0x20001524000,16384
0,sized2,2,READ,0x20001528000,16384
0,sized2,2,READ,0x2000152c000,16384
0,sized2,2,READ,0x20001530000,16384
0,sized2,2,READ,0x20001534000,16384
0,sized2,2,READ,0x20001538000,16384
0,sized2,2,READ,0x2000153c000,16384
0,sized2,2,READ,0x20001540000,16384
0,sized2,2,READ,0x20001544000,16384
0,sized2,2,READ,0x20001548000,16384
0,sized2,2,READ,0x2000154c000,16384
0,sized2,2,READ,0x20001550000,16384
0,sized2,2,READ,0x20001554000,16384
0,sized2,2,READ,0x20001558000,16384
0,sized2,2,READ,0x2000155c000,16384
0,sized2,2,READ,0x20001560000,16384
0,sized2,2,READ,0x20001564000,16384
0,sized2,2,READ,0x20001568000,16384
0,sized2,2,READ,0x2000156c000,16384
0,sized2,2,READ,0x20001570000,16384
0,sized2,2,READ,0x20001574000,16384
0,sized2,2,READ,0x20001578000,16384
0,sized2,2,READ,0x2000157c000,16384
0,sized2,2,READ,0x20001580000,16384
0,sized2,2,READ,0x20001584000,16384
0,sized2,2,READ,0x20001588000,16384
0,sized2,2,READ,0x2000158c000,16384
0,sized2,2,READ,0x20001590000,16384
0,sized2,2,READ,0x20001594000,16384
0,sized2,2,READ,0x20001598000,16384
0,sized2,2,READ,0x2000159c000,16384
0,sized2,2,READ,0x200015a0000,16384
0,sized2,2,READ,0x200015a4000,16384
0,sized2,2,READ,0x200015a8000,16384
0,sized2,2,READ,0x200015ac000,16384
0,sized2,2,READ,0x200015b0000,16384
0,sized2,2,READ,0x200015b4000,16384
0,sized2,2,READ,0x200015b8000,16384
0,sized2,2,READ,0x200015bc000,16384
0,sized2,2,READ,0x200015c0000,16384
0,sized2,2,READ,0x200015c4000,16384
0,sized2,2,READ,0x200015c8000,16384
0,sized2,2,READ,0x200015cc000,16384
0,sized2,2,READ,0x200015d0000,16384
0,sized2,2,READ,0x200015d4000,16384
0,sized2,2,READ,0x200015d8000,16384
0,sized2,2,READ,0x200015dc000,16384
0,sized2,2,READ,0x200015e0000,16384
0,sized2,2,READ,0x200015e4000,16384
0,sized2,2,READ,0x200015e8000,16384
0,sized2,2,READ,0x200015ec000,16384
0,sized2,2,READ,0x200015f0000,16384
0,sized2,2,READ,0x200015f4000,16384
0,sized2,2,READ,0x200015f8000,16384
0,sized2,2,READ,0x200015fc000,16384
0,sized2,2,READ,0x20001600000,16384
0,sized2,2,READ,0x20001604000,16384
0,sized2,2,READ,0x20001608000,16384
0,sized2,2,READ,0x2000160c000,16384
0,sized2,2,READ,0x20001610000,16384
0,sized2,2,READ,0x20001614000,16384
0,sized2,2,READ,0x20001618000,16384
0,sized2,2,READ,0x2000161c000,16384
0,sized2,2,READ,0x20001620000,16384
0,sized2,2,READ,0x20001624000,16384
0,sized2,2,READ,0x20001628000,16384
0,sized2,2,READ,0x2000162c000,16384
0,sized2,2,READ,0x20001630000,16384
0,sized2,2,READ,0x20001634000,16384
0,sized2,2,READ,0x20001638000,16384
0,sized2,2,READ,0x2000163c000,16384
0,sized2,2,READ,0x20001640000,16384
0,sized2,2,READ,0x20001644000,16384
0,sized2,2,READ,0x20001648000,16384
0,sized2,2,READ,0x2000164c000,16384
0,sized2,2,READ,0x20001650000,16384
0,sized2,2,READ,0x20001654000,16384
0,sized2,2,READ,0x20001658000,16384
0,sized2,2,READ,0x2000165c000,16384
0,sized2,2,READ,0x20001660000,16384
0,sized2,2,READ,0x20001664000,16384
0,sized2,2,READ,0x20001668000,16384
0,sized2,2,READ,0x2000166c000,16384
0,sized2,2,READ,0x20001670000,16384
0,sized2,2,READ,0x20001674000,16384
0,sized2,2,READ,0x20001678000,16384
0,sized2,2,READ,0x2000167c000,16384
0,sized2,2,READ,0x20001680000,16384
0,sized2,2,READ,0x20001684000,16384
0,sized2,2,READ,0x20001688000,16384
0,sized2,2,READ,0x2000168c000,16384
0,sized2,2,READ,0x20001690000,16384
0,sized2,2,READ,0x20001694000,16384
0,sized2,2,READ,0x20001698000,16384
0,sized2,2,READ,0x2000169c000,16384
0,sized2,2,READ,0x200016a0000,16384
0,sized2,2,READ,0x200016a4000,16384
0,sized2,2,READ,0x200016a8000,16384
0,sized2,2,READ,0x200016ac000,16384
0,sized2,2,READ,0x200016b0000,16384
0,sized2,2,READ,0x200016b4000,16384
0,sized2,2,READ,0x200016b8000,16384
0,sized2,2,READ,0x200016bc000,16384
0,sized2,2,READ,0x200016c0000,16384
0,sized2,2,READ,0x200016c4000,16384
0,sized2,2,READ,0x200016c8000,16384
0,sized2,2,READ,0x200016cc000,16384
0,sized2,2,READ,0x200016d0000,16384
0,sized2,2,READ,0x200016d4000,16384
0,sized2,2,READ,0x200016d8000,16384
0,sized2,2,READ,0x200016dc000,16384
0,sized2,2,READ,0x200016e0000,16384
0,sized2,2,READ,0x200016e4000,16384
0,sized2,2,READ,0x200016e8000,16384
0,sized2,2,READ,0x200016ec000,16384
0,sized2,2,READ,0x200016f0000,16384
0,sized2,2,READ,0x200016f4000,16384
0,sized2,2,READ,0x200016f8000,16384
0,sized2,2,READ,0x200016fc000,16384
0,sized2,2,READ,0x20001700000,16384
0,sized2,2,READ,0x20001704000,16384
0,sized2,2,READ,0x20001708000,16384
0,sized2,2,READ,0x2000170c000,16384
0,sized2,2,READ,0x20001710000,16384
0,sized2,2,READ,0x20001714000,16384
0,sized2,2,READ,0x20001718000,16384
0,sized2,2,READ,0x2000171c000,16384
0,sized2,2,READ,0x20001720000,16384
0,sized2,2,READ,0x20001724000,16384
0,sized2,2,READ,0x20001728000,16384
0,sized2,2,READ,0x2000172c000,16384
0,sized2,2,READ,0x20001730000,16384
0,sized2,2,READ,0x20001734000,16384
0,sized2,2,READ,0x20001738000,16384
0,sized2,2,READ,0x2000173c000,16384
0,sized2,2,READ,0x20001740000,16384
0,sized2,2,READ,0x20001744000,16384
0,sized2,2,READ,0x20001748000,16384
0,sized2,2,READ,0x2000174c000,16384
0,sized2,2,READ,0x20001750000,16384
0,sized2,2,READ,0x20001754000,16384
0,sized2,2,READ,0x20001758000,16384
0,sized2,2,READ,0x2000175c000,16384
0,sized2,2,READ,0x20001760000,16384
0,sized2,2,READ,0x20001764000,16384
0,sized2,2,READ,0x20001768000,16384
0,sized2,2,READ,0x2000176c000,16384
0,sized2,2,READ,0x20001770000,16384
0,sized2,2,READ,0x20001774000,16384
0,sized2,2,READ,0x20001778000,16384
0,sized2,2,READ,0x2000177c000,16384
0,sized2,2,READ,0x20001780000,16384
0,sized2,2,READ,0x20001784000,16384
0,sized2,2,READ,0x20001788000,16384
0,sized2,2,READ,0x2000178c000,16384
0,sized2,2,READ,0x20001790000,16384
0,sized2,2,READ,0x20001794000,16384
0,sized2,2,READ,0x20001798000,16384
0,sized2,2,READ,0x2000179c000,16384
0,sized2,2,READ,0x200017a0000,16384
0,sized2,2,READ,0x200017a4000,16384
0,sized2,2,READ,0x200017a8000,16384
0,sized2,2,READ,0x200017ac000,16384
0,sized2,2,READ,0x200017b0000,16384
0,sized2,2,READ,0x200017b4000,16384
0,sized2,2,READ,0x200017b8000,16384
0,sized2,2,READ,0x200017bc000,16384
0,sized2,2,READ,0x200017c0000,16384
0,sized2,2,READ,0x200017c4000,16384
0,sized2,2,READ,0x200017c8000,16384
0,sized2,2,READ,0x200017cc000,16384
0,sized2,2,READ,0x200017d0000,16384
0,sized2,2,READ,0x200017d4000,16384
0,sized2,2,READ,0x200017d8000,16384
0,sized2,2,READ,0x200017dc000,16384
0,sized2,2,READ,0x200017e0000,16384
0,sized2,2,READ,0x200017e4000,16384
0,sized2,2,READ,0x200017e8000,16384
0,sized2,2,READ,0x200017ec000,16384
0,sized2,2,READ,0x200017f0000,16384
0,sized2,2,READ,0x200017f4000,16384
0,sized2,2,READ,0x200017f8000,16384
0,sized2,2,READ,0x200017fc000,16384
0,sized2,2,READ,0x20001800000,16384
0,sized2,2,READ,0x20001804000,16384
0,sized2,2,READ,0x20001808000,16384
0,sized2,2,READ,0x2000180c000,16384
0,sized2,2,READ,0x20001810000,16384
0,sized2,2,READ,0x20001814000,16384
0,sized2,2,READ,0x20001818000,16384
0,sized2,2,READ,0x2000181c000,16384
0,sized2,2,READ,0x20001820000,16384
0,sized2,2,READ,0x20001824000,16384
0,sized2,2,READ,0x20001828000,16384
0,sized2,2,READ,0x2000182c000,16384
0,sized2,2,READ,0x20001830000,16384
0,sized2,2,READ,0x20001834000,16384
0,sized2,2,READ,0x20001838000,16384
0,sized2,2,READ,0x2000183c000,16384
0,sized2,2,READ,0x20001840000,16384
0,sized2,2,READ,0x20001844000,16384
0,sized2,2,READ,0x20001848000,16384
0,sized2,2,READ,0x2000184c000,16384
0,sized2,2,READ,0x20001850000,16384
0,sized2,2,READ,0x20001854000,16384
0,sized2,2,READ,0x20001858000,16384
0,sized2,2,READ,0x2000185c000,16384
0,sized2,2,READ,0x20001860000,16384
0,sized2,2,READ,0x20001864000,16384
0,sized2,2,READ,0x20001868000,16384
0,sized2,2,READ,0x2000186c000,16384
0,sized2,2,READ,0x20001870000,16384
0,sized2,2,READ,0x20001874000,16384
0,sized2,2,READ,0x20001878000,16384
0,sized2,2,READ,0x2000187c000,16384
0,sized2,2,READ,0x20001880000,16384
0,sized2,2,READ,0x20001884000,16384
0,sized2,2,READ,0x20001888000,16384
0,sized2,2,READ,0x2000188c000,16384
0,sized2,2,READ,0x20001890000,16384
0,sized2,2,READ,0x20001894000,16384
0,sized2,2,READ,0x20001898000,16384
0,sized2,2,READ,0x2000189c000,16384
0,sized2,2,READ,0x200018a0000,16384
0,sized2,2,READ,0x200018a4000,16384
0,sized2,2,READ,0x200018a8000,16384
0,sized2,2,READ,0x200018ac000,16384
0,sized2,2,READ,0x200018b0000,16384
0,sized2,2,READ,0x200018b4000,16384
0,sized2,2,READ,0x200018b8000,16384
0,sized2,2,READ,0x200018bc000,16384
0,sized2,2,READ,0x200018c0000,16384
0,sized2,2,READ,0x200018c4000,16384
0,sized2,2,READ,0x200018c8000,16384
0,sized2,2,READ,0x200018cc000,16384
0,sized2,2,READ,0x200018d0000,16384
0,sized2,2,READ,0x200018d4000,16384
0,sized2,2,READ,0x200018d8000,16384
0,sized2,2,READ,0x200018dc000,16384
0,sized2,2,READ,0x200018e0000,16384
0,sized2,2,READ,0x200018e4000,16384
0,sized2,2,READ,0x200018e8000,16384
0,sized2,2,READ,0x200018ec000,16384
0,sized2,2,READ,0x200018f0000,16384
0,sized2,2,READ,0x200018f4000,16384
0,sized2,2,READ,0x200018f8000,16384
0,sized2,2,READ,0x200018fc000,16384
0,sized2,2,READ,0x20001900000,16384
0,sized2,2,READ,0x20001904000,16384
0,sized2,2,READ,0x20001908000,16384
0,sized2,2,READ,0x2000190c000,16384
0,sized2,2,READ,0x20001910000,16384
0,sized2,2,READ,0x20001914000,16384
0,sized2,2,READ,0x20001918000,16384
0,sized2,2,READ,0x2000191c000,16384
0,sized2,2,READ,0x20001920000,16384
0,sized2,2,READ,0x20001924000,16384
0,sized2,2,READ,0x20001928000,16384
0,sized2,2,READ,0x2000192c000,16384
0,sized2,2,READ,0x20001930000,16384
0,sized2,2,READ,0x20001934000,16384
0,sized2,2,READ,0x20001938000,16384
0,sized2,2,READ,0x2000193c000,16384
0,sized2,2,READ,0x20001940000,16384
0,sized2,2,READ,0x20001944000,16384
0,sized2,2,READ,0x20001948000,16384
0,sized2,2,READ,0x2000194c000,16384
0,sized2,2,READ,0x20001950000,16384
0,sized2,2,READ,0x20001954000,16384
0,sized2,2,READ,0x20001958000,16384
0,sized2,2,READ,0x2000195c000,16384
0,sized2,2,READ,0x20001960000,16384
0,sized2,2,READ,0x20001964000,16384
0,sized2,2,READ,0x20001968000,16384
0,sized2,2,READ,0x2000196c000,16384
0,sized2,2,READ,0x20001970000,16384
0,sized2,2,READ,0x20001974000,16384
0,sized2,2,READ,0x20001978000,16384
0,sized2,2,READ,0x2000197c000,16384
0,sized2,2,READ,0x20001980000,16384
0,sized2,2,READ,0x20001984000,16384
0,sized2,2,READ,0x20001988000,16384
0,sized2,2,READ,0x2000198c000,16384
0,sized2,2,READ,0x20001990000,16384
0,sized2,2,READ,0x20001994000,16384
0,sized2,2,READ,0x20001998000,16384
0,sized2,2,READ,0x2000199c000,16384
0,sized2,2,READ,0x200019a0000,16384
0,sized2,2,READ,0x200019a4000,16384
0,sized2,2,READ,0x200019a8000,16384
0,sized2,2,READ,0x200019ac000,16384
0,sized2,2,READ,0x200019b0000,16384
0,sized2,2,READ,0x200019b4000,16384
0,sized2,2,READ,0x200019b8000,16384
0,sized2,2,READ,0x200019bc000,16384
0,sized2,2,READ,0x200019c0000,16384
0,sized2,2,READ,0x200019c4000,16384
0,sized2,2,READ,0x200019c8000,16384
0,sized2,2,READ,0x200019cc000,16384
0,sized2,2,READ,0x200019d0000,16384
0,sized2,2,READ,0x200019d4000,16384
0,sized2,2,READ,0x200019d8000,16384
0,sized2,2,READ,0x200019dc000,16384
0,sized2,2,READ,0x200019e0000,16384
0,sized2,2,READ,0x200019e4000,16384
0,sized2,2,READ,0x200019e8000,16384
0,sized2,2,READ,0x200019ec000,16384
0,sized2,2,READ,0x200019f0000,16384
0,sized2,2,READ,0x200019f4000,16384
0,sized2,2,READ,0x200019f8000,16384
0,sized2,2,READ,0x200019fc000,16384
0,sized2,2,READ,0x20001a00000,16384
0,sized2,2,READ,0x20001a04000,16384
0,sized2,2,READ,0x20001a08000,16384
0,sized2,2,READ,0x20001a0c000,16384
0,sized2,2,READ,0x20001a10000,16384
0,sized2,2,READ,0x20001a14000,16384
0,sized2,2,READ,0x20001a18000,16384
0,sized2,2,READ,0x20001a1c000,16384
0,sized2,2,READ,0x20001a20000,16384
0,sized2,2,READ,0x20001a24000,16384
0,sized2,2,READ,0x20001a28000,16384
0,sized2,2,READ,0x20001a2c000,16384
0,sized2,2,READ,0x20001a30000,16384
0,sized2,2,READ,0x20001a34000,16384
0,sized2,2,READ,0x20001a38000,16384
0,sized2,2,READ,0x20001a3c000,16384
0,sized2,2,READ,0x20001a40000,16384
0,sized2,2,READ,0x20001a44000,16384
0,sized2,2,READ,0x20001a48000,16384
0,sized2,2,READ,0x20001a4c000,16384
0,sized2,2,READ,0x20001a50000,16384
0,sized2,2,READ,0x20001a54000,16384
0,sized2,2,READ,0x20001a58000,16384
0,sized2,2,READ,0x20001a5c000,16384
0,sized2,2,READ,0x20001a60000,16384
0,sized2,2,READ,0x20001a64000,16384
0,sized2,2,READ,0x20001a68000,16384
0,sized2,2,READ,0x20001a6c000,16384
0,sized2,2,READ,0x20001a70000,16384
0,sized2,2,READ,0x20001a74000,16384
0,sized2,2,READ,0x20001a78000,16384
0,sized2,2,READ,0x20001a7c000,16384
0,sized2,2,READ,0x20001a80000,16384
0,sized2,2,READ,0x20001a84000,16384
0,sized2,2,READ,0x20001a88000,16384
0,sized2,2,READ,0x20001a8c000,16384
0,sized2,2,READ,0x20001a90000,16384
0,sized2,2,READ,0x20001a94000,16384
0,sized2,2,READ,0x20001a98000,16384
0,sized2,2,READ,0x20001a9c000,16384
0,sized2,2,READ,0x20001aa0000,16384
0,sized2,2,READ,0x20001aa4000,16384
0,sized2,2,READ,0x20001aa8000,16384
0,sized2,2,READ,0x20001aac000,16384
0,sized2,2,READ,0x20001ab0000,16384
0,sized2,2,READ,0x20001ab4000,16384
0,sized2,2,READ,0x20001ab8000,16384
0,sized2,2,READ,0x20001abc000,16384
0,sized2,2,READ,0x20001ac0000,16384
0,sized2,2,READ,0x20001ac4000,16384
0,sized2,2,READ,0x20001ac8000,16384
0,sized2,2,READ,0x20001acc000,16384
0,sized2,2,READ,0x20001ad0000,16384
0,sized2,2,READ,0x20001ad4000,16384
0,sized2,2,READ,0x20001ad8000,16384
0,sized2,2,READ,0x20001adc000,16384
0,sized2,2,READ,0x20001ae0000,16384
0,sized2,2,READ,0x20001ae4000,16384
0,sized2,2,READ,0x20001ae8000,16384
0,sized2,2,READ,0x20001aec000,16384
0,sized2,2,READ,0x20001af0000,16384
0,sized2,2,READ,0x20001af4000,16384
0,sized2,2,READ,0x20001af8000,16384
0,sized2,2,READ,0x20001afc000,16384
0,sized2,2,READ,0x20001b00000,16384
0,sized2,2,READ,0x20001b04000,16384
0,sized2,2,READ,0x20001b08000,16384
0,sized2,2,READ,0x20001b0c000,16384
0,sized2,2,READ,0x20001b10000,16384
0,sized2,2,READ,0x20001b14000,16384
0,sized2,2,READ,0x20001b18000,16384
0,sized2,2,READ,0x20001b1c000,16384
0,sized2,2,READ,0x20001b20000,16384
0,sized2,2,READ,0x20001b24000,16384
0,sized2,2,READ,0x20001b28000,16384
0,sized2,2,READ,0x20001b2c000,16384
0,sized2,2,READ,0x20001b30000,16384
0,sized2,2,READ,0x20001b34000,16384
0,sized2,2,READ,0x20001b38000,16384
0,sized2,2,READ,0x20001b3c000,16384
0,sized2,2,READ,0x20001b40000,16384
0,sized2,2,READ,0x20001b44000,16384
0,sized2,2,READ,0x20001b48000,16384
0,sized2,2,READ,0x20001b4c000,16384
0,sized2,2,READ,0x20001b50000,16384
0,sized2,2,READ,0x20001b54000,16384
0,sized2,2,READ,0x20001b58000,16384
0,sized2,2,READ,0x20001b5c000,16384
0,sized2,2,READ,0x20001b60000,16384
0,sized2,2,READ,0x20001b64000,16384
0,sized2,2,READ,0x20001b68000,16384
0,sized2,2,READ,0x20001b6c000,16384
0,sized2,2,READ,0x20001b70000,16384
0,sized2,2,READ,0x20001b74000,16384
0,sized2,2,READ,0x20001b78000,16384
0,sized2,2,READ,0x20001b7c000,16384
0,sized2,2,READ,0x20001b80000,16384
0,sized2,2,READ,0x20001b84000,16384
0,sized2,2,READ,0x20001b88000,16384
0,sized2,2,READ,0x20001b8c000,16384
0,sized2,2,READ,0x20001b90000,16384
0,sized2,2,READ,0x20001b94000,16384
0,sized2,2,READ,0x20001b98000,16384
0,sized2,2,READ,0x20001b9c000,16384
0,sized2,2,READ,0x20001ba0000,16384
0,sized2,2,READ,0x20001ba4000,16384
0,sized2,2,READ,0x20001ba8000,16384
0,sized2,2,READ,0x20001bac000,16384
0,sized2,2,READ,0x20001bb0000,16384
0,sized2,2,READ,0x20001bb4000,16384
0,sized2,2,READ,0x20001bb8000,16384
0,sized2,2,READ,0x20001bbc000,16384
0,sized2,2,READ,0x20001bc0000,16384
0,sized2,2,READ,0x20001bc4000,16384
0,sized2,2,READ,0x20001bc8000,16384
0,sized2,2,READ,0x20001bcc000,16384
0,sized2,2,READ,0x20001bd0000,16384
0,sized2,2,READ,0x20001bd4000,16384
0,sized2,2,READ,0x20001bd8000,16384
0,sized2,2,READ,0x20001bdc000,16384
0,sized2,2,READ,0x20001be0000,16384
0,sized2,2,READ,0x20001be4000,16384
0,sized2,2,READ,0x20001be8000,16384
0,sized2,2,READ,0x20001bec000,16384
0,sized2,2,READ,0x20001bf0000,16384
0,sized2,2,READ,0x20001bf4000,16384
0,sized2,2,READ,0x20001bf8000,16384
0,sized2,2,READ,0x20001bfc000,16384
0,sized2,2,READ,0x20001c00000,16384
0,sized2,2,READ,0x20001c04000,16384
0,sized2,2,READ,0x20001c08000,16384
0,sized2,2,READ,0x20001c0c000,16384
0,sized2,2,READ,0x20001c10000,16384
0,sized2,2,READ,0x20001c14000,16384
0,sized2,2,READ,0x20001c18000,16384
0,sized2,2,READ,0x20001c1c000,16384
0,sized2,2,READ,0x20001c20000,16384
0,sized2,2,READ,0x20001c24000,16384
0,sized2,2,READ,0x20001c28000,16384
0,sized2,2,READ,0x20001c2c000,16384
0,sized2,2,READ,0x20001c30000,16384
0,sized2,2,READ,0x20001c34000,16384
0,sized2,2,READ,0x20001c38000,16384
0,sized2,2,READ,0x20001c3c000,16384
0,sized2,2,READ,0x20001c40000,16384
0,sized2,2,READ,0x20001c44000,16384
0,sized2,2,READ,0x20001c48000,16384
0,sized2,2,READ,0x20001c4c000,16384
0,sized2,2,READ,0x20001c50000,16384
0,sized2,2,READ,0x20001c54000,16384
0,sized2,2,READ,0x20001c58000,16384
0,sized2,2,READ,0x20001c5c000,16384
0,sized2,2,READ,0x20001c60000,16384
0,sized2,2,READ,0x20001c64000,16384
0,sized2,2,READ,0x20001c68000,16384
0,sized2,2,READ,0x20001c6c000,16384
0,sized2,2,READ,0x20001c70000,16384
0,sized2,2,READ,0x20001c74000,16384
0,sized2,2,READ,0x20001c78000,16384
0,sized2,2,READ,0x20001c7c000,16384
0,sized2,2,READ,0x20001c80000,16384
0,sized2,2,READ,0x20001c84000,16384
0,sized2,2,READ,0x20001c88000,16384
0,sized2,2,READ,0x20001c8c000,16384
0,sized2,2,READ,0x20001c90000,16384
0,sized2,2,READ,0x20001c94000,16384
0,sized2,2,READ,0x20001c98000,16384
0,sized2,2,READ,0x20001c9c000,16384
0,sized2,2,READ,0x20001ca0000,16384
0,sized2,2,READ,0x20001ca4000,16384
0,sized2,2,READ,0x20001ca8000,16384
0,sized2,2,READ,0x20001cac000,16384
0,sized2,2,READ,0x20001cb0000,16384
0,sized2,2,READ,0x20001cb4000,16384
0,sized2,2,READ,0x20001cb8000,16384
0,sized2,2,READ,0x20001cbc000,16384
0,sized2,2,READ,0x20001cc0000,16384
0,sized2,2,READ,0x20001cc4000,16384
0,sized2,2,READ,0x20001cc8000,16384
0,sized2,2,READ,0x20001ccc000,16384
0,sized2,2,READ,0x20001cd0000,16384
0,sized2,2,READ,0x20001cd4000,16384
0,sized2,2,READ,0x20001cd8000,16384
0,sized2,2,READ,0x20001cdc000,16384
0,sized2,2,READ,0x20001ce0000,16384
0,sized2,2,READ,0x20001ce4000,16384
0,sized2,2,READ,0x20001ce8000,16384
0,sized2,2,READ,0x20001cec000,16384
0,sized2,2,READ,0x20001cf0000,16384
0,sized2,2,READ,0x20001cf4000,16384
0,sized2,2,READ,0x20001cf8000,16384
0,sized2,2,READ,0x20001cfc000,16384
0,sized2,2,READ,0x20001d00000,16384
0,sized2,2,READ,0x20001d04000,16384
0,sized2,2,READ,0x20001d08000,16384
0,sized2,2,READ,0x20001d0c000,16384
0,sized2,2,READ,0x20001d10000,16384
0,sized2,2,READ,0x20001d14000,16384
0,sized2,2,READ,0x20001d18000,16384
0,sized2,2,READ,0x20001d1c000,16384
0,sized2,2,READ,0x20001d20000,16384
0,sized2,2,READ,0x20001d24000,16384
0,sized2,2,READ,0x20001d28000,16384
0,sized2,2,READ,0x20001d2c000,16384
0,sized2,2,READ,0x20001d30000,16384
0,sized2,2,READ,0x20001d34000,16384
0,sized2,2,READ,0x20001d38000,16384
0,sized2,2,READ,0x20001d3c000,16384
0,sized2,2,READ,0x20001d40000,16384
0,sized2,2,READ,0x20001d44000,16384
0,sized2,2,READ,0x20001d48000,16384
0,sized2,2,READ,0x20001d4c000,16384
0,sized2,2,READ,0x20001d50000,16384
0,sized2,2,READ,0x20001d54000,16384
0,sized2,2,READ,0x20001d58000,16384
0,sized2,2,READ,0x20001d5c000,16384
0,sized2,2,READ,0x20001d60000,16384
0,sized2,2,READ,0x20001d64000,16384
0,sized2,2,READ,0x20001d68000,16384
0,sized2,2,READ,0x20001d6c000,16384
0,sized2,2,READ,0x20001d70000,16384
0,sized2,2,READ,0x20001d74000,16384
0,sized2,2,READ,0x20001d78000,16384
0,sized2,2,READ,0x20001d7c000,16384
0,sized2,2,READ,0x20001d80000,16384
0,sized2,2,READ,0x20001d84000,16384
0,sized2,2,READ,0x20001d88000,16384
0,sized2,2,READ,0x20001d8c000,16384
0,sized2,2,READ,0x20001d90000,16384
0,sized2,2,READ,0x20001d94000,16384
0,sized2,2,READ,0x20001d98000,16384
0,sized2,2,READ,0x20001d9c000,16384
0,sized2,2,READ,0x20001da0000,16384
0,sized2,2,READ,0x20001da4000,16384
0,sized2,2,READ,0x20001da8000,16384
0,sized2,2,READ,0x20001dac000,16384
0,sized2,2,READ,0x20001db0000,16384
0,sized2,2,READ,0x20001db4000,16384
0,sized2,2,READ,0x20001db8000,16384
0,sized2,2,READ,0x20001dbc000,16384
0,sized2,2,READ,0x20001dc0000,16384
0,sized2,2,READ,0x20001dc4000,16384
0,sized2,2,READ,0x20001dc8000,16384
0,sized2,2,READ,0x20001dcc000,16384
0,sized2,2,READ,0x20001dd0000,16384
0,sized2,2,READ,0x20001dd4000,16384
0,sized2,2,READ,0x20001dd8000,16384
0,sized2,2,READ,0x20001ddc000,16384
0,sized2,2,READ,0x20001de0000,16384
0,sized2,2,READ,0x20001de4000,16384
0,sized2,2,READ,0x20001de8000,16384
0,sized2,2,READ,0x20001dec000,16384
0,sized2,2,READ,0x20001df0000,16384
0,sized2,2,READ,0x20001df4000,16384
0,sized2,2,READ,0x20001df8000,16384
0,sized2,2,READ,0x20001dfc000,16384
0,sized2,2,READ,0x20001e00000,16384
0,sized2,2,READ,0x20001e04000,16384
0,sized2,2,READ,0x20001e08000,16384
0,sized2,2,READ,0x20001e0c000,16384
0,sized2,2,READ,0x20001e10000,16384
0,sized2,2,READ,0x20001e14000,16384
0,sized2,2,READ,0x20001e18000,16384
0,sized2,2,READ,0x20001e1c000,16384
0,sized2,2,READ,0x20001e20000,16384
0,sized2,2,READ,0x20001e24000,16384
0,sized2,2,READ,0x20001e28000,16384
0,sized2,2,READ,0x20001e2c000,16384
0,sized2,2,READ,0x20001e30000,16384
0,sized2,2,READ,0x20001e34000,16384
0,sized2,2,READ,0x20001e38000,16384
0,sized2,2,READ,0x20001e3c000,16384
0,sized2,2,READ,0x20001e40000,16384
0,sized2,2,READ,0x20001e44000,16384
0,sized2,2,READ,0x20001e48000,16384
0,sized2,2,READ,0x20001e4c000,16384
0,sized2,2,READ,0x20001e50000,16384
0,sized2,2,READ,0x20001e54000,16384
0,sized2,2,READ,0x20001e58000,16384
0,sized2,2,READ,0x20001e5c000,16384
0,sized2,2,READ,0x20001e60000,16384
0,sized2,2,READ,0x20001e64000,16384
0,sized2,2,READ,0x20001e68000,16384
0,sized2,2,READ,0x20001e6c000,16384
0,sized2,2,READ,0x20001e70000,16384
0,sized2,2,READ,0x20001e74000,16384
0,sized2,2,READ,0x20001e78000,16384
0,sized2,2,READ,0x20001e7c000,16384
0,sized2,2,READ,0x20001e80000,16384
0,sized2,2,READ,0x20001e84000,16384
0,sized2,2,READ,0x20001e88000,16384
0,sized2,2,READ,0x20001e8c000,16384
0,sized2,2,READ,0x20001e90000,16384
0,sized2,2,READ,0x20001e94000,16384
0,sized2,2,READ,0x20001e98000,16384
0,sized2,2,READ,0x20001e9c000,16384
0,sized2,2,READ,0x20001ea0000,16384
0,sized2,2,READ,0x20001ea4000,16384
0,sized2,2,READ,0x20001ea8000,16384
0,sized2,2,READ,0x20001eac000,16384
0,sized2,2,READ,0x20001eb0000,16384
0,sized2,2,READ,0x20001eb4000,16384
0,sized2,2,READ,0x20001eb8000,16384
0,sized2,2,READ,0x20001ebc000,16384
0,sized2,2,READ,0x20001ec0000,16384
0,sized2,2,READ,0x20001ec4000,16384
0,sized2,2,READ,0x20001ec8000,16384
0,sized2,2,READ,0x20001ecc000,16384
0,sized2,2,READ,0x20001ed0000,16384
0,sized2,2,READ,0x20001ed4000,16384
0,sized2,2,READ,0x20001ed8000,16384
0,sized2,2,READ,0x20001edc000,16384
0,sized2,2,READ,0x20001ee0000,16384
0,sized2,2,READ,0x20001ee4000,16384
0,sized2,2,READ,0x20001ee8000,16384
0,sized2,2,READ,0x20001eec000,16384
0,sized2,2,READ,0x20001ef0000,16384
0,sized2,2,READ,0x20001ef4000,16384
0,sized2,2,READ,0x20001ef8000,16384
0,sized2,2,READ,0x20001efc000,16384
0,sized2,2,READ,0x20001f00000,16384
0,sized2,2,READ,0x20001f04000,16384
0,sized2,2,READ,0x20001f08000,16384
0,sized2,2,READ,0x20001f0c000,16384
0,sized2,2,READ,0x20001f10000,16384
0,sized2,2,READ,0x20001f14000,16384
0,sized2,2,READ,0x20001f18000,16384
0,sized2,2,READ,0x20001f1c000,16384
0,sized2,2,READ,0x20001f20000,16384
0,sized2,2,READ,0x20001f24000,16384
0,sized2,2,READ,0x20001f28000,16384
0,sized2,2,READ,0x20001f2c000,16384
0,sized2,2,READ,0x20001f30000,16384
0,sized2,2,READ,0x20001f34000,16384
0,sized2,2,READ,0x20001f38000,16384
0,sized2,2,READ,0x20001f3c000,16384
0,sized3,3,READ,0x30000000000,32768
0,sized3,3,READ,0x30000008000,32768
0,sized3,3,READ,0x30000010000,32768
0,sized3,3,READ,0x30000018000,32768
0,sized3,3,READ,0x30000020000,32768
0,sized3,3,READ,0x30000028000,32768
0,sized3,3,READ,0x30000030000,32768
0,sized3,3,READ,0x30000038000,32768
0,sized3,3,READ,0x30000040000,32768
0,sized3,3,READ,0x30000048000,32768
0,sized3,3,READ,0x30000050000,32768
0,sized3,3,READ,0x30000058000,32768
0,sized3,3,READ,0x30000060000,32768
0,sized3,3,READ,0x30000068000,32768
0,sized3,3,READ,0x30000070000,32768
0,sized3,3,READ,0x30000078000,32768
0,sized3,3,READ,0x30000080000,32768
0,sized3,3,READ,0x30000088000,32768
0,sized3,3,READ,0x30000090000,32768
0,sized3,3,READ,0x30000098000,32768
0,sized3,3,READ,0x300000a0000,32768
0,sized3,3,READ,0x300000a8000,32768
0,sized3,3,READ,0x300000b0000,32768
0,sized3,3,READ,0x300000b8000,32768
0,sized3,3,READ,0x300000c0000,32768
0,sized3,3,READ,0x300000c8000,32768
0,sized3,3,READ,0x300000d0000,32768
0,sized3,3,READ,0x300000d8000,32768
0,sized3,3,READ,0x300000e0000,32768
0,sized3,3,READ,0x300000e8000,32768
0,sized3,3,READ,0x300000f0000,32768
0,sized3,3,READ,0x300000f8000,32768
0,sized3,3,READ,0x30000100000,32768
0,sized3,3,READ,0x30000108000,32768
0,sized3,3,READ,0x30000110000,32768
0,sized3,3,READ,0x30000118000,32768
0,sized3,3,READ,0x30000120000,32768
0,sized3,3,READ,0x30000128000,32768
0,sized3,3,READ,0x30000130000,32768
0,sized3,3,READ,0x30000138000,32768
0,sized3,3,READ,0x30000140000,32768
0,sized3,3,READ,0x30000148000,32768
0,sized3,3,READ,0x30000150000,32768
0,sized3,3,READ,0x30000158000,32768
0,sized3,3,READ,0x30000160000,32768
0,sized3,3,READ,0x30000168000,32768
0,sized3,3,READ,0x30000170000,32768
0,sized3,3,READ,0x30000178000,32768
0,sized3,3,READ,0x30000180000,32768
0,sized3,3,READ,0x30000188000,32768
0,sized3,3,READ,0x30000190000,32768
0,sized3,3,READ,0x30000198000,32768
0,sized3,3,READ,0x300001a0000,32768
0,sized3,3,READ,0x300001a8000,32768
0,sized3,3,READ,0x300001b0000,32768
0,sized3,3,READ,0x300001b8000,32768
0,sized3,3,READ,0x300001c0000,32768
0,sized3,3,READ,0x300001c8000,32768
0,sized3,3,READ,0x300001d0000,32768
0,sized3,3,READ,0x300001d8000,32768
0,sized3,3,READ,0x300001e0000,32768
0,sized3,3,READ,0x300001e8000,32768
0,sized3,3,READ,0x300001f0000,32768
0,sized3,3,READ,0x300001f8000,32768
0,sized3,3,READ,0x30000200000,32768
0,sized3,3,READ,0x30000208000,32768
0,sized3,3,READ,0x30000210000,32768
0,sized3,3,READ,0x30000218000,32768
0,sized3,3,READ,0x30000220000,32768
0,sized3,3,READ,0x30000228000,32768
0,sized3,3,READ,0x30000230000,32768
0,sized3,3,READ,0x30000238000,32768
0,sized3,3,READ,0x30000240000,32768
0,sized3,3,READ,0x30000248000,32768
0,sized3,3,READ,0x30000250000,32768
0,sized3,3,READ,0x30000258000,32768
0,sized3,3,READ,0x30000260000,32768
0,sized3,3,READ,0x30000268000,32768
0,sized3,3,READ,0x30000270000,32768
0,sized3,3,READ,0x30000278000,32768
0,sized3,3,READ,0x30000280000,32768
0,sized3,3,READ,0x30000288000,32768
0,sized3,3,READ,0x30000290000,32768
0,sized3,3,READ,0x30000298000,32768
0,sized3,3,READ,0x300002a0000,32768
0,sized3,3,READ,0x300002a8000,32768
0,sized3,3,READ,0x300002b0000,32768
0,sized3,3,READ,0x300002b8000,32768
0,sized3,3,READ,0x300002c0000,32768
0,sized3,3,READ,0x300002c8000,32768
0,sized3,3,READ,0x300002d0000,32768
0,sized3,3,READ,0x300002d8000,32768
0,sized3,3,READ,0x300002e0000,32768
0,sized3,3,READ,0x300002e8000,32768
0,sized3,3,READ,0x300002f0000,32768
0,sized3,3,READ,0x300002f8000,32768
0,sized3,3,READ,0x30000300000,32768
0,sized3,3,READ,0x30000308000,32768
0,sized3,3,READ,0x30000310000,32768
0,sized3,3,READ,0x30000318000,32768
0,sized3,3,READ,0x30000320000,32768
0,sized3,3,READ,0x30000328000,32768
0,sized3,3,READ,0x30000330000,32768
0,sized3,3,READ,0x30000338000,32768
0,sized3,3,READ,0x30000340000,32768
0,sized3,3,READ,0x30000348000,32768
0,sized3,3,READ,0x30000350000,32768
0,sized3,3,READ,0x30000358000,32768
0,sized3,3,READ,0x30000360000,32768
0,sized3,3,READ,0x30000368000,32768
0,sized3,3,READ,0x30000370000,32768
0,sized3,3,READ,0x30000378000,32768
0,sized3,3,READ,0x30000380000,32768
0,sized3,3,READ,0x30000388000,32768
0,sized3,3,READ,0x30000390000,32768
0,sized3,3,READ,0x30000398000,32768
0,sized3,3,READ,0x300003a0000,32768
0,sized3,3,READ,0x300003a8000,32768
0,sized3,3,READ,0x300003b0000,32768
0,sized3,3,READ,0x300003b8000,32768
0,sized3,3,READ,0x300003c0000,32768
0,sized3,3,READ,0x300003c8000,32768
0,sized3,3,READ,0x300003d0000,32768
0,sized3,3,READ,0x300003d8000,32768
0,sized3,3,READ,0x300003e0000,32768
0,sized3,3,READ,0x300003e8000,32768
0,sized3,3,READ,0x300003f0000,32768
0,sized3,3,READ,0x300003f8000,32768
0,sized3,3,READ,0x30000400000,32768
0,sized3,3,READ,0x30000408000,32768
0,sized3,3,READ,0x30000410000,32768
0,sized3,3,READ,0x30000418000,32768
0,sized3,3,READ,0x30000420000,32768
0,sized3,3,READ,0x30000428000,32768
0,sized3,3,READ,0x30000430000,32768
0,sized3,3,READ,0x30000438000,32768
0,sized3,3,READ,0x30000440000,32768
0,sized3,3,READ,0x30000448000,32768
0,sized3,3,READ,0x30000450000,32768
0,sized3,3,READ,0x30000458000,32768
0,sized3,3,READ,0x30000460000,32768
0,sized3,3,READ,0x30000468000,32768
0,sized3,3,READ,0x30000470000,32768
0,sized3,3,READ,0x30000478000,32768
0,sized3,3,READ,0x30000480000,32768
0,sized3,3,READ,0x30000488000,32768
0,sized3,3,READ,0x30000490000,32768
0,sized3,3,READ,0x30000498000,32768
0,sized3,3,READ,0x300004a0000,32768
0,sized3,3,READ,0x300004a8000,32768
0,sized3,3,READ,0x300004b0000,32768
0,sized3,3,READ,0x300004b8000,32768
0,sized3,3,READ,0x300004c0000,32768
0,sized3,3,READ,0x300004c8000,32768
0,sized3,3,READ,0x300004d0000,32768
0,sized3,3,READ,0x300004d8000,32768
0,sized3,3,READ,0x300004e0000,32768
0,sized3,3,READ,0x300004e8000,32768
0,sized3,3,READ,0x300004f0000,32768
0,sized3,3,READ,0x300004f8000,32768
0,sized3,3,READ,0x30000500000,32768
0,sized3,3,READ,0x30000508000,32768
0,sized3,3,READ,0x30000510000,32768
0,sized3,3,READ,0x30000518000,32768
0,sized3,3,READ,0x30000520000,32768
0,sized3,3,READ,0x30000528000,32768
0,sized3,3,READ,0x30000530000,32768
0,sized3,3,READ,0x30000538000,32768
0,sized3,3,READ,0x30000540000,32768
0,sized3,3,READ,0x30000548000,32768
0,sized3,3,READ,0x30000550000,32768
0,sized3,3,READ,0x30000558000,32768
0,sized3,3,READ,0x30000560000,32768
0,sized3,3,READ,0x30000568000,32768
0,sized3,3,READ,0x30000570000,32768
0,sized3,3,READ,0x30000578000,32768
0,sized3,3,READ,0x30000580000,32768
0,sized3,3,READ,0x30000588000,32768
0,sized3,3,READ,0x30000590000,32768
0,sized3,3,READ,0x30000598000,32768
0,sized3,3,READ,0x300005a0000,32768
0,sized3,3,READ,0x300005a8000,32768
0,sized3,3,READ,0x300005b0000,32768
0,sized3,3,READ,0x300005b8000,32768
0,sized3,3,READ,0x300005c0000,32768
0,sized3,3,READ,0x300005c8000,32768
0,sized3,3,READ,0x300005d0000,32768
0,sized3,3,READ,0x300005d8000,32768
0,sized3,3,READ,0x300005e0000,32768
0,sized3,3,READ,0x300005e8000,32768
0,sized3,3,READ,0x300005f0000,32768
0,sized3,3,READ,0x300005f8000,32768
0,sized3,3,READ,0x30000600000,32768
0,sized3,3,READ,0x30000608000,32768
0,sized3,3,READ,0x30000610000,32768
0,sized3,3,READ,0x30000618000,32768
0,sized3,3,READ,0x30000620000,32768
0,sized3,3,READ,0x30000628000,32768
0,sized3,3,READ,0x30000630000,32768
0,sized3,3,READ,0x30000638000,32768
0,sized3,3,READ,0x30000640000,32768
0,sized3,3,READ,0x30000648000,32768
0,sized3,3,READ,0x30000650000,32768
0,sized3,3,READ,0x30000658000,32768
0,sized3,3,READ,0x30000660000,32768
0,sized3,3,READ,0x30000668000,32768
0,sized3,3,READ,0x30000670000,32768
0,sized3,3,READ,0x30000678000,32768
0,sized3,3,READ,0x30000680000,32768
0,sized3,3,READ,0x30000688000,32768
0,sized3,3,READ,0x30000690000,32768
0,sized3,3,READ,0x30000698000,32768
0,sized3,3,READ,0x300006a0000,32768
0,sized3,3,READ,0x300006a8000,32768
0,sized3,3,READ,0x300006b0000,32768
0,sized3,3,READ,0x300006b8000,32768
0,sized3,3,READ,0x300006c0000,32768
0,sized3,3,READ,0x300006c8000,32768
0,sized3,3,READ,0x300006d0000,32768
0,sized3,3,READ,0x300006d8000,32768
0,sized3,3,READ,0x300006e0000,32768
0,sized3,3,READ,0x300006e8000,32768
0,sized3,3,READ,0x300006f0000,32768
0,sized3,3,READ,0x300006f8000,32768
0,sized3,3,READ,0x30000700000,32768
0,sized3,3,READ,0x30000708000,32768
0,sized3,3,READ,0x30000710000,32768
0,sized3,3,READ,0x30000718000,32768
0,sized3,3,READ,0x30000720000,32768
0,sized3,3,READ,0x30000728000,32768
0,sized3,3,READ,0x30000730000,32768
0,sized3,3,READ,0x30000738000,32768
0,sized3,3,READ,0x30000740000,32768
0,sized3,3,READ,0x30000748000,32768
0,sized3,3,READ,0x30000750000,32768
0,sized3,3,READ,0x30000758000,32768
0,sized3,3,READ,0x30000760000,32768
0,sized3,3,READ,0x30000768000,32768
0,sized3,3,READ,0x30000770000,32768
0,sized3,3,READ,0x30000778000,32768
0,sized3,3,READ,0x30000780000,32768
0,sized3,3,READ,0x30000788000,32768
0,sized3,3,READ,0x30000790000,32768
0,sized3,3,READ,0x30000798000,32768
0,sized3,3,READ,0x300007a0000,32768
0,sized3,3,READ,0x300007a8000,32768
0,sized3,3,READ,0x300007b0000,32768
0,sized3,3,READ,0x300007b8000,32768
0,sized3,3,READ,0x300007c0000,32768
0,sized3,3,READ,0x300007c8000,32768
0,sized3,3,READ,0x300007d0000,32768
0,sized3,3,READ,0x300007d8000,32768
0,sized3,3,READ,0x300007e0000,32768
0,sized3,3,READ,0x300007e8000,32768
0,sized3,3,READ,0x300007f0000,32768
0,sized3,3,READ,0x300007f8000,32768
0,sized3,3,READ,0x30000800000,32768
0,sized3,3,READ,0x30000808000,32768
0,sized3,3,READ,0x30000810000,32768
0,sized3,3,READ,0x30000818000,32768
0,sized3,3,READ,0x30000820000,32768
0,sized3,3,READ,0x30000828000,32768
0,sized3,3,READ,0x30000830000,32768
0,sized3,3,READ,0x30000838000,32768
0,sized3,3,READ,0x30000840000,32768
0,sized3,3,READ,0x30000848000,32768
0,sized3,3,READ,0x30000850000,32768
0,sized3,3,READ,0x30000858000,32768
0,sized3,3,READ,0x30000860000,32768
0,sized3,3,READ,0x30000868000,32768
0,sized3,3,READ,0x30000870000,32768
0,sized3,3,READ,0x30000878000,32768
0,sized3,3,READ,0x30000880000,32768
0,sized3,3,READ,0x30000888000,32768
0,sized3,3,READ,0x30000890000,32768
0,sized3,3,READ,0x30000898000,32768
0,sized3,3,READ,0x300008a0000,32768
0,sized3,3,READ,0x300008a8000,32768
0,sized3,3,READ,0x300008b0000,32768
0,sized3,3,READ,0x300008b8000,32768
0,sized3,3,READ,0x300008c0000,32768
0,sized3,3,READ,0x300008c8000,32768
0,sized3,3,READ,0x300008d0000,32768
0,sized3,3,READ,0x300008d8000,32768
0,sized3,3,READ,0x300008e0000,32768
0,sized3,3,READ,0x300008e8000,32768
0,sized3,3,READ,0x300008f0000,32768
0,sized3,3,READ,0x300008f8000,32768
0,sized3,3,READ,0x30000900000,32768
0,sized3,3,READ,0x30000908000,32768
0,sized3,3,READ,0x30000910000,32768
0,sized3,3,READ,0x30000918000,32768
0,sized3,3,READ,0x30000920000,32768
0,sized3,3,READ,0x30000928000,32768
0,sized3,3,READ,0x30000930000,32768
0,sized3,3,READ,0x30000938000,32768
0,sized3,3,READ,0x30000940000,32768
0,sized3,3,READ,0x30000948000,32768
0,sized3,3,READ,0x30000950000,32768
0,sized3,3,READ,0x30000958000,32768
0,sized3,3,READ,0x30000960000,32768
0,sized3,3,READ,0x30000968000,32768
0,sized3,3,READ,0x30000970000,32768
0,sized3,3,READ,0x30000978000,32768
0,sized3,3,READ,0x30000980000,32768
0,sized3,3,READ,0x30000988000,32768
0,sized3,3,READ,0x30000990000,32768
0,sized3,3,READ,0x30000998000,32768
0,sized3,3,READ,0x300009a0000,32768
0,sized3,3,READ,0x300009a8000,32768
0,sized3,3,READ,0x300009b0000,32768
0,sized3,3,READ,0x300009b8000,32768
0,sized3,3,READ,0x300009c0000,32768
0,sized3,3,READ,0x300009c8000,32768
0,sized3,3,READ,0x300009d0000,32768
0,sized3,3,READ,0x300009d8000,32768
0,sized3,3,READ,0x300009e0000,32768
0,sized3,3,READ,0x300009e8000,32768
0,sized3,3,READ,0x300009f0000,32768
0,sized3,3,READ,0x300009f8000,32768
0,sized3,3,READ,0x30000a00000,32768
0,sized3,3,READ,0x30000a08000,32768
0,sized3,3,READ,0x30000a10000,32768
0,sized3,3,READ,0x30000a18000,32768
0,sized3,3,READ,0x30000a20000,32768
0,sized3,3,READ,0x30000a28000,32768
0,sized3,3,READ,0x30000a30000,32768
0,sized3,3,READ,0x30000a38000,32768
0,sized3,3,READ,0x30000a40000,32768
0,sized3,3,READ,0x30000a48000,32768
0,sized3,3,READ,0x30000a50000,32768
0,sized3,3,READ,0x30000a58000,32768
0,sized3,3,READ,0x30000a60000,32768
0,sized3,3,READ,0x30000a68000,32768
0,sized3,3,READ,0x30000a70000,32768
0,sized3,3,READ,0x30000a78000,32768
0,sized3,3,READ,0x30000a80000,32768
0,sized3,3,READ,0x30000a88000,32768
0,sized3,3,READ,0x30000a90000,32768
0,sized3,3,READ,0x30000a98000,32768
0,sized3,3,READ,0x30000aa0000,32768
0,sized3,3,READ,0x30000aa8000,32768
0,sized3,3,READ,0x30000ab0000,32768
0,sized3,3,READ,0x30000ab8000,32768
0,sized3,3,READ,0x30000ac0000,32768
0,sized3,3,READ,0x30000ac8000,32768
0,sized3,3,READ,0x30000ad0000,32768
0,sized3,3,READ,0x30000ad8000,32768
0,sized3,3,READ,0x30000ae0000,32768
0,sized3,3,READ,0x30000ae8000,32768
0,sized3,3,READ,0x30000af0000,32768
0,sized3,3,READ,0x30000af8000,32768
0,sized3,3,READ,0x30000b00000,32768
0,sized3,3,READ,0x30000b08000,32768
0,sized3,3,READ,0x30000b10000,32768
0,sized3,3,READ,0x30000b18000,32768
0,sized3,3,READ,0x30000b20000,32768
0,sized3,3,READ,0x30000b28000,32768
0,sized3,3,READ,0x30000b30000,32768
0,sized3,3,READ,0x30000b38000,32768
0,sized3,3,READ,0x30000b40000,32768
0,sized3,3,READ,0x30000b48000,32768
0,sized3,3,READ,0x30000b50000,32768
0,sized3,3,READ,0x30000b58000,32768
0,sized3,3,READ,0x30000b60000,32768
0,sized3,3,READ,0x30000b68000,32768
0,sized3,3,READ,0x30000b70000,32768
0,sized3,3,READ,0x30000b78000,32768
0,sized3,3,READ,0x30000b80000,32768
0,sized3,3,READ,0x30000b88000,32768
0,sized3,3,READ,0x30000b90000,32768
0,sized3,3,READ,0x30000b98000,32768
0,sized3,3,READ,0x30000ba0000,32768
0,sized3,3,READ,0x30000ba8000,32768
0,sized3,3,READ,0x30000bb0000,32768
0,sized3,3,READ,0x30000bb8000,32768
0,sized3,3,READ,0x30000bc0000,32768
0,sized3,3,READ,0x30000bc8000,32768
0,sized3,3,READ,0x30000bd0000,32768
0,sized3,3,READ,0x30000bd8000,32768
0,sized3,3,READ,0x30000be0000,32768
0,sized3,3,READ,0x30000be8000,32768
0,sized3,3,READ,0x30000bf0000,32768
0,sized3,3,READ,0x30000bf8000,32768
0,sized3,3,READ,0x30000c00000,32768
0,sized3,3,READ,0x30000c08000,32768
0,sized3,3,READ,0x30000c10000,32768
0,sized3,3,READ,0x30000c18000,32768
0,sized3,3,READ,0x30000c20000,32768
0,sized3,3,READ,0x30000c28000,32768
0,sized3,3,READ,0x30000c30000,32768
0,sized3,3,READ,0x30000c38000,32768
0,sized3,3,READ,0x30000c40000,32768
0,sized3,3,READ,0x30000c48000,32768
0,sized3,3,READ,0x30000c50000,32768
0,sized3,3,READ,0x30000c58000,32768
0,sized3,3,READ,0x30000c60000,32768
0,sized3,3,READ,0x30000c68000,32768
0,sized3,3,READ,0x30000c70000,32768
0,sized3,3,READ,0x30000c78000,32768
0,sized3,3,READ,0x30000c80000,32768
0,sized3,3,READ,0x30000c88000,32768
0,sized3,3,READ,0x30000c90000,32768
0,sized3,3,READ,0x30000c98000,32768
0,sized3,3,READ,0x30000ca0000,32768
0,sized3,3,READ,0x30000ca8000,32768
0,sized3,3,READ,0x30000cb0000,32768
0,sized3,3,READ,0x30000cb8000,32768
0,sized3,3,READ,0x30000cc0000,32768
0,sized3,3,READ,0x30000cc8000,32768
0,sized3,3,READ,0x30000cd0000,32768
0,sized3,3,READ,0x30000cd8000,32768
0,sized3,3,READ,0x30000ce0000,32768
0,sized3,3,READ,0x30000ce8000,32768
0,sized3,3,READ,0x30000cf0000,32768
0,sized3,3,READ,0x30000cf8000,32768
0,sized3,3,READ,0x30000d00000,32768
0,sized3,3,READ,0x30000d08000,32768
0,sized3,3,READ,0x30000d10000,32768
0,sized3,3,READ,0x30000d18000,32768
0,sized3,3,READ,0x30000d20000,32768
0,sized3,3,READ,0x30000d28000,32768
0,sized3,3,READ,0x30000d30000,32768
0,sized3,3,READ,0x30000d38000,32768
0,sized3,3,READ,0x30000d40000,32768
0,sized3,3,READ,0x30000d48000,32768
0,sized3,3,READ,0x30000d50000,32768
0,sized3,3,READ,0x30000d58000,32768
0,sized3,3,READ,0x30000d60000,32768
0,sized3,3,READ,0x30000d68000,32768
0,sized3,3,READ,0x30000d70000,32768
0,sized3,3,READ,0x30000d78000,32768
0,sized3,3,READ,0x30000d80000,32768
0,sized3,3,READ,0x30000d88000,32768
0,sized3,3,READ,0x30000d90000,32768
0,sized3,3,READ,0x30000d98000,32768
0,sized3,3,READ,0x30000da0000,32768
0,sized3,3,READ,0x30000da8000,32768
0,sized3,3,READ,0x30000db0000,32768
0,sized3,3,READ,0x30000db8000,32768
0,sized3,3,READ,0x30000dc0000,32768
0,sized3,3,READ,0x30000dc8000,32768
0,sized3,3,READ,0x30000dd0000,32768
0,sized3,3,READ,0x30000dd8000,32768
0,sized3,3,READ,0x30000de0000,32768
0,sized3,3,READ,0x30000de8000,32768
0,sized3,3,READ,0x30000df0000,32768
0,sized3,3,READ,0x30000df8000,32768
0,sized3,3,READ,0x30000e00000,32768
0,sized3,3,READ,0x30000e08000,32768
0,sized3,3,READ,0x30000e10000,32768
0,sized3,3,READ,0x30000e18000,32768
0,sized3,3,READ,0x30000e20000,32768
0,sized3,3,READ,0x30000e28000,32768
0,sized3,3,READ,0x30000e30000,32768
0,sized3,3,READ,0x30000e38000,32768
0,sized3,3,READ,0x30000e40000,32768
0,sized3,3,READ,0x30000e48000,32768
0,sized3,3,READ,0x30000e50000,32768
0,sized3,3,READ,0x30000e58000,32768
0,sized3,3,READ,0x30000e60000,32768
0,sized3,3,READ,0x30000e68000,32768
0,sized3,3,READ,0x30000e70000,32768
0,sized3,3,READ,0x30000e78000,32768
0,sized3,3,READ,0x30000e80000,32768
0,sized3,3,READ,0x30000e88000,32768
0,sized3,3,READ,0x30000e90000,32768
0,sized3,3,READ,0x30000e98000,32768
0,sized3,3,READ,0x30000ea0000,32768
0,sized3,3,READ,0x30000ea8000,32768
0,sized3,3,READ,0x30000eb0000,32768
0,sized3,3,READ,0x30000eb8000,32768
0,sized3,3,READ,0x30000ec0000,32768
0,sized3,3,READ,0x30000ec8000,32768
0,sized3,3,READ,0x30000ed0000,32768
0,sized3,3,READ,0x30000ed8000,32768
0,sized3,3,READ,0x30000ee0000,32768
0,sized3,3,READ,0x30000ee8000,32768
0,sized3,3,READ,0x30000ef0000,32768
0,sized3,3,READ,0x30000ef8000,32768
0,sized3,3,READ,0x30000f00000,32768
0,sized3,3,READ,0x30000f08000,32768
0,sized3,3,READ,0x30000f10000,32768
0,sized3,3,READ,0x30000f18000,32768
0,sized3,3,READ,0x30000f20000,32768
0,sized3,3,READ,0x30000f28000,32768
0,sized3,3,READ,0x30000f30000,32768
0,sized3,3,READ,0x30000f38000,32768
0,sized3,3,READ,0x30000f40000,32768
0,sized3,3,READ,0x30000f48000,32768
0,sized3,3,READ,0x30000f50000,32768
0,sized3,3,READ,0x30000f58000,32768
0,sized3,3,READ,0x30000f60000,32768
0,sized3,3,READ,0x30000f68000,32768
0,sized3,3,READ,0x30000f70000,32768
0,sized3,3,READ,0x30000f78000,32768
0,sized3,3,READ,0x30000f80000,32768
0,sized3,3,READ,0x30000f88000,32768
0,sized3,3,READ,0x30000f90000,32768
0,sized3,3,READ,0x30000f98000,32768
0,sized3,3,READ,0x30000fa0000,32768
0,sized3,3,READ,0x30000fa8000,32768
0,sized3,3,READ,0x30000fb0000,32768
0,sized3,3,READ,0x30000fb8000,32768
0,sized3,3,READ,0x30000fc0000,32768
0,sized3,3,READ,0x30000fc8000,32768
0,sized3,3,READ,0x30000fd0000,32768
0,sized3,3,READ,0x30000fd8000,32768
0,sized3,3,READ,0x30000fe0000,32768
0,sized3,3,READ,0x30000fe8000,32768
0,sized3,3,READ,0x30000ff0000,32768
0,sized3,3,READ,0x30000ff8000,32768
0,sized3,3,READ,0x30001000000,32768
0,sized3,3,READ,0x30001008000,32768
0,sized3,3,READ,0x30001010000,32768
0,sized3,3,READ,0x30001018000,32768
0,sized3,3,READ,0x30001020000,32768
0,sized3,3,READ,0x30001028000,32768
0,sized3,3,READ,0x30001030000,32768
0,sized3,3,READ,0x30001038000,32768
0,sized3,3,READ,0x30001040000,32768
0,sized3,3,READ,0x30001048000,32768
0,sized3,3,READ,0x30001050000,32768
0,sized3,3,READ,0x30001058000,32768
0,sized3,3,READ,0x30001060000,32768
0,sized3,3,READ,0x30001068000,32768
0,sized3,3,READ,0x30001070000,32768
0,sized3,3,READ,0x30001078000,32768
0,sized3,3,READ,0x30001080000,32768
0,sized3,3,READ,0x30001088000,32768
0,sized3,3,READ,0x30001090000,32768
0,sized3,3,READ,0x30001098000,32768
0,sized3,3,READ,0x300010a0000,32768
0,sized3,3,READ,0x300010a8000,32768
0,sized3,3,READ,0x300010b0000,32768
0,sized3,3,READ,0x300010b8000,32768
0,sized3,3,READ,0x300010c0000,32768
0,sized3,3,READ,0x300010c8000,32768
0,sized3,3,READ,0x300010d0000,32768
0,sized3,3,READ,0x300010d8000,32768
0,sized3,3,READ,0x300010e0000,32768
0,sized3,3,READ,0x300010e8000,32768
0,sized3,3,READ,0x300010f0000,32768
0,sized3,3,READ,0x300010f8000,32768
0,sized3,3,READ,0x30001100000,32768
0,sized3,3,READ,0x30001108000,32768
0,sized3,3,READ,0x30001110000,32768
0,sized3,3,READ,0x30001118000,32768
0,sized3,3,READ,0x30001120000,32768
0,sized3,3,READ,0x30001128000,32768
0,sized3,3,READ,0x30001130000,32768
0,sized3,3,READ,0x30001138000,32768
0,sized3,3,READ,0x30001140000,32768
0,sized3,3,READ,0x30001148000,32768
0,sized3,3,READ,0x30001150000,32768
0,sized3,3,READ,0x30001158000,32768
0,sized3,3,READ,0x30001160000,32768
0,sized3,3,READ,0x30001168000,32768
0,sized3,3,READ,0x30001170000,32768
0,sized3,3,READ,0x30001178000,32768
0,sized3,3,READ,0x30001180000,32768
0,sized3,3,READ,0x30001188000,32768
0,sized3,3,READ,0x30001190000,32768
0,sized3,3,READ,0x30001198000,32768
0,sized3,3,READ,0x300011a0000,32768
0,sized3,3,READ,0x300011a8000,32768
0,sized3,3,READ,0x300011b0000,32768
0,sized3,3,READ,0x300011b8000,32768
0,sized3,3,READ,0x300011c0000,32768
0,sized3,3,READ,0x300011c8000,32768
0,sized3,3,READ,0x300011d0000,32768
0,sized3,3,READ,0x300011d8000,32768
0,sized3,3,READ,0x300011e0000,32768
0,sized3,3,READ,0x300011e8000,32768
0,sized3,3,READ,0x300011f0000,32768
0,sized3,3,READ,0x300011f8000,32768
0,sized3,3,READ,0x30001200000,32768
0,sized3,3,READ,0x30001208000,32768
0,sized3,3,READ,0x30001210000,32768
0,sized3,3,READ,0x30001218000,32768
0,sized3,3,READ,0x30001220000,32768
0,sized3,3,READ,0x30001228000,32768
0,sized3,3,READ,0x30001230000,32768
0,sized3,3,READ,0x30001238000,32768
0,sized3,3,READ,0x30001240000,32768
0,sized3,3,READ,0x30001248000,32768
0,sized3,3,READ,0x30001250000,32768
0,sized3,3,READ,0x30001258000,32768
0,sized3,3,READ,0x30001260000,32768
0,sized3,3,READ,0x30001268000,32768
0,sized3,3,READ,0x30001270000,32768
0,sized3,3,READ,0x30001278000,32768
0,sized3,3,READ,0x30001280000,32768
0,sized3,3,READ,0x30001288000,32768
0,sized3,3,READ,0x30001290000,32768
0,sized3,3,READ,0x30001298000,32768
0,sized3,3,READ,0x300012a0000,32768
0,sized3,3,READ,0x300012a8000,32768
0,sized3,3,READ,0x300012b0000,32768
0,sized3,3,READ,0x300012b8000,32768
0,sized3,3,READ,0x300012c0000,32768
0,sized3,3,READ,0x300012c8000,32768
0,sized3,3,READ,0x300012d0000,32768
0,sized3,3,READ,0x300012d8000,32768
0,sized3,3,READ,0x300012e0000,32768
0,sized3,3,READ,0x300012e8000,32768
0,sized3,3,READ,0x300012f0000,32768
0,sized3,3,READ,0x300012f8000,32768
0,sized3,3,READ,0x30001300000,32768
0,sized3,3,READ,0x30001308000,32768
0,sized3,3,READ,0x30001310000,32768
0,sized3,3,READ,0x30001318000,32768
0,sized3,3,READ,0x30001320000,32768
0,sized3,3,READ,0x30001328000,32768
0,sized3,3,READ,0x30001330000,32768
0,sized3,3,READ,0x30001338000,32768
0,sized3,3,READ,0x30001340000,32768
0,sized3,3,READ,0x30001348000,32768
0,sized3,3,READ,0x30001350000,32768
0,sized3,3,READ,0x30001358000,32768
0,sized3,3,READ,0x30001360000,32768
0,sized3,3,READ,0x30001368000,32768
0,sized3,3,READ,0x30001370000,32768
0,sized3,3,READ,0x30001378000,32768
0,sized3,3,READ,0x30001380000,32768
0,sized3,3,READ,0x30001388000,32768
0,sized3,3,READ,0x30001390000,32768
0,sized3,3,READ,0x30001398000,32768
0,sized3,3,READ,0x300013a0000,32768
0,sized3,3,READ,0x300013a8000,32768
0,sized3,3,READ,0x300013b0000,32768
0,sized3,3,READ,0x300013b8000,32768
0,sized3,3,READ,0x300013c0000,32768
0,sized3,3,READ,0x300013c8000,32768
0,sized3,3,READ,0x300013d0000,32768
0,sized3,3,READ,0x300013d8000,32768
0,sized3,3,READ,0x300013e0000,32768
0,sized3,3,READ,0x300013e8000,32768
0,sized3,3,READ,0x300013f0000,32768
0,sized3,3,READ,0x300013f8000,32768
0,sized3,3,READ,0x30001400000,32768
0,sized3,3,READ,0x30001408000,32768
0,sized3,3,READ,0x30001410000,32768
0,sized3,3,READ,0x30001418000,32768
0,sized3,3,READ,0x30001420000,32768
0,sized3,3,READ,0x30001428000,32768
0,sized3,3,READ,0x30001430000,32768
0,sized3,3,READ,0x30001438000,32768
0,sized3,3,READ,0x30001440000,32768
0,sized3,3,READ,0x30001448000,32768
0,sized3,3,READ,0x30001450000,32768
0,sized3,3,READ,0x30001458000,32768
0,sized3,3,READ,0x30001460000,32768
0,sized3,3,READ,0x30001468000,32768
0,sized3,3,READ,0x30001470000,32768
0,sized3,3,READ,0x30001478000,32768
0,sized3,3,READ,0x30001480000,32768
0,sized3,3,READ,0x30001488000,32768
0,sized3,3,READ,0x30001490000,32768
0,sized3,3,READ,0x30001498000,32768
0,sized3,3,READ,0x300014a0000,32768
0,sized3,3,READ,0x300014a8000,32768
0,sized3,3,READ,0x300014b0000,32768
0,sized3,3,READ,0x300014b8000,32768
0,sized3,3,READ,0x300014c0000,32768
0,sized3,3,READ,0x300014c8000,32768
0,sized3,3,READ,0x300014d0000,32768
0,sized3,3,READ,0x300014d8000,32768
0,sized3,3,READ,0x300014e0000,32768
0,sized3,3,READ,0x300014e8000,32768
0,sized3,3,READ,0x300014f0000,32768
0,sized3,3,READ,0x300014f8000,32768
0,sized3,3,READ,0x30001500000,32768
0,sized3,3,READ,0x30001508000,32768
0,sized3,3,READ,0x30001510000,32768
0,sized3,3,READ,0x30001518000,32768
0,sized3,3,READ,0x30001520000,32768
0,sized3,3,READ,0x30001528000,32768
0,sized3,3,READ,0x30001530000,32768
0,sized3,3,READ,0x30001538000,32768
0,sized3,3,READ,0x30001540000,32768
0,sized3,3,READ,0x30001548000,32768
0,sized3,3,READ,0x30001550000,32768
0,sized3,3,READ,0x30001558000,32768
0,sized3,3,READ,0x30001560000,32768
0,sized3,3,READ,0x30001568000,32768
0,sized3,3,READ,0x30001570000,32768
0,sized3,3,READ,0x30001578000,32768
0,sized3,3,READ,0x30001580000,32768
0,sized3,3,READ,0x30001588000,32768
0,sized3,3,READ,0x30001590000,32768
0,sized3,3,READ,0x30001598000,32768
0,sized3,3,READ,0x300015a0000,32768
0,sized3,3,READ,0x300015a8000,32768
0,sized3,3,READ,0x300015b0000,32768
0,sized3,3,READ,0x300015b8000,32768
0,sized3,3,READ,0x300015c0000,32768
0,sized3,3,READ,0x300015c8000,32768
0,sized3,3,READ,0x300015d0000,32768
0,sized3,3,READ,0x300015d8000,32768
0,sized3,3,READ,0x300015e0000,32768
0,sized3,3,READ,0x300015e8000,32768
0,sized3,3,READ,0x300015f0000,32768
0,sized3,3,READ,0x300015f8000,32768
0,sized3,3,READ,0x30001600000,32768
0,sized3,3,READ,0x30001608000,32768
0,sized3,3,READ,0x30001610000,32768
0,sized3,3,READ,0x30001618000,32768
0,sized3,3,READ,0x30001620000,32768
0,sized3,3,READ,0x30001628000,32768
0,sized3,3,READ,0x30001630000,32768
0,sized3,3,READ,0x30001638000,32768
0,sized3,3,READ,0x30001640000,32768
0,sized3,3,READ,0x30001648000,32768
0,sized3,3,READ,0x30001650000,32768
0,sized3,3,READ,0x30001658000,32768
0,sized3,3,READ,0x30001660000,32768
0,sized3,3,READ,0x30001668000,32768
0,sized3,3,READ,0x30001670000,32768
0,sized3,3,READ,0x30001678000,32768
0,sized3,3,READ,0x30001680000,32768
0,sized3,3,READ,0x30001688000,32768
0,sized3,3,READ,0x30001690000,32768
0,sized3,3,READ,0x30001698000,32768
0,sized3,3,READ,0x300016a0000,32768
0,sized3,3,READ,0x300016a8000,32768
0,sized3,3,READ,0x300016b0000,32768
0,sized3,3,READ,0x300016b8000,32768
0,sized3,3,READ,0x300016c0000,32768
0,sized3,3,READ,0x300016c8000,32768
0,sized3,3,READ,0x300016d0000,32768
0,sized3,3,READ,0x300016d8000,32768
0,sized3,3,READ,0x300016e0000,32768
0,sized3,3,READ,0x300016e8000,32768
0,sized3,3,READ,0x300016f0000,32768
0,sized3,3,READ,0x300016f8000,32768
0,sized3,3,READ,0x30001700000,32768
0,sized3,3,READ,0x30001708000,32768
0,sized3,3,READ,0x30001710000,32768
0,sized3,3,READ,0x30001718000,32768
0,sized3,3,READ,0x30001720000,32768
0,sized3,3,READ,0x30001728000,32768
0,sized3,3,READ,0x30001730000,32768
0,sized3,3,READ,0x30001738000,32768
0,sized3,3,READ,0x30001740000,32768
0,sized3,3,READ,0x30001748000,32768
0,sized3,3,READ,0x30001750000,32768
0,sized3,3,READ,0x30001758000,32768
0,sized3,3,READ,0x30001760000,32768
0,sized3,3,READ,0x30001768000,32768
0,sized3,3,READ,0x30001770000,32768
0,sized3,3,READ,0x30001778000,32768
0,sized3,3,READ,0x30001780000,32768
0,sized3,3,READ,0x30001788000,32768
0,sized3,3,READ,0x30001790000,32768
0,sized3,3,READ,0x30001798000,32768
0,sized3,3,READ,0x300017a0000,32768
0,sized3,3,READ,0x300017a8000,32768
0,sized3,3,READ,0x300017b0000,32768
0,sized3,3,READ,0x300017b8000,32768
0,sized3,3,READ,0x300017c0000,32768
0,sized3,3,READ,0x300017c8000,32768
0,sized3,3,READ,0x300017d0000,32768
0,sized3,3,READ,0x300017d8000,32768
0,sized3,3,READ,0x300017e0000,32768
0,sized3,3,READ,0x300017e8000,32768
0,sized3,3,READ,0x300017f0000,32768
0,sized3,3,READ,0x300017f8000,32768
0,sized3,3,READ,0x30001800000,32768
0,sized3,3,READ,0x30001808000,32768
0,sized3,3,READ,0x30001810000,32768
0,sized3,3,READ,0x30001818000,32768
0,sized3,3,READ,0x30001820000,32768
0,sized3,3,READ,0x30001828000,32768
0,sized3,3,READ,0x30001830000,32768
0,sized3,3,READ,0x30001838000,32768
0,sized3,3,READ,0x30001840000,32768
0,sized3,3,READ,0x30001848000,32768
0,sized3,3,READ,0x30001850000,32768
0,sized3,3,READ,0x30001858000,32768
0,sized3,3,READ,0x30001860000,32768
0,sized3,3,READ,0x30001868000,32768
0,sized3,3,READ,0x30001870000,32768
0,sized3,3,READ,0x30001878000,32768
0,sized3,3,READ,0x30001880000,32768
0,sized3,3,READ,0x30001888000,32768
0,sized3,3,READ,0x30001890000,32768
0,sized3,3,READ,0x30001898000,32768
0,sized3,3,READ,0x300018a0000,32768
0,sized3,3,READ,0x300018a8000,32768
0,sized3,3,READ,0x300018b0000,32768
0,sized3,3,READ,0x300018b8000,32768
0,sized3,3,READ,0x300018c0000,32768
0,sized3,3,READ,0x300018c8000,32768
0,sized3,3,READ,0x300018d0000,32768
0,sized3,3,READ,0x300018d8000,32768
0,sized3,3,READ,0x300018e0000,32768
0,sized3,3,READ,0x300018e8000,32768
0,sized3,3,READ,0x300018f0000,32768
0,sized3,3,READ,0x300018f8000,32768
0,sized3,3,READ,0x30001900000,32768
0,sized3,3,READ,0x30001908000,32768
0,sized3,3,READ,0x30001910000,32768
0,sized3,3,READ,0x30001918000,32768
0,sized3,3,READ,0x30001920000,32768
0,sized3,3,READ,0x30001928000,32768
0,sized3,3,READ,0x30001930000,32768
0,sized3,3,READ,0x30001938000,32768
0,sized3,3,READ,0x30001940000,32768
0,sized3,3,READ,0x30001948000,32768
0,sized3,3,READ,0x30001950000,32768
0,sized3,3,READ,0x30001958000,32768
0,sized3,3,READ,0x30001960000,32768
0,sized3,3,READ,0x30001968000,32768
0,sized3,3,READ,0x30001970000,32768
0,sized3,3,READ,0x30001978000,32768
0,sized3,3,READ,0x30001980000,32768
0,sized3,3,READ,0x30001988000,32768
0,sized3,3,READ,0x30001990000,32768
0,sized3,3,READ,0x30001998000,32768
0,sized3,3,READ,0x300019a0000,32768
0,sized3,3,READ,0x300019a8000,32768
0,sized3,3,READ,0x300019b0000,32768
0,sized3,3,READ,0x300019b8000,32768
0,sized3,3,READ,0x300019c0000,32768
0,sized3,3,READ,0x300019c8000,32768
0,sized3,3,READ,0x300019d0000,32768
0,sized3,3,READ,0x300019d8000,32768
0,sized3,3,READ,0x300019e0000,32768
0,sized3,3,READ,0x300019e8000,32768
0,sized3,3,READ,0x300019f0000,32768
0,sized3,3,READ,0x300019f8000,32768
0,sized3,3,READ,0x30001a00000,32768
0,sized3,3,READ,0x30001a08000,32768
0,sized3,3,READ,0x30001a10000,32768
0,sized3,3,READ,0x30001a18000,32768
0,sized3,3,READ,0x30001a20000,32768
0,sized3,3,READ,0x30001a28000,32768
0,sized3,3,READ,0x30001a30000,32768
0,sized3,3,READ,0x30001a38000,32768
0,sized3,3,READ,0x30001a40000,32768
0,sized3,3,READ,0x30001a48000,32768
0,sized3,3,READ,0x30001a50000,32768
0,sized3,3,READ,0x30001a58000,32768
0,sized3,3,READ,0x30001a60000,32768
0,sized3,3,READ,0x30001a68000,32768
0,sized3,3,READ,0x30001a70000,32768
0,sized3,3,READ,0x30001a78000,32768
0,sized3,3,READ,0x30001a80000,32768
0,sized3,3,READ,0x30001a88000,32768
0,sized3,3,READ,0x30001a90000,32768
0,sized3,3,READ,0x30001a98000,32768
0,sized3,3,READ,0x30001aa0000,32768
0,sized3,3,READ,0x30001aa8000,32768
0,sized3,3,READ,0x30001ab0000,32768
0,sized3,3,READ,0x30001ab8000,32768
0,sized3,3,READ,0x30001ac0000,32768
0,sized3,3,READ,0x30001ac8000,32768
0,sized3,3,READ,0x30001ad0000,32768
0,sized3,3,READ,0x30001ad8000,32768
0,sized3,3,READ,0x30001ae0000,32768
0,sized3,3,READ,0x30001ae8000,32768
0,sized3,3,READ,0x30001af0000,32768
0,sized3,3,READ,0x30001af8000,32768
0,sized3,3,READ,0x30001b00000,32768
0,sized3,3,READ,0x30001b08000,32768
0,sized3,3,READ,0x30001b10000,32768
0,sized3,3,READ,0x30001b18000,32768
0,sized3,3,READ,0x30001b20000,32768
0,sized3,3,READ,0x30001b28000,32768
0,sized3,3,READ,0x30001b30000,32768
0,sized3,3,READ,0x30001b38000,32768
0,sized3,3,READ,0x30001b40000,32768
0,sized3,3,READ,0x30001b48000,32768
0,sized3,3,READ,0x30001b50000,32768
0,sized3,3,READ,0x30001b58000,32768
0,sized3,3,READ,0x30001b60000,32768
0,sized3,3,READ,0x30001b68000,32768
0,sized3,3,READ,0x30001b70000,32768
0,sized3,3,READ,0x30001b78000,32768
0,sized3,3,READ,0x30001b80000,32768
0,sized3,3,READ,0x30001b88000,32768
0,sized3,3,READ,0x30001b90000,32768
0,sized3,3,READ,0x30001b98000,32768
0,sized3,3,READ,0x30001ba0000,32768
0,sized3,3,READ,0x30001ba8000,32768
0,sized3,3,READ,0x30001bb0000,32768
0,sized3,3,READ,0x30001bb8000,32768
0,sized3,3,READ,0x30001bc0000,32768
0,sized3,3,READ,0x30001bc8000,32768
0,sized3,3,READ,0x30001bd0000,32768
0,sized3,3,READ,0x30001bd8000,32768
0,sized3,3,READ,0x30001be0000,32768
0,sized3,3,READ,0x30001be8000,32768
0,sized3,3,READ,0x30001bf0000,32768
0,sized3,3,READ,0x30001bf8000,32768
0,sized3,3,READ,0x30001c00000,32768
0,sized3,3,READ,0x30001c08000,32768
0,sized3,3,READ,0x30001c10000,32768
0,sized3,3,READ,0x30001c18000,32768
0,sized3,3,READ,0x30001c20000,32768
0,sized3,3,READ,0x30001c28000,32768
0,sized3,3,READ,0x30001c30000,32768
0,sized3,3,READ,0x30001c38000,32768
0,sized3,3,READ,0x30001c40000,32768
0,sized3,3,READ,0x30001c48000,32768
0,sized3,3,READ,0x30001c50000,32768
0,sized3,3,READ,0x30001c58000,32768
0,sized3,3,READ,0x30001c60000,32768
0,sized3,3,READ,0x30001c68000,32768
0,sized3,3,READ,0x30001c70000,32768
0,sized3,3,READ,0x30001c78000,32768
0,sized3,3,READ,0x30001c80000,32768
0,sized3,3,READ,0x30001c88000,32768
0,sized3,3,READ,0x30001c90000,32768
0,sized3,3,READ,0x30001c98000,32768
0,sized3,3,READ,0x30001ca0000,32768
0,sized3,3,READ,0x30001ca8000,32768
0,sized3,3,READ,0x30001cb0000,32768
0,sized3,3,READ,0x30001cb8000,32768
0,sized3,3,READ,0x30001cc0000,32768
0,sized3,3,READ,0x30001cc8000,32768
0,sized3,3,READ,0x30001cd0000,32768
0,sized3,3,READ,0x30001cd8000,32768
0,sized3,3,READ,0x30001ce0000,32768
0,sized3,3,READ,0x30001ce8000,32768
0,sized3,3,READ,0x30001cf0000,32768
0,sized3,3,READ,0x30001cf8000,32768
0,sized3,3,READ,0x30001d00000,32768
0,sized3,3,READ,0x30001d08000,32768
0,sized3,3,READ,0x30001d10000,32768
0,sized3,3,READ,0x30001d18000,32768
0,sized3,3,READ,0x30001d20000,32768
0,sized3,3,READ,0x30001d28000,32768
0,sized3,3,READ,0x30001d30000,32768
0,sized3,3,READ,0x30001d38000,32768
0,sized3,3,READ,0x30001d40000,32768
0,sized3,3,READ,0x30001d48000,32768
0,sized3,3,READ,0x30001d50000,32768
0,sized3,3,READ,0x30001d58000,32768
0,sized3,3,READ,0x30001d60000,32768
0,sized3,3,READ,0x30001d68000,32768
0,sized3,3,READ,0x30001d70000,32768
0,sized3,3,READ,0x30001d78000,32768
0,sized3,3,READ,0x30001d80000,32768
0,sized3,3,READ,0x30001d88000,32768
0,sized3,3,READ,0x30001d90000,32768
0,sized3,3,READ,0x30001d98000,32768
0,sized3,3,READ,0x30001da0000,32768
0,sized3,3,READ,0x30001da8000,32768
0,sized3,3,READ,0x30001db0000,32768
0,sized3,3,READ,0x30001db8000,32768
0,sized3,3,READ,0x30001dc0000,32768
0,sized3,3,READ,0x30001dc8000,32768
0,sized3,3,READ,0x30001dd0000,32768
0,sized3,3,READ,0x30001dd8000,32768
0,sized3,3,READ,0x30001de0000,32768
0,sized3,3,READ,0x30001de8000,32768
0,sized3,3,READ,0x30001df0000,32768
0,sized3,3,READ,0x30001df8000,32768
0,sized3,3,READ,0x30001e00000,32768
0,sized3,3,READ,0x30001e08000,32768
0,sized3,3,READ,0x30001e10000,32768
0,sized3,3,READ,0x30001e18000,32768
0,sized3,3,READ,0x30001e20000,32768
0,sized3,3,READ,0x30001e28000,32768
0,sized3,3,READ,0x30001e30000,32768
0,sized3,3,READ,0x30001e38000,32768
0,sized3,3,READ,0x30001e40000,32768
0,sized3,3,READ,0x30001e48000,32768
0,sized3,3,READ,0x30001e50000,32768
0,sized3,3,READ,0x30001e58000,32768
0,sized3,3,READ,0x30001e60000,32768
0,sized3,3,READ,0x30001e68000,32768
0,sized3,3,READ,0x30001e70000,32768
0,sized3,3,READ,0x30001e78000,32768
0,sized3,3,READ,0x30001e80000,32768
0,sized3,3,READ,0x30001e88000,32768
0,sized3,3,READ,0x30001e90000,32768
0,sized3,3,READ,0x30001e98000,32768
0,sized3,3,READ,0x30001ea0000,32768
0,sized3,3,READ,0x30001ea8000,32768
0,sized3,3,READ,0x30001eb0000,32768
0,sized3,3,READ,0x30001eb8000,32768
0,sized3,3,READ,0x30001ec0000,32768
0,sized3,3,READ,0x30001ec8000,32768
0,sized3,3,READ,0x30001ed0000,32768
0,sized3,3,READ,0x30001ed8000,32768
0,sized3,3,READ,0x30001ee0000,32768
0,sized3,3,READ,0x30001ee8000,32768
0,sized3,3,READ,0x30001ef0000,32768
0,sized3,3,READ,0x30001ef8000,32768
0,sized3,3,READ,0x30001f00000,32768
0,sized3,3,READ,0x30001f08000,32768
0,sized3,3,READ,0x30001f10000,32768
0,sized3,3,READ,0x30001f18000,32768
0,sized3,3,READ,0x30001f20000,32768
0,sized3,3,READ,0x30001f28000,32768
0,sized3,3,READ,0x30001f30000,32768
0,sized3,3,READ,0x30001f38000,32768
0,sized3,3,READ,0x30001f40000,32768
0,sized3,3,READ,0x30001f48000,32768
0,sized3,3,READ,0x30001f50000,32768
0,sized3,3,READ,0x30001f58000,32768
0,sized3,3,READ,0x30001f60000,32768
0,sized3,3,READ,0x30001f68000,32768
0,sized3,3,READ,0x30001f70000,32768
0,sized3,3,READ,0x30001f78000,32768
0,sized3,3,READ,0x30001f80000,32768
0,sized3,3,READ,0x30001f88000,32768
0,sized3,3,READ,0x30001f90000,32768
0,sized3,3,READ,0x30001f98000,32768
0,sized3,3,READ,0x30001fa0000,32768
0,sized3,3,READ,0x30001fa8000,32768
0,sized3,3,READ,0x30001fb0000,32768
0,sized3,3,READ,0x30001fb8000,32768
0,sized3,3,READ,0x30001fc0000,32768
0,sized3,3,READ,0x30001fc8000,32768
0,sized3,3,READ,0x30001fd0000,32768
0,sized3,3,READ,0x30001fd8000,32768
0,sized3,3,READ,0x30001fe0000,32768
0,sized3,3,READ,0x30001fe8000,32768
0,sized3,3,READ,0x30001ff0000,32768
0,sized3,3,READ,0x30001ff8000,32768
0,sized3,3,READ,0x30002000000,32768
0,sized3,3,READ,0x30002008000,32768
0,sized3,3,READ,0x30002010000,32768
0,sized3,3,READ,0x30002018000,32768
0,sized3,3,READ,0x30002020000,32768
0,sized3,3,READ,0x30002028000,32768
0,sized3,3,READ,0x30002030000,32768
0,sized3,3,READ,0x30002038000,32768
0,sized3,3,READ,0x30002040000,32768
0,sized3,3,READ,0x30002048000,32768
0,sized3,3,READ,0x30002050000,32768
0,sized3,3,READ,0x30002058000,32768
0,sized3,3,READ,0x30002060000,32768
0,sized3,3,READ,0x30002068000,32768
0,sized3,3,READ,0x30002070000,32768
0,sized3,3,READ,0x30002078000,32768
0,sized3,3,READ,0x30002080000,32768
0,sized3,3,READ,0x30002088000,32768
0,sized3,3,READ,0x30002090000,32768
0,sized3,3,READ,0x30002098000,32768
0,sized3,3,READ,0x300020a0000,32768
0,sized3,3,READ,0x300020a8000,32768
0,sized3,3,READ,0x300020b0000,32768
0,sized3,3,READ,0x300020b8000,32768
0,sized3,3,READ,0x300020c0000,32768
0,sized3,3,READ,0x300020c8000,32768
0,sized3,3,READ,0x300020d0000,32768
0,sized3,3,READ,0x300020d8000,32768
0,sized3,3,READ,0x300020e0000,32768
0,sized3,3,READ,0x300020e8000,32768
0,sized3,3,READ,0x300020f0000,32768
0,sized3,3,READ,0x300020f8000,32768
0,sized3,3,READ,0x30002100000,32768
0,sized3,3,READ,0x30002108000,32768
0,sized3,3,READ,0x30002110000,32768
0,sized3,3,READ,0x30002118000,32768
0,sized3,3,READ,0x30002120000,32768
0,sized3,3,READ,0x30002128000,32768
0,sized3,3,READ,0x30002130000,32768
0,sized3,3,READ,0x30002138000,32768
0,sized3,3,READ,0x30002140000,32768
0,sized3,3,READ,0x30002148000,32768
0,sized3,3,READ,0x30002150000,32768
0,sized3,3,READ,0x30002158000,32768
0,sized3,3,READ,0x30002160000,32768
0,sized3,3,READ,0x30002168000,32768
0,sized3,3,READ,0x30002170000,32768
0,sized3,3,READ,0x30002178000,32768
0,sized3,3,READ,0x30002180000,32768
0,sized3,3,READ,0x30002188000,32768
0,sized3,3,READ,0x30002190000,32768
0,sized3,3,READ,0x30002198000,32768
0,sized3,3,READ,0x300021a0000,32768
0,sized3,3,READ,0x300021a8000,32768
0,sized3,3,READ,0x300021b0000,32768
0,sized3,3,READ,0x300021b8000,32768
0,sized3,3,READ,0x300021c0000,32768
0,sized3,3,READ,0x300021c8000,32768
0,sized3,3,READ,0x300021d0000,32768
0,sized3,3,READ,0x300021d8000,32768
0,sized3,3,READ,0x300021e0000,32768
0,sized3,3,READ,0x300021e8000,32768
0,sized3,3,READ,0x300021f0000,32768
0,sized3,3,READ,0x300021f8000,32768
0,sized3,3,READ,0x30002200000,32768
0,sized3,3,READ,0x30002208000,32768
0,sized3,3,READ,0x30002210000,32768
0,sized3,3,READ,0x30002218000,32768
0,sized3,3,READ,0x30002220000,32768
0,sized3,3,READ,0x30002228000,32768
0,sized3,3,READ,0x30002230000,32768
0,sized3,3,READ,0x30002238000,32768
0,sized3,3,READ,0x30002240000,32768
0,sized3,3,READ,0x30002248000,32768
0,sized3,3,READ,0x30002250000,32768
0,sized3,3,READ,0x30002258000,32768
0,sized3,3,READ,0x30002260000,32768
0,sized3,3,READ,0x30002268000,32768
0,sized3,3,READ,0x30002270000,32768
0,sized3,3,READ,0x30002278000,32768
0,sized3,3,READ,0x30002280000,32768
0,sized3,3,READ,0x30002288000,32768
0,sized3,3,READ,0x30002290000,32768
0,sized3,3,READ,0x30002298000,32768
0,sized3,3,READ,0x300022a0000,32768
0,sized3,3,READ,0x300022a8000,32768
0,sized3,3,READ,0x300022b0000,32768
0,sized3,3,READ,0x300022b8000,32768
0,sized3,3,READ,0x300022c0000,32768
0,sized3,3,READ,0x300022c8000,32768
0,sized3,3,READ,0x300022d0000,32768
0,sized3,3,READ,0x300022d8000,32768
0,sized3,3,READ,0x300022e0000,32768
0,sized3,3,READ,0x300022e8000,32768
0,sized3,3,READ,0x300022f0000,32768
0,sized3,3,READ,0x300022f8000,32768
0,sized3,3,READ,0x30002300000,32768
0,sized3,3,READ,0x30002308000,32768
0,sized3,3,READ,0x30002310000,32768
0,sized3,3,READ,0x30002318000,32768
0,sized3,3,READ,0x30002320000,32768
0,sized3,3,READ,0x30002328000,32768
0,sized3,3,READ,0x30002330000,32768
0,sized3,3,READ,0x30002338000,32768
0,sized3,3,READ,0x30002340000,32768
0,sized3,3,READ,0x30002348000,32768
0,sized3,3,READ,0x30002350000,32768
0,sized3,3,READ,0x30002358000,32768
0,sized3,3,READ,0x30002360000,32768
0,sized3,3,READ,0x30002368000,32768
0,sized3,3,READ,0x30002370000,32768
0,sized3,3,READ,0x30002378000,32768
0,sized3,3,READ,0x30002380000,32768
0,sized3,3,READ,0x30002388000,32768
0,sized3,3,READ,0x30002390000,32768
0,sized3,3,READ,0x30002398000,32768
0,sized3,3,READ,0x300023a0000,32768
0,sized3,3,READ,0x300023a8000,32768
0,sized3,3,READ,0x300023b0000,32768
0,sized3,3,READ,0x300023b8000,32768
0,sized3,3,READ,0x300023c0000,32768
0,sized3,3,READ,0x300023c8000,32768
0,sized3,3,READ,0x300023d0000,32768
0,sized3,3,READ,0x300023d8000,32768
0,sized3,3,READ,0x300023e0000,32768
0,sized3,3,READ,0x300023e8000,32768
0,sized3,3,READ,0x300023f0000,32768
0,sized3,3,READ,0x300023f8000,32768
0,sized3,3,READ,0x30002400000,32768
0,sized3,3,READ,0x30002408000,32768
0,sized3,3,READ,0x30002410000,32768
0,sized3,3,READ,0x30002418000,32768
0,sized3,3,READ,0x30002420000,32768
0,sized3,3,READ,0x30002428000,32768
0,sized3,3,READ,0x30002430000,32768
0,sized3,3,READ,0x30002438000,32768
0,sized3,3,READ,0x30002440000,32768
0,sized3,3,READ,0x30002448000,32768
0,sized3,3,READ,0x30002450000,32768
0,sized3,3,READ,0x30002458000,32768
0,sized3,3,READ,0x30002460000,32768
0,sized3,3,READ,0x30002468000,32768
0,sized3,3,READ,0x30002470000,32768
0,sized3,3,READ,0x30002478000,32768
0,sized3,3,READ,0x30002480000,32768
0,sized3,3,READ,0x30002488000,32768
0,sized3,3,READ,0x30002490000,32768
0,sized3,3,READ,0x30002498000,32768
0,sized3,3,READ,0x300024a0000,32768
0,sized3,3,READ,0x300024a8000,32768
0,sized3,3,READ,0x300024b0000,32768
0,sized3,3,READ,0x300024b8000,32768
0,sized3,3,READ,0x300024c0000,32768
0,sized3,3,READ,0x300024c8000,32768
0,sized3,3,READ,0x300024d0000,32768
0,sized3,3,READ,0x300024d8000,32768
0,sized3,3,READ,0x300024e0000,32768
0,sized3,3,READ,0x300024e8000,32768
0,sized3,3,READ,0x300024f0000,32768
0,sized3,3,READ,0x300024f8000,32768
0,sized3,3,READ,0x30002500000,32768
0,sized3,3,READ,0x30002508000,32768
0,sized3,3,READ,0x30002510000,32768
0,sized3,3,READ,0x30002518000,32768
0,sized3,3,READ,0x30002520000,32768
0,sized3,3,READ,0x30002528000,32768
0,sized3,3,READ,0x30002530000,32768
0,sized3,3,READ,0x30002538000,32768
0,sized3,3,READ,0x30002540000,32768
0,sized3,3,READ,0x30002548000,32768
0,sized3,3,READ,0x30002550000,32768
0,sized3,3,READ,0x30002558000,32768
0,sized3,3,READ,0x30002560000,32768
0,sized3,3,READ,0x30002568000,32768
0,sized3,3,READ,0x30002570000,32768
0,sized3,3,READ,0x30002578000,32768
0,sized3,3,READ,0x30002580000,32768
0,sized3,3,READ,0x30002588000,32768
0,sized3,3,READ,0x30002590000,32768
0,sized3,3,READ,0x30002598000,32768
0,sized3,3,READ,0x300025a0000,32768
0,sized3,3,READ,0x300025a8000,32768
0,sized3,3,READ,0x300025b0000,32768
0,sized3,3,READ,0x300025b8000,32768
0,sized3,3,READ,0x300025c0000,32768
0,sized3,3,READ,0x300025c8000,32768
0,sized3,3,READ,0x300025d0000,32768
0,sized3,3,READ,0x300025d8000,32768
0,sized3,3,READ,0x300025e0000,32768
0,sized3,3,READ,0x300025e8000,32768
0,sized3,3,READ,0x300025f0000,32768
0,sized3,3,READ,0x300025f8000,32768
0,sized3,3,READ,0x30002600000,32768
0,sized3,3,READ,0x30002608000,32768
0,sized3,3,READ,0x30002610000,32768
0,sized3,3,READ,0x30002618000,32768
0,sized3,3,READ,0x30002620000,32768
0,sized3,3,READ,0x30002628000,32768
0,sized3,3,READ,0x30002630000,32768
0,sized3,3,READ,0x30002638000,32768
0,sized3,3,READ,0x30002640000,32768
0,sized3,3,READ,0x30002648000,32768
0,sized3,3,READ,0x30002650000,32768
0,sized3,3,READ,0x30002658000,32768
0,sized3,3,READ,0x30002660000,32768
0,sized3,3,READ,0x30002668000,32768
0,sized3,3,READ,0x30002670000,32768
0,sized3,3,READ,0x30002678000,32768
0,sized3,3,READ,0x30002680000,32768
0,sized3,3,READ,0x30002688000,32768
0,sized3,3,READ,0x30002690000,32768
0,sized3,3,READ,0x30002698000,32768
0,sized3,3,READ,0x300026a0000,32768
0,sized3,3,READ,0x300026a8000,32768
0,sized3,3,READ,0x300026b0000,32768
0,sized3,3,READ,0x300026b8000,32768
0,sized3,3,READ,0x300026c0000,32768
0,sized3,3,READ,0x300026c8000,32768
0,sized3,3,READ,0x300026d0000,32768
0,sized3,3,READ,0x300026d8000,32768
0,sized3,3,READ,0x300026e0000,32768
0,sized3,3,READ,0x300026e8000,32768
0,sized3,3,READ,0x300026f0000,32768
0,sized3,3,READ,0x300026f8000,32768
0,sized3,3,READ,0x30002700000,32768
0,sized3,3,READ,0x30002708000,32768
0,sized3,3,READ,0x30002710000,32768
0,sized3,3,READ,0x30002718000,32768
0,sized3,3,READ,0x30002720000,32768
0,sized3,3,READ,0x30002728000,32768
0,sized3,3,READ,0x30002730000,32768
0,sized3,3,READ,0x30002738000,32768
0,sized3,3,READ,0x30002740000,32768
0,sized3,3,READ,0x30002748000,32768
0,sized3,3,READ,0x30002750000,32768
0,sized3,3,READ,0x30002758000,32768
0,sized3,3,READ,0x30002760000,32768
0,sized3,3,READ,0x30002768000,32768
0,sized3,3,READ,0x30002770000,32768
0,sized3,3,READ,0x30002778000,32768
0,sized3,3,READ,0x30002780000,32768
0,sized3,3,READ,0x30002788000,32768
0,sized3,3,READ,0x30002790000,32768
0,sized3,3,READ,0x30002798000,32768
0,sized3,3,READ,0x300027a0000,32768
0,sized3,3,READ,0x300027a8000,32768
0,sized3,3,READ,0x300027b0000,32768
0,sized3,3,READ,0x300027b8000,32768
0,sized3,3,READ,0x300027c0000,32768
0,sized3,3,READ,0x300027c8000,32768
0,sized3,3,READ,0x300027d0000,32768
0,sized3,3,READ,0x300027d8000,32768
0,sized3,3,READ,0x300027e0000,32768
0,sized3,3,READ,0x300027e8000,32768
0,sized3,3,READ,0x300027f0000,32768
0,sized3,3,READ,0x300027f8000,32768
0,sized3,3,READ,0x30002800000,32768
0,sized3,3,READ,0x30002808000,32768
0,sized3,3,READ,0x30002810000,32768
0,sized3,3,READ,0x30002818000,32768
0,sized3,3,READ,0x30002820000,32768
0,sized3,3,READ,0x30002828000,32768
0,sized3,3,READ,0x30002830000,32768
0,sized3,3,READ,0x30002838000,32768
0,sized3,3,READ,0x30002840000,32768
0,sized3,3,READ,0x30002848000,32768
0,sized3,3,READ,0x30002850000,32768
0,sized3,3,READ,0x30002858000,32768
0,sized3,3,READ,0x30002860000,32768
0,sized3,3,READ,0x30002868000,32768
0,sized3,3,READ,0x30002870000,32768
0,sized3,3,READ,0x30002878000,32768
0,sized3,3,READ,0x30002880000,32768
0,sized3,3,READ,0x30002888000,32768
0,sized3,3,READ,0x30002890000,32768
0,sized3,3,READ,0x30002898000,32768
0,sized3,3,READ,0x300028a0000,32768
0,sized3,3,READ,0x300028a8000,32768
0,sized3,3,READ,0x300028b0000,32768
0,sized3,3,READ,0x300028b8000,32768
0,sized3,3,READ,0x300028c0000,32768
0,sized3,3,READ,0x300028c8000,32768
0,sized3,3,READ,0x300028d0000,32768
0,sized3,3,READ,0x300028d8000,32768
0,sized3,3,READ,0x300028e0000,32768
0,sized3,3,READ,0x300028e8000,32768
0,sized3,3,READ,0x300028f0000,32768
0,sized3,3,READ,0x300028f8000,32768
0,sized3,3,READ,0x30002900000,32768
0,sized3,3,READ,0x30002908000,32768
0,sized3,3,READ,0x30002910000,32768
0,sized3,3,READ,0x30002918000,32768
0,sized3,3,READ,0x30002920000,32768
0,sized3,3,READ,0x30002928000,32768
0,sized3,3,READ,0x30002930000,32768
0,sized3,3,READ,0x30002938000,32768
0,sized3,3,READ,0x30002940000,32768
0,sized3,3,READ,0x30002948000,32768
0,sized3,3,READ,0x30002950000,32768
0,sized3,3,READ,0x30002958000,32768
0,sized3,3,READ,0x30002960000,32768
0,sized3,3,READ,0x30002968000,32768
0,sized3,3,READ,0x30002970000,32768
0,sized3,3,READ,0x30002978000,32768
0,sized3,3,READ,0x30002980000,32768
0,sized3,3,READ,0x30002988000,32768
0,sized3,3,READ,0x30002990000,32768
0,sized3,3,READ,0x30002998000,32768
0,sized3,3,READ,0x300029a0000,32768
0,sized3,3,READ,0x300029a8000,32768
0,sized3,3,READ,0x300029b0000,32768
0,sized3,3,READ,0x300029b8000,32768
0,sized3,3,READ,0x300029c0000,32768
0,sized3,3,READ,0x300029c8000,32768
0,sized3,3,READ,0x300029d0000,32768
0,sized3,3,READ,0x300029d8000,32768
0,sized3,3,READ,0x300029e0000,32768
0,sized3,3,READ,0x300029e8000,32768
0,sized3,3,READ,0x300029f0000,32768
0,sized3,3,READ,0x300029f8000,32768
0,sized3,3,READ,0x30002a00000,32768
0,sized3,3,READ,0x30002a08000,32768
0,sized3,3,READ,0x30002a10000,32768
0,sized3,3,READ,0x30002a18000,32768
0,sized3,3,READ,0x30002a20000,32768
0,sized3,3,READ,0x30002a28000,32768
0,sized3,3,READ,0x30002a30000,32768
0,sized3,3,READ,0x30002a38000,32768
0,sized3,3,READ,0x30002a40000,32768
0,sized3,3,READ,0x30002a48000,32768
0,sized3,3,READ,0x30002a50000,32768
0,sized3,3,READ,0x30002a58000,32768
0,sized3,3,READ,0x30002a60000,32768
0,sized3,3,READ,0x30002a68000,32768
0,sized3,3,READ,0x30002a70000,32768
0,sized3,3,READ,0x30002a78000,32768
0,sized3,3,READ,0x30002a80000,32768
0,sized3,3,READ,0x30002a88000,32768
0,sized3,3,READ,0x30002a90000,32768
0,sized3,3,READ,0x30002a98000,32768
0,sized3,3,READ,0x30002aa0000,32768
0,sized3,3,READ,0x30002aa8000,32768
0,sized3,3,READ,0x30002ab0000,32768
0,sized3,3,READ,0x30002ab8000,32768
0,sized3,3,READ,0x30002ac0000,32768
0,sized3,3,READ,0x30002ac8000,32768
0,sized3,3,READ,0x30002ad0000,32768
0,sized3,3,READ,0x30002ad8000,32768
0,sized3,3,READ,0x30002ae0000,32768
0,sized3,3,READ,0x30002ae8000,32768
0,sized3,3,READ,0x30002af0000,32768
0,sized3,3,READ,0x30002af8000,32768
0,sized3,3,READ,0x30002b00000,32768
0,sized3,3,READ,0x30002b08000,32768
0,sized3,3,READ,0x30002b10000,32768
0,sized3,3,READ,0x30002b18000,32768
0,sized3,3,READ,0x30002b20000,32768
0,sized3,3,READ,0x30002b28000,32768
0,sized3,3,READ,0x30002b30000,32768
0,sized3,3,READ,0x30002b38000,32768
0,sized3,3,READ,0x30002b40000,32768
0,sized3,3,READ,0x30002b48000,32768
0,sized3,3,READ,0x30002b50000,32768
0,sized3,3,READ,0x30002b58000,32768
0,sized3,3,READ,0x30002b60000,32768
0,sized3,3,READ,0x30002b68000,32768
0,sized3,3,READ,0x30002b70000,32768
0,sized3,3,READ,0x30002b78000,32768
0,sized3,3,READ,0x30002b80000,32768
0,sized3,3,READ,0x30002b88000,32768
0,sized3,3,READ,0x30002b90000,32768
0,sized3,3,READ,0x30002b98000,32768
0,sized3,3,READ,0x30002ba0000,32768
0,sized3,3,READ,0x30002ba8000,32768
0,sized3,3,READ,0x30002bb0000,32768
0,sized3,3,READ,0x30002bb8000,32768
0,sized3,3,READ,0x30002bc0000,32768
0,sized3,3,READ,0x30002bc8000,32768
0,sized3,3,READ,0x30002bd0000,32768
0,sized3,3,READ,0x30002bd8000,32768
0,sized3,3,READ,0x30002be0000,32768
0,sized3,3,READ,0x30002be8000,32768
0,sized3,3,READ,0x30002bf0000,32768
0,sized3,3,READ,0x30002bf8000,32768
0,sized3,3,READ,0x30002c00000,32768
0,sized3,3,READ,0x30002c08000,32768
0,sized3,3,READ,0x30002c10000,32768
0,sized3,3,READ,0x30002c18000,32768
0,sized3,3,READ,0x30002c20000,32768
0,sized3,3,READ,0x30002c28000,32768
0,sized3,3,READ,0x30002c30000,32768
0,sized3,3,READ,0x30002c38000,32768
0,sized3,3,READ,0x30002c40000,32768
0,sized3,3,READ,0x30002c48000,32768
0,sized3,3,READ,0x30002c50000,32768
0,sized3,3,READ,0x30002c58000,32768
0,sized3,3,READ,0x30002c60000,32768
0,sized3,3,READ,0x30002c68000,32768
0,sized3,3,READ,0x30002c70000,32768
0,sized3,3,READ,0x30002c78000,32768
0,sized3,3,READ,0x30002c80000,32768
0,sized3,3,READ,0x30002c88000,32768
0,sized3,3,READ,0x30002c90000,32768
0,sized3,3,READ,0x30002c98000,32768
0,sized3,3,READ,0x30002ca0000,32768
0,sized3,3,READ,0x30002ca8000,32768
0,sized3,3,READ,0x30002cb0000,32768
0,sized3,3,READ,0x30002cb8000,32768
0,sized3,3,READ,0x30002cc0000,32768
0,sized3,3,READ,0x30002cc8000,32768
0,sized3,3,READ,0x30002cd0000,32768
0,sized3,3,READ,0x30002cd8000,32768
0,sized3,3,READ,0x30002ce0000,32768
0,sized3,3,READ,0x30002ce8000,32768
0,sized3,3,READ,0x30002cf0000,32768
0,sized3,3,READ,0x30002cf8000,32768
0,sized3,3,READ,0x30002d00000,32768
0,sized3,3,READ,0x30002d08000,32768
0,sized3,3,READ,0x30002d10000,32768
0,sized3,3,READ,0x30002d18000,32768
0,sized3,3,READ,0x30002d20000,32768
0,sized3,3,READ,0x30002d28000,32768
0,sized3,3,READ,0x30002d30000,32768
0,sized3,3,READ,0x30002d38000,32768
0,sized3,3,READ,0x30002d40000,32768
0,sized3,3,READ,0x30002d48000,32768
0,sized3,3,READ,0x30002d50000,32768
0,sized3,3,READ,0x30002d58000,32768
0,sized3,3,READ,0x30002d60000,32768
0,sized3,3,READ,0x30002d68000,32768
0,sized3,3,READ,0x30002d70000,32768
0,sized3,3,READ,0x30002d78000,32768
0,sized3,3,READ,0x30002d80000,32768
0,sized3,3,READ,0x30002d88000,32768
0,sized3,3,READ,0x30002d90000,32768
0,sized3,3,READ,0x30002d98000,32768
0,sized3,3,READ,0x30002da0000,32768
0,sized3,3,READ,0x30002da8000,32768
0,sized3,3,READ,0x30002db0000,32768
0,sized3,3,READ,0x30002db8000,32768
0,sized3,3,READ,0x30002dc0000,32768
0,sized3,3,READ,0x30002dc8000,32768
0,sized3,3,READ,0x30002dd0000,32768
0,sized3,3,READ,0x30002dd8000,32768
0,sized3,3,READ,0x30002de0000,32768
0,sized3,3,READ,0x30002de8000,32768
0,sized3,3,READ,0x30002df0000,32768
0,sized3,3,READ,0x30002df8000,32768
0,sized3,3,READ,0x30002e00000,32768
0,sized3,3,READ,0x30002e08000,32768
0,sized3,3,READ,0x30002e10000,32768
0,sized3,3,READ,0x30002e18000,32768
0,sized3,3,READ,0x30002e20000,32768
0,sized3,3,READ,0x30002e28000,32768
0,sized3,3,READ,0x30002e30000,32768
0,sized3,3,READ,0x30002e38000,32768
0,sized3,3,READ,0x30002e40000,32768
0,sized3,3,READ,0x30002e48000,32768
0,sized3,3,READ,0x30002e50000,32768
0,sized3,3,READ,0x30002e58000,32768
0,sized3,3,READ,0x30002e60000,32768
0,sized3,3,READ,0x30002e68000,32768
0,sized3,3,READ,0x30002e70000,32768
0,sized3,3,READ,0x30002e78000,32768
0,sized3,3,READ,0x30002e80000,32768
0,sized3,3,READ,0x30002e88000,32768
0,sized3,3,READ,0x30002e90000,32768
0,sized3,3,READ,0x30002e98000,32768
0,sized3,3,READ,0x30002ea0000,32768
0,sized3,3,READ,0x30002ea8000,32768
0,sized3,3,READ,0x30002eb0000,32768
0,sized3,3,READ,0x30002eb8000,32768
0,sized3,3,READ,0x30002ec0000,32768
0,sized3,3,READ,0x30002ec8000,32768
0,sized3,3,READ,0x30002ed0000,32768
0,sized3,3,READ,0x30002ed8000,32768
0,sized3,3,READ,0x30002ee0000,32768
0,sized3,3,READ,0x30002ee8000,32768
0,sized3,3,READ,0x30002ef0000,32768
0,sized3,3,READ,0x30002ef8000,32768
0,sized3,3,READ,0x30002f00000,32768
0,sized3,3,READ,0x30002f08000,32768
0,sized3,3,READ,0x30002f10000,32768
0,sized3,3,READ,0x30002f18000,32768
0,sized3,3,READ,0x30002f20000,32768
0,sized3,3,READ,0x30002f28000,32768
0,sized3,3,READ,0x30002f30000,32768
0,sized3,3,READ,0x30002f38000,32768
0,sized3,3,READ,0x30002f40000,32768
0,sized3,3,READ,0x30002f48000,32768
0,sized3,3,READ,0x30002f50000,32768
0,sized3,3,READ,0x30002f58000,32768
0,sized3,3,READ,0x30002f60000,32768
0,sized3,3,READ,0x30002f68000,32768
0,sized3,3,READ,0x30002f70000,32768
0,sized3,3,READ,0x30002f78000,32768
0,sized3,3,READ,0x30002f80000,32768
0,sized3,3,READ,0x30002f88000,32768
0,sized3,3,READ,0x30002f90000,32768
0,sized3,3,READ,0x30002f98000,32768
0,sized3,3,READ,0x30002fa0000,32768
0,sized3,3,READ,0x30002fa8000,32768
0,sized3,3,READ,0x30002fb0000,32768
0,sized3,3,READ,0x30002fb8000,32768
0,sized3,3,READ,0x30002fc0000,32768
0,sized3,3,READ,0x30002fc8000,32768
0,sized3,3,READ,0x30002fd0000,32768
0,sized3,3,READ,0x30002fd8000,32768
0,sized3,3,READ,0x30002fe0000,32768
0,sized3,3,READ,0x30002fe8000,32768
0,sized3,3,READ,0x30002ff0000,32768
0,sized3,3,READ,0x30002ff8000,32768
0,sized3,3,READ,0x30003000000,32768
0,sized3,3,READ,0x30003008000,32768
0,sized3,3,READ,0x30003010000,32768
0,sized3,3,READ,0x30003018000,32768
0,sized3,3,READ,0x30003020000,32768
0,sized3,3,READ,0x30003028000,32768
0,sized3,3,READ,0x30003030000,32768
0,sized3,3,READ,0x30003038000,32768
0,sized3,3,READ,0x30003040000,32768
0,sized3,3,READ,0x30003048000,32768
0,sized3,3,READ,0x30003050000,32768
0,sized3,3,READ,0x30003058000,32768
0,sized3,3,READ,0x30003060000,32768
0,sized3,3,READ,0x30003068000,32768
0,sized3,3,READ,0x30003070000,32768
0,sized3,3,READ,0x30003078000,32768
0,sized3,3,READ,0x30003080000,32768
0,sized3,3,READ,0x30003088000,32768
0,sized3,3,READ,0x30003090000,32768
0,sized3,3,READ,0x30003098000,32768
0,sized3,3,READ,0x300030a0000,32768
0,sized3,3,READ,0x300030a8000,32768
0,sized3,3,READ,0x300030b0000,32768
0,sized3,3,READ,0x300030b8000,32768
0,sized3,3,READ,0x300030c0000,32768
0,sized3,3,READ,0x300030c8000,32768
0,sized3,3,READ,0x300030d0000,32768
0,sized3,3,READ,0x300030d8000,32768
0,sized3,3,READ,0x300030e0000,32768
0,sized3,3,READ,0x300030e8000,32768
0,sized3,3,READ,0x300030f0000,32768
0,sized3,3,READ,0x300030f8000,32768
0,sized3,3,READ,0x30003100000,32768
0,sized3,3,READ,0x30003108000,32768
0,sized3,3,READ,0x30003110000,32768
0,sized3,3,READ,0x30003118000,32768
0,sized3,3,READ,0x30003120000,32768
0,sized3,3,READ,0x30003128000,32768
0,sized3,3,READ,0x30003130000,32768
0,sized3,3,READ,0x30003138000,32768
0,sized3,3,READ,0x30003140000,32768
0,sized3,3,READ,0x30003148000,32768
0,sized3,3,READ,0x30003150000,32768
0,sized3,3,READ,0x30003158000,32768
0,sized3,3,READ,0x30003160000,32768
0,sized3,3,READ,0x30003168000,32768
0,sized3,3,READ,0x30003170000,32768
0,sized3,3,READ,0x30003178000,32768
0,sized3,3,READ,0x30003180000,32768
0,sized3,3,READ,0x30003188000,32768
0,sized3,3,READ,0x30003190000,32768
0,sized3,3,READ,0x30003198000,32768
0,sized3,3,READ,0x300031a0000,32768
0,sized3,3,READ,0x300031a8000,32768
0,sized3,3,READ,0x300031b0000,32768
0,sized3,3,READ,0x300031b8000,32768
0,sized3,3,READ,0x300031c0000,32768
0,sized3,3,READ,0x300031c8000,32768
0,sized3,3,READ,0x300031d0000,32768
0,sized3,3,READ,0x300031d8000,32768
0,sized3,3,READ,0x300031e0000,32768
0,sized3,3,READ,0x300031e8000,32768
0,sized3,3,READ,0x300031f0000,32768
0,sized3,3,READ,0x300031f8000,32768
0,sized3,3,READ,0x30003200000,32768
0,sized3,3,READ,0x30003208000,32768
0,sized3,3,READ,0x30003210000,32768
0,sized3,3,READ,0x30003218000,32768
0,sized3,3,READ,0x30003220000,32768
0,sized3,3,READ,0x30003228000,32768
0,sized3,3,READ,0x30003230000,32768
0,sized3,3,READ,0x30003238000,32768
0,sized3,3,READ,0x30003240000,32768
0,sized3,3,READ,0x30003248000,32768
0,sized3,3,READ,0x30003250000,32768
0,sized3,3,READ,0x30003258000,32768
0,sized3,3,READ,0x30003260000,32768
0,sized3,3,READ,0x30003268000,32768
0,sized3,3,READ,0x30003270000,32768
0,sized3,3,READ,0x30003278000,32768
0,sized3,3,READ,0x30003280000,32768
0,sized3,3,READ,0x30003288000,32768
0,sized3,3,READ,0x30003290000,32768
0,sized3,3,READ,0x30003298000,32768
0,sized3,3,READ,0x300032a0000,32768
0,sized3,3,READ,0x300032a8000,32768
0,sized3,3,READ,0x300032b0000,32768
0,sized3,3,READ,0x300032b8000,32768
0,sized3,3,READ,0x300032c0000,32768
0,sized3,3,READ,0x300032c8000,32768
0,sized3,3,READ,0x300032d0000,32768
0,sized3,3,READ,0x300032d8000,32768
0,sized3,3,READ,0x300032e0000,32768
0,sized3,3,READ,0x300032e8000,32768
0,sized3,3,READ,0x300032f0000,32768
0,sized3,3,READ,0x300032f8000,32768
0,sized3,3,READ,0x30003300000,32768
0,sized3,3,READ,0x30003308000,32768
0,sized3,3,READ,0x30003310000,32768
0,sized3,3,READ,0x30003318000,32768
0,sized3,3,READ,0x30003320000,32768
0,sized3,3,READ,0x30003328000,32768
0,sized3,3,READ,0x30003330000,32768
0,sized3,3,READ,0x30003338000,32768
0,sized3,3,READ,0x30003340000,32768
0,sized3,3,READ,0x30003348000,32768
0,sized3,3,READ,0x30003350000,32768
0,sized3,3,READ,0x30003358000,32768
0,sized3,3,READ,0x30003360000,32768
0,sized3,3,READ,0x30003368000,32768
0,sized3,3,READ,0x30003370000,32768
0,sized3,3,READ,0x30003378000,32768
0,sized3,3,READ,0x30003380000,32768
0,sized3,3,READ,0x30003388000,32768
0,sized3,3,READ,0x30003390000,32768
0,sized3,3,READ,0x30003398000,32768
0,sized3,3,READ,0x300033a0000,32768
0,sized3,3,READ,0x300033a8000,32768
0,sized3,3,READ,0x300033b0000,32768
0,sized3,3,READ,0x300033b8000,32768
0,sized3,3,READ,0x300033c0000,32768
0,sized3,3,READ,0x300033c8000,32768
0,sized3,3,READ,0x300033d0000,32768
0,sized3,3,READ,0x300033d8000,32768
0,sized3,3,READ,0x300033e0000,32768
0,sized3,3,READ,0x300033e8000,32768
0,sized3,3,READ,0x300033f0000,32768
0,sized3,3,READ,0x300033f8000,32768
0,sized3,3,READ,0x30003400000,32768
0,sized3,3,READ,0x30003408000,32768
0,sized3,3,READ,0x30003410000,32768
0,sized3,3,READ,0x30003418000,32768
0,sized3,3,READ,0x30003420000,32768
0,sized3,3,READ,0x30003428000,32768
0,sized3,3,READ,0x30003430000,32768
0,sized3,3,READ,0x30003438000,32768
0,sized3,3,READ,0x30003440000,32768
0,sized3,3,READ,0x30003448000,32768
0,sized3,3,READ,0x30003450000,32768
0,sized3,3,READ,0x30003458000,32768
0,sized3,3,READ,0x30003460000,32768
0,sized3,3,READ,0x30003468000,32768
0,sized3,3,READ,0x30003470000,32768
0,sized3,3,READ,0x30003478000,32768
0,sized3,3,READ,0x30003480000,32768
0,sized3,3,READ,0x30003488000,32768
0,sized3,3,READ,0x30003490000,32768
0,sized3,3,READ,0x30003498000,32768
0,sized3,3,READ,0x300034a0000,32768
0,sized3,3,READ,0x300034a8000,32768
0,sized3,3,READ,0x300034b0000,32768
0,sized3,3,READ,0x300034b8000,32768
0,sized3,3,READ,0x300034c0000,32768
0,sized3,3,READ,0x300034c8000,32768
0,sized3,3,READ,0x300034d0000,32768
0,sized3,3,READ,0x300034d8000,32768
0,sized3,3,READ,0x300034e0000,32768
0,sized3,3,READ,0x300034e8000,32768
0,sized3,3,READ,0x300034f0000,32768
0,sized3,3,READ,0x300034f8000,32768
0,sized3,3,READ,0x30003500000,32768
0,sized3,3,READ,0x30003508000,32768
0,sized3,3,READ,0x30003510000,32768
0,sized3,3,READ,0x30003518000,32768
0,sized3,3,READ,0x30003520000,32768
0,sized3,3,READ,0x30003528000,32768
0,sized3,3,READ,0x30003530000,32768
0,sized3,3,READ,0x30003538000,32768
0,sized3,3,READ,0x30003540000,32768
0,sized3,3,READ,0x30003548000,32768
0,sized3,3,READ,0x30003550000,32768
0,sized3,3,READ,0x30003558000,32768
0,sized3,3,READ,0x30003560000,32768
0,sized3,3,READ,0x30003568000,32768
0,sized3,3,READ,0x30003570000,32768
0,sized3,3,READ,0x30003578000,32768
0,sized3,3,READ,0x30003580000,32768
0,sized3,3,READ,0x30003588000,32768
0,sized3,3,READ,0x30003590000,32768
0,sized3,3,READ,0x30003598000,32768
0,sized3,3,READ,0x300035a0000,32768
0,sized3,3,READ,0x300035a8000,32768
0,sized3,3,READ,0x300035b0000,32768
0,sized3,3,READ,0x300035b8000,32768
0,sized3,3,READ,0x300035c0000,32768
0,sized3,3,READ,0x300035c8000,32768
0,sized3,3,READ,0x300035d0000,32768
0,sized3,3,READ,0x300035d8000,32768
0,sized3,3,READ,0x300035e0000,32768
0,sized3,3,READ,0x300035e8000,32768
0,sized3,3,READ,0x300035f0000,32768
0,sized3,3,READ,0x300035f8000,32768
0,sized3,3,READ,0x30003600000,32768
0,sized3,3,READ,0x30003608000,32768
0,sized3,3,READ,0x30003610000,32768
0,sized3,3,READ,0x30003618000,32768
0,sized3,3,READ,0x30003620000,32768
0,sized3,3,READ,0x30003628000,32768
0,sized3,3,READ,0x30003630000,32768
0,sized3,3,READ,0x30003638000,32768
0,sized3,3,READ,0x30003640000,32768
0,sized3,3,READ,0x30003648000,32768
0,sized3,3,READ,0x30003650000,32768
0,sized3,3,READ,0x30003658000,32768
0,sized3,3,READ,0x30003660000,32768
0,sized3,3,READ,0x30003668000,32768
0,sized3,3,READ,0x30003670000,32768
0,sized3,3,READ,0x30003678000,32768
0,sized3,3,READ,0x30003680000,32768
0,sized3,3,READ,0x30003688000,32768
0,sized3,3,READ,0x30003690000,32768
0,sized3,3,READ,0x30003698000,32768
0,sized3,3,READ,0x300036a0000,32768
0,sized3,3,READ,0x300036a8000,32768
0,sized3,3,READ,0x300036b0000,32768
0,sized3,3,READ,0x300036b8000,32768
0,sized3,3,READ,0x300036c0000,32768
0,sized3,3,READ,0x300036c8000,32768
0,sized3,3,READ,0x300036d0000,32768
0,sized3,3,READ,0x300036d8000,32768
0,sized3,3,READ,0x300036e0000,32768
0,sized3,3,READ,0x300036e8000,32768
0,sized3,3,READ,0x300036f0000,32768
0,sized3,3,READ,0x300036f8000,32768
0,sized3,3,READ,0x30003700000,32768
0,sized3,3,READ,0x30003708000,32768
0,sized3,3,READ,0x30003710000,32768
0,sized3,3,READ,0x30003718000,32768
0,sized3,3,READ,0x30003720000,32768
0,sized3,3,READ,0x30003728000,32768
0,sized3,3,READ,0x30003730000,32768
0,sized3,3,READ,0x30003738000,32768
0,sized3,3,READ,0x30003740000,32768
0,sized3,3,READ,0x30003748000,32768
0,sized3,3,READ,0x30003750000,32768
0,sized3,3,READ,0x30003758000,32768
0,sized3,3,READ,0x30003760000,32768
0,sized3,3,READ,0x30003768000,32768
0,sized3,3,READ,0x30003770000,32768
0,sized3,3,READ,0x30003778000,32768
0,sized3,3,READ,0x30003780000,32768
0,sized3,3,READ,0x30003788000,32768
0,sized3,3,READ,0x30003790000,32768
0,sized3,3,READ,0x30003798000,32768
0,sized3,3,READ,0x300037a0000,32768
0,sized3,3,READ,0x300037a8000,32768
0,sized3,3,READ,0x300037b0000,32768
0,sized3,3,READ,0x300037b8000,32768
0,sized3,3,READ,0x300037c0000,32768
0,sized3,3,READ,0x300037c8000,32768
0,sized3,3,READ,0x300037d0000,32768
0,sized3,3,READ,0x300037d8000,32768
0,sized3,3,READ,0x300037e0000,32768
0,sized3,3,READ,0x300037e8000,32768
0,sized3,3,READ,0x300037f0000,32768
0,sized3,3,READ,0x300037f8000,32768
0,sized3,3,READ,0x30003800000,32768
0,sized3,3,READ,0x30003808000,32768
0,sized3,3,READ,0x30003810000,32768
0,sized3,3,READ,0x30003818000,32768
0,sized3,3,READ,0x30003820000,32768
0,sized3,3,READ,0x30003828000,32768
0,sized3,3,READ,0x30003830000,32768
0,sized3,3,READ,0x30003838000,32768
0,sized3,3,READ,0x30003840000,32768
0,sized3,3,READ,0x30003848000,32768
0,sized3,3,READ,0x30003850000,32768
0,sized3,3,READ,0x30003858000,32768
0,sized3,3,READ,0x30003860000,32768
0,sized3,3,READ,0x30003868000,32768
0,sized3,3,READ,0x30003870000,32768
0,sized3,3,READ,0x30003878000,32768
0,sized3,3,READ,0x30003880000,32768
0,sized3,3,READ,0x30003888000,32768
0,sized3,3,READ,0x30003890000,32768
0,sized3,3,READ,0x30003898000,32768
0,sized3,3,READ,0x300038a0000,32768
0,sized3,3,READ,0x300038a8000,32768
0,sized3,3,READ,0x300038b0000,32768
0,sized3,3,READ,0x300038b8000,32768
0,sized3,3,READ,0x300038c0000,32768
0,sized3,3,READ,0x300038c8000,32768
0,sized3,3,READ,0x300038d0000,32768
0,sized3,3,READ,0x300038d8000,32768
0,sized3,3,READ,0x300038e0000,32768
0,sized3,3,READ,0x300038e8000,32768
0,sized3,3,READ,0x300038f0000,32768
0,sized3,3,READ,0x300038f8000,32768
0,sized3,3,READ,0x30003900000,32768
0,sized3,3,READ,0x30003908000,32768
0,sized3,3,READ,0x30003910000,32768
0,sized3,3,READ,0x30003918000,32768
0,sized3,3,READ,0x30003920000,32768
0,sized3,3,READ,0x30003928000,32768
0,sized3,3,READ,0x30003930000,32768
0,sized3,3,READ,0x30003938000,32768
0,sized3,3,READ,0x30003940000,32768
0,sized3,3,READ,0x30003948000,32768
0,sized3,3,READ,0x30003950000,32768
0,sized3,3,READ,0x30003958000,32768
0,sized3,3,READ,0x30003960000,32768
0,sized3,3,READ,0x30003968000,32768
0,sized3,3,READ,0x30003970000,32768
0,sized3,3,READ,0x30003978000,32768
0,sized3,3,READ,0x30003980000,32768
0,sized3,3,READ,0x30003988000,32768
0,sized3,3,READ,0x30003990000,32768
0,sized3,3,READ,0x30003998000,32768
0,sized3,3,READ,0x300039a0000,32768
0,sized3,3,READ,0x300039a8000,32768
0,sized3,3,READ,0x300039b0000,32768
0,sized3,3,READ,0x300039b8000,32768
0,sized3,3,READ,0x300039c0000,32768
0,sized3,3,READ,0x300039c8000,32768
0,sized3,3,READ,0x300039d0000,32768
0,sized3,3,READ,0x300039d8000,32768
0,sized3,3,READ,0x300039e0000,32768
0,sized3,3,READ,0x300039e8000,32768
0,sized3,3,READ,0x300039f0000,32768
0,sized3,3,READ,0x300039f8000,32768
0,sized3,3,READ,0x30003a00000,32768
0,sized3,3,READ,0x30003a08000,32768
0,sized3,3,READ,0x30003a10000,32768
0,sized3,3,READ,0x30003a18000,32768
0,sized3,3,READ,0x30003a20000,32768
0,sized3,3,READ,0x30003a28000,32768
0,sized3,3,READ,0x30003a30000,32768
0,sized3,3,READ,0x30003a38000,32768
0,sized3,3,READ,0x30003a40000,32768
0,sized3,3,READ,0x30003a48000,32768
0,sized3,3,READ,0x30003a50000,32768
0,sized3,3,READ,0x30003a58000,32768
0,sized3,3,READ,0x30003a60000,32768
0,sized3,3,READ,0x30003a68000,32768
0,sized3,3,READ,0x30003a70000,32768
0,sized3,3,READ,0x30003a78000,32768
0,sized3,3,READ,0x30003a80000,32768
0,sized3,3,READ,0x30003a88000,32768
0,sized3,3,READ,0x30003a90000,32768
0,sized3,3,READ,0x30003a98000,32768
0,sized3,3,READ,0x30003aa0000,32768
0,sized3,3,READ,0x30003aa8000,32768
0,sized3,3,READ,0x30003ab0000,32768
0,sized3,3,READ,0x30003ab8000,32768
0,sized3,3,READ,0x30003ac0000,32768
0,sized3,3,READ,0x30003ac8000,32768
0,sized3,3,READ,0x30003ad0000,32768
0,sized3,3,READ,0x30003ad8000,32768
0,sized3,3,READ,0x30003ae0000,32768
0,sized3,3,READ,0x30003ae8000,32768
0,sized3,3,READ,0x30003af0000,32768
0,sized3,3,READ,0x30003af8000,32768
0,sized3,3,READ,0x30003b00000,32768
0,sized3,3,READ,0x30003b08000,32768
0,sized3,3,READ,0x30003b10000,32768
0,sized3,3,READ,0x30003b18000,32768
0,sized3,3,READ,0x30003b20000,32768
0,sized3,3,READ,0x30003b28000,32768
0,sized3,3,READ,0x30003b30000,32768
0,sized3,3,READ,0x30003b38000,32768
0,sized3,3,READ,0x30003b40000,32768
0,sized3,3,READ,0x30003b48000,32768
0,sized3,3,READ,0x30003b50000,32768
0,sized3,3,READ,0x30003b58000,32768
0,sized3,3,READ,0x30003b60000,32768
0,sized3,3,READ,0x30003b68000,32768
0,sized3,3,READ,0x30003b70000,32768
0,sized3,3,READ,0x30003b78000,32768
0,sized3,3,READ,0x30003b80000,32768
0,sized3,3,READ,0x30003b88000,32768
0,sized3,3,READ,0x30003b90000,32768
0,sized3,3,READ,0x30003b98000,32768
0,sized3,3,READ,0x30003ba0000,32768
0,sized3,3,READ,0x30003ba8000,32768
0,sized3,3,READ,0x30003bb0000,32768
0,sized3,3,READ,0x30003bb8000,32768
0,sized3,3,READ,0x30003bc0000,32768
0,sized3,3,READ,0x30003bc8000,32768
0,sized3,3,READ,0x30003bd0000,32768
0,sized3,3,READ,0x30003bd8000,32768
0,sized3,3,READ,0x30003be0000,32768
0,sized3,3,READ,0x30003be8000,32768
0,sized3,3,READ,0x30003bf0000,32768
0,sized3,3,READ,0x30003bf8000,32768
0,sized3,3,READ,0x30003c00000,32768
0,sized3,3,READ,0x30003c08000,32768
0,sized3,3,READ,0x30003c10000,32768
0,sized3,3,READ,0x30003c18000,32768
0,sized3,3,READ,0x30003c20000,32768
0,sized3,3,READ,0x30003c28000,32768
0,sized3,3,READ,0x30003c30000,32768
0,sized3,3,READ,0x30003c38000,32768
0,sized3,3,READ,0x30003c40000,32768
0,sized3,3,READ,0x30003c48000,32768
0,sized3,3,READ,0x30003c50000,32768
0,sized3,3,READ,0x30003c58000,32768
0,sized3,3,READ,0x30003c60000,32768
0,sized3,3,READ,0x30003c68000,32768
0,sized3,3,READ,0x30003c70000,32768
0,sized3,3,READ,0x30003c78000,32768
0,sized3,3,READ,0x30003c80000,32768
0,sized3,3,READ,0x30003c88000,32768
0,sized3,3,READ,0x30003c90000,32768
0,sized3,3,READ,0x30003c98000,32768
0,sized3,3,READ,0x30003ca0000,32768
0,sized3,3,READ,0x30003ca8000,32768
0,sized3,3,READ,0x30003cb0000,32768
0,sized3,3,READ,0x30003cb8000,32768
0,sized3,3,READ,0x30003cc0000,32768
0,sized3,3,READ,0x30003cc8000,32768
0,sized3,3,READ,0x30003cd0000,32768
0,sized3,3,READ,0x30003cd8000,32768
0,sized3,3,READ,0x30003ce0000,32768
0,sized3,3,READ,0x30003ce8000,32768
0,sized3,3,READ,0x30003cf0000,32768
0,sized3,3,READ,0x30003cf8000,32768
0,sized3,3,READ,0x30003d00000,32768
0,sized3,3,READ,0x30003d08000,32768
0,sized3,3,READ,0x30003d10000,32768
0,sized3,3,READ,0x30003d18000,32768
0,sized3,3,READ,0x30003d20000,32768
0,sized3,3,READ,0x30003d28000,32768
0,sized3,3,READ,0x30003d30000,32768
0,sized3,3,READ,0x30003d38000,32768
0,sized3,3,READ,0x30003d40000,32768
0,sized3,3,READ,0x30003d48000,32768
0,sized3,3,READ,0x30003d50000,32768
0,sized3,3,READ,0x30003d58000,32768
0,sized3,3,READ,0x30003d60000,32768
0,sized3,3,READ,0x30003d68000,32768
0,sized3,3,READ,0x30003d70000,32768
0,sized3,3,READ,0x30003d78000,32768
0,sized3,3,READ,0x30003d80000,32768
0,sized3,3,READ,0x30003d88000,32768
0,sized3,3,READ,0x30003d90000,32768
0,sized3,3,READ,0x30003d98000,32768
0,sized3,3,READ,0x30003da0000,32768
0,sized3,3,READ,0x30003da8000,32768
0,sized3,3,READ,0x30003db0000,32768
0,sized3,3,READ,0x30003db8000,32768
0,sized3,3,READ,0x30003dc0000,32768
0,sized3,3,READ,0x30003dc8000,32768
0,sized3,3,READ,0x30003dd0000,32768
0,sized3,3,READ,0x30003dd8000,32768
0,sized3,3,READ,0x30003de0000,32768
0,sized3,3,READ,0x30003de8000,32768
0,sized3,3,READ,0x30003df0000,32768
0,sized3,3,READ,0x30003df8000,32768
0,sized3,3,READ,0x30003e00000,32768
0,sized3,3,READ,0x30003e08000,32768
0,sized3,3,READ,0x30003e10000,32768
0,sized3,3,READ,0x30003e18000,32768
0,sized3,3,READ,0x30003e20000,32768
0,sized3,3,READ,0x30003e28000,32768
0,sized3,3,READ,0x30003e30000,32768
0,sized3,3,READ,0x30003e38000,32768
0,sized3,3,READ,0x30003e40000,32768
0,sized3,3,READ,0x30003e48000,32768
0,sized3,3,READ,0x30003e50000,32768
0,sized3,3,READ,0x30003e58000,32768
0,sized3,3,READ,0x30003e60000,32768
0,sized3,3,READ,0x30003e68000,32768
0,sized3,3,READ,0x30003e70000,32768
0,sized3,3,READ,0x30003e78000,32768
