timestamp,process_id,user_id,type,address,size
10,u0,0,WRITE,0x0,4096
15,u1,1,READ,0x10000000000,4096
20,u0,0,READ,0x1000,4096
25,u1,1,WRITE,0x10000001000,4096
30,u0,0,READ,0x2000,4096
37,u1,1,WRITE,0x10000002000,4096
45,u0,0,READ,0x3000,4096
45,u1,1,READ,0x10000003000,4096
53,u0,0,READ,0x4000,4096
59,u1,1,WRITE,0x10000004000,4096
64,u0,0,READ,0x5000,4096
71,u1,1,WRITE,0x10000005000,4096
76,u0,0,READ,0x6000,4096
80,u1,1,READ,0x10000006000,4096
88,u1,1,READ,0x10000007000,4096
90,u0,0,WRITE,0x7000,4096
97,u1,1,READ,0x10000008000,4096
99,u0,0,READ,0x8000,4096
106,u1,1,READ,0x10000009000,4096
109,u3,3,WRITE,0x30000000000,262144
113,u0,0,READ,0x9000,4096
115,u2,2,READ,0x20000000000,262144
117,u1,1,READ,0x1000000a000,4096
125,u0,0,WRITE,0xa000,4096
128,u1,1,WRITE,0x1000000b000,4096
138,u0,0,READ,0xb000,4096
141,u1,1,WRITE,0x1000000c000,4096
149,u0,0,READ,0xc000,4096
152,u1,1,WRITE,0x1000000d000,4096
160,u1,1,WRITE,0x1000000e000,4096
161,u0,0,WRITE,0xd000,4096
170,u1,1,WRITE,0x1000000f000,4096
174,u0,0,WRITE,0xe000,4096
180,u1,1,WRITE,0x10000010000,4096
187,u0,0,WRITE,0xf000,4096
189,u1,1,READ,0x10000011000,4096
202,u0,0,WRITE,0x10000,4096
202,u1,1,READ,0x10000012000,4096
204,u3,3,WRITE,0x30000040000,262144
215,u0,0,WRITE,0x11000,4096
215,u1,1,READ,0x10000013000,4096
226,u2,2,WRITE,0x20000040000,262144
229,u1,1,WRITE,0x10000014000,4096
230,u0,0,WRITE,0x12000,4096
238,u0,0,READ,0x13000,4096
239,u1,1,READ,0x10000015000,4096
249,u1,1,READ,0x10000016000,4096
251,u0,0,READ,0x14000,4096
259,u1,1,WRITE,0x10000017000,4096
261,u0,0,WRITE,0x15000,4096
273,u1,1,READ,0x10000018000,4096
276,u0,0,WRITE,0x16000,4096
282,u1,1,READ,0x10000019000,4096
288,u0,0,WRITE,0x17000,4096
292,u1,1,READ,0x1000001a000,4096
300,u0,0,READ,0x18000,4096
300,u1,1,WRITE,0x1000001b000,4096
313,u2,2,READ,0x20000080000,262144
314,u0,0,WRITE,0x19000,4096
314,u1,1,READ,0x1000001c000,4096
322,u1,1,READ,0x1000001d000,4096
323,u3,3,WRITE,0x30000080000,262144
324,u0,0,READ,0x1a000,4096
334,u1,1,READ,0x1000001e000,4096
337,u0,0,READ,0x1b000,4096
342,u1,1,WRITE,0x1000001f000,4096
349,u0,0,WRITE,0x1c000,4096
354,u1,1,WRITE,0x10000020000,4096
362,u0,0,READ,0x1d000,4096
363,u1,1,WRITE,0x10000021000,4096
371,u1,1,READ,0x10000022000,4096
374,u0,0,WRITE,0x1e000,4096
384,u0,0,READ,0x1f000,4096
386,u1,1,READ,0x10000023000,4096
396,u0,0,READ,0x20000,4096
396,u1,1,READ,0x10000024000,4096
407,u1,1,WRITE,0x10000025000,4096
410,u0,0,READ,0x21000,4096
417,u1,1,READ,0x10000026000,4096
419,u3,3,READ,0x300000c0000,262144
425,u0,0,WRITE,0x22000,4096
431,u2,2,READ,0x200000c0000,262144
432,u1,1,READ,0x10000027000,4096
438,u0,0,READ,0x23000,4096
445,u1,1,READ,0x10000028000,4096
449,u0,0,READ,0x24000,4096
456,u1,1,WRITE,0x10000029000,4096
458,u0,0,WRITE,0x25000,4096
470,u1,1,WRITE,0x1000002a000,4096
471,u0,0,WRITE,0x26000,4096
479,u0,0,WRITE,0x27000,4096
485,u1,1,WRITE,0x1000002b000,4096
493,u0,0,READ,0x28000,4096
495,u1,1,WRITE,0x1000002c000,4096
502,u0,0,READ,0x29000,4096
510,u1,1,WRITE,0x1000002d000,4096
515,u0,0,WRITE,0x2a000,4096
518,u1,1,WRITE,0x1000002e000,4096
524,u3,3,READ,0x30000100000,262144
528,u0,0,READ,0x2b000,4096
529,u1,1,WRITE,0x1000002f000,4096
529,u2,2,WRITE,0x20000100000,262144
537,u0,0,WRITE,0x2c000,4096
542,u1,1,WRITE,0x10000030000,4096
548,u0,0,WRITE,0x2d000,4096
553,u1,1,READ,0x10000031000,4096
558,u0,0,WRITE,0x2e000,4096
561,u1,1,READ,0x10000032000,4096
573,u0,0,WRITE,0x2f000,4096
576,u1,1,READ,0x10000033000,4096
587,u0,0,WRITE,0x30000,4096
590,u1,1,WRITE,0x10000034000,4096
598,u0,0,READ,0x31000,4096
602,u1,1,WRITE,0x10000035000,4096
613,u0,0,WRITE,0x32000,4096
615,u2,2,READ,0x20000140000,262144
616,u1,1,READ,0x10000036000,4096
621,u0,0,WRITE,0x33000,4096
627,u1,1,WRITE,0x10000037000,4096
631,u0,0,READ,0x34000,4096
634,u3,3,READ,0x30000140000,262144
640,u0,0,READ,0x35000,4096
642,u1,1,WRITE,0x10000038000,4096
648,u0,0,WRITE,0x36000,4096
655,u1,1,READ,0x10000039000,4096
657,u0,0,WRITE,0x37000,4096
664,u1,1,WRITE,0x1000003a000,4096
672,u0,0,READ,0x38000,4096
676,u1,1,READ,0x1000003b000,4096
685,u0,0,READ,0x39000,4096
689,u1,1,READ,0x1000003c000,4096
694,u0,0,WRITE,0x3a000,4096
704,u1,1,WRITE,0x1000003d000,4096
707,u0,0,READ,0x3b000,4096
708,u2,2,READ,0x20000180000,262144
717,u1,1,WRITE,0x1000003e000,4096
719,u0,0,WRITE,0x3c000,4096
727,u3,3,WRITE,0x30000180000,262144
729,u1,1,WRITE,0x1000003f000,4096
733,u0,0,READ,0x3d000,4096
740,u1,1,READ,0x10000040000,4096
741,u0,0,READ,0x3e000,4096
751,u0,0,READ,0x3f000,4096
751,u1,1,READ,0x10000041000,4096
761,u0,0,READ,0x40000,4096
763,u1,1,WRITE,0x10000042000,4096
773,u1,1,READ,0x10000043000,4096
775,u0,0,READ,0x41000,4096
784,u0,0,WRITE,0x42000,4096
787,u1,1,READ,0x10000044000,4096
789,u2,2,READ,0x200001c0000,262144
795,u0,0,READ,0x43000,4096
797,u1,1,READ,0x10000045000,4096
806,u0,0,READ,0x44000,4096
810,u1,1,READ,0x10000046000,4096
814,u0,0,WRITE,0x45000,4096
823,u1,1,WRITE,0x10000047000,4096
829,u0,0,WRITE,0x46000,4096
837,u1,1,READ,0x10000048000,4096
842,u0,0,READ,0x47000,4096
845,u1,1,READ,0x10000049000,4096
845,u3,3,READ,0x300001c0000,262144
850,u0,0,READ,0x48000,4096
858,u0,0,WRITE,0x49000,4096
860,u1,1,WRITE,0x1000004a000,4096
868,u0,0,WRITE,0x4a000,4096
870,u1,1,WRITE,0x1000004b000,4096
878,u0,0,READ,0x4b000,4096
879,u1,1,WRITE,0x1000004c000,4096
884,u2,2,WRITE,0x20000200000,262144
888,u1,1,WRITE,0x1000004d000,4096
893,u0,0,READ,0x4c000,4096
899,u1,1,READ,0x1000004e000,4096
904,u0,0,WRITE,0x4d000,4096
913,u0,0,READ,0x4e000,4096
913,u1,1,READ,0x1000004f000,4096
923,u1,1,WRITE,0x10000050000,4096
928,u0,0,READ,0x4f000,4096
931,u1,1,READ,0x10000051000,4096
938,u0,0,READ,0x50000,4096
939,u1,1,READ,0x10000052000,4096
949,u0,0,READ,0x51000,4096
954,u1,1,READ,0x10000053000,4096
959,u0,0,READ,0x52000,4096
964,u1,1,READ,0x10000054000,4096
965,u3,3,WRITE,0x30000200000,262144
970,u0,0,WRITE,0x53000,4096
971,u2,2,WRITE,0x20000240000,262144
972,u1,1,WRITE,0x10000055000,4096
980,u0,0,READ,0x54000,4096
986,u1,1,READ,0x10000056000,4096
994,u0,0,READ,0x55000,4096
995,u1,1,READ,0x10000057000,4096
1002,u0,0,READ,0x56000,4096
1009,u1,1,WRITE,0x10000058000,4096
1013,u0,0,READ,0x57000,4096
1018,u1,1,WRITE,0x10000059000,4096
1027,u0,0,WRITE,0x58000,4096
1033,u1,1,WRITE,0x1000005a000,4096
1040,u0,0,WRITE,0x59000,4096
1041,u1,1,WRITE,0x1000005b000,4096
1052,u1,1,WRITE,0x1000005c000,4096
1054,u0,0,WRITE,0x5a000,4096
1057,u3,3,WRITE,0x30000240000,262144
1063,u1,1,WRITE,0x1000005d000,4096
1066,u0,0,READ,0x5b000,4096
1074,u1,1,READ,0x1000005e000,4096
1079,u0,0,READ,0x5c000,4096
1086,u1,1,READ,0x1000005f000,4096
1090,u2,2,READ,0x20000280000,262144
1093,u0,0,READ,0x5d000,4096
1101,u1,1,WRITE,0x10000060000,4096
1103,u0,0,WRITE,0x5e000,4096
1113,u1,1,READ,0x10000061000,4096
1114,u0,0,READ,0x5f000,4096
1121,u1,1,READ,0x10000062000,4096
1129,u0,0,WRITE,0x60000,4096
1135,u1,1,READ,0x10000063000,4096
1139,u0,0,READ,0x61000,4096
1147,u3,3,WRITE,0x30000280000,262144
1148,u1,1,READ,0x10000064000,4096
1152,u0,0,READ,0x62000,4096
1160,u0,0,WRITE,0x63000,4096
1163,u1,1,READ,0x10000065000,4096
1173,u0,0,WRITE,0x64000,4096
1177,u1,1,READ,0x10000066000,4096
1187,u0,0,WRITE,0x65000,4096
1187,u1,1,WRITE,0x10000067000,4096
1193,u2,2,READ,0x200002c0000,262144
1195,u0,0,READ,0x66000,4096
1195,u1,1,WRITE,0x10000068000,4096
1203,u0,0,READ,0x67000,4096
1210,u1,1,WRITE,0x10000069000,4096
1212,u0,0,WRITE,0x68000,4096
1218,u1,1,WRITE,0x1000006a000,4096
1222,u0,0,READ,0x69000,4096
1231,u0,0,WRITE,0x6a000,4096
1232,u1,1,READ,0x1000006b000,4096
1245,u1,1,WRITE,0x1000006c000,4096
1246,u0,0,WRITE,0x6b000,4096
1257,u0,0,WRITE,0x6c000,4096
1260,u1,1,READ,0x1000006d000,4096
1263,u3,3,WRITE,0x300002c0000,262144
1268,u0,0,READ,0x6d000,4096
1272,u1,1,READ,0x1000006e000,4096
1279,u0,0,WRITE,0x6e000,4096
1286,u1,1,READ,0x1000006f000,4096
1290,u0,0,WRITE,0x6f000,4096
1294,u1,1,WRITE,0x10000070000,4096
1301,u0,0,READ,0x70000,4096
1304,u2,2,WRITE,0x20000300000,262144
1308,u1,1,WRITE,0x10000071000,4096
1314,u0,0,READ,0x71000,4096
1322,u1,1,WRITE,0x10000072000,4096
1326,u0,0,WRITE,0x72000,4096
1331,u1,1,WRITE,0x10000073000,4096
1339,u0,0,WRITE,0x73000,4096
1342,u1,1,WRITE,0x10000074000,4096
1353,u0,0,READ,0x74000,4096
1357,u1,1,READ,0x10000075000,4096
1361,u0,0,WRITE,0x75000,4096
1365,u1,1,WRITE,0x10000076000,4096
1373,u0,0,READ,0x76000,4096
1375,u1,1,READ,0x10000077000,4096
1375,u3,3,WRITE,0x30000300000,262144
1382,u0,0,WRITE,0x77000,4096
1388,u1,1,READ,0x10000078000,4096
1393,u0,0,READ,0x78000,4096
1403,u1,1,WRITE,0x10000079000,4096
1405,u0,0,READ,0x79000,4096
1412,u1,1,WRITE,0x1000007a000,4096
1415,u2,2,READ,0x20000340000,262144
1417,u0,0,READ,0x7a000,4096
1424,u1,1,READ,0x1000007b000,4096
1430,u0,0,WRITE,0x7b000,4096
1438,u1,1,WRITE,0x1000007c000,4096
1443,u0,0,WRITE,0x7c000,4096
1451,u0,0,READ,0x7d000,4096
1453,u1,1,READ,0x1000007d000,4096
1459,u0,0,READ,0x7e000,4096
1466,u1,1,WRITE,0x1000007e000,4096
1468,u0,0,READ,0x7f000,4096
1468,u3,3,WRITE,0x30000340000,262144
1479,u1,1,READ,0x1000007f000,4096
1480,u0,0,WRITE,0x80000,4096
1487,u1,1,READ,0x10000080000,4096
1488,u0,0,WRITE,0x81000,4096
1497,u0,0,READ,0x82000,4096
1498,u1,1,READ,0x10000081000,4096
1502,u2,2,WRITE,0x20000380000,262144
1508,u0,0,READ,0x83000,4096
1508,u1,1,READ,0x10000082000,4096
1521,u1,1,READ,0x10000083000,4096
1522,u0,0,WRITE,0x84000,4096
1531,u1,1,WRITE,0x10000084000,4096
1533,u0,0,READ,0x85000,4096
1543,u1,1,WRITE,0x10000085000,4096
1547,u0,0,READ,0x86000,4096
1557,u1,1,WRITE,0x10000086000,4096
1558,u0,0,READ,0x87000,4096
1568,u3,3,READ,0x30000380000,262144
1571,u1,1,WRITE,0x10000087000,4096
1573,u0,0,WRITE,0x88000,4096
1580,u1,1,WRITE,0x10000088000,4096
1586,u0,0,WRITE,0x89000,4096
1593,u1,1,WRITE,0x10000089000,4096
1597,u0,0,READ,0x8a000,4096
1601,u1,1,READ,0x1000008a000,4096
1605,u0,0,READ,0x8b000,4096
1613,u1,1,WRITE,0x1000008b000,4096
1617,u0,0,READ,0x8c000,4096
1618,u2,2,READ,0x200003c0000,262144
1624,u1,1,READ,0x1000008c000,4096
1629,u0,0,READ,0x8d000,4096
1635,u1,1,WRITE,0x1000008d000,4096
1644,u0,0,READ,0x8e000,4096
1650,u1,1,READ,0x1000008e000,4096
1654,u0,0,READ,0x8f000,4096
1659,u1,1,READ,0x1000008f000,4096
1663,u3,3,WRITE,0x300003c0000,262144
1669,u0,0,READ,0x90000,4096
1673,u1,1,READ,0x10000090000,4096
1681,u0,0,READ,0x91000,4096
1684,u1,1,WRITE,0x10000091000,4096
1690,u0,0,WRITE,0x92000,4096
1692,u1,1,WRITE,0x10000092000,4096
1702,u1,1,WRITE,0x10000093000,4096
1703,u0,0,WRITE,0x93000,4096
1713,u0,0,WRITE,0x94000,4096
1713,u1,1,WRITE,0x10000094000,4096
1724,u0,0,WRITE,0x95000,4096
1725,u1,1,READ,0x10000095000,4096
1729,u2,2,WRITE,0x20000400000,262144
1734,u1,1,WRITE,0x10000096000,4096
1739,u0,0,READ,0x96000,4096
1743,u1,1,WRITE,0x10000097000,4096
1752,u0,0,READ,0x97000,4096
1755,u1,1,WRITE,0x10000098000,4096
1761,u0,0,READ,0x98000,4096
1762,u3,3,WRITE,0x30000400000,262144
1768,u1,1,READ,0x10000099000,4096
1776,u0,0,READ,0x99000,4096
1783,u1,1,WRITE,0x1000009a000,4096
1789,u0,0,WRITE,0x9a000,4096
1791,u1,1,WRITE,0x1000009b000,4096
1804,u0,0,WRITE,0x9b000,4096
1806,u1,1,READ,0x1000009c000,4096
1814,u2,2,READ,0x20000440000,262144
1815,u0,0,WRITE,0x9c000,4096
1820,u1,1,READ,0x1000009d000,4096
1826,u0,0,READ,0x9d000,4096
1835,u0,0,WRITE,0x9e000,4096
1835,u1,1,READ,0x1000009e000,4096
1846,u1,1,READ,0x1000009f000,4096
1848,u0,0,WRITE,0x9f000,4096
1857,u0,0,WRITE,0xa0000,4096
1857,u1,1,WRITE,0x100000a0000,4096
1862,u3,3,READ,0x30000440000,262144
1868,u0,0,READ,0xa1000,4096
1870,u1,1,READ,0x100000a1000,4096
1877,u0,0,READ,0xa2000,4096
1881,u1,1,READ,0x100000a2000,4096
1888,u0,0,WRITE,0xa3000,4096
1890,u1,1,WRITE,0x100000a3000,4096
1902,u0,0,READ,0xa4000,4096
1903,u1,1,READ,0x100000a4000,4096
1903,u2,2,WRITE,0x20000480000,262144
1911,u1,1,READ,0x100000a5000,4096
1917,u0,0,READ,0xa5000,4096
1922,u1,1,READ,0x100000a6000,4096
1929,u0,0,WRITE,0xa6000,4096
1937,u0,0,READ,0xa7000,4096
1937,u1,1,READ,0x100000a7000,4096
1949,u0,0,WRITE,0xa8000,4096
1951,u1,1,WRITE,0x100000a8000,4096
1962,u0,0,WRITE,0xa9000,4096
1964,u1,1,WRITE,0x100000a9000,4096
1965,u3,3,READ,0x30000480000,262144
1975,u0,0,WRITE,0xaa000,4096
1975,u1,1,WRITE,0x100000aa000,4096
1985,u1,1,READ,0x100000ab000,4096
1988,u0,0,READ,0xab000,4096
1992,u2,2,READ,0x200004c0000,262144
1999,u1,1,READ,0x100000ac000,4096
2003,u0,0,WRITE,0xac000,4096
2014,u1,1,READ,0x100000ad000,4096
2017,u0,0,WRITE,0xad000,4096
2025,u0,0,WRITE,0xae000,4096
2028,u1,1,READ,0x100000ae000,4096
2039,u0,0,READ,0xaf000,4096
2041,u1,1,WRITE,0x100000af000,4096
2047,u0,0,READ,0xb0000,4096
2050,u1,1,WRITE,0x100000b0000,4096
2058,u1,1,WRITE,0x100000b1000,4096
2060,u0,0,READ,0xb1000,4096
2070,u0,0,READ,0xb2000,4096
2070,u1,1,READ,0x100000b2000,4096
2077,u3,3,READ,0x300004c0000,262144
2078,u1,1,WRITE,0x100000b3000,4096
2080,u0,0,READ,0xb3000,4096
2090,u0,0,WRITE,0xb4000,4096
2090,u1,1,WRITE,0x100000b4000,4096
2092,u2,2,WRITE,0x20000500000,262144
2101,u1,1,WRITE,0x100000b5000,4096
2104,u0,0,WRITE,0xb5000,4096
2111,u1,1,READ,0x100000b6000,4096
2113,u0,0,READ,0xb6000,4096
2126,u1,1,READ,0x100000b7000,4096
2127,u0,0,WRITE,0xb7000,4096
2135,u0,0,WRITE,0xb8000,4096
2138,u1,1,WRITE,0x100000b8000,4096
2143,u0,0,WRITE,0xb9000,4096
2149,u1,1,WRITE,0x100000b9000,4096
2154,u0,0,READ,0xba000,4096
2162,u0,0,WRITE,0xbb000,4096
2163,u1,1,READ,0x100000ba000,4096
2163,u3,3,WRITE,0x30000500000,262144
2171,u0,0,WRITE,0xbc000,4096
2177,u1,1,WRITE,0x100000bb000,4096
2179,u0,0,WRITE,0xbd000,4096
2187,u2,2,WRITE,0x20000540000,262144
2188,u0,0,WRITE,0xbe000,4096
2191,u1,1,WRITE,0x100000bc000,4096
2196,u0,0,READ,0xbf000,4096
2199,u1,1,WRITE,0x100000bd000,4096
2207,u0,0,WRITE,0xc0000,4096
2214,u1,1,WRITE,0x100000be000,4096
2222,u0,0,WRITE,0xc1000,4096
2225,u1,1,WRITE,0x100000bf000,4096
2232,u0,0,WRITE,0xc2000,4096
2234,u1,1,WRITE,0x100000c0000,4096
2245,u0,0,WRITE,0xc3000,4096
2246,u1,1,READ,0x100000c1000,4096
2257,u1,1,READ,0x100000c2000,4096
2259,u3,3,READ,0x30000540000,262144
2260,u0,0,READ,0xc4000,4096
2265,u1,1,WRITE,0x100000c3000,4096
2275,u0,0,WRITE,0xc5000,4096
2277,u1,1,WRITE,0x100000c4000,4096
2283,u0,0,READ,0xc6000,4096
2289,u1,1,WRITE,0x100000c5000,4096
2290,u2,2,READ,0x20000580000,262144
2298,u0,0,READ,0xc7000,4096
2301,u1,1,READ,0x100000c6000,4096
2311,u1,1,READ,0x100000c7000,4096
2312,u0,0,WRITE,0xc8000,4096
2321,u0,0,READ,0xc9000,4096
2326,u1,1,READ,0x100000c8000,4096
2334,u0,0,READ,0xca000,4096
2338,u1,1,READ,0x100000c9000,4096
2348,u0,0,READ,0xcb000,4096
2348,u1,1,READ,0x100000ca000,4096
2356,u0,0,WRITE,0xcc000,4096
2362,u1,1,READ,0x100000cb000,4096
2368,u3,3,WRITE,0x30000580000,262144
2371,u0,0,READ,0xcd000,4096
2375,u1,1,READ,0x100000cc000,4096
2384,u0,0,WRITE,0xce000,4096
2385,u1,1,WRITE,0x100000cd000,4096
2393,u2,2,READ,0x200005c0000,262144
2397,u0,0,READ,0xcf000,4096
2397,u1,1,WRITE,0x100000ce000,4096
2406,u0,0,WRITE,0xd0000,4096
2412,u1,1,READ,0x100000cf000,4096
2416,u0,0,READ,0xd1000,4096
2421,u1,1,WRITE,0x100000d0000,4096
2429,u0,0,WRITE,0xd2000,4096
2432,u1,1,WRITE,0x100000d1000,4096
2438,u0,0,WRITE,0xd3000,4096
2444,u1,1,READ,0x100000d2000,4096
2451,u0,0,READ,0xd4000,4096
2452,u1,1,READ,0x100000d3000,4096
2462,u1,1,WRITE,0x100000d4000,4096
2466,u0,0,WRITE,0xd5000,4096
2469,u3,3,READ,0x300005c0000,262144
2470,u1,1,READ,0x100000d5000,4096
2476,u0,0,READ,0xd6000,4096
2484,u0,0,READ,0xd7000,4096
2484,u1,1,WRITE,0x100000d6000,4096
2493,u0,0,READ,0xd8000,4096
2493,u1,1,WRITE,0x100000d7000,4096
2500,u2,2,READ,0x20000600000,262144
2501,u1,1,WRITE,0x100000d8000,4096
2505,u0,0,WRITE,0xd9000,4096
2514,u1,1,WRITE,0x100000d9000,4096
2519,u0,0,WRITE,0xda000,4096
2529,u1,1,READ,0x100000da000,4096
2530,u0,0,READ,0xdb000,4096
2539,u0,0,WRITE,0xdc000,4096
2544,u1,1,READ,0x100000db000,4096
2548,u0,0,READ,0xdd000,4096
2553,u1,1,READ,0x100000dc000,4096
2563,u0,0,READ,0xde000,4096
2564,u1,1,WRITE,0x100000dd000,4096
2574,u1,1,WRITE,0x100000de000,4096
2578,u0,0,WRITE,0xdf000,4096
2588,u1,1,WRITE,0x100000df000,4096
2589,u3,3,READ,0x30000600000,262144
2590,u0,0,READ,0xe0000,4096
2601,u0,0,READ,0xe1000,4096
2603,u1,1,WRITE,0x100000e0000,4096
2614,u0,0,WRITE,0xe2000,4096
2614,u2,2,WRITE,0x20000640000,262144
2618,u1,1,WRITE,0x100000e1000,4096
2626,u0,0,READ,0xe3000,4096
2630,u1,1,WRITE,0x100000e2000,4096
2637,u0,0,READ,0xe4000,4096
2644,u1,1,WRITE,0x100000e3000,4096
2652,u0,0,WRITE,0xe5000,4096
2653,u1,1,WRITE,0x100000e4000,4096
2662,u0,0,READ,0xe6000,4096
2668,u1,1,WRITE,0x100000e5000,4096
2670,u0,0,WRITE,0xe7000,4096
2673,u3,3,READ,0x30000640000,262144
2677,u1,1,WRITE,0x100000e6000,4096
2681,u0,0,READ,0xe8000,4096
2687,u1,1,READ,0x100000e7000,4096
2695,u0,0,WRITE,0xe9000,4096
2702,u1,1,WRITE,0x100000e8000,4096
2702,u2,2,WRITE,0x20000680000,262144
2709,u0,0,WRITE,0xea000,4096
2716,u1,1,READ,0x100000e9000,4096
2718,u0,0,READ,0xeb000,4096
2727,u1,1,WRITE,0x100000ea000,4096
2733,u0,0,READ,0xec000,4096
2741,u1,1,READ,0x100000eb000,4096
2742,u0,0,WRITE,0xed000,4096
2750,u1,1,READ,0x100000ec000,4096
2753,u0,0,READ,0xee000,4096
2761,u1,1,READ,0x100000ed000,4096
2764,u0,0,WRITE,0xef000,4096
2775,u0,0,WRITE,0xf0000,4096
2775,u1,1,READ,0x100000ee000,4096
2778,u3,3,WRITE,0x30000680000,262144
2786,u0,0,WRITE,0xf1000,4096
2789,u1,1,READ,0x100000ef000,4096
2801,u0,0,WRITE,0xf2000,4096
2801,u1,1,READ,0x100000f0000,4096
2804,u2,2,WRITE,0x200006c0000,262144
2809,u0,0,READ,0xf3000,4096
2814,u1,1,WRITE,0x100000f1000,4096
2823,u0,0,WRITE,0xf4000,4096
2826,u1,1,WRITE,0x100000f2000,4096
2838,u0,0,READ,0xf5000,4096
2841,u1,1,READ,0x100000f3000,4096
2849,u0,0,READ,0xf6000,4096
2854,u1,1,READ,0x100000f4000,4096
2862,u0,0,READ,0xf7000,4096
2866,u1,1,READ,0x100000f5000,4096
2872,u0,0,READ,0xf8000,4096
2877,u1,1,WRITE,0x100000f6000,4096
2884,u0,0,WRITE,0xf9000,4096
2887,u3,3,WRITE,0x300006c0000,262144
2890,u1,1,READ,0x100000f7000,4096
2899,u0,0,READ,0xfa000,4096
2900,u1,1,READ,0x100000f8000,4096
2908,u0,0,READ,0xfb000,4096
2915,u1,1,READ,0x100000f9000,4096
2918,u0,0,READ,0xfc000,4096
2923,u1,1,WRITE,0x100000fa000,4096
2924,u2,2,READ,0x20000700000,262144
2929,u0,0,READ,0xfd000,4096
2931,u1,1,WRITE,0x100000fb000,4096
2941,u1,1,WRITE,0x100000fc000,4096
2942,u0,0,READ,0xfe000,4096
2952,u1,1,WRITE,0x100000fd000,4096
2953,u0,0,WRITE,0xff000,4096
2962,u1,1,WRITE,0x100000fe000,4096
2963,u0,0,WRITE,0x100000,4096
2970,u1,1,WRITE,0x100000ff000,4096
2973,u0,0,WRITE,0x101000,4096
2978,u3,3,READ,0x30000700000,262144
2980,u1,1,WRITE,0x10000100000,4096
2982,u0,0,READ,0x102000,4096
2993,u1,1,READ,0x10000101000,4096
2997,u0,0,WRITE,0x103000,4096
3007,u1,1,READ,0x10000102000,4096
3010,u0,0,WRITE,0x104000,4096
3018,u0,0,WRITE,0x105000,4096
3019,u1,1,WRITE,0x10000103000,4096
3021,u2,2,WRITE,0x20000740000,262144
3030,u0,0,WRITE,0x106000,4096
3033,u1,1,WRITE,0x10000104000,4096
3045,u0,0,READ,0x107000,4096
3047,u1,1,WRITE,0x10000105000,4096
3053,u0,0,READ,0x108000,4096
3055,u1,1,WRITE,0x10000106000,4096
3065,u1,1,WRITE,0x10000107000,4096
3068,u0,0,WRITE,0x109000,4096
3076,u1,1,READ,0x10000108000,4096
3083,u0,0,WRITE,0x10a000,4096
3089,u1,1,READ,0x10000109000,4096
3090,u3,3,WRITE,0x30000740000,262144
3092,u0,0,READ,0x10b000,4096
3101,u1,1,READ,0x1000010a000,4096
3102,u2,2,WRITE,0x20000780000,262144
3103,u0,0,READ,0x10c000,4096
3113,u0,0,WRITE,0x10d000,4096
3113,u1,1,WRITE,0x1000010b000,4096
3122,u1,1,WRITE,0x1000010c000,4096
3124,u0,0,READ,0x10e000,4096
3137,u0,0,READ,0x10f000,4096
3137,u1,1,READ,0x1000010d000,4096
3148,u0,0,WRITE,0x110000,4096
3149,u1,1,WRITE,0x1000010e000,4096
3157,u0,0,READ,0x111000,4096
3159,u1,1,READ,0x1000010f000,4096
3170,u0,0,READ,0x112000,4096
3173,u1,1,WRITE,0x10000110000,4096
3178,u0,0,WRITE,0x113000,4096
3182,u1,1,WRITE,0x10000111000,4096
3188,u0,0,WRITE,0x114000,4096
3188,u2,2,READ,0x200007c0000,262144
3189,u3,3,READ,0x30000780000,262144
3192,u1,1,READ,0x10000112000,4096
3203,u0,0,READ,0x115000,4096
3203,u1,1,WRITE,0x10000113000,4096
3214,u1,1,READ,0x10000114000,4096
3215,u0,0,WRITE,0x116000,4096
3226,u0,0,READ,0x117000,4096
3227,u1,1,READ,0x10000115000,4096
3239,u0,0,READ,0x118000,4096
3239,u1,1,WRITE,0x10000116000,4096
3247,u1,1,READ,0x10000117000,4096
3252,u0,0,WRITE,0x119000,4096
3259,u1,1,READ,0x10000118000,4096
3262,u0,0,WRITE,0x11a000,4096
3272,u1,1,READ,0x10000119000,4096
3274,u0,0,READ,0x11b000,4096
3283,u0,0,READ,0x11c000,4096
3286,u1,1,READ,0x1000011a000,4096
3292,u3,3,READ,0x300007c0000,262144
3296,u1,1,WRITE,0x1000011b000,4096
3296,u2,2,WRITE,0x20000800000,262144
3297,u0,0,WRITE,0x11d000,4096
3309,u1,1,READ,0x1000011c000,4096
3312,u0,0,WRITE,0x11e000,4096
3323,u1,1,READ,0x1000011d000,4096
3325,u0,0,READ,0x11f000,4096
3331,u1,1,READ,0x1000011e000,4096
3339,u0,0,WRITE,0x120000,4096
3343,u1,1,READ,0x1000011f000,4096
3351,u0,0,READ,0x121000,4096
3358,u1,1,WRITE,0x10000120000,4096
3363,u0,0,READ,0x122000,4096
3368,u1,1,WRITE,0x10000121000,4096
3372,u0,0,READ,0x123000,4096
3381,u0,0,READ,0x124000,4096
3381,u1,1,WRITE,0x10000122000,4096
3381,u2,2,WRITE,0x20000840000,262144
3391,u0,0,WRITE,0x125000,4096
3392,u1,1,READ,0x10000123000,4096
3394,u3,3,READ,0x30000800000,262144
3406,u0,0,READ,0x126000,4096
3406,u1,1,READ,0x10000124000,4096
3417,u0,0,READ,0x127000,4096
3419,u1,1,READ,0x10000125000,4096
3427,u0,0,READ,0x128000,4096
3428,u1,1,READ,0x10000126000,4096
3435,u0,0,READ,0x129000,4096
3436,u1,1,READ,0x10000127000,4096
3444,u0,0,WRITE,0x12a000,4096
3448,u1,1,WRITE,0x10000128000,4096
3458,u0,0,WRITE,0x12b000,4096
3462,u1,1,READ,0x10000129000,4096
3467,u0,0,READ,0x12c000,4096
3472,u1,1,READ,0x1000012a000,4096
3477,u0,0,WRITE,0x12d000,4096
3484,u1,1,WRITE,0x1000012b000,4096
3488,u0,0,READ,0x12e000,4096
3488,u2,2,WRITE,0x20000880000,262144
3491,u3,3,WRITE,0x30000840000,262144
3493,u1,1,WRITE,0x1000012c000,4096
3501,u0,0,READ,0x12f000,4096
3503,u1,1,WRITE,0x1000012d000,4096
3512,u1,1,WRITE,0x1000012e000,4096
3513,u0,0,WRITE,0x130000,4096
3522,u0,0,READ,0x131000,4096
3523,u1,1,WRITE,0x1000012f000,4096
3534,u1,1,READ,0x10000130000,4096
3535,u0,0,WRITE,0x132000,4096
3543,u0,0,WRITE,0x133000,4096
3546,u1,1,WRITE,0x10000131000,4096
3555,u0,0,READ,0x134000,4096
3559,u1,1,WRITE,0x10000132000,4096
3569,u0,0,READ,0x135000,4096
3573,u1,1,READ,0x10000133000,4096
3578,u0,0,WRITE,0x136000,4096
3587,u1,1,WRITE,0x10000134000,4096
3592,u0,0,READ,0x137000,4096
3595,u1,1,READ,0x10000135000,4096
3599,u3,3,READ,0x30000880000,262144
3602,u0,0,READ,0x138000,4096
3602,u2,2,WRITE,0x200008c0000,262144
3604,u1,1,WRITE,0x10000136000,4096
3614,u0,0,WRITE,0x139000,4096
3615,u1,1,WRITE,0x10000137000,4096
3627,u0,0,WRITE,0x13a000,4096
3627,u1,1,WRITE,0x10000138000,4096
3639,u0,0,READ,0x13b000,4096
3642,u1,1,WRITE,0x10000139000,4096
3649,u0,0,READ,0x13c000,4096
3651,u1,1,READ,0x1000013a000,4096
3659,u0,0,WRITE,0x13d000,4096
3663,u1,1,WRITE,0x1000013b000,4096
3670,u0,0,READ,0x13e000,4096
3678,u1,1,WRITE,0x1000013c000,4096
3681,u3,3,READ,0x300008c0000,262144
3682,u0,0,WRITE,0x13f000,4096
3687,u1,1,WRITE,0x1000013d000,4096
3692,u0,0,READ,0x140000,4096
3700,u1,1,READ,0x1000013e000,4096
3703,u0,0,WRITE,0x141000,4096
3710,u1,1,WRITE,0x1000013f000,4096
3711,u0,0,READ,0x142000,4096
3716,u2,2,READ,0x20000900000,262144
3718,u1,1,WRITE,0x10000140000,4096
3720,u0,0,WRITE,0x143000,4096
3731,u0,0,WRITE,0x144000,4096
3731,u1,1,WRITE,0x10000141000,4096
3742,u0,0,READ,0x145000,4096
3745,u1,1,WRITE,0x10000142000,4096
3754,u1,1,READ,0x10000143000,4096
3756,u0,0,WRITE,0x146000,4096
3768,u1,1,WRITE,0x10000144000,4096
3769,u0,0,WRITE,0x147000,4096
3777,u3,3,READ,0x30000900000,262144
3781,u0,0,READ,0x148000,4096
3782,u1,1,READ,0x10000145000,4096
3789,u0,0,WRITE,0x149000,4096
3795,u1,1,WRITE,0x10000146000,4096
3797,u0,0,READ,0x14a000,4096
3808,u0,0,WRITE,0x14b000,4096
3810,u1,1,READ,0x10000147000,4096
3817,u0,0,READ,0x14c000,4096
3825,u1,1,READ,0x10000148000,4096
3830,u0,0,READ,0x14d000,4096
3830,u2,2,WRITE,0x20000940000,262144
3836,u1,1,WRITE,0x10000149000,4096
3841,u0,0,READ,0x14e000,4096
3847,u1,1,READ,0x1000014a000,4096
3850,u0,0,READ,0x14f000,4096
3859,u0,0,WRITE,0x150000,4096
3859,u1,1,READ,0x1000014b000,4096
3867,u0,0,WRITE,0x151000,4096
3870,u1,1,WRITE,0x1000014c000,4096
3870,u3,3,READ,0x30000940000,262144
3877,u0,0,READ,0x152000,4096
3882,u1,1,READ,0x1000014d000,4096
3886,u0,0,READ,0x153000,4096
3892,u1,1,WRITE,0x1000014e000,4096
3900,u0,0,READ,0x154000,4096
3905,u1,1,READ,0x1000014f000,4096
3908,u0,0,WRITE,0x155000,4096
3913,u1,1,READ,0x10000150000,4096
3921,u0,0,READ,0x156000,4096
3923,u1,1,WRITE,0x10000151000,4096
3928,u2,2,READ,0x20000980000,262144
3930,u0,0,WRITE,0x157000,4096
3934,u1,1,READ,0x10000152000,4096
3943,u0,0,READ,0x158000,4096
3947,u1,1,WRITE,0x10000153000,4096
3954,u0,0,READ,0x159000,4096
3955,u1,1,WRITE,0x10000154000,4096
3965,u0,0,READ,0x15a000,4096
3966,u3,3,READ,0x30000980000,262144
3970,u1,1,READ,0x10000155000,4096
3978,u0,0,WRITE,0x15b000,4096
3983,u1,1,WRITE,0x10000156000,4096
3986,u0,0,READ,0x15c000,4096
3991,u1,1,WRITE,0x10000157000,4096
3999,u0,0,WRITE,0x15d000,4096
4002,u1,1,WRITE,0x10000158000,4096
4008,u0,0,READ,0x15e000,4096
4013,u1,1,WRITE,0x10000159000,4096
4022,u0,0,WRITE,0x15f000,4096
4023,u1,1,WRITE,0x1000015a000,4096
4033,u1,1,READ,0x1000015b000,4096
4035,u0,0,WRITE,0x160000,4096
4043,u2,2,READ,0x200009c0000,262144
4046,u1,1,WRITE,0x1000015c000,4096
4050,u0,0,WRITE,0x161000,4096
4059,u0,0,WRITE,0x162000,4096
4059,u1,1,WRITE,0x1000015d000,4096
4064,u3,3,READ,0x300009c0000,262144
4073,u1,1,WRITE,0x1000015e000,4096
4074,u0,0,WRITE,0x163000,4096
4082,u0,0,WRITE,0x164000,4096
4085,u1,1,WRITE,0x1000015f000,4096
4092,u0,0,WRITE,0x165000,4096
4098,u1,1,READ,0x10000160000,4096
4104,u0,0,WRITE,0x166000,4096
4111,u1,1,WRITE,0x10000161000,4096
4114,u0,0,READ,0x167000,4096
4123,u0,0,WRITE,0x168000,4096
4126,u1,1,WRITE,0x10000162000,4096
4129,u2,2,READ,0x20000a00000,262144
4132,u0,0,WRITE,0x169000,4096
4137,u1,1,WRITE,0x10000163000,4096
4142,u0,0,WRITE,0x16a000,4096
4144,u3,3,READ,0x30000a00000,262144
4148,u1,1,WRITE,0x10000164000,4096
4154,u0,0,WRITE,0x16b000,4096
4160,u1,1,READ,0x10000165000,4096
4166,u0,0,READ,0x16c000,4096
4168,u1,1,WRITE,0x10000166000,4096
4174,u0,0,WRITE,0x16d000,4096
4181,u1,1,READ,0x10000167000,4096
4185,u0,0,WRITE,0x16e000,4096
4194,u1,1,WRITE,0x10000168000,4096
4198,u0,0,WRITE,0x16f000,4096
4209,u1,1,WRITE,0x10000169000,4096
4212,u0,0,WRITE,0x170000,4096
4219,u1,1,WRITE,0x1000016a000,4096
4223,u0,0,WRITE,0x171000,4096
4227,u1,1,WRITE,0x1000016b000,4096
4233,u2,2,READ,0x20000a40000,262144
4233,u3,3,READ,0x30000a40000,262144
4235,u0,0,WRITE,0x172000,4096
4240,u1,1,READ,0x1000016c000,4096
4249,u0,0,READ,0x173000,4096
4251,u1,1,WRITE,0x1000016d000,4096
4257,u0,0,WRITE,0x174000,4096
4262,u1,1,READ,0x1000016e000,4096
4267,u0,0,WRITE,0x175000,4096
4271,u1,1,WRITE,0x1000016f000,4096
4275,u0,0,READ,0x176000,4096
4285,u1,1,WRITE,0x10000170000,4096
4287,u0,0,WRITE,0x177000,4096
4297,u0,0,READ,0x178000,4096
4297,u1,1,READ,0x10000171000,4096
4305,u1,1,WRITE,0x10000172000,4096
4309,u0,0,WRITE,0x179000,4096
4317,u1,1,READ,0x10000173000,4096
4323,u0,0,WRITE,0x17a000,4096
4331,u1,1,READ,0x10000174000,4096
4337,u0,0,READ,0x17b000,4096
4344,u1,1,WRITE,0x10000175000,4096
4344,u2,2,READ,0x20000a80000,262144
4349,u0,0,WRITE,0x17c000,4096
4352,u3,3,WRITE,0x30000a80000,262144
4358,u1,1,WRITE,0x10000176000,4096
4359,u0,0,READ,0x17d000,4096
4366,u1,1,WRITE,0x10000177000,4096
4368,u0,0,READ,0x17e000,4096
4376,u1,1,READ,0x10000178000,4096
4382,u0,0,READ,0x17f000,4096
4391,u1,1,READ,0x10000179000,4096
4395,u0,0,WRITE,0x180000,4096
4404,u0,0,WRITE,0x181000,4096
4406,u1,1,WRITE,0x1000017a000,4096
4414,u1,1,WRITE,0x1000017b000,4096
4416,u0,0,WRITE,0x182000,4096
4422,u1,1,WRITE,0x1000017c000,4096
4425,u0,0,WRITE,0x183000,4096
4430,u1,1,READ,0x1000017d000,4096
4438,u0,0,READ,0x184000,4096
4440,u1,1,READ,0x1000017e000,4096
4448,u0,0,WRITE,0x185000,4096
4454,u1,1,WRITE,0x1000017f000,4096
4456,u0,0,WRITE,0x186000,4096
4457,u2,2,READ,0x20000ac0000,262144
4462,u1,1,WRITE,0x10000180000,4096
4465,u0,0,READ,0x187000,4096
4465,u3,3,WRITE,0x30000ac0000,262144
4474,u1,1,READ,0x10000181000,4096
4478,u0,0,WRITE,0x188000,4096
4482,u1,1,WRITE,0x10000182000,4096
4489,u0,0,READ,0x189000,4096
4494,u1,1,WRITE,0x10000183000,4096
4503,u0,0,WRITE,0x18a000,4096
4506,u1,1,READ,0x10000184000,4096
4513,u0,0,WRITE,0x18b000,4096
4521,u1,1,READ,0x10000185000,4096
4524,u0,0,READ,0x18c000,4096
4531,u1,1,READ,0x10000186000,4096
4536,u0,0,WRITE,0x18d000,4096
4543,u1,1,WRITE,0x10000187000,4096
4544,u0,0,WRITE,0x18e000,4096
4554,u0,0,WRITE,0x18f000,4096
4555,u1,1,WRITE,0x10000188000,4096
4555,u2,2,WRITE,0x20000b00000,262144
4566,u0,0,READ,0x190000,4096
4567,u1,1,READ,0x10000189000,4096
4577,u3,3,READ,0x30000b00000,262144
4580,u0,0,READ,0x191000,4096
4582,u1,1,READ,0x1000018a000,4096
4589,u0,0,WRITE,0x192000,4096
4591,u1,1,WRITE,0x1000018b000,4096
4599,u0,0,READ,0x193000,4096
4600,u1,1,WRITE,0x1000018c000,4096
4608,u1,1,READ,0x1000018d000,4096
4609,u0,0,READ,0x194000,4096
4618,u1,1,READ,0x1000018e000,4096
4621,u0,0,READ,0x195000,4096
4629,u1,1,WRITE,0x1000018f000,4096
4635,u0,0,READ,0x196000,4096
4643,u0,0,WRITE,0x197000,4096
4644,u1,1,WRITE,0x10000190000,4096
4653,u1,1,WRITE,0x10000191000,4096
4658,u0,0,READ,0x198000,4096
4663,u3,3,READ,0x30000b40000,262144
4665,u1,1,WRITE,0x10000192000,4096
4670,u0,0,WRITE,0x199000,4096
4675,u2,2,WRITE,0x20000b40000,262144
4679,u1,1,READ,0x10000193000,4096
4681,u0,0,WRITE,0x19a000,4096
4693,u1,1,READ,0x10000194000,4096
4696,u0,0,WRITE,0x19b000,4096
4707,u1,1,READ,0x10000195000,4096
4710,u0,0,WRITE,0x19c000,4096
4716,u1,1,WRITE,0x10000196000,4096
4725,u0,0,READ,0x19d000,4096
4731,u1,1,WRITE,0x10000197000,4096
4740,u0,0,READ,0x19e000,4096
4742,u1,1,READ,0x10000198000,4096
4750,u0,0,READ,0x19f000,4096
4751,u3,3,WRITE,0x30000b80000,262144
4757,u1,1,READ,0x10000199000,4096
4765,u0,0,WRITE,0x1a0000,4096
4769,u2,2,READ,0x20000b80000,262144
4770,u1,1,READ,0x1000019a000,4096
4775,u0,0,WRITE,0x1a1000,4096
4778,u1,1,WRITE,0x1000019b000,4096
4783,u0,0,READ,0x1a2000,4096
4787,u1,1,WRITE,0x1000019c000,4096
4794,u0,0,WRITE,0x1a3000,4096
4798,u1,1,READ,0x1000019d000,4096
4806,u1,1,READ,0x1000019e000,4096
4807,u0,0,WRITE,0x1a4000,4096
4815,u0,0,WRITE,0x1a5000,4096
4820,u1,1,READ,0x1000019f000,4096
4830,u0,0,WRITE,0x1a6000,4096
4831,u1,1,READ,0x100001a0000,4096
4840,u0,0,READ,0x1a7000,4096
4844,u1,1,READ,0x100001a1000,4096
4852,u1,1,READ,0x100001a2000,4096
4853,u3,3,WRITE,0x30000bc0000,262144
4855,u0,0,WRITE,0x1a8000,4096
4859,u2,2,READ,0x20000bc0000,262144
4865,u0,0,READ,0x1a9000,4096
4867,u1,1,READ,0x100001a3000,4096
4875,u0,0,READ,0x1aa000,4096
4881,u1,1,WRITE,0x100001a4000,4096
4887,u0,0,WRITE,0x1ab000,4096
4893,u1,1,READ,0x100001a5000,4096
4901,u0,0,WRITE,0x1ac000,4096
4901,u1,1,WRITE,0x100001a6000,4096
4909,u1,1,WRITE,0x100001a7000,4096
4912,u0,0,WRITE,0x1ad000,4096
4919,u1,1,WRITE,0x100001a8000,4096
4927,u0,0,WRITE,0x1ae000,4096
4930,u1,1,READ,0x100001a9000,4096
4941,u0,0,WRITE,0x1af000,4096
4945,u1,1,READ,0x100001aa000,4096
4947,u2,2,WRITE,0x20000c00000,262144
4948,u3,3,READ,0x30000c00000,262144
4952,u0,0,WRITE,0x1b0000,4096
4955,u1,1,WRITE,0x100001ab000,4096
4965,u0,0,WRITE,0x1b1000,4096
4967,u1,1,READ,0x100001ac000,4096
4976,u0,0,WRITE,0x1b2000,4096
4979,u1,1,WRITE,0x100001ad000,4096
4985,u0,0,WRITE,0x1b3000,4096
4994,u1,1,READ,0x100001ae000,4096
4995,u0,0,WRITE,0x1b4000,4096
5006,u0,0,WRITE,0x1b5000,4096
5008,u1,1,READ,0x100001af000,4096
5017,u0,0,WRITE,0x1b6000,4096
5022,u1,1,READ,0x100001b0000,4096
5027,u0,0,WRITE,0x1b7000,4096
5037,u1,1,WRITE,0x100001b1000,4096
5042,u0,0,WRITE,0x1b8000,4096
5043,u2,2,READ,0x20000c40000,262144
5048,u1,1,READ,0x100001b2000,4096
5056,u0,0,WRITE,0x1b9000,4096
5063,u1,1,WRITE,0x100001b3000,4096
5064,u3,3,WRITE,0x30000c40000,262144
5071,u0,0,WRITE,0x1ba000,4096
5073,u1,1,READ,0x100001b4000,4096
5079,u0,0,READ,0x1bb000,4096
5082,u1,1,WRITE,0x100001b5000,4096
5090,u0,0,READ,0x1bc000,4096
5090,u1,1,READ,0x100001b6000,4096
5100,u1,1,WRITE,0x100001b7000,4096
5105,u0,0,WRITE,0x1bd000,4096
5108,u1,1,WRITE,0x100001b8000,4096
5116,u0,0,READ,0x1be000,4096
5120,u1,1,READ,0x100001b9000,4096
5128,u1,1,WRITE,0x100001ba000,4096
5129,u0,0,WRITE,0x1bf000,4096
5137,u1,1,READ,0x100001bb000,4096
5138,u0,0,WRITE,0x1c0000,4096
5150,u1,1,WRITE,0x100001bc000,4096
5150,u2,2,READ,0x20000c80000,262144
5152,u0,0,WRITE,0x1c1000,4096
5158,u3,3,READ,0x30000c80000,262144
5162,u0,0,WRITE,0x1c2000,4096
5162,u1,1,READ,0x100001bd000,4096
5173,u0,0,READ,0x1c3000,4096
5176,u1,1,WRITE,0x100001be000,4096
5185,u0,0,WRITE,0x1c4000,4096
5189,u1,1,READ,0x100001bf000,4096
5193,u0,0,READ,0x1c5000,4096
5202,u1,1,READ,0x100001c0000,4096
5208,u0,0,WRITE,0x1c6000,4096
5210,u1,1,WRITE,0x100001c1000,4096
5216,u0,0,READ,0x1c7000,4096
5221,u1,1,READ,0x100001c2000,4096
5229,u0,0,READ,0x1c8000,4096
5236,u1,1,WRITE,0x100001c3000,4096
5241,u0,0,WRITE,0x1c9000,4096
5249,u1,1,WRITE,0x100001c4000,4096
5255,u0,0,READ,0x1ca000,4096
5261,u1,1,WRITE,0x100001c5000,4096
5265,u2,2,WRITE,0x20000cc0000,262144
5268,u0,0,READ,0x1cb000,4096
5270,u1,1,WRITE,0x100001c6000,4096
5274,u3,3,WRITE,0x30000cc0000,262144
5278,u1,1,WRITE,0x100001c7000,4096
5282,u0,0,WRITE,0x1cc000,4096
5289,u1,1,WRITE,0x100001c8000,4096
5296,u0,0,READ,0x1cd000,4096
5304,u1,1,WRITE,0x100001c9000,4096
5305,u0,0,READ,0x1ce000,4096
5313,u0,0,WRITE,0x1cf000,4096
5318,u1,1,READ,0x100001ca000,4096
5326,u0,0,READ,0x1d0000,4096
5329,u1,1,WRITE,0x100001cb000,4096
5337,u1,1,READ,0x100001cc000,4096
5338,u0,0,WRITE,0x1d1000,4096
5348,u1,1,READ,0x100001cd000,4096
5351,u0,0,READ,0x1d2000,4096
5359,u1,1,READ,0x100001ce000,4096
5361,u0,0,READ,0x1d3000,4096
5365,u3,3,READ,0x30000d00000,262144
5369,u1,1,READ,0x100001cf000,4096
5370,u2,2,WRITE,0x20000d00000,262144
5374,u0,0,WRITE,0x1d4000,4096
5384,u1,1,WRITE,0x100001d0000,4096
5387,u0,0,READ,0x1d5000,4096
5392,u1,1,READ,0x100001d1000,4096
5398,u0,0,WRITE,0x1d6000,4096
5406,u1,1,WRITE,0x100001d2000,4096
5411,u0,0,WRITE,0x1d7000,4096
5421,u1,1,READ,0x100001d3000,4096
5424,u0,0,READ,0x1d8000,4096
5433,u1,1,READ,0x100001d4000,4096
5438,u0,0,READ,0x1d9000,4096
5444,u1,1,WRITE,0x100001d5000,4096
5447,u3,3,READ,0x30000d40000,262144
5451,u0,0,READ,0x1da000,4096
5455,u2,2,READ,0x20000d40000,262144
5458,u1,1,WRITE,0x100001d6000,4096
5460,u0,0,READ,0x1db000,4096
5467,u1,1,WRITE,0x100001d7000,4096
5474,u0,0,READ,0x1dc000,4096
5478,u1,1,WRITE,0x100001d8000,4096
5487,u0,0,READ,0x1dd000,4096
5491,u1,1,READ,0x100001d9000,4096
5498,u0,0,WRITE,0x1de000,4096
5506,u1,1,WRITE,0x100001da000,4096
5512,u0,0,READ,0x1df000,4096
5516,u1,1,WRITE,0x100001db000,4096
5525,u0,0,WRITE,0x1e0000,4096
5527,u1,1,READ,0x100001dc000,4096
5533,u0,0,WRITE,0x1e1000,4096
5540,u1,1,WRITE,0x100001dd000,4096
5546,u0,0,WRITE,0x1e2000,4096
5546,u3,3,WRITE,0x30000d80000,262144
5549,u1,1,READ,0x100001de000,4096
5551,u2,2,READ,0x20000d80000,262144
5558,u0,0,READ,0x1e3000,4096
5559,u1,1,WRITE,0x100001df000,4096
5569,u0,0,READ,0x1e4000,4096
5570,u1,1,WRITE,0x100001e0000,4096
5578,u1,1,WRITE,0x100001e1000,4096
5579,u0,0,READ,0x1e5000,4096
5586,u1,1,WRITE,0x100001e2000,4096
5591,u0,0,READ,0x1e6000,4096
5598,u1,1,WRITE,0x100001e3000,4096
5606,u0,0,WRITE,0x1e7000,4096
5606,u1,1,WRITE,0x100001e4000,4096
5620,u1,1,WRITE,0x100001e5000,4096
5621,u0,0,WRITE,0x1e8000,4096
5629,u0,0,WRITE,0x1e9000,4096
5629,u1,1,READ,0x100001e6000,4096
5640,u0,0,WRITE,0x1ea000,4096
5642,u1,1,WRITE,0x100001e7000,4096
5650,u0,0,READ,0x1eb000,4096
5652,u2,2,WRITE,0x20000dc0000,262144
5654,u1,1,READ,0x100001e8000,4096
5657,u3,3,READ,0x30000dc0000,262144
5659,u0,0,READ,0x1ec000,4096
5665,u1,1,READ,0x100001e9000,4096
5668,u0,0,READ,0x1ed000,4096
5678,u1,1,WRITE,0x100001ea000,4096
5679,u0,0,READ,0x1ee000,4096
5691,u0,0,WRITE,0x1ef000,4096
5693,u1,1,WRITE,0x100001eb000,4096
5703,u1,1,READ,0x100001ec000,4096
5704,u0,0,WRITE,0x1f0000,4096
5713,u0,0,READ,0x1f1000,4096
5713,u1,1,READ,0x100001ed000,4096
5723,u0,0,READ,0x1f2000,4096
5727,u1,1,WRITE,0x100001ee000,4096
5735,u1,1,WRITE,0x100001ef000,4096
5736,u0,0,WRITE,0x1f3000,4096
5744,u1,1,WRITE,0x100001f0000,4096
5750,u0,0,READ,0x1f4000,4096
5759,u1,1,WRITE,0x100001f1000,4096
5765,u0,0,WRITE,0x1f5000,4096
5765,u2,2,WRITE,0x20000e00000,262144
5773,u1,1,WRITE,0x100001f2000,4096
5774,u3,3,READ,0x30000e00000,262144
5776,u0,0,READ,0x1f6000,4096
5786,u1,1,READ,0x100001f3000,4096
5788,u0,0,WRITE,0x1f7000,4096
5799,u0,0,READ,0x1f8000,4096
5799,u1,1,READ,0x100001f4000,4096
5808,u0,0,WRITE,0x1f9000,4096
5813,u1,1,READ,0x100001f5000,4096
5822,u0,0,READ,0x1fa000,4096
5828,u1,1,READ,0x100001f6000,4096
5833,u0,0,READ,0x1fb000,4096
5836,u1,1,READ,0x100001f7000,4096
5844,u1,1,WRITE,0x100001f8000,4096
5847,u0,0,WRITE,0x1fc000,4096
5858,u1,1,WRITE,0x100001f9000,4096
5860,u0,0,WRITE,0x1fd000,4096
5872,u0,0,WRITE,0x1fe000,4096
5872,u1,1,READ,0x100001fa000,4096
5879,u2,2,READ,0x20000e40000,262144
5879,u3,3,WRITE,0x30000e40000,262144
5880,u0,0,READ,0x1ff000,4096
5884,u1,1,READ,0x100001fb000,4096
5889,u0,0,WRITE,0x200000,4096
5897,u0,0,READ,0x201000,4096
5899,u1,1,WRITE,0x100001fc000,4096
5911,u0,0,READ,0x202000,4096
5912,u1,1,WRITE,0x100001fd000,4096
5924,u0,0,WRITE,0x203000,4096
5924,u1,1,READ,0x100001fe000,4096
5932,u0,0,WRITE,0x204000,4096
5937,u1,1,READ,0x100001ff000,4096
5942,u0,0,READ,0x205000,4096
5952,u0,0,READ,0x206000,4096
5952,u1,1,READ,0x10000200000,4096
5962,u1,1,READ,0x10000201000,4096
5964,u0,0,READ,0x207000,4096
5971,u3,3,WRITE,0x30000e80000,262144
5973,u0,0,READ,0x208000,4096
5975,u1,1,READ,0x10000202000,4096
5981,u2,2,WRITE,0x20000e80000,262144
5983,u0,0,WRITE,0x209000,4096
5989,u1,1,WRITE,0x10000203000,4096
5997,u0,0,READ,0x20a000,4096
6004,u1,1,WRITE,0x10000204000,4096
6012,u0,0,WRITE,0x20b000,4096
6015,u1,1,WRITE,0x10000205000,4096
6023,u0,0,READ,0x20c000,4096
6028,u1,1,READ,0x10000206000,4096
6032,u0,0,READ,0x20d000,4096
6042,u1,1,READ,0x10000207000,4096
6047,u0,0,WRITE,0x20e000,4096
6052,u1,1,WRITE,0x10000208000,4096
6055,u0,0,READ,0x20f000,4096
6061,u3,3,WRITE,0x30000ec0000,262144
6063,u1,1,WRITE,0x10000209000,4096
6065,u0,0,WRITE,0x210000,4096
6071,u1,1,READ,0x1000020a000,4096
6077,u0,0,READ,0x211000,4096
6078,u2,2,READ,0x20000ec0000,262144
6079,u1,1,WRITE,0x1000020b000,4096
6089,u0,0,WRITE,0x212000,4096
6092,u1,1,WRITE,0x1000020c000,4096
6100,u1,1,WRITE,0x1000020d000,4096
6101,u0,0,READ,0x213000,4096
6109,u1,1,READ,0x1000020e000,4096
6112,u0,0,READ,0x214000,4096
6118,u1,1,WRITE,0x1000020f000,4096
6122,u0,0,READ,0x215000,4096
6132,u1,1,WRITE,0x10000210000,4096
6136,u0,0,READ,0x216000,4096
6143,u1,1,READ,0x10000211000,4096
6144,u0,0,WRITE,0x217000,4096
6151,u1,1,WRITE,0x10000212000,4096
6156,u0,0,WRITE,0x218000,4096
6164,u0,0,READ,0x219000,4096
6165,u3,3,WRITE,0x30000f00000,262144
6166,u1,1,WRITE,0x10000213000,4096
6176,u0,0,READ,0x21a000,4096
6176,u1,1,READ,0x10000214000,4096
6176,u2,2,WRITE,0x20000f00000,262144
6185,u0,0,READ,0x21b000,4096
6190,u1,1,READ,0x10000215000,4096
6198,u0,0,READ,0x21c000,4096
6199,u1,1,READ,0x10000216000,4096
6212,u1,1,WRITE,0x10000217000,4096
6213,u0,0,WRITE,0x21d000,4096
6223,u0,0,READ,0x21e000,4096
6223,u1,1,READ,0x10000218000,4096
6235,u1,1,READ,0x10000219000,4096
6238,u0,0,WRITE,0x21f000,4096
6245,u1,1,WRITE,0x1000021a000,4096
6248,u0,0,WRITE,0x220000,4096
6253,u1,1,READ,0x1000021b000,4096
6258,u0,0,WRITE,0x221000,4096
6262,u1,1,READ,0x1000021c000,4096
6271,u0,0,READ,0x222000,4096
6273,u3,3,READ,0x30000f40000,262144
6276,u1,1,READ,0x1000021d000,4096
6284,u2,2,READ,0x20000f40000,262144
6286,u0,0,READ,0x223000,4096
6287,u1,1,READ,0x1000021e000,4096
6295,u0,0,READ,0x224000,4096
6295,u1,1,READ,0x1000021f000,4096
6304,u0,0,WRITE,0x225000,4096
6304,u1,1,WRITE,0x10000220000,4096
6315,u1,1,READ,0x10000221000,4096
6319,u0,0,WRITE,0x226000,4096
6326,u1,1,READ,0x10000222000,4096
6334,u0,0,READ,0x227000,4096
6337,u1,1,READ,0x10000223000,4096
6349,u0,0,WRITE,0x228000,4096
6350,u1,1,READ,0x10000224000,4096
6354,u3,3,WRITE,0x30000f80000,262144
6358,u1,1,WRITE,0x10000225000,4096
6362,u0,0,WRITE,0x229000,4096
6373,u0,0,WRITE,0x22a000,4096
6373,u1,1,READ,0x10000226000,4096
6377,u2,2,READ,0x20000f80000,262144
6384,u1,1,READ,0x10000227000,4096
6388,u0,0,WRITE,0x22b000,4096
6394,u1,1,READ,0x10000228000,4096
6398,u0,0,WRITE,0x22c000,4096
6406,u1,1,READ,0x10000229000,4096
6407,u0,0,WRITE,0x22d000,4096
6418,u0,0,WRITE,0x22e000,4096
6420,u1,1,READ,0x1000022a000,4096
6428,u0,0,READ,0x22f000,4096
6430,u1,1,READ,0x1000022b000,4096
6443,u0,0,READ,0x230000,4096
6445,u1,1,WRITE,0x1000022c000,4096
6455,u0,0,READ,0x231000,4096
6456,u1,1,READ,0x1000022d000,4096
6461,u2,2,READ,0x20000fc0000,262144
6467,u0,0,READ,0x232000,4096
6470,u1,1,READ,0x1000022e000,4096
6472,u3,3,WRITE,0x30000fc0000,262144
6481,u0,0,WRITE,0x233000,4096
6482,u1,1,READ,0x1000022f000,4096
6490,u0,0,WRITE,0x234000,4096
6493,u1,1,READ,0x10000230000,4096
6504,u1,1,WRITE,0x10000231000,4096
6505,u0,0,WRITE,0x235000,4096
6516,u0,0,READ,0x236000,4096
6519,u1,1,READ,0x10000232000,4096
6524,u0,0,READ,0x237000,4096
6529,u1,1,WRITE,0x10000233000,4096
6538,u0,0,WRITE,0x238000,4096
6542,u1,1,READ,0x10000234000,4096
6546,u0,0,READ,0x239000,4096
6552,u1,1,WRITE,0x10000235000,4096
6555,u0,0,READ,0x23a000,4096
6560,u1,1,WRITE,0x10000236000,4096
6570,u0,0,WRITE,0x23b000,4096
6570,u2,2,WRITE,0x20001000000,262144
6573,u1,1,READ,0x10000237000,4096
6582,u3,3,READ,0x30001000000,262144
6583,u0,0,WRITE,0x23c000,4096
6583,u1,1,READ,0x10000238000,4096
6592,u0,0,WRITE,0x23d000,4096
6598,u1,1,READ,0x10000239000,4096
6605,u0,0,READ,0x23e000,4096
6609,u1,1,READ,0x1000023a000,4096
6619,u0,0,WRITE,0x23f000,4096
6619,u1,1,READ,0x1000023b000,4096
6627,u0,0,READ,0x240000,4096
6628,u1,1,READ,0x1000023c000,4096
6639,u0,0,WRITE,0x241000,4096
6643,u1,1,READ,0x1000023d000,4096
6650,u0,0,WRITE,0x242000,4096
6652,u2,2,READ,0x20001040000,262144
6657,u1,1,READ,0x1000023e000,4096
6660,u0,0,READ,0x243000,4096
6665,u1,1,READ,0x1000023f000,4096
6673,u0,0,READ,0x244000,4096
6674,u1,1,WRITE,0x10000240000,4096
6682,u3,3,WRITE,0x30001040000,262144
6686,u1,1,READ,0x10000241000,4096
6687,u0,0,READ,0x245000,4096
6700,u0,0,WRITE,0x246000,4096
6701,u1,1,READ,0x10000242000,4096
6711,u1,1,WRITE,0x10000243000,4096
6715,u0,0,READ,0x247000,4096
6721,u1,1,READ,0x10000244000,4096
6723,u0,0,WRITE,0x248000,4096
6732,u0,0,WRITE,0x249000,4096
6735,u1,1,WRITE,0x10000245000,4096
6743,u0,0,READ,0x24a000,4096
6748,u1,1,WRITE,0x10000246000,4096
6752,u2,2,READ,0x20001080000,262144
6755,u0,0,READ,0x24b000,4096
6757,u1,1,READ,0x10000247000,4096
6767,u1,1,READ,0x10000248000,4096
6768,u0,0,READ,0x24c000,4096
6780,u1,1,READ,0x10000249000,4096
6780,u3,3,WRITE,0x30001080000,262144
6781,u0,0,WRITE,0x24d000,4096
6789,u1,1,READ,0x1000024a000,4096
6792,u0,0,WRITE,0x24e000,4096
6799,u1,1,WRITE,0x1000024b000,4096
6804,u0,0,READ,0x24f000,4096
6811,u1,1,READ,0x1000024c000,4096
6812,u0,0,READ,0x250000,4096
6826,u0,0,READ,0x251000,4096
6826,u1,1,READ,0x1000024d000,4096
6836,u0,0,WRITE,0x252000,4096
6839,u1,1,READ,0x1000024e000,4096
6846,u0,0,WRITE,0x253000,4096
6847,u1,1,READ,0x1000024f000,4096
6854,u2,2,READ,0x200010c0000,262144
6855,u0,0,WRITE,0x254000,4096
6862,u1,1,READ,0x10000250000,4096
6863,u0,0,WRITE,0x255000,4096
6875,u1,1,WRITE,0x10000251000,4096
6878,u0,0,WRITE,0x256000,4096
6883,u1,1,READ,0x10000252000,4096
6886,u0,0,WRITE,0x257000,4096
6886,u3,3,READ,0x300010c0000,262144
6894,u0,0,WRITE,0x258000,4096
6897,u1,1,READ,0x10000253000,4096
6906,u0,0,READ,0x259000,4096
6912,u1,1,WRITE,0x10000254000,4096
6915,u0,0,WRITE,0x25a000,4096
6921,u1,1,READ,0x10000255000,4096
6925,u0,0,READ,0x25b000,4096
6932,u1,1,READ,0x10000256000,4096
6934,u0,0,WRITE,0x25c000,4096
6947,u0,0,WRITE,0x25d000,4096
6947,u1,1,READ,0x10000257000,4096
6955,u0,0,WRITE,0x25e000,4096
6962,u1,1,WRITE,0x10000258000,4096
6967,u0,0,READ,0x25f000,4096
6971,u2,2,READ,0x20001100000,262144
6973,u1,1,READ,0x10000259000,4096
6975,u0,0,WRITE,0x260000,4096
6985,u1,1,WRITE,0x1000025a000,4096
6987,u0,0,WRITE,0x261000,4096
6995,u1,1,WRITE,0x1000025b000,4096
7001,u0,0,READ,0x262000,4096
7004,u3,3,READ,0x30001100000,262144
7008,u1,1,READ,0x1000025c000,4096
7015,u0,0,READ,0x263000,4096
7017,u1,1,READ,0x1000025d000,4096
7025,u1,1,WRITE,0x1000025e000,4096
7027,u0,0,READ,0x264000,4096
7038,u1,1,WRITE,0x1000025f000,4096
7041,u0,0,READ,0x265000,4096
7050,u1,1,READ,0x10000260000,4096
7053,u0,0,READ,0x266000,4096
7059,u2,2,READ,0x20001140000,262144
7064,u1,1,WRITE,0x10000261000,4096
7068,u0,0,READ,0x267000,4096
7077,u1,1,READ,0x10000262000,4096
7080,u0,0,WRITE,0x268000,4096
7085,u3,3,WRITE,0x30001140000,262144
7086,u1,1,WRITE,0x10000263000,4096
7094,u0,0,READ,0x269000,4096
7095,u1,1,READ,0x10000264000,4096
7103,u0,0,WRITE,0x26a000,4096
7104,u1,1,READ,0x10000265000,4096
7112,u0,0,WRITE,0x26b000,4096
7113,u1,1,READ,0x10000266000,4096
7127,u0,0,WRITE,0x26c000,4096
7128,u1,1,WRITE,0x10000267000,4096
7137,u1,1,WRITE,0x10000268000,4096
7138,u0,0,READ,0x26d000,4096
7148,u1,1,WRITE,0x10000269000,4096
7151,u0,0,READ,0x26e000,4096
7156,u2,2,WRITE,0x20001180000,262144
7159,u0,0,WRITE,0x26f000,4096
7161,u1,1,WRITE,0x1000026a000,4096
7171,u0,0,READ,0x270000,4096
7173,u1,1,WRITE,0x1000026b000,4096
7174,u3,3,READ,0x30001180000,262144
7179,u0,0,READ,0x271000,4096
7181,u1,1,WRITE,0x1000026c000,4096
7189,u0,0,READ,0x272000,4096
7191,u1,1,READ,0x1000026d000,4096
7200,u1,1,READ,0x1000026e000,4096
7203,u0,0,WRITE,0x273000,4096
7215,u1,1,WRITE,0x1000026f000,4096
7218,u0,0,WRITE,0x274000,4096
7224,u1,1,WRITE,0x10000270000,4096
7230,u0,0,WRITE,0x275000,4096
7238,u0,0,WRITE,0x276000,4096
7238,u1,1,WRITE,0x10000271000,4096
7246,u0,0,READ,0x277000,4096
7250,u2,2,READ,0x200011c0000,262144
7251,u1,1,READ,0x10000272000,4096
7257,u0,0,WRITE,0x278000,4096
7259,u1,1,WRITE,0x10000273000,4096
7266,u0,0,WRITE,0x279000,4096
7268,u1,1,WRITE,0x10000274000,4096
7277,u3,3,READ,0x300011c0000,262144
7280,u1,1,READ,0x10000275000,4096
7281,u0,0,WRITE,0x27a000,4096
7291,u0,0,READ,0x27b000,4096
7292,u1,1,READ,0x10000276000,4096
7300,u1,1,WRITE,0x10000277000,4096
7301,u0,0,READ,0x27c000,4096
7308,u1,1,WRITE,0x10000278000,4096
7309,u0,0,READ,0x27d000,4096
7318,u0,0,READ,0x27e000,4096
7318,u1,1,READ,0x10000279000,4096
7326,u1,1,WRITE,0x1000027a000,4096
7329,u0,0,READ,0x27f000,4096
7338,u1,1,WRITE,0x1000027b000,4096
7343,u0,0,WRITE,0x280000,4096
7352,u1,1,READ,0x1000027c000,4096
7353,u2,2,READ,0x20001200000,262144
7355,u0,0,READ,0x281000,4096
7364,u1,1,READ,0x1000027d000,4096
7366,u0,0,READ,0x282000,4096
7369,u3,3,READ,0x30001200000,262144
7375,u1,1,READ,0x1000027e000,4096
7378,u0,0,WRITE,0x283000,4096
7387,u1,1,READ,0x1000027f000,4096
7392,u0,0,WRITE,0x284000,4096
7401,u0,0,WRITE,0x285000,4096
7401,u1,1,WRITE,0x10000280000,4096
7410,u0,0,READ,0x286000,4096
7416,u1,1,WRITE,0x10000281000,4096
7423,u0,0,WRITE,0x287000,4096
7424,u1,1,WRITE,0x10000282000,4096
7435,u1,1,WRITE,0x10000283000,4096
7438,u0,0,READ,0x288000,4096
7449,u0,0,READ,0x289000,4096
7449,u1,1,READ,0x10000284000,4096
7459,u1,1,WRITE,0x10000285000,4096
7459,u3,3,READ,0x30001240000,262144
7464,u0,0,READ,0x28a000,4096
7467,u1,1,WRITE,0x10000286000,4096
7470,u2,2,READ,0x20001240000,262144
7474,u0,0,READ,0x28b000,4096
7475,u1,1,READ,0x10000287000,4096
7483,u1,1,WRITE,0x10000288000,4096
7488,u0,0,WRITE,0x28c000,4096
7492,u1,1,WRITE,0x10000289000,4096
7500,u1,1,READ,0x1000028a000,4096
7503,u0,0,READ,0x28d000,4096
7511,u1,1,READ,0x1000028b000,4096
7516,u0,0,READ,0x28e000,4096
7524,u1,1,WRITE,0x1000028c000,4096
7526,u0,0,READ,0x28f000,4096
7536,u0,0,READ,0x290000,4096
7539,u1,1,WRITE,0x1000028d000,4096
7545,u0,0,WRITE,0x291000,4096
7550,u2,2,WRITE,0x20001280000,262144
7553,u1,1,WRITE,0x1000028e000,4096
7555,u3,3,WRITE,0x30001280000,262144
7557,u0,0,READ,0x292000,4096
7566,u0,0,READ,0x293000,4096
7568,u1,1,WRITE,0x1000028f000,4096
7574,u0,0,WRITE,0x294000,4096
7578,u1,1,READ,0x10000290000,4096
7582,u0,0,READ,0x295000,4096
7589,u1,1,READ,0x10000291000,4096
7597,u0,0,READ,0x296000,4096
7598,u1,1,READ,0x10000292000,4096
7607,u1,1,WRITE,0x10000293000,4096
7611,u0,0,WRITE,0x297000,4096
7621,u1,1,WRITE,0x10000294000,4096
7622,u0,0,READ,0x298000,4096
7630,u0,0,READ,0x299000,4096
7631,u1,1,WRITE,0x10000295000,4096
7640,u0,0,READ,0x29a000,4096
7642,u1,1,WRITE,0x10000296000,4096
7647,u3,3,READ,0x300012c0000,262144
7652,u0,0,READ,0x29b000,4096
7657,u1,1,READ,0x10000297000,4096
7666,u0,0,WRITE,0x29c000,4096
7668,u2,2,READ,0x200012c0000,262144
7671,u1,1,READ,0x10000298000,4096
7681,u0,0,WRITE,0x29d000,4096
7684,u1,1,READ,0x10000299000,4096
7692,u0,0,WRITE,0x29e000,4096
7697,u1,1,WRITE,0x1000029a000,4096
7705,u0,0,WRITE,0x29f000,4096
7706,u1,1,WRITE,0x1000029b000,4096
7714,u1,1,READ,0x1000029c000,4096
7717,u0,0,WRITE,0x2a0000,4096
7724,u1,1,READ,0x1000029d000,4096
7730,u0,0,WRITE,0x2a1000,4096
7734,u1,1,WRITE,0x1000029e000,4096
7739,u0,0,READ,0x2a2000,4096
7743,u3,3,READ,0x30001300000,262144
7744,u1,1,WRITE,0x1000029f000,4096
7753,u0,0,READ,0x2a3000,4096
7756,u1,1,WRITE,0x100002a0000,4096
7766,u0,0,WRITE,0x2a4000,4096
7766,u1,1,WRITE,0x100002a1000,4096
7768,u2,2,WRITE,0x20001300000,262144
7778,u0,0,READ,0x2a5000,4096
7780,u1,1,READ,0x100002a2000,4096
7788,u0,0,READ,0x2a6000,4096
7791,u1,1,READ,0x100002a3000,4096
7797,u0,0,WRITE,0x2a7000,4096
7801,u1,1,WRITE,0x100002a4000,4096
7810,u0,0,READ,0x2a8000,4096
7815,u1,1,READ,0x100002a5000,4096
7825,u0,0,WRITE,0x2a9000,4096
7830,u1,1,WRITE,0x100002a6000,4096
7838,u0,0,WRITE,0x2aa000,4096
7842,u1,1,WRITE,0x100002a7000,4096
7848,u0,0,READ,0x2ab000,4096
7855,u1,1,WRITE,0x100002a8000,4096
7858,u0,0,WRITE,0x2ac000,4096
7860,u3,3,READ,0x30001340000,262144
7863,u1,1,WRITE,0x100002a9000,4096
7864,u2,2,READ,0x20001340000,262144
7871,u0,0,READ,0x2ad000,4096
7874,u1,1,WRITE,0x100002aa000,4096
7880,u0,0,READ,0x2ae000,4096
7887,u1,1,READ,0x100002ab000,4096
7892,u0,0,WRITE,0x2af000,4096
7900,u1,1,READ,0x100002ac000,4096
7902,u0,0,WRITE,0x2b0000,4096
7910,u1,1,WRITE,0x100002ad000,4096
7912,u0,0,READ,0x2b1000,4096
7921,u1,1,READ,0x100002ae000,4096
7925,u0,0,WRITE,0x2b2000,4096
7932,u1,1,WRITE,0x100002af000,4096
7938,u0,0,WRITE,0x2b3000,4096
7941,u1,1,WRITE,0x100002b0000,4096
7943,u3,3,READ,0x30001380000,262144
7949,u0,0,WRITE,0x2b4000,4096
7950,u1,1,WRITE,0x100002b1000,4096
7958,u1,1,READ,0x100002b2000,4096
7962,u0,0,WRITE,0x2b5000,4096
7972,u0,0,WRITE,0x2b6000,4096
7973,u1,1,READ,0x100002b3000,4096
7978,u2,2,WRITE,0x20001380000,262144
7980,u0,0,READ,0x2b7000,4096
7981,u1,1,WRITE,0x100002b4000,4096
7991,u1,1,WRITE,0x100002b5000,4096
7995,u0,0,READ,0x2b8000,4096
8000,u1,1,READ,0x100002b6000,4096
8008,u1,1,WRITE,0x100002b7000,4096
8010,u0,0,WRITE,0x2b9000,4096
8019,u0,0,WRITE,0x2ba000,4096
8020,u1,1,READ,0x100002b8000,4096
8034,u0,0,WRITE,0x2bb000,4096
8035,u1,1,WRITE,0x100002b9000,4096
8045,u1,1,WRITE,0x100002ba000,4096
8047,u0,0,READ,0x2bc000,4096
8055,u1,1,READ,0x100002bb000,4096
8059,u0,0,WRITE,0x2bd000,4096
8063,u3,3,READ,0x300013c0000,262144
8064,u1,1,READ,0x100002bc000,4096
8072,u0,0,READ,0x2be000,4096
8076,u1,1,WRITE,0x100002bd000,4096
8078,u2,2,WRITE,0x200013c0000,262144
8085,u1,1,WRITE,0x100002be000,4096
8087,u0,0,READ,0x2bf000,4096
8094,u1,1,READ,0x100002bf000,4096
8102,u0,0,READ,0x2c0000,4096
8104,u1,1,WRITE,0x100002c0000,4096
8114,u0,0,WRITE,0x2c1000,4096
8117,u1,1,WRITE,0x100002c1000,4096
8126,u0,0,WRITE,0x2c2000,4096
8129,u1,1,WRITE,0x100002c2000,4096
8137,u0,0,READ,0x2c3000,4096
8144,u1,1,READ,0x100002c3000,4096
8151,u0,0,READ,0x2c4000,4096
8156,u1,1,READ,0x100002c4000,4096
8159,u0,0,READ,0x2c5000,4096
8159,u2,2,WRITE,0x20001400000,262144
8164,u1,1,WRITE,0x100002c5000,4096
8167,u0,0,READ,0x2c6000,4096
8170,u3,3,READ,0x30001400000,262144
8174,u1,1,READ,0x100002c6000,4096
8177,u0,0,READ,0x2c7000,4096
8188,u1,1,READ,0x100002c7000,4096
8191,u0,0,READ,0x2c8000,4096
8196,u1,1,WRITE,0x100002c8000,4096
8206,u0,0,READ,0x2c9000,4096
8211,u1,1,WRITE,0x100002c9000,4096
8219,u0,0,WRITE,0x2ca000,4096
8219,u1,1,WRITE,0x100002ca000,4096
8227,u1,1,READ,0x100002cb000,4096
8234,u0,0,READ,0x2cb000,4096
8235,u1,1,READ,0x100002cc000,4096
8245,u0,0,WRITE,0x2cc000,4096
8250,u1,1,READ,0x100002cd000,4096
8251,u3,3,READ,0x30001440000,262144
8258,u0,0,WRITE,0x2cd000,4096
8261,u1,1,WRITE,0x100002ce000,4096
8266,u2,2,READ,0x20001440000,262144
8270,u0,0,WRITE,0x2ce000,4096
8274,u1,1,READ,0x100002cf000,4096
8284,u0,0,READ,0x2cf000,4096
8284,u1,1,WRITE,0x100002d0000,4096
8293,u0,0,READ,0x2d0000,4096
8294,u1,1,READ,0x100002d1000,4096
8301,u0,0,WRITE,0x2d1000,4096
8307,u1,1,WRITE,0x100002d2000,4096
8313,u0,0,READ,0x2d2000,4096
8321,u1,1,WRITE,0x100002d3000,4096
8323,u0,0,WRITE,0x2d3000,4096
8333,u1,1,READ,0x100002d4000,4096
8335,u0,0,WRITE,0x2d4000,4096
8336,u3,3,READ,0x30001480000,262144
8341,u1,1,READ,0x100002d5000,4096
8346,u2,2,READ,0x20001480000,262144
8348,u0,0,WRITE,0x2d5000,4096
8354,u1,1,WRITE,0x100002d6000,4096
8362,u0,0,READ,0x2d6000,4096
8363,u1,1,READ,0x100002d7000,4096
8374,u1,1,READ,0x100002d8000,4096
8376,u0,0,READ,0x2d7000,4096
8384,u1,1,READ,0x100002d9000,4096
8387,u0,0,READ,0x2d8000,4096
8394,u1,1,READ,0x100002da000,4096
8399,u0,0,READ,0x2d9000,4096
8406,u1,1,WRITE,0x100002db000,4096
8414,u0,0,WRITE,0x2da000,4096
8414,u1,1,READ,0x100002dc000,4096
8427,u1,1,READ,0x100002dd000,4096
8427,u3,3,READ,0x300014c0000,262144
8428,u0,0,WRITE,0x2db000,4096
8435,u1,1,READ,0x100002de000,4096
8441,u0,0,WRITE,0x2dc000,4096
8450,u0,0,WRITE,0x2dd000,4096
8450,u1,1,WRITE,0x100002df000,4096
8453,u2,2,WRITE,0x200014c0000,262144
8462,u0,0,READ,0x2de000,4096
8462,u1,1,WRITE,0x100002e0000,4096
8476,u0,0,WRITE,0x2df000,4096
8476,u1,1,READ,0x100002e1000,4096
8487,u0,0,READ,0x2e0000,4096
8489,u1,1,WRITE,0x100002e2000,4096
8495,u0,0,WRITE,0x2e1000,4096
8504,u1,1,WRITE,0x100002e3000,4096
8506,u0,0,WRITE,0x2e2000,4096
8511,u3,3,WRITE,0x30001500000,262144
8514,u1,1,WRITE,0x100002e4000,4096
8518,u0,0,READ,0x2e3000,4096
8529,u1,1,READ,0x100002e5000,4096
8530,u0,0,WRITE,0x2e4000,4096
8540,u0,0,READ,0x2e5000,4096
8544,u1,1,READ,0x100002e6000,4096
8544,u2,2,READ,0x20001500000,262144
8552,u1,1,WRITE,0x100002e7000,4096
8553,u0,0,READ,0x2e6000,4096
8563,u1,1,READ,0x100002e8000,4096
8564,u0,0,READ,0x2e7000,4096
8573,u1,1,WRITE,0x100002e9000,4096
8579,u0,0,WRITE,0x2e8000,4096
8581,u1,1,WRITE,0x100002ea000,4096
8590,u1,1,WRITE,0x100002eb000,4096
8591,u0,0,WRITE,0x2e9000,4096
8598,u1,1,READ,0x100002ec000,4096
8603,u0,0,READ,0x2ea000,4096
8607,u3,3,WRITE,0x30001540000,262144
8612,u1,1,READ,0x100002ed000,4096
8615,u0,0,WRITE,0x2eb000,4096
8627,u1,1,READ,0x100002ee000,4096
8628,u0,0,WRITE,0x2ec000,4096
8636,u1,1,WRITE,0x100002ef000,4096
8636,u2,2,WRITE,0x20001540000,262144
8641,u0,0,WRITE,0x2ed000,4096
8648,u1,1,WRITE,0x100002f0000,4096
8650,u0,0,READ,0x2ee000,4096
8658,u1,1,READ,0x100002f1000,4096
8661,u0,0,WRITE,0x2ef000,4096
8668,u1,1,READ,0x100002f2000,4096
8676,u0,0,WRITE,0x2f0000,4096
8676,u1,1,READ,0x100002f3000,4096
8688,u0,0,WRITE,0x2f1000,4096
8691,u1,1,WRITE,0x100002f4000,4096
8698,u0,0,READ,0x2f2000,4096
8706,u1,1,READ,0x100002f5000,4096
8707,u0,0,WRITE,0x2f3000,4096
8708,u3,3,WRITE,0x30001580000,262144
8717,u0,0,WRITE,0x2f4000,4096
8720,u1,1,WRITE,0x100002f6000,4096
8729,u0,0,WRITE,0x2f5000,4096
8730,u1,1,WRITE,0x100002f7000,4096
8739,u0,0,READ,0x2f6000,4096
8744,u2,2,READ,0x20001580000,262144
8745,u1,1,READ,0x100002f8000,4096
8750,u0,0,READ,0x2f7000,4096
8760,u0,0,READ,0x2f8000,4096
8760,u1,1,READ,0x100002f9000,4096
8769,u0,0,READ,0x2f9000,4096
8773,u1,1,READ,0x100002fa000,4096
8781,u0,0,WRITE,0x2fa000,4096
8786,u1,1,WRITE,0x100002fb000,4096
8793,u0,0,WRITE,0x2fb000,4096
8799,u1,1,WRITE,0x100002fc000,4096
8805,u0,0,WRITE,0x2fc000,4096
8812,u1,1,READ,0x100002fd000,4096
8819,u0,0,READ,0x2fd000,4096
8819,u3,3,READ,0x300015c0000,262144
8826,u1,1,WRITE,0x100002fe000,4096
8831,u2,2,READ,0x200015c0000,262144
8832,u0,0,READ,0x2fe000,4096
8838,u1,1,WRITE,0x100002ff000,4096
8842,u0,0,WRITE,0x2ff000,4096
8853,u0,0,WRITE,0x300000,4096
8853,u1,1,WRITE,0x10000300000,4096
8862,u0,0,WRITE,0x301000,4096
8867,u1,1,READ,0x10000301000,4096
8875,u0,0,READ,0x302000,4096
8882,u1,1,READ,0x10000302000,4096
8885,u0,0,WRITE,0x303000,4096
8890,u1,1,READ,0x10000303000,4096
8895,u0,0,WRITE,0x304000,4096
8900,u1,1,READ,0x10000304000,4096
8905,u0,0,READ,0x305000,4096
8912,u1,1,READ,0x10000305000,4096
8917,u0,0,WRITE,0x306000,4096
8921,u3,3,READ,0x30001600000,262144
8924,u1,1,READ,0x10000306000,4096
8929,u2,2,WRITE,0x20001600000,262144
8930,u0,0,WRITE,0x307000,4096
8935,u1,1,READ,0x10000307000,4096
8940,u0,0,WRITE,0x308000,4096
8950,u0,0,READ,0x309000,4096
8950,u1,1,WRITE,0x10000308000,4096
8963,u1,1,READ,0x10000309000,4096
8964,u0,0,READ,0x30a000,4096
8975,u1,1,WRITE,0x1000030a000,4096
8976,u0,0,READ,0x30b000,4096
8987,u0,0,READ,0x30c000,4096
8987,u1,1,READ,0x1000030b000,4096
8995,u1,1,READ,0x1000030c000,4096
8999,u0,0,READ,0x30d000,4096
9004,u1,1,WRITE,0x1000030d000,4096
9010,u0,0,WRITE,0x30e000,4096
9015,u3,3,READ,0x30001640000,262144
9016,u1,1,READ,0x1000030e000,4096
9025,u0,0,READ,0x30f000,4096
9029,u1,1,WRITE,0x1000030f000,4096
9035,u0,0,WRITE,0x310000,4096
9039,u2,2,READ,0x20001640000,262144
9043,u1,1,READ,0x10000310000,4096
9046,u0,0,WRITE,0x311000,4096
9054,u1,1,READ,0x10000311000,4096
9056,u0,0,READ,0x312000,4096
9068,u1,1,WRITE,0x10000312000,4096
9069,u0,0,READ,0x313000,4096
9077,u0,0,READ,0x314000,4096
9081,u1,1,WRITE,0x10000313000,4096
9085,u0,0,READ,0x315000,4096
9090,u1,1,WRITE,0x10000314000,4096
9095,u0,0,READ,0x316000,4096
9104,u1,1,WRITE,0x10000315000,4096
9106,u0,0,WRITE,0x317000,4096
9115,u1,1,WRITE,0x10000316000,4096
9118,u0,0,WRITE,0x318000,4096
9120,u3,3,WRITE,0x30001680000,262144
9130,u1,1,WRITE,0x10000317000,4096
9132,u0,0,WRITE,0x319000,4096
9143,u1,1,WRITE,0x10000318000,4096
9146,u0,0,WRITE,0x31a000,4096
9152,u2,2,READ,0x20001680000,262144
9156,u1,1,READ,0x10000319000,4096
9159,u0,0,READ,0x31b000,4096
9168,u1,1,READ,0x1000031a000,4096
9174,u0,0,READ,0x31c000,4096
9177,u1,1,WRITE,0x1000031b000,4096
9187,u0,0,READ,0x31d000,4096
9188,u1,1,WRITE,0x1000031c000,4096
9196,u0,0,WRITE,0x31e000,4096
9198,u1,1,READ,0x1000031d000,4096
9209,u0,0,READ,0x31f000,4096
9213,u1,1,WRITE,0x1000031e000,4096
9220,u0,0,READ,0x320000,4096
9228,u1,1,WRITE,0x1000031f000,4096
9235,u0,0,READ,0x321000,4096
9235,u3,3,WRITE,0x300016c0000,262144
9237,u1,1,WRITE,0x10000320000,4096
9240,u2,2,READ,0x200016c0000,262144
9246,u1,1,WRITE,0x10000321000,4096
9248,u0,0,READ,0x322000,4096
9259,u0,0,WRITE,0x323000,4096
9260,u1,1,READ,0x10000322000,4096
9274,u0,0,READ,0x324000,4096
9275,u1,1,READ,0x10000323000,4096
9285,u0,0,READ,0x325000,4096
9286,u1,1,READ,0x10000324000,4096
9295,u0,0,WRITE,0x326000,4096
9298,u1,1,WRITE,0x10000325000,4096
9306,u0,0,WRITE,0x327000,4096
9306,u1,1,WRITE,0x10000326000,4096
9318,u0,0,WRITE,0x328000,4096
9319,u1,1,WRITE,0x10000327000,4096
9330,u0,0,WRITE,0x329000,4096
9334,u1,1,READ,0x10000328000,4096
9337,u3,3,READ,0x30001700000,262144
9338,u0,0,WRITE,0x32a000,4096
9342,u2,2,READ,0x20001700000,262144
9346,u1,1,READ,0x10000329000,4096
9348,u0,0,WRITE,0x32b000,4096
9360,u1,1,WRITE,0x1000032a000,4096
9363,u0,0,WRITE,0x32c000,4096
9372,u1,1,READ,0x1000032b000,4096
9376,u0,0,WRITE,0x32d000,4096
9383,u1,1,WRITE,0x1000032c000,4096
9384,u0,0,WRITE,0x32e000,4096
9395,u1,1,WRITE,0x1000032d000,4096
9398,u0,0,WRITE,0x32f000,4096
9406,u0,0,READ,0x330000,4096
9409,u1,1,WRITE,0x1000032e000,4096
9414,u0,0,READ,0x331000,4096
9420,u1,1,WRITE,0x1000032f000,4096
9424,u0,0,READ,0x332000,4096
9426,u3,3,READ,0x30001740000,262144
9434,u1,1,READ,0x10000330000,4096
9439,u0,0,READ,0x333000,4096
9443,u1,1,WRITE,0x10000331000,4096
9449,u0,0,WRITE,0x334000,4096
9455,u2,2,WRITE,0x20001740000,262144
9458,u0,0,WRITE,0x335000,4096
9458,u1,1,WRITE,0x10000332000,4096
9470,u0,0,READ,0x336000,4096
9472,u1,1,READ,0x10000333000,4096
9481,u0,0,WRITE,0x337000,4096
9485,u1,1,WRITE,0x10000334000,4096
9493,u1,1,WRITE,0x10000335000,4096
9494,u0,0,WRITE,0x338000,4096
9502,u0,0,READ,0x339000,4096
9504,u1,1,READ,0x10000336000,4096
9513,u0,0,READ,0x33a000,4096
9518,u1,1,WRITE,0x10000337000,4096
9526,u0,0,WRITE,0x33b000,4096
9528,u1,1,WRITE,0x10000338000,4096
9541,u0,0,WRITE,0x33c000,4096
9543,u1,1,WRITE,0x10000339000,4096
9544,u3,3,READ,0x30001780000,262144
9550,u0,0,READ,0x33d000,4096
9550,u2,2,READ,0x20001780000,262144
9551,u1,1,WRITE,0x1000033a000,4096
9559,u1,1,WRITE,0x1000033b000,4096
9565,u0,0,WRITE,0x33e000,4096
9570,u1,1,WRITE,0x1000033c000,4096
9573,u0,0,READ,0x33f000,4096
9580,u1,1,WRITE,0x1000033d000,4096
9584,u0,0,READ,0x340000,4096
9588,u1,1,READ,0x1000033e000,4096
9592,u0,0,WRITE,0x341000,4096
9600,u0,0,WRITE,0x342000,4096
9603,u1,1,READ,0x1000033f000,4096
9612,u0,0,WRITE,0x343000,4096
9613,u1,1,WRITE,0x10000340000,4096
9625,u1,1,WRITE,0x10000341000,4096
9627,u0,0,READ,0x344000,4096
9637,u0,0,WRITE,0x345000,4096
9638,u1,1,WRITE,0x10000342000,4096
9647,u3,3,READ,0x300017c0000,262144
9649,u0,0,READ,0x346000,4096
9653,u1,1,READ,0x10000343000,4096
9657,u2,2,WRITE,0x200017c0000,262144
9660,u0,0,WRITE,0x347000,4096
9666,u1,1,READ,0x10000344000,4096
9668,u0,0,READ,0x348000,4096
9675,u1,1,WRITE,0x10000345000,4096
9682,u0,0,READ,0x349000,4096
9689,u1,1,WRITE,0x10000346000,4096
9695,u0,0,WRITE,0x34a000,4096
9700,u1,1,READ,0x10000347000,4096
9710,u0,0,READ,0x34b000,4096
9711,u1,1,READ,0x10000348000,4096
9722,u1,1,READ,0x10000349000,4096
9723,u0,0,WRITE,0x34c000,4096
9731,u0,0,WRITE,0x34d000,4096
9733,u1,1,READ,0x1000034a000,4096
9740,u0,0,READ,0x34e000,4096
9740,u2,2,WRITE,0x20001800000,262144
9745,u1,1,READ,0x1000034b000,4096
9748,u0,0,READ,0x34f000,4096
9756,u1,1,WRITE,0x1000034c000,4096
9760,u3,3,WRITE,0x30001800000,262144
9763,u0,0,READ,0x350000,4096
9768,u1,1,READ,0x1000034d000,4096
9774,u0,0,READ,0x351000,4096
9778,u1,1,READ,0x1000034e000,4096
9786,u0,0,WRITE,0x352000,4096
9791,u1,1,WRITE,0x1000034f000,4096
9796,u0,0,READ,0x353000,4096
9799,u1,1,WRITE,0x10000350000,4096
9809,u1,1,READ,0x10000351000,4096
9810,u0,0,WRITE,0x354000,4096
9819,u0,0,WRITE,0x355000,4096
9822,u1,1,WRITE,0x10000352000,4096
9828,u0,0,READ,0x356000,4096
9831,u1,1,WRITE,0x10000353000,4096
9838,u0,0,READ,0x357000,4096
9845,u1,1,WRITE,0x10000354000,4096
9849,u0,0,WRITE,0x358000,4096
9855,u2,2,WRITE,0x20001840000,262144
9860,u1,1,READ,0x10000355000,4096
9861,u0,0,WRITE,0x359000,4096
9865,u3,3,READ,0x30001840000,262144
9871,u1,1,READ,0x10000356000,4096
9874,u0,0,WRITE,0x35a000,4096
9883,u1,1,WRITE,0x10000357000,4096
9886,u0,0,WRITE,0x35b000,4096
9896,u0,0,READ,0x35c000,4096
9897,u1,1,READ,0x10000358000,4096
9910,u0,0,READ,0x35d000,4096
9912,u1,1,WRITE,0x10000359000,4096
9921,u0,0,WRITE,0x35e000,4096
9922,u1,1,READ,0x1000035a000,4096
9932,u0,0,WRITE,0x35f000,4096
9937,u1,1,READ,0x1000035b000,4096
9944,u0,0,READ,0x360000,4096
9945,u1,1,READ,0x1000035c000,4096
9954,u1,1,READ,0x1000035d000,4096
9955,u3,3,READ,0x30001880000,262144
9958,u0,0,READ,0x361000,4096
9966,u0,0,READ,0x362000,4096
9967,u2,2,READ,0x20001880000,262144
9968,u1,1,READ,0x1000035e000,4096
9980,u0,0,WRITE,0x363000,4096
9983,u1,1,READ,0x1000035f000,4096
9993,u0,0,WRITE,0x364000,4096
9995,u1,1,READ,0x10000360000,4096
10006,u1,1,READ,0x10000361000,4096
10008,u0,0,READ,0x365000,4096
10017,u0,0,WRITE,0x366000,4096
10020,u1,1,READ,0x10000362000,4096
10026,u0,0,READ,0x367000,4096
10034,u1,1,WRITE,0x10000363000,4096
10040,u0,0,READ,0x368000,4096
10045,u1,1,READ,0x10000364000,4096
10050,u0,0,WRITE,0x369000,4096
10058,u1,1,READ,0x10000365000,4096
10062,u0,0,WRITE,0x36a000,4096
10067,u1,1,WRITE,0x10000366000,4096
10070,u3,3,WRITE,0x300018c0000,262144
10077,u0,0,WRITE,0x36b000,4096
10077,u1,1,WRITE,0x10000367000,4096
10077,u2,2,WRITE,0x200018c0000,262144
10092,u0,0,WRITE,0x36c000,4096
10092,u1,1,READ,0x10000368000,4096
10102,u1,1,READ,0x10000369000,4096
10105,u0,0,READ,0x36d000,4096
10111,u1,1,READ,0x1000036a000,4096
10120,u0,0,READ,0x36e000,4096
10120,u1,1,READ,0x1000036b000,4096
10130,u0,0,READ,0x36f000,4096
10131,u1,1,WRITE,0x1000036c000,4096
10140,u1,1,READ,0x1000036d000,4096
10141,u0,0,WRITE,0x370000,4096
10150,u0,0,READ,0x371000,4096
10151,u1,1,WRITE,0x1000036e000,4096
10157,u2,2,WRITE,0x20001900000,262144
10162,u0,0,READ,0x372000,4096
10164,u1,1,READ,0x1000036f000,4096
10172,u0,0,WRITE,0x373000,4096
10176,u1,1,WRITE,0x10000370000,4096
10184,u0,0,WRITE,0x374000,4096
10186,u1,1,READ,0x10000371000,4096
10187,u3,3,WRITE,0x30001900000,262144
10196,u1,1,WRITE,0x10000372000,4096
10199,u0,0,WRITE,0x375000,4096
10207,u1,1,READ,0x10000373000,4096
10211,u0,0,READ,0x376000,4096
10222,u1,1,READ,0x10000374000,4096
10223,u0,0,READ,0x377000,4096
10232,u1,1,READ,0x10000375000,4096
10234,u0,0,READ,0x378000,4096
10243,u0,0,WRITE,0x379000,4096
10245,u1,1,WRITE,0x10000376000,4096
10258,u0,0,READ,0x37a000,4096
10258,u1,1,WRITE,0x10000377000,4096
10268,u0,0,WRITE,0x37b000,4096
10269,u1,1,READ,0x10000378000,4096
10269,u2,2,WRITE,0x20001940000,262144
10278,u0,0,WRITE,0x37c000,4096
10283,u1,1,WRITE,0x10000379000,4096
10289,u0,0,WRITE,0x37d000,4096
10292,u1,1,WRITE,0x1000037a000,4096
10299,u0,0,READ,0x37e000,4096
10300,u1,1,READ,0x1000037b000,4096
10304,u3,3,READ,0x30001940000,262144
10310,u0,0,WRITE,0x37f000,4096
10313,u1,1,WRITE,0x1000037c000,4096
10323,u1,1,READ,0x1000037d000,4096
10325,u0,0,READ,0x380000,4096
10333,u1,1,READ,0x1000037e000,4096
10338,u0,0,READ,0x381000,4096
10341,u1,1,WRITE,0x1000037f000,4096
10349,u1,1,WRITE,0x10000380000,4096
10353,u0,0,WRITE,0x382000,4096
10359,u2,2,WRITE,0x20001980000,262144
10362,u0,0,READ,0x383000,4096
10363,u1,1,WRITE,0x10000381000,4096
10373,u0,0,READ,0x384000,4096
10374,u1,1,READ,0x10000382000,4096
10386,u0,0,READ,0x385000,4096
10387,u1,1,WRITE,0x10000383000,4096
10399,u0,0,WRITE,0x386000,4096
10401,u1,1,READ,0x10000384000,4096
10408,u0,0,READ,0x387000,4096
10414,u1,1,WRITE,0x10000385000,4096
10418,u0,0,WRITE,0x388000,4096
10418,u3,3,WRITE,0x30001980000,262144
10423,u1,1,WRITE,0x10000386000,4096
10428,u0,0,READ,0x389000,4096
10433,u1,1,WRITE,0x10000387000,4096
10442,u0,0,READ,0x38a000,4096
10444,u1,1,WRITE,0x10000388000,4096
10450,u0,0,WRITE,0x38b000,4096
10458,u0,0,WRITE,0x38c000,4096
10459,u1,1,READ,0x10000389000,4096
10471,u0,0,WRITE,0x38d000,4096
10473,u1,1,WRITE,0x1000038a000,4096
10476,u2,2,WRITE,0x200019c0000,262144
10481,u1,1,READ,0x1000038b000,4096
10482,u0,0,READ,0x38e000,4096
10490,u0,0,WRITE,0x38f000,4096
10494,u1,1,WRITE,0x1000038c000,4096
10501,u0,0,READ,0x390000,4096
10509,u1,1,WRITE,0x1000038d000,4096
10513,u0,0,READ,0x391000,4096
10520,u1,1,WRITE,0x1000038e000,4096
10524,u0,0,WRITE,0x392000,4096
10531,u1,1,WRITE,0x1000038f000,4096
10533,u3,3,WRITE,0x300019c0000,262144
10538,u0,0,READ,0x393000,4096
10539,u1,1,READ,0x10000390000,4096
10549,u0,0,READ,0x394000,4096
10549,u1,1,READ,0x10000391000,4096
10562,u0,0,READ,0x395000,4096
10563,u1,1,READ,0x10000392000,4096
10574,u0,0,WRITE,0x396000,4096
10575,u1,1,READ,0x10000393000,4096
10578,u2,2,READ,0x20001a00000,262144
10587,u1,1,READ,0x10000394000,4096
10589,u0,0,WRITE,0x397000,4096
10600,u1,1,READ,0x10000395000,4096
10604,u0,0,WRITE,0x398000,4096
10612,u0,0,WRITE,0x399000,4096
10615,u1,1,WRITE,0x10000396000,4096
10620,u0,0,READ,0x39a000,4096
10623,u1,1,READ,0x10000397000,4096
10628,u0,0,READ,0x39b000,4096
10637,u1,1,READ,0x10000398000,4096
10639,u3,3,WRITE,0x30001a00000,262144
10642,u0,0,READ,0x39c000,4096
10650,u1,1,WRITE,0x10000399000,4096
10654,u0,0,WRITE,0x39d000,4096
10658,u1,1,WRITE,0x1000039a000,4096
10665,u0,0,WRITE,0x39e000,4096
10665,u2,2,READ,0x20001a40000,262144
10671,u1,1,WRITE,0x1000039b000,4096
10673,u0,0,WRITE,0x39f000,4096
10685,u0,0,WRITE,0x3a0000,4096
10685,u1,1,WRITE,0x1000039c000,4096
10694,u0,0,WRITE,0x3a1000,4096
10700,u1,1,WRITE,0x1000039d000,4096
10709,u0,0,WRITE,0x3a2000,4096
10710,u1,1,READ,0x1000039e000,4096
10720,u1,1,READ,0x1000039f000,4096
10721,u0,0,READ,0x3a3000,4096
10728,u1,1,READ,0x100003a0000,4096
10736,u0,0,READ,0x3a4000,4096
10736,u1,1,READ,0x100003a1000,4096
10747,u1,1,WRITE,0x100003a2000,4096
10750,u0,0,READ,0x3a5000,4096
10751,u3,3,WRITE,0x30001a40000,262144
10756,u1,1,WRITE,0x100003a3000,4096
10765,u0,0,READ,0x3a6000,4096
10770,u1,1,WRITE,0x100003a4000,4096
10774,u0,0,WRITE,0x3a7000,4096
10782,u2,2,READ,0x20001a80000,262144
10785,u1,1,WRITE,0x100003a5000,4096
10789,u0,0,WRITE,0x3a8000,4096
10794,u1,1,WRITE,0x100003a6000,4096
10801,u0,0,WRITE,0x3a9000,4096
10805,u1,1,READ,0x100003a7000,4096
10814,u0,0,READ,0x3aa000,4096
10816,u1,1,READ,0x100003a8000,4096
10825,u1,1,WRITE,0x100003a9000,4096
10827,u0,0,WRITE,0x3ab000,4096
10831,u3,3,READ,0x30001a80000,262144
10834,u1,1,WRITE,0x100003aa000,4096
10841,u0,0,READ,0x3ac000,4096
10844,u1,1,WRITE,0x100003ab000,4096
10851,u0,0,READ,0x3ad000,4096
10854,u1,1,WRITE,0x100003ac000,4096
10863,u1,1,READ,0x100003ad000,4096
10866,u0,0,READ,0x3ae000,4096
10871,u2,2,READ,0x20001ac0000,262144
10873,u1,1,READ,0x100003ae000,4096
10878,u0,0,READ,0x3af000,4096
10887,u1,1,WRITE,0x100003af000,4096
10891,u0,0,WRITE,0x3b0000,4096
10896,u1,1,READ,0x100003b0000,4096
10900,u0,0,READ,0x3b1000,4096
10906,u1,1,WRITE,0x100003b1000,4096
10915,u0,0,READ,0x3b2000,4096
10919,u1,1,READ,0x100003b2000,4096
10926,u0,0,WRITE,0x3b3000,4096
10929,u1,1,READ,0x100003b3000,4096
10936,u0,0,READ,0x3b4000,4096
10936,u3,3,WRITE,0x30001ac0000,262144
10939,u1,1,READ,0x100003b4000,4096
10946,u0,0,READ,0x3b5000,4096
10950,u1,1,READ,0x100003b5000,4096
10957,u0,0,WRITE,0x3b6000,4096
10961,u1,1,WRITE,0x100003b6000,4096
10967,u0,0,READ,0x3b7000,4096
10969,u1,1,READ,0x100003b7000,4096
10973,u2,2,WRITE,0x20001b00000,262144
10975,u0,0,READ,0x3b8000,4096
10978,u1,1,READ,0x100003b8000,4096
10984,u0,0,READ,0x3b9000,4096
10993,u1,1,WRITE,0x100003b9000,4096
10994,u0,0,WRITE,0x3ba000,4096
11002,u0,0,READ,0x3bb000,4096
11003,u1,1,WRITE,0x100003ba000,4096
11013,u1,1,READ,0x100003bb000,4096
11014,u0,0,WRITE,0x3bc000,4096
11024,u1,1,READ,0x100003bc000,4096
11026,u0,0,WRITE,0x3bd000,4096
11037,u3,3,WRITE,0x30001b00000,262144
11039,u0,0,READ,0x3be000,4096
11039,u1,1,WRITE,0x100003bd000,4096
11050,u1,1,READ,0x100003be000,4096
11054,u0,0,READ,0x3bf000,4096
11060,u1,1,WRITE,0x100003bf000,4096
11066,u0,0,READ,0x3c0000,4096
11074,u1,1,READ,0x100003c0000,4096
11081,u0,0,WRITE,0x3c1000,4096
11084,u2,2,WRITE,0x20001b40000,262144
11089,u1,1,WRITE,0x100003c1000,4096
11095,u0,0,READ,0x3c2000,4096
11099,u1,1,WRITE,0x100003c2000,4096
11107,u0,0,READ,0x3c3000,4096
11111,u1,1,READ,0x100003c3000,4096
11118,u0,0,WRITE,0x3c4000,4096
11126,u1,1,WRITE,0x100003c4000,4096
11127,u0,0,READ,0x3c5000,4096
11128,u3,3,WRITE,0x30001b40000,262144
11138,u1,1,READ,0x100003c5000,4096
11139,u0,0,READ,0x3c6000,4096
11153,u0,0,READ,0x3c7000,4096
11153,u1,1,READ,0x100003c6000,4096
11166,u1,1,READ,0x100003c7000,4096
11168,u0,0,WRITE,0x3c8000,4096
11175,u1,1,WRITE,0x100003c8000,4096
11177,u2,2,READ,0x20001b80000,262144
11182,u0,0,WRITE,0x3c9000,4096
11183,u1,1,WRITE,0x100003c9000,4096
11191,u1,1,WRITE,0x100003ca000,4096
11197,u0,0,WRITE,0x3ca000,4096
11199,u1,1,WRITE,0x100003cb000,4096
11211,u0,0,READ,0x3cb000,4096
11213,u1,1,READ,0x100003cc000,4096
11223,u0,0,READ,0x3cc000,4096
11224,u1,1,READ,0x100003cd000,4096
11226,u3,3,WRITE,0x30001b80000,262144
11234,u1,1,READ,0x100003ce000,4096
11237,u0,0,READ,0x3cd000,4096
11245,u1,1,WRITE,0x100003cf000,4096
11250,u0,0,READ,0x3ce000,4096
11258,u1,1,READ,0x100003d0000,4096
11263,u0,0,WRITE,0x3cf000,4096
11267,u2,2,READ,0x20001bc0000,262144
11268,u1,1,READ,0x100003d1000,4096
11273,u0,0,WRITE,0x3d0000,4096
11283,u1,1,WRITE,0x100003d2000,4096
11285,u0,0,READ,0x3d1000,4096
11294,u1,1,READ,0x100003d3000,4096
11298,u0,0,WRITE,0x3d2000,4096
11304,u1,1,READ,0x100003d4000,4096
11307,u0,0,READ,0x3d3000,4096
11315,u0,0,READ,0x3d4000,4096
11318,u3,3,READ,0x30001bc0000,262144
11319,u1,1,WRITE,0x100003d5000,4096
11330,u0,0,WRITE,0x3d5000,4096
11334,u1,1,READ,0x100003d6000,4096
11344,u1,1,WRITE,0x100003d7000,4096
11345,u0,0,WRITE,0x3d6000,4096
11355,u1,1,WRITE,0x100003d8000,4096
11360,u0,0,READ,0x3d7000,4096
11365,u1,1,READ,0x100003d9000,4096
11372,u0,0,READ,0x3d8000,4096
11379,u1,1,READ,0x100003da000,4096
11380,u0,0,READ,0x3d9000,4096
11384,u2,2,READ,0x20001c00000,262144
11389,u1,1,READ,0x100003db000,4096
11393,u0,0,WRITE,0x3da000,4096
11399,u1,1,WRITE,0x100003dc000,4096
11407,u0,0,WRITE,0x3db000,4096
11409,u3,3,WRITE,0x30001c00000,262144
11410,u1,1,READ,0x100003dd000,4096
11417,u0,0,WRITE,0x3dc000,4096
11419,u1,1,READ,0x100003de000,4096
11432,u0,0,WRITE,0x3dd000,4096
11432,u1,1,READ,0x100003df000,4096
11442,u1,1,READ,0x100003e0000,4096
11443,u0,0,WRITE,0x3de000,4096
11450,u1,1,READ,0x100003e1000,4096
11457,u0,0,WRITE,0x3df000,4096
11465,u1,1,WRITE,0x100003e2000,4096
11469,u0,0,READ,0x3e0000,4096
11477,u1,1,WRITE,0x100003e3000,4096
11483,u0,0,WRITE,0x3e1000,4096
11485,u1,1,WRITE,0x100003e4000,4096
11493,u0,0,READ,0x3e2000,4096
11494,u1,1,WRITE,0x100003e5000,4096
11501,u2,2,READ,0x20001c40000,262144
11506,u1,1,READ,0x100003e6000,4096
11507,u0,0,READ,0x3e3000,4096
11515,u0,0,READ,0x3e4000,4096
11516,u3,3,READ,0x30001c40000,262144
11518,u1,1,READ,0x100003e7000,4096
11524,u0,0,READ,0x3e5000,4096
11528,u1,1,READ,0x100003e8000,4096
11532,u0,0,READ,0x3e6000,4096
11538,u1,1,READ,0x100003e9000,4096
11543,u0,0,WRITE,0x3e7000,4096
11551,u1,1,READ,0x100003ea000,4096
11554,u0,0,READ,0x3e8000,4096
11559,u1,1,WRITE,0x100003eb000,4096
11562,u0,0,WRITE,0x3e9000,4096
11570,u1,1,WRITE,0x100003ec000,4096
11571,u0,0,WRITE,0x3ea000,4096
11581,u1,1,WRITE,0x100003ed000,4096
11583,u0,0,WRITE,0x3eb000,4096
11594,u1,1,READ,0x100003ee000,4096
11597,u0,0,READ,0x3ec000,4096
11601,u2,2,READ,0x20001c80000,262144
11608,u1,1,WRITE,0x100003ef000,4096
11610,u0,0,READ,0x3ed000,4096
11612,u3,3,WRITE,0x30001c80000,262144
11619,u1,1,READ,0x100003f0000,4096
11625,u0,0,READ,0x3ee000,4096
11634,u1,1,READ,0x100003f1000,4096
11635,u0,0,WRITE,0x3ef000,4096
11647,u1,1,WRITE,0x100003f2000,4096
11648,u0,0,READ,0x3f0000,4096
11660,u1,1,WRITE,0x100003f3000,4096
11662,u0,0,READ,0x3f1000,4096
11671,u0,0,READ,0x3f2000,4096
11671,u1,1,READ,0x100003f4000,4096
11681,u2,2,WRITE,0x20001cc0000,262144
11685,u0,0,WRITE,0x3f3000,4096
11686,u1,1,WRITE,0x100003f5000,4096
11697,u0,0,READ,0x3f4000,4096
11698,u3,3,READ,0x30001cc0000,262144
11699,u1,1,WRITE,0x100003f6000,4096
11708,u0,0,READ,0x3f5000,4096
11708,u1,1,WRITE,0x100003f7000,4096
11716,u1,1,READ,0x100003f8000,4096
11723,u0,0,WRITE,0x3f6000,4096
11724,u1,1,WRITE,0x100003f9000,4096
11734,u0,0,WRITE,0x3f7000,4096
11736,u1,1,READ,0x100003fa000,4096
11749,u0,0,WRITE,0x3f8000,4096
11751,u1,1,READ,0x100003fb000,4096
11758,u0,0,WRITE,0x3f9000,4096
11764,u1,1,READ,0x100003fc000,4096
11771,u0,0,READ,0x3fa000,4096
11771,u2,2,READ,0x20001d00000,262144
11774,u1,1,READ,0x100003fd000,4096
11785,u0,0,WRITE,0x3fb000,4096
11789,u1,1,READ,0x100003fe000,4096
11792,u3,3,WRITE,0x30001d00000,262144
11799,u0,0,WRITE,0x3fc000,4096
11799,u1,1,WRITE,0x100003ff000,4096
11810,u0,0,WRITE,0x3fd000,4096
11810,u1,1,READ,0x10000400000,4096
11821,u0,0,WRITE,0x3fe000,4096
11825,u1,1,READ,0x10000401000,4096
11834,u0,0,WRITE,0x3ff000,4096
11839,u1,1,WRITE,0x10000402000,4096
11848,u0,0,WRITE,0x400000,4096
11848,u1,1,WRITE,0x10000403000,4096
11857,u0,0,READ,0x401000,4096
11860,u1,1,WRITE,0x10000404000,4096
11867,u0,0,READ,0x402000,4096
11872,u1,1,READ,0x10000405000,4096
11873,u3,3,READ,0x30001d40000,262144
11881,u0,0,WRITE,0x403000,4096
11887,u1,1,READ,0x10000406000,4096
11889,u2,2,WRITE,0x20001d40000,262144
11890,u0,0,WRITE,0x404000,4096
11899,u0,0,WRITE,0x405000,4096
11900,u1,1,READ,0x10000407000,4096
11909,u1,1,READ,0x10000408000,4096
11913,u0,0,READ,0x406000,4096
11920,u1,1,WRITE,0x10000409000,4096
11927,u0,0,WRITE,0x407000,4096
11934,u1,1,WRITE,0x1000040a000,4096
11939,u0,0,WRITE,0x408000,4096
11942,u1,1,WRITE,0x1000040b000,4096
11953,u0,0,WRITE,0x409000,4096
11956,u1,1,WRITE,0x1000040c000,4096
11963,u0,0,WRITE,0x40a000,4096
11963,u3,3,READ,0x30001d80000,262144
11966,u1,1,READ,0x1000040d000,4096
11974,u1,1,WRITE,0x1000040e000,4096
11977,u0,0,WRITE,0x40b000,4096
11977,u2,2,WRITE,0x20001d80000,262144
11987,u1,1,WRITE,0x1000040f000,4096
11989,u0,0,READ,0x40c000,4096
12000,u1,1,WRITE,0x10000410000,4096
12002,u0,0,WRITE,0x40d000,4096
12012,u1,1,WRITE,0x10000411000,4096
12017,u0,0,WRITE,0x40e000,4096
12021,u1,1,WRITE,0x10000412000,4096
12029,u1,1,WRITE,0x10000413000,4096
12032,u0,0,READ,0x40f000,4096
12042,u1,1,READ,0x10000414000,4096
12047,u0,0,WRITE,0x410000,4096
12055,u0,0,READ,0x411000,4096
12056,u1,1,READ,0x10000415000,4096
12059,u3,3,WRITE,0x30001dc0000,262144
12063,u0,0,READ,0x412000,4096
12068,u1,1,WRITE,0x10000416000,4096
12078,u0,0,WRITE,0x413000,4096
12078,u1,1,READ,0x10000417000,4096
12086,u0,0,WRITE,0x414000,4096
12086,u2,2,WRITE,0x20001dc0000,262144
12092,u1,1,READ,0x10000418000,4096
12099,u0,0,WRITE,0x415000,4096
12100,u1,1,WRITE,0x10000419000,4096
12109,u0,0,WRITE,0x416000,4096
12112,u1,1,WRITE,0x1000041a000,4096
12120,u0,0,WRITE,0x417000,4096
12125,u1,1,WRITE,0x1000041b000,4096
12135,u0,0,READ,0x418000,4096
12137,u1,1,READ,0x1000041c000,4096
12140,u3,3,READ,0x30001e00000,262144
12145,u0,0,READ,0x419000,4096
12148,u1,1,READ,0x1000041d000,4096
12158,u0,0,WRITE,0x41a000,4096
12160,u1,1,READ,0x1000041e000,4096
12166,u0,0,WRITE,0x41b000,4096
12172,u1,1,WRITE,0x1000041f000,4096
12179,u0,0,WRITE,0x41c000,4096
12185,u1,1,WRITE,0x10000420000,4096
12193,u0,0,READ,0x41d000,4096
12195,u1,1,READ,0x10000421000,4096
12202,u2,2,WRITE,0x20001e00000,262144
12205,u0,0,WRITE,0x41e000,4096
12208,u1,1,READ,0x10000422000,4096
12217,u0,0,READ,0x41f000,4096
12219,u1,1,READ,0x10000423000,4096
12227,u0,0,READ,0x420000,4096
12233,u1,1,WRITE,0x10000424000,4096
12236,u0,0,READ,0x421000,4096
12245,u1,1,WRITE,0x10000425000,4096
12250,u0,0,READ,0x422000,4096
12257,u1,1,WRITE,0x10000426000,4096
12260,u3,3,WRITE,0x30001e40000,262144
12261,u0,0,WRITE,0x423000,4096
12268,u1,1,READ,0x10000427000,4096
12274,u0,0,READ,0x424000,4096
12281,u1,1,READ,0x10000428000,4096
12284,u0,0,READ,0x425000,4096
12293,u1,1,READ,0x10000429000,4096
12294,u0,0,READ,0x426000,4096
12302,u1,1,READ,0x1000042a000,4096
12307,u0,0,READ,0x427000,4096
12311,u1,1,READ,0x1000042b000,4096
12315,u2,2,READ,0x20001e40000,262144
12316,u0,0,WRITE,0x428000,4096
12324,u0,0,READ,0x429000,4096
12325,u1,1,WRITE,0x1000042c000,4096
12333,u1,1,WRITE,0x1000042d000,4096
12339,u0,0,READ,0x42a000,4096
12343,u3,3,READ,0x30001e80000,262144
12346,u1,1,READ,0x1000042e000,4096
12351,u0,0,READ,0x42b000,4096
12355,u1,1,WRITE,0x1000042f000,4096
12363,u0,0,WRITE,0x42c000,4096
12365,u1,1,READ,0x10000430000,4096
12371,u0,0,READ,0x42d000,4096
12378,u1,1,READ,0x10000431000,4096
12383,u0,0,WRITE,0x42e000,4096
12392,u1,1,READ,0x10000432000,4096
12394,u0,0,WRITE,0x42f000,4096
12407,u0,0,READ,0x430000,4096
12407,u1,1,READ,0x10000433000,4096
12419,u0,0,READ,0x431000,4096
12422,u1,1,READ,0x10000434000,4096
12430,u0,0,WRITE,0x432000,4096
12434,u2,2,WRITE,0x20001e80000,262144
12437,u1,1,WRITE,0x10000435000,4096
12441,u0,0,WRITE,0x433000,4096
12449,u0,0,WRITE,0x434000,4096
12451,u1,1,READ,0x10000436000,4096
12461,u1,1,WRITE,0x10000437000,4096
12462,u3,3,READ,0x30001ec0000,262144
12464,u0,0,READ,0x435000,4096
12472,u1,1,READ,0x10000438000,4096
12476,u0,0,READ,0x436000,4096
12480,u1,1,READ,0x10000439000,4096
12488,u0,0,WRITE,0x437000,4096
12489,u1,1,WRITE,0x1000043a000,4096
12498,u1,1,WRITE,0x1000043b000,4096
12499,u0,0,READ,0x438000,4096
12507,u0,0,READ,0x439000,4096
12507,u1,1,READ,0x1000043c000,4096
12516,u0,0,WRITE,0x43a000,4096
12519,u1,1,WRITE,0x1000043d000,4096
12526,u0,0,READ,0x43b000,4096
12527,u1,1,READ,0x1000043e000,4096
12530,u2,2,WRITE,0x20001ec0000,262144
12539,u0,0,WRITE,0x43c000,4096
12539,u1,1,WRITE,0x1000043f000,4096
12542,u3,3,WRITE,0x30001f00000,262144
12548,u1,1,READ,0x10000440000,4096
12550,u0,0,WRITE,0x43d000,4096
12560,u0,0,WRITE,0x43e000,4096
12563,u1,1,READ,0x10000441000,4096
12571,u1,1,READ,0x10000442000,4096
12575,u0,0,READ,0x43f000,4096
12583,u1,1,WRITE,0x10000443000,4096
12586,u0,0,READ,0x440000,4096
12591,u1,1,WRITE,0x10000444000,4096
12599,u0,0,READ,0x441000,4096
12599,u1,1,READ,0x10000445000,4096
12610,u1,1,WRITE,0x10000446000,4096
12614,u0,0,READ,0x442000,4096
12620,u2,2,READ,0x20001f00000,262144
12622,u1,1,WRITE,0x10000447000,4096
12629,u0,0,READ,0x443000,4096
12632,u1,1,WRITE,0x10000448000,4096
12642,u0,0,READ,0x444000,4096
12644,u1,1,WRITE,0x10000449000,4096
12650,u3,3,WRITE,0x30001f40000,262144
12653,u0,0,READ,0x445000,4096
12655,u1,1,READ,0x1000044a000,4096
12665,u0,0,WRITE,0x446000,4096
12669,u1,1,READ,0x1000044b000,4096
12674,u0,0,READ,0x447000,4096
12681,u1,1,READ,0x1000044c000,4096
12683,u0,0,READ,0x448000,4096
12690,u1,1,READ,0x1000044d000,4096
12697,u0,0,READ,0x449000,4096
12698,u1,1,WRITE,0x1000044e000,4096
12702,u2,2,READ,0x20001f40000,262144
12706,u0,0,READ,0x44a000,4096
12710,u1,1,WRITE,0x1000044f000,4096
12717,u0,0,WRITE,0x44b000,4096
12721,u1,1,READ,0x10000450000,4096
12727,u0,0,WRITE,0x44c000,4096
12734,u1,1,READ,0x10000451000,4096
12737,u0,0,READ,0x44d000,4096
12742,u1,1,READ,0x10000452000,4096
12744,u3,3,WRITE,0x30001f80000,262144
12745,u0,0,WRITE,0x44e000,4096
12754,u0,0,READ,0x44f000,4096
12755,u1,1,WRITE,0x10000453000,4096
12763,u0,0,READ,0x450000,4096
12770,u1,1,WRITE,0x10000454000,4096
12775,u0,0,WRITE,0x451000,4096
12778,u1,1,READ,0x10000455000,4096
12786,u0,0,WRITE,0x452000,4096
12786,u1,1,WRITE,0x10000456000,4096
12792,u2,2,READ,0x20001f80000,262144
12794,u0,0,READ,0x453000,4096
12801,u1,1,WRITE,0x10000457000,4096
12809,u0,0,WRITE,0x454000,4096
12814,u1,1,WRITE,0x10000458000,4096
12822,u0,0,WRITE,0x455000,4096
12826,u1,1,READ,0x10000459000,4096
12834,u0,0,WRITE,0x456000,4096
12837,u1,1,READ,0x1000045a000,4096
12846,u1,1,READ,0x1000045b000,4096
12849,u0,0,READ,0x457000,4096
12852,u3,3,READ,0x30001fc0000,262144
12854,u1,1,WRITE,0x1000045c000,4096
12858,u0,0,WRITE,0x458000,4096
12863,u1,1,READ,0x1000045d000,4096
12866,u0,0,READ,0x459000,4096
12873,u1,1,WRITE,0x1000045e000,4096
12875,u0,0,WRITE,0x45a000,4096
12884,u0,0,READ,0x45b000,4096
12888,u1,1,READ,0x1000045f000,4096
12898,u1,1,READ,0x10000460000,4096
12899,u0,0,READ,0x45c000,4096
12907,u2,2,READ,0x20001fc0000,262144
12909,u1,1,WRITE,0x10000461000,4096
12910,u0,0,WRITE,0x45d000,4096
12918,u1,1,READ,0x10000462000,4096
12923,u0,0,READ,0x45e000,4096
12931,u1,1,READ,0x10000463000,4096
12932,u0,0,WRITE,0x45f000,4096
12940,u1,1,WRITE,0x10000464000,4096
12942,u0,0,READ,0x460000,4096
12951,u0,0,READ,0x461000,4096
12954,u1,1,READ,0x10000465000,4096
12961,u0,0,WRITE,0x462000,4096
12967,u3,3,WRITE,0x30002000000,262144
12969,u0,0,WRITE,0x463000,4096
12969,u1,1,WRITE,0x10000466000,4096
12981,u1,1,READ,0x10000467000,4096
12983,u0,0,WRITE,0x464000,4096
12994,u1,1,WRITE,0x10000468000,4096
12996,u0,0,WRITE,0x465000,4096
13004,u0,0,READ,0x466000,4096
13006,u1,1,READ,0x10000469000,4096
13016,u0,0,WRITE,0x467000,4096
13016,u2,2,READ,0x20002000000,262144
13020,u1,1,READ,0x1000046a000,4096
13027,u0,0,READ,0x468000,4096
13034,u1,1,WRITE,0x1000046b000,4096
13038,u0,0,READ,0x469000,4096
13042,u1,1,WRITE,0x1000046c000,4096
13050,u0,0,READ,0x46a000,4096
13052,u3,3,READ,0x30002040000,262144
13057,u1,1,READ,0x1000046d000,4096
13060,u0,0,WRITE,0x46b000,4096
13070,u1,1,READ,0x1000046e000,4096
13074,u0,0,WRITE,0x46c000,4096
13079,u1,1,WRITE,0x1000046f000,4096
13086,u0,0,READ,0x46d000,4096
13087,u1,1,READ,0x10000470000,4096
13094,u0,0,WRITE,0x46e000,4096
13098,u2,2,READ,0x20002040000,262144
13102,u1,1,WRITE,0x10000471000,4096
13109,u0,0,WRITE,0x46f000,4096
13112,u1,1,READ,0x10000472000,4096
13119,u0,0,WRITE,0x470000,4096
13127,u1,1,READ,0x10000473000,4096
13134,u0,0,READ,0x471000,4096
13135,u1,1,WRITE,0x10000474000,4096
13145,u0,0,READ,0x472000,4096
13147,u1,1,READ,0x10000475000,4096
13148,u3,3,WRITE,0x30002080000,262144
13157,u1,1,READ,0x10000476000,4096
13160,u0,0,WRITE,0x473000,4096
13165,u1,1,WRITE,0x10000477000,4096
13175,u0,0,WRITE,0x474000,4096
13179,u1,1,WRITE,0x10000478000,4096
13187,u1,1,WRITE,0x10000479000,4096
13188,u0,0,WRITE,0x475000,4096
13197,u0,0,READ,0x476000,4096
13201,u1,1,WRITE,0x1000047a000,4096
13208,u0,0,READ,0x477000,4096
13208,u2,2,WRITE,0x20002080000,262144
13211,u1,1,READ,0x1000047b000,4096
13221,u0,0,READ,0x478000,4096
13222,u1,1,WRITE,0x1000047c000,4096
13229,u0,0,READ,0x479000,4096
13236,u1,1,READ,0x1000047d000,4096
13237,u0,0,WRITE,0x47a000,4096
13244,u1,1,WRITE,0x1000047e000,4096
13251,u0,0,READ,0x47b000,4096
13255,u1,1,WRITE,0x1000047f000,4096
13261,u0,0,READ,0x47c000,4096
13264,u1,1,WRITE,0x10000480000,4096
13265,u3,3,READ,0x300020c0000,262144
13275,u0,0,WRITE,0x47d000,4096
13276,u1,1,WRITE,0x10000481000,4096
13284,u1,1,WRITE,0x10000482000,4096
13290,u0,0,WRITE,0x47e000,4096
13293,u1,1,READ,0x10000483000,4096
13294,u2,2,READ,0x200020c0000,262144
13303,u0,0,READ,0x47f000,4096
13308,u1,1,WRITE,0x10000484000,4096
13316,u0,0,WRITE,0x480000,4096
13317,u1,1,WRITE,0x10000485000,4096
13325,u0,0,READ,0x481000,4096
13327,u1,1,WRITE,0x10000486000,4096
13337,u0,0,WRITE,0x482000,4096
13337,u1,1,WRITE,0x10000487000,4096
13345,u0,0,READ,0x483000,4096
13352,u1,1,WRITE,0x10000488000,4096
13357,u0,0,WRITE,0x484000,4096
13364,u1,1,WRITE,0x10000489000,4096
13367,u3,3,WRITE,0x30002100000,262144
13368,u0,0,READ,0x485000,4096
13377,u1,1,WRITE,0x1000048a000,4096
13380,u0,0,WRITE,0x486000,4096
13389,u1,1,WRITE,0x1000048b000,4096
13393,u0,0,WRITE,0x487000,4096
13396,u2,2,READ,0x20002100000,262144
13402,u1,1,READ,0x1000048c000,4096
13407,u0,0,WRITE,0x488000,4096
13413,u1,1,READ,0x1000048d000,4096
13419,u0,0,WRITE,0x489000,4096
13426,u1,1,WRITE,0x1000048e000,4096
13428,u0,0,READ,0x48a000,4096
13436,u1,1,READ,0x1000048f000,4096
13442,u0,0,WRITE,0x48b000,4096
13448,u1,1,WRITE,0x10000490000,4096
13448,u3,3,WRITE,0x30002140000,262144
13455,u0,0,READ,0x48c000,4096
13463,u1,1,READ,0x10000491000,4096
13468,u0,0,READ,0x48d000,4096
13477,u1,1,WRITE,0x10000492000,4096
13481,u0,0,WRITE,0x48e000,4096
13490,u0,0,WRITE,0x48f000,4096
13491,u1,1,WRITE,0x10000493000,4096
13500,u2,2,WRITE,0x20002140000,262144
13503,u0,0,READ,0x490000,4096
13503,u1,1,WRITE,0x10000494000,4096
13512,u1,1,READ,0x10000495000,4096
13518,u0,0,READ,0x491000,4096
13521,u1,1,WRITE,0x10000496000,4096
13531,u1,1,WRITE,0x10000497000,4096
13532,u0,0,READ,0x492000,4096
13541,u1,1,WRITE,0x10000498000,4096
13544,u3,3,READ,0x30002180000,262144
13545,u0,0,WRITE,0x493000,4096
13556,u1,1,READ,0x10000499000,4096
13559,u0,0,READ,0x494000,4096
13568,u1,1,READ,0x1000049a000,4096
13573,u0,0,READ,0x495000,4096
13582,u1,1,READ,0x1000049b000,4096
13584,u0,0,WRITE,0x496000,4096
13589,u2,2,READ,0x20002180000,262144
13597,u1,1,WRITE,0x1000049c000,4096
13599,u0,0,WRITE,0x497000,4096
13608,u1,1,WRITE,0x1000049d000,4096
13609,u0,0,READ,0x498000,4096
13623,u0,0,WRITE,0x499000,4096
13623,u1,1,READ,0x1000049e000,4096
13632,u1,1,READ,0x1000049f000,4096
13635,u0,0,WRITE,0x49a000,4096
13640,u1,1,WRITE,0x100004a0000,4096
13642,u3,3,WRITE,0x300021c0000,262144
13644,u0,0,READ,0x49b000,4096
13650,u1,1,READ,0x100004a1000,4096
13654,u0,0,READ,0x49c000,4096
13658,u1,1,WRITE,0x100004a2000,4096
13664,u0,0,READ,0x49d000,4096
13669,u1,1,WRITE,0x100004a3000,4096
13669,u2,2,WRITE,0x200021c0000,262144
13676,u0,0,READ,0x49e000,4096
13678,u1,1,WRITE,0x100004a4000,4096
13689,u1,1,READ,0x100004a5000,4096
13691,u0,0,WRITE,0x49f000,4096
13698,u1,1,WRITE,0x100004a6000,4096
13704,u0,0,WRITE,0x4a0000,4096
13713,u1,1,WRITE,0x100004a7000,4096
13715,u0,0,READ,0x4a1000,4096
13721,u1,1,WRITE,0x100004a8000,4096
13725,u0,0,READ,0x4a2000,4096
13732,u1,1,WRITE,0x100004a9000,4096
13739,u0,0,READ,0x4a3000,4096
13746,u1,1,READ,0x100004aa000,4096
13750,u3,3,WRITE,0x30002200000,262144
13751,u0,0,READ,0x4a4000,4096
13760,u1,1,WRITE,0x100004ab000,4096
13761,u0,0,WRITE,0x4a5000,4096
13768,u1,1,READ,0x100004ac000,4096
13773,u0,0,READ,0x4a6000,4096
13778,u1,1,WRITE,0x100004ad000,4096
13783,u0,0,WRITE,0x4a7000,4096
13784,u2,2,WRITE,0x20002200000,262144
13791,u1,1,WRITE,0x100004ae000,4096
13798,u0,0,READ,0x4a8000,4096
13801,u1,1,READ,0x100004af000,4096
13807,u0,0,READ,0x4a9000,4096
13815,u1,1,READ,0x100004b0000,4096
13822,u0,0,READ,0x4aa000,4096
13829,u1,1,WRITE,0x100004b1000,4096
13832,u0,0,READ,0x4ab000,4096
13843,u0,0,READ,0x4ac000,4096
13843,u1,1,WRITE,0x100004b2000,4096
13852,u1,1,WRITE,0x100004b3000,4096
13853,u0,0,READ,0x4ad000,4096
13860,u1,1,WRITE,0x100004b4000,4096
13864,u0,0,WRITE,0x4ae000,4096
13868,u1,1,WRITE,0x100004b5000,4096
13870,u3,3,READ,0x30002240000,262144
13874,u0,0,WRITE,0x4af000,4096
13876,u1,1,WRITE,0x100004b6000,4096
13886,u1,1,WRITE,0x100004b7000,4096
13887,u0,0,READ,0x4b0000,4096
13887,u2,2,WRITE,0x20002240000,262144
13899,u0,0,WRITE,0x4b1000,4096
13901,u1,1,READ,0x100004b8000,4096
13909,u0,0,WRITE,0x4b2000,4096
13916,u1,1,READ,0x100004b9000,4096
13917,u0,0,READ,0x4b3000,4096
13930,u1,1,READ,0x100004ba000,4096
13931,u0,0,WRITE,0x4b4000,4096
13944,u0,0,READ,0x4b5000,4096
13944,u1,1,READ,0x100004bb000,4096
13952,u0,0,WRITE,0x4b6000,4096
13955,u1,1,READ,0x100004bc000,4096
13956,u3,3,WRITE,0x30002280000,262144
13967,u0,0,WRITE,0x4b7000,4096
13968,u1,1,READ,0x100004bd000,4096
13977,u2,2,WRITE,0x20002280000,262144
13978,u0,0,WRITE,0x4b8000,4096
13982,u1,1,WRITE,0x100004be000,4096
13990,u0,0,WRITE,0x4b9000,4096
13997,u1,1,READ,0x100004bf000,4096
14004,u0,0,READ,0x4ba000,4096
14010,u1,1,READ,0x100004c0000,4096
14012,u0,0,READ,0x4bb000,4096
14018,u1,1,WRITE,0x100004c1000,4096
14027,u0,0,WRITE,0x4bc000,4096
14031,u1,1,WRITE,0x100004c2000,4096
14039,u0,0,READ,0x4bd000,4096
14039,u1,1,WRITE,0x100004c3000,4096
14047,u1,1,WRITE,0x100004c4000,4096
14053,u0,0,WRITE,0x4be000,4096
14055,u1,1,READ,0x100004c5000,4096
14060,u2,2,WRITE,0x200022c0000,262144
14065,u1,1,READ,0x100004c6000,4096
14067,u0,0,WRITE,0x4bf000,4096
14067,u3,3,WRITE,0x300022c0000,262144
14073,u1,1,READ,0x100004c7000,4096
14078,u0,0,READ,0x4c0000,4096
14086,u0,0,WRITE,0x4c1000,4096
14086,u1,1,WRITE,0x100004c8000,4096
14098,u0,0,READ,0x4c2000,4096
14098,u1,1,READ,0x100004c9000,4096
14107,u1,1,WRITE,0x100004ca000,4096
14112,u0,0,WRITE,0x4c3000,4096
14119,u1,1,WRITE,0x100004cb000,4096
14125,u0,0,WRITE,0x4c4000,4096
14129,u1,1,READ,0x100004cc000,4096
14133,u0,0,WRITE,0x4c5000,4096
14143,u1,1,READ,0x100004cd000,4096
14146,u0,0,WRITE,0x4c6000,4096
14147,u2,2,WRITE,0x20002300000,262144
14151,u1,1,READ,0x100004ce000,4096
14159,u0,0,WRITE,0x4c7000,4096
14161,u1,1,WRITE,0x100004cf000,4096
14163,u3,3,READ,0x30002300000,262144
14169,u1,1,READ,0x100004d0000,4096
14173,u0,0,READ,0x4c8000,4096
14178,u1,1,WRITE,0x100004d1000,4096
14187,u1,1,WRITE,0x100004d2000,4096
14188,u0,0,WRITE,0x4c9000,4096
14199,u1,1,WRITE,0x100004d3000,4096
14202,u0,0,READ,0x4ca000,4096
14210,u1,1,READ,0x100004d4000,4096
14212,u0,0,READ,0x4cb000,4096
14222,u0,0,READ,0x4cc000,4096
14222,u1,1,WRITE,0x100004d5000,4096
14232,u0,0,READ,0x4cd000,4096
14232,u2,2,WRITE,0x20002340000,262144
14233,u1,1,READ,0x100004d6000,4096
14242,u1,1,READ,0x100004d7000,4096
14244,u0,0,WRITE,0x4ce000,4096
14254,u1,1,WRITE,0x100004d8000,4096
14258,u0,0,WRITE,0x4cf000,4096
14263,u1,1,WRITE,0x100004d9000,4096
14268,u0,0,READ,0x4d0000,4096
14275,u3,3,WRITE,0x30002340000,262144
14276,u0,0,WRITE,0x4d1000,4096
14278,u1,1,READ,0x100004da000,4096
14288,u0,0,READ,0x4d2000,4096
14291,u1,1,READ,0x100004db000,4096
14299,u0,0,WRITE,0x4d3000,4096
14299,u1,1,READ,0x100004dc000,4096
14310,u0,0,READ,0x4d4000,4096
14314,u1,1,READ,0x100004dd000,4096
14320,u2,2,WRITE,0x20002380000,262144
14322,u0,0,WRITE,0x4d5000,4096
14325,u1,1,WRITE,0x100004de000,4096
14334,u1,1,READ,0x100004df000,4096
14336,u0,0,READ,0x4d6000,4096
14345,u0,0,READ,0x4d7000,4096
14349,u1,1,READ,0x100004e0000,4096
14354,u0,0,WRITE,0x4d8000,4096
14359,u1,1,WRITE,0x100004e1000,4096
14366,u0,0,WRITE,0x4d9000,4096
14372,u1,1,READ,0x100004e2000,4096
14380,u0,0,READ,0x4da000,4096
14383,u1,1,WRITE,0x100004e3000,4096
14388,u0,0,WRITE,0x4db000,4096
14388,u3,3,READ,0x30002380000,262144
14397,u1,1,READ,0x100004e4000,4096
14402,u0,0,READ,0x4dc000,4096
14408,u1,1,WRITE,0x100004e5000,4096
14416,u0,0,WRITE,0x4dd000,4096
14416,u1,1,READ,0x100004e6000,4096
14431,u0,0,WRITE,0x4de000,4096
14431,u1,1,READ,0x100004e7000,4096
14432,u2,2,READ,0x200023c0000,262144
14441,u0,0,READ,0x4df000,4096
14445,u1,1,READ,0x100004e8000,4096
14453,u0,0,WRITE,0x4e0000,4096
14458,u1,1,WRITE,0x100004e9000,4096
14465,u0,0,WRITE,0x4e1000,4096
14473,u1,1,WRITE,0x100004ea000,4096
14476,u0,0,WRITE,0x4e2000,4096
14484,u1,1,WRITE,0x100004eb000,4096
14489,u0,0,READ,0x4e3000,4096
14497,u1,1,WRITE,0x100004ec000,4096
14503,u0,0,WRITE,0x4e4000,4096
14504,u3,3,WRITE,0x300023c0000,262144
14510,u1,1,READ,0x100004ed000,4096
14516,u0,0,READ,0x4e5000,4096
14525,u0,0,READ,0x4e6000,4096
14525,u1,1,READ,0x100004ee000,4096
14535,u1,1,READ,0x100004ef000,4096
14536,u2,2,WRITE,0x20002400000,262144
14537,u0,0,READ,0x4e7000,4096
14544,u1,1,READ,0x100004f0000,4096
14548,u0,0,WRITE,0x4e8000,4096
14559,u0,0,WRITE,0x4e9000,4096
14559,u1,1,WRITE,0x100004f1000,4096
14567,u1,1,READ,0x100004f2000,4096
14570,u0,0,WRITE,0x4ea000,4096
14576,u1,1,WRITE,0x100004f3000,4096
14579,u0,0,READ,0x4eb000,4096
14585,u1,1,READ,0x100004f4000,4096
14588,u3,3,READ,0x30002400000,262144
14590,u0,0,READ,0x4ec000,4096
14595,u1,1,WRITE,0x100004f5000,4096
14603,u1,1,WRITE,0x100004f6000,4096
14604,u0,0,WRITE,0x4ed000,4096
14614,u0,0,WRITE,0x4ee000,4096
14614,u1,1,READ,0x100004f7000,4096
14617,u2,2,WRITE,0x20002440000,262144
14623,u1,1,WRITE,0x100004f8000,4096
14625,u0,0,READ,0x4ef000,4096
14637,u1,1,READ,0x100004f9000,4096
14640,u0,0,WRITE,0x4f0000,4096
14645,u1,1,WRITE,0x100004fa000,4096
14651,u0,0,WRITE,0x4f1000,4096
14658,u1,1,READ,0x100004fb000,4096
14659,u0,0,READ,0x4f2000,4096
14669,u0,0,READ,0x4f3000,4096
14671,u1,1,READ,0x100004fc000,4096
14677,u0,0,READ,0x4f4000,4096
14685,u1,1,READ,0x100004fd000,4096
14688,u0,0,READ,0x4f5000,4096
14693,u1,1,READ,0x100004fe000,4096
14693,u3,3,WRITE,0x30002440000,262144
14701,u0,0,READ,0x4f6000,4096
14707,u1,1,READ,0x100004ff000,4096
14709,u0,0,WRITE,0x4f7000,4096
14719,u1,1,WRITE,0x10000500000,4096
14720,u0,0,WRITE,0x4f8000,4096
14727,u1,1,READ,0x10000501000,4096
14733,u0,0,READ,0x4f9000,4096
14734,u2,2,WRITE,0x20002480000,262144
14739,u1,1,WRITE,0x10000502000,4096
14742,u0,0,WRITE,0x4fa000,4096
14753,u0,0,WRITE,0x4fb000,4096
14753,u1,1,WRITE,0x10000503000,4096
14767,u0,0,WRITE,0x4fc000,4096
14767,u1,1,WRITE,0x10000504000,4096
14777,u1,1,READ,0x10000505000,4096
14778,u0,0,WRITE,0x4fd000,4096
14783,u3,3,READ,0x30002480000,262144
14787,u1,1,WRITE,0x10000506000,4096
14790,u0,0,WRITE,0x4fe000,4096
14800,u0,0,READ,0x4ff000,4096
14802,u1,1,READ,0x10000507000,4096
14811,u1,1,READ,0x10000508000,4096
14815,u0,0,READ,0x500000,4096
14823,u1,1,WRITE,0x10000509000,4096
14826,u0,0,READ,0x501000,4096
14831,u1,1,READ,0x1000050a000,4096
14840,u0,0,READ,0x502000,4096
14843,u2,2,WRITE,0x200024c0000,262144
14845,u1,1,READ,0x1000050b000,4096
14848,u0,0,WRITE,0x503000,4096
14855,u1,1,WRITE,0x1000050c000,4096
14858,u0,0,WRITE,0x504000,4096
14866,u0,0,WRITE,0x505000,4096
14867,u1,1,WRITE,0x1000050d000,4096
14870,u3,3,WRITE,0x300024c0000,262144
14877,u0,0,READ,0x506000,4096
14881,u1,1,READ,0x1000050e000,4096
14892,u0,0,READ,0x507000,4096
14894,u1,1,WRITE,0x1000050f000,4096
14903,u1,1,WRITE,0x10000510000,4096
14905,u0,0,READ,0x508000,4096
14913,u0,0,READ,0x509000,4096
14916,u1,1,READ,0x10000511000,4096
14921,u0,0,WRITE,0x50a000,4096
14930,u0,0,WRITE,0x50b000,4096
14930,u1,1,WRITE,0x10000512000,4096
14941,u1,1,WRITE,0x10000513000,4096
14941,u2,2,WRITE,0x20002500000,262144
14944,u0,0,WRITE,0x50c000,4096
14955,u0,0,WRITE,0x50d000,4096
14956,u1,1,WRITE,0x10000514000,4096
14962,u3,3,READ,0x30002500000,262144
14965,u0,0,WRITE,0x50e000,4096
14969,u1,1,READ,0x10000515000,4096
14977,u0,0,WRITE,0x50f000,4096
14978,u1,1,WRITE,0x10000516000,4096
14988,u1,1,READ,0x10000517000,4096
14989,u0,0,WRITE,0x510000,4096
15000,u1,1,WRITE,0x10000518000,4096
15004,u0,0,READ,0x511000,4096
15013,u0,0,READ,0x512000,4096
15014,u1,1,READ,0x10000519000,4096
15026,u1,1,READ,0x1000051a000,4096
15028,u0,0,READ,0x513000,4096
15028,u2,2,READ,0x20002540000,262144
15037,u0,0,READ,0x514000,4096
15037,u1,1,WRITE,0x1000051b000,4096
15045,u0,0,WRITE,0x515000,4096
15048,u1,1,WRITE,0x1000051c000,4096
15060,u0,0,READ,0x516000,4096
15063,u1,1,WRITE,0x1000051d000,4096
15075,u0,0,READ,0x517000,4096
15077,u1,1,WRITE,0x1000051e000,4096
15079,u3,3,READ,0x30002540000,262144
15085,u0,0,WRITE,0x518000,4096
15085,u1,1,WRITE,0x1000051f000,4096
15093,u1,1,WRITE,0x10000520000,4096
15097,u0,0,READ,0x519000,4096
15108,u0,0,WRITE,0x51a000,4096
15108,u1,1,READ,0x10000521000,4096
15116,u0,0,WRITE,0x51b000,4096
15123,u1,1,WRITE,0x10000522000,4096
15127,u0,0,READ,0x51c000,4096
15136,u0,0,READ,0x51d000,4096
15136,u2,2,READ,0x20002580000,262144
15138,u1,1,READ,0x10000523000,4096
15147,u0,0,READ,0x51e000,4096
15149,u1,1,READ,0x10000524000,4096
15160,u1,1,WRITE,0x10000525000,4096
15161,u0,0,WRITE,0x51f000,4096
15163,u3,3,READ,0x30002580000,262144
15169,u0,0,READ,0x520000,4096
15170,u1,1,WRITE,0x10000526000,4096
15178,u1,1,READ,0x10000527000,4096
15180,u0,0,READ,0x521000,4096
15189,u0,0,WRITE,0x522000,4096
15190,u1,1,WRITE,0x10000528000,4096
15199,u0,0,WRITE,0x523000,4096
15200,u1,1,WRITE,0x10000529000,4096
15212,u0,0,READ,0x524000,4096
15213,u1,1,READ,0x1000052a000,4096
15224,u1,1,READ,0x1000052b000,4096
15227,u0,0,READ,0x525000,4096
15233,u1,1,READ,0x1000052c000,4096
15240,u0,0,READ,0x526000,4096
15243,u1,1,READ,0x1000052d000,4096
15248,u0,0,WRITE,0x527000,4096
15253,u2,2,WRITE,0x200025c0000,262144
15257,u0,0,READ,0x528000,4096
15257,u1,1,READ,0x1000052e000,4096
15265,u1,1,WRITE,0x1000052f000,4096
15266,u0,0,READ,0x529000,4096
15276,u3,3,READ,0x300025c0000,262144
15279,u0,0,WRITE,0x52a000,4096
15279,u1,1,READ,0x10000530000,4096
15287,u1,1,READ,0x10000531000,4096
15289,u0,0,WRITE,0x52b000,4096
15300,u0,0,READ,0x52c000,4096
15301,u1,1,WRITE,0x10000532000,4096
15314,u0,0,READ,0x52d000,4096
15316,u1,1,WRITE,0x10000533000,4096
15322,u0,0,READ,0x52e000,4096
15326,u1,1,WRITE,0x10000534000,4096
15331,u0,0,READ,0x52f000,4096
15336,u1,1,WRITE,0x10000535000,4096
15340,u0,0,READ,0x530000,4096
15348,u2,2,READ,0x20002600000,262144
15350,u1,1,READ,0x10000536000,4096
15354,u0,0,WRITE,0x531000,4096
15356,u3,3,READ,0x30002600000,262144
15360,u1,1,WRITE,0x10000537000,4096
15369,u0,0,WRITE,0x532000,4096
15371,u1,1,WRITE,0x10000538000,4096
15383,u0,0,WRITE,0x533000,4096
15384,u1,1,READ,0x10000539000,4096
15391,u0,0,READ,0x534000,4096
15392,u1,1,WRITE,0x1000053a000,4096
15400,u0,0,READ,0x535000,4096
15404,u1,1,WRITE,0x1000053b000,4096
15414,u0,0,WRITE,0x536000,4096
15417,u1,1,READ,0x1000053c000,4096
15424,u0,0,READ,0x537000,4096
15428,u1,1,WRITE,0x1000053d000,4096
15435,u0,0,WRITE,0x538000,4096
15442,u1,1,READ,0x1000053e000,4096
15445,u0,0,READ,0x539000,4096
15453,u1,1,WRITE,0x1000053f000,4096
15457,u0,0,READ,0x53a000,4096
15460,u2,2,WRITE,0x20002640000,262144
15466,u3,3,WRITE,0x30002640000,262144
15467,u1,1,WRITE,0x10000540000,4096
15470,u0,0,READ,0x53b000,4096
15478,u0,0,READ,0x53c000,4096
15481,u1,1,WRITE,0x10000541000,4096
15486,u0,0,READ,0x53d000,4096
15489,u1,1,WRITE,0x10000542000,4096
15497,u0,0,READ,0x53e000,4096
15501,u1,1,READ,0x10000543000,4096
15509,u0,0,WRITE,0x53f000,4096
15515,u1,1,WRITE,0x10000544000,4096
15517,u0,0,WRITE,0x540000,4096
15525,u0,0,READ,0x541000,4096
15525,u1,1,WRITE,0x10000545000,4096
15538,u0,0,READ,0x542000,4096
15539,u1,1,WRITE,0x10000546000,4096
15550,u0,0,WRITE,0x543000,4096
15550,u1,1,READ,0x10000547000,4096
15555,u2,2,READ,0x20002680000,262144
15560,u0,0,WRITE,0x544000,4096
15561,u1,1,WRITE,0x10000548000,4096
15561,u3,3,READ,0x30002680000,262144
15574,u0,0,WRITE,0x545000,4096
15574,u1,1,WRITE,0x10000549000,4096
15585,u1,1,READ,0x1000054a000,4096
15589,u0,0,READ,0x546000,4096
15593,u1,1,READ,0x1000054b000,4096
15602,u1,1,WRITE,0x1000054c000,4096
15604,u0,0,WRITE,0x547000,4096
15614,u1,1,WRITE,0x1000054d000,4096
15618,u0,0,READ,0x548000,4096
15629,u1,1,WRITE,0x1000054e000,4096
15633,u0,0,READ,0x549000,4096
15637,u1,1,READ,0x1000054f000,4096
15641,u0,0,WRITE,0x54a000,4096
15645,u1,1,WRITE,0x10000550000,4096
15652,u0,0,WRITE,0x54b000,4096
15656,u1,1,WRITE,0x10000551000,4096
15657,u2,2,WRITE,0x200026c0000,262144
15667,u0,0,READ,0x54c000,4096
15667,u1,1,WRITE,0x10000552000,4096
15679,u0,0,WRITE,0x54d000,4096
15679,u1,1,WRITE,0x10000553000,4096
15680,u3,3,WRITE,0x300026c0000,262144
15688,u1,1,READ,0x10000554000,4096
15692,u0,0,WRITE,0x54e000,4096
15698,u1,1,WRITE,0x10000555000,4096
15703,u0,0,READ,0x54f000,4096
15710,u1,1,READ,0x10000556000,4096
15711,u0,0,READ,0x550000,4096
15719,u1,1,WRITE,0x10000557000,4096
15721,u0,0,READ,0x551000,4096
15730,u1,1,WRITE,0x10000558000,4096
15736,u0,0,WRITE,0x552000,4096
15738,u2,2,WRITE,0x20002700000,262144
15739,u1,1,READ,0x10000559000,4096
15751,u0,0,READ,0x553000,4096
15754,u1,1,WRITE,0x1000055a000,4096
15761,u0,0,WRITE,0x554000,4096
15766,u1,1,READ,0x1000055b000,4096
15769,u0,0,READ,0x555000,4096
15779,u1,1,READ,0x1000055c000,4096
15780,u0,0,READ,0x556000,4096
15791,u1,1,READ,0x1000055d000,4096
15793,u0,0,READ,0x557000,4096
15797,u3,3,READ,0x30002700000,262144
15801,u1,1,READ,0x1000055e000,4096
15803,u0,0,READ,0x558000,4096
15812,u1,1,WRITE,0x1000055f000,4096
15814,u0,0,READ,0x559000,4096
15820,u1,1,WRITE,0x10000560000,4096
15827,u2,2,READ,0x20002740000,262144
15828,u0,0,WRITE,0x55a000,4096
15828,u1,1,READ,0x10000561000,4096
15842,u0,0,WRITE,0x55b000,4096
15842,u1,1,READ,0x10000562000,4096
15851,u0,0,WRITE,0x55c000,4096
15855,u1,1,READ,0x10000563000,4096
15859,u0,0,READ,0x55d000,4096
15863,u1,1,WRITE,0x10000564000,4096
15869,u0,0,READ,0x55e000,4096
15874,u1,1,WRITE,0x10000565000,4096
15883,u0,0,READ,0x55f000,4096
15887,u1,1,READ,0x10000566000,4096
15892,u0,0,WRITE,0x560000,4096
15901,u1,1,WRITE,0x10000567000,4096
15904,u0,0,WRITE,0x561000,4096
15912,u1,1,READ,0x10000568000,4096
15915,u3,3,READ,0x30002740000,262144
15919,u0,0,WRITE,0x562000,4096
15927,u1,1,READ,0x10000569000,4096
15928,u0,0,READ,0x563000,4096
15941,u1,1,READ,0x1000056a000,4096
15942,u0,0,READ,0x564000,4096
15943,u2,2,READ,0x20002780000,262144
15951,u1,1,WRITE,0x1000056b000,4096
15955,u0,0,WRITE,0x565000,4096
15966,u1,1,READ,0x1000056c000,4096
15970,u0,0,WRITE,0x566000,4096
15979,u1,1,WRITE,0x1000056d000,4096
15984,u0,0,WRITE,0x567000,4096
15988,u1,1,WRITE,0x1000056e000,4096
15993,u0,0,READ,0x568000,4096
15999,u1,1,READ,0x1000056f000,4096
16001,u3,3,WRITE,0x30002780000,262144
16005,u0,0,WRITE,0x569000,4096
16012,u1,1,READ,0x10000570000,4096
16020,u0,0,WRITE,0x56a000,4096
16021,u1,1,WRITE,0x10000571000,4096
16028,u0,0,READ,0x56b000,4096
16031,u1,1,WRITE,0x10000572000,4096
16040,u0,0,WRITE,0x56c000,4096
16040,u2,2,WRITE,0x200027c0000,262144
16043,u1,1,WRITE,0x10000573000,4096
16049,u0,0,WRITE,0x56d000,4096
16057,u1,1,READ,0x10000574000,4096
16058,u0,0,WRITE,0x56e000,4096
16067,u0,0,READ,0x56f000,4096
16070,u1,1,READ,0x10000575000,4096
16079,u0,0,WRITE,0x570000,4096
16080,u1,1,WRITE,0x10000576000,4096
16092,u0,0,WRITE,0x571000,4096
16093,u1,1,WRITE,0x10000577000,4096
16107,u0,0,WRITE,0x572000,4096
16108,u1,1,READ,0x10000578000,4096
16117,u3,3,READ,0x300027c0000,262144
16121,u0,0,READ,0x573000,4096
16122,u1,1,READ,0x10000579000,4096
16133,u2,2,READ,0x20002800000,262144
16135,u0,0,WRITE,0x574000,4096
16136,u1,1,READ,0x1000057a000,4096
16148,u0,0,READ,0x575000,4096
16151,u1,1,WRITE,0x1000057b000,4096
16160,u1,1,WRITE,0x1000057c000,4096
16162,u0,0,WRITE,0x576000,4096
16171,u0,0,READ,0x577000,4096
16172,u1,1,READ,0x1000057d000,4096
16180,u1,1,READ,0x1000057e000,4096
16181,u0,0,WRITE,0x578000,4096
16190,u1,1,READ,0x1000057f000,4096
16196,u0,0,READ,0x579000,4096
16201,u1,1,WRITE,0x10000580000,4096
16209,u0,0,READ,0x57a000,4096
16214,u1,1,WRITE,0x10000581000,4096
16224,u0,0,WRITE,0x57b000,4096
16227,u2,2,WRITE,0x20002840000,262144
16228,u1,1,WRITE,0x10000582000,4096
16229,u3,3,READ,0x30002800000,262144
16239,u0,0,WRITE,0x57c000,4096
16243,u1,1,WRITE,0x10000583000,4096
16247,u0,0,READ,0x57d000,4096
16257,u0,0,WRITE,0x57e000,4096
16258,u1,1,READ,0x10000584000,4096
16265,u0,0,READ,0x57f000,4096
16272,u1,1,READ,0x10000585000,4096
16278,u0,0,WRITE,0x580000,4096
16280,u1,1,READ,0x10000586000,4096
16290,u0,0,READ,0x581000,4096
16292,u1,1,WRITE,0x10000587000,4096
16300,u0,0,READ,0x582000,4096
16307,u1,1,WRITE,0x10000588000,4096
16310,u0,0,READ,0x583000,4096
16319,u1,1,READ,0x10000589000,4096
16321,u0,0,WRITE,0x584000,4096
16329,u0,0,WRITE,0x585000,4096
16330,u1,1,READ,0x1000058a000,4096
16338,u1,1,WRITE,0x1000058b000,4096
16338,u3,3,WRITE,0x30002840000,262144
16342,u0,0,WRITE,0x586000,4096
16343,u2,2,WRITE,0x20002880000,262144
16348,u1,1,READ,0x1000058c000,4096
16352,u0,0,WRITE,0x587000,4096
16361,u1,1,WRITE,0x1000058d000,4096
16367,u0,0,WRITE,0x588000,4096
16375,u1,1,WRITE,0x1000058e000,4096
16380,u0,0,WRITE,0x589000,4096
16385,u1,1,WRITE,0x1000058f000,4096
16395,u0,0,READ,0x58a000,4096
16399,u1,1,READ,0x10000590000,4096
16410,u0,0,WRITE,0x58b000,4096
16413,u1,1,READ,0x10000591000,4096
16421,u0,0,READ,0x58c000,4096
16426,u1,1,WRITE,0x10000592000,4096
16434,u0,0,WRITE,0x58d000,4096
16439,u1,1,WRITE,0x10000593000,4096
16442,u0,0,READ,0x58e000,4096
16442,u3,3,READ,0x30002880000,262144
16451,u1,1,READ,0x10000594000,4096
16451,u2,2,WRITE,0x200028c0000,262144
16454,u0,0,READ,0x58f000,4096
16463,u1,1,WRITE,0x10000595000,4096
16465,u0,0,WRITE,0x590000,4096
16474,u1,1,WRITE,0x10000596000,4096
16479,u0,0,WRITE,0x591000,4096
16487,u1,1,WRITE,0x10000597000,4096
16490,u0,0,WRITE,0x592000,4096
16500,u1,1,READ,0x10000598000,4096
16502,u0,0,WRITE,0x593000,4096
16512,u1,1,WRITE,0x10000599000,4096
16514,u0,0,WRITE,0x594000,4096
16522,u1,1,READ,0x1000059a000,4096
16526,u0,0,READ,0x595000,4096
16530,u1,1,WRITE,0x1000059b000,4096
16541,u0,0,READ,0x596000,4096
16542,u1,1,READ,0x1000059c000,4096
16551,u3,3,READ,0x300028c0000,262144
16552,u0,0,READ,0x597000,4096
16555,u1,1,READ,0x1000059d000,4096
16558,u2,2,WRITE,0x20002900000,262144
16566,u0,0,WRITE,0x598000,4096
16567,u1,1,READ,0x1000059e000,4096
16579,u0,0,READ,0x599000,4096
16581,u1,1,READ,0x1000059f000,4096
16590,u0,0,WRITE,0x59a000,4096
16592,u1,1,WRITE,0x100005a0000,4096
16600,u1,1,READ,0x100005a1000,4096
16604,u0,0,WRITE,0x59b000,4096
16615,u1,1,READ,0x100005a2000,4096
16618,u0,0,READ,0x59c000,4096
16625,u1,1,WRITE,0x100005a3000,4096
16628,u0,0,READ,0x59d000,4096
16633,u1,1,READ,0x100005a4000,4096
16641,u0,0,WRITE,0x59e000,4096
16642,u2,2,READ,0x20002940000,262144
16644,u1,1,WRITE,0x100005a5000,4096
16652,u0,0,WRITE,0x59f000,4096
16657,u1,1,WRITE,0x100005a6000,4096
16658,u3,3,READ,0x30002900000,262144
16664,u0,0,WRITE,0x5a0000,4096
16667,u1,1,WRITE,0x100005a7000,4096
16678,u0,0,WRITE,0x5a1000,4096
16682,u1,1,READ,0x100005a8000,4096
16686,u0,0,WRITE,0x5a2000,4096
16695,u1,1,WRITE,0x100005a9000,4096
16700,u0,0,READ,0x5a3000,4096
16706,u1,1,READ,0x100005aa000,4096
16711,u0,0,READ,0x5a4000,4096
16718,u1,1,READ,0x100005ab000,4096
16719,u0,0,READ,0x5a5000,4096
16728,u1,1,WRITE,0x100005ac000,4096
16729,u0,0,READ,0x5a6000,4096
16733,u2,2,WRITE,0x20002980000,262144
16743,u0,0,WRITE,0x5a7000,4096
16743,u1,1,WRITE,0x100005ad000,4096
16754,u1,1,WRITE,0x100005ae000,4096
16755,u0,0,WRITE,0x5a8000,4096
16766,u1,1,READ,0x100005af000,4096
16766,u3,3,READ,0x30002940000,262144
16768,u0,0,READ,0x5a9000,4096
16776,u1,1,WRITE,0x100005b0000,4096
16782,u0,0,READ,0x5aa000,4096
16784,u1,1,READ,0x100005b1000,4096
16792,u0,0,WRITE,0x5ab000,4096
16796,u1,1,WRITE,0x100005b2000,4096
16804,u1,1,READ,0x100005b3000,4096
16806,u0,0,READ,0x5ac000,4096
16817,u0,0,READ,0x5ad000,4096
16818,u1,1,WRITE,0x100005b4000,4096
16832,u0,0,READ,0x5ae000,4096
16832,u1,1,WRITE,0x100005b5000,4096
16840,u1,1,WRITE,0x100005b6000,4096
16844,u0,0,READ,0x5af000,4096
16849,u2,2,WRITE,0x200029c0000,262144
16855,u1,1,READ,0x100005b7000,4096
16857,u0,0,WRITE,0x5b0000,4096
16866,u0,0,WRITE,0x5b1000,4096
16867,u1,1,WRITE,0x100005b8000,4096
16872,u3,3,WRITE,0x30002980000,262144
16877,u1,1,READ,0x100005b9000,4096
16878,u0,0,READ,0x5b2000,4096
16889,u1,1,READ,0x100005ba000,4096
16890,u0,0,WRITE,0x5b3000,4096
16899,u0,0,READ,0x5b4000,4096
16904,u1,1,READ,0x100005bb000,4096
16914,u0,0,READ,0x5b5000,4096
16917,u1,1,READ,0x100005bc000,4096
16926,u0,0,READ,0x5b6000,4096
16932,u1,1,READ,0x100005bd000,4096
16939,u0,0,READ,0x5b7000,4096
16941,u1,1,READ,0x100005be000,4096
16950,u2,2,WRITE,0x20002a00000,262144
16951,u0,0,READ,0x5b8000,4096
16955,u1,1,READ,0x100005bf000,4096
16960,u0,0,WRITE,0x5b9000,4096
16969,u1,1,READ,0x100005c0000,4096
16972,u0,0,READ,0x5ba000,4096
16980,u3,3,WRITE,0x300029c0000,262144
16984,u0,0,READ,0x5bb000,4096
16984,u1,1,READ,0x100005c1000,4096
16993,u0,0,WRITE,0x5bc000,4096
16999,u1,1,WRITE,0x100005c2000,4096
17002,u0,0,READ,0x5bd000,4096
17010,u1,1,WRITE,0x100005c3000,4096
17011,u0,0,READ,0x5be000,4096
17025,u0,0,READ,0x5bf000,4096
17025,u1,1,READ,0x100005c4000,4096
17037,u1,1,READ,0x100005c5000,4096
17040,u0,0,WRITE,0x5c0000,4096
17048,u1,1,WRITE,0x100005c6000,4096
17050,u0,0,WRITE,0x5c1000,4096
17057,u1,1,READ,0x100005c7000,4096
17064,u0,0,READ,0x5c2000,4096
17068,u2,2,WRITE,0x20002a40000,262144
17071,u1,1,WRITE,0x100005c8000,4096
17079,u0,0,READ,0x5c3000,4096
17080,u1,1,READ,0x100005c9000,4096
17086,u3,3,READ,0x30002a00000,262144
17092,u1,1,WRITE,0x100005ca000,4096
17094,u0,0,WRITE,0x5c4000,4096
17106,u1,1,WRITE,0x100005cb000,4096
17107,u0,0,READ,0x5c5000,4096
17120,u1,1,READ,0x100005cc000,4096
17122,u0,0,READ,0x5c6000,4096
17131,u0,0,READ,0x5c7000,4096
17134,u1,1,READ,0x100005cd000,4096
17139,u0,0,READ,0x5c8000,4096
17143,u1,1,WRITE,0x100005ce000,4096
17152,u0,0,WRITE,0x5c9000,4096
17153,u1,1,READ,0x100005cf000,4096
17163,u1,1,READ,0x100005d0000,4096
17164,u0,0,READ,0x5ca000,4096
17168,u2,2,WRITE,0x20002a80000,262144
17173,u0,0,WRITE,0x5cb000,4096
17178,u1,1,READ,0x100005d1000,4096
17184,u0,0,WRITE,0x5cc000,4096
17192,u1,1,READ,0x100005d2000,4096
17194,u3,3,READ,0x30002a40000,262144
17199,u0,0,WRITE,0x5cd000,4096
17207,u1,1,READ,0x100005d3000,4096
17209,u0,0,WRITE,0x5ce000,4096
17220,u0,0,READ,0x5cf000,4096
17222,u1,1,READ,0x100005d4000,4096
17234,u1,1,WRITE,0x100005d5000,4096
17235,u0,0,WRITE,0x5d0000,4096
17245,u0,0,READ,0x5d1000,4096
17247,u1,1,READ,0x100005d6000,4096
17253,u2,2,WRITE,0x20002ac0000,262144
17256,u0,0,WRITE,0x5d2000,4096
17257,u1,1,READ,0x100005d7000,4096
17264,u0,0,WRITE,0x5d3000,4096
17270,u1,1,WRITE,0x100005d8000,4096
17273,u0,0,READ,0x5d4000,4096
17281,u1,1,WRITE,0x100005d9000,4096
17287,u0,0,WRITE,0x5d5000,4096
17291,u1,1,WRITE,0x100005da000,4096
17292,u3,3,READ,0x30002a80000,262144
17298,u0,0,WRITE,0x5d6000,4096
17299,u1,1,WRITE,0x100005db000,4096
17307,u1,1,WRITE,0x100005dc000,4096
17312,u0,0,WRITE,0x5d7000,4096
17318,u1,1,READ,0x100005dd000,4096
17324,u0,0,READ,0x5d8000,4096
17327,u1,1,READ,0x100005de000,4096
17332,u0,0,WRITE,0x5d9000,4096
17341,u0,0,WRITE,0x5da000,4096
17342,u1,1,READ,0x100005df000,4096
17352,u2,2,READ,0x20002b00000,262144
17355,u0,0,READ,0x5db000,4096
17355,u1,1,READ,0x100005e0000,4096
17367,u1,1,READ,0x100005e1000,4096
17369,u0,0,WRITE,0x5dc000,4096
17376,u1,1,WRITE,0x100005e2000,4096
17376,u3,3,WRITE,0x30002ac0000,262144
17383,u0,0,READ,0x5dd000,4096
17389,u1,1,WRITE,0x100005e3000,4096
17391,u0,0,READ,0x5de000,4096
17399,u1,1,WRITE,0x100005e4000,4096
17405,u0,0,READ,0x5df000,4096
17408,u1,1,WRITE,0x100005e5000,4096
17420,u0,0,WRITE,0x5e0000,4096
17421,u1,1,READ,0x100005e6000,4096
17429,u0,0,WRITE,0x5e1000,4096
17430,u1,1,WRITE,0x100005e7000,4096
17438,u1,1,READ,0x100005e8000,4096
17439,u0,0,WRITE,0x5e2000,4096
17446,u1,1,READ,0x100005e9000,4096
17448,u0,0,WRITE,0x5e3000,4096
17461,u1,1,WRITE,0x100005ea000,4096
17463,u0,0,WRITE,0x5e4000,4096
17463,u2,2,READ,0x20002b40000,262144
17463,u3,3,READ,0x30002b00000,262144
17471,u0,0,READ,0x5e5000,4096
17472,u1,1,WRITE,0x100005eb000,4096
17479,u0,0,READ,0x5e6000,4096
17481,u1,1,READ,0x100005ec000,4096
17491,u0,0,READ,0x5e7000,4096
17495,u1,1,WRITE,0x100005ed000,4096
17504,u0,0,WRITE,0x5e8000,4096
17507,u1,1,READ,0x100005ee000,4096
17513,u0,0,READ,0x5e9000,4096
17518,u1,1,READ,0x100005ef000,4096
17523,u0,0,READ,0x5ea000,4096
17530,u1,1,READ,0x100005f0000,4096
17533,u0,0,WRITE,0x5eb000,4096
17543,u1,1,WRITE,0x100005f1000,4096
17544,u0,0,READ,0x5ec000,4096
17552,u0,0,READ,0x5ed000,4096
17554,u1,1,WRITE,0x100005f2000,4096
17564,u0,0,WRITE,0x5ee000,4096
17565,u1,1,READ,0x100005f3000,4096
17568,u3,3,WRITE,0x30002b40000,262144
17572,u2,2,WRITE,0x20002b80000,262144
17574,u0,0,WRITE,0x5ef000,4096
17575,u1,1,WRITE,0x100005f4000,4096
17584,u1,1,READ,0x100005f5000,4096
17589,u0,0,READ,0x5f0000,4096
17594,u1,1,READ,0x100005f6000,4096
17603,u0,0,WRITE,0x5f1000,4096
17606,u1,1,WRITE,0x100005f7000,4096
17614,u0,0,WRITE,0x5f2000,4096
17621,u1,1,READ,0x100005f8000,4096
17623,u0,0,WRITE,0x5f3000,4096
17630,u1,1,READ,0x100005f9000,4096
17631,u0,0,WRITE,0x5f4000,4096
17640,u0,0,READ,0x5f5000,4096
17643,u1,1,WRITE,0x100005fa000,4096
17652,u0,0,READ,0x5f6000,4096
17658,u1,1,READ,0x100005fb000,4096
17660,u0,0,WRITE,0x5f7000,4096
17669,u1,1,READ,0x100005fc000,4096
17671,u3,3,WRITE,0x30002b80000,262144
17674,u0,0,WRITE,0x5f8000,4096
17684,u1,1,READ,0x100005fd000,4096
17689,u0,0,WRITE,0x5f9000,4096
17690,u2,2,WRITE,0x20002bc0000,262144
17698,u1,1,WRITE,0x100005fe000,4096
17701,u0,0,READ,0x5fa000,4096
17708,u1,1,READ,0x100005ff000,4096
17709,u0,0,WRITE,0x5fb000,4096
17719,u1,1,READ,0x10000600000,4096
17721,u0,0,READ,0x5fc000,4096
17728,u1,1,WRITE,0x10000601000,4096
17733,u0,0,READ,0x5fd000,4096
17739,u1,1,READ,0x10000602000,4096
17747,u0,0,READ,0x5fe000,4096
17752,u1,1,READ,0x10000603000,4096
17762,u0,0,READ,0x5ff000,4096
17763,u1,1,WRITE,0x10000604000,4096
17773,u2,2,READ,0x20002c00000,262144
17774,u3,3,WRITE,0x30002bc0000,262144
17777,u0,0,READ,0x600000,4096
17778,u1,1,WRITE,0x10000605000,4096
17789,u1,1,READ,0x10000606000,4096
17791,u0,0,READ,0x601000,4096
17803,u1,1,READ,0x10000607000,4096
17804,u0,0,WRITE,0x602000,4096
17814,u0,0,WRITE,0x603000,4096
17815,u1,1,WRITE,0x10000608000,4096
17827,u0,0,WRITE,0x604000,4096
17827,u1,1,WRITE,0x10000609000,4096
17836,u1,1,READ,0x1000060a000,4096
17839,u0,0,READ,0x605000,4096
17850,u1,1,WRITE,0x1000060b000,4096
17852,u0,0,WRITE,0x606000,4096
17861,u1,1,WRITE,0x1000060c000,4096
17862,u3,3,READ,0x30002c00000,262144
17865,u2,2,READ,0x20002c40000,262144
17866,u0,0,READ,0x607000,4096
17875,u1,1,WRITE,0x1000060d000,4096
17881,u0,0,WRITE,0x608000,4096
17886,u1,1,WRITE,0x1000060e000,4096
17891,u0,0,WRITE,0x609000,4096
17894,u1,1,READ,0x1000060f000,4096
17899,u0,0,READ,0x60a000,4096
17902,u1,1,READ,0x10000610000,4096
17914,u0,0,READ,0x60b000,4096
17914,u1,1,READ,0x10000611000,4096
17924,u1,1,WRITE,0x10000612000,4096
17929,u0,0,WRITE,0x60c000,4096
17933,u1,1,WRITE,0x10000613000,4096
17940,u0,0,READ,0x60d000,4096
17943,u1,1,READ,0x10000614000,4096
17954,u0,0,READ,0x60e000,4096
17955,u1,1,WRITE,0x10000615000,4096
17959,u2,2,WRITE,0x20002c80000,262144
17966,u0,0,WRITE,0x60f000,4096
17968,u1,1,READ,0x10000616000,4096
17973,u3,3,READ,0x30002c40000,262144
17975,u0,0,READ,0x610000,4096
17983,u1,1,WRITE,0x10000617000,4096
17986,u0,0,WRITE,0x611000,4096
17993,u1,1,READ,0x10000618000,4096
17995,u0,0,READ,0x612000,4096
18004,u1,1,WRITE,0x10000619000,4096
18007,u0,0,WRITE,0x613000,4096
18014,u1,1,WRITE,0x1000061a000,4096
18018,u0,0,WRITE,0x614000,4096
18023,u1,1,READ,0x1000061b000,4096
18029,u0,0,READ,0x615000,4096
18031,u1,1,READ,0x1000061c000,4096
18041,u1,1,WRITE,0x1000061d000,4096
18043,u0,0,WRITE,0x616000,4096
18052,u1,1,WRITE,0x1000061e000,4096
18053,u0,0,WRITE,0x617000,4096
18060,u1,1,READ,0x1000061f000,4096
18067,u0,0,WRITE,0x618000,4096
18068,u1,1,WRITE,0x10000620000,4096
18078,u2,2,READ,0x20002cc0000,262144
18081,u0,0,READ,0x619000,4096
18081,u1,1,WRITE,0x10000621000,4096
18086,u3,3,READ,0x30002c80000,262144
18089,u0,0,WRITE,0x61a000,4096
18093,u1,1,READ,0x10000622000,4096
18103,u0,0,READ,0x61b000,4096
18107,u1,1,READ,0x10000623000,4096
18115,u0,0,WRITE,0x61c000,4096
18115,u1,1,WRITE,0x10000624000,4096
18129,u0,0,READ,0x61d000,4096
18129,u1,1,WRITE,0x10000625000,4096
18140,u1,1,READ,0x10000626000,4096
18144,u0,0,READ,0x61e000,4096
18148,u1,1,READ,0x10000627000,4096
18153,u0,0,WRITE,0x61f000,4096
18161,u1,1,WRITE,0x10000628000,4096
18162,u0,0,READ,0x620000,4096
18173,u1,1,WRITE,0x10000629000,4096
18174,u0,0,READ,0x621000,4096
18181,u1,1,READ,0x1000062a000,4096
18184,u0,0,WRITE,0x622000,4096
18192,u1,1,READ,0x1000062b000,4096
18197,u3,3,WRITE,0x30002cc0000,262144
18198,u0,0,READ,0x623000,4096
18198,u2,2,WRITE,0x20002d00000,262144
18204,u1,1,READ,0x1000062c000,4096
18210,u0,0,WRITE,0x624000,4096
18215,u1,1,READ,0x1000062d000,4096
18218,u0,0,WRITE,0x625000,4096
18228,u0,0,WRITE,0x626000,4096
18228,u1,1,READ,0x1000062e000,4096
18239,u1,1,READ,0x1000062f000,4096
18241,u0,0,WRITE,0x627000,4096
18248,u1,1,READ,0x10000630000,4096
18249,u0,0,WRITE,0x628000,4096
18260,u0,0,READ,0x629000,4096
18261,u1,1,READ,0x10000631000,4096
18273,u0,0,READ,0x62a000,4096
18274,u1,1,WRITE,0x10000632000,4096
18283,u0,0,WRITE,0x62b000,4096
18284,u1,1,WRITE,0x10000633000,4096
18289,u2,2,READ,0x20002d40000,262144
18294,u0,0,READ,0x62c000,4096
18297,u3,3,READ,0x30002d00000,262144
18299,u1,1,WRITE,0x10000634000,4096
18308,u1,1,WRITE,0x10000635000,4096
18309,u0,0,WRITE,0x62d000,4096
18316,u1,1,WRITE,0x10000636000,4096
18322,u0,0,READ,0x62e000,4096
18325,u1,1,READ,0x10000637000,4096
18337,u0,0,WRITE,0x62f000,4096
18337,u1,1,READ,0x10000638000,4096
18351,u0,0,WRITE,0x630000,4096
18351,u1,1,READ,0x10000639000,4096
18361,u1,1,READ,0x1000063a000,4096
18364,u0,0,WRITE,0x631000,4096
18369,u2,2,WRITE,0x20002d80000,262144
18374,u1,1,WRITE,0x1000063b000,4096
18377,u0,0,READ,0x632000,4096
18386,u1,1,WRITE,0x1000063c000,4096
18388,u0,0,READ,0x633000,4096
18392,u3,3,READ,0x30002d40000,262144
18397,u1,1,WRITE,0x1000063d000,4096
18400,u0,0,WRITE,0x634000,4096
18405,u1,1,WRITE,0x1000063e000,4096
18413,u0,0,WRITE,0x635000,4096
18413,u1,1,WRITE,0x1000063f000,4096
18422,u1,1,READ,0x10000640000,4096
18423,u0,0,READ,0x636000,4096
18430,u1,1,READ,0x10000641000,4096
18433,u0,0,READ,0x637000,4096
18439,u1,1,READ,0x10000642000,4096
18446,u0,0,WRITE,0x638000,4096
18450,u1,1,WRITE,0x10000643000,4096
18458,u0,0,READ,0x639000,4096
18464,u1,1,READ,0x10000644000,4096
18466,u0,0,READ,0x63a000,4096
18478,u1,1,READ,0x10000645000,4096
18481,u0,0,WRITE,0x63b000,4096
18485,u3,3,READ,0x30002d80000,262144
18489,u2,2,READ,0x20002dc0000,262144
18490,u1,1,READ,0x10000646000,4096
18491,u0,0,WRITE,0x63c000,4096
18501,u1,1,WRITE,0x10000647000,4096
18506,u0,0,WRITE,0x63d000,4096
18516,u0,0,WRITE,0x63e000,4096
18516,u1,1,READ,0x10000648000,4096
18524,u1,1,READ,0x10000649000,4096
18530,u0,0,READ,0x63f000,4096
18538,u1,1,READ,0x1000064a000,4096
18540,u0,0,READ,0x640000,4096
18547,u1,1,READ,0x1000064b000,4096
18554,u0,0,READ,0x641000,4096
18560,u1,1,READ,0x1000064c000,4096
18562,u0,0,READ,0x642000,4096
18568,u1,1,READ,0x1000064d000,4096
18570,u3,3,READ,0x30002dc0000,262144
18573,u0,0,WRITE,0x643000,4096
18578,u1,1,WRITE,0x1000064e000,4096
18586,u0,0,READ,0x644000,4096
18589,u2,2,WRITE,0x20002e00000,262144
18591,u1,1,WRITE,0x1000064f000,4096
18601,u0,0,READ,0x645000,4096
18601,u1,1,WRITE,0x10000650000,4096
18609,u1,1,WRITE,0x10000651000,4096
18613,u0,0,WRITE,0x646000,4096
18621,u1,1,WRITE,0x10000652000,4096
18626,u0,0,WRITE,0x647000,4096
18635,u0,0,WRITE,0x648000,4096
18636,u1,1,READ,0x10000653000,4096
18647,u0,0,READ,0x649000,4096
18650,u1,1,READ,0x10000654000,4096
18655,u3,3,READ,0x30002e00000,262144
18660,u0,0,READ,0x64a000,4096
18663,u1,1,READ,0x10000655000,4096
18672,u1,1,WRITE,0x10000656000,4096
18673,u0,0,READ,0x64b000,4096
18683,u1,1,READ,0x10000657000,4096
18686,u0,0,READ,0x64c000,4096
18695,u1,1,READ,0x10000658000,4096
18697,u0,0,WRITE,0x64d000,4096
18703,u2,2,WRITE,0x20002e40000,262144
18708,u1,1,WRITE,0x10000659000,4096
18712,u0,0,READ,0x64e000,4096
18723,u0,0,READ,0x64f000,4096
18723,u1,1,WRITE,0x1000065a000,4096
18735,u0,0,READ,0x650000,4096
18735,u1,1,READ,0x1000065b000,4096
18746,u1,1,READ,0x1000065c000,4096
18747,u0,0,READ,0x651000,4096
18755,u1,1,WRITE,0x1000065d000,4096
18761,u0,0,WRITE,0x652000,4096
18766,u1,1,WRITE,0x1000065e000,4096
18769,u0,0,READ,0x653000,4096
18770,u3,3,WRITE,0x30002e40000,262144
18775,u1,1,WRITE,0x1000065f000,4096
18782,u0,0,READ,0x654000,4096
18789,u1,1,READ,0x10000660000,4096
18796,u0,0,WRITE,0x655000,4096
18797,u1,1,WRITE,0x10000661000,4096
18807,u0,0,READ,0x656000,4096
18810,u1,1,READ,0x10000662000,4096
18810,u2,2,READ,0x20002e80000,262144
18821,u0,0,READ,0x657000,4096
18823,u1,1,WRITE,0x10000663000,4096
18836,u0,0,WRITE,0x658000,4096
18837,u1,1,WRITE,0x10000664000,4096
18845,u1,1,READ,0x10000665000,4096
18847,u0,0,READ,0x659000,4096
18856,u1,1,WRITE,0x10000666000,4096
18857,u0,0,WRITE,0x65a000,4096
18857,u3,3,WRITE,0x30002e80000,262144
18866,u1,1,WRITE,0x10000667000,4096
18870,u0,0,WRITE,0x65b000,4096
18874,u1,1,WRITE,0x10000668000,4096
18881,u0,0,WRITE,0x65c000,4096
18884,u1,1,READ,0x10000669000,4096
18889,u0,0,READ,0x65d000,4096
18897,u1,1,READ,0x1000066a000,4096
18897,u2,2,WRITE,0x20002ec0000,262144
18898,u0,0,READ,0x65e000,4096
18908,u1,1,WRITE,0x1000066b000,4096
18912,u0,0,READ,0x65f000,4096
18916,u1,1,READ,0x1000066c000,4096
18923,u0,0,READ,0x660000,4096
18924,u1,1,READ,0x1000066d000,4096
18934,u0,0,READ,0x661000,4096
18939,u1,1,READ,0x1000066e000,4096
18947,u0,0,READ,0x662000,4096
18948,u1,1,READ,0x1000066f000,4096
18956,u0,0,WRITE,0x663000,4096
18961,u1,1,WRITE,0x10000670000,4096
18968,u0,0,READ,0x664000,4096
18973,u3,3,WRITE,0x30002ec0000,262144
18975,u1,1,WRITE,0x10000671000,4096
18982,u0,0,READ,0x665000,4096
18987,u1,1,WRITE,0x10000672000,4096
18992,u0,0,WRITE,0x666000,4096
18994,u2,2,WRITE,0x20002f00000,262144
18998,u1,1,WRITE,0x10000673000,4096
19003,u0,0,READ,0x667000,4096
19013,u1,1,READ,0x10000674000,4096
19018,u0,0,WRITE,0x668000,4096
19026,u0,0,WRITE,0x669000,4096
19028,u1,1,WRITE,0x10000675000,4096
19035,u0,0,READ,0x66a000,4096
19037,u1,1,WRITE,0x10000676000,4096
19046,u0,0,WRITE,0x66b000,4096
19049,u1,1,WRITE,0x10000677000,4096
19057,u3,3,READ,0x30002f00000,262144
19061,u0,0,WRITE,0x66c000,4096
19062,u1,1,WRITE,0x10000678000,4096
19071,u1,1,WRITE,0x10000679000,4096
19075,u0,0,READ,0x66d000,4096
19079,u1,1,READ,0x1000067a000,4096
19088,u1,1,WRITE,0x1000067b000,4096
19090,u0,0,WRITE,0x66e000,4096
19099,u1,1,WRITE,0x1000067c000,4096
19105,u0,0,READ,0x66f000,4096
19108,u2,2,READ,0x20002f40000,262144
19113,u1,1,READ,0x1000067d000,4096
19119,u0,0,READ,0x670000,4096
19121,u1,1,READ,0x1000067e000,4096
19133,u1,1,WRITE,0x1000067f000,4096
19134,u0,0,READ,0x671000,4096
19140,u3,3,READ,0x30002f40000,262144
19146,u1,1,READ,0x10000680000,4096
19147,u0,0,READ,0x672000,4096
19155,u1,1,WRITE,0x10000681000,4096
19160,u0,0,WRITE,0x673000,4096
19165,u1,1,WRITE,0x10000682000,4096
19168,u0,0,READ,0x674000,4096
19177,u0,0,WRITE,0x675000,4096
19177,u1,1,WRITE,0x10000683000,4096
19186,u1,1,READ,0x10000684000,4096
19189,u0,0,READ,0x676000,4096
19198,u0,0,READ,0x677000,4096
19198,u1,1,WRITE,0x10000685000,4096
19206,u0,0,READ,0x678000,4096
19208,u1,1,READ,0x10000686000,4096
19212,u2,2,READ,0x20002f80000,262144
19217,u0,0,WRITE,0x679000,4096
19219,u1,1,WRITE,0x10000687000,4096
19228,u3,3,READ,0x30002f80000,262144
19230,u0,0,READ,0x67a000,4096
19233,u1,1,READ,0x10000688000,4096
19238,u0,0,WRITE,0x67b000,4096
19246,u1,1,READ,0x10000689000,4096
19248,u0,0,READ,0x67c000,4096
19258,u1,1,READ,0x1000068a000,4096
19259,u0,0,READ,0x67d000,4096
19268,u0,0,READ,0x67e000,4096
19268,u1,1,WRITE,0x1000068b000,4096
19277,u0,0,READ,0x67f000,4096
19283,u1,1,READ,0x1000068c000,4096
19290,u0,0,READ,0x680000,4096
19291,u1,1,WRITE,0x1000068d000,4096
19298,u0,0,READ,0x681000,4096
19301,u1,1,READ,0x1000068e000,4096
19308,u0,0,READ,0x682000,4096
19311,u1,1,WRITE,0x1000068f000,4096
19313,u2,2,READ,0x20002fc0000,262144
19313,u3,3,WRITE,0x30002fc0000,262144
19316,u0,0,READ,0x683000,4096
19320,u1,1,READ,0x10000690000,4096
19330,u0,0,READ,0x684000,4096
19334,u1,1,READ,0x10000691000,4096
19343,u1,1,WRITE,0x10000692000,4096
19345,u0,0,READ,0x685000,4096
19354,u0,0,READ,0x686000,4096
19355,u1,1,WRITE,0x10000693000,4096
19363,u0,0,WRITE,0x687000,4096
19366,u1,1,READ,0x10000694000,4096
19374,u1,1,WRITE,0x10000695000,4096
19375,u0,0,READ,0x688000,4096
19387,u1,1,WRITE,0x10000696000,4096
19390,u0,0,READ,0x689000,4096
19397,u1,1,WRITE,0x10000697000,4096
19399,u0,0,WRITE,0x68a000,4096
19400,u2,2,READ,0x20003000000,262144
19411,u1,1,WRITE,0x10000698000,4096
19412,u3,3,READ,0x30003000000,262144
19413,u0,0,WRITE,0x68b000,4096
19421,u1,1,READ,0x10000699000,4096
19424,u0,0,WRITE,0x68c000,4096
19435,u1,1,WRITE,0x1000069a000,4096
19436,u0,0,WRITE,0x68d000,4096
19447,u1,1,WRITE,0x1000069b000,4096
19451,u0,0,WRITE,0x68e000,4096
19455,u1,1,READ,0x1000069c000,4096
19464,u1,1,READ,0x1000069d000,4096
19466,u0,0,READ,0x68f000,4096
19475,u1,1,READ,0x1000069e000,4096
19476,u0,0,WRITE,0x690000,4096
19483,u1,1,READ,0x1000069f000,4096
19484,u0,0,READ,0x691000,4096
19497,u0,0,WRITE,0x692000,4096
19498,u1,1,WRITE,0x100006a0000,4096
19507,u0,0,READ,0x693000,4096
19512,u1,1,READ,0x100006a1000,4096
19513,u2,2,WRITE,0x20003040000,262144
19515,u0,0,READ,0x694000,4096
19525,u1,1,WRITE,0x100006a2000,4096
19527,u3,3,READ,0x30003040000,262144
19528,u0,0,WRITE,0x695000,4096
19539,u0,0,READ,0x696000,4096
19539,u1,1,WRITE,0x100006a3000,4096
19548,u0,0,READ,0x697000,4096
19550,u1,1,READ,0x100006a4000,4096
19558,u0,0,WRITE,0x698000,4096
19561,u1,1,READ,0x100006a5000,4096
19567,u0,0,WRITE,0x699000,4096
19573,u1,1,READ,0x100006a6000,4096
19579,u0,0,WRITE,0x69a000,4096
19584,u1,1,READ,0x100006a7000,4096
19592,u0,0,WRITE,0x69b000,4096
19598,u1,1,WRITE,0x100006a8000,4096
19606,u0,0,WRITE,0x69c000,4096
19608,u1,1,WRITE,0x100006a9000,4096
19616,u1,1,WRITE,0x100006aa000,4096
19619,u0,0,WRITE,0x69d000,4096
19627,u3,3,WRITE,0x30003080000,262144
19628,u0,0,WRITE,0x69e000,4096
19628,u1,1,WRITE,0x100006ab000,4096
19632,u2,2,WRITE,0x20003080000,262144
19636,u1,1,READ,0x100006ac000,4096
19640,u0,0,READ,0x69f000,4096
19647,u1,1,WRITE,0x100006ad000,4096
19654,u0,0,WRITE,0x6a0000,4096
19655,u1,1,READ,0x100006ae000,4096
19666,u0,0,WRITE,0x6a1000,4096
19668,u1,1,READ,0x100006af000,4096
19680,u0,0,READ,0x6a2000,4096
19680,u1,1,READ,0x100006b0000,4096
19689,u1,1,READ,0x100006b1000,4096
19693,u0,0,READ,0x6a3000,4096
19700,u1,1,READ,0x100006b2000,4096
19701,u0,0,READ,0x6a4000,4096
19710,u0,0,WRITE,0x6a5000,4096
19713,u1,1,WRITE,0x100006b3000,4096
19720,u0,0,READ,0x6a6000,4096
19728,u1,1,READ,0x100006b4000,4096
19730,u0,0,WRITE,0x6a7000,4096
19736,u1,1,WRITE,0x100006b5000,4096
19743,u3,3,READ,0x300030c0000,262144
19744,u0,0,READ,0x6a8000,4096
19751,u1,1,READ,0x100006b6000,4096
19751,u2,2,READ,0x200030c0000,262144
19757,u0,0,READ,0x6a9000,4096
19763,u1,1,WRITE,0x100006b7000,4096
19772,u0,0,WRITE,0x6aa000,4096
19772,u1,1,WRITE,0x100006b8000,4096
19781,u0,0,WRITE,0x6ab000,4096
19785,u1,1,WRITE,0x100006b9000,4096
19796,u0,0,WRITE,0x6ac000,4096
19798,u1,1,WRITE,0x100006ba000,4096
19807,u1,1,READ,0x100006bb000,4096
19809,u0,0,WRITE,0x6ad000,4096
19818,u0,0,WRITE,0x6ae000,4096
19820,u1,1,READ,0x100006bc000,4096
19830,u0,0,READ,0x6af000,4096
19832,u1,1,WRITE,0x100006bd000,4096
19838,u0,0,WRITE,0x6b0000,4096
19838,u2,2,WRITE,0x20003100000,262144
19845,u1,1,READ,0x100006be000,4096
19849,u0,0,READ,0x6b1000,4096
19859,u0,0,WRITE,0x6b2000,4096
19859,u1,1,READ,0x100006bf000,4096
19860,u3,3,WRITE,0x30003100000,262144
19872,u0,0,WRITE,0x6b3000,4096
19872,u1,1,READ,0x100006c0000,4096
19881,u1,1,READ,0x100006c1000,4096
19882,u0,0,WRITE,0x6b4000,4096
19890,u0,0,READ,0x6b5000,4096
19891,u1,1,WRITE,0x100006c2000,4096
19901,u1,1,READ,0x100006c3000,4096
19902,u0,0,WRITE,0x6b6000,4096
19916,u1,1,WRITE,0x100006c4000,4096
19917,u0,0,READ,0x6b7000,4096
19925,u0,0,WRITE,0x6b8000,4096
19926,u1,1,WRITE,0x100006c5000,4096
19934,u1,1,WRITE,0x100006c6000,4096
19940,u0,0,READ,0x6b9000,4096
19942,u1,1,WRITE,0x100006c7000,4096
19942,u2,2,READ,0x20003140000,262144
19951,u1,1,WRITE,0x100006c8000,4096
19954,u0,0,READ,0x6ba000,4096
19957,u3,3,WRITE,0x30003140000,262144
19965,u0,0,READ,0x6bb000,4096
19966,u1,1,WRITE,0x100006c9000,4096
19974,u0,0,READ,0x6bc000,4096
19980,u1,1,READ,0x100006ca000,4096
19986,u0,0,READ,0x6bd000,4096
19989,u1,1,WRITE,0x100006cb000,4096
20000,u1,1,WRITE,0x100006cc000,4096
20001,u0,0,WRITE,0x6be000,4096
20010,u1,1,READ,0x100006cd000,4096
20011,u0,0,WRITE,0x6bf000,4096
20020,u0,0,READ,0x6c0000,4096
20023,u1,1,WRITE,0x100006ce000,4096
20032,u0,0,READ,0x6c1000,4096
20032,u1,1,WRITE,0x100006cf000,4096
20043,u1,1,READ,0x100006d0000,4096
20045,u0,0,WRITE,0x6c2000,4096
20049,u3,3,WRITE,0x30003180000,262144
20056,u1,1,WRITE,0x100006d1000,4096
20059,u2,2,READ,0x20003180000,262144
20060,u0,0,READ,0x6c3000,4096
20070,u0,0,WRITE,0x6c4000,4096
20070,u1,1,READ,0x100006d2000,4096
20081,u0,0,WRITE,0x6c5000,4096
20083,u1,1,READ,0x100006d3000,4096
20094,u1,1,READ,0x100006d4000,4096
20095,u0,0,READ,0x6c6000,4096
20104,u1,1,READ,0x100006d5000,4096
20108,u0,0,WRITE,0x6c7000,4096
20113,u1,1,READ,0x100006d6000,4096
20121,u0,0,WRITE,0x6c8000,4096
20121,u1,1,READ,0x100006d7000,4096
20132,u1,1,READ,0x100006d8000,4096
20132,u3,3,READ,0x300031c0000,262144
20135,u0,0,WRITE,0x6c9000,4096
20146,u1,1,READ,0x100006d9000,4096
20149,u0,0,WRITE,0x6ca000,4096
20158,u0,0,READ,0x6cb000,4096
20158,u1,1,READ,0x100006da000,4096
20169,u2,2,READ,0x200031c0000,262144
20170,u1,1,READ,0x100006db000,4096
20173,u0,0,READ,0x6cc000,4096
20185,u1,1,WRITE,0x100006dc000,4096
20186,u0,0,READ,0x6cd000,4096
20193,u1,1,WRITE,0x100006dd000,4096
20200,u0,0,WRITE,0x6ce000,4096
20206,u1,1,READ,0x100006de000,4096
20209,u0,0,WRITE,0x6cf000,4096
20216,u1,1,WRITE,0x100006df000,4096
20216,u3,3,READ,0x30003200000,262144
20223,u0,0,WRITE,0x6d0000,4096
20231,u1,1,WRITE,0x100006e0000,4096
20235,u0,0,WRITE,0x6d1000,4096
20239,u1,1,WRITE,0x100006e1000,4096
20246,u0,0,READ,0x6d2000,4096
20249,u1,1,READ,0x100006e2000,4096
20257,u0,0,READ,0x6d3000,4096
20261,u1,1,WRITE,0x100006e3000,4096
20271,u0,0,WRITE,0x6d4000,4096
20274,u2,2,WRITE,0x20003200000,262144
20275,u1,1,WRITE,0x100006e4000,4096
20284,u0,0,WRITE,0x6d5000,4096
20290,u1,1,WRITE,0x100006e5000,4096
20297,u0,0,READ,0x6d6000,4096
20305,u1,1,WRITE,0x100006e6000,4096
20311,u0,0,READ,0x6d7000,4096
20316,u3,3,WRITE,0x30003240000,262144
20318,u1,1,READ,0x100006e7000,4096
20320,u0,0,READ,0x6d8000,4096
20332,u1,1,WRITE,0x100006e8000,4096
20333,u0,0,READ,0x6d9000,4096
20344,u0,0,READ,0x6da000,4096
20344,u1,1,READ,0x100006e9000,4096
20355,u1,1,READ,0x100006ea000,4096
20356,u0,0,WRITE,0x6db000,4096
20365,u0,0,WRITE,0x6dc000,4096
20370,u1,1,WRITE,0x100006eb000,4096
20378,u0,0,READ,0x6dd000,4096
20381,u2,2,READ,0x20003240000,262144
20382,u1,1,WRITE,0x100006ec000,4096
20392,u0,0,READ,0x6de000,4096
20396,u1,1,READ,0x100006ed000,4096
20402,u0,0,READ,0x6df000,4096
20411,u1,1,WRITE,0x100006ee000,4096
20412,u0,0,WRITE,0x6e0000,4096
20422,u1,1,READ,0x100006ef000,4096
20426,u0,0,WRITE,0x6e1000,4096
20430,u3,3,READ,0x30003280000,262144
20436,u1,1,WRITE,0x100006f0000,4096
20441,u0,0,WRITE,0x6e2000,4096
20444,u1,1,READ,0x100006f1000,4096
20453,u0,0,WRITE,0x6e3000,4096
20453,u1,1,WRITE,0x100006f2000,4096
20465,u1,1,READ,0x100006f3000,4096
20467,u0,0,WRITE,0x6e4000,4096
20468,u2,2,READ,0x20003280000,262144
20473,u1,1,WRITE,0x100006f4000,4096
20479,u0,0,WRITE,0x6e5000,4096
20486,u1,1,WRITE,0x100006f5000,4096
20493,u0,0,WRITE,0x6e6000,4096
20496,u1,1,READ,0x100006f6000,4096
20502,u0,0,WRITE,0x6e7000,4096
20505,u1,1,READ,0x100006f7000,4096
20513,u0,0,READ,0x6e8000,4096
20520,u1,1,WRITE,0x100006f8000,4096
20523,u0,0,READ,0x6e9000,4096
20528,u1,1,WRITE,0x100006f9000,4096
20531,u0,0,READ,0x6ea000,4096
20538,u1,1,READ,0x100006fa000,4096
20540,u3,3,WRITE,0x300032c0000,262144
20542,u0,0,READ,0x6eb000,4096
20551,u1,1,WRITE,0x100006fb000,4096
20552,u0,0,READ,0x6ec000,4096
20553,u2,2,READ,0x200032c0000,262144
20562,u1,1,READ,0x100006fc000,4096
20565,u0,0,WRITE,0x6ed000,4096
20572,u1,1,READ,0x100006fd000,4096
20574,u0,0,READ,0x6ee000,4096
20581,u1,1,WRITE,0x100006fe000,4096
20584,u0,0,READ,0x6ef000,4096
20592,u1,1,READ,0x100006ff000,4096
20593,u0,0,READ,0x6f0000,4096
20605,u0,0,READ,0x6f1000,4096
20606,u1,1,WRITE,0x10000700000,4096
20613,u0,0,READ,0x6f2000,4096
20615,u1,1,READ,0x10000701000,4096
20627,u0,0,READ,0x6f3000,4096
20629,u1,1,WRITE,0x10000702000,4096
20636,u0,0,WRITE,0x6f4000,4096
20644,u1,1,READ,0x10000703000,4096
20645,u0,0,WRITE,0x6f5000,4096
20652,u3,3,WRITE,0x30003300000,262144
20656,u1,1,WRITE,0x10000704000,4096
20659,u0,0,READ,0x6f6000,4096
20661,u2,2,WRITE,0x20003300000,262144
20667,u0,0,WRITE,0x6f7000,4096
20670,u1,1,WRITE,0x10000705000,4096
20678,u1,1,READ,0x10000706000,4096
20680,u0,0,WRITE,0x6f8000,4096
20687,u1,1,WRITE,0x10000707000,4096
20691,u0,0,WRITE,0x6f9000,4096
20699,u0,0,READ,0x6fa000,4096
20700,u1,1,WRITE,0x10000708000,4096
20709,u0,0,READ,0x6fb000,4096
20709,u1,1,READ,0x10000709000,4096
20717,u0,0,READ,0x6fc000,4096
20724,u1,1,WRITE,0x1000070a000,4096
20730,u0,0,READ,0x6fd000,4096
20739,u1,1,READ,0x1000070b000,4096
20741,u0,0,WRITE,0x6fe000,4096
20742,u2,2,WRITE,0x20003340000,262144
20747,u1,1,WRITE,0x1000070c000,4096
20754,u0,0,READ,0x6ff000,4096
20762,u1,1,READ,0x1000070d000,4096
20763,u3,3,READ,0x30003340000,262144
20767,u0,0,READ,0x700000,4096
20775,u1,1,WRITE,0x1000070e000,4096
20779,u0,0,READ,0x701000,4096
20789,u1,1,READ,0x1000070f000,4096
20791,u0,0,WRITE,0x702000,4096
20799,u0,0,WRITE,0x703000,4096
20803,u1,1,READ,0x10000710000,4096
20807,u0,0,WRITE,0x704000,4096
20814,u1,1,READ,0x10000711000,4096
20815,u0,0,READ,0x705000,4096
20822,u2,2,WRITE,0x20003380000,262144
20824,u1,1,WRITE,0x10000712000,4096
20825,u0,0,READ,0x706000,4096
20833,u0,0,READ,0x707000,4096
20836,u1,1,READ,0x10000713000,4096
20843,u0,0,READ,0x708000,4096
20848,u1,1,WRITE,0x10000714000,4096
20853,u0,0,WRITE,0x709000,4096
20854,u3,3,READ,0x30003380000,262144
20859,u1,1,READ,0x10000715000,4096
20865,u0,0,WRITE,0x70a000,4096
20871,u1,1,READ,0x10000716000,4096
20879,u0,0,READ,0x70b000,4096
20886,u1,1,READ,0x10000717000,4096
20892,u0,0,READ,0x70c000,4096
20894,u1,1,WRITE,0x10000718000,4096
20902,u1,1,READ,0x10000719000,4096
20903,u0,0,WRITE,0x70d000,4096
20917,u0,0,READ,0x70e000,4096
20917,u1,1,WRITE,0x1000071a000,4096
20926,u1,1,WRITE,0x1000071b000,4096
20927,u0,0,READ,0x70f000,4096
20938,u0,0,WRITE,0x710000,4096
20938,u2,2,WRITE,0x200033c0000,262144
20941,u1,1,WRITE,0x1000071c000,4096
20946,u0,0,WRITE,0x711000,4096
20953,u1,1,READ,0x1000071d000,4096
20957,u3,3,READ,0x300033c0000,262144
20960,u0,0,WRITE,0x712000,4096
20961,u1,1,READ,0x1000071e000,4096
20973,u0,0,WRITE,0x713000,4096
20976,u1,1,WRITE,0x1000071f000,4096
20987,u0,0,WRITE,0x714000,4096
20988,u1,1,READ,0x10000720000,4096
20996,u0,0,WRITE,0x715000,4096
21000,u1,1,WRITE,0x10000721000,4096
21007,u0,0,WRITE,0x716000,4096
21015,u1,1,WRITE,0x10000722000,4096
21016,u0,0,WRITE,0x717000,4096
21025,u0,0,WRITE,0x718000,4096
21025,u2,2,WRITE,0x20003400000,262144
21026,u1,1,READ,0x10000723000,4096
21035,u0,0,WRITE,0x719000,4096
21040,u1,1,WRITE,0x10000724000,4096
21044,u0,0,READ,0x71a000,4096
21049,u3,3,READ,0x30003400000,262144
21052,u0,0,WRITE,0x71b000,4096
21052,u1,1,READ,0x10000725000,4096
21063,u0,0,WRITE,0x71c000,4096
21066,u1,1,WRITE,0x10000726000,4096
21077,u0,0,READ,0x71d000,4096
21081,u1,1,READ,0x10000727000,4096
21088,u0,0,READ,0x71e000,4096
21090,u1,1,READ,0x10000728000,4096
21100,u0,0,READ,0x71f000,4096
21100,u1,1,WRITE,0x10000729000,4096
21105,u2,2,WRITE,0x20003440000,262144
21109,u0,0,WRITE,0x720000,4096
21115,u1,1,WRITE,0x1000072a000,4096
21119,u0,0,READ,0x721000,4096
21127,u1,1,WRITE,0x1000072b000,4096
21132,u0,0,WRITE,0x722000,4096
21142,u1,1,READ,0x1000072c000,4096
21144,u0,0,READ,0x723000,4096
21147,u3,3,READ,0x30003440000,262144
21155,u0,0,READ,0x724000,4096
21156,u1,1,READ,0x1000072d000,4096
21168,u1,1,READ,0x1000072e000,4096
21170,u0,0,WRITE,0x725000,4096
21178,u1,1,READ,0x1000072f000,4096
21180,u0,0,WRITE,0x726000,4096
21189,u1,1,WRITE,0x10000730000,4096
21192,u0,0,WRITE,0x727000,4096
21200,u0,0,WRITE,0x728000,4096
21200,u1,1,WRITE,0x10000731000,4096
21200,u2,2,WRITE,0x20003480000,262144
21209,u1,1,WRITE,0x10000732000,4096
21215,u0,0,READ,0x729000,4096
21218,u1,1,READ,0x10000733000,4096
21228,u0,0,WRITE,0x72a000,4096
21233,u1,1,READ,0x10000734000,4096
21239,u0,0,WRITE,0x72b000,4096
21244,u3,3,READ,0x30003480000,262144
21245,u1,1,READ,0x10000735000,4096
21248,u0,0,WRITE,0x72c000,4096
21256,u1,1,WRITE,0x10000736000,4096
21258,u0,0,WRITE,0x72d000,4096
21268,u1,1,WRITE,0x10000737000,4096
21271,u0,0,READ,0x72e000,4096
21281,u1,1,READ,0x10000738000,4096
21286,u0,0,WRITE,0x72f000,4096
21291,u2,2,READ,0x200034c0000,262144
21296,u1,1,WRITE,0x10000739000,4096
21299,u0,0,READ,0x730000,4096
21304,u1,1,WRITE,0x1000073a000,4096
21308,u0,0,WRITE,0x731000,4096
21312,u1,1,READ,0x1000073b000,4096
21321,u0,0,READ,0x732000,4096
21327,u1,1,WRITE,0x1000073c000,4096
21332,u0,0,READ,0x733000,4096
21339,u1,1,WRITE,0x1000073d000,4096
21343,u3,3,WRITE,0x300034c0000,262144
21346,u0,0,WRITE,0x734000,4096
21352,u1,1,READ,0x1000073e000,4096
21354,u0,0,READ,0x735000,4096
21363,u0,0,READ,0x736000,4096
21363,u1,1,READ,0x1000073f000,4096
21371,u1,1,READ,0x10000740000,4096
21377,u0,0,READ,0x737000,4096
21382,u1,1,READ,0x10000741000,4096
21388,u2,2,READ,0x20003500000,262144
21389,u0,0,WRITE,0x738000,4096
21394,u1,1,READ,0x10000742000,4096
21401,u0,0,WRITE,0x739000,4096
21409,u1,1,READ,0x10000743000,4096
21410,u0,0,WRITE,0x73a000,4096
21420,u0,0,WRITE,0x73b000,4096
21422,u1,1,WRITE,0x10000744000,4096
21426,u3,3,WRITE,0x30003500000,262144
21431,u0,0,WRITE,0x73c000,4096
21431,u1,1,WRITE,0x10000745000,4096
21441,u0,0,WRITE,0x73d000,4096
21444,u1,1,READ,0x10000746000,4096
21450,u0,0,READ,0x73e000,4096
21454,u1,1,READ,0x10000747000,4096
21462,u0,0,WRITE,0x73f000,4096
21467,u1,1,READ,0x10000748000,4096
21477,u0,0,READ,0x740000,4096
21477,u1,1,READ,0x10000749000,4096
21486,u1,1,READ,0x1000074a000,4096
21489,u0,0,WRITE,0x741000,4096
21492,u2,2,READ,0x20003540000,262144
21498,u1,1,WRITE,0x1000074b000,4096
21500,u0,0,READ,0x742000,4096
21509,u0,0,READ,0x743000,4096
21511,u1,1,READ,0x1000074c000,4096
21521,u1,1,WRITE,0x1000074d000,4096
21522,u0,0,READ,0x744000,4096
21530,u3,3,WRITE,0x30003540000,262144
21535,u0,0,READ,0x745000,4096
21535,u1,1,READ,0x1000074e000,4096
21545,u0,0,WRITE,0x746000,4096
21545,u1,1,WRITE,0x1000074f000,4096
21557,u1,1,READ,0x10000750000,4096
21559,u0,0,READ,0x747000,4096
21569,u1,1,READ,0x10000751000,4096
21572,u0,0,WRITE,0x748000,4096
21579,u1,1,WRITE,0x10000752000,4096
21580,u0,0,WRITE,0x749000,4096
21587,u1,1,READ,0x10000753000,4096
21588,u2,2,WRITE,0x20003580000,262144
21590,u0,0,WRITE,0x74a000,4096
21595,u1,1,READ,0x10000754000,4096
21602,u0,0,WRITE,0x74b000,4096
21603,u1,1,READ,0x10000755000,4096
21614,u0,0,READ,0x74c000,4096
21616,u3,3,WRITE,0x30003580000,262144
21617,u1,1,READ,0x10000756000,4096
21626,u0,0,WRITE,0x74d000,4096
21627,u1,1,READ,0x10000757000,4096
21637,u1,1,WRITE,0x10000758000,4096
21639,u0,0,READ,0x74e000,4096
21646,u1,1,WRITE,0x10000759000,4096
21653,u0,0,WRITE,0x74f000,4096
21661,u1,1,READ,0x1000075a000,4096
21662,u0,0,WRITE,0x750000,4096
21673,u0,0,WRITE,0x751000,4096
21675,u1,1,READ,0x1000075b000,4096
21686,u1,1,READ,0x1000075c000,4096
21687,u0,0,READ,0x752000,4096
21699,u1,1,READ,0x1000075d000,4096
21700,u0,0,READ,0x753000,4096
21704,u2,2,WRITE,0x200035c0000,262144
21708,u0,0,WRITE,0x754000,4096
21710,u1,1,WRITE,0x1000075e000,4096
21714,u3,3,READ,0x300035c0000,262144
21717,u0,0,WRITE,0x755000,4096
21719,u1,1,WRITE,0x1000075f000,4096
21730,u0,0,WRITE,0x756000,4096
21732,u1,1,READ,0x10000760000,4096
21743,u1,1,WRITE,0x10000761000,4096
21745,u0,0,WRITE,0x757000,4096
21751,u1,1,READ,0x10000762000,4096
21755,u0,0,WRITE,0x758000,4096
21759,u1,1,READ,0x10000763000,4096
21768,u0,0,WRITE,0x759000,4096
21772,u1,1,READ,0x10000764000,4096
21779,u0,0,READ,0x75a000,4096
21786,u1,1,WRITE,0x10000765000,4096
21787,u0,0,WRITE,0x75b000,4096
21795,u1,1,WRITE,0x10000766000,4096
21799,u0,0,READ,0x75c000,4096
21804,u2,2,READ,0x20003600000,262144
21808,u1,1,WRITE,0x10000767000,4096
21814,u0,0,READ,0x75d000,4096
21820,u1,1,READ,0x10000768000,4096
21821,u3,3,WRITE,0x30003600000,262144
21828,u0,0,READ,0x75e000,4096
21833,u1,1,READ,0x10000769000,4096
21841,u0,0,WRITE,0x75f000,4096
21847,u1,1,READ,0x1000076a000,4096
21855,u0,0,READ,0x760000,4096
21859,u1,1,READ,0x1000076b000,4096
21867,u1,1,WRITE,0x1000076c000,4096
21870,u0,0,WRITE,0x761000,4096
21877,u1,1,READ,0x1000076d000,4096
21885,u0,0,READ,0x762000,4096
21891,u1,1,READ,0x1000076e000,4096
21895,u0,0,READ,0x763000,4096
21899,u1,1,READ,0x1000076f000,4096
21906,u0,0,WRITE,0x764000,4096
21909,u3,3,WRITE,0x30003640000,262144
21913,u1,1,READ,0x10000770000,4096
21916,u2,2,WRITE,0x20003640000,262144
21917,u0,0,WRITE,0x765000,4096
21923,u1,1,READ,0x10000771000,4096
21926,u0,0,WRITE,0x766000,4096
21936,u0,0,READ,0x767000,4096
21936,u1,1,READ,0x10000772000,4096
21950,u0,0,READ,0x768000,4096
21951,u1,1,READ,0x10000773000,4096
21965,u0,0,READ,0x769000,4096
21965,u1,1,READ,0x10000774000,4096
21975,u1,1,WRITE,0x10000775000,4096
21976,u0,0,READ,0x76a000,4096
21984,u0,0,READ,0x76b000,4096
21989,u1,1,READ,0x10000776000,4096
21989,u3,3,READ,0x30003680000,262144
21999,u0,0,READ,0x76c000,4096
22003,u1,1,READ,0x10000777000,4096
22011,u0,0,WRITE,0x76d000,4096
22012,u1,1,WRITE,0x10000778000,4096
22023,u1,1,READ,0x10000779000,4096
22025,u0,0,READ,0x76e000,4096
22028,u2,2,READ,0x20003680000,262144
22033,u1,1,READ,0x1000077a000,4096
22040,u0,0,READ,0x76f000,4096
22048,u1,1,WRITE,0x1000077b000,4096
22049,u0,0,WRITE,0x770000,4096
22057,u0,0,READ,0x771000,4096
22060,u1,1,READ,0x1000077c000,4096
22068,u1,1,WRITE,0x1000077d000,4096
22070,u0,0,READ,0x772000,4096
22080,u3,3,WRITE,0x300036c0000,262144
22082,u0,0,WRITE,0x773000,4096
22083,u1,1,READ,0x1000077e000,4096
22093,u0,0,WRITE,0x774000,4096
22093,u1,1,WRITE,0x1000077f000,4096
22105,u1,1,WRITE,0x10000780000,4096
22108,u0,0,READ,0x775000,4096
22118,u1,1,WRITE,0x10000781000,4096
22121,u0,0,READ,0x776000,4096
22129,u1,1,WRITE,0x10000782000,4096
22136,u0,0,READ,0x777000,4096
22144,u1,1,WRITE,0x10000783000,4096
22145,u2,2,READ,0x200036c0000,262144
22147,u0,0,READ,0x778000,4096
22154,u1,1,WRITE,0x10000784000,4096
22159,u0,0,WRITE,0x779000,4096
22167,u0,0,WRITE,0x77a000,4096
22168,u1,1,READ,0x10000785000,4096
22169,u3,3,READ,0x30003700000,262144
22180,u0,0,READ,0x77b000,4096
22183,u1,1,WRITE,0x10000786000,4096
22194,u0,0,WRITE,0x77c000,4096
22198,u1,1,WRITE,0x10000787000,4096
22209,u0,0,WRITE,0x77d000,4096
22213,u1,1,WRITE,0x10000788000,4096
22220,u0,0,WRITE,0x77e000,4096
22221,u1,1,READ,0x10000789000,4096
22228,u0,0,WRITE,0x77f000,4096
22230,u1,1,WRITE,0x1000078a000,4096
22238,u1,1,WRITE,0x1000078b000,4096
22242,u0,0,WRITE,0x780000,4096
22246,u2,2,WRITE,0x20003700000,262144
22248,u1,1,WRITE,0x1000078c000,4096
22250,u0,0,WRITE,0x781000,4096
22258,u1,1,WRITE,0x1000078d000,4096
22263,u0,0,READ,0x782000,4096
22264,u3,3,WRITE,0x30003740000,262144
22269,u1,1,READ,0x1000078e000,4096
22272,u0,0,READ,0x783000,4096
22279,u1,1,READ,0x1000078f000,4096
22282,u0,0,READ,0x784000,4096
22294,u1,1,READ,0x10000790000,4096
22296,u0,0,READ,0x785000,4096
22302,u1,1,READ,0x10000791000,4096
22308,u0,0,WRITE,0x786000,4096
22310,u1,1,READ,0x10000792000,4096
22316,u0,0,WRITE,0x787000,4096
22321,u1,1,WRITE,0x10000793000,4096
22329,u0,0,WRITE,0x788000,4096
22330,u2,2,WRITE,0x20003740000,262144
22333,u1,1,READ,0x10000794000,4096
22341,u0,0,READ,0x789000,4096
22347,u1,1,WRITE,0x10000795000,4096
22350,u0,0,WRITE,0x78a000,4096
22361,u1,1,READ,0x10000796000,4096
22364,u0,0,READ,0x78b000,4096
22370,u1,1,WRITE,0x10000797000,4096
22377,u0,0,WRITE,0x78c000,4096
22377,u3,3,WRITE,0x30003780000,262144
22380,u1,1,READ,0x10000798000,4096
22392,u0,0,WRITE,0x78d000,4096
22394,u1,1,WRITE,0x10000799000,4096
22400,u0,0,READ,0x78e000,4096
22407,u1,1,READ,0x1000079a000,4096
22409,u0,0,WRITE,0x78f000,4096
22417,u0,0,WRITE,0x790000,4096
22419,u1,1,READ,0x1000079b000,4096
22425,u0,0,READ,0x791000,4096
22430,u1,1,READ,0x1000079c000,4096
22438,u0,0,READ,0x792000,4096
22445,u1,1,READ,0x1000079d000,4096
22448,u2,2,READ,0x20003780000,262144
22453,u0,0,WRITE,0x793000,4096
22454,u1,1,WRITE,0x1000079e000,4096
22458,u3,3,WRITE,0x300037c0000,262144
22464,u0,0,WRITE,0x794000,4096
22466,u1,1,WRITE,0x1000079f000,4096
22475,u1,1,WRITE,0x100007a0000,4096
22479,u0,0,READ,0x795000,4096
22483,u1,1,READ,0x100007a1000,4096
22493,u0,0,WRITE,0x796000,4096
22497,u1,1,READ,0x100007a2000,4096
22504,u0,0,WRITE,0x797000,4096
22507,u1,1,WRITE,0x100007a3000,4096
22512,u0,0,WRITE,0x798000,4096
22521,u1,1,WRITE,0x100007a4000,4096
22524,u0,0,READ,0x799000,4096
22533,u0,0,WRITE,0x79a000,4096
22534,u1,1,READ,0x100007a5000,4096
22543,u1,1,WRITE,0x100007a6000,4096
22546,u0,0,WRITE,0x79b000,4096
22546,u2,2,WRITE,0x200037c0000,262144
22551,u1,1,WRITE,0x100007a7000,4096
22560,u0,0,READ,0x79c000,4096
22563,u1,1,READ,0x100007a8000,4096
22564,u3,3,WRITE,0x30003800000,262144
22571,u0,0,READ,0x79d000,4096
22578,u1,1,WRITE,0x100007a9000,4096
22582,u0,0,WRITE,0x79e000,4096
22588,u1,1,WRITE,0x100007aa000,4096
22595,u0,0,READ,0x79f000,4096
22602,u1,1,READ,0x100007ab000,4096
22607,u0,0,WRITE,0x7a0000,4096
22610,u1,1,READ,0x100007ac000,4096
22617,u0,0,READ,0x7a1000,4096
22621,u1,1,READ,0x100007ad000,4096
22626,u0,0,READ,0x7a2000,4096
22631,u1,1,READ,0x100007ae000,4096
22634,u0,0,READ,0x7a3000,4096
22646,u1,1,WRITE,0x100007af000,4096
22647,u0,0,WRITE,0x7a4000,4096
22651,u2,2,WRITE,0x20003800000,262144
22655,u0,0,WRITE,0x7a5000,4096
22658,u1,1,READ,0x100007b0000,4096
22659,u3,3,READ,0x30003840000,262144
22665,u0,0,WRITE,0x7a6000,4096
22670,u1,1,WRITE,0x100007b1000,4096
22677,u0,0,READ,0x7a7000,4096
22684,u1,1,READ,0x100007b2000,4096
22687,u0,0,READ,0x7a8000,4096
22697,u1,1,WRITE,0x100007b3000,4096
22702,u0,0,WRITE,0x7a9000,4096
22706,u1,1,WRITE,0x100007b4000,4096
22710,u0,0,WRITE,0x7aa000,4096
22714,u1,1,WRITE,0x100007b5000,4096
22721,u0,0,WRITE,0x7ab000,4096
22727,u1,1,WRITE,0x100007b6000,4096
22731,u0,0,READ,0x7ac000,4096
22733,u2,2,WRITE,0x20003840000,262144
22738,u1,1,READ,0x100007b7000,4096
22746,u0,0,WRITE,0x7ad000,4096
22748,u1,1,WRITE,0x100007b8000,4096
22758,u3,3,WRITE,0x30003880000,262144
22761,u0,0,READ,0x7ae000,4096
22763,u1,1,WRITE,0x100007b9000,4096
22772,u1,1,READ,0x100007ba000,4096
22775,u0,0,READ,0x7af000,4096
22787,u1,1,WRITE,0x100007bb000,4096
22789,u0,0,WRITE,0x7b0000,4096
22796,u1,1,READ,0x100007bc000,4096
22802,u0,0,WRITE,0x7b1000,4096
22806,u1,1,WRITE,0x100007bd000,4096
22811,u0,0,WRITE,0x7b2000,4096
22816,u1,1,WRITE,0x100007be000,4096
22823,u0,0,READ,0x7b3000,4096
22825,u1,1,READ,0x100007bf000,4096
22826,u2,2,READ,0x20003880000,262144
22834,u0,0,WRITE,0x7b4000,4096
22837,u1,1,WRITE,0x100007c0000,4096
22847,u1,1,READ,0x100007c1000,4096
22849,u0,0,WRITE,0x7b5000,4096
22855,u3,3,READ,0x300038c0000,262144
22857,u1,1,WRITE,0x100007c2000,4096
22864,u0,0,READ,0x7b6000,4096
22868,u1,1,WRITE,0x100007c3000,4096
22875,u0,0,READ,0x7b7000,4096
22877,u1,1,WRITE,0x100007c4000,4096
22884,u0,0,WRITE,0x7b8000,4096
22890,u1,1,WRITE,0x100007c5000,4096
22898,u0,0,READ,0x7b9000,4096
22905,u1,1,WRITE,0x100007c6000,4096
22909,u0,0,WRITE,0x7ba000,4096
22919,u1,1,READ,0x100007c7000,4096
22924,u0,0,WRITE,0x7bb000,4096
22933,u1,1,READ,0x100007c8000,4096
22934,u0,0,READ,0x7bc000,4096
22944,u2,2,WRITE,0x200038c0000,262144
22948,u0,0,READ,0x7bd000,4096
22948,u1,1,READ,0x100007c9000,4096
22958,u0,0,WRITE,0x7be000,4096
22960,u1,1,WRITE,0x100007ca000,4096
22972,u3,3,READ,0x30003900000,262144
22973,u0,0,READ,0x7bf000,4096
22973,u1,1,WRITE,0x100007cb000,4096
22984,u1,1,READ,0x100007cc000,4096
22985,u0,0,WRITE,0x7c0000,4096
22992,u1,1,READ,0x100007cd000,4096
22998,u0,0,READ,0x7c1000,4096
23003,u1,1,READ,0x100007ce000,4096
23009,u0,0,WRITE,0x7c2000,4096
23015,u1,1,READ,0x100007cf000,4096
23018,u0,0,READ,0x7c3000,4096
23026,u1,1,WRITE,0x100007d0000,4096
23033,u0,0,WRITE,0x7c4000,4096
23037,u1,1,READ,0x100007d1000,4096
23041,u0,0,READ,0x7c5000,4096
23048,u1,1,READ,0x100007d2000,4096
23056,u0,0,READ,0x7c6000,4096
23057,u1,1,READ,0x100007d3000,4096
23058,u2,2,WRITE,0x20003900000,262144
23067,u1,1,WRITE,0x100007d4000,4096
23071,u0,0,READ,0x7c7000,4096
23075,u3,3,WRITE,0x30003940000,262144
23081,u0,0,WRITE,0x7c8000,4096
23081,u1,1,WRITE,0x100007d5000,4096
23091,u0,0,WRITE,0x7c9000,4096
23095,u1,1,WRITE,0x100007d6000,4096
23102,u0,0,READ,0x7ca000,4096
23103,u1,1,WRITE,0x100007d7000,4096
23111,u1,1,READ,0x100007d8000,4096
23112,u0,0,WRITE,0x7cb000,4096
23124,u1,1,READ,0x100007d9000,4096
23127,u0,0,READ,0x7cc000,4096
23135,u1,1,READ,0x100007da000,4096
23142,u0,0,READ,0x7cd000,4096
23143,u1,1,READ,0x100007db000,4096
23151,u2,2,READ,0x20003940000,262144
23153,u1,1,READ,0x100007dc000,4096
23155,u0,0,WRITE,0x7ce000,4096
23157,u3,3,WRITE,0x30003980000,262144
23165,u0,0,READ,0x7cf000,4096
23166,u1,1,READ,0x100007dd000,4096
23173,u0,0,READ,0x7d0000,4096
23177,u1,1,WRITE,0x100007de000,4096
23181,u0,0,READ,0x7d1000,4096
23185,u1,1,READ,0x100007df000,4096
23193,u1,1,WRITE,0x100007e0000,4096
23196,u0,0,WRITE,0x7d2000,4096
23201,u1,1,READ,0x100007e1000,4096
23205,u0,0,WRITE,0x7d3000,4096
23212,u1,1,READ,0x100007e2000,4096
23215,u0,0,READ,0x7d4000,4096
23221,u1,1,READ,0x100007e3000,4096
23230,u0,0,WRITE,0x7d5000,4096
23230,u1,1,READ,0x100007e4000,4096
23240,u0,0,READ,0x7d6000,4096
23245,u1,1,READ,0x100007e5000,4096
23249,u2,2,WRITE,0x20003980000,262144
23253,u0,0,WRITE,0x7d7000,4096
23255,u1,1,READ,0x100007e6000,4096
23266,u1,1,WRITE,0x100007e7000,4096
23268,u0,0,READ,0x7d8000,4096
23273,u3,3,WRITE,0x300039c0000,262144
23276,u1,1,WRITE,0x100007e8000,4096
23282,u0,0,READ,0x7d9000,4096
23288,u1,1,WRITE,0x100007e9000,4096
23296,u0,0,READ,0x7da000,4096
23301,u1,1,READ,0x100007ea000,4096
23308,u0,0,WRITE,0x7db000,4096
23316,u1,1,WRITE,0x100007eb000,4096
23317,u0,0,WRITE,0x7dc000,4096
23326,u1,1,WRITE,0x100007ec000,4096
23329,u0,0,READ,0x7dd000,4096
23332,u2,2,WRITE,0x200039c0000,262144
23337,u1,1,WRITE,0x100007ed000,4096
23344,u0,0,READ,0x7de000,4096
23348,u1,1,READ,0x100007ee000,4096
23354,u0,0,READ,0x7df000,4096
23354,u3,3,WRITE,0x30003a00000,262144
23360,u1,1,READ,0x100007ef000,4096
23366,u0,0,WRITE,0x7e0000,4096
23375,u1,1,READ,0x100007f0000,4096
23378,u0,0,WRITE,0x7e1000,4096
23384,u1,1,WRITE,0x100007f1000,4096
23388,u0,0,WRITE,0x7e2000,4096
23397,u1,1,WRITE,0x100007f2000,4096
23401,u0,0,READ,0x7e3000,4096
23406,u1,1,WRITE,0x100007f3000,4096
23415,u0,0,WRITE,0x7e4000,4096
23420,u1,1,WRITE,0x100007f4000,4096
23423,u0,0,WRITE,0x7e5000,4096
23428,u1,1,WRITE,0x100007f5000,4096
23436,u0,0,WRITE,0x7e6000,4096
23436,u1,1,WRITE,0x100007f6000,4096
23444,u1,1,READ,0x100007f7000,4096
23445,u0,0,WRITE,0x7e7000,4096
23450,u2,2,WRITE,0x20003a00000,262144
23455,u1,1,READ,0x100007f8000,4096
23458,u0,0,WRITE,0x7e8000,4096
23465,u1,1,READ,0x100007f9000,4096
23466,u3,3,WRITE,0x30003a40000,262144
23473,u0,0,WRITE,0x7e9000,4096
23477,u1,1,WRITE,0x100007fa000,4096
23484,u0,0,WRITE,0x7ea000,4096
23490,u1,1,WRITE,0x100007fb000,4096
23497,u0,0,READ,0x7eb000,4096
23500,u1,1,READ,0x100007fc000,4096
23512,u0,0,READ,0x7ec000,4096
23512,u1,1,READ,0x100007fd000,4096
23526,u0,0,READ,0x7ed000,4096
23527,u1,1,READ,0x100007fe000,4096
23532,u2,2,WRITE,0x20003a40000,262144
23534,u0,0,WRITE,0x7ee000,4096
23537,u1,1,WRITE,0x100007ff000,4096
23542,u0,0,WRITE,0x7ef000,4096
23550,u0,0,WRITE,0x7f0000,4096
23552,u1,1,READ,0x10000800000,4096
23561,u0,0,WRITE,0x7f1000,4096
23562,u1,1,READ,0x10000801000,4096
23566,u3,3,READ,0x30003a80000,262144
23572,u0,0,WRITE,0x7f2000,4096
23575,u1,1,WRITE,0x10000802000,4096
23583,u0,0,READ,0x7f3000,4096
23586,u1,1,READ,0x10000803000,4096
23594,u1,1,WRITE,0x10000804000,4096
23596,u0,0,WRITE,0x7f4000,4096
23606,u0,0,WRITE,0x7f5000,4096
23608,u1,1,WRITE,0x10000805000,4096
23619,u0,0,WRITE,0x7f6000,4096
23619,u1,1,WRITE,0x10000806000,4096
23629,u1,1,WRITE,0x10000807000,4096
23633,u0,0,READ,0x7f7000,4096
23638,u2,2,WRITE,0x20003a80000,262144
23644,u1,1,READ,0x10000808000,4096
23645,u0,0,WRITE,0x7f8000,4096
23653,u1,1,READ,0x10000809000,4096
23658,u0,0,READ,0x7f9000,4096
23667,u1,1,READ,0x1000080a000,4096
23669,u0,0,WRITE,0x7fa000,4096
23676,u1,1,READ,0x1000080b000,4096
23679,u0,0,READ,0x7fb000,4096
23684,u3,3,WRITE,0x30003ac0000,262144
23690,u1,1,READ,0x1000080c000,4096
23692,u0,0,READ,0x7fc000,4096
23702,u1,1,WRITE,0x1000080d000,4096
23705,u0,0,READ,0x7fd000,4096
23715,u1,1,WRITE,0x1000080e000,4096
23718,u0,0,READ,0x7fe000,4096
23726,u1,1,READ,0x1000080f000,4096
23731,u0,0,WRITE,0x7ff000,4096
23740,u1,1,READ,0x10000810000,4096
23741,u0,0,READ,0x800000,4096
23743,u2,2,WRITE,0x20003ac0000,262144
23748,u1,1,WRITE,0x10000811000,4096
23749,u0,0,WRITE,0x801000,4096
23760,u0,0,WRITE,0x802000,4096
23761,u1,1,WRITE,0x10000812000,4096
23772,u0,0,WRITE,0x803000,4096
23772,u3,3,WRITE,0x30003b00000,262144
23774,u1,1,WRITE,0x10000813000,4096
23782,u0,0,READ,0x804000,4096
23788,u1,1,READ,0x10000814000,4096
23796,u0,0,READ,0x805000,4096
23800,u1,1,WRITE,0x10000815000,4096
23810,u0,0,WRITE,0x806000,4096
23815,u1,1,READ,0x10000816000,4096
23824,u0,0,WRITE,0x807000,4096
23824,u1,1,WRITE,0x10000817000,4096
23828,u2,2,WRITE,0x20003b00000,262144
23835,u1,1,WRITE,0x10000818000,4096
23839,u0,0,WRITE,0x808000,4096
23845,u1,1,WRITE,0x10000819000,4096
23851,u0,0,READ,0x809000,4096
23860,u1,1,READ,0x1000081a000,4096
23861,u0,0,WRITE,0x80a000,4096
23869,u1,1,WRITE,0x1000081b000,4096
23869,u3,3,READ,0x30003b40000,262144
23872,u0,0,WRITE,0x80b000,4096
23878,u1,1,WRITE,0x1000081c000,4096
23880,u0,0,READ,0x80c000,4096
23892,u1,1,READ,0x1000081d000,4096
23893,u0,0,WRITE,0x80d000,4096
23905,u0,0,READ,0x80e000,4096
23905,u1,1,WRITE,0x1000081e000,4096
23919,u1,1,WRITE,0x1000081f000,4096
23920,u0,0,WRITE,0x80f000,4096
23921,u2,2,READ,0x20003b40000,262144
23930,u0,0,READ,0x810000,4096
23933,u1,1,WRITE,0x10000820000,4096
23939,u0,0,WRITE,0x811000,4096
23946,u1,1,WRITE,0x10000821000,4096
23950,u0,0,WRITE,0x812000,4096
23955,u1,1,WRITE,0x10000822000,4096
23958,u3,3,READ,0x30003b80000,262144
23960,u0,0,READ,0x813000,4096
23970,u1,1,WRITE,0x10000823000,4096
23972,u0,0,READ,0x814000,4096
23982,u0,0,WRITE,0x815000,4096
23984,u1,1,WRITE,0x10000824000,4096
23993,u0,0,READ,0x816000,4096
23997,u1,1,READ,0x10000825000,4096
24001,u0,0,WRITE,0x817000,4096
24006,u1,1,WRITE,0x10000826000,4096
24013,u2,2,READ,0x20003b80000,262144
24015,u0,0,READ,0x818000,4096
24020,u1,1,WRITE,0x10000827000,4096
24026,u0,0,WRITE,0x819000,4096
24034,u1,1,WRITE,0x10000828000,4096
24038,u0,0,WRITE,0x81a000,4096
24047,u0,0,WRITE,0x81b000,4096
24048,u1,1,READ,0x10000829000,4096
24050,u3,3,READ,0x30003bc0000,262144
24058,u1,1,READ,0x1000082a000,4096
24060,u0,0,READ,0x81c000,4096
24072,u1,1,READ,0x1000082b000,4096
24073,u0,0,READ,0x81d000,4096
24083,u0,0,READ,0x81e000,4096
24084,u1,1,WRITE,0x1000082c000,4096
24094,u0,0,READ,0x81f000,4096
24097,u1,1,WRITE,0x1000082d000,4096
24102,u0,0,READ,0x820000,4096
24109,u1,1,READ,0x1000082e000,4096
24113,u0,0,READ,0x821000,4096
24117,u1,1,WRITE,0x1000082f000,4096
24123,u2,2,WRITE,0x20003bc0000,262144
24124,u0,0,READ,0x822000,4096
24128,u1,1,WRITE,0x10000830000,4096
24134,u0,0,WRITE,0x823000,4096
24138,u3,3,WRITE,0x30003c00000,262144
24140,u1,1,WRITE,0x10000831000,4096
24148,u0,0,READ,0x824000,4096
24152,u1,1,WRITE,0x10000832000,4096
24161,u0,0,WRITE,0x825000,4096
24166,u1,1,READ,0x10000833000,4096
24169,u0,0,READ,0x826000,4096
24177,u1,1,READ,0x10000834000,4096
24184,u0,0,WRITE,0x827000,4096
24192,u1,1,READ,0x10000835000,4096
24198,u0,0,READ,0x828000,4096
24204,u1,1,WRITE,0x10000836000,4096
24207,u0,0,READ,0x829000,4096
24213,u2,2,READ,0x20003c00000,262144
24216,u1,1,READ,0x10000837000,4096
24221,u0,0,WRITE,0x82a000,4096
24226,u1,1,READ,0x10000838000,4096
24230,u0,0,READ,0x82b000,4096
24236,u1,1,WRITE,0x10000839000,4096
24243,u0,0,READ,0x82c000,4096
24246,u1,1,WRITE,0x1000083a000,4096
24253,u3,3,WRITE,0x30003c40000,262144
24255,u1,1,WRITE,0x1000083b000,4096
24257,u0,0,READ,0x82d000,4096
24270,u1,1,READ,0x1000083c000,4096
24271,u0,0,WRITE,0x82e000,4096
24279,u1,1,WRITE,0x1000083d000,4096
24284,u0,0,READ,0x82f000,4096
24287,u1,1,WRITE,0x1000083e000,4096
24295,u0,0,READ,0x830000,4096
24299,u1,1,READ,0x1000083f000,4096
24308,u1,1,READ,0x10000840000,4096
24309,u0,0,READ,0x831000,4096
24317,u1,1,READ,0x10000841000,4096
24317,u2,2,READ,0x20003c40000,262144
24319,u0,0,READ,0x832000,4096
24327,u1,1,WRITE,0x10000842000,4096
24329,u0,0,WRITE,0x833000,4096
24340,u1,1,WRITE,0x10000843000,4096
24344,u0,0,READ,0x834000,4096
24350,u3,3,WRITE,0x30003c80000,262144
24353,u1,1,READ,0x10000844000,4096
24356,u0,0,READ,0x835000,4096
24364,u1,1,READ,0x10000845000,4096
24367,u0,0,READ,0x836000,4096
24376,u0,0,READ,0x837000,4096
24379,u1,1,READ,0x10000846000,4096
24387,u0,0,READ,0x838000,4096
24391,u1,1,READ,0x10000847000,4096
24399,u0,0,READ,0x839000,4096
24404,u1,1,READ,0x10000848000,4096
24408,u0,0,READ,0x83a000,4096
24412,u2,2,WRITE,0x20003c80000,262144
24415,u1,1,READ,0x10000849000,4096
24422,u0,0,WRITE,0x83b000,4096
24429,u1,1,WRITE,0x1000084a000,4096
24432,u0,0,WRITE,0x83c000,4096
24440,u0,0,READ,0x83d000,4096
24441,u1,1,WRITE,0x1000084b000,4096
24448,u3,3,READ,0x30003cc0000,262144
24450,u1,1,WRITE,0x1000084c000,4096
24451,u0,0,WRITE,0x83e000,4096
24459,u1,1,WRITE,0x1000084d000,4096
24465,u0,0,READ,0x83f000,4096
24468,u1,1,WRITE,0x1000084e000,4096
24473,u0,0,WRITE,0x840000,4096
24482,u1,1,READ,0x1000084f000,4096
24485,u0,0,WRITE,0x841000,4096
24493,u1,1,WRITE,0x10000850000,4096
24500,u0,0,READ,0x842000,4096
24505,u1,1,READ,0x10000851000,4096
24509,u0,0,WRITE,0x843000,4096
24514,u1,1,WRITE,0x10000852000,4096
24520,u2,2,READ,0x20003cc0000,262144
24523,u0,0,WRITE,0x844000,4096
24526,u1,1,WRITE,0x10000853000,4096
24534,u0,0,READ,0x845000,4096
24537,u1,1,READ,0x10000854000,4096
24545,u0,0,WRITE,0x846000,4096
24546,u3,3,WRITE,0x30003d00000,262144
24547,u1,1,READ,0x10000855000,4096
24553,u0,0,READ,0x847000,4096
24556,u1,1,READ,0x10000856000,4096
24562,u0,0,READ,0x848000,4096
24570,u1,1,WRITE,0x10000857000,4096
24571,u0,0,READ,0x849000,4096
24580,u1,1,WRITE,0x10000858000,4096
24582,u0,0,WRITE,0x84a000,4096
24590,u1,1,READ,0x10000859000,4096
24596,u0,0,READ,0x84b000,4096
24600,u1,1,WRITE,0x1000085a000,4096
24606,u0,0,WRITE,0x84c000,4096
24612,u1,1,READ,0x1000085b000,4096
24619,u0,0,WRITE,0x84d000,4096
24620,u1,1,READ,0x1000085c000,4096
24621,u2,2,WRITE,0x20003d00000,262144
24631,u0,0,READ,0x84e000,4096
24632,u1,1,READ,0x1000085d000,4096
24639,u0,0,WRITE,0x84f000,4096
24641,u1,1,WRITE,0x1000085e000,4096
24652,u0,0,READ,0x850000,4096
24655,u1,1,WRITE,0x1000085f000,4096
24655,u3,3,WRITE,0x30003d40000,262144
24664,u1,1,WRITE,0x10000860000,4096
24666,u0,0,READ,0x851000,4096
24673,u1,1,READ,0x10000861000,4096
24679,u0,0,READ,0x852000,4096
24683,u1,1,READ,0x10000862000,4096
24688,u0,0,WRITE,0x853000,4096
24695,u1,1,WRITE,0x10000863000,4096
24700,u0,0,WRITE,0x854000,4096
24706,u1,1,READ,0x10000864000,4096
24709,u0,0,READ,0x855000,4096
24718,u1,1,READ,0x10000865000,4096
24723,u0,0,WRITE,0x856000,4096
24731,u0,0,READ,0x857000,4096
24732,u1,1,READ,0x10000866000,4096
24737,u2,2,WRITE,0x20003d40000,262144
24743,u1,1,READ,0x10000867000,4096
24745,u0,0,WRITE,0x858000,4096
24751,u3,3,READ,0x30003d80000,262144
24757,u0,0,READ,0x859000,4096
24757,u1,1,READ,0x10000868000,4096
24765,u0,0,WRITE,0x85a000,4096
24768,u1,1,READ,0x10000869000,4096
24780,u0,0,READ,0x85b000,4096
24780,u1,1,WRITE,0x1000086a000,4096
24789,u1,1,READ,0x1000086b000,4096
24793,u0,0,READ,0x85c000,4096
24802,u0,0,WRITE,0x85d000,4096
24803,u1,1,WRITE,0x1000086c000,4096
24816,u0,0,WRITE,0x85e000,4096
24816,u1,1,READ,0x1000086d000,4096
24826,u0,0,WRITE,0x85f000,4096
24827,u1,1,READ,0x1000086e000,4096
24835,u1,1,READ,0x1000086f000,4096
24838,u0,0,READ,0x860000,4096
24844,u2,2,READ,0x20003d80000,262144
24846,u0,0,READ,0x861000,4096
24846,u1,1,READ,0x10000870000,4096
24851,u3,3,READ,0x30003dc0000,262144
24855,u1,1,READ,0x10000871000,4096
24861,u0,0,WRITE,0x862000,4096
24867,u1,1,READ,0x10000872000,4096
24873,u0,0,READ,0x863000,4096
24881,u1,1,WRITE,0x10000873000,4096
24888,u0,0,WRITE,0x864000,4096
24894,u1,1,WRITE,0x10000874000,4096
24899,u0,0,WRITE,0x865000,4096
24903,u1,1,READ,0x10000875000,4096
24909,u0,0,WRITE,0x866000,4096
24918,u1,1,WRITE,0x10000876000,4096
24923,u0,0,READ,0x867000,4096
24930,u1,1,WRITE,0x10000877000,4096
24933,u0,0,WRITE,0x868000,4096
24944,u1,1,WRITE,0x10000878000,4096
24945,u0,0,READ,0x869000,4096
24946,u3,3,WRITE,0x30003e00000,262144
24956,u0,0,WRITE,0x86a000,4096
24957,u2,2,READ,0x20003dc0000,262144
24959,u1,1,READ,0x10000879000,4096
24967,u0,0,READ,0x86b000,4096
24973,u1,1,READ,0x1000087a000,4096
24979,u0,0,WRITE,0x86c000,4096
24983,u1,1,WRITE,0x1000087b000,4096
24987,u0,0,READ,0x86d000,4096
24995,u1,1,READ,0x1000087c000,4096
24996,u0,0,WRITE,0x86e000,4096
25004,u0,0,WRITE,0x86f000,4096
25009,u1,1,READ,0x1000087d000,4096
25014,u0,0,WRITE,0x870000,4096
25020,u1,1,READ,0x1000087e000,4096
25027,u0,0,READ,0x871000,4096
25029,u1,1,WRITE,0x1000087f000,4096
25038,u0,0,WRITE,0x872000,4096
25044,u1,1,WRITE,0x10000880000,4096
25046,u0,0,WRITE,0x873000,4096
25054,u0,0,WRITE,0x874000,4096
25059,u1,1,READ,0x10000881000,4096
25061,u2,2,READ,0x20003e00000,262144
25066,u3,3,WRITE,0x30003e40000,262144
25068,u0,0,READ,0x875000,4096
25073,u1,1,WRITE,0x10000882000,4096
25080,u0,0,WRITE,0x876000,4096
25088,u1,1,WRITE,0x10000883000,4096
25091,u0,0,WRITE,0x877000,4096
25096,u1,1,WRITE,0x10000884000,4096
25102,u0,0,WRITE,0x878000,4096
25105,u1,1,WRITE,0x10000885000,4096
25115,u1,1,WRITE,0x10000886000,4096
25117,u0,0,WRITE,0x879000,4096
25128,u1,1,READ,0x10000887000,4096
25129,u0,0,READ,0x87a000,4096
25137,u1,1,READ,0x10000888000,4096
25142,u0,0,READ,0x87b000,4096
25144,u2,2,WRITE,0x20003e40000,262144
25150,u1,1,READ,0x10000889000,4096
25151,u0,0,READ,0x87c000,4096
25158,u1,1,READ,0x1000088a000,4096
25161,u0,0,READ,0x87d000,4096
25167,u1,1,READ,0x1000088b000,4096
25171,u0,0,READ,0x87e000,4096
25171,u3,3,WRITE,0x30003e80000,262144
25179,u1,1,WRITE,0x1000088c000,4096
25181,u0,0,WRITE,0x87f000,4096
25190,u0,0,READ,0x880000,4096
25191,u1,1,READ,0x1000088d000,4096
25200,u0,0,READ,0x881000,4096
25206,u1,1,READ,0x1000088e000,4096
25213,u0,0,READ,0x882000,4096
25220,u1,1,READ,0x1000088f000,4096
25228,u0,0,WRITE,0x883000,4096
25232,u1,1,READ,0x10000890000,4096
25236,u0,0,READ,0x884000,4096
25246,u0,0,READ,0x885000,4096
25246,u1,1,WRITE,0x10000891000,4096
25252,u2,2,WRITE,0x20003e80000,262144
25252,u3,3,WRITE,0x30003ec0000,262144
25254,u1,1,WRITE,0x10000892000,4096
25260,u0,0,READ,0x886000,4096
25263,u1,1,READ,0x10000893000,4096
25268,u0,0,WRITE,0x887000,4096
25276,u0,0,READ,0x888000,4096
25276,u1,1,WRITE,0x10000894000,4096
25284,u1,1,WRITE,0x10000895000,4096
25287,u0,0,WRITE,0x889000,4096
25297,u0,0,READ,0x88a000,4096
25298,u1,1,READ,0x10000896000,4096
25306,u0,0,READ,0x88b000,4096
25306,u1,1,READ,0x10000897000,4096
25318,u0,0,READ,0x88c000,4096
25319,u1,1,WRITE,0x10000898000,4096
25329,u0,0,WRITE,0x88d000,4096
25329,u1,1,WRITE,0x10000899000,4096
25339,u0,0,READ,0x88e000,4096
25339,u1,1,READ,0x1000089a000,4096
25349,u0,0,READ,0x88f000,4096
25350,u1,1,READ,0x1000089b000,4096
25355,u2,2,READ,0x20003ec0000,262144
25359,u3,3,READ,0x30003f00000,262144
25363,u0,0,WRITE,0x890000,4096
25364,u1,1,READ,0x1000089c000,4096
25374,u0,0,WRITE,0x891000,4096
25375,u1,1,WRITE,0x1000089d000,4096
25386,u0,0,READ,0x892000,4096
25387,u1,1,READ,0x1000089e000,4096
25397,u0,0,READ,0x893000,4096
25400,u1,1,WRITE,0x1000089f000,4096
25411,u0,0,READ,0x894000,4096
25413,u1,1,WRITE,0x100008a0000,4096
25422,u0,0,WRITE,0x895000,4096
25422,u1,1,WRITE,0x100008a1000,4096
25434,u0,0,READ,0x896000,4096
25437,u1,1,WRITE,0x100008a2000,4096
25447,u0,0,WRITE,0x897000,4096
25452,u1,1,READ,0x100008a3000,4096
25455,u0,0,READ,0x898000,4096
25455,u2,2,WRITE,0x20003f00000,262144
25463,u0,0,WRITE,0x899000,4096
25465,u1,1,WRITE,0x100008a4000,4096
25473,u3,3,WRITE,0x30003f40000,262144
25475,u0,0,WRITE,0x89a000,4096
25479,u1,1,WRITE,0x100008a5000,4096
25487,u0,0,WRITE,0x89b000,4096
25489,u1,1,READ,0x100008a6000,4096
25498,u0,0,WRITE,0x89c000,4096
25501,u1,1,READ,0x100008a7000,4096
25506,u0,0,WRITE,0x89d000,4096
25514,u0,0,READ,0x89e000,4096
25515,u1,1,READ,0x100008a8000,4096
25522,u0,0,WRITE,0x89f000,4096
25529,u1,1,READ,0x100008a9000,4096
25534,u0,0,WRITE,0x8a0000,4096
25536,u2,2,WRITE,0x20003f40000,262144
25544,u1,1,READ,0x100008aa000,4096
25549,u0,0,WRITE,0x8a1000,4096
25559,u1,1,WRITE,0x100008ab000,4096
25561,u3,3,READ,0x30003f80000,262144
25562,u0,0,WRITE,0x8a2000,4096
25573,u1,1,READ,0x100008ac000,4096
25575,u0,0,READ,0x8a3000,4096
25584,u1,1,WRITE,0x100008ad000,4096
25585,u0,0,WRITE,0x8a4000,4096
25597,u1,1,WRITE,0x100008ae000,4096
25600,u0,0,READ,0x8a5000,4096
25609,u0,0,READ,0x8a6000,4096
25610,u1,1,READ,0x100008af000,4096
25617,u0,0,READ,0x8a7000,4096
25621,u1,1,WRITE,0x100008b0000,4096
25629,u0,0,READ,0x8a8000,4096
25634,u1,1,WRITE,0x100008b1000,4096
25637,u2,2,READ,0x20003f80000,262144
25640,u0,0,WRITE,0x8a9000,4096
25648,u1,1,WRITE,0x100008b2000,4096
25649,u0,0,READ,0x8aa000,4096
25661,u1,1,WRITE,0x100008b3000,4096
25664,u0,0,WRITE,0x8ab000,4096
25671,u1,1,WRITE,0x100008b4000,4096
25672,u0,0,READ,0x8ac000,4096
25674,u3,3,READ,0x30003fc0000,262144
25684,u0,0,READ,0x8ad000,4096
25685,u1,1,READ,0x100008b5000,4096
25693,u1,1,WRITE,0x100008b6000,4096
25696,u0,0,WRITE,0x8ae000,4096
25708,u1,1,WRITE,0x100008b7000,4096
25710,u0,0,READ,0x8af000,4096
25721,u1,1,READ,0x100008b8000,4096
25725,u0,0,WRITE,0x8b0000,4096
25733,u1,1,READ,0x100008b9000,4096
25740,u0,0,READ,0x8b1000,4096
25744,u1,1,WRITE,0x100008ba000,4096
25748,u2,2,READ,0x20003fc0000,262144
25752,u0,0,WRITE,0x8b2000,4096
25755,u3,3,READ,0x30004000000,262144
25756,u1,1,WRITE,0x100008bb000,4096
25765,u1,1,READ,0x100008bc000,4096
25766,u0,0,READ,0x8b3000,4096
25774,u0,0,READ,0x8b4000,4096
25774,u1,1,READ,0x100008bd000,4096
25783,u1,1,READ,0x100008be000,4096
25785,u0,0,READ,0x8b5000,4096
25793,u0,0,WRITE,0x8b6000,4096
25795,u1,1,WRITE,0x100008bf000,4096
25803,u1,1,WRITE,0x100008c0000,4096
25808,u0,0,READ,0x8b7000,4096
25818,u0,0,READ,0x8b8000,4096
25818,u1,1,WRITE,0x100008c1000,4096
25827,u0,0,WRITE,0x8b9000,4096
25828,u1,1,READ,0x100008c2000,4096
25838,u0,0,READ,0x8ba000,4096
25838,u1,1,WRITE,0x100008c3000,4096
25845,u2,2,READ,0x20004000000,262144
25849,u0,0,WRITE,0x8bb000,4096
25851,u1,1,READ,0x100008c4000,4096
25859,u0,0,READ,0x8bc000,4096
25859,u1,1,READ,0x100008c5000,4096
25869,u0,0,WRITE,0x8bd000,4096
25872,u1,1,READ,0x100008c6000,4096
25875,u3,3,READ,0x30004040000,262144
25881,u0,0,READ,0x8be000,4096
25887,u1,1,WRITE,0x100008c7000,4096
25892,u0,0,WRITE,0x8bf000,4096
25902,u1,1,WRITE,0x100008c8000,4096
25905,u0,0,READ,0x8c0000,4096
25910,u1,1,READ,0x100008c9000,4096
25913,u0,0,READ,0x8c1000,4096
25922,u1,1,WRITE,0x100008ca000,4096
25926,u0,0,READ,0x8c2000,4096
25936,u1,1,READ,0x100008cb000,4096
25941,u0,0,READ,0x8c3000,4096
25947,u1,1,READ,0x100008cc000,4096
25947,u2,2,WRITE,0x20004040000,262144
25955,u0,0,READ,0x8c4000,4096
25962,u1,1,WRITE,0x100008cd000,4096
25967,u0,0,WRITE,0x8c5000,4096
25975,u0,0,READ,0x8c6000,4096
25977,u1,1,WRITE,0x100008ce000,4096
25984,u0,0,READ,0x8c7000,4096
25985,u3,3,WRITE,0x30004080000,262144
25992,u1,1,READ,0x100008cf000,4096
25998,u0,0,READ,0x8c8000,4096
26000,u1,1,WRITE,0x100008d0000,4096
26007,u0,0,READ,0x8c9000,4096
26014,u1,1,WRITE,0x100008d1000,4096
26017,u0,0,READ,0x8ca000,4096
26026,u0,0,READ,0x8cb000,4096
26027,u1,1,WRITE,0x100008d2000,4096
26036,u1,1,WRITE,0x100008d3000,4096
26037,u0,0,READ,0x8cc000,4096
26039,u2,2,WRITE,0x20004080000,262144
26048,u1,1,READ,0x100008d4000,4096
26049,u0,0,READ,0x8cd000,4096
26058,u1,1,WRITE,0x100008d5000,4096
26060,u0,0,WRITE,0x8ce000,4096
26069,u1,1,READ,0x100008d6000,4096
26071,u0,0,READ,0x8cf000,4096
26083,u1,1,READ,0x100008d7000,4096
26084,u0,0,READ,0x8d0000,4096
26091,u1,1,READ,0x100008d8000,4096
26091,u3,3,WRITE,0x300040c0000,262144
26097,u0,0,READ,0x8d1000,4096
26100,u1,1,READ,0x100008d9000,4096
26110,u1,1,WRITE,0x100008da000,4096
26111,u0,0,READ,0x8d2000,4096
26120,u1,1,READ,0x100008db000,4096
26124,u0,0,READ,0x8d3000,4096
26124,u2,2,WRITE,0x200040c0000,262144
26130,u1,1,WRITE,0x100008dc000,4096
26139,u0,0,WRITE,0x8d4000,4096
26139,u1,1,WRITE,0x100008dd000,4096
26150,u1,1,WRITE,0x100008de000,4096
26151,u0,0,WRITE,0x8d5000,4096
26158,u1,1,READ,0x100008df000,4096
26159,u0,0,READ,0x8d6000,4096
26171,u0,0,WRITE,0x8d7000,4096
26171,u1,1,READ,0x100008e0000,4096
26180,u1,1,READ,0x100008e1000,4096
26186,u0,0,WRITE,0x8d8000,4096
26192,u1,1,WRITE,0x100008e2000,4096
26198,u0,0,READ,0x8d9000,4096
26206,u3,3,READ,0x30004100000,262144
26207,u1,1,READ,0x100008e3000,4096
26211,u0,0,READ,0x8da000,4096
26215,u1,1,WRITE,0x100008e4000,4096
26226,u0,0,READ,0x8db000,4096
26228,u1,1,READ,0x100008e5000,4096
26231,u2,2,READ,0x20004100000,262144
26239,u1,1,READ,0x100008e6000,4096
26241,u0,0,WRITE,0x8dc000,4096
26249,u0,0,READ,0x8dd000,4096
26250,u1,1,WRITE,0x100008e7000,4096
26257,u0,0,WRITE,0x8de000,4096
26258,u1,1,READ,0x100008e8000,4096
26271,u0,0,READ,0x8df000,4096
26273,u1,1,READ,0x100008e9000,4096
26280,u0,0,WRITE,0x8e0000,4096
26285,u1,1,READ,0x100008ea000,4096
26293,u0,0,WRITE,0x8e1000,4096
26297,u1,1,READ,0x100008eb000,4096
26303,u3,3,READ,0x30004140000,262144
26307,u0,0,WRITE,0x8e2000,4096
26311,u1,1,READ,0x100008ec000,4096
26320,u0,0,WRITE,0x8e3000,4096
26322,u1,1,WRITE,0x100008ed000,4096
26332,u2,2,READ,0x20004140000,262144
26333,u1,1,WRITE,0x100008ee000,4096
26335,u0,0,READ,0x8e4000,4096
26345,u1,1,WRITE,0x100008ef000,4096
26349,u0,0,READ,0x8e5000,4096
26357,u0,0,WRITE,0x8e6000,4096
26359,u1,1,READ,0x100008f0000,4096
26367,u1,1,READ,0x100008f1000,4096
26369,u0,0,READ,0x8e7000,4096
26379,u1,1,WRITE,0x100008f2000,4096
26384,u0,0,READ,0x8e8000,4096
26387,u1,1,WRITE,0x100008f3000,4096
26398,u0,0,WRITE,0x8e9000,4096
26399,u1,1,READ,0x100008f4000,4096
26407,u0,0,WRITE,0x8ea000,4096
26407,u1,1,READ,0x100008f5000,4096
26415,u0,0,READ,0x8eb000,4096
26415,u1,1,READ,0x100008f6000,4096
26423,u3,3,READ,0x30004180000,262144
26424,u0,0,WRITE,0x8ec000,4096
26427,u1,1,WRITE,0x100008f7000,4096
26439,u0,0,WRITE,0x8ed000,4096
26439,u1,1,WRITE,0x100008f8000,4096
26447,u1,1,READ,0x100008f9000,4096
26448,u2,2,WRITE,0x20004180000,262144
26452,u0,0,READ,0x8ee000,4096
26458,u1,1,WRITE,0x100008fa000,4096
26464,u0,0,WRITE,0x8ef000,4096
26470,u1,1,WRITE,0x100008fb000,4096
26472,u0,0,READ,0x8f0000,4096
26479,u1,1,WRITE,0x100008fc000,4096
26482,u0,0,WRITE,0x8f1000,4096
26494,u1,1,WRITE,0x100008fd000,4096
26497,u0,0,WRITE,0x8f2000,4096
26503,u3,3,WRITE,0x300041c0000,262144
26505,u1,1,READ,0x100008fe000,4096
26506,u0,0,WRITE,0x8f3000,4096
26516,u1,1,WRITE,0x100008ff000,4096
26520,u0,0,WRITE,0x8f4000,4096
26524,u1,1,WRITE,0x10000900000,4096
26529,u0,0,READ,0x8f5000,4096
26539,u1,1,READ,0x10000901000,4096
26544,u0,0,READ,0x8f6000,4096
26544,u2,2,WRITE,0x200041c0000,262144
26549,u1,1,WRITE,0x10000902000,4096
26558,u0,0,READ,0x8f7000,4096
26558,u1,1,WRITE,0x10000903000,4096
26567,u0,0,READ,0x8f8000,4096
26568,u1,1,READ,0x10000904000,4096
26579,u0,0,WRITE,0x8f9000,4096
26582,u1,1,WRITE,0x10000905000,4096
26592,u0,0,READ,0x8fa000,4096
26592,u3,3,READ,0x30004200000,262144
26596,u1,1,WRITE,0x10000906000,4096
26606,u0,0,READ,0x8fb000,4096
26606,u1,1,WRITE,0x10000907000,4096
26615,u0,0,WRITE,0x8fc000,4096
26615,u1,1,WRITE,0x10000908000,4096
26629,u0,0,READ,0x8fd000,4096
26629,u1,1,READ,0x10000909000,4096
26638,u1,1,WRITE,0x1000090a000,4096
26644,u0,0,WRITE,0x8fe000,4096
26646,u1,1,WRITE,0x1000090b000,4096
26653,u0,0,WRITE,0x8ff000,4096
26654,u1,1,READ,0x1000090c000,4096
26656,u2,2,READ,0x20004200000,262144
26663,u0,0,WRITE,0x900000,4096
26665,u1,1,WRITE,0x1000090d000,4096
26672,u0,0,READ,0x901000,4096
26676,u1,1,WRITE,0x1000090e000,4096
26682,u3,3,READ,0x30004240000,262144
26687,u0,0,WRITE,0x902000,4096
26691,u1,1,WRITE,0x1000090f000,4096
26700,u0,0,WRITE,0x903000,4096
26701,u1,1,WRITE,0x10000910000,4096
26710,u0,0,READ,0x904000,4096
26714,u1,1,READ,0x10000911000,4096
26719,u0,0,WRITE,0x905000,4096
26727,u1,1,READ,0x10000912000,4096
26733,u0,0,READ,0x906000,4096
26740,u1,1,READ,0x10000913000,4096
26745,u0,0,READ,0x907000,4096
26745,u2,2,WRITE,0x20004240000,262144
26752,u1,1,WRITE,0x10000914000,4096
26758,u0,0,WRITE,0x908000,4096
26761,u1,1,WRITE,0x10000915000,4096
26771,u0,0,WRITE,0x909000,4096
26772,u1,1,READ,0x10000916000,4096
26782,u0,0,READ,0x90a000,4096
26787,u1,1,WRITE,0x10000917000,4096
26793,u0,0,READ,0x90b000,4096
26794,u3,3,WRITE,0x30004280000,262144
26801,u1,1,READ,0x10000918000,4096
26805,u0,0,READ,0x90c000,4096
26815,u1,1,READ,0x10000919000,4096
26819,u0,0,READ,0x90d000,4096
26823,u1,1,WRITE,0x1000091a000,4096
26832,u0,0,READ,0x90e000,4096
26834,u1,1,WRITE,0x1000091b000,4096
26846,u0,0,WRITE,0x90f000,4096
26846,u1,1,WRITE,0x1000091c000,4096
26851,u2,2,WRITE,0x20004280000,262144
26854,u0,0,READ,0x910000,4096
26856,u1,1,READ,0x1000091d000,4096
26863,u0,0,READ,0x911000,4096
26865,u1,1,READ,0x1000091e000,4096
26875,u0,0,READ,0x912000,4096
26878,u1,1,WRITE,0x1000091f000,4096
26884,u0,0,READ,0x913000,4096
26890,u1,1,READ,0x10000920000,4096
26896,u0,0,READ,0x914000,4096
26898,u1,1,WRITE,0x10000921000,4096
26899,u3,3,WRITE,0x300042c0000,262144
26904,u0,0,WRITE,0x915000,4096
26906,u1,1,WRITE,0x10000922000,4096
26916,u0,0,READ,0x916000,4096
26919,u1,1,WRITE,0x10000923000,4096
26929,u1,1,WRITE,0x10000924000,4096
26931,u0,0,READ,0x917000,4096
26939,u0,0,READ,0x918000,4096
26943,u1,1,WRITE,0x10000925000,4096
26948,u0,0,READ,0x919000,4096
26956,u1,1,READ,0x10000926000,4096
26962,u0,0,READ,0x91a000,4096
26963,u2,2,WRITE,0x200042c0000,262144
26965,u1,1,READ,0x10000927000,4096
26970,u0,0,READ,0x91b000,4096
26980,u1,1,READ,0x10000928000,4096
26985,u0,0,READ,0x91c000,4096
26991,u1,1,WRITE,0x10000929000,4096
26992,u3,3,WRITE,0x30004300000,262144
26999,u0,0,WRITE,0x91d000,4096
27001,u1,1,READ,0x1000092a000,4096
27009,u0,0,READ,0x91e000,4096
27014,u1,1,WRITE,0x1000092b000,4096
27022,u0,0,WRITE,0x91f000,4096
27026,u1,1,WRITE,0x1000092c000,4096
27034,u0,0,READ,0x920000,4096
27034,u1,1,WRITE,0x1000092d000,4096
27043,u2,2,READ,0x20004300000,262144
27045,u0,0,WRITE,0x921000,4096
27046,u1,1,WRITE,0x1000092e000,4096
27057,u0,0,WRITE,0x922000,4096
27060,u1,1,WRITE,0x1000092f000,4096
27070,u1,1,READ,0x10000930000,4096
27072,u0,0,WRITE,0x923000,4096
27082,u0,0,WRITE,0x924000,4096
27083,u1,1,WRITE,0x10000931000,4096
27092,u3,3,WRITE,0x30004340000,262144
27095,u0,0,READ,0x925000,4096
27096,u1,1,WRITE,0x10000932000,4096
27104,u1,1,READ,0x10000933000,4096
27110,u0,0,WRITE,0x926000,4096
27113,u1,1,WRITE,0x10000934000,4096
27124,u0,0,READ,0x927000,4096
27126,u1,1,WRITE,0x10000935000,4096
27137,u0,0,WRITE,0x928000,4096
27138,u1,1,WRITE,0x10000936000,4096
27150,u1,1,READ,0x10000937000,4096
27152,u0,0,WRITE,0x929000,4096
27160,u1,1,READ,0x10000938000,4096
27163,u2,2,WRITE,0x20004340000,262144
27165,u0,0,WRITE,0x92a000,4096
27172,u1,1,READ,0x10000939000,4096
27180,u0,0,WRITE,0x92b000,4096
27181,u1,1,WRITE,0x1000093a000,4096
27185,u3,3,WRITE,0x30004380000,262144
27191,u0,0,WRITE,0x92c000,4096
27196,u1,1,READ,0x1000093b000,4096
27206,u0,0,WRITE,0x92d000,4096
27207,u1,1,WRITE,0x1000093c000,4096
27214,u0,0,WRITE,0x92e000,4096
27217,u1,1,READ,0x1000093d000,4096
27227,u0,0,READ,0x92f000,4096
27232,u1,1,READ,0x1000093e000,4096
27237,u0,0,READ,0x930000,4096
27240,u1,1,READ,0x1000093f000,4096
27245,u0,0,WRITE,0x931000,4096
27252,u1,1,WRITE,0x10000940000,4096
27260,u0,0,READ,0x932000,4096
27263,u1,1,WRITE,0x10000941000,4096
27267,u2,2,WRITE,0x20004380000,262144
27271,u1,1,WRITE,0x10000942000,4096
27273,u0,0,READ,0x933000,4096
27276,u3,3,WRITE,0x300043c0000,262144
27282,u1,1,READ,0x10000943000,4096
27287,u0,0,READ,0x934000,4096
27294,u1,1,READ,0x10000944000,4096
27296,u0,0,READ,0x935000,4096
27302,u1,1,READ,0x10000945000,4096
27307,u0,0,WRITE,0x936000,4096
27317,u1,1,READ,0x10000946000,4096
27319,u0,0,READ,0x937000,4096
27326,u1,1,READ,0x10000947000,4096
27329,u0,0,READ,0x938000,4096
27336,u1,1,WRITE,0x10000948000,4096
27337,u0,0,READ,0x939000,4096
27346,u0,0,READ,0x93a000,4096
27351,u1,1,READ,0x10000949000,4096
27355,u0,0,READ,0x93b000,4096
27364,u1,1,WRITE,0x1000094a000,4096
27365,u3,3,READ,0x30004400000,262144
27369,u0,0,WRITE,0x93c000,4096
27379,u1,1,READ,0x1000094b000,4096
27384,u0,0,READ,0x93d000,4096
27387,u2,2,WRITE,0x200043c0000,262144
27392,u1,1,WRITE,0x1000094c000,4096
27399,u0,0,WRITE,0x93e000,4096
27401,u1,1,READ,0x1000094d000,4096
27407,u0,0,READ,0x93f000,4096
27412,u1,1,READ,0x1000094e000,4096
27417,u0,0,WRITE,0x940000,4096
27420,u1,1,READ,0x1000094f000,4096
27432,u0,0,READ,0x941000,4096
27434,u1,1,WRITE,0x10000950000,4096
27445,u1,1,READ,0x10000951000,4096
27446,u0,0,READ,0x942000,4096
27453,u1,1,WRITE,0x10000952000,4096
27459,u0,0,READ,0x943000,4096
27463,u1,1,READ,0x10000953000,4096
27471,u0,0,READ,0x944000,4096
27476,u3,3,READ,0x30004440000,262144
27478,u1,1,READ,0x10000954000,4096
27478,u2,2,READ,0x20004400000,262144
27486,u0,0,READ,0x945000,4096
27492,u1,1,WRITE,0x10000955000,4096
27494,u0,0,WRITE,0x946000,4096
27502,u1,1,READ,0x10000956000,4096
27505,u0,0,WRITE,0x947000,4096
27512,u1,1,READ,0x10000957000,4096
27514,u0,0,READ,0x948000,4096
27526,u1,1,READ,0x10000958000,4096
27528,u0,0,READ,0x949000,4096
27537,u1,1,READ,0x10000959000,4096
27538,u0,0,WRITE,0x94a000,4096
27548,u0,0,WRITE,0x94b000,4096
27550,u1,1,WRITE,0x1000095a000,4096
27563,u0,0,READ,0x94c000,4096
27563,u1,1,WRITE,0x1000095b000,4096
27575,u3,3,READ,0x30004480000,262144
27576,u0,0,READ,0x94d000,4096
27576,u1,1,WRITE,0x1000095c000,4096
27585,u0,0,READ,0x94e000,4096
27589,u1,1,READ,0x1000095d000,4096
27596,u0,0,WRITE,0x94f000,4096
27596,u2,2,READ,0x20004440000,262144
27598,u1,1,WRITE,0x1000095e000,4096
27608,u1,1,WRITE,0x1000095f000,4096
27609,u0,0,WRITE,0x950000,4096
27621,u1,1,WRITE,0x10000960000,4096
27623,u0,0,READ,0x951000,4096
27629,u1,1,WRITE,0x10000961000,4096
27638,u0,0,READ,0x952000,4096
27641,u1,1,WRITE,0x10000962000,4096
27650,u1,1,WRITE,0x10000963000,4096
27652,u0,0,READ,0x953000,4096
27664,u0,0,READ,0x954000,4096
27665,u1,1,READ,0x10000964000,4096
27672,u3,3,READ,0x300044c0000,262144
27676,u1,1,WRITE,0x10000965000,4096
27679,u0,0,WRITE,0x955000,4096
27689,u0,0,WRITE,0x956000,4096
27690,u1,1,WRITE,0x10000966000,4096
27697,u0,0,WRITE,0x957000,4096
27705,u1,1,WRITE,0x10000967000,4096
27711,u0,0,WRITE,0x958000,4096
27715,u1,1,READ,0x10000968000,4096
27716,u2,2,WRITE,0x20004480000,262144
27725,u0,0,WRITE,0x959000,4096
27729,u1,1,WRITE,0x10000969000,4096
27734,u0,0,READ,0x95a000,4096
27742,u1,1,WRITE,0x1000096a000,4096
27747,u0,0,READ,0x95b000,4096
27754,u1,1,WRITE,0x1000096b000,4096
27757,u0,0,READ,0x95c000,4096
27766,u0,0,READ,0x95d000,4096
27768,u1,1,READ,0x1000096c000,4096
27774,u0,0,WRITE,0x95e000,4096
27777,u3,3,WRITE,0x30004500000,262144
27781,u1,1,WRITE,0x1000096d000,4096
27789,u0,0,READ,0x95f000,4096
27794,u1,1,WRITE,0x1000096e000,4096
27797,u2,2,READ,0x200044c0000,262144
27799,u0,0,READ,0x960000,4096
27807,u0,0,WRITE,0x961000,4096
27809,u1,1,WRITE,0x1000096f000,4096
27821,u0,0,READ,0x962000,4096
27822,u1,1,READ,0x10000970000,4096
27835,u0,0,READ,0x963000,4096
27836,u1,1,WRITE,0x10000971000,4096
27844,u1,1,READ,0x10000972000,4096
27848,u0,0,READ,0x964000,4096
27856,u0,0,READ,0x965000,4096
27858,u1,1,WRITE,0x10000973000,4096
27866,u0,0,READ,0x966000,4096
27871,u1,1,READ,0x10000974000,4096
27875,u0,0,WRITE,0x967000,4096
27884,u1,1,WRITE,0x10000975000,4096
27889,u0,0,WRITE,0x968000,4096
27890,u3,3,READ,0x30004540000,262144
27892,u1,1,READ,0x10000976000,4096
27901,u0,0,READ,0x969000,4096
27902,u1,1,WRITE,0x10000977000,4096
27910,u2,2,READ,0x20004500000,262144
27912,u0,0,WRITE,0x96a000,4096
27915,u1,1,READ,0x10000978000,4096
27926,u0,0,WRITE,0x96b000,4096
27930,u1,1,READ,0x10000979000,4096
27940,u1,1,READ,0x1000097a000,4096
27941,u0,0,WRITE,0x96c000,4096
27949,u0,0,READ,0x96d000,4096
27954,u1,1,WRITE,0x1000097b000,4096
27958,u0,0,READ,0x96e000,4096
27966,u0,0,WRITE,0x96f000,4096
27969,u1,1,WRITE,0x1000097c000,4096
27977,u1,1,WRITE,0x1000097d000,4096
27981,u0,0,READ,0x970000,4096
27985,u1,1,WRITE,0x1000097e000,4096
27990,u0,0,READ,0x971000,4096
27997,u1,1,WRITE,0x1000097f000,4096
28003,u3,3,WRITE,0x30004580000,262144
28005,u0,0,WRITE,0x972000,4096
28011,u1,1,WRITE,0x10000980000,4096
28017,u2,2,READ,0x20004540000,262144
28019,u0,0,READ,0x973000,4096
28025,u1,1,READ,0x10000981000,4096
28032,u0,0,WRITE,0x974000,4096
28035,u1,1,WRITE,0x10000982000,4096
28042,u0,0,READ,0x975000,4096
28043,u1,1,WRITE,0x10000983000,4096
28052,u1,1,READ,0x10000984000,4096
28055,u0,0,READ,0x976000,4096
28067,u1,1,READ,0x10000985000,4096
28070,u0,0,READ,0x977000,4096
28077,u1,1,READ,0x10000986000,4096
28083,u0,0,WRITE,0x978000,4096
28087,u1,1,READ,0x10000987000,4096
28088,u3,3,READ,0x300045c0000,262144
28097,u1,1,READ,0x10000988000,4096
28098,u0,0,READ,0x979000,4096
28108,u0,0,WRITE,0x97a000,4096
28108,u1,1,WRITE,0x10000989000,4096
28108,u2,2,READ,0x20004580000,262144
28118,u1,1,WRITE,0x1000098a000,4096
28121,u0,0,READ,0x97b000,4096
28130,u1,1,READ,0x1000098b000,4096
28135,u0,0,WRITE,0x97c000,4096
28144,u1,1,WRITE,0x1000098c000,4096
28147,u0,0,READ,0x97d000,4096
28154,u1,1,WRITE,0x1000098d000,4096
28157,u0,0,WRITE,0x97e000,4096
28168,u1,1,READ,0x1000098e000,4096
28170,u0,0,WRITE,0x97f000,4096
28177,u1,1,WRITE,0x1000098f000,4096
28184,u0,0,WRITE,0x980000,4096
28189,u1,1,WRITE,0x10000990000,4096
28197,u0,0,WRITE,0x981000,4096
28201,u1,1,WRITE,0x10000991000,4096
28202,u3,3,WRITE,0x30004600000,262144
28207,u0,0,WRITE,0x982000,4096
28216,u1,1,WRITE,0x10000992000,4096
28218,u0,0,READ,0x983000,4096
28221,u2,2,WRITE,0x200045c0000,262144
28226,u0,0,READ,0x984000,4096
28229,u1,1,WRITE,0x10000993000,4096
28236,u0,0,READ,0x985000,4096
28239,u1,1,WRITE,0x10000994000,4096
28249,u0,0,READ,0x986000,4096
28252,u1,1,READ,0x10000995000,4096
28258,u0,0,READ,0x987000,4096
28263,u1,1,WRITE,0x10000996000,4096
28273,u0,0,WRITE,0x988000,4096
28276,u1,1,READ,0x10000997000,4096
28286,u0,0,READ,0x989000,4096
28287,u1,1,READ,0x10000998000,4096
28297,u0,0,READ,0x98a000,4096
28299,u1,1,WRITE,0x10000999000,4096
28306,u2,2,WRITE,0x20004600000,262144
28308,u1,1,READ,0x1000099a000,4096
28309,u0,0,WRITE,0x98b000,4096
28320,u0,0,READ,0x98c000,4096
28320,u3,3,READ,0x30004640000,262144
28321,u1,1,READ,0x1000099b000,4096
28330,u0,0,READ,0x98d000,4096
28334,u1,1,WRITE,0x1000099c000,4096
28341,u0,0,READ,0x98e000,4096
28347,u1,1,READ,0x1000099d000,4096
28353,u0,0,WRITE,0x98f000,4096
28362,u1,1,WRITE,0x1000099e000,4096
28366,u0,0,WRITE,0x990000,4096
28374,u0,0,WRITE,0x991000,4096
28375,u1,1,READ,0x1000099f000,4096
28383,u1,1,WRITE,0x100009a0000,4096
28389,u0,0,READ,0x992000,4096
28391,u1,1,READ,0x100009a1000,4096
28399,u0,0,READ,0x993000,4096
28400,u1,1,READ,0x100009a2000,4096
28410,u3,3,WRITE,0x30004680000,262144
28411,u0,0,READ,0x994000,4096
28412,u1,1,WRITE,0x100009a3000,4096
28420,u0,0,READ,0x995000,4096
28425,u2,2,WRITE,0x20004640000,262144
28427,u1,1,READ,0x100009a4000,4096
28434,u0,0,READ,0x996000,4096
28436,u1,1,READ,0x100009a5000,4096
28444,u0,0,WRITE,0x997000,4096
28448,u1,1,WRITE,0x100009a6000,4096
28458,u0,0,WRITE,0x998000,4096
28462,u1,1,READ,0x100009a7000,4096
28469,u0,0,READ,0x999000,4096
28476,u1,1,WRITE,0x100009a8000,4096
28479,u0,0,READ,0x99a000,4096
28485,u1,1,WRITE,0x100009a9000,4096
28491,u0,0,WRITE,0x99b000,4096
28493,u1,1,READ,0x100009aa000,4096
28500,u3,3,READ,0x300046c0000,262144
28501,u1,1,READ,0x100009ab000,4096
28506,u0,0,READ,0x99c000,4096
28514,u1,1,WRITE,0x100009ac000,4096
28515,u0,0,WRITE,0x99d000,4096
28515,u2,2,WRITE,0x20004680000,262144
28523,u0,0,READ,0x99e000,4096
28528,u1,1,WRITE,0x100009ad000,4096
28532,u0,0,READ,0x99f000,4096
28537,u1,1,WRITE,0x100009ae000,4096
28547,u0,0,READ,0x9a0000,4096
28552,u1,1,WRITE,0x100009af000,4096
28559,u0,0,READ,0x9a1000,4096
28564,u1,1,READ,0x100009b0000,4096
28571,u0,0,READ,0x9a2000,4096
28577,u1,1,WRITE,0x100009b1000,4096
28583,u0,0,WRITE,0x9a3000,4096
28590,u1,1,WRITE,0x100009b2000,4096
28592,u0,0,WRITE,0x9a4000,4096
28592,u3,3,READ,0x30004700000,262144
28601,u1,1,READ,0x100009b3000,4096
28606,u0,0,WRITE,0x9a5000,4096
28613,u1,1,READ,0x100009b4000,4096
28621,u0,0,WRITE,0x9a6000,4096
28624,u2,2,READ,0x200046c0000,262144
28625,u1,1,READ,0x100009b5000,4096
28632,u0,0,READ,0x9a7000,4096
28633,u1,1,WRITE,0x100009b6000,4096
28640,u0,0,WRITE,0x9a8000,4096
28643,u1,1,READ,0x100009b7000,4096
28648,u0,0,READ,0x9a9000,4096
28655,u1,1,WRITE,0x100009b8000,4096
28656,u0,0,READ,0x9aa000,4096
28664,u0,0,WRITE,0x9ab000,4096
28665,u1,1,WRITE,0x100009b9000,4096
28676,u0,0,READ,0x9ac000,4096
28679,u1,1,READ,0x100009ba000,4096
28687,u0,0,READ,0x9ad000,4096
28687,u1,1,WRITE,0x100009bb000,4096
28695,u0,0,READ,0x9ae000,4096
28702,u1,1,READ,0x100009bc000,4096
28703,u0,0,WRITE,0x9af000,4096
28704,u3,3,WRITE,0x30004740000,262144
28712,u0,0,WRITE,0x9b0000,4096
28715,u1,1,READ,0x100009bd000,4096
28720,u0,0,READ,0x9b1000,4096
28727,u2,2,WRITE,0x20004700000,262144
28728,u1,1,READ,0x100009be000,4096
28731,u0,0,READ,0x9b2000,4096
28741,u1,1,WRITE,0x100009bf000,4096
28745,u0,0,WRITE,0x9b3000,4096
28750,u1,1,WRITE,0x100009c0000,4096
28753,u0,0,WRITE,0x9b4000,4096
28761,u1,1,READ,0x100009c1000,4096
28762,u0,0,WRITE,0x9b5000,4096
28771,u0,0,READ,0x9b6000,4096
28776,u1,1,WRITE,0x100009c2000,4096
28784,u1,1,WRITE,0x100009c3000,4096
28785,u0,0,WRITE,0x9b7000,4096
28799,u0,0,READ,0x9b8000,4096
28799,u1,1,WRITE,0x100009c4000,4096
28803,u3,3,READ,0x30004780000,262144
28809,u0,0,WRITE,0x9b9000,4096
28813,u1,1,WRITE,0x100009c5000,4096
28818,u0,0,READ,0x9ba000,4096
28821,u1,1,WRITE,0x100009c6000,4096
28830,u0,0,WRITE,0x9bb000,4096
28835,u1,1,READ,0x100009c7000,4096
28841,u2,2,READ,0x20004740000,262144
28845,u0,0,WRITE,0x9bc000,4096
28849,u1,1,WRITE,0x100009c8000,4096
28857,u0,0,READ,0x9bd000,4096
28858,u1,1,READ,0x100009c9000,4096
28866,u0,0,READ,0x9be000,4096
28871,u1,1,WRITE,0x100009ca000,4096
28879,u0,0,WRITE,0x9bf000,4096
28881,u1,1,WRITE,0x100009cb000,4096
28890,u0,0,READ,0x9c0000,4096
28893,u1,1,WRITE,0x100009cc000,4096
28900,u0,0,READ,0x9c1000,4096
28904,u1,1,READ,0x100009cd000,4096
28908,u3,3,READ,0x300047c0000,262144
28912,u0,0,WRITE,0x9c2000,4096
28917,u1,1,WRITE,0x100009ce000,4096
28924,u0,0,WRITE,0x9c3000,4096
28930,u1,1,WRITE,0x100009cf000,4096
28937,u0,0,WRITE,0x9c4000,4096
28943,u1,1,WRITE,0x100009d0000,4096
28947,u0,0,READ,0x9c5000,4096
28953,u1,1,READ,0x100009d1000,4096
28953,u2,2,WRITE,0x20004780000,262144
28957,u0,0,READ,0x9c6000,4096
28961,u1,1,WRITE,0x100009d2000,4096
28968,u0,0,READ,0x9c7000,4096
28971,u1,1,WRITE,0x100009d3000,4096
28980,u0,0,WRITE,0x9c8000,4096
28985,u1,1,WRITE,0x100009d4000,4096
28993,u0,0,READ,0x9c9000,4096
28994,u1,1,WRITE,0x100009d5000,4096
29006,u0,0,READ,0x9ca000,4096
29008,u1,1,WRITE,0x100009d6000,4096
29015,u0,0,WRITE,0x9cb000,4096
29020,u1,1,WRITE,0x100009d7000,4096
29025,u3,3,WRITE,0x30004800000,262144
29029,u0,0,READ,0x9cc000,4096
29034,u1,1,WRITE,0x100009d8000,4096
29038,u0,0,READ,0x9cd000,4096
29044,u1,1,READ,0x100009d9000,4096
29050,u0,0,WRITE,0x9ce000,4096
29052,u2,2,READ,0x200047c0000,262144
29053,u1,1,READ,0x100009da000,4096
29063,u0,0,WRITE,0x9cf000,4096
29063,u1,1,WRITE,0x100009db000,4096
29075,u0,0,READ,0x9d0000,4096
29076,u1,1,WRITE,0x100009dc000,4096
29086,u1,1,READ,0x100009dd000,4096
29089,u0,0,READ,0x9d1000,4096
29098,u0,0,READ,0x9d2000,4096
29098,u1,1,READ,0x100009de000,4096
29110,u3,3,READ,0x30004840000,262144
29111,u0,0,READ,0x9d3000,4096
29112,u1,1,WRITE,0x100009df000,4096
29125,u0,0,READ,0x9d4000,4096
29125,u1,1,WRITE,0x100009e0000,4096
29138,u0,0,READ,0x9d5000,4096
29140,u1,1,READ,0x100009e1000,4096
29148,u0,0,WRITE,0x9d6000,4096
29152,u1,1,WRITE,0x100009e2000,4096
29156,u2,2,READ,0x20004800000,262144
29159,u0,0,READ,0x9d7000,4096
29163,u1,1,WRITE,0x100009e3000,4096
29169,u0,0,WRITE,0x9d8000,4096
29177,u1,1,READ,0x100009e4000,4096
29184,u0,0,READ,0x9d9000,4096
29192,u1,1,READ,0x100009e5000,4096
29193,u0,0,WRITE,0x9da000,4096
29196,u3,3,WRITE,0x30004880000,262144
29204,u1,1,WRITE,0x100009e6000,4096
29207,u0,0,READ,0x9db000,4096
29213,u1,1,READ,0x100009e7000,4096
29218,u0,0,WRITE,0x9dc000,4096
29228,u1,1,WRITE,0x100009e8000,4096
29231,u0,0,WRITE,0x9dd000,4096
29237,u2,2,READ,0x20004840000,262144
29243,u1,1,WRITE,0x100009e9000,4096
29244,u0,0,READ,0x9de000,4096
29252,u1,1,WRITE,0x100009ea000,4096
29257,u0,0,WRITE,0x9df000,4096
29261,u1,1,WRITE,0x100009eb000,4096
29266,u0,0,WRITE,0x9e0000,4096
29270,u1,1,READ,0x100009ec000,4096
29274,u0,0,WRITE,0x9e1000,4096
29281,u1,1,READ,0x100009ed000,4096
29285,u0,0,WRITE,0x9e2000,4096
29296,u1,1,WRITE,0x100009ee000,4096
29297,u0,0,WRITE,0x9e3000,4096
29301,u3,3,READ,0x300048c0000,262144
29305,u0,0,WRITE,0x9e4000,4096
29306,u1,1,READ,0x100009ef000,4096
29315,u1,1,READ,0x100009f0000,4096
29318,u0,0,READ,0x9e5000,4096
29325,u1,1,READ,0x100009f1000,4096
29325,u2,2,WRITE,0x20004880000,262144
29330,u0,0,WRITE,0x9e6000,4096
29340,u1,1,READ,0x100009f2000,4096
29345,u0,0,WRITE,0x9e7000,4096
29355,u1,1,WRITE,0x100009f3000,4096
29358,u0,0,WRITE,0x9e8000,4096
29364,u1,1,READ,0x100009f4000,4096
29367,u0,0,WRITE,0x9e9000,4096
29375,u0,0,READ,0x9ea000,4096
29379,u1,1,WRITE,0x100009f5000,4096
29388,u3,3,READ,0x30004900000,262144
29389,u0,0,READ,0x9eb000,4096
29393,u1,1,READ,0x100009f6000,4096
29400,u0,0,READ,0x9ec000,4096
29408,u1,1,WRITE,0x100009f7000,4096
29414,u0,0,WRITE,0x9ed000,4096
29416,u1,1,WRITE,0x100009f8000,4096
29425,u1,1,READ,0x100009f9000,4096
29427,u2,2,WRITE,0x200048c0000,262144
29429,u0,0,READ,0x9ee000,4096
29435,u1,1,READ,0x100009fa000,4096
29439,u0,0,READ,0x9ef000,4096
29443,u1,1,WRITE,0x100009fb000,4096
29453,u0,0,WRITE,0x9f0000,4096
29453,u1,1,READ,0x100009fc000,4096
29461,u1,1,READ,0x100009fd000,4096
29462,u0,0,WRITE,0x9f1000,4096
29473,u1,1,WRITE,0x100009fe000,4096
29477,u0,0,READ,0x9f2000,4096
29482,u3,3,READ,0x30004940000,262144
29484,u1,1,WRITE,0x100009ff000,4096
29489,u0,0,READ,0x9f3000,4096
29493,u1,1,WRITE,0x10000a00000,4096
29500,u0,0,WRITE,0x9f4000,4096
29502,u1,1,READ,0x10000a01000,4096
29513,u0,0,WRITE,0x9f5000,4096
29514,u1,1,WRITE,0x10000a02000,4096
29528,u0,0,WRITE,0x9f6000,4096
29529,u1,1,READ,0x10000a03000,4096
29533,u2,2,READ,0x20004900000,262144
29536,u0,0,READ,0x9f7000,4096
29537,u1,1,WRITE,0x10000a04000,4096
29546,u0,0,WRITE,0x9f8000,4096
29547,u1,1,WRITE,0x10000a05000,4096
29554,u0,0,READ,0x9f9000,4096
29560,u1,1,WRITE,0x10000a06000,4096
29568,u1,1,READ,0x10000a07000,4096
29569,u0,0,READ,0x9fa000,4096
29577,u0,0,READ,0x9fb000,4096
29578,u1,1,WRITE,0x10000a08000,4096
29582,u3,3,WRITE,0x30004980000,262144
29588,u1,1,READ,0x10000a09000,4096
29589,u0,0,READ,0x9fc000,4096
29597,u0,0,READ,0x9fd000,4096
29597,u1,1,READ,0x10000a0a000,4096
29606,u1,1,WRITE,0x10000a0b000,4096
29611,u0,0,WRITE,0x9fe000,4096
29617,u1,1,WRITE,0x10000a0c000,4096
29618,u2,2,READ,0x20004940000,262144
29623,u0,0,READ,0x9ff000,4096
29626,u1,1,READ,0x10000a0d000,4096
29634,u0,0,WRITE,0xa00000,4096
29641,u1,1,WRITE,0x10000a0e000,4096
29645,u0,0,READ,0xa01000,4096
29652,u1,1,READ,0x10000a0f000,4096
29657,u0,0,WRITE,0xa02000,4096
29663,u1,1,WRITE,0x10000a10000,4096
29666,u0,0,READ,0xa03000,4096
29671,u1,1,WRITE,0x10000a11000,4096
29673,u3,3,READ,0x300049c0000,262144
29677,u0,0,READ,0xa04000,4096
29686,u1,1,WRITE,0x10000a12000,4096
29688,u0,0,WRITE,0xa05000,4096
29697,u0,0,WRITE,0xa06000,4096
29699,u1,1,WRITE,0x10000a13000,4096
29708,u1,1,READ,0x10000a14000,4096
29711,u0,0,WRITE,0xa07000,4096
29714,u2,2,READ,0x20004980000,262144
29719,u1,1,READ,0x10000a15000,4096
29725,u0,0,WRITE,0xa08000,4096
29732,u1,1,WRITE,0x10000a16000,4096
29733,u0,0,WRITE,0xa09000,4096
29743,u1,1,READ,0x10000a17000,4096
29747,u0,0,WRITE,0xa0a000,4096
29753,u1,1,WRITE,0x10000a18000,4096
29759,u0,0,READ,0xa0b000,4096
29761,u1,1,READ,0x10000a19000,4096
29769,u0,0,WRITE,0xa0c000,4096
29769,u3,3,READ,0x30004a00000,262144
29774,u1,1,WRITE,0x10000a1a000,4096
29778,u0,0,READ,0xa0d000,4096
29786,u0,0,READ,0xa0e000,4096
29789,u1,1,WRITE,0x10000a1b000,4096
29797,u0,0,WRITE,0xa0f000,4096
29802,u1,1,WRITE,0x10000a1c000,4096
29808,u0,0,WRITE,0xa10000,4096
29816,u1,1,READ,0x10000a1d000,4096
29816,u2,2,WRITE,0x200049c0000,262144
29818,u0,0,READ,0xa11000,4096
29825,u1,1,READ,0x10000a1e000,4096
29827,u0,0,WRITE,0xa12000,4096
29840,u1,1,READ,0x10000a1f000,4096
29842,u0,0,READ,0xa13000,4096
29848,u1,1,READ,0x10000a20000,4096
29856,u1,1,WRITE,0x10000a21000,4096
29857,u0,0,WRITE,0xa14000,4096
29865,u1,1,WRITE,0x10000a22000,4096
29870,u0,0,WRITE,0xa15000,4096
29871,u3,3,WRITE,0x30004a40000,262144
29877,u1,1,READ,0x10000a23000,4096
29881,u0,0,WRITE,0xa16000,4096
29891,u1,1,READ,0x10000a24000,4096
29893,u0,0,READ,0xa17000,4096
29904,u1,1,WRITE,0x10000a25000,4096
29906,u0,0,READ,0xa18000,4096
29915,u1,1,READ,0x10000a26000,4096
29917,u0,0,WRITE,0xa19000,4096
29924,u2,2,WRITE,0x20004a00000,262144
29925,u1,1,READ,0x10000a27000,4096
29927,u0,0,READ,0xa1a000,4096
29936,u1,1,WRITE,0x10000a28000,4096
29937,u0,0,READ,0xa1b000,4096
29949,u1,1,READ,0x10000a29000,4096
29952,u0,0,READ,0xa1c000,4096
29958,u1,1,READ,0x10000a2a000,4096
29962,u0,0,READ,0xa1d000,4096
29967,u3,3,READ,0x30004a80000,262144
29970,u1,1,READ,0x10000a2b000,4096
29974,u0,0,READ,0xa1e000,4096
29984,u1,1,WRITE,0x10000a2c000,4096
29987,u0,0,READ,0xa1f000,4096
29996,u0,0,WRITE,0xa20000,4096
29997,u1,1,READ,0x10000a2d000,4096
30007,u1,1,WRITE,0x10000a2e000,4096
30009,u0,0,READ,0xa21000,4096
30016,u1,1,WRITE,0x10000a2f000,4096
30018,u0,0,WRITE,0xa22000,4096
30026,u2,2,READ,0x20004a40000,262144
30028,u1,1,WRITE,0x10000a30000,4096
30030,u0,0,WRITE,0xa23000,4096
30040,u1,1,READ,0x10000a31000,4096
30044,u0,0,WRITE,0xa24000,4096
30052,u1,1,WRITE,0x10000a32000,4096
30055,u0,0,WRITE,0xa25000,4096
30056,u3,3,READ,0x30004ac0000,262144
30066,u0,0,WRITE,0xa26000,4096
30067,u1,1,READ,0x10000a33000,4096
30079,u1,1,READ,0x10000a34000,4096
30080,u0,0,WRITE,0xa27000,4096
30089,u1,1,WRITE,0x10000a35000,4096
30095,u0,0,WRITE,0xa28000,4096
30097,u1,1,READ,0x10000a36000,4096
30107,u0,0,READ,0xa29000,4096
30109,u1,1,WRITE,0x10000a37000,4096
30115,u0,0,WRITE,0xa2a000,4096
30121,u1,1,WRITE,0x10000a38000,4096
30127,u0,0,READ,0xa2b000,4096
30130,u1,1,READ,0x10000a39000,4096
30131,u2,2,READ,0x20004a80000,262144
30138,u0,0,READ,0xa2c000,4096
30139,u3,3,WRITE,0x30004b00000,262144
30143,u1,1,READ,0x10000a3a000,4096
30150,u0,0,READ,0xa2d000,4096
30155,u1,1,WRITE,0x10000a3b000,4096
30165,u0,0,READ,0xa2e000,4096
30167,u1,1,WRITE,0x10000a3c000,4096
30179,u0,0,WRITE,0xa2f000,4096
30180,u1,1,READ,0x10000a3d000,4096
30190,u0,0,WRITE,0xa30000,4096
30192,u1,1,READ,0x10000a3e000,4096
30200,u0,0,WRITE,0xa31000,4096
30204,u1,1,READ,0x10000a3f000,4096
30211,u0,0,READ,0xa32000,4096
30217,u1,1,READ,0x10000a40000,4096
30219,u0,0,READ,0xa33000,4096
30226,u1,1,WRITE,0x10000a41000,4096
30232,u0,0,READ,0xa34000,4096
30239,u1,1,READ,0x10000a42000,4096
30241,u0,0,WRITE,0xa35000,4096
30247,u2,2,WRITE,0x20004ac0000,262144
30249,u1,1,WRITE,0x10000a43000,4096
30252,u3,3,WRITE,0x30004b40000,262144
30256,u0,0,WRITE,0xa36000,4096
30263,u1,1,READ,0x10000a44000,4096
30268,u0,0,READ,0xa37000,4096
30276,u1,1,WRITE,0x10000a45000,4096
30283,u0,0,WRITE,0xa38000,4096
30287,u1,1,WRITE,0x10000a46000,4096
30292,u0,0,WRITE,0xa39000,4096
30299,u1,1,READ,0x10000a47000,4096
30306,u0,0,READ,0xa3a000,4096
30308,u1,1,READ,0x10000a48000,4096
30320,u0,0,WRITE,0xa3b000,4096
30320,u1,1,READ,0x10000a49000,4096
30329,u0,0,WRITE,0xa3c000,4096
30331,u1,1,WRITE,0x10000a4a000,4096
30340,u1,1,READ,0x10000a4b000,4096
30342,u0,0,WRITE,0xa3d000,4096
30354,u0,0,WRITE,0xa3e000,4096
30354,u1,1,WRITE,0x10000a4c000,4096
30366,u2,2,READ,0x20004b00000,262144
30367,u0,0,WRITE,0xa3f000,4096
30369,u1,1,READ,0x10000a4d000,4096
30372,u3,3,WRITE,0x30004b80000,262144
30377,u0,0,WRITE,0xa40000,4096
30380,u1,1,WRITE,0x10000a4e000,4096
30386,u0,0,READ,0xa41000,4096
30395,u1,1,READ,0x10000a4f000,4096
30399,u0,0,WRITE,0xa42000,4096
30405,u1,1,WRITE,0x10000a50000,4096
30409,u0,0,READ,0xa43000,4096
30420,u1,1,WRITE,0x10000a51000,4096
30422,u0,0,WRITE,0xa44000,4096
30430,u0,0,READ,0xa45000,4096
30433,u1,1,READ,0x10000a52000,4096
30442,u0,0,READ,0xa46000,4096
30443,u1,1,READ,0x10000a53000,4096
30450,u2,2,WRITE,0x20004b40000,262144
30452,u1,1,READ,0x10000a54000,4096
30457,u0,0,READ,0xa47000,4096
30465,u1,1,WRITE,0x10000a55000,4096
30471,u0,0,READ,0xa48000,4096
30473,u1,1,WRITE,0x10000a56000,4096
30482,u0,0,WRITE,0xa49000,4096
30483,u3,3,WRITE,0x30004bc0000,262144
30484,u1,1,READ,0x10000a57000,4096
30493,u1,1,READ,0x10000a58000,4096
30496,u0,0,WRITE,0xa4a000,4096
30508,u1,1,READ,0x10000a59000,4096
30509,u0,0,READ,0xa4b000,4096
30519,u1,1,WRITE,0x10000a5a000,4096
30524,u0,0,WRITE,0xa4c000,4096
30533,u0,0,WRITE,0xa4d000,4096
30534,u1,1,WRITE,0x10000a5b000,4096
30542,u1,1,READ,0x10000a5c000,4096
30543,u0,0,WRITE,0xa4e000,4096
30546,u2,2,READ,0x20004b80000,262144
30551,u1,1,WRITE,0x10000a5d000,4096
30553,u0,0,READ,0xa4f000,4096
30562,u0,0,READ,0xa50000,4096
30564,u1,1,READ,0x10000a5e000,4096
30570,u0,0,READ,0xa51000,4096
30579,u1,1,READ,0x10000a5f000,4096
30579,u3,3,READ,0x30004c00000,262144
30582,u0,0,READ,0xa52000,4096
30587,u1,1,WRITE,0x10000a60000,4096
30596,u0,0,WRITE,0xa53000,4096
30598,u1,1,READ,0x10000a61000,4096
30604,u0,0,READ,0xa54000,4096
30613,u1,1,WRITE,0x10000a62000,4096
30617,u0,0,READ,0xa55000,4096
30624,u1,1,READ,0x10000a63000,4096
30632,u0,0,READ,0xa56000,4096
30637,u1,1,READ,0x10000a64000,4096
30645,u0,0,READ,0xa57000,4096
30645,u1,1,WRITE,0x10000a65000,4096
30653,u0,0,WRITE,0xa58000,4096
30656,u1,1,WRITE,0x10000a66000,4096
30663,u2,2,WRITE,0x20004bc0000,262144
30667,u0,0,READ,0xa59000,4096
30670,u3,3,WRITE,0x30004c40000,262144
30671,u1,1,READ,0x10000a67000,4096
30675,u0,0,WRITE,0xa5a000,4096
30681,u1,1,WRITE,0x10000a68000,4096
30683,u0,0,READ,0xa5b000,4096
30692,u1,1,READ,0x10000a69000,4096
30695,u0,0,WRITE,0xa5c000,4096
30701,u1,1,WRITE,0x10000a6a000,4096
30708,u0,0,WRITE,0xa5d000,4096
30713,u1,1,WRITE,0x10000a6b000,4096
30723,u0,0,WRITE,0xa5e000,4096
30726,u1,1,WRITE,0x10000a6c000,4096
30734,u1,1,WRITE,0x10000a6d000,4096
30735,u0,0,READ,0xa5f000,4096
30745,u0,0,READ,0xa60000,4096
30747,u1,1,WRITE,0x10000a6e000,4096
30756,u1,1,WRITE,0x10000a6f000,4096
30757,u0,0,WRITE,0xa61000,4096
30764,u2,2,READ,0x20004c00000,262144
30765,u1,1,WRITE,0x10000a70000,4096
30771,u0,0,READ,0xa62000,4096
30777,u1,1,READ,0x10000a71000,4096
30781,u0,0,WRITE,0xa63000,4096
30786,u1,1,READ,0x10000a72000,4096
30789,u3,3,WRITE,0x30004c80000,262144
30792,u0,0,WRITE,0xa64000,4096
30797,u1,1,READ,0x10000a73000,4096
30805,u0,0,READ,0xa65000,4096
30805,u1,1,READ,0x10000a74000,4096
30814,u0,0,WRITE,0xa66000,4096
30816,u1,1,READ,0x10000a75000,4096
30824,u0,0,WRITE,0xa67000,4096
30829,u1,1,READ,0x10000a76000,4096
30833,u0,0,READ,0xa68000,4096
30841,u1,1,READ,0x10000a77000,4096
30844,u0,0,WRITE,0xa69000,4096
30853,u1,1,WRITE,0x10000a78000,4096
30856,u0,0,READ,0xa6a000,4096
30863,u2,2,READ,0x20004c40000,262144
30867,u0,0,READ,0xa6b000,4096
30868,u1,1,WRITE,0x10000a79000,4096
30881,u0,0,READ,0xa6c000,4096
30883,u1,1,READ,0x10000a7a000,4096
30891,u1,1,READ,0x10000a7b000,4096
30896,u0,0,WRITE,0xa6d000,4096
30897,u3,3,READ,0x30004cc0000,262144
30902,u1,1,READ,0x10000a7c000,4096
30911,u0,0,READ,0xa6e000,4096
30912,u1,1,READ,0x10000a7d000,4096
30923,u0,0,WRITE,0xa6f000,4096
30923,u1,1,WRITE,0x10000a7e000,4096
30931,u1,1,WRITE,0x10000a7f000,4096
30933,u0,0,READ,0xa70000,4096
30940,u1,1,WRITE,0x10000a80000,4096
30946,u0,0,WRITE,0xa71000,4096
30955,u1,1,READ,0x10000a81000,4096
30961,u0,0,READ,0xa72000,4096
30969,u1,1,READ,0x10000a82000,4096
30972,u0,0,WRITE,0xa73000,4096
30979,u1,1,READ,0x10000a83000,4096
30979,u2,2,READ,0x20004c80000,262144
30980,u0,0,READ,0xa74000,4096
30990,u1,1,READ,0x10000a84000,4096
30990,u3,3,READ,0x30004d00000,262144
30995,u0,0,WRITE,0xa75000,4096
31005,u1,1,WRITE,0x10000a85000,4096
31007,u0,0,READ,0xa76000,4096
31015,u1,1,READ,0x10000a86000,4096
31022,u0,0,READ,0xa77000,4096
31030,u1,1,WRITE,0x10000a87000,4096
31032,u0,0,WRITE,0xa78000,4096
31038,u1,1,WRITE,0x10000a88000,4096
31040,u0,0,WRITE,0xa79000,4096
31047,u1,1,WRITE,0x10000a89000,4096
31054,u0,0,READ,0xa7a000,4096
31056,u1,1,WRITE,0x10000a8a000,4096
31062,u0,0,READ,0xa7b000,4096
31066,u1,1,READ,0x10000a8b000,4096
31074,u0,0,WRITE,0xa7c000,4096
31080,u1,1,WRITE,0x10000a8c000,4096
31082,u2,2,READ,0x20004cc0000,262144
31088,u0,0,WRITE,0xa7d000,4096
31089,u1,1,READ,0x10000a8d000,4096
31101,u1,1,WRITE,0x10000a8e000,4096
31102,u0,0,WRITE,0xa7e000,4096
31102,u3,3,WRITE,0x30004d40000,262144
31111,u1,1,READ,0x10000a8f000,4096
31117,u0,0,WRITE,0xa7f000,4096
31121,u1,1,WRITE,0x10000a90000,4096
31129,u0,0,READ,0xa80000,4096
31133,u1,1,WRITE,0x10000a91000,4096
31138,u0,0,READ,0xa81000,4096
31146,u1,1,READ,0x10000a92000,4096
31148,u0,0,READ,0xa82000,4096
31154,u1,1,READ,0x10000a93000,4096
31159,u0,0,READ,0xa83000,4096
31163,u1,1,READ,0x10000a94000,4096
31169,u2,2,READ,0x20004d00000,262144
31173,u0,0,WRITE,0xa84000,4096
31174,u1,1,READ,0x10000a95000,4096
31184,u0,0,WRITE,0xa85000,4096
31189,u1,1,READ,0x10000a96000,4096
31192,u0,0,READ,0xa86000,4096
31202,u1,1,READ,0x10000a97000,4096
31205,u0,0,WRITE,0xa87000,4096
31205,u3,3,WRITE,0x30004d80000,262144
31216,u1,1,READ,0x10000a98000,4096
31219,u0,0,WRITE,0xa88000,4096
31224,u1,1,WRITE,0x10000a99000,4096
31232,u0,0,WRITE,0xa89000,4096
31232,u1,1,READ,0x10000a9a000,4096
31244,u1,1,READ,0x10000a9b000,4096
31245,u0,0,READ,0xa8a000,4096
31252,u1,1,WRITE,0x10000a9c000,4096
31260,u0,0,WRITE,0xa8b000,4096
31264,u2,2,WRITE,0x20004d40000,262144
31267,u1,1,READ,0x10000a9d000,4096
31274,u0,0,READ,0xa8c000,4096
31275,u1,1,READ,0x10000a9e000,4096
31285,u1,1,READ,0x10000a9f000,4096
31287,u0,0,WRITE,0xa8d000,4096
31299,u1,1,READ,0x10000aa0000,4096
31302,u0,0,WRITE,0xa8e000,4096
31311,u0,0,WRITE,0xa8f000,4096
31314,u1,1,READ,0x10000aa1000,4096
31318,u3,3,READ,0x30004dc0000,262144
31322,u1,1,WRITE,0x10000aa2000,4096
31326,u0,0,READ,0xa90000,4096
31330,u1,1,READ,0x10000aa3000,4096
31337,u0,0,WRITE,0xa91000,4096
31344,u1,1,WRITE,0x10000aa4000,4096
31349,u0,0,WRITE,0xa92000,4096
31357,u1,1,READ,0x10000aa5000,4096
31363,u0,0,READ,0xa93000,4096
31369,u1,1,READ,0x10000aa6000,4096
31377,u0,0,WRITE,0xa94000,4096
31383,u2,2,READ,0x20004d80000,262144
31384,u1,1,WRITE,0x10000aa7000,4096
31386,u0,0,READ,0xa95000,4096
31395,u1,1,WRITE,0x10000aa8000,4096
31400,u0,0,READ,0xa96000,4096
31410,u1,1,WRITE,0x10000aa9000,4096
31411,u0,0,WRITE,0xa97000,4096
31419,u1,1,WRITE,0x10000aaa000,4096
31422,u0,0,READ,0xa98000,4096
31426,u3,3,WRITE,0x30004e00000,262144
31431,u1,1,WRITE,0x10000aab000,4096
31436,u0,0,READ,0xa99000,4096
31444,u1,1,WRITE,0x10000aac000,4096
31451,u0,0,READ,0xa9a000,4096
31458,u1,1,READ,0x10000aad000,4096
31463,u0,0,READ,0xa9b000,4096
31466,u1,1,WRITE,0x10000aae000,4096
31471,u0,0,WRITE,0xa9c000,4096
31475,u1,1,READ,0x10000aaf000,4096
31476,u2,2,WRITE,0x20004dc0000,262144
31480,u0,0,WRITE,0xa9d000,4096
31484,u1,1,WRITE,0x10000ab0000,4096
31493,u0,0,READ,0xa9e000,4096
31495,u1,1,READ,0x10000ab1000,4096
31507,u0,0,READ,0xa9f000,4096
31510,u1,1,WRITE,0x10000ab2000,4096
31515,u0,0,READ,0xaa0000,4096
31520,u3,3,READ,0x30004e40000,262144
31523,u1,1,WRITE,0x10000ab3000,4096
31529,u0,0,READ,0xaa1000,4096
31532,u1,1,READ,0x10000ab4000,4096
31539,u0,0,WRITE,0xaa2000,4096
31540,u1,1,WRITE,0x10000ab5000,4096
31548,u0,0,WRITE,0xaa3000,4096
31551,u1,1,WRITE,0x10000ab6000,4096
31556,u0,0,READ,0xaa4000,4096
31559,u2,2,READ,0x20004e00000,262144
31560,u1,1,READ,0x10000ab7000,4096
31565,u0,0,READ,0xaa5000,4096
31573,u0,0,READ,0xaa6000,4096
31574,u1,1,READ,0x10000ab8000,4096
31588,u0,0,WRITE,0xaa7000,4096
31589,u1,1,READ,0x10000ab9000,4096
31596,u0,0,WRITE,0xaa8000,4096
31597,u1,1,READ,0x10000aba000,4096
31603,u3,3,WRITE,0x30004e80000,262144
31605,u0,0,READ,0xaa9000,4096
31612,u1,1,WRITE,0x10000abb000,4096
31618,u0,0,WRITE,0xaaa000,4096
31622,u1,1,WRITE,0x10000abc000,4096
31629,u0,0,WRITE,0xaab000,4096
31632,u1,1,WRITE,0x10000abd000,4096
31642,u1,1,WRITE,0x10000abe000,4096
31644,u0,0,WRITE,0xaac000,4096
31655,u0,0,WRITE,0xaad000,4096
31655,u1,1,READ,0x10000abf000,4096
31664,u2,2,READ,0x20004e40000,262144
31668,u0,0,WRITE,0xaae000,4096
31669,u1,1,READ,0x10000ac0000,4096
31681,u1,1,READ,0x10000ac1000,4096
31683,u0,0,WRITE,0xaaf000,4096
31686,u3,3,READ,0x30004ec0000,262144
31692,u1,1,WRITE,0x10000ac2000,4096
31693,u0,0,WRITE,0xab0000,4096
31706,u0,0,WRITE,0xab1000,4096
31706,u1,1,WRITE,0x10000ac3000,4096
31718,u1,1,READ,0x10000ac4000,4096
31720,u0,0,READ,0xab2000,4096
31726,u1,1,READ,0x10000ac5000,4096
31735,u0,0,WRITE,0xab3000,4096
31739,u1,1,READ,0x10000ac6000,4096
31748,u0,0,READ,0xab4000,4096
31751,u1,1,READ,0x10000ac7000,4096
31756,u0,0,READ,0xab5000,4096
31762,u1,1,READ,0x10000ac8000,4096
31766,u0,0,WRITE,0xab6000,4096
31766,u3,3,WRITE,0x30004f00000,262144
31769,u2,2,READ,0x20004e80000,262144
31774,u1,1,READ,0x10000ac9000,4096
31780,u0,0,WRITE,0xab7000,4096
31789,u0,0,READ,0xab8000,4096
31789,u1,1,WRITE,0x10000aca000,4096
31799,u0,0,WRITE,0xab9000,4096
31799,u1,1,READ,0x10000acb000,4096
31814,u0,0,READ,0xaba000,4096
31814,u1,1,READ,0x10000acc000,4096
31824,u0,0,WRITE,0xabb000,4096
31829,u1,1,READ,0x10000acd000,4096
31835,u0,0,WRITE,0xabc000,4096
31844,u0,0,READ,0xabd000,4096
31844,u1,1,WRITE,0x10000ace000,4096
31854,u0,0,READ,0xabe000,4096
31856,u1,1,WRITE,0x10000acf000,4096
31858,u2,2,WRITE,0x20004ec0000,262144
31865,u0,0,READ,0xabf000,4096
31869,u1,1,WRITE,0x10000ad0000,4096
31877,u0,0,READ,0xac0000,4096
31879,u1,1,READ,0x10000ad1000,4096
31881,u3,3,READ,0x30004f40000,262144
31887,u0,0,READ,0xac1000,4096
31889,u1,1,WRITE,0x10000ad2000,4096
31901,u0,0,WRITE,0xac2000,4096
31902,u1,1,WRITE,0x10000ad3000,4096
31913,u0,0,READ,0xac3000,4096
31916,u1,1,READ,0x10000ad4000,4096
31926,u1,1,READ,0x10000ad5000,4096
31928,u0,0,READ,0xac4000,4096
31938,u0,0,WRITE,0xac5000,4096
31941,u1,1,WRITE,0x10000ad6000,4096
31947,u0,0,WRITE,0xac6000,4096
31955,u1,1,READ,0x10000ad7000,4096
31957,u0,0,WRITE,0xac7000,4096
31957,u2,2,READ,0x20004f00000,262144
31970,u0,0,READ,0xac8000,4096
31970,u1,1,READ,0x10000ad8000,4096
31983,u0,0,WRITE,0xac9000,4096
31984,u1,1,READ,0x10000ad9000,4096
31992,u0,0,READ,0xaca000,4096
31995,u1,1,READ,0x10000ada000,4096
32001,u3,3,WRITE,0x30004f80000,262144
32005,u0,0,READ,0xacb000,4096
32010,u1,1,WRITE,0x10000adb000,4096
32015,u0,0,READ,0xacc000,4096
32021,u1,1,READ,0x10000adc000,4096
32028,u0,0,READ,0xacd000,4096
32035,u1,1,READ,0x10000add000,4096
32038,u0,0,WRITE,0xace000,4096
32048,u1,1,READ,0x10000ade000,4096
32051,u0,0,WRITE,0xacf000,4096
32052,u2,2,READ,0x20004f40000,262144
32059,u0,0,WRITE,0xad0000,4096
32061,u1,1,READ,0x10000adf000,4096
32073,u0,0,READ,0xad1000,4096
32074,u1,1,READ,0x10000ae0000,4096
32083,u0,0,WRITE,0xad2000,4096
32083,u1,1,READ,0x10000ae1000,4096
32093,u0,0,WRITE,0xad3000,4096
32096,u1,1,READ,0x10000ae2000,4096
32104,u0,0,WRITE,0xad4000,4096
32106,u1,1,READ,0x10000ae3000,4096
32112,u3,3,READ,0x30004fc0000,262144
32115,u1,1,READ,0x10000ae4000,4096
32117,u0,0,WRITE,0xad5000,4096
32127,u1,1,READ,0x10000ae5000,4096
32132,u0,0,WRITE,0xad6000,4096
32142,u1,1,WRITE,0x10000ae6000,4096
32147,u0,0,READ,0xad7000,4096
32150,u1,1,WRITE,0x10000ae7000,4096
32152,u2,2,READ,0x20004f80000,262144
32158,u0,0,READ,0xad8000,4096
32164,u1,1,WRITE,0x10000ae8000,4096
32172,u0,0,READ,0xad9000,4096
32172,u1,1,WRITE,0x10000ae9000,4096
32182,u0,0,READ,0xada000,4096
32183,u1,1,READ,0x10000aea000,4096
32194,u0,0,WRITE,0xadb000,4096
32196,u1,1,WRITE,0x10000aeb000,4096
32207,u1,1,READ,0x10000aec000,4096
32209,u0,0,READ,0xadc000,4096
32219,u3,3,WRITE,0x30005000000,262144
32220,u1,1,READ,0x10000aed000,4096
32221,u0,0,WRITE,0xadd000,4096
32234,u0,0,READ,0xade000,4096
32235,u1,1,READ,0x10000aee000,4096
32244,u0,0,WRITE,0xadf000,4096
32250,u1,1,WRITE,0x10000aef000,4096
32255,u0,0,READ,0xae0000,4096
32263,u0,0,WRITE,0xae1000,4096
32265,u1,1,READ,0x10000af0000,4096
32269,u2,2,READ,0x20004fc0000,262144
32272,u0,0,WRITE,0xae2000,4096
32278,u1,1,WRITE,0x10000af1000,4096
32285,u0,0,WRITE,0xae3000,4096
32288,u1,1,WRITE,0x10000af2000,4096
32293,u0,0,WRITE,0xae4000,4096
32296,u1,1,WRITE,0x10000af3000,4096
32301,u0,0,WRITE,0xae5000,4096
32308,u1,1,READ,0x10000af4000,4096
32316,u0,0,READ,0xae6000,4096
32318,u1,1,WRITE,0x10000af5000,4096
32323,u3,3,READ,0x30005040000,262144
32328,u0,0,WRITE,0xae7000,4096
32331,u1,1,READ,0x10000af6000,4096
32341,u0,0,WRITE,0xae8000,4096
32343,u1,1,WRITE,0x10000af7000,4096
32354,u0,0,WRITE,0xae9000,4096
32358,u1,1,WRITE,0x10000af8000,4096
32362,u0,0,READ,0xaea000,4096
32370,u0,0,READ,0xaeb000,4096
32371,u1,1,READ,0x10000af9000,4096
32374,u2,2,WRITE,0x20005000000,262144
32384,u0,0,READ,0xaec000,4096
32386,u1,1,WRITE,0x10000afa000,4096
32399,u0,0,WRITE,0xaed000,4096
32400,u1,1,WRITE,0x10000afb000,4096
32411,u0,0,READ,0xaee000,4096
32415,u1,1,WRITE,0x10000afc000,4096
32425,u0,0,READ,0xaef000,4096
32426,u3,3,WRITE,0x30005080000,262144
32428,u1,1,READ,0x10000afd000,4096
32436,u0,0,READ,0xaf0000,4096
32437,u1,1,READ,0x10000afe000,4096
32445,u1,1,WRITE,0x10000aff000,4096
32450,u0,0,READ,0xaf1000,4096
32459,u1,1,WRITE,0x10000b00000,4096
32464,u0,0,WRITE,0xaf2000,4096
32471,u1,1,READ,0x10000b01000,4096
32476,u0,0,READ,0xaf3000,4096
32476,u2,2,WRITE,0x20005040000,262144
32480,u1,1,WRITE,0x10000b02000,4096
32489,u0,0,READ,0xaf4000,4096
32491,u1,1,WRITE,0x10000b03000,4096
32500,u0,0,READ,0xaf5000,4096
32501,u1,1,WRITE,0x10000b04000,4096
32515,u0,0,READ,0xaf6000,4096
32515,u1,1,READ,0x10000b05000,4096
32525,u1,1,READ,0x10000b06000,4096
32528,u3,3,WRITE,0x300050c0000,262144
32529,u0,0,WRITE,0xaf7000,4096
32535,u1,1,READ,0x10000b07000,4096
32540,u0,0,WRITE,0xaf8000,4096
32544,u1,1,READ,0x10000b08000,4096
32550,u0,0,READ,0xaf9000,4096
32552,u1,1,WRITE,0x10000b09000,4096
32560,u2,2,READ,0x20005080000,262144
32564,u0,0,WRITE,0xafa000,4096
32565,u1,1,WRITE,0x10000b0a000,4096
32574,u0,0,WRITE,0xafb000,4096
32579,u1,1,READ,0x10000b0b000,4096
32583,u0,0,READ,0xafc000,4096
32588,u1,1,WRITE,0x10000b0c000,4096
32593,u0,0,READ,0xafd000,4096
32603,u1,1,READ,0x10000b0d000,4096
32605,u0,0,READ,0xafe000,4096
32611,u1,1,READ,0x10000b0e000,4096
32620,u0,0,READ,0xaff000,4096
32621,u1,1,READ,0x10000b0f000,4096
32632,u1,1,READ,0x10000b10000,4096
32633,u0,0,READ,0xb00000,4096
32636,u3,3,WRITE,0x30005100000,262144
32643,u0,0,READ,0xb01000,4096
32643,u1,1,WRITE,0x10000b11000,4096
32648,u2,2,READ,0x200050c0000,262144
32651,u1,1,READ,0x10000b12000,4096
32655,u0,0,READ,0xb02000,4096
32663,u0,0,READ,0xb03000,4096
32663,u1,1,WRITE,0x10000b13000,4096
32673,u0,0,WRITE,0xb04000,4096
32675,u1,1,WRITE,0x10000b14000,4096
32681,u0,0,WRITE,0xb05000,4096
32684,u1,1,WRITE,0x10000b15000,4096
32695,u0,0,READ,0xb06000,4096
32699,u1,1,READ,0x10000b16000,4096
32704,u0,0,READ,0xb07000,4096
32711,u1,1,READ,0x10000b17000,4096
32719,u0,0,READ,0xb08000,4096
32719,u1,1,READ,0x10000b18000,4096
32721,u3,3,WRITE,0x30005140000,262144
32731,u2,2,WRITE,0x20005100000,262144
32733,u0,0,READ,0xb09000,4096
32734,u1,1,READ,0x10000b19000,4096
32742,u1,1,READ,0x10000b1a000,4096
32746,u0,0,WRITE,0xb0a000,4096
32753,u1,1,READ,0x10000b1b000,4096
32755,u0,0,READ,0xb0b000,4096
32765,u1,1,READ,0x10000b1c000,4096
32767,u0,0,READ,0xb0c000,4096
32774,u1,1,READ,0x10000b1d000,4096
32778,u0,0,READ,0xb0d000,4096
32785,u1,1,WRITE,0x10000b1e000,4096
32791,u0,0,READ,0xb0e000,4096
32796,u1,1,WRITE,0x10000b1f000,4096
32806,u0,0,WRITE,0xb0f000,4096
32811,u1,1,READ,0x10000b20000,4096
32819,u0,0,WRITE,0xb10000,4096
32821,u3,3,READ,0x30005180000,262144
32826,u1,1,READ,0x10000b21000,4096
32831,u0,0,WRITE,0xb11000,4096
32838,u1,1,READ,0x10000b22000,4096
32839,u2,2,WRITE,0x20005140000,262144
32844,u0,0,WRITE,0xb12000,4096
32853,u1,1,WRITE,0x10000b23000,4096
32857,u0,0,READ,0xb13000,4096
32868,u0,0,READ,0xb14000,4096
32868,u1,1,READ,0x10000b24000,4096
32879,u1,1,READ,0x10000b25000,4096
32880,u0,0,WRITE,0xb15000,4096
32888,u1,1,WRITE,0x10000b26000,4096
32892,u0,0,WRITE,0xb16000,4096
32898,u1,1,READ,0x10000b27000,4096
32906,u0,0,READ,0xb17000,4096
32908,u1,1,READ,0x10000b28000,4096
32915,u3,3,READ,0x300051c0000,262144
32920,u0,0,READ,0xb18000,4096
32922,u1,1,WRITE,0x10000b29000,4096
32931,u1,1,READ,0x10000b2a000,4096
32933,u0,0,READ,0xb19000,4096
32945,u1,1,WRITE,0x10000b2b000,4096
32946,u2,2,READ,0x20005180000,262144
32948,u0,0,READ,0xb1a000,4096
32960,u1,1,READ,0x10000b2c000,4096
32963,u0,0,READ,0xb1b000,4096
32968,u1,1,READ,0x10000b2d000,4096
32974,u0,0,READ,0xb1c000,4096
32983,u1,1,READ,0x10000b2e000,4096
32984,u0,0,READ,0xb1d000,4096
32994,u1,1,READ,0x10000b2f000,4096
32995,u0,0,WRITE,0xb1e000,4096
33008,u1,1,READ,0x10000b30000,4096
33010,u0,0,READ,0xb1f000,4096
33016,u3,3,WRITE,0x30005200000,262144
33017,u1,1,WRITE,0x10000b31000,4096
33024,u0,0,WRITE,0xb20000,4096
33028,u2,2,WRITE,0x200051c0000,262144
33031,u1,1,READ,0x10000b32000,4096
33033,u0,0,WRITE,0xb21000,4096
33042,u0,0,WRITE,0xb22000,4096
33044,u1,1,WRITE,0x10000b33000,4096
33057,u0,0,READ,0xb23000,4096
33059,u1,1,READ,0x10000b34000,4096
33072,u0,0,WRITE,0xb24000,4096
33074,u1,1,READ,0x10000b35000,4096
33082,u1,1,READ,0x10000b36000,4096
33083,u0,0,READ,0xb25000,4096
33092,u1,1,WRITE,0x10000b37000,4096
33093,u0,0,WRITE,0xb26000,4096
33101,u0,0,WRITE,0xb27000,4096
33102,u1,1,WRITE,0x10000b38000,4096
33109,u0,0,WRITE,0xb28000,4096
33112,u1,1,WRITE,0x10000b39000,4096
33122,u0,0,WRITE,0xb29000,4096
33123,u1,1,WRITE,0x10000b3a000,4096
33128,u3,3,READ,0x30005240000,262144
33131,u1,1,READ,0x10000b3b000,4096
33135,u0,0,READ,0xb2a000,4096
33139,u1,1,READ,0x10000b3c000,4096
33144,u0,0,READ,0xb2b000,4096
33147,u2,2,READ,0x20005200000,262144
33148,u1,1,WRITE,0x10000b3d000,4096
33157,u1,1,WRITE,0x10000b3e000,4096
33158,u0,0,READ,0xb2c000,4096
33168,u1,1,WRITE,0x10000b3f000,4096
33171,u0,0,READ,0xb2d000,4096
33177,u1,1,READ,0x10000b40000,4096
33184,u0,0,WRITE,0xb2e000,4096
33191,u1,1,WRITE,0x10000b41000,4096
33193,u0,0,WRITE,0xb2f000,4096
33205,u0,0,READ,0xb30000,4096
33205,u1,1,WRITE,0x10000b42000,4096
33215,u0,0,READ,0xb31000,4096
33220,u1,1,WRITE,0x10000b43000,4096
33225,u0,0,WRITE,0xb32000,4096
33228,u1,1,WRITE,0x10000b44000,4096
33237,u1,1,READ,0x10000b45000,4096
33240,u0,0,READ,0xb33000,4096
33245,u3,3,WRITE,0x30005280000,262144
33249,u1,1,READ,0x10000b46000,4096
33250,u0,0,READ,0xb34000,4096
33259,u2,2,READ,0x20005240000,262144
33261,u0,0,READ,0xb35000,4096
33263,u1,1,READ,0x10000b47000,4096
33269,u0,0,WRITE,0xb36000,4096
33273,u1,1,WRITE,0x10000b48000,4096
33283,u0,0,READ,0xb37000,4096
33283,u1,1,READ,0x10000b49000,4096
33294,u0,0,READ,0xb38000,4096
33297,u1,1,READ,0x10000b4a000,4096
33305,u0,0,WRITE,0xb39000,4096
33307,u1,1,WRITE,0x10000b4b000,4096
33318,u0,0,WRITE,0xb3a000,4096
33320,u1,1,WRITE,0x10000b4c000,4096
33333,u0,0,READ,0xb3b000,4096
33334,u1,1,READ,0x10000b4d000,4096
33336,u3,3,READ,0x300052c0000,262144
33341,u0,0,WRITE,0xb3c000,4096
33345,u2,2,WRITE,0x20005280000,262144
33349,u1,1,READ,0x10000b4e000,4096
33351,u0,0,WRITE,0xb3d000,4096
33358,u1,1,WRITE,0x10000b4f000,4096
33360,u0,0,WRITE,0xb3e000,4096
33368,u0,0,WRITE,0xb3f000,4096
33373,u1,1,READ,0x10000b50000,4096
33383,u0,0,WRITE,0xb40000,4096
33383,u1,1,WRITE,0x10000b51000,4096
33395,u1,1,WRITE,0x10000b52000,4096
33396,u0,0,WRITE,0xb41000,4096
33406,u0,0,WRITE,0xb42000,4096
33409,u1,1,READ,0x10000b53000,4096
33417,u1,1,WRITE,0x10000b54000,4096
33421,u0,0,WRITE,0xb43000,4096
33429,u1,1,WRITE,0x10000b55000,4096
33434,u2,2,READ,0x200052c0000,262144
33436,u0,0,WRITE,0xb44000,4096
33439,u1,1,WRITE,0x10000b56000,4096
33448,u1,1,WRITE,0x10000b57000,4096
33450,u0,0,READ,0xb45000,4096
33453,u3,3,WRITE,0x30005300000,262144
33458,u1,1,WRITE,0x10000b58000,4096
33465,u0,0,READ,0xb46000,4096
33470,u1,1,WRITE,0x10000b59000,4096
33476,u0,0,WRITE,0xb47000,4096
33478,u1,1,READ,0x10000b5a000,4096
33490,u0,0,READ,0xb48000,4096
33493,u1,1,WRITE,0x10000b5b000,4096
33505,u0,0,WRITE,0xb49000,4096
33506,u1,1,READ,0x10000b5c000,4096
33516,u1,1,READ,0x10000b5d000,4096
33520,u0,0,WRITE,0xb4a000,4096
33528,u1,1,WRITE,0x10000b5e000,4096
33533,u0,0,WRITE,0xb4b000,4096
33538,u1,1,READ,0x10000b5f000,4096
33540,u2,2,READ,0x20005300000,262144
33541,u0,0,WRITE,0xb4c000,4096
33549,u0,0,WRITE,0xb4d000,4096
33549,u1,1,WRITE,0x10000b60000,4096
33551,u3,3,WRITE,0x30005340000,262144
33559,u1,1,READ,0x10000b61000,4096
33561,u0,0,READ,0xb4e000,4096
33574,u0,0,WRITE,0xb4f000,4096
33574,u1,1,WRITE,0x10000b62000,4096
33586,u1,1,WRITE,0x10000b63000,4096
33589,u0,0,WRITE,0xb50000,4096
33601,u1,1,WRITE,0x10000b64000,4096
33603,u0,0,READ,0xb51000,4096
33611,u0,0,WRITE,0xb52000,4096
33612,u1,1,READ,0x10000b65000,4096
33619,u0,0,WRITE,0xb53000,4096
33622,u1,1,READ,0x10000b66000,4096
33630,u0,0,WRITE,0xb54000,4096
33631,u1,1,WRITE,0x10000b67000,4096
33633,u2,2,WRITE,0x20005340000,262144
33634,u3,3,READ,0x30005380000,262144
33640,u0,0,READ,0xb55000,4096
33641,u1,1,READ,0x10000b68000,4096
33650,u0,0,READ,0xb56000,4096
33650,u1,1,WRITE,0x10000b69000,4096
33660,u0,0,READ,0xb57000,4096
33664,u1,1,READ,0x10000b6a000,4096
33674,u0,0,READ,0xb58000,4096
33679,u1,1,READ,0x10000b6b000,4096
33687,u0,0,WRITE,0xb59000,4096
33689,u1,1,READ,0x10000b6c000,4096
33696,u0,0,WRITE,0xb5a000,4096
33704,u1,1,WRITE,0x10000b6d000,4096
33710,u0,0,READ,0xb5b000,4096
33719,u0,0,READ,0xb5c000,4096
33719,u1,1,WRITE,0x10000b6e000,4096
33727,u1,1,READ,0x10000b6f000,4096
33732,u0,0,READ,0xb5d000,4096
33739,u1,1,WRITE,0x10000b70000,4096
33747,u0,0,READ,0xb5e000,4096
33750,u1,1,READ,0x10000b71000,4096
33751,u2,2,WRITE,0x20005380000,262144
33752,u3,3,WRITE,0x300053c0000,262144
33760,u0,0,WRITE,0xb5f000,4096
33764,u1,1,READ,0x10000b72000,4096
33775,u0,0,WRITE,0xb60000,4096
33779,u1,1,WRITE,0x10000b73000,4096
33787,u0,0,READ,0xb61000,4096
33793,u1,1,READ,0x10000b74000,4096
33800,u0,0,WRITE,0xb62000,4096
33807,u1,1,READ,0x10000b75000,4096
33811,u0,0,WRITE,0xb63000,4096
33817,u1,1,WRITE,0x10000b76000,4096
33819,u0,0,READ,0xb64000,4096
33831,u1,1,WRITE,0x10000b77000,4096
33833,u0,0,READ,0xb65000,4096
33843,u1,1,WRITE,0x10000b78000,4096
33848,u0,0,READ,0xb66000,4096
33852,u1,1,WRITE,0x10000b79000,4096
33853,u2,2,READ,0x200053c0000,262144
33859,u0,0,WRITE,0xb67000,4096
33860,u1,1,READ,0x10000b7a000,4096
33861,u3,3,READ,0x30005400000,262144
33872,u0,0,READ,0xb68000,4096
33875,u1,1,READ,0x10000b7b000,4096
33887,u0,0,WRITE,0xb69000,4096
33889,u1,1,READ,0x10000b7c000,4096
33895,u0,0,READ,0xb6a000,4096
33902,u1,1,WRITE,0x10000b7d000,4096
33906,u0,0,WRITE,0xb6b000,4096
33915,u1,1,WRITE,0x10000b7e000,4096
33920,u0,0,WRITE,0xb6c000,4096
33927,u1,1,WRITE,0x10000b7f000,4096
33935,u0,0,READ,0xb6d000,4096
33941,u1,1,READ,0x10000b80000,4096
33945,u0,0,WRITE,0xb6e000,4096
33947,u3,3,WRITE,0x30005440000,262144
33956,u1,1,WRITE,0x10000b81000,4096
33958,u0,0,READ,0xb6f000,4096
33959,u2,2,READ,0x20005400000,262144
33965,u1,1,READ,0x10000b82000,4096
33969,u0,0,WRITE,0xb70000,4096
33977,u0,0,WRITE,0xb71000,4096
33980,u1,1,READ,0x10000b83000,4096
33987,u0,0,READ,0xb72000,4096
33991,u1,1,READ,0x10000b84000,4096
34000,u0,0,READ,0xb73000,4096
34006,u1,1,WRITE,0x10000b85000,4096
34010,u0,0,READ,0xb74000,4096
34017,u1,1,WRITE,0x10000b86000,4096
34020,u0,0,READ,0xb75000,4096
34027,u1,1,WRITE,0x10000b87000,4096
34031,u0,0,READ,0xb76000,4096
34037,u3,3,READ,0x30005480000,262144
34042,u1,1,WRITE,0x10000b88000,4096
34046,u0,0,READ,0xb77000,4096
34052,u1,1,WRITE,0x10000b89000,4096
34060,u0,0,WRITE,0xb78000,4096
34062,u1,1,WRITE,0x10000b8a000,4096
34068,u0,0,WRITE,0xb79000,4096
34068,u2,2,WRITE,0x20005440000,262144
34076,u1,1,READ,0x10000b8b000,4096
34081,u0,0,WRITE,0xb7a000,4096
34089,u0,0,READ,0xb7b000,4096
34089,u1,1,READ,0x10000b8c000,4096
34101,u0,0,WRITE,0xb7c000,4096
34101,u1,1,READ,0x10000b8d000,4096
34112,u0,0,WRITE,0xb7d000,4096
34113,u1,1,WRITE,0x10000b8e000,4096
34125,u1,1,WRITE,0x10000b8f000,4096
34126,u0,0,WRITE,0xb7e000,4096
34135,u0,0,READ,0xb7f000,4096
34137,u1,1,READ,0x10000b90000,4096
34145,u0,0,READ,0xb80000,4096
34149,u1,1,WRITE,0x10000b91000,4096
34150,u3,3,READ,0x300054c0000,262144
34159,u0,0,READ,0xb81000,4096
34160,u1,1,WRITE,0x10000b92000,4096
34168,u1,1,WRITE,0x10000b93000,4096
34173,u0,0,READ,0xb82000,4096
34176,u2,2,READ,0x20005480000,262144
34178,u1,1,WRITE,0x10000b94000,4096
34187,u0,0,READ,0xb83000,4096
34190,u1,1,READ,0x10000b95000,4096
34200,u0,0,WRITE,0xb84000,4096
34204,u1,1,READ,0x10000b96000,4096
34213,u0,0,WRITE,0xb85000,4096
34216,u1,1,READ,0x10000b97000,4096
34227,u1,1,WRITE,0x10000b98000,4096
34228,u0,0,WRITE,0xb86000,4096
34232,u3,3,READ,0x30005500000,262144
34237,u1,1,WRITE,0x10000b99000,4096
34241,u0,0,READ,0xb87000,4096
34248,u1,1,READ,0x10000b9a000,4096
34249,u0,0,READ,0xb88000,4096
34259,u1,1,READ,0x10000b9b000,4096
34264,u0,0,READ,0xb89000,4096
34272,u1,1,WRITE,0x10000b9c000,4096
34274,u0,0,READ,0xb8a000,4096
34282,u0,0,READ,0xb8b000,4096
34282,u2,2,READ,0x200054c0000,262144
34283,u1,1,READ,0x10000b9d000,4096
34292,u0,0,READ,0xb8c000,4096
34297,u1,1,WRITE,0x10000b9e000,4096
34301,u0,0,READ,0xb8d000,4096
34307,u1,1,WRITE,0x10000b9f000,4096
34314,u0,0,WRITE,0xb8e000,4096
34321,u1,1,WRITE,0x10000ba0000,4096
34329,u0,0,READ,0xb8f000,4096
34336,u1,1,WRITE,0x10000ba1000,4096
34342,u0,0,READ,0xb90000,4096
34348,u1,1,WRITE,0x10000ba2000,4096
34352,u3,3,READ,0x30005540000,262144
34354,u0,0,WRITE,0xb91000,4096
34358,u1,1,WRITE,0x10000ba3000,4096
34369,u0,0,WRITE,0xb92000,4096
34369,u1,1,WRITE,0x10000ba4000,4096
34377,u0,0,WRITE,0xb93000,4096
34377,u1,1,READ,0x10000ba5000,4096
34387,u0,0,READ,0xb94000,4096
34388,u1,1,WRITE,0x10000ba6000,4096
34394,u2,2,READ,0x20005500000,262144
34396,u0,0,READ,0xb95000,4096
34403,u1,1,WRITE,0x10000ba7000,4096
34408,u0,0,READ,0xb96000,4096
34412,u1,1,WRITE,0x10000ba8000,4096
34416,u0,0,WRITE,0xb97000,4096
34421,u1,1,WRITE,0x10000ba9000,4096
34428,u0,0,WRITE,0xb98000,4096
34436,u1,1,READ,0x10000baa000,4096
34437,u0,0,READ,0xb99000,4096
34444,u1,1,READ,0x10000bab000,4096
34445,u0,0,WRITE,0xb9a000,4096
34449,u3,3,WRITE,0x30005580000,262144
34454,u0,0,READ,0xb9b000,4096
34456,u1,1,WRITE,0x10000bac000,4096
34463,u0,0,READ,0xb9c000,4096
34465,u1,1,WRITE,0x10000bad000,4096
34476,u0,0,WRITE,0xb9d000,4096
34478,u1,1,WRITE,0x10000bae000,4096
34487,u1,1,WRITE,0x10000baf000,4096
34487,u2,2,READ,0x20005540000,262144
34490,u0,0,READ,0xb9e000,4096
34497,u1,1,READ,0x10000bb0000,4096
34502,u0,0,READ,0xb9f000,4096
34510,u1,1,READ,0x10000bb1000,4096
34514,u0,0,READ,0xba0000,4096
34522,u1,1,READ,0x10000bb2000,4096
34527,u0,0,READ,0xba1000,4096
34531,u1,1,READ,0x10000bb3000,4096
34535,u0,0,WRITE,0xba2000,4096
34546,u1,1,WRITE,0x10000bb4000,4096
34547,u0,0,READ,0xba3000,4096
34559,u0,0,READ,0xba4000,4096
34560,u1,1,READ,0x10000bb5000,4096
34565,u3,3,WRITE,0x300055c0000,262144
34569,u0,0,READ,0xba5000,4096
34569,u1,1,READ,0x10000bb6000,4096
34584,u0,0,READ,0xba6000,4096
34584,u1,1,WRITE,0x10000bb7000,4096
34592,u0,0,WRITE,0xba7000,4096
34594,u2,2,READ,0x20005580000,262144
34597,u1,1,READ,0x10000bb8000,4096
34606,u0,0,READ,0xba8000,4096
34612,u1,1,WRITE,0x10000bb9000,4096
34618,u0,0,WRITE,0xba9000,4096
34622,u1,1,READ,0x10000bba000,4096
34631,u0,0,READ,0xbaa000,4096
34635,u1,1,READ,0x10000bbb000,4096
34644,u0,0,WRITE,0xbab000,4096
34644,u1,1,READ,0x10000bbc000,4096
34652,u0,0,WRITE,0xbac000,4096
34656,u1,1,READ,0x10000bbd000,4096
34663,u0,0,WRITE,0xbad000,4096
34664,u1,1,READ,0x10000bbe000,4096
34667,u3,3,READ,0x30005600000,262144
34677,u0,0,READ,0xbae000,4096
34679,u1,1,READ,0x10000bbf000,4096
34688,u0,0,READ,0xbaf000,4096
34689,u1,1,WRITE,0x10000bc0000,4096
34695,u2,2,WRITE,0x200055c0000,262144
34703,u0,0,READ,0xbb0000,4096
34703,u1,1,READ,0x10000bc1000,4096
34713,u0,0,READ,0xbb1000,4096
34715,u1,1,READ,0x10000bc2000,4096
34726,u0,0,WRITE,0xbb2000,4096
34729,u1,1,WRITE,0x10000bc3000,4096
34735,u0,0,READ,0xbb3000,4096
34737,u1,1,WRITE,0x10000bc4000,4096
34746,u0,0,READ,0xbb4000,4096
34747,u1,1,READ,0x10000bc5000,4096
34755,u0,0,WRITE,0xbb5000,4096
34758,u1,1,WRITE,0x10000bc6000,4096
34763,u3,3,WRITE,0x30005640000,262144
34767,u0,0,WRITE,0xbb6000,4096
34772,u1,1,WRITE,0x10000bc7000,4096
34777,u0,0,READ,0xbb7000,4096
34786,u1,1,WRITE,0x10000bc8000,4096
34791,u0,0,READ,0xbb8000,4096
34791,u2,2,WRITE,0x20005600000,262144
34795,u1,1,READ,0x10000bc9000,4096
34802,u0,0,WRITE,0xbb9000,4096
34806,u1,1,READ,0x10000bca000,4096
34810,u0,0,WRITE,0xbba000,4096
34814,u1,1,READ,0x10000bcb000,4096
34818,u0,0,READ,0xbbb000,4096
34825,u1,1,WRITE,0x10000bcc000,4096
34829,u0,0,WRITE,0xbbc000,4096
34837,u0,0,READ,0xbbd000,4096
34840,u1,1,WRITE,0x10000bcd000,4096
34851,u0,0,READ,0xbbe000,4096
34852,u1,1,READ,0x10000bce000,4096
34861,u0,0,WRITE,0xbbf000,4096
34862,u1,1,READ,0x10000bcf000,4096
34870,u0,0,READ,0xbc0000,4096
34872,u3,3,READ,0x30005680000,262144
34874,u1,1,READ,0x10000bd0000,4096
34884,u0,0,READ,0xbc1000,4096
34885,u1,1,READ,0x10000bd1000,4096
34899,u0,0,READ,0xbc2000,4096
34899,u1,1,WRITE,0x10000bd2000,4096
34899,u2,2,WRITE,0x20005640000,262144
34911,u1,1,WRITE,0x10000bd3000,4096
34914,u0,0,READ,0xbc3000,4096
34920,u1,1,READ,0x10000bd4000,4096
34929,u0,0,WRITE,0xbc4000,4096
34931,u1,1,WRITE,0x10000bd5000,4096
34938,u0,0,WRITE,0xbc5000,4096
34942,u1,1,WRITE,0x10000bd6000,4096
34951,u1,1,READ,0x10000bd7000,4096
34952,u0,0,WRITE,0xbc6000,4096
34959,u3,3,WRITE,0x300056c0000,262144
34961,u0,0,READ,0xbc7000,4096
34963,u1,1,WRITE,0x10000bd8000,4096
34969,u0,0,READ,0xbc8000,4096
34973,u1,1,WRITE,0x10000bd9000,4096
34979,u2,2,READ,0x20005680000,262144
34981,u0,0,READ,0xbc9000,4096
34986,u1,1,WRITE,0x10000bda000,4096
34990,u0,0,WRITE,0xbca000,4096
34994,u1,1,READ,0x10000bdb000,4096
34999,u0,0,READ,0xbcb000,4096
35006,u1,1,WRITE,0x10000bdc000,4096
35008,u0,0,READ,0xbcc000,4096
35018,u1,1,READ,0x10000bdd000,4096
35021,u0,0,READ,0xbcd000,4096
35030,u1,1,READ,0x10000bde000,4096
35035,u0,0,READ,0xbce000,4096
35043,u1,1,READ,0x10000bdf000,4096
35045,u0,0,READ,0xbcf000,4096
35054,u3,3,WRITE,0x30005700000,262144
35056,u0,0,READ,0xbd0000,4096
35058,u1,1,WRITE,0x10000be0000,4096
35068,u1,1,WRITE,0x10000be1000,4096
35069,u0,0,READ,0xbd1000,4096
35078,u0,0,READ,0xbd2000,4096
35081,u1,1,WRITE,0x10000be2000,4096
35092,u0,0,WRITE,0xbd3000,4096
35094,u2,2,READ,0x200056c0000,262144
35096,u1,1,WRITE,0x10000be3000,4096
35106,u1,1,READ,0x10000be4000,4096
35107,u0,0,READ,0xbd4000,4096
35117,u0,0,WRITE,0xbd5000,4096
35118,u1,1,READ,0x10000be5000,4096
35130,u0,0,WRITE,0xbd6000,4096
35130,u1,1,READ,0x10000be6000,4096
35142,u0,0,READ,0xbd7000,4096
35142,u1,1,READ,0x10000be7000,4096
35150,u1,1,READ,0x10000be8000,4096
35155,u0,0,READ,0xbd8000,4096
35162,u1,1,WRITE,0x10000be9000,4096
35162,u3,3,READ,0x30005740000,262144
35163,u0,0,WRITE,0xbd9000,4096
35176,u1,1,READ,0x10000bea000,4096
35178,u0,0,READ,0xbda000,4096
35186,u2,2,WRITE,0x20005700000,262144
35189,u0,0,WRITE,0xbdb000,4096
35191,u1,1,READ,0x10000beb000,4096
35198,u0,0,WRITE,0xbdc000,4096
35204,u1,1,WRITE,0x10000bec000,4096
35213,u0,0,READ,0xbdd000,4096
35217,u1,1,READ,0x10000bed000,4096
35225,u1,1,WRITE,0x10000bee000,4096
35227,u0,0,READ,0xbde000,4096
35239,u0,0,READ,0xbdf000,4096
35240,u1,1,WRITE,0x10000bef000,4096
35247,u3,3,READ,0x30005780000,262144
35248,u0,0,READ,0xbe0000,4096
35254,u1,1,READ,0x10000bf0000,4096
35260,u0,0,READ,0xbe1000,4096
35264,u1,1,WRITE,0x10000bf1000,4096
35274,u0,0,READ,0xbe2000,4096
35274,u2,2,WRITE,0x20005740000,262144
35278,u1,1,WRITE,0x10000bf2000,4096
35286,u0,0,READ,0xbe3000,4096
35289,u1,1,READ,0x10000bf3000,4096
35295,u0,0,READ,0xbe4000,4096
35302,u1,1,WRITE,0x10000bf4000,4096
35309,u0,0,READ,0xbe5000,4096
35310,u1,1,READ,0x10000bf5000,4096
35320,u1,1,WRITE,0x10000bf6000,4096
35322,u0,0,WRITE,0xbe6000,4096
35328,u3,3,READ,0x300057c0000,262144
35332,u0,0,WRITE,0xbe7000,4096
35333,u1,1,WRITE,0x10000bf7000,4096
35346,u0,0,WRITE,0xbe8000,4096
35346,u1,1,WRITE,0x10000bf8000,4096
35356,u1,1,WRITE,0x10000bf9000,4096
35357,u2,2,READ,0x20005780000,262144
35358,u0,0,WRITE,0xbe9000,4096
35369,u1,1,READ,0x10000bfa000,4096
35371,u0,0,READ,0xbea000,4096
35380,u0,0,WRITE,0xbeb000,4096
35380,u1,1,READ,0x10000bfb000,4096
35395,u0,0,WRITE,0xbec000,4096
35395,u1,1,WRITE,0x10000bfc000,4096
35406,u1,1,READ,0x10000bfd000,4096
35407,u0,0,WRITE,0xbed000,4096
35419,u1,1,READ,0x10000bfe000,4096
35422,u0,0,WRITE,0xbee000,4096
35432,u0,0,READ,0xbef000,4096
35432,u1,1,WRITE,0x10000bff000,4096
35436,u3,3,READ,0x30005800000,262144
35443,u0,0,WRITE,0xbf0000,4096
35447,u1,1,WRITE,0x10000c00000,4096
35454,u0,0,READ,0xbf1000,4096
35456,u1,1,READ,0x10000c01000,4096
35457,u2,2,WRITE,0x200057c0000,262144
35465,u1,1,WRITE,0x10000c02000,4096
35468,u0,0,WRITE,0xbf2000,4096
35474,u1,1,READ,0x10000c03000,4096
35478,u0,0,READ,0xbf3000,4096
35487,u1,1,READ,0x10000c04000,4096
35488,u0,0,WRITE,0xbf4000,4096
35498,u1,1,WRITE,0x10000c05000,4096
35502,u0,0,READ,0xbf5000,4096
35511,u1,1,WRITE,0x10000c06000,4096
35517,u0,0,READ,0xbf6000,4096
35525,u1,1,READ,0x10000c07000,4096
35526,u0,0,READ,0xbf7000,4096
35537,u1,1,WRITE,0x10000c08000,4096
35537,u3,3,READ,0x30005840000,262144
35538,u0,0,WRITE,0xbf8000,4096
35547,u1,1,READ,0x10000c09000,4096
35550,u0,0,READ,0xbf9000,4096
35551,u2,2,READ,0x20005800000,262144
35556,u1,1,READ,0x10000c0a000,4096
35560,u0,0,READ,0xbfa000,4096
35568,u1,1,READ,0x10000c0b000,4096
35569,u0,0,READ,0xbfb000,4096
35580,u0,0,READ,0xbfc000,4096
35583,u1,1,WRITE,0x10000c0c000,4096
35593,u0,0,READ,0xbfd000,4096
35598,u1,1,READ,0x10000c0d000,4096
35607,u0,0,READ,0xbfe000,4096
35607,u1,1,READ,0x10000c0e000,4096
35618,u0,0,READ,0xbff000,4096
35618,u1,1,READ,0x10000c0f000,4096
35627,u1,1,WRITE,0x10000c10000,4096
35632,u0,0,WRITE,0xc00000,4096
35640,u1,1,WRITE,0x10000c11000,4096
35641,u0,0,READ,0xc01000,4096
35642,u3,3,READ,0x30005880000,262144
35652,u1,1,WRITE,0x10000c12000,4096
35653,u0,0,WRITE,0xc02000,4096
35656,u2,2,READ,0x20005840000,262144
35662,u1,1,READ,0x10000c13000,4096
35666,u0,0,READ,0xc03000,4096
35672,u1,1,WRITE,0x10000c14000,4096
35674,u0,0,WRITE,0xc04000,4096
35687,u0,0,READ,0xc05000,4096
35687,u1,1,READ,0x10000c15000,4096
35697,u0,0,WRITE,0xc06000,4096
35701,u1,1,WRITE,0x10000c16000,4096
35710,u0,0,WRITE,0xc07000,4096
35712,u1,1,WRITE,0x10000c17000,4096
35723,u1,1,WRITE,0x10000c18000,4096
35725,u0,0,READ,0xc08000,4096
35737,u1,1,READ,0x10000c19000,4096
35738,u0,0,READ,0xc09000,4096
35740,u3,3,READ,0x300058c0000,262144
35746,u0,0,WRITE,0xc0a000,4096
35747,u1,1,READ,0x10000c1a000,4096
35755,u2,2,READ,0x20005880000,262144
35757,u1,1,WRITE,0x10000c1b000,4096
35758,u0,0,WRITE,0xc0b000,4096
35768,u0,0,WRITE,0xc0c000,4096
35771,u1,1,WRITE,0x10000c1c000,4096
35783,u0,0,READ,0xc0d000,4096
35786,u1,1,WRITE,0x10000c1d000,4096
35792,u0,0,READ,0xc0e000,4096
35796,u1,1,WRITE,0x10000c1e000,4096
35803,u0,0,READ,0xc0f000,4096
35811,u0,0,WRITE,0xc10000,4096
35811,u1,1,READ,0x10000c1f000,4096
35820,u1,1,READ,0x10000c20000,4096
35821,u0,0,WRITE,0xc11000,4096
35832,u0,0,READ,0xc12000,4096
35834,u1,1,WRITE,0x10000c21000,4096
35841,u0,0,WRITE,0xc13000,4096
35843,u3,3,READ,0x30005900000,262144
35844,u1,1,READ,0x10000c22000,4096
35852,u0,0,READ,0xc14000,4096
35859,u1,1,WRITE,0x10000c23000,4096
35864,u2,2,READ,0x200058c0000,262144
35867,u0,0,READ,0xc15000,4096
35872,u1,1,READ,0x10000c24000,4096
35878,u0,0,READ,0xc16000,4096
35886,u1,1,READ,0x10000c25000,4096
35892,u0,0,READ,0xc17000,4096
35895,u1,1,WRITE,0x10000c26000,4096
35905,u1,1,WRITE,0x10000c27000,4096
35907,u0,0,WRITE,0xc18000,4096
35918,u1,1,WRITE,0x10000c28000,4096
35921,u0,0,READ,0xc19000,4096
35932,u1,1,WRITE,0x10000c29000,4096
35935,u0,0,WRITE,0xc1a000,4096
35944,u1,1,READ,0x10000c2a000,4096
35948,u0,0,WRITE,0xc1b000,4096
35949,u3,3,READ,0x30005940000,262144
35957,u0,0,WRITE,0xc1c000,4096
35958,u1,1,READ,0x10000c2b000,4096
35967,u2,2,READ,0x20005900000,262144
35969,u0,0,WRITE,0xc1d000,4096
35969,u1,1,READ,0x10000c2c000,4096
35978,u1,1,READ,0x10000c2d000,4096
35984,u0,0,WRITE,0xc1e000,4096
35992,u1,1,WRITE,0x10000c2e000,4096
35999,u0,0,WRITE,0xc1f000,4096
36005,u1,1,READ,0x10000c2f000,4096
36009,u0,0,WRITE,0xc20000,4096
36013,u1,1,READ,0x10000c30000,4096
36021,u0,0,READ,0xc21000,4096
36023,u1,1,READ,0x10000c31000,4096
36031,u1,1,READ,0x10000c32000,4096
36032,u0,0,WRITE,0xc22000,4096
36039,u1,1,WRITE,0x10000c33000,4096
36043,u0,0,READ,0xc23000,4096
36048,u3,3,WRITE,0x30005980000,262144
36053,u1,1,READ,0x10000c34000,4096
36054,u2,2,WRITE,0x20005940000,262144
36056,u0,0,WRITE,0xc24000,4096
36064,u1,1,WRITE,0x10000c35000,4096
36071,u0,0,READ,0xc25000,4096
36073,u1,1,WRITE,0x10000c36000,4096
36083,u1,1,READ,0x10000c37000,4096
36085,u0,0,READ,0xc26000,4096
36092,u1,1,READ,0x10000c38000,4096
36097,u0,0,WRITE,0xc27000,4096
36105,u0,0,WRITE,0xc28000,4096
36105,u1,1,READ,0x10000c39000,4096
36116,u1,1,WRITE,0x10000c3a000,4096
36118,u0,0,READ,0xc29000,4096
36124,u1,1,WRITE,0x10000c3b000,4096
36132,u0,0,WRITE,0xc2a000,4096
36135,u1,1,WRITE,0x10000c3c000,4096
36143,u0,0,WRITE,0xc2b000,4096
36144,u3,3,WRITE,0x300059c0000,262144
36150,u1,1,READ,0x10000c3d000,4096
36151,u0,0,READ,0xc2c000,4096
36155,u2,2,READ,0x20005980000,262144
36162,u1,1,WRITE,0x10000c3e000,4096
36165,u0,0,READ,0xc2d000,4096
36175,u1,1,WRITE,0x10000c3f000,4096
36176,u0,0,WRITE,0xc2e000,4096
36187,u1,1,WRITE,0x10000c40000,4096
36191,u0,0,READ,0xc2f000,4096
36198,u1,1,READ,0x10000c41000,4096
36199,u0,0,READ,0xc30000,4096
36211,u0,0,READ,0xc31000,4096
36213,u1,1,WRITE,0x10000c42000,4096
36222,u0,0,WRITE,0xc32000,4096
36226,u1,1,WRITE,0x10000c43000,4096
36233,u0,0,READ,0xc33000,4096
36241,u1,1,WRITE,0x10000c44000,4096
36242,u0,0,WRITE,0xc34000,4096
36251,u0,0,WRITE,0xc35000,4096
36256,u1,1,WRITE,0x10000c45000,4096
36260,u0,0,READ,0xc36000,4096
36262,u3,3,WRITE,0x30005a00000,262144
36265,u1,1,WRITE,0x10000c46000,4096
36267,u2,2,READ,0x200059c0000,262144
36272,u0,0,WRITE,0xc37000,4096
36277,u1,1,WRITE,0x10000c47000,4096
36280,u0,0,READ,0xc38000,4096
36290,u1,1,WRITE,0x10000c48000,4096
36294,u0,0,READ,0xc39000,4096
36301,u1,1,READ,0x10000c49000,4096
36302,u0,0,WRITE,0xc3a000,4096
36312,u1,1,READ,0x10000c4a000,4096
36313,u0,0,WRITE,0xc3b000,4096
36322,u1,1,WRITE,0x10000c4b000,4096
36326,u0,0,WRITE,0xc3c000,4096
36333,u1,1,WRITE,0x10000c4c000,4096
36335,u0,0,READ,0xc3d000,4096
36344,u1,1,WRITE,0x10000c4d000,4096
36347,u0,0,WRITE,0xc3e000,4096
36355,u1,1,READ,0x10000c4e000,4096
36358,u0,0,WRITE,0xc3f000,4096
36367,u0,0,READ,0xc40000,4096
36370,u1,1,WRITE,0x10000c4f000,4096
36373,u2,2,READ,0x20005a00000,262144
36378,u0,0,READ,0xc41000,4096
36378,u3,3,WRITE,0x30005a40000,262144
36385,u1,1,WRITE,0x10000c50000,4096
36387,u0,0,WRITE,0xc42000,4096
36396,u0,0,READ,0xc43000,4096
36399,u1,1,READ,0x10000c51000,4096
36407,u1,1,READ,0x10000c52000,4096
36410,u0,0,WRITE,0xc44000,4096
36415,u1,1,READ,0x10000c53000,4096
36418,u0,0,WRITE,0xc45000,4096
36428,u0,0,READ,0xc46000,4096
36428,u1,1,READ,0x10000c54000,4096
36442,u0,0,READ,0xc47000,4096
36442,u1,1,READ,0x10000c55000,4096
36450,u1,1,WRITE,0x10000c56000,4096
36454,u0,0,READ,0xc48000,4096
36463,u1,1,READ,0x10000c57000,4096
36464,u0,0,READ,0xc49000,4096
36474,u0,0,WRITE,0xc4a000,4096
36476,u1,1,WRITE,0x10000c58000,4096
36486,u0,0,WRITE,0xc4b000,4096
36488,u2,2,WRITE,0x20005a40000,262144
36489,u3,3,WRITE,0x30005a80000,262144
36490,u1,1,READ,0x10000c59000,4096
36498,u1,1,READ,0x10000c5a000,4096
36501,u0,0,WRITE,0xc4c000,4096
36511,u0,0,READ,0xc4d000,4096
36512,u1,1,READ,0x10000c5b000,4096
36523,u1,1,READ,0x10000c5c000,4096
36524,u0,0,READ,0xc4e000,4096
36534,u0,0,WRITE,0xc4f000,4096
36535,u1,1,READ,0x10000c5d000,4096
36544,u1,1,WRITE,0x10000c5e000,4096
36548,u0,0,WRITE,0xc50000,4096
36556,u1,1,READ,0x10000c5f000,4096
36557,u0,0,WRITE,0xc51000,4096
36568,u0,0,READ,0xc52000,4096
36568,u1,1,READ,0x10000c60000,4096
36580,u1,1,READ,0x10000c61000,4096
36582,u0,0,READ,0xc53000,4096
36589,u2,2,READ,0x20005a80000,262144
36590,u0,0,WRITE,0xc54000,4096
36594,u1,1,WRITE,0x10000c62000,4096
36594,u3,3,READ,0x30005ac0000,262144
36598,u0,0,READ,0xc55000,4096
36605,u1,1,READ,0x10000c63000,4096
36613,u0,0,WRITE,0xc56000,4096
36619,u1,1,READ,0x10000c64000,4096
36627,u1,1,WRITE,0x10000c65000,4096
36628,u0,0,WRITE,0xc57000,4096
36636,u0,0,READ,0xc58000,4096
36637,u1,1,READ,0x10000c66000,4096
36645,u0,0,READ,0xc59000,4096
36652,u1,1,READ,0x10000c67000,4096
36660,u0,0,WRITE,0xc5a000,4096
36663,u1,1,WRITE,0x10000c68000,4096
36670,u0,0,WRITE,0xc5b000,4096
36672,u1,1,WRITE,0x10000c69000,4096
36675,u2,2,WRITE,0x20005ac0000,262144
36682,u1,1,READ,0x10000c6a000,4096
36684,u0,0,WRITE,0xc5c000,4096
36691,u1,1,WRITE,0x10000c6b000,4096
36698,u0,0,WRITE,0xc5d000,4096
36702,u1,1,WRITE,0x10000c6c000,4096
36705,u3,3,WRITE,0x30005b00000,262144
36706,u0,0,WRITE,0xc5e000,4096
36711,u1,1,WRITE,0x10000c6d000,4096
36717,u0,0,READ,0xc5f000,4096
36726,u0,0,WRITE,0xc60000,4096
36726,u1,1,WRITE,0x10000c6e000,4096
36736,u0,0,READ,0xc61000,4096
36736,u1,1,READ,0x10000c6f000,4096
36744,u0,0,READ,0xc62000,4096
36749,u1,1,READ,0x10000c70000,4096
36755,u0,0,READ,0xc63000,4096
36758,u1,1,READ,0x10000c71000,4096
36766,u0,0,READ,0xc64000,4096
36771,u1,1,READ,0x10000c72000,4096
36771,u2,2,WRITE,0x20005b00000,262144
36779,u1,1,READ,0x10000c73000,4096
36781,u0,0,READ,0xc65000,4096
36787,u1,1,WRITE,0x10000c74000,4096
36793,u0,0,WRITE,0xc66000,4096
36801,u0,0,READ,0xc67000,4096
36801,u1,1,WRITE,0x10000c75000,4096
36809,u0,0,WRITE,0xc68000,4096
36814,u1,1,WRITE,0x10000c76000,4096
36817,u3,3,READ,0x30005b40000,262144
36819,u0,0,READ,0xc69000,4096
36824,u1,1,READ,0x10000c77000,4096
36827,u0,0,READ,0xc6a000,4096
36836,u1,1,WRITE,0x10000c78000,4096
36841,u0,0,READ,0xc6b000,4096
36845,u1,1,READ,0x10000c79000,4096
36849,u0,0,READ,0xc6c000,4096
36856,u1,1,READ,0x10000c7a000,4096
36859,u0,0,WRITE,0xc6d000,4096
36865,u1,1,WRITE,0x10000c7b000,4096
36866,u2,2,READ,0x20005b40000,262144
36871,u0,0,READ,0xc6e000,4096
36879,u1,1,WRITE,0x10000c7c000,4096
36884,u0,0,WRITE,0xc6f000,4096
36892,u1,1,WRITE,0x10000c7d000,4096
36898,u3,3,WRITE,0x30005b80000,262144
36899,u0,0,WRITE,0xc70000,4096
36901,u1,1,READ,0x10000c7e000,4096
36909,u0,0,READ,0xc71000,4096
36916,u1,1,READ,0x10000c7f000,4096
36919,u0,0,READ,0xc72000,4096
36927,u1,1,READ,0x10000c80000,4096
36928,u0,0,WRITE,0xc73000,4096
36938,u0,0,READ,0xc74000,4096
36942,u1,1,WRITE,0x10000c81000,4096
36949,u0,0,READ,0xc75000,4096
36953,u1,1,READ,0x10000c82000,4096
36964,u0,0,WRITE,0xc76000,4096
36964,u2,2,WRITE,0x20005b80000,262144
36966,u1,1,READ,0x10000c83000,4096
36974,u0,0,WRITE,0xc77000,4096
36981,u1,1,WRITE,0x10000c84000,4096
36987,u0,0,READ,0xc78000,4096
36995,u1,1,WRITE,0x10000c85000,4096
36996,u0,0,READ,0xc79000,4096
36996,u3,3,WRITE,0x30005bc0000,262144
37007,u0,0,WRITE,0xc7a000,4096
37008,u1,1,READ,0x10000c86000,4096
37019,u0,0,READ,0xc7b000,4096
37019,u1,1,WRITE,0x10000c87000,4096
37032,u0,0,READ,0xc7c000,4096
37033,u1,1,WRITE,0x10000c88000,4096
37041,u0,0,WRITE,0xc7d000,4096
37042,u1,1,READ,0x10000c89000,4096
37051,u2,2,READ,0x20005bc0000,262144
37052,u1,1,READ,0x10000c8a000,4096
37055,u0,0,WRITE,0xc7e000,4096
37066,u1,1,WRITE,0x10000c8b000,4096
37068,u0,0,WRITE,0xc7f000,4096
37079,u1,1,READ,0x10000c8c000,4096
37083,u0,0,WRITE,0xc80000,4096
37090,u1,1,WRITE,0x10000c8d000,4096
37091,u0,0,READ,0xc81000,4096
37101,u0,0,WRITE,0xc82000,4096
37105,u1,1,READ,0x10000c8e000,4096
37112,u3,3,WRITE,0x30005c00000,262144
37113,u0,0,WRITE,0xc83000,4096
37114,u1,1,WRITE,0x10000c8f000,4096
37124,u0,0,READ,0xc84000,4096
37126,u1,1,WRITE,0x10000c90000,4096
37135,u0,0,READ,0xc85000,4096
37137,u1,1,READ,0x10000c91000,4096
37146,u1,1,WRITE,0x10000c92000,4096
37148,u0,0,READ,0xc86000,4096
37157,u1,1,READ,0x10000c93000,4096
37161,u0,0,WRITE,0xc87000,4096
37168,u1,1,WRITE,0x10000c94000,4096
37168,u2,2,READ,0x20005c00000,262144
37173,u0,0,WRITE,0xc88000,4096
37176,u1,1,READ,0x10000c95000,4096
37186,u0,0,WRITE,0xc89000,4096
37188,u1,1,READ,0x10000c96000,4096
37201,u0,0,READ,0xc8a000,4096
37203,u1,1,READ,0x10000c97000,4096
37206,u3,3,WRITE,0x30005c40000,262144
37209,u0,0,WRITE,0xc8b000,4096
37217,u1,1,WRITE,0x10000c98000,4096
37224,u0,0,WRITE,0xc8c000,4096
37232,u0,0,WRITE,0xc8d000,4096
37232,u1,1,READ,0x10000c99000,4096
37240,u0,0,WRITE,0xc8e000,4096
37244,u1,1,WRITE,0x10000c9a000,4096
37249,u0,0,READ,0xc8f000,4096
37256,u1,1,READ,0x10000c9b000,4096
37259,u0,0,READ,0xc90000,4096
37268,u0,0,WRITE,0xc91000,4096
37269,u1,1,READ,0x10000c9c000,4096
37271,u2,2,WRITE,0x20005c40000,262144
37281,u0,0,WRITE,0xc92000,4096
37281,u1,1,WRITE,0x10000c9d000,4096
37286,u3,3,WRITE,0x30005c80000,262144
37289,u0,0,READ,0xc93000,4096
37290,u1,1,WRITE,0x10000c9e000,4096
37300,u0,0,READ,0xc94000,4096
37305,u1,1,READ,0x10000c9f000,4096
37313,u0,0,WRITE,0xc95000,4096
37315,u1,1,READ,0x10000ca0000,4096
37325,u1,1,WRITE,0x10000ca1000,4096
37327,u0,0,READ,0xc96000,4096
37336,u0,0,READ,0xc97000,4096
37338,u1,1,WRITE,0x10000ca2000,4096
37348,u0,0,READ,0xc98000,4096
37353,u1,1,WRITE,0x10000ca3000,4096
37357,u0,0,WRITE,0xc99000,4096
37365,u1,1,WRITE,0x10000ca4000,4096
37366,u3,3,WRITE,0x30005cc0000,262144
37368,u0,0,WRITE,0xc9a000,4096
37378,u1,1,READ,0x10000ca5000,4096
37379,u0,0,READ,0xc9b000,4096
37380,u2,2,WRITE,0x20005c80000,262144
37387,u0,0,WRITE,0xc9c000,4096
37387,u1,1,READ,0x10000ca6000,4096
37398,u1,1,READ,0x10000ca7000,4096
37401,u0,0,READ,0xc9d000,4096
37411,u0,0,WRITE,0xc9e000,4096
37412,u1,1,READ,0x10000ca8000,4096
37425,u0,0,READ,0xc9f000,4096
37426,u1,1,READ,0x10000ca9000,4096
37436,u0,0,READ,0xca0000,4096
37440,u1,1,WRITE,0x10000caa000,4096
37450,u0,0,WRITE,0xca1000,4096
37454,u1,1,WRITE,0x10000cab000,4096
37460,u0,0,WRITE,0xca2000,4096
37460,u3,3,READ,0x30005d00000,262144
37465,u1,1,WRITE,0x10000cac000,4096
37474,u0,0,WRITE,0xca3000,4096
37477,u1,1,READ,0x10000cad000,4096
37484,u2,2,READ,0x20005cc0000,262144
37485,u0,0,READ,0xca4000,4096
37492,u1,1,READ,0x10000cae000,4096
37499,u0,0,READ,0xca5000,4096
37504,u1,1,READ,0x10000caf000,4096
37507,u0,0,WRITE,0xca6000,4096
37517,u0,0,READ,0xca7000,4096
37517,u1,1,WRITE,0x10000cb0000,4096
37525,u0,0,READ,0xca8000,4096
37528,u1,1,READ,0x10000cb1000,4096
37534,u0,0,WRITE,0xca9000,4096
37537,u1,1,READ,0x10000cb2000,4096
37543,u0,0,WRITE,0xcaa000,4096
37550,u1,1,WRITE,0x10000cb3000,4096
37555,u0,0,READ,0xcab000,4096
37560,u1,1,WRITE,0x10000cb4000,4096
37567,u0,0,READ,0xcac000,4096
37574,u3,3,READ,0x30005d40000,262144
37575,u1,1,READ,0x10000cb5000,4096
37576,u0,0,WRITE,0xcad000,4096
37589,u0,0,READ,0xcae000,4096
37589,u1,1,READ,0x10000cb6000,4096
37598,u0,0,WRITE,0xcaf000,4096
37599,u1,1,WRITE,0x10000cb7000,4096
37603,u2,2,READ,0x20005d00000,262144
37606,u0,0,READ,0xcb0000,4096
37607,u1,1,WRITE,0x10000cb8000,4096
37619,u0,0,READ,0xcb1000,4096
37622,u1,1,WRITE,0x10000cb9000,4096
37633,u1,1,WRITE,0x10000cba000,4096
37634,u0,0,WRITE,0xcb2000,4096
37644,u1,1,READ,0x10000cbb000,4096
37645,u0,0,WRITE,0xcb3000,4096
37655,u0,0,WRITE,0xcb4000,4096
37658,u1,1,READ,0x10000cbc000,4096
37661,u3,3,WRITE,0x30005d80000,262144
37666,u0,0,READ,0xcb5000,4096
37673,u1,1,READ,0x10000cbd000,4096
37679,u0,0,READ,0xcb6000,4096
37685,u1,1,WRITE,0x10000cbe000,4096
37686,u2,2,READ,0x20005d40000,262144
37693,u0,0,READ,0xcb7000,4096
37693,u1,1,WRITE,0x10000cbf000,4096
37703,u0,0,READ,0xcb8000,4096
37705,u1,1,READ,0x10000cc0000,4096
37714,u0,0,WRITE,0xcb9000,4096
37720,u1,1,WRITE,0x10000cc1000,4096
37722,u0,0,READ,0xcba000,4096
37729,u1,1,WRITE,0x10000cc2000,4096
37732,u0,0,WRITE,0xcbb000,4096
37737,u1,1,WRITE,0x10000cc3000,4096
37746,u0,0,READ,0xcbc000,4096
37748,u1,1,WRITE,0x10000cc4000,4096
37755,u0,0,READ,0xcbd000,4096
37760,u1,1,READ,0x10000cc5000,4096
37761,u3,3,WRITE,0x30005dc0000,262144
37769,u0,0,READ,0xcbe000,4096
37771,u1,1,READ,0x10000cc6000,4096
37774,u2,2,READ,0x20005d80000,262144
37781,u1,1,READ,0x10000cc7000,4096
37783,u0,0,READ,0xcbf000,4096
37790,u1,1,WRITE,0x10000cc8000,4096
37795,u0,0,WRITE,0xcc0000,4096
37805,u1,1,READ,0x10000cc9000,4096
37806,u0,0,READ,0xcc1000,4096
37815,u1,1,WRITE,0x10000cca000,4096
37821,u0,0,READ,0xcc2000,4096
37823,u1,1,READ,0x10000ccb000,4096
37831,u1,1,READ,0x10000ccc000,4096
37833,u0,0,READ,0xcc3000,4096
37842,u3,3,WRITE,0x30005e00000,262144
37845,u0,0,WRITE,0xcc4000,4096
37845,u1,1,READ,0x10000ccd000,4096
37858,u0,0,READ,0xcc5000,4096
37859,u1,1,WRITE,0x10000cce000,4096
37868,u1,1,WRITE,0x10000ccf000,4096
37873,u0,0,READ,0xcc6000,4096
37880,u1,1,READ,0x10000cd0000,4096
37881,u2,2,WRITE,0x20005dc0000,262144
37883,u0,0,READ,0xcc7000,4096
37895,u1,1,WRITE,0x10000cd1000,4096
37898,u0,0,WRITE,0xcc8000,4096
37910,u1,1,WRITE,0x10000cd2000,4096
37913,u0,0,WRITE,0xcc9000,4096
37922,u1,1,READ,0x10000cd3000,4096
37926,u0,0,READ,0xcca000,4096
37934,u3,3,WRITE,0x30005e40000,262144
37935,u0,0,READ,0xccb000,4096
37937,u1,1,WRITE,0x10000cd4000,4096
37950,u0,0,WRITE,0xccc000,4096
37950,u1,1,READ,0x10000cd5000,4096
37959,u0,0,READ,0xccd000,4096
37965,u1,1,READ,0x10000cd6000,4096
37970,u0,0,READ,0xcce000,4096
37977,u1,1,WRITE,0x10000cd7000,4096
37979,u0,0,READ,0xccf000,4096
37986,u1,1,READ,0x10000cd8000,4096
37988,u0,0,READ,0xcd0000,4096
37996,u2,2,WRITE,0x20005e00000,262144
37998,u1,1,READ,0x10000cd9000,4096
38000,u0,0,READ,0xcd1000,4096
38006,u1,1,WRITE,0x10000cda000,4096
38012,u0,0,READ,0xcd2000,4096
38016,u1,1,WRITE,0x10000cdb000,4096
38024,u0,0,WRITE,0xcd3000,4096
38026,u3,3,READ,0x30005e80000,262144
38029,u1,1,READ,0x10000cdc000,4096
38036,u0,0,WRITE,0xcd4000,4096
38040,u1,1,WRITE,0x10000cdd000,4096
38048,u0,0,WRITE,0xcd5000,4096
38055,u1,1,WRITE,0x10000cde000,4096
38063,u0,0,READ,0xcd6000,4096
38069,u1,1,READ,0x10000cdf000,4096
38074,u0,0,READ,0xcd7000,4096
38083,u1,1,WRITE,0x10000ce0000,4096
38089,u0,0,WRITE,0xcd8000,4096
38095,u1,1,READ,0x10000ce1000,4096
38101,u0,0,READ,0xcd9000,4096
38103,u1,1,READ,0x10000ce2000,4096
38108,u2,2,READ,0x20005e40000,262144
38109,u0,0,WRITE,0xcda000,4096
38117,u1,1,WRITE,0x10000ce3000,4096
38120,u3,3,WRITE,0x30005ec0000,262144
38123,u0,0,WRITE,0xcdb000,4096
38130,u1,1,READ,0x10000ce4000,4096
38135,u0,0,WRITE,0xcdc000,4096
38141,u1,1,WRITE,0x10000ce5000,4096
38148,u0,0,WRITE,0xcdd000,4096
38154,u1,1,WRITE,0x10000ce6000,4096
38161,u0,0,READ,0xcde000,4096
38166,u1,1,READ,0x10000ce7000,4096
38169,u0,0,READ,0xcdf000,4096
38177,u0,0,WRITE,0xce0000,4096
38178,u1,1,WRITE,0x10000ce8000,4096
38186,u0,0,WRITE,0xce1000,4096
38186,u1,1,WRITE,0x10000ce9000,4096
38188,u2,2,READ,0x20005e80000,262144
38200,u0,0,WRITE,0xce2000,4096
38200,u1,1,READ,0x10000cea000,4096
38200,u3,3,READ,0x30005f00000,262144
38209,u0,0,READ,0xce3000,4096
38209,u1,1,WRITE,0x10000ceb000,4096
38220,u1,1,READ,0x10000cec000,4096
38223,u0,0,READ,0xce4000,4096
38230,u1,1,WRITE,0x10000ced000,4096
38231,u0,0,READ,0xce5000,4096
38241,u0,0,READ,0xce6000,4096
38242,u1,1,WRITE,0x10000cee000,4096
38252,u0,0,WRITE,0xce7000,4096
38257,u1,1,READ,0x10000cef000,4096
38261,u0,0,READ,0xce8000,4096
38268,u1,1,WRITE,0x10000cf0000,4096
38269,u0,0,WRITE,0xce9000,4096
38277,u2,2,WRITE,0x20005ec0000,262144
38282,u0,0,READ,0xcea000,4096
38282,u1,1,WRITE,0x10000cf1000,4096
38291,u1,1,WRITE,0x10000cf2000,4096
38296,u0,0,READ,0xceb000,4096
38303,u1,1,WRITE,0x10000cf3000,4096
38303,u3,3,READ,0x30005f40000,262144
38310,u0,0,READ,0xcec000,4096
38313,u1,1,WRITE,0x10000cf4000,4096
38318,u0,0,READ,0xced000,4096
38327,u0,0,WRITE,0xcee000,4096
38328,u1,1,READ,0x10000cf5000,4096
38340,u0,0,READ,0xcef000,4096
38341,u1,1,READ,0x10000cf6000,4096
38350,u0,0,WRITE,0xcf0000,4096
38355,u1,1,WRITE,0x10000cf7000,4096
38358,u0,0,WRITE,0xcf1000,4096
38362,u2,2,WRITE,0x20005f00000,262144
38369,u1,1,READ,0x10000cf8000,4096
38373,u0,0,WRITE,0xcf2000,4096
38383,u0,0,WRITE,0xcf3000,4096
38384,u1,1,READ,0x10000cf9000,4096
38389,u3,3,WRITE,0x30005f80000,262144
38392,u0,0,READ,0xcf4000,4096
38398,u1,1,READ,0x10000cfa000,4096
38404,u0,0,READ,0xcf5000,4096
38409,u1,1,READ,0x10000cfb000,4096
38414,u0,0,READ,0xcf6000,4096
38422,u1,1,READ,0x10000cfc000,4096
38423,u0,0,WRITE,0xcf7000,4096
38431,u1,1,WRITE,0x10000cfd000,4096
38435,u0,0,WRITE,0xcf8000,4096
38442,u1,1,WRITE,0x10000cfe000,4096
38450,u0,0,READ,0xcf9000,4096
38451,u1,1,READ,0x10000cff000,4096
38462,u0,0,WRITE,0xcfa000,4096
38462,u1,1,WRITE,0x10000d00000,4096
38463,u2,2,READ,0x20005f40000,262144
38473,u1,1,WRITE,0x10000d01000,4096
38476,u0,0,READ,0xcfb000,4096
38484,u3,3,READ,0x30005fc0000,262144
38485,u1,1,WRITE,0x10000d02000,4096
38486,u0,0,READ,0xcfc000,4096
38494,u0,0,WRITE,0xcfd000,4096
38498,u1,1,READ,0x10000d03000,4096
38506,u0,0,READ,0xcfe000,4096
38507,u1,1,READ,0x10000d04000,4096
38515,u0,0,WRITE,0xcff000,4096
38515,u1,1,READ,0x10000d05000,4096
38528,u1,1,WRITE,0x10000d06000,4096
38529,u0,0,WRITE,0xd00000,4096
38536,u1,1,READ,0x10000d07000,4096
38541,u0,0,READ,0xd01000,4096
38544,u1,1,WRITE,0x10000d08000,4096
38552,u0,0,WRITE,0xd02000,4096
38556,u1,1,READ,0x10000d09000,4096
38559,u2,2,WRITE,0x20005f80000,262144
38565,u0,0,READ,0xd03000,4096
38571,u1,1,READ,0x10000d0a000,4096
38578,u0,0,WRITE,0xd04000,4096
38578,u3,3,READ,0x30006000000,262144
38585,u1,1,WRITE,0x10000d0b000,4096
38589,u0,0,READ,0xd05000,4096
38595,u1,1,WRITE,0x10000d0c000,4096
38603,u0,0,READ,0xd06000,4096
38610,u1,1,WRITE,0x10000d0d000,4096
38613,u0,0,READ,0xd07000,4096
38621,u1,1,READ,0x10000d0e000,4096
38628,u0,0,READ,0xd08000,4096
38633,u1,1,WRITE,0x10000d0f000,4096
38640,u0,0,READ,0xd09000,4096
38643,u1,1,READ,0x10000d10000,4096
38644,u2,2,WRITE,0x20005fc0000,262144
38651,u0,0,READ,0xd0a000,4096
38655,u1,1,WRITE,0x10000d11000,4096
38665,u0,0,WRITE,0xd0b000,4096
38670,u1,1,READ,0x10000d12000,4096
38677,u0,0,WRITE,0xd0c000,4096
38685,u1,1,WRITE,0x10000d13000,4096
38690,u0,0,READ,0xd0d000,4096
38694,u3,3,READ,0x30006040000,262144
38698,u0,0,WRITE,0xd0e000,4096
38699,u1,1,READ,0x10000d14000,4096
38708,u1,1,WRITE,0x10000d15000,4096
38710,u0,0,READ,0xd0f000,4096
38721,u0,0,READ,0xd10000,4096
38723,u1,1,WRITE,0x10000d16000,4096
38730,u0,0,WRITE,0xd11000,4096
38735,u1,1,WRITE,0x10000d17000,4096
38742,u0,0,WRITE,0xd12000,4096
38745,u1,1,READ,0x10000d18000,4096
38747,u2,2,READ,0x20006000000,262144
38753,u0,0,WRITE,0xd13000,4096
38754,u1,1,READ,0x10000d19000,4096
38761,u0,0,WRITE,0xd14000,4096
38769,u0,0,WRITE,0xd15000,4096
38769,u1,1,WRITE,0x10000d1a000,4096
38775,u3,3,WRITE,0x30006080000,262144
38779,u1,1,READ,0x10000d1b000,4096
38783,u0,0,WRITE,0xd16000,4096
38792,u1,1,WRITE,0x10000d1c000,4096
38796,u0,0,READ,0xd17000,4096
38807,u1,1,WRITE,0x10000d1d000,4096
38810,u0,0,READ,0xd18000,4096
38815,u1,1,WRITE,0x10000d1e000,4096
38821,u0,0,WRITE,0xd19000,4096
38830,u1,1,WRITE,0x10000d1f000,4096
38833,u0,0,READ,0xd1a000,4096
38833,u2,2,WRITE,0x20006040000,262144
38844,u1,1,READ,0x10000d20000,4096
38846,u0,0,WRITE,0xd1b000,4096
38855,u1,1,READ,0x10000d21000,4096
38858,u0,0,WRITE,0xd1c000,4096
38863,u1,1,WRITE,0x10000d22000,4096
38872,u3,3,WRITE,0x300060c0000,262144
38873,u0,0,READ,0xd1d000,4096
38875,u1,1,WRITE,0x10000d23000,4096
38884,u1,1,WRITE,0x10000d24000,4096
38888,u0,0,READ,0xd1e000,4096
38898,u1,1,WRITE,0x10000d25000,4096
38900,u0,0,WRITE,0xd1f000,4096
38911,u1,1,READ,0x10000d26000,4096
38913,u0,0,WRITE,0xd20000,4096
38925,u1,1,READ,0x10000d27000,4096
38925,u2,2,WRITE,0x20006080000,262144
38928,u0,0,READ,0xd21000,4096
38940,u1,1,READ,0x10000d28000,4096
38943,u0,0,READ,0xd22000,4096
38953,u1,1,READ,0x10000d29000,4096
38957,u0,0,WRITE,0xd23000,4096
38967,u1,1,READ,0x10000d2a000,4096
38970,u0,0,READ,0xd24000,4096
38981,u1,1,WRITE,0x10000d2b000,4096
38983,u0,0,WRITE,0xd25000,4096
38984,u3,3,WRITE,0x30006100000,262144
38992,u0,0,WRITE,0xd26000,4096
38995,u1,1,READ,0x10000d2c000,4096
39006,u1,1,READ,0x10000d2d000,4096
39007,u0,0,WRITE,0xd27000,4096
39017,u2,2,READ,0x200060c0000,262144
39019,u1,1,WRITE,0x10000d2e000,4096
39020,u0,0,READ,0xd28000,4096
39028,u0,0,WRITE,0xd29000,4096
39034,u1,1,READ,0x10000d2f000,4096
39039,u0,0,READ,0xd2a000,4096
39048,u0,0,WRITE,0xd2b000,4096
39049,u1,1,READ,0x10000d30000,4096
39057,u0,0,WRITE,0xd2c000,4096
39058,u1,1,WRITE,0x10000d31000,4096
39069,u1,1,WRITE,0x10000d32000,4096
39071,u0,0,WRITE,0xd2d000,4096
39078,u1,1,READ,0x10000d33000,4096
39086,u0,0,READ,0xd2e000,4096
39093,u1,1,READ,0x10000d34000,4096
39094,u0,0,WRITE,0xd2f000,4096
39098,u3,3,READ,0x30006140000,262144
39101,u2,2,READ,0x20006100000,262144
39107,u0,0,READ,0xd30000,4096
39108,u1,1,WRITE,0x10000d35000,4096
39115,u0,0,READ,0xd31000,4096
39116,u1,1,READ,0x10000d36000,4096
39128,u0,0,READ,0xd32000,4096
39131,u1,1,WRITE,0x10000d37000,4096
39141,u0,0,READ,0xd33000,4096
39145,u1,1,WRITE,0x10000d38000,4096
39151,u0,0,WRITE,0xd34000,4096
39157,u1,1,READ,0x10000d39000,4096
39163,u0,0,READ,0xd35000,4096
39167,u1,1,READ,0x10000d3a000,4096
39173,u0,0,READ,0xd36000,4096
39179,u1,1,WRITE,0x10000d3b000,4096
39181,u0,0,READ,0xd37000,4096
39185,u2,2,WRITE,0x20006140000,262144
39187,u1,1,WRITE,0x10000d3c000,4096
39192,u0,0,WRITE,0xd38000,4096
39195,u1,1,READ,0x10000d3d000,4096
39202,u0,0,READ,0xd39000,4096
39210,u1,1,WRITE,0x10000d3e000,4096
39216,u0,0,WRITE,0xd3a000,4096
39217,u3,3,WRITE,0x30006180000,262144
39218,u1,1,READ,0x10000d3f000,4096
39225,u0,0,READ,0xd3b000,4096
39230,u1,1,READ,0x10000d40000,4096
39238,u0,0,WRITE,0xd3c000,4096
39243,u1,1,WRITE,0x10000d41000,4096
39246,u0,0,WRITE,0xd3d000,4096
39255,u1,1,WRITE,0x10000d42000,4096
39260,u0,0,READ,0xd3e000,4096
39264,u1,1,WRITE,0x10000d43000,4096
39275,u0,0,WRITE,0xd3f000,4096
39278,u1,1,WRITE,0x10000d44000,4096
39283,u0,0,WRITE,0xd40000,4096
39284,u2,2,READ,0x20006180000,262144
39290,u1,1,WRITE,0x10000d45000,4096
39291,u0,0,READ,0xd41000,4096
39302,u0,0,READ,0xd42000,4096
39305,u1,1,WRITE,0x10000d46000,4096
39311,u0,0,READ,0xd43000,4096
39316,u1,1,WRITE,0x10000d47000,4096
39320,u0,0,READ,0xd44000,4096
39320,u3,3,WRITE,0x300061c0000,262144
39324,u1,1,READ,0x10000d48000,4096
39333,u0,0,WRITE,0xd45000,4096
39334,u1,1,READ,0x10000d49000,4096
39343,u0,0,WRITE,0xd46000,4096
39348,u1,1,WRITE,0x10000d4a000,4096
39353,u0,0,READ,0xd47000,4096
39356,u1,1,WRITE,0x10000d4b000,4096
39362,u0,0,READ,0xd48000,4096
39367,u1,1,READ,0x10000d4c000,4096
39376,u0,0,READ,0xd49000,4096
39380,u1,1,WRITE,0x10000d4d000,4096
39385,u2,2,WRITE,0x200061c0000,262144
39386,u0,0,READ,0xd4a000,4096
39395,u1,1,WRITE,0x10000d4e000,4096
39397,u0,0,WRITE,0xd4b000,4096
39407,u1,1,READ,0x10000d4f000,4096
39410,u0,0,WRITE,0xd4c000,4096
39421,u1,1,WRITE,0x10000d50000,4096
39424,u0,0,READ,0xd4d000,4096
39432,u1,1,READ,0x10000d51000,4096
39434,u0,0,WRITE,0xd4e000,4096
39436,u3,3,READ,0x30006200000,262144
39442,u1,1,READ,0x10000d52000,4096
39443,u0,0,WRITE,0xd4f000,4096
39455,u0,0,READ,0xd50000,4096
39456,u1,1,READ,0x10000d53000,4096
39464,u1,1,WRITE,0x10000d54000,4096
39467,u0,0,WRITE,0xd51000,4096
39473,u1,1,READ,0x10000d55000,4096
39482,u0,0,WRITE,0xd52000,4096
39483,u1,1,READ,0x10000d56000,4096
39495,u2,2,WRITE,0x20006200000,262144
39497,u0,0,READ,0xd53000,4096
39498,u1,1,READ,0x10000d57000,4096
39508,u0,0,READ,0xd54000,4096
39510,u1,1,READ,0x10000d58000,4096
39520,u1,1,READ,0x10000d59000,4096
39523,u0,0,READ,0xd55000,4096
39524,u3,3,WRITE,0x30006240000,262144
39532,u1,1,WRITE,0x10000d5a000,4096
39538,u0,0,WRITE,0xd56000,4096
39545,u1,1,WRITE,0x10000d5b000,4096
39548,u0,0,WRITE,0xd57000,4096
39553,u1,1,WRITE,0x10000d5c000,4096
39557,u0,0,WRITE,0xd58000,4096
39566,u1,1,READ,0x10000d5d000,4096
39569,u0,0,WRITE,0xd59000,4096
39577,u0,0,WRITE,0xd5a000,4096
39581,u1,1,READ,0x10000d5e000,4096
39587,u0,0,READ,0xd5b000,4096
39593,u1,1,WRITE,0x10000d5f000,4096
39598,u0,0,WRITE,0xd5c000,4096
39599,u2,2,WRITE,0x20006240000,262144
39603,u1,1,WRITE,0x10000d60000,4096
39610,u0,0,READ,0xd5d000,4096
39617,u1,1,READ,0x10000d61000,4096
39625,u0,0,READ,0xd5e000,4096
39627,u1,1,WRITE,0x10000d62000,4096
39637,u0,0,READ,0xd5f000,4096
39639,u1,1,READ,0x10000d63000,4096
39641,u3,3,READ,0x30006280000,262144
39645,u0,0,WRITE,0xd60000,4096
39653,u1,1,READ,0x10000d64000,4096
39658,u0,0,WRITE,0xd61000,4096
39663,u1,1,WRITE,0x10000d65000,4096
39668,u0,0,WRITE,0xd62000,4096
39671,u1,1,READ,0x10000d66000,4096
39680,u1,1,READ,0x10000d67000,4096
39681,u0,0,READ,0xd63000,4096
39689,u0,0,WRITE,0xd64000,4096
39690,u1,1,READ,0x10000d68000,4096
39702,u0,0,READ,0xd65000,4096
39703,u2,2,READ,0x20006280000,262144
39704,u1,1,READ,0x10000d69000,4096
39717,u0,0,READ,0xd66000,4096
39719,u1,1,WRITE,0x10000d6a000,4096
39728,u0,0,READ,0xd67000,4096
39730,u1,1,WRITE,0x10000d6b000,4096
39738,u0,0,READ,0xd68000,4096
39744,u1,1,WRITE,0x10000d6c000,4096
39751,u3,3,WRITE,0x300062c0000,262144
39753,u0,0,WRITE,0xd69000,4096
39755,u1,1,WRITE,0x10000d6d000,4096
39766,u1,1,WRITE,0x10000d6e000,4096
39768,u0,0,READ,0xd6a000,4096
39777,u0,0,READ,0xd6b000,4096
39777,u1,1,READ,0x10000d6f000,4096
39786,u0,0,READ,0xd6c000,4096
39788,u1,1,WRITE,0x10000d70000,4096
39795,u2,2,READ,0x200062c0000,262144
39796,u0,0,READ,0xd6d000,4096
39803,u1,1,WRITE,0x10000d71000,4096
39809,u0,0,READ,0xd6e000,4096
39814,u1,1,WRITE,0x10000d72000,4096
39818,u0,0,READ,0xd6f000,4096
39828,u1,1,WRITE,0x10000d73000,4096
39829,u0,0,READ,0xd70000,4096
39837,u0,0,READ,0xd71000,4096
39838,u1,1,READ,0x10000d74000,4096
39847,u1,1,WRITE,0x10000d75000,4096
39848,u0,0,READ,0xd72000,4096
39856,u0,0,READ,0xd73000,4096
39858,u1,1,WRITE,0x10000d76000,4096
39868,u0,0,READ,0xd74000,4096
39870,u3,3,WRITE,0x30006300000,262144
39872,u1,1,WRITE,0x10000d77000,4096
39880,u0,0,WRITE,0xd75000,4096
39881,u1,1,WRITE,0x10000d78000,4096
39881,u2,2,READ,0x20006300000,262144
39892,u0,0,WRITE,0xd76000,4096
39895,u1,1,READ,0x10000d79000,4096
39901,u0,0,READ,0xd77000,4096
39905,u1,1,READ,0x10000d7a000,4096
39911,u0,0,WRITE,0xd78000,4096
39913,u1,1,READ,0x10000d7b000,4096
39921,u0,0,READ,0xd79000,4096
39924,u1,1,READ,0x10000d7c000,4096
39931,u0,0,WRITE,0xd7a000,4096
39939,u1,1,READ,0x10000d7d000,4096
39946,u0,0,WRITE,0xd7b000,4096
39952,u1,1,READ,0x10000d7e000,4096
39959,u0,0,WRITE,0xd7c000,4096
39960,u1,1,READ,0x10000d7f000,4096
39968,u2,2,WRITE,0x20006340000,262144
39972,u1,1,WRITE,0x10000d80000,4096
39974,u0,0,READ,0xd7d000,4096
39983,u3,3,READ,0x30006340000,262144
39986,u0,0,READ,0xd7e000,4096
39986,u1,1,READ,0x10000d81000,4096
39995,u0,0,READ,0xd7f000,4096
39997,u1,1,WRITE,0x10000d82000,4096
40003,u0,0,WRITE,0xd80000,4096
40009,u1,1,READ,0x10000d83000,4096
40016,u0,0,WRITE,0xd81000,4096
40022,u1,1,READ,0x10000d84000,4096
40031,u0,0,WRITE,0xd82000,4096
40036,u1,1,READ,0x10000d85000,4096
40042,u0,0,READ,0xd83000,4096
40046,u1,1,READ,0x10000d86000,4096
40050,u2,2,READ,0x20006380000,262144
40052,u0,0,READ,0xd84000,4096
40060,u1,1,READ,0x10000d87000,4096
40061,u0,0,READ,0xd85000,4096
40069,u1,1,WRITE,0x10000d88000,4096
40071,u0,0,READ,0xd86000,4096
40079,u0,0,WRITE,0xd87000,4096
40084,u1,1,READ,0x10000d89000,4096
40090,u0,0,READ,0xd88000,4096
40099,u1,1,WRITE,0x10000d8a000,4096
40099,u3,3,WRITE,0x30006380000,262144
40103,u0,0,READ,0xd89000,4096
40114,u0,0,READ,0xd8a000,4096
40114,u1,1,WRITE,0x10000d8b000,4096
40128,u1,1,WRITE,0x10000d8c000,4096
40129,u0,0,WRITE,0xd8b000,4096
40139,u1,1,WRITE,0x10000d8d000,4096
40141,u0,0,READ,0xd8c000,4096
40152,u0,0,WRITE,0xd8d000,4096
40153,u2,2,WRITE,0x200063c0000,262144
40154,u1,1,READ,0x10000d8e000,4096
40163,u0,0,READ,0xd8e000,4096
40163,u1,1,WRITE,0x10000d8f000,4096
40171,u1,1,READ,0x10000d90000,4096
40175,u0,0,WRITE,0xd8f000,4096
40186,u1,1,READ,0x10000d91000,4096
40190,u0,0,WRITE,0xd90000,4096
40200,u1,1,WRITE,0x10000d92000,4096
40201,u0,0,WRITE,0xd91000,4096
40204,u3,3,READ,0x300063c0000,262144
40210,u0,0,READ,0xd92000,4096
40211,u1,1,READ,0x10000d93000,4096
40221,u0,0,READ,0xd93000,4096
40224,u1,1,READ,0x10000d94000,4096
40233,u0,0,WRITE,0xd94000,4096
40239,u1,1,READ,0x10000d95000,4096
40247,u0,0,READ,0xd95000,4096
40253,u1,1,READ,0x10000d96000,4096
40260,u0,0,READ,0xd96000,4096
40263,u2,2,WRITE,0x20006400000,262144
40265,u1,1,READ,0x10000d97000,4096
40268,u0,0,READ,0xd97000,4096
40274,u1,1,READ,0x10000d98000,4096
40283,u0,0,WRITE,0xd98000,4096
40285,u1,1,READ,0x10000d99000,4096
40291,u0,0,READ,0xd99000,4096
40297,u1,1,WRITE,0x10000d9a000,4096
40302,u0,0,WRITE,0xd9a000,4096
40312,u1,1,READ,0x10000d9b000,4096
40315,u0,0,WRITE,0xd9b000,4096
40320,u3,3,READ,0x30006400000,262144
40325,u0,0,WRITE,0xd9c000,4096
40326,u1,1,READ,0x10000d9c000,4096
40337,u0,0,WRITE,0xd9d000,4096
40338,u1,1,WRITE,0x10000d9d000,4096
40346,u0,0,WRITE,0xd9e000,4096
40347,u1,1,WRITE,0x10000d9e000,4096
40350,u2,2,WRITE,0x20006440000,262144
40354,u0,0,WRITE,0xd9f000,4096
40361,u1,1,WRITE,0x10000d9f000,4096
40364,u0,0,WRITE,0xda0000,4096
40370,u1,1,READ,0x10000da0000,4096
40375,u0,0,WRITE,0xda1000,4096
40382,u1,1,READ,0x10000da1000,4096
40388,u0,0,READ,0xda2000,4096
40393,u1,1,WRITE,0x10000da2000,4096
40398,u0,0,WRITE,0xda3000,4096
40402,u3,3,READ,0x30006440000,262144
40408,u1,1,READ,0x10000da3000,4096
40410,u0,0,READ,0xda4000,4096
40420,u0,0,WRITE,0xda5000,4096
40423,u1,1,READ,0x10000da4000,4096
40434,u1,1,WRITE,0x10000da5000,4096
40435,u0,0,WRITE,0xda6000,4096
40446,u0,0,READ,0xda7000,4096
40447,u1,1,READ,0x10000da6000,4096
40457,u1,1,WRITE,0x10000da7000,4096
40458,u2,2,READ,0x20006480000,262144
40459,u0,0,READ,0xda8000,4096
40470,u1,1,READ,0x10000da8000,4096
40471,u0,0,READ,0xda9000,4096
40482,u0,0,READ,0xdaa000,4096
40483,u3,3,READ,0x30006480000,262144
40485,u1,1,READ,0x10000da9000,4096
40490,u0,0,READ,0xdab000,4096
40497,u1,1,WRITE,0x10000daa000,4096
40498,u0,0,READ,0xdac000,4096
40510,u1,1,WRITE,0x10000dab000,4096
40512,u0,0,WRITE,0xdad000,4096
40518,u1,1,READ,0x10000dac000,4096
40527,u0,0,READ,0xdae000,4096
40532,u1,1,READ,0x10000dad000,4096
40541,u0,0,READ,0xdaf000,4096
40542,u1,1,WRITE,0x10000dae000,4096
40552,u0,0,READ,0xdb0000,4096
40554,u1,1,WRITE,0x10000daf000,4096
40560,u2,2,WRITE,0x200064c0000,262144
40561,u0,0,WRITE,0xdb1000,4096
40567,u1,1,WRITE,0x10000db0000,4096
40570,u0,0,WRITE,0xdb2000,4096
40580,u1,1,READ,0x10000db1000,4096
40583,u0,0,READ,0xdb3000,4096
40590,u3,3,WRITE,0x300064c0000,262144
40592,u1,1,WRITE,0x10000db2000,4096
40594,u0,0,READ,0xdb4000,4096
40604,u1,1,WRITE,0x10000db3000,4096
40605,u0,0,READ,0xdb5000,4096
40614,u0,0,WRITE,0xdb6000,4096
40619,u1,1,WRITE,0x10000db4000,4096
40626,u0,0,WRITE,0xdb7000,4096
40632,u1,1,WRITE,0x10000db5000,4096
40637,u0,0,READ,0xdb8000,4096
40646,u0,0,WRITE,0xdb9000,4096
40647,u1,1,READ,0x10000db6000,4096
40654,u0,0,WRITE,0xdba000,4096
40658,u1,1,WRITE,0x10000db7000,4096
40665,u0,0,READ,0xdbb000,4096
40671,u1,1,READ,0x10000db8000,4096
40676,u0,0,READ,0xdbc000,4096
40679,u2,2,WRITE,0x20006500000,262144
40685,u0,0,WRITE,0xdbd000,4096
40685,u1,1,WRITE,0x10000db9000,4096
40695,u0,0,WRITE,0xdbe000,4096
40699,u1,1,READ,0x10000dba000,4096
40703,u0,0,READ,0xdbf000,4096
40705,u3,3,READ,0x30006500000,262144
40707,u1,1,READ,0x10000dbb000,4096
40716,u0,0,WRITE,0xdc0000,4096
40722,u1,1,READ,0x10000dbc000,4096
40724,u0,0,READ,0xdc1000,4096
40732,u1,1,READ,0x10000dbd000,4096
40733,u0,0,READ,0xdc2000,4096
40745,u0,0,READ,0xdc3000,4096
40746,u1,1,READ,0x10000dbe000,4096
40757,u0,0,READ,0xdc4000,4096
40760,u1,1,WRITE,0x10000dbf000,4096
40769,u1,1,WRITE,0x10000dc0000,4096
40770,u2,2,READ,0x20006540000,262144
40771,u0,0,WRITE,0xdc5000,4096
40782,u1,1,WRITE,0x10000dc1000,4096
40786,u0,0,READ,0xdc6000,4096
40793,u1,1,WRITE,0x10000dc2000,4096
40797,u3,3,WRITE,0x30006540000,262144
40799,u0,0,WRITE,0xdc7000,4096
40801,u1,1,READ,0x10000dc3000,4096
40809,u1,1,READ,0x10000dc4000,4096
40812,u0,0,READ,0xdc8000,4096
40822,u1,1,WRITE,0x10000dc5000,4096
40826,u0,0,WRITE,0xdc9000,4096
40836,u0,0,WRITE,0xdca000,4096
40837,u1,1,WRITE,0x10000dc6000,4096
40844,u0,0,READ,0xdcb000,4096
40850,u2,2,READ,0x20006580000,262144
40852,u1,1,WRITE,0x10000dc7000,4096
40855,u0,0,READ,0xdcc000,4096
40866,u1,1,WRITE,0x10000dc8000,4096
40870,u0,0,WRITE,0xdcd000,4096
40877,u1,1,WRITE,0x10000dc9000,4096
40879,u0,0,READ,0xdce000,4096
40885,u1,1,WRITE,0x10000dca000,4096
40891,u3,3,WRITE,0x30006580000,262144
40894,u0,0,WRITE,0xdcf000,4096
40894,u1,1,READ,0x10000dcb000,4096
40902,u0,0,WRITE,0xdd0000,4096
40905,u1,1,WRITE,0x10000dcc000,4096
40917,u0,0,WRITE,0xdd1000,4096
40919,u1,1,WRITE,0x10000dcd000,4096
40925,u0,0,WRITE,0xdd2000,4096
40927,u1,1,READ,0x10000dce000,4096
40938,u0,0,WRITE,0xdd3000,4096
40938,u2,2,READ,0x200065c0000,262144
40941,u1,1,WRITE,0x10000dcf000,4096
40950,u1,1,READ,0x10000dd0000,4096
40951,u0,0,READ,0xdd4000,4096
40958,u1,1,READ,0x10000dd1000,4096
40960,u0,0,WRITE,0xdd5000,4096
40966,u1,1,READ,0x10000dd2000,4096
40974,u0,0,WRITE,0xdd6000,4096
40980,u1,1,WRITE,0x10000dd3000,4096
40986,u0,0,READ,0xdd7000,4096
40989,u1,1,WRITE,0x10000dd4000,4096
40995,u3,3,WRITE,0x300065c0000,262144
41000,u0,0,READ,0xdd8000,4096
41002,u1,1,WRITE,0x10000dd5000,4096
41015,u0,0,WRITE,0xdd9000,4096
41015,u1,1,WRITE,0x10000dd6000,4096
41024,u0,0,WRITE,0xdda000,4096
41026,u1,1,WRITE,0x10000dd7000,4096
41029,u2,2,READ,0x20006600000,262144
41036,u1,1,WRITE,0x10000dd8000,4096
41039,u0,0,READ,0xddb000,4096
41048,u1,1,READ,0x10000dd9000,4096
41049,u0,0,READ,0xddc000,4096
41061,u1,1,WRITE,0x10000dda000,4096
41062,u0,0,READ,0xddd000,4096
41074,u1,1,READ,0x10000ddb000,4096
41075,u0,0,WRITE,0xdde000,4096
41084,u1,1,READ,0x10000ddc000,4096
41088,u0,0,WRITE,0xddf000,4096
41096,u1,1,WRITE,0x10000ddd000,4096
41101,u0,0,READ,0xde0000,4096
41108,u1,1,READ,0x10000dde000,4096
41111,u3,3,WRITE,0x30006600000,262144
41113,u0,0,READ,0xde1000,4096
41117,u1,1,READ,0x10000ddf000,4096
41123,u0,0,READ,0xde2000,4096
41130,u1,1,WRITE,0x10000de0000,4096
41137,u0,0,WRITE,0xde3000,4096
41137,u2,2,READ,0x20006640000,262144
41145,u1,1,READ,0x10000de1000,4096
41150,u0,0,WRITE,0xde4000,4096
41156,u1,1,READ,0x10000de2000,4096
41161,u0,0,READ,0xde5000,4096
41164,u1,1,READ,0x10000de3000,4096
41169,u0,0,READ,0xde6000,4096
41173,u1,1,READ,0x10000de4000,4096
41181,u0,0,WRITE,0xde7000,4096
41186,u1,1,WRITE,0x10000de5000,4096
41190,u0,0,READ,0xde8000,4096
41194,u1,1,READ,0x10000de6000,4096
41198,u0,0,READ,0xde9000,4096
41206,u0,0,READ,0xdea000,4096
41207,u1,1,WRITE,0x10000de7000,4096
41221,u0,0,READ,0xdeb000,4096
41221,u1,1,WRITE,0x10000de8000,4096
41225,u3,3,READ,0x30006640000,262144
41230,u0,0,WRITE,0xdec000,4096
41230,u1,1,READ,0x10000de9000,4096
41241,u2,2,READ,0x20006680000,262144
41242,u0,0,WRITE,0xded000,4096
41244,u1,1,WRITE,0x10000dea000,4096
41255,u0,0,READ,0xdee000,4096
41255,u1,1,READ,0x10000deb000,4096
41264,u1,1,WRITE,0x10000dec000,4096
41267,u0,0,READ,0xdef000,4096
41273,u1,1,WRITE,0x10000ded000,4096
41275,u0,0,READ,0xdf0000,4096
41287,u0,0,READ,0xdf1000,4096
41288,u1,1,READ,0x10000dee000,4096
41297,u1,1,READ,0x10000def000,4096
41299,u0,0,WRITE,0xdf2000,4096
41307,u3,3,READ,0x30006680000,262144
41308,u1,1,WRITE,0x10000df0000,4096
41311,u0,0,WRITE,0xdf3000,4096
41322,u1,1,WRITE,0x10000df1000,4096
41323,u0,0,WRITE,0xdf4000,4096
41333,u1,1,WRITE,0x10000df2000,4096
41334,u2,2,WRITE,0x200066c0000,262144
41337,u0,0,WRITE,0xdf5000,4096
41343,u1,1,READ,0x10000df3000,4096
41348,u0,0,READ,0xdf6000,4096
41356,u1,1,READ,0x10000df4000,4096
41363,u0,0,READ,0xdf7000,4096
41371,u1,1,WRITE,0x10000df5000,4096
41376,u0,0,READ,0xdf8000,4096
41385,u1,1,READ,0x10000df6000,4096
41388,u0,0,WRITE,0xdf9000,4096
41396,u1,1,READ,0x10000df7000,4096
41398,u0,0,WRITE,0xdfa000,4096
41406,u1,1,WRITE,0x10000df8000,4096
41411,u3,3,WRITE,0x300066c0000,262144
41412,u0,0,READ,0xdfb000,4096
41414,u1,1,READ,0x10000df9000,4096
41423,u1,1,WRITE,0x10000dfa000,4096
41425,u0,0,READ,0xdfc000,4096
41426,u2,2,WRITE,0x20006700000,262144
41431,u1,1,READ,0x10000dfb000,4096
41433,u0,0,READ,0xdfd000,4096
41439,u1,1,WRITE,0x10000dfc000,4096
41444,u0,0,WRITE,0xdfe000,4096
41450,u1,1,WRITE,0x10000dfd000,4096
41459,u0,0,WRITE,0xdff000,4096
41459,u1,1,READ,0x10000dfe000,4096
41468,u0,0,READ,0xe00000,4096
41473,u1,1,READ,0x10000dff000,4096
41477,u0,0,READ,0xe01000,4096
41486,u0,0,WRITE,0xe02000,4096
41486,u1,1,WRITE,0x10000e00000,4096
41500,u0,0,READ,0xe03000,4096
41500,u1,1,READ,0x10000e01000,4096
41509,u1,1,WRITE,0x10000e02000,4096
41513,u0,0,READ,0xe04000,4096
41521,u1,1,READ,0x10000e03000,4096
41522,u0,0,READ,0xe05000,4096
41525,u3,3,WRITE,0x30006700000,262144
41528,u2,2,WRITE,0x20006740000,262144
41529,u1,1,WRITE,0x10000e04000,4096
41535,u0,0,WRITE,0xe06000,4096
41540,u1,1,WRITE,0x10000e05000,4096
41547,u0,0,READ,0xe07000,4096
41554,u1,1,READ,0x10000e06000,4096
41560,u0,0,WRITE,0xe08000,4096
41566,u1,1,READ,0x10000e07000,4096
41575,u0,0,WRITE,0xe09000,4096
41576,u1,1,WRITE,0x10000e08000,4096
41584,u0,0,WRITE,0xe0a000,4096
41584,u1,1,WRITE,0x10000e09000,4096
41596,u0,0,READ,0xe0b000,4096
41597,u1,1,READ,0x10000e0a000,4096
41610,u0,0,WRITE,0xe0c000,4096
41612,u1,1,READ,0x10000e0b000,4096
41621,u3,3,READ,0x30006740000,262144
41625,u0,0,WRITE,0xe0d000,4096
41627,u1,1,READ,0x10000e0c000,4096
41640,u0,0,WRITE,0xe0e000,4096
41641,u1,1,READ,0x10000e0d000,4096
41646,u2,2,WRITE,0x20006780000,262144
41652,u1,1,READ,0x10000e0e000,4096
41654,u0,0,WRITE,0xe0f000,4096
41660,u1,1,WRITE,0x10000e0f000,4096
41663,u0,0,WRITE,0xe10000,4096
41674,u0,0,WRITE,0xe11000,4096
41674,u1,1,WRITE,0x10000e10000,4096
41684,u0,0,WRITE,0xe12000,4096
41686,u1,1,READ,0x10000e11000,4096
41693,u0,0,WRITE,0xe13000,4096
41700,u1,1,WRITE,0x10000e12000,4096
41707,u0,0,READ,0xe14000,4096
41713,u1,1,READ,0x10000e13000,4096
41717,u0,0,READ,0xe15000,4096
41718,u3,3,WRITE,0x30006780000,262144
41722,u1,1,READ,0x10000e14000,4096
41731,u0,0,READ,0xe16000,4096
41733,u1,1,WRITE,0x10000e15000,4096
41741,u1,1,READ,0x10000e16000,4096
41743,u0,0,WRITE,0xe17000,4096
41754,u1,1,WRITE,0x10000e17000,4096
41754,u2,2,WRITE,0x200067c0000,262144
41755,u0,0,READ,0xe18000,4096
41768,u1,1,WRITE,0x10000e18000,4096
41769,u0,0,READ,0xe19000,4096
41779,u0,0,READ,0xe1a000,4096
41781,u1,1,READ,0x10000e19000,4096
41791,u0,0,READ,0xe1b000,4096
41794,u1,1,WRITE,0x10000e1a000,4096
41802,u0,0,READ,0xe1c000,4096
41805,u3,3,WRITE,0x300067c0000,262144
41807,u1,1,WRITE,0x10000e1b000,4096
41811,u0,0,WRITE,0xe1d000,4096
41822,u0,0,WRITE,0xe1e000,4096
41822,u1,1,READ,0x10000e1c000,4096
41832,u0,0,READ,0xe1f000,4096
41837,u1,1,WRITE,0x10000e1d000,4096
41844,u0,0,WRITE,0xe20000,4096
41844,u2,2,WRITE,0x20006800000,262144
41848,u1,1,WRITE,0x10000e1e000,4096
41854,u0,0,WRITE,0xe21000,4096
41863,u1,1,WRITE,0x10000e1f000,4096
41869,u0,0,WRITE,0xe22000,4096
41874,u1,1,WRITE,0x10000e20000,4096
41882,u0,0,WRITE,0xe23000,4096
41886,u1,1,READ,0x10000e21000,4096
41890,u3,3,READ,0x30006800000,262144
41891,u0,0,WRITE,0xe24000,4096
41897,u1,1,READ,0x10000e22000,4096
41903,u0,0,WRITE,0xe25000,4096
41905,u1,1,WRITE,0x10000e23000,4096
41915,u0,0,WRITE,0xe26000,4096
41918,u1,1,WRITE,0x10000e24000,4096
41927,u0,0,READ,0xe27000,4096
41927,u1,1,WRITE,0x10000e25000,4096
41928,u2,2,READ,0x20006840000,262144
41935,u0,0,WRITE,0xe28000,4096
41941,u1,1,WRITE,0x10000e26000,4096
41947,u0,0,READ,0xe29000,4096
41949,u1,1,WRITE,0x10000e27000,4096
41957,u1,1,READ,0x10000e28000,4096
41959,u0,0,WRITE,0xe2a000,4096
41970,u0,0,WRITE,0xe2b000,4096
41971,u1,1,WRITE,0x10000e29000,4096
41980,u0,0,WRITE,0xe2c000,4096
41983,u1,1,READ,0x10000e2a000,4096
41991,u3,3,READ,0x30006840000,262144
41992,u0,0,WRITE,0xe2d000,4096
41995,u1,1,READ,0x10000e2b000,4096
42006,u1,1,READ,0x10000e2c000,4096
42007,u0,0,WRITE,0xe2e000,4096
42015,u1,1,READ,0x10000e2d000,4096
42016,u2,2,WRITE,0x20006880000,262144
42022,u0,0,WRITE,0xe2f000,4096
42023,u1,1,READ,0x10000e2e000,4096
42037,u0,0,READ,0xe30000,4096
42037,u1,1,WRITE,0x10000e2f000,4096
42047,u1,1,READ,0x10000e30000,4096
42052,u0,0,READ,0xe31000,4096
42062,u1,1,READ,0x10000e31000,4096
42064,u0,0,WRITE,0xe32000,4096
42071,u1,1,WRITE,0x10000e32000,4096
42079,u0,0,WRITE,0xe33000,4096
42081,u3,3,READ,0x30006880000,262144
42082,u1,1,READ,0x10000e33000,4096
42093,u1,1,READ,0x10000e34000,4096
42094,u0,0,WRITE,0xe34000,4096
42105,u1,1,READ,0x10000e35000,4096
42107,u0,0,READ,0xe35000,4096
42115,u1,1,READ,0x10000e36000,4096
42117,u0,0,READ,0xe36000,4096
42123,u1,1,READ,0x10000e37000,4096
42126,u0,0,WRITE,0xe37000,4096
42135,u2,2,READ,0x200068c0000,262144
42137,u1,1,READ,0x10000e38000,4096
42141,u0,0,READ,0xe38000,4096
42148,u1,1,WRITE,0x10000e39000,4096
42151,u0,0,WRITE,0xe39000,4096
42158,u1,1,WRITE,0x10000e3a000,4096
42166,u0,0,READ,0xe3a000,4096
42170,u1,1,WRITE,0x10000e3b000,4096
42172,u3,3,READ,0x300068c0000,262144
42180,u0,0,WRITE,0xe3b000,4096
42183,u1,1,READ,0x10000e3c000,4096
42194,u0,0,READ,0xe3c000,4096
42197,u1,1,WRITE,0x10000e3d000,4096
42208,u0,0,WRITE,0xe3d000,4096
42211,u1,1,READ,0x10000e3e000,4096
42215,u2,2,WRITE,0x20006900000,262144
42217,u0,0,WRITE,0xe3e000,4096
42219,u1,1,WRITE,0x10000e3f000,4096
42228,u0,0,WRITE,0xe3f000,4096
42232,u1,1,WRITE,0x10000e40000,4096
42238,u0,0,READ,0xe40000,4096
42240,u1,1,READ,0x10000e41000,4096
42250,u0,0,READ,0xe41000,4096
42253,u1,1,WRITE,0x10000e42000,4096
42261,u0,0,READ,0xe42000,4096
42266,u1,1,WRITE,0x10000e43000,4096
42275,u0,0,WRITE,0xe43000,4096
42277,u1,1,WRITE,0x10000e44000,4096
42281,u3,3,READ,0x30006900000,262144
42290,u0,0,WRITE,0xe44000,4096
42290,u1,1,READ,0x10000e45000,4096
42298,u0,0,WRITE,0xe45000,4096
42303,u1,1,WRITE,0x10000e46000,4096
42311,u0,0,READ,0xe46000,4096
42311,u1,1,WRITE,0x10000e47000,4096
42324,u1,1,READ,0x10000e48000,4096
42326,u0,0,READ,0xe47000,4096
42334,u2,2,WRITE,0x20006940000,262144
42335,u0,0,READ,0xe48000,4096
42337,u1,1,READ,0x10000e49000,4096
42346,u1,1,WRITE,0x10000e4a000,4096
42348,u0,0,WRITE,0xe49000,4096
42354,u1,1,WRITE,0x10000e4b000,4096
42362,u0,0,WRITE,0xe4a000,4096
42367,u3,3,WRITE,0x30006940000,262144
42369,u1,1,WRITE,0x10000e4c000,4096
42373,u0,0,WRITE,0xe4b000,4096
42381,u1,1,WRITE,0x10000e4d000,4096
42387,u0,0,READ,0xe4c000,4096
42390,u1,1,WRITE,0x10000e4e000,4096
42399,u0,0,WRITE,0xe4d000,4096
42399,u1,1,READ,0x10000e4f000,4096
42408,u1,1,WRITE,0x10000e50000,4096
42414,u0,0,READ,0xe4e000,4096
42420,u1,1,READ,0x10000e51000,4096
42429,u0,0,WRITE,0xe4f000,4096
42429,u1,1,WRITE,0x10000e52000,4096
42438,u0,0,READ,0xe50000,4096
42442,u1,1,READ,0x10000e53000,4096
42449,u3,3,WRITE,0x30006980000,262144
42451,u0,0,WRITE,0xe51000,4096
42451,u2,2,READ,0x20006980000,262144
42457,u1,1,READ,0x10000e54000,4096
42465,u1,1,WRITE,0x10000e55000,4096
42466,u0,0,WRITE,0xe52000,4096
42474,u0,0,READ,0xe53000,4096
42479,u1,1,WRITE,0x10000e56000,4096
42487,u0,0,WRITE,0xe54000,4096
42493,u1,1,WRITE,0x10000e57000,4096
42495,u0,0,WRITE,0xe55000,4096
42507,u1,1,READ,0x10000e58000,4096
42508,u0,0,READ,0xe56000,4096
42520,u0,0,READ,0xe57000,4096
42520,u1,1,READ,0x10000e59000,4096
42532,u0,0,READ,0xe58000,4096
42533,u1,1,WRITE,0x10000e5a000,4096
42534,u2,2,READ,0x200069c0000,262144
42537,u3,3,READ,0x300069c0000,262144
42544,u1,1,WRITE,0x10000e5b000,4096
42545,u0,0,READ,0xe59000,4096
42558,u0,0,READ,0xe5a000,4096
42558,u1,1,READ,0x10000e5c000,4096
42572,u0,0,WRITE,0xe5b000,4096
42573,u1,1,READ,0x10000e5d000,4096
42583,u0,0,READ,0xe5c000,4096
42586,u1,1,WRITE,0x10000e5e000,4096
42595,u0,0,WRITE,0xe5d000,4096
42599,u1,1,WRITE,0x10000e5f000,4096
42607,u0,0,READ,0xe5e000,4096
42607,u1,1,READ,0x10000e60000,4096
42618,u1,1,READ,0x10000e61000,4096
42620,u0,0,WRITE,0xe5f000,4096
42628,u1,1,READ,0x10000e62000,4096
42635,u0,0,READ,0xe60000,4096
42636,u3,3,READ,0x30006a00000,262144
42637,u1,1,WRITE,0x10000e63000,4096
42644,u2,2,READ,0x20006a00000,262144
42647,u1,1,READ,0x10000e64000,4096
42649,u0,0,READ,0xe61000,4096
42661,u1,1,WRITE,0x10000e65000,4096
42662,u0,0,WRITE,0xe62000,4096
42672,u0,0,READ,0xe63000,4096
42673,u1,1,WRITE,0x10000e66000,4096
42682,u1,1,WRITE,0x10000e67000,4096
42685,u0,0,READ,0xe64000,4096
42696,u1,1,READ,0x10000e68000,4096
42698,u0,0,WRITE,0xe65000,4096
42706,u0,0,WRITE,0xe66000,4096
42710,u1,1,WRITE,0x10000e69000,4096
42716,u0,0,READ,0xe67000,4096
42721,u1,1,READ,0x10000e6a000,4096
42730,u3,3,READ,0x30006a40000,262144
42731,u0,0,READ,0xe68000,4096
42734,u1,1,WRITE,0x10000e6b000,4096
42740,u2,2,READ,0x20006a40000,262144
42741,u0,0,READ,0xe69000,4096
42742,u1,1,WRITE,0x10000e6c000,4096
42753,u1,1,READ,0x10000e6d000,4096
42754,u0,0,WRITE,0xe6a000,4096
42766,u1,1,READ,0x10000e6e000,4096
42769,u0,0,READ,0xe6b000,4096
42777,u1,1,READ,0x10000e6f000,4096
42781,u0,0,WRITE,0xe6c000,4096
42788,u1,1,READ,0x10000e70000,4096
42791,u0,0,WRITE,0xe6d000,4096
42797,u1,1,WRITE,0x10000e71000,4096
42805,u0,0,WRITE,0xe6e000,4096
42812,u1,1,WRITE,0x10000e72000,4096
42813,u0,0,READ,0xe6f000,4096
42820,u3,3,WRITE,0x30006a80000,262144
42822,u1,1,READ,0x10000e73000,4096
42827,u0,0,WRITE,0xe70000,4096
42834,u1,1,READ,0x10000e74000,4096
42835,u0,0,WRITE,0xe71000,4096
42845,u0,0,WRITE,0xe72000,4096
42846,u1,1,READ,0x10000e75000,4096
42857,u1,1,READ,0x10000e76000,4096
42859,u0,0,WRITE,0xe73000,4096
42860,u2,2,WRITE,0x20006a80000,262144
42867,u1,1,READ,0x10000e77000,4096
42871,u0,0,READ,0xe74000,4096
42876,u1,1,READ,0x10000e78000,4096
42881,u0,0,WRITE,0xe75000,4096
42890,u1,1,READ,0x10000e79000,4096
42893,u0,0,READ,0xe76000,4096
42904,u1,1,WRITE,0x10000e7a000,4096
42906,u0,0,READ,0xe77000,4096
42914,u1,1,READ,0x10000e7b000,4096
42921,u0,0,WRITE,0xe78000,4096
42927,u1,1,WRITE,0x10000e7c000,4096
42930,u3,3,WRITE,0x30006ac0000,262144
42935,u0,0,WRITE,0xe79000,4096
42939,u1,1,WRITE,0x10000e7d000,4096
42947,u2,2,WRITE,0x20006ac0000,262144
42948,u1,1,READ,0x10000e7e000,4096
42949,u0,0,READ,0xe7a000,4096
42961,u1,1,WRITE,0x10000e7f000,4096
42964,u0,0,READ,0xe7b000,4096
42976,u1,1,READ,0x10000e80000,4096
42979,u0,0,WRITE,0xe7c000,4096
42991,u0,0,READ,0xe7d000,4096
42991,u1,1,READ,0x10000e81000,4096
43003,u1,1,READ,0x10000e82000,4096
43006,u0,0,READ,0xe7e000,4096
43018,u0,0,WRITE,0xe7f000,4096
43018,u1,1,READ,0x10000e83000,4096
43021,u3,3,READ,0x30006b00000,262144
43027,u0,0,WRITE,0xe80000,4096
43032,u2,2,READ,0x20006b00000,262144
43033,u1,1,READ,0x10000e84000,4096
43041,u0,0,READ,0xe81000,4096
43047,u1,1,READ,0x10000e85000,4096
43055,u0,0,WRITE,0xe82000,4096
43062,u1,1,READ,0x10000e86000,4096
43063,u0,0,WRITE,0xe83000,4096
43075,u1,1,READ,0x10000e87000,4096
43078,u0,0,WRITE,0xe84000,4096
43083,u1,1,READ,0x10000e88000,4096
43091,u0,0,WRITE,0xe85000,4096
43094,u1,1,WRITE,0x10000e89000,4096
43104,u0,0,READ,0xe86000,4096
43106,u1,1,READ,0x10000e8a000,4096
43115,u1,1,READ,0x10000e8b000,4096
43118,u0,0,WRITE,0xe87000,4096
43123,u1,1,WRITE,0x10000e8c000,4096
43124,u3,3,READ,0x30006b40000,262144
43127,u2,2,READ,0x20006b40000,262144
43131,u0,0,READ,0xe88000,4096
43135,u1,1,READ,0x10000e8d000,4096
43144,u1,1,WRITE,0x10000e8e000,4096
43146,u0,0,WRITE,0xe89000,4096
43154,u1,1,READ,0x10000e8f000,4096
43161,u0,0,WRITE,0xe8a000,4096
43167,u1,1,WRITE,0x10000e90000,4096
43171,u0,0,READ,0xe8b000,4096
43181,u1,1,READ,0x10000e91000,4096
43186,u0,0,WRITE,0xe8c000,4096
43193,u1,1,READ,0x10000e92000,4096
43194,u0,0,WRITE,0xe8d000,4096
43205,u0,0,READ,0xe8e000,4096
43207,u1,1,WRITE,0x10000e93000,4096
43211,u2,2,READ,0x20006b80000,262144
43216,u1,1,WRITE,0x10000e94000,4096
43217,u0,0,WRITE,0xe8f000,4096
43224,u1,1,WRITE,0x10000e95000,4096
43225,u0,0,READ,0xe90000,4096
43226,u3,3,WRITE,0x30006b80000,262144
43238,u1,1,READ,0x10000e96000,4096
43240,u0,0,READ,0xe91000,4096
43247,u1,1,READ,0x10000e97000,4096
43250,u0,0,WRITE,0xe92000,4096
43260,u1,1,READ,0x10000e98000,4096
43264,u0,0,WRITE,0xe93000,4096
43271,u1,1,READ,0x10000e99000,4096
43274,u0,0,WRITE,0xe94000,4096
43284,u1,1,WRITE,0x10000e9a000,4096
43286,u0,0,WRITE,0xe95000,4096
43292,u1,1,READ,0x10000e9b000,4096
43295,u0,0,WRITE,0xe96000,4096
43298,u2,2,READ,0x20006bc0000,262144
43304,u0,0,WRITE,0xe97000,4096
43305,u1,1,READ,0x10000e9c000,4096
43314,u1,1,READ,0x10000e9d000,4096
43316,u3,3,READ,0x30006bc0000,262144
43317,u0,0,WRITE,0xe98000,4096
43323,u1,1,READ,0x10000e9e000,4096
43326,u0,0,READ,0xe99000,4096
43335,u1,1,WRITE,0x10000e9f000,4096
43336,u0,0,WRITE,0xe9a000,4096
43348,u0,0,READ,0xe9b000,4096
43348,u1,1,WRITE,0x10000ea0000,4096
43359,u1,1,READ,0x10000ea1000,4096
43360,u0,0,READ,0xe9c000,4096
43369,u0,0,WRITE,0xe9d000,4096
43373,u1,1,WRITE,0x10000ea2000,4096
43379,u0,0,WRITE,0xe9e000,4096
43385,u1,1,READ,0x10000ea3000,4096
43388,u0,0,READ,0xe9f000,4096
43394,u1,1,READ,0x10000ea4000,4096
43394,u2,2,READ,0x20006c00000,262144
43401,u0,0,WRITE,0xea0000,4096
43403,u1,1,WRITE,0x10000ea5000,4096
43405,u3,3,READ,0x30006c00000,262144
43410,u0,0,WRITE,0xea1000,4096
43412,u1,1,READ,0x10000ea6000,4096
43420,u0,0,READ,0xea2000,4096
43420,u1,1,READ,0x10000ea7000,4096
43431,u0,0,WRITE,0xea3000,4096
43433,u1,1,READ,0x10000ea8000,4096
43439,u0,0,WRITE,0xea4000,4096
43442,u1,1,WRITE,0x10000ea9000,4096
43453,u0,0,WRITE,0xea5000,4096
43454,u1,1,WRITE,0x10000eaa000,4096
43463,u1,1,READ,0x10000eab000,4096
43467,u0,0,WRITE,0xea6000,4096
43476,u1,1,READ,0x10000eac000,4096
43477,u2,2,WRITE,0x20006c40000,262144
43479,u0,0,READ,0xea7000,4096
43489,u1,1,READ,0x10000ead000,4096
43491,u0,0,WRITE,0xea8000,4096
43492,u3,3,WRITE,0x30006c40000,262144
43500,u1,1,WRITE,0x10000eae000,4096
43502,u0,0,WRITE,0xea9000,4096
43511,u1,1,READ,0x10000eaf000,4096
43515,u0,0,WRITE,0xeaa000,4096
43519,u1,1,WRITE,0x10000eb0000,4096
43527,u0,0,WRITE,0xeab000,4096
43534,u1,1,READ,0x10000eb1000,4096
43539,u0,0,READ,0xeac000,4096
43548,u1,1,READ,0x10000eb2000,4096
43554,u0,0,WRITE,0xead000,4096
43557,u1,1,WRITE,0x10000eb3000,4096
43565,u0,0,READ,0xeae000,4096
43565,u1,1,WRITE,0x10000eb4000,4096
43568,u2,2,WRITE,0x20006c80000,262144
43576,u1,1,WRITE,0x10000eb5000,4096
43578,u0,0,READ,0xeaf000,4096
43585,u1,1,READ,0x10000eb6000,4096
43586,u3,3,READ,0x30006c80000,262144
43589,u0,0,READ,0xeb0000,4096
43597,u1,1,WRITE,0x10000eb7000,4096
43599,u0,0,WRITE,0xeb1000,4096
43612,u1,1,WRITE,0x10000eb8000,4096
43614,u0,0,WRITE,0xeb2000,4096
43623,u0,0,WRITE,0xeb3000,4096
43623,u1,1,WRITE,0x10000eb9000,4096
43631,u1,1,WRITE,0x10000eba000,4096
43634,u0,0,WRITE,0xeb4000,4096
43639,u1,1,READ,0x10000ebb000,4096
43647,u1,1,WRITE,0x10000ebc000,4096
43648,u0,0,READ,0xeb5000,4096
43650,u2,2,READ,0x20006cc0000,262144
43656,u0,0,WRITE,0xeb6000,4096
43661,u1,1,READ,0x10000ebd000,4096
43669,u0,0,READ,0xeb7000,4096
43674,u1,1,READ,0x10000ebe000,4096
43679,u0,0,READ,0xeb8000,4096
43682,u1,1,WRITE,0x10000ebf000,4096
43689,u0,0,READ,0xeb9000,4096
43690,u3,3,READ,0x30006cc0000,262144
43696,u1,1,WRITE,0x10000ec0000,4096
43701,u0,0,WRITE,0xeba000,4096
43708,u1,1,READ,0x10000ec1000,4096
43712,u0,0,WRITE,0xebb000,4096
43717,u1,1,WRITE,0x10000ec2000,4096
43722,u0,0,READ,0xebc000,4096
43725,u1,1,WRITE,0x10000ec3000,4096
43737,u0,0,WRITE,0xebd000,4096
43740,u1,1,READ,0x10000ec4000,4096
43748,u1,1,READ,0x10000ec5000,4096
43751,u2,2,WRITE,0x20006d00000,262144
43752,u0,0,WRITE,0xebe000,4096
43763,u0,0,WRITE,0xebf000,4096
43763,u1,1,WRITE,0x10000ec6000,4096
43775,u0,0,WRITE,0xec0000,4096
43777,u1,1,READ,0x10000ec7000,4096
43784,u0,0,WRITE,0xec1000,4096
43784,u3,3,WRITE,0x30006d00000,262144
43787,u1,1,WRITE,0x10000ec8000,4096
43798,u0,0,READ,0xec2000,4096
43802,u1,1,READ,0x10000ec9000,4096
43813,u0,0,READ,0xec3000,4096
43813,u1,1,WRITE,0x10000eca000,4096
43824,u1,1,WRITE,0x10000ecb000,4096
43828,u0,0,WRITE,0xec4000,4096
43837,u1,1,READ,0x10000ecc000,4096
43842,u0,0,WRITE,0xec5000,4096
43848,u1,1,READ,0x10000ecd000,4096
43851,u0,0,READ,0xec6000,4096
43857,u2,2,WRITE,0x20006d40000,262144
43859,u0,0,READ,0xec7000,4096
43862,u1,1,WRITE,0x10000ece000,4096
43869,u0,0,WRITE,0xec8000,4096
43875,u1,1,WRITE,0x10000ecf000,4096
43883,u0,0,READ,0xec9000,4096
43887,u1,1,READ,0x10000ed0000,4096
43890,u3,3,READ,0x30006d40000,262144
43895,u0,0,READ,0xeca000,4096
43900,u1,1,READ,0x10000ed1000,4096
43908,u0,0,READ,0xecb000,4096
43910,u1,1,READ,0x10000ed2000,4096
43917,u0,0,WRITE,0xecc000,4096
43923,u1,1,READ,0x10000ed3000,4096
43925,u0,0,READ,0xecd000,4096
43934,u1,1,READ,0x10000ed4000,4096
43937,u0,0,READ,0xece000,4096
43946,u0,0,WRITE,0xecf000,4096
43947,u1,1,WRITE,0x10000ed5000,4096
43954,u0,0,READ,0xed0000,4096
43962,u1,1,WRITE,0x10000ed6000,4096
43962,u2,2,WRITE,0x20006d80000,262144
43963,u0,0,WRITE,0xed1000,4096
43973,u0,0,WRITE,0xed2000,4096
43974,u1,1,WRITE,0x10000ed7000,4096
43983,u1,1,READ,0x10000ed8000,4096
43985,u0,0,READ,0xed3000,4096
43993,u3,3,WRITE,0x30006d80000,262144
43996,u0,0,READ,0xed4000,4096
43996,u1,1,WRITE,0x10000ed9000,4096
44006,u0,0,READ,0xed5000,4096
44010,u1,1,READ,0x10000eda000,4096
44021,u0,0,WRITE,0xed6000,4096
44024,u1,1,READ,0x10000edb000,4096
44030,u0,0,READ,0xed7000,4096
44038,u1,1,WRITE,0x10000edc000,4096
44044,u0,0,READ,0xed8000,4096
44046,u1,1,WRITE,0x10000edd000,4096
44047,u2,2,READ,0x20006dc0000,262144
44057,u0,0,READ,0xed9000,4096
44061,u1,1,READ,0x10000ede000,4096
44066,u0,0,WRITE,0xeda000,4096
44073,u1,1,WRITE,0x10000edf000,4096
44079,u0,0,READ,0xedb000,4096
44086,u1,1,READ,0x10000ee0000,4096
44088,u0,0,WRITE,0xedc000,4096
44096,u0,0,WRITE,0xedd000,4096
44097,u1,1,READ,0x10000ee1000,4096
44101,u3,3,READ,0x30006dc0000,262144
44109,u0,0,WRITE,0xede000,4096
44111,u1,1,READ,0x10000ee2000,4096
44120,u1,1,WRITE,0x10000ee3000,4096
44122,u0,0,READ,0xedf000,4096
44129,u1,1,WRITE,0x10000ee4000,4096
44133,u0,0,WRITE,0xee0000,4096
44142,u0,0,WRITE,0xee1000,4096
44143,u1,1,READ,0x10000ee5000,4096
44155,u1,1,WRITE,0x10000ee6000,4096
44157,u0,0,READ,0xee2000,4096
44162,u2,2,WRITE,0x20006e00000,262144
44165,u0,0,WRITE,0xee3000,4096
44165,u1,1,WRITE,0x10000ee7000,4096
44174,u0,0,WRITE,0xee4000,4096
44177,u1,1,WRITE,0x10000ee8000,4096
44187,u1,1,READ,0x10000ee9000,4096
44189,u0,0,READ,0xee5000,4096
44195,u1,1,READ,0x10000eea000,4096
44200,u0,0,READ,0xee6000,4096
44205,u1,1,READ,0x10000eeb000,4096
44209,u3,3,READ,0x30006e00000,262144
44215,u0,0,READ,0xee7000,4096
44217,u1,1,READ,0x10000eec000,4096
44223,u0,0,WRITE,0xee8000,4096
44232,u1,1,WRITE,0x10000eed000,4096
44234,u0,0,READ,0xee9000,4096
44243,u0,0,WRITE,0xeea000,4096
44243,u1,1,WRITE,0x10000eee000,4096
44256,u1,1,WRITE,0x10000eef000,4096
44258,u0,0,READ,0xeeb000,4096
44264,u2,2,READ,0x20006e40000,262144
44268,u1,1,READ,0x10000ef0000,4096
44269,u0,0,READ,0xeec000,4096
44278,u1,1,READ,0x10000ef1000,4096
44284,u0,0,WRITE,0xeed000,4096
44287,u1,1,WRITE,0x10000ef2000,4096
44292,u0,0,READ,0xeee000,4096
44299,u1,1,WRITE,0x10000ef3000,4096
44300,u0,0,READ,0xeef000,4096
44312,u0,0,WRITE,0xef0000,4096
44312,u1,1,READ,0x10000ef4000,4096
44324,u1,1,WRITE,0x10000ef5000,4096
44325,u3,3,WRITE,0x30006e40000,262144
44326,u0,0,READ,0xef1000,4096
44336,u0,0,WRITE,0xef2000,4096
44339,u1,1,READ,0x10000ef6000,4096
44346,u0,0,WRITE,0xef3000,4096
44352,u1,1,READ,0x10000ef7000,4096
44358,u0,0,READ,0xef4000,4096
44362,u1,1,WRITE,0x10000ef8000,4096
44366,u0,0,READ,0xef5000,4096
44375,u1,1,WRITE,0x10000ef9000,4096
44377,u0,0,WRITE,0xef6000,4096
44384,u2,2,READ,0x20006e80000,262144
44386,u1,1,WRITE,0x10000efa000,4096
44390,u0,0,READ,0xef7000,4096
44400,u1,1,READ,0x10000efb000,4096
44404,u0,0,WRITE,0xef8000,4096
44412,u0,0,READ,0xef9000,4096
44414,u1,1,READ,0x10000efc000,4096
44422,u3,3,READ,0x30006e80000,262144
44425,u0,0,WRITE,0xefa000,4096
44429,u1,1,READ,0x10000efd000,4096
44437,u0,0,READ,0xefb000,4096
44438,u1,1,WRITE,0x10000efe000,4096
44445,u0,0,WRITE,0xefc000,4096
44447,u1,1,READ,0x10000eff000,4096
44456,u1,1,READ,0x10000f00000,4096
44460,u0,0,READ,0xefd000,4096
44468,u0,0,WRITE,0xefe000,4096
44471,u1,1,READ,0x10000f01000,4096
44476,u0,0,WRITE,0xeff000,4096
44482,u1,1,WRITE,0x10000f02000,4096
44489,u0,0,READ,0xf00000,4096
44493,u2,2,WRITE,0x20006ec0000,262144
44494,u1,1,READ,0x10000f03000,4096
44502,u0,0,WRITE,0xf01000,4096
44506,u1,1,READ,0x10000f04000,4096
44511,u0,0,WRITE,0xf02000,4096
44517,u1,1,WRITE,0x10000f05000,4096
44524,u0,0,WRITE,0xf03000,4096
44524,u3,3,READ,0x30006ec0000,262144
44530,u1,1,READ,0x10000f06000,4096
44538,u0,0,READ,0xf04000,4096
44543,u1,1,WRITE,0x10000f07000,4096
44548,u0,0,READ,0xf05000,4096
44558,u1,1,READ,0x10000f08000,4096
44559,u0,0,WRITE,0xf06000,4096
44569,u1,1,WRITE,0x10000f09000,4096
44571,u0,0,WRITE,0xf07000,4096
44580,u1,1,WRITE,0x10000f0a000,4096
44586,u0,0,WRITE,0xf08000,4096
44590,u1,1,READ,0x10000f0b000,4096
44600,u0,0,READ,0xf09000,4096
44603,u1,1,WRITE,0x10000f0c000,4096
44606,u2,2,READ,0x20006f00000,262144
44613,u0,0,READ,0xf0a000,4096
44614,u1,1,READ,0x10000f0d000,4096
44623,u3,3,WRITE,0x30006f00000,262144
44625,u1,1,WRITE,0x10000f0e000,4096
44626,u0,0,READ,0xf0b000,4096
44636,u1,1,WRITE,0x10000f0f000,4096
44639,u0,0,READ,0xf0c000,4096
44647,u0,0,WRITE,0xf0d000,4096
44649,u1,1,READ,0x10000f10000,4096
44657,u0,0,READ,0xf0e000,4096
44658,u1,1,READ,0x10000f11000,4096
44671,u0,0,WRITE,0xf0f000,4096
44673,u1,1,READ,0x10000f12000,4096
44679,u0,0,READ,0xf10000,4096
44685,u1,1,WRITE,0x10000f13000,4096
44691,u0,0,WRITE,0xf11000,4096
44699,u1,1,WRITE,0x10000f14000,4096
44705,u0,0,WRITE,0xf12000,4096
44707,u1,1,WRITE,0x10000f15000,4096
44720,u0,0,READ,0xf13000,4096
44721,u1,1,WRITE,0x10000f16000,4096
44722,u2,2,WRITE,0x20006f40000,262144
44724,u3,3,WRITE,0x30006f40000,262144
44731,u1,1,WRITE,0x10000f17000,4096
44732,u0,0,WRITE,0xf14000,4096
44742,u0,0,READ,0xf15000,4096
44743,u1,1,READ,0x10000f18000,4096
44756,u1,1,READ,0x10000f19000,4096
44757,u0,0,READ,0xf16000,4096
44766,u0,0,READ,0xf17000,4096
44769,u1,1,READ,0x10000f1a000,4096
44775,u0,0,READ,0xf18000,4096
44778,u1,1,READ,0x10000f1b000,4096
44786,u1,1,WRITE,0x10000f1c000,4096
44788,u0,0,WRITE,0xf19000,4096
44795,u1,1,READ,0x10000f1d000,4096
44796,u0,0,WRITE,0xf1a000,4096
44806,u1,1,WRITE,0x10000f1e000,4096
44811,u0,0,WRITE,0xf1b000,4096
44816,u1,1,READ,0x10000f1f000,4096
44824,u0,0,READ,0xf1c000,4096
44825,u1,1,WRITE,0x10000f20000,4096
44832,u3,3,READ,0x30006f80000,262144
44836,u1,1,WRITE,0x10000f21000,4096
44839,u0,0,READ,0xf1d000,4096
44840,u2,2,READ,0x20006f80000,262144
44849,u0,0,READ,0xf1e000,4096
44849,u1,1,READ,0x10000f22000,4096
44858,u1,1,WRITE,0x10000f23000,4096
44863,u0,0,WRITE,0xf1f000,4096
44872,u1,1,WRITE,0x10000f24000,4096
44876,u0,0,WRITE,0xf20000,4096
44883,u1,1,READ,0x10000f25000,4096
44888,u0,0,READ,0xf21000,4096
44893,u1,1,WRITE,0x10000f26000,4096
44900,u0,0,READ,0xf22000,4096
44905,u1,1,READ,0x10000f27000,4096
44912,u0,0,WRITE,0xf23000,4096
44915,u1,1,WRITE,0x10000f28000,4096
44915,u3,3,WRITE,0x30006fc0000,262144
44924,u0,0,WRITE,0xf24000,4096
44929,u1,1,WRITE,0x10000f29000,4096
44936,u0,0,WRITE,0xf25000,4096
44939,u1,1,READ,0x10000f2a000,4096
44941,u2,2,WRITE,0x20006fc0000,262144
44949,u1,1,READ,0x10000f2b000,4096
44950,u0,0,READ,0xf26000,4096
44958,u0,0,WRITE,0xf27000,4096
44961,u1,1,READ,0x10000f2c000,4096
44966,u0,0,WRITE,0xf28000,4096
44974,u0,0,READ,0xf29000,4096
44976,u1,1,READ,0x10000f2d000,4096
44983,u0,0,READ,0xf2a000,4096
44984,u1,1,READ,0x10000f2e000,4096
44993,u1,1,WRITE,0x10000f2f000,4096
44997,u0,0,WRITE,0xf2b000,4096
45007,u0,0,READ,0xf2c000,4096
45007,u1,1,READ,0x10000f30000,4096
45019,u0,0,WRITE,0xf2d000,4096
45022,u1,1,READ,0x10000f31000,4096
45029,u3,3,READ,0x30007000000,262144
45030,u1,1,WRITE,0x10000f32000,4096
45032,u2,2,READ,0x20007000000,262144
45034,u0,0,READ,0xf2e000,4096
45039,u1,1,WRITE,0x10000f33000,4096
45044,u0,0,READ,0xf2f000,4096
45052,u1,1,WRITE,0x10000f34000,4096
45058,u0,0,WRITE,0xf30000,4096
45061,u1,1,READ,0x10000f35000,4096
45067,u0,0,READ,0xf31000,4096
45075,u0,0,READ,0xf32000,4096
45075,u1,1,WRITE,0x10000f36000,4096
45085,u1,1,READ,0x10000f37000,4096
45089,u0,0,WRITE,0xf33000,4096
45095,u1,1,WRITE,0x10000f38000,4096
45098,u0,0,READ,0xf34000,4096
45106,u0,0,READ,0xf35000,4096
45109,u1,1,READ,0x10000f39000,4096
45115,u0,0,WRITE,0xf36000,4096
45122,u1,1,WRITE,0x10000f3a000,4096
45126,u0,0,READ,0xf37000,4096
45136,u1,1,WRITE,0x10000f3b000,4096
45141,u0,0,READ,0xf38000,4096
45143,u3,3,WRITE,0x30007040000,262144
45144,u1,1,READ,0x10000f3c000,4096
45145,u2,2,WRITE,0x20007040000,262144
45152,u0,0,WRITE,0xf39000,4096
45158,u1,1,WRITE,0x10000f3d000,4096
45167,u0,0,READ,0xf3a000,4096
45169,u1,1,READ,0x10000f3e000,4096
45176,u0,0,WRITE,0xf3b000,4096
45182,u1,1,READ,0x10000f3f000,4096
45189,u0,0,READ,0xf3c000,4096
45197,u1,1,READ,0x10000f40000,4096
45204,u0,0,WRITE,0xf3d000,4096
45208,u1,1,WRITE,0x10000f41000,4096
45217,u0,0,READ,0xf3e000,4096
45217,u1,1,READ,0x10000f42000,4096
45226,u2,2,READ,0x20007080000,262144
45230,u1,1,READ,0x10000f43000,4096
45232,u0,0,READ,0xf3f000,4096
45241,u0,0,WRITE,0xf40000,4096
45245,u1,1,WRITE,0x10000f44000,4096
45256,u0,0,READ,0xf41000,4096
45260,u1,1,READ,0x10000f45000,4096
45263,u3,3,WRITE,0x30007080000,262144
45265,u0,0,WRITE,0xf42000,4096
45270,u1,1,WRITE,0x10000f46000,4096
45273,u0,0,READ,0xf43000,4096
45278,u1,1,WRITE,0x10000f47000,4096
45288,u0,0,WRITE,0xf44000,4096
45289,u1,1,READ,0x10000f48000,4096
45300,u0,0,READ,0xf45000,4096
45301,u1,1,READ,0x10000f49000,4096
45312,u0,0,WRITE,0xf46000,4096
45312,u1,1,READ,0x10000f4a000,4096
45325,u0,0,READ,0xf47000,4096
45326,u1,1,WRITE,0x10000f4b000,4096
45332,u2,2,WRITE,0x200070c0000,262144
45334,u0,0,WRITE,0xf48000,4096
45335,u1,1,WRITE,0x10000f4c000,4096
45348,u0,0,WRITE,0xf49000,4096
45348,u1,1,READ,0x10000f4d000,4096
45362,u1,1,READ,0x10000f4e000,4096
45363,u0,0,WRITE,0xf4a000,4096
45374,u3,3,READ,0x300070c0000,262144
45376,u1,1,WRITE,0x10000f4f000,4096
45377,u0,0,READ,0xf4b000,4096
45387,u0,0,WRITE,0xf4c000,4096
45387,u1,1,WRITE,0x10000f50000,4096
45396,u1,1,WRITE,0x10000f51000,4096
45397,u0,0,WRITE,0xf4d000,4096
45405,u1,1,WRITE,0x10000f52000,4096
45407,u0,0,WRITE,0xf4e000,4096
45417,u1,1,WRITE,0x10000f53000,4096
45418,u0,0,READ,0xf4f000,4096
45427,u0,0,READ,0xf50000,4096
45432,u1,1,READ,0x10000f54000,4096
45435,u0,0,WRITE,0xf51000,4096
45439,u2,2,READ,0x20007100000,262144
45441,u1,1,READ,0x10000f55000,4096
45445,u0,0,READ,0xf52000,4096
45450,u1,1,WRITE,0x10000f56000,4096
45455,u0,0,READ,0xf53000,4096
45458,u1,1,READ,0x10000f57000,4096
45465,u0,0,WRITE,0xf54000,4096
45470,u1,1,READ,0x10000f58000,4096
45472,u3,3,WRITE,0x30007100000,262144
45480,u0,0,WRITE,0xf55000,4096
45483,u1,1,READ,0x10000f59000,4096
45491,u0,0,READ,0xf56000,4096
45496,u1,1,WRITE,0x10000f5a000,4096
45506,u0,0,WRITE,0xf57000,4096
45510,u1,1,WRITE,0x10000f5b000,4096
45518,u0,0,WRITE,0xf58000,4096
45525,u1,1,READ,0x10000f5c000,4096
45526,u0,0,WRITE,0xf59000,4096
45535,u0,0,READ,0xf5a000,4096
45536,u1,1,READ,0x10000f5d000,4096
45543,u0,0,READ,0xf5b000,4096
45549,u2,2,WRITE,0x20007140000,262144
45551,u1,1,READ,0x10000f5e000,4096
45555,u0,0,WRITE,0xf5c000,4096
45565,u1,1,READ,0x10000f5f000,4096
45570,u0,0,WRITE,0xf5d000,4096
45577,u3,3,WRITE,0x30007140000,262144
45579,u1,1,WRITE,0x10000f60000,4096
45584,u0,0,WRITE,0xf5e000,4096
45592,u0,0,READ,0xf5f000,4096
45592,u1,1,WRITE,0x10000f61000,4096
45602,u0,0,READ,0xf60000,4096
45604,u1,1,READ,0x10000f62000,4096
45613,u1,1,READ,0x10000f63000,4096
45616,u0,0,WRITE,0xf61000,4096
45622,u1,1,READ,0x10000f64000,4096
45624,u0,0,WRITE,0xf62000,4096
45636,u1,1,READ,0x10000f65000,4096
45638,u0,0,READ,0xf63000,4096
45645,u1,1,READ,0x10000f66000,4096
45646,u0,0,WRITE,0xf64000,4096
45649,u2,2,READ,0x20007180000,262144
45654,u0,0,READ,0xf65000,4096
45657,u1,1,WRITE,0x10000f67000,4096
45668,u1,1,WRITE,0x10000f68000,4096
45669,u0,0,WRITE,0xf66000,4096
45677,u0,0,WRITE,0xf67000,4096
45682,u1,1,WRITE,0x10000f69000,4096
45691,u0,0,WRITE,0xf68000,4096
45694,u1,1,WRITE,0x10000f6a000,4096
45696,u3,3,READ,0x30007180000,262144
45701,u0,0,WRITE,0xf69000,4096
45703,u1,1,READ,0x10000f6b000,4096
45715,u0,0,WRITE,0xf6a000,4096
45716,u1,1,READ,0x10000f6c000,4096
45725,u1,1,WRITE,0x10000f6d000,4096
45730,u0,0,READ,0xf6b000,4096
45736,u1,1,WRITE,0x10000f6e000,4096
45743,u0,0,WRITE,0xf6c000,4096
45746,u1,1,READ,0x10000f6f000,4096
45756,u0,0,WRITE,0xf6d000,4096
45760,u1,1,READ,0x10000f70000,4096
45765,u0,0,READ,0xf6e000,4096
45765,u2,2,READ,0x200071c0000,262144
45773,u1,1,WRITE,0x10000f71000,4096
45779,u0,0,READ,0xf6f000,4096
45781,u3,3,WRITE,0x300071c0000,262144
45788,u1,1,WRITE,0x10000f72000,4096
45793,u0,0,WRITE,0xf70000,4096
45801,u1,1,WRITE,0x10000f73000,4096
45807,u0,0,WRITE,0xf71000,4096
45813,u1,1,READ,0x10000f74000,4096
45817,u0,0,WRITE,0xf72000,4096
45823,u1,1,READ,0x10000f75000,4096
45831,u0,0,WRITE,0xf73000,4096
45835,u1,1,WRITE,0x10000f76000,4096
45844,u0,0,WRITE,0xf74000,4096
45848,u1,1,READ,0x10000f77000,4096
45857,u1,1,READ,0x10000f78000,4096
45858,u0,0,WRITE,0xf75000,4096
45869,u0,0,READ,0xf76000,4096
45871,u1,1,READ,0x10000f79000,4096
45877,u0,0,READ,0xf77000,4096
45881,u1,1,WRITE,0x10000f7a000,4096
45883,u2,2,WRITE,0x20007200000,262144
45889,u1,1,WRITE,0x10000f7b000,4096
45890,u0,0,READ,0xf78000,4096
45891,u3,3,WRITE,0x30007200000,262144
45898,u1,1,WRITE,0x10000f7c000,4096
45904,u0,0,WRITE,0xf79000,4096
45910,u1,1,READ,0x10000f7d000,4096
45915,u0,0,WRITE,0xf7a000,4096
45919,u1,1,READ,0x10000f7e000,4096
45923,u0,0,WRITE,0xf7b000,4096
45931,u1,1,WRITE,0x10000f7f000,4096
45933,u0,0,READ,0xf7c000,4096
45943,u1,1,READ,0x10000f80000,4096
45945,u0,0,READ,0xf7d000,4096
45951,u1,1,WRITE,0x10000f81000,4096
45953,u0,0,READ,0xf7e000,4096
45959,u1,1,WRITE,0x10000f82000,4096
45965,u0,0,READ,0xf7f000,4096
45970,u1,1,WRITE,0x10000f83000,4096
45980,u0,0,WRITE,0xf80000,4096
45985,u1,1,WRITE,0x10000f84000,4096
45995,u0,0,WRITE,0xf81000,4096
45995,u1,1,WRITE,0x10000f85000,4096
45995,u3,3,WRITE,0x30007240000,262144
45998,u2,2,WRITE,0x20007240000,262144
46009,u1,1,WRITE,0x10000f86000,4096
46010,u0,0,WRITE,0xf82000,4096
46021,u0,0,WRITE,0xf83000,4096
46023,u1,1,READ,0x10000f87000,4096
46033,u0,0,WRITE,0xf84000,4096
46033,u1,1,READ,0x10000f88000,4096
46041,u0,0,WRITE,0xf85000,4096
46047,u1,1,READ,0x10000f89000,4096
46049,u0,0,READ,0xf86000,4096
46057,u1,1,READ,0x10000f8a000,4096
46062,u0,0,WRITE,0xf87000,4096
46069,u1,1,WRITE,0x10000f8b000,4096
46074,u0,0,WRITE,0xf88000,4096
46079,u1,1,READ,0x10000f8c000,4096
46085,u0,0,WRITE,0xf89000,4096
46090,u1,1,WRITE,0x10000f8d000,4096
46094,u2,2,READ,0x20007280000,262144
46095,u3,3,READ,0x30007280000,262144
46096,u0,0,WRITE,0xf8a000,4096
46104,u0,0,READ,0xf8b000,4096
46104,u1,1,READ,0x10000f8e000,4096
46112,u0,0,READ,0xf8c000,4096
46116,u1,1,READ,0x10000f8f000,4096
46124,u1,1,WRITE,0x10000f90000,4096
46125,u0,0,WRITE,0xf8d000,4096
46133,u1,1,READ,0x10000f91000,4096
46139,u0,0,READ,0xf8e000,4096
46145,u1,1,READ,0x10000f92000,4096
46154,u0,0,WRITE,0xf8f000,4096
46156,u1,1,WRITE,0x10000f93000,4096
46168,u0,0,READ,0xf90000,4096
46170,u1,1,WRITE,0x10000f94000,4096
46178,u2,2,READ,0x200072c0000,262144
46179,u0,0,READ,0xf91000,4096
46183,u1,1,WRITE,0x10000f95000,4096
46187,u0,0,READ,0xf92000,4096
46193,u1,1,READ,0x10000f96000,4096
46202,u0,0,WRITE,0xf93000,4096
46207,u1,1,WRITE,0x10000f97000,4096
46210,u0,0,WRITE,0xf94000,4096
46213,u3,3,READ,0x300072c0000,262144
46217,u1,1,READ,0x10000f98000,4096
46223,u0,0,WRITE,0xf95000,4096
46226,u1,1,WRITE,0x10000f99000,4096
46234,u0,0,READ,0xf96000,4096
46235,u1,1,READ,0x10000f9a000,4096
46247,u1,1,WRITE,0x10000f9b000,4096
46249,u0,0,READ,0xf97000,4096
46261,u1,1,READ,0x10000f9c000,4096
46264,u0,0,WRITE,0xf98000,4096
46272,u0,0,READ,0xf99000,4096
46273,u1,1,WRITE,0x10000f9d000,4096
46276,u2,2,READ,0x20007300000,262144
46281,u1,1,WRITE,0x10000f9e000,4096
46287,u0,0,READ,0xf9a000,4096
46296,u1,1,READ,0x10000f9f000,4096
46300,u0,0,READ,0xf9b000,4096
46304,u1,1,WRITE,0x10000fa0000,4096
46311,u0,0,READ,0xf9c000,4096
46319,u0,0,READ,0xf9d000,4096
46319,u1,1,WRITE,0x10000fa1000,4096
46327,u0,0,WRITE,0xf9e000,4096
46327,u1,1,WRITE,0x10000fa2000,4096
46327,u3,3,WRITE,0x30007300000,262144
46336,u0,0,WRITE,0xf9f000,4096
46338,u1,1,READ,0x10000fa3000,4096
46347,u1,1,WRITE,0x10000fa4000,4096
46349,u0,0,WRITE,0xfa0000,4096
46360,u1,1,WRITE,0x10000fa5000,4096
46362,u0,0,READ,0xfa1000,4096
46369,u1,1,READ,0x10000fa6000,4096
46371,u2,2,READ,0x20007340000,262144
46373,u0,0,WRITE,0xfa2000,4096
46380,u1,1,READ,0x10000fa7000,4096
46381,u0,0,WRITE,0xfa3000,4096
46391,u0,0,READ,0xfa4000,4096
46395,u1,1,READ,0x10000fa8000,4096
46399,u0,0,READ,0xfa5000,4096
46408,u1,1,WRITE,0x10000fa9000,4096
46409,u0,0,WRITE,0xfa6000,4096
46412,u3,3,WRITE,0x30007340000,262144
46417,u0,0,READ,0xfa7000,4096
46419,u1,1,READ,0x10000faa000,4096
46430,u0,0,READ,0xfa8000,4096
46434,u1,1,READ,0x10000fab000,4096
46440,u0,0,READ,0xfa9000,4096
46448,u1,1,READ,0x10000fac000,4096
46450,u0,0,WRITE,0xfaa000,4096
46459,u1,1,READ,0x10000fad000,4096
46463,u0,0,READ,0xfab000,4096
46467,u2,2,WRITE,0x20007380000,262144
46474,u1,1,WRITE,0x10000fae000,4096
46476,u0,0,WRITE,0xfac000,4096
46485,u0,0,READ,0xfad000,4096
46489,u1,1,READ,0x10000faf000,4096
46493,u3,3,READ,0x30007380000,262144
46495,u0,0,READ,0xfae000,4096
46502,u1,1,READ,0x10000fb0000,4096
46504,u0,0,READ,0xfaf000,4096
46511,u1,1,READ,0x10000fb1000,4096
46519,u0,0,WRITE,0xfb0000,4096
46519,u1,1,WRITE,0x10000fb2000,4096
46532,u1,1,READ,0x10000fb3000,4096
46534,u0,0,WRITE,0xfb1000,4096
46543,u1,1,READ,0x10000fb4000,4096
46547,u0,0,READ,0xfb2000,4096
46551,u2,2,WRITE,0x200073c0000,262144
46554,u1,1,WRITE,0x10000fb5000,4096
46560,u0,0,READ,0xfb3000,4096
46564,u1,1,READ,0x10000fb6000,4096
46569,u0,0,WRITE,0xfb4000,4096
46578,u1,1,WRITE,0x10000fb7000,4096
46581,u0,0,READ,0xfb5000,4096
46589,u0,0,READ,0xfb6000,4096
46592,u1,1,READ,0x10000fb8000,4096
46598,u0,0,WRITE,0xfb7000,4096
46603,u3,3,WRITE,0x300073c0000,262144
46604,u1,1,WRITE,0x10000fb9000,4096
46607,u0,0,READ,0xfb8000,4096
46613,u1,1,READ,0x10000fba000,4096
46615,u0,0,READ,0xfb9000,4096
46623,u0,0,WRITE,0xfba000,4096
46624,u1,1,READ,0x10000fbb000,4096
46633,u1,1,READ,0x10000fbc000,4096
46636,u0,0,READ,0xfbb000,4096
46647,u1,1,WRITE,0x10000fbd000,4096
46650,u0,0,WRITE,0xfbc000,4096
46656,u2,2,READ,0x20007400000,262144
46659,u1,1,WRITE,0x10000fbe000,4096
46661,u0,0,READ,0xfbd000,4096
46671,u0,0,READ,0xfbe000,4096
46671,u1,1,READ,0x10000fbf000,4096
46681,u0,0,WRITE,0xfbf000,4096
46685,u1,1,WRITE,0x10000fc0000,4096
46690,u3,3,WRITE,0x30007400000,262144
46695,u0,0,WRITE,0xfc0000,4096
46696,u1,1,READ,0x10000fc1000,4096
46707,u0,0,READ,0xfc1000,4096
46708,u1,1,WRITE,0x10000fc2000,4096
46716,u1,1,WRITE,0x10000fc3000,4096
46722,u0,0,WRITE,0xfc2000,4096
46724,u1,1,WRITE,0x10000fc4000,4096
46733,u0,0,READ,0xfc3000,4096
46736,u1,1,WRITE,0x10000fc5000,4096
46743,u0,0,WRITE,0xfc4000,4096
46745,u1,1,READ,0x10000fc6000,4096
46753,u0,0,WRITE,0xfc5000,4096
46758,u1,1,WRITE,0x10000fc7000,4096
46761,u0,0,READ,0xfc6000,4096
46768,u2,2,READ,0x20007440000,262144
46769,u0,0,READ,0xfc7000,4096
46771,u1,1,READ,0x10000fc8000,4096
46780,u0,0,READ,0xfc8000,4096
46785,u1,1,READ,0x10000fc9000,4096
46788,u0,0,READ,0xfc9000,4096
46794,u1,1,READ,0x10000fca000,4096
46798,u0,0,READ,0xfca000,4096
46803,u3,3,WRITE,0x30007440000,262144
46806,u1,1,READ,0x10000fcb000,4096
46807,u0,0,READ,0xfcb000,4096
46817,u1,1,READ,0x10000fcc000,4096
46818,u0,0,WRITE,0xfcc000,4096
46829,u1,1,READ,0x10000fcd000,4096
46830,u0,0,WRITE,0xfcd000,4096
46839,u1,1,WRITE,0x10000fce000,4096
46840,u0,0,WRITE,0xfce000,4096
46849,u0,0,WRITE,0xfcf000,4096
46849,u1,1,READ,0x10000fcf000,4096
46862,u1,1,WRITE,0x10000fd0000,4096
46863,u0,0,READ,0xfd0000,4096
46874,u1,1,WRITE,0x10000fd1000,4096
46875,u0,0,WRITE,0xfd1000,4096
46877,u2,2,WRITE,0x20007480000,262144
46887,u1,1,WRITE,0x10000fd2000,4096
46889,u0,0,READ,0xfd2000,4096
46893,u3,3,WRITE,0x30007480000,262144
46902,u1,1,WRITE,0x10000fd3000,4096
46903,u0,0,READ,0xfd3000,4096
46913,u1,1,WRITE,0x10000fd4000,4096
46914,u0,0,READ,0xfd4000,4096
46926,u0,0,WRITE,0xfd5000,4096
46927,u1,1,READ,0x10000fd5000,4096
46939,u0,0,WRITE,0xfd6000,4096
46942,u1,1,READ,0x10000fd6000,4096
46951,u0,0,READ,0xfd7000,4096
46953,u1,1,WRITE,0x10000fd7000,4096
46964,u1,1,READ,0x10000fd8000,4096
46964,u2,2,WRITE,0x200074c0000,262144
46965,u0,0,WRITE,0xfd8000,4096
46973,u1,1,WRITE,0x10000fd9000,4096
46974,u0,0,READ,0xfd9000,4096
46986,u3,3,READ,0x300074c0000,262144
46987,u0,0,WRITE,0xfda000,4096
46988,u1,1,READ,0x10000fda000,4096
46999,u0,0,READ,0xfdb000,4096
47002,u1,1,READ,0x10000fdb000,4096
47010,u0,0,WRITE,0xfdc000,4096
47016,u1,1,READ,0x10000fdc000,4096
47019,u0,0,WRITE,0xfdd000,4096
47026,u1,1,READ,0x10000fdd000,4096
47034,u0,0,WRITE,0xfde000,4096
47035,u1,1,READ,0x10000fde000,4096
47043,u1,1,READ,0x10000fdf000,4096
47045,u0,0,READ,0xfdf000,4096
47053,u0,0,READ,0xfe0000,4096
47053,u2,2,READ,0x20007500000,262144
47055,u1,1,WRITE,0x10000fe0000,4096
47061,u0,0,READ,0xfe1000,4096
47066,u1,1,READ,0x10000fe1000,4096
47072,u0,0,READ,0xfe2000,4096
47081,u1,1,WRITE,0x10000fe2000,4096
47082,u3,3,READ,0x30007500000,262144
47083,u0,0,WRITE,0xfe3000,4096
47089,u1,1,READ,0x10000fe3000,4096
47094,u0,0,READ,0xfe4000,4096
47100,u1,1,READ,0x10000fe4000,4096
47108,u0,0,READ,0xfe5000,4096
47108,u1,1,WRITE,0x10000fe5000,4096
47118,u0,0,READ,0xfe6000,4096
47120,u1,1,WRITE,0x10000fe6000,4096
47128,u0,0,READ,0xfe7000,4096
47132,u1,1,READ,0x10000fe7000,4096
47140,u0,0,READ,0xfe8000,4096
47140,u1,1,WRITE,0x10000fe8000,4096
47150,u1,1,READ,0x10000fe9000,4096
47150,u2,2,WRITE,0x20007540000,262144
47152,u0,0,READ,0xfe9000,4096
47164,u1,1,READ,0x10000fea000,4096
47166,u0,0,WRITE,0xfea000,4096
47178,u1,1,WRITE,0x10000feb000,4096
47180,u0,0,WRITE,0xfeb000,4096
47188,u1,1,READ,0x10000fec000,4096
47195,u0,0,READ,0xfec000,4096
47196,u3,3,READ,0x30007540000,262144
47198,u1,1,WRITE,0x10000fed000,4096
47208,u1,1,WRITE,0x10000fee000,4096
47210,u0,0,WRITE,0xfed000,4096
47222,u1,1,WRITE,0x10000fef000,4096
47224,u0,0,READ,0xfee000,4096
47234,u0,0,READ,0xfef000,4096
47234,u1,1,WRITE,0x10000ff0000,4096
47246,u1,1,READ,0x10000ff1000,4096
47249,u0,0,WRITE,0xff0000,4096
47261,u1,1,READ,0x10000ff2000,4096
47263,u0,0,WRITE,0xff1000,4096
47270,u2,2,WRITE,0x20007580000,262144
47274,u0,0,READ,0xff2000,4096
47276,u1,1,WRITE,0x10000ff3000,4096
47279,u3,3,READ,0x30007580000,262144
47282,u0,0,READ,0xff3000,4096
47290,u1,1,READ,0x10000ff4000,4096
47297,u0,0,READ,0xff4000,4096
47302,u1,1,READ,0x10000ff5000,4096
47305,u0,0,WRITE,0xff5000,4096
47312,u1,1,READ,0x10000ff6000,4096
47315,u0,0,READ,0xff6000,4096
47323,u0,0,WRITE,0xff7000,4096
47326,u1,1,WRITE,0x10000ff7000,4096
47331,u0,0,READ,0xff8000,4096
47334,u1,1,WRITE,0x10000ff8000,4096
47341,u0,0,READ,0xff9000,4096
47343,u1,1,WRITE,0x10000ff9000,4096
47354,u1,1,READ,0x10000ffa000,4096
47356,u0,0,READ,0xffa000,4096
47368,u2,2,READ,0x200075c0000,262144
47369,u1,1,WRITE,0x10000ffb000,4096
47370,u3,3,READ,0x300075c0000,262144
47371,u0,0,READ,0xffb000,4096
47379,u1,1,WRITE,0x10000ffc000,4096
47385,u0,0,READ,0xffc000,4096
47393,u0,0,WRITE,0xffd000,4096
47394,u1,1,READ,0x10000ffd000,4096
47407,u0,0,WRITE,0xffe000,4096
47408,u1,1,WRITE,0x10000ffe000,4096
47421,u0,0,READ,0xfff000,4096
47423,u1,1,READ,0x10000fff000,4096
47431,u0,0,WRITE,0x1000000,4096
47437,u1,1,READ,0x10001000000,4096
47440,u0,0,WRITE,0x1001000,4096
47449,u1,1,WRITE,0x10001001000,4096
47453,u3,3,WRITE,0x30007600000,262144
47454,u0,0,READ,0x1002000,4096
47462,u1,1,READ,0x10001002000,4096
47467,u2,2,WRITE,0x20007600000,262144
47468,u0,0,WRITE,0x1003000,4096
47477,u1,1,READ,0x10001003000,4096
47482,u0,0,WRITE,0x1004000,4096
47486,u1,1,WRITE,0x10001004000,4096
47491,u0,0,WRITE,0x1005000,4096
47494,u1,1,WRITE,0x10001005000,4096
47501,u0,0,READ,0x1006000,4096
47506,u1,1,WRITE,0x10001006000,4096
47509,u0,0,READ,0x1007000,4096
47519,u0,0,READ,0x1008000,4096
47519,u1,1,WRITE,0x10001007000,4096
47529,u1,1,READ,0x10001008000,4096
47531,u0,0,READ,0x1009000,4096
47538,u3,3,WRITE,0x30007640000,262144
47539,u0,0,READ,0x100a000,4096
47543,u1,1,WRITE,0x10001009000,4096
47548,u0,0,WRITE,0x100b000,4096
47553,u1,1,WRITE,0x1000100a000,4096
47558,u0,0,READ,0x100c000,4096
47568,u1,1,WRITE,0x1000100b000,4096
47570,u0,0,READ,0x100d000,4096
47580,u2,2,READ,0x20007640000,262144
47582,u1,1,READ,0x1000100c000,4096
47585,u0,0,WRITE,0x100e000,4096
47591,u1,1,WRITE,0x1000100d000,4096
47600,u0,0,READ,0x100f000,4096
47605,u1,1,READ,0x1000100e000,4096
47609,u0,0,READ,0x1010000,4096
47617,u0,0,WRITE,0x1011000,4096
47618,u1,1,WRITE,0x1000100f000,4096
47629,u0,0,WRITE,0x1012000,4096
47629,u1,1,READ,0x10001010000,4096
47632,u3,3,WRITE,0x30007680000,262144
47637,u0,0,WRITE,0x1013000,4096
47642,u1,1,WRITE,0x10001011000,4096
47650,u0,0,WRITE,0x1014000,4096
47657,u1,1,WRITE,0x10001012000,4096
47662,u0,0,READ,0x1015000,4096
47665,u1,1,WRITE,0x10001013000,4096
47677,u0,0,WRITE,0x1016000,4096
47678,u1,1,WRITE,0x10001014000,4096
47685,u0,0,WRITE,0x1017000,4096
47685,u2,2,WRITE,0x20007680000,262144
47686,u1,1,READ,0x10001015000,4096
47694,u1,1,READ,0x10001016000,4096
47697,u0,0,WRITE,0x1018000,4096
47705,u1,1,READ,0x10001017000,4096
47708,u0,0,READ,0x1019000,4096
47720,u1,1,WRITE,0x10001018000,4096
47721,u3,3,READ,0x300076c0000,262144
47722,u0,0,WRITE,0x101a000,4096
47729,u1,1,READ,0x10001019000,4096
47735,u0,0,WRITE,0x101b000,4096
47737,u1,1,READ,0x1000101a000,4096
47748,u1,1,READ,0x1000101b000,4096
47750,u0,0,WRITE,0x101c000,4096
47758,u1,1,WRITE,0x1000101c000,4096
47760,u0,0,READ,0x101d000,4096
47770,u0,0,READ,0x101e000,4096
47771,u1,1,WRITE,0x1000101d000,4096
47779,u0,0,WRITE,0x101f000,4096
47784,u1,1,WRITE,0x1000101e000,4096
47784,u2,2,READ,0x200076c0000,262144
47787,u0,0,READ,0x1020000,4096
47793,u1,1,WRITE,0x1000101f000,4096
47801,u0,0,WRITE,0x1021000,4096
47803,u1,1,WRITE,0x10001020000,4096
47813,u1,1,WRITE,0x10001021000,4096
47815,u0,0,READ,0x1022000,4096
47817,u3,3,WRITE,0x30007700000,262144
47821,u1,1,READ,0x10001022000,4096
47828,u0,0,WRITE,0x1023000,4096
47831,u1,1,READ,0x10001023000,4096
47842,u1,1,READ,0x10001024000,4096
47843,u0,0,WRITE,0x1024000,4096
47852,u1,1,READ,0x10001025000,4096
47855,u0,0,READ,0x1025000,4096
47863,u0,0,WRITE,0x1026000,4096
47865,u1,1,READ,0x10001026000,4096
47871,u0,0,WRITE,0x1027000,4096
47874,u1,1,WRITE,0x10001027000,4096
47882,u0,0,READ,0x1028000,4096
47885,u2,2,READ,0x20007700000,262144
47889,u1,1,WRITE,0x10001028000,4096
47892,u0,0,WRITE,0x1029000,4096
47904,u1,1,WRITE,0x10001029000,4096
47905,u0,0,WRITE,0x102a000,4096
47915,u1,1,WRITE,0x1000102a000,4096
47916,u0,0,READ,0x102b000,4096
47920,u3,3,READ,0x30007740000,262144
47926,u0,0,READ,0x102c000,4096
47930,u1,1,WRITE,0x1000102b000,4096
47941,u0,0,READ,0x102d000,4096
47945,u1,1,WRITE,0x1000102c000,4096
47950,u0,0,READ,0x102e000,4096
47960,u1,1,READ,0x1000102d000,4096
47963,u0,0,READ,0x102f000,4096
47972,u0,0,READ,0x1030000,4096
47975,u1,1,WRITE,0x1000102e000,4096
47981,u2,2,READ,0x20007740000,262144
47985,u1,1,READ,0x1000102f000,4096
47987,u0,0,READ,0x1031000,4096
47993,u1,1,WRITE,0x10001030000,4096
47996,u0,0,READ,0x1032000,4096
48005,u1,1,READ,0x10001031000,4096
48006,u0,0,WRITE,0x1033000,4096
48015,u0,0,WRITE,0x1034000,4096
48019,u1,1,WRITE,0x10001032000,4096
48022,u3,3,WRITE,0x30007780000,262144
48028,u0,0,READ,0x1035000,4096
48033,u1,1,READ,0x10001033000,4096
48038,u0,0,READ,0x1036000,4096
48045,u1,1,READ,0x10001034000,4096
48050,u0,0,WRITE,0x1037000,4096
48057,u1,1,WRITE,0x10001035000,4096
48062,u0,0,READ,0x1038000,4096
48071,u0,0,READ,0x1039000,4096
48071,u1,1,READ,0x10001036000,4096
48081,u0,0,READ,0x103a000,4096
48083,u1,1,READ,0x10001037000,4096
48089,u0,0,READ,0x103b000,4096
48097,u1,1,READ,0x10001038000,4096
48101,u2,2,READ,0x20007780000,262144
48104,u0,0,READ,0x103c000,4096
48105,u1,1,READ,0x10001039000,4096
48114,u0,0,READ,0x103d000,4096
48114,u1,1,READ,0x1000103a000,4096
48120,u3,3,WRITE,0x300077c0000,262144
48126,u0,0,WRITE,0x103e000,4096
48126,u1,1,WRITE,0x1000103b000,4096
48135,u1,1,WRITE,0x1000103c000,4096
48141,u0,0,WRITE,0x103f000,4096
48150,u1,1,READ,0x1000103d000,4096
48155,u0,0,READ,0x1040000,4096
48160,u1,1,WRITE,0x1000103e000,4096
48163,u0,0,WRITE,0x1041000,4096
48169,u1,1,READ,0x1000103f000,4096
48176,u0,0,READ,0x1042000,4096
48177,u1,1,WRITE,0x10001040000,4096
48188,u0,0,READ,0x1043000,4096
48189,u1,1,READ,0x10001041000,4096
48189,u2,2,WRITE,0x200077c0000,262144
48200,u1,1,WRITE,0x10001042000,4096
48202,u0,0,READ,0x1044000,4096
48212,u1,1,WRITE,0x10001043000,4096
48217,u0,0,WRITE,0x1045000,4096
48221,u1,1,WRITE,0x10001044000,4096
48230,u0,0,WRITE,0x1046000,4096
48230,u1,1,WRITE,0x10001045000,4096
48230,u3,3,WRITE,0x30007800000,262144
48243,u0,0,WRITE,0x1047000,4096
48245,u1,1,WRITE,0x10001046000,4096
48256,u0,0,WRITE,0x1048000,4096
48256,u1,1,WRITE,0x10001047000,4096
48264,u1,1,WRITE,0x10001048000,4096
48268,u0,0,READ,0x1049000,4096
48272,u1,1,WRITE,0x10001049000,4096
48281,u0,0,WRITE,0x104a000,4096
48284,u1,1,WRITE,0x1000104a000,4096
48295,u0,0,READ,0x104b000,4096
48297,u1,1,READ,0x1000104b000,4096
48305,u0,0,WRITE,0x104c000,4096
48306,u2,2,READ,0x20007800000,262144
48309,u1,1,READ,0x1000104c000,4096
48313,u0,0,WRITE,0x104d000,4096
48319,u1,1,READ,0x1000104d000,4096
48323,u0,0,READ,0x104e000,4096
48329,u1,1,WRITE,0x1000104e000,4096
48337,u0,0,READ,0x104f000,4096
48337,u1,1,READ,0x1000104f000,4096
48338,u3,3,WRITE,0x30007840000,262144
48349,u0,0,READ,0x1050000,4096
48349,u1,1,WRITE,0x10001050000,4096
48357,u0,0,READ,0x1051000,4096
48361,u1,1,WRITE,0x10001051000,4096
48369,u0,0,READ,0x1052000,4096
48370,u1,1,WRITE,0x10001052000,4096
48379,u0,0,READ,0x1053000,4096
48384,u1,1,READ,0x10001053000,4096
48390,u0,0,WRITE,0x1054000,4096
48394,u2,2,READ,0x20007840000,262144
48398,u1,1,WRITE,0x10001054000,4096
48401,u0,0,WRITE,0x1055000,4096
48411,u0,0,WRITE,0x1056000,4096
48412,u1,1,WRITE,0x10001055000,4096
48424,u1,1,WRITE,0x10001056000,4096
48425,u0,0,READ,0x1057000,4096
48437,u1,1,WRITE,0x10001057000,4096
48438,u0,0,WRITE,0x1058000,4096
48446,u1,1,WRITE,0x10001058000,4096
48449,u3,3,WRITE,0x30007880000,262144
48450,u0,0,READ,0x1059000,4096
48460,u1,1,READ,0x10001059000,4096
48464,u0,0,READ,0x105a000,4096
48471,u1,1,WRITE,0x1000105a000,4096
48477,u2,2,READ,0x20007880000,262144
48478,u0,0,WRITE,0x105b000,4096
48482,u1,1,READ,0x1000105b000,4096
48487,u0,0,READ,0x105c000,4096
48495,u1,1,READ,0x1000105c000,4096
48500,u0,0,READ,0x105d000,4096
48507,u1,1,READ,0x1000105d000,4096
48515,u0,0,READ,0x105e000,4096
48518,u1,1,READ,0x1000105e000,4096
48523,u0,0,WRITE,0x105f000,4096
48528,u1,1,READ,0x1000105f000,4096
48535,u0,0,READ,0x1060000,4096
48540,u3,3,READ,0x300078c0000,262144
48541,u1,1,WRITE,0x10001060000,4096
48544,u0,0,WRITE,0x1061000,4096
48550,u1,1,WRITE,0x10001061000,4096
48554,u0,0,READ,0x1062000,4096
48560,u1,1,READ,0x10001062000,4096
48569,u0,0,READ,0x1063000,4096
48571,u1,1,WRITE,0x10001063000,4096
48571,u2,2,READ,0x200078c0000,262144
48580,u1,1,WRITE,0x10001064000,4096
48582,u0,0,READ,0x1064000,4096
48591,u1,1,READ,0x10001065000,4096
48596,u0,0,READ,0x1065000,4096
48600,u1,1,WRITE,0x10001066000,4096
48605,u0,0,READ,0x1066000,4096
48609,u1,1,READ,0x10001067000,4096
48619,u0,0,READ,0x1067000,4096
48621,u1,1,WRITE,0x10001068000,4096
48631,u0,0,WRITE,0x1068000,4096
48635,u1,1,WRITE,0x10001069000,4096
48639,u0,0,WRITE,0x1069000,4096
48647,u1,1,WRITE,0x1000106a000,4096
48648,u3,3,WRITE,0x30007900000,262144
48653,u0,0,READ,0x106a000,4096
48656,u1,1,WRITE,0x1000106b000,4096
48661,u0,0,WRITE,0x106b000,4096
48666,u1,1,WRITE,0x1000106c000,4096
48670,u0,0,READ,0x106c000,4096
48674,u1,1,WRITE,0x1000106d000,4096
48679,u0,0,READ,0x106d000,4096
48683,u1,1,WRITE,0x1000106e000,4096
48688,u2,2,READ,0x20007900000,262144
48692,u0,0,WRITE,0x106e000,4096
48693,u1,1,WRITE,0x1000106f000,4096
48702,u1,1,WRITE,0x10001070000,4096
48705,u0,0,READ,0x106f000,4096
48715,u1,1,WRITE,0x10001071000,4096
48717,u0,0,WRITE,0x1070000,4096
48724,u1,1,WRITE,0x10001072000,4096
48728,u0,0,READ,0x1071000,4096
48733,u1,1,WRITE,0x10001073000,4096
48737,u0,0,READ,0x1072000,4096
48741,u1,1,READ,0x10001074000,4096
48749,u0,0,WRITE,0x1073000,4096
48755,u1,1,READ,0x10001075000,4096
48757,u3,3,WRITE,0x30007940000,262144
48759,u0,0,WRITE,0x1074000,4096
48766,u1,1,WRITE,0x10001076000,4096
48774,u0,0,WRITE,0x1075000,4096
48779,u1,1,READ,0x10001077000,4096
48782,u2,2,WRITE,0x20007940000,262144
48784,u0,0,WRITE,0x1076000,4096
48792,u0,0,WRITE,0x1077000,4096
48792,u1,1,WRITE,0x10001078000,4096
48805,u0,0,READ,0x1078000,4096
48806,u1,1,WRITE,0x10001079000,4096
48814,u1,1,READ,0x1000107a000,4096
48815,u0,0,READ,0x1079000,4096
48826,u1,1,WRITE,0x1000107b000,4096
48830,u0,0,WRITE,0x107a000,4096
48835,u1,1,WRITE,0x1000107c000,4096
48841,u0,0,READ,0x107b000,4096
48841,u3,3,READ,0x30007980000,262144
48846,u1,1,READ,0x1000107d000,4096
48852,u0,0,READ,0x107c000,4096
48857,u1,1,WRITE,0x1000107e000,4096
48866,u0,0,WRITE,0x107d000,4096
48870,u2,2,READ,0x20007980000,262144
48871,u1,1,READ,0x1000107f000,4096
48879,u0,0,WRITE,0x107e000,4096
48885,u1,1,READ,0x10001080000,4096
48893,u0,0,WRITE,0x107f000,4096
48895,u1,1,READ,0x10001081000,4096
48902,u0,0,READ,0x1080000,4096
48909,u1,1,WRITE,0x10001082000,4096
48917,u0,0,READ,0x1081000,4096
48919,u1,1,READ,0x10001083000,4096
48922,u3,3,READ,0x300079c0000,262144
48931,u0,0,WRITE,0x1082000,4096
48931,u1,1,WRITE,0x10001084000,4096
48940,u0,0,WRITE,0x1083000,4096
48946,u1,1,WRITE,0x10001085000,4096
48955,u0,0,READ,0x1084000,4096
48955,u1,1,WRITE,0x10001086000,4096
48966,u1,1,WRITE,0x10001087000,4096
48967,u0,0,READ,0x1085000,4096
48968,u2,2,WRITE,0x200079c0000,262144
48977,u0,0,READ,0x1086000,4096
48977,u1,1,READ,0x10001088000,4096
48985,u0,0,READ,0x1087000,4096
48992,u1,1,WRITE,0x10001089000,4096
48995,u0,0,READ,0x1088000,4096
49005,u1,1,WRITE,0x1000108a000,4096
49010,u0,0,WRITE,0x1089000,4096
49013,u1,1,WRITE,0x1000108b000,4096
49022,u0,0,READ,0x108a000,4096
49025,u1,1,READ,0x1000108c000,4096
49027,u3,3,WRITE,0x30007a00000,262144
49033,u1,1,WRITE,0x1000108d000,4096
49034,u0,0,WRITE,0x108b000,4096
49041,u1,1,READ,0x1000108e000,4096
49048,u0,0,READ,0x108c000,4096
49051,u1,1,WRITE,0x1000108f000,4096
49055,u2,2,WRITE,0x20007a00000,262144
49062,u0,0,WRITE,0x108d000,4096
49062,u1,1,READ,0x10001090000,4096
49071,u1,1,WRITE,0x10001091000,4096
49075,u0,0,READ,0x108e000,4096
49081,u1,1,READ,0x10001092000,4096
49088,u0,0,WRITE,0x108f000,4096
49090,u1,1,WRITE,0x10001093000,4096
49100,u0,0,READ,0x1090000,4096
49102,u1,1,WRITE,0x10001094000,4096
49110,u1,1,READ,0x10001095000,4096
49115,u0,0,WRITE,0x1091000,4096
49122,u1,1,READ,0x10001096000,4096
49127,u0,0,READ,0x1092000,4096
49135,u3,3,WRITE,0x30007a40000,262144
49137,u1,1,WRITE,0x10001097000,4096
49141,u0,0,READ,0x1093000,4096
49143,u2,2,READ,0x20007a40000,262144
49149,u1,1,READ,0x10001098000,4096
49154,u0,0,WRITE,0x1094000,4096
49162,u1,1,WRITE,0x10001099000,4096
49167,u0,0,READ,0x1095000,4096
49173,u1,1,READ,0x1000109a000,4096
49181,u1,1,WRITE,0x1000109b000,4096
49182,u0,0,READ,0x1096000,4096
49190,u1,1,WRITE,0x1000109c000,4096
49197,u0,0,WRITE,0x1097000,4096
49204,u1,1,WRITE,0x1000109d000,4096
49207,u0,0,READ,0x1098000,4096
49215,u1,1,READ,0x1000109e000,4096
49216,u0,0,WRITE,0x1099000,4096
49228,u1,1,READ,0x1000109f000,4096
49229,u0,0,READ,0x109a000,4096
49239,u0,0,WRITE,0x109b000,4096
49240,u1,1,READ,0x100010a0000,4096
49247,u0,0,WRITE,0x109c000,4096
49251,u3,3,WRITE,0x30007a80000,262144
49253,u1,1,READ,0x100010a1000,4096
49256,u0,0,READ,0x109d000,4096
49261,u2,2,READ,0x20007a80000,262144
49262,u1,1,READ,0x100010a2000,4096
49268,u0,0,WRITE,0x109e000,4096
49270,u1,1,READ,0x100010a3000,4096
49276,u0,0,WRITE,0x109f000,4096
49285,u1,1,WRITE,0x100010a4000,4096
49287,u0,0,WRITE,0x10a0000,4096
49297,u0,0,WRITE,0x10a1000,4096
49299,u1,1,READ,0x100010a5000,4096
49307,u1,1,READ,0x100010a6000,4096
49312,u0,0,READ,0x10a2000,4096
49316,u1,1,READ,0x100010a7000,4096
49324,u0,0,READ,0x10a3000,4096
49330,u1,1,WRITE,0x100010a8000,4096
49336,u0,0,READ,0x10a4000,4096
49339,u3,3,WRITE,0x30007ac0000,262144
49342,u1,1,WRITE,0x100010a9000,4096
49346,u0,0,WRITE,0x10a5000,4096
49354,u1,1,WRITE,0x100010aa000,4096
49357,u2,2,READ,0x20007ac0000,262144
49358,u0,0,READ,0x10a6000,4096
49364,u1,1,WRITE,0x100010ab000,4096
49372,u1,1,WRITE,0x100010ac000,4096
49373,u0,0,WRITE,0x10a7000,4096
49387,u1,1,READ,0x100010ad000,4096
49388,u0,0,WRITE,0x10a8000,4096
49399,u1,1,WRITE,0x100010ae000,4096
49400,u0,0,WRITE,0x10a9000,4096
49408,u0,0,READ,0x10aa000,4096
49408,u1,1,WRITE,0x100010af000,4096
49422,u1,1,WRITE,0x100010b0000,4096
49423,u0,0,WRITE,0x10ab000,4096
49432,u1,1,READ,0x100010b1000,4096
49433,u0,0,READ,0x10ac000,4096
49443,u3,3,READ,0x30007b00000,262144
49444,u1,1,READ,0x100010b2000,4096
49447,u0,0,WRITE,0x10ad000,4096
49456,u1,1,READ,0x100010b3000,4096
49462,u0,0,READ,0x10ae000,4096
49469,u1,1,READ,0x100010b4000,4096
49473,u0,0,WRITE,0x10af000,4096
49477,u2,2,WRITE,0x20007b00000,262144
49481,u1,1,READ,0x100010b5000,4096
49485,u0,0,READ,0x10b0000,4096
49493,u0,0,READ,0x10b1000,4096
49496,u1,1,READ,0x100010b6000,4096
49502,u0,0,READ,0x10b2000,4096
49507,u1,1,WRITE,0x100010b7000,4096
49517,u0,0,WRITE,0x10b3000,4096
49521,u1,1,WRITE,0x100010b8000,4096
49529,u0,0,WRITE,0x10b4000,4096
49535,u1,1,READ,0x100010b9000,4096
49539,u0,0,WRITE,0x10b5000,4096
49544,u1,1,READ,0x100010ba000,4096
49550,u0,0,READ,0x10b6000,4096
49553,u3,3,READ,0x30007b40000,262144
49556,u1,1,WRITE,0x100010bb000,4096
49562,u0,0,READ,0x10b7000,4096
49568,u1,1,WRITE,0x100010bc000,4096
49572,u0,0,WRITE,0x10b8000,4096
49578,u2,2,WRITE,0x20007b40000,262144
49583,u1,1,WRITE,0x100010bd000,4096
49586,u0,0,READ,0x10b9000,4096
49593,u1,1,WRITE,0x100010be000,4096
49599,u0,0,WRITE,0x10ba000,4096
49602,u1,1,WRITE,0x100010bf000,4096
49610,u1,1,READ,0x100010c0000,4096
49614,u0,0,WRITE,0x10bb000,4096
49618,u1,1,WRITE,0x100010c1000,4096
49622,u0,0,WRITE,0x10bc000,4096
49632,u0,0,READ,0x10bd000,4096
49632,u1,1,READ,0x100010c2000,4096
49641,u0,0,READ,0x10be000,4096
49646,u1,1,READ,0x100010c3000,4096
49654,u0,0,READ,0x10bf000,4096
49661,u1,1,READ,0x100010c4000,4096
49663,u0,0,READ,0x10c0000,4096
49665,u2,2,WRITE,0x20007b80000,262144
49667,u3,3,WRITE,0x30007b80000,262144
49674,u1,1,WRITE,0x100010c5000,4096
49675,u0,0,READ,0x10c1000,4096
49685,u1,1,WRITE,0x100010c6000,4096
49688,u0,0,WRITE,0x10c2000,4096
49697,u1,1,WRITE,0x100010c7000,4096
49701,u0,0,WRITE,0x10c3000,4096
49705,u1,1,WRITE,0x100010c8000,4096
49711,u0,0,WRITE,0x10c4000,4096
49717,u1,1,READ,0x100010c9000,4096
49722,u0,0,READ,0x10c5000,4096
49730,u1,1,WRITE,0x100010ca000,4096
49734,u0,0,READ,0x10c6000,4096
49739,u1,1,WRITE,0x100010cb000,4096
49749,u0,0,WRITE,0x10c7000,4096
49749,u1,1,WRITE,0x100010cc000,4096
49757,u0,0,READ,0x10c8000,4096
49759,u3,3,READ,0x30007bc0000,262144
49762,u1,1,READ,0x100010cd000,4096
49768,u0,0,READ,0x10c9000,4096
49773,u2,2,READ,0x20007bc0000,262144
49775,u1,1,READ,0x100010ce000,4096
49779,u0,0,WRITE,0x10ca000,4096
49787,u1,1,READ,0x100010cf000,4096
49791,u0,0,READ,0x10cb000,4096
49801,u1,1,READ,0x100010d0000,4096
49806,u0,0,WRITE,0x10cc000,4096
49815,u1,1,READ,0x100010d1000,4096
49818,u0,0,WRITE,0x10cd000,4096
49824,u1,1,READ,0x100010d2000,4096
49826,u0,0,WRITE,0x10ce000,4096
49833,u1,1,WRITE,0x100010d3000,4096
49837,u0,0,WRITE,0x10cf000,4096
49842,u1,1,READ,0x100010d4000,4096
49844,u3,3,WRITE,0x30007c00000,262144
49846,u0,0,READ,0x10d0000,4096
49853,u2,2,WRITE,0x20007c00000,262144
49856,u0,0,READ,0x10d1000,4096
49857,u1,1,READ,0x100010d5000,4096
49865,u0,0,WRITE,0x10d2000,4096
49865,u1,1,WRITE,0x100010d6000,4096
49875,u0,0,READ,0x10d3000,4096
49876,u1,1,WRITE,0x100010d7000,4096
49885,u0,0,READ,0x10d4000,4096
49890,u1,1,READ,0x100010d8000,4096
49894,u0,0,READ,0x10d5000,4096
49900,u1,1,WRITE,0x100010d9000,4096
49906,u0,0,WRITE,0x10d6000,4096
49914,u1,1,READ,0x100010da000,4096
49917,u0,0,WRITE,0x10d7000,4096
49927,u1,1,READ,0x100010db000,4096
49932,u0,0,READ,0x10d8000,4096
49932,u3,3,READ,0x30007c40000,262144
49940,u0,0,READ,0x10d9000,4096
49942,u1,1,READ,0x100010dc000,4096
49948,u0,0,READ,0x10da000,4096
49955,u1,1,READ,0x100010dd000,4096
49961,u0,0,WRITE,0x10db000,4096
49962,u2,2,READ,0x20007c40000,262144
49966,u1,1,READ,0x100010de000,4096
49969,u0,0,WRITE,0x10dc000,4096
49978,u1,1,WRITE,0x100010df000,4096
49979,u0,0,READ,0x10dd000,4096
49990,u0,0,READ,0x10de000,4096
49992,u1,1,READ,0x100010e0000,4096
50004,u0,0,READ,0x10df000,4096
50006,u1,1,WRITE,0x100010e1000,4096
50016,u0,0,WRITE,0x10e0000,4096
50017,u1,1,WRITE,0x100010e2000,4096
50027,u0,0,READ,0x10e1000,4096
50029,u1,1,READ,0x100010e3000,4096
50039,u1,1,READ,0x100010e4000,4096
50040,u0,0,READ,0x10e2000,4096
50048,u0,0,WRITE,0x10e3000,4096
50050,u3,3,WRITE,0x30007c80000,262144
50054,u1,1,WRITE,0x100010e5000,4096
50055,u2,2,READ,0x20007c80000,262144
50063,u0,0,WRITE,0x10e4000,4096
50065,u1,1,READ,0x100010e6000,4096
50071,u0,0,READ,0x10e5000,4096
50074,u1,1,WRITE,0x100010e7000,4096
50082,u1,1,READ,0x100010e8000,4096
50086,u0,0,READ,0x10e6000,4096
50093,u1,1,READ,0x100010e9000,4096
50097,u0,0,READ,0x10e7000,4096
50104,u1,1,READ,0x100010ea000,4096
50112,u0,0,READ,0x10e8000,4096
50112,u1,1,READ,0x100010eb000,4096
50120,u1,1,READ,0x100010ec000,4096
50125,u0,0,READ,0x10e9000,4096
50134,u1,1,READ,0x100010ed000,4096
50136,u0,0,WRITE,0x10ea000,4096
50143,u3,3,WRITE,0x30007cc0000,262144
50146,u1,1,WRITE,0x100010ee000,4096
50150,u0,0,WRITE,0x10eb000,4096
50154,u1,1,READ,0x100010ef000,4096
50161,u0,0,READ,0x10ec000,4096
50166,u1,1,READ,0x100010f0000,4096
50170,u0,0,WRITE,0x10ed000,4096
50174,u2,2,WRITE,0x20007cc0000,262144
50179,u1,1,READ,0x100010f1000,4096
50182,u0,0,READ,0x10ee000,4096
50187,u1,1,READ,0x100010f2000,4096
50194,u0,0,READ,0x10ef000,4096
50200,u1,1,READ,0x100010f3000,4096
50205,u0,0,WRITE,0x10f0000,4096
50215,u1,1,READ,0x100010f4000,4096
50218,u0,0,READ,0x10f1000,4096
50223,u1,1,WRITE,0x100010f5000,4096
50228,u0,0,WRITE,0x10f2000,4096
50231,u1,1,READ,0x100010f6000,4096
50242,u0,0,WRITE,0x10f3000,4096
50246,u1,1,WRITE,0x100010f7000,4096
50250,u0,0,READ,0x10f4000,4096
50254,u1,1,READ,0x100010f8000,4096
50263,u0,0,READ,0x10f5000,4096
50265,u1,1,READ,0x100010f9000,4096
50274,u1,1,WRITE,0x100010fa000,4096
50276,u0,0,READ,0x10f6000,4096
50283,u1,1,WRITE,0x100010fb000,4096
50288,u0,0,READ,0x10f7000,4096
50294,u1,1,WRITE,0x100010fc000,4096
50303,u0,0,WRITE,0x10f8000,4096
50308,u1,1,WRITE,0x100010fd000,4096
50316,u0,0,WRITE,0x10f9000,4096
50319,u1,1,READ,0x100010fe000,4096
50327,u0,0,READ,0x10fa000,4096
50333,u1,1,WRITE,0x100010ff000,4096
50338,u0,0,READ,0x10fb000,4096
50347,u1,1,READ,0x10001100000,4096
50353,u0,0,WRITE,0x10fc000,4096
50358,u1,1,READ,0x10001101000,4096
50364,u0,0,READ,0x10fd000,4096
50373,u1,1,WRITE,0x10001102000,4096
50375,u0,0,WRITE,0x10fe000,4096
50388,u1,1,WRITE,0x10001103000,4096
50390,u0,0,READ,0x10ff000,4096
50403,u1,1,WRITE,0x10001104000,4096
50404,u0,0,WRITE,0x1100000,4096
50418,u0,0,WRITE,0x1101000,4096
50418,u1,1,READ,0x10001105000,4096
50432,u1,1,WRITE,0x10001106000,4096
50433,u0,0,READ,0x1102000,4096
50441,u0,0,READ,0x1103000,4096
50444,u1,1,WRITE,0x10001107000,4096
50449,u0,0,WRITE,0x1104000,4096
50454,u1,1,WRITE,0x10001108000,4096
50457,u0,0,READ,0x1105000,4096
50463,u1,1,READ,0x10001109000,4096
50471,u0,0,READ,0x1106000,4096
50475,u1,1,WRITE,0x1000110a000,4096
50484,u0,0,WRITE,0x1107000,4096
50490,u1,1,WRITE,0x1000110b000,4096
50499,u0,0,READ,0x1108000,4096
50499,u1,1,WRITE,0x1000110c000,4096
50507,u0,0,READ,0x1109000,4096
50511,u1,1,READ,0x1000110d000,4096
50517,u0,0,WRITE,0x110a000,4096
50521,u1,1,READ,0x1000110e000,4096
50528,u0,0,WRITE,0x110b000,4096
50531,u1,1,WRITE,0x1000110f000,4096
50536,u0,0,WRITE,0x110c000,4096
50546,u1,1,READ,0x10001110000,4096
50550,u0,0,READ,0x110d000,4096
50554,u1,1,WRITE,0x10001111000,4096
50558,u0,0,READ,0x110e000,4096
50569,u0,0,WRITE,0x110f000,4096
50569,u1,1,READ,0x10001112000,4096
50582,u1,1,READ,0x10001113000,4096
50583,u0,0,WRITE,0x1110000,4096
50594,u0,0,READ,0x1111000,4096
50596,u1,1,READ,0x10001114000,4096
50608,u1,1,WRITE,0x10001115000,4096
50609,u0,0,WRITE,0x1112000,4096
50617,u1,1,WRITE,0x10001116000,4096
50619,u0,0,WRITE,0x1113000,4096
50631,u1,1,READ,0x10001117000,4096
50634,u0,0,READ,0x1114000,4096
50644,u1,1,WRITE,0x10001118000,4096
50648,u0,0,WRITE,0x1115000,4096
50653,u1,1,READ,0x10001119000,4096
50658,u0,0,READ,0x1116000,4096
50662,u1,1,WRITE,0x1000111a000,4096
50673,u0,0,READ,0x1117000,4096
50673,u1,1,WRITE,0x1000111b000,4096
50681,u1,1,READ,0x1000111c000,4096
50682,u0,0,READ,0x1118000,4096
50693,u1,1,WRITE,0x1000111d000,4096
50695,u0,0,READ,0x1119000,4096
50702,u1,1,READ,0x1000111e000,4096
50707,u0,0,WRITE,0x111a000,4096
50712,u1,1,READ,0x1000111f000,4096
50718,u0,0,WRITE,0x111b000,4096
50723,u1,1,READ,0x10001120000,4096
50728,u0,0,WRITE,0x111c000,4096
50735,u1,1,READ,0x10001121000,4096
50736,u0,0,READ,0x111d000,4096
50745,u1,1,WRITE,0x10001122000,4096
50751,u0,0,WRITE,0x111e000,4096
50754,u1,1,WRITE,0x10001123000,4096
50760,u0,0,READ,0x111f000,4096
50766,u1,1,READ,0x10001124000,4096
50772,u0,0,READ,0x1120000,4096
50780,u1,1,READ,0x10001125000,4096
50784,u0,0,WRITE,0x1121000,4096
50793,u0,0,WRITE,0x1122000,4096
50795,u1,1,WRITE,0x10001126000,4096
50806,u1,1,WRITE,0x10001127000,4096
50807,u0,0,WRITE,0x1123000,4096
50820,u0,0,WRITE,0x1124000,4096
50821,u1,1,WRITE,0x10001128000,4096
50831,u1,1,READ,0x10001129000,4096
50834,u0,0,READ,0x1125000,4096
50841,u1,1,READ,0x1000112a000,4096
50846,u0,0,WRITE,0x1126000,4096
50852,u1,1,READ,0x1000112b000,4096
50858,u0,0,READ,0x1127000,4096
50860,u1,1,READ,0x1000112c000,4096
50868,u0,0,WRITE,0x1128000,4096
50873,u1,1,WRITE,0x1000112d000,4096
50883,u0,0,WRITE,0x1129000,4096
50885,u1,1,READ,0x1000112e000,4096
50892,u0,0,WRITE,0x112a000,4096
50897,u1,1,WRITE,0x1000112f000,4096
50907,u0,0,WRITE,0x112b000,4096
50908,u1,1,WRITE,0x10001130000,4096
50918,u0,0,WRITE,0x112c000,4096
50918,u1,1,WRITE,0x10001131000,4096
50926,u1,1,WRITE,0x10001132000,4096
50932,u0,0,WRITE,0x112d000,4096
50939,u1,1,READ,0x10001133000,4096
50940,u0,0,WRITE,0x112e000,4096
50948,u0,0,READ,0x112f000,4096
50953,u1,1,WRITE,0x10001134000,4096
50957,u0,0,WRITE,0x1130000,4096
50962,u1,1,READ,0x10001135000,4096
50967,u0,0,READ,0x1131000,4096
50973,u1,1,READ,0x10001136000,4096
50976,u0,0,WRITE,0x1132000,4096
50987,u0,0,READ,0x1133000,4096
50988,u1,1,WRITE,0x10001137000,4096
50996,u1,1,WRITE,0x10001138000,4096
51001,u0,0,READ,0x1134000,4096
51005,u1,1,WRITE,0x10001139000,4096
51009,u0,0,READ,0x1135000,4096
51017,u1,1,READ,0x1000113a000,4096
51018,u0,0,READ,0x1136000,4096
51031,u0,0,READ,0x1137000,4096
51031,u1,1,READ,0x1000113b000,4096
51039,u1,1,WRITE,0x1000113c000,4096
51040,u0,0,WRITE,0x1138000,4096
51052,u1,1,READ,0x1000113d000,4096
51054,u0,0,WRITE,0x1139000,4096
51060,u1,1,READ,0x1000113e000,4096
51068,u0,0,WRITE,0x113a000,4096
51073,u1,1,READ,0x1000113f000,4096
51077,u0,0,WRITE,0x113b000,4096
51083,u1,1,READ,0x10001140000,4096
51085,u0,0,WRITE,0x113c000,4096
51096,u0,0,READ,0x113d000,4096
51097,u1,1,READ,0x10001141000,4096
51104,u0,0,WRITE,0x113e000,4096
51105,u1,1,WRITE,0x10001142000,4096
51112,u0,0,WRITE,0x113f000,4096
51113,u1,1,READ,0x10001143000,4096
51121,u1,1,READ,0x10001144000,4096
51126,u0,0,WRITE,0x1140000,4096
51134,u1,1,READ,0x10001145000,4096
51139,u0,0,READ,0x1141000,4096
51142,u1,1,WRITE,0x10001146000,4096
51151,u0,0,READ,0x1142000,4096
51154,u1,1,READ,0x10001147000,4096
51163,u1,1,READ,0x10001148000,4096
51165,u0,0,WRITE,0x1143000,4096
51177,u1,1,WRITE,0x10001149000,4096
51179,u0,0,READ,0x1144000,4096
51185,u1,1,WRITE,0x1000114a000,4096
51194,u0,0,WRITE,0x1145000,4096
51198,u1,1,WRITE,0x1000114b000,4096
51204,u0,0,WRITE,0x1146000,4096
51208,u1,1,READ,0x1000114c000,4096
51219,u0,0,READ,0x1147000,4096
51222,u1,1,READ,0x1000114d000,4096
51231,u0,0,READ,0x1148000,4096
51232,u1,1,READ,0x1000114e000,4096
51239,u0,0,READ,0x1149000,4096
51241,u1,1,READ,0x1000114f000,4096
51251,u1,1,WRITE,0x10001150000,4096
51253,u0,0,WRITE,0x114a000,4096
51261,u0,0,WRITE,0x114b000,4096
51262,u1,1,WRITE,0x10001151000,4096
51270,u1,1,READ,0x10001152000,4096
51271,u0,0,READ,0x114c000,4096
51279,u0,0,WRITE,0x114d000,4096
51285,u1,1,READ,0x10001153000,4096
51291,u0,0,WRITE,0x114e000,4096
51296,u1,1,WRITE,0x10001154000,4096
51305,u0,0,WRITE,0x114f000,4096
51310,u1,1,WRITE,0x10001155000,4096
51315,u0,0,READ,0x1150000,4096
51318,u1,1,WRITE,0x10001156000,4096
51330,u0,0,WRITE,0x1151000,4096
51333,u1,1,READ,0x10001157000,4096
51344,u0,0,WRITE,0x1152000,4096
51344,u1,1,READ,0x10001158000,4096
51356,u1,1,WRITE,0x10001159000,4096
51358,u0,0,WRITE,0x1153000,4096
51367,u1,1,WRITE,0x1000115a000,4096
51371,u0,0,READ,0x1154000,4096
51377,u1,1,READ,0x1000115b000,4096
51386,u0,0,READ,0x1155000,4096
51392,u1,1,WRITE,0x1000115c000,4096
51394,u0,0,READ,0x1156000,4096
51406,u0,0,READ,0x1157000,4096
51407,u1,1,WRITE,0x1000115d000,4096
51414,u0,0,WRITE,0x1158000,4096
51421,u1,1,READ,0x1000115e000,4096
51423,u0,0,WRITE,0x1159000,4096
51433,u1,1,WRITE,0x1000115f000,4096
51437,u0,0,READ,0x115a000,4096
51447,u1,1,WRITE,0x10001160000,4096
51448,u0,0,READ,0x115b000,4096
51460,u1,1,READ,0x10001161000,4096
51462,u0,0,READ,0x115c000,4096
51470,u0,0,READ,0x115d000,4096
51470,u1,1,READ,0x10001162000,4096
51478,u0,0,READ,0x115e000,4096
51482,u1,1,WRITE,0x10001163000,4096
51487,u0,0,READ,0x115f000,4096
51492,u1,1,READ,0x10001164000,4096
51495,u0,0,READ,0x1160000,4096
51500,u1,1,WRITE,0x10001165000,4096
51510,u0,0,READ,0x1161000,4096
51515,u1,1,READ,0x10001166000,4096
51518,u0,0,READ,0x1162000,4096
51527,u0,0,READ,0x1163000,4096
51527,u1,1,READ,0x10001167000,4096
51540,u1,1,WRITE,0x10001168000,4096
51542,u0,0,READ,0x1164000,4096
51555,u1,1,WRITE,0x10001169000,4096
51556,u0,0,WRITE,0x1165000,4096
51565,u0,0,WRITE,0x1166000,4096
51569,u1,1,WRITE,0x1000116a000,4096
51577,u0,0,READ,0x1167000,4096
51582,u1,1,READ,0x1000116b000,4096
51585,u0,0,WRITE,0x1168000,4096
51592,u1,1,READ,0x1000116c000,4096
51599,u0,0,WRITE,0x1169000,4096
51607,u1,1,WRITE,0x1000116d000,4096
51614,u0,0,READ,0x116a000,4096
51619,u1,1,READ,0x1000116e000,4096
51628,u0,0,WRITE,0x116b000,4096
51629,u1,1,WRITE,0x1000116f000,4096
51638,u0,0,READ,0x116c000,4096
51642,u1,1,READ,0x10001170000,4096
51649,u0,0,READ,0x116d000,4096
51655,u1,1,READ,0x10001171000,4096
51664,u0,0,WRITE,0x116e000,4096
51670,u1,1,WRITE,0x10001172000,4096
51676,u0,0,WRITE,0x116f000,4096
51681,u1,1,READ,0x10001173000,4096
51690,u1,1,WRITE,0x10001174000,4096
51691,u0,0,WRITE,0x1170000,4096
51701,u0,0,READ,0x1171000,4096
51705,u1,1,WRITE,0x10001175000,4096
51712,u0,0,READ,0x1172000,4096
51716,u1,1,READ,0x10001176000,4096
51725,u1,1,READ,0x10001177000,4096
51726,u0,0,WRITE,0x1173000,4096
51740,u0,0,WRITE,0x1174000,4096
51740,u1,1,WRITE,0x10001178000,4096
51754,u0,0,WRITE,0x1175000,4096
51755,u1,1,READ,0x10001179000,4096
51769,u0,0,WRITE,0x1176000,4096
51769,u1,1,WRITE,0x1000117a000,4096
51779,u0,0,WRITE,0x1177000,4096
51784,u1,1,WRITE,0x1000117b000,4096
51790,u0,0,READ,0x1178000,4096
51793,u1,1,WRITE,0x1000117c000,4096
51798,u0,0,WRITE,0x1179000,4096
51801,u1,1,READ,0x1000117d000,4096
51813,u0,0,READ,0x117a000,4096
51816,u1,1,WRITE,0x1000117e000,4096
51826,u0,0,READ,0x117b000,4096
51826,u1,1,READ,0x1000117f000,4096
51839,u0,0,WRITE,0x117c000,4096
51840,u1,1,WRITE,0x10001180000,4096
51852,u0,0,READ,0x117d000,4096
51854,u1,1,WRITE,0x10001181000,4096
51863,u0,0,WRITE,0x117e000,4096
51868,u1,1,READ,0x10001182000,4096
51874,u0,0,READ,0x117f000,4096
51880,u1,1,WRITE,0x10001183000,4096
51884,u0,0,WRITE,0x1180000,4096
51890,u1,1,WRITE,0x10001184000,4096
51893,u0,0,READ,0x1181000,4096
51903,u1,1,WRITE,0x10001185000,4096
51906,u0,0,READ,0x1182000,4096
51911,u1,1,WRITE,0x10001186000,4096
51915,u0,0,READ,0x1183000,4096
51924,u1,1,READ,0x10001187000,4096
51925,u0,0,WRITE,0x1184000,4096
51935,u0,0,WRITE,0x1185000,4096
51936,u1,1,READ,0x10001188000,4096
51946,u1,1,WRITE,0x10001189000,4096
51949,u0,0,READ,0x1186000,4096
51958,u0,0,WRITE,0x1187000,4096
51960,u1,1,READ,0x1000118a000,4096
51973,u0,0,READ,0x1188000,4096
51974,u1,1,READ,0x1000118b000,4096
51986,u0,0,READ,0x1189000,4096
51988,u1,1,WRITE,0x1000118c000,4096
51997,u1,1,READ,0x1000118d000,4096
51998,u0,0,WRITE,0x118a000,4096
52006,u1,1,READ,0x1000118e000,4096
52008,u0,0,WRITE,0x118b000,4096
52018,u1,1,WRITE,0x1000118f000,4096
52019,u0,0,WRITE,0x118c000,4096
52029,u1,1,WRITE,0x10001190000,4096
52032,u0,0,WRITE,0x118d000,4096
52039,u1,1,WRITE,0x10001191000,4096
52046,u0,0,WRITE,0x118e000,4096
52054,u1,1,WRITE,0x10001192000,4096
52061,u0,0,WRITE,0x118f000,4096
52068,u1,1,WRITE,0x10001193000,4096
52070,u0,0,WRITE,0x1190000,4096
52079,u0,0,WRITE,0x1191000,4096
52082,u1,1,READ,0x10001194000,4096
52088,u0,0,READ,0x1192000,4096
52091,u1,1,WRITE,0x10001195000,4096
52097,u0,0,WRITE,0x1193000,4096
52103,u1,1,READ,0x10001196000,4096
52111,u0,0,WRITE,0x1194000,4096
52117,u1,1,WRITE,0x10001197000,4096
52119,u0,0,READ,0x1195000,4096
52126,u1,1,READ,0x10001198000,4096
52134,u0,0,WRITE,0x1196000,4096
52139,u1,1,WRITE,0x10001199000,4096
52146,u0,0,READ,0x1197000,4096
52153,u1,1,READ,0x1000119a000,4096
52158,u0,0,READ,0x1198000,4096
52162,u1,1,WRITE,0x1000119b000,4096
52170,u0,0,READ,0x1199000,4096
52175,u1,1,READ,0x1000119c000,4096
52183,u0,0,WRITE,0x119a000,4096
52185,u1,1,READ,0x1000119d000,4096
52192,u0,0,READ,0x119b000,4096
52197,u1,1,READ,0x1000119e000,4096
52203,u0,0,WRITE,0x119c000,4096
52207,u1,1,READ,0x1000119f000,4096
52213,u0,0,READ,0x119d000,4096
52221,u1,1,WRITE,0x100011a0000,4096
52222,u0,0,WRITE,0x119e000,4096
52231,u0,0,WRITE,0x119f000,4096
52234,u1,1,READ,0x100011a1000,4096
52241,u0,0,READ,0x11a0000,4096
52247,u1,1,WRITE,0x100011a2000,4096
52249,u0,0,READ,0x11a1000,4096
52262,u1,1,WRITE,0x100011a3000,4096
52263,u0,0,WRITE,0x11a2000,4096
52271,u0,0,WRITE,0x11a3000,4096
52273,u1,1,WRITE,0x100011a4000,4096
52280,u0,0,WRITE,0x11a4000,4096
52282,u1,1,READ,0x100011a5000,4096
52292,u0,0,READ,0x11a5000,4096
52293,u1,1,READ,0x100011a6000,4096
52301,u0,0,READ,0x11a6000,4096
52303,u1,1,READ,0x100011a7000,4096
52315,u0,0,WRITE,0x11a7000,4096
52318,u1,1,WRITE,0x100011a8000,4096
52327,u1,1,READ,0x100011a9000,4096
52329,u0,0,READ,0x11a8000,4096
52336,u1,1,WRITE,0x100011aa000,4096
52344,u0,0,WRITE,0x11a9000,4096
52344,u1,1,READ,0x100011ab000,4096
52354,u0,0,WRITE,0x11aa000,4096
52356,u1,1,WRITE,0x100011ac000,4096
52364,u1,1,READ,0x100011ad000,4096
52366,u0,0,READ,0x11ab000,4096
52374,u0,0,READ,0x11ac000,4096
52376,u1,1,READ,0x100011ae000,4096
52389,u0,0,READ,0x11ad000,4096
52389,u1,1,WRITE,0x100011af000,4096
52397,u0,0,READ,0x11ae000,4096
52402,u1,1,READ,0x100011b0000,4096
52410,u0,0,WRITE,0x11af000,4096
52417,u1,1,READ,0x100011b1000,4096
52422,u0,0,WRITE,0x11b0000,4096
52428,u1,1,READ,0x100011b2000,4096
52430,u0,0,READ,0x11b1000,4096
52438,u1,1,READ,0x100011b3000,4096
52445,u0,0,READ,0x11b2000,4096
52447,u1,1,READ,0x100011b4000,4096
52456,u1,1,WRITE,0x100011b5000,4096
52458,u0,0,WRITE,0x11b3000,4096
52467,u1,1,READ,0x100011b6000,4096
52468,u0,0,READ,0x11b4000,4096
52476,u0,0,READ,0x11b5000,4096
52479,u1,1,WRITE,0x100011b7000,4096
52484,u0,0,READ,0x11b6000,4096
52490,u1,1,READ,0x100011b8000,4096
52497,u0,0,READ,0x11b7000,4096
52498,u1,1,WRITE,0x100011b9000,4096
52511,u0,0,READ,0x11b8000,4096
52512,u1,1,WRITE,0x100011ba000,4096
52524,u0,0,WRITE,0x11b9000,4096
52527,u1,1,READ,0x100011bb000,4096
52538,u0,0,READ,0x11ba000,4096
52542,u1,1,WRITE,0x100011bc000,4096
52548,u0,0,WRITE,0x11bb000,4096
52554,u1,1,WRITE,0x100011bd000,4096
52560,u0,0,WRITE,0x11bc000,4096
52568,u1,1,READ,0x100011be000,4096
52575,u0,0,READ,0x11bd000,4096
52577,u1,1,WRITE,0x100011bf000,4096
52584,u0,0,WRITE,0x11be000,4096
52588,u1,1,READ,0x100011c0000,4096
52597,u0,0,WRITE,0x11bf000,4096
52598,u1,1,READ,0x100011c1000,4096
52608,u0,0,READ,0x11c0000,4096
52610,u1,1,READ,0x100011c2000,4096
52621,u0,0,READ,0x11c1000,4096
52622,u1,1,READ,0x100011c3000,4096
52629,u0,0,READ,0x11c2000,4096
52630,u1,1,WRITE,0x100011c4000,4096
52639,u0,0,WRITE,0x11c3000,4096
52644,u1,1,READ,0x100011c5000,4096
52652,u1,1,WRITE,0x100011c6000,4096
52653,u0,0,READ,0x11c4000,4096
52665,u0,0,WRITE,0x11c5000,4096
52667,u1,1,WRITE,0x100011c7000,4096
52675,u0,0,WRITE,0x11c6000,4096
52675,u1,1,WRITE,0x100011c8000,4096
52685,u1,1,WRITE,0x100011c9000,4096
52690,u0,0,WRITE,0x11c7000,4096
52699,u1,1,READ,0x100011ca000,4096
52705,u0,0,WRITE,0x11c8000,4096
52712,u1,1,WRITE,0x100011cb000,4096
52720,u0,0,READ,0x11c9000,4096
52727,u1,1,READ,0x100011cc000,4096
52733,u0,0,WRITE,0x11ca000,4096
52739,u1,1,READ,0x100011cd000,4096
52743,u0,0,READ,0x11cb000,4096
52751,u1,1,READ,0x100011ce000,4096
52753,u0,0,READ,0x11cc000,4096
52762,u1,1,READ,0x100011cf000,4096
52766,u0,0,WRITE,0x11cd000,4096
52774,u1,1,WRITE,0x100011d0000,4096
52778,u0,0,READ,0x11ce000,4096
52782,u1,1,WRITE,0x100011d1000,4096
52790,u0,0,READ,0x11cf000,4096
52792,u1,1,READ,0x100011d2000,4096
52800,u0,0,READ,0x11d0000,4096
52803,u1,1,WRITE,0x100011d3000,4096
52808,u0,0,READ,0x11d1000,4096
52811,u1,1,WRITE,0x100011d4000,4096
52820,u1,1,WRITE,0x100011d5000,4096
52821,u0,0,WRITE,0x11d2000,4096
52830,u1,1,READ,0x100011d6000,4096
52834,u0,0,READ,0x11d3000,4096
52840,u1,1,WRITE,0x100011d7000,4096
52846,u0,0,WRITE,0x11d4000,4096
52849,u1,1,READ,0x100011d8000,4096
52858,u1,1,WRITE,0x100011d9000,4096
52859,u0,0,WRITE,0x11d5000,4096
52868,u0,0,READ,0x11d6000,4096
52871,u1,1,READ,0x100011da000,4096
52881,u0,0,WRITE,0x11d7000,4096
52885,u1,1,WRITE,0x100011db000,4096
52892,u0,0,READ,0x11d8000,4096
52893,u1,1,READ,0x100011dc000,4096
52902,u1,1,WRITE,0x100011dd000,4096
52903,u0,0,READ,0x11d9000,4096
52911,u0,0,WRITE,0x11da000,4096
52915,u1,1,READ,0x100011de000,4096
52922,u0,0,WRITE,0x11db000,4096
52926,u1,1,READ,0x100011df000,4096
52933,u0,0,READ,0x11dc000,4096
52934,u1,1,WRITE,0x100011e0000,4096
52946,u0,0,WRITE,0x11dd000,4096
52949,u1,1,READ,0x100011e1000,4096
52959,u0,0,READ,0x11de000,4096
52962,u1,1,READ,0x100011e2000,4096
52970,u0,0,READ,0x11df000,4096
52970,u1,1,WRITE,0x100011e3000,4096
52981,u0,0,READ,0x11e0000,4096
52981,u1,1,READ,0x100011e4000,4096
52991,u0,0,READ,0x11e1000,4096
52995,u1,1,READ,0x100011e5000,4096
53002,u0,0,WRITE,0x11e2000,4096
53006,u1,1,READ,0x100011e6000,4096
53017,u0,0,WRITE,0x11e3000,4096
53021,u1,1,WRITE,0x100011e7000,4096
53031,u0,0,READ,0x11e4000,4096
53033,u1,1,READ,0x100011e8000,4096
53045,u0,0,READ,0x11e5000,4096
53047,u1,1,READ,0x100011e9000,4096
53053,u0,0,READ,0x11e6000,4096
53059,u1,1,WRITE,0x100011ea000,4096
53064,u0,0,READ,0x11e7000,4096
53071,u1,1,READ,0x100011eb000,4096
53072,u0,0,READ,0x11e8000,4096
53082,u1,1,READ,0x100011ec000,4096
53084,u0,0,WRITE,0x11e9000,4096
53090,u1,1,WRITE,0x100011ed000,4096
53097,u0,0,WRITE,0x11ea000,4096
53101,u1,1,READ,0x100011ee000,4096
53105,u0,0,WRITE,0x11eb000,4096
53112,u1,1,WRITE,0x100011ef000,4096
53117,u0,0,WRITE,0x11ec000,4096
53125,u1,1,WRITE,0x100011f0000,4096
53127,u0,0,WRITE,0x11ed000,4096
53136,u1,1,READ,0x100011f1000,4096
53139,u0,0,READ,0x11ee000,4096
53149,u0,0,WRITE,0x11ef000,4096
53150,u1,1,WRITE,0x100011f2000,4096
53159,u0,0,READ,0x11f0000,4096
53165,u1,1,READ,0x100011f3000,4096
53172,u0,0,WRITE,0x11f1000,4096
53178,u1,1,WRITE,0x100011f4000,4096
53182,u0,0,WRITE,0x11f2000,4096
53188,u1,1,READ,0x100011f5000,4096
53197,u0,0,READ,0x11f3000,4096
53202,u1,1,WRITE,0x100011f6000,4096
53211,u0,0,WRITE,0x11f4000,4096
53214,u1,1,WRITE,0x100011f7000,4096
53221,u0,0,WRITE,0x11f5000,4096
53228,u1,1,WRITE,0x100011f8000,4096
53234,u0,0,WRITE,0x11f6000,4096
53238,u1,1,READ,0x100011f9000,4096
53247,u1,1,WRITE,0x100011fa000,4096
53249,u0,0,WRITE,0x11f7000,4096
53256,u1,1,READ,0x100011fb000,4096
53263,u0,0,READ,0x11f8000,4096
53269,u1,1,WRITE,0x100011fc000,4096
53271,u0,0,READ,0x11f9000,4096
53280,u1,1,WRITE,0x100011fd000,4096
53281,u0,0,WRITE,0x11fa000,4096
53290,u1,1,WRITE,0x100011fe000,4096
53291,u0,0,READ,0x11fb000,4096
53298,u1,1,READ,0x100011ff000,4096
53302,u0,0,WRITE,0x11fc000,4096
53307,u1,1,READ,0x10001200000,4096
53311,u0,0,WRITE,0x11fd000,4096
53317,u1,1,WRITE,0x10001201000,4096
53326,u0,0,READ,0x11fe000,4096
53330,u1,1,READ,0x10001202000,4096
53334,u0,0,READ,0x11ff000,4096
53344,u1,1,READ,0x10001203000,4096
53347,u0,0,READ,0x1200000,4096
53352,u1,1,READ,0x10001204000,4096
53357,u0,0,WRITE,0x1201000,4096
53362,u1,1,WRITE,0x10001205000,4096
53372,u0,0,WRITE,0x1202000,4096
53374,u1,1,READ,0x10001206000,4096
53383,u0,0,WRITE,0x1203000,4096
53387,u1,1,READ,0x10001207000,4096
53392,u0,0,WRITE,0x1204000,4096
53402,u1,1,READ,0x10001208000,4096
53404,u0,0,WRITE,0x1205000,4096
53417,u1,1,READ,0x10001209000,4096
53419,u0,0,READ,0x1206000,4096
53428,u1,1,WRITE,0x1000120a000,4096
53432,u0,0,WRITE,0x1207000,4096
53441,u1,1,WRITE,0x1000120b000,4096
53446,u0,0,READ,0x1208000,4096
53455,u1,1,WRITE,0x1000120c000,4096
53461,u0,0,READ,0x1209000,4096
53470,u1,1,READ,0x1000120d000,4096
53476,u0,0,WRITE,0x120a000,4096
53478,u1,1,READ,0x1000120e000,4096
53488,u1,1,READ,0x1000120f000,4096
53491,u0,0,READ,0x120b000,4096
53499,u0,0,WRITE,0x120c000,4096
53500,u1,1,READ,0x10001210000,4096
53512,u0,0,READ,0x120d000,4096
53514,u1,1,WRITE,0x10001211000,4096
53522,u0,0,WRITE,0x120e000,4096
53526,u1,1,WRITE,0x10001212000,4096
53531,u0,0,WRITE,0x120f000,4096
53538,u1,1,READ,0x10001213000,4096
53541,u0,0,WRITE,0x1210000,4096
53549,u1,1,WRITE,0x10001214000,4096
53552,u0,0,WRITE,0x1211000,4096
53557,u1,1,WRITE,0x10001215000,4096
53565,u1,1,READ,0x10001216000,4096
53566,u0,0,WRITE,0x1212000,4096
53578,u1,1,WRITE,0x10001217000,4096
53579,u0,0,READ,0x1213000,4096
53591,u1,1,WRITE,0x10001218000,4096
53592,u0,0,WRITE,0x1214000,4096
53606,u1,1,READ,0x10001219000,4096
53607,u0,0,WRITE,0x1215000,4096
53617,u1,1,WRITE,0x1000121a000,4096
53621,u0,0,READ,0x1216000,4096
53632,u1,1,READ,0x1000121b000,4096
53633,u0,0,READ,0x1217000,4096
53642,u1,1,READ,0x1000121c000,4096
53643,u0,0,WRITE,0x1218000,4096
53651,u1,1,WRITE,0x1000121d000,4096
53657,u0,0,READ,0x1219000,4096
53665,u1,1,READ,0x1000121e000,4096
53667,u0,0,READ,0x121a000,4096
53674,u1,1,WRITE,0x1000121f000,4096
53678,u0,0,WRITE,0x121b000,4096
53684,u1,1,READ,0x10001220000,4096
53692,u0,0,WRITE,0x121c000,4096
53699,u1,1,WRITE,0x10001221000,4096
53704,u0,0,WRITE,0x121d000,4096
53707,u1,1,READ,0x10001222000,4096
53714,u0,0,WRITE,0x121e000,4096
53721,u1,1,WRITE,0x10001223000,4096
53728,u0,0,READ,0x121f000,4096
53733,u1,1,WRITE,0x10001224000,4096
53736,u0,0,READ,0x1220000,4096
53748,u1,1,READ,0x10001225000,4096
53750,u0,0,READ,0x1221000,4096
53761,u1,1,WRITE,0x10001226000,4096
53764,u0,0,WRITE,0x1222000,4096
53769,u1,1,WRITE,0x10001227000,4096
53775,u0,0,WRITE,0x1223000,4096
53778,u1,1,WRITE,0x10001228000,4096
53787,u0,0,READ,0x1224000,4096
53792,u1,1,WRITE,0x10001229000,4096
53795,u0,0,WRITE,0x1225000,4096
53804,u1,1,READ,0x1000122a000,4096
53806,u0,0,WRITE,0x1226000,4096
53815,u1,1,READ,0x1000122b000,4096
53816,u0,0,WRITE,0x1227000,4096
53825,u0,0,READ,0x1228000,4096
53825,u1,1,READ,0x1000122c000,4096
53838,u1,1,WRITE,0x1000122d000,4096
53839,u0,0,READ,0x1229000,4096
53848,u1,1,READ,0x1000122e000,4096
53849,u0,0,READ,0x122a000,4096
53857,u1,1,WRITE,0x1000122f000,4096
53862,u0,0,WRITE,0x122b000,4096
53871,u0,0,WRITE,0x122c000,4096
53872,u1,1,READ,0x10001230000,4096
53880,u1,1,WRITE,0x10001231000,4096
53882,u0,0,READ,0x122d000,4096
53888,u1,1,WRITE,0x10001232000,4096
53893,u0,0,WRITE,0x122e000,4096
53898,u1,1,READ,0x10001233000,4096
53906,u0,0,READ,0x122f000,4096
53906,u1,1,READ,0x10001234000,4096
53916,u1,1,WRITE,0x10001235000,4096
53919,u0,0,WRITE,0x1230000,4096
53924,u1,1,WRITE,0x10001236000,4096
53933,u0,0,WRITE,0x1231000,4096
53935,u1,1,WRITE,0x10001237000,4096
53946,u0,0,WRITE,0x1232000,4096
53948,u1,1,READ,0x10001238000,4096
53956,u1,1,WRITE,0x10001239000,4096
53960,u0,0,WRITE,0x1233000,4096
53964,u1,1,READ,0x1000123a000,4096
53969,u0,0,READ,0x1234000,4096
53978,u1,1,READ,0x1000123b000,4096
53982,u0,0,READ,0x1235000,4096
53990,u0,0,WRITE,0x1236000,4096
53993,u1,1,READ,0x1000123c000,4096
54001,u1,1,WRITE,0x1000123d000,4096
54004,u0,0,WRITE,0x1237000,4096
54013,u0,0,READ,0x1238000,4096
54013,u1,1,READ,0x1000123e000,4096
54021,u0,0,READ,0x1239000,4096
54023,u1,1,READ,0x1000123f000,4096
54033,u0,0,WRITE,0x123a000,4096
54038,u1,1,WRITE,0x10001240000,4096
54043,u0,0,WRITE,0x123b000,4096
54047,u1,1,WRITE,0x10001241000,4096
54054,u0,0,WRITE,0x123c000,4096
54062,u0,0,READ,0x123d000,4096
54062,u1,1,READ,0x10001242000,4096
54070,u1,1,WRITE,0x10001243000,4096
54076,u0,0,WRITE,0x123e000,4096
54084,u1,1,READ,0x10001244000,4096
54089,u0,0,WRITE,0x123f000,4096
54098,u1,1,WRITE,0x10001245000,4096
54101,u0,0,READ,0x1240000,4096
54111,u1,1,READ,0x10001246000,4096
54113,u0,0,READ,0x1241000,4096
54125,u1,1,WRITE,0x10001247000,4096
54128,u0,0,READ,0x1242000,4096
54135,u1,1,READ,0x10001248000,4096
54137,u0,0,WRITE,0x1243000,4096
54146,u1,1,READ,0x10001249000,4096
54147,u0,0,READ,0x1244000,4096
54154,u1,1,READ,0x1000124a000,4096
54162,u0,0,WRITE,0x1245000,4096
54167,u1,1,READ,0x1000124b000,4096
54176,u0,0,READ,0x1246000,4096
54179,u1,1,WRITE,0x1000124c000,4096
54187,u0,0,WRITE,0x1247000,4096
54192,u1,1,READ,0x1000124d000,4096
54196,u0,0,WRITE,0x1248000,4096
54203,u1,1,READ,0x1000124e000,4096
54205,u0,0,WRITE,0x1249000,4096
54213,u0,0,WRITE,0x124a000,4096
54218,u1,1,WRITE,0x1000124f000,4096
54224,u0,0,WRITE,0x124b000,4096
54226,u1,1,WRITE,0x10001250000,4096
54236,u0,0,WRITE,0x124c000,4096
54239,u1,1,READ,0x10001251000,4096
54244,u0,0,WRITE,0x124d000,4096
54251,u1,1,WRITE,0x10001252000,4096
54259,u0,0,WRITE,0x124e000,4096
54265,u1,1,WRITE,0x10001253000,4096
54274,u0,0,READ,0x124f000,4096
54277,u1,1,WRITE,0x10001254000,4096
54288,u0,0,WRITE,0x1250000,4096
54290,u1,1,READ,0x10001255000,4096
54300,u0,0,READ,0x1251000,4096
54302,u1,1,READ,0x10001256000,4096
54309,u0,0,WRITE,0x1252000,4096
54316,u1,1,READ,0x10001257000,4096
54317,u0,0,READ,0x1253000,4096
54330,u1,1,WRITE,0x10001258000,4096
54332,u0,0,READ,0x1254000,4096
54342,u0,0,WRITE,0x1255000,4096
54342,u1,1,READ,0x10001259000,4096
54351,u1,1,READ,0x1000125a000,4096
54353,u0,0,READ,0x1256000,4096
54363,u0,0,WRITE,0x1257000,4096
54363,u1,1,READ,0x1000125b000,4096
54371,u1,1,WRITE,0x1000125c000,4096
54376,u0,0,WRITE,0x1258000,4096
54379,u1,1,WRITE,0x1000125d000,4096
54388,u1,1,READ,0x1000125e000,4096
54391,u0,0,READ,0x1259000,4096
54399,u0,0,READ,0x125a000,4096
54403,u1,1,READ,0x1000125f000,4096
54409,u0,0,WRITE,0x125b000,4096
54418,u0,0,READ,0x125c000,4096
54418,u1,1,WRITE,0x10001260000,4096
54433,u0,0,WRITE,0x125d000,4096
54433,u1,1,WRITE,0x10001261000,4096
54441,u1,1,WRITE,0x10001262000,4096
54448,u0,0,WRITE,0x125e000,4096
54452,u1,1,WRITE,0x10001263000,4096
54456,u0,0,READ,0x125f000,4096
54462,u1,1,READ,0x10001264000,4096
54467,u0,0,WRITE,0x1260000,4096
54472,u1,1,READ,0x10001265000,4096
54482,u0,0,WRITE,0x1261000,4096
54483,u1,1,READ,0x10001266000,4096
54491,u0,0,WRITE,0x1262000,4096
54497,u1,1,WRITE,0x10001267000,4096
54504,u0,0,WRITE,0x1263000,4096
54507,u1,1,WRITE,0x10001268000,4096
54514,u0,0,READ,0x1264000,4096
54517,u1,1,WRITE,0x10001269000,4096
54525,u0,0,READ,0x1265000,4096
54528,u1,1,WRITE,0x1000126a000,4096
54537,u0,0,READ,0x1266000,4096
54540,u1,1,READ,0x1000126b000,4096
54549,u1,1,READ,0x1000126c000,4096
54550,u0,0,READ,0x1267000,4096
54558,u1,1,READ,0x1000126d000,4096
54565,u0,0,READ,0x1268000,4096
54572,u1,1,READ,0x1000126e000,4096
54579,u0,0,READ,0x1269000,4096
54586,u1,1,WRITE,0x1000126f000,4096
54588,u0,0,READ,0x126a000,4096
54600,u1,1,READ,0x10001270000,4096
54601,u0,0,READ,0x126b000,4096
54608,u1,1,READ,0x10001271000,4096
54609,u0,0,READ,0x126c000,4096
54618,u0,0,READ,0x126d000,4096
54621,u1,1,WRITE,0x10001272000,4096
54628,u0,0,WRITE,0x126e000,4096
54630,u1,1,WRITE,0x10001273000,4096
54637,u0,0,READ,0x126f000,4096
54644,u1,1,READ,0x10001274000,4096
54647,u0,0,READ,0x1270000,4096
54655,u0,0,READ,0x1271000,4096
54656,u1,1,READ,0x10001275000,4096
54667,u1,1,WRITE,0x10001276000,4096
54670,u0,0,WRITE,0x1272000,4096
54678,u1,1,WRITE,0x10001277000,4096
54680,u0,0,READ,0x1273000,4096
54687,u1,1,READ,0x10001278000,4096
54689,u0,0,WRITE,0x1274000,4096
54697,u1,1,READ,0x10001279000,4096
54701,u0,0,READ,0x1275000,4096
54711,u1,1,WRITE,0x1000127a000,4096
54713,u0,0,READ,0x1276000,4096
54722,u1,1,READ,0x1000127b000,4096
54727,u0,0,READ,0x1277000,4096
54735,u1,1,WRITE,0x1000127c000,4096
54738,u0,0,WRITE,0x1278000,4096
54746,u0,0,WRITE,0x1279000,4096
54748,u1,1,WRITE,0x1000127d000,4096
54756,u1,1,WRITE,0x1000127e000,4096
54761,u0,0,READ,0x127a000,4096
54771,u1,1,READ,0x1000127f000,4096
54776,u0,0,READ,0x127b000,4096
54784,u1,1,READ,0x10001280000,4096
54788,u0,0,READ,0x127c000,4096
54793,u1,1,WRITE,0x10001281000,4096
54796,u0,0,READ,0x127d000,4096
54804,u1,1,READ,0x10001282000,4096
54807,u0,0,WRITE,0x127e000,4096
54815,u1,1,WRITE,0x10001283000,4096
54820,u0,0,READ,0x127f000,4096
54825,u1,1,WRITE,0x10001284000,4096
54831,u0,0,READ,0x1280000,4096
54840,u0,0,WRITE,0x1281000,4096
54840,u1,1,READ,0x10001285000,4096
54850,u0,0,READ,0x1282000,4096
54852,u1,1,READ,0x10001286000,4096
54863,u0,0,WRITE,0x1283000,4096
54866,u1,1,WRITE,0x10001287000,4096
54871,u0,0,READ,0x1284000,4096
54879,u1,1,READ,0x10001288000,4096
54883,u0,0,READ,0x1285000,4096
54890,u1,1,WRITE,0x10001289000,4096
54892,u0,0,READ,0x1286000,4096
54899,u1,1,READ,0x1000128a000,4096
54900,u0,0,WRITE,0x1287000,4096
54912,u1,1,WRITE,0x1000128b000,4096
54913,u0,0,WRITE,0x1288000,4096
54924,u1,1,WRITE,0x1000128c000,4096
54926,u0,0,READ,0x1289000,4096
54936,u1,1,READ,0x1000128d000,4096
54937,u0,0,WRITE,0x128a000,4096
54945,u0,0,WRITE,0x128b000,4096
54947,u1,1,READ,0x1000128e000,4096
54960,u0,0,READ,0x128c000,4096
54961,u1,1,WRITE,0x1000128f000,4096
54970,u0,0,READ,0x128d000,4096
54974,u1,1,READ,0x10001290000,4096
54978,u0,0,READ,0x128e000,4096
54983,u1,1,READ,0x10001291000,4096
54987,u0,0,WRITE,0x128f000,4096
54998,u0,0,READ,0x1290000,4096
54998,u1,1,READ,0x10001292000,4096
55012,u0,0,READ,0x1291000,4096
55013,u1,1,WRITE,0x10001293000,4096
55022,u1,1,READ,0x10001294000,4096
55023,u0,0,READ,0x1292000,4096
55031,u0,0,READ,0x1293000,4096
55035,u1,1,READ,0x10001295000,4096
55043,u1,1,READ,0x10001296000,4096
55045,u0,0,READ,0x1294000,4096
55058,u0,0,READ,0x1295000,4096
55058,u1,1,READ,0x10001297000,4096
55069,u0,0,READ,0x1296000,4096
55073,u1,1,WRITE,0x10001298000,4096
55078,u0,0,WRITE,0x1297000,4096
55082,u1,1,WRITE,0x10001299000,4096
55086,u0,0,WRITE,0x1298000,4096
55092,u1,1,WRITE,0x1000129a000,4096
55094,u0,0,WRITE,0x1299000,4096
55102,u1,1,WRITE,0x1000129b000,4096
55106,u0,0,READ,0x129a000,4096
55116,u0,0,WRITE,0x129b000,4096
55117,u1,1,READ,0x1000129c000,4096
55131,u0,0,READ,0x129c000,4096
55131,u1,1,WRITE,0x1000129d000,4096
55139,u1,1,READ,0x1000129e000,4096
55140,u0,0,WRITE,0x129d000,4096
55147,u1,1,READ,0x1000129f000,4096
55154,u0,0,WRITE,0x129e000,4096
55161,u1,1,WRITE,0x100012a0000,4096
55163,u0,0,READ,0x129f000,4096
55175,u1,1,READ,0x100012a1000,4096
55176,u0,0,READ,0x12a0000,4096
55184,u0,0,READ,0x12a1000,4096
55188,u1,1,READ,0x100012a2000,4096
55196,u0,0,WRITE,0x12a2000,4096
55197,u1,1,READ,0x100012a3000,4096
55207,u1,1,WRITE,0x100012a4000,4096
55209,u0,0,WRITE,0x12a3000,4096
55217,u1,1,WRITE,0x100012a5000,4096
55222,u0,0,WRITE,0x12a4000,4096
55225,u1,1,WRITE,0x100012a6000,4096
55234,u0,0,READ,0x12a5000,4096
55238,u1,1,WRITE,0x100012a7000,4096
55246,u0,0,WRITE,0x12a6000,4096
55250,u1,1,READ,0x100012a8000,4096
55254,u0,0,READ,0x12a7000,4096
55261,u1,1,READ,0x100012a9000,4096
55263,u0,0,WRITE,0x12a8000,4096
55271,u0,0,READ,0x12a9000,4096
55276,u1,1,READ,0x100012aa000,4096
55281,u0,0,READ,0x12aa000,4096
55287,u1,1,WRITE,0x100012ab000,4096
55295,u0,0,WRITE,0x12ab000,4096
55298,u1,1,READ,0x100012ac000,4096
55304,u0,0,WRITE,0x12ac000,4096
55310,u1,1,WRITE,0x100012ad000,4096
55312,u0,0,READ,0x12ad000,4096
55320,u0,0,WRITE,0x12ae000,4096
55320,u1,1,WRITE,0x100012ae000,4096
55329,u0,0,WRITE,0x12af000,4096
55334,u1,1,WRITE,0x100012af000,4096
55342,u0,0,READ,0x12b0000,4096
55343,u1,1,WRITE,0x100012b0000,4096
55355,u0,0,READ,0x12b1000,4096
55357,u1,1,READ,0x100012b1000,4096
55365,u0,0,READ,0x12b2000,4096
55372,u1,1,READ,0x100012b2000,4096
55380,u0,0,READ,0x12b3000,4096
55386,u1,1,WRITE,0x100012b3000,4096
55393,u0,0,WRITE,0x12b4000,4096
55397,u1,1,READ,0x100012b4000,4096
55405,u0,0,READ,0x12b5000,4096
55410,u1,1,WRITE,0x100012b5000,4096
55419,u0,0,WRITE,0x12b6000,4096
55424,u1,1,WRITE,0x100012b6000,4096
55429,u0,0,WRITE,0x12b7000,4096
55434,u1,1,READ,0x100012b7000,4096
55441,u0,0,WRITE,0x12b8000,4096
55448,u1,1,WRITE,0x100012b8000,4096
55455,u0,0,READ,0x12b9000,4096
55458,u1,1,READ,0x100012b9000,4096
55470,u0,0,WRITE,0x12ba000,4096
55471,u1,1,WRITE,0x100012ba000,4096
55480,u0,0,READ,0x12bb000,4096
55482,u1,1,READ,0x100012bb000,4096
55488,u0,0,READ,0x12bc000,4096
55493,u1,1,WRITE,0x100012bc000,4096
55503,u0,0,READ,0x12bd000,4096
55506,u1,1,WRITE,0x100012bd000,4096
55511,u0,0,WRITE,0x12be000,4096
55521,u1,1,READ,0x100012be000,4096
55525,u0,0,WRITE,0x12bf000,4096
55532,u1,1,READ,0x100012bf000,4096
55538,u0,0,READ,0x12c0000,4096
55544,u1,1,WRITE,0x100012c0000,4096
55552,u1,1,WRITE,0x100012c1000,4096
55553,u0,0,READ,0x12c1000,4096
55565,u0,0,READ,0x12c2000,4096
55565,u1,1,WRITE,0x100012c2000,4096
55577,u0,0,WRITE,0x12c3000,4096
55577,u1,1,WRITE,0x100012c3000,4096
55588,u1,1,WRITE,0x100012c4000,4096
55592,u0,0,READ,0x12c4000,4096
55598,u1,1,READ,0x100012c5000,4096
55607,u0,0,WRITE,0x12c5000,4096
55608,u1,1,WRITE,0x100012c6000,4096
55620,u0,0,READ,0x12c6000,4096
55623,u1,1,WRITE,0x100012c7000,4096
55632,u0,0,READ,0x12c7000,4096
55634,u1,1,READ,0x100012c8000,4096
55645,u0,0,READ,0x12c8000,4096
55649,u1,1,WRITE,0x100012c9000,4096
55653,u0,0,READ,0x12c9000,4096
55660,u1,1,READ,0x100012ca000,4096
55661,u0,0,WRITE,0x12ca000,4096
55669,u1,1,WRITE,0x100012cb000,4096
55674,u0,0,READ,0x12cb000,4096
55678,u1,1,READ,0x100012cc000,4096
55685,u0,0,WRITE,0x12cc000,4096
55693,u1,1,READ,0x100012cd000,4096
55699,u0,0,WRITE,0x12cd000,4096
55708,u1,1,READ,0x100012ce000,4096
55711,u0,0,READ,0x12ce000,4096
55717,u1,1,READ,0x100012cf000,4096
55726,u0,0,WRITE,0x12cf000,4096
55728,u1,1,READ,0x100012d0000,4096
55738,u0,0,READ,0x12d0000,4096
55738,u1,1,READ,0x100012d1000,4096
55747,u0,0,READ,0x12d1000,4096
55753,u1,1,WRITE,0x100012d2000,4096
55755,u0,0,WRITE,0x12d2000,4096
55765,u0,0,READ,0x12d3000,4096
55767,u1,1,READ,0x100012d3000,4096
55773,u0,0,WRITE,0x12d4000,4096
55779,u1,1,READ,0x100012d4000,4096
55782,u0,0,READ,0x12d5000,4096
55791,u1,1,READ,0x100012d5000,4096
55796,u0,0,WRITE,0x12d6000,4096
55800,u1,1,WRITE,0x100012d6000,4096
55808,u1,1,READ,0x100012d7000,4096
55811,u0,0,READ,0x12d7000,4096
55816,u1,1,READ,0x100012d8000,4096
55822,u0,0,READ,0x12d8000,4096
55824,u1,1,WRITE,0x100012d9000,4096
55833,u1,1,READ,0x100012da000,4096
55837,u0,0,READ,0x12d9000,4096
55841,u1,1,WRITE,0x100012db000,4096
55851,u1,1,WRITE,0x100012dc000,4096
55852,u0,0,READ,0x12da000,4096
55863,u1,1,WRITE,0x100012dd000,4096
55866,u0,0,READ,0x12db000,4096
55871,u1,1,READ,0x100012de000,4096
55876,u0,0,READ,0x12dc000,4096
55879,u1,1,READ,0x100012df000,4096
55889,u0,0,READ,0x12dd000,4096
55890,u1,1,WRITE,0x100012e0000,4096
55900,u0,0,WRITE,0x12de000,4096
55900,u1,1,READ,0x100012e1000,4096
55909,u0,0,READ,0x12df000,4096
55909,u1,1,WRITE,0x100012e2000,4096
55918,u0,0,READ,0x12e0000,4096
55924,u1,1,WRITE,0x100012e3000,4096
55928,u0,0,WRITE,0x12e1000,4096
55934,u1,1,READ,0x100012e4000,4096
55936,u0,0,WRITE,0x12e2000,4096
55945,u1,1,WRITE,0x100012e5000,4096
55949,u0,0,READ,0x12e3000,4096
55958,u0,0,READ,0x12e4000,4096
55959,u1,1,WRITE,0x100012e6000,4096
55970,u0,0,WRITE,0x12e5000,4096
55972,u1,1,READ,0x100012e7000,4096
55979,u0,0,READ,0x12e6000,4096
55984,u1,1,READ,0x100012e8000,4096
55993,u1,1,READ,0x100012e9000,4096
55994,u0,0,WRITE,0x12e7000,4096
56004,u1,1,READ,0x100012ea000,4096
56007,u0,0,WRITE,0x12e8000,4096
56018,u1,1,WRITE,0x100012eb000,4096
56019,u0,0,WRITE,0x12e9000,4096
56028,u0,0,READ,0x12ea000,4096
56033,u1,1,READ,0x100012ec000,4096
56039,u0,0,READ,0x12eb000,4096
56041,u1,1,WRITE,0x100012ed000,4096
56050,u1,1,READ,0x100012ee000,4096
56053,u0,0,WRITE,0x12ec000,4096
56062,u0,0,READ,0x12ed000,4096
56065,u1,1,WRITE,0x100012ef000,4096
56072,u0,0,WRITE,0x12ee000,4096
56074,u1,1,WRITE,0x100012f0000,4096
56082,u1,1,WRITE,0x100012f1000,4096
56086,u0,0,WRITE,0x12ef000,4096
56093,u1,1,READ,0x100012f2000,4096
56099,u0,0,READ,0x12f0000,4096
56103,u1,1,WRITE,0x100012f3000,4096
56108,u0,0,READ,0x12f1000,4096
56116,u0,0,WRITE,0x12f2000,4096
56117,u1,1,READ,0x100012f4000,4096
56126,u1,1,WRITE,0x100012f5000,4096
56130,u0,0,READ,0x12f3000,4096
56140,u1,1,WRITE,0x100012f6000,4096
56142,u0,0,WRITE,0x12f4000,4096
56149,u1,1,READ,0x100012f7000,4096
56157,u0,0,READ,0x12f5000,4096
56163,u1,1,READ,0x100012f8000,4096
56172,u0,0,WRITE,0x12f6000,4096
56172,u1,1,READ,0x100012f9000,4096
56182,u1,1,WRITE,0x100012fa000,4096
56185,u0,0,READ,0x12f7000,4096
56197,u1,1,WRITE,0x100012fb000,4096
56198,u0,0,WRITE,0x12f8000,4096
56205,u1,1,WRITE,0x100012fc000,4096
56210,u0,0,WRITE,0x12f9000,4096
56218,u0,0,WRITE,0x12fa000,4096
56219,u1,1,WRITE,0x100012fd000,4096
56227,u0,0,WRITE,0x12fb000,4096
56233,u1,1,READ,0x100012fe000,4096
56239,u0,0,READ,0x12fc000,4096
56245,u1,1,WRITE,0x100012ff000,4096
56249,u0,0,READ,0x12fd000,4096
56257,u0,0,WRITE,0x12fe000,4096
56259,u1,1,READ,0x10001300000,4096
56267,u0,0,WRITE,0x12ff000,4096
56274,u1,1,READ,0x10001301000,4096
56276,u0,0,READ,0x1300000,4096
56287,u1,1,WRITE,0x10001302000,4096
56289,u0,0,WRITE,0x1301000,4096
56298,u0,0,READ,0x1302000,4096
56302,u1,1,READ,0x10001303000,4096
56308,u0,0,READ,0x1303000,4096
56317,u1,1,READ,0x10001304000,4096
56321,u0,0,READ,0x1304000,4096
56325,u1,1,READ,0x10001305000,4096
56332,u0,0,READ,0x1305000,4096
56340,u1,1,READ,0x10001306000,4096
56346,u0,0,READ,0x1306000,4096
56354,u1,1,WRITE,0x10001307000,4096
56355,u0,0,WRITE,0x1307000,4096
56364,u0,0,WRITE,0x1308000,4096
56365,u1,1,WRITE,0x10001308000,4096
56372,u0,0,WRITE,0x1309000,4096
56376,u1,1,WRITE,0x10001309000,4096
56382,u0,0,WRITE,0x130a000,4096
56387,u1,1,WRITE,0x1000130a000,4096
56393,u0,0,WRITE,0x130b000,4096
56398,u1,1,WRITE,0x1000130b000,4096
56401,u0,0,WRITE,0x130c000,4096
56410,u1,1,READ,0x1000130c000,4096
56414,u0,0,READ,0x130d000,4096
56422,u1,1,WRITE,0x1000130d000,4096
56428,u0,0,READ,0x130e000,4096
56432,u1,1,READ,0x1000130e000,4096
56436,u0,0,WRITE,0x130f000,4096
56446,u1,1,WRITE,0x1000130f000,4096
56447,u0,0,WRITE,0x1310000,4096
56458,u0,0,WRITE,0x1311000,4096
56461,u1,1,READ,0x10001310000,4096
56470,u0,0,READ,0x1312000,4096
56472,u1,1,WRITE,0x10001311000,4096
56484,u0,0,WRITE,0x1313000,4096
56485,u1,1,READ,0x10001312000,4096
56499,u0,0,WRITE,0x1314000,4096
56499,u1,1,READ,0x10001313000,4096
56509,u0,0,WRITE,0x1315000,4096
56512,u1,1,READ,0x10001314000,4096
56518,u0,0,WRITE,0x1316000,4096
56527,u0,0,WRITE,0x1317000,4096
56527,u1,1,WRITE,0x10001315000,4096
56538,u1,1,READ,0x10001316000,4096
56540,u0,0,READ,0x1318000,4096
56549,u1,1,READ,0x10001317000,4096
56555,u0,0,WRITE,0x1319000,4096
56562,u1,1,WRITE,0x10001318000,4096
56570,u0,0,READ,0x131a000,4096
56577,u1,1,WRITE,0x10001319000,4096
56583,u0,0,WRITE,0x131b000,4096
56587,u1,1,WRITE,0x1000131a000,4096
56595,u0,0,WRITE,0x131c000,4096
56595,u1,1,WRITE,0x1000131b000,4096
56605,u1,1,WRITE,0x1000131c000,4096
56607,u0,0,READ,0x131d000,4096
56618,u1,1,READ,0x1000131d000,4096
56619,u0,0,READ,0x131e000,4096
56633,u0,0,WRITE,0x131f000,4096
56633,u1,1,READ,0x1000131e000,4096
56642,u0,0,WRITE,0x1320000,4096
56644,u1,1,READ,0x1000131f000,4096
56653,u0,0,WRITE,0x1321000,4096
56655,u1,1,READ,0x10001320000,4096
56663,u1,1,READ,0x10001321000,4096
56667,u0,0,READ,0x1322000,4096
56672,u1,1,WRITE,0x10001322000,4096
56679,u0,0,READ,0x1323000,4096
56680,u1,1,READ,0x10001323000,4096
56691,u1,1,WRITE,0x10001324000,4096
56692,u0,0,WRITE,0x1324000,4096
56700,u1,1,READ,0x10001325000,4096
56705,u0,0,READ,0x1325000,4096
56712,u1,1,READ,0x10001326000,4096
56719,u0,0,WRITE,0x1326000,4096
56724,u1,1,READ,0x10001327000,4096
56733,u1,1,WRITE,0x10001328000,4096
56734,u0,0,WRITE,0x1327000,4096
56748,u0,0,READ,0x1328000,4096
56748,u1,1,READ,0x10001329000,4096
56762,u0,0,READ,0x1329000,4096
56763,u1,1,READ,0x1000132a000,4096
56775,u1,1,WRITE,0x1000132b000,4096
56777,u0,0,READ,0x132a000,4096
56789,u0,0,WRITE,0x132b000,4096
56789,u1,1,READ,0x1000132c000,4096
56798,u1,1,WRITE,0x1000132d000,4096
56804,u0,0,WRITE,0x132c000,4096
56808,u1,1,READ,0x1000132e000,4096
56815,u0,0,WRITE,0x132d000,4096
56821,u1,1,WRITE,0x1000132f000,4096
56824,u0,0,WRITE,0x132e000,4096
56832,u0,0,READ,0x132f000,4096
56835,u1,1,READ,0x10001330000,4096
56846,u0,0,WRITE,0x1330000,4096
56846,u1,1,READ,0x10001331000,4096
56854,u1,1,WRITE,0x10001332000,4096
56855,u0,0,WRITE,0x1331000,4096
56866,u1,1,READ,0x10001333000,4096
56867,u0,0,READ,0x1332000,4096
56876,u1,1,WRITE,0x10001334000,4096
56878,u0,0,READ,0x1333000,4096
56886,u0,0,WRITE,0x1334000,4096
56890,u1,1,WRITE,0x10001335000,4096
56900,u0,0,WRITE,0x1335000,4096
56900,u1,1,READ,0x10001336000,4096
56911,u0,0,READ,0x1336000,4096
56914,u1,1,READ,0x10001337000,4096
56926,u0,0,READ,0x1337000,4096
56929,u1,1,READ,0x10001338000,4096
56935,u0,0,WRITE,0x1338000,4096
56940,u1,1,READ,0x10001339000,4096
56949,u0,0,READ,0x1339000,4096
56949,u1,1,READ,0x1000133a000,4096
56962,u0,0,WRITE,0x133a000,4096
56963,u1,1,READ,0x1000133b000,4096
56971,u0,0,WRITE,0x133b000,4096
56971,u1,1,READ,0x1000133c000,4096
56980,u1,1,WRITE,0x1000133d000,4096
56986,u0,0,WRITE,0x133c000,4096
56989,u1,1,READ,0x1000133e000,4096
56996,u0,0,WRITE,0x133d000,4096
56997,u1,1,READ,0x1000133f000,4096
57006,u0,0,WRITE,0x133e000,4096
57010,u1,1,WRITE,0x10001340000,4096
57020,u0,0,WRITE,0x133f000,4096
57020,u1,1,WRITE,0x10001341000,4096
57028,u1,1,READ,0x10001342000,4096
57035,u0,0,READ,0x1340000,4096
57037,u1,1,WRITE,0x10001343000,4096
57045,u1,1,READ,0x10001344000,4096
57046,u0,0,READ,0x1341000,4096
57054,u0,0,READ,0x1342000,4096
57054,u1,1,READ,0x10001345000,4096
57063,u0,0,WRITE,0x1343000,4096
57068,u1,1,READ,0x10001346000,4096
57075,u0,0,READ,0x1344000,4096
57076,u1,1,READ,0x10001347000,4096
57084,u0,0,READ,0x1345000,4096
57088,u1,1,READ,0x10001348000,4096
57097,u1,1,READ,0x10001349000,4096
57099,u0,0,WRITE,0x1346000,4096
57109,u1,1,READ,0x1000134a000,4096
57113,u0,0,WRITE,0x1347000,4096
57123,u0,0,READ,0x1348000,4096
57124,u1,1,WRITE,0x1000134b000,4096
57132,u0,0,READ,0x1349000,4096
57136,u1,1,WRITE,0x1000134c000,4096
57144,u0,0,READ,0x134a000,4096
57148,u1,1,READ,0x1000134d000,4096
57154,u0,0,READ,0x134b000,4096
57161,u1,1,READ,0x1000134e000,4096
57165,u0,0,READ,0x134c000,4096
57174,u1,1,READ,0x1000134f000,4096
57180,u0,0,WRITE,0x134d000,4096
57184,u1,1,WRITE,0x10001350000,4096
57191,u0,0,WRITE,0x134e000,4096
57195,u1,1,WRITE,0x10001351000,4096
57203,u0,0,READ,0x134f000,4096
57208,u1,1,READ,0x10001352000,4096
57216,u0,0,WRITE,0x1350000,4096
57217,u1,1,READ,0x10001353000,4096
57229,u1,1,WRITE,0x10001354000,4096
57230,u0,0,WRITE,0x1351000,4096
57238,u1,1,READ,0x10001355000,4096
57245,u0,0,WRITE,0x1352000,4096
57252,u1,1,READ,0x10001356000,4096
57256,u0,0,READ,0x1353000,4096
57260,u1,1,WRITE,0x10001357000,4096
57265,u0,0,WRITE,0x1354000,4096
57274,u1,1,READ,0x10001358000,4096
57278,u0,0,WRITE,0x1355000,4096
57288,u1,1,WRITE,0x10001359000,4096
57292,u0,0,READ,0x1356000,4096
57302,u1,1,READ,0x1000135a000,4096
57307,u0,0,WRITE,0x1357000,4096
57310,u1,1,READ,0x1000135b000,4096
57315,u0,0,READ,0x1358000,4096
57322,u1,1,READ,0x1000135c000,4096
57327,u0,0,READ,0x1359000,4096
57335,u1,1,READ,0x1000135d000,4096
57338,u0,0,READ,0x135a000,4096
57348,u1,1,WRITE,0x1000135e000,4096
57350,u0,0,WRITE,0x135b000,4096
57356,u1,1,READ,0x1000135f000,4096
57363,u0,0,READ,0x135c000,4096
57365,u1,1,READ,0x10001360000,4096
57372,u0,0,READ,0x135d000,4096
57376,u1,1,READ,0x10001361000,4096
57386,u0,0,READ,0x135e000,4096
57391,u1,1,READ,0x10001362000,4096
57394,u0,0,WRITE,0x135f000,4096
57405,u1,1,WRITE,0x10001363000,4096
57406,u0,0,WRITE,0x1360000,4096
57414,u0,0,WRITE,0x1361000,4096
57419,u1,1,WRITE,0x10001364000,4096
57424,u0,0,READ,0x1362000,4096
57434,u1,1,READ,0x10001365000,4096
57438,u0,0,WRITE,0x1363000,4096
57443,u1,1,WRITE,0x10001366000,4096
57448,u0,0,WRITE,0x1364000,4096
57454,u1,1,READ,0x10001367000,4096
57458,u0,0,READ,0x1365000,4096
57466,u1,1,WRITE,0x10001368000,4096
57473,u0,0,READ,0x1366000,4096
57476,u1,1,READ,0x10001369000,4096
57487,u0,0,READ,0x1367000,4096
57488,u1,1,WRITE,0x1000136a000,4096
57502,u0,0,READ,0x1368000,4096
57502,u1,1,READ,0x1000136b000,4096
57511,u1,1,WRITE,0x1000136c000,4096
57516,u0,0,WRITE,0x1369000,4096
57524,u1,1,READ,0x1000136d000,4096
57525,u0,0,READ,0x136a000,4096
57532,u1,1,WRITE,0x1000136e000,4096
57536,u0,0,WRITE,0x136b000,4096
57544,u1,1,READ,0x1000136f000,4096
57545,u0,0,READ,0x136c000,4096
57555,u0,0,WRITE,0x136d000,4096
57557,u1,1,WRITE,0x10001370000,4096
57566,u0,0,WRITE,0x136e000,4096
57566,u1,1,WRITE,0x10001371000,4096
57574,u0,0,READ,0x136f000,4096
57578,u1,1,READ,0x10001372000,4096
57582,u0,0,WRITE,0x1370000,4096
57590,u0,0,WRITE,0x1371000,4096
57592,u1,1,WRITE,0x10001373000,4096
57601,u0,0,READ,0x1372000,4096
57602,u1,1,WRITE,0x10001374000,4096
57610,u0,0,WRITE,0x1373000,4096
57614,u1,1,WRITE,0x10001375000,4096
57624,u0,0,READ,0x1374000,4096
57628,u1,1,READ,0x10001376000,4096
57638,u0,0,READ,0x1375000,4096
57639,u1,1,READ,0x10001377000,4096
57648,u0,0,WRITE,0x1376000,4096
57654,u1,1,READ,0x10001378000,4096
57659,u0,0,WRITE,0x1377000,4096
57662,u1,1,READ,0x10001379000,4096
57671,u1,1,WRITE,0x1000137a000,4096
57673,u0,0,WRITE,0x1378000,4096
57682,u0,0,READ,0x1379000,4096
57685,u1,1,WRITE,0x1000137b000,4096
57693,u0,0,WRITE,0x137a000,4096
57697,u1,1,WRITE,0x1000137c000,4096
57708,u0,0,WRITE,0x137b000,4096
57708,u1,1,WRITE,0x1000137d000,4096
57718,u0,0,WRITE,0x137c000,4096
57720,u1,1,WRITE,0x1000137e000,4096
57727,u0,0,WRITE,0x137d000,4096
57728,u1,1,WRITE,0x1000137f000,4096
57737,u1,1,WRITE,0x10001380000,4096
57740,u0,0,READ,0x137e000,4096
57747,u1,1,WRITE,0x10001381000,4096
57751,u0,0,WRITE,0x137f000,4096
57760,u1,1,READ,0x10001382000,4096
57761,u0,0,READ,0x1380000,4096
57769,u1,1,WRITE,0x10001383000,4096
57772,u0,0,READ,0x1381000,4096
57780,u1,1,READ,0x10001384000,4096
57782,u0,0,READ,0x1382000,4096
57790,u1,1,WRITE,0x10001385000,4096
57796,u0,0,READ,0x1383000,4096
57804,u1,1,READ,0x10001386000,4096
57810,u0,0,READ,0x1384000,4096
57815,u1,1,READ,0x10001387000,4096
57821,u0,0,READ,0x1385000,4096
57833,u0,0,READ,0x1386000,4096
57848,u0,0,WRITE,0x1387000,4096
