timestamp,process_id,user_id,type,address,size
0,burst0,0,READ,0x0,4096
0,burst0,0,READ,0x1000,4096
0,burst0,0,READ,0x2000,4096
0,burst0,0,READ,0x3000,4096
0,burst0,0,READ,0x4000,4096
0,burst0,0,READ,0x5000,4096
0,burst0,0,READ,0x6000,4096
0,burst0,0,READ,0x7000,4096
0,burst0,0,READ,0x8000,4096
0,burst0,0,READ,0x9000,4096
0,burst0,0,READ,0xa000,4096
0,burst0,0,READ,0xb000,4096
0,burst0,0,READ,0xc000,4096
0,burst0,0,READ,0xd000,4096
0,burst0,0,READ,0xe000,4096
0,burst0,0,READ,0xf000,4096
0,burst0,0,READ,0x10000,4096
0,burst0,0,READ,0x11000,4096
0,burst0,0,READ,0x12000,4096
0,burst0,0,READ,0x13000,4096
0,burst0,0,READ,0x14000,4096
0,burst0,0,READ,0x15000,4096
0,burst0,0,READ,0x16000,4096
0,burst0,0,READ,0x17000,4096
0,burst0,0,READ,0x18000,4096
0,burst0,0,READ,0x19000,4096
0,burst0,0,READ,0x1a000,4096
0,burst0,0,READ,0x1b000,4096
0,burst0,0,READ,0x1c000,4096
0,burst0,0,READ,0x1d000,4096
0,burst0,0,READ,0x1e000,4096
0,burst0,0,READ,0x1f000,4096
0,burst0,0,READ,0x20000,4096
0,burst0,0,READ,0x21000,4096
0,burst0,0,READ,0x22000,4096
0,burst0,0,READ,0x23000,4096
0,burst0,0,READ,0x24000,4096
0,burst0,0,READ,0x25000,4096
0,burst0,0,READ,0x26000,4096
0,burst0,0,READ,0x27000,4096
0,burst0,0,READ,0x28000,4096
0,burst0,0,READ,0x29000,4096
0,burst0,0,READ,0x2a000,4096
0,burst0,0,READ,0x2b000,4096
0,burst0,0,READ,0x2c000,4096
0,burst0,0,READ,0x2d000,4096
0,burst0,0,READ,0x2e000,4096
0,burst0,0,READ,0x2f000,4096
0,burst0,0,READ,0x30000,4096
0,burst0,0,READ,0x31000,4096
0,burst0,0,READ,0x32000,4096
0,burst0,0,READ,0x33000,4096
0,burst0,0,READ,0x34000,4096
0,burst0,0,READ,0x35000,4096
0,burst0,0,READ,0x36000,4096
0,burst0,0,READ,0x37000,4096
0,burst0,0,READ,0x38000,4096
0,burst0,0,READ,0x39000,4096
0,burst0,0,READ,0x3a000,4096
0,burst0,0,READ,0x3b000,4096
0,burst0,0,READ,0x3c000,4096
0,burst0,0,READ,0x3d000,4096
0,burst0,0,READ,0x3e000,4096
0,burst0,0,READ,0x3f000,4096
0,burst0,0,READ,0x40000,4096
0,burst0,0,READ,0x41000,4096
0,burst0,0,READ,0x42000,4096
0,burst0,0,READ,0x43000,4096
0,burst0,0,READ,0x44000,4096
0,burst0,0,READ,0x45000,4096
0,burst0,0,READ,0x46000,4096
0,burst0,0,READ,0x47000,4096
0,burst0,0,READ,0x48000,4096
0,burst0,0,READ,0x49000,4096
0,burst0,0,READ,0x4a000,4096
0,burst0,0,READ,0x4b000,4096
0,burst0,0,READ,0x4c000,4096
0,burst0,0,READ,0x4d000,4096
0,burst0,0,READ,0x4e000,4096
0,burst0,0,READ,0x4f000,4096
0,burst0,0,READ,0x50000,4096
0,burst0,0,READ,0x51000,4096
0,burst0,0,READ,0x52000,4096
0,burst0,0,READ,0x53000,4096
0,burst0,0,READ,0x54000,4096
0,burst0,0,READ,0x55000,4096
0,burst0,0,READ,0x56000,4096
0,burst0,0,READ,0x57000,4096
0,burst0,0,READ,0x58000,4096
0,burst0,0,READ,0x59000,4096
0,burst0,0,READ,0x5a000,4096
0,burst0,0,READ,0x5b000,4096
0,burst0,0,READ,0x5c000,4096
0,burst0,0,READ,0x5d000,4096
0,burst0,0,READ,0x5e000,4096
0,burst0,0,READ,0x5f000,4096
0,burst0,0,READ,0x60000,4096
0,burst0,0,READ,0x61000,4096
0,burst0,0,READ,0x62000,4096
0,burst0,0,READ,0x63000,4096
0,burst0,0,READ,0x64000,4096
0,burst0,0,READ,0x65000,4096
0,burst0,0,READ,0x66000,4096
0,burst0,0,READ,0x67000,4096
0,burst0,0,READ,0x68000,4096
0,burst0,0,READ,0x69000,4096
0,burst0,0,READ,0x6a000,4096
0,burst0,0,READ,0x6b000,4096
0,burst0,0,READ,0x6c000,4096
0,burst0,0,READ,0x6d000,4096
0,burst0,0,READ,0x6e000,4096
0,burst0,0,READ,0x6f000,4096
0,burst0,0,READ,0x70000,4096
0,burst0,0,READ,0x71000,4096
0,burst0,0,READ,0x72000,4096
0,burst0,0,READ,0x73000,4096
0,burst0,0,READ,0x74000,4096
0,burst0,0,READ,0x75000,4096
0,burst0,0,READ,0x76000,4096
0,burst0,0,READ,0x77000,4096
0,burst0,0,READ,0x78000,4096
0,burst0,0,READ,0x79000,4096
0,burst0,0,READ,0x7a000,4096
0,burst0,0,READ,0x7b000,4096
0,burst0,0,READ,0x7c000,4096
0,burst0,0,READ,0x7d000,4096
0,burst0,0,READ,0x7e000,4096
0,burst0,0,READ,0x7f000,4096
0,burst0,0,READ,0x80000,4096
0,burst0,0,READ,0x81000,4096
0,burst0,0,READ,0x82000,4096
0,burst0,0,READ,0x83000,4096
0,burst0,0,READ,0x84000,4096
0,burst0,0,READ,0x85000,4096
0,burst0,0,READ,0x86000,4096
0,burst0,0,READ,0x87000,4096
0,burst0,0,READ,0x88000,4096
0,burst0,0,READ,0x89000,4096
0,burst0,0,READ,0x8a000,4096
0,burst0,0,READ,0x8b000,4096
0,burst0,0,READ,0x8c000,4096
0,burst0,0,READ,0x8d000,4096
0,burst0,0,READ,0x8e000,4096
0,burst0,0,READ,0x8f000,4096
0,burst0,0,READ,0x90000,4096
0,burst0,0,READ,0x91000,4096
0,burst0,0,READ,0x92000,4096
0,burst0,0,READ,0x93000,4096
0,burst0,0,READ,0x94000,4096
0,burst0,0,READ,0x95000,4096
0,burst0,0,READ,0x96000,4096
0,burst0,0,READ,0x97000,4096
0,burst0,0,READ,0x98000,4096
0,burst0,0,READ,0x99000,4096
0,burst0,0,READ,0x9a000,4096
0,burst0,0,READ,0x9b000,4096
0,burst0,0,READ,0x9c000,4096
0,burst0,0,READ,0x9d000,4096
0,burst0,0,READ,0x9e000,4096
0,burst0,0,READ,0x9f000,4096
0,burst0,0,READ,0xa0000,4096
0,burst0,0,READ,0xa1000,4096
0,burst0,0,READ,0xa2000,4096
0,burst0,0,READ,0xa3000,4096
0,burst0,0,READ,0xa4000,4096
0,burst0,0,READ,0xa5000,4096
0,burst0,0,READ,0xa6000,4096
0,burst0,0,READ,0xa7000,4096
0,burst0,0,READ,0xa8000,4096
0,burst0,0,READ,0xa9000,4096
0,burst0,0,READ,0xaa000,4096
0,burst0,0,READ,0xab000,4096
0,burst0,0,READ,0xac000,4096
0,burst0,0,READ,0xad000,4096
0,burst0,0,READ,0xae000,4096
0,burst0,0,READ,0xaf000,4096
0,burst0,0,READ,0xb0000,4096
0,burst0,0,READ,0xb1000,4096
0,burst0,0,READ,0xb2000,4096
0,burst0,0,READ,0xb3000,4096
0,burst0,0,READ,0xb4000,4096
0,burst0,0,READ,0xb5000,4096
0,burst0,0,READ,0xb6000,4096
0,burst0,0,READ,0xb7000,4096
0,burst0,0,READ,0xb8000,4096
0,burst0,0,READ,0xb9000,4096
0,burst0,0,READ,0xba000,4096
0,burst0,0,READ,0xbb000,4096
0,burst0,0,READ,0xbc000,4096
0,burst0,0,READ,0xbd000,4096
0,burst0,0,READ,0xbe000,4096
0,burst0,0,READ,0xbf000,4096
0,burst0,0,READ,0xc0000,4096
0,burst0,0,READ,0xc1000,4096
0,burst0,0,READ,0xc2000,4096
0,burst0,0,READ,0xc3000,4096
0,burst0,0,READ,0xc4000,4096
0,burst0,0,READ,0xc5000,4096
0,burst0,0,READ,0xc6000,4096
0,burst0,0,READ,0xc7000,4096
0,burst0,0,READ,0xc8000,4096
0,burst0,0,READ,0xc9000,4096
0,burst0,0,READ,0xca000,4096
0,burst0,0,READ,0xcb000,4096
0,burst0,0,READ,0xcc000,4096
0,burst0,0,READ,0xcd000,4096
0,burst0,0,READ,0xce000,4096
0,burst0,0,READ,0xcf000,4096
0,burst0,0,READ,0xd0000,4096
0,burst0,0,READ,0xd1000,4096
0,burst0,0,READ,0xd2000,4096
0,burst0,0,READ,0xd3000,4096
0,burst0,0,READ,0xd4000,4096
0,burst0,0,READ,0xd5000,4096
0,burst0,0,READ,0xd6000,4096
0,burst0,0,READ,0xd7000,4096
0,burst0,0,READ,0xd8000,4096
0,burst0,0,READ,0xd9000,4096
0,burst0,0,READ,0xda000,4096
0,burst0,0,READ,0xdb000,4096
0,burst0,0,READ,0xdc000,4096
0,burst0,0,READ,0xdd000,4096
0,burst0,0,READ,0xde000,4096
0,burst0,0,READ,0xdf000,4096
0,burst0,0,READ,0xe0000,4096
0,burst0,0,READ,0xe1000,4096
0,burst0,0,READ,0xe2000,4096
0,burst0,0,READ,0xe3000,4096
0,burst0,0,READ,0xe4000,4096
0,burst0,0,READ,0xe5000,4096
0,burst0,0,READ,0xe6000,4096
0,burst0,0,READ,0xe7000,4096
0,burst0,0,READ,0xe8000,4096
0,burst0,0,READ,0xe9000,4096
0,burst0,0,READ,0xea000,4096
0,burst0,0,READ,0xeb000,4096
0,burst0,0,READ,0xec000,4096
0,burst0,0,READ,0xed000,4096
0,burst0,0,READ,0xee000,4096
0,burst0,0,READ,0xef000,4096
0,burst0,0,READ,0xf0000,4096
0,burst0,0,READ,0xf1000,4096
0,burst0,0,READ,0xf2000,4096
0,burst0,0,READ,0xf3000,4096
0,burst0,0,READ,0xf4000,4096
0,burst0,0,READ,0xf5000,4096
0,burst0,0,READ,0xf6000,4096
0,burst0,0,READ,0xf7000,4096
0,burst0,0,READ,0xf8000,4096
0,burst0,0,READ,0xf9000,4096
0,burst0,0,READ,0xfa000,4096
0,burst0,0,READ,0xfb000,4096
0,burst0,0,READ,0xfc000,4096
0,burst0,0,READ,0xfd000,4096
0,burst0,0,READ,0xfe000,4096
0,burst0,0,READ,0xff000,4096
0,burst0,0,READ,0x100000,4096
0,burst0,0,READ,0x101000,4096
0,burst0,0,READ,0x102000,4096
0,burst0,0,READ,0x103000,4096
0,burst0,0,READ,0x104000,4096
0,burst0,0,READ,0x105000,4096
0,burst0,0,READ,0x106000,4096
0,burst0,0,READ,0x107000,4096
0,burst0,0,READ,0x108000,4096
0,burst0,0,READ,0x109000,4096
0,burst0,0,READ,0x10a000,4096
0,burst0,0,READ,0x10b000,4096
0,burst0,0,READ,0x10c000,4096
0,burst0,0,READ,0x10d000,4096
0,burst0,0,READ,0x10e000,4096
0,burst0,0,READ,0x10f000,4096
0,burst0,0,READ,0x110000,4096
0,burst0,0,READ,0x111000,4096
0,burst0,0,READ,0x112000,4096
0,burst0,0,READ,0x113000,4096
0,burst0,0,READ,0x114000,4096
0,burst0,0,READ,0x115000,4096
0,burst0,0,READ,0x116000,4096
0,burst0,0,READ,0x117000,4096
0,burst0,0,READ,0x118000,4096
0,burst0,0,READ,0x119000,4096
0,burst0,0,READ,0x11a000,4096
0,burst0,0,READ,0x11b000,4096
0,burst0,0,READ,0x11c000,4096
0,burst0,0,READ,0x11d000,4096
0,burst0,0,READ,0x11e000,4096
0,burst0,0,READ,0x11f000,4096
0,burst0,0,READ,0x120000,4096
0,burst0,0,READ,0x121000,4096
0,burst0,0,READ,0x122000,4096
0,burst0,0,READ,0x123000,4096
0,burst0,0,READ,0x124000,4096
0,burst0,0,READ,0x125000,4096
0,burst0,0,READ,0x126000,4096
0,burst0,0,READ,0x127000,4096
0,burst0,0,READ,0x128000,4096
0,burst0,0,READ,0x129000,4096
0,burst0,0,READ,0x12a000,4096
0,burst0,0,READ,0x12b000,4096
0,burst0,0,READ,0x12c000,4096
0,burst0,0,READ,0x12d000,4096
0,burst0,0,READ,0x12e000,4096
0,burst0,0,READ,0x12f000,4096
0,burst0,0,READ,0x130000,4096
0,burst0,0,READ,0x131000,4096
0,burst0,0,READ,0x132000,4096
0,burst0,0,READ,0x133000,4096
0,burst0,0,READ,0x134000,4096
0,burst0,0,READ,0x135000,4096
0,burst0,0,READ,0x136000,4096
0,burst0,0,READ,0x137000,4096
0,burst0,0,READ,0x138000,4096
0,burst0,0,READ,0x139000,4096
0,burst0,0,READ,0x13a000,4096
0,burst0,0,READ,0x13b000,4096
0,burst0,0,READ,0x13c000,4096
0,burst0,0,READ,0x13d000,4096
0,burst0,0,READ,0x13e000,4096
0,burst0,0,READ,0x13f000,4096
0,burst0,0,READ,0x140000,4096
0,burst0,0,READ,0x141000,4096
0,burst0,0,READ,0x142000,4096
0,burst0,0,READ,0x143000,4096
0,burst0,0,READ,0x144000,4096
0,burst0,0,READ,0x145000,4096
0,burst0,0,READ,0x146000,4096
0,burst0,0,READ,0x147000,4096
0,burst0,0,READ,0x148000,4096
0,burst0,0,READ,0x149000,4096
0,burst0,0,READ,0x14a000,4096
0,burst0,0,READ,0x14b000,4096
0,burst0,0,READ,0x14c000,4096
0,burst0,0,READ,0x14d000,4096
0,burst0,0,READ,0x14e000,4096
0,burst0,0,READ,0x14f000,4096
0,burst0,0,READ,0x150000,4096
0,burst0,0,READ,0x151000,4096
0,burst0,0,READ,0x152000,4096
0,burst0,0,READ,0x153000,4096
0,burst0,0,READ,0x154000,4096
0,burst0,0,READ,0x155000,4096
0,burst0,0,READ,0x156000,4096
0,burst0,0,READ,0x157000,4096
0,burst0,0,READ,0x158000,4096
0,burst0,0,READ,0x159000,4096
0,burst0,0,READ,0x15a000,4096
0,burst0,0,READ,0x15b000,4096
0,burst0,0,READ,0x15c000,4096
0,burst0,0,READ,0x15d000,4096
0,burst0,0,READ,0x15e000,4096
0,burst0,0,READ,0x15f000,4096
0,burst0,0,READ,0x160000,4096
0,burst0,0,READ,0x161000,4096
0,burst0,0,READ,0x162000,4096
0,burst0,0,READ,0x163000,4096
0,burst0,0,READ,0x164000,4096
0,burst0,0,READ,0x165000,4096
0,burst0,0,READ,0x166000,4096
0,burst0,0,READ,0x167000,4096
0,burst0,0,READ,0x168000,4096
0,burst0,0,READ,0x169000,4096
0,burst0,0,READ,0x16a000,4096
0,burst0,0,READ,0x16b000,4096
0,burst0,0,READ,0x16c000,4096
0,burst0,0,READ,0x16d000,4096
0,burst0,0,READ,0x16e000,4096
0,burst0,0,READ,0x16f000,4096
0,burst0,0,READ,0x170000,4096
0,burst0,0,READ,0x171000,4096
0,burst0,0,READ,0x172000,4096
0,burst0,0,READ,0x173000,4096
0,burst0,0,READ,0x174000,4096
0,burst0,0,READ,0x175000,4096
0,burst0,0,READ,0x176000,4096
0,burst0,0,READ,0x177000,4096
0,burst0,0,READ,0x178000,4096
0,burst0,0,READ,0x179000,4096
0,burst0,0,READ,0x17a000,4096
0,burst0,0,READ,0x17b000,4096
0,burst0,0,READ,0x17c000,4096
0,burst0,0,READ,0x17d000,4096
0,burst0,0,READ,0x17e000,4096
0,burst0,0,READ,0x17f000,4096
0,burst0,0,READ,0x180000,4096
0,burst0,0,READ,0x181000,4096
0,burst0,0,READ,0x182000,4096
0,burst0,0,READ,0x183000,4096
0,burst0,0,READ,0x184000,4096
0,burst0,0,READ,0x185000,4096
0,burst0,0,READ,0x186000,4096
0,burst0,0,READ,0x187000,4096
0,burst0,0,READ,0x188000,4096
0,burst0,0,READ,0x189000,4096
0,burst0,0,READ,0x18a000,4096
0,burst0,0,READ,0x18b000,4096
0,burst0,0,READ,0x18c000,4096
0,burst0,0,READ,0x18d000,4096
0,burst0,0,READ,0x18e000,4096
0,burst0,0,READ,0x18f000,4096
0,burst0,0,READ,0x190000,4096
0,burst0,0,READ,0x191000,4096
0,burst0,0,READ,0x192000,4096
0,burst0,0,READ,0x193000,4096
0,burst0,0,READ,0x194000,4096
0,burst0,0,READ,0x195000,4096
0,burst0,0,READ,0x196000,4096
0,burst0,0,READ,0x197000,4096
0,burst0,0,READ,0x198000,4096
0,burst0,0,READ,0x199000,4096
0,burst0,0,READ,0x19a000,4096
0,burst0,0,READ,0x19b000,4096
0,burst0,0,READ,0x19c000,4096
0,burst0,0,READ,0x19d000,4096
0,burst0,0,READ,0x19e000,4096
0,burst0,0,READ,0x19f000,4096
0,burst0,0,READ,0x1a0000,4096
0,burst0,0,READ,0x1a1000,4096
0,burst0,0,READ,0x1a2000,4096
0,burst0,0,READ,0x1a3000,4096
0,burst0,0,READ,0x1a4000,4096
0,burst0,0,READ,0x1a5000,4096
0,burst0,0,READ,0x1a6000,4096
0,burst0,0,READ,0x1a7000,4096
0,burst0,0,READ,0x1a8000,4096
0,burst0,0,READ,0x1a9000,4096
0,burst0,0,READ,0x1aa000,4096
0,burst0,0,READ,0x1ab000,4096
0,burst0,0,READ,0x1ac000,4096
0,burst0,0,READ,0x1ad000,4096
0,burst0,0,READ,0x1ae000,4096
0,burst0,0,READ,0x1af000,4096
0,burst0,0,READ,0x1b0000,4096
0,burst0,0,READ,0x1b1000,4096
0,burst0,0,READ,0x1b2000,4096
0,burst0,0,READ,0x1b3000,4096
0,burst0,0,READ,0x1b4000,4096
0,burst0,0,READ,0x1b5000,4096
0,burst0,0,READ,0x1b6000,4096
0,burst0,0,READ,0x1b7000,4096
0,burst0,0,READ,0x1b8000,4096
0,burst0,0,READ,0x1b9000,4096
0,burst0,0,READ,0x1ba000,4096
0,burst0,0,READ,0x1bb000,4096
0,burst0,0,READ,0x1bc000,4096
0,burst0,0,READ,0x1bd000,4096
0,burst0,0,READ,0x1be000,4096
0,burst0,0,READ,0x1bf000,4096
0,burst0,0,READ,0x1c0000,4096
0,burst0,0,READ,0x1c1000,4096
0,burst0,0,READ,0x1c2000,4096
0,burst0,0,READ,0x1c3000,4096
0,burst0,0,READ,0x1c4000,4096
0,burst0,0,READ,0x1c5000,4096
0,burst0,0,READ,0x1c6000,4096
0,burst0,0,READ,0x1c7000,4096
0,burst0,0,READ,0x1c8000,4096
0,burst0,0,READ,0x1c9000,4096
0,burst0,0,READ,0x1ca000,4096
0,burst0,0,READ,0x1cb000,4096
0,burst0,0,READ,0x1cc000,4096
0,burst0,0,READ,0x1cd000,4096
0,burst0,0,READ,0x1ce000,4096
0,burst0,0,READ,0x1cf000,4096
0,burst0,0,READ,0x1d0000,4096
0,burst0,0,READ,0x1d1000,4096
0,burst0,0,READ,0x1d2000,4096
0,burst0,0,READ,0x1d3000,4096
0,burst0,0,READ,0x1d4000,4096
0,burst0,0,READ,0x1d5000,4096
0,burst0,0,READ,0x1d6000,4096
0,burst0,0,READ,0x1d7000,4096
0,burst0,0,READ,0x1d8000,4096
0,burst0,0,READ,0x1d9000,4096
0,burst0,0,READ,0x1da000,4096
0,burst0,0,READ,0x1db000,4096
0,burst0,0,READ,0x1dc000,4096
0,burst0,0,READ,0x1dd000,4096
0,burst0,0,READ,0x1de000,4096
0,burst0,0,READ,0x1df000,4096
0,burst0,0,READ,0x1e0000,4096
0,burst0,0,READ,0x1e1000,4096
0,burst0,0,READ,0x1e2000,4096
0,burst0,0,READ,0x1e3000,4096
0,burst0,0,READ,0x1e4000,4096
0,burst0,0,READ,0x1e5000,4096
0,burst0,0,READ,0x1e6000,4096
0,burst0,0,READ,0x1e7000,4096
0,burst0,0,READ,0x1e8000,4096
0,burst0,0,READ,0x1e9000,4096
0,burst0,0,READ,0x1ea000,4096
0,burst0,0,READ,0x1eb000,4096
0,burst0,0,READ,0x1ec000,4096
0,burst0,0,READ,0x1ed000,4096
0,burst0,0,READ,0x1ee000,4096
0,burst0,0,READ,0x1ef000,4096
0,burst0,0,READ,0x1f0000,4096
0,burst0,0,READ,0x1f1000,4096
0,burst0,0,READ,0x1f2000,4096
0,burst0,0,READ,0x1f3000,4096
0,burst0,0,READ,0x1f4000,4096
0,burst0,0,READ,0x1f5000,4096
0,burst0,0,READ,0x1f6000,4096
0,burst0,0,READ,0x1f7000,4096
0,burst0,0,READ,0x1f8000,4096
0,burst0,0,READ,0x1f9000,4096
0,burst0,0,READ,0x1fa000,4096
0,burst0,0,READ,0x1fb000,4096
0,burst0,0,READ,0x1fc000,4096
0,burst0,0,READ,0x1fd000,4096
0,burst0,0,READ,0x1fe000,4096
0,burst0,0,READ,0x1ff000,4096
0,burst0,0,READ,0x200000,4096
0,burst0,0,READ,0x201000,4096
0,burst0,0,READ,0x202000,4096
0,burst0,0,READ,0x203000,4096
0,burst0,0,READ,0x204000,4096
0,burst0,0,READ,0x205000,4096
0,burst0,0,READ,0x206000,4096
0,burst0,0,READ,0x207000,4096
0,burst0,0,READ,0x208000,4096
0,burst0,0,READ,0x209000,4096
0,burst0,0,READ,0x20a000,4096
0,burst0,0,READ,0x20b000,4096
0,burst0,0,READ,0x20c000,4096
0,burst0,0,READ,0x20d000,4096
0,burst0,0,READ,0x20e000,4096
0,burst0,0,READ,0x20f000,4096
0,burst0,0,READ,0x210000,4096
0,burst0,0,READ,0x211000,4096
0,burst0,0,READ,0x212000,4096
0,burst0,0,READ,0x213000,4096
0,burst0,0,READ,0x214000,4096
0,burst0,0,READ,0x215000,4096
0,burst0,0,READ,0x216000,4096
0,burst0,0,READ,0x217000,4096
0,burst0,0,READ,0x218000,4096
0,burst0,0,READ,0x219000,4096
0,burst0,0,READ,0x21a000,4096
0,burst0,0,READ,0x21b000,4096
0,burst0,0,READ,0x21c000,4096
0,burst0,0,READ,0x21d000,4096
0,burst0,0,READ,0x21e000,4096
0,burst0,0,READ,0x21f000,4096
0,burst0,0,READ,0x220000,4096
0,burst0,0,READ,0x221000,4096
0,burst0,0,READ,0x222000,4096
0,burst0,0,READ,0x223000,4096
0,burst0,0,READ,0x224000,4096
0,burst0,0,READ,0x225000,4096
0,burst0,0,READ,0x226000,4096
0,burst0,0,READ,0x227000,4096
0,burst0,0,READ,0x228000,4096
0,burst0,0,READ,0x229000,4096
0,burst0,0,READ,0x22a000,4096
0,burst0,0,READ,0x22b000,4096
0,burst0,0,READ,0x22c000,4096
0,burst0,0,READ,0x22d000,4096
0,burst0,0,READ,0x22e000,4096
0,burst0,0,READ,0x22f000,4096
0,burst0,0,READ,0x230000,4096
0,burst0,0,READ,0x231000,4096
0,burst0,0,READ,0x232000,4096
0,burst0,0,READ,0x233000,4096
0,burst0,0,READ,0x234000,4096
0,burst0,0,READ,0x235000,4096
0,burst0,0,READ,0x236000,4096
0,burst0,0,READ,0x237000,4096
0,burst0,0,READ,0x238000,4096
0,burst0,0,READ,0x239000,4096
0,burst0,0,READ,0x23a000,4096
0,burst0,0,READ,0x23b000,4096
0,burst0,0,READ,0x23c000,4096
0,burst0,0,READ,0x23d000,4096
0,burst0,0,READ,0x23e000,4096
0,burst0,0,READ,0x23f000,4096
0,burst0,0,READ,0x240000,4096
0,burst0,0,READ,0x241000,4096
0,burst0,0,READ,0x242000,4096
0,burst0,0,READ,0x243000,4096
0,burst0,0,READ,0x244000,4096
0,burst0,0,READ,0x245000,4096
0,burst0,0,READ,0x246000,4096
0,burst0,0,READ,0x247000,4096
0,burst0,0,READ,0x248000,4096
0,burst0,0,READ,0x249000,4096
0,burst0,0,READ,0x24a000,4096
0,burst0,0,READ,0x24b000,4096
0,burst0,0,READ,0x24c000,4096
0,burst0,0,READ,0x24d000,4096
0,burst0,0,READ,0x24e000,4096
0,burst0,0,READ,0x24f000,4096
0,burst0,0,READ,0x250000,4096
0,burst0,0,READ,0x251000,4096
0,burst0,0,READ,0x252000,4096
0,burst0,0,READ,0x253000,4096
0,burst0,0,READ,0x254000,4096
0,burst0,0,READ,0x255000,4096
0,burst0,0,READ,0x256000,4096
0,burst0,0,READ,0x257000,4096
0,burst0,0,READ,0x258000,4096
0,burst0,0,READ,0x259000,4096
0,burst0,0,READ,0x25a000,4096
0,burst0,0,READ,0x25b000,4096
0,burst0,0,READ,0x25c000,4096
0,burst0,0,READ,0x25d000,4096
0,burst0,0,READ,0x25e000,4096
0,burst0,0,READ,0x25f000,4096
0,burst0,0,READ,0x260000,4096
0,burst0,0,READ,0x261000,4096
0,burst0,0,READ,0x262000,4096
0,burst0,0,READ,0x263000,4096
0,burst0,0,READ,0x264000,4096
0,burst0,0,READ,0x265000,4096
0,burst0,0,READ,0x266000,4096
0,burst0,0,READ,0x267000,4096
0,burst0,0,READ,0x268000,4096
0,burst0,0,READ,0x269000,4096
0,burst0,0,READ,0x26a000,4096
0,burst0,0,READ,0x26b000,4096
0,burst0,0,READ,0x26c000,4096
0,burst0,0,READ,0x26d000,4096
0,burst0,0,READ,0x26e000,4096
0,burst0,0,READ,0x26f000,4096
0,burst0,0,READ,0x270000,4096
0,burst0,0,READ,0x271000,4096
0,burst0,0,READ,0x272000,4096
0,burst0,0,READ,0x273000,4096
0,burst0,0,READ,0x274000,4096
0,burst0,0,READ,0x275000,4096
0,burst0,0,READ,0x276000,4096
0,burst0,0,READ,0x277000,4096
0,burst0,0,READ,0x278000,4096
0,burst0,0,READ,0x279000,4096
0,burst0,0,READ,0x27a000,4096
0,burst0,0,READ,0x27b000,4096
0,burst0,0,READ,0x27c000,4096
0,burst0,0,READ,0x27d000,4096
0,burst0,0,READ,0x27e000,4096
0,burst0,0,READ,0x27f000,4096
0,burst0,0,READ,0x280000,4096
0,burst0,0,READ,0x281000,4096
0,burst0,0,READ,0x282000,4096
0,burst0,0,READ,0x283000,4096
0,burst0,0,READ,0x284000,4096
0,burst0,0,READ,0x285000,4096
0,burst0,0,READ,0x286000,4096
0,burst0,0,READ,0x287000,4096
0,burst0,0,READ,0x288000,4096
0,burst0,0,READ,0x289000,4096
0,burst0,0,READ,0x28a000,4096
0,burst0,0,READ,0x28b000,4096
0,burst0,0,READ,0x28c000,4096
0,burst0,0,READ,0x28d000,4096
0,burst0,0,READ,0x28e000,4096
0,burst0,0,READ,0x28f000,4096
0,burst0,0,READ,0x290000,4096
0,burst0,0,READ,0x291000,4096
0,burst0,0,READ,0x292000,4096
0,burst0,0,READ,0x293000,4096
0,burst0,0,READ,0x294000,4096
0,burst0,0,READ,0x295000,4096
0,burst0,0,READ,0x296000,4096
0,burst0,0,READ,0x297000,4096
0,burst0,0,READ,0x298000,4096
0,burst0,0,READ,0x299000,4096
0,burst0,0,READ,0x29a000,4096
0,burst0,0,READ,0x29b000,4096
0,burst0,0,READ,0x29c000,4096
0,burst0,0,READ,0x29d000,4096
0,burst0,0,READ,0x29e000,4096
0,burst0,0,READ,0x29f000,4096
0,burst0,0,READ,0x2a0000,4096
0,burst0,0,READ,0x2a1000,4096
0,burst0,0,READ,0x2a2000,4096
0,burst0,0,READ,0x2a3000,4096
0,burst0,0,READ,0x2a4000,4096
0,burst0,0,READ,0x2a5000,4096
0,burst0,0,READ,0x2a6000,4096
0,burst0,0,READ,0x2a7000,4096
0,burst0,0,READ,0x2a8000,4096
0,burst0,0,READ,0x2a9000,4096
0,burst0,0,READ,0x2aa000,4096
0,burst0,0,READ,0x2ab000,4096
0,burst0,0,READ,0x2ac000,4096
0,burst0,0,READ,0x2ad000,4096
0,burst0,0,READ,0x2ae000,4096
0,burst0,0,READ,0x2af000,4096
0,burst0,0,READ,0x2b0000,4096
0,burst0,0,READ,0x2b1000,4096
0,burst0,0,READ,0x2b2000,4096
0,burst0,0,READ,0x2b3000,4096
0,burst0,0,READ,0x2b4000,4096
0,burst0,0,READ,0x2b5000,4096
0,burst0,0,READ,0x2b6000,4096
0,burst0,0,READ,0x2b7000,4096
0,burst0,0,READ,0x2b8000,4096
0,burst0,0,READ,0x2b9000,4096
0,burst0,0,READ,0x2ba000,4096
0,burst0,0,READ,0x2bb000,4096
0,burst0,0,READ,0x2bc000,4096
0,burst0,0,READ,0x2bd000,4096
0,burst0,0,READ,0x2be000,4096
0,burst0,0,READ,0x2bf000,4096
0,burst0,0,READ,0x2c0000,4096
0,burst0,0,READ,0x2c1000,4096
0,burst0,0,READ,0x2c2000,4096
0,burst0,0,READ,0x2c3000,4096
0,burst0,0,READ,0x2c4000,4096
0,burst0,0,READ,0x2c5000,4096
0,burst0,0,READ,0x2c6000,4096
0,burst0,0,READ,0x2c7000,4096
0,burst0,0,READ,0x2c8000,4096
0,burst0,0,READ,0x2c9000,4096
0,burst0,0,READ,0x2ca000,4096
0,burst0,0,READ,0x2cb000,4096
0,burst0,0,READ,0x2cc000,4096
0,burst0,0,READ,0x2cd000,4096
0,burst0,0,READ,0x2ce000,4096
0,burst0,0,READ,0x2cf000,4096
0,burst0,0,READ,0x2d0000,4096
0,burst0,0,READ,0x2d1000,4096
0,burst0,0,READ,0x2d2000,4096
0,burst0,0,READ,0x2d3000,4096
0,burst0,0,READ,0x2d4000,4096
0,burst0,0,READ,0x2d5000,4096
0,burst0,0,READ,0x2d6000,4096
0,burst0,0,READ,0x2d7000,4096
0,burst0,0,READ,0x2d8000,4096
0,burst0,0,READ,0x2d9000,4096
0,burst0,0,READ,0x2da000,4096
0,burst0,0,READ,0x2db000,4096
0,burst0,0,READ,0x2dc000,4096
0,burst0,0,READ,0x2dd000,4096
0,burst0,0,READ,0x2de000,4096
0,burst0,0,READ,0x2df000,4096
0,burst0,0,READ,0x2e0000,4096
0,burst0,0,READ,0x2e1000,4096
0,burst0,0,READ,0x2e2000,4096
0,burst0,0,READ,0x2e3000,4096
0,burst0,0,READ,0x2e4000,4096
0,burst0,0,READ,0x2e5000,4096
0,burst0,0,READ,0x2e6000,4096
0,burst0,0,READ,0x2e7000,4096
0,burst0,0,READ,0x2e8000,4096
0,burst0,0,READ,0x2e9000,4096
0,burst0,0,READ,0x2ea000,4096
0,burst0,0,READ,0x2eb000,4096
0,burst0,0,READ,0x2ec000,4096
0,burst0,0,READ,0x2ed000,4096
0,burst0,0,READ,0x2ee000,4096
0,burst0,0,READ,0x2ef000,4096
0,burst0,0,READ,0x2f0000,4096
0,burst0,0,READ,0x2f1000,4096
0,burst0,0,READ,0x2f2000,4096
0,burst0,0,READ,0x2f3000,4096
0,burst0,0,READ,0x2f4000,4096
0,burst0,0,READ,0x2f5000,4096
0,burst0,0,READ,0x2f6000,4096
0,burst0,0,READ,0x2f7000,4096
0,burst0,0,READ,0x2f8000,4096
0,burst0,0,READ,0x2f9000,4096
0,burst0,0,READ,0x2fa000,4096
0,burst0,0,READ,0x2fb000,4096
0,burst0,0,READ,0x2fc000,4096
0,burst0,0,READ,0x2fd000,4096
0,burst0,0,READ,0x2fe000,4096
0,burst0,0,READ,0x2ff000,4096
0,burst0,0,READ,0x300000,4096
0,burst0,0,READ,0x301000,4096
0,burst0,0,READ,0x302000,4096
0,burst0,0,READ,0x303000,4096
0,burst0,0,READ,0x304000,4096
0,burst0,0,READ,0x305000,4096
0,burst0,0,READ,0x306000,4096
0,burst0,0,READ,0x307000,4096
0,burst0,0,READ,0x308000,4096
0,burst0,0,READ,0x309000,4096
0,burst0,0,READ,0x30a000,4096
0,burst0,0,READ,0x30b000,4096
0,burst0,0,READ,0x30c000,4096
0,burst0,0,READ,0x30d000,4096
0,burst0,0,READ,0x30e000,4096
0,burst0,0,READ,0x30f000,4096
0,burst0,0,READ,0x310000,4096
0,burst0,0,READ,0x311000,4096
0,burst0,0,READ,0x312000,4096
0,burst0,0,READ,0x313000,4096
0,burst0,0,READ,0x314000,4096
0,burst0,0,READ,0x315000,4096
0,burst0,0,READ,0x316000,4096
0,burst0,0,READ,0x317000,4096
0,burst0,0,READ,0x318000,4096
0,burst0,0,READ,0x319000,4096
0,burst0,0,READ,0x31a000,4096
0,burst0,0,READ,0x31b000,4096
0,burst0,0,READ,0x31c000,4096
0,burst0,0,READ,0x31d000,4096
0,burst0,0,READ,0x31e000,4096
0,burst0,0,READ,0x31f000,4096
0,burst0,0,READ,0x320000,4096
0,burst0,0,READ,0x321000,4096
0,burst0,0,READ,0x322000,4096
0,burst0,0,READ,0x323000,4096
0,burst0,0,READ,0x324000,4096
0,burst0,0,READ,0x325000,4096
0,burst0,0,READ,0x326000,4096
0,burst0,0,READ,0x327000,4096
0,burst0,0,READ,0x328000,4096
0,burst0,0,READ,0x329000,4096
0,burst0,0,READ,0x32a000,4096
0,burst0,0,READ,0x32b000,4096
0,burst0,0,READ,0x32c000,4096
0,burst0,0,READ,0x32d000,4096
0,burst0,0,READ,0x32e000,4096
0,burst0,0,READ,0x32f000,4096
0,burst0,0,READ,0x330000,4096
0,burst0,0,READ,0x331000,4096
0,burst0,0,READ,0x332000,4096
0,burst0,0,READ,0x333000,4096
0,burst0,0,READ,0x334000,4096
0,burst0,0,READ,0x335000,4096
0,burst0,0,READ,0x336000,4096
0,burst0,0,READ,0x337000,4096
0,burst0,0,READ,0x338000,4096
0,burst0,0,READ,0x339000,4096
0,burst0,0,READ,0x33a000,4096
0,burst0,0,READ,0x33b000,4096
0,burst0,0,READ,0x33c000,4096
0,burst0,0,READ,0x33d000,4096
0,burst0,0,READ,0x33e000,4096
0,burst0,0,READ,0x33f000,4096
0,burst0,0,READ,0x340000,4096
0,burst0,0,READ,0x341000,4096
0,burst0,0,READ,0x342000,4096
0,burst0,0,READ,0x343000,4096
0,burst0,0,READ,0x344000,4096
0,burst0,0,READ,0x345000,4096
0,burst0,0,READ,0x346000,4096
0,burst0,0,READ,0x347000,4096
0,burst0,0,READ,0x348000,4096
0,burst0,0,READ,0x349000,4096
0,burst0,0,READ,0x34a000,4096
0,burst0,0,READ,0x34b000,4096
0,burst0,0,READ,0x34c000,4096
0,burst0,0,READ,0x34d000,4096
0,burst0,0,READ,0x34e000,4096
0,burst0,0,READ,0x34f000,4096
0,burst0,0,READ,0x350000,4096
0,burst0,0,READ,0x351000,4096
0,burst0,0,READ,0x352000,4096
0,burst0,0,READ,0x353000,4096
0,burst0,0,READ,0x354000,4096
0,burst0,0,READ,0x355000,4096
0,burst0,0,READ,0x356000,4096
0,burst0,0,READ,0x357000,4096
0,burst0,0,READ,0x358000,4096
0,burst0,0,READ,0x359000,4096
0,burst0,0,READ,0x35a000,4096
0,burst0,0,READ,0x35b000,4096
0,burst0,0,READ,0x35c000,4096
0,burst0,0,READ,0x35d000,4096
0,burst0,0,READ,0x35e000,4096
0,burst0,0,READ,0x35f000,4096
0,burst0,0,READ,0x360000,4096
0,burst0,0,READ,0x361000,4096
0,burst0,0,READ,0x362000,4096
0,burst0,0,READ,0x363000,4096
0,burst0,0,READ,0x364000,4096
0,burst0,0,READ,0x365000,4096
0,burst0,0,READ,0x366000,4096
0,burst0,0,READ,0x367000,4096
0,burst0,0,READ,0x368000,4096
0,burst0,0,READ,0x369000,4096
0,burst0,0,READ,0x36a000,4096
0,burst0,0,READ,0x36b000,4096
0,burst0,0,READ,0x36c000,4096
0,burst0,0,READ,0x36d000,4096
0,burst0,0,READ,0x36e000,4096
0,burst0,0,READ,0x36f000,4096
0,burst0,0,READ,0x370000,4096
0,burst0,0,READ,0x371000,4096
0,burst0,0,READ,0x372000,4096
0,burst0,0,READ,0x373000,4096
0,burst0,0,READ,0x374000,4096
0,burst0,0,READ,0x375000,4096
0,burst0,0,READ,0x376000,4096
0,burst0,0,READ,0x377000,4096
0,burst0,0,READ,0x378000,4096
0,burst0,0,READ,0x379000,4096
0,burst0,0,READ,0x37a000,4096
0,burst0,0,READ,0x37b000,4096
0,burst0,0,READ,0x37c000,4096
0,burst0,0,READ,0x37d000,4096
0,burst0,0,READ,0x37e000,4096
0,burst0,0,READ,0x37f000,4096
0,burst0,0,READ,0x380000,4096
0,burst0,0,READ,0x381000,4096
0,burst0,0,READ,0x382000,4096
0,burst0,0,READ,0x383000,4096
0,burst0,0,READ,0x384000,4096
0,burst0,0,READ,0x385000,4096
0,burst0,0,READ,0x386000,4096
0,burst0,0,READ,0x387000,4096
0,burst0,0,READ,0x388000,4096
0,burst0,0,READ,0x389000,4096
0,burst0,0,READ,0x38a000,4096
0,burst0,0,READ,0x38b000,4096
0,burst0,0,READ,0x38c000,4096
0,burst0,0,READ,0x38d000,4096
0,burst0,0,READ,0x38e000,4096
0,burst0,0,READ,0x38f000,4096
0,burst0,0,READ,0x390000,4096
0,burst0,0,READ,0x391000,4096
0,burst0,0,READ,0x392000,4096
0,burst0,0,READ,0x393000,4096
0,burst0,0,READ,0x394000,4096
0,burst0,0,READ,0x395000,4096
0,burst0,0,READ,0x396000,4096
0,burst0,0,READ,0x397000,4096
0,burst0,0,READ,0x398000,4096
0,burst0,0,READ,0x399000,4096
0,burst0,0,READ,0x39a000,4096
0,burst0,0,READ,0x39b000,4096
0,burst0,0,READ,0x39c000,4096
0,burst0,0,READ,0x39d000,4096
0,burst0,0,READ,0x39e000,4096
0,burst0,0,READ,0x39f000,4096
0,burst0,0,READ,0x3a0000,4096
0,burst0,0,READ,0x3a1000,4096
0,burst0,0,READ,0x3a2000,4096
0,burst0,0,READ,0x3a3000,4096
0,burst0,0,READ,0x3a4000,4096
0,burst0,0,READ,0x3a5000,4096
0,burst0,0,READ,0x3a6000,4096
0,burst0,0,READ,0x3a7000,4096
0,burst0,0,READ,0x3a8000,4096
0,burst0,0,READ,0x3a9000,4096
0,burst0,0,READ,0x3aa000,4096
0,burst0,0,READ,0x3ab000,4096
0,burst0,0,READ,0x3ac000,4096
0,burst0,0,READ,0x3ad000,4096
0,burst0,0,READ,0x3ae000,4096
0,burst0,0,READ,0x3af000,4096
0,burst0,0,READ,0x3b0000,4096
0,burst0,0,READ,0x3b1000,4096
0,burst0,0,READ,0x3b2000,4096
0,burst0,0,READ,0x3b3000,4096
0,burst0,0,READ,0x3b4000,4096
0,burst0,0,READ,0x3b5000,4096
0,burst0,0,READ,0x3b6000,4096
0,burst0,0,READ,0x3b7000,4096
0,burst0,0,READ,0x3b8000,4096
0,burst0,0,READ,0x3b9000,4096
0,burst0,0,READ,0x3ba000,4096
0,burst0,0,READ,0x3bb000,4096
0,burst0,0,READ,0x3bc000,4096
0,burst0,0,READ,0x3bd000,4096
0,burst0,0,READ,0x3be000,4096
0,burst0,0,READ,0x3bf000,4096
0,burst0,0,READ,0x3c0000,4096
0,burst0,0,READ,0x3c1000,4096
0,burst0,0,READ,0x3c2000,4096
0,burst0,0,READ,0x3c3000,4096
0,burst0,0,READ,0x3c4000,4096
0,burst0,0,READ,0x3c5000,4096
0,burst0,0,READ,0x3c6000,4096
0,burst0,0,READ,0x3c7000,4096
0,burst0,0,READ,0x3c8000,4096
0,burst0,0,READ,0x3c9000,4096
0,burst0,0,READ,0x3ca000,4096
0,burst0,0,READ,0x3cb000,4096
0,burst0,0,READ,0x3cc000,4096
0,burst0,0,READ,0x3cd000,4096
0,burst0,0,READ,0x3ce000,4096
0,burst0,0,READ,0x3cf000,4096
0,burst0,0,READ,0x3d0000,4096
0,burst0,0,READ,0x3d1000,4096
0,burst0,0,READ,0x3d2000,4096
0,burst0,0,READ,0x3d3000,4096
0,burst0,0,READ,0x3d4000,4096
0,burst0,0,READ,0x3d5000,4096
0,burst0,0,READ,0x3d6000,4096
0,burst0,0,READ,0x3d7000,4096
0,burst0,0,READ,0x3d8000,4096
0,burst0,0,READ,0x3d9000,4096
0,burst0,0,READ,0x3da000,4096
0,burst0,0,READ,0x3db000,4096
0,burst0,0,READ,0x3dc000,4096
0,burst0,0,READ,0x3dd000,4096
0,burst0,0,READ,0x3de000,4096
0,burst0,0,READ,0x3df000,4096
0,burst0,0,READ,0x3e0000,4096
0,burst0,0,READ,0x3e1000,4096
0,burst0,0,READ,0x3e2000,4096
0,burst0,0,READ,0x3e3000,4096
0,burst0,0,READ,0x3e4000,4096
0,burst0,0,READ,0x3e5000,4096
0,burst0,0,READ,0x3e6000,4096
0,burst0,0,READ,0x3e7000,4096
0,burst0,0,READ,0x3e8000,4096
0,burst0,0,READ,0x3e9000,4096
0,burst0,0,READ,0x3ea000,4096
0,burst0,0,READ,0x3eb000,4096
0,burst0,0,READ,0x3ec000,4096
0,burst0,0,READ,0x3ed000,4096
0,burst0,0,READ,0x3ee000,4096
0,burst0,0,READ,0x3ef000,4096
0,burst0,0,READ,0x3f0000,4096
0,burst0,0,READ,0x3f1000,4096
0,burst0,0,READ,0x3f2000,4096
0,burst0,0,READ,0x3f3000,4096
0,burst0,0,READ,0x3f4000,4096
0,burst0,0,READ,0x3f5000,4096
0,burst0,0,READ,0x3f6000,4096
0,burst0,0,READ,0x3f7000,4096
0,burst0,0,READ,0x3f8000,4096
0,burst0,0,READ,0x3f9000,4096
0,burst0,0,READ,0x3fa000,4096
0,burst0,0,READ,0x3fb000,4096
0,burst0,0,READ,0x3fc000,4096
0,burst0,0,READ,0x3fd000,4096
0,burst0,0,READ,0x3fe000,4096
0,burst0,0,READ,0x3ff000,4096
0,burst0,0,READ,0x400000,4096
0,burst0,0,READ,0x401000,4096
0,burst0,0,READ,0x402000,4096
0,burst0,0,READ,0x403000,4096
0,burst0,0,READ,0x404000,4096
0,burst0,0,READ,0x405000,4096
0,burst0,0,READ,0x406000,4096
0,burst0,0,READ,0x407000,4096
0,burst0,0,READ,0x408000,4096
0,burst0,0,READ,0x409000,4096
0,burst0,0,READ,0x40a000,4096
0,burst0,0,READ,0x40b000,4096
0,burst0,0,READ,0x40c000,4096
0,burst0,0,READ,0x40d000,4096
0,burst0,0,READ,0x40e000,4096
0,burst0,0,READ,0x40f000,4096
0,burst0,0,READ,0x410000,4096
0,burst0,0,READ,0x411000,4096
0,burst0,0,READ,0x412000,4096
0,burst0,0,READ,0x413000,4096
0,burst0,0,READ,0x414000,4096
0,burst0,0,READ,0x415000,4096
0,burst0,0,READ,0x416000,4096
0,burst0,0,READ,0x417000,4096
0,burst0,0,READ,0x418000,4096
0,burst0,0,READ,0x419000,4096
0,burst0,0,READ,0x41a000,4096
0,burst0,0,READ,0x41b000,4096
0,burst0,0,READ,0x41c000,4096
0,burst0,0,READ,0x41d000,4096
0,burst0,0,READ,0x41e000,4096
0,burst0,0,READ,0x41f000,4096
0,burst0,0,READ,0x420000,4096
0,burst0,0,READ,0x421000,4096
0,burst0,0,READ,0x422000,4096
0,burst0,0,READ,0x423000,4096
0,burst0,0,READ,0x424000,4096
0,burst0,0,READ,0x425000,4096
0,burst0,0,READ,0x426000,4096
0,burst0,0,READ,0x427000,4096
0,burst0,0,READ,0x428000,4096
0,burst0,0,READ,0x429000,4096
0,burst0,0,READ,0x42a000,4096
0,burst0,0,READ,0x42b000,4096
0,burst0,0,READ,0x42c000,4096
0,burst0,0,READ,0x42d000,4096
0,burst0,0,READ,0x42e000,4096
0,burst0,0,READ,0x42f000,4096
0,burst0,0,READ,0x430000,4096
0,burst0,0,READ,0x431000,4096
0,burst0,0,READ,0x432000,4096
0,burst0,0,READ,0x433000,4096
0,burst0,0,READ,0x434000,4096
0,burst0,0,READ,0x435000,4096
0,burst0,0,READ,0x436000,4096
0,burst0,0,READ,0x437000,4096
0,burst0,0,READ,0x438000,4096
0,burst0,0,READ,0x439000,4096
0,burst0,0,READ,0x43a000,4096
0,burst0,0,READ,0x43b000,4096
0,burst0,0,READ,0x43c000,4096
0,burst0,0,READ,0x43d000,4096
0,burst0,0,READ,0x43e000,4096
0,burst0,0,READ,0x43f000,4096
0,burst0,0,READ,0x440000,4096
0,burst0,0,READ,0x441000,4096
0,burst0,0,READ,0x442000,4096
0,burst0,0,READ,0x443000,4096
0,burst0,0,READ,0x444000,4096
0,burst0,0,READ,0x445000,4096
0,burst0,0,READ,0x446000,4096
0,burst0,0,READ,0x447000,4096
0,burst0,0,READ,0x448000,4096
0,burst0,0,READ,0x449000,4096
0,burst0,0,READ,0x44a000,4096
0,burst0,0,READ,0x44b000,4096
0,burst0,0,READ,0x44c000,4096
0,burst0,0,READ,0x44d000,4096
0,burst0,0,READ,0x44e000,4096
0,burst0,0,READ,0x44f000,4096
0,burst0,0,READ,0x450000,4096
0,burst0,0,READ,0x451000,4096
0,burst0,0,READ,0x452000,4096
0,burst0,0,READ,0x453000,4096
0,burst0,0,READ,0x454000,4096
0,burst0,0,READ,0x455000,4096
0,burst0,0,READ,0x456000,4096
0,burst0,0,READ,0x457000,4096
0,burst0,0,READ,0x458000,4096
0,burst0,0,READ,0x459000,4096
0,burst0,0,READ,0x45a000,4096
0,burst0,0,READ,0x45b000,4096
0,burst0,0,READ,0x45c000,4096
0,burst0,0,READ,0x45d000,4096
0,burst0,0,READ,0x45e000,4096
0,burst0,0,READ,0x45f000,4096
0,burst0,0,READ,0x460000,4096
0,burst0,0,READ,0x461000,4096
0,burst0,0,READ,0x462000,4096
0,burst0,0,READ,0x463000,4096
0,burst0,0,READ,0x464000,4096
0,burst0,0,READ,0x465000,4096
0,burst0,0,READ,0x466000,4096
0,burst0,0,READ,0x467000,4096
0,burst0,0,READ,0x468000,4096
0,burst0,0,READ,0x469000,4096
0,burst0,0,READ,0x46a000,4096
0,burst0,0,READ,0x46b000,4096
0,burst0,0,READ,0x46c000,4096
0,burst0,0,READ,0x46d000,4096
0,burst0,0,READ,0x46e000,4096
0,burst0,0,READ,0x46f000,4096
0,burst0,0,READ,0x470000,4096
0,burst0,0,READ,0x471000,4096
0,burst0,0,READ,0x472000,4096
0,burst0,0,READ,0x473000,4096
0,burst0,0,READ,0x474000,4096
0,burst0,0,READ,0x475000,4096
0,burst0,0,READ,0x476000,4096
0,burst0,0,READ,0x477000,4096
0,burst0,0,READ,0x478000,4096
0,burst0,0,READ,0x479000,4096
0,burst0,0,READ,0x47a000,4096
0,burst0,0,READ,0x47b000,4096
0,burst0,0,READ,0x47c000,4096
0,burst0,0,READ,0x47d000,4096
0,burst0,0,READ,0x47e000,4096
0,burst0,0,READ,0x47f000,4096
0,burst0,0,READ,0x480000,4096
0,burst0,0,READ,0x481000,4096
0,burst0,0,READ,0x482000,4096
0,burst0,0,READ,0x483000,4096
0,burst0,0,READ,0x484000,4096
0,burst0,0,READ,0x485000,4096
0,burst0,0,READ,0x486000,4096
0,burst0,0,READ,0x487000,4096
0,burst0,0,READ,0x488000,4096
0,burst0,0,READ,0x489000,4096
0,burst0,0,READ,0x48a000,4096
0,burst0,0,READ,0x48b000,4096
0,burst0,0,READ,0x48c000,4096
0,burst0,0,READ,0x48d000,4096
0,burst0,0,READ,0x48e000,4096
0,burst0,0,READ,0x48f000,4096
0,burst0,0,READ,0x490000,4096
0,burst0,0,READ,0x491000,4096
0,burst0,0,READ,0x492000,4096
0,burst0,0,READ,0x493000,4096
0,burst0,0,READ,0x494000,4096
0,burst0,0,READ,0x495000,4096
0,burst0,0,READ,0x496000,4096
0,burst0,0,READ,0x497000,4096
0,burst0,0,READ,0x498000,4096
0,burst0,0,READ,0x499000,4096
0,burst0,0,READ,0x49a000,4096
0,burst0,0,READ,0x49b000,4096
0,burst0,0,READ,0x49c000,4096
0,burst0,0,READ,0x49d000,4096
0,burst0,0,READ,0x49e000,4096
0,burst0,0,READ,0x49f000,4096
0,burst0,0,READ,0x4a0000,4096
0,burst0,0,READ,0x4a1000,4096
0,burst0,0,READ,0x4a2000,4096
0,burst0,0,READ,0x4a3000,4096
0,burst0,0,READ,0x4a4000,4096
0,burst0,0,READ,0x4a5000,4096
0,burst0,0,READ,0x4a6000,4096
0,burst0,0,READ,0x4a7000,4096
0,burst0,0,READ,0x4a8000,4096
0,burst0,0,READ,0x4a9000,4096
0,burst0,0,READ,0x4aa000,4096
0,burst0,0,READ,0x4ab000,4096
0,burst0,0,READ,0x4ac000,4096
0,burst0,0,READ,0x4ad000,4096
0,burst0,0,READ,0x4ae000,4096
0,burst0,0,READ,0x4af000,4096
0,burst0,0,READ,0x4b0000,4096
0,burst0,0,READ,0x4b1000,4096
0,burst0,0,READ,0x4b2000,4096
0,burst0,0,READ,0x4b3000,4096
0,burst0,0,READ,0x4b4000,4096
0,burst0,0,READ,0x4b5000,4096
0,burst0,0,READ,0x4b6000,4096
0,burst0,0,READ,0x4b7000,4096
0,burst0,0,READ,0x4b8000,4096
0,burst0,0,READ,0x4b9000,4096
0,burst0,0,READ,0x4ba000,4096
0,burst0,0,READ,0x4bb000,4096
0,burst0,0,READ,0x4bc000,4096
0,burst0,0,READ,0x4bd000,4096
0,burst0,0,READ,0x4be000,4096
0,burst0,0,READ,0x4bf000,4096
0,burst0,0,READ,0x4c0000,4096
0,burst0,0,READ,0x4c1000,4096
0,burst0,0,READ,0x4c2000,4096
0,burst0,0,READ,0x4c3000,4096
0,burst0,0,READ,0x4c4000,4096
0,burst0,0,READ,0x4c5000,4096
0,burst0,0,READ,0x4c6000,4096
0,burst0,0,READ,0x4c7000,4096
0,burst0,0,READ,0x4c8000,4096
0,burst0,0,READ,0x4c9000,4096
0,burst0,0,READ,0x4ca000,4096
0,burst0,0,READ,0x4cb000,4096
0,burst0,0,READ,0x4cc000,4096
0,burst0,0,READ,0x4cd000,4096
0,burst0,0,READ,0x4ce000,4096
0,burst0,0,READ,0x4cf000,4096
0,burst0,0,READ,0x4d0000,4096
0,burst0,0,READ,0x4d1000,4096
0,burst0,0,READ,0x4d2000,4096
0,burst0,0,READ,0x4d3000,4096
0,burst0,0,READ,0x4d4000,4096
0,burst0,0,READ,0x4d5000,4096
0,burst0,0,READ,0x4d6000,4096
0,burst0,0,READ,0x4d7000,4096
0,burst0,0,READ,0x4d8000,4096
0,burst0,0,READ,0x4d9000,4096
0,burst0,0,READ,0x4da000,4096
0,burst0,0,READ,0x4db000,4096
0,burst0,0,READ,0x4dc000,4096
0,burst0,0,READ,0x4dd000,4096
0,burst0,0,READ,0x4de000,4096
0,burst0,0,READ,0x4df000,4096
0,burst0,0,READ,0x4e0000,4096
0,burst0,0,READ,0x4e1000,4096
0,burst0,0,READ,0x4e2000,4096
0,burst0,0,READ,0x4e3000,4096
0,burst0,0,READ,0x4e4000,4096
0,burst0,0,READ,0x4e5000,4096
0,burst0,0,READ,0x4e6000,4096
0,burst0,0,READ,0x4e7000,4096
0,burst0,0,READ,0x4e8000,4096
0,burst0,0,READ,0x4e9000,4096
0,burst0,0,READ,0x4ea000,4096
0,burst0,0,READ,0x4eb000,4096
0,burst0,0,READ,0x4ec000,4096
0,burst0,0,READ,0x4ed000,4096
0,burst0,0,READ,0x4ee000,4096
0,burst0,0,READ,0x4ef000,4096
0,burst0,0,READ,0x4f0000,4096
0,burst0,0,READ,0x4f1000,4096
0,burst0,0,READ,0x4f2000,4096
0,burst0,0,READ,0x4f3000,4096
0,burst0,0,READ,0x4f4000,4096
0,burst0,0,READ,0x4f5000,4096
0,burst0,0,READ,0x4f6000,4096
0,burst0,0,READ,0x4f7000,4096
0,burst0,0,READ,0x4f8000,4096
0,burst0,0,READ,0x4f9000,4096
0,burst0,0,READ,0x4fa000,4096
0,burst0,0,READ,0x4fb000,4096
0,burst0,0,READ,0x4fc000,4096
0,burst0,0,READ,0x4fd000,4096
0,burst0,0,READ,0x4fe000,4096
0,burst0,0,READ,0x4ff000,4096
0,burst0,0,READ,0x500000,4096
0,burst0,0,READ,0x501000,4096
0,burst0,0,READ,0x502000,4096
0,burst0,0,READ,0x503000,4096
0,burst0,0,READ,0x504000,4096
0,burst0,0,READ,0x505000,4096
0,burst0,0,READ,0x506000,4096
0,burst0,0,READ,0x507000,4096
0,burst0,0,READ,0x508000,4096
0,burst0,0,READ,0x509000,4096
0,burst0,0,READ,0x50a000,4096
0,burst0,0,READ,0x50b000,4096
0,burst0,0,READ,0x50c000,4096
0,burst0,0,READ,0x50d000,4096
0,burst0,0,READ,0x50e000,4096
0,burst0,0,READ,0x50f000,4096
0,burst0,0,READ,0x510000,4096
0,burst0,0,READ,0x511000,4096
0,burst0,0,READ,0x512000,4096
0,burst0,0,READ,0x513000,4096
0,burst0,0,READ,0x514000,4096
0,burst0,0,READ,0x515000,4096
0,burst0,0,READ,0x516000,4096
0,burst0,0,READ,0x517000,4096
0,burst0,0,READ,0x518000,4096
0,burst0,0,READ,0x519000,4096
0,burst0,0,READ,0x51a000,4096
0,burst0,0,READ,0x51b000,4096
0,burst0,0,READ,0x51c000,4096
0,burst0,0,READ,0x51d000,4096
0,burst0,0,READ,0x51e000,4096
0,burst0,0,READ,0x51f000,4096
0,burst0,0,READ,0x520000,4096
0,burst0,0,READ,0x521000,4096
0,burst0,0,READ,0x522000,4096
0,burst0,0,READ,0x523000,4096
0,burst0,0,READ,0x524000,4096
0,burst0,0,READ,0x525000,4096
0,burst0,0,READ,0x526000,4096
0,burst0,0,READ,0x527000,4096
0,burst0,0,READ,0x528000,4096
0,burst0,0,READ,0x529000,4096
0,burst0,0,READ,0x52a000,4096
0,burst0,0,READ,0x52b000,4096
0,burst0,0,READ,0x52c000,4096
0,burst0,0,READ,0x52d000,4096
0,burst0,0,READ,0x52e000,4096
0,burst0,0,READ,0x52f000,4096
0,burst0,0,READ,0x530000,4096
0,burst0,0,READ,0x531000,4096
0,burst0,0,READ,0x532000,4096
0,burst0,0,READ,0x533000,4096
0,burst0,0,READ,0x534000,4096
0,burst0,0,READ,0x535000,4096
0,burst0,0,READ,0x536000,4096
0,burst0,0,READ,0x537000,4096
0,burst0,0,READ,0x538000,4096
0,burst0,0,READ,0x539000,4096
0,burst0,0,READ,0x53a000,4096
0,burst0,0,READ,0x53b000,4096
0,burst0,0,READ,0x53c000,4096
0,burst0,0,READ,0x53d000,4096
0,burst0,0,READ,0x53e000,4096
0,burst0,0,READ,0x53f000,4096
0,burst0,0,READ,0x540000,4096
0,burst0,0,READ,0x541000,4096
0,burst0,0,READ,0x542000,4096
0,burst0,0,READ,0x543000,4096
0,burst0,0,READ,0x544000,4096
0,burst0,0,READ,0x545000,4096
0,burst0,0,READ,0x546000,4096
0,burst0,0,READ,0x547000,4096
0,burst0,0,READ,0x548000,4096
0,burst0,0,READ,0x549000,4096
0,burst0,0,READ,0x54a000,4096
0,burst0,0,READ,0x54b000,4096
0,burst0,0,READ,0x54c000,4096
0,burst0,0,READ,0x54d000,4096
0,burst0,0,READ,0x54e000,4096
0,burst0,0,READ,0x54f000,4096
0,burst0,0,READ,0x550000,4096
0,burst0,0,READ,0x551000,4096
0,burst0,0,READ,0x552000,4096
0,burst0,0,READ,0x553000,4096
0,burst0,0,READ,0x554000,4096
0,burst0,0,READ,0x555000,4096
0,burst0,0,READ,0x556000,4096
0,burst0,0,READ,0x557000,4096
0,burst0,0,READ,0x558000,4096
0,burst0,0,READ,0x559000,4096
0,burst0,0,READ,0x55a000,4096
0,burst0,0,READ,0x55b000,4096
0,burst0,0,READ,0x55c000,4096
0,burst0,0,READ,0x55d000,4096
0,burst0,0,READ,0x55e000,4096
0,burst0,0,READ,0x55f000,4096
0,burst0,0,READ,0x560000,4096
0,burst0,0,READ,0x561000,4096
0,burst0,0,READ,0x562000,4096
0,burst0,0,READ,0x563000,4096
0,burst0,0,READ,0x564000,4096
0,burst0,0,READ,0x565000,4096
0,burst0,0,READ,0x566000,4096
0,burst0,0,READ,0x567000,4096
0,burst0,0,READ,0x568000,4096
0,burst0,0,READ,0x569000,4096
0,burst0,0,READ,0x56a000,4096
0,burst0,0,READ,0x56b000,4096
0,burst0,0,READ,0x56c000,4096
0,burst0,0,READ,0x56d000,4096
0,burst0,0,READ,0x56e000,4096
0,burst0,0,READ,0x56f000,4096
0,burst0,0,READ,0x570000,4096
0,burst0,0,READ,0x571000,4096
0,burst0,0,READ,0x572000,4096
0,burst0,0,READ,0x573000,4096
0,burst0,0,READ,0x574000,4096
0,burst0,0,READ,0x575000,4096
0,burst0,0,READ,0x576000,4096
0,burst0,0,READ,0x577000,4096
0,burst0,0,READ,0x578000,4096
0,burst0,0,READ,0x579000,4096
0,burst0,0,READ,0x57a000,4096
0,burst0,0,READ,0x57b000,4096
0,burst0,0,READ,0x57c000,4096
0,burst0,0,READ,0x57d000,4096
0,burst0,0,READ,0x57e000,4096
0,burst0,0,READ,0x57f000,4096
0,burst0,0,READ,0x580000,4096
0,burst0,0,READ,0x581000,4096
0,burst0,0,READ,0x582000,4096
0,burst0,0,READ,0x583000,4096
0,burst0,0,READ,0x584000,4096
0,burst0,0,READ,0x585000,4096
0,burst0,0,READ,0x586000,4096
0,burst0,0,READ,0x587000,4096
0,burst0,0,READ,0x588000,4096
0,burst0,0,READ,0x589000,4096
0,burst0,0,READ,0x58a000,4096
0,burst0,0,READ,0x58b000,4096
0,burst0,0,READ,0x58c000,4096
0,burst0,0,READ,0x58d000,4096
0,burst0,0,READ,0x58e000,4096
0,burst0,0,READ,0x58f000,4096
0,burst0,0,READ,0x590000,4096
0,burst0,0,READ,0x591000,4096
0,burst0,0,READ,0x592000,4096
0,burst0,0,READ,0x593000,4096
0,burst0,0,READ,0x594000,4096
0,burst0,0,READ,0x595000,4096
0,burst0,0,READ,0x596000,4096
0,burst0,0,READ,0x597000,4096
0,burst0,0,READ,0x598000,4096
0,burst0,0,READ,0x599000,4096
0,burst0,0,READ,0x59a000,4096
0,burst0,0,READ,0x59b000,4096
0,burst0,0,READ,0x59c000,4096
0,burst0,0,READ,0x59d000,4096
0,burst0,0,READ,0x59e000,4096
0,burst0,0,READ,0x59f000,4096
0,burst0,0,READ,0x5a0000,4096
0,burst0,0,READ,0x5a1000,4096
0,burst0,0,READ,0x5a2000,4096
0,burst0,0,READ,0x5a3000,4096
0,burst0,0,READ,0x5a4000,4096
0,burst0,0,READ,0x5a5000,4096
0,burst0,0,READ,0x5a6000,4096
0,burst0,0,READ,0x5a7000,4096
0,burst0,0,READ,0x5a8000,4096
0,burst0,0,READ,0x5a9000,4096
0,burst0,0,READ,0x5aa000,4096
0,burst0,0,READ,0x5ab000,4096
0,burst0,0,READ,0x5ac000,4096
0,burst0,0,READ,0x5ad000,4096
0,burst0,0,READ,0x5ae000,4096
0,burst0,0,READ,0x5af000,4096
0,burst0,0,READ,0x5b0000,4096
0,burst0,0,READ,0x5b1000,4096
0,burst0,0,READ,0x5b2000,4096
0,burst0,0,READ,0x5b3000,4096
0,burst0,0,READ,0x5b4000,4096
0,burst0,0,READ,0x5b5000,4096
0,burst0,0,READ,0x5b6000,4096
0,burst0,0,READ,0x5b7000,4096
0,burst0,0,READ,0x5b8000,4096
0,burst0,0,READ,0x5b9000,4096
0,burst0,0,READ,0x5ba000,4096
0,burst0,0,READ,0x5bb000,4096
0,burst0,0,READ,0x5bc000,4096
0,burst0,0,READ,0x5bd000,4096
0,burst0,0,READ,0x5be000,4096
0,burst0,0,READ,0x5bf000,4096
0,burst0,0,READ,0x5c0000,4096
0,burst0,0,READ,0x5c1000,4096
0,burst0,0,READ,0x5c2000,4096
0,burst0,0,READ,0x5c3000,4096
0,burst0,0,READ,0x5c4000,4096
0,burst0,0,READ,0x5c5000,4096
0,burst0,0,READ,0x5c6000,4096
0,burst0,0,READ,0x5c7000,4096
0,burst0,0,READ,0x5c8000,4096
0,burst0,0,READ,0x5c9000,4096
0,burst0,0,READ,0x5ca000,4096
0,burst0,0,READ,0x5cb000,4096
0,burst0,0,READ,0x5cc000,4096
0,burst0,0,READ,0x5cd000,4096
0,burst0,0,READ,0x5ce000,4096
0,burst0,0,READ,0x5cf000,4096
0,burst0,0,READ,0x5d0000,4096
0,burst0,0,READ,0x5d1000,4096
0,burst0,0,READ,0x5d2000,4096
0,burst0,0,READ,0x5d3000,4096
0,burst0,0,READ,0x5d4000,4096
0,burst0,0,READ,0x5d5000,4096
0,burst0,0,READ,0x5d6000,4096
0,burst0,0,READ,0x5d7000,4096
0,burst0,0,READ,0x5d8000,4096
0,burst0,0,READ,0x5d9000,4096
0,burst0,0,READ,0x5da000,4096
0,burst0,0,READ,0x5db000,4096
0,burst0,0,READ,0x5dc000,4096
0,burst0,0,READ,0x5dd000,4096
0,burst0,0,READ,0x5de000,4096
0,burst0,0,READ,0x5df000,4096
0,burst0,0,READ,0x5e0000,4096
0,burst0,0,READ,0x5e1000,4096
0,burst0,0,READ,0x5e2000,4096
0,burst0,0,READ,0x5e3000,4096
0,burst0,0,READ,0x5e4000,4096
0,burst0,0,READ,0x5e5000,4096
0,burst0,0,READ,0x5e6000,4096
0,burst0,0,READ,0x5e7000,4096
0,burst0,0,READ,0x5e8000,4096
0,burst0,0,READ,0x5e9000,4096
0,burst0,0,READ,0x5ea000,4096
0,burst0,0,READ,0x5eb000,4096
0,burst0,0,READ,0x5ec000,4096
0,burst0,0,READ,0x5ed000,4096
0,burst0,0,READ,0x5ee000,4096
0,burst0,0,READ,0x5ef000,4096
0,burst0,0,READ,0x5f0000,4096
0,burst0,0,READ,0x5f1000,4096
0,burst0,0,READ,0x5f2000,4096
0,burst0,0,READ,0x5f3000,4096
0,burst0,0,READ,0x5f4000,4096
0,burst0,0,READ,0x5f5000,4096
0,burst0,0,READ,0x5f6000,4096
0,burst0,0,READ,0x5f7000,4096
0,burst0,0,READ,0x5f8000,4096
0,burst0,0,READ,0x5f9000,4096
0,burst0,0,READ,0x5fa000,4096
0,burst0,0,READ,0x5fb000,4096
0,burst0,0,READ,0x5fc000,4096
0,burst0,0,READ,0x5fd000,4096
0,burst0,0,READ,0x5fe000,4096
0,burst0,0,READ,0x5ff000,4096
0,burst0,0,READ,0x600000,4096
0,burst0,0,READ,0x601000,4096
0,burst0,0,READ,0x602000,4096
0,burst0,0,READ,0x603000,4096
0,burst0,0,READ,0x604000,4096
0,burst0,0,READ,0x605000,4096
0,burst0,0,READ,0x606000,4096
0,burst0,0,READ,0x607000,4096
0,burst0,0,READ,0x608000,4096
0,burst0,0,READ,0x609000,4096
0,burst0,0,READ,0x60a000,4096
0,burst0,0,READ,0x60b000,4096
0,burst0,0,READ,0x60c000,4096
0,burst0,0,READ,0x60d000,4096
0,burst0,0,READ,0x60e000,4096
0,burst0,0,READ,0x60f000,4096
0,burst0,0,READ,0x610000,4096
0,burst0,0,READ,0x611000,4096
0,burst0,0,READ,0x612000,4096
0,burst0,0,READ,0x613000,4096
0,burst0,0,READ,0x614000,4096
0,burst0,0,READ,0x615000,4096
0,burst0,0,READ,0x616000,4096
0,burst0,0,READ,0x617000,4096
0,burst0,0,READ,0x618000,4096
0,burst0,0,READ,0x619000,4096
0,burst0,0,READ,0x61a000,4096
0,burst0,0,READ,0x61b000,4096
0,burst0,0,READ,0x61c000,4096
0,burst0,0,READ,0x61d000,4096
0,burst0,0,READ,0x61e000,4096
0,burst0,0,READ,0x61f000,4096
0,burst0,0,READ,0x620000,4096
0,burst0,0,READ,0x621000,4096
0,burst0,0,READ,0x622000,4096
0,burst0,0,READ,0x623000,4096
0,burst0,0,READ,0x624000,4096
0,burst0,0,READ,0x625000,4096
0,burst0,0,READ,0x626000,4096
0,burst0,0,READ,0x627000,4096
0,burst0,0,READ,0x628000,4096
0,burst0,0,READ,0x629000,4096
0,burst0,0,READ,0x62a000,4096
0,burst0,0,READ,0x62b000,4096
0,burst0,0,READ,0x62c000,4096
0,burst0,0,READ,0x62d000,4096
0,burst0,0,READ,0x62e000,4096
0,burst0,0,READ,0x62f000,4096
0,burst0,0,READ,0x630000,4096
0,burst0,0,READ,0x631000,4096
0,burst0,0,READ,0x632000,4096
0,burst0,0,READ,0x633000,4096
0,burst0,0,READ,0x634000,4096
0,burst0,0,READ,0x635000,4096
0,burst0,0,READ,0x636000,4096
0,burst0,0,READ,0x637000,4096
0,burst0,0,READ,0x638000,4096
0,burst0,0,READ,0x639000,4096
0,burst0,0,READ,0x63a000,4096
0,burst0,0,READ,0x63b000,4096
0,burst0,0,READ,0x63c000,4096
0,burst0,0,READ,0x63d000,4096
0,burst0,0,READ,0x63e000,4096
0,burst0,0,READ,0x63f000,4096
0,burst0,0,READ,0x640000,4096
0,burst0,0,READ,0x641000,4096
0,burst0,0,READ,0x642000,4096
0,burst0,0,READ,0x643000,4096
0,burst0,0,READ,0x644000,4096
0,burst0,0,READ,0x645000,4096
0,burst0,0,READ,0x646000,4096
0,burst0,0,READ,0x647000,4096
0,burst0,0,READ,0x648000,4096
0,burst0,0,READ,0x649000,4096
0,burst0,0,READ,0x64a000,4096
0,burst0,0,READ,0x64b000,4096
0,burst0,0,READ,0x64c000,4096
0,burst0,0,READ,0x64d000,4096
0,burst0,0,READ,0x64e000,4096
0,burst0,0,READ,0x64f000,4096
0,burst0,0,READ,0x650000,4096
0,burst0,0,READ,0x651000,4096
0,burst0,0,READ,0x652000,4096
0,burst0,0,READ,0x653000,4096
0,burst0,0,READ,0x654000,4096
0,burst0,0,READ,0x655000,4096
0,burst0,0,READ,0x656000,4096
0,burst0,0,READ,0x657000,4096
0,burst0,0,READ,0x658000,4096
0,burst0,0,READ,0x659000,4096
0,burst0,0,READ,0x65a000,4096
0,burst0,0,READ,0x65b000,4096
0,burst0,0,READ,0x65c000,4096
0,burst0,0,READ,0x65d000,4096
0,burst0,0,READ,0x65e000,4096
0,burst0,0,READ,0x65f000,4096
0,burst0,0,READ,0x660000,4096
0,burst0,0,READ,0x661000,4096
0,burst0,0,READ,0x662000,4096
0,burst0,0,READ,0x663000,4096
0,burst0,0,READ,0x664000,4096
0,burst0,0,READ,0x665000,4096
0,burst0,0,READ,0x666000,4096
0,burst0,0,READ,0x667000,4096
0,burst0,0,READ,0x668000,4096
0,burst0,0,READ,0x669000,4096
0,burst0,0,READ,0x66a000,4096
0,burst0,0,READ,0x66b000,4096
0,burst0,0,READ,0x66c000,4096
0,burst0,0,READ,0x66d000,4096
0,burst0,0,READ,0x66e000,4096
0,burst0,0,READ,0x66f000,4096
0,burst0,0,READ,0x670000,4096
0,burst0,0,READ,0x671000,4096
0,burst0,0,READ,0x672000,4096
0,burst0,0,READ,0x673000,4096
0,burst0,0,READ,0x674000,4096
0,burst0,0,READ,0x675000,4096
0,burst0,0,READ,0x676000,4096
0,burst0,0,READ,0x677000,4096
0,burst0,0,READ,0x678000,4096
0,burst0,0,READ,0x679000,4096
0,burst0,0,READ,0x67a000,4096
0,burst0,0,READ,0x67b000,4096
0,burst0,0,READ,0x67c000,4096
0,burst0,0,READ,0x67d000,4096
0,burst0,0,READ,0x67e000,4096
0,burst0,0,READ,0x67f000,4096
0,burst0,0,READ,0x680000,4096
0,burst0,0,READ,0x681000,4096
0,burst0,0,READ,0x682000,4096
0,burst0,0,READ,0x683000,4096
0,burst0,0,READ,0x684000,4096
0,burst0,0,READ,0x685000,4096
0,burst0,0,READ,0x686000,4096
0,burst0,0,READ,0x687000,4096
0,burst0,0,READ,0x688000,4096
0,burst0,0,READ,0x689000,4096
0,burst0,0,READ,0x68a000,4096
0,burst0,0,READ,0x68b000,4096
0,burst0,0,READ,0x68c000,4096
0,burst0,0,READ,0x68d000,4096
0,burst0,0,READ,0x68e000,4096
0,burst0,0,READ,0x68f000,4096
0,burst0,0,READ,0x690000,4096
0,burst0,0,READ,0x691000,4096
0,burst0,0,READ,0x692000,4096
0,burst0,0,READ,0x693000,4096
0,burst0,0,READ,0x694000,4096
0,burst0,0,READ,0x695000,4096
0,burst0,0,READ,0x696000,4096
0,burst0,0,READ,0x697000,4096
0,burst0,0,READ,0x698000,4096
0,burst0,0,READ,0x699000,4096
0,burst0,0,READ,0x69a000,4096
0,burst0,0,READ,0x69b000,4096
0,burst0,0,READ,0x69c000,4096
0,burst0,0,READ,0x69d000,4096
0,burst0,0,READ,0x69e000,4096
0,burst0,0,READ,0x69f000,4096
0,burst0,0,READ,0x6a0000,4096
0,burst0,0,READ,0x6a1000,4096
0,burst0,0,READ,0x6a2000,4096
0,burst0,0,READ,0x6a3000,4096
0,burst0,0,READ,0x6a4000,4096
0,burst0,0,READ,0x6a5000,4096
0,burst0,0,READ,0x6a6000,4096
0,burst0,0,READ,0x6a7000,4096
0,burst0,0,READ,0x6a8000,4096
0,burst0,0,READ,0x6a9000,4096
0,burst0,0,READ,0x6aa000,4096
0,burst0,0,READ,0x6ab000,4096
0,burst0,0,READ,0x6ac000,4096
0,burst0,0,READ,0x6ad000,4096
0,burst0,0,READ,0x6ae000,4096
0,burst0,0,READ,0x6af000,4096
0,burst0,0,READ,0x6b0000,4096
0,burst0,0,READ,0x6b1000,4096
0,burst0,0,READ,0x6b2000,4096
0,burst0,0,READ,0x6b3000,4096
0,burst0,0,READ,0x6b4000,4096
0,burst0,0,READ,0x6b5000,4096
0,burst0,0,READ,0x6b6000,4096
0,burst0,0,READ,0x6b7000,4096
0,burst0,0,READ,0x6b8000,4096
0,burst0,0,READ,0x6b9000,4096
0,burst0,0,READ,0x6ba000,4096
0,burst0,0,READ,0x6bb000,4096
0,burst0,0,READ,0x6bc000,4096
0,burst0,0,READ,0x6bd000,4096
0,burst0,0,READ,0x6be000,4096
0,burst0,0,READ,0x6bf000,4096
0,burst0,0,READ,0x6c0000,4096
0,burst0,0,READ,0x6c1000,4096
0,burst0,0,READ,0x6c2000,4096
0,burst0,0,READ,0x6c3000,4096
0,burst0,0,READ,0x6c4000,4096
0,burst0,0,READ,0x6c5000,4096
0,burst0,0,READ,0x6c6000,4096
0,burst0,0,READ,0x6c7000,4096
0,burst0,0,READ,0x6c8000,4096
0,burst0,0,READ,0x6c9000,4096
0,burst0,0,READ,0x6ca000,4096
0,burst0,0,READ,0x6cb000,4096
0,burst0,0,READ,0x6cc000,4096
0,burst0,0,READ,0x6cd000,4096
0,burst0,0,READ,0x6ce000,4096
0,burst0,0,READ,0x6cf000,4096
0,burst0,0,READ,0x6d0000,4096
0,burst0,0,READ,0x6d1000,4096
0,burst0,0,READ,0x6d2000,4096
0,burst0,0,READ,0x6d3000,4096
0,burst0,0,READ,0x6d4000,4096
0,burst0,0,READ,0x6d5000,4096
0,burst0,0,READ,0x6d6000,4096
0,burst0,0,READ,0x6d7000,4096
0,burst0,0,READ,0x6d8000,4096
0,burst0,0,READ,0x6d9000,4096
0,burst0,0,READ,0x6da000,4096
0,burst0,0,READ,0x6db000,4096
0,burst0,0,READ,0x6dc000,4096
0,burst0,0,READ,0x6dd000,4096
0,burst0,0,READ,0x6de000,4096
0,burst0,0,READ,0x6df000,4096
0,burst0,0,READ,0x6e0000,4096
0,burst0,0,READ,0x6e1000,4096
0,burst0,0,READ,0x6e2000,4096
0,burst0,0,READ,0x6e3000,4096
0,burst0,0,READ,0x6e4000,4096
0,burst0,0,READ,0x6e5000,4096
0,burst0,0,READ,0x6e6000,4096
0,burst0,0,READ,0x6e7000,4096
0,burst0,0,READ,0x6e8000,4096
0,burst0,0,READ,0x6e9000,4096
0,burst0,0,READ,0x6ea000,4096
0,burst0,0,READ,0x6eb000,4096
0,burst0,0,READ,0x6ec000,4096
0,burst0,0,READ,0x6ed000,4096
0,burst0,0,READ,0x6ee000,4096
0,burst0,0,READ,0x6ef000,4096
0,burst0,0,READ,0x6f0000,4096
0,burst0,0,READ,0x6f1000,4096
0,burst0,0,READ,0x6f2000,4096
0,burst0,0,READ,0x6f3000,4096
0,burst0,0,READ,0x6f4000,4096
0,burst0,0,READ,0x6f5000,4096
0,burst0,0,READ,0x6f6000,4096
0,burst0,0,READ,0x6f7000,4096
0,burst0,0,READ,0x6f8000,4096
0,burst0,0,READ,0x6f9000,4096
0,burst0,0,READ,0x6fa000,4096
0,burst0,0,READ,0x6fb000,4096
0,burst0,0,READ,0x6fc000,4096
0,burst0,0,READ,0x6fd000,4096
0,burst0,0,READ,0x6fe000,4096
0,burst0,0,READ,0x6ff000,4096
0,burst0,0,READ,0x700000,4096
0,burst0,0,READ,0x701000,4096
0,burst0,0,READ,0x702000,4096
0,burst0,0,READ,0x703000,4096
0,burst0,0,READ,0x704000,4096
0,burst0,0,READ,0x705000,4096
0,burst0,0,READ,0x706000,4096
0,burst0,0,READ,0x707000,4096
0,burst0,0,READ,0x708000,4096
0,burst0,0,READ,0x709000,4096
0,burst0,0,READ,0x70a000,4096
0,burst0,0,READ,0x70b000,4096
0,burst0,0,READ,0x70c000,4096
0,burst0,0,READ,0x70d000,4096
0,burst0,0,READ,0x70e000,4096
0,burst0,0,READ,0x70f000,4096
0,burst0,0,READ,0x710000,4096
0,burst0,0,READ,0x711000,4096
0,burst0,0,READ,0x712000,4096
0,burst0,0,READ,0x713000,4096
0,burst0,0,READ,0x714000,4096
0,burst0,0,READ,0x715000,4096
0,burst0,0,READ,0x716000,4096
0,burst0,0,READ,0x717000,4096
0,burst0,0,READ,0x718000,4096
0,burst0,0,READ,0x719000,4096
0,burst0,0,READ,0x71a000,4096
0,burst0,0,READ,0x71b000,4096
0,burst0,0,READ,0x71c000,4096
0,burst0,0,READ,0x71d000,4096
0,burst0,0,READ,0x71e000,4096
0,burst0,0,READ,0x71f000,4096
0,burst0,0,READ,0x720000,4096
0,burst0,0,READ,0x721000,4096
0,burst0,0,READ,0x722000,4096
0,burst0,0,READ,0x723000,4096
0,burst0,0,READ,0x724000,4096
0,burst0,0,READ,0x725000,4096
0,burst0,0,READ,0x726000,4096
0,burst0,0,READ,0x727000,4096
0,burst0,0,READ,0x728000,4096
0,burst0,0,READ,0x729000,4096
0,burst0,0,READ,0x72a000,4096
0,burst0,0,READ,0x72b000,4096
0,burst0,0,READ,0x72c000,4096
0,burst0,0,READ,0x72d000,4096
0,burst0,0,READ,0x72e000,4096
0,burst0,0,READ,0x72f000,4096
0,burst0,0,READ,0x730000,4096
0,burst0,0,READ,0x731000,4096
0,burst0,0,READ,0x732000,4096
0,burst0,0,READ,0x733000,4096
0,burst0,0,READ,0x734000,4096
0,burst0,0,READ,0x735000,4096
0,burst0,0,READ,0x736000,4096
0,burst0,0,READ,0x737000,4096
0,burst0,0,READ,0x738000,4096
0,burst0,0,READ,0x739000,4096
0,burst0,0,READ,0x73a000,4096
0,burst0,0,READ,0x73b000,4096
0,burst0,0,READ,0x73c000,4096
0,burst0,0,READ,0x73d000,4096
0,burst0,0,READ,0x73e000,4096
0,burst0,0,READ,0x73f000,4096
0,burst0,0,READ,0x740000,4096
0,burst0,0,READ,0x741000,4096
0,burst0,0,READ,0x742000,4096
0,burst0,0,READ,0x743000,4096
0,burst0,0,READ,0x744000,4096
0,burst0,0,READ,0x745000,4096
0,burst0,0,READ,0x746000,4096
0,burst0,0,READ,0x747000,4096
0,burst0,0,READ,0x748000,4096
0,burst0,0,READ,0x749000,4096
0,burst0,0,READ,0x74a000,4096
0,burst0,0,READ,0x74b000,4096
0,burst0,0,READ,0x74c000,4096
0,burst0,0,READ,0x74d000,4096
0,burst0,0,READ,0x74e000,4096
0,burst0,0,READ,0x74f000,4096
0,burst0,0,READ,0x750000,4096
0,burst0,0,READ,0x751000,4096
0,burst0,0,READ,0x752000,4096
0,burst0,0,READ,0x753000,4096
0,burst0,0,READ,0x754000,4096
0,burst0,0,READ,0x755000,4096
0,burst0,0,READ,0x756000,4096
0,burst0,0,READ,0x757000,4096
0,burst0,0,READ,0x758000,4096
0,burst0,0,READ,0x759000,4096
0,burst0,0,READ,0x75a000,4096
0,burst0,0,READ,0x75b000,4096
0,burst0,0,READ,0x75c000,4096
0,burst0,0,READ,0x75d000,4096
0,burst0,0,READ,0x75e000,4096
0,burst0,0,READ,0x75f000,4096
0,burst0,0,READ,0x760000,4096
0,burst0,0,READ,0x761000,4096
0,burst0,0,READ,0x762000,4096
0,burst0,0,READ,0x763000,4096
0,burst0,0,READ,0x764000,4096
0,burst0,0,READ,0x765000,4096
0,burst0,0,READ,0x766000,4096
0,burst0,0,READ,0x767000,4096
0,burst0,0,READ,0x768000,4096
0,burst0,0,READ,0x769000,4096
0,burst0,0,READ,0x76a000,4096
0,burst0,0,READ,0x76b000,4096
0,burst0,0,READ,0x76c000,4096
0,burst0,0,READ,0x76d000,4096
0,burst0,0,READ,0x76e000,4096
0,burst0,0,READ,0x76f000,4096
0,burst0,0,READ,0x770000,4096
0,burst0,0,READ,0x771000,4096
0,burst0,0,READ,0x772000,4096
0,burst0,0,READ,0x773000,4096
0,burst0,0,READ,0x774000,4096
0,burst0,0,READ,0x775000,4096
0,burst0,0,READ,0x776000,4096
0,burst0,0,READ,0x777000,4096
0,burst0,0,READ,0x778000,4096
0,burst0,0,READ,0x779000,4096
0,burst0,0,READ,0x77a000,4096
0,burst0,0,READ,0x77b000,4096
0,burst0,0,READ,0x77c000,4096
0,burst0,0,READ,0x77d000,4096
0,burst0,0,READ,0x77e000,4096
0,burst0,0,READ,0x77f000,4096
0,burst0,0,READ,0x780000,4096
0,burst0,0,READ,0x781000,4096
0,burst0,0,READ,0x782000,4096
0,burst0,0,READ,0x783000,4096
0,burst0,0,READ,0x784000,4096
0,burst0,0,READ,0x785000,4096
0,burst0,0,READ,0x786000,4096
0,burst0,0,READ,0x787000,4096
0,burst0,0,READ,0x788000,4096
0,burst0,0,READ,0x789000,4096
0,burst0,0,READ,0x78a000,4096
0,burst0,0,READ,0x78b000,4096
0,burst0,0,READ,0x78c000,4096
0,burst0,0,READ,0x78d000,4096
0,burst0,0,READ,0x78e000,4096
0,burst0,0,READ,0x78f000,4096
0,burst0,0,READ,0x790000,4096
0,burst0,0,READ,0x791000,4096
0,burst0,0,READ,0x792000,4096
0,burst0,0,READ,0x793000,4096
0,burst0,0,READ,0x794000,4096
0,burst0,0,READ,0x795000,4096
0,burst0,0,READ,0x796000,4096
0,burst0,0,READ,0x797000,4096
0,burst0,0,READ,0x798000,4096
0,burst0,0,READ,0x799000,4096
0,burst0,0,READ,0x79a000,4096
0,burst0,0,READ,0x79b000,4096
0,burst0,0,READ,0x79c000,4096
0,burst0,0,READ,0x79d000,4096
0,burst0,0,READ,0x79e000,4096
0,burst0,0,READ,0x79f000,4096
0,burst0,0,READ,0x7a0000,4096
0,burst0,0,READ,0x7a1000,4096
0,burst0,0,READ,0x7a2000,4096
0,burst0,0,READ,0x7a3000,4096
0,burst0,0,READ,0x7a4000,4096
0,burst0,0,READ,0x7a5000,4096
0,burst0,0,READ,0x7a6000,4096
0,burst0,0,READ,0x7a7000,4096
0,burst0,0,READ,0x7a8000,4096
0,burst0,0,READ,0x7a9000,4096
0,burst0,0,READ,0x7aa000,4096
0,burst0,0,READ,0x7ab000,4096
0,burst0,0,READ,0x7ac000,4096
0,burst0,0,READ,0x7ad000,4096
0,burst0,0,READ,0x7ae000,4096
0,burst0,0,READ,0x7af000,4096
0,burst0,0,READ,0x7b0000,4096
0,burst0,0,READ,0x7b1000,4096
0,burst0,0,READ,0x7b2000,4096
0,burst0,0,READ,0x7b3000,4096
0,burst0,0,READ,0x7b4000,4096
0,burst0,0,READ,0x7b5000,4096
0,burst0,0,READ,0x7b6000,4096
0,burst0,0,READ,0x7b7000,4096
0,burst0,0,READ,0x7b8000,4096
0,burst0,0,READ,0x7b9000,4096
0,burst0,0,READ,0x7ba000,4096
0,burst0,0,READ,0x7bb000,4096
0,burst0,0,READ,0x7bc000,4096
0,burst0,0,READ,0x7bd000,4096
0,burst0,0,READ,0x7be000,4096
0,burst0,0,READ,0x7bf000,4096
0,burst0,0,READ,0x7c0000,4096
0,burst0,0,READ,0x7c1000,4096
0,burst0,0,READ,0x7c2000,4096
0,burst0,0,READ,0x7c3000,4096
0,burst0,0,READ,0x7c4000,4096
0,burst0,0,READ,0x7c5000,4096
0,burst0,0,READ,0x7c6000,4096
0,burst0,0,READ,0x7c7000,4096
0,burst0,0,READ,0x7c8000,4096
0,burst0,0,READ,0x7c9000,4096
0,burst0,0,READ,0x7ca000,4096
0,burst0,0,READ,0x7cb000,4096
0,burst0,0,READ,0x7cc000,4096
0,burst0,0,READ,0x7cd000,4096
0,burst0,0,READ,0x7ce000,4096
0,burst0,0,READ,0x7cf000,4096
0,burst1,1,READ,0x10000000000,4096
0,burst1,1,READ,0x10000001000,4096
0,burst1,1,READ,0x10000002000,4096
0,burst1,1,READ,0x10000003000,4096
0,burst1,1,READ,0x10000004000,4096
0,burst1,1,READ,0x10000005000,4096
0,burst1,1,READ,0x10000006000,4096
0,burst1,1,READ,0x10000007000,4096
0,burst1,1,READ,0x10000008000,4096
0,burst1,1,READ,0x10000009000,4096
0,burst1,1,READ,0x1000000a000,4096
0,burst1,1,READ,0x1000000b000,4096
0,burst1,1,READ,0x1000000c000,4096
0,burst1,1,READ,0x1000000d000,4096
0,burst1,1,READ,0x1000000e000,4096
0,burst1,1,READ,0x1000000f000,4096
0,burst1,1,READ,0x10000010000,4096
0,burst1,1,READ,0x10000011000,4096
0,burst1,1,READ,0x10000012000,4096
0,burst1,1,READ,0x10000013000,4096
0,burst1,1,READ,0x10000014000,4096
0,burst1,1,READ,0x10000015000,4096
0,burst1,1,READ,0x10000016000,4096
0,burst1,1,READ,0x10000017000,4096
0,burst1,1,READ,0x10000018000,4096
0,burst1,1,READ,0x10000019000,4096
0,burst1,1,READ,0x1000001a000,4096
0,burst1,1,READ,0x1000001b000,4096
0,burst1,1,READ,0x1000001c000,4096
0,burst1,1,READ,0x1000001d000,4096
0,burst1,1,READ,0x1000001e000,4096
0,burst1,1,READ,0x1000001f000,4096
0,burst1,1,READ,0x10000020000,4096
0,burst1,1,READ,0x10000021000,4096
0,burst1,1,READ,0x10000022000,4096
0,burst1,1,READ,0x10000023000,4096
0,burst1,1,READ,0x10000024000,4096
0,burst1,1,READ,0x10000025000,4096
0,burst1,1,READ,0x10000026000,4096
0,burst1,1,READ,0x10000027000,4096
0,burst1,1,READ,0x10000028000,4096
0,burst1,1,READ,0x10000029000,4096
0,burst1,1,READ,0x1000002a000,4096
0,burst1,1,READ,0x1000002b000,4096
0,burst1,1,READ,0x1000002c000,4096
0,burst1,1,READ,0x1000002d000,4096
0,burst1,1,READ,0x1000002e000,4096
0,burst1,1,READ,0x1000002f000,4096
0,burst1,1,READ,0x10000030000,4096
0,burst1,1,READ,0x10000031000,4096
0,burst1,1,READ,0x10000032000,4096
0,burst1,1,READ,0x10000033000,4096
0,burst1,1,READ,0x10000034000,4096
0,burst1,1,READ,0x10000035000,4096
0,burst1,1,READ,0x10000036000,4096
0,burst1,1,READ,0x10000037000,4096
0,burst1,1,READ,0x10000038000,4096
0,burst1,1,READ,0x10000039000,4096
0,burst1,1,READ,0x1000003a000,4096
0,burst1,1,READ,0x1000003b000,4096
0,burst1,1,READ,0x1000003c000,4096
0,burst1,1,READ,0x1000003d000,4096
0,burst1,1,READ,0x1000003e000,4096
0,burst1,1,READ,0x1000003f000,4096
0,burst1,1,READ,0x10000040000,4096
0,burst1,1,READ,0x10000041000,4096
0,burst1,1,READ,0x10000042000,4096
0,burst1,1,READ,0x10000043000,4096
0,burst1,1,READ,0x10000044000,4096
0,burst1,1,READ,0x10000045000,4096
0,burst1,1,READ,0x10000046000,4096
0,burst1,1,READ,0x10000047000,4096
0,burst1,1,READ,0x10000048000,4096
0,burst1,1,READ,0x10000049000,4096
0,burst1,1,READ,0x1000004a000,4096
0,burst1,1,READ,0x1000004b000,4096
0,burst1,1,READ,0x1000004c000,4096
0,burst1,1,READ,0x1000004d000,4096
0,burst1,1,READ,0x1000004e000,4096
0,burst1,1,READ,0x1000004f000,4096
0,burst1,1,READ,0x10000050000,4096
0,burst1,1,READ,0x10000051000,4096
0,burst1,1,READ,0x10000052000,4096
0,burst1,1,READ,0x10000053000,4096
0,burst1,1,READ,0x10000054000,4096
0,burst1,1,READ,0x10000055000,4096
0,burst1,1,READ,0x10000056000,4096
0,burst1,1,READ,0x10000057000,4096
0,burst1,1,READ,0x10000058000,4096
0,burst1,1,READ,0x10000059000,4096
0,burst1,1,READ,0x1000005a000,4096
0,burst1,1,READ,0x1000005b000,4096
0,burst1,1,READ,0x1000005c000,4096
0,burst1,1,READ,0x1000005d000,4096
0,burst1,1,READ,0x1000005e000,4096
0,burst1,1,READ,0x1000005f000,4096
0,burst1,1,READ,0x10000060000,4096
0,burst1,1,READ,0x10000061000,4096
0,burst1,1,READ,0x10000062000,4096
0,burst1,1,READ,0x10000063000,4096
0,burst1,1,READ,0x10000064000,4096
0,burst1,1,READ,0x10000065000,4096
0,burst1,1,READ,0x10000066000,4096
0,burst1,1,READ,0x10000067000,4096
0,burst1,1,READ,0x10000068000,4096
0,burst1,1,READ,0x10000069000,4096
0,burst1,1,READ,0x1000006a000,4096
0,burst1,1,READ,0x1000006b000,4096
0,burst1,1,READ,0x1000006c000,4096
0,burst1,1,READ,0x1000006d000,4096
0,burst1,1,READ,0x1000006e000,4096
0,burst1,1,READ,0x1000006f000,4096
0,burst1,1,READ,0x10000070000,4096
0,burst1,1,READ,0x10000071000,4096
0,burst1,1,READ,0x10000072000,4096
0,burst1,1,READ,0x10000073000,4096
0,burst1,1,READ,0x10000074000,4096
0,burst1,1,READ,0x10000075000,4096
0,burst1,1,READ,0x10000076000,4096
0,burst1,1,READ,0x10000077000,4096
0,burst1,1,READ,0x10000078000,4096
0,burst1,1,READ,0x10000079000,4096
0,burst1,1,READ,0x1000007a000,4096
0,burst1,1,READ,0x1000007b000,4096
0,burst1,1,READ,0x1000007c000,4096
0,burst1,1,READ,0x1000007d000,4096
0,burst1,1,READ,0x1000007e000,4096
0,burst1,1,READ,0x1000007f000,4096
0,burst1,1,READ,0x10000080000,4096
0,burst1,1,READ,0x10000081000,4096
0,burst1,1,READ,0x10000082000,4096
0,burst1,1,READ,0x10000083000,4096
0,burst1,1,READ,0x10000084000,4096
0,burst1,1,READ,0x10000085000,4096
0,burst1,1,READ,0x10000086000,4096
0,burst1,1,READ,0x10000087000,4096
0,burst1,1,READ,0x10000088000,4096
0,burst1,1,READ,0x10000089000,4096
0,burst1,1,READ,0x1000008a000,4096
0,burst1,1,READ,0x1000008b000,4096
0,burst1,1,READ,0x1000008c000,4096
0,burst1,1,READ,0x1000008d000,4096
0,burst1,1,READ,0x1000008e000,4096
0,burst1,1,READ,0x1000008f000,4096
0,burst1,1,READ,0x10000090000,4096
0,burst1,1,READ,0x10000091000,4096
0,burst1,1,READ,0x10000092000,4096
0,burst1,1,READ,0x10000093000,4096
0,burst1,1,READ,0x10000094000,4096
0,burst1,1,READ,0x10000095000,4096
0,burst1,1,READ,0x10000096000,4096
0,burst1,1,READ,0x10000097000,4096
0,burst1,1,READ,0x10000098000,4096
0,burst1,1,READ,0x10000099000,4096
0,burst1,1,READ,0x1000009a000,4096
0,burst1,1,READ,0x1000009b000,4096
0,burst1,1,READ,0x1000009c000,4096
0,burst1,1,READ,0x1000009d000,4096
0,burst1,1,READ,0x1000009e000,4096
0,burst1,1,READ,0x1000009f000,4096
0,burst1,1,READ,0x100000a0000,4096
0,burst1,1,READ,0x100000a1000,4096
0,burst1,1,READ,0x100000a2000,4096
0,burst1,1,READ,0x100000a3000,4096
0,burst1,1,READ,0x100000a4000,4096
0,burst1,1,READ,0x100000a5000,4096
0,burst1,1,READ,0x100000a6000,4096
0,burst1,1,READ,0x100000a7000,4096
0,burst1,1,READ,0x100000a8000,4096
0,burst1,1,READ,0x100000a9000,4096
0,burst1,1,READ,0x100000aa000,4096
0,burst1,1,READ,0x100000ab000,4096
0,burst1,1,READ,0x100000ac000,4096
0,burst1,1,READ,0x100000ad000,4096
0,burst1,1,READ,0x100000ae000,4096
0,burst1,1,READ,0x100000af000,4096
0,burst1,1,READ,0x100000b0000,4096
0,burst1,1,READ,0x100000b1000,4096
0,burst1,1,READ,0x100000b2000,4096
0,burst1,1,READ,0x100000b3000,4096
0,burst1,1,READ,0x100000b4000,4096
0,burst1,1,READ,0x100000b5000,4096
0,burst1,1,READ,0x100000b6000,4096
0,burst1,1,READ,0x100000b7000,4096
0,burst1,1,READ,0x100000b8000,4096
0,burst1,1,READ,0x100000b9000,4096
0,burst1,1,READ,0x100000ba000,4096
0,burst1,1,READ,0x100000bb000,4096
0,burst1,1,READ,0x100000bc000,4096
0,burst1,1,READ,0x100000bd000,4096
0,burst1,1,READ,0x100000be000,4096
0,burst1,1,READ,0x100000bf000,4096
0,burst1,1,READ,0x100000c0000,4096
0,burst1,1,READ,0x100000c1000,4096
0,burst1,1,READ,0x100000c2000,4096
0,burst1,1,READ,0x100000c3000,4096
0,burst1,1,READ,0x100000c4000,4096
0,burst1,1,READ,0x100000c5000,4096
0,burst1,1,READ,0x100000c6000,4096
0,burst1,1,READ,0x100000c7000,4096
0,burst1,1,READ,0x100000c8000,4096
0,burst1,1,READ,0x100000c9000,4096
0,burst1,1,READ,0x100000ca000,4096
0,burst1,1,READ,0x100000cb000,4096
0,burst1,1,READ,0x100000cc000,4096
0,burst1,1,READ,0x100000cd000,4096
0,burst1,1,READ,0x100000ce000,4096
0,burst1,1,READ,0x100000cf000,4096
0,burst1,1,READ,0x100000d0000,4096
0,burst1,1,READ,0x100000d1000,4096
0,burst1,1,READ,0x100000d2000,4096
0,burst1,1,READ,0x100000d3000,4096
0,burst1,1,READ,0x100000d4000,4096
0,burst1,1,READ,0x100000d5000,4096
0,burst1,1,READ,0x100000d6000,4096
0,burst1,1,READ,0x100000d7000,4096
0,burst1,1,READ,0x100000d8000,4096
0,burst1,1,READ,0x100000d9000,4096
0,burst1,1,READ,0x100000da000,4096
0,burst1,1,READ,0x100000db000,4096
0,burst1,1,READ,0x100000dc000,4096
0,burst1,1,READ,0x100000dd000,4096
0,burst1,1,READ,0x100000de000,4096
0,burst1,1,READ,0x100000df000,4096
0,burst1,1,READ,0x100000e0000,4096
0,burst1,1,READ,0x100000e1000,4096
0,burst1,1,READ,0x100000e2000,4096
0,burst1,1,READ,0x100000e3000,4096
0,burst1,1,READ,0x100000e4000,4096
0,burst1,1,READ,0x100000e5000,4096
0,burst1,1,READ,0x100000e6000,4096
0,burst1,1,READ,0x100000e7000,4096
0,burst1,1,READ,0x100000e8000,4096
0,burst1,1,READ,0x100000e9000,4096
0,burst1,1,READ,0x100000ea000,4096
0,burst1,1,READ,0x100000eb000,4096
0,burst1,1,READ,0x100000ec000,4096
0,burst1,1,READ,0x100000ed000,4096
0,burst1,1,READ,0x100000ee000,4096
0,burst1,1,READ,0x100000ef000,4096
0,burst1,1,READ,0x100000f0000,4096
0,burst1,1,READ,0x100000f1000,4096
0,burst1,1,READ,0x100000f2000,4096
0,burst1,1,READ,0x100000f3000,4096
0,burst1,1,READ,0x100000f4000,4096
0,burst1,1,READ,0x100000f5000,4096
0,burst1,1,READ,0x100000f6000,4096
0,burst1,1,READ,0x100000f7000,4096
0,burst1,1,READ,0x100000f8000,4096
0,burst1,1,READ,0x100000f9000,4096
0,burst1,1,READ,0x100000fa000,4096
0,burst1,1,READ,0x100000fb000,4096
0,burst1,1,READ,0x100000fc000,4096
0,burst1,1,READ,0x100000fd000,4096
0,burst1,1,READ,0x100000fe000,4096
0,burst1,1,READ,0x100000ff000,4096
0,burst1,1,READ,0x10000100000,4096
0,burst1,1,READ,0x10000101000,4096
0,burst1,1,READ,0x10000102000,4096
0,burst1,1,READ,0x10000103000,4096
0,burst1,1,READ,0x10000104000,4096
0,burst1,1,READ,0x10000105000,4096
0,burst1,1,READ,0x10000106000,4096
0,burst1,1,READ,0x10000107000,4096
0,burst1,1,READ,0x10000108000,4096
0,burst1,1,READ,0x10000109000,4096
0,burst1,1,READ,0x1000010a000,4096
0,burst1,1,READ,0x1000010b000,4096
0,burst1,1,READ,0x1000010c000,4096
0,burst1,1,READ,0x1000010d000,4096
0,burst1,1,READ,0x1000010e000,4096
0,burst1,1,READ,0x1000010f000,4096
0,burst1,1,READ,0x10000110000,4096
0,burst1,1,READ,0x10000111000,4096
0,burst1,1,READ,0x10000112000,4096
0,burst1,1,READ,0x10000113000,4096
0,burst1,1,READ,0x10000114000,4096
0,burst1,1,READ,0x10000115000,4096
0,burst1,1,READ,0x10000116000,4096
0,burst1,1,READ,0x10000117000,4096
0,burst1,1,READ,0x10000118000,4096
0,burst1,1,READ,0x10000119000,4096
0,burst1,1,READ,0x1000011a000,4096
0,burst1,1,READ,0x1000011b000,4096
0,burst1,1,READ,0x1000011c000,4096
0,burst1,1,READ,0x1000011d000,4096
0,burst1,1,READ,0x1000011e000,4096
0,burst1,1,READ,0x1000011f000,4096
0,burst1,1,READ,0x10000120000,4096
0,burst1,1,READ,0x10000121000,4096
0,burst1,1,READ,0x10000122000,4096
0,burst1,1,READ,0x10000123000,4096
0,burst1,1,READ,0x10000124000,4096
0,burst1,1,READ,0x10000125000,4096
0,burst1,1,READ,0x10000126000,4096
0,burst1,1,READ,0x10000127000,4096
0,burst1,1,READ,0x10000128000,4096
0,burst1,1,READ,0x10000129000,4096
0,burst1,1,READ,0x1000012a000,4096
0,burst1,1,READ,0x1000012b000,4096
0,burst1,1,READ,0x1000012c000,4096
0,burst1,1,READ,0x1000012d000,4096
0,burst1,1,READ,0x1000012e000,4096
0,burst1,1,READ,0x1000012f000,4096
0,burst1,1,READ,0x10000130000,4096
0,burst1,1,READ,0x10000131000,4096
0,burst1,1,READ,0x10000132000,4096
0,burst1,1,READ,0x10000133000,4096
0,burst1,1,READ,0x10000134000,4096
0,burst1,1,READ,0x10000135000,4096
0,burst1,1,READ,0x10000136000,4096
0,burst1,1,READ,0x10000137000,4096
0,burst1,1,READ,0x10000138000,4096
0,burst1,1,READ,0x10000139000,4096
0,burst1,1,READ,0x1000013a000,4096
0,burst1,1,READ,0x1000013b000,4096
0,burst1,1,READ,0x1000013c000,4096
0,burst1,1,READ,0x1000013d000,4096
0,burst1,1,READ,0x1000013e000,4096
0,burst1,1,READ,0x1000013f000,4096
0,burst1,1,READ,0x10000140000,4096
0,burst1,1,READ,0x10000141000,4096
0,burst1,1,READ,0x10000142000,4096
0,burst1,1,READ,0x10000143000,4096
0,burst1,1,READ,0x10000144000,4096
0,burst1,1,READ,0x10000145000,4096
0,burst1,1,READ,0x10000146000,4096
0,burst1,1,READ,0x10000147000,4096
0,burst1,1,READ,0x10000148000,4096
0,burst1,1,READ,0x10000149000,4096
0,burst1,1,READ,0x1000014a000,4096
0,burst1,1,READ,0x1000014b000,4096
0,burst1,1,READ,0x1000014c000,4096
0,burst1,1,READ,0x1000014d000,4096
0,burst1,1,READ,0x1000014e000,4096
0,burst1,1,READ,0x1000014f000,4096
0,burst1,1,READ,0x10000150000,4096
0,burst1,1,READ,0x10000151000,4096
0,burst1,1,READ,0x10000152000,4096
0,burst1,1,READ,0x10000153000,4096
0,burst1,1,READ,0x10000154000,4096
0,burst1,1,READ,0x10000155000,4096
0,burst1,1,READ,0x10000156000,4096
0,burst1,1,READ,0x10000157000,4096
0,burst1,1,READ,0x10000158000,4096
0,burst1,1,READ,0x10000159000,4096
0,burst1,1,READ,0x1000015a000,4096
0,burst1,1,READ,0x1000015b000,4096
0,burst1,1,READ,0x1000015c000,4096
0,burst1,1,READ,0x1000015d000,4096
0,burst1,1,READ,0x1000015e000,4096
0,burst1,1,READ,0x1000015f000,4096
0,burst1,1,READ,0x10000160000,4096
0,burst1,1,READ,0x10000161000,4096
0,burst1,1,READ,0x10000162000,4096
0,burst1,1,READ,0x10000163000,4096
0,burst1,1,READ,0x10000164000,4096
0,burst1,1,READ,0x10000165000,4096
0,burst1,1,READ,0x10000166000,4096
0,burst1,1,READ,0x10000167000,4096
0,burst1,1,READ,0x10000168000,4096
0,burst1,1,READ,0x10000169000,4096
0,burst1,1,READ,0x1000016a000,4096
0,burst1,1,READ,0x1000016b000,4096
0,burst1,1,READ,0x1000016c000,4096
0,burst1,1,READ,0x1000016d000,4096
0,burst1,1,READ,0x1000016e000,4096
0,burst1,1,READ,0x1000016f000,4096
0,burst1,1,READ,0x10000170000,4096
0,burst1,1,READ,0x10000171000,4096
0,burst1,1,READ,0x10000172000,4096
0,burst1,1,READ,0x10000173000,4096
0,burst1,1,READ,0x10000174000,4096
0,burst1,1,READ,0x10000175000,4096
0,burst1,1,READ,0x10000176000,4096
0,burst1,1,READ,0x10000177000,4096
0,burst1,1,READ,0x10000178000,4096
0,burst1,1,READ,0x10000179000,4096
0,burst1,1,READ,0x1000017a000,4096
0,burst1,1,READ,0x1000017b000,4096
0,burst1,1,READ,0x1000017c000,4096
0,burst1,1,READ,0x1000017d000,4096
0,burst1,1,READ,0x1000017e000,4096
0,burst1,1,READ,0x1000017f000,4096
0,burst1,1,READ,0x10000180000,4096
0,burst1,1,READ,0x10000181000,4096
0,burst1,1,READ,0x10000182000,4096
0,burst1,1,READ,0x10000183000,4096
0,burst1,1,READ,0x10000184000,4096
0,burst1,1,READ,0x10000185000,4096
0,burst1,1,READ,0x10000186000,4096
0,burst1,1,READ,0x10000187000,4096
0,burst1,1,READ,0x10000188000,4096
0,burst1,1,READ,0x10000189000,4096
0,burst1,1,READ,0x1000018a000,4096
0,burst1,1,READ,0x1000018b000,4096
0,burst1,1,READ,0x1000018c000,4096
0,burst1,1,READ,0x1000018d000,4096
0,burst1,1,READ,0x1000018e000,4096
0,burst1,1,READ,0x1000018f000,4096
0,burst1,1,READ,0x10000190000,4096
0,burst1,1,READ,0x10000191000,4096
0,burst1,1,READ,0x10000192000,4096
0,burst1,1,READ,0x10000193000,4096
0,burst1,1,READ,0x10000194000,4096
0,burst1,1,READ,0x10000195000,4096
0,burst1,1,READ,0x10000196000,4096
0,burst1,1,READ,0x10000197000,4096
0,burst1,1,READ,0x10000198000,4096
0,burst1,1,READ,0x10000199000,4096
0,burst1,1,READ,0x1000019a000,4096
0,burst1,1,READ,0x1000019b000,4096
0,burst1,1,READ,0x1000019c000,4096
0,burst1,1,READ,0x1000019d000,4096
0,burst1,1,READ,0x1000019e000,4096
0,burst1,1,READ,0x1000019f000,4096
0,burst1,1,READ,0x100001a0000,4096
0,burst1,1,READ,0x100001a1000,4096
0,burst1,1,READ,0x100001a2000,4096
0,burst1,1,READ,0x100001a3000,4096
0,burst1,1,READ,0x100001a4000,4096
0,burst1,1,READ,0x100001a5000,4096
0,burst1,1,READ,0x100001a6000,4096
0,burst1,1,READ,0x100001a7000,4096
0,burst1,1,READ,0x100001a8000,4096
0,burst1,1,READ,0x100001a9000,4096
0,burst1,1,READ,0x100001aa000,4096
0,burst1,1,READ,0x100001ab000,4096
0,burst1,1,READ,0x100001ac000,4096
0,burst1,1,READ,0x100001ad000,4096
0,burst1,1,READ,0x100001ae000,4096
0,burst1,1,READ,0x100001af000,4096
0,burst1,1,READ,0x100001b0000,4096
0,burst1,1,READ,0x100001b1000,4096
0,burst1,1,READ,0x100001b2000,4096
0,burst1,1,READ,0x100001b3000,4096
0,burst1,1,READ,0x100001b4000,4096
0,burst1,1,READ,0x100001b5000,4096
0,burst1,1,READ,0x100001b6000,4096
0,burst1,1,READ,0x100001b7000,4096
0,burst1,1,READ,0x100001b8000,4096
0,burst1,1,READ,0x100001b9000,4096
0,burst1,1,READ,0x100001ba000,4096
0,burst1,1,READ,0x100001bb000,4096
0,burst1,1,READ,0x100001bc000,4096
0,burst1,1,READ,0x100001bd000,4096
0,burst1,1,READ,0x100001be000,4096
0,burst1,1,READ,0x100001bf000,4096
0,burst1,1,READ,0x100001c0000,4096
0,burst1,1,READ,0x100001c1000,4096
0,burst1,1,READ,0x100001c2000,4096
0,burst1,1,READ,0x100001c3000,4096
0,burst1,1,READ,0x100001c4000,4096
0,burst1,1,READ,0x100001c5000,4096
0,burst1,1,READ,0x100001c6000,4096
0,burst1,1,READ,0x100001c7000,4096
0,burst1,1,READ,0x100001c8000,4096
0,burst1,1,READ,0x100001c9000,4096
0,burst1,1,READ,0x100001ca000,4096
0,burst1,1,READ,0x100001cb000,4096
0,burst1,1,READ,0x100001cc000,4096
0,burst1,1,READ,0x100001cd000,4096
0,burst1,1,READ,0x100001ce000,4096
0,burst1,1,READ,0x100001cf000,4096
0,burst1,1,READ,0x100001d0000,4096
0,burst1,1,READ,0x100001d1000,4096
0,burst1,1,READ,0x100001d2000,4096
0,burst1,1,READ,0x100001d3000,4096
0,burst1,1,READ,0x100001d4000,4096
0,burst1,1,READ,0x100001d5000,4096
0,burst1,1,READ,0x100001d6000,4096
0,burst1,1,READ,0x100001d7000,4096
0,burst1,1,READ,0x100001d8000,4096
0,burst1,1,READ,0x100001d9000,4096
0,burst1,1,READ,0x100001da000,4096
0,burst1,1,READ,0x100001db000,4096
0,burst1,1,READ,0x100001dc000,4096
0,burst1,1,READ,0x100001dd000,4096
0,burst1,1,READ,0x100001de000,4096
0,burst1,1,READ,0x100001df000,4096
0,burst1,1,READ,0x100001e0000,4096
0,burst1,1,READ,0x100001e1000,4096
0,burst1,1,READ,0x100001e2000,4096
0,burst1,1,READ,0x100001e3000,4096
0,burst1,1,READ,0x100001e4000,4096
0,burst1,1,READ,0x100001e5000,4096
0,burst1,1,READ,0x100001e6000,4096
0,burst1,1,READ,0x100001e7000,4096
0,burst1,1,READ,0x100001e8000,4096
0,burst1,1,READ,0x100001e9000,4096
0,burst1,1,READ,0x100001ea000,4096
0,burst1,1,READ,0x100001eb000,4096
0,burst1,1,READ,0x100001ec000,4096
0,burst1,1,READ,0x100001ed000,4096
0,burst1,1,READ,0x100001ee000,4096
0,burst1,1,READ,0x100001ef000,4096
0,burst1,1,READ,0x100001f0000,4096
0,burst1,1,READ,0x100001f1000,4096
0,burst1,1,READ,0x100001f2000,4096
0,burst1,1,READ,0x100001f3000,4096
0,burst1,1,READ,0x100001f4000,4096
0,burst1,1,READ,0x100001f5000,4096
0,burst1,1,READ,0x100001f6000,4096
0,burst1,1,READ,0x100001f7000,4096
0,burst1,1,READ,0x100001f8000,4096
0,burst1,1,READ,0x100001f9000,4096
0,burst1,1,READ,0x100001fa000,4096
0,burst1,1,READ,0x100001fb000,4096
0,burst1,1,READ,0x100001fc000,4096
0,burst1,1,READ,0x100001fd000,4096
0,burst1,1,READ,0x100001fe000,4096
0,burst1,1,READ,0x100001ff000,4096
0,burst1,1,READ,0x10000200000,4096
0,burst1,1,READ,0x10000201000,4096
0,burst1,1,READ,0x10000202000,4096
0,burst1,1,READ,0x10000203000,4096
0,burst1,1,READ,0x10000204000,4096
0,burst1,1,READ,0x10000205000,4096
0,burst1,1,READ,0x10000206000,4096
0,burst1,1,READ,0x10000207000,4096
0,burst1,1,READ,0x10000208000,4096
0,burst1,1,READ,0x10000209000,4096
0,burst1,1,READ,0x1000020a000,4096
0,burst1,1,READ,0x1000020b000,4096
0,burst1,1,READ,0x1000020c000,4096
0,burst1,1,READ,0x1000020d000,4096
0,burst1,1,READ,0x1000020e000,4096
0,burst1,1,READ,0x1000020f000,4096
0,burst1,1,READ,0x10000210000,4096
0,burst1,1,READ,0x10000211000,4096
0,burst1,1,READ,0x10000212000,4096
0,burst1,1,READ,0x10000213000,4096
0,burst1,1,READ,0x10000214000,4096
0,burst1,1,READ,0x10000215000,4096
0,burst1,1,READ,0x10000216000,4096
0,burst1,1,READ,0x10000217000,4096
0,burst1,1,READ,0x10000218000,4096
0,burst1,1,READ,0x10000219000,4096
0,burst1,1,READ,0x1000021a000,4096
0,burst1,1,READ,0x1000021b000,4096
0,burst1,1,READ,0x1000021c000,4096
0,burst1,1,READ,0x1000021d000,4096
0,burst1,1,READ,0x1000021e000,4096
0,burst1,1,READ,0x1000021f000,4096
0,burst1,1,READ,0x10000220000,4096
0,burst1,1,READ,0x10000221000,4096
0,burst1,1,READ,0x10000222000,4096
0,burst1,1,READ,0x10000223000,4096
0,burst1,1,READ,0x10000224000,4096
0,burst1,1,READ,0x10000225000,4096
0,burst1,1,READ,0x10000226000,4096
0,burst1,1,READ,0x10000227000,4096
0,burst1,1,READ,0x10000228000,4096
0,burst1,1,READ,0x10000229000,4096
0,burst1,1,READ,0x1000022a000,4096
0,burst1,1,READ,0x1000022b000,4096
0,burst1,1,READ,0x1000022c000,4096
0,burst1,1,READ,0x1000022d000,4096
0,burst1,1,READ,0x1000022e000,4096
0,burst1,1,READ,0x1000022f000,4096
0,burst1,1,READ,0x10000230000,4096
0,burst1,1,READ,0x10000231000,4096
0,burst1,1,READ,0x10000232000,4096
0,burst1,1,READ,0x10000233000,4096
0,burst1,1,READ,0x10000234000,4096
0,burst1,1,READ,0x10000235000,4096
0,burst1,1,READ,0x10000236000,4096
0,burst1,1,READ,0x10000237000,4096
0,burst1,1,READ,0x10000238000,4096
0,burst1,1,READ,0x10000239000,4096
0,burst1,1,READ,0x1000023a000,4096
0,burst1,1,READ,0x1000023b000,4096
0,burst1,1,READ,0x1000023c000,4096
0,burst1,1,READ,0x1000023d000,4096
0,burst1,1,READ,0x1000023e000,4096
0,burst1,1,READ,0x1000023f000,4096
0,burst1,1,READ,0x10000240000,4096
0,burst1,1,READ,0x10000241000,4096
0,burst1,1,READ,0x10000242000,4096
0,burst1,1,READ,0x10000243000,4096
0,burst1,1,READ,0x10000244000,4096
0,burst1,1,READ,0x10000245000,4096
0,burst1,1,READ,0x10000246000,4096
0,burst1,1,READ,0x10000247000,4096
0,burst1,1,READ,0x10000248000,4096
0,burst1,1,READ,0x10000249000,4096
0,burst1,1,READ,0x1000024a000,4096
0,burst1,1,READ,0x1000024b000,4096
0,burst1,1,READ,0x1000024c000,4096
0,burst1,1,READ,0x1000024d000,4096
0,burst1,1,READ,0x1000024e000,4096
0,burst1,1,READ,0x1000024f000,4096
0,burst1,1,READ,0x10000250000,4096
0,burst1,1,READ,0x10000251000,4096
0,burst1,1,READ,0x10000252000,4096
0,burst1,1,READ,0x10000253000,4096
0,burst1,1,READ,0x10000254000,4096
0,burst1,1,READ,0x10000255000,4096
0,burst1,1,READ,0x10000256000,4096
0,burst1,1,READ,0x10000257000,4096
0,burst1,1,READ,0x10000258000,4096
0,burst1,1,READ,0x10000259000,4096
0,burst1,1,READ,0x1000025a000,4096
0,burst1,1,READ,0x1000025b000,4096
0,burst1,1,READ,0x1000025c000,4096
0,burst1,1,READ,0x1000025d000,4096
0,burst1,1,READ,0x1000025e000,4096
0,burst1,1,READ,0x1000025f000,4096
0,burst1,1,READ,0x10000260000,4096
0,burst1,1,READ,0x10000261000,4096
0,burst1,1,READ,0x10000262000,4096
0,burst1,1,READ,0x10000263000,4096
0,burst1,1,READ,0x10000264000,4096
0,burst1,1,READ,0x10000265000,4096
0,burst1,1,READ,0x10000266000,4096
0,burst1,1,READ,0x10000267000,4096
0,burst1,1,READ,0x10000268000,4096
0,burst1,1,READ,0x10000269000,4096
0,burst1,1,READ,0x1000026a000,4096
0,burst1,1,READ,0x1000026b000,4096
0,burst1,1,READ,0x1000026c000,4096
0,burst1,1,READ,0x1000026d000,4096
0,burst1,1,READ,0x1000026e000,4096
0,burst1,1,READ,0x1000026f000,4096
0,burst1,1,READ,0x10000270000,4096
0,burst1,1,READ,0x10000271000,4096
0,burst1,1,READ,0x10000272000,4096
0,burst1,1,READ,0x10000273000,4096
0,burst1,1,READ,0x10000274000,4096
0,burst1,1,READ,0x10000275000,4096
0,burst1,1,READ,0x10000276000,4096
0,burst1,1,READ,0x10000277000,4096
0,burst1,1,READ,0x10000278000,4096
0,burst1,1,READ,0x10000279000,4096
0,burst1,1,READ,0x1000027a000,4096
0,burst1,1,READ,0x1000027b000,4096
0,burst1,1,READ,0x1000027c000,4096
0,burst1,1,READ,0x1000027d000,4096
0,burst1,1,READ,0x1000027e000,4096
0,burst1,1,READ,0x1000027f000,4096
0,burst1,1,READ,0x10000280000,4096
0,burst1,1,READ,0x10000281000,4096
0,burst1,1,READ,0x10000282000,4096
0,burst1,1,READ,0x10000283000,4096
0,burst1,1,READ,0x10000284000,4096
0,burst1,1,READ,0x10000285000,4096
0,burst1,1,READ,0x10000286000,4096
0,burst1,1,READ,0x10000287000,4096
0,burst1,1,READ,0x10000288000,4096
0,burst1,1,READ,0x10000289000,4096
0,burst1,1,READ,0x1000028a000,4096
0,burst1,1,READ,0x1000028b000,4096
0,burst1,1,READ,0x1000028c000,4096
0,burst1,1,READ,0x1000028d000,4096
0,burst1,1,READ,0x1000028e000,4096
0,burst1,1,READ,0x1000028f000,4096
0,burst1,1,READ,0x10000290000,4096
0,burst1,1,READ,0x10000291000,4096
0,burst1,1,READ,0x10000292000,4096
0,burst1,1,READ,0x10000293000,4096
0,burst1,1,READ,0x10000294000,4096
0,burst1,1,READ,0x10000295000,4096
0,burst1,1,READ,0x10000296000,4096
0,burst1,1,READ,0x10000297000,4096
0,burst1,1,READ,0x10000298000,4096
0,burst1,1,READ,0x10000299000,4096
0,burst1,1,READ,0x1000029a000,4096
0,burst1,1,READ,0x1000029b000,4096
0,burst1,1,READ,0x1000029c000,4096
0,burst1,1,READ,0x1000029d000,4096
0,burst1,1,READ,0x1000029e000,4096
0,burst1,1,READ,0x1000029f000,4096
0,burst1,1,READ,0x100002a0000,4096
0,burst1,1,READ,0x100002a1000,4096
0,burst1,1,READ,0x100002a2000,4096
0,burst1,1,READ,0x100002a3000,4096
0,burst1,1,READ,0x100002a4000,4096
0,burst1,1,READ,0x100002a5000,4096
0,burst1,1,READ,0x100002a6000,4096
0,burst1,1,READ,0x100002a7000,4096
0,burst1,1,READ,0x100002a8000,4096
0,burst1,1,READ,0x100002a9000,4096
0,burst1,1,READ,0x100002aa000,4096
0,burst1,1,READ,0x100002ab000,4096
0,burst1,1,READ,0x100002ac000,4096
0,burst1,1,READ,0x100002ad000,4096
0,burst1,1,READ,0x100002ae000,4096
0,burst1,1,READ,0x100002af000,4096
0,burst1,1,READ,0x100002b0000,4096
0,burst1,1,READ,0x100002b1000,4096
0,burst1,1,READ,0x100002b2000,4096
0,burst1,1,READ,0x100002b3000,4096
0,burst1,1,READ,0x100002b4000,4096
0,burst1,1,READ,0x100002b5000,4096
0,burst1,1,READ,0x100002b6000,4096
0,burst1,1,READ,0x100002b7000,4096
0,burst1,1,READ,0x100002b8000,4096
0,burst1,1,READ,0x100002b9000,4096
0,burst1,1,READ,0x100002ba000,4096
0,burst1,1,READ,0x100002bb000,4096
0,burst1,1,READ,0x100002bc000,4096
0,burst1,1,READ,0x100002bd000,4096
0,burst1,1,READ,0x100002be000,4096
0,burst1,1,READ,0x100002bf000,4096
0,burst1,1,READ,0x100002c0000,4096
0,burst1,1,READ,0x100002c1000,4096
0,burst1,1,READ,0x100002c2000,4096
0,burst1,1,READ,0x100002c3000,4096
0,burst1,1,READ,0x100002c4000,4096
0,burst1,1,READ,0x100002c5000,4096
0,burst1,1,READ,0x100002c6000,4096
0,burst1,1,READ,0x100002c7000,4096
0,burst1,1,READ,0x100002c8000,4096
0,burst1,1,READ,0x100002c9000,4096
0,burst1,1,READ,0x100002ca000,4096
0,burst1,1,READ,0x100002cb000,4096
0,burst1,1,READ,0x100002cc000,4096
0,burst1,1,READ,0x100002cd000,4096
0,burst1,1,READ,0x100002ce000,4096
0,burst1,1,READ,0x100002cf000,4096
0,burst1,1,READ,0x100002d0000,4096
0,burst1,1,READ,0x100002d1000,4096
0,burst1,1,READ,0x100002d2000,4096
0,burst1,1,READ,0x100002d3000,4096
0,burst1,1,READ,0x100002d4000,4096
0,burst1,1,READ,0x100002d5000,4096
0,burst1,1,READ,0x100002d6000,4096
0,burst1,1,READ,0x100002d7000,4096
0,burst1,1,READ,0x100002d8000,4096
0,burst1,1,READ,0x100002d9000,4096
0,burst1,1,READ,0x100002da000,4096
0,burst1,1,READ,0x100002db000,4096
0,burst1,1,READ,0x100002dc000,4096
0,burst1,1,READ,0x100002dd000,4096
0,burst1,1,READ,0x100002de000,4096
0,burst1,1,READ,0x100002df000,4096
0,burst1,1,READ,0x100002e0000,4096
0,burst1,1,READ,0x100002e1000,4096
0,burst1,1,READ,0x100002e2000,4096
0,burst1,1,READ,0x100002e3000,4096
0,burst1,1,READ,0x100002e4000,4096
0,burst1,1,READ,0x100002e5000,4096
0,burst1,1,READ,0x100002e6000,4096
0,burst1,1,READ,0x100002e7000,4096
0,burst1,1,READ,0x100002e8000,4096
0,burst1,1,READ,0x100002e9000,4096
0,burst1,1,READ,0x100002ea000,4096
0,burst1,1,READ,0x100002eb000,4096
0,burst1,1,READ,0x100002ec000,4096
0,burst1,1,READ,0x100002ed000,4096
0,burst1,1,READ,0x100002ee000,4096
0,burst1,1,READ,0x100002ef000,4096
0,burst1,1,READ,0x100002f0000,4096
0,burst1,1,READ,0x100002f1000,4096
0,burst1,1,READ,0x100002f2000,4096
0,burst1,1,READ,0x100002f3000,4096
0,burst1,1,READ,0x100002f4000,4096
0,burst1,1,READ,0x100002f5000,4096
0,burst1,1,READ,0x100002f6000,4096
0,burst1,1,READ,0x100002f7000,4096
0,burst1,1,READ,0x100002f8000,4096
0,burst1,1,READ,0x100002f9000,4096
0,burst1,1,READ,0x100002fa000,4096
0,burst1,1,READ,0x100002fb000,4096
0,burst1,1,READ,0x100002fc000,4096
0,burst1,1,READ,0x100002fd000,4096
0,burst1,1,READ,0x100002fe000,4096
0,burst1,1,READ,0x100002ff000,4096
0,burst1,1,READ,0x10000300000,4096
0,burst1,1,READ,0x10000301000,4096
0,burst1,1,READ,0x10000302000,4096
0,burst1,1,READ,0x10000303000,4096
0,burst1,1,READ,0x10000304000,4096
0,burst1,1,READ,0x10000305000,4096
0,burst1,1,READ,0x10000306000,4096
0,burst1,1,READ,0x10000307000,4096
0,burst1,1,READ,0x10000308000,4096
0,burst1,1,READ,0x10000309000,4096
0,burst1,1,READ,0x1000030a000,4096
0,burst1,1,READ,0x1000030b000,4096
0,burst1,1,READ,0x1000030c000,4096
0,burst1,1,READ,0x1000030d000,4096
0,burst1,1,READ,0x1000030e000,4096
0,burst1,1,READ,0x1000030f000,4096
0,burst1,1,READ,0x10000310000,4096
0,burst1,1,READ,0x10000311000,4096
0,burst1,1,READ,0x10000312000,4096
0,burst1,1,READ,0x10000313000,4096
0,burst1,1,READ,0x10000314000,4096
0,burst1,1,READ,0x10000315000,4096
0,burst1,1,READ,0x10000316000,4096
0,burst1,1,READ,0x10000317000,4096
0,burst1,1,READ,0x10000318000,4096
0,burst1,1,READ,0x10000319000,4096
0,burst1,1,READ,0x1000031a000,4096
0,burst1,1,READ,0x1000031b000,4096
0,burst1,1,READ,0x1000031c000,4096
0,burst1,1,READ,0x1000031d000,4096
0,burst1,1,READ,0x1000031e000,4096
0,burst1,1,READ,0x1000031f000,4096
0,burst1,1,READ,0x10000320000,4096
0,burst1,1,READ,0x10000321000,4096
0,burst1,1,READ,0x10000322000,4096
0,burst1,1,READ,0x10000323000,4096
0,burst1,1,READ,0x10000324000,4096
0,burst1,1,READ,0x10000325000,4096
0,burst1,1,READ,0x10000326000,4096
0,burst1,1,READ,0x10000327000,4096
0,burst1,1,READ,0x10000328000,4096
0,burst1,1,READ,0x10000329000,4096
0,burst1,1,READ,0x1000032a000,4096
0,burst1,1,READ,0x1000032b000,4096
0,burst1,1,READ,0x1000032c000,4096
0,burst1,1,READ,0x1000032d000,4096
0,burst1,1,READ,0x1000032e000,4096
0,burst1,1,READ,0x1000032f000,4096
0,burst1,1,READ,0x10000330000,4096
0,burst1,1,READ,0x10000331000,4096
0,burst1,1,READ,0x10000332000,4096
0,burst1,1,READ,0x10000333000,4096
0,burst1,1,READ,0x10000334000,4096
0,burst1,1,READ,0x10000335000,4096
0,burst1,1,READ,0x10000336000,4096
0,burst1,1,READ,0x10000337000,4096
0,burst1,1,READ,0x10000338000,4096
0,burst1,1,READ,0x10000339000,4096
0,burst1,1,READ,0x1000033a000,4096
0,burst1,1,READ,0x1000033b000,4096
0,burst1,1,READ,0x1000033c000,4096
0,burst1,1,READ,0x1000033d000,4096
0,burst1,1,READ,0x1000033e000,4096
0,burst1,1,READ,0x1000033f000,4096
0,burst1,1,READ,0x10000340000,4096
0,burst1,1,READ,0x10000341000,4096
0,burst1,1,READ,0x10000342000,4096
0,burst1,1,READ,0x10000343000,4096
0,burst1,1,READ,0x10000344000,4096
0,burst1,1,READ,0x10000345000,4096
0,burst1,1,READ,0x10000346000,4096
0,burst1,1,READ,0x10000347000,4096
0,burst1,1,READ,0x10000348000,4096
0,burst1,1,READ,0x10000349000,4096
0,burst1,1,READ,0x1000034a000,4096
0,burst1,1,READ,0x1000034b000,4096
0,burst1,1,READ,0x1000034c000,4096
0,burst1,1,READ,0x1000034d000,4096
0,burst1,1,READ,0x1000034e000,4096
0,burst1,1,READ,0x1000034f000,4096
0,burst1,1,READ,0x10000350000,4096
0,burst1,1,READ,0x10000351000,4096
0,burst1,1,READ,0x10000352000,4096
0,burst1,1,READ,0x10000353000,4096
0,burst1,1,READ,0x10000354000,4096
0,burst1,1,READ,0x10000355000,4096
0,burst1,1,READ,0x10000356000,4096
0,burst1,1,READ,0x10000357000,4096
0,burst1,1,READ,0x10000358000,4096
0,burst1,1,READ,0x10000359000,4096
0,burst1,1,READ,0x1000035a000,4096
0,burst1,1,READ,0x1000035b000,4096
0,burst1,1,READ,0x1000035c000,4096
0,burst1,1,READ,0x1000035d000,4096
0,burst1,1,READ,0x1000035e000,4096
0,burst1,1,READ,0x1000035f000,4096
0,burst1,1,READ,0x10000360000,4096
0,burst1,1,READ,0x10000361000,4096
0,burst1,1,READ,0x10000362000,4096
0,burst1,1,READ,0x10000363000,4096
0,burst1,1,READ,0x10000364000,4096
0,burst1,1,READ,0x10000365000,4096
0,burst1,1,READ,0x10000366000,4096
0,burst1,1,READ,0x10000367000,4096
0,burst1,1,READ,0x10000368000,4096
0,burst1,1,READ,0x10000369000,4096
0,burst1,1,READ,0x1000036a000,4096
0,burst1,1,READ,0x1000036b000,4096
0,burst1,1,READ,0x1000036c000,4096
0,burst1,1,READ,0x1000036d000,4096
0,burst1,1,READ,0x1000036e000,4096
0,burst1,1,READ,0x1000036f000,4096
0,burst1,1,READ,0x10000370000,4096
0,burst1,1,READ,0x10000371000,4096
0,burst1,1,READ,0x10000372000,4096
0,burst1,1,READ,0x10000373000,4096
0,burst1,1,READ,0x10000374000,4096
0,burst1,1,READ,0x10000375000,4096
0,burst1,1,READ,0x10000376000,4096
0,burst1,1,READ,0x10000377000,4096
0,burst1,1,READ,0x10000378000,4096
0,burst1,1,READ,0x10000379000,4096
0,burst1,1,READ,0x1000037a000,4096
0,burst1,1,READ,0x1000037b000,4096
0,burst1,1,READ,0x1000037c000,4096
0,burst1,1,READ,0x1000037d000,4096
0,burst1,1,READ,0x1000037e000,4096
0,burst1,1,READ,0x1000037f000,4096
0,burst1,1,READ,0x10000380000,4096
0,burst1,1,READ,0x10000381000,4096
0,burst1,1,READ,0x10000382000,4096
0,burst1,1,READ,0x10000383000,4096
0,burst1,1,READ,0x10000384000,4096
0,burst1,1,READ,0x10000385000,4096
0,burst1,1,READ,0x10000386000,4096
0,burst1,1,READ,0x10000387000,4096
0,burst1,1,READ,0x10000388000,4096
0,burst1,1,READ,0x10000389000,4096
0,burst1,1,READ,0x1000038a000,4096
0,burst1,1,READ,0x1000038b000,4096
0,burst1,1,READ,0x1000038c000,4096
0,burst1,1,READ,0x1000038d000,4096
0,burst1,1,READ,0x1000038e000,4096
0,burst1,1,READ,0x1000038f000,4096
0,burst1,1,READ,0x10000390000,4096
0,burst1,1,READ,0x10000391000,4096
0,burst1,1,READ,0x10000392000,4096
0,burst1,1,READ,0x10000393000,4096
0,burst1,1,READ,0x10000394000,4096
0,burst1,1,READ,0x10000395000,4096
0,burst1,1,READ,0x10000396000,4096
0,burst1,1,READ,0x10000397000,4096
0,burst1,1,READ,0x10000398000,4096
0,burst1,1,READ,0x10000399000,4096
0,burst1,1,READ,0x1000039a000,4096
0,burst1,1,READ,0x1000039b000,4096
0,burst1,1,READ,0x1000039c000,4096
0,burst1,1,READ,0x1000039d000,4096
0,burst1,1,READ,0x1000039e000,4096
0,burst1,1,READ,0x1000039f000,4096
0,burst1,1,READ,0x100003a0000,4096
0,burst1,1,READ,0x100003a1000,4096
0,burst1,1,READ,0x100003a2000,4096
0,burst1,1,READ,0x100003a3000,4096
0,burst1,1,READ,0x100003a4000,4096
0,burst1,1,READ,0x100003a5000,4096
0,burst1,1,READ,0x100003a6000,4096
0,burst1,1,READ,0x100003a7000,4096
0,burst1,1,READ,0x100003a8000,4096
0,burst1,1,READ,0x100003a9000,4096
0,burst1,1,READ,0x100003aa000,4096
0,burst1,1,READ,0x100003ab000,4096
0,burst1,1,READ,0x100003ac000,4096
0,burst1,1,READ,0x100003ad000,4096
0,burst1,1,READ,0x100003ae000,4096
0,burst1,1,READ,0x100003af000,4096
0,burst1,1,READ,0x100003b0000,4096
0,burst1,1,READ,0x100003b1000,4096
0,burst1,1,READ,0x100003b2000,4096
0,burst1,1,READ,0x100003b3000,4096
0,burst1,1,READ,0x100003b4000,4096
0,burst1,1,READ,0x100003b5000,4096
0,burst1,1,READ,0x100003b6000,4096
0,burst1,1,READ,0x100003b7000,4096
0,burst1,1,READ,0x100003b8000,4096
0,burst1,1,READ,0x100003b9000,4096
0,burst1,1,READ,0x100003ba000,4096
0,burst1,1,READ,0x100003bb000,4096
0,burst1,1,READ,0x100003bc000,4096
0,burst1,1,READ,0x100003bd000,4096
0,burst1,1,READ,0x100003be000,4096
0,burst1,1,READ,0x100003bf000,4096
0,burst1,1,READ,0x100003c0000,4096
0,burst1,1,READ,0x100003c1000,4096
0,burst1,1,READ,0x100003c2000,4096
0,burst1,1,READ,0x100003c3000,4096
0,burst1,1,READ,0x100003c4000,4096
0,burst1,1,READ,0x100003c5000,4096
0,burst1,1,READ,0x100003c6000,4096
0,burst1,1,READ,0x100003c7000,4096
0,burst1,1,READ,0x100003c8000,4096
0,burst1,1,READ,0x100003c9000,4096
0,burst1,1,READ,0x100003ca000,4096
0,burst1,1,READ,0x100003cb000,4096
0,burst1,1,READ,0x100003cc000,4096
0,burst1,1,READ,0x100003cd000,4096
0,burst1,1,READ,0x100003ce000,4096
0,burst1,1,READ,0x100003cf000,4096
0,burst1,1,READ,0x100003d0000,4096
0,burst1,1,READ,0x100003d1000,4096
0,burst1,1,READ,0x100003d2000,4096
0,burst1,1,READ,0x100003d3000,4096
0,burst1,1,READ,0x100003d4000,4096
0,burst1,1,READ,0x100003d5000,4096
0,burst1,1,READ,0x100003d6000,4096
0,burst1,1,READ,0x100003d7000,4096
0,burst1,1,READ,0x100003d8000,4096
0,burst1,1,READ,0x100003d9000,4096
0,burst1,1,READ,0x100003da000,4096
0,burst1,1,READ,0x100003db000,4096
0,burst1,1,READ,0x100003dc000,4096
0,burst1,1,READ,0x100003dd000,4096
0,burst1,1,READ,0x100003de000,4096
0,burst1,1,READ,0x100003df000,4096
0,burst1,1,READ,0x100003e0000,4096
0,burst1,1,READ,0x100003e1000,4096
0,burst1,1,READ,0x100003e2000,4096
0,burst1,1,READ,0x100003e3000,4096
0,burst1,1,READ,0x100003e4000,4096
0,burst1,1,READ,0x100003e5000,4096
0,burst1,1,READ,0x100003e6000,4096
0,burst1,1,READ,0x100003e7000,4096
0,burst1,1,READ,0x100003e8000,4096
0,burst1,1,READ,0x100003e9000,4096
0,burst1,1,READ,0x100003ea000,4096
0,burst1,1,READ,0x100003eb000,4096
0,burst1,1,READ,0x100003ec000,4096
0,burst1,1,READ,0x100003ed000,4096
0,burst1,1,READ,0x100003ee000,4096
0,burst1,1,READ,0x100003ef000,4096
0,burst1,1,READ,0x100003f0000,4096
0,burst1,1,READ,0x100003f1000,4096
0,burst1,1,READ,0x100003f2000,4096
0,burst1,1,READ,0x100003f3000,4096
0,burst1,1,READ,0x100003f4000,4096
0,burst1,1,READ,0x100003f5000,4096
0,burst1,1,READ,0x100003f6000,4096
0,burst1,1,READ,0x100003f7000,4096
0,burst1,1,READ,0x100003f8000,4096
0,burst1,1,READ,0x100003f9000,4096
0,burst1,1,READ,0x100003fa000,4096
0,burst1,1,READ,0x100003fb000,4096
0,burst1,1,READ,0x100003fc000,4096
0,burst1,1,READ,0x100003fd000,4096
0,burst1,1,READ,0x100003fe000,4096
0,burst1,1,READ,0x100003ff000,4096
0,burst1,1,READ,0x10000400000,4096
0,burst1,1,READ,0x10000401000,4096
0,burst1,1,READ,0x10000402000,4096
0,burst1,1,READ,0x10000403000,4096
0,burst1,1,READ,0x10000404000,4096
0,burst1,1,READ,0x10000405000,4096
0,burst1,1,READ,0x10000406000,4096
0,burst1,1,READ,0x10000407000,4096
0,burst1,1,READ,0x10000408000,4096
0,burst1,1,READ,0x10000409000,4096
0,burst1,1,READ,0x1000040a000,4096
0,burst1,1,READ,0x1000040b000,4096
0,burst1,1,READ,0x1000040c000,4096
0,burst1,1,READ,0x1000040d000,4096
0,burst1,1,READ,0x1000040e000,4096
0,burst1,1,READ,0x1000040f000,4096
0,burst1,1,READ,0x10000410000,4096
0,burst1,1,READ,0x10000411000,4096
0,burst1,1,READ,0x10000412000,4096
0,burst1,1,READ,0x10000413000,4096
0,burst1,1,READ,0x10000414000,4096
0,burst1,1,READ,0x10000415000,4096
0,burst1,1,READ,0x10000416000,4096
0,burst1,1,READ,0x10000417000,4096
0,burst1,1,READ,0x10000418000,4096
0,burst1,1,READ,0x10000419000,4096
0,burst1,1,READ,0x1000041a000,4096
0,burst1,1,READ,0x1000041b000,4096
0,burst1,1,READ,0x1000041c000,4096
0,burst1,1,READ,0x1000041d000,4096
0,burst1,1,READ,0x1000041e000,4096
0,burst1,1,READ,0x1000041f000,4096
0,burst1,1,READ,0x10000420000,4096
0,burst1,1,READ,0x10000421000,4096
0,burst1,1,READ,0x10000422000,4096
0,burst1,1,READ,0x10000423000,4096
0,burst1,1,READ,0x10000424000,4096
0,burst1,1,READ,0x10000425000,4096
0,burst1,1,READ,0x10000426000,4096
0,burst1,1,READ,0x10000427000,4096
0,burst1,1,READ,0x10000428000,4096
0,burst1,1,READ,0x10000429000,4096
0,burst1,1,READ,0x1000042a000,4096
0,burst1,1,READ,0x1000042b000,4096
0,burst1,1,READ,0x1000042c000,4096
0,burst1,1,READ,0x1000042d000,4096
0,burst1,1,READ,0x1000042e000,4096
0,burst1,1,READ,0x1000042f000,4096
0,burst1,1,READ,0x10000430000,4096
0,burst1,1,READ,0x10000431000,4096
0,burst1,1,READ,0x10000432000,4096
0,burst1,1,READ,0x10000433000,4096
0,burst1,1,READ,0x10000434000,4096
0,burst1,1,READ,0x10000435000,4096
0,burst1,1,READ,0x10000436000,4096
0,burst1,1,READ,0x10000437000,4096
0,burst1,1,READ,0x10000438000,4096
0,burst1,1,READ,0x10000439000,4096
0,burst1,1,READ,0x1000043a000,4096
0,burst1,1,READ,0x1000043b000,4096
0,burst1,1,READ,0x1000043c000,4096
0,burst1,1,READ,0x1000043d000,4096
0,burst1,1,READ,0x1000043e000,4096
0,burst1,1,READ,0x1000043f000,4096
0,burst1,1,READ,0x10000440000,4096
0,burst1,1,READ,0x10000441000,4096
0,burst1,1,READ,0x10000442000,4096
0,burst1,1,READ,0x10000443000,4096
0,burst1,1,READ,0x10000444000,4096
0,burst1,1,READ,0x10000445000,4096
0,burst1,1,READ,0x10000446000,4096
0,burst1,1,READ,0x10000447000,4096
0,burst1,1,READ,0x10000448000,4096
0,burst1,1,READ,0x10000449000,4096
0,burst1,1,READ,0x1000044a000,4096
0,burst1,1,READ,0x1000044b000,4096
0,burst1,1,READ,0x1000044c000,4096
0,burst1,1,READ,0x1000044d000,4096
0,burst1,1,READ,0x1000044e000,4096
0,burst1,1,READ,0x1000044f000,4096
0,burst1,1,READ,0x10000450000,4096
0,burst1,1,READ,0x10000451000,4096
0,burst1,1,READ,0x10000452000,4096
0,burst1,1,READ,0x10000453000,4096
0,burst1,1,READ,0x10000454000,4096
0,burst1,1,READ,0x10000455000,4096
0,burst1,1,READ,0x10000456000,4096
0,burst1,1,READ,0x10000457000,4096
0,burst1,1,READ,0x10000458000,4096
0,burst1,1,READ,0x10000459000,4096
0,burst1,1,READ,0x1000045a000,4096
0,burst1,1,READ,0x1000045b000,4096
0,burst1,1,READ,0x1000045c000,4096
0,burst1,1,READ,0x1000045d000,4096
0,burst1,1,READ,0x1000045e000,4096
0,burst1,1,READ,0x1000045f000,4096
0,burst1,1,READ,0x10000460000,4096
0,burst1,1,READ,0x10000461000,4096
0,burst1,1,READ,0x10000462000,4096
0,burst1,1,READ,0x10000463000,4096
0,burst1,1,READ,0x10000464000,4096
0,burst1,1,READ,0x10000465000,4096
0,burst1,1,READ,0x10000466000,4096
0,burst1,1,READ,0x10000467000,4096
0,burst1,1,READ,0x10000468000,4096
0,burst1,1,READ,0x10000469000,4096
0,burst1,1,READ,0x1000046a000,4096
0,burst1,1,READ,0x1000046b000,4096
0,burst1,1,READ,0x1000046c000,4096
0,burst1,1,READ,0x1000046d000,4096
0,burst1,1,READ,0x1000046e000,4096
0,burst1,1,READ,0x1000046f000,4096
0,burst1,1,READ,0x10000470000,4096
0,burst1,1,READ,0x10000471000,4096
0,burst1,1,READ,0x10000472000,4096
0,burst1,1,READ,0x10000473000,4096
0,burst1,1,READ,0x10000474000,4096
0,burst1,1,READ,0x10000475000,4096
0,burst1,1,READ,0x10000476000,4096
0,burst1,1,READ,0x10000477000,4096
0,burst1,1,READ,0x10000478000,4096
0,burst1,1,READ,0x10000479000,4096
0,burst1,1,READ,0x1000047a000,4096
0,burst1,1,READ,0x1000047b000,4096
0,burst1,1,READ,0x1000047c000,4096
0,burst1,1,READ,0x1000047d000,4096
0,burst1,1,READ,0x1000047e000,4096
0,burst1,1,READ,0x1000047f000,4096
0,burst1,1,READ,0x10000480000,4096
0,burst1,1,READ,0x10000481000,4096
0,burst1,1,READ,0x10000482000,4096
0,burst1,1,READ,0x10000483000,4096
0,burst1,1,READ,0x10000484000,4096
0,burst1,1,READ,0x10000485000,4096
0,burst1,1,READ,0x10000486000,4096
0,burst1,1,READ,0x10000487000,4096
0,burst1,1,READ,0x10000488000,4096
0,burst1,1,READ,0x10000489000,4096
0,burst1,1,READ,0x1000048a000,4096
0,burst1,1,READ,0x1000048b000,4096
0,burst1,1,READ,0x1000048c000,4096
0,burst1,1,READ,0x1000048d000,4096
0,burst1,1,READ,0x1000048e000,4096
0,burst1,1,READ,0x1000048f000,4096
0,burst1,1,READ,0x10000490000,4096
0,burst1,1,READ,0x10000491000,4096
0,burst1,1,READ,0x10000492000,4096
0,burst1,1,READ,0x10000493000,4096
0,burst1,1,READ,0x10000494000,4096
0,burst1,1,READ,0x10000495000,4096
0,burst1,1,READ,0x10000496000,4096
0,burst1,1,READ,0x10000497000,4096
0,burst1,1,READ,0x10000498000,4096
0,burst1,1,READ,0x10000499000,4096
0,burst1,1,READ,0x1000049a000,4096
0,burst1,1,READ,0x1000049b000,4096
0,burst1,1,READ,0x1000049c000,4096
0,burst1,1,READ,0x1000049d000,4096
0,burst1,1,READ,0x1000049e000,4096
0,burst1,1,READ,0x1000049f000,4096
0,burst1,1,READ,0x100004a0000,4096
0,burst1,1,READ,0x100004a1000,4096
0,burst1,1,READ,0x100004a2000,4096
0,burst1,1,READ,0x100004a3000,4096
0,burst1,1,READ,0x100004a4000,4096
0,burst1,1,READ,0x100004a5000,4096
0,burst1,1,READ,0x100004a6000,4096
0,burst1,1,READ,0x100004a7000,4096
0,burst1,1,READ,0x100004a8000,4096
0,burst1,1,READ,0x100004a9000,4096
0,burst1,1,READ,0x100004aa000,4096
0,burst1,1,READ,0x100004ab000,4096
0,burst1,1,READ,0x100004ac000,4096
0,burst1,1,READ,0x100004ad000,4096
0,burst1,1,READ,0x100004ae000,4096
0,burst1,1,READ,0x100004af000,4096
0,burst1,1,READ,0x100004b0000,4096
0,burst1,1,READ,0x100004b1000,4096
0,burst1,1,READ,0x100004b2000,4096
0,burst1,1,READ,0x100004b3000,4096
0,burst1,1,READ,0x100004b4000,4096
0,burst1,1,READ,0x100004b5000,4096
0,burst1,1,READ,0x100004b6000,4096
0,burst1,1,READ,0x100004b7000,4096
0,burst1,1,READ,0x100004b8000,4096
0,burst1,1,READ,0x100004b9000,4096
0,burst1,1,READ,0x100004ba000,4096
0,burst1,1,READ,0x100004bb000,4096
0,burst1,1,READ,0x100004bc000,4096
0,burst1,1,READ,0x100004bd000,4096
0,burst1,1,READ,0x100004be000,4096
0,burst1,1,READ,0x100004bf000,4096
0,burst1,1,READ,0x100004c0000,4096
0,burst1,1,READ,0x100004c1000,4096
0,burst1,1,READ,0x100004c2000,4096
0,burst1,1,READ,0x100004c3000,4096
0,burst1,1,READ,0x100004c4000,4096
0,burst1,1,READ,0x100004c5000,4096
0,burst1,1,READ,0x100004c6000,4096
0,burst1,1,READ,0x100004c7000,4096
0,burst1,1,READ,0x100004c8000,4096
0,burst1,1,READ,0x100004c9000,4096
0,burst1,1,READ,0x100004ca000,4096
0,burst1,1,READ,0x100004cb000,4096
0,burst1,1,READ,0x100004cc000,4096
0,burst1,1,READ,0x100004cd000,4096
0,burst1,1,READ,0x100004ce000,4096
0,burst1,1,READ,0x100004cf000,4096
0,burst1,1,READ,0x100004d0000,4096
0,burst1,1,READ,0x100004d1000,4096
0,burst1,1,READ,0x100004d2000,4096
0,burst1,1,READ,0x100004d3000,4096
0,burst1,1,READ,0x100004d4000,4096
0,burst1,1,READ,0x100004d5000,4096
0,burst1,1,READ,0x100004d6000,4096
0,burst1,1,READ,0x100004d7000,4096
0,burst1,1,READ,0x100004d8000,4096
0,burst1,1,READ,0x100004d9000,4096
0,burst1,1,READ,0x100004da000,4096
0,burst1,1,READ,0x100004db000,4096
0,burst1,1,READ,0x100004dc000,4096
0,burst1,1,READ,0x100004dd000,4096
0,burst1,1,READ,0x100004de000,4096
0,burst1,1,READ,0x100004df000,4096
0,burst1,1,READ,0x100004e0000,4096
0,burst1,1,READ,0x100004e1000,4096
0,burst1,1,READ,0x100004e2000,4096
0,burst1,1,READ,0x100004e3000,4096
0,burst1,1,READ,0x100004e4000,4096
0,burst1,1,READ,0x100004e5000,4096
0,burst1,1,READ,0x100004e6000,4096
0,burst1,1,READ,0x100004e7000,4096
0,burst1,1,READ,0x100004e8000,4096
0,burst1,1,READ,0x100004e9000,4096
0,burst1,1,READ,0x100004ea000,4096
0,burst1,1,READ,0x100004eb000,4096
0,burst1,1,READ,0x100004ec000,4096
0,burst1,1,READ,0x100004ed000,4096
0,burst1,1,READ,0x100004ee000,4096
0,burst1,1,READ,0x100004ef000,4096
0,burst1,1,READ,0x100004f0000,4096
0,burst1,1,READ,0x100004f1000,4096
0,burst1,1,READ,0x100004f2000,4096
0,burst1,1,READ,0x100004f3000,4096
0,burst1,1,READ,0x100004f4000,4096
0,burst1,1,READ,0x100004f5000,4096
0,burst1,1,READ,0x100004f6000,4096
0,burst1,1,READ,0x100004f7000,4096
0,burst1,1,READ,0x100004f8000,4096
0,burst1,1,READ,0x100004f9000,4096
0,burst1,1,READ,0x100004fa000,4096
0,burst1,1,READ,0x100004fb000,4096
0,burst1,1,READ,0x100004fc000,4096
0,burst1,1,READ,0x100004fd000,4096
0,burst1,1,READ,0x100004fe000,4096
0,burst1,1,READ,0x100004ff000,4096
0,burst1,1,READ,0x10000500000,4096
0,burst1,1,READ,0x10000501000,4096
0,burst1,1,READ,0x10000502000,4096
0,burst1,1,READ,0x10000503000,4096
0,burst1,1,READ,0x10000504000,4096
0,burst1,1,READ,0x10000505000,4096
0,burst1,1,READ,0x10000506000,4096
0,burst1,1,READ,0x10000507000,4096
0,burst1,1,READ,0x10000508000,4096
0,burst1,1,READ,0x10000509000,4096
0,burst1,1,READ,0x1000050a000,4096
0,burst1,1,READ,0x1000050b000,4096
0,burst1,1,READ,0x1000050c000,4096
0,burst1,1,READ,0x1000050d000,4096
0,burst1,1,READ,0x1000050e000,4096
0,burst1,1,READ,0x1000050f000,4096
0,burst1,1,READ,0x10000510000,4096
0,burst1,1,READ,0x10000511000,4096
0,burst1,1,READ,0x10000512000,4096
0,burst1,1,READ,0x10000513000,4096
0,burst1,1,READ,0x10000514000,4096
0,burst1,1,READ,0x10000515000,4096
0,burst1,1,READ,0x10000516000,4096
0,burst1,1,READ,0x10000517000,4096
0,burst1,1,READ,0x10000518000,4096
0,burst1,1,READ,0x10000519000,4096
0,burst1,1,READ,0x1000051a000,4096
0,burst1,1,READ,0x1000051b000,4096
0,burst1,1,READ,0x1000051c000,4096
0,burst1,1,READ,0x1000051d000,4096
0,burst1,1,READ,0x1000051e000,4096
0,burst1,1,READ,0x1000051f000,4096
0,burst1,1,READ,0x10000520000,4096
0,burst1,1,READ,0x10000521000,4096
0,burst1,1,READ,0x10000522000,4096
0,burst1,1,READ,0x10000523000,4096
0,burst1,1,READ,0x10000524000,4096
0,burst1,1,READ,0x10000525000,4096
0,burst1,1,READ,0x10000526000,4096
0,burst1,1,READ,0x10000527000,4096
0,burst1,1,READ,0x10000528000,4096
0,burst1,1,READ,0x10000529000,4096
0,burst1,1,READ,0x1000052a000,4096
0,burst1,1,READ,0x1000052b000,4096
0,burst1,1,READ,0x1000052c000,4096
0,burst1,1,READ,0x1000052d000,4096
0,burst1,1,READ,0x1000052e000,4096
0,burst1,1,READ,0x1000052f000,4096
0,burst1,1,READ,0x10000530000,4096
0,burst1,1,READ,0x10000531000,4096
0,burst1,1,READ,0x10000532000,4096
0,burst1,1,READ,0x10000533000,4096
0,burst1,1,READ,0x10000534000,4096
0,burst1,1,READ,0x10000535000,4096
0,burst1,1,READ,0x10000536000,4096
0,burst1,1,READ,0x10000537000,4096
0,burst1,1,READ,0x10000538000,4096
0,burst1,1,READ,0x10000539000,4096
0,burst1,1,READ,0x1000053a000,4096
0,burst1,1,READ,0x1000053b000,4096
0,burst1,1,READ,0x1000053c000,4096
0,burst1,1,READ,0x1000053d000,4096
0,burst1,1,READ,0x1000053e000,4096
0,burst1,1,READ,0x1000053f000,4096
0,burst1,1,READ,0x10000540000,4096
0,burst1,1,READ,0x10000541000,4096
0,burst1,1,READ,0x10000542000,4096
0,burst1,1,READ,0x10000543000,4096
0,burst1,1,READ,0x10000544000,4096
0,burst1,1,READ,0x10000545000,4096
0,burst1,1,READ,0x10000546000,4096
0,burst1,1,READ,0x10000547000,4096
0,burst1,1,READ,0x10000548000,4096
0,burst1,1,READ,0x10000549000,4096
0,burst1,1,READ,0x1000054a000,4096
0,burst1,1,READ,0x1000054b000,4096
0,burst1,1,READ,0x1000054c000,4096
0,burst1,1,READ,0x1000054d000,4096
0,burst1,1,READ,0x1000054e000,4096
0,burst1,1,READ,0x1000054f000,4096
0,burst1,1,READ,0x10000550000,4096
0,burst1,1,READ,0x10000551000,4096
0,burst1,1,READ,0x10000552000,4096
0,burst1,1,READ,0x10000553000,4096
0,burst1,1,READ,0x10000554000,4096
0,burst1,1,READ,0x10000555000,4096
0,burst1,1,READ,0x10000556000,4096
0,burst1,1,READ,0x10000557000,4096
0,burst1,1,READ,0x10000558000,4096
0,burst1,1,READ,0x10000559000,4096
0,burst1,1,READ,0x1000055a000,4096
0,burst1,1,READ,0x1000055b000,4096
0,burst1,1,READ,0x1000055c000,4096
0,burst1,1,READ,0x1000055d000,4096
0,burst1,1,READ,0x1000055e000,4096
0,burst1,1,READ,0x1000055f000,4096
0,burst1,1,READ,0x10000560000,4096
0,burst1,1,READ,0x10000561000,4096
0,burst1,1,READ,0x10000562000,4096
0,burst1,1,READ,0x10000563000,4096
0,burst1,1,READ,0x10000564000,4096
0,burst1,1,READ,0x10000565000,4096
0,burst1,1,READ,0x10000566000,4096
0,burst1,1,READ,0x10000567000,4096
0,burst1,1,READ,0x10000568000,4096
0,burst1,1,READ,0x10000569000,4096
0,burst1,1,READ,0x1000056a000,4096
0,burst1,1,READ,0x1000056b000,4096
0,burst1,1,READ,0x1000056c000,4096
0,burst1,1,READ,0x1000056d000,4096
0,burst1,1,READ,0x1000056e000,4096
0,burst1,1,READ,0x1000056f000,4096
0,burst1,1,READ,0x10000570000,4096
0,burst1,1,READ,0x10000571000,4096
0,burst1,1,READ,0x10000572000,4096
0,burst1,1,READ,0x10000573000,4096
0,burst1,1,READ,0x10000574000,4096
0,burst1,1,READ,0x10000575000,4096
0,burst1,1,READ,0x10000576000,4096
0,burst1,1,READ,0x10000577000,4096
0,burst1,1,READ,0x10000578000,4096
0,burst1,1,READ,0x10000579000,4096
0,burst1,1,READ,0x1000057a000,4096
0,burst1,1,READ,0x1000057b000,4096
0,burst1,1,READ,0x1000057c000,4096
0,burst1,1,READ,0x1000057d000,4096
0,burst1,1,READ,0x1000057e000,4096
0,burst1,1,READ,0x1000057f000,4096
0,burst1,1,READ,0x10000580000,4096
0,burst1,1,READ,0x10000581000,4096
0,burst1,1,READ,0x10000582000,4096
0,burst1,1,READ,0x10000583000,4096
0,burst1,1,READ,0x10000584000,4096
0,burst1,1,READ,0x10000585000,4096
0,burst1,1,READ,0x10000586000,4096
0,burst1,1,READ,0x10000587000,4096
0,burst1,1,READ,0x10000588000,4096
0,burst1,1,READ,0x10000589000,4096
0,burst1,1,READ,0x1000058a000,4096
0,burst1,1,READ,0x1000058b000,4096
0,burst1,1,READ,0x1000058c000,4096
0,burst1,1,READ,0x1000058d000,4096
0,burst1,1,READ,0x1000058e000,4096
0,burst1,1,READ,0x1000058f000,4096
0,burst1,1,READ,0x10000590000,4096
0,burst1,1,READ,0x10000591000,4096
0,burst1,1,READ,0x10000592000,4096
0,burst1,1,READ,0x10000593000,4096
0,burst1,1,READ,0x10000594000,4096
0,burst1,1,READ,0x10000595000,4096
0,burst1,1,READ,0x10000596000,4096
0,burst1,1,READ,0x10000597000,4096
0,burst1,1,READ,0x10000598000,4096
0,burst1,1,READ,0x10000599000,4096
0,burst1,1,READ,0x1000059a000,4096
0,burst1,1,READ,0x1000059b000,4096
0,burst1,1,READ,0x1000059c000,4096
0,burst1,1,READ,0x1000059d000,4096
0,burst1,1,READ,0x1000059e000,4096
0,burst1,1,READ,0x1000059f000,4096
0,burst1,1,READ,0x100005a0000,4096
0,burst1,1,READ,0x100005a1000,4096
0,burst1,1,READ,0x100005a2000,4096
0,burst1,1,READ,0x100005a3000,4096
0,burst1,1,READ,0x100005a4000,4096
0,burst1,1,READ,0x100005a5000,4096
0,burst1,1,READ,0x100005a6000,4096
0,burst1,1,READ,0x100005a7000,4096
0,burst1,1,READ,0x100005a8000,4096
0,burst1,1,READ,0x100005a9000,4096
0,burst1,1,READ,0x100005aa000,4096
0,burst1,1,READ,0x100005ab000,4096
0,burst1,1,READ,0x100005ac000,4096
0,burst1,1,READ,0x100005ad000,4096
0,burst1,1,READ,0x100005ae000,4096
0,burst1,1,READ,0x100005af000,4096
0,burst1,1,READ,0x100005b0000,4096
0,burst1,1,READ,0x100005b1000,4096
0,burst1,1,READ,0x100005b2000,4096
0,burst1,1,READ,0x100005b3000,4096
0,burst1,1,READ,0x100005b4000,4096
0,burst1,1,READ,0x100005b5000,4096
0,burst1,1,READ,0x100005b6000,4096
0,burst1,1,READ,0x100005b7000,4096
0,burst1,1,READ,0x100005b8000,4096
0,burst1,1,READ,0x100005b9000,4096
0,burst1,1,READ,0x100005ba000,4096
0,burst1,1,READ,0x100005bb000,4096
0,burst1,1,READ,0x100005bc000,4096
0,burst1,1,READ,0x100005bd000,4096
0,burst1,1,READ,0x100005be000,4096
0,burst1,1,READ,0x100005bf000,4096
0,burst1,1,READ,0x100005c0000,4096
0,burst1,1,READ,0x100005c1000,4096
0,burst1,1,READ,0x100005c2000,4096
0,burst1,1,READ,0x100005c3000,4096
0,burst1,1,READ,0x100005c4000,4096
0,burst1,1,READ,0x100005c5000,4096
0,burst1,1,READ,0x100005c6000,4096
0,burst1,1,READ,0x100005c7000,4096
0,burst1,1,READ,0x100005c8000,4096
0,burst1,1,READ,0x100005c9000,4096
0,burst1,1,READ,0x100005ca000,4096
0,burst1,1,READ,0x100005cb000,4096
0,burst1,1,READ,0x100005cc000,4096
0,burst1,1,READ,0x100005cd000,4096
0,burst1,1,READ,0x100005ce000,4096
0,burst1,1,READ,0x100005cf000,4096
0,burst1,1,READ,0x100005d0000,4096
0,burst1,1,READ,0x100005d1000,4096
0,burst1,1,READ,0x100005d2000,4096
0,burst1,1,READ,0x100005d3000,4096
0,burst1,1,READ,0x100005d4000,4096
0,burst1,1,READ,0x100005d5000,4096
0,burst1,1,READ,0x100005d6000,4096
0,burst1,1,READ,0x100005d7000,4096
0,burst1,1,READ,0x100005d8000,4096
0,burst1,1,READ,0x100005d9000,4096
0,burst1,1,READ,0x100005da000,4096
0,burst1,1,READ,0x100005db000,4096
0,burst1,1,READ,0x100005dc000,4096
0,burst1,1,READ,0x100005dd000,4096
0,burst1,1,READ,0x100005de000,4096
0,burst1,1,READ,0x100005df000,4096
0,burst1,1,READ,0x100005e0000,4096
0,burst1,1,READ,0x100005e1000,4096
0,burst1,1,READ,0x100005e2000,4096
0,burst1,1,READ,0x100005e3000,4096
0,burst1,1,READ,0x100005e4000,4096
0,burst1,1,READ,0x100005e5000,4096
0,burst1,1,READ,0x100005e6000,4096
0,burst1,1,READ,0x100005e7000,4096
0,burst1,1,READ,0x100005e8000,4096
0,burst1,1,READ,0x100005e9000,4096
0,burst1,1,READ,0x100005ea000,4096
0,burst1,1,READ,0x100005eb000,4096
0,burst1,1,READ,0x100005ec000,4096
0,burst1,1,READ,0x100005ed000,4096
0,burst1,1,READ,0x100005ee000,4096
0,burst1,1,READ,0x100005ef000,4096
0,burst1,1,READ,0x100005f0000,4096
0,burst1,1,READ,0x100005f1000,4096
0,burst1,1,READ,0x100005f2000,4096
0,burst1,1,READ,0x100005f3000,4096
0,burst1,1,READ,0x100005f4000,4096
0,burst1,1,READ,0x100005f5000,4096
0,burst1,1,READ,0x100005f6000,4096
0,burst1,1,READ,0x100005f7000,4096
0,burst1,1,READ,0x100005f8000,4096
0,burst1,1,READ,0x100005f9000,4096
0,burst1,1,READ,0x100005fa000,4096
0,burst1,1,READ,0x100005fb000,4096
0,burst1,1,READ,0x100005fc000,4096
0,burst1,1,READ,0x100005fd000,4096
0,burst1,1,READ,0x100005fe000,4096
0,burst1,1,READ,0x100005ff000,4096
0,burst1,1,READ,0x10000600000,4096
0,burst1,1,READ,0x10000601000,4096
0,burst1,1,READ,0x10000602000,4096
0,burst1,1,READ,0x10000603000,4096
0,burst1,1,READ,0x10000604000,4096
0,burst1,1,READ,0x10000605000,4096
0,burst1,1,READ,0x10000606000,4096
0,burst1,1,READ,0x10000607000,4096
0,burst1,1,READ,0x10000608000,4096
0,burst1,1,READ,0x10000609000,4096
0,burst1,1,READ,0x1000060a000,4096
0,burst1,1,READ,0x1000060b000,4096
0,burst1,1,READ,0x1000060c000,4096
0,burst1,1,READ,0x1000060d000,4096
0,burst1,1,READ,0x1000060e000,4096
0,burst1,1,READ,0x1000060f000,4096
0,burst1,1,READ,0x10000610000,4096
0,burst1,1,READ,0x10000611000,4096
0,burst1,1,READ,0x10000612000,4096
0,burst1,1,READ,0x10000613000,4096
0,burst1,1,READ,0x10000614000,4096
0,burst1,1,READ,0x10000615000,4096
0,burst1,1,READ,0x10000616000,4096
0,burst1,1,READ,0x10000617000,4096
0,burst1,1,READ,0x10000618000,4096
0,burst1,1,READ,0x10000619000,4096
0,burst1,1,READ,0x1000061a000,4096
0,burst1,1,READ,0x1000061b000,4096
0,burst1,1,READ,0x1000061c000,4096
0,burst1,1,READ,0x1000061d000,4096
0,burst1,1,READ,0x1000061e000,4096
0,burst1,1,READ,0x1000061f000,4096
0,burst1,1,READ,0x10000620000,4096
0,burst1,1,READ,0x10000621000,4096
0,burst1,1,READ,0x10000622000,4096
0,burst1,1,READ,0x10000623000,4096
0,burst1,1,READ,0x10000624000,4096
0,burst1,1,READ,0x10000625000,4096
0,burst1,1,READ,0x10000626000,4096
0,burst1,1,READ,0x10000627000,4096
0,burst1,1,READ,0x10000628000,4096
0,burst1,1,READ,0x10000629000,4096
0,burst1,1,READ,0x1000062a000,4096
0,burst1,1,READ,0x1000062b000,4096
0,burst1,1,READ,0x1000062c000,4096
0,burst1,1,READ,0x1000062d000,4096
0,burst1,1,READ,0x1000062e000,4096
0,burst1,1,READ,0x1000062f000,4096
0,burst1,1,READ,0x10000630000,4096
0,burst1,1,READ,0x10000631000,4096
0,burst1,1,READ,0x10000632000,4096
0,burst1,1,READ,0x10000633000,4096
0,burst1,1,READ,0x10000634000,4096
0,burst1,1,READ,0x10000635000,4096
0,burst1,1,READ,0x10000636000,4096
0,burst1,1,READ,0x10000637000,4096
0,burst1,1,READ,0x10000638000,4096
0,burst1,1,READ,0x10000639000,4096
0,burst1,1,READ,0x1000063a000,4096
0,burst1,1,READ,0x1000063b000,4096
0,burst1,1,READ,0x1000063c000,4096
0,burst1,1,READ,0x1000063d000,4096
0,burst1,1,READ,0x1000063e000,4096
0,burst1,1,READ,0x1000063f000,4096
0,burst1,1,READ,0x10000640000,4096
0,burst1,1,READ,0x10000641000,4096
0,burst1,1,READ,0x10000642000,4096
0,burst1,1,READ,0x10000643000,4096
0,burst1,1,READ,0x10000644000,4096
0,burst1,1,READ,0x10000645000,4096
0,burst1,1,READ,0x10000646000,4096
0,burst1,1,READ,0x10000647000,4096
0,burst1,1,READ,0x10000648000,4096
0,burst1,1,READ,0x10000649000,4096
0,burst1,1,READ,0x1000064a000,4096
0,burst1,1,READ,0x1000064b000,4096
0,burst1,1,READ,0x1000064c000,4096
0,burst1,1,READ,0x1000064d000,4096
0,burst1,1,READ,0x1000064e000,4096
0,burst1,1,READ,0x1000064f000,4096
0,burst1,1,READ,0x10000650000,4096
0,burst1,1,READ,0x10000651000,4096
0,burst1,1,READ,0x10000652000,4096
0,burst1,1,READ,0x10000653000,4096
0,burst1,1,READ,0x10000654000,4096
0,burst1,1,READ,0x10000655000,4096
0,burst1,1,READ,0x10000656000,4096
0,burst1,1,READ,0x10000657000,4096
0,burst1,1,READ,0x10000658000,4096
0,burst1,1,READ,0x10000659000,4096
0,burst1,1,READ,0x1000065a000,4096
0,burst1,1,READ,0x1000065b000,4096
0,burst1,1,READ,0x1000065c000,4096
0,burst1,1,READ,0x1000065d000,4096
0,burst1,1,READ,0x1000065e000,4096
0,burst1,1,READ,0x1000065f000,4096
0,burst1,1,READ,0x10000660000,4096
0,burst1,1,READ,0x10000661000,4096
0,burst1,1,READ,0x10000662000,4096
0,burst1,1,READ,0x10000663000,4096
0,burst1,1,READ,0x10000664000,4096
0,burst1,1,READ,0x10000665000,4096
0,burst1,1,READ,0x10000666000,4096
0,burst1,1,READ,0x10000667000,4096
0,burst1,1,READ,0x10000668000,4096
0,burst1,1,READ,0x10000669000,4096
0,burst1,1,READ,0x1000066a000,4096
0,burst1,1,READ,0x1000066b000,4096
0,burst1,1,READ,0x1000066c000,4096
0,burst1,1,READ,0x1000066d000,4096
0,burst1,1,READ,0x1000066e000,4096
0,burst1,1,READ,0x1000066f000,4096
0,burst1,1,READ,0x10000670000,4096
0,burst1,1,READ,0x10000671000,4096
0,burst1,1,READ,0x10000672000,4096
0,burst1,1,READ,0x10000673000,4096
0,burst1,1,READ,0x10000674000,4096
0,burst1,1,READ,0x10000675000,4096
0,burst1,1,READ,0x10000676000,4096
0,burst1,1,READ,0x10000677000,4096
0,burst1,1,READ,0x10000678000,4096
0,burst1,1,READ,0x10000679000,4096
0,burst1,1,READ,0x1000067a000,4096
0,burst1,1,READ,0x1000067b000,4096
0,burst1,1,READ,0x1000067c000,4096
0,burst1,1,READ,0x1000067d000,4096
0,burst1,1,READ,0x1000067e000,4096
0,burst1,1,READ,0x1000067f000,4096
0,burst1,1,READ,0x10000680000,4096
0,burst1,1,READ,0x10000681000,4096
0,burst1,1,READ,0x10000682000,4096
0,burst1,1,READ,0x10000683000,4096
0,burst1,1,READ,0x10000684000,4096
0,burst1,1,READ,0x10000685000,4096
0,burst1,1,READ,0x10000686000,4096
0,burst1,1,READ,0x10000687000,4096
0,burst1,1,READ,0x10000688000,4096
0,burst1,1,READ,0x10000689000,4096
0,burst1,1,READ,0x1000068a000,4096
0,burst1,1,READ,0x1000068b000,4096
0,burst1,1,READ,0x1000068c000,4096
0,burst1,1,READ,0x1000068d000,4096
0,burst1,1,READ,0x1000068e000,4096
0,burst1,1,READ,0x1000068f000,4096
0,burst1,1,READ,0x10000690000,4096
0,burst1,1,READ,0x10000691000,4096
0,burst1,1,READ,0x10000692000,4096
0,burst1,1,READ,0x10000693000,4096
0,burst1,1,READ,0x10000694000,4096
0,burst1,1,READ,0x10000695000,4096
0,burst1,1,READ,0x10000696000,4096
0,burst1,1,READ,0x10000697000,4096
0,burst1,1,READ,0x10000698000,4096
0,burst1,1,READ,0x10000699000,4096
0,burst1,1,READ,0x1000069a000,4096
0,burst1,1,READ,0x1000069b000,4096
0,burst1,1,READ,0x1000069c000,4096
0,burst1,1,READ,0x1000069d000,4096
0,burst1,1,READ,0x1000069e000,4096
0,burst1,1,READ,0x1000069f000,4096
0,burst1,1,READ,0x100006a0000,4096
0,burst1,1,READ,0x100006a1000,4096
0,burst1,1,READ,0x100006a2000,4096
0,burst1,1,READ,0x100006a3000,4096
0,burst1,1,READ,0x100006a4000,4096
0,burst1,1,READ,0x100006a5000,4096
0,burst1,1,READ,0x100006a6000,4096
0,burst1,1,READ,0x100006a7000,4096
0,burst1,1,READ,0x100006a8000,4096
0,burst1,1,READ,0x100006a9000,4096
0,burst1,1,READ,0x100006aa000,4096
0,burst1,1,READ,0x100006ab000,4096
0,burst1,1,READ,0x100006ac000,4096
0,burst1,1,READ,0x100006ad000,4096
0,burst1,1,READ,0x100006ae000,4096
0,burst1,1,READ,0x100006af000,4096
0,burst1,1,READ,0x100006b0000,4096
0,burst1,1,READ,0x100006b1000,4096
0,burst1,1,READ,0x100006b2000,4096
0,burst1,1,READ,0x100006b3000,4096
0,burst1,1,READ,0x100006b4000,4096
0,burst1,1,READ,0x100006b5000,4096
0,burst1,1,READ,0x100006b6000,4096
0,burst1,1,READ,0x100006b7000,4096
0,burst1,1,READ,0x100006b8000,4096
0,burst1,1,READ,0x100006b9000,4096
0,burst1,1,READ,0x100006ba000,4096
0,burst1,1,READ,0x100006bb000,4096
0,burst1,1,READ,0x100006bc000,4096
0,burst1,1,READ,0x100006bd000,4096
0,burst1,1,READ,0x100006be000,4096
0,burst1,1,READ,0x100006bf000,4096
0,burst1,1,READ,0x100006c0000,4096
0,burst1,1,READ,0x100006c1000,4096
0,burst1,1,READ,0x100006c2000,4096
0,burst1,1,READ,0x100006c3000,4096
0,burst1,1,READ,0x100006c4000,4096
0,burst1,1,READ,0x100006c5000,4096
0,burst1,1,READ,0x100006c6000,4096
0,burst1,1,READ,0x100006c7000,4096
0,burst1,1,READ,0x100006c8000,4096
0,burst1,1,READ,0x100006c9000,4096
0,burst1,1,READ,0x100006ca000,4096
0,burst1,1,READ,0x100006cb000,4096
0,burst1,1,READ,0x100006cc000,4096
0,burst1,1,READ,0x100006cd000,4096
0,burst1,1,READ,0x100006ce000,4096
0,burst1,1,READ,0x100006cf000,4096
0,burst1,1,READ,0x100006d0000,4096
0,burst1,1,READ,0x100006d1000,4096
0,burst1,1,READ,0x100006d2000,4096
0,burst1,1,READ,0x100006d3000,4096
0,burst1,1,READ,0x100006d4000,4096
0,burst1,1,READ,0x100006d5000,4096
0,burst1,1,READ,0x100006d6000,4096
0,burst1,1,READ,0x100006d7000,4096
0,burst1,1,READ,0x100006d8000,4096
0,burst1,1,READ,0x100006d9000,4096
0,burst1,1,READ,0x100006da000,4096
0,burst1,1,READ,0x100006db000,4096
0,burst1,1,READ,0x100006dc000,4096
0,burst1,1,READ,0x100006dd000,4096
0,burst1,1,READ,0x100006de000,4096
0,burst1,1,READ,0x100006df000,4096
0,burst1,1,READ,0x100006e0000,4096
0,burst1,1,READ,0x100006e1000,4096
0,burst1,1,READ,0x100006e2000,4096
0,burst1,1,READ,0x100006e3000,4096
0,burst1,1,READ,0x100006e4000,4096
0,burst1,1,READ,0x100006e5000,4096
0,burst1,1,READ,0x100006e6000,4096
0,burst1,1,READ,0x100006e7000,4096
0,burst1,1,READ,0x100006e8000,4096
0,burst1,1,READ,0x100006e9000,4096
0,burst1,1,READ,0x100006ea000,4096
0,burst1,1,READ,0x100006eb000,4096
0,burst1,1,READ,0x100006ec000,4096
0,burst1,1,READ,0x100006ed000,4096
0,burst1,1,READ,0x100006ee000,4096
0,burst1,1,READ,0x100006ef000,4096
0,burst1,1,READ,0x100006f0000,4096
0,burst1,1,READ,0x100006f1000,4096
0,burst1,1,READ,0x100006f2000,4096
0,burst1,1,READ,0x100006f3000,4096
0,burst1,1,READ,0x100006f4000,4096
0,burst1,1,READ,0x100006f5000,4096
0,burst1,1,READ,0x100006f6000,4096
0,burst1,1,READ,0x100006f7000,4096
0,burst1,1,READ,0x100006f8000,4096
0,burst1,1,READ,0x100006f9000,4096
0,burst1,1,READ,0x100006fa000,4096
0,burst1,1,READ,0x100006fb000,4096
0,burst1,1,READ,0x100006fc000,4096
0,burst1,1,READ,0x100006fd000,4096
0,burst1,1,READ,0x100006fe000,4096
0,burst1,1,READ,0x100006ff000,4096
0,burst1,1,READ,0x10000700000,4096
0,burst1,1,READ,0x10000701000,4096
0,burst1,1,READ,0x10000702000,4096
0,burst1,1,READ,0x10000703000,4096
0,burst1,1,READ,0x10000704000,4096
0,burst1,1,READ,0x10000705000,4096
0,burst1,1,READ,0x10000706000,4096
0,burst1,1,READ,0x10000707000,4096
0,burst1,1,READ,0x10000708000,4096
0,burst1,1,READ,0x10000709000,4096
0,burst1,1,READ,0x1000070a000,4096
0,burst1,1,READ,0x1000070b000,4096
0,burst1,1,READ,0x1000070c000,4096
0,burst1,1,READ,0x1000070d000,4096
0,burst1,1,READ,0x1000070e000,4096
0,burst1,1,READ,0x1000070f000,4096
0,burst1,1,READ,0x10000710000,4096
0,burst1,1,READ,0x10000711000,4096
0,burst1,1,READ,0x10000712000,4096
0,burst1,1,READ,0x10000713000,4096
0,burst1,1,READ,0x10000714000,4096
0,burst1,1,READ,0x10000715000,4096
0,burst1,1,READ,0x10000716000,4096
0,burst1,1,READ,0x10000717000,4096
0,burst1,1,READ,0x10000718000,4096
0,burst1,1,READ,0x10000719000,4096
0,burst1,1,READ,0x1000071a000,4096
0,burst1,1,READ,0x1000071b000,4096
0,burst1,1,READ,0x1000071c000,4096
0,burst1,1,READ,0x1000071d000,4096
0,burst1,1,READ,0x1000071e000,4096
0,burst1,1,READ,0x1000071f000,4096
0,burst1,1,READ,0x10000720000,4096
0,burst1,1,READ,0x10000721000,4096
0,burst1,1,READ,0x10000722000,4096
0,burst1,1,READ,0x10000723000,4096
0,burst1,1,READ,0x10000724000,4096
0,burst1,1,READ,0x10000725000,4096
0,burst1,1,READ,0x10000726000,4096
0,burst1,1,READ,0x10000727000,4096
0,burst1,1,READ,0x10000728000,4096
0,burst1,1,READ,0x10000729000,4096
0,burst1,1,READ,0x1000072a000,4096
0,burst1,1,READ,0x1000072b000,4096
0,burst1,1,READ,0x1000072c000,4096
0,burst1,1,READ,0x1000072d000,4096
0,burst1,1,READ,0x1000072e000,4096
0,burst1,1,READ,0x1000072f000,4096
0,burst1,1,READ,0x10000730000,4096
0,burst1,1,READ,0x10000731000,4096
0,burst1,1,READ,0x10000732000,4096
0,burst1,1,READ,0x10000733000,4096
0,burst1,1,READ,0x10000734000,4096
0,burst1,1,READ,0x10000735000,4096
0,burst1,1,READ,0x10000736000,4096
0,burst1,1,READ,0x10000737000,4096
0,burst1,1,READ,0x10000738000,4096
0,burst1,1,READ,0x10000739000,4096
0,burst1,1,READ,0x1000073a000,4096
0,burst1,1,READ,0x1000073b000,4096
0,burst1,1,READ,0x1000073c000,4096
0,burst1,1,READ,0x1000073d000,4096
0,burst1,1,READ,0x1000073e000,4096
0,burst1,1,READ,0x1000073f000,4096
0,burst1,1,READ,0x10000740000,4096
0,burst1,1,READ,0x10000741000,4096
0,burst1,1,READ,0x10000742000,4096
0,burst1,1,READ,0x10000743000,4096
0,burst1,1,READ,0x10000744000,4096
0,burst1,1,READ,0x10000745000,4096
0,burst1,1,READ,0x10000746000,4096
0,burst1,1,READ,0x10000747000,4096
0,burst1,1,READ,0x10000748000,4096
0,burst1,1,READ,0x10000749000,4096
0,burst1,1,READ,0x1000074a000,4096
0,burst1,1,READ,0x1000074b000,4096
0,burst1,1,READ,0x1000074c000,4096
0,burst1,1,READ,0x1000074d000,4096
0,burst1,1,READ,0x1000074e000,4096
0,burst1,1,READ,0x1000074f000,4096
0,burst1,1,READ,0x10000750000,4096
0,burst1,1,READ,0x10000751000,4096
0,burst1,1,READ,0x10000752000,4096
0,burst1,1,READ,0x10000753000,4096
0,burst1,1,READ,0x10000754000,4096
0,burst1,1,READ,0x10000755000,4096
0,burst1,1,READ,0x10000756000,4096
0,burst1,1,READ,0x10000757000,4096
0,burst1,1,READ,0x10000758000,4096
0,burst1,1,READ,0x10000759000,4096
0,burst1,1,READ,0x1000075a000,4096
0,burst1,1,READ,0x1000075b000,4096
0,burst1,1,READ,0x1000075c000,4096
0,burst1,1,READ,0x1000075d000,4096
0,burst1,1,READ,0x1000075e000,4096
0,burst1,1,READ,0x1000075f000,4096
0,burst1,1,READ,0x10000760000,4096
0,burst1,1,READ,0x10000761000,4096
0,burst1,1,READ,0x10000762000,4096
0,burst1,1,READ,0x10000763000,4096
0,burst1,1,READ,0x10000764000,4096
0,burst1,1,READ,0x10000765000,4096
0,burst1,1,READ,0x10000766000,4096
0,burst1,1,READ,0x10000767000,4096
0,burst1,1,READ,0x10000768000,4096
0,burst1,1,READ,0x10000769000,4096
0,burst1,1,READ,0x1000076a000,4096
0,burst1,1,READ,0x1000076b000,4096
0,burst1,1,READ,0x1000076c000,4096
0,burst1,1,READ,0x1000076d000,4096
0,burst1,1,READ,0x1000076e000,4096
0,burst1,1,READ,0x1000076f000,4096
0,burst1,1,READ,0x10000770000,4096
0,burst1,1,READ,0x10000771000,4096
0,burst1,1,READ,0x10000772000,4096
0,burst1,1,READ,0x10000773000,4096
0,burst1,1,READ,0x10000774000,4096
0,burst1,1,READ,0x10000775000,4096
0,burst1,1,READ,0x10000776000,4096
0,burst1,1,READ,0x10000777000,4096
0,burst1,1,READ,0x10000778000,4096
0,burst1,1,READ,0x10000779000,4096
0,burst1,1,READ,0x1000077a000,4096
0,burst1,1,READ,0x1000077b000,4096
0,burst1,1,READ,0x1000077c000,4096
0,burst1,1,READ,0x1000077d000,4096
0,burst1,1,READ,0x1000077e000,4096
0,burst1,1,READ,0x1000077f000,4096
0,burst1,1,READ,0x10000780000,4096
0,burst1,1,READ,0x10000781000,4096
0,burst1,1,READ,0x10000782000,4096
0,burst1,1,READ,0x10000783000,4096
0,burst1,1,READ,0x10000784000,4096
0,burst1,1,READ,0x10000785000,4096
0,burst1,1,READ,0x10000786000,4096
0,burst1,1,READ,0x10000787000,4096
0,burst1,1,READ,0x10000788000,4096
0,burst1,1,READ,0x10000789000,4096
0,burst1,1,READ,0x1000078a000,4096
0,burst1,1,READ,0x1000078b000,4096
0,burst1,1,READ,0x1000078c000,4096
0,burst1,1,READ,0x1000078d000,4096
0,burst1,1,READ,0x1000078e000,4096
0,burst1,1,READ,0x1000078f000,4096
0,burst1,1,READ,0x10000790000,4096
0,burst1,1,READ,0x10000791000,4096
0,burst1,1,READ,0x10000792000,4096
0,burst1,1,READ,0x10000793000,4096
0,burst1,1,READ,0x10000794000,4096
0,burst1,1,READ,0x10000795000,4096
0,burst1,1,READ,0x10000796000,4096
0,burst1,1,READ,0x10000797000,4096
0,burst1,1,READ,0x10000798000,4096
0,burst1,1,READ,0x10000799000,4096
0,burst1,1,READ,0x1000079a000,4096
0,burst1,1,READ,0x1000079b000,4096
0,burst1,1,READ,0x1000079c000,4096
0,burst1,1,READ,0x1000079d000,4096
0,burst1,1,READ,0x1000079e000,4096
0,burst1,1,READ,0x1000079f000,4096
0,burst1,1,READ,0x100007a0000,4096
0,burst1,1,READ,0x100007a1000,4096
0,burst1,1,READ,0x100007a2000,4096
0,burst1,1,READ,0x100007a3000,4096
0,burst1,1,READ,0x100007a4000,4096
0,burst1,1,READ,0x100007a5000,4096
0,burst1,1,READ,0x100007a6000,4096
0,burst1,1,READ,0x100007a7000,4096
0,burst1,1,READ,0x100007a8000,4096
0,burst1,1,READ,0x100007a9000,4096
0,burst1,1,READ,0x100007aa000,4096
0,burst1,1,READ,0x100007ab000,4096
0,burst1,1,READ,0x100007ac000,4096
0,burst1,1,READ,0x100007ad000,4096
0,burst1,1,READ,0x100007ae000,4096
0,burst1,1,READ,0x100007af000,4096
0,burst1,1,READ,0x100007b0000,4096
0,burst1,1,READ,0x100007b1000,4096
0,burst1,1,READ,0x100007b2000,4096
0,burst1,1,READ,0x100007b3000,4096
0,burst1,1,READ,0x100007b4000,4096
0,burst1,1,READ,0x100007b5000,4096
0,burst1,1,READ,0x100007b6000,4096
0,burst1,1,READ,0x100007b7000,4096
0,burst1,1,READ,0x100007b8000,4096
0,burst1,1,READ,0x100007b9000,4096
0,burst1,1,READ,0x100007ba000,4096
0,burst1,1,READ,0x100007bb000,4096
0,burst1,1,READ,0x100007bc000,4096
0,burst1,1,READ,0x100007bd000,4096
0,burst1,1,READ,0x100007be000,4096
0,burst1,1,READ,0x100007bf000,4096
0,burst1,1,READ,0x100007c0000,4096
0,burst1,1,READ,0x100007c1000,4096
0,burst1,1,READ,0x100007c2000,4096
0,burst1,1,READ,0x100007c3000,4096
0,burst1,1,READ,0x100007c4000,4096
0,burst1,1,READ,0x100007c5000,4096
0,burst1,1,READ,0x100007c6000,4096
0,burst1,1,READ,0x100007c7000,4096
0,burst1,1,READ,0x100007c8000,4096
0,burst1,1,READ,0x100007c9000,4096
0,burst1,1,READ,0x100007ca000,4096
0,burst1,1,READ,0x100007cb000,4096
0,burst1,1,READ,0x100007cc000,4096
0,burst1,1,READ,0x100007cd000,4096
0,burst1,1,READ,0x100007ce000,4096
0,burst1,1,READ,0x100007cf000,4096
0,burst2,2,READ,0x20000000000,4096
0,burst2,2,READ,0x20000001000,4096
0,burst2,2,READ,0x20000002000,4096
0,burst2,2,READ,0x20000003000,4096
0,burst2,2,READ,0x20000004000,4096
0,burst2,2,READ,0x20000005000,4096
0,burst2,2,READ,0x20000006000,4096
0,burst2,2,READ,0x20000007000,4096
0,burst2,2,READ,0x20000008000,4096
0,burst2,2,READ,0x20000009000,4096
0,burst2,2,READ,0x2000000a000,4096
0,burst2,2,READ,0x2000000b000,4096
0,burst2,2,READ,0x2000000c000,4096
0,burst2,2,READ,0x2000000d000,4096
0,burst2,2,READ,0x2000000e000,4096
0,burst2,2,READ,0x2000000f000,4096
0,burst2,2,READ,0x20000010000,4096
0,burst2,2,READ,0x20000011000,4096
0,burst2,2,READ,0x20000012000,4096
0,burst2,2,READ,0x20000013000,4096
0,burst2,2,READ,0x20000014000,4096
0,burst2,2,READ,0x20000015000,4096
0,burst2,2,READ,0x20000016000,4096
0,burst2,2,READ,0x20000017000,4096
0,burst2,2,READ,0x20000018000,4096
0,burst2,2,READ,0x20000019000,4096
0,burst2,2,READ,0x2000001a000,4096
0,burst2,2,READ,0x2000001b000,4096
0,burst2,2,READ,0x2000001c000,4096
0,burst2,2,READ,0x2000001d000,4096
0,burst2,2,READ,0x2000001e000,4096
0,burst2,2,READ,0x2000001f000,4096
0,burst2,2,READ,0x20000020000,4096
0,burst2,2,READ,0x20000021000,4096
0,burst2,2,READ,0x20000022000,4096
0,burst2,2,READ,0x20000023000,4096
0,burst2,2,READ,0x20000024000,4096
0,burst2,2,READ,0x20000025000,4096
0,burst2,2,READ,0x20000026000,4096
0,burst2,2,READ,0x20000027000,4096
0,burst2,2,READ,0x20000028000,4096
0,burst2,2,READ,0x20000029000,4096
0,burst2,2,READ,0x2000002a000,4096
0,burst2,2,READ,0x2000002b000,4096
0,burst2,2,READ,0x2000002c000,4096
0,burst2,2,READ,0x2000002d000,4096
0,burst2,2,READ,0x2000002e000,4096
0,burst2,2,READ,0x2000002f000,4096
0,burst2,2,READ,0x20000030000,4096
0,burst2,2,READ,0x20000031000,4096
0,burst2,2,READ,0x20000032000,4096
0,burst2,2,READ,0x20000033000,4096
0,burst2,2,READ,0x20000034000,4096
0,burst2,2,READ,0x20000035000,4096
0,burst2,2,READ,0x20000036000,4096
0,burst2,2,READ,0x20000037000,4096
0,burst2,2,READ,0x20000038000,4096
0,burst2,2,READ,0x20000039000,4096
0,burst2,2,READ,0x2000003a000,4096
0,burst2,2,READ,0x2000003b000,4096
0,burst2,2,READ,0x2000003c000,4096
0,burst2,2,READ,0x2000003d000,4096
0,burst2,2,READ,0x2000003e000,4096
0,burst2,2,READ,0x2000003f000,4096
0,burst2,2,READ,0x20000040000,4096
0,burst2,2,READ,0x20000041000,4096
0,burst2,2,READ,0x20000042000,4096
0,burst2,2,READ,0x20000043000,4096
0,burst2,2,READ,0x20000044000,4096
0,burst2,2,READ,0x20000045000,4096
0,burst2,2,READ,0x20000046000,4096
0,burst2,2,READ,0x20000047000,4096
0,burst2,2,READ,0x20000048000,4096
0,burst2,2,READ,0x20000049000,4096
0,burst2,2,READ,0x2000004a000,4096
0,burst2,2,READ,0x2000004b000,4096
0,burst2,2,READ,0x2000004c000,4096
0,burst2,2,READ,0x2000004d000,4096
0,burst2,2,READ,0x2000004e000,4096
0,burst2,2,READ,0x2000004f000,4096
0,burst2,2,READ,0x20000050000,4096
0,burst2,2,READ,0x20000051000,4096
0,burst2,2,READ,0x20000052000,4096
0,burst2,2,READ,0x20000053000,4096
0,burst2,2,READ,0x20000054000,4096
0,burst2,2,READ,0x20000055000,4096
0,burst2,2,READ,0x20000056000,4096
0,burst2,2,READ,0x20000057000,4096
0,burst2,2,READ,0x20000058000,4096
0,burst2,2,READ,0x20000059000,4096
0,burst2,2,READ,0x2000005a000,4096
0,burst2,2,READ,0x2000005b000,4096
0,burst2,2,READ,0x2000005c000,4096
0,burst2,2,READ,0x2000005d000,4096
0,burst2,2,READ,0x2000005e000,4096
0,burst2,2,READ,0x2000005f000,4096
0,burst2,2,READ,0x20000060000,4096
0,burst2,2,READ,0x20000061000,4096
0,burst2,2,READ,0x20000062000,4096
0,burst2,2,READ,0x20000063000,4096
0,burst2,2,READ,0x20000064000,4096
0,burst2,2,READ,0x20000065000,4096
0,burst2,2,READ,0x20000066000,4096
0,burst2,2,READ,0x20000067000,4096
0,burst2,2,READ,0x20000068000,4096
0,burst2,2,READ,0x20000069000,4096
0,burst2,2,READ,0x2000006a000,4096
0,burst2,2,READ,0x2000006b000,4096
0,burst2,2,READ,0x2000006c000,4096
0,burst2,2,READ,0x2000006d000,4096
0,burst2,2,READ,0x2000006e000,4096
0,burst2,2,READ,0x2000006f000,4096
0,burst2,2,READ,0x20000070000,4096
0,burst2,2,READ,0x20000071000,4096
0,burst2,2,READ,0x20000072000,4096
0,burst2,2,READ,0x20000073000,4096
0,burst2,2,READ,0x20000074000,4096
0,burst2,2,READ,0x20000075000,4096
0,burst2,2,READ,0x20000076000,4096
0,burst2,2,READ,0x20000077000,4096
0,burst2,2,READ,0x20000078000,4096
0,burst2,2,READ,0x20000079000,4096
0,burst2,2,READ,0x2000007a000,4096
0,burst2,2,READ,0x2000007b000,4096
0,burst2,2,READ,0x2000007c000,4096
0,burst2,2,READ,0x2000007d000,4096
0,burst2,2,READ,0x2000007e000,4096
0,burst2,2,READ,0x2000007f000,4096
0,burst2,2,READ,0x20000080000,4096
0,burst2,2,READ,0x20000081000,4096
0,burst2,2,READ,0x20000082000,4096
0,burst2,2,READ,0x20000083000,4096
0,burst2,2,READ,0x20000084000,4096
0,burst2,2,READ,0x20000085000,4096
0,burst2,2,READ,0x20000086000,4096
0,burst2,2,READ,0x20000087000,4096
0,burst2,2,READ,0x20000088000,4096
0,burst2,2,READ,0x20000089000,4096
0,burst2,2,READ,0x2000008a000,4096
0,burst2,2,READ,0x2000008b000,4096
0,burst2,2,READ,0x2000008c000,4096
0,burst2,2,READ,0x2000008d000,4096
0,burst2,2,READ,0x2000008e000,4096
0,burst2,2,READ,0x2000008f000,4096
0,burst2,2,READ,0x20000090000,4096
0,burst2,2,READ,0x20000091000,4096
0,burst2,2,READ,0x20000092000,4096
0,burst2,2,READ,0x20000093000,4096
0,burst2,2,READ,0x20000094000,4096
0,burst2,2,READ,0x20000095000,4096
0,burst2,2,READ,0x20000096000,4096
0,burst2,2,READ,0x20000097000,4096
0,burst2,2,READ,0x20000098000,4096
0,burst2,2,READ,0x20000099000,4096
0,burst2,2,READ,0x2000009a000,4096
0,burst2,2,READ,0x2000009b000,4096
0,burst2,2,READ,0x2000009c000,4096
0,burst2,2,READ,0x2000009d000,4096
0,burst2,2,READ,0x2000009e000,4096
0,burst2,2,READ,0x2000009f000,4096
0,burst2,2,READ,0x200000a0000,4096
0,burst2,2,READ,0x200000a1000,4096
0,burst2,2,READ,0x200000a2000,4096
0,burst2,2,READ,0x200000a3000,4096
0,burst2,2,READ,0x200000a4000,4096
0,burst2,2,READ,0x200000a5000,4096
0,burst2,2,READ,0x200000a6000,4096
0,burst2,2,READ,0x200000a7000,4096
0,burst2,2,READ,0x200000a8000,4096
0,burst2,2,READ,0x200000a9000,4096
0,burst2,2,READ,0x200000aa000,4096
0,burst2,2,READ,0x200000ab000,4096
0,burst2,2,READ,0x200000ac000,4096
0,burst2,2,READ,0x200000ad000,4096
0,burst2,2,READ,0x200000ae000,4096
0,burst2,2,READ,0x200000af000,4096
0,burst2,2,READ,0x200000b0000,4096
0,burst2,2,READ,0x200000b1000,4096
0,burst2,2,READ,0x200000b2000,4096
0,burst2,2,READ,0x200000b3000,4096
0,burst2,2,READ,0x200000b4000,4096
0,burst2,2,READ,0x200000b5000,4096
0,burst2,2,READ,0x200000b6000,4096
0,burst2,2,READ,0x200000b7000,4096
0,burst2,2,READ,0x200000b8000,4096
0,burst2,2,READ,0x200000b9000,4096
0,burst2,2,READ,0x200000ba000,4096
0,burst2,2,READ,0x200000bb000,4096
0,burst2,2,READ,0x200000bc000,4096
0,burst2,2,READ,0x200000bd000,4096
0,burst2,2,READ,0x200000be000,4096
0,burst2,2,READ,0x200000bf000,4096
0,burst2,2,READ,0x200000c0000,4096
0,burst2,2,READ,0x200000c1000,4096
0,burst2,2,READ,0x200000c2000,4096
0,burst2,2,READ,0x200000c3000,4096
0,burst2,2,READ,0x200000c4000,4096
0,burst2,2,READ,0x200000c5000,4096
0,burst2,2,READ,0x200000c6000,4096
0,burst2,2,READ,0x200000c7000,4096
0,burst2,2,READ,0x200000c8000,4096
0,burst2,2,READ,0x200000c9000,4096
0,burst2,2,READ,0x200000ca000,4096
0,burst2,2,READ,0x200000cb000,4096
0,burst2,2,READ,0x200000cc000,4096
0,burst2,2,READ,0x200000cd000,4096
0,burst2,2,READ,0x200000ce000,4096
0,burst2,2,READ,0x200000cf000,4096
0,burst2,2,READ,0x200000d0000,4096
0,burst2,2,READ,0x200000d1000,4096
0,burst2,2,READ,0x200000d2000,4096
0,burst2,2,READ,0x200000d3000,4096
0,burst2,2,READ,0x200000d4000,4096
0,burst2,2,READ,0x200000d5000,4096
0,burst2,2,READ,0x200000d6000,4096
0,burst2,2,READ,0x200000d7000,4096
0,burst2,2,READ,0x200000d8000,4096
0,burst2,2,READ,0x200000d9000,4096
0,burst2,2,READ,0x200000da000,4096
0,burst2,2,READ,0x200000db000,4096
0,burst2,2,READ,0x200000dc000,4096
0,burst2,2,READ,0x200000dd000,4096
0,burst2,2,READ,0x200000de000,4096
0,burst2,2,READ,0x200000df000,4096
0,burst2,2,READ,0x200000e0000,4096
0,burst2,2,READ,0x200000e1000,4096
0,burst2,2,READ,0x200000e2000,4096
0,burst2,2,READ,0x200000e3000,4096
0,burst2,2,READ,0x200000e4000,4096
0,burst2,2,READ,0x200000e5000,4096
0,burst2,2,READ,0x200000e6000,4096
0,burst2,2,READ,0x200000e7000,4096
0,burst2,2,READ,0x200000e8000,4096
0,burst2,2,READ,0x200000e9000,4096
0,burst2,2,READ,0x200000ea000,4096
0,burst2,2,READ,0x200000eb000,4096
0,burst2,2,READ,0x200000ec000,4096
0,burst2,2,READ,0x200000ed000,4096
0,burst2,2,READ,0x200000ee000,4096
0,burst2,2,READ,0x200000ef000,4096
0,burst2,2,READ,0x200000f0000,4096
0,burst2,2,READ,0x200000f1000,4096
0,burst2,2,READ,0x200000f2000,4096
0,burst2,2,READ,0x200000f3000,4096
0,burst2,2,READ,0x200000f4000,4096
0,burst2,2,READ,0x200000f5000,4096
0,burst2,2,READ,0x200000f6000,4096
0,burst2,2,READ,0x200000f7000,4096
0,burst2,2,READ,0x200000f8000,4096
0,burst2,2,READ,0x200000f9000,4096
0,burst2,2,READ,0x200000fa000,4096
0,burst2,2,READ,0x200000fb000,4096
0,burst2,2,READ,0x200000fc000,4096
0,burst2,2,READ,0x200000fd000,4096
0,burst2,2,READ,0x200000fe000,4096
0,burst2,2,READ,0x200000ff000,4096
0,burst2,2,READ,0x20000100000,4096
0,burst2,2,READ,0x20000101000,4096
0,burst2,2,READ,0x20000102000,4096
0,burst2,2,READ,0x20000103000,4096
0,burst2,2,READ,0x20000104000,4096
0,burst2,2,READ,0x20000105000,4096
0,burst2,2,READ,0x20000106000,4096
0,burst2,2,READ,0x20000107000,4096
0,burst2,2,READ,0x20000108000,4096
0,burst2,2,READ,0x20000109000,4096
0,burst2,2,READ,0x2000010a000,4096
0,burst2,2,READ,0x2000010b000,4096
0,burst2,2,READ,0x2000010c000,4096
0,burst2,2,READ,0x2000010d000,4096
0,burst2,2,READ,0x2000010e000,4096
0,burst2,2,READ,0x2000010f000,4096
0,burst2,2,READ,0x20000110000,4096
0,burst2,2,READ,0x20000111000,4096
0,burst2,2,READ,0x20000112000,4096
0,burst2,2,READ,0x20000113000,4096
0,burst2,2,READ,0x20000114000,4096
0,burst2,2,READ,0x20000115000,4096
0,burst2,2,READ,0x20000116000,4096
0,burst2,2,READ,0x20000117000,4096
0,burst2,2,READ,0x20000118000,4096
0,burst2,2,READ,0x20000119000,4096
0,burst2,2,READ,0x2000011a000,4096
0,burst2,2,READ,0x2000011b000,4096
0,burst2,2,READ,0x2000011c000,4096
0,burst2,2,READ,0x2000011d000,4096
0,burst2,2,READ,0x2000011e000,4096
0,burst2,2,READ,0x2000011f000,4096
0,burst2,2,READ,0x20000120000,4096
0,burst2,2,READ,0x20000121000,4096
0,burst2,2,READ,0x20000122000,4096
0,burst2,2,READ,0x20000123000,4096
0,burst2,2,READ,0x20000124000,4096
0,burst2,2,READ,0x20000125000,4096
0,burst2,2,READ,0x20000126000,4096
0,burst2,2,READ,0x20000127000,4096
0,burst2,2,READ,0x20000128000,4096
0,burst2,2,READ,0x20000129000,4096
0,burst2,2,READ,0x2000012a000,4096
0,burst2,2,READ,0x2000012b000,4096
0,burst2,2,READ,0x2000012c000,4096
0,burst2,2,READ,0x2000012d000,4096
0,burst2,2,READ,0x2000012e000,4096
0,burst2,2,READ,0x2000012f000,4096
0,burst2,2,READ,0x20000130000,4096
0,burst2,2,READ,0x20000131000,4096
0,burst2,2,READ,0x20000132000,4096
0,burst2,2,READ,0x20000133000,4096
0,burst2,2,READ,0x20000134000,4096
0,burst2,2,READ,0x20000135000,4096
0,burst2,2,READ,0x20000136000,4096
0,burst2,2,READ,0x20000137000,4096
0,burst2,2,READ,0x20000138000,4096
0,burst2,2,READ,0x20000139000,4096
0,burst2,2,READ,0x2000013a000,4096
0,burst2,2,READ,0x2000013b000,4096
0,burst2,2,READ,0x2000013c000,4096
0,burst2,2,READ,0x2000013d000,4096
0,burst2,2,READ,0x2000013e000,4096
0,burst2,2,READ,0x2000013f000,4096
0,burst2,2,READ,0x20000140000,4096
0,burst2,2,READ,0x20000141000,4096
0,burst2,2,READ,0x20000142000,4096
0,burst2,2,READ,0x20000143000,4096
0,burst2,2,READ,0x20000144000,4096
0,burst2,2,READ,0x20000145000,4096
0,burst2,2,READ,0x20000146000,4096
0,burst2,2,READ,0x20000147000,4096
0,burst2,2,READ,0x20000148000,4096
0,burst2,2,READ,0x20000149000,4096
0,burst2,2,READ,0x2000014a000,4096
0,burst2,2,READ,0x2000014b000,4096
0,burst2,2,READ,0x2000014c000,4096
0,burst2,2,READ,0x2000014d000,4096
0,burst2,2,READ,0x2000014e000,4096
0,burst2,2,READ,0x2000014f000,4096
0,burst2,2,READ,0x20000150000,4096
0,burst2,2,READ,0x20000151000,4096
0,burst2,2,READ,0x20000152000,4096
0,burst2,2,READ,0x20000153000,4096
0,burst2,2,READ,0x20000154000,4096
0,burst2,2,READ,0x20000155000,4096
0,burst2,2,READ,0x20000156000,4096
0,burst2,2,READ,0x20000157000,4096
0,burst2,2,READ,0x20000158000,4096
0,burst2,2,READ,0x20000159000,4096
0,burst2,2,READ,0x2000015a000,4096
0,burst2,2,READ,0x2000015b000,4096
0,burst2,2,READ,0x2000015c000,4096
0,burst2,2,READ,0x2000015d000,4096
0,burst2,2,READ,0x2000015e000,4096
0,burst2,2,READ,0x2000015f000,4096
0,burst2,2,READ,0x20000160000,4096
0,burst2,2,READ,0x20000161000,4096
0,burst2,2,READ,0x20000162000,4096
0,burst2,2,READ,0x20000163000,4096
0,burst2,2,READ,0x20000164000,4096
0,burst2,2,READ,0x20000165000,4096
0,burst2,2,READ,0x20000166000,4096
0,burst2,2,READ,0x20000167000,4096
0,burst2,2,READ,0x20000168000,4096
0,burst2,2,READ,0x20000169000,4096
0,burst2,2,READ,0x2000016a000,4096
0,burst2,2,READ,0x2000016b000,4096
0,burst2,2,READ,0x2000016c000,4096
0,burst2,2,READ,0x2000016d000,4096
0,burst2,2,READ,0x2000016e000,4096
0,burst2,2,READ,0x2000016f000,4096
0,burst2,2,READ,0x20000170000,4096
0,burst2,2,READ,0x20000171000,4096
0,burst2,2,READ,0x20000172000,4096
0,burst2,2,READ,0x20000173000,4096
0,burst2,2,READ,0x20000174000,4096
0,burst2,2,READ,0x20000175000,4096
0,burst2,2,READ,0x20000176000,4096
0,burst2,2,READ,0x20000177000,4096
0,burst2,2,READ,0x20000178000,4096
0,burst2,2,READ,0x20000179000,4096
0,burst2,2,READ,0x2000017a000,4096
0,burst2,2,READ,0x2000017b000,4096
0,burst2,2,READ,0x2000017c000,4096
0,burst2,2,READ,0x2000017d000,4096
0,burst2,2,READ,0x2000017e000,4096
0,burst2,2,READ,0x2000017f000,4096
0,burst2,2,READ,0x20000180000,4096
0,burst2,2,READ,0x20000181000,4096
0,burst2,2,READ,0x20000182000,4096
0,burst2,2,READ,0x20000183000,4096
0,burst2,2,READ,0x20000184000,4096
0,burst2,2,READ,0x20000185000,4096
0,burst2,2,READ,0x20000186000,4096
0,burst2,2,READ,0x20000187000,4096
0,burst2,2,READ,0x20000188000,4096
0,burst2,2,READ,0x20000189000,4096
0,burst2,2,READ,0x2000018a000,4096
0,burst2,2,READ,0x2000018b000,4096
0,burst2,2,READ,0x2000018c000,4096
0,burst2,2,READ,0x2000018d000,4096
0,burst2,2,READ,0x2000018e000,4096
0,burst2,2,READ,0x2000018f000,4096
0,burst2,2,READ,0x20000190000,4096
0,burst2,2,READ,0x20000191000,4096
0,burst2,2,READ,0x20000192000,4096
0,burst2,2,READ,0x20000193000,4096
0,burst2,2,READ,0x20000194000,4096
0,burst2,2,READ,0x20000195000,4096
0,burst2,2,READ,0x20000196000,4096
0,burst2,2,READ,0x20000197000,4096
0,burst2,2,READ,0x20000198000,4096
0,burst2,2,READ,0x20000199000,4096
0,burst2,2,READ,0x2000019a000,4096
0,burst2,2,READ,0x2000019b000,4096
0,burst2,2,READ,0x2000019c000,4096
0,burst2,2,READ,0x2000019d000,4096
0,burst2,2,READ,0x2000019e000,4096
0,burst2,2,READ,0x2000019f000,4096
0,burst2,2,READ,0x200001a0000,4096
0,burst2,2,READ,0x200001a1000,4096
0,burst2,2,READ,0x200001a2000,4096
0,burst2,2,READ,0x200001a3000,4096
0,burst2,2,READ,0x200001a4000,4096
0,burst2,2,READ,0x200001a5000,4096
0,burst2,2,READ,0x200001a6000,4096
0,burst2,2,READ,0x200001a7000,4096
0,burst2,2,READ,0x200001a8000,4096
0,burst2,2,READ,0x200001a9000,4096
0,burst2,2,READ,0x200001aa000,4096
0,burst2,2,READ,0x200001ab000,4096
0,burst2,2,READ,0x200001ac000,4096
0,burst2,2,READ,0x200001ad000,4096
0,burst2,2,READ,0x200001ae000,4096
0,burst2,2,READ,0x200001af000,4096
0,burst2,2,READ,0x200001b0000,4096
0,burst2,2,READ,0x200001b1000,4096
0,burst2,2,READ,0x200001b2000,4096
0,burst2,2,READ,0x200001b3000,4096
0,burst2,2,READ,0x200001b4000,4096
0,burst2,2,READ,0x200001b5000,4096
0,burst2,2,READ,0x200001b6000,4096
0,burst2,2,READ,0x200001b7000,4096
0,burst2,2,READ,0x200001b8000,4096
0,burst2,2,READ,0x200001b9000,4096
0,burst2,2,READ,0x200001ba000,4096
0,burst2,2,READ,0x200001bb000,4096
0,burst2,2,READ,0x200001bc000,4096
0,burst2,2,READ,0x200001bd000,4096
0,burst2,2,READ,0x200001be000,4096
0,burst2,2,READ,0x200001bf000,4096
0,burst2,2,READ,0x200001c0000,4096
0,burst2,2,READ,0x200001c1000,4096
0,burst2,2,READ,0x200001c2000,4096
0,burst2,2,READ,0x200001c3000,4096
0,burst2,2,READ,0x200001c4000,4096
0,burst2,2,READ,0x200001c5000,4096
0,burst2,2,READ,0x200001c6000,4096
0,burst2,2,READ,0x200001c7000,4096
0,burst2,2,READ,0x200001c8000,4096
0,burst2,2,READ,0x200001c9000,4096
0,burst2,2,READ,0x200001ca000,4096
0,burst2,2,READ,0x200001cb000,4096
0,burst2,2,READ,0x200001cc000,4096
0,burst2,2,READ,0x200001cd000,4096
0,burst2,2,READ,0x200001ce000,4096
0,burst2,2,READ,0x200001cf000,4096
0,burst2,2,READ,0x200001d0000,4096
0,burst2,2,READ,0x200001d1000,4096
0,burst2,2,READ,0x200001d2000,4096
0,burst2,2,READ,0x200001d3000,4096
0,burst2,2,READ,0x200001d4000,4096
0,burst2,2,READ,0x200001d5000,4096
0,burst2,2,READ,0x200001d6000,4096
0,burst2,2,READ,0x200001d7000,4096
0,burst2,2,READ,0x200001d8000,4096
0,burst2,2,READ,0x200001d9000,4096
0,burst2,2,READ,0x200001da000,4096
0,burst2,2,READ,0x200001db000,4096
0,burst2,2,READ,0x200001dc000,4096
0,burst2,2,READ,0x200001dd000,4096
0,burst2,2,READ,0x200001de000,4096
0,burst2,2,READ,0x200001df000,4096
0,burst2,2,READ,0x200001e0000,4096
0,burst2,2,READ,0x200001e1000,4096
0,burst2,2,READ,0x200001e2000,4096
0,burst2,2,READ,0x200001e3000,4096
0,burst2,2,READ,0x200001e4000,4096
0,burst2,2,READ,0x200001e5000,4096
0,burst2,2,READ,0x200001e6000,4096
0,burst2,2,READ,0x200001e7000,4096
0,burst2,2,READ,0x200001e8000,4096
0,burst2,2,READ,0x200001e9000,4096
0,burst2,2,READ,0x200001ea000,4096
0,burst2,2,READ,0x200001eb000,4096
0,burst2,2,READ,0x200001ec000,4096
0,burst2,2,READ,0x200001ed000,4096
0,burst2,2,READ,0x200001ee000,4096
0,burst2,2,READ,0x200001ef000,4096
0,burst2,2,READ,0x200001f0000,4096
0,burst2,2,READ,0x200001f1000,4096
0,burst2,2,READ,0x200001f2000,4096
0,burst2,2,READ,0x200001f3000,4096
0,burst2,2,READ,0x200001f4000,4096
0,burst2,2,READ,0x200001f5000,4096
0,burst2,2,READ,0x200001f6000,4096
0,burst2,2,READ,0x200001f7000,4096
0,burst2,2,READ,0x200001f8000,4096
0,burst2,2,READ,0x200001f9000,4096
0,burst2,2,READ,0x200001fa000,4096
0,burst2,2,READ,0x200001fb000,4096
0,burst2,2,READ,0x200001fc000,4096
0,burst2,2,READ,0x200001fd000,4096
0,burst2,2,READ,0x200001fe000,4096
0,burst2,2,READ,0x200001ff000,4096
0,burst2,2,READ,0x20000200000,4096
0,burst2,2,READ,0x20000201000,4096
0,burst2,2,READ,0x20000202000,4096
0,burst2,2,READ,0x20000203000,4096
0,burst2,2,READ,0x20000204000,4096
0,burst2,2,READ,0x20000205000,4096
0,burst2,2,READ,0x20000206000,4096
0,burst2,2,READ,0x20000207000,4096
0,burst2,2,READ,0x20000208000,4096
0,burst2,2,READ,0x20000209000,4096
0,burst2,2,READ,0x2000020a000,4096
0,burst2,2,READ,0x2000020b000,4096
0,burst2,2,READ,0x2000020c000,4096
0,burst2,2,READ,0x2000020d000,4096
0,burst2,2,READ,0x2000020e000,4096
0,burst2,2,READ,0x2000020f000,4096
0,burst2,2,READ,0x20000210000,4096
0,burst2,2,READ,0x20000211000,4096
0,burst2,2,READ,0x20000212000,4096
0,burst2,2,READ,0x20000213000,4096
0,burst2,2,READ,0x20000214000,4096
0,burst2,2,READ,0x20000215000,4096
0,burst2,2,READ,0x20000216000,4096
0,burst2,2,READ,0x20000217000,4096
0,burst2,2,READ,0x20000218000,4096
0,burst2,2,READ,0x20000219000,4096
0,burst2,2,READ,0x2000021a000,4096
0,burst2,2,READ,0x2000021b000,4096
0,burst2,2,READ,0x2000021c000,4096
0,burst2,2,READ,0x2000021d000,4096
0,burst2,2,READ,0x2000021e000,4096
0,burst2,2,READ,0x2000021f000,4096
0,burst2,2,READ,0x20000220000,4096
0,burst2,2,READ,0x20000221000,4096
0,burst2,2,READ,0x20000222000,4096
0,burst2,2,READ,0x20000223000,4096
0,burst2,2,READ,0x20000224000,4096
0,burst2,2,READ,0x20000225000,4096
0,burst2,2,READ,0x20000226000,4096
0,burst2,2,READ,0x20000227000,4096
0,burst2,2,READ,0x20000228000,4096
0,burst2,2,READ,0x20000229000,4096
0,burst2,2,READ,0x2000022a000,4096
0,burst2,2,READ,0x2000022b000,4096
0,burst2,2,READ,0x2000022c000,4096
0,burst2,2,READ,0x2000022d000,4096
0,burst2,2,READ,0x2000022e000,4096
0,burst2,2,READ,0x2000022f000,4096
0,burst2,2,READ,0x20000230000,4096
0,burst2,2,READ,0x20000231000,4096
0,burst2,2,READ,0x20000232000,4096
0,burst2,2,READ,0x20000233000,4096
0,burst2,2,READ,0x20000234000,4096
0,burst2,2,READ,0x20000235000,4096
0,burst2,2,READ,0x20000236000,4096
0,burst2,2,READ,0x20000237000,4096
0,burst2,2,READ,0x20000238000,4096
0,burst2,2,READ,0x20000239000,4096
0,burst2,2,READ,0x2000023a000,4096
0,burst2,2,READ,0x2000023b000,4096
0,burst2,2,READ,0x2000023c000,4096
0,burst2,2,READ,0x2000023d000,4096
0,burst2,2,READ,0x2000023e000,4096
0,burst2,2,READ,0x2000023f000,4096
0,burst2,2,READ,0x20000240000,4096
0,burst2,2,READ,0x20000241000,4096
0,burst2,2,READ,0x20000242000,4096
0,burst2,2,READ,0x20000243000,4096
0,burst2,2,READ,0x20000244000,4096
0,burst2,2,READ,0x20000245000,4096
0,burst2,2,READ,0x20000246000,4096
0,burst2,2,READ,0x20000247000,4096
0,burst2,2,READ,0x20000248000,4096
0,burst2,2,READ,0x20000249000,4096
0,burst2,2,READ,0x2000024a000,4096
0,burst2,2,READ,0x2000024b000,4096
0,burst2,2,READ,0x2000024c000,4096
0,burst2,2,READ,0x2000024d000,4096
0,burst2,2,READ,0x2000024e000,4096
0,burst2,2,READ,0x2000024f000,4096
0,burst2,2,READ,0x20000250000,4096
0,burst2,2,READ,0x20000251000,4096
0,burst2,2,READ,0x20000252000,4096
0,burst2,2,READ,0x20000253000,4096
0,burst2,2,READ,0x20000254000,4096
0,burst2,2,READ,0x20000255000,4096
0,burst2,2,READ,0x20000256000,4096
0,burst2,2,READ,0x20000257000,4096
0,burst2,2,READ,0x20000258000,4096
0,burst2,2,READ,0x20000259000,4096
0,burst2,2,READ,0x2000025a000,4096
0,burst2,2,READ,0x2000025b000,4096
0,burst2,2,READ,0x2000025c000,4096
0,burst2,2,READ,0x2000025d000,4096
0,burst2,2,READ,0x2000025e000,4096
0,burst2,2,READ,0x2000025f000,4096
0,burst2,2,READ,0x20000260000,4096
0,burst2,2,READ,0x20000261000,4096
0,burst2,2,READ,0x20000262000,4096
0,burst2,2,READ,0x20000263000,4096
0,burst2,2,READ,0x20000264000,4096
0,burst2,2,READ,0x20000265000,4096
0,burst2,2,READ,0x20000266000,4096
0,burst2,2,READ,0x20000267000,4096
0,burst2,2,READ,0x20000268000,4096
0,burst2,2,READ,0x20000269000,4096
0,burst2,2,READ,0x2000026a000,4096
0,burst2,2,READ,0x2000026b000,4096
0,burst2,2,READ,0x2000026c000,4096
0,burst2,2,READ,0x2000026d000,4096
0,burst2,2,READ,0x2000026e000,4096
0,burst2,2,READ,0x2000026f000,4096
0,burst2,2,READ,0x20000270000,4096
0,burst2,2,READ,0x20000271000,4096
0,burst2,2,READ,0x20000272000,4096
0,burst2,2,READ,0x20000273000,4096
0,burst2,2,READ,0x20000274000,4096
0,burst2,2,READ,0x20000275000,4096
0,burst2,2,READ,0x20000276000,4096
0,burst2,2,READ,0x20000277000,4096
0,burst2,2,READ,0x20000278000,4096
0,burst2,2,READ,0x20000279000,4096
0,burst2,2,READ,0x2000027a000,4096
0,burst2,2,READ,0x2000027b000,4096
0,burst2,2,READ,0x2000027c000,4096
0,burst2,2,READ,0x2000027d000,4096
0,burst2,2,READ,0x2000027e000,4096
0,burst2,2,READ,0x2000027f000,4096
0,burst2,2,READ,0x20000280000,4096
0,burst2,2,READ,0x20000281000,4096
0,burst2,2,READ,0x20000282000,4096
0,burst2,2,READ,0x20000283000,4096
0,burst2,2,READ,0x20000284000,4096
0,burst2,2,READ,0x20000285000,4096
0,burst2,2,READ,0x20000286000,4096
0,burst2,2,READ,0x20000287000,4096
0,burst2,2,READ,0x20000288000,4096
0,burst2,2,READ,0x20000289000,4096
0,burst2,2,READ,0x2000028a000,4096
0,burst2,2,READ,0x2000028b000,4096
0,burst2,2,READ,0x2000028c000,4096
0,burst2,2,READ,0x2000028d000,4096
0,burst2,2,READ,0x2000028e000,4096
0,burst2,2,READ,0x2000028f000,4096
0,burst2,2,READ,0x20000290000,4096
0,burst2,2,READ,0x20000291000,4096
0,burst2,2,READ,0x20000292000,4096
0,burst2,2,READ,0x20000293000,4096
0,burst2,2,READ,0x20000294000,4096
0,burst2,2,READ,0x20000295000,4096
0,burst2,2,READ,0x20000296000,4096
0,burst2,2,READ,0x20000297000,4096
0,burst2,2,READ,0x20000298000,4096
0,burst2,2,READ,0x20000299000,4096
0,burst2,2,READ,0x2000029a000,4096
0,burst2,2,READ,0x2000029b000,4096
0,burst2,2,READ,0x2000029c000,4096
0,burst2,2,READ,0x2000029d000,4096
0,burst2,2,READ,0x2000029e000,4096
0,burst2,2,READ,0x2000029f000,4096
0,burst2,2,READ,0x200002a0000,4096
0,burst2,2,READ,0x200002a1000,4096
0,burst2,2,READ,0x200002a2000,4096
0,burst2,2,READ,0x200002a3000,4096
0,burst2,2,READ,0x200002a4000,4096
0,burst2,2,READ,0x200002a5000,4096
0,burst2,2,READ,0x200002a6000,4096
0,burst2,2,READ,0x200002a7000,4096
0,burst2,2,READ,0x200002a8000,4096
0,burst2,2,READ,0x200002a9000,4096
0,burst2,2,READ,0x200002aa000,4096
0,burst2,2,READ,0x200002ab000,4096
0,burst2,2,READ,0x200002ac000,4096
0,burst2,2,READ,0x200002ad000,4096
0,burst2,2,READ,0x200002ae000,4096
0,burst2,2,READ,0x200002af000,4096
0,burst2,2,READ,0x200002b0000,4096
0,burst2,2,READ,0x200002b1000,4096
0,burst2,2,READ,0x200002b2000,4096
0,burst2,2,READ,0x200002b3000,4096
0,burst2,2,READ,0x200002b4000,4096
0,burst2,2,READ,0x200002b5000,4096
0,burst2,2,READ,0x200002b6000,4096
0,burst2,2,READ,0x200002b7000,4096
0,burst2,2,READ,0x200002b8000,4096
0,burst2,2,READ,0x200002b9000,4096
0,burst2,2,READ,0x200002ba000,4096
0,burst2,2,READ,0x200002bb000,4096
0,burst2,2,READ,0x200002bc000,4096
0,burst2,2,READ,0x200002bd000,4096
0,burst2,2,READ,0x200002be000,4096
0,burst2,2,READ,0x200002bf000,4096
0,burst2,2,READ,0x200002c0000,4096
0,burst2,2,READ,0x200002c1000,4096
0,burst2,2,READ,0x200002c2000,4096
0,burst2,2,READ,0x200002c3000,4096
0,burst2,2,READ,0x200002c4000,4096
0,burst2,2,READ,0x200002c5000,4096
0,burst2,2,READ,0x200002c6000,4096
0,burst2,2,READ,0x200002c7000,4096
0,burst2,2,READ,0x200002c8000,4096
0,burst2,2,READ,0x200002c9000,4096
0,burst2,2,READ,0x200002ca000,4096
0,burst2,2,READ,0x200002cb000,4096
0,burst2,2,READ,0x200002cc000,4096
0,burst2,2,READ,0x200002cd000,4096
0,burst2,2,READ,0x200002ce000,4096
0,burst2,2,READ,0x200002cf000,4096
0,burst2,2,READ,0x200002d0000,4096
0,burst2,2,READ,0x200002d1000,4096
0,burst2,2,READ,0x200002d2000,4096
0,burst2,2,READ,0x200002d3000,4096
0,burst2,2,READ,0x200002d4000,4096
0,burst2,2,READ,0x200002d5000,4096
0,burst2,2,READ,0x200002d6000,4096
0,burst2,2,READ,0x200002d7000,4096
0,burst2,2,READ,0x200002d8000,4096
0,burst2,2,READ,0x200002d9000,4096
0,burst2,2,READ,0x200002da000,4096
0,burst2,2,READ,0x200002db000,4096
0,burst2,2,READ,0x200002dc000,4096
0,burst2,2,READ,0x200002dd000,4096
0,burst2,2,READ,0x200002de000,4096
0,burst2,2,READ,0x200002df000,4096
0,burst2,2,READ,0x200002e0000,4096
0,burst2,2,READ,0x200002e1000,4096
0,burst2,2,READ,0x200002e2000,4096
0,burst2,2,READ,0x200002e3000,4096
0,burst2,2,READ,0x200002e4000,4096
0,burst2,2,READ,0x200002e5000,4096
0,burst2,2,READ,0x200002e6000,4096
0,burst2,2,READ,0x200002e7000,4096
0,burst2,2,READ,0x200002e8000,4096
0,burst2,2,READ,0x200002e9000,4096
0,burst2,2,READ,0x200002ea000,4096
0,burst2,2,READ,0x200002eb000,4096
0,burst2,2,READ,0x200002ec000,4096
0,burst2,2,READ,0x200002ed000,4096
0,burst2,2,READ,0x200002ee000,4096
0,burst2,2,READ,0x200002ef000,4096
0,burst2,2,READ,0x200002f0000,4096
0,burst2,2,READ,0x200002f1000,4096
0,burst2,2,READ,0x200002f2000,4096
0,burst2,2,READ,0x200002f3000,4096
0,burst2,2,READ,0x200002f4000,4096
0,burst2,2,READ,0x200002f5000,4096
0,burst2,2,READ,0x200002f6000,4096
0,burst2,2,READ,0x200002f7000,4096
0,burst2,2,READ,0x200002f8000,4096
0,burst2,2,READ,0x200002f9000,4096
0,burst2,2,READ,0x200002fa000,4096
0,burst2,2,READ,0x200002fb000,4096
0,burst2,2,READ,0x200002fc000,4096
0,burst2,2,READ,0x200002fd000,4096
0,burst2,2,READ,0x200002fe000,4096
0,burst2,2,READ,0x200002ff000,4096
0,burst2,2,READ,0x20000300000,4096
0,burst2,2,READ,0x20000301000,4096
0,burst2,2,READ,0x20000302000,4096
0,burst2,2,READ,0x20000303000,4096
0,burst2,2,READ,0x20000304000,4096
0,burst2,2,READ,0x20000305000,4096
0,burst2,2,READ,0x20000306000,4096
0,burst2,2,READ,0x20000307000,4096
0,burst2,2,READ,0x20000308000,4096
0,burst2,2,READ,0x20000309000,4096
0,burst2,2,READ,0x2000030a000,4096
0,burst2,2,READ,0x2000030b000,4096
0,burst2,2,READ,0x2000030c000,4096
0,burst2,2,READ,0x2000030d000,4096
0,burst2,2,READ,0x2000030e000,4096
0,burst2,2,READ,0x2000030f000,4096
0,burst2,2,READ,0x20000310000,4096
0,burst2,2,READ,0x20000311000,4096
0,burst2,2,READ,0x20000312000,4096
0,burst2,2,READ,0x20000313000,4096
0,burst2,2,READ,0x20000314000,4096
0,burst2,2,READ,0x20000315000,4096
0,burst2,2,READ,0x20000316000,4096
0,burst2,2,READ,0x20000317000,4096
0,burst2,2,READ,0x20000318000,4096
0,burst2,2,READ,0x20000319000,4096
0,burst2,2,READ,0x2000031a000,4096
0,burst2,2,READ,0x2000031b000,4096
0,burst2,2,READ,0x2000031c000,4096
0,burst2,2,READ,0x2000031d000,4096
0,burst2,2,READ,0x2000031e000,4096
0,burst2,2,READ,0x2000031f000,4096
0,burst2,2,READ,0x20000320000,4096
0,burst2,2,READ,0x20000321000,4096
0,burst2,2,READ,0x20000322000,4096
0,burst2,2,READ,0x20000323000,4096
0,burst2,2,READ,0x20000324000,4096
0,burst2,2,READ,0x20000325000,4096
0,burst2,2,READ,0x20000326000,4096
0,burst2,2,READ,0x20000327000,4096
0,burst2,2,READ,0x20000328000,4096
0,burst2,2,READ,0x20000329000,4096
0,burst2,2,READ,0x2000032a000,4096
0,burst2,2,READ,0x2000032b000,4096
0,burst2,2,READ,0x2000032c000,4096
0,burst2,2,READ,0x2000032d000,4096
0,burst2,2,READ,0x2000032e000,4096
0,burst2,2,READ,0x2000032f000,4096
0,burst2,2,READ,0x20000330000,4096
0,burst2,2,READ,0x20000331000,4096
0,burst2,2,READ,0x20000332000,4096
0,burst2,2,READ,0x20000333000,4096
0,burst2,2,READ,0x20000334000,4096
0,burst2,2,READ,0x20000335000,4096
0,burst2,2,READ,0x20000336000,4096
0,burst2,2,READ,0x20000337000,4096
0,burst2,2,READ,0x20000338000,4096
0,burst2,2,READ,0x20000339000,4096
0,burst2,2,READ,0x2000033a000,4096
0,burst2,2,READ,0x2000033b000,4096
0,burst2,2,READ,0x2000033c000,4096
0,burst2,2,READ,0x2000033d000,4096
0,burst2,2,READ,0x2000033e000,4096
0,burst2,2,READ,0x2000033f000,4096
0,burst2,2,READ,0x20000340000,4096
0,burst2,2,READ,0x20000341000,4096
0,burst2,2,READ,0x20000342000,4096
0,burst2,2,READ,0x20000343000,4096
0,burst2,2,READ,0x20000344000,4096
0,burst2,2,READ,0x20000345000,4096
0,burst2,2,READ,0x20000346000,4096
0,burst2,2,READ,0x20000347000,4096
0,burst2,2,READ,0x20000348000,4096
0,burst2,2,READ,0x20000349000,4096
0,burst2,2,READ,0x2000034a000,4096
0,burst2,2,READ,0x2000034b000,4096
0,burst2,2,READ,0x2000034c000,4096
0,burst2,2,READ,0x2000034d000,4096
0,burst2,2,READ,0x2000034e000,4096
0,burst2,2,READ,0x2000034f000,4096
0,burst2,2,READ,0x20000350000,4096
0,burst2,2,READ,0x20000351000,4096
0,burst2,2,READ,0x20000352000,4096
0,burst2,2,READ,0x20000353000,4096
0,burst2,2,READ,0x20000354000,4096
0,burst2,2,READ,0x20000355000,4096
0,burst2,2,READ,0x20000356000,4096
0,burst2,2,READ,0x20000357000,4096
0,burst2,2,READ,0x20000358000,4096
0,burst2,2,READ,0x20000359000,4096
0,burst2,2,READ,0x2000035a000,4096
0,burst2,2,READ,0x2000035b000,4096
0,burst2,2,READ,0x2000035c000,4096
0,burst2,2,READ,0x2000035d000,4096
0,burst2,2,READ,0x2000035e000,4096
0,burst2,2,READ,0x2000035f000,4096
0,burst2,2,READ,0x20000360000,4096
0,burst2,2,READ,0x20000361000,4096
0,burst2,2,READ,0x20000362000,4096
0,burst2,2,READ,0x20000363000,4096
0,burst2,2,READ,0x20000364000,4096
0,burst2,2,READ,0x20000365000,4096
0,burst2,2,READ,0x20000366000,4096
0,burst2,2,READ,0x20000367000,4096
0,burst2,2,READ,0x20000368000,4096
0,burst2,2,READ,0x20000369000,4096
0,burst2,2,READ,0x2000036a000,4096
0,burst2,2,READ,0x2000036b000,4096
0,burst2,2,READ,0x2000036c000,4096
0,burst2,2,READ,0x2000036d000,4096
0,burst2,2,READ,0x2000036e000,4096
0,burst2,2,READ,0x2000036f000,4096
0,burst2,2,READ,0x20000370000,4096
0,burst2,2,READ,0x20000371000,4096
0,burst2,2,READ,0x20000372000,4096
0,burst2,2,READ,0x20000373000,4096
0,burst2,2,READ,0x20000374000,4096
0,burst2,2,READ,0x20000375000,4096
0,burst2,2,READ,0x20000376000,4096
0,burst2,2,READ,0x20000377000,4096
0,burst2,2,READ,0x20000378000,4096
0,burst2,2,READ,0x20000379000,4096
0,burst2,2,READ,0x2000037a000,4096
0,burst2,2,READ,0x2000037b000,4096
0,burst2,2,READ,0x2000037c000,4096
0,burst2,2,READ,0x2000037d000,4096
0,burst2,2,READ,0x2000037e000,4096
0,burst2,2,READ,0x2000037f000,4096
0,burst2,2,READ,0x20000380000,4096
0,burst2,2,READ,0x20000381000,4096
0,burst2,2,READ,0x20000382000,4096
0,burst2,2,READ,0x20000383000,4096
0,burst2,2,READ,0x20000384000,4096
0,burst2,2,READ,0x20000385000,4096
0,burst2,2,READ,0x20000386000,4096
0,burst2,2,READ,0x20000387000,4096
0,burst2,2,READ,0x20000388000,4096
0,burst2,2,READ,0x20000389000,4096
0,burst2,2,READ,0x2000038a000,4096
0,burst2,2,READ,0x2000038b000,4096
0,burst2,2,READ,0x2000038c000,4096
0,burst2,2,READ,0x2000038d000,4096
0,burst2,2,READ,0x2000038e000,4096
0,burst2,2,READ,0x2000038f000,4096
0,burst2,2,READ,0x20000390000,4096
0,burst2,2,READ,0x20000391000,4096
0,burst2,2,READ,0x20000392000,4096
0,burst2,2,READ,0x20000393000,4096
0,burst2,2,READ,0x20000394000,4096
0,burst2,2,READ,0x20000395000,4096
0,burst2,2,READ,0x20000396000,4096
0,burst2,2,READ,0x20000397000,4096
0,burst2,2,READ,0x20000398000,4096
0,burst2,2,READ,0x20000399000,4096
0,burst2,2,READ,0x2000039a000,4096
0,burst2,2,READ,0x2000039b000,4096
0,burst2,2,READ,0x2000039c000,4096
0,burst2,2,READ,0x2000039d000,4096
0,burst2,2,READ,0x2000039e000,4096
0,burst2,2,READ,0x2000039f000,4096
0,burst2,2,READ,0x200003a0000,4096
0,burst2,2,READ,0x200003a1000,4096
0,burst2,2,READ,0x200003a2000,4096
0,burst2,2,READ,0x200003a3000,4096
0,burst2,2,READ,0x200003a4000,4096
0,burst2,2,READ,0x200003a5000,4096
0,burst2,2,READ,0x200003a6000,4096
0,burst2,2,READ,0x200003a7000,4096
0,burst2,2,READ,0x200003a8000,4096
0,burst2,2,READ,0x200003a9000,4096
0,burst2,2,READ,0x200003aa000,4096
0,burst2,2,READ,0x200003ab000,4096
0,burst2,2,READ,0x200003ac000,4096
0,burst2,2,READ,0x200003ad000,4096
0,burst2,2,READ,0x200003ae000,4096
0,burst2,2,READ,0x200003af000,4096
0,burst2,2,READ,0x200003b0000,4096
0,burst2,2,READ,0x200003b1000,4096
0,burst2,2,READ,0x200003b2000,4096
0,burst2,2,READ,0x200003b3000,4096
0,burst2,2,READ,0x200003b4000,4096
0,burst2,2,READ,0x200003b5000,4096
0,burst2,2,READ,0x200003b6000,4096
0,burst2,2,READ,0x200003b7000,4096
0,burst2,2,READ,0x200003b8000,4096
0,burst2,2,READ,0x200003b9000,4096
0,burst2,2,READ,0x200003ba000,4096
0,burst2,2,READ,0x200003bb000,4096
0,burst2,2,READ,0x200003bc000,4096
0,burst2,2,READ,0x200003bd000,4096
0,burst2,2,READ,0x200003be000,4096
0,burst2,2,READ,0x200003bf000,4096
0,burst2,2,READ,0x200003c0000,4096
0,burst2,2,READ,0x200003c1000,4096
0,burst2,2,READ,0x200003c2000,4096
0,burst2,2,READ,0x200003c3000,4096
0,burst2,2,READ,0x200003c4000,4096
0,burst2,2,READ,0x200003c5000,4096
0,burst2,2,READ,0x200003c6000,4096
0,burst2,2,READ,0x200003c7000,4096
0,burst2,2,READ,0x200003c8000,4096
0,burst2,2,READ,0x200003c9000,4096
0,burst2,2,READ,0x200003ca000,4096
0,burst2,2,READ,0x200003cb000,4096
0,burst2,2,READ,0x200003cc000,4096
0,burst2,2,READ,0x200003cd000,4096
0,burst2,2,READ,0x200003ce000,4096
0,burst2,2,READ,0x200003cf000,4096
0,burst2,2,READ,0x200003d0000,4096
0,burst2,2,READ,0x200003d1000,4096
0,burst2,2,READ,0x200003d2000,4096
0,burst2,2,READ,0x200003d3000,4096
0,burst2,2,READ,0x200003d4000,4096
0,burst2,2,READ,0x200003d5000,4096
0,burst2,2,READ,0x200003d6000,4096
0,burst2,2,READ,0x200003d7000,4096
0,burst2,2,READ,0x200003d8000,4096
0,burst2,2,READ,0x200003d9000,4096
0,burst2,2,READ,0x200003da000,4096
0,burst2,2,READ,0x200003db000,4096
0,burst2,2,READ,0x200003dc000,4096
0,burst2,2,READ,0x200003dd000,4096
0,burst2,2,READ,0x200003de000,4096
0,burst2,2,READ,0x200003df000,4096
0,burst2,2,READ,0x200003e0000,4096
0,burst2,2,READ,0x200003e1000,4096
0,burst2,2,READ,0x200003e2000,4096
0,burst2,2,READ,0x200003e3000,4096
0,burst2,2,READ,0x200003e4000,4096
0,burst2,2,READ,0x200003e5000,4096
0,burst2,2,READ,0x200003e6000,4096
0,burst2,2,READ,0x200003e7000,4096
0,burst2,2,READ,0x200003e8000,4096
0,burst2,2,READ,0x200003e9000,4096
0,burst2,2,READ,0x200003ea000,4096
0,burst2,2,READ,0x200003eb000,4096
0,burst2,2,READ,0x200003ec000,4096
0,burst2,2,READ,0x200003ed000,4096
0,burst2,2,READ,0x200003ee000,4096
0,burst2,2,READ,0x200003ef000,4096
0,burst2,2,READ,0x200003f0000,4096
0,burst2,2,READ,0x200003f1000,4096
0,burst2,2,READ,0x200003f2000,4096
0,burst2,2,READ,0x200003f3000,4096
0,burst2,2,READ,0x200003f4000,4096
0,burst2,2,READ,0x200003f5000,4096
0,burst2,2,READ,0x200003f6000,4096
0,burst2,2,READ,0x200003f7000,4096
0,burst2,2,READ,0x200003f8000,4096
0,burst2,2,READ,0x200003f9000,4096
0,burst2,2,READ,0x200003fa000,4096
0,burst2,2,READ,0x200003fb000,4096
0,burst2,2,READ,0x200003fc000,4096
0,burst2,2,READ,0x200003fd000,4096
0,burst2,2,READ,0x200003fe000,4096
0,burst2,2,READ,0x200003ff000,4096
0,burst2,2,READ,0x20000400000,4096
0,burst2,2,READ,0x20000401000,4096
0,burst2,2,READ,0x20000402000,4096
0,burst2,2,READ,0x20000403000,4096
0,burst2,2,READ,0x20000404000,4096
0,burst2,2,READ,0x20000405000,4096
0,burst2,2,READ,0x20000406000,4096
0,burst2,2,READ,0x20000407000,4096
0,burst2,2,READ,0x20000408000,4096
0,burst2,2,READ,0x20000409000,4096
0,burst2,2,READ,0x2000040a000,4096
0,burst2,2,READ,0x2000040b000,4096
0,burst2,2,READ,0x2000040c000,4096
0,burst2,2,READ,0x2000040d000,4096
0,burst2,2,READ,0x2000040e000,4096
0,burst2,2,READ,0x2000040f000,4096
0,burst2,2,READ,0x20000410000,4096
0,burst2,2,READ,0x20000411000,4096
0,burst2,2,READ,0x20000412000,4096
0,burst2,2,READ,0x20000413000,4096
0,burst2,2,READ,0x20000414000,4096
0,burst2,2,READ,0x20000415000,4096
0,burst2,2,READ,0x20000416000,4096
0,burst2,2,READ,0x20000417000,4096
0,burst2,2,READ,0x20000418000,4096
0,burst2,2,READ,0x20000419000,4096
0,burst2,2,READ,0x2000041a000,4096
0,burst2,2,READ,0x2000041b000,4096
0,burst2,2,READ,0x2000041c000,4096
0,burst2,2,READ,0x2000041d000,4096
0,burst2,2,READ,0x2000041e000,4096
0,burst2,2,READ,0x2000041f000,4096
0,burst2,2,READ,0x20000420000,4096
0,burst2,2,READ,0x20000421000,4096
0,burst2,2,READ,0x20000422000,4096
0,burst2,2,READ,0x20000423000,4096
0,burst2,2,READ,0x20000424000,4096
0,burst2,2,READ,0x20000425000,4096
0,burst2,2,READ,0x20000426000,4096
0,burst2,2,READ,0x20000427000,4096
0,burst2,2,READ,0x20000428000,4096
0,burst2,2,READ,0x20000429000,4096
0,burst2,2,READ,0x2000042a000,4096
0,burst2,2,READ,0x2000042b000,4096
0,burst2,2,READ,0x2000042c000,4096
0,burst2,2,READ,0x2000042d000,4096
0,burst2,2,READ,0x2000042e000,4096
0,burst2,2,READ,0x2000042f000,4096
0,burst2,2,READ,0x20000430000,4096
0,burst2,2,READ,0x20000431000,4096
0,burst2,2,READ,0x20000432000,4096
0,burst2,2,READ,0x20000433000,4096
0,burst2,2,READ,0x20000434000,4096
0,burst2,2,READ,0x20000435000,4096
0,burst2,2,READ,0x20000436000,4096
0,burst2,2,READ,0x20000437000,4096
0,burst2,2,READ,0x20000438000,4096
0,burst2,2,READ,0x20000439000,4096
0,burst2,2,READ,0x2000043a000,4096
0,burst2,2,READ,0x2000043b000,4096
0,burst2,2,READ,0x2000043c000,4096
0,burst2,2,READ,0x2000043d000,4096
0,burst2,2,READ,0x2000043e000,4096
0,burst2,2,READ,0x2000043f000,4096
0,burst2,2,READ,0x20000440000,4096
0,burst2,2,READ,0x20000441000,4096
0,burst2,2,READ,0x20000442000,4096
0,burst2,2,READ,0x20000443000,4096
0,burst2,2,READ,0x20000444000,4096
0,burst2,2,READ,0x20000445000,4096
0,burst2,2,READ,0x20000446000,4096
0,burst2,2,READ,0x20000447000,4096
0,burst2,2,READ,0x20000448000,4096
0,burst2,2,READ,0x20000449000,4096
0,burst2,2,READ,0x2000044a000,4096
0,burst2,2,READ,0x2000044b000,4096
0,burst2,2,READ,0x2000044c000,4096
0,burst2,2,READ,0x2000044d000,4096
0,burst2,2,READ,0x2000044e000,4096
0,burst2,2,READ,0x2000044f000,4096
0,burst2,2,READ,0x20000450000,4096
0,burst2,2,READ,0x20000451000,4096
0,burst2,2,READ,0x20000452000,4096
0,burst2,2,READ,0x20000453000,4096
0,burst2,2,READ,0x20000454000,4096
0,burst2,2,READ,0x20000455000,4096
0,burst2,2,READ,0x20000456000,4096
0,burst2,2,READ,0x20000457000,4096
0,burst2,2,READ,0x20000458000,4096
0,burst2,2,READ,0x20000459000,4096
0,burst2,2,READ,0x2000045a000,4096
0,burst2,2,READ,0x2000045b000,4096
0,burst2,2,READ,0x2000045c000,4096
0,burst2,2,READ,0x2000045d000,4096
0,burst2,2,READ,0x2000045e000,4096
0,burst2,2,READ,0x2000045f000,4096
0,burst2,2,READ,0x20000460000,4096
0,burst2,2,READ,0x20000461000,4096
0,burst2,2,READ,0x20000462000,4096
0,burst2,2,READ,0x20000463000,4096
0,burst2,2,READ,0x20000464000,4096
0,burst2,2,READ,0x20000465000,4096
0,burst2,2,READ,0x20000466000,4096
0,burst2,2,READ,0x20000467000,4096
0,burst2,2,READ,0x20000468000,4096
0,burst2,2,READ,0x20000469000,4096
0,burst2,2,READ,0x2000046a000,4096
0,burst2,2,READ,0x2000046b000,4096
0,burst2,2,READ,0x2000046c000,4096
0,burst2,2,READ,0x2000046d000,4096
0,burst2,2,READ,0x2000046e000,4096
0,burst2,2,READ,0x2000046f000,4096
0,burst2,2,READ,0x20000470000,4096
0,burst2,2,READ,0x20000471000,4096
0,burst2,2,READ,0x20000472000,4096
0,burst2,2,READ,0x20000473000,4096
0,burst2,2,READ,0x20000474000,4096
0,burst2,2,READ,0x20000475000,4096
0,burst2,2,READ,0x20000476000,4096
0,burst2,2,READ,0x20000477000,4096
0,burst2,2,READ,0x20000478000,4096
0,burst2,2,READ,0x20000479000,4096
0,burst2,2,READ,0x2000047a000,4096
0,burst2,2,READ,0x2000047b000,4096
0,burst2,2,READ,0x2000047c000,4096
0,burst2,2,READ,0x2000047d000,4096
0,burst2,2,READ,0x2000047e000,4096
0,burst2,2,READ,0x2000047f000,4096
0,burst2,2,READ,0x20000480000,4096
0,burst2,2,READ,0x20000481000,4096
0,burst2,2,READ,0x20000482000,4096
0,burst2,2,READ,0x20000483000,4096
0,burst2,2,READ,0x20000484000,4096
0,burst2,2,READ,0x20000485000,4096
0,burst2,2,READ,0x20000486000,4096
0,burst2,2,READ,0x20000487000,4096
0,burst2,2,READ,0x20000488000,4096
0,burst2,2,READ,0x20000489000,4096
0,burst2,2,READ,0x2000048a000,4096
0,burst2,2,READ,0x2000048b000,4096
0,burst2,2,READ,0x2000048c000,4096
0,burst2,2,READ,0x2000048d000,4096
0,burst2,2,READ,0x2000048e000,4096
0,burst2,2,READ,0x2000048f000,4096
0,burst2,2,READ,0x20000490000,4096
0,burst2,2,READ,0x20000491000,4096
0,burst2,2,READ,0x20000492000,4096
0,burst2,2,READ,0x20000493000,4096
0,burst2,2,READ,0x20000494000,4096
0,burst2,2,READ,0x20000495000,4096
0,burst2,2,READ,0x20000496000,4096
0,burst2,2,READ,0x20000497000,4096
0,burst2,2,READ,0x20000498000,4096
0,burst2,2,READ,0x20000499000,4096
0,burst2,2,READ,0x2000049a000,4096
0,burst2,2,READ,0x2000049b000,4096
0,burst2,2,READ,0x2000049c000,4096
0,burst2,2,READ,0x2000049d000,4096
0,burst2,2,READ,0x2000049e000,4096
0,burst2,2,READ,0x2000049f000,4096
0,burst2,2,READ,0x200004a0000,4096
0,burst2,2,READ,0x200004a1000,4096
0,burst2,2,READ,0x200004a2000,4096
0,burst2,2,READ,0x200004a3000,4096
0,burst2,2,READ,0x200004a4000,4096
0,burst2,2,READ,0x200004a5000,4096
0,burst2,2,READ,0x200004a6000,4096
0,burst2,2,READ,0x200004a7000,4096
0,burst2,2,READ,0x200004a8000,4096
0,burst2,2,READ,0x200004a9000,4096
0,burst2,2,READ,0x200004aa000,4096
0,burst2,2,READ,0x200004ab000,4096
0,burst2,2,READ,0x200004ac000,4096
0,burst2,2,READ,0x200004ad000,4096
0,burst2,2,READ,0x200004ae000,4096
0,burst2,2,READ,0x200004af000,4096
0,burst2,2,READ,0x200004b0000,4096
0,burst2,2,READ,0x200004b1000,4096
0,burst2,2,READ,0x200004b2000,4096
0,burst2,2,READ,0x200004b3000,4096
0,burst2,2,READ,0x200004b4000,4096
0,burst2,2,READ,0x200004b5000,4096
0,burst2,2,READ,0x200004b6000,4096
0,burst2,2,READ,0x200004b7000,4096
0,burst2,2,READ,0x200004b8000,4096
0,burst2,2,READ,0x200004b9000,4096
0,burst2,2,READ,0x200004ba000,4096
0,burst2,2,READ,0x200004bb000,4096
0,burst2,2,READ,0x200004bc000,4096
0,burst2,2,READ,0x200004bd000,4096
0,burst2,2,READ,0x200004be000,4096
0,burst2,2,READ,0x200004bf000,4096
0,burst2,2,READ,0x200004c0000,4096
0,burst2,2,READ,0x200004c1000,4096
0,burst2,2,READ,0x200004c2000,4096
0,burst2,2,READ,0x200004c3000,4096
0,burst2,2,READ,0x200004c4000,4096
0,burst2,2,READ,0x200004c5000,4096
0,burst2,2,READ,0x200004c6000,4096
0,burst2,2,READ,0x200004c7000,4096
0,burst2,2,READ,0x200004c8000,4096
0,burst2,2,READ,0x200004c9000,4096
0,burst2,2,READ,0x200004ca000,4096
0,burst2,2,READ,0x200004cb000,4096
0,burst2,2,READ,0x200004cc000,4096
0,burst2,2,READ,0x200004cd000,4096
0,burst2,2,READ,0x200004ce000,4096
0,burst2,2,READ,0x200004cf000,4096
0,burst2,2,READ,0x200004d0000,4096
0,burst2,2,READ,0x200004d1000,4096
0,burst2,2,READ,0x200004d2000,4096
0,burst2,2,READ,0x200004d3000,4096
0,burst2,2,READ,0x200004d4000,4096
0,burst2,2,READ,0x200004d5000,4096
0,burst2,2,READ,0x200004d6000,4096
0,burst2,2,READ,0x200004d7000,4096
0,burst2,2,READ,0x200004d8000,4096
0,burst2,2,READ,0x200004d9000,4096
0,burst2,2,READ,0x200004da000,4096
0,burst2,2,READ,0x200004db000,4096
0,burst2,2,READ,0x200004dc000,4096
0,burst2,2,READ,0x200004dd000,4096
0,burst2,2,READ,0x200004de000,4096
0,burst2,2,READ,0x200004df000,4096
0,burst2,2,READ,0x200004e0000,4096
0,burst2,2,READ,0x200004e1000,4096
0,burst2,2,READ,0x200004e2000,4096
0,burst2,2,READ,0x200004e3000,4096
0,burst2,2,READ,0x200004e4000,4096
0,burst2,2,READ,0x200004e5000,4096
0,burst2,2,READ,0x200004e6000,4096
0,burst2,2,READ,0x200004e7000,4096
0,burst2,2,READ,0x200004e8000,4096
0,burst2,2,READ,0x200004e9000,4096
0,burst2,2,READ,0x200004ea000,4096
0,burst2,2,READ,0x200004eb000,4096
0,burst2,2,READ,0x200004ec000,4096
0,burst2,2,READ,0x200004ed000,4096
0,burst2,2,READ,0x200004ee000,4096
0,burst2,2,READ,0x200004ef000,4096
0,burst2,2,READ,0x200004f0000,4096
0,burst2,2,READ,0x200004f1000,4096
0,burst2,2,READ,0x200004f2000,4096
0,burst2,2,READ,0x200004f3000,4096
0,burst2,2,READ,0x200004f4000,4096
0,burst2,2,READ,0x200004f5000,4096
0,burst2,2,READ,0x200004f6000,4096
0,burst2,2,READ,0x200004f7000,4096
0,burst2,2,READ,0x200004f8000,4096
0,burst2,2,READ,0x200004f9000,4096
0,burst2,2,READ,0x200004fa000,4096
0,burst2,2,READ,0x200004fb000,4096
0,burst2,2,READ,0x200004fc000,4096
0,burst2,2,READ,0x200004fd000,4096
0,burst2,2,READ,0x200004fe000,4096
0,burst2,2,READ,0x200004ff000,4096
0,burst2,2,READ,0x20000500000,4096
0,burst2,2,READ,0x20000501000,4096
0,burst2,2,READ,0x20000502000,4096
0,burst2,2,READ,0x20000503000,4096
0,burst2,2,READ,0x20000504000,4096
0,burst2,2,READ,0x20000505000,4096
0,burst2,2,READ,0x20000506000,4096
0,burst2,2,READ,0x20000507000,4096
0,burst2,2,READ,0x20000508000,4096
0,burst2,2,READ,0x20000509000,4096
0,burst2,2,READ,0x2000050a000,4096
0,burst2,2,READ,0x2000050b000,4096
0,burst2,2,READ,0x2000050c000,4096
0,burst2,2,READ,0x2000050d000,4096
0,burst2,2,READ,0x2000050e000,4096
0,burst2,2,READ,0x2000050f000,4096
0,burst2,2,READ,0x20000510000,4096
0,burst2,2,READ,0x20000511000,4096
0,burst2,2,READ,0x20000512000,4096
0,burst2,2,READ,0x20000513000,4096
0,burst2,2,READ,0x20000514000,4096
0,burst2,2,READ,0x20000515000,4096
0,burst2,2,READ,0x20000516000,4096
0,burst2,2,READ,0x20000517000,4096
0,burst2,2,READ,0x20000518000,4096
0,burst2,2,READ,0x20000519000,4096
0,burst2,2,READ,0x2000051a000,4096
0,burst2,2,READ,0x2000051b000,4096
0,burst2,2,READ,0x2000051c000,4096
0,burst2,2,READ,0x2000051d000,4096
0,burst2,2,READ,0x2000051e000,4096
0,burst2,2,READ,0x2000051f000,4096
0,burst2,2,READ,0x20000520000,4096
0,burst2,2,READ,0x20000521000,4096
0,burst2,2,READ,0x20000522000,4096
0,burst2,2,READ,0x20000523000,4096
0,burst2,2,READ,0x20000524000,4096
0,burst2,2,READ,0x20000525000,4096
0,burst2,2,READ,0x20000526000,4096
0,burst2,2,READ,0x20000527000,4096
0,burst2,2,READ,0x20000528000,4096
0,burst2,2,READ,0x20000529000,4096
0,burst2,2,READ,0x2000052a000,4096
0,burst2,2,READ,0x2000052b000,4096
0,burst2,2,READ,0x2000052c000,4096
0,burst2,2,READ,0x2000052d000,4096
0,burst2,2,READ,0x2000052e000,4096
0,burst2,2,READ,0x2000052f000,4096
0,burst2,2,READ,0x20000530000,4096
0,burst2,2,READ,0x20000531000,4096
0,burst2,2,READ,0x20000532000,4096
0,burst2,2,READ,0x20000533000,4096
0,burst2,2,READ,0x20000534000,4096
0,burst2,2,READ,0x20000535000,4096
0,burst2,2,READ,0x20000536000,4096
0,burst2,2,READ,0x20000537000,4096
0,burst2,2,READ,0x20000538000,4096
0,burst2,2,READ,0x20000539000,4096
0,burst2,2,READ,0x2000053a000,4096
0,burst2,2,READ,0x2000053b000,4096
0,burst2,2,READ,0x2000053c000,4096
0,burst2,2,READ,0x2000053d000,4096
0,burst2,2,READ,0x2000053e000,4096
0,burst2,2,READ,0x2000053f000,4096
0,burst2,2,READ,0x20000540000,4096
0,burst2,2,READ,0x20000541000,4096
0,burst2,2,READ,0x20000542000,4096
0,burst2,2,READ,0x20000543000,4096
0,burst2,2,READ,0x20000544000,4096
0,burst2,2,READ,0x20000545000,4096
0,burst2,2,READ,0x20000546000,4096
0,burst2,2,READ,0x20000547000,4096
0,burst2,2,READ,0x20000548000,4096
0,burst2,2,READ,0x20000549000,4096
0,burst2,2,READ,0x2000054a000,4096
0,burst2,2,READ,0x2000054b000,4096
0,burst2,2,READ,0x2000054c000,4096
0,burst2,2,READ,0x2000054d000,4096
0,burst2,2,READ,0x2000054e000,4096
0,burst2,2,READ,0x2000054f000,4096
0,burst2,2,READ,0x20000550000,4096
0,burst2,2,READ,0x20000551000,4096
0,burst2,2,READ,0x20000552000,4096
0,burst2,2,READ,0x20000553000,4096
0,burst2,2,READ,0x20000554000,4096
0,burst2,2,READ,0x20000555000,4096
0,burst2,2,READ,0x20000556000,4096
0,burst2,2,READ,0x20000557000,4096
0,burst2,2,READ,0x20000558000,4096
0,burst2,2,READ,0x20000559000,4096
0,burst2,2,READ,0x2000055a000,4096
0,burst2,2,READ,0x2000055b000,4096
0,burst2,2,READ,0x2000055c000,4096
0,burst2,2,READ,0x2000055d000,4096
0,burst2,2,READ,0x2000055e000,4096
0,burst2,2,READ,0x2000055f000,4096
0,burst2,2,READ,0x20000560000,4096
0,burst2,2,READ,0x20000561000,4096
0,burst2,2,READ,0x20000562000,4096
0,burst2,2,READ,0x20000563000,4096
0,burst2,2,READ,0x20000564000,4096
0,burst2,2,READ,0x20000565000,4096
0,burst2,2,READ,0x20000566000,4096
0,burst2,2,READ,0x20000567000,4096
0,burst2,2,READ,0x20000568000,4096
0,burst2,2,READ,0x20000569000,4096
0,burst2,2,READ,0x2000056a000,4096
0,burst2,2,READ,0x2000056b000,4096
0,burst2,2,READ,0x2000056c000,4096
0,burst2,2,READ,0x2000056d000,4096
0,burst2,2,READ,0x2000056e000,4096
0,burst2,2,READ,0x2000056f000,4096
0,burst2,2,READ,0x20000570000,4096
0,burst2,2,READ,0x20000571000,4096
0,burst2,2,READ,0x20000572000,4096
0,burst2,2,READ,0x20000573000,4096
0,burst2,2,READ,0x20000574000,4096
0,burst2,2,READ,0x20000575000,4096
0,burst2,2,READ,0x20000576000,4096
0,burst2,2,READ,0x20000577000,4096
0,burst2,2,READ,0x20000578000,4096
0,burst2,2,READ,0x20000579000,4096
0,burst2,2,READ,0x2000057a000,4096
0,burst2,2,READ,0x2000057b000,4096
0,burst2,2,READ,0x2000057c000,4096
0,burst2,2,READ,0x2000057d000,4096
0,burst2,2,READ,0x2000057e000,4096
0,burst2,2,READ,0x2000057f000,4096
0,burst2,2,READ,0x20000580000,4096
0,burst2,2,READ,0x20000581000,4096
0,burst2,2,READ,0x20000582000,4096
0,burst2,2,READ,0x20000583000,4096
0,burst2,2,READ,0x20000584000,4096
0,burst2,2,READ,0x20000585000,4096
0,burst2,2,READ,0x20000586000,4096
0,burst2,2,READ,0x20000587000,4096
0,burst2,2,READ,0x20000588000,4096
0,burst2,2,READ,0x20000589000,4096
0,burst2,2,READ,0x2000058a000,4096
0,burst2,2,READ,0x2000058b000,4096
0,burst2,2,READ,0x2000058c000,4096
0,burst2,2,READ,0x2000058d000,4096
0,burst2,2,READ,0x2000058e000,4096
0,burst2,2,READ,0x2000058f000,4096
0,burst2,2,READ,0x20000590000,4096
0,burst2,2,READ,0x20000591000,4096
0,burst2,2,READ,0x20000592000,4096
0,burst2,2,READ,0x20000593000,4096
0,burst2,2,READ,0x20000594000,4096
0,burst2,2,READ,0x20000595000,4096
0,burst2,2,READ,0x20000596000,4096
0,burst2,2,READ,0x20000597000,4096
0,burst2,2,READ,0x20000598000,4096
0,burst2,2,READ,0x20000599000,4096
0,burst2,2,READ,0x2000059a000,4096
0,burst2,2,READ,0x2000059b000,4096
0,burst2,2,READ,0x2000059c000,4096
0,burst2,2,READ,0x2000059d000,4096
0,burst2,2,READ,0x2000059e000,4096
0,burst2,2,READ,0x2000059f000,4096
0,burst2,2,READ,0x200005a0000,4096
0,burst2,2,READ,0x200005a1000,4096
0,burst2,2,READ,0x200005a2000,4096
0,burst2,2,READ,0x200005a3000,4096
0,burst2,2,READ,0x200005a4000,4096
0,burst2,2,READ,0x200005a5000,4096
0,burst2,2,READ,0x200005a6000,4096
0,burst2,2,READ,0x200005a7000,4096
0,burst2,2,READ,0x200005a8000,4096
0,burst2,2,READ,0x200005a9000,4096
0,burst2,2,READ,0x200005aa000,4096
0,burst2,2,READ,0x200005ab000,4096
0,burst2,2,READ,0x200005ac000,4096
0,burst2,2,READ,0x200005ad000,4096
0,burst2,2,READ,0x200005ae000,4096
0,burst2,2,READ,0x200005af000,4096
0,burst2,2,READ,0x200005b0000,4096
0,burst2,2,READ,0x200005b1000,4096
0,burst2,2,READ,0x200005b2000,4096
0,burst2,2,READ,0x200005b3000,4096
0,burst2,2,READ,0x200005b4000,4096
0,burst2,2,READ,0x200005b5000,4096
0,burst2,2,READ,0x200005b6000,4096
0,burst2,2,READ,0x200005b7000,4096
0,burst2,2,READ,0x200005b8000,4096
0,burst2,2,READ,0x200005b9000,4096
0,burst2,2,READ,0x200005ba000,4096
0,burst2,2,READ,0x200005bb000,4096
0,burst2,2,READ,0x200005bc000,4096
0,burst2,2,READ,0x200005bd000,4096
0,burst2,2,READ,0x200005be000,4096
0,burst2,2,READ,0x200005bf000,4096
0,burst2,2,READ,0x200005c0000,4096
0,burst2,2,READ,0x200005c1000,4096
0,burst2,2,READ,0x200005c2000,4096
0,burst2,2,READ,0x200005c3000,4096
0,burst2,2,READ,0x200005c4000,4096
0,burst2,2,READ,0x200005c5000,4096
0,burst2,2,READ,0x200005c6000,4096
0,burst2,2,READ,0x200005c7000,4096
0,burst2,2,READ,0x200005c8000,4096
0,burst2,2,READ,0x200005c9000,4096
0,burst2,2,READ,0x200005ca000,4096
0,burst2,2,READ,0x200005cb000,4096
0,burst2,2,READ,0x200005cc000,4096
0,burst2,2,READ,0x200005cd000,4096
0,burst2,2,READ,0x200005ce000,4096
0,burst2,2,READ,0x200005cf000,4096
0,burst2,2,READ,0x200005d0000,4096
0,burst2,2,READ,0x200005d1000,4096
0,burst2,2,READ,0x200005d2000,4096
0,burst2,2,READ,0x200005d3000,4096
0,burst2,2,READ,0x200005d4000,4096
0,burst2,2,READ,0x200005d5000,4096
0,burst2,2,READ,0x200005d6000,4096
0,burst2,2,READ,0x200005d7000,4096
0,burst2,2,READ,0x200005d8000,4096
0,burst2,2,READ,0x200005d9000,4096
0,burst2,2,READ,0x200005da000,4096
0,burst2,2,READ,0x200005db000,4096
0,burst2,2,READ,0x200005dc000,4096
0,burst2,2,READ,0x200005dd000,4096
0,burst2,2,READ,0x200005de000,4096
0,burst2,2,READ,0x200005df000,4096
0,burst2,2,READ,0x200005e0000,4096
0,burst2,2,READ,0x200005e1000,4096
0,burst2,2,READ,0x200005e2000,4096
0,burst2,2,READ,0x200005e3000,4096
0,burst2,2,READ,0x200005e4000,4096
0,burst2,2,READ,0x200005e5000,4096
0,burst2,2,READ,0x200005e6000,4096
0,burst2,2,READ,0x200005e7000,4096
0,burst2,2,READ,0x200005e8000,4096
0,burst2,2,READ,0x200005e9000,4096
0,burst2,2,READ,0x200005ea000,4096
0,burst2,2,READ,0x200005eb000,4096
0,burst2,2,READ,0x200005ec000,4096
0,burst2,2,READ,0x200005ed000,4096
0,burst2,2,READ,0x200005ee000,4096
0,burst2,2,READ,0x200005ef000,4096
0,burst2,2,READ,0x200005f0000,4096
0,burst2,2,READ,0x200005f1000,4096
0,burst2,2,READ,0x200005f2000,4096
0,burst2,2,READ,0x200005f3000,4096
0,burst2,2,READ,0x200005f4000,4096
0,burst2,2,READ,0x200005f5000,4096
0,burst2,2,READ,0x200005f6000,4096
0,burst2,2,READ,0x200005f7000,4096
0,burst2,2,READ,0x200005f8000,4096
0,burst2,2,READ,0x200005f9000,4096
0,burst2,2,READ,0x200005fa000,4096
0,burst2,2,READ,0x200005fb000,4096
0,burst2,2,READ,0x200005fc000,4096
0,burst2,2,READ,0x200005fd000,4096
0,burst2,2,READ,0x200005fe000,4096
0,burst2,2,READ,0x200005ff000,4096
0,burst2,2,READ,0x20000600000,4096
0,burst2,2,READ,0x20000601000,4096
0,burst2,2,READ,0x20000602000,4096
0,burst2,2,READ,0x20000603000,4096
0,burst2,2,READ,0x20000604000,4096
0,burst2,2,READ,0x20000605000,4096
0,burst2,2,READ,0x20000606000,4096
0,burst2,2,READ,0x20000607000,4096
0,burst2,2,READ,0x20000608000,4096
0,burst2,2,READ,0x20000609000,4096
0,burst2,2,READ,0x2000060a000,4096
0,burst2,2,READ,0x2000060b000,4096
0,burst2,2,READ,0x2000060c000,4096
0,burst2,2,READ,0x2000060d000,4096
0,burst2,2,READ,0x2000060e000,4096
0,burst2,2,READ,0x2000060f000,4096
0,burst2,2,READ,0x20000610000,4096
0,burst2,2,READ,0x20000611000,4096
0,burst2,2,READ,0x20000612000,4096
0,burst2,2,READ,0x20000613000,4096
0,burst2,2,READ,0x20000614000,4096
0,burst2,2,READ,0x20000615000,4096
0,burst2,2,READ,0x20000616000,4096
0,burst2,2,READ,0x20000617000,4096
0,burst2,2,READ,0x20000618000,4096
0,burst2,2,READ,0x20000619000,4096
0,burst2,2,READ,0x2000061a000,4096
0,burst2,2,READ,0x2000061b000,4096
0,burst2,2,READ,0x2000061c000,4096
0,burst2,2,READ,0x2000061d000,4096
0,burst2,2,READ,0x2000061e000,4096
0,burst2,2,READ,0x2000061f000,4096
0,burst2,2,READ,0x20000620000,4096
0,burst2,2,READ,0x20000621000,4096
0,burst2,2,READ,0x20000622000,4096
0,burst2,2,READ,0x20000623000,4096
0,burst2,2,READ,0x20000624000,4096
0,burst2,2,READ,0x20000625000,4096
0,burst2,2,READ,0x20000626000,4096
0,burst2,2,READ,0x20000627000,4096
0,burst2,2,READ,0x20000628000,4096
0,burst2,2,READ,0x20000629000,4096
0,burst2,2,READ,0x2000062a000,4096
0,burst2,2,READ,0x2000062b000,4096
0,burst2,2,READ,0x2000062c000,4096
0,burst2,2,READ,0x2000062d000,4096
0,burst2,2,READ,0x2000062e000,4096
0,burst2,2,READ,0x2000062f000,4096
0,burst2,2,READ,0x20000630000,4096
0,burst2,2,READ,0x20000631000,4096
0,burst2,2,READ,0x20000632000,4096
0,burst2,2,READ,0x20000633000,4096
0,burst2,2,READ,0x20000634000,4096
0,burst2,2,READ,0x20000635000,4096
0,burst2,2,READ,0x20000636000,4096
0,burst2,2,READ,0x20000637000,4096
0,burst2,2,READ,0x20000638000,4096
0,burst2,2,READ,0x20000639000,4096
0,burst2,2,READ,0x2000063a000,4096
0,burst2,2,READ,0x2000063b000,4096
0,burst2,2,READ,0x2000063c000,4096
0,burst2,2,READ,0x2000063d000,4096
0,burst2,2,READ,0x2000063e000,4096
0,burst2,2,READ,0x2000063f000,4096
0,burst2,2,READ,0x20000640000,4096
0,burst2,2,READ,0x20000641000,4096
0,burst2,2,READ,0x20000642000,4096
0,burst2,2,READ,0x20000643000,4096
0,burst2,2,READ,0x20000644000,4096
0,burst2,2,READ,0x20000645000,4096
0,burst2,2,READ,0x20000646000,4096
0,burst2,2,READ,0x20000647000,4096
0,burst2,2,READ,0x20000648000,4096
0,burst2,2,READ,0x20000649000,4096
0,burst2,2,READ,0x2000064a000,4096
0,burst2,2,READ,0x2000064b000,4096
0,burst2,2,READ,0x2000064c000,4096
0,burst2,2,READ,0x2000064d000,4096
0,burst2,2,READ,0x2000064e000,4096
0,burst2,2,READ,0x2000064f000,4096
0,burst2,2,READ,0x20000650000,4096
0,burst2,2,READ,0x20000651000,4096
0,burst2,2,READ,0x20000652000,4096
0,burst2,2,READ,0x20000653000,4096
0,burst2,2,READ,0x20000654000,4096
0,burst2,2,READ,0x20000655000,4096
0,burst2,2,READ,0x20000656000,4096
0,burst2,2,READ,0x20000657000,4096
0,burst2,2,READ,0x20000658000,4096
0,burst2,2,READ,0x20000659000,4096
0,burst2,2,READ,0x2000065a000,4096
0,burst2,2,READ,0x2000065b000,4096
0,burst2,2,READ,0x2000065c000,4096
0,burst2,2,READ,0x2000065d000,4096
0,burst2,2,READ,0x2000065e000,4096
0,burst2,2,READ,0x2000065f000,4096
0,burst2,2,READ,0x20000660000,4096
0,burst2,2,READ,0x20000661000,4096
0,burst2,2,READ,0x20000662000,4096
0,burst2,2,READ,0x20000663000,4096
0,burst2,2,READ,0x20000664000,4096
0,burst2,2,READ,0x20000665000,4096
0,burst2,2,READ,0x20000666000,4096
0,burst2,2,READ,0x20000667000,4096
0,burst2,2,READ,0x20000668000,4096
0,burst2,2,READ,0x20000669000,4096
0,burst2,2,READ,0x2000066a000,4096
0,burst2,2,READ,0x2000066b000,4096
0,burst2,2,READ,0x2000066c000,4096
0,burst2,2,READ,0x2000066d000,4096
0,burst2,2,READ,0x2000066e000,4096
0,burst2,2,READ,0x2000066f000,4096
0,burst2,2,READ,0x20000670000,4096
0,burst2,2,READ,0x20000671000,4096
0,burst2,2,READ,0x20000672000,4096
0,burst2,2,READ,0x20000673000,4096
0,burst2,2,READ,0x20000674000,4096
0,burst2,2,READ,0x20000675000,4096
0,burst2,2,READ,0x20000676000,4096
0,burst2,2,READ,0x20000677000,4096
0,burst2,2,READ,0x20000678000,4096
0,burst2,2,READ,0x20000679000,4096
0,burst2,2,READ,0x2000067a000,4096
0,burst2,2,READ,0x2000067b000,4096
0,burst2,2,READ,0x2000067c000,4096
0,burst2,2,READ,0x2000067d000,4096
0,burst2,2,READ,0x2000067e000,4096
0,burst2,2,READ,0x2000067f000,4096
0,burst2,2,READ,0x20000680000,4096
0,burst2,2,READ,0x20000681000,4096
0,burst2,2,READ,0x20000682000,4096
0,burst2,2,READ,0x20000683000,4096
0,burst2,2,READ,0x20000684000,4096
0,burst2,2,READ,0x20000685000,4096
0,burst2,2,READ,0x20000686000,4096
0,burst2,2,READ,0x20000687000,4096
0,burst2,2,READ,0x20000688000,4096
0,burst2,2,READ,0x20000689000,4096
0,burst2,2,READ,0x2000068a000,4096
0,burst2,2,READ,0x2000068b000,4096
0,burst2,2,READ,0x2000068c000,4096
0,burst2,2,READ,0x2000068d000,4096
0,burst2,2,READ,0x2000068e000,4096
0,burst2,2,READ,0x2000068f000,4096
0,burst2,2,READ,0x20000690000,4096
0,burst2,2,READ,0x20000691000,4096
0,burst2,2,READ,0x20000692000,4096
0,burst2,2,READ,0x20000693000,4096
0,burst2,2,READ,0x20000694000,4096
0,burst2,2,READ,0x20000695000,4096
0,burst2,2,READ,0x20000696000,4096
0,burst2,2,READ,0x20000697000,4096
0,burst2,2,READ,0x20000698000,4096
0,burst2,2,READ,0x20000699000,4096
0,burst2,2,READ,0x2000069a000,4096
0,burst2,2,READ,0x2000069b000,4096
0,burst2,2,READ,0x2000069c000,4096
0,burst2,2,READ,0x2000069d000,4096
0,burst2,2,READ,0x2000069e000,4096
0,burst2,2,READ,0x2000069f000,4096
0,burst2,2,READ,0x200006a0000,4096
0,burst2,2,READ,0x200006a1000,4096
0,burst2,2,READ,0x200006a2000,4096
0,burst2,2,READ,0x200006a3000,4096
0,burst2,2,READ,0x200006a4000,4096
0,burst2,2,READ,0x200006a5000,4096
0,burst2,2,READ,0x200006a6000,4096
0,burst2,2,READ,0x200006a7000,4096
0,burst2,2,READ,0x200006a8000,4096
0,burst2,2,READ,0x200006a9000,4096
0,burst2,2,READ,0x200006aa000,4096
0,burst2,2,READ,0x200006ab000,4096
0,burst2,2,READ,0x200006ac000,4096
0,burst2,2,READ,0x200006ad000,4096
0,burst2,2,READ,0x200006ae000,4096
0,burst2,2,READ,0x200006af000,4096
0,burst2,2,READ,0x200006b0000,4096
0,burst2,2,READ,0x200006b1000,4096
0,burst2,2,READ,0x200006b2000,4096
0,burst2,2,READ,0x200006b3000,4096
0,burst2,2,READ,0x200006b4000,4096
0,burst2,2,READ,0x200006b5000,4096
0,burst2,2,READ,0x200006b6000,4096
0,burst2,2,READ,0x200006b7000,4096
0,burst2,2,READ,0x200006b8000,4096
0,burst2,2,READ,0x200006b9000,4096
0,burst2,2,READ,0x200006ba000,4096
0,burst2,2,READ,0x200006bb000,4096
0,burst2,2,READ,0x200006bc000,4096
0,burst2,2,READ,0x200006bd000,4096
0,burst2,2,READ,0x200006be000,4096
0,burst2,2,READ,0x200006bf000,4096
0,burst2,2,READ,0x200006c0000,4096
0,burst2,2,READ,0x200006c1000,4096
0,burst2,2,READ,0x200006c2000,4096
0,burst2,2,READ,0x200006c3000,4096
0,burst2,2,READ,0x200006c4000,4096
0,burst2,2,READ,0x200006c5000,4096
0,burst2,2,READ,0x200006c6000,4096
0,burst2,2,READ,0x200006c7000,4096
0,burst2,2,READ,0x200006c8000,4096
0,burst2,2,READ,0x200006c9000,4096
0,burst2,2,READ,0x200006ca000,4096
0,burst2,2,READ,0x200006cb000,4096
0,burst2,2,READ,0x200006cc000,4096
0,burst2,2,READ,0x200006cd000,4096
0,burst2,2,READ,0x200006ce000,4096
0,burst2,2,READ,0x200006cf000,4096
0,burst2,2,READ,0x200006d0000,4096
0,burst2,2,READ,0x200006d1000,4096
0,burst2,2,READ,0x200006d2000,4096
0,burst2,2,READ,0x200006d3000,4096
0,burst2,2,READ,0x200006d4000,4096
0,burst2,2,READ,0x200006d5000,4096
0,burst2,2,READ,0x200006d6000,4096
0,burst2,2,READ,0x200006d7000,4096
0,burst2,2,READ,0x200006d8000,4096
0,burst2,2,READ,0x200006d9000,4096
0,burst2,2,READ,0x200006da000,4096
0,burst2,2,READ,0x200006db000,4096
0,burst2,2,READ,0x200006dc000,4096
0,burst2,2,READ,0x200006dd000,4096
0,burst2,2,READ,0x200006de000,4096
0,burst2,2,READ,0x200006df000,4096
0,burst2,2,READ,0x200006e0000,4096
0,burst2,2,READ,0x200006e1000,4096
0,burst2,2,READ,0x200006e2000,4096
0,burst2,2,READ,0x200006e3000,4096
0,burst2,2,READ,0x200006e4000,4096
0,burst2,2,READ,0x200006e5000,4096
0,burst2,2,READ,0x200006e6000,4096
0,burst2,2,READ,0x200006e7000,4096
0,burst2,2,READ,0x200006e8000,4096
0,burst2,2,READ,0x200006e9000,4096
0,burst2,2,READ,0x200006ea000,4096
0,burst2,2,READ,0x200006eb000,4096
0,burst2,2,READ,0x200006ec000,4096
0,burst2,2,READ,0x200006ed000,4096
0,burst2,2,READ,0x200006ee000,4096
0,burst2,2,READ,0x200006ef000,4096
0,burst2,2,READ,0x200006f0000,4096
0,burst2,2,READ,0x200006f1000,4096
0,burst2,2,READ,0x200006f2000,4096
0,burst2,2,READ,0x200006f3000,4096
0,burst2,2,READ,0x200006f4000,4096
0,burst2,2,READ,0x200006f5000,4096
0,burst2,2,READ,0x200006f6000,4096
0,burst2,2,READ,0x200006f7000,4096
0,burst2,2,READ,0x200006f8000,4096
0,burst2,2,READ,0x200006f9000,4096
0,burst2,2,READ,0x200006fa000,4096
0,burst2,2,READ,0x200006fb000,4096
0,burst2,2,READ,0x200006fc000,4096
0,burst2,2,READ,0x200006fd000,4096
0,burst2,2,READ,0x200006fe000,4096
0,burst2,2,READ,0x200006ff000,4096
0,burst2,2,READ,0x20000700000,4096
0,burst2,2,READ,0x20000701000,4096
0,burst2,2,READ,0x20000702000,4096
0,burst2,2,READ,0x20000703000,4096
0,burst2,2,READ,0x20000704000,4096
0,burst2,2,READ,0x20000705000,4096
0,burst2,2,READ,0x20000706000,4096
0,burst2,2,READ,0x20000707000,4096
0,burst2,2,READ,0x20000708000,4096
0,burst2,2,READ,0x20000709000,4096
0,burst2,2,READ,0x2000070a000,4096
0,burst2,2,READ,0x2000070b000,4096
0,burst2,2,READ,0x2000070c000,4096
0,burst2,2,READ,0x2000070d000,4096
0,burst2,2,READ,0x2000070e000,4096
0,burst2,2,READ,0x2000070f000,4096
0,burst2,2,READ,0x20000710000,4096
0,burst2,2,READ,0x20000711000,4096
0,burst2,2,READ,0x20000712000,4096
0,burst2,2,READ,0x20000713000,4096
0,burst2,2,READ,0x20000714000,4096
0,burst2,2,READ,0x20000715000,4096
0,burst2,2,READ,0x20000716000,4096
0,burst2,2,READ,0x20000717000,4096
0,burst2,2,READ,0x20000718000,4096
0,burst2,2,READ,0x20000719000,4096
0,burst2,2,READ,0x2000071a000,4096
0,burst2,2,READ,0x2000071b000,4096
0,burst2,2,READ,0x2000071c000,4096
0,burst2,2,READ,0x2000071d000,4096
0,burst2,2,READ,0x2000071e000,4096
0,burst2,2,READ,0x2000071f000,4096
0,burst2,2,READ,0x20000720000,4096
0,burst2,2,READ,0x20000721000,4096
0,burst2,2,READ,0x20000722000,4096
0,burst2,2,READ,0x20000723000,4096
0,burst2,2,READ,0x20000724000,4096
0,burst2,2,READ,0x20000725000,4096
0,burst2,2,READ,0x20000726000,4096
0,burst2,2,READ,0x20000727000,4096
0,burst2,2,READ,0x20000728000,4096
0,burst2,2,READ,0x20000729000,4096
0,burst2,2,READ,0x2000072a000,4096
0,burst2,2,READ,0x2000072b000,4096
0,burst2,2,READ,0x2000072c000,4096
0,burst2,2,READ,0x2000072d000,4096
0,burst2,2,READ,0x2000072e000,4096
0,burst2,2,READ,0x2000072f000,4096
0,burst2,2,READ,0x20000730000,4096
0,burst2,2,READ,0x20000731000,4096
0,burst2,2,READ,0x20000732000,4096
0,burst2,2,READ,0x20000733000,4096
0,burst2,2,READ,0x20000734000,4096
0,burst2,2,READ,0x20000735000,4096
0,burst2,2,READ,0x20000736000,4096
0,burst2,2,READ,0x20000737000,4096
0,burst2,2,READ,0x20000738000,4096
0,burst2,2,READ,0x20000739000,4096
0,burst2,2,READ,0x2000073a000,4096
0,burst2,2,READ,0x2000073b000,4096
0,burst2,2,READ,0x2000073c000,4096
0,burst2,2,READ,0x2000073d000,4096
0,burst2,2,READ,0x2000073e000,4096
0,burst2,2,READ,0x2000073f000,4096
0,burst2,2,READ,0x20000740000,4096
0,burst2,2,READ,0x20000741000,4096
0,burst2,2,READ,0x20000742000,4096
0,burst2,2,READ,0x20000743000,4096
0,burst2,2,READ,0x20000744000,4096
0,burst2,2,READ,0x20000745000,4096
0,burst2,2,READ,0x20000746000,4096
0,burst2,2,READ,0x20000747000,4096
0,burst2,2,READ,0x20000748000,4096
0,burst2,2,READ,0x20000749000,4096
0,burst2,2,READ,0x2000074a000,4096
0,burst2,2,READ,0x2000074b000,4096
0,burst2,2,READ,0x2000074c000,4096
0,burst2,2,READ,0x2000074d000,4096
0,burst2,2,READ,0x2000074e000,4096
0,burst2,2,READ,0x2000074f000,4096
0,burst2,2,READ,0x20000750000,4096
0,burst2,2,READ,0x20000751000,4096
0,burst2,2,READ,0x20000752000,4096
0,burst2,2,READ,0x20000753000,4096
0,burst2,2,READ,0x20000754000,4096
0,burst2,2,READ,0x20000755000,4096
0,burst2,2,READ,0x20000756000,4096
0,burst2,2,READ,0x20000757000,4096
0,burst2,2,READ,0x20000758000,4096
0,burst2,2,READ,0x20000759000,4096
0,burst2,2,READ,0x2000075a000,4096
0,burst2,2,READ,0x2000075b000,4096
0,burst2,2,READ,0x2000075c000,4096
0,burst2,2,READ,0x2000075d000,4096
0,burst2,2,READ,0x2000075e000,4096
0,burst2,2,READ,0x2000075f000,4096
0,burst2,2,READ,0x20000760000,4096
0,burst2,2,READ,0x20000761000,4096
0,burst2,2,READ,0x20000762000,4096
0,burst2,2,READ,0x20000763000,4096
0,burst2,2,READ,0x20000764000,4096
0,burst2,2,READ,0x20000765000,4096
0,burst2,2,READ,0x20000766000,4096
0,burst2,2,READ,0x20000767000,4096
0,burst2,2,READ,0x20000768000,4096
0,burst2,2,READ,0x20000769000,4096
0,burst2,2,READ,0x2000076a000,4096
0,burst2,2,READ,0x2000076b000,4096
0,burst2,2,READ,0x2000076c000,4096
0,burst2,2,READ,0x2000076d000,4096
0,burst2,2,READ,0x2000076e000,4096
0,burst2,2,READ,0x2000076f000,4096
0,burst2,2,READ,0x20000770000,4096
0,burst2,2,READ,0x20000771000,4096
0,burst2,2,READ,0x20000772000,4096
0,burst2,2,READ,0x20000773000,4096
0,burst2,2,READ,0x20000774000,4096
0,burst2,2,READ,0x20000775000,4096
0,burst2,2,READ,0x20000776000,4096
0,burst2,2,READ,0x20000777000,4096
0,burst2,2,READ,0x20000778000,4096
0,burst2,2,READ,0x20000779000,4096
0,burst2,2,READ,0x2000077a000,4096
0,burst2,2,READ,0x2000077b000,4096
0,burst2,2,READ,0x2000077c000,4096
0,burst2,2,READ,0x2000077d000,4096
0,burst2,2,READ,0x2000077e000,4096
0,burst2,2,READ,0x2000077f000,4096
0,burst2,2,READ,0x20000780000,4096
0,burst2,2,READ,0x20000781000,4096
0,burst2,2,READ,0x20000782000,4096
0,burst2,2,READ,0x20000783000,4096
0,burst2,2,READ,0x20000784000,4096
0,burst2,2,READ,0x20000785000,4096
0,burst2,2,READ,0x20000786000,4096
0,burst2,2,READ,0x20000787000,4096
0,burst2,2,READ,0x20000788000,4096
0,burst2,2,READ,0x20000789000,4096
0,burst2,2,READ,0x2000078a000,4096
0,burst2,2,READ,0x2000078b000,4096
0,burst2,2,READ,0x2000078c000,4096
0,burst2,2,READ,0x2000078d000,4096
0,burst2,2,READ,0x2000078e000,4096
0,burst2,2,READ,0x2000078f000,4096
0,burst2,2,READ,0x20000790000,4096
0,burst2,2,READ,0x20000791000,4096
0,burst2,2,READ,0x20000792000,4096
0,burst2,2,READ,0x20000793000,4096
0,burst2,2,READ,0x20000794000,4096
0,burst2,2,READ,0x20000795000,4096
0,burst2,2,READ,0x20000796000,4096
0,burst2,2,READ,0x20000797000,4096
0,burst2,2,READ,0x20000798000,4096
0,burst2,2,READ,0x20000799000,4096
0,burst2,2,READ,0x2000079a000,4096
0,burst2,2,READ,0x2000079b000,4096
0,burst2,2,READ,0x2000079c000,4096
0,burst2,2,READ,0x2000079d000,4096
0,burst2,2,READ,0x2000079e000,4096
0,burst2,2,READ,0x2000079f000,4096
0,burst2,2,READ,0x200007a0000,4096
0,burst2,2,READ,0x200007a1000,4096
0,burst2,2,READ,0x200007a2000,4096
0,burst2,2,READ,0x200007a3000,4096
0,burst2,2,READ,0x200007a4000,4096
0,burst2,2,READ,0x200007a5000,4096
0,burst2,2,READ,0x200007a6000,4096
0,burst2,2,READ,0x200007a7000,4096
0,burst2,2,READ,0x200007a8000,4096
0,burst2,2,READ,0x200007a9000,4096
0,burst2,2,READ,0x200007aa000,4096
0,burst2,2,READ,0x200007ab000,4096
0,burst2,2,READ,0x200007ac000,4096
0,burst2,2,READ,0x200007ad000,4096
0,burst2,2,READ,0x200007ae000,4096
0,burst2,2,READ,0x200007af000,4096
0,burst2,2,READ,0x200007b0000,4096
0,burst2,2,READ,0x200007b1000,4096
0,burst2,2,READ,0x200007b2000,4096
0,burst2,2,READ,0x200007b3000,4096
0,burst2,2,READ,0x200007b4000,4096
0,burst2,2,READ,0x200007b5000,4096
0,burst2,2,READ,0x200007b6000,4096
0,burst2,2,READ,0x200007b7000,4096
0,burst2,2,READ,0x200007b8000,4096
0,burst2,2,READ,0x200007b9000,4096
0,burst2,2,READ,0x200007ba000,4096
0,burst2,2,READ,0x200007bb000,4096
0,burst2,2,READ,0x200007bc000,4096
0,burst2,2,READ,0x200007bd000,4096
0,burst2,2,READ,0x200007be000,4096
0,burst2,2,READ,0x200007bf000,4096
0,burst2,2,READ,0x200007c0000,4096
0,burst2,2,READ,0x200007c1000,4096
0,burst2,2,READ,0x200007c2000,4096
0,burst2,2,READ,0x200007c3000,4096
0,burst2,2,READ,0x200007c4000,4096
0,burst2,2,READ,0x200007c5000,4096
0,burst2,2,READ,0x200007c6000,4096
0,burst2,2,READ,0x200007c7000,4096
0,burst2,2,READ,0x200007c8000,4096
0,burst2,2,READ,0x200007c9000,4096
0,burst2,2,READ,0x200007ca000,4096
0,burst2,2,READ,0x200007cb000,4096
0,burst2,2,READ,0x200007cc000,4096
0,burst2,2,READ,0x200007cd000,4096
0,burst2,2,READ,0x200007ce000,4096
0,burst2,2,READ,0x200007cf000,4096
0,burst3,3,READ,0x30000000000,4096
0,burst3,3,READ,0x30000001000,4096
0,burst3,3,READ,0x30000002000,4096
0,burst3,3,READ,0x30000003000,4096
0,burst3,3,READ,0x30000004000,4096
0,burst3,3,READ,0x30000005000,4096
0,burst3,3,READ,0x30000006000,4096
0,burst3,3,READ,0x30000007000,4096
0,burst3,3,READ,0x30000008000,4096
0,burst3,3,READ,0x30000009000,4096
0,burst3,3,READ,0x3000000a000,4096
0,burst3,3,READ,0x3000000b000,4096
0,burst3,3,READ,0x3000000c000,4096
0,burst3,3,READ,0x3000000d000,4096
0,burst3,3,READ,0x3000000e000,4096
0,burst3,3,READ,0x3000000f000,4096
0,burst3,3,READ,0x30000010000,4096
0,burst3,3,READ,0x30000011000,4096
0,burst3,3,READ,0x30000012000,4096
0,burst3,3,READ,0x30000013000,4096
0,burst3,3,READ,0x30000014000,4096
0,burst3,3,READ,0x30000015000,4096
0,burst3,3,READ,0x30000016000,4096
0,burst3,3,READ,0x30000017000,4096
0,burst3,3,READ,0x30000018000,4096
0,burst3,3,READ,0x30000019000,4096
0,burst3,3,READ,0x3000001a000,4096
0,burst3,3,READ,0x3000001b000,4096
0,burst3,3,READ,0x3000001c000,4096
0,burst3,3,READ,0x3000001d000,4096
0,burst3,3,READ,0x3000001e000,4096
0,burst3,3,READ,0x3000001f000,4096
0,burst3,3,READ,0x30000020000,4096
0,burst3,3,READ,0x30000021000,4096
0,burst3,3,READ,0x30000022000,4096
0,burst3,3,READ,0x30000023000,4096
0,burst3,3,READ,0x30000024000,4096
0,burst3,3,READ,0x30000025000,4096
0,burst3,3,READ,0x30000026000,4096
0,burst3,3,READ,0x30000027000,4096
0,burst3,3,READ,0x30000028000,4096
0,burst3,3,READ,0x30000029000,4096
0,burst3,3,READ,0x3000002a000,4096
0,burst3,3,READ,0x3000002b000,4096
0,burst3,3,READ,0x3000002c000,4096
0,burst3,3,READ,0x3000002d000,4096
0,burst3,3,READ,0x3000002e000,4096
0,burst3,3,READ,0x3000002f000,4096
0,burst3,3,READ,0x30000030000,4096
0,burst3,3,READ,0x30000031000,4096
0,burst3,3,READ,0x30000032000,4096
0,burst3,3,READ,0x30000033000,4096
0,burst3,3,READ,0x30000034000,4096
0,burst3,3,READ,0x30000035000,4096
0,burst3,3,READ,0x30000036000,4096
0,burst3,3,READ,0x30000037000,4096
0,burst3,3,READ,0x30000038000,4096
0,burst3,3,READ,0x30000039000,4096
0,burst3,3,READ,0x3000003a000,4096
0,burst3,3,READ,0x3000003b000,4096
0,burst3,3,READ,0x3000003c000,4096
0,burst3,3,READ,0x3000003d000,4096
0,burst3,3,READ,0x3000003e000,4096
0,burst3,3,READ,0x3000003f000,4096
0,burst3,3,READ,0x30000040000,4096
0,burst3,3,READ,0x30000041000,4096
0,burst3,3,READ,0x30000042000,4096
0,burst3,3,READ,0x30000043000,4096
0,burst3,3,READ,0x30000044000,4096
0,burst3,3,READ,0x30000045000,4096
0,burst3,3,READ,0x30000046000,4096
0,burst3,3,READ,0x30000047000,4096
0,burst3,3,READ,0x30000048000,4096
0,burst3,3,READ,0x30000049000,4096
0,burst3,3,READ,0x3000004a000,4096
0,burst3,3,READ,0x3000004b000,4096
0,burst3,3,READ,0x3000004c000,4096
0,burst3,3,READ,0x3000004d000,4096
0,burst3,3,READ,0x3000004e000,4096
0,burst3,3,READ,0x3000004f000,4096
0,burst3,3,READ,0x30000050000,4096
0,burst3,3,READ,0x30000051000,4096
0,burst3,3,READ,0x30000052000,4096
0,burst3,3,READ,0x30000053000,4096
0,burst3,3,READ,0x30000054000,4096
0,burst3,3,READ,0x30000055000,4096
0,burst3,3,READ,0x30000056000,4096
0,burst3,3,READ,0x30000057000,4096
0,burst3,3,READ,0x30000058000,4096
0,burst3,3,READ,0x30000059000,4096
0,burst3,3,READ,0x3000005a000,4096
0,burst3,3,READ,0x3000005b000,4096
0,burst3,3,READ,0x3000005c000,4096
0,burst3,3,READ,0x3000005d000,4096
0,burst3,3,READ,0x3000005e000,4096
0,burst3,3,READ,0x3000005f000,4096
0,burst3,3,READ,0x30000060000,4096
0,burst3,3,READ,0x30000061000,4096
0,burst3,3,READ,0x30000062000,4096
0,burst3,3,READ,0x30000063000,4096
0,burst3,3,READ,0x30000064000,4096
0,burst3,3,READ,0x30000065000,4096
0,burst3,3,READ,0x30000066000,4096
0,burst3,3,READ,0x30000067000,4096
0,burst3,3,READ,0x30000068000,4096
0,burst3,3,READ,0x30000069000,4096
0,burst3,3,READ,0x3000006a000,4096
0,burst3,3,READ,0x3000006b000,4096
0,burst3,3,READ,0x3000006c000,4096
0,burst3,3,READ,0x3000006d000,4096
0,burst3,3,READ,0x3000006e000,4096
0,burst3,3,READ,0x3000006f000,4096
0,burst3,3,READ,0x30000070000,4096
0,burst3,3,READ,0x30000071000,4096
0,burst3,3,READ,0x30000072000,4096
0,burst3,3,READ,0x30000073000,4096
0,burst3,3,READ,0x30000074000,4096
0,burst3,3,READ,0x30000075000,4096
0,burst3,3,READ,0x30000076000,4096
0,burst3,3,READ,0x30000077000,4096
0,burst3,3,READ,0x30000078000,4096
0,burst3,3,READ,0x30000079000,4096
0,burst3,3,READ,0x3000007a000,4096
0,burst3,3,READ,0x3000007b000,4096
0,burst3,3,READ,0x3000007c000,4096
0,burst3,3,READ,0x3000007d000,4096
0,burst3,3,READ,0x3000007e000,4096
0,burst3,3,READ,0x3000007f000,4096
0,burst3,3,READ,0x30000080000,4096
0,burst3,3,READ,0x30000081000,4096
0,burst3,3,READ,0x30000082000,4096
0,burst3,3,READ,0x30000083000,4096
0,burst3,3,READ,0x30000084000,4096
0,burst3,3,READ,0x30000085000,4096
0,burst3,3,READ,0x30000086000,4096
0,burst3,3,READ,0x30000087000,4096
0,burst3,3,READ,0x30000088000,4096
0,burst3,3,READ,0x30000089000,4096
0,burst3,3,READ,0x3000008a000,4096
0,burst3,3,READ,0x3000008b000,4096
0,burst3,3,READ,0x3000008c000,4096
0,burst3,3,READ,0x3000008d000,4096
0,burst3,3,READ,0x3000008e000,4096
0,burst3,3,READ,0x3000008f000,4096
0,burst3,3,READ,0x30000090000,4096
0,burst3,3,READ,0x30000091000,4096
0,burst3,3,READ,0x30000092000,4096
0,burst3,3,READ,0x30000093000,4096
0,burst3,3,READ,0x30000094000,4096
0,burst3,3,READ,0x30000095000,4096
0,burst3,3,READ,0x30000096000,4096
0,burst3,3,READ,0x30000097000,4096
0,burst3,3,READ,0x30000098000,4096
0,burst3,3,READ,0x30000099000,4096
0,burst3,3,READ,0x3000009a000,4096
0,burst3,3,READ,0x3000009b000,4096
0,burst3,3,READ,0x3000009c000,4096
0,burst3,3,READ,0x3000009d000,4096
0,burst3,3,READ,0x3000009e000,4096
0,burst3,3,READ,0x3000009f000,4096
0,burst3,3,READ,0x300000a0000,4096
0,burst3,3,READ,0x300000a1000,4096
0,burst3,3,READ,0x300000a2000,4096
0,burst3,3,READ,0x300000a3000,4096
0,burst3,3,READ,0x300000a4000,4096
0,burst3,3,READ,0x300000a5000,4096
0,burst3,3,READ,0x300000a6000,4096
0,burst3,3,READ,0x300000a7000,4096
0,burst3,3,READ,0x300000a8000,4096
0,burst3,3,READ,0x300000a9000,4096
0,burst3,3,READ,0x300000aa000,4096
0,burst3,3,READ,0x300000ab000,4096
0,burst3,3,READ,0x300000ac000,4096
0,burst3,3,READ,0x300000ad000,4096
0,burst3,3,READ,0x300000ae000,4096
0,burst3,3,READ,0x300000af000,4096
0,burst3,3,READ,0x300000b0000,4096
0,burst3,3,READ,0x300000b1000,4096
0,burst3,3,READ,0x300000b2000,4096
0,burst3,3,READ,0x300000b3000,4096
0,burst3,3,READ,0x300000b4000,4096
0,burst3,3,READ,0x300000b5000,4096
0,burst3,3,READ,0x300000b6000,4096
0,burst3,3,READ,0x300000b7000,4096
0,burst3,3,READ,0x300000b8000,4096
0,burst3,3,READ,0x300000b9000,4096
0,burst3,3,READ,0x300000ba000,4096
0,burst3,3,READ,0x300000bb000,4096
0,burst3,3,READ,0x300000bc000,4096
0,burst3,3,READ,0x300000bd000,4096
0,burst3,3,READ,0x300000be000,4096
0,burst3,3,READ,0x300000bf000,4096
0,burst3,3,READ,0x300000c0000,4096
0,burst3,3,READ,0x300000c1000,4096
0,burst3,3,READ,0x300000c2000,4096
0,burst3,3,READ,0x300000c3000,4096
0,burst3,3,READ,0x300000c4000,4096
0,burst3,3,READ,0x300000c5000,4096
0,burst3,3,READ,0x300000c6000,4096
0,burst3,3,READ,0x300000c7000,4096
0,burst3,3,READ,0x300000c8000,4096
0,burst3,3,READ,0x300000c9000,4096
0,burst3,3,READ,0x300000ca000,4096
0,burst3,3,READ,0x300000cb000,4096
0,burst3,3,READ,0x300000cc000,4096
0,burst3,3,READ,0x300000cd000,4096
0,burst3,3,READ,0x300000ce000,4096
0,burst3,3,READ,0x300000cf000,4096
0,burst3,3,READ,0x300000d0000,4096
0,burst3,3,READ,0x300000d1000,4096
0,burst3,3,READ,0x300000d2000,4096
0,burst3,3,READ,0x300000d3000,4096
0,burst3,3,READ,0x300000d4000,4096
0,burst3,3,READ,0x300000d5000,4096
0,burst3,3,READ,0x300000d6000,4096
0,burst3,3,READ,0x300000d7000,4096
0,burst3,3,READ,0x300000d8000,4096
0,burst3,3,READ,0x300000d9000,4096
0,burst3,3,READ,0x300000da000,4096
0,burst3,3,READ,0x300000db000,4096
0,burst3,3,READ,0x300000dc000,4096
0,burst3,3,READ,0x300000dd000,4096
0,burst3,3,READ,0x300000de000,4096
0,burst3,3,READ,0x300000df000,4096
0,burst3,3,READ,0x300000e0000,4096
0,burst3,3,READ,0x300000e1000,4096
0,burst3,3,READ,0x300000e2000,4096
0,burst3,3,READ,0x300000e3000,4096
0,burst3,3,READ,0x300000e4000,4096
0,burst3,3,READ,0x300000e5000,4096
0,burst3,3,READ,0x300000e6000,4096
0,burst3,3,READ,0x300000e7000,4096
0,burst3,3,READ,0x300000e8000,4096
0,burst3,3,READ,0x300000e9000,4096
0,burst3,3,READ,0x300000ea000,4096
0,burst3,3,READ,0x300000eb000,4096
0,burst3,3,READ,0x300000ec000,4096
0,burst3,3,READ,0x300000ed000,4096
0,burst3,3,READ,0x300000ee000,4096
0,burst3,3,READ,0x300000ef000,4096
0,burst3,3,READ,0x300000f0000,4096
0,burst3,3,READ,0x300000f1000,4096
0,burst3,3,READ,0x300000f2000,4096
0,burst3,3,READ,0x300000f3000,4096
0,burst3,3,READ,0x300000f4000,4096
0,burst3,3,READ,0x300000f5000,4096
0,burst3,3,READ,0x300000f6000,4096
0,burst3,3,READ,0x300000f7000,4096
0,burst3,3,READ,0x300000f8000,4096
0,burst3,3,READ,0x300000f9000,4096
0,burst3,3,READ,0x300000fa000,4096
0,burst3,3,READ,0x300000fb000,4096
0,burst3,3,READ,0x300000fc000,4096
0,burst3,3,READ,0x300000fd000,4096
0,burst3,3,READ,0x300000fe000,4096
0,burst3,3,READ,0x300000ff000,4096
0,burst3,3,READ,0x30000100000,4096
0,burst3,3,READ,0x30000101000,4096
0,burst3,3,READ,0x30000102000,4096
0,burst3,3,READ,0x30000103000,4096
0,burst3,3,READ,0x30000104000,4096
0,burst3,3,READ,0x30000105000,4096
0,burst3,3,READ,0x30000106000,4096
0,burst3,3,READ,0x30000107000,4096
0,burst3,3,READ,0x30000108000,4096
0,burst3,3,READ,0x30000109000,4096
0,burst3,3,READ,0x3000010a000,4096
0,burst3,3,READ,0x3000010b000,4096
0,burst3,3,READ,0x3000010c000,4096
0,burst3,3,READ,0x3000010d000,4096
0,burst3,3,READ,0x3000010e000,4096
0,burst3,3,READ,0x3000010f000,4096
0,burst3,3,READ,0x30000110000,4096
0,burst3,3,READ,0x30000111000,4096
0,burst3,3,READ,0x30000112000,4096
0,burst3,3,READ,0x30000113000,4096
0,burst3,3,READ,0x30000114000,4096
0,burst3,3,READ,0x30000115000,4096
0,burst3,3,READ,0x30000116000,4096
0,burst3,3,READ,0x30000117000,4096
0,burst3,3,READ,0x30000118000,4096
0,burst3,3,READ,0x30000119000,4096
0,burst3,3,READ,0x3000011a000,4096
0,burst3,3,READ,0x3000011b000,4096
0,burst3,3,READ,0x3000011c000,4096
0,burst3,3,READ,0x3000011d000,4096
0,burst3,3,READ,0x3000011e000,4096
0,burst3,3,READ,0x3000011f000,4096
0,burst3,3,READ,0x30000120000,4096
0,burst3,3,READ,0x30000121000,4096
0,burst3,3,READ,0x30000122000,4096
0,burst3,3,READ,0x30000123000,4096
0,burst3,3,READ,0x30000124000,4096
0,burst3,3,READ,0x30000125000,4096
0,burst3,3,READ,0x30000126000,4096
0,burst3,3,READ,0x30000127000,4096
0,burst3,3,READ,0x30000128000,4096
0,burst3,3,READ,0x30000129000,4096
0,burst3,3,READ,0x3000012a000,4096
0,burst3,3,READ,0x3000012b000,4096
0,burst3,3,READ,0x3000012c000,4096
0,burst3,3,READ,0x3000012d000,4096
0,burst3,3,READ,0x3000012e000,4096
0,burst3,3,READ,0x3000012f000,4096
0,burst3,3,READ,0x30000130000,4096
0,burst3,3,READ,0x30000131000,4096
0,burst3,3,READ,0x30000132000,4096
0,burst3,3,READ,0x30000133000,4096
0,burst3,3,READ,0x30000134000,4096
0,burst3,3,READ,0x30000135000,4096
0,burst3,3,READ,0x30000136000,4096
0,burst3,3,READ,0x30000137000,4096
0,burst3,3,READ,0x30000138000,4096
0,burst3,3,READ,0x30000139000,4096
0,burst3,3,READ,0x3000013a000,4096
0,burst3,3,READ,0x3000013b000,4096
0,burst3,3,READ,0x3000013c000,4096
0,burst3,3,READ,0x3000013d000,4096
0,burst3,3,READ,0x3000013e000,4096
0,burst3,3,READ,0x3000013f000,4096
0,burst3,3,READ,0x30000140000,4096
0,burst3,3,READ,0x30000141000,4096
0,burst3,3,READ,0x30000142000,4096
0,burst3,3,READ,0x30000143000,4096
0,burst3,3,READ,0x30000144000,4096
0,burst3,3,READ,0x30000145000,4096
0,burst3,3,READ,0x30000146000,4096
0,burst3,3,READ,0x30000147000,4096
0,burst3,3,READ,0x30000148000,4096
0,burst3,3,READ,0x30000149000,4096
0,burst3,3,READ,0x3000014a000,4096
0,burst3,3,READ,0x3000014b000,4096
0,burst3,3,READ,0x3000014c000,4096
0,burst3,3,READ,0x3000014d000,4096
0,burst3,3,READ,0x3000014e000,4096
0,burst3,3,READ,0x3000014f000,4096
0,burst3,3,READ,0x30000150000,4096
0,burst3,3,READ,0x30000151000,4096
0,burst3,3,READ,0x30000152000,4096
0,burst3,3,READ,0x30000153000,4096
0,burst3,3,READ,0x30000154000,4096
0,burst3,3,READ,0x30000155000,4096
0,burst3,3,READ,0x30000156000,4096
0,burst3,3,READ,0x30000157000,4096
0,burst3,3,READ,0x30000158000,4096
0,burst3,3,READ,0x30000159000,4096
0,burst3,3,READ,0x3000015a000,4096
0,burst3,3,READ,0x3000015b000,4096
0,burst3,3,READ,0x3000015c000,4096
0,burst3,3,READ,0x3000015d000,4096
0,burst3,3,READ,0x3000015e000,4096
0,burst3,3,READ,0x3000015f000,4096
0,burst3,3,READ,0x30000160000,4096
0,burst3,3,READ,0x30000161000,4096
0,burst3,3,READ,0x30000162000,4096
0,burst3,3,READ,0x30000163000,4096
0,burst3,3,READ,0x30000164000,4096
0,burst3,3,READ,0x30000165000,4096
0,burst3,3,READ,0x30000166000,4096
0,burst3,3,READ,0x30000167000,4096
0,burst3,3,READ,0x30000168000,4096
0,burst3,3,READ,0x30000169000,4096
0,burst3,3,READ,0x3000016a000,4096
0,burst3,3,READ,0x3000016b000,4096
0,burst3,3,READ,0x3000016c000,4096
0,burst3,3,READ,0x3000016d000,4096
0,burst3,3,READ,0x3000016e000,4096
0,burst3,3,READ,0x3000016f000,4096
0,burst3,3,READ,0x30000170000,4096
0,burst3,3,READ,0x30000171000,4096
0,burst3,3,READ,0x30000172000,4096
0,burst3,3,READ,0x30000173000,4096
0,burst3,3,READ,0x30000174000,4096
0,burst3,3,READ,0x30000175000,4096
0,burst3,3,READ,0x30000176000,4096
0,burst3,3,READ,0x30000177000,4096
0,burst3,3,READ,0x30000178000,4096
0,burst3,3,READ,0x30000179000,4096
0,burst3,3,READ,0x3000017a000,4096
0,burst3,3,READ,0x3000017b000,4096
0,burst3,3,READ,0x3000017c000,4096
0,burst3,3,READ,0x3000017d000,4096
0,burst3,3,READ,0x3000017e000,4096
0,burst3,3,READ,0x3000017f000,4096
0,burst3,3,READ,0x30000180000,4096
0,burst3,3,READ,0x30000181000,4096
0,burst3,3,READ,0x30000182000,4096
0,burst3,3,READ,0x30000183000,4096
0,burst3,3,READ,0x30000184000,4096
0,burst3,3,READ,0x30000185000,4096
0,burst3,3,READ,0x30000186000,4096
0,burst3,3,READ,0x30000187000,4096
0,burst3,3,READ,0x30000188000,4096
0,burst3,3,READ,0x30000189000,4096
0,burst3,3,READ,0x3000018a000,4096
0,burst3,3,READ,0x3000018b000,4096
0,burst3,3,READ,0x3000018c000,4096
0,burst3,3,READ,0x3000018d000,4096
0,burst3,3,READ,0x3000018e000,4096
0,burst3,3,READ,0x3000018f000,4096
0,burst3,3,READ,0x30000190000,4096
0,burst3,3,READ,0x30000191000,4096
0,burst3,3,READ,0x30000192000,4096
0,burst3,3,READ,0x30000193000,4096
0,burst3,3,READ,0x30000194000,4096
0,burst3,3,READ,0x30000195000,4096
0,burst3,3,READ,0x30000196000,4096
0,burst3,3,READ,0x30000197000,4096
0,burst3,3,READ,0x30000198000,4096
0,burst3,3,READ,0x30000199000,4096
0,burst3,3,READ,0x3000019a000,4096
0,burst3,3,READ,0x3000019b000,4096
0,burst3,3,READ,0x3000019c000,4096
0,burst3,3,READ,0x3000019d000,4096
0,burst3,3,READ,0x3000019e000,4096
0,burst3,3,READ,0x3000019f000,4096
0,burst3,3,READ,0x300001a0000,4096
0,burst3,3,READ,0x300001a1000,4096
0,burst3,3,READ,0x300001a2000,4096
0,burst3,3,READ,0x300001a3000,4096
0,burst3,3,READ,0x300001a4000,4096
0,burst3,3,READ,0x300001a5000,4096
0,burst3,3,READ,0x300001a6000,4096
0,burst3,3,READ,0x300001a7000,4096
0,burst3,3,READ,0x300001a8000,4096
0,burst3,3,READ,0x300001a9000,4096
0,burst3,3,READ,0x300001aa000,4096
0,burst3,3,READ,0x300001ab000,4096
0,burst3,3,READ,0x300001ac000,4096
0,burst3,3,READ,0x300001ad000,4096
0,burst3,3,READ,0x300001ae000,4096
0,burst3,3,READ,0x300001af000,4096
0,burst3,3,READ,0x300001b0000,4096
0,burst3,3,READ,0x300001b1000,4096
0,burst3,3,READ,0x300001b2000,4096
0,burst3,3,READ,0x300001b3000,4096
0,burst3,3,READ,0x300001b4000,4096
0,burst3,3,READ,0x300001b5000,4096
0,burst3,3,READ,0x300001b6000,4096
0,burst3,3,READ,0x300001b7000,4096
0,burst3,3,READ,0x300001b8000,4096
0,burst3,3,READ,0x300001b9000,4096
0,burst3,3,READ,0x300001ba000,4096
0,burst3,3,READ,0x300001bb000,4096
0,burst3,3,READ,0x300001bc000,4096
0,burst3,3,READ,0x300001bd000,4096
0,burst3,3,READ,0x300001be000,4096
0,burst3,3,READ,0x300001bf000,4096
0,burst3,3,READ,0x300001c0000,4096
0,burst3,3,READ,0x300001c1000,4096
0,burst3,3,READ,0x300001c2000,4096
0,burst3,3,READ,0x300001c3000,4096
0,burst3,3,READ,0x300001c4000,4096
0,burst3,3,READ,0x300001c5000,4096
0,burst3,3,READ,0x300001c6000,4096
0,burst3,3,READ,0x300001c7000,4096
0,burst3,3,READ,0x300001c8000,4096
0,burst3,3,READ,0x300001c9000,4096
0,burst3,3,READ,0x300001ca000,4096
0,burst3,3,READ,0x300001cb000,4096
0,burst3,3,READ,0x300001cc000,4096
0,burst3,3,READ,0x300001cd000,4096
0,burst3,3,READ,0x300001ce000,4096
0,burst3,3,READ,0x300001cf000,4096
0,burst3,3,READ,0x300001d0000,4096
0,burst3,3,READ,0x300001d1000,4096
0,burst3,3,READ,0x300001d2000,4096
0,burst3,3,READ,0x300001d3000,4096
0,burst3,3,READ,0x300001d4000,4096
0,burst3,3,READ,0x300001d5000,4096
0,burst3,3,READ,0x300001d6000,4096
0,burst3,3,READ,0x300001d7000,4096
0,burst3,3,READ,0x300001d8000,4096
0,burst3,3,READ,0x300001d9000,4096
0,burst3,3,READ,0x300001da000,4096
0,burst3,3,READ,0x300001db000,4096
0,burst3,3,READ,0x300001dc000,4096
0,burst3,3,READ,0x300001dd000,4096
0,burst3,3,READ,0x300001de000,4096
0,burst3,3,READ,0x300001df000,4096
0,burst3,3,READ,0x300001e0000,4096
0,burst3,3,READ,0x300001e1000,4096
0,burst3,3,READ,0x300001e2000,4096
0,burst3,3,READ,0x300001e3000,4096
0,burst3,3,READ,0x300001e4000,4096
0,burst3,3,READ,0x300001e5000,4096
0,burst3,3,READ,0x300001e6000,4096
0,burst3,3,READ,0x300001e7000,4096
0,burst3,3,READ,0x300001e8000,4096
0,burst3,3,READ,0x300001e9000,4096
0,burst3,3,READ,0x300001ea000,4096
0,burst3,3,READ,0x300001eb000,4096
0,burst3,3,READ,0x300001ec000,4096
0,burst3,3,READ,0x300001ed000,4096
0,burst3,3,READ,0x300001ee000,4096
0,burst3,3,READ,0x300001ef000,4096
0,burst3,3,READ,0x300001f0000,4096
0,burst3,3,READ,0x300001f1000,4096
0,burst3,3,READ,0x300001f2000,4096
0,burst3,3,READ,0x300001f3000,4096
0,burst3,3,READ,0x300001f4000,4096
0,burst3,3,READ,0x300001f5000,4096
0,burst3,3,READ,0x300001f6000,4096
0,burst3,3,READ,0x300001f7000,4096
0,burst3,3,READ,0x300001f8000,4096
0,burst3,3,READ,0x300001f9000,4096
0,burst3,3,READ,0x300001fa000,4096
0,burst3,3,READ,0x300001fb000,4096
0,burst3,3,READ,0x300001fc000,4096
0,burst3,3,READ,0x300001fd000,4096
0,burst3,3,READ,0x300001fe000,4096
0,burst3,3,READ,0x300001ff000,4096
0,burst3,3,READ,0x30000200000,4096
0,burst3,3,READ,0x30000201000,4096
0,burst3,3,READ,0x30000202000,4096
0,burst3,3,READ,0x30000203000,4096
0,burst3,3,READ,0x30000204000,4096
0,burst3,3,READ,0x30000205000,4096
0,burst3,3,READ,0x30000206000,4096
0,burst3,3,READ,0x30000207000,4096
0,burst3,3,READ,0x30000208000,4096
0,burst3,3,READ,0x30000209000,4096
0,burst3,3,READ,0x3000020a000,4096
0,burst3,3,READ,0x3000020b000,4096
0,burst3,3,READ,0x3000020c000,4096
0,burst3,3,READ,0x3000020d000,4096
0,burst3,3,READ,0x3000020e000,4096
0,burst3,3,READ,0x3000020f000,4096
0,burst3,3,READ,0x30000210000,4096
0,burst3,3,READ,0x30000211000,4096
0,burst3,3,READ,0x30000212000,4096
0,burst3,3,READ,0x30000213000,4096
0,burst3,3,READ,0x30000214000,4096
0,burst3,3,READ,0x30000215000,4096
0,burst3,3,READ,0x30000216000,4096
0,burst3,3,READ,0x30000217000,4096
0,burst3,3,READ,0x30000218000,4096
0,burst3,3,READ,0x30000219000,4096
0,burst3,3,READ,0x3000021a000,4096
0,burst3,3,READ,0x3000021b000,4096
0,burst3,3,READ,0x3000021c000,4096
0,burst3,3,READ,0x3000021d000,4096
0,burst3,3,READ,0x3000021e000,4096
0,burst3,3,READ,0x3000021f000,4096
0,burst3,3,READ,0x30000220000,4096
0,burst3,3,READ,0x30000221000,4096
0,burst3,3,READ,0x30000222000,4096
0,burst3,3,READ,0x30000223000,4096
0,burst3,3,READ,0x30000224000,4096
0,burst3,3,READ,0x30000225000,4096
0,burst3,3,READ,0x30000226000,4096
0,burst3,3,READ,0x30000227000,4096
0,burst3,3,READ,0x30000228000,4096
0,burst3,3,READ,0x30000229000,4096
0,burst3,3,READ,0x3000022a000,4096
0,burst3,3,READ,0x3000022b000,4096
0,burst3,3,READ,0x3000022c000,4096
0,burst3,3,READ,0x3000022d000,4096
0,burst3,3,READ,0x3000022e000,4096
0,burst3,3,READ,0x3000022f000,4096
0,burst3,3,READ,0x30000230000,4096
0,burst3,3,READ,0x30000231000,4096
0,burst3,3,READ,0x30000232000,4096
0,burst3,3,READ,0x30000233000,4096
0,burst3,3,READ,0x30000234000,4096
0,burst3,3,READ,0x30000235000,4096
0,burst3,3,READ,0x30000236000,4096
0,burst3,3,READ,0x30000237000,4096
0,burst3,3,READ,0x30000238000,4096
0,burst3,3,READ,0x30000239000,4096
0,burst3,3,READ,0x3000023a000,4096
0,burst3,3,READ,0x3000023b000,4096
0,burst3,3,READ,0x3000023c000,4096
0,burst3,3,READ,0x3000023d000,4096
0,burst3,3,READ,0x3000023e000,4096
0,burst3,3,READ,0x3000023f000,4096
0,burst3,3,READ,0x30000240000,4096
0,burst3,3,READ,0x30000241000,4096
0,burst3,3,READ,0x30000242000,4096
0,burst3,3,READ,0x30000243000,4096
0,burst3,3,READ,0x30000244000,4096
0,burst3,3,READ,0x30000245000,4096
0,burst3,3,READ,0x30000246000,4096
0,burst3,3,READ,0x30000247000,4096
0,burst3,3,READ,0x30000248000,4096
0,burst3,3,READ,0x30000249000,4096
0,burst3,3,READ,0x3000024a000,4096
0,burst3,3,READ,0x3000024b000,4096
0,burst3,3,READ,0x3000024c000,4096
0,burst3,3,READ,0x3000024d000,4096
0,burst3,3,READ,0x3000024e000,4096
0,burst3,3,READ,0x3000024f000,4096
0,burst3,3,READ,0x30000250000,4096
0,burst3,3,READ,0x30000251000,4096
0,burst3,3,READ,0x30000252000,4096
0,burst3,3,READ,0x30000253000,4096
0,burst3,3,READ,0x30000254000,4096
0,burst3,3,READ,0x30000255000,4096
0,burst3,3,READ,0x30000256000,4096
0,burst3,3,READ,0x30000257000,4096
0,burst3,3,READ,0x30000258000,4096
0,burst3,3,READ,0x30000259000,4096
0,burst3,3,READ,0x3000025a000,4096
0,burst3,3,READ,0x3000025b000,4096
0,burst3,3,READ,0x3000025c000,4096
0,burst3,3,READ,0x3000025d000,4096
0,burst3,3,READ,0x3000025e000,4096
0,burst3,3,READ,0x3000025f000,4096
0,burst3,3,READ,0x30000260000,4096
0,burst3,3,READ,0x30000261000,4096
0,burst3,3,READ,0x30000262000,4096
0,burst3,3,READ,0x30000263000,4096
0,burst3,3,READ,0x30000264000,4096
0,burst3,3,READ,0x30000265000,4096
0,burst3,3,READ,0x30000266000,4096
0,burst3,3,READ,0x30000267000,4096
0,burst3,3,READ,0x30000268000,4096
0,burst3,3,READ,0x30000269000,4096
0,burst3,3,READ,0x3000026a000,4096
0,burst3,3,READ,0x3000026b000,4096
0,burst3,3,READ,0x3000026c000,4096
0,burst3,3,READ,0x3000026d000,4096
0,burst3,3,READ,0x3000026e000,4096
0,burst3,3,READ,0x3000026f000,4096
0,burst3,3,READ,0x30000270000,4096
0,burst3,3,READ,0x30000271000,4096
0,burst3,3,READ,0x30000272000,4096
0,burst3,3,READ,0x30000273000,4096
0,burst3,3,READ,0x30000274000,4096
0,burst3,3,READ,0x30000275000,4096
0,burst3,3,READ,0x30000276000,4096
0,burst3,3,READ,0x30000277000,4096
0,burst3,3,READ,0x30000278000,4096
0,burst3,3,READ,0x30000279000,4096
0,burst3,3,READ,0x3000027a000,4096
0,burst3,3,READ,0x3000027b000,4096
0,burst3,3,READ,0x3000027c000,4096
0,burst3,3,READ,0x3000027d000,4096
0,burst3,3,READ,0x3000027e000,4096
0,burst3,3,READ,0x3000027f000,4096
0,burst3,3,READ,0x30000280000,4096
0,burst3,3,READ,0x30000281000,4096
0,burst3,3,READ,0x30000282000,4096
0,burst3,3,READ,0x30000283000,4096
0,burst3,3,READ,0x30000284000,4096
0,burst3,3,READ,0x30000285000,4096
0,burst3,3,READ,0x30000286000,4096
0,burst3,3,READ,0x30000287000,4096
0,burst3,3,READ,0x30000288000,4096
0,burst3,3,READ,0x30000289000,4096
0,burst3,3,READ,0x3000028a000,4096
0,burst3,3,READ,0x3000028b000,4096
0,burst3,3,READ,0x3000028c000,4096
0,burst3,3,READ,0x3000028d000,4096
0,burst3,3,READ,0x3000028e000,4096
0,burst3,3,READ,0x3000028f000,4096
0,burst3,3,READ,0x30000290000,4096
0,burst3,3,READ,0x30000291000,4096
0,burst3,3,READ,0x30000292000,4096
0,burst3,3,READ,0x30000293000,4096
0,burst3,3,READ,0x30000294000,4096
0,burst3,3,READ,0x30000295000,4096
0,burst3,3,READ,0x30000296000,4096
0,burst3,3,READ,0x30000297000,4096
0,burst3,3,READ,0x30000298000,4096
0,burst3,3,READ,0x30000299000,4096
0,burst3,3,READ,0x3000029a000,4096
0,burst3,3,READ,0x3000029b000,4096
0,burst3,3,READ,0x3000029c000,4096
0,burst3,3,READ,0x3000029d000,4096
0,burst3,3,READ,0x3000029e000,4096
0,burst3,3,READ,0x3000029f000,4096
0,burst3,3,READ,0x300002a0000,4096
0,burst3,3,READ,0x300002a1000,4096
0,burst3,3,READ,0x300002a2000,4096
0,burst3,3,READ,0x300002a3000,4096
0,burst3,3,READ,0x300002a4000,4096
0,burst3,3,READ,0x300002a5000,4096
0,burst3,3,READ,0x300002a6000,4096
0,burst3,3,READ,0x300002a7000,4096
0,burst3,3,READ,0x300002a8000,4096
0,burst3,3,READ,0x300002a9000,4096
0,burst3,3,READ,0x300002aa000,4096
0,burst3,3,READ,0x300002ab000,4096
0,burst3,3,READ,0x300002ac000,4096
0,burst3,3,READ,0x300002ad000,4096
0,burst3,3,READ,0x300002ae000,4096
0,burst3,3,READ,0x300002af000,4096
0,burst3,3,READ,0x300002b0000,4096
0,burst3,3,READ,0x300002b1000,4096
0,burst3,3,READ,0x300002b2000,4096
0,burst3,3,READ,0x300002b3000,4096
0,burst3,3,READ,0x300002b4000,4096
0,burst3,3,READ,0x300002b5000,4096
0,burst3,3,READ,0x300002b6000,4096
0,burst3,3,READ,0x300002b7000,4096
0,burst3,3,READ,0x300002b8000,4096
0,burst3,3,READ,0x300002b9000,4096
0,burst3,3,READ,0x300002ba000,4096
0,burst3,3,READ,0x300002bb000,4096
0,burst3,3,READ,0x300002bc000,4096
0,burst3,3,READ,0x300002bd000,4096
0,burst3,3,READ,0x300002be000,4096
0,burst3,3,READ,0x300002bf000,4096
0,burst3,3,READ,0x300002c0000,4096
0,burst3,3,READ,0x300002c1000,4096
0,burst3,3,READ,0x300002c2000,4096
0,burst3,3,READ,0x300002c3000,4096
0,burst3,3,READ,0x300002c4000,4096
0,burst3,3,READ,0x300002c5000,4096
0,burst3,3,READ,0x300002c6000,4096
0,burst3,3,READ,0x300002c7000,4096
0,burst3,3,READ,0x300002c8000,4096
0,burst3,3,READ,0x300002c9000,4096
0,burst3,3,READ,0x300002ca000,4096
0,burst3,3,READ,0x300002cb000,4096
0,burst3,3,READ,0x300002cc000,4096
0,burst3,3,READ,0x300002cd000,4096
0,burst3,3,READ,0x300002ce000,4096
0,burst3,3,READ,0x300002cf000,4096
0,burst3,3,READ,0x300002d0000,4096
0,burst3,3,READ,0x300002d1000,4096
0,burst3,3,READ,0x300002d2000,4096
0,burst3,3,READ,0x300002d3000,4096
0,burst3,3,READ,0x300002d4000,4096
0,burst3,3,READ,0x300002d5000,4096
0,burst3,3,READ,0x300002d6000,4096
0,burst3,3,READ,0x300002d7000,4096
0,burst3,3,READ,0x300002d8000,4096
0,burst3,3,READ,0x300002d9000,4096
0,burst3,3,READ,0x300002da000,4096
0,burst3,3,READ,0x300002db000,4096
0,burst3,3,READ,0x300002dc000,4096
0,burst3,3,READ,0x300002dd000,4096
0,burst3,3,READ,0x300002de000,4096
0,burst3,3,READ,0x300002df000,4096
0,burst3,3,READ,0x300002e0000,4096
0,burst3,3,READ,0x300002e1000,4096
0,burst3,3,READ,0x300002e2000,4096
0,burst3,3,READ,0x300002e3000,4096
0,burst3,3,READ,0x300002e4000,4096
0,burst3,3,READ,0x300002e5000,4096
0,burst3,3,READ,0x300002e6000,4096
0,burst3,3,READ,0x300002e7000,4096
0,burst3,3,READ,0x300002e8000,4096
0,burst3,3,READ,0x300002e9000,4096
0,burst3,3,READ,0x300002ea000,4096
0,burst3,3,READ,0x300002eb000,4096
0,burst3,3,READ,0x300002ec000,4096
0,burst3,3,READ,0x300002ed000,4096
0,burst3,3,READ,0x300002ee000,4096
0,burst3,3,READ,0x300002ef000,4096
0,burst3,3,READ,0x300002f0000,4096
0,burst3,3,READ,0x300002f1000,4096
0,burst3,3,READ,0x300002f2000,4096
0,burst3,3,READ,0x300002f3000,4096
0,burst3,3,READ,0x300002f4000,4096
0,burst3,3,READ,0x300002f5000,4096
0,burst3,3,READ,0x300002f6000,4096
0,burst3,3,READ,0x300002f7000,4096
0,burst3,3,READ,0x300002f8000,4096
0,burst3,3,READ,0x300002f9000,4096
0,burst3,3,READ,0x300002fa000,4096
0,burst3,3,READ,0x300002fb000,4096
0,burst3,3,READ,0x300002fc000,4096
0,burst3,3,READ,0x300002fd000,4096
0,burst3,3,READ,0x300002fe000,4096
0,burst3,3,READ,0x300002ff000,4096
0,burst3,3,READ,0x30000300000,4096
0,burst3,3,READ,0x30000301000,4096
0,burst3,3,READ,0x30000302000,4096
0,burst3,3,READ,0x30000303000,4096
0,burst3,3,READ,0x30000304000,4096
0,burst3,3,READ,0x30000305000,4096
0,burst3,3,READ,0x30000306000,4096
0,burst3,3,READ,0x30000307000,4096
0,burst3,3,READ,0x30000308000,4096
0,burst3,3,READ,0x30000309000,4096
0,burst3,3,READ,0x3000030a000,4096
0,burst3,3,READ,0x3000030b000,4096
0,burst3,3,READ,0x3000030c000,4096
0,burst3,3,READ,0x3000030d000,4096
0,burst3,3,READ,0x3000030e000,4096
0,burst3,3,READ,0x3000030f000,4096
0,burst3,3,READ,0x30000310000,4096
0,burst3,3,READ,0x30000311000,4096
0,burst3,3,READ,0x30000312000,4096
0,burst3,3,READ,0x30000313000,4096
0,burst3,3,READ,0x30000314000,4096
0,burst3,3,READ,0x30000315000,4096
0,burst3,3,READ,0x30000316000,4096
0,burst3,3,READ,0x30000317000,4096
0,burst3,3,READ,0x30000318000,4096
0,burst3,3,READ,0x30000319000,4096
0,burst3,3,READ,0x3000031a000,4096
0,burst3,3,READ,0x3000031b000,4096
0,burst3,3,READ,0x3000031c000,4096
0,burst3,3,READ,0x3000031d000,4096
0,burst3,3,READ,0x3000031e000,4096
0,burst3,3,READ,0x3000031f000,4096
0,burst3,3,READ,0x30000320000,4096
0,burst3,3,READ,0x30000321000,4096
0,burst3,3,READ,0x30000322000,4096
0,burst3,3,READ,0x30000323000,4096
0,burst3,3,READ,0x30000324000,4096
0,burst3,3,READ,0x30000325000,4096
0,burst3,3,READ,0x30000326000,4096
0,burst3,3,READ,0x30000327000,4096
0,burst3,3,READ,0x30000328000,4096
0,burst3,3,READ,0x30000329000,4096
0,burst3,3,READ,0x3000032a000,4096
0,burst3,3,READ,0x3000032b000,4096
0,burst3,3,READ,0x3000032c000,4096
0,burst3,3,READ,0x3000032d000,4096
0,burst3,3,READ,0x3000032e000,4096
0,burst3,3,READ,0x3000032f000,4096
0,burst3,3,READ,0x30000330000,4096
0,burst3,3,READ,0x30000331000,4096
0,burst3,3,READ,0x30000332000,4096
0,burst3,3,READ,0x30000333000,4096
0,burst3,3,READ,0x30000334000,4096
0,burst3,3,READ,0x30000335000,4096
0,burst3,3,READ,0x30000336000,4096
0,burst3,3,READ,0x30000337000,4096
0,burst3,3,READ,0x30000338000,4096
0,burst3,3,READ,0x30000339000,4096
0,burst3,3,READ,0x3000033a000,4096
0,burst3,3,READ,0x3000033b000,4096
0,burst3,3,READ,0x3000033c000,4096
0,burst3,3,READ,0x3000033d000,4096
0,burst3,3,READ,0x3000033e000,4096
0,burst3,3,READ,0x3000033f000,4096
0,burst3,3,READ,0x30000340000,4096
0,burst3,3,READ,0x30000341000,4096
0,burst3,3,READ,0x30000342000,4096
0,burst3,3,READ,0x30000343000,4096
0,burst3,3,READ,0x30000344000,4096
0,burst3,3,READ,0x30000345000,4096
0,burst3,3,READ,0x30000346000,4096
0,burst3,3,READ,0x30000347000,4096
0,burst3,3,READ,0x30000348000,4096
0,burst3,3,READ,0x30000349000,4096
0,burst3,3,READ,0x3000034a000,4096
0,burst3,3,READ,0x3000034b000,4096
0,burst3,3,READ,0x3000034c000,4096
0,burst3,3,READ,0x3000034d000,4096
0,burst3,3,READ,0x3000034e000,4096
0,burst3,3,READ,0x3000034f000,4096
0,burst3,3,READ,0x30000350000,4096
0,burst3,3,READ,0x30000351000,4096
0,burst3,3,READ,0x30000352000,4096
0,burst3,3,READ,0x30000353000,4096
0,burst3,3,READ,0x30000354000,4096
0,burst3,3,READ,0x30000355000,4096
0,burst3,3,READ,0x30000356000,4096
0,burst3,3,READ,0x30000357000,4096
0,burst3,3,READ,0x30000358000,4096
0,burst3,3,READ,0x30000359000,4096
0,burst3,3,READ,0x3000035a000,4096
0,burst3,3,READ,0x3000035b000,4096
0,burst3,3,READ,0x3000035c000,4096
0,burst3,3,READ,0x3000035d000,4096
0,burst3,3,READ,0x3000035e000,4096
0,burst3,3,READ,0x3000035f000,4096
0,burst3,3,READ,0x30000360000,4096
0,burst3,3,READ,0x30000361000,4096
0,burst3,3,READ,0x30000362000,4096
0,burst3,3,READ,0x30000363000,4096
0,burst3,3,READ,0x30000364000,4096
0,burst3,3,READ,0x30000365000,4096
0,burst3,3,READ,0x30000366000,4096
0,burst3,3,READ,0x30000367000,4096
0,burst3,3,READ,0x30000368000,4096
0,burst3,3,READ,0x30000369000,4096
0,burst3,3,READ,0x3000036a000,4096
0,burst3,3,READ,0x3000036b000,4096
0,burst3,3,READ,0x3000036c000,4096
0,burst3,3,READ,0x3000036d000,4096
0,burst3,3,READ,0x3000036e000,4096
0,burst3,3,READ,0x3000036f000,4096
0,burst3,3,READ,0x30000370000,4096
0,burst3,3,READ,0x30000371000,4096
0,burst3,3,READ,0x30000372000,4096
0,burst3,3,READ,0x30000373000,4096
0,burst3,3,READ,0x30000374000,4096
0,burst3,3,READ,0x30000375000,4096
0,burst3,3,READ,0x30000376000,4096
0,burst3,3,READ,0x30000377000,4096
0,burst3,3,READ,0x30000378000,4096
0,burst3,3,READ,0x30000379000,4096
0,burst3,3,READ,0x3000037a000,4096
0,burst3,3,READ,0x3000037b000,4096
0,burst3,3,READ,0x3000037c000,4096
0,burst3,3,READ,0x3000037d000,4096
0,burst3,3,READ,0x3000037e000,4096
0,burst3,3,READ,0x3000037f000,4096
0,burst3,3,READ,0x30000380000,4096
0,burst3,3,READ,0x30000381000,4096
0,burst3,3,READ,0x30000382000,4096
0,burst3,3,READ,0x30000383000,4096
0,burst3,3,READ,0x30000384000,4096
0,burst3,3,READ,0x30000385000,4096
0,burst3,3,READ,0x30000386000,4096
0,burst3,3,READ,0x30000387000,4096
0,burst3,3,READ,0x30000388000,4096
0,burst3,3,READ,0x30000389000,4096
0,burst3,3,READ,0x3000038a000,4096
0,burst3,3,READ,0x3000038b000,4096
0,burst3,3,READ,0x3000038c000,4096
0,burst3,3,READ,0x3000038d000,4096
0,burst3,3,READ,0x3000038e000,4096
0,burst3,3,READ,0x3000038f000,4096
0,burst3,3,READ,0x30000390000,4096
0,burst3,3,READ,0x30000391000,4096
0,burst3,3,READ,0x30000392000,4096
0,burst3,3,READ,0x30000393000,4096
0,burst3,3,READ,0x30000394000,4096
0,burst3,3,READ,0x30000395000,4096
0,burst3,3,READ,0x30000396000,4096
0,burst3,3,READ,0x30000397000,4096
0,burst3,3,READ,0x30000398000,4096
0,burst3,3,READ,0x30000399000,4096
0,burst3,3,READ,0x3000039a000,4096
0,burst3,3,READ,0x3000039b000,4096
0,burst3,3,READ,0x3000039c000,4096
0,burst3,3,READ,0x3000039d000,4096
0,burst3,3,READ,0x3000039e000,4096
0,burst3,3,READ,0x3000039f000,4096
0,burst3,3,READ,0x300003a0000,4096
0,burst3,3,READ,0x300003a1000,4096
0,burst3,3,READ,0x300003a2000,4096
0,burst3,3,READ,0x300003a3000,4096
0,burst3,3,READ,0x300003a4000,4096
0,burst3,3,READ,0x300003a5000,4096
0,burst3,3,READ,0x300003a6000,4096
0,burst3,3,READ,0x300003a7000,4096
0,burst3,3,READ,0x300003a8000,4096
0,burst3,3,READ,0x300003a9000,4096
0,burst3,3,READ,0x300003aa000,4096
0,burst3,3,READ,0x300003ab000,4096
0,burst3,3,READ,0x300003ac000,4096
0,burst3,3,READ,0x300003ad000,4096
0,burst3,3,READ,0x300003ae000,4096
0,burst3,3,READ,0x300003af000,4096
0,burst3,3,READ,0x300003b0000,4096
0,burst3,3,READ,0x300003b1000,4096
0,burst3,3,READ,0x300003b2000,4096
0,burst3,3,READ,0x300003b3000,4096
0,burst3,3,READ,0x300003b4000,4096
0,burst3,3,READ,0x300003b5000,4096
0,burst3,3,READ,0x300003b6000,4096
0,burst3,3,READ,0x300003b7000,4096
0,burst3,3,READ,0x300003b8000,4096
0,burst3,3,READ,0x300003b9000,4096
0,burst3,3,READ,0x300003ba000,4096
0,burst3,3,READ,0x300003bb000,4096
0,burst3,3,READ,0x300003bc000,4096
0,burst3,3,READ,0x300003bd000,4096
0,burst3,3,READ,0x300003be000,4096
0,burst3,3,READ,0x300003bf000,4096
0,burst3,3,READ,0x300003c0000,4096
0,burst3,3,READ,0x300003c1000,4096
0,burst3,3,READ,0x300003c2000,4096
0,burst3,3,READ,0x300003c3000,4096
0,burst3,3,READ,0x300003c4000,4096
0,burst3,3,READ,0x300003c5000,4096
0,burst3,3,READ,0x300003c6000,4096
0,burst3,3,READ,0x300003c7000,4096
0,burst3,3,READ,0x300003c8000,4096
0,burst3,3,READ,0x300003c9000,4096
0,burst3,3,READ,0x300003ca000,4096
0,burst3,3,READ,0x300003cb000,4096
0,burst3,3,READ,0x300003cc000,4096
0,burst3,3,READ,0x300003cd000,4096
0,burst3,3,READ,0x300003ce000,4096
0,burst3,3,READ,0x300003cf000,4096
0,burst3,3,READ,0x300003d0000,4096
0,burst3,3,READ,0x300003d1000,4096
0,burst3,3,READ,0x300003d2000,4096
0,burst3,3,READ,0x300003d3000,4096
0,burst3,3,READ,0x300003d4000,4096
0,burst3,3,READ,0x300003d5000,4096
0,burst3,3,READ,0x300003d6000,4096
0,burst3,3,READ,0x300003d7000,4096
0,burst3,3,READ,0x300003d8000,4096
0,burst3,3,READ,0x300003d9000,4096
0,burst3,3,READ,0x300003da000,4096
0,burst3,3,READ,0x300003db000,4096
0,burst3,3,READ,0x300003dc000,4096
0,burst3,3,READ,0x300003dd000,4096
0,burst3,3,READ,0x300003de000,4096
0,burst3,3,READ,0x300003df000,4096
0,burst3,3,READ,0x300003e0000,4096
0,burst3,3,READ,0x300003e1000,4096
0,burst3,3,READ,0x300003e2000,4096
0,burst3,3,READ,0x300003e3000,4096
0,burst3,3,READ,0x300003e4000,4096
0,burst3,3,READ,0x300003e5000,4096
0,burst3,3,READ,0x300003e6000,4096
0,burst3,3,READ,0x300003e7000,4096
0,burst3,3,READ,0x300003e8000,4096
0,burst3,3,READ,0x300003e9000,4096
0,burst3,3,READ,0x300003ea000,4096
0,burst3,3,READ,0x300003eb000,4096
0,burst3,3,READ,0x300003ec000,4096
0,burst3,3,READ,0x300003ed000,4096
0,burst3,3,READ,0x300003ee000,4096
0,burst3,3,READ,0x300003ef000,4096
0,burst3,3,READ,0x300003f0000,4096
0,burst3,3,READ,0x300003f1000,4096
0,burst3,3,READ,0x300003f2000,4096
0,burst3,3,READ,0x300003f3000,4096
0,burst3,3,READ,0x300003f4000,4096
0,burst3,3,READ,0x300003f5000,4096
0,burst3,3,READ,0x300003f6000,4096
0,burst3,3,READ,0x300003f7000,4096
0,burst3,3,READ,0x300003f8000,4096
0,burst3,3,READ,0x300003f9000,4096
0,burst3,3,READ,0x300003fa000,4096
0,burst3,3,READ,0x300003fb000,4096
0,burst3,3,READ,0x300003fc000,4096
0,burst3,3,READ,0x300003fd000,4096
0,burst3,3,READ,0x300003fe000,4096
0,burst3,3,READ,0x300003ff000,4096
0,burst3,3,READ,0x30000400000,4096
0,burst3,3,READ,0x30000401000,4096
0,burst3,3,READ,0x30000402000,4096
0,burst3,3,READ,0x30000403000,4096
0,burst3,3,READ,0x30000404000,4096
0,burst3,3,READ,0x30000405000,4096
0,burst3,3,READ,0x30000406000,4096
0,burst3,3,READ,0x30000407000,4096
0,burst3,3,READ,0x30000408000,4096
0,burst3,3,READ,0x30000409000,4096
0,burst3,3,READ,0x3000040a000,4096
0,burst3,3,READ,0x3000040b000,4096
0,burst3,3,READ,0x3000040c000,4096
0,burst3,3,READ,0x3000040d000,4096
0,burst3,3,READ,0x3000040e000,4096
0,burst3,3,READ,0x3000040f000,4096
0,burst3,3,READ,0x30000410000,4096
0,burst3,3,READ,0x30000411000,4096
0,burst3,3,READ,0x30000412000,4096
0,burst3,3,READ,0x30000413000,4096
0,burst3,3,READ,0x30000414000,4096
0,burst3,3,READ,0x30000415000,4096
0,burst3,3,READ,0x30000416000,4096
0,burst3,3,READ,0x30000417000,4096
0,burst3,3,READ,0x30000418000,4096
0,burst3,3,READ,0x30000419000,4096
0,burst3,3,READ,0x3000041a000,4096
0,burst3,3,READ,0x3000041b000,4096
0,burst3,3,READ,0x3000041c000,4096
0,burst3,3,READ,0x3000041d000,4096
0,burst3,3,READ,0x3000041e000,4096
0,burst3,3,READ,0x3000041f000,4096
0,burst3,3,READ,0x30000420000,4096
0,burst3,3,READ,0x30000421000,4096
0,burst3,3,READ,0x30000422000,4096
0,burst3,3,READ,0x30000423000,4096
0,burst3,3,READ,0x30000424000,4096
0,burst3,3,READ,0x30000425000,4096
0,burst3,3,READ,0x30000426000,4096
0,burst3,3,READ,0x30000427000,4096
0,burst3,3,READ,0x30000428000,4096
0,burst3,3,READ,0x30000429000,4096
0,burst3,3,READ,0x3000042a000,4096
0,burst3,3,READ,0x3000042b000,4096
0,burst3,3,READ,0x3000042c000,4096
0,burst3,3,READ,0x3000042d000,4096
0,burst3,3,READ,0x3000042e000,4096
0,burst3,3,READ,0x3000042f000,4096
0,burst3,3,READ,0x30000430000,4096
0,burst3,3,READ,0x30000431000,4096
0,burst3,3,READ,0x30000432000,4096
0,burst3,3,READ,0x30000433000,4096
0,burst3,3,READ,0x30000434000,4096
0,burst3,3,READ,0x30000435000,4096
0,burst3,3,READ,0x30000436000,4096
0,burst3,3,READ,0x30000437000,4096
0,burst3,3,READ,0x30000438000,4096
0,burst3,3,READ,0x30000439000,4096
0,burst3,3,READ,0x3000043a000,4096
0,burst3,3,READ,0x3000043b000,4096
0,burst3,3,READ,0x3000043c000,4096
0,burst3,3,READ,0x3000043d000,4096
0,burst3,3,READ,0x3000043e000,4096
0,burst3,3,READ,0x3000043f000,4096
0,burst3,3,READ,0x30000440000,4096
0,burst3,3,READ,0x30000441000,4096
0,burst3,3,READ,0x30000442000,4096
0,burst3,3,READ,0x30000443000,4096
0,burst3,3,READ,0x30000444000,4096
0,burst3,3,READ,0x30000445000,4096
0,burst3,3,READ,0x30000446000,4096
0,burst3,3,READ,0x30000447000,4096
0,burst3,3,READ,0x30000448000,4096
0,burst3,3,READ,0x30000449000,4096
0,burst3,3,READ,0x3000044a000,4096
0,burst3,3,READ,0x3000044b000,4096
0,burst3,3,READ,0x3000044c000,4096
0,burst3,3,READ,0x3000044d000,4096
0,burst3,3,READ,0x3000044e000,4096
0,burst3,3,READ,0x3000044f000,4096
0,burst3,3,READ,0x30000450000,4096
0,burst3,3,READ,0x30000451000,4096
0,burst3,3,READ,0x30000452000,4096
0,burst3,3,READ,0x30000453000,4096
0,burst3,3,READ,0x30000454000,4096
0,burst3,3,READ,0x30000455000,4096
0,burst3,3,READ,0x30000456000,4096
0,burst3,3,READ,0x30000457000,4096
0,burst3,3,READ,0x30000458000,4096
0,burst3,3,READ,0x30000459000,4096
0,burst3,3,READ,0x3000045a000,4096
0,burst3,3,READ,0x3000045b000,4096
0,burst3,3,READ,0x3000045c000,4096
0,burst3,3,READ,0x3000045d000,4096
0,burst3,3,READ,0x3000045e000,4096
0,burst3,3,READ,0x3000045f000,4096
0,burst3,3,READ,0x30000460000,4096
0,burst3,3,READ,0x30000461000,4096
0,burst3,3,READ,0x30000462000,4096
0,burst3,3,READ,0x30000463000,4096
0,burst3,3,READ,0x30000464000,4096
0,burst3,3,READ,0x30000465000,4096
0,burst3,3,READ,0x30000466000,4096
0,burst3,3,READ,0x30000467000,4096
0,burst3,3,READ,0x30000468000,4096
0,burst3,3,READ,0x30000469000,4096
0,burst3,3,READ,0x3000046a000,4096
0,burst3,3,READ,0x3000046b000,4096
0,burst3,3,READ,0x3000046c000,4096
0,burst3,3,READ,0x3000046d000,4096
0,burst3,3,READ,0x3000046e000,4096
0,burst3,3,READ,0x3000046f000,4096
0,burst3,3,READ,0x30000470000,4096
0,burst3,3,READ,0x30000471000,4096
0,burst3,3,READ,0x30000472000,4096
0,burst3,3,READ,0x30000473000,4096
0,burst3,3,READ,0x30000474000,4096
0,burst3,3,READ,0x30000475000,4096
0,burst3,3,READ,0x30000476000,4096
0,burst3,3,READ,0x30000477000,4096
0,burst3,3,READ,0x30000478000,4096
0,burst3,3,READ,0x30000479000,4096
0,burst3,3,READ,0x3000047a000,4096
0,burst3,3,READ,0x3000047b000,4096
0,burst3,3,READ,0x3000047c000,4096
0,burst3,3,READ,0x3000047d000,4096
0,burst3,3,READ,0x3000047e000,4096
0,burst3,3,READ,0x3000047f000,4096
0,burst3,3,READ,0x30000480000,4096
0,burst3,3,READ,0x30000481000,4096
0,burst3,3,READ,0x30000482000,4096
0,burst3,3,READ,0x30000483000,4096
0,burst3,3,READ,0x30000484000,4096
0,burst3,3,READ,0x30000485000,4096
0,burst3,3,READ,0x30000486000,4096
0,burst3,3,READ,0x30000487000,4096
0,burst3,3,READ,0x30000488000,4096
0,burst3,3,READ,0x30000489000,4096
0,burst3,3,READ,0x3000048a000,4096
0,burst3,3,READ,0x3000048b000,4096
0,burst3,3,READ,0x3000048c000,4096
0,burst3,3,READ,0x3000048d000,4096
0,burst3,3,READ,0x3000048e000,4096
0,burst3,3,READ,0x3000048f000,4096
0,burst3,3,READ,0x30000490000,4096
0,burst3,3,READ,0x30000491000,4096
0,burst3,3,READ,0x30000492000,4096
0,burst3,3,READ,0x30000493000,4096
0,burst3,3,READ,0x30000494000,4096
0,burst3,3,READ,0x30000495000,4096
0,burst3,3,READ,0x30000496000,4096
0,burst3,3,READ,0x30000497000,4096
0,burst3,3,READ,0x30000498000,4096
0,burst3,3,READ,0x30000499000,4096
0,burst3,3,READ,0x3000049a000,4096
0,burst3,3,READ,0x3000049b000,4096
0,burst3,3,READ,0x3000049c000,4096
0,burst3,3,READ,0x3000049d000,4096
0,burst3,3,READ,0x3000049e000,4096
0,burst3,3,READ,0x3000049f000,4096
0,burst3,3,READ,0x300004a0000,4096
0,burst3,3,READ,0x300004a1000,4096
0,burst3,3,READ,0x300004a2000,4096
0,burst3,3,READ,0x300004a3000,4096
0,burst3,3,READ,0x300004a4000,4096
0,burst3,3,READ,0x300004a5000,4096
0,burst3,3,READ,0x300004a6000,4096
0,burst3,3,READ,0x300004a7000,4096
0,burst3,3,READ,0x300004a8000,4096
0,burst3,3,READ,0x300004a9000,4096
0,burst3,3,READ,0x300004aa000,4096
0,burst3,3,READ,0x300004ab000,4096
0,burst3,3,READ,0x300004ac000,4096
0,burst3,3,READ,0x300004ad000,4096
0,burst3,3,READ,0x300004ae000,4096
0,burst3,3,READ,0x300004af000,4096
0,burst3,3,READ,0x300004b0000,4096
0,burst3,3,READ,0x300004b1000,4096
0,burst3,3,READ,0x300004b2000,4096
0,burst3,3,READ,0x300004b3000,4096
0,burst3,3,READ,0x300004b4000,4096
0,burst3,3,READ,0x300004b5000,4096
0,burst3,3,READ,0x300004b6000,4096
0,burst3,3,READ,0x300004b7000,4096
0,burst3,3,READ,0x300004b8000,4096
0,burst3,3,READ,0x300004b9000,4096
0,burst3,3,READ,0x300004ba000,4096
0,burst3,3,READ,0x300004bb000,4096
0,burst3,3,READ,0x300004bc000,4096
0,burst3,3,READ,0x300004bd000,4096
0,burst3,3,READ,0x300004be000,4096
0,burst3,3,READ,0x300004bf000,4096
0,burst3,3,READ,0x300004c0000,4096
0,burst3,3,READ,0x300004c1000,4096
0,burst3,3,READ,0x300004c2000,4096
0,burst3,3,READ,0x300004c3000,4096
0,burst3,3,READ,0x300004c4000,4096
0,burst3,3,READ,0x300004c5000,4096
0,burst3,3,READ,0x300004c6000,4096
0,burst3,3,READ,0x300004c7000,4096
0,burst3,3,READ,0x300004c8000,4096
0,burst3,3,READ,0x300004c9000,4096
0,burst3,3,READ,0x300004ca000,4096
0,burst3,3,READ,0x300004cb000,4096
0,burst3,3,READ,0x300004cc000,4096
0,burst3,3,READ,0x300004cd000,4096
0,burst3,3,READ,0x300004ce000,4096
0,burst3,3,READ,0x300004cf000,4096
0,burst3,3,READ,0x300004d0000,4096
0,burst3,3,READ,0x300004d1000,4096
0,burst3,3,READ,0x300004d2000,4096
0,burst3,3,READ,0x300004d3000,4096
0,burst3,3,READ,0x300004d4000,4096
0,burst3,3,READ,0x300004d5000,4096
0,burst3,3,READ,0x300004d6000,4096
0,burst3,3,READ,0x300004d7000,4096
0,burst3,3,READ,0x300004d8000,4096
0,burst3,3,READ,0x300004d9000,4096
0,burst3,3,READ,0x300004da000,4096
0,burst3,3,READ,0x300004db000,4096
0,burst3,3,READ,0x300004dc000,4096
0,burst3,3,READ,0x300004dd000,4096
0,burst3,3,READ,0x300004de000,4096
0,burst3,3,READ,0x300004df000,4096
0,burst3,3,READ,0x300004e0000,4096
0,burst3,3,READ,0x300004e1000,4096
0,burst3,3,READ,0x300004e2000,4096
0,burst3,3,READ,0x300004e3000,4096
0,burst3,3,READ,0x300004e4000,4096
0,burst3,3,READ,0x300004e5000,4096
0,burst3,3,READ,0x300004e6000,4096
0,burst3,3,READ,0x300004e7000,4096
0,burst3,3,READ,0x300004e8000,4096
0,burst3,3,READ,0x300004e9000,4096
0,burst3,3,READ,0x300004ea000,4096
0,burst3,3,READ,0x300004eb000,4096
0,burst3,3,READ,0x300004ec000,4096
0,burst3,3,READ,0x300004ed000,4096
0,burst3,3,READ,0x300004ee000,4096
0,burst3,3,READ,0x300004ef000,4096
0,burst3,3,READ,0x300004f0000,4096
0,burst3,3,READ,0x300004f1000,4096
0,burst3,3,READ,0x300004f2000,4096
0,burst3,3,READ,0x300004f3000,4096
0,burst3,3,READ,0x300004f4000,4096
0,burst3,3,READ,0x300004f5000,4096
0,burst3,3,READ,0x300004f6000,4096
0,burst3,3,READ,0x300004f7000,4096
0,burst3,3,READ,0x300004f8000,4096
0,burst3,3,READ,0x300004f9000,4096
0,burst3,3,READ,0x300004fa000,4096
0,burst3,3,READ,0x300004fb000,4096
0,burst3,3,READ,0x300004fc000,4096
0,burst3,3,READ,0x300004fd000,4096
0,burst3,3,READ,0x300004fe000,4096
0,burst3,3,READ,0x300004ff000,4096
0,burst3,3,READ,0x30000500000,4096
0,burst3,3,READ,0x30000501000,4096
0,burst3,3,READ,0x30000502000,4096
0,burst3,3,READ,0x30000503000,4096
0,burst3,3,READ,0x30000504000,4096
0,burst3,3,READ,0x30000505000,4096
0,burst3,3,READ,0x30000506000,4096
0,burst3,3,READ,0x30000507000,4096
0,burst3,3,READ,0x30000508000,4096
0,burst3,3,READ,0x30000509000,4096
0,burst3,3,READ,0x3000050a000,4096
0,burst3,3,READ,0x3000050b000,4096
0,burst3,3,READ,0x3000050c000,4096
0,burst3,3,READ,0x3000050d000,4096
0,burst3,3,READ,0x3000050e000,4096
0,burst3,3,READ,0x3000050f000,4096
0,burst3,3,READ,0x30000510000,4096
0,burst3,3,READ,0x30000511000,4096
0,burst3,3,READ,0x30000512000,4096
0,burst3,3,READ,0x30000513000,4096
0,burst3,3,READ,0x30000514000,4096
0,burst3,3,READ,0x30000515000,4096
0,burst3,3,READ,0x30000516000,4096
0,burst3,3,READ,0x30000517000,4096
0,burst3,3,READ,0x30000518000,4096
0,burst3,3,READ,0x30000519000,4096
0,burst3,3,READ,0x3000051a000,4096
0,burst3,3,READ,0x3000051b000,4096
0,burst3,3,READ,0x3000051c000,4096
0,burst3,3,READ,0x3000051d000,4096
0,burst3,3,READ,0x3000051e000,4096
0,burst3,3,READ,0x3000051f000,4096
0,burst3,3,READ,0x30000520000,4096
0,burst3,3,READ,0x30000521000,4096
0,burst3,3,READ,0x30000522000,4096
0,burst3,3,READ,0x30000523000,4096
0,burst3,3,READ,0x30000524000,4096
0,burst3,3,READ,0x30000525000,4096
0,burst3,3,READ,0x30000526000,4096
0,burst3,3,READ,0x30000527000,4096
0,burst3,3,READ,0x30000528000,4096
0,burst3,3,READ,0x30000529000,4096
0,burst3,3,READ,0x3000052a000,4096
0,burst3,3,READ,0x3000052b000,4096
0,burst3,3,READ,0x3000052c000,4096
0,burst3,3,READ,0x3000052d000,4096
0,burst3,3,READ,0x3000052e000,4096
0,burst3,3,READ,0x3000052f000,4096
0,burst3,3,READ,0x30000530000,4096
0,burst3,3,READ,0x30000531000,4096
0,burst3,3,READ,0x30000532000,4096
0,burst3,3,READ,0x30000533000,4096
0,burst3,3,READ,0x30000534000,4096
0,burst3,3,READ,0x30000535000,4096
0,burst3,3,READ,0x30000536000,4096
0,burst3,3,READ,0x30000537000,4096
0,burst3,3,READ,0x30000538000,4096
0,burst3,3,READ,0x30000539000,4096
0,burst3,3,READ,0x3000053a000,4096
0,burst3,3,READ,0x3000053b000,4096
0,burst3,3,READ,0x3000053c000,4096
0,burst3,3,READ,0x3000053d000,4096
0,burst3,3,READ,0x3000053e000,4096
0,burst3,3,READ,0x3000053f000,4096
0,burst3,3,READ,0x30000540000,4096
0,burst3,3,READ,0x30000541000,4096
0,burst3,3,READ,0x30000542000,4096
0,burst3,3,READ,0x30000543000,4096
0,burst3,3,READ,0x30000544000,4096
0,burst3,3,READ,0x30000545000,4096
0,burst3,3,READ,0x30000546000,4096
0,burst3,3,READ,0x30000547000,4096
0,burst3,3,READ,0x30000548000,4096
0,burst3,3,READ,0x30000549000,4096
0,burst3,3,READ,0x3000054a000,4096
0,burst3,3,READ,0x3000054b000,4096
0,burst3,3,READ,0x3000054c000,4096
0,burst3,3,READ,0x3000054d000,4096
0,burst3,3,READ,0x3000054e000,4096
0,burst3,3,READ,0x3000054f000,4096
0,burst3,3,READ,0x30000550000,4096
0,burst3,3,READ,0x30000551000,4096
0,burst3,3,READ,0x30000552000,4096
0,burst3,3,READ,0x30000553000,4096
0,burst3,3,READ,0x30000554000,4096
0,burst3,3,READ,0x30000555000,4096
0,burst3,3,READ,0x30000556000,4096
0,burst3,3,READ,0x30000557000,4096
0,burst3,3,READ,0x30000558000,4096
0,burst3,3,READ,0x30000559000,4096
0,burst3,3,READ,0x3000055a000,4096
0,burst3,3,READ,0x3000055b000,4096
0,burst3,3,READ,0x3000055c000,4096
0,burst3,3,READ,0x3000055d000,4096
0,burst3,3,READ,0x3000055e000,4096
0,burst3,3,READ,0x3000055f000,4096
0,burst3,3,READ,0x30000560000,4096
0,burst3,3,READ,0x30000561000,4096
0,burst3,3,READ,0x30000562000,4096
0,burst3,3,READ,0x30000563000,4096
0,burst3,3,READ,0x30000564000,4096
0,burst3,3,READ,0x30000565000,4096
0,burst3,3,READ,0x30000566000,4096
0,burst3,3,READ,0x30000567000,4096
0,burst3,3,READ,0x30000568000,4096
0,burst3,3,READ,0x30000569000,4096
0,burst3,3,READ,0x3000056a000,4096
0,burst3,3,READ,0x3000056b000,4096
0,burst3,3,READ,0x3000056c000,4096
0,burst3,3,READ,0x3000056d000,4096
0,burst3,3,READ,0x3000056e000,4096
0,burst3,3,READ,0x3000056f000,4096
0,burst3,3,READ,0x30000570000,4096
0,burst3,3,READ,0x30000571000,4096
0,burst3,3,READ,0x30000572000,4096
0,burst3,3,READ,0x30000573000,4096
0,burst3,3,READ,0x30000574000,4096
0,burst3,3,READ,0x30000575000,4096
0,burst3,3,READ,0x30000576000,4096
0,burst3,3,READ,0x30000577000,4096
0,burst3,3,READ,0x30000578000,4096
0,burst3,3,READ,0x30000579000,4096
0,burst3,3,READ,0x3000057a000,4096
0,burst3,3,READ,0x3000057b000,4096
0,burst3,3,READ,0x3000057c000,4096
0,burst3,3,READ,0x3000057d000,4096
0,burst3,3,READ,0x3000057e000,4096
0,burst3,3,READ,0x3000057f000,4096
0,burst3,3,READ,0x30000580000,4096
0,burst3,3,READ,0x30000581000,4096
0,burst3,3,READ,0x30000582000,4096
0,burst3,3,READ,0x30000583000,4096
0,burst3,3,READ,0x30000584000,4096
0,burst3,3,READ,0x30000585000,4096
0,burst3,3,READ,0x30000586000,4096
0,burst3,3,READ,0x30000587000,4096
0,burst3,3,READ,0x30000588000,4096
0,burst3,3,READ,0x30000589000,4096
0,burst3,3,READ,0x3000058a000,4096
0,burst3,3,READ,0x3000058b000,4096
0,burst3,3,READ,0x3000058c000,4096
0,burst3,3,READ,0x3000058d000,4096
0,burst3,3,READ,0x3000058e000,4096
0,burst3,3,READ,0x3000058f000,4096
0,burst3,3,READ,0x30000590000,4096
0,burst3,3,READ,0x30000591000,4096
0,burst3,3,READ,0x30000592000,4096
0,burst3,3,READ,0x30000593000,4096
0,burst3,3,READ,0x30000594000,4096
0,burst3,3,READ,0x30000595000,4096
0,burst3,3,READ,0x30000596000,4096
0,burst3,3,READ,0x30000597000,4096
0,burst3,3,READ,0x30000598000,4096
0,burst3,3,READ,0x30000599000,4096
0,burst3,3,READ,0x3000059a000,4096
0,burst3,3,READ,0x3000059b000,4096
0,burst3,3,READ,0x3000059c000,4096
0,burst3,3,READ,0x3000059d000,4096
0,burst3,3,READ,0x3000059e000,4096
0,burst3,3,READ,0x3000059f000,4096
0,burst3,3,READ,0x300005a0000,4096
0,burst3,3,READ,0x300005a1000,4096
0,burst3,3,READ,0x300005a2000,4096
0,burst3,3,READ,0x300005a3000,4096
0,burst3,3,READ,0x300005a4000,4096
0,burst3,3,READ,0x300005a5000,4096
0,burst3,3,READ,0x300005a6000,4096
0,burst3,3,READ,0x300005a7000,4096
0,burst3,3,READ,0x300005a8000,4096
0,burst3,3,READ,0x300005a9000,4096
0,burst3,3,READ,0x300005aa000,4096
0,burst3,3,READ,0x300005ab000,4096
0,burst3,3,READ,0x300005ac000,4096
0,burst3,3,READ,0x300005ad000,4096
0,burst3,3,READ,0x300005ae000,4096
0,burst3,3,READ,0x300005af000,4096
0,burst3,3,READ,0x300005b0000,4096
0,burst3,3,READ,0x300005b1000,4096
0,burst3,3,READ,0x300005b2000,4096
0,burst3,3,READ,0x300005b3000,4096
0,burst3,3,READ,0x300005b4000,4096
0,burst3,3,READ,0x300005b5000,4096
0,burst3,3,READ,0x300005b6000,4096
0,burst3,3,READ,0x300005b7000,4096
0,burst3,3,READ,0x300005b8000,4096
0,burst3,3,READ,0x300005b9000,4096
0,burst3,3,READ,0x300005ba000,4096
0,burst3,3,READ,0x300005bb000,4096
0,burst3,3,READ,0x300005bc000,4096
0,burst3,3,READ,0x300005bd000,4096
0,burst3,3,READ,0x300005be000,4096
0,burst3,3,READ,0x300005bf000,4096
0,burst3,3,READ,0x300005c0000,4096
0,burst3,3,READ,0x300005c1000,4096
0,burst3,3,READ,0x300005c2000,4096
0,burst3,3,READ,0x300005c3000,4096
0,burst3,3,READ,0x300005c4000,4096
0,burst3,3,READ,0x300005c5000,4096
0,burst3,3,READ,0x300005c6000,4096
0,burst3,3,READ,0x300005c7000,4096
0,burst3,3,READ,0x300005c8000,4096
0,burst3,3,READ,0x300005c9000,4096
0,burst3,3,READ,0x300005ca000,4096
0,burst3,3,READ,0x300005cb000,4096
0,burst3,3,READ,0x300005cc000,4096
0,burst3,3,READ,0x300005cd000,4096
0,burst3,3,READ,0x300005ce000,4096
0,burst3,3,READ,0x300005cf000,4096
0,burst3,3,READ,0x300005d0000,4096
0,burst3,3,READ,0x300005d1000,4096
0,burst3,3,READ,0x300005d2000,4096
0,burst3,3,READ,0x300005d3000,4096
0,burst3,3,READ,0x300005d4000,4096
0,burst3,3,READ,0x300005d5000,4096
0,burst3,3,READ,0x300005d6000,4096
0,burst3,3,READ,0x300005d7000,4096
0,burst3,3,READ,0x300005d8000,4096
0,burst3,3,READ,0x300005d9000,4096
0,burst3,3,READ,0x300005da000,4096
0,burst3,3,READ,0x300005db000,4096
0,burst3,3,READ,0x300005dc000,4096
0,burst3,3,READ,0x300005dd000,4096
0,burst3,3,READ,0x300005de000,4096
0,burst3,3,READ,0x300005df000,4096
0,burst3,3,READ,0x300005e0000,4096
0,burst3,3,READ,0x300005e1000,4096
0,burst3,3,READ,0x300005e2000,4096
0,burst3,3,READ,0x300005e3000,4096
0,burst3,3,READ,0x300005e4000,4096
0,burst3,3,READ,0x300005e5000,4096
0,burst3,3,READ,0x300005e6000,4096
0,burst3,3,READ,0x300005e7000,4096
0,burst3,3,READ,0x300005e8000,4096
0,burst3,3,READ,0x300005e9000,4096
0,burst3,3,READ,0x300005ea000,4096
0,burst3,3,READ,0x300005eb000,4096
0,burst3,3,READ,0x300005ec000,4096
0,burst3,3,READ,0x300005ed000,4096
0,burst3,3,READ,0x300005ee000,4096
0,burst3,3,READ,0x300005ef000,4096
0,burst3,3,READ,0x300005f0000,4096
0,burst3,3,READ,0x300005f1000,4096
0,burst3,3,READ,0x300005f2000,4096
0,burst3,3,READ,0x300005f3000,4096
0,burst3,3,READ,0x300005f4000,4096
0,burst3,3,READ,0x300005f5000,4096
0,burst3,3,READ,0x300005f6000,4096
0,burst3,3,READ,0x300005f7000,4096
0,burst3,3,READ,0x300005f8000,4096
0,burst3,3,READ,0x300005f9000,4096
0,burst3,3,READ,0x300005fa000,4096
0,burst3,3,READ,0x300005fb000,4096
0,burst3,3,READ,0x300005fc000,4096
0,burst3,3,READ,0x300005fd000,4096
0,burst3,3,READ,0x300005fe000,4096
0,burst3,3,READ,0x300005ff000,4096
0,burst3,3,READ,0x30000600000,4096
0,burst3,3,READ,0x30000601000,4096
0,burst3,3,READ,0x30000602000,4096
0,burst3,3,READ,0x30000603000,4096
0,burst3,3,READ,0x30000604000,4096
0,burst3,3,READ,0x30000605000,4096
0,burst3,3,READ,0x30000606000,4096
0,burst3,3,READ,0x30000607000,4096
0,burst3,3,READ,0x30000608000,4096
0,burst3,3,READ,0x30000609000,4096
0,burst3,3,READ,0x3000060a000,4096
0,burst3,3,READ,0x3000060b000,4096
0,burst3,3,READ,0x3000060c000,4096
0,burst3,3,READ,0x3000060d000,4096
0,burst3,3,READ,0x3000060e000,4096
0,burst3,3,READ,0x3000060f000,4096
0,burst3,3,READ,0x30000610000,4096
0,burst3,3,READ,0x30000611000,4096
0,burst3,3,READ,0x30000612000,4096
0,burst3,3,READ,0x30000613000,4096
0,burst3,3,READ,0x30000614000,4096
0,burst3,3,READ,0x30000615000,4096
0,burst3,3,READ,0x30000616000,4096
0,burst3,3,READ,0x30000617000,4096
0,burst3,3,READ,0x30000618000,4096
0,burst3,3,READ,0x30000619000,4096
0,burst3,3,READ,0x3000061a000,4096
0,burst3,3,READ,0x3000061b000,4096
0,burst3,3,READ,0x3000061c000,4096
0,burst3,3,READ,0x3000061d000,4096
0,burst3,3,READ,0x3000061e000,4096
0,burst3,3,READ,0x3000061f000,4096
0,burst3,3,READ,0x30000620000,4096
0,burst3,3,READ,0x30000621000,4096
0,burst3,3,READ,0x30000622000,4096
0,burst3,3,READ,0x30000623000,4096
0,burst3,3,READ,0x30000624000,4096
0,burst3,3,READ,0x30000625000,4096
0,burst3,3,READ,0x30000626000,4096
0,burst3,3,READ,0x30000627000,4096
0,burst3,3,READ,0x30000628000,4096
0,burst3,3,READ,0x30000629000,4096
0,burst3,3,READ,0x3000062a000,4096
0,burst3,3,READ,0x3000062b000,4096
0,burst3,3,READ,0x3000062c000,4096
0,burst3,3,READ,0x3000062d000,4096
0,burst3,3,READ,0x3000062e000,4096
0,burst3,3,READ,0x3000062f000,4096
0,burst3,3,READ,0x30000630000,4096
0,burst3,3,READ,0x30000631000,4096
0,burst3,3,READ,0x30000632000,4096
0,burst3,3,READ,0x30000633000,4096
0,burst3,3,READ,0x30000634000,4096
0,burst3,3,READ,0x30000635000,4096
0,burst3,3,READ,0x30000636000,4096
0,burst3,3,READ,0x30000637000,4096
0,burst3,3,READ,0x30000638000,4096
0,burst3,3,READ,0x30000639000,4096
0,burst3,3,READ,0x3000063a000,4096
0,burst3,3,READ,0x3000063b000,4096
0,burst3,3,READ,0x3000063c000,4096
0,burst3,3,READ,0x3000063d000,4096
0,burst3,3,READ,0x3000063e000,4096
0,burst3,3,READ,0x3000063f000,4096
0,burst3,3,READ,0x30000640000,4096
0,burst3,3,READ,0x30000641000,4096
0,burst3,3,READ,0x30000642000,4096
0,burst3,3,READ,0x30000643000,4096
0,burst3,3,READ,0x30000644000,4096
0,burst3,3,READ,0x30000645000,4096
0,burst3,3,READ,0x30000646000,4096
0,burst3,3,READ,0x30000647000,4096
0,burst3,3,READ,0x30000648000,4096
0,burst3,3,READ,0x30000649000,4096
0,burst3,3,READ,0x3000064a000,4096
0,burst3,3,READ,0x3000064b000,4096
0,burst3,3,READ,0x3000064c000,4096
0,burst3,3,READ,0x3000064d000,4096
0,burst3,3,READ,0x3000064e000,4096
0,burst3,3,READ,0x3000064f000,4096
0,burst3,3,READ,0x30000650000,4096
0,burst3,3,READ,0x30000651000,4096
0,burst3,3,READ,0x30000652000,4096
0,burst3,3,READ,0x30000653000,4096
0,burst3,3,READ,0x30000654000,4096
0,burst3,3,READ,0x30000655000,4096
0,burst3,3,READ,0x30000656000,4096
0,burst3,3,READ,0x30000657000,4096
0,burst3,3,READ,0x30000658000,4096
0,burst3,3,READ,0x30000659000,4096
0,burst3,3,READ,0x3000065a000,4096
0,burst3,3,READ,0x3000065b000,4096
0,burst3,3,READ,0x3000065c000,4096
0,burst3,3,READ,0x3000065d000,4096
0,burst3,3,READ,0x3000065e000,4096
0,burst3,3,READ,0x3000065f000,4096
0,burst3,3,READ,0x30000660000,4096
0,burst3,3,READ,0x30000661000,4096
0,burst3,3,READ,0x30000662000,4096
0,burst3,3,READ,0x30000663000,4096
0,burst3,3,READ,0x30000664000,4096
0,burst3,3,READ,0x30000665000,4096
0,burst3,3,READ,0x30000666000,4096
0,burst3,3,READ,0x30000667000,4096
0,burst3,3,READ,0x30000668000,4096
0,burst3,3,READ,0x30000669000,4096
0,burst3,3,READ,0x3000066a000,4096
0,burst3,3,READ,0x3000066b000,4096
0,burst3,3,READ,0x3000066c000,4096
0,burst3,3,READ,0x3000066d000,4096
0,burst3,3,READ,0x3000066e000,4096
0,burst3,3,READ,0x3000066f000,4096
0,burst3,3,READ,0x30000670000,4096
0,burst3,3,READ,0x30000671000,4096
0,burst3,3,READ,0x30000672000,4096
0,burst3,3,READ,0x30000673000,4096
0,burst3,3,READ,0x30000674000,4096
0,burst3,3,READ,0x30000675000,4096
0,burst3,3,READ,0x30000676000,4096
0,burst3,3,READ,0x30000677000,4096
0,burst3,3,READ,0x30000678000,4096
0,burst3,3,READ,0x30000679000,4096
0,burst3,3,READ,0x3000067a000,4096
0,burst3,3,READ,0x3000067b000,4096
0,burst3,3,READ,0x3000067c000,4096
0,burst3,3,READ,0x3000067d000,4096
0,burst3,3,READ,0x3000067e000,4096
0,burst3,3,READ,0x3000067f000,4096
0,burst3,3,READ,0x30000680000,4096
0,burst3,3,READ,0x30000681000,4096
0,burst3,3,READ,0x30000682000,4096
0,burst3,3,READ,0x30000683000,4096
0,burst3,3,READ,0x30000684000,4096
0,burst3,3,READ,0x30000685000,4096
0,burst3,3,READ,0x30000686000,4096
0,burst3,3,READ,0x30000687000,4096
0,burst3,3,READ,0x30000688000,4096
0,burst3,3,READ,0x30000689000,4096
0,burst3,3,READ,0x3000068a000,4096
0,burst3,3,READ,0x3000068b000,4096
0,burst3,3,READ,0x3000068c000,4096
0,burst3,3,READ,0x3000068d000,4096
0,burst3,3,READ,0x3000068e000,4096
0,burst3,3,READ,0x3000068f000,4096
0,burst3,3,READ,0x30000690000,4096
0,burst3,3,READ,0x30000691000,4096
0,burst3,3,READ,0x30000692000,4096
0,burst3,3,READ,0x30000693000,4096
0,burst3,3,READ,0x30000694000,4096
0,burst3,3,READ,0x30000695000,4096
0,burst3,3,READ,0x30000696000,4096
0,burst3,3,READ,0x30000697000,4096
0,burst3,3,READ,0x30000698000,4096
0,burst3,3,READ,0x30000699000,4096
0,burst3,3,READ,0x3000069a000,4096
0,burst3,3,READ,0x3000069b000,4096
0,burst3,3,READ,0x3000069c000,4096
0,burst3,3,READ,0x3000069d000,4096
0,burst3,3,READ,0x3000069e000,4096
0,burst3,3,READ,0x3000069f000,4096
0,burst3,3,READ,0x300006a0000,4096
0,burst3,3,READ,0x300006a1000,4096
0,burst3,3,READ,0x300006a2000,4096
0,burst3,3,READ,0x300006a3000,4096
0,burst3,3,READ,0x300006a4000,4096
0,burst3,3,READ,0x300006a5000,4096
0,burst3,3,READ,0x300006a6000,4096
0,burst3,3,READ,0x300006a7000,4096
0,burst3,3,READ,0x300006a8000,4096
0,burst3,3,READ,0x300006a9000,4096
0,burst3,3,READ,0x300006aa000,4096
0,burst3,3,READ,0x300006ab000,4096
0,burst3,3,READ,0x300006ac000,4096
0,burst3,3,READ,0x300006ad000,4096
0,burst3,3,READ,0x300006ae000,4096
0,burst3,3,READ,0x300006af000,4096
0,burst3,3,READ,0x300006b0000,4096
0,burst3,3,READ,0x300006b1000,4096
0,burst3,3,READ,0x300006b2000,4096
0,burst3,3,READ,0x300006b3000,4096
0,burst3,3,READ,0x300006b4000,4096
0,burst3,3,READ,0x300006b5000,4096
0,burst3,3,READ,0x300006b6000,4096
0,burst3,3,READ,0x300006b7000,4096
0,burst3,3,READ,0x300006b8000,4096
0,burst3,3,READ,0x300006b9000,4096
0,burst3,3,READ,0x300006ba000,4096
0,burst3,3,READ,0x300006bb000,4096
0,burst3,3,READ,0x300006bc000,4096
0,burst3,3,READ,0x300006bd000,4096
0,burst3,3,READ,0x300006be000,4096
0,burst3,3,READ,0x300006bf000,4096
0,burst3,3,READ,0x300006c0000,4096
0,burst3,3,READ,0x300006c1000,4096
0,burst3,3,READ,0x300006c2000,4096
0,burst3,3,READ,0x300006c3000,4096
0,burst3,3,READ,0x300006c4000,4096
0,burst3,3,READ,0x300006c5000,4096
0,burst3,3,READ,0x300006c6000,4096
0,burst3,3,READ,0x300006c7000,4096
0,burst3,3,READ,0x300006c8000,4096
0,burst3,3,READ,0x300006c9000,4096
0,burst3,3,READ,0x300006ca000,4096
0,burst3,3,READ,0x300006cb000,4096
0,burst3,3,READ,0x300006cc000,4096
0,burst3,3,READ,0x300006cd000,4096
0,burst3,3,READ,0x300006ce000,4096
0,burst3,3,READ,0x300006cf000,4096
0,burst3,3,READ,0x300006d0000,4096
0,burst3,3,READ,0x300006d1000,4096
0,burst3,3,READ,0x300006d2000,4096
0,burst3,3,READ,0x300006d3000,4096
0,burst3,3,READ,0x300006d4000,4096
0,burst3,3,READ,0x300006d5000,4096
0,burst3,3,READ,0x300006d6000,4096
0,burst3,3,READ,0x300006d7000,4096
0,burst3,3,READ,0x300006d8000,4096
0,burst3,3,READ,0x300006d9000,4096
0,burst3,3,READ,0x300006da000,4096
0,burst3,3,READ,0x300006db000,4096
0,burst3,3,READ,0x300006dc000,4096
0,burst3,3,READ,0x300006dd000,4096
0,burst3,3,READ,0x300006de000,4096
0,burst3,3,READ,0x300006df000,4096
0,burst3,3,READ,0x300006e0000,4096
0,burst3,3,READ,0x300006e1000,4096
0,burst3,3,READ,0x300006e2000,4096
0,burst3,3,READ,0x300006e3000,4096
0,burst3,3,READ,0x300006e4000,4096
0,burst3,3,READ,0x300006e5000,4096
0,burst3,3,READ,0x300006e6000,4096
0,burst3,3,READ,0x300006e7000,4096
0,burst3,3,READ,0x300006e8000,4096
0,burst3,3,READ,0x300006e9000,4096
0,burst3,3,READ,0x300006ea000,4096
0,burst3,3,READ,0x300006eb000,4096
0,burst3,3,READ,0x300006ec000,4096
0,burst3,3,READ,0x300006ed000,4096
0,burst3,3,READ,0x300006ee000,4096
0,burst3,3,READ,0x300006ef000,4096
0,burst3,3,READ,0x300006f0000,4096
0,burst3,3,READ,0x300006f1000,4096
0,burst3,3,READ,0x300006f2000,4096
0,burst3,3,READ,0x300006f3000,4096
0,burst3,3,READ,0x300006f4000,4096
0,burst3,3,READ,0x300006f5000,4096
0,burst3,3,READ,0x300006f6000,4096
0,burst3,3,READ,0x300006f7000,4096
0,burst3,3,READ,0x300006f8000,4096
0,burst3,3,READ,0x300006f9000,4096
0,burst3,3,READ,0x300006fa000,4096
0,burst3,3,READ,0x300006fb000,4096
0,burst3,3,READ,0x300006fc000,4096
0,burst3,3,READ,0x300006fd000,4096
0,burst3,3,READ,0x300006fe000,4096
0,burst3,3,READ,0x300006ff000,4096
0,burst3,3,READ,0x30000700000,4096
0,burst3,3,READ,0x30000701000,4096
0,burst3,3,READ,0x30000702000,4096
0,burst3,3,READ,0x30000703000,4096
0,burst3,3,READ,0x30000704000,4096
0,burst3,3,READ,0x30000705000,4096
0,burst3,3,READ,0x30000706000,4096
0,burst3,3,READ,0x30000707000,4096
0,burst3,3,READ,0x30000708000,4096
0,burst3,3,READ,0x30000709000,4096
0,burst3,3,READ,0x3000070a000,4096
0,burst3,3,READ,0x3000070b000,4096
0,burst3,3,READ,0x3000070c000,4096
0,burst3,3,READ,0x3000070d000,4096
0,burst3,3,READ,0x3000070e000,4096
0,burst3,3,READ,0x3000070f000,4096
0,burst3,3,READ,0x30000710000,4096
0,burst3,3,READ,0x30000711000,4096
0,burst3,3,READ,0x30000712000,4096
0,burst3,3,READ,0x30000713000,4096
0,burst3,3,READ,0x30000714000,4096
0,burst3,3,READ,0x30000715000,4096
0,burst3,3,READ,0x30000716000,4096
0,burst3,3,READ,0x30000717000,4096
0,burst3,3,READ,0x30000718000,4096
0,burst3,3,READ,0x30000719000,4096
0,burst3,3,READ,0x3000071a000,4096
0,burst3,3,READ,0x3000071b000,4096
0,burst3,3,READ,0x3000071c000,4096
0,burst3,3,READ,0x3000071d000,4096
0,burst3,3,READ,0x3000071e000,4096
0,burst3,3,READ,0x3000071f000,4096
0,burst3,3,READ,0x30000720000,4096
0,burst3,3,READ,0x30000721000,4096
0,burst3,3,READ,0x30000722000,4096
0,burst3,3,READ,0x30000723000,4096
0,burst3,3,READ,0x30000724000,4096
0,burst3,3,READ,0x30000725000,4096
0,burst3,3,READ,0x30000726000,4096
0,burst3,3,READ,0x30000727000,4096
0,burst3,3,READ,0x30000728000,4096
0,burst3,3,READ,0x30000729000,4096
0,burst3,3,READ,0x3000072a000,4096
0,burst3,3,READ,0x3000072b000,4096
0,burst3,3,READ,0x3000072c000,4096
0,burst3,3,READ,0x3000072d000,4096
0,burst3,3,READ,0x3000072e000,4096
0,burst3,3,READ,0x3000072f000,4096
0,burst3,3,READ,0x30000730000,4096
0,burst3,3,READ,0x30000731000,4096
0,burst3,3,READ,0x30000732000,4096
0,burst3,3,READ,0x30000733000,4096
0,burst3,3,READ,0x30000734000,4096
0,burst3,3,READ,0x30000735000,4096
0,burst3,3,READ,0x30000736000,4096
0,burst3,3,READ,0x30000737000,4096
0,burst3,3,READ,0x30000738000,4096
0,burst3,3,READ,0x30000739000,4096
0,burst3,3,READ,0x3000073a000,4096
0,burst3,3,READ,0x3000073b000,4096
0,burst3,3,READ,0x3000073c000,4096
0,burst3,3,READ,0x3000073d000,4096
0,burst3,3,READ,0x3000073e000,4096
0,burst3,3,READ,0x3000073f000,4096
0,burst3,3,READ,0x30000740000,4096
0,burst3,3,READ,0x30000741000,4096
0,burst3,3,READ,0x30000742000,4096
0,burst3,3,READ,0x30000743000,4096
0,burst3,3,READ,0x30000744000,4096
0,burst3,3,READ,0x30000745000,4096
0,burst3,3,READ,0x30000746000,4096
0,burst3,3,READ,0x30000747000,4096
0,burst3,3,READ,0x30000748000,4096
0,burst3,3,READ,0x30000749000,4096
0,burst3,3,READ,0x3000074a000,4096
0,burst3,3,READ,0x3000074b000,4096
0,burst3,3,READ,0x3000074c000,4096
0,burst3,3,READ,0x3000074d000,4096
0,burst3,3,READ,0x3000074e000,4096
0,burst3,3,READ,0x3000074f000,4096
0,burst3,3,READ,0x30000750000,4096
0,burst3,3,READ,0x30000751000,4096
0,burst3,3,READ,0x30000752000,4096
0,burst3,3,READ,0x30000753000,4096
0,burst3,3,READ,0x30000754000,4096
0,burst3,3,READ,0x30000755000,4096
0,burst3,3,READ,0x30000756000,4096
0,burst3,3,READ,0x30000757000,4096
0,burst3,3,READ,0x30000758000,4096
0,burst3,3,READ,0x30000759000,4096
0,burst3,3,READ,0x3000075a000,4096
0,burst3,3,READ,0x3000075b000,4096
0,burst3,3,READ,0x3000075c000,4096
0,burst3,3,READ,0x3000075d000,4096
0,burst3,3,READ,0x3000075e000,4096
0,burst3,3,READ,0x3000075f000,4096
0,burst3,3,READ,0x30000760000,4096
0,burst3,3,READ,0x30000761000,4096
0,burst3,3,READ,0x30000762000,4096
0,burst3,3,READ,0x30000763000,4096
0,burst3,3,READ,0x30000764000,4096
0,burst3,3,READ,0x30000765000,4096
0,burst3,3,READ,0x30000766000,4096
0,burst3,3,READ,0x30000767000,4096
0,burst3,3,READ,0x30000768000,4096
0,burst3,3,READ,0x30000769000,4096
0,burst3,3,READ,0x3000076a000,4096
0,burst3,3,READ,0x3000076b000,4096
0,burst3,3,READ,0x3000076c000,4096
0,burst3,3,READ,0x3000076d000,4096
0,burst3,3,READ,0x3000076e000,4096
0,burst3,3,READ,0x3000076f000,4096
0,burst3,3,READ,0x30000770000,4096
0,burst3,3,READ,0x30000771000,4096
0,burst3,3,READ,0x30000772000,4096
0,burst3,3,READ,0x30000773000,4096
0,burst3,3,READ,0x30000774000,4096
0,burst3,3,READ,0x30000775000,4096
0,burst3,3,READ,0x30000776000,4096
0,burst3,3,READ,0x30000777000,4096
0,burst3,3,READ,0x30000778000,4096
0,burst3,3,READ,0x30000779000,4096
0,burst3,3,READ,0x3000077a000,4096
0,burst3,3,READ,0x3000077b000,4096
0,burst3,3,READ,0x3000077c000,4096
0,burst3,3,READ,0x3000077d000,4096
0,burst3,3,READ,0x3000077e000,4096
0,burst3,3,READ,0x3000077f000,4096
0,burst3,3,READ,0x30000780000,4096
0,burst3,3,READ,0x30000781000,4096
0,burst3,3,READ,0x30000782000,4096
0,burst3,3,READ,0x30000783000,4096
0,burst3,3,READ,0x30000784000,4096
0,burst3,3,READ,0x30000785000,4096
0,burst3,3,READ,0x30000786000,4096
0,burst3,3,READ,0x30000787000,4096
0,burst3,3,READ,0x30000788000,4096
0,burst3,3,READ,0x30000789000,4096
0,burst3,3,READ,0x3000078a000,4096
0,burst3,3,READ,0x3000078b000,4096
0,burst3,3,READ,0x3000078c000,4096
0,burst3,3,READ,0x3000078d000,4096
0,burst3,3,READ,0x3000078e000,4096
0,burst3,3,READ,0x3000078f000,4096
0,burst3,3,READ,0x30000790000,4096
0,burst3,3,READ,0x30000791000,4096
0,burst3,3,READ,0x30000792000,4096
0,burst3,3,READ,0x30000793000,4096
0,burst3,3,READ,0x30000794000,4096
0,burst3,3,READ,0x30000795000,4096
0,burst3,3,READ,0x30000796000,4096
0,burst3,3,READ,0x30000797000,4096
0,burst3,3,READ,0x30000798000,4096
0,burst3,3,READ,0x30000799000,4096
0,burst3,3,READ,0x3000079a000,4096
0,burst3,3,READ,0x3000079b000,4096
0,burst3,3,READ,0x3000079c000,4096
0,burst3,3,READ,0x3000079d000,4096
0,burst3,3,READ,0x3000079e000,4096
0,burst3,3,READ,0x3000079f000,4096
0,burst3,3,READ,0x300007a0000,4096
0,burst3,3,READ,0x300007a1000,4096
0,burst3,3,READ,0x300007a2000,4096
0,burst3,3,READ,0x300007a3000,4096
0,burst3,3,READ,0x300007a4000,4096
0,burst3,3,READ,0x300007a5000,4096
0,burst3,3,READ,0x300007a6000,4096
0,burst3,3,READ,0x300007a7000,4096
0,burst3,3,READ,0x300007a8000,4096
0,burst3,3,READ,0x300007a9000,4096
0,burst3,3,READ,0x300007aa000,4096
0,burst3,3,READ,0x300007ab000,4096
0,burst3,3,READ,0x300007ac000,4096
0,burst3,3,READ,0x300007ad000,4096
0,burst3,3,READ,0x300007ae000,4096
0,burst3,3,READ,0x300007af000,4096
0,burst3,3,READ,0x300007b0000,4096
0,burst3,3,READ,0x300007b1000,4096
0,burst3,3,READ,0x300007b2000,4096
0,burst3,3,READ,0x300007b3000,4096
0,burst3,3,READ,0x300007b4000,4096
0,burst3,3,READ,0x300007b5000,4096
0,burst3,3,READ,0x300007b6000,4096
0,burst3,3,READ,0x300007b7000,4096
0,burst3,3,READ,0x300007b8000,4096
0,burst3,3,READ,0x300007b9000,4096
0,burst3,3,READ,0x300007ba000,4096
0,burst3,3,READ,0x300007bb000,4096
0,burst3,3,READ,0x300007bc000,4096
0,burst3,3,READ,0x300007bd000,4096
0,burst3,3,READ,0x300007be000,4096
0,burst3,3,READ,0x300007bf000,4096
0,burst3,3,READ,0x300007c0000,4096
0,burst3,3,READ,0x300007c1000,4096
0,burst3,3,READ,0x300007c2000,4096
0,burst3,3,READ,0x300007c3000,4096
0,burst3,3,READ,0x300007c4000,4096
0,burst3,3,READ,0x300007c5000,4096
0,burst3,3,READ,0x300007c6000,4096
0,burst3,3,READ,0x300007c7000,4096
0,burst3,3,READ,0x300007c8000,4096
0,burst3,3,READ,0x300007c9000,4096
0,burst3,3,READ,0x300007ca000,4096
0,burst3,3,READ,0x300007cb000,4096
0,burst3,3,READ,0x300007cc000,4096
0,burst3,3,READ,0x300007cd000,4096
0,burst3,3,READ,0x300007ce000,4096
0,burst3,3,READ,0x300007cf000,4096
