timestamp,process_id,user_id,type,address,size
7,u0,0,READ,0x0,4096
13,u0,0,WRITE,0x1000,4096
19,u0,0,READ,0x2000,4096
26,u0,0,READ,0x3000,4096
35,u0,0,WRITE,0x4000,4096
37,u2,2,WRITE,0x20000000000,4096
41,u0,0,WRITE,0x5000,4096
44,u1,1,WRITE,0x10000000000,4096
46,u3,3,WRITE,0x30000000000,4096
49,u0,0,READ,0x6000,4096
55,u0,0,WRITE,0x7000,4096
62,u0,0,WRITE,0x8000,4096
68,u0,0,READ,0x9000,4096
70,u2,2,WRITE,0x20000001000,4096
76,u0,0,READ,0xa000,4096
80,u1,1,READ,0x10000001000,4096
84,u0,0,READ,0xb000,4096
85,u3,3,WRITE,0x30000001000,4096
91,u0,0,WRITE,0xc000,4096
98,u0,0,READ,0xd000,4096
106,u0,0,READ,0xe000,4096
112,u0,0,WRITE,0xf000,4096
115,u3,3,READ,0x30000002000,4096
117,u0,0,WRITE,0x10000,4096
118,u2,2,WRITE,0x20000002000,4096
123,u0,0,READ,0x11000,4096
124,u1,1,READ,0x10000002000,4096
131,u0,0,WRITE,0x12000,4096
140,u0,0,READ,0x13000,4096
145,u0,0,READ,0x14000,4096
153,u0,0,WRITE,0x15000,4096
154,u2,2,READ,0x20000003000,4096
161,u0,0,READ,0x16000,4096
164,u3,3,READ,0x30000003000,4096
166,u1,1,READ,0x10000003000,4096
171,u0,0,WRITE,0x17000,4096
176,u0,0,READ,0x18000,4096
184,u0,0,READ,0x19000,4096
194,u0,0,READ,0x1a000,4096
199,u1,1,WRITE,0x10000004000,4096
202,u3,3,READ,0x30000004000,4096
204,u0,0,READ,0x1b000,4096
204,u2,2,READ,0x20000004000,4096
213,u0,0,READ,0x1c000,4096
221,u0,0,READ,0x1d000,4096
226,u0,0,WRITE,0x1e000,4096
234,u3,3,WRITE,0x30000005000,4096
236,u0,0,READ,0x1f000,4096
238,u2,2,WRITE,0x20000005000,4096
239,u1,1,READ,0x10000005000,4096
246,u0,0,WRITE,0x20000,4096
252,u0,0,WRITE,0x21000,4096
261,u0,0,READ,0x22000,4096
267,u0,0,WRITE,0x23000,4096
270,u3,3,READ,0x30000006000,4096
273,u1,1,READ,0x10000006000,4096
276,u0,0,READ,0x24000,4096
279,u2,2,WRITE,0x20000006000,4096
282,u0,0,WRITE,0x25000,4096
290,u0,0,WRITE,0x26000,4096
296,u0,0,READ,0x27000,4096
302,u0,0,READ,0x28000,4096
311,u2,2,WRITE,0x20000007000,4096
312,u0,0,WRITE,0x29000,4096
316,u3,3,READ,0x30000007000,4096
320,u0,0,WRITE,0x2a000,4096
320,u1,1,READ,0x10000007000,4096
327,u0,0,READ,0x2b000,4096
337,u0,0,WRITE,0x2c000,4096
344,u0,0,READ,0x2d000,4096
349,u0,0,READ,0x2e000,4096
352,u2,2,READ,0x20000008000,4096
355,u0,0,WRITE,0x2f000,4096
357,u3,3,READ,0x30000008000,4096
360,u0,0,READ,0x30000,4096
367,u1,1,READ,0x10000008000,4096
370,u0,0,WRITE,0x31000,4096
376,u0,0,READ,0x32000,4096
385,u0,0,READ,0x33000,4096
388,u3,3,WRITE,0x30000009000,4096
394,u0,0,WRITE,0x34000,4096
396,u2,2,READ,0x20000009000,4096
403,u0,0,READ,0x35000,4096
413,u0,0,WRITE,0x36000,4096
413,u1,1,READ,0x10000009000,4096
418,u0,0,WRITE,0x37000,4096
423,u0,0,READ,0x38000,4096
429,u0,0,READ,0x39000,4096
429,u3,3,WRITE,0x3000000a000,4096
434,u2,2,WRITE,0x2000000a000,4096
435,u0,0,READ,0x3a000,4096
441,u0,0,READ,0x3b000,4096
450,u0,0,WRITE,0x3c000,4096
458,u1,1,READ,0x1000000a000,4096
460,u0,0,READ,0x3d000,4096
466,u2,2,WRITE,0x2000000b000,4096
468,u0,0,READ,0x3e000,4096
475,u3,3,READ,0x3000000b000,4096
477,u0,0,WRITE,0x3f000,4096
482,u0,0,WRITE,0x40000,4096
490,u0,0,WRITE,0x41000,4096
490,u1,1,READ,0x1000000b000,4096
500,u0,0,READ,0x42000,4096
509,u0,0,READ,0x43000,4096
510,u2,2,READ,0x2000000c000,4096
512,u3,3,WRITE,0x3000000c000,4096
514,u0,0,READ,0x44000,4096
521,u0,0,WRITE,0x45000,4096
528,u1,1,WRITE,0x1000000c000,4096
531,u0,0,WRITE,0x46000,4096
536,u0,0,READ,0x47000,4096
545,u0,0,READ,0x48000,4096
551,u0,0,WRITE,0x49000,4096
554,u2,2,WRITE,0x2000000d000,4096
554,u3,3,READ,0x3000000d000,4096
557,u0,0,WRITE,0x4a000,4096
562,u0,0,WRITE,0x4b000,4096
567,u0,0,WRITE,0x4c000,4096
572,u1,1,WRITE,0x1000000d000,4096
576,u0,0,WRITE,0x4d000,4096
586,u0,0,READ,0x4e000,4096
591,u2,2,READ,0x2000000e000,4096
592,u0,0,READ,0x4f000,4096
600,u0,0,WRITE,0x50000,4096
601,u3,3,READ,0x3000000e000,4096
605,u0,0,READ,0x51000,4096
611,u0,0,READ,0x52000,4096
616,u1,1,READ,0x1000000e000,4096
617,u0,0,READ,0x53000,4096
624,u0,0,READ,0x54000,4096
629,u2,2,WRITE,0x2000000f000,4096
634,u0,0,WRITE,0x55000,4096
638,u3,3,WRITE,0x3000000f000,4096
643,u0,0,READ,0x56000,4096
648,u0,0,READ,0x57000,4096
648,u1,1,READ,0x1000000f000,4096
655,u0,0,WRITE,0x58000,4096
661,u0,0,WRITE,0x59000,4096
666,u0,0,WRITE,0x5a000,4096
675,u0,0,WRITE,0x5b000,4096
676,u2,2,READ,0x20000010000,4096
681,u1,1,READ,0x10000010000,4096
683,u0,0,WRITE,0x5c000,4096
683,u3,3,READ,0x30000010000,4096
692,u0,0,READ,0x5d000,4096
697,u0,0,READ,0x5e000,4096
703,u0,0,WRITE,0x5f000,4096
708,u0,0,WRITE,0x60000,4096
716,u0,0,WRITE,0x61000,4096
720,u3,3,READ,0x30000011000,4096
723,u2,2,READ,0x20000011000,4096
726,u0,0,READ,0x62000,4096
726,u1,1,READ,0x10000011000,4096
735,u0,0,WRITE,0x63000,4096
742,u0,0,READ,0x64000,4096
751,u0,0,READ,0x65000,4096
751,u3,3,WRITE,0x30000012000,4096
757,u0,0,WRITE,0x66000,4096
765,u0,0,WRITE,0x67000,4096
770,u1,1,WRITE,0x10000012000,4096
771,u2,2,WRITE,0x20000012000,4096
774,u0,0,READ,0x68000,4096
781,u0,0,WRITE,0x69000,4096
786,u0,0,READ,0x6a000,4096
786,u3,3,WRITE,0x30000013000,4096
791,u0,0,READ,0x6b000,4096
801,u0,0,WRITE,0x6c000,4096
802,u1,1,WRITE,0x10000013000,4096
810,u0,0,WRITE,0x6d000,4096
810,u2,2,WRITE,0x20000013000,4096
818,u0,0,READ,0x6e000,4096
826,u0,0,WRITE,0x6f000,4096
831,u3,3,WRITE,0x30000014000,4096
832,u0,0,READ,0x70000,4096
840,u1,1,READ,0x10000014000,4096
842,u0,0,READ,0x71000,4096
848,u0,0,WRITE,0x72000,4096
854,u0,0,WRITE,0x73000,4096
855,u2,2,WRITE,0x20000014000,4096
861,u0,0,READ,0x74000,4096
863,u3,3,READ,0x30000015000,4096
867,u0,0,READ,0x75000,4096
872,u1,1,WRITE,0x10000015000,4096
875,u0,0,WRITE,0x76000,4096
881,u0,0,READ,0x77000,4096
887,u0,0,WRITE,0x78000,4096
892,u0,0,WRITE,0x79000,4096
898,u0,0,READ,0x7a000,4096
902,u3,3,READ,0x30000016000,4096
904,u2,2,READ,0x20000015000,4096
906,u0,0,WRITE,0x7b000,4096
913,u1,1,WRITE,0x10000016000,4096
915,u0,0,READ,0x7c000,4096
923,u0,0,READ,0x7d000,4096
929,u0,0,READ,0x7e000,4096
934,u0,0,READ,0x7f000,4096
934,u2,2,WRITE,0x20000016000,4096
940,u0,0,READ,0x80000,4096
941,u3,3,WRITE,0x30000017000,4096
950,u0,0,WRITE,0x81000,4096
955,u1,1,READ,0x10000017000,4096
957,u0,0,WRITE,0x82000,4096
964,u2,2,WRITE,0x20000017000,4096
966,u0,0,READ,0x83000,4096
975,u0,0,WRITE,0x84000,4096
981,u0,0,READ,0x85000,4096
984,u3,3,READ,0x30000018000,4096
987,u0,0,WRITE,0x86000,4096
995,u0,0,WRITE,0x87000,4096
1000,u1,1,WRITE,0x10000018000,4096
1000,u2,2,READ,0x20000018000,4096
1004,u0,0,READ,0x88000,4096
1012,u0,0,READ,0x89000,4096
1017,u0,0,READ,0x8a000,4096
1020,u3,3,WRITE,0x30000019000,4096
1022,u0,0,READ,0x8b000,4096
1028,u0,0,READ,0x8c000,4096
1035,u0,0,WRITE,0x8d000,4096
1043,u0,0,READ,0x8e000,4096
1049,u1,1,WRITE,0x10000019000,4096
1049,u2,2,WRITE,0x20000019000,4096
1053,u0,0,WRITE,0x8f000,4096
1061,u0,0,READ,0x90000,4096
1062,u3,3,READ,0x3000001a000,4096
1070,u0,0,READ,0x91000,4096
1078,u0,0,WRITE,0x92000,4096
1081,u1,1,WRITE,0x1000001a000,4096
1087,u0,0,WRITE,0x93000,4096
1093,u0,0,WRITE,0x94000,4096
1096,u2,2,WRITE,0x2000001a000,4096
1101,u0,0,WRITE,0x95000,4096
1101,u3,3,WRITE,0x3000001b000,4096
1108,u0,0,WRITE,0x96000,4096
1116,u1,1,READ,0x1000001b000,4096
1118,u0,0,READ,0x97000,4096
1125,u0,0,READ,0x98000,4096
1130,u0,0,READ,0x99000,4096
1135,u3,3,READ,0x3000001c000,4096
1138,u0,0,WRITE,0x9a000,4096
1141,u2,2,WRITE,0x2000001b000,4096
1144,u0,0,READ,0x9b000,4096
1152,u1,1,WRITE,0x1000001c000,4096
1154,u0,0,READ,0x9c000,4096
1159,u0,0,READ,0x9d000,4096
1167,u0,0,WRITE,0x9e000,4096
1173,u3,3,WRITE,0x3000001d000,4096
1175,u0,0,WRITE,0x9f000,4096
1175,u2,2,READ,0x2000001c000,4096
1181,u0,0,READ,0xa0000,4096
1187,u0,0,WRITE,0xa1000,4096
1195,u1,1,WRITE,0x1000001d000,4096
1196,u0,0,READ,0xa2000,4096
1204,u0,0,READ,0xa3000,4096
1210,u3,3,READ,0x3000001e000,4096
1211,u0,0,WRITE,0xa4000,4096
1218,u0,0,WRITE,0xa5000,4096
1220,u2,2,READ,0x2000001d000,4096
1225,u0,0,WRITE,0xa6000,4096
1230,u1,1,WRITE,0x1000001e000,4096
1235,u0,0,WRITE,0xa7000,4096
1240,u0,0,WRITE,0xa8000,4096
1248,u0,0,WRITE,0xa9000,4096
1256,u0,0,READ,0xaa000,4096
1260,u3,3,READ,0x3000001f000,4096
1266,u0,0,WRITE,0xab000,4096
1267,u2,2,WRITE,0x2000001e000,4096
1270,u1,1,READ,0x1000001f000,4096
1276,u0,0,WRITE,0xac000,4096
1284,u0,0,WRITE,0xad000,4096
1289,u0,0,WRITE,0xae000,4096
1297,u0,0,WRITE,0xaf000,4096
1302,u2,2,WRITE,0x2000001f000,4096
1307,u0,0,READ,0xb0000,4096
1310,u3,3,WRITE,0x30000020000,4096
1313,u1,1,READ,0x10000020000,4096
1317,u0,0,READ,0xb1000,4096
1325,u0,0,READ,0xb2000,4096
1333,u0,0,WRITE,0xb3000,4096
1337,u2,2,WRITE,0x20000020000,4096
1341,u0,0,WRITE,0xb4000,4096
1347,u0,0,WRITE,0xb5000,4096
1351,u1,1,WRITE,0x10000021000,4096
1351,u3,3,WRITE,0x30000021000,4096
1355,u0,0,READ,0xb6000,4096
1361,u0,0,READ,0xb7000,4096
1371,u0,0,WRITE,0xb8000,4096
1378,u0,0,WRITE,0xb9000,4096
1378,u2,2,READ,0x20000021000,4096
1384,u1,1,WRITE,0x10000022000,4096
1386,u0,0,WRITE,0xba000,4096
1393,u3,3,WRITE,0x30000022000,4096
1395,u0,0,READ,0xbb000,4096
1401,u0,0,READ,0xbc000,4096
1407,u0,0,READ,0xbd000,4096
1413,u0,0,READ,0xbe000,4096
1419,u0,0,READ,0xbf000,4096
1420,u1,1,WRITE,0x10000023000,4096
1424,u2,2,READ,0x20000022000,4096
1427,u0,0,READ,0xc0000,4096
1434,u3,3,READ,0x30000023000,4096
1437,u0,0,WRITE,0xc1000,4096
1445,u0,0,WRITE,0xc2000,4096
1450,u0,0,WRITE,0xc3000,4096
1457,u0,0,READ,0xc4000,4096
1462,u0,0,WRITE,0xc5000,4096
1464,u1,1,WRITE,0x10000024000,4096
1467,u2,2,READ,0x20000023000,4096
1469,u3,3,READ,0x30000024000,4096
1470,u0,0,READ,0xc6000,4096
1479,u0,0,WRITE,0xc7000,4096
1486,u0,0,READ,0xc8000,4096
1492,u0,0,READ,0xc9000,4096
1499,u0,0,WRITE,0xca000,4096
1499,u1,1,WRITE,0x10000025000,4096
1505,u2,2,WRITE,0x20000024000,4096
1506,u0,0,WRITE,0xcb000,4096
1515,u0,0,WRITE,0xcc000,4096
1519,u3,3,WRITE,0x30000025000,4096
1522,u0,0,READ,0xcd000,4096
1528,u0,0,WRITE,0xce000,4096
1534,u0,0,READ,0xcf000,4096
1543,u0,0,WRITE,0xd0000,4096
1545,u1,1,READ,0x10000026000,4096
1548,u2,2,WRITE,0x20000025000,4096
1553,u0,0,WRITE,0xd1000,4096
1562,u0,0,WRITE,0xd2000,4096
1567,u0,0,WRITE,0xd3000,4096
1569,u3,3,READ,0x30000026000,4096
1575,u1,1,WRITE,0x10000027000,4096
1576,u0,0,READ,0xd4000,4096
1578,u2,2,READ,0x20000026000,4096
1583,u0,0,WRITE,0xd5000,4096
1590,u0,0,READ,0xd6000,4096
1595,u0,0,WRITE,0xd7000,4096
1604,u3,3,WRITE,0x30000027000,4096
1605,u0,0,WRITE,0xd8000,4096
1606,u1,1,WRITE,0x10000028000,4096
1613,u0,0,WRITE,0xd9000,4096
1621,u0,0,READ,0xda000,4096
1621,u2,2,WRITE,0x20000027000,4096
1626,u0,0,READ,0xdb000,4096
1632,u0,0,READ,0xdc000,4096
1638,u0,0,READ,0xdd000,4096
1641,u1,1,WRITE,0x10000029000,4096
1646,u3,3,WRITE,0x30000028000,4096
1647,u0,0,READ,0xde000,4096
1653,u2,2,READ,0x20000028000,4096
1657,u0,0,READ,0xdf000,4096
1665,u0,0,READ,0xe0000,4096
1674,u0,0,WRITE,0xe1000,4096
1679,u0,0,READ,0xe2000,4096
1684,u3,3,WRITE,0x30000029000,4096
1685,u1,1,READ,0x1000002a000,4096
1686,u0,0,WRITE,0xe3000,4096
1690,u2,2,READ,0x20000029000,4096
1691,u0,0,WRITE,0xe4000,4096
1696,u0,0,READ,0xe5000,4096
1703,u0,0,READ,0xe6000,4096
1713,u0,0,WRITE,0xe7000,4096
1719,u0,0,WRITE,0xe8000,4096
1729,u0,0,WRITE,0xe9000,4096
1730,u3,3,WRITE,0x3000002a000,4096
1733,u1,1,WRITE,0x1000002b000,4096
1736,u0,0,WRITE,0xea000,4096
1739,u2,2,READ,0x2000002a000,4096
1745,u0,0,WRITE,0xeb000,4096
1751,u0,0,READ,0xec000,4096
1758,u0,0,READ,0xed000,4096
1763,u0,0,READ,0xee000,4096
1764,u3,3,READ,0x3000002b000,4096
1768,u0,0,WRITE,0xef000,4096
1775,u1,1,WRITE,0x1000002c000,4096
1777,u0,0,WRITE,0xf0000,4096
1782,u0,0,READ,0xf1000,4096
1788,u0,0,WRITE,0xf2000,4096
1789,u2,2,WRITE,0x2000002b000,4096
1794,u3,3,WRITE,0x3000002c000,4096
1796,u0,0,WRITE,0xf3000,4096
1802,u0,0,READ,0xf4000,4096
1809,u0,0,READ,0xf5000,4096
1810,u1,1,WRITE,0x1000002d000,4096
1819,u0,0,READ,0xf6000,4096
1825,u2,2,WRITE,0x2000002c000,4096
1827,u0,0,READ,0xf7000,4096
1830,u3,3,READ,0x3000002d000,4096
1834,u0,0,READ,0xf8000,4096
1839,u0,0,READ,0xf9000,4096
1849,u0,0,WRITE,0xfa000,4096
1853,u1,1,WRITE,0x1000002e000,4096
1856,u0,0,READ,0xfb000,4096
1866,u0,0,READ,0xfc000,4096
1871,u3,3,WRITE,0x3000002e000,4096
1872,u2,2,WRITE,0x2000002d000,4096
1875,u0,0,WRITE,0xfd000,4096
1880,u0,0,READ,0xfe000,4096
1890,u0,0,READ,0xff000,4096
1897,u0,0,READ,0x100000,4096
1897,u1,1,WRITE,0x1000002f000,4096
1902,u0,0,READ,0x101000,4096
1910,u0,0,WRITE,0x102000,4096
1914,u2,2,WRITE,0x2000002e000,4096
1915,u3,3,READ,0x3000002f000,4096
1919,u0,0,WRITE,0x103000,4096
1929,u0,0,WRITE,0x104000,4096
1938,u0,0,WRITE,0x105000,4096
1944,u1,1,WRITE,0x10000030000,4096
1945,u0,0,READ,0x106000,4096
1955,u0,0,WRITE,0x107000,4096
1962,u2,2,WRITE,0x2000002f000,4096
1962,u3,3,WRITE,0x30000030000,4096
1965,u0,0,READ,0x108000,4096
1975,u0,0,READ,0x109000,4096
1980,u0,0,READ,0x10a000,4096
1989,u1,1,READ,0x10000031000,4096
1990,u0,0,READ,0x10b000,4096
1993,u3,3,READ,0x30000031000,4096
2000,u0,0,WRITE,0x10c000,4096
2007,u0,0,READ,0x10d000,4096
2009,u2,2,WRITE,0x20000030000,4096
2016,u0,0,WRITE,0x10e000,4096
2023,u0,0,READ,0x10f000,4096
2031,u0,0,WRITE,0x110000,4096
2034,u1,1,READ,0x10000032000,4096
2039,u0,0,READ,0x111000,4096
2039,u2,2,WRITE,0x20000031000,4096
2039,u3,3,WRITE,0x30000032000,4096
2049,u0,0,READ,0x112000,4096
2057,u0,0,READ,0x113000,4096
2063,u0,0,WRITE,0x114000,4096
2069,u3,3,WRITE,0x30000033000,4096
2070,u0,0,WRITE,0x115000,4096
2074,u2,2,READ,0x20000032000,4096
2080,u0,0,READ,0x116000,4096
2081,u1,1,WRITE,0x10000033000,4096
2088,u0,0,READ,0x117000,4096
2096,u0,0,READ,0x118000,4096
2102,u0,0,WRITE,0x119000,4096
2111,u1,1,READ,0x10000034000,4096
2112,u0,0,READ,0x11a000,4096
2112,u3,3,READ,0x30000034000,4096
2113,u2,2,READ,0x20000033000,4096
2118,u0,0,READ,0x11b000,4096
2125,u0,0,READ,0x11c000,4096
2133,u0,0,READ,0x11d000,4096
2139,u0,0,READ,0x11e000,4096
2145,u0,0,WRITE,0x11f000,4096
2146,u1,1,WRITE,0x10000035000,4096
2146,u3,3,READ,0x30000035000,4096
2151,u2,2,READ,0x20000034000,4096
2154,u0,0,READ,0x120000,4096
2161,u0,0,WRITE,0x121000,4096
2170,u0,0,READ,0x122000,4096
2176,u3,3,WRITE,0x30000036000,4096
2178,u0,0,WRITE,0x123000,4096
2184,u0,0,WRITE,0x124000,4096
2184,u1,1,READ,0x10000036000,4096
2193,u0,0,WRITE,0x125000,4096
2193,u2,2,READ,0x20000035000,4096
2202,u0,0,READ,0x126000,4096
2210,u3,3,WRITE,0x30000037000,4096
2212,u0,0,WRITE,0x127000,4096
2222,u0,0,WRITE,0x128000,4096
2222,u1,1,READ,0x10000037000,4096
2232,u0,0,WRITE,0x129000,4096
2234,u2,2,READ,0x20000036000,4096
2237,u0,0,READ,0x12a000,4096
2241,u3,3,WRITE,0x30000038000,4096
2246,u0,0,READ,0x12b000,4096
2252,u0,0,WRITE,0x12c000,4096
2260,u0,0,READ,0x12d000,4096
2266,u0,0,READ,0x12e000,4096
2271,u1,1,READ,0x10000038000,4096
2271,u2,2,READ,0x20000037000,4096
2272,u0,0,WRITE,0x12f000,4096
2279,u0,0,WRITE,0x130000,4096
2284,u3,3,READ,0x30000039000,4096
2288,u0,0,READ,0x131000,4096
2296,u0,0,WRITE,0x132000,4096
2304,u0,0,READ,0x133000,4096
2310,u0,0,WRITE,0x134000,4096
2312,u1,1,WRITE,0x10000039000,4096
2317,u0,0,READ,0x135000,4096
2320,u2,2,READ,0x20000038000,4096
2327,u0,0,WRITE,0x136000,4096
2327,u3,3,READ,0x3000003a000,4096
2337,u0,0,WRITE,0x137000,4096
2347,u0,0,READ,0x138000,4096
2350,u2,2,READ,0x20000039000,4096
2351,u1,1,READ,0x1000003a000,4096
2353,u0,0,READ,0x139000,4096
2357,u3,3,READ,0x3000003b000,4096
2363,u0,0,WRITE,0x13a000,4096
2368,u0,0,WRITE,0x13b000,4096
2374,u0,0,READ,0x13c000,4096
2383,u0,0,READ,0x13d000,4096
2387,u2,2,READ,0x2000003a000,4096
2393,u0,0,WRITE,0x13e000,4096
2398,u1,1,READ,0x1000003b000,4096
2401,u3,3,WRITE,0x3000003c000,4096
2403,u0,0,WRITE,0x13f000,4096
2408,u0,0,WRITE,0x140000,4096
2416,u0,0,READ,0x141000,4096
2426,u0,0,READ,0x142000,4096
2431,u0,0,WRITE,0x143000,4096
2432,u2,2,READ,0x2000003b000,4096
2436,u3,3,READ,0x3000003d000,4096
2437,u1,1,READ,0x1000003c000,4096
2439,u0,0,READ,0x144000,4096
2447,u0,0,WRITE,0x145000,4096
2454,u0,0,WRITE,0x146000,4096
2459,u0,0,WRITE,0x147000,4096
2465,u0,0,READ,0x148000,4096
2473,u0,0,READ,0x149000,4096
2475,u1,1,WRITE,0x1000003d000,4096
2475,u3,3,WRITE,0x3000003e000,4096
2481,u2,2,READ,0x2000003c000,4096
2482,u0,0,WRITE,0x14a000,4096
2489,u0,0,READ,0x14b000,4096
2499,u0,0,WRITE,0x14c000,4096
2509,u0,0,WRITE,0x14d000,4096
2509,u3,3,WRITE,0x3000003f000,4096
2512,u1,1,WRITE,0x1000003e000,4096
2515,u0,0,WRITE,0x14e000,4096
2522,u0,0,WRITE,0x14f000,4096
2526,u2,2,READ,0x2000003d000,4096
2528,u0,0,WRITE,0x150000,4096
2535,u0,0,READ,0x151000,4096
2542,u0,0,READ,0x152000,4096
2542,u3,3,READ,0x30000040000,4096
2551,u1,1,WRITE,0x1000003f000,4096
2552,u0,0,WRITE,0x153000,4096
2560,u0,0,READ,0x154000,4096
2570,u0,0,READ,0x155000,4096
2572,u3,3,READ,0x30000041000,4096
2575,u0,0,READ,0x156000,4096
2575,u2,2,WRITE,0x2000003e000,4096
2585,u0,0,WRITE,0x157000,4096
2591,u0,0,WRITE,0x158000,4096
2592,u1,1,READ,0x10000040000,4096
2601,u0,0,READ,0x159000,4096
2610,u0,0,READ,0x15a000,4096
2617,u3,3,READ,0x30000042000,4096
2618,u0,0,WRITE,0x15b000,4096
2622,u2,2,READ,0x2000003f000,4096
2623,u0,0,READ,0x15c000,4096
2630,u1,1,WRITE,0x10000041000,4096
2631,u0,0,READ,0x15d000,4096
2637,u0,0,READ,0x15e000,4096
2643,u0,0,WRITE,0x15f000,4096
2648,u3,3,WRITE,0x30000043000,4096
2653,u0,0,WRITE,0x160000,4096
2662,u0,0,WRITE,0x161000,4096
2667,u0,0,WRITE,0x162000,4096
2669,u2,2,READ,0x20000040000,4096
2675,u0,0,WRITE,0x163000,4096
2677,u1,1,WRITE,0x10000042000,4096
2684,u0,0,WRITE,0x164000,4096
2687,u3,3,READ,0x30000044000,4096
2689,u0,0,READ,0x165000,4096
2696,u0,0,WRITE,0x166000,4096
2703,u2,2,READ,0x20000041000,4096
2705,u0,0,WRITE,0x167000,4096
2709,u1,1,WRITE,0x10000043000,4096
2714,u0,0,READ,0x168000,4096
2720,u0,0,READ,0x169000,4096
2727,u0,0,READ,0x16a000,4096
2733,u0,0,WRITE,0x16b000,4096
2733,u3,3,READ,0x30000045000,4096
2741,u0,0,WRITE,0x16c000,4096
2741,u2,2,READ,0x20000042000,4096
2751,u0,0,READ,0x16d000,4096
2758,u1,1,WRITE,0x10000044000,4096
2759,u0,0,READ,0x16e000,4096
2763,u3,3,WRITE,0x30000046000,4096
2768,u0,0,READ,0x16f000,4096
2777,u0,0,WRITE,0x170000,4096
2782,u0,0,READ,0x171000,4096
2784,u2,2,READ,0x20000043000,4096
2788,u1,1,READ,0x10000045000,4096
2791,u0,0,WRITE,0x172000,4096
2798,u0,0,WRITE,0x173000,4096
2803,u0,0,READ,0x174000,4096
2809,u0,0,WRITE,0x175000,4096
2809,u3,3,READ,0x30000047000,4096
2816,u0,0,WRITE,0x176000,4096
2824,u0,0,WRITE,0x177000,4096
2831,u0,0,READ,0x178000,4096
2831,u2,2,WRITE,0x20000044000,4096
2835,u1,1,WRITE,0x10000046000,4096
2839,u0,0,READ,0x179000,4096
2845,u0,0,READ,0x17a000,4096
2851,u0,0,READ,0x17b000,4096
2853,u3,3,READ,0x30000048000,4096
2860,u0,0,WRITE,0x17c000,4096
2865,u2,2,WRITE,0x20000045000,4096
2867,u0,0,WRITE,0x17d000,4096
2872,u0,0,WRITE,0x17e000,4096
2876,u1,1,WRITE,0x10000047000,4096
2881,u0,0,WRITE,0x17f000,4096
2887,u3,3,WRITE,0x30000049000,4096
2888,u0,0,WRITE,0x180000,4096
2897,u0,0,READ,0x181000,4096
2903,u0,0,WRITE,0x182000,4096
2903,u2,2,READ,0x20000046000,4096
2910,u0,0,READ,0x183000,4096
2919,u0,0,READ,0x184000,4096
2924,u1,1,WRITE,0x10000048000,4096
2928,u0,0,WRITE,0x185000,4096
2931,u3,3,READ,0x3000004a000,4096
2933,u0,0,WRITE,0x186000,4096
2940,u0,0,READ,0x187000,4096
2944,u2,2,READ,0x20000047000,4096
2947,u0,0,WRITE,0x188000,4096
2956,u0,0,READ,0x189000,4096
2957,u1,1,READ,0x10000049000,4096
2966,u0,0,READ,0x18a000,4096
2971,u3,3,READ,0x3000004b000,4096
2976,u0,0,WRITE,0x18b000,4096
2982,u0,0,WRITE,0x18c000,4096
2988,u1,1,WRITE,0x1000004a000,4096
2990,u0,0,READ,0x18d000,4096
2993,u2,2,WRITE,0x20000048000,4096
2998,u0,0,WRITE,0x18e000,4096
3004,u3,3,READ,0x3000004c000,4096
3008,u0,0,READ,0x18f000,4096
3016,u0,0,READ,0x190000,4096
3025,u0,0,READ,0x191000,4096
3031,u1,1,WRITE,0x1000004b000,4096
3033,u0,0,WRITE,0x192000,4096
3035,u2,2,WRITE,0x20000049000,4096
3039,u0,0,WRITE,0x193000,4096
3045,u0,0,WRITE,0x194000,4096
3048,u3,3,WRITE,0x3000004d000,4096
3054,u0,0,WRITE,0x195000,4096
3060,u0,0,WRITE,0x196000,4096
3063,u1,1,WRITE,0x1000004c000,4096
3068,u0,0,READ,0x197000,4096
3077,u0,0,WRITE,0x198000,4096
3081,u3,3,READ,0x3000004e000,4096
3084,u0,0,WRITE,0x199000,4096
3084,u2,2,WRITE,0x2000004a000,4096
3094,u0,0,WRITE,0x19a000,4096
3101,u0,0,WRITE,0x19b000,4096
3108,u0,0,WRITE,0x19c000,4096
3113,u0,0,READ,0x19d000,4096
3113,u1,1,WRITE,0x1000004d000,4096
3118,u0,0,READ,0x19e000,4096
3119,u2,2,WRITE,0x2000004b000,4096
3124,u3,3,WRITE,0x3000004f000,4096
3127,u0,0,WRITE,0x19f000,4096
3135,u0,0,READ,0x1a0000,4096
3144,u0,0,WRITE,0x1a1000,4096
3149,u0,0,READ,0x1a2000,4096
3151,u2,2,READ,0x2000004c000,4096
3156,u0,0,WRITE,0x1a3000,4096
3156,u3,3,WRITE,0x30000050000,4096
3157,u1,1,READ,0x1000004e000,4096
3163,u0,0,WRITE,0x1a4000,4096
3170,u0,0,WRITE,0x1a5000,4096
3176,u0,0,WRITE,0x1a6000,4096
3185,u0,0,WRITE,0x1a7000,4096
3192,u2,2,READ,0x2000004d000,4096
3194,u0,0,READ,0x1a8000,4096
3194,u1,1,READ,0x1000004f000,4096
3200,u0,0,READ,0x1a9000,4096
3203,u3,3,READ,0x30000051000,4096
3206,u0,0,WRITE,0x1aa000,4096
3213,u0,0,READ,0x1ab000,4096
3220,u0,0,WRITE,0x1ac000,4096
3225,u0,0,WRITE,0x1ad000,4096
3225,u2,2,READ,0x2000004e000,4096
3230,u1,1,WRITE,0x10000050000,4096
3234,u0,0,READ,0x1ae000,4096
3240,u0,0,WRITE,0x1af000,4096
3250,u0,0,READ,0x1b0000,4096
3253,u3,3,WRITE,0x30000052000,4096
3259,u0,0,READ,0x1b1000,4096
3266,u0,0,WRITE,0x1b2000,4096
3269,u1,1,READ,0x10000051000,4096
3272,u0,0,WRITE,0x1b3000,4096
3275,u2,2,WRITE,0x2000004f000,4096
3277,u0,0,READ,0x1b4000,4096
3287,u0,0,WRITE,0x1b5000,4096
3296,u3,3,READ,0x30000053000,4096
3297,u0,0,READ,0x1b6000,4096
3302,u0,0,WRITE,0x1b7000,4096
3303,u1,1,READ,0x10000052000,4096
3312,u0,0,READ,0x1b8000,4096
3319,u2,2,WRITE,0x20000050000,4096
3320,u0,0,READ,0x1b9000,4096
3328,u0,0,READ,0x1ba000,4096
3337,u0,0,WRITE,0x1bb000,4096
3340,u3,3,WRITE,0x30000054000,4096
3342,u1,1,WRITE,0x10000053000,4096
3344,u0,0,WRITE,0x1bc000,4096
3354,u0,0,READ,0x1bd000,4096
3362,u2,2,READ,0x20000051000,4096
3363,u0,0,READ,0x1be000,4096
3372,u0,0,READ,0x1bf000,4096
3374,u1,1,READ,0x10000054000,4096
3380,u0,0,READ,0x1c0000,4096
3389,u0,0,READ,0x1c1000,4096
3390,u3,3,READ,0x30000055000,4096
3399,u0,0,WRITE,0x1c2000,4096
3403,u2,2,READ,0x20000052000,4096
3404,u0,0,READ,0x1c3000,4096
3413,u0,0,WRITE,0x1c4000,4096
3415,u1,1,WRITE,0x10000055000,4096
3420,u0,0,WRITE,0x1c5000,4096
3424,u3,3,READ,0x30000056000,4096
3425,u0,0,READ,0x1c6000,4096
3434,u2,2,READ,0x20000053000,4096
3435,u0,0,WRITE,0x1c7000,4096
3445,u0,0,WRITE,0x1c8000,4096
3449,u1,1,READ,0x10000056000,4096
3452,u0,0,WRITE,0x1c9000,4096
3458,u0,0,WRITE,0x1ca000,4096
3458,u3,3,WRITE,0x30000057000,4096
3466,u0,0,READ,0x1cb000,4096
3472,u0,0,READ,0x1cc000,4096
3475,u2,2,WRITE,0x20000054000,4096
3480,u0,0,WRITE,0x1cd000,4096
3484,u1,1,READ,0x10000057000,4096
3488,u0,0,READ,0x1ce000,4096
3494,u0,0,READ,0x1cf000,4096
3500,u0,0,WRITE,0x1d0000,4096
3507,u0,0,READ,0x1d1000,4096
3507,u3,3,WRITE,0x30000058000,4096
3514,u0,0,WRITE,0x1d2000,4096
3517,u2,2,WRITE,0x20000055000,4096
3522,u0,0,READ,0x1d3000,4096
3529,u0,0,WRITE,0x1d4000,4096
3530,u1,1,READ,0x10000058000,4096
3539,u0,0,WRITE,0x1d5000,4096
3546,u0,0,WRITE,0x1d6000,4096
3554,u0,0,READ,0x1d7000,4096
3554,u2,2,READ,0x20000056000,4096
3556,u3,3,WRITE,0x30000059000,4096
3563,u0,0,WRITE,0x1d8000,4096
3565,u1,1,READ,0x10000059000,4096
3573,u0,0,WRITE,0x1d9000,4096
3580,u0,0,WRITE,0x1da000,4096
3587,u2,2,WRITE,0x20000057000,4096
3590,u0,0,READ,0x1db000,4096
3594,u3,3,WRITE,0x3000005a000,4096
3598,u0,0,WRITE,0x1dc000,4096
3601,u1,1,WRITE,0x1000005a000,4096
3603,u0,0,READ,0x1dd000,4096
3610,u0,0,WRITE,0x1de000,4096
3620,u0,0,WRITE,0x1df000,4096
3625,u0,0,READ,0x1e0000,4096
3630,u0,0,READ,0x1e1000,4096
3633,u2,2,WRITE,0x20000058000,4096
3635,u0,0,WRITE,0x1e2000,4096
3639,u3,3,WRITE,0x3000005b000,4096
3641,u0,0,READ,0x1e3000,4096
3648,u0,0,READ,0x1e4000,4096
3648,u1,1,WRITE,0x1000005b000,4096
3656,u0,0,READ,0x1e5000,4096
3663,u2,2,READ,0x20000059000,4096
3664,u0,0,READ,0x1e6000,4096
3670,u0,0,READ,0x1e7000,4096
3678,u0,0,READ,0x1e8000,4096
3678,u3,3,WRITE,0x3000005c000,4096
3682,u1,1,WRITE,0x1000005c000,4096
3685,u0,0,WRITE,0x1e9000,4096
3695,u0,0,WRITE,0x1ea000,4096
3699,u2,2,READ,0x2000005a000,4096
3705,u0,0,READ,0x1eb000,4096
3714,u0,0,WRITE,0x1ec000,4096
3722,u3,3,WRITE,0x3000005d000,4096
3724,u0,0,READ,0x1ed000,4096
3727,u1,1,WRITE,0x1000005d000,4096
3733,u0,0,WRITE,0x1ee000,4096
3739,u0,0,READ,0x1ef000,4096
3744,u2,2,WRITE,0x2000005b000,4096
3748,u0,0,WRITE,0x1f0000,4096
3758,u0,0,READ,0x1f1000,4096
3767,u0,0,WRITE,0x1f2000,4096
3768,u1,1,READ,0x1000005e000,4096
3769,u3,3,WRITE,0x3000005e000,4096
3772,u0,0,WRITE,0x1f3000,4096
3779,u0,0,READ,0x1f4000,4096
3786,u2,2,WRITE,0x2000005c000,4096
3788,u0,0,READ,0x1f5000,4096
3796,u0,0,READ,0x1f6000,4096
3803,u0,0,WRITE,0x1f7000,4096
3805,u1,1,WRITE,0x1000005f000,4096
3811,u3,3,READ,0x3000005f000,4096
3813,u0,0,WRITE,0x1f8000,4096
3819,u0,0,READ,0x1f9000,4096
3826,u0,0,READ,0x1fa000,4096
3832,u2,2,WRITE,0x2000005d000,4096
3834,u0,0,WRITE,0x1fb000,4096
3839,u0,0,WRITE,0x1fc000,4096
3842,u1,1,WRITE,0x10000060000,4096
3846,u0,0,WRITE,0x1fd000,4096
3856,u0,0,WRITE,0x1fe000,4096
3858,u3,3,WRITE,0x30000060000,4096
3863,u0,0,WRITE,0x1ff000,4096
3870,u0,0,READ,0x200000,4096
3878,u0,0,READ,0x201000,4096
3878,u2,2,WRITE,0x2000005e000,4096
3883,u1,1,WRITE,0x10000061000,4096
3887,u0,0,READ,0x202000,4096
3896,u0,0,WRITE,0x203000,4096
3903,u0,0,WRITE,0x204000,4096
3903,u3,3,WRITE,0x30000061000,4096
3909,u0,0,WRITE,0x205000,4096
3914,u0,0,WRITE,0x206000,4096
3919,u0,0,READ,0x207000,4096
3919,u1,1,READ,0x10000062000,4096
3927,u0,0,WRITE,0x208000,4096
3927,u2,2,WRITE,0x2000005f000,4096
3933,u0,0,READ,0x209000,4096
3938,u0,0,READ,0x20a000,4096
3943,u3,3,READ,0x30000062000,4096
3945,u0,0,WRITE,0x20b000,4096
3951,u0,0,WRITE,0x20c000,4096
3959,u0,0,READ,0x20d000,4096
3959,u2,2,READ,0x20000060000,4096
3967,u1,1,READ,0x10000063000,4096
3969,u0,0,READ,0x20e000,4096
3976,u0,0,READ,0x20f000,4096
3982,u3,3,READ,0x30000063000,4096
3986,u0,0,READ,0x210000,4096
3996,u0,0,READ,0x211000,4096
4000,u2,2,WRITE,0x20000061000,4096
4005,u0,0,READ,0x212000,4096
4010,u1,1,WRITE,0x10000064000,4096
4011,u0,0,WRITE,0x213000,4096
4013,u3,3,WRITE,0x30000064000,4096
4020,u0,0,READ,0x214000,4096
4029,u0,0,WRITE,0x215000,4096
4036,u2,2,READ,0x20000062000,4096
4037,u0,0,READ,0x216000,4096
4047,u0,0,READ,0x217000,4096
4055,u1,1,READ,0x10000065000,4096
4057,u0,0,WRITE,0x218000,4096
4059,u3,3,READ,0x30000065000,4096
4066,u0,0,READ,0x219000,4096
4071,u0,0,WRITE,0x21a000,4096
4078,u2,2,WRITE,0x20000063000,4096
4081,u0,0,READ,0x21b000,4096
4087,u0,0,WRITE,0x21c000,4096
4094,u0,0,READ,0x21d000,4096
4102,u1,1,READ,0x10000066000,4096
4103,u0,0,READ,0x21e000,4096
4107,u3,3,READ,0x30000066000,4096
4109,u0,0,WRITE,0x21f000,4096
4118,u0,0,READ,0x220000,4096
4121,u2,2,READ,0x20000064000,4096
4128,u0,0,WRITE,0x221000,4096
4134,u1,1,READ,0x10000067000,4096
4138,u0,0,WRITE,0x222000,4096
4143,u0,0,READ,0x223000,4096
4148,u0,0,WRITE,0x224000,4096
4149,u3,3,READ,0x30000067000,4096
4153,u0,0,READ,0x225000,4096
4157,u2,2,WRITE,0x20000065000,4096
4160,u0,0,WRITE,0x226000,4096
4169,u0,0,READ,0x227000,4096
4176,u0,0,READ,0x228000,4096
4182,u0,0,READ,0x229000,4096
4184,u1,1,WRITE,0x10000068000,4096
4191,u0,0,READ,0x22a000,4096
4191,u2,2,WRITE,0x20000066000,4096
4194,u3,3,WRITE,0x30000068000,4096
4196,u0,0,WRITE,0x22b000,4096
4205,u0,0,READ,0x22c000,4096
4210,u0,0,WRITE,0x22d000,4096
4214,u1,1,READ,0x10000069000,4096
4217,u0,0,WRITE,0x22e000,4096
4226,u3,3,READ,0x30000069000,4096
4227,u0,0,READ,0x22f000,4096
4232,u0,0,WRITE,0x230000,4096
4232,u2,2,WRITE,0x20000067000,4096
4242,u0,0,READ,0x231000,4096
4246,u1,1,READ,0x1000006a000,4096
4249,u0,0,READ,0x232000,4096
4256,u0,0,READ,0x233000,4096
4263,u0,0,READ,0x234000,4096
4268,u0,0,WRITE,0x235000,4096
4270,u2,2,READ,0x20000068000,4096
4274,u0,0,READ,0x236000,4096
4276,u3,3,READ,0x3000006a000,4096
4280,u0,0,WRITE,0x237000,4096
4285,u0,0,READ,0x238000,4096
4290,u0,0,WRITE,0x239000,4096
4295,u1,1,WRITE,0x1000006b000,4096
4297,u0,0,WRITE,0x23a000,4096
4302,u0,0,READ,0x23b000,4096
4311,u0,0,READ,0x23c000,4096
4318,u0,0,READ,0x23d000,4096
4318,u2,2,READ,0x20000069000,4096
4326,u3,3,WRITE,0x3000006b000,4096
4327,u0,0,READ,0x23e000,4096
4333,u0,0,WRITE,0x23f000,4096
4337,u1,1,WRITE,0x1000006c000,4096
4342,u0,0,READ,0x240000,4096
4348,u0,0,READ,0x241000,4096
4356,u3,3,WRITE,0x3000006c000,4096
4357,u0,0,WRITE,0x242000,4096
4365,u2,2,WRITE,0x2000006a000,4096
4367,u0,0,READ,0x243000,4096
4372,u1,1,WRITE,0x1000006d000,4096
4375,u0,0,WRITE,0x244000,4096
4382,u0,0,READ,0x245000,4096
4391,u0,0,WRITE,0x246000,4096
4401,u0,0,READ,0x247000,4096
4402,u3,3,WRITE,0x3000006d000,4096
4409,u0,0,WRITE,0x248000,4096
4409,u2,2,READ,0x2000006b000,4096
4416,u0,0,WRITE,0x249000,4096
4421,u1,1,READ,0x1000006e000,4096
4423,u0,0,WRITE,0x24a000,4096
4431,u0,0,READ,0x24b000,4096
4437,u0,0,READ,0x24c000,4096
4439,u3,3,WRITE,0x3000006e000,4096
4443,u0,0,WRITE,0x24d000,4096
4453,u0,0,WRITE,0x24e000,4096
4454,u2,2,WRITE,0x2000006c000,4096
4463,u0,0,READ,0x24f000,4096
4467,u1,1,WRITE,0x1000006f000,4096
4470,u0,0,READ,0x250000,4096
4477,u3,3,WRITE,0x3000006f000,4096
4478,u0,0,READ,0x251000,4096
4486,u0,0,READ,0x252000,4096
4494,u0,0,READ,0x253000,4096
4500,u0,0,WRITE,0x254000,4096
4501,u2,2,WRITE,0x2000006d000,4096
4508,u0,0,READ,0x255000,4096
4509,u3,3,WRITE,0x30000070000,4096
4517,u0,0,WRITE,0x256000,4096
4517,u1,1,WRITE,0x10000070000,4096
4522,u0,0,READ,0x257000,4096
4528,u0,0,WRITE,0x258000,4096
4538,u0,0,WRITE,0x259000,4096
4538,u2,2,READ,0x2000006e000,4096
4541,u3,3,WRITE,0x30000071000,4096
4546,u0,0,WRITE,0x25a000,4096
4552,u0,0,READ,0x25b000,4096
4554,u1,1,WRITE,0x10000071000,4096
4561,u0,0,WRITE,0x25c000,4096
4567,u0,0,WRITE,0x25d000,4096
4572,u0,0,READ,0x25e000,4096
4575,u3,3,READ,0x30000072000,4096
4576,u2,2,WRITE,0x2000006f000,4096
4578,u0,0,READ,0x25f000,4096
4587,u0,0,WRITE,0x260000,4096
4588,u1,1,WRITE,0x10000072000,4096
4592,u0,0,WRITE,0x261000,4096
4602,u0,0,WRITE,0x262000,4096
4606,u3,3,READ,0x30000073000,4096
4612,u0,0,WRITE,0x263000,4096
4616,u2,2,READ,0x20000070000,4096
4622,u0,0,WRITE,0x264000,4096
4622,u1,1,READ,0x10000073000,4096
4631,u0,0,WRITE,0x265000,4096
4638,u0,0,READ,0x266000,4096
4645,u0,0,READ,0x267000,4096
4652,u0,0,WRITE,0x268000,4096
4652,u3,3,READ,0x30000074000,4096
4659,u1,1,READ,0x10000074000,4096
4662,u0,0,READ,0x269000,4096
4665,u2,2,WRITE,0x20000071000,4096
4669,u0,0,WRITE,0x26a000,4096
4678,u0,0,WRITE,0x26b000,4096
4685,u0,0,WRITE,0x26c000,4096
4685,u3,3,READ,0x30000075000,4096
4693,u0,0,WRITE,0x26d000,4096
4695,u1,1,WRITE,0x10000075000,4096
4702,u0,0,READ,0x26e000,4096
4711,u0,0,READ,0x26f000,4096
4715,u2,2,READ,0x20000072000,4096
4717,u3,3,READ,0x30000076000,4096
4721,u0,0,WRITE,0x270000,4096
4728,u0,0,READ,0x271000,4096
4731,u1,1,WRITE,0x10000076000,4096
4733,u0,0,WRITE,0x272000,4096
4739,u0,0,WRITE,0x273000,4096
4745,u0,0,WRITE,0x274000,4096
4745,u2,2,READ,0x20000073000,4096
4753,u0,0,READ,0x275000,4096
4753,u3,3,WRITE,0x30000077000,4096
4761,u1,1,READ,0x10000077000,4096
4762,u0,0,READ,0x276000,4096
4767,u0,0,WRITE,0x277000,4096
4777,u0,0,READ,0x278000,4096
4783,u3,3,READ,0x30000078000,4096
4785,u0,0,WRITE,0x279000,4096
4790,u2,2,WRITE,0x20000074000,4096
4791,u1,1,WRITE,0x10000078000,4096
4792,u0,0,READ,0x27a000,4096
4797,u0,0,READ,0x27b000,4096
4807,u0,0,READ,0x27c000,4096
4813,u3,3,WRITE,0x30000079000,4096
4816,u0,0,READ,0x27d000,4096
4825,u0,0,READ,0x27e000,4096
4830,u0,0,WRITE,0x27f000,4096
4831,u1,1,READ,0x10000079000,4096
4837,u0,0,READ,0x280000,4096
4839,u2,2,WRITE,0x20000075000,4096
4847,u0,0,READ,0x281000,4096
4857,u0,0,READ,0x282000,4096
4860,u3,3,WRITE,0x3000007a000,4096
4862,u1,1,READ,0x1000007a000,4096
4863,u0,0,WRITE,0x283000,4096
4869,u0,0,WRITE,0x284000,4096
4871,u2,2,READ,0x20000076000,4096
4876,u0,0,WRITE,0x285000,4096
4884,u0,0,WRITE,0x286000,4096
4891,u0,0,READ,0x287000,4096
4894,u3,3,READ,0x3000007b000,4096
4898,u0,0,READ,0x288000,4096
4905,u2,2,WRITE,0x20000077000,4096
4907,u0,0,WRITE,0x289000,4096
4907,u1,1,READ,0x1000007b000,4096
4915,u0,0,WRITE,0x28a000,4096
4925,u0,0,READ,0x28b000,4096
4930,u0,0,READ,0x28c000,4096
4935,u0,0,READ,0x28d000,4096
4941,u3,3,READ,0x3000007c000,4096
4942,u1,1,READ,0x1000007c000,4096
4945,u0,0,WRITE,0x28e000,4096
4947,u2,2,READ,0x20000078000,4096
4954,u0,0,WRITE,0x28f000,4096
4964,u0,0,READ,0x290000,4096
4969,u0,0,WRITE,0x291000,4096
4972,u3,3,READ,0x3000007d000,4096
4977,u0,0,READ,0x292000,4096
4987,u0,0,READ,0x293000,4096
4988,u2,2,READ,0x20000079000,4096
4991,u1,1,WRITE,0x1000007d000,4096
4992,u0,0,READ,0x294000,4096
5000,u0,0,WRITE,0x295000,4096
5005,u3,3,READ,0x3000007e000,4096
5009,u0,0,WRITE,0x296000,4096
5018,u0,0,WRITE,0x297000,4096
5023,u1,1,READ,0x1000007e000,4096
5024,u0,0,READ,0x298000,4096
5033,u0,0,WRITE,0x299000,4096
5038,u2,2,READ,0x2000007a000,4096
5039,u3,3,WRITE,0x3000007f000,4096
5041,u0,0,WRITE,0x29a000,4096
5047,u0,0,READ,0x29b000,4096
5056,u0,0,READ,0x29c000,4096
5066,u0,0,READ,0x29d000,4096
5069,u1,1,READ,0x1000007f000,4096
5076,u0,0,READ,0x29e000,4096
5080,u2,2,READ,0x2000007b000,4096
5082,u0,0,READ,0x29f000,4096
5089,u0,0,READ,0x2a0000,4096
5089,u3,3,WRITE,0x30000080000,4096
5095,u0,0,WRITE,0x2a1000,4096
5101,u0,0,WRITE,0x2a2000,4096
5105,u1,1,WRITE,0x10000080000,4096
5110,u0,0,WRITE,0x2a3000,4096
5120,u0,0,WRITE,0x2a4000,4096
5121,u3,3,WRITE,0x30000081000,4096
5126,u0,0,READ,0x2a5000,4096
5126,u2,2,WRITE,0x2000007c000,4096
5134,u0,0,READ,0x2a6000,4096
5142,u0,0,READ,0x2a7000,4096
5147,u0,0,READ,0x2a8000,4096
5151,u1,1,READ,0x10000081000,4096
5157,u0,0,READ,0x2a9000,4096
5157,u3,3,WRITE,0x30000082000,4096
5165,u0,0,WRITE,0x2aa000,4096
5171,u2,2,READ,0x2000007d000,4096
5175,u0,0,WRITE,0x2ab000,4096
5181,u0,0,READ,0x2ac000,4096
5190,u1,1,READ,0x10000082000,4096
5191,u0,0,READ,0x2ad000,4096
5196,u0,0,WRITE,0x2ae000,4096
5201,u3,3,READ,0x30000083000,4096
5206,u0,0,READ,0x2af000,4096
5214,u0,0,WRITE,0x2b0000,4096
5218,u2,2,READ,0x2000007e000,4096
5222,u0,0,READ,0x2b1000,4096
5228,u1,1,WRITE,0x10000083000,4096
5231,u0,0,WRITE,0x2b2000,4096
5236,u0,0,READ,0x2b3000,4096
5240,u3,3,WRITE,0x30000084000,4096
5241,u0,0,WRITE,0x2b4000,4096
5249,u0,0,READ,0x2b5000,4096
5256,u0,0,READ,0x2b6000,4096
5256,u2,2,READ,0x2000007f000,4096
5258,u1,1,WRITE,0x10000084000,4096
5261,u0,0,READ,0x2b7000,4096
5270,u0,0,READ,0x2b8000,4096
5278,u3,3,READ,0x30000085000,4096
5280,u0,0,WRITE,0x2b9000,4096
5290,u0,0,READ,0x2ba000,4096
5294,u1,1,READ,0x10000085000,4096
5297,u0,0,READ,0x2bb000,4096
5303,u2,2,WRITE,0x20000080000,4096
5307,u0,0,READ,0x2bc000,4096
5314,u3,3,READ,0x30000086000,4096
5316,u0,0,READ,0x2bd000,4096
5325,u0,0,WRITE,0x2be000,4096
5327,u1,1,READ,0x10000086000,4096
5331,u0,0,WRITE,0x2bf000,4096
5336,u0,0,WRITE,0x2c0000,4096
5344,u0,0,READ,0x2c1000,4096
5344,u2,2,READ,0x20000081000,4096
5350,u0,0,WRITE,0x2c2000,4096
5355,u0,0,WRITE,0x2c3000,4096
5360,u0,0,READ,0x2c4000,4096
5361,u1,1,READ,0x10000087000,4096
5362,u3,3,WRITE,0x30000087000,4096
5370,u0,0,WRITE,0x2c5000,4096
5378,u0,0,READ,0x2c6000,4096
5387,u0,0,READ,0x2c7000,4096
5393,u2,2,READ,0x20000082000,4096
5395,u0,0,READ,0x2c8000,4096
5397,u1,1,READ,0x10000088000,4096
5402,u3,3,READ,0x30000088000,4096
5404,u0,0,WRITE,0x2c9000,4096
5412,u0,0,WRITE,0x2ca000,4096
5421,u0,0,READ,0x2cb000,4096
5426,u2,2,WRITE,0x20000083000,4096
5431,u0,0,READ,0x2cc000,4096
5436,u0,0,WRITE,0x2cd000,4096
5442,u0,0,READ,0x2ce000,4096
5444,u1,1,WRITE,0x10000089000,4096
5449,u3,3,READ,0x30000089000,4096
5451,u0,0,WRITE,0x2cf000,4096
5461,u0,0,WRITE,0x2d0000,4096
5462,u2,2,WRITE,0x20000084000,4096
5468,u0,0,WRITE,0x2d1000,4096
5474,u0,0,WRITE,0x2d2000,4096
5484,u0,0,READ,0x2d3000,4096
5486,u1,1,WRITE,0x1000008a000,4096
5489,u0,0,WRITE,0x2d4000,4096
5495,u0,0,WRITE,0x2d5000,4096
5496,u2,2,READ,0x20000085000,4096
5498,u3,3,WRITE,0x3000008a000,4096
5500,u0,0,WRITE,0x2d6000,4096
5507,u0,0,WRITE,0x2d7000,4096
5513,u0,0,READ,0x2d8000,4096
5522,u0,0,READ,0x2d9000,4096
5523,u1,1,WRITE,0x1000008b000,4096
5528,u0,0,WRITE,0x2da000,4096
5528,u2,2,WRITE,0x20000086000,4096
5530,u3,3,WRITE,0x3000008b000,4096
5533,u0,0,READ,0x2db000,4096
5540,u0,0,READ,0x2dc000,4096
5547,u0,0,WRITE,0x2dd000,4096
5557,u0,0,WRITE,0x2de000,4096
5563,u0,0,WRITE,0x2df000,4096
5567,u1,1,WRITE,0x1000008c000,4096
5569,u2,2,WRITE,0x20000087000,4096
5570,u0,0,READ,0x2e0000,4096
5577,u3,3,WRITE,0x3000008c000,4096
5578,u0,0,WRITE,0x2e1000,4096
5584,u0,0,READ,0x2e2000,4096
5590,u0,0,WRITE,0x2e3000,4096
5599,u0,0,WRITE,0x2e4000,4096
5599,u1,1,READ,0x1000008d000,4096
5608,u0,0,WRITE,0x2e5000,4096
5617,u0,0,READ,0x2e6000,4096
5619,u2,2,READ,0x20000088000,4096
5622,u3,3,READ,0x3000008d000,4096
5625,u0,0,WRITE,0x2e7000,4096
5630,u0,0,READ,0x2e8000,4096
5636,u0,0,WRITE,0x2e9000,4096
5639,u1,1,READ,0x1000008e000,4096
5645,u0,0,READ,0x2ea000,4096
5652,u0,0,WRITE,0x2eb000,4096
5654,u2,2,WRITE,0x20000089000,4096
5662,u0,0,READ,0x2ec000,4096
5663,u3,3,READ,0x3000008e000,4096
5671,u0,0,READ,0x2ed000,4096
5681,u0,0,READ,0x2ee000,4096
5685,u2,2,READ,0x2000008a000,4096
5687,u1,1,WRITE,0x1000008f000,4096
5690,u0,0,WRITE,0x2ef000,4096
5696,u0,0,WRITE,0x2f0000,4096
5703,u0,0,READ,0x2f1000,4096
5705,u3,3,READ,0x3000008f000,4096
5712,u0,0,WRITE,0x2f2000,4096
5717,u2,2,READ,0x2000008b000,4096
5722,u0,0,WRITE,0x2f3000,4096
5728,u1,1,WRITE,0x10000090000,4096
5731,u0,0,WRITE,0x2f4000,4096
5739,u0,0,READ,0x2f5000,4096
5749,u0,0,WRITE,0x2f6000,4096
5751,u3,3,READ,0x30000090000,4096
5756,u0,0,READ,0x2f7000,4096
5758,u2,2,WRITE,0x2000008c000,4096
5762,u0,0,WRITE,0x2f8000,4096
5772,u0,0,WRITE,0x2f9000,4096
5773,u1,1,WRITE,0x10000091000,4096
5780,u0,0,WRITE,0x2fa000,4096
5786,u0,0,WRITE,0x2fb000,4096
5787,u3,3,WRITE,0x30000091000,4096
5791,u0,0,WRITE,0x2fc000,4096
5800,u0,0,READ,0x2fd000,4096
5801,u2,2,READ,0x2000008d000,4096
5810,u0,0,READ,0x2fe000,4096
5818,u1,1,WRITE,0x10000092000,4096
5820,u0,0,READ,0x2ff000,4096
5828,u3,3,WRITE,0x30000092000,4096
5829,u0,0,WRITE,0x300000,4096
5834,u0,0,READ,0x301000,4096
5837,u2,2,READ,0x2000008e000,4096
5840,u0,0,READ,0x302000,4096
5846,u0,0,READ,0x303000,4096
5852,u0,0,WRITE,0x304000,4096
5857,u0,0,WRITE,0x305000,4096
5864,u3,3,READ,0x30000093000,4096
5866,u1,1,READ,0x10000093000,4096
5867,u0,0,WRITE,0x306000,4096
5876,u0,0,WRITE,0x307000,4096
5882,u2,2,WRITE,0x2000008f000,4096
5883,u0,0,READ,0x308000,4096
5893,u0,0,WRITE,0x309000,4096
5901,u0,0,READ,0x30a000,4096
5907,u0,0,READ,0x30b000,4096
5914,u0,0,READ,0x30c000,4096
5914,u1,1,WRITE,0x10000094000,4096
5914,u3,3,WRITE,0x30000094000,4096
5922,u0,0,WRITE,0x30d000,4096
5926,u2,2,WRITE,0x20000090000,4096
5930,u0,0,READ,0x30e000,4096
5940,u0,0,WRITE,0x30f000,4096
5945,u0,0,READ,0x310000,4096
5951,u1,1,WRITE,0x10000095000,4096
5954,u0,0,WRITE,0x311000,4096
5960,u3,3,READ,0x30000095000,4096
5962,u0,0,WRITE,0x312000,4096
5963,u2,2,WRITE,0x20000091000,4096
5967,u0,0,WRITE,0x313000,4096
5972,u0,0,READ,0x314000,4096
5978,u0,0,WRITE,0x315000,4096
5984,u0,0,WRITE,0x316000,4096
5991,u0,0,WRITE,0x317000,4096
5993,u3,3,READ,0x30000096000,4096
5994,u2,2,WRITE,0x20000092000,4096
5998,u0,0,WRITE,0x318000,4096
5999,u1,1,READ,0x10000096000,4096
6005,u0,0,WRITE,0x319000,4096
6011,u0,0,READ,0x31a000,4096
6018,u0,0,WRITE,0x31b000,4096
6025,u3,3,WRITE,0x30000097000,4096
6027,u0,0,READ,0x31c000,4096
6033,u0,0,WRITE,0x31d000,4096
6039,u2,2,WRITE,0x20000093000,4096
6040,u0,0,READ,0x31e000,4096
6040,u1,1,WRITE,0x10000097000,4096
6049,u0,0,READ,0x31f000,4096
6057,u0,0,WRITE,0x320000,4096
6064,u3,3,READ,0x30000098000,4096
6065,u0,0,WRITE,0x321000,4096
6074,u0,0,WRITE,0x322000,4096
6074,u1,1,READ,0x10000098000,4096
6081,u0,0,READ,0x323000,4096
6087,u0,0,WRITE,0x324000,4096
6088,u2,2,WRITE,0x20000094000,4096
6093,u0,0,WRITE,0x325000,4096
6102,u0,0,WRITE,0x326000,4096
6105,u1,1,READ,0x10000099000,4096
6111,u0,0,READ,0x327000,4096
6113,u3,3,WRITE,0x30000099000,4096
6117,u0,0,WRITE,0x328000,4096
6123,u0,0,WRITE,0x329000,4096
6123,u2,2,WRITE,0x20000095000,4096
6128,u0,0,READ,0x32a000,4096
6138,u0,0,READ,0x32b000,4096
6147,u0,0,WRITE,0x32c000,4096
6148,u1,1,WRITE,0x1000009a000,4096
6148,u3,3,WRITE,0x3000009a000,4096
6153,u0,0,READ,0x32d000,4096
6158,u0,0,READ,0x32e000,4096
6164,u0,0,WRITE,0x32f000,4096
6169,u0,0,READ,0x330000,4096
6169,u2,2,WRITE,0x20000096000,4096
6178,u0,0,READ,0x331000,4096
6184,u0,0,WRITE,0x332000,4096
6184,u3,3,READ,0x3000009b000,4096
6193,u0,0,READ,0x333000,4096
6198,u1,1,WRITE,0x1000009b000,4096
6203,u0,0,WRITE,0x334000,4096
6209,u0,0,WRITE,0x335000,4096
6213,u2,2,WRITE,0x20000097000,4096
6215,u0,0,READ,0x336000,4096
6224,u0,0,WRITE,0x337000,4096
6225,u3,3,READ,0x3000009c000,4096
6232,u0,0,WRITE,0x338000,4096
6234,u1,1,READ,0x1000009c000,4096
6241,u0,0,READ,0x339000,4096
6247,u2,2,READ,0x20000098000,4096
6249,u0,0,READ,0x33a000,4096
6256,u0,0,READ,0x33b000,4096
6263,u0,0,WRITE,0x33c000,4096
6263,u3,3,WRITE,0x3000009d000,4096
6271,u0,0,READ,0x33d000,4096
6276,u1,1,WRITE,0x1000009d000,4096
6277,u0,0,WRITE,0x33e000,4096
6283,u0,0,READ,0x33f000,4096
6284,u2,2,WRITE,0x20000099000,4096
6292,u0,0,READ,0x340000,4096
6298,u3,3,WRITE,0x3000009e000,4096
6299,u0,0,READ,0x341000,4096
6305,u0,0,WRITE,0x342000,4096
6312,u0,0,WRITE,0x343000,4096
6312,u1,1,READ,0x1000009e000,4096
6318,u2,2,READ,0x2000009a000,4096
6320,u0,0,READ,0x344000,4096
6326,u0,0,READ,0x345000,4096
6330,u3,3,READ,0x3000009f000,4096
6331,u0,0,READ,0x346000,4096
6337,u0,0,READ,0x347000,4096
6346,u0,0,READ,0x348000,4096
6353,u0,0,WRITE,0x349000,4096
6362,u0,0,WRITE,0x34a000,4096
6362,u1,1,READ,0x1000009f000,4096
6363,u2,2,READ,0x2000009b000,4096
6372,u0,0,READ,0x34b000,4096
6376,u3,3,WRITE,0x300000a0000,4096
6379,u0,0,READ,0x34c000,4096
6388,u0,0,WRITE,0x34d000,4096
6394,u1,1,WRITE,0x100000a0000,4096
6397,u0,0,READ,0x34e000,4096
6405,u0,0,WRITE,0x34f000,4096
6406,u2,2,WRITE,0x2000009c000,4096
6410,u0,0,READ,0x350000,4096
6419,u0,0,READ,0x351000,4096
6426,u3,3,WRITE,0x300000a1000,4096
6427,u0,0,READ,0x352000,4096
6435,u0,0,READ,0x353000,4096
6441,u0,0,WRITE,0x354000,4096
6441,u2,2,WRITE,0x2000009d000,4096
6443,u1,1,WRITE,0x100000a1000,4096
6448,u0,0,READ,0x355000,4096
6457,u0,0,WRITE,0x356000,4096
6465,u0,0,WRITE,0x357000,4096
6472,u0,0,READ,0x358000,4096
6472,u3,3,WRITE,0x300000a2000,4096
6473,u2,2,WRITE,0x2000009e000,4096
6474,u1,1,WRITE,0x100000a2000,4096
6482,u0,0,WRITE,0x359000,4096
6488,u0,0,READ,0x35a000,4096
6493,u0,0,WRITE,0x35b000,4096
6501,u0,0,WRITE,0x35c000,4096
6506,u0,0,READ,0x35d000,4096
6513,u0,0,WRITE,0x35e000,4096
6514,u3,3,WRITE,0x300000a3000,4096
6518,u1,1,READ,0x100000a3000,4096
6518,u2,2,READ,0x2000009f000,4096
6523,u0,0,WRITE,0x35f000,4096
6532,u0,0,READ,0x360000,4096
6538,u0,0,READ,0x361000,4096
6544,u0,0,READ,0x362000,4096
6550,u3,3,WRITE,0x300000a4000,4096
6552,u0,0,WRITE,0x363000,4096
6552,u2,2,READ,0x200000a0000,4096
6561,u0,0,READ,0x364000,4096
6561,u1,1,READ,0x100000a4000,4096
6571,u0,0,WRITE,0x365000,4096
6577,u0,0,READ,0x366000,4096
6584,u0,0,READ,0x367000,4096
6588,u2,2,READ,0x200000a1000,4096
6594,u0,0,READ,0x368000,4096
6598,u3,3,WRITE,0x300000a5000,4096
6600,u0,0,WRITE,0x369000,4096
6600,u1,1,WRITE,0x100000a5000,4096
6607,u0,0,WRITE,0x36a000,4096
6612,u0,0,READ,0x36b000,4096
6621,u0,0,READ,0x36c000,4096
6626,u2,2,WRITE,0x200000a2000,4096
6629,u0,0,READ,0x36d000,4096
6635,u3,3,WRITE,0x300000a6000,4096
6636,u0,0,READ,0x36e000,4096
6637,u1,1,READ,0x100000a6000,4096
6641,u0,0,WRITE,0x36f000,4096
6651,u0,0,READ,0x370000,4096
6661,u0,0,WRITE,0x371000,4096
6667,u0,0,WRITE,0x372000,4096
6669,u2,2,READ,0x200000a3000,4096
6671,u3,3,READ,0x300000a7000,4096
6676,u0,0,WRITE,0x373000,4096
6683,u0,0,WRITE,0x374000,4096
6686,u1,1,WRITE,0x100000a7000,4096
6689,u0,0,WRITE,0x375000,4096
6695,u0,0,READ,0x376000,4096
6702,u0,0,READ,0x377000,4096
6705,u3,3,WRITE,0x300000a8000,4096
6707,u0,0,READ,0x378000,4096
6712,u0,0,READ,0x379000,4096
6713,u2,2,READ,0x200000a4000,4096
6721,u0,0,WRITE,0x37a000,4096
6727,u0,0,READ,0x37b000,4096
6732,u1,1,READ,0x100000a8000,4096
6737,u0,0,READ,0x37c000,4096
6742,u0,0,WRITE,0x37d000,4096
6749,u0,0,WRITE,0x37e000,4096
6749,u2,2,READ,0x200000a5000,4096
6754,u3,3,READ,0x300000a9000,4096
6755,u0,0,READ,0x37f000,4096
6765,u0,0,READ,0x380000,4096
6772,u0,0,READ,0x381000,4096
6775,u1,1,WRITE,0x100000a9000,4096
6779,u0,0,WRITE,0x382000,4096
6784,u0,0,READ,0x383000,4096
6791,u2,2,WRITE,0x200000a6000,4096
6791,u3,3,READ,0x300000aa000,4096
6792,u0,0,WRITE,0x384000,4096
6800,u0,0,WRITE,0x385000,4096
6810,u0,0,READ,0x386000,4096
6814,u1,1,READ,0x100000aa000,4096
6818,u0,0,READ,0x387000,4096
6824,u2,2,READ,0x200000a7000,4096
6828,u0,0,READ,0x388000,4096
6830,u3,3,READ,0x300000ab000,4096
6834,u0,0,WRITE,0x389000,4096
6839,u0,0,WRITE,0x38a000,4096
6844,u0,0,READ,0x38b000,4096
6849,u0,0,WRITE,0x38c000,4096
6855,u0,0,READ,0x38d000,4096
6862,u1,1,WRITE,0x100000ab000,4096
6864,u0,0,READ,0x38e000,4096
6865,u2,2,WRITE,0x200000a8000,4096
6866,u3,3,WRITE,0x300000ac000,4096
6874,u0,0,WRITE,0x38f000,4096
6881,u0,0,READ,0x390000,4096
6890,u0,0,WRITE,0x391000,4096
6898,u0,0,WRITE,0x392000,4096
6904,u2,2,WRITE,0x200000a9000,4096
6905,u0,0,WRITE,0x393000,4096
6908,u1,1,READ,0x100000ac000,4096
6909,u3,3,WRITE,0x300000ad000,4096
6912,u0,0,WRITE,0x394000,4096
6918,u0,0,READ,0x395000,4096
6926,u0,0,READ,0x396000,4096
6935,u0,0,READ,0x397000,4096
6938,u1,1,READ,0x100000ad000,4096
6939,u3,3,READ,0x300000ae000,4096
6942,u2,2,WRITE,0x200000aa000,4096
6945,u0,0,READ,0x398000,4096
6955,u0,0,READ,0x399000,4096
6965,u0,0,READ,0x39a000,4096
6972,u0,0,READ,0x39b000,4096
6981,u0,0,WRITE,0x39c000,4096
6986,u3,3,WRITE,0x300000af000,4096
6987,u1,1,READ,0x100000ae000,4096
6991,u0,0,READ,0x39d000,4096
6992,u2,2,WRITE,0x200000ab000,4096
7001,u0,0,WRITE,0x39e000,4096
7006,u0,0,WRITE,0x39f000,4096
7011,u0,0,WRITE,0x3a0000,4096
7019,u0,0,WRITE,0x3a1000,4096
7028,u3,3,WRITE,0x300000b0000,4096
7029,u0,0,WRITE,0x3a2000,4096
7031,u1,1,WRITE,0x100000af000,4096
7034,u0,0,READ,0x3a3000,4096
7037,u2,2,WRITE,0x200000ac000,4096
7040,u0,0,READ,0x3a4000,4096
7050,u0,0,WRITE,0x3a5000,4096
7060,u0,0,READ,0x3a6000,4096
7061,u1,1,READ,0x100000b0000,4096
7067,u3,3,WRITE,0x300000b1000,4096
7068,u0,0,READ,0x3a7000,4096
7073,u0,0,WRITE,0x3a8000,4096
7083,u0,0,WRITE,0x3a9000,4096
7087,u2,2,READ,0x200000ad000,4096
7088,u0,0,WRITE,0x3aa000,4096
7092,u1,1,WRITE,0x100000b1000,4096
7094,u0,0,READ,0x3ab000,4096
7101,u0,0,READ,0x3ac000,4096
7105,u3,3,WRITE,0x300000b2000,4096
7107,u0,0,WRITE,0x3ad000,4096
7113,u0,0,READ,0x3ae000,4096
7118,u0,0,READ,0x3af000,4096
7120,u2,2,WRITE,0x200000ae000,4096
7126,u1,1,READ,0x100000b2000,4096
7128,u0,0,WRITE,0x3b0000,4096
7137,u0,0,WRITE,0x3b1000,4096
7143,u0,0,READ,0x3b2000,4096
7151,u3,3,WRITE,0x300000b3000,4096
7152,u0,0,READ,0x3b3000,4096
7161,u0,0,READ,0x3b4000,4096
7165,u1,1,WRITE,0x100000b3000,4096
7169,u0,0,READ,0x3b5000,4096
7170,u2,2,READ,0x200000af000,4096
7178,u0,0,WRITE,0x3b6000,4096
7187,u0,0,WRITE,0x3b7000,4096
7193,u3,3,READ,0x300000b4000,4096
7195,u0,0,WRITE,0x3b8000,4096
7203,u0,0,READ,0x3b9000,4096
7205,u2,2,READ,0x200000b0000,4096
7209,u0,0,READ,0x3ba000,4096
7212,u1,1,READ,0x100000b4000,4096
7214,u0,0,READ,0x3bb000,4096
7220,u0,0,READ,0x3bc000,4096
7227,u0,0,WRITE,0x3bd000,4096
7231,u3,3,WRITE,0x300000b5000,4096
7237,u0,0,READ,0x3be000,4096
7247,u0,0,READ,0x3bf000,4096
7253,u0,0,READ,0x3c0000,4096
7255,u2,2,READ,0x200000b1000,4096
7256,u1,1,READ,0x100000b5000,4096
7262,u0,0,WRITE,0x3c1000,4096
7263,u3,3,READ,0x300000b6000,4096
7269,u0,0,WRITE,0x3c2000,4096
7274,u0,0,WRITE,0x3c3000,4096
7280,u0,0,READ,0x3c4000,4096
7286,u0,0,READ,0x3c5000,4096
7286,u1,1,READ,0x100000b6000,4096
7293,u0,0,WRITE,0x3c6000,4096
7294,u3,3,WRITE,0x300000b7000,4096
7298,u0,0,WRITE,0x3c7000,4096
7303,u0,0,WRITE,0x3c8000,4096
7305,u2,2,READ,0x200000b2000,4096
7312,u0,0,WRITE,0x3c9000,4096
7321,u0,0,WRITE,0x3ca000,4096
7325,u3,3,WRITE,0x300000b8000,4096
7330,u0,0,READ,0x3cb000,4096
7335,u1,1,WRITE,0x100000b7000,4096
7340,u0,0,WRITE,0x3cc000,4096
7348,u0,0,READ,0x3cd000,4096
7354,u2,2,READ,0x200000b3000,4096
7358,u0,0,WRITE,0x3ce000,4096
7367,u0,0,READ,0x3cf000,4096
7372,u0,0,READ,0x3d0000,4096
7372,u3,3,READ,0x300000b9000,4096
7375,u1,1,WRITE,0x100000b8000,4096
7378,u0,0,READ,0x3d1000,4096
7385,u2,2,READ,0x200000b4000,4096
7387,u0,0,READ,0x3d2000,4096
7393,u0,0,READ,0x3d3000,4096
7398,u0,0,WRITE,0x3d4000,4096
7406,u0,0,WRITE,0x3d5000,4096
7412,u0,0,READ,0x3d6000,4096
7417,u0,0,WRITE,0x3d7000,4096
7417,u2,2,READ,0x200000b5000,4096
7419,u1,1,READ,0x100000b9000,4096
7421,u3,3,WRITE,0x300000ba000,4096
7422,u0,0,WRITE,0x3d8000,4096
7431,u0,0,WRITE,0x3d9000,4096
7436,u0,0,WRITE,0x3da000,4096
7445,u0,0,WRITE,0x3db000,4096
7450,u0,0,WRITE,0x3dc000,4096
7452,u1,1,WRITE,0x100000ba000,4096
7457,u2,2,READ,0x200000b6000,4096
7458,u0,0,WRITE,0x3dd000,4096
7466,u0,0,WRITE,0x3de000,4096
7469,u3,3,READ,0x300000bb000,4096
7473,u0,0,WRITE,0x3df000,4096
7483,u0,0,WRITE,0x3e0000,4096
7484,u1,1,WRITE,0x100000bb000,4096
7490,u2,2,WRITE,0x200000b7000,4096
7493,u0,0,READ,0x3e1000,4096
7502,u0,0,READ,0x3e2000,4096
7509,u0,0,WRITE,0x3e3000,4096
7511,u3,3,WRITE,0x300000bc000,4096
7517,u1,1,WRITE,0x100000bc000,4096
7519,u0,0,WRITE,0x3e4000,4096
7524,u0,0,READ,0x3e5000,4096
7524,u2,2,READ,0x200000b8000,4096
7533,u0,0,WRITE,0x3e6000,4096
7541,u0,0,READ,0x3e7000,4096
7548,u0,0,WRITE,0x3e8000,4096
7553,u0,0,READ,0x3e9000,4096
7557,u1,1,WRITE,0x100000bd000,4096
7559,u0,0,WRITE,0x3ea000,4096
7560,u3,3,READ,0x300000bd000,4096
7565,u0,0,READ,0x3eb000,4096
7570,u0,0,WRITE,0x3ec000,4096
7572,u2,2,WRITE,0x200000b9000,4096
7577,u0,0,WRITE,0x3ed000,4096
7587,u0,0,READ,0x3ee000,4096
7595,u0,0,WRITE,0x3ef000,4096
7595,u1,1,WRITE,0x100000be000,4096
7601,u0,0,READ,0x3f0000,4096
7605,u3,3,READ,0x300000be000,4096
7607,u0,0,WRITE,0x3f1000,4096
7612,u0,0,READ,0x3f2000,4096
7620,u0,0,READ,0x3f3000,4096
7621,u2,2,WRITE,0x200000ba000,4096
7626,u1,1,WRITE,0x100000bf000,4096
7630,u0,0,READ,0x3f4000,4096
7636,u0,0,READ,0x3f5000,4096
7640,u3,3,WRITE,0x300000bf000,4096
7645,u0,0,WRITE,0x3f6000,4096
7655,u0,0,WRITE,0x3f7000,4096
7661,u0,0,WRITE,0x3f8000,4096
7664,u1,1,READ,0x100000c0000,4096
7664,u2,2,READ,0x200000bb000,4096
7668,u0,0,READ,0x3f9000,4096
7673,u0,0,WRITE,0x3fa000,4096
7680,u0,0,READ,0x3fb000,4096
7690,u0,0,READ,0x3fc000,4096
7690,u3,3,READ,0x300000c0000,4096
7695,u2,2,READ,0x200000bc000,4096
7698,u0,0,WRITE,0x3fd000,4096
7701,u1,1,WRITE,0x100000c1000,4096
7708,u0,0,WRITE,0x3fe000,4096
7713,u0,0,WRITE,0x3ff000,4096
7718,u0,0,WRITE,0x400000,4096
7726,u0,0,WRITE,0x401000,4096
7726,u2,2,READ,0x200000bd000,4096
7731,u3,3,WRITE,0x300000c1000,4096
7735,u0,0,WRITE,0x402000,4096
7742,u0,0,WRITE,0x403000,4096
7747,u0,0,WRITE,0x404000,4096
7747,u1,1,WRITE,0x100000c2000,4096
7752,u0,0,WRITE,0x405000,4096
7757,u0,0,WRITE,0x406000,4096
7757,u2,2,READ,0x200000be000,4096
7765,u3,3,READ,0x300000c2000,4096
7767,u0,0,WRITE,0x407000,4096
7775,u0,0,WRITE,0x408000,4096
7783,u0,0,READ,0x409000,4096
7788,u2,2,READ,0x200000bf000,4096
7790,u1,1,READ,0x100000c3000,4096
7792,u0,0,WRITE,0x40a000,4096
7797,u0,0,WRITE,0x40b000,4096
7802,u3,3,READ,0x300000c3000,4096
7803,u0,0,READ,0x40c000,4096
7811,u0,0,READ,0x40d000,4096
7820,u0,0,WRITE,0x40e000,4096
7826,u0,0,READ,0x40f000,4096
7828,u2,2,WRITE,0x200000c0000,4096
7832,u0,0,WRITE,0x410000,4096
7833,u1,1,WRITE,0x100000c4000,4096
7839,u0,0,WRITE,0x411000,4096
7845,u0,0,WRITE,0x412000,4096
7852,u0,0,WRITE,0x413000,4096
7852,u3,3,WRITE,0x300000c4000,4096
7862,u0,0,WRITE,0x414000,4096
7867,u2,2,READ,0x200000c1000,4096
7868,u0,0,WRITE,0x415000,4096
7868,u1,1,READ,0x100000c5000,4096
7874,u0,0,WRITE,0x416000,4096
7881,u0,0,WRITE,0x417000,4096
7888,u3,3,READ,0x300000c5000,4096
7890,u0,0,READ,0x418000,4096
7896,u0,0,READ,0x419000,4096
7903,u0,0,READ,0x41a000,4096
7910,u0,0,READ,0x41b000,4096
7910,u1,1,READ,0x100000c6000,4096
7914,u2,2,READ,0x200000c2000,4096
7920,u0,0,READ,0x41c000,4096
7925,u0,0,READ,0x41d000,4096
7930,u0,0,READ,0x41e000,4096
7930,u3,3,READ,0x300000c6000,4096
7936,u0,0,WRITE,0x41f000,4096
7946,u0,0,WRITE,0x420000,4096
7956,u0,0,READ,0x421000,4096
7956,u1,1,WRITE,0x100000c7000,4096
7959,u2,2,READ,0x200000c3000,4096
7965,u0,0,READ,0x422000,4096
7972,u0,0,WRITE,0x423000,4096
7979,u3,3,WRITE,0x300000c7000,4096
7982,u0,0,WRITE,0x424000,4096
7987,u0,0,READ,0x425000,4096
7997,u0,0,READ,0x426000,4096
8001,u1,1,WRITE,0x100000c8000,4096
8003,u0,0,READ,0x427000,4096
8004,u2,2,READ,0x200000c4000,4096
8013,u0,0,READ,0x428000,4096
8018,u3,3,READ,0x300000c8000,4096
8023,u0,0,WRITE,0x429000,4096
8029,u0,0,READ,0x42a000,4096
8036,u0,0,WRITE,0x42b000,4096
8037,u2,2,WRITE,0x200000c5000,4096
8041,u0,0,WRITE,0x42c000,4096
8048,u1,1,READ,0x100000c9000,4096
8049,u0,0,WRITE,0x42d000,4096
8057,u0,0,WRITE,0x42e000,4096
8062,u3,3,WRITE,0x300000c9000,4096
8066,u0,0,WRITE,0x42f000,4096
8071,u0,0,READ,0x430000,4096
8078,u0,0,READ,0x431000,4096
8078,u1,1,READ,0x100000ca000,4096
8084,u0,0,WRITE,0x432000,4096
8084,u2,2,WRITE,0x200000c6000,4096
8091,u0,0,READ,0x433000,4096
8100,u0,0,WRITE,0x434000,4096
8101,u3,3,WRITE,0x300000ca000,4096
8106,u0,0,WRITE,0x435000,4096
8113,u0,0,READ,0x436000,4096
8120,u1,1,READ,0x100000cb000,4096
8121,u0,0,WRITE,0x437000,4096
8121,u2,2,WRITE,0x200000c7000,4096
8127,u0,0,READ,0x438000,4096
8134,u3,3,READ,0x300000cb000,4096
8135,u0,0,WRITE,0x439000,4096
8145,u0,0,READ,0x43a000,4096
8152,u0,0,READ,0x43b000,4096
8159,u0,0,READ,0x43c000,4096
8166,u3,3,WRITE,0x300000cc000,4096
8169,u0,0,WRITE,0x43d000,4096
8169,u1,1,READ,0x100000cc000,4096
8170,u2,2,WRITE,0x200000c8000,4096
8175,u0,0,WRITE,0x43e000,4096
8183,u0,0,WRITE,0x43f000,4096
8188,u0,0,WRITE,0x440000,4096
8198,u0,0,READ,0x441000,4096
8202,u2,2,READ,0x200000c9000,4096
8203,u3,3,READ,0x300000cd000,4096
8207,u0,0,WRITE,0x442000,4096
8211,u1,1,READ,0x100000cd000,4096
8215,u0,0,WRITE,0x443000,4096
8220,u0,0,WRITE,0x444000,4096
8228,u0,0,READ,0x445000,4096
8234,u0,0,WRITE,0x446000,4096
8239,u3,3,WRITE,0x300000ce000,4096
8243,u0,0,WRITE,0x447000,4096
8244,u1,1,READ,0x100000ce000,4096
8249,u2,2,WRITE,0x200000ca000,4096
8253,u0,0,READ,0x448000,4096
8262,u0,0,WRITE,0x449000,4096
8272,u0,0,READ,0x44a000,4096
8278,u3,3,READ,0x300000cf000,4096
8280,u0,0,WRITE,0x44b000,4096
8285,u0,0,READ,0x44c000,4096
8287,u2,2,WRITE,0x200000cb000,4096
8290,u1,1,WRITE,0x100000cf000,4096
8292,u0,0,WRITE,0x44d000,4096
8302,u0,0,READ,0x44e000,4096
8310,u0,0,WRITE,0x44f000,4096
8317,u3,3,READ,0x300000d0000,4096
8320,u0,0,WRITE,0x450000,4096
8320,u2,2,READ,0x200000cc000,4096
8326,u0,0,READ,0x451000,4096
8331,u0,0,WRITE,0x452000,4096
8339,u1,1,READ,0x100000d0000,4096
8341,u0,0,READ,0x453000,4096
8350,u0,0,WRITE,0x454000,4096
8354,u2,2,READ,0x200000cd000,4096
8358,u3,3,WRITE,0x300000d1000,4096
8359,u0,0,READ,0x455000,4096
8367,u0,0,WRITE,0x456000,4096
8373,u1,1,READ,0x100000d1000,4096
8375,u0,0,WRITE,0x457000,4096
8384,u0,0,WRITE,0x458000,4096
8387,u2,2,READ,0x200000ce000,4096
8390,u3,3,WRITE,0x300000d2000,4096
8394,u0,0,READ,0x459000,4096
8401,u0,0,READ,0x45a000,4096
8409,u0,0,READ,0x45b000,4096
8414,u1,1,WRITE,0x100000d2000,4096
8419,u0,0,READ,0x45c000,4096
8428,u0,0,WRITE,0x45d000,4096
8429,u3,3,READ,0x300000d3000,4096
8434,u2,2,WRITE,0x200000cf000,4096
8435,u0,0,WRITE,0x45e000,4096
8444,u0,0,READ,0x45f000,4096
8453,u0,0,WRITE,0x460000,4096
8456,u1,1,READ,0x100000d3000,4096
8460,u0,0,WRITE,0x461000,4096
8464,u2,2,READ,0x200000d0000,4096
8466,u0,0,READ,0x462000,4096
8471,u0,0,READ,0x463000,4096
8474,u3,3,WRITE,0x300000d4000,4096
8481,u0,0,READ,0x464000,4096
8488,u0,0,READ,0x465000,4096
8497,u0,0,WRITE,0x466000,4096
8502,u0,0,READ,0x467000,4096
8506,u1,1,WRITE,0x100000d4000,4096
8506,u2,2,WRITE,0x200000d1000,4096
8508,u0,0,READ,0x468000,4096
8512,u3,3,READ,0x300000d5000,4096
8518,u0,0,READ,0x469000,4096
8525,u0,0,READ,0x46a000,4096
8533,u0,0,READ,0x46b000,4096
8536,u2,2,WRITE,0x200000d2000,4096
8538,u0,0,READ,0x46c000,4096
8538,u1,1,READ,0x100000d5000,4096
8544,u0,0,WRITE,0x46d000,4096
8548,u3,3,WRITE,0x300000d6000,4096
8550,u0,0,READ,0x46e000,4096
8560,u0,0,WRITE,0x46f000,4096
8568,u0,0,READ,0x470000,4096
8568,u2,2,WRITE,0x200000d3000,4096
8577,u0,0,READ,0x471000,4096
8581,u1,1,READ,0x100000d6000,4096
8584,u0,0,WRITE,0x472000,4096
8584,u3,3,READ,0x300000d7000,4096
8593,u0,0,READ,0x473000,4096
8603,u0,0,READ,0x474000,4096
8609,u0,0,READ,0x475000,4096
8615,u3,3,WRITE,0x300000d8000,4096
8618,u0,0,READ,0x476000,4096
8618,u2,2,READ,0x200000d4000,4096
8625,u0,0,WRITE,0x477000,4096
8628,u1,1,READ,0x100000d7000,4096
8631,u0,0,READ,0x478000,4096
8638,u0,0,READ,0x479000,4096
8647,u0,0,READ,0x47a000,4096
8648,u3,3,WRITE,0x300000d9000,4096
8655,u2,2,READ,0x200000d5000,4096
8657,u0,0,WRITE,0x47b000,4096
8661,u1,1,WRITE,0x100000d8000,4096
8667,u0,0,WRITE,0x47c000,4096
8674,u0,0,READ,0x47d000,4096
8681,u3,3,WRITE,0x300000da000,4096
8684,u0,0,WRITE,0x47e000,4096
8694,u0,0,READ,0x47f000,4096
8694,u1,1,WRITE,0x100000d9000,4096
8697,u2,2,WRITE,0x200000d6000,4096
8699,u0,0,WRITE,0x480000,4096
8709,u0,0,READ,0x481000,4096
8714,u0,0,WRITE,0x482000,4096
8719,u3,3,READ,0x300000db000,4096
8720,u0,0,WRITE,0x483000,4096
8726,u0,0,WRITE,0x484000,4096
8732,u0,0,READ,0x485000,4096
8734,u2,2,WRITE,0x200000d7000,4096
8739,u1,1,WRITE,0x100000da000,4096
8741,u0,0,WRITE,0x486000,4096
8747,u0,0,WRITE,0x487000,4096
8754,u0,0,WRITE,0x488000,4096
8763,u0,0,WRITE,0x489000,4096
8764,u3,3,READ,0x300000dc000,4096
8773,u0,0,WRITE,0x48a000,4096
8775,u2,2,READ,0x200000d8000,4096
8783,u0,0,READ,0x48b000,4096
8783,u1,1,WRITE,0x100000db000,4096
8789,u0,0,READ,0x48c000,4096
8796,u3,3,WRITE,0x300000dd000,4096
8798,u0,0,READ,0x48d000,4096
8808,u0,0,READ,0x48e000,4096
8808,u2,2,WRITE,0x200000d9000,4096
8813,u0,0,READ,0x48f000,4096
8820,u0,0,READ,0x490000,4096
8825,u0,0,WRITE,0x491000,4096
8826,u1,1,WRITE,0x100000dc000,4096
8830,u0,0,WRITE,0x492000,4096
8837,u3,3,READ,0x300000de000,4096
8838,u2,2,READ,0x200000da000,4096
8840,u0,0,WRITE,0x493000,4096
8849,u0,0,READ,0x494000,4096
8856,u0,0,WRITE,0x495000,4096
8856,u1,1,WRITE,0x100000dd000,4096
8862,u0,0,WRITE,0x496000,4096
8871,u2,2,WRITE,0x200000db000,4096
8872,u0,0,READ,0x497000,4096
8879,u0,0,WRITE,0x498000,4096
8884,u3,3,READ,0x300000df000,4096
8886,u0,0,READ,0x499000,4096
8894,u0,0,READ,0x49a000,4096
8903,u0,0,WRITE,0x49b000,4096
8903,u1,1,READ,0x100000de000,4096
8910,u0,0,READ,0x49c000,4096
8917,u0,0,READ,0x49d000,4096
8918,u3,3,READ,0x300000e0000,4096
8921,u2,2,READ,0x200000dc000,4096
8925,u0,0,READ,0x49e000,4096
8932,u0,0,WRITE,0x49f000,4096
8935,u1,1,READ,0x100000df000,4096
8937,u0,0,WRITE,0x4a0000,4096
8942,u0,0,READ,0x4a1000,4096
8952,u0,0,READ,0x4a2000,4096
8957,u0,0,READ,0x4a3000,4096
8957,u2,2,WRITE,0x200000dd000,4096
8967,u0,0,READ,0x4a4000,4096
8968,u3,3,READ,0x300000e1000,4096
8973,u0,0,WRITE,0x4a5000,4096
8976,u1,1,READ,0x100000e0000,4096
8983,u0,0,WRITE,0x4a6000,4096
8989,u0,0,WRITE,0x4a7000,4096
8994,u2,2,READ,0x200000de000,4096
8996,u0,0,READ,0x4a8000,4096
9006,u0,0,READ,0x4a9000,4096
9013,u0,0,WRITE,0x4aa000,4096
9016,u3,3,WRITE,0x300000e2000,4096
9020,u0,0,WRITE,0x4ab000,4096
9026,u1,1,READ,0x100000e1000,4096
9027,u0,0,READ,0x4ac000,4096
9028,u2,2,WRITE,0x200000df000,4096
9035,u0,0,READ,0x4ad000,4096
9040,u0,0,READ,0x4ae000,4096
9047,u0,0,READ,0x4af000,4096
9057,u0,0,WRITE,0x4b0000,4096
9061,u3,3,READ,0x300000e3000,4096
9065,u0,0,READ,0x4b1000,4096
9071,u2,2,READ,0x200000e0000,4096
9073,u0,0,READ,0x4b2000,4096
9074,u1,1,READ,0x100000e2000,4096
9078,u0,0,WRITE,0x4b3000,4096
9087,u0,0,READ,0x4b4000,4096
9096,u0,0,WRITE,0x4b5000,4096
9097,u3,3,READ,0x300000e4000,4096
9106,u0,0,READ,0x4b6000,4096
9108,u1,1,READ,0x100000e3000,4096
9115,u0,0,READ,0x4b7000,4096
9119,u2,2,WRITE,0x200000e1000,4096
9124,u0,0,READ,0x4b8000,4096
9128,u3,3,READ,0x300000e5000,4096
9132,u0,0,READ,0x4b9000,4096
9142,u0,0,WRITE,0x4ba000,4096
9147,u0,0,WRITE,0x4bb000,4096
9152,u0,0,READ,0x4bc000,4096
9154,u1,1,READ,0x100000e4000,4096
9158,u0,0,READ,0x4bd000,4096
9160,u3,3,WRITE,0x300000e6000,4096
9163,u0,0,READ,0x4be000,4096
9163,u2,2,WRITE,0x200000e2000,4096
9170,u0,0,WRITE,0x4bf000,4096
9175,u0,0,WRITE,0x4c0000,4096
9181,u0,0,READ,0x4c1000,4096
9190,u3,3,READ,0x300000e7000,4096
9191,u0,0,WRITE,0x4c2000,4096
9197,u0,0,READ,0x4c3000,4096
9202,u2,2,READ,0x200000e3000,4096
9204,u1,1,READ,0x100000e5000,4096
9205,u0,0,WRITE,0x4c4000,4096
9214,u0,0,READ,0x4c5000,4096
9224,u0,0,READ,0x4c6000,4096
9226,u3,3,WRITE,0x300000e8000,4096
9234,u0,0,READ,0x4c7000,4096
9235,u1,1,WRITE,0x100000e6000,4096
9237,u2,2,WRITE,0x200000e4000,4096
9243,u0,0,WRITE,0x4c8000,4096
9251,u0,0,READ,0x4c9000,4096
9258,u3,3,WRITE,0x300000e9000,4096
9261,u0,0,WRITE,0x4ca000,4096
9266,u0,0,READ,0x4cb000,4096
9267,u2,2,READ,0x200000e5000,4096
9271,u0,0,READ,0x4cc000,4096
9280,u0,0,WRITE,0x4cd000,4096
9285,u1,1,WRITE,0x100000e7000,4096
9287,u0,0,WRITE,0x4ce000,4096
9294,u0,0,WRITE,0x4cf000,4096
9301,u3,3,READ,0x300000ea000,4096
9303,u0,0,WRITE,0x4d0000,4096
9306,u2,2,WRITE,0x200000e6000,4096
9312,u0,0,WRITE,0x4d1000,4096
9317,u0,0,READ,0x4d2000,4096
9319,u1,1,WRITE,0x100000e8000,4096
9322,u0,0,WRITE,0x4d3000,4096
9330,u0,0,WRITE,0x4d4000,4096
9337,u2,2,READ,0x200000e7000,4096
9340,u0,0,READ,0x4d5000,4096
9342,u3,3,READ,0x300000eb000,4096
9347,u0,0,READ,0x4d6000,4096
9352,u0,0,READ,0x4d7000,4096
9358,u0,0,READ,0x4d8000,4096
9364,u1,1,READ,0x100000e9000,4096
9367,u0,0,READ,0x4d9000,4096
9373,u2,2,WRITE,0x200000e8000,4096
9375,u0,0,WRITE,0x4da000,4096
9382,u0,0,WRITE,0x4db000,4096
9391,u0,0,READ,0x4dc000,4096
9391,u3,3,WRITE,0x300000ec000,4096
9399,u0,0,READ,0x4dd000,4096
9408,u0,0,WRITE,0x4de000,4096
9408,u1,1,WRITE,0x100000ea000,4096
9413,u0,0,WRITE,0x4df000,4096
9419,u0,0,READ,0x4e0000,4096
9423,u2,2,READ,0x200000e9000,4096
9423,u3,3,WRITE,0x300000ed000,4096
9429,u0,0,READ,0x4e1000,4096
9438,u0,0,WRITE,0x4e2000,4096
9446,u0,0,READ,0x4e3000,4096
9453,u0,0,READ,0x4e4000,4096
9454,u1,1,READ,0x100000eb000,4096
9460,u0,0,WRITE,0x4e5000,4096
9464,u2,2,WRITE,0x200000ea000,4096
9466,u0,0,WRITE,0x4e6000,4096
9466,u3,3,READ,0x300000ee000,4096
9471,u0,0,READ,0x4e7000,4096
9481,u0,0,WRITE,0x4e8000,4096
9487,u0,0,WRITE,0x4e9000,4096
9487,u1,1,READ,0x100000ec000,4096
9494,u0,0,WRITE,0x4ea000,4096
9503,u0,0,WRITE,0x4eb000,4096
9503,u3,3,WRITE,0x300000ef000,4096
9511,u2,2,READ,0x200000eb000,4096
9513,u0,0,READ,0x4ec000,4096
9523,u0,0,READ,0x4ed000,4096
9531,u1,1,READ,0x100000ed000,4096
9532,u0,0,READ,0x4ee000,4096
9539,u0,0,WRITE,0x4ef000,4096
9541,u2,2,WRITE,0x200000ec000,4096
9547,u3,3,WRITE,0x300000f0000,4096
9548,u0,0,WRITE,0x4f0000,4096
9557,u0,0,WRITE,0x4f1000,4096
9565,u0,0,WRITE,0x4f2000,4096
9567,u1,1,WRITE,0x100000ee000,4096
9574,u0,0,WRITE,0x4f3000,4096
9574,u2,2,READ,0x200000ed000,4096
9579,u0,0,READ,0x4f4000,4096
9586,u3,3,READ,0x300000f1000,4096
9587,u0,0,READ,0x4f5000,4096
9596,u0,0,WRITE,0x4f6000,4096
9600,u1,1,WRITE,0x100000ef000,4096
9606,u0,0,READ,0x4f7000,4096
9613,u0,0,READ,0x4f8000,4096
9614,u2,2,READ,0x200000ee000,4096
9618,u3,3,WRITE,0x300000f2000,4096
9623,u0,0,READ,0x4f9000,4096
9628,u0,0,WRITE,0x4fa000,4096
9638,u0,0,READ,0x4fb000,4096
9638,u1,1,WRITE,0x100000f0000,4096
9647,u0,0,READ,0x4fc000,4096
9653,u2,2,READ,0x200000ef000,4096
9657,u0,0,WRITE,0x4fd000,4096
9663,u0,0,WRITE,0x4fe000,4096
9666,u3,3,WRITE,0x300000f3000,4096
9668,u1,1,WRITE,0x100000f1000,4096
9672,u0,0,READ,0x4ff000,4096
9677,u0,0,WRITE,0x500000,4096
9686,u0,0,WRITE,0x501000,4096
9693,u0,0,WRITE,0x502000,4096
9697,u2,2,WRITE,0x200000f0000,4096
9698,u0,0,WRITE,0x503000,4096
9701,u3,3,READ,0x300000f4000,4096
9703,u0,0,READ,0x504000,4096
9711,u1,1,WRITE,0x100000f2000,4096
9713,u0,0,READ,0x505000,4096
9722,u0,0,WRITE,0x506000,4096
9730,u0,0,WRITE,0x507000,4096
9737,u3,3,READ,0x300000f5000,4096
9739,u2,2,READ,0x200000f1000,4096
9740,u0,0,WRITE,0x508000,4096
9742,u1,1,WRITE,0x100000f3000,4096
9750,u0,0,READ,0x509000,4096
9758,u0,0,WRITE,0x50a000,4096
9766,u0,0,READ,0x50b000,4096
9773,u0,0,WRITE,0x50c000,4096
9780,u1,1,WRITE,0x100000f4000,4096
9781,u0,0,WRITE,0x50d000,4096
9786,u2,2,WRITE,0x200000f2000,4096
9787,u3,3,WRITE,0x300000f6000,4096
9790,u0,0,READ,0x50e000,4096
9795,u0,0,WRITE,0x50f000,4096
9803,u0,0,WRITE,0x510000,4096
9811,u0,0,READ,0x511000,4096
9811,u1,1,WRITE,0x100000f5000,4096
9819,u0,0,WRITE,0x512000,4096
9827,u3,3,WRITE,0x300000f7000,4096
9828,u0,0,WRITE,0x513000,4096
9828,u2,2,WRITE,0x200000f3000,4096
9835,u0,0,READ,0x514000,4096
9841,u0,0,WRITE,0x515000,4096
9844,u1,1,READ,0x100000f6000,4096
9851,u0,0,READ,0x516000,4096
9860,u0,0,WRITE,0x517000,4096
9869,u0,0,WRITE,0x518000,4096
9875,u2,2,WRITE,0x200000f4000,4096
9877,u3,3,WRITE,0x300000f8000,4096
9879,u0,0,WRITE,0x519000,4096
9887,u0,0,READ,0x51a000,4096
9888,u1,1,WRITE,0x100000f7000,4096
9897,u0,0,WRITE,0x51b000,4096
9905,u0,0,WRITE,0x51c000,4096
9907,u2,2,WRITE,0x200000f5000,4096
9910,u3,3,READ,0x300000f9000,4096
9915,u0,0,READ,0x51d000,4096
9923,u0,0,READ,0x51e000,4096
9928,u0,0,READ,0x51f000,4096
9932,u1,1,READ,0x100000f8000,4096
9938,u0,0,WRITE,0x520000,4096
9943,u0,0,READ,0x521000,4096
9944,u3,3,READ,0x300000fa000,4096
9947,u2,2,WRITE,0x200000f6000,4096
9949,u0,0,READ,0x522000,4096
9954,u0,0,WRITE,0x523000,4096
9959,u0,0,READ,0x524000,4096
9969,u0,0,READ,0x525000,4096
9973,u1,1,READ,0x100000f9000,4096
9974,u0,0,READ,0x526000,4096
9979,u0,0,WRITE,0x527000,4096
9985,u2,2,READ,0x200000f7000,4096
9985,u3,3,READ,0x300000fb000,4096
9989,u0,0,READ,0x528000,4096
9996,u0,0,WRITE,0x529000,4096
10004,u0,0,READ,0x52a000,4096
10009,u0,0,READ,0x52b000,4096
10015,u3,3,READ,0x300000fc000,4096
10016,u0,0,READ,0x52c000,4096
10018,u1,1,READ,0x100000fa000,4096
10022,u0,0,WRITE,0x52d000,4096
10023,u2,2,WRITE,0x200000f8000,4096
10031,u0,0,READ,0x52e000,4096
10040,u0,0,WRITE,0x52f000,4096
10045,u3,3,WRITE,0x300000fd000,4096
10050,u0,0,READ,0x530000,4096
10054,u1,1,READ,0x100000fb000,4096
10056,u0,0,WRITE,0x531000,4096
10065,u0,0,WRITE,0x532000,4096
10068,u2,2,READ,0x200000f9000,4096
10074,u0,0,WRITE,0x533000,4096
10082,u0,0,READ,0x534000,4096
10087,u3,3,READ,0x300000fe000,4096
10090,u0,0,READ,0x535000,4096
10095,u0,0,WRITE,0x536000,4096
10104,u0,0,READ,0x537000,4096
10104,u1,1,READ,0x100000fc000,4096
10110,u0,0,WRITE,0x538000,4096
10114,u2,2,READ,0x200000fa000,4096
10116,u0,0,READ,0x539000,4096
10126,u0,0,WRITE,0x53a000,4096
10128,u3,3,WRITE,0x300000ff000,4096
10132,u0,0,READ,0x53b000,4096
10139,u0,0,READ,0x53c000,4096
10145,u0,0,READ,0x53d000,4096
10146,u1,1,WRITE,0x100000fd000,4096
10154,u0,0,WRITE,0x53e000,4096
10162,u0,0,READ,0x53f000,4096
10163,u2,2,WRITE,0x200000fb000,4096
10172,u0,0,READ,0x540000,4096
10178,u3,3,WRITE,0x30000100000,4096
10180,u0,0,READ,0x541000,4096
10184,u1,1,READ,0x100000fe000,4096
10185,u0,0,WRITE,0x542000,4096
10194,u0,0,WRITE,0x543000,4096
10200,u0,0,WRITE,0x544000,4096
10200,u2,2,WRITE,0x200000fc000,4096
10205,u0,0,WRITE,0x545000,4096
10211,u0,0,READ,0x546000,4096
10214,u1,1,READ,0x100000ff000,4096
10217,u0,0,WRITE,0x547000,4096
10220,u3,3,WRITE,0x30000101000,4096
10224,u0,0,WRITE,0x548000,4096
10233,u0,0,READ,0x549000,4096
10241,u0,0,WRITE,0x54a000,4096
10246,u0,0,READ,0x54b000,4096
10248,u2,2,READ,0x200000fd000,4096
10252,u3,3,WRITE,0x30000102000,4096
10256,u0,0,READ,0x54c000,4096
10259,u1,1,READ,0x10000100000,4096
10263,u0,0,READ,0x54d000,4096
10272,u0,0,WRITE,0x54e000,4096
10280,u0,0,READ,0x54f000,4096
10287,u3,3,WRITE,0x30000103000,4096
10289,u0,0,READ,0x550000,4096
10290,u1,1,WRITE,0x10000101000,4096
10294,u2,2,READ,0x200000fe000,4096
10295,u0,0,READ,0x551000,4096
10305,u0,0,READ,0x552000,4096
10311,u0,0,READ,0x553000,4096
10318,u0,0,READ,0x554000,4096
10323,u3,3,WRITE,0x30000104000,4096
10327,u0,0,READ,0x555000,4096
10333,u0,0,WRITE,0x556000,4096
10338,u1,1,WRITE,0x10000102000,4096
10341,u0,0,WRITE,0x557000,4096
10343,u2,2,WRITE,0x200000ff000,4096
10349,u0,0,WRITE,0x558000,4096
10355,u0,0,WRITE,0x559000,4096
10364,u0,0,READ,0x55a000,4096
10372,u3,3,WRITE,0x30000105000,4096
10374,u0,0,WRITE,0x55b000,4096
10374,u1,1,WRITE,0x10000103000,4096
10374,u2,2,WRITE,0x20000100000,4096
10383,u0,0,WRITE,0x55c000,4096
10390,u0,0,READ,0x55d000,4096
10400,u0,0,READ,0x55e000,4096
10405,u3,3,WRITE,0x30000106000,4096
10408,u0,0,READ,0x55f000,4096
10414,u0,0,WRITE,0x560000,4096
10415,u1,1,READ,0x10000104000,4096
10416,u2,2,READ,0x20000101000,4096
10423,u0,0,WRITE,0x561000,4096
10432,u0,0,READ,0x562000,4096
10437,u0,0,READ,0x563000,4096
10445,u0,0,WRITE,0x564000,4096
10445,u3,3,WRITE,0x30000107000,4096
10451,u0,0,READ,0x565000,4096
10451,u1,1,WRITE,0x10000105000,4096
10459,u0,0,READ,0x566000,4096
10463,u2,2,READ,0x20000102000,4096
10468,u0,0,READ,0x567000,4096
10474,u0,0,WRITE,0x568000,4096
10477,u3,3,READ,0x30000108000,4096
10481,u0,0,READ,0x569000,4096
10486,u0,0,WRITE,0x56a000,4096
10486,u1,1,READ,0x10000106000,4096
10491,u0,0,READ,0x56b000,4096
10494,u2,2,READ,0x20000103000,4096
10500,u0,0,READ,0x56c000,4096
10505,u0,0,READ,0x56d000,4096
10515,u0,0,READ,0x56e000,4096
10524,u0,0,READ,0x56f000,4096
10524,u3,3,READ,0x30000109000,4096
10529,u0,0,READ,0x570000,4096
10530,u1,1,WRITE,0x10000107000,4096
10538,u0,0,WRITE,0x571000,4096
10543,u2,2,READ,0x20000104000,4096
10547,u0,0,READ,0x572000,4096
10552,u0,0,WRITE,0x573000,4096
10562,u0,0,READ,0x574000,4096
10562,u1,1,WRITE,0x10000108000,4096
10562,u3,3,WRITE,0x3000010a000,4096
10570,u0,0,READ,0x575000,4096
10580,u0,0,READ,0x576000,4096
10586,u0,0,WRITE,0x577000,4096
10587,u2,2,READ,0x20000105000,4096
10594,u0,0,READ,0x578000,4096
10599,u1,1,READ,0x10000109000,4096
10601,u3,3,WRITE,0x3000010b000,4096
10602,u0,0,WRITE,0x579000,4096
10608,u0,0,READ,0x57a000,4096
10613,u0,0,WRITE,0x57b000,4096
10623,u0,0,READ,0x57c000,4096
10623,u2,2,READ,0x20000106000,4096
10628,u0,0,WRITE,0x57d000,4096
10630,u1,1,READ,0x1000010a000,4096
10631,u3,3,READ,0x3000010c000,4096
10633,u0,0,READ,0x57e000,4096
10639,u0,0,WRITE,0x57f000,4096
10645,u0,0,READ,0x580000,4096
10651,u0,0,READ,0x581000,4096
10656,u2,2,WRITE,0x20000107000,4096
10659,u0,0,READ,0x582000,4096
10662,u3,3,READ,0x3000010d000,4096
10667,u0,0,WRITE,0x583000,4096
10670,u1,1,READ,0x1000010b000,4096
10677,u0,0,READ,0x584000,4096
10682,u0,0,WRITE,0x585000,4096
10690,u0,0,WRITE,0x586000,4096
10693,u3,3,WRITE,0x3000010e000,4096
10696,u0,0,WRITE,0x587000,4096
10698,u2,2,WRITE,0x20000108000,4096
10700,u1,1,READ,0x1000010c000,4096
10701,u0,0,READ,0x588000,4096
10706,u0,0,WRITE,0x589000,4096
10715,u0,0,READ,0x58a000,4096
10721,u0,0,WRITE,0x58b000,4096
10728,u0,0,WRITE,0x58c000,4096
10730,u3,3,WRITE,0x3000010f000,4096
10731,u1,1,READ,0x1000010d000,4096
10736,u0,0,READ,0x58d000,4096
10738,u2,2,READ,0x20000109000,4096
10744,u0,0,READ,0x58e000,4096
10754,u0,0,WRITE,0x58f000,4096
10762,u0,0,READ,0x590000,4096
10771,u0,0,READ,0x591000,4096
10778,u0,0,WRITE,0x592000,4096
10779,u3,3,WRITE,0x30000110000,4096
10780,u1,1,WRITE,0x1000010e000,4096
10781,u2,2,READ,0x2000010a000,4096
10783,u0,0,WRITE,0x593000,4096
10790,u0,0,READ,0x594000,4096
10796,u0,0,WRITE,0x595000,4096
10806,u0,0,READ,0x596000,4096
10814,u0,0,WRITE,0x597000,4096
10819,u2,2,READ,0x2000010b000,4096
10820,u0,0,WRITE,0x598000,4096
10820,u3,3,READ,0x30000111000,4096
10828,u1,1,READ,0x1000010f000,4096
10829,u0,0,WRITE,0x599000,4096
10834,u0,0,READ,0x59a000,4096
10841,u0,0,READ,0x59b000,4096
10851,u0,0,READ,0x59c000,4096
10853,u2,2,WRITE,0x2000010c000,4096
10860,u0,0,WRITE,0x59d000,4096
10867,u1,1,READ,0x10000110000,4096
10867,u3,3,READ,0x30000112000,4096
10868,u0,0,READ,0x59e000,4096
10873,u0,0,READ,0x59f000,4096
10878,u0,0,WRITE,0x5a0000,4096
10884,u0,0,READ,0x5a1000,4096
10892,u0,0,READ,0x5a2000,4096
10897,u0,0,WRITE,0x5a3000,4096
10900,u1,1,WRITE,0x10000111000,4096
10901,u2,2,READ,0x2000010d000,4096
10907,u0,0,READ,0x5a4000,4096
10907,u3,3,WRITE,0x30000113000,4096
10917,u0,0,WRITE,0x5a5000,4096
10924,u0,0,READ,0x5a6000,4096
10930,u0,0,READ,0x5a7000,4096
10933,u1,1,READ,0x10000112000,4096
10937,u0,0,WRITE,0x5a8000,4096
10940,u2,2,READ,0x2000010e000,4096
10943,u0,0,WRITE,0x5a9000,4096
10945,u3,3,READ,0x30000114000,4096
10953,u0,0,READ,0x5aa000,4096
10961,u0,0,WRITE,0x5ab000,4096
10967,u1,1,WRITE,0x10000113000,4096
10971,u0,0,READ,0x5ac000,4096
10976,u0,0,WRITE,0x5ad000,4096
10981,u0,0,READ,0x5ae000,4096
10986,u0,0,WRITE,0x5af000,4096
10990,u2,2,READ,0x2000010f000,4096
10992,u0,0,WRITE,0x5b0000,4096
10994,u3,3,WRITE,0x30000115000,4096
10997,u1,1,WRITE,0x10000114000,4096
11002,u0,0,READ,0x5b1000,4096
11012,u0,0,READ,0x5b2000,4096
11022,u0,0,WRITE,0x5b3000,4096
11026,u2,2,WRITE,0x20000110000,4096
11027,u0,0,WRITE,0x5b4000,4096
11027,u1,1,WRITE,0x10000115000,4096
11035,u0,0,WRITE,0x5b5000,4096
11041,u0,0,WRITE,0x5b6000,4096
11041,u3,3,READ,0x30000116000,4096
11051,u0,0,WRITE,0x5b7000,4096
11056,u2,2,READ,0x20000111000,4096
11061,u0,0,READ,0x5b8000,4096
11067,u0,0,WRITE,0x5b9000,4096
11072,u1,1,READ,0x10000116000,4096
11077,u0,0,READ,0x5ba000,4096
11087,u0,0,WRITE,0x5bb000,4096
11088,u3,3,WRITE,0x30000117000,4096
11092,u0,0,READ,0x5bc000,4096
11093,u2,2,WRITE,0x20000112000,4096
11098,u0,0,READ,0x5bd000,4096
11103,u1,1,WRITE,0x10000117000,4096
11107,u0,0,READ,0x5be000,4096
11117,u0,0,READ,0x5bf000,4096
11123,u0,0,WRITE,0x5c0000,4096
11131,u0,0,READ,0x5c1000,4096
11131,u2,2,READ,0x20000113000,4096
11134,u3,3,WRITE,0x30000118000,4096
11137,u0,0,WRITE,0x5c2000,4096
11137,u1,1,WRITE,0x10000118000,4096
11143,u0,0,READ,0x5c3000,4096
11152,u0,0,READ,0x5c4000,4096
11162,u0,0,WRITE,0x5c5000,4096
11166,u3,3,READ,0x30000119000,4096
11167,u0,0,WRITE,0x5c6000,4096
11171,u2,2,READ,0x20000114000,4096
11173,u0,0,WRITE,0x5c7000,4096
11182,u1,1,WRITE,0x10000119000,4096
11183,u0,0,WRITE,0x5c8000,4096
11193,u0,0,READ,0x5c9000,4096
11198,u0,0,READ,0x5ca000,4096
11203,u0,0,WRITE,0x5cb000,4096
11208,u0,0,WRITE,0x5cc000,4096
11213,u2,2,READ,0x20000115000,4096
11214,u0,0,READ,0x5cd000,4096
11216,u3,3,WRITE,0x3000011a000,4096
11219,u1,1,READ,0x1000011a000,4096
11223,u0,0,READ,0x5ce000,4096
11232,u0,0,READ,0x5cf000,4096
11237,u0,0,READ,0x5d0000,4096
11243,u0,0,READ,0x5d1000,4096
11248,u0,0,WRITE,0x5d2000,4096
11256,u0,0,READ,0x5d3000,4096
11261,u1,1,READ,0x1000011b000,4096
11261,u3,3,READ,0x3000011b000,4096
11263,u2,2,READ,0x20000116000,4096
11265,u0,0,READ,0x5d4000,4096
11275,u0,0,READ,0x5d5000,4096
11282,u0,0,READ,0x5d6000,4096
11292,u0,0,WRITE,0x5d7000,4096
11293,u3,3,READ,0x3000011c000,4096
11302,u0,0,WRITE,0x5d8000,4096
11304,u2,2,WRITE,0x20000117000,4096
11307,u0,0,WRITE,0x5d9000,4096
11309,u1,1,WRITE,0x1000011c000,4096
11312,u0,0,WRITE,0x5da000,4096
11320,u0,0,READ,0x5db000,4096
11327,u0,0,WRITE,0x5dc000,4096
11334,u0,0,WRITE,0x5dd000,4096
11343,u0,0,READ,0x5de000,4096
11343,u3,3,WRITE,0x3000011d000,4096
11347,u1,1,READ,0x1000011d000,4096
11349,u2,2,WRITE,0x20000118000,4096
11352,u0,0,READ,0x5df000,4096
11360,u0,0,READ,0x5e0000,4096
11365,u0,0,READ,0x5e1000,4096
11373,u0,0,READ,0x5e2000,4096
11379,u0,0,WRITE,0x5e3000,4096
11387,u0,0,READ,0x5e4000,4096
11390,u2,2,WRITE,0x20000119000,4096
11393,u3,3,READ,0x3000011e000,4096
11397,u0,0,WRITE,0x5e5000,4096
11397,u1,1,WRITE,0x1000011e000,4096
11405,u0,0,WRITE,0x5e6000,4096
11411,u0,0,WRITE,0x5e7000,4096
11421,u0,0,WRITE,0x5e8000,4096
11431,u0,0,READ,0x5e9000,4096
11435,u1,1,READ,0x1000011f000,4096
11436,u3,3,WRITE,0x3000011f000,4096
11438,u0,0,READ,0x5ea000,4096
11440,u2,2,READ,0x2000011a000,4096
11444,u0,0,READ,0x5eb000,4096
11452,u0,0,WRITE,0x5ec000,4096
11457,u0,0,READ,0x5ed000,4096
11465,u0,0,READ,0x5ee000,4096
11470,u0,0,READ,0x5ef000,4096
11476,u0,0,WRITE,0x5f0000,4096
11480,u2,2,READ,0x2000011b000,4096
11481,u0,0,READ,0x5f1000,4096
11481,u1,1,READ,0x10000120000,4096
11486,u3,3,WRITE,0x30000120000,4096
11487,u0,0,READ,0x5f2000,4096
11493,u0,0,WRITE,0x5f3000,4096
11500,u0,0,READ,0x5f4000,4096
11505,u0,0,WRITE,0x5f5000,4096
11510,u2,2,WRITE,0x2000011c000,4096
11514,u0,0,WRITE,0x5f6000,4096
11518,u3,3,READ,0x30000121000,4096
11522,u1,1,WRITE,0x10000121000,4096
11523,u0,0,READ,0x5f7000,4096
11531,u0,0,READ,0x5f8000,4096
11537,u0,0,READ,0x5f9000,4096
11545,u0,0,WRITE,0x5fa000,4096
11551,u2,2,READ,0x2000011d000,4096
11552,u0,0,READ,0x5fb000,4096
11559,u0,0,WRITE,0x5fc000,4096
11564,u3,3,READ,0x30000122000,4096
11569,u0,0,READ,0x5fd000,4096
11569,u1,1,WRITE,0x10000122000,4096
11576,u0,0,READ,0x5fe000,4096
11582,u0,0,READ,0x5ff000,4096
11589,u0,0,READ,0x600000,4096
11591,u2,2,READ,0x2000011e000,4096
11594,u0,0,WRITE,0x601000,4096
11599,u0,0,READ,0x602000,4096
11599,u3,3,READ,0x30000123000,4096
11608,u0,0,WRITE,0x603000,4096
11615,u0,0,READ,0x604000,4096
11616,u1,1,WRITE,0x10000123000,4096
11621,u0,0,WRITE,0x605000,4096
11629,u2,2,READ,0x2000011f000,4096
11630,u0,0,WRITE,0x606000,4096
11638,u0,0,WRITE,0x607000,4096
11640,u3,3,WRITE,0x30000124000,4096
11648,u0,0,READ,0x608000,4096
11653,u0,0,READ,0x609000,4096
11657,u1,1,READ,0x10000124000,4096
11660,u0,0,WRITE,0x60a000,4096
11663,u2,2,READ,0x20000120000,4096
11670,u0,0,WRITE,0x60b000,4096
11680,u0,0,READ,0x60c000,4096
11681,u3,3,READ,0x30000125000,4096
11689,u0,0,READ,0x60d000,4096
11694,u0,0,WRITE,0x60e000,4096
11702,u0,0,READ,0x60f000,4096
11703,u2,2,READ,0x20000121000,4096
11705,u1,1,READ,0x10000125000,4096
11711,u0,0,READ,0x610000,4096
11717,u0,0,WRITE,0x611000,4096
11725,u0,0,WRITE,0x612000,4096
11729,u3,3,WRITE,0x30000126000,4096
11731,u0,0,READ,0x613000,4096
11737,u0,0,WRITE,0x614000,4096
11742,u0,0,READ,0x615000,4096
11742,u1,1,READ,0x10000126000,4096
11748,u0,0,WRITE,0x616000,4096
11752,u2,2,READ,0x20000122000,4096
11758,u0,0,WRITE,0x617000,4096
11767,u0,0,WRITE,0x618000,4096
11772,u0,0,READ,0x619000,4096
11776,u3,3,WRITE,0x30000127000,4096
11781,u0,0,WRITE,0x61a000,4096
11782,u1,1,READ,0x10000127000,4096
11789,u0,0,WRITE,0x61b000,4096
11797,u0,0,WRITE,0x61c000,4096
11797,u2,2,READ,0x20000123000,4096
11807,u0,0,READ,0x61d000,4096
11816,u3,3,READ,0x30000128000,4096
11817,u0,0,WRITE,0x61e000,4096
11822,u1,1,READ,0x10000128000,4096
11823,u0,0,WRITE,0x61f000,4096
11830,u2,2,READ,0x20000124000,4096
11832,u0,0,WRITE,0x620000,4096
11841,u0,0,WRITE,0x621000,4096
11848,u0,0,READ,0x622000,4096
11858,u0,0,READ,0x623000,4096
11860,u3,3,WRITE,0x30000129000,4096
11863,u2,2,READ,0x20000125000,4096
11864,u0,0,WRITE,0x624000,4096
11864,u1,1,READ,0x10000129000,4096
11870,u0,0,WRITE,0x625000,4096
11876,u0,0,WRITE,0x626000,4096
11883,u0,0,READ,0x627000,4096
11889,u0,0,READ,0x628000,4096
11894,u0,0,READ,0x629000,4096
11895,u1,1,READ,0x1000012a000,4096
11895,u2,2,READ,0x20000126000,4096
11900,u0,0,READ,0x62a000,4096
11909,u0,0,READ,0x62b000,4096
11910,u3,3,WRITE,0x3000012a000,4096
11915,u0,0,READ,0x62c000,4096
11921,u0,0,WRITE,0x62d000,4096
11925,u1,1,READ,0x1000012b000,4096
11929,u0,0,READ,0x62e000,4096
11935,u0,0,READ,0x62f000,4096
11942,u0,0,WRITE,0x630000,4096
11943,u2,2,WRITE,0x20000127000,4096
11943,u3,3,READ,0x3000012b000,4096
11947,u0,0,READ,0x631000,4096
11952,u0,0,READ,0x632000,4096
11961,u0,0,WRITE,0x633000,4096
11965,u1,1,WRITE,0x1000012c000,4096
11970,u0,0,WRITE,0x634000,4096
11977,u0,0,READ,0x635000,4096
11977,u3,3,WRITE,0x3000012c000,4096
11986,u0,0,WRITE,0x636000,4096
11987,u2,2,WRITE,0x20000128000,4096
11994,u0,0,WRITE,0x637000,4096
12000,u0,0,READ,0x638000,4096
12002,u1,1,READ,0x1000012d000,4096
12009,u0,0,READ,0x639000,4096
12019,u0,0,READ,0x63a000,4096
12020,u2,2,WRITE,0x20000129000,4096
12024,u0,0,WRITE,0x63b000,4096
12027,u3,3,WRITE,0x3000012d000,4096
12034,u0,0,READ,0x63c000,4096
12034,u1,1,WRITE,0x1000012e000,4096
12044,u0,0,WRITE,0x63d000,4096
12049,u0,0,WRITE,0x63e000,4096
12057,u0,0,WRITE,0x63f000,4096
12061,u2,2,WRITE,0x2000012a000,4096
12062,u0,0,READ,0x640000,4096
12067,u0,0,WRITE,0x641000,4096
12070,u1,1,WRITE,0x1000012f000,4096
12077,u0,0,READ,0x642000,4096
12077,u3,3,READ,0x3000012e000,4096
12082,u0,0,READ,0x643000,4096
12089,u0,0,WRITE,0x644000,4096
12092,u2,2,WRITE,0x2000012b000,4096
12095,u0,0,READ,0x645000,4096
12101,u0,0,READ,0x646000,4096
12107,u0,0,WRITE,0x647000,4096
12108,u1,1,WRITE,0x10000130000,4096
12115,u0,0,READ,0x648000,4096
12121,u0,0,WRITE,0x649000,4096
12126,u3,3,WRITE,0x3000012f000,4096
12128,u0,0,READ,0x64a000,4096
12137,u0,0,READ,0x64b000,4096
12141,u2,2,READ,0x2000012c000,4096
12146,u0,0,READ,0x64c000,4096
12155,u0,0,READ,0x64d000,4096
12157,u1,1,READ,0x10000131000,4096
12160,u3,3,WRITE,0x30000130000,4096
12161,u0,0,READ,0x64e000,4096
12166,u0,0,READ,0x64f000,4096
12175,u0,0,READ,0x650000,4096
12179,u2,2,READ,0x2000012d000,4096
12184,u0,0,READ,0x651000,4096
12194,u0,0,READ,0x652000,4096
12197,u3,3,WRITE,0x30000131000,4096
12203,u0,0,WRITE,0x653000,4096
12207,u1,1,WRITE,0x10000132000,4096
12212,u0,0,READ,0x654000,4096
12220,u0,0,READ,0x655000,4096
12220,u2,2,READ,0x2000012e000,4096
12229,u3,3,READ,0x30000132000,4096
12230,u0,0,READ,0x656000,4096
12238,u0,0,WRITE,0x657000,4096
12241,u1,1,READ,0x10000133000,4096
12248,u0,0,WRITE,0x658000,4096
12253,u0,0,READ,0x659000,4096
12254,u2,2,WRITE,0x2000012f000,4096
12261,u0,0,READ,0x65a000,4096
12268,u0,0,READ,0x65b000,4096
12270,u3,3,READ,0x30000133000,4096
12276,u0,0,READ,0x65c000,4096
12278,u1,1,WRITE,0x10000134000,4096
12286,u0,0,READ,0x65d000,4096
12291,u0,0,WRITE,0x65e000,4096
12301,u0,0,READ,0x65f000,4096
12304,u2,2,READ,0x20000130000,4096
12307,u0,0,WRITE,0x660000,4096
12311,u3,3,WRITE,0x30000134000,4096
12315,u1,1,READ,0x10000135000,4096
12316,u0,0,READ,0x661000,4096
12326,u0,0,READ,0x662000,4096
12333,u0,0,WRITE,0x663000,4096
12338,u0,0,WRITE,0x664000,4096
12345,u0,0,WRITE,0x665000,4096
12350,u0,0,READ,0x666000,4096
12351,u2,2,WRITE,0x20000131000,4096
12355,u1,1,WRITE,0x10000136000,4096
12356,u3,3,WRITE,0x30000135000,4096
12357,u0,0,READ,0x667000,4096
12362,u0,0,READ,0x668000,4096
12367,u0,0,WRITE,0x669000,4096
12372,u0,0,WRITE,0x66a000,4096
12382,u0,0,WRITE,0x66b000,4096
12386,u2,2,WRITE,0x20000132000,4096
12389,u0,0,WRITE,0x66c000,4096
12389,u1,1,WRITE,0x10000137000,4096
12394,u0,0,WRITE,0x66d000,4096
12396,u3,3,READ,0x30000136000,4096
12402,u0,0,READ,0x66e000,4096
12408,u0,0,WRITE,0x66f000,4096
12417,u0,0,READ,0x670000,4096
12418,u2,2,READ,0x20000133000,4096
12424,u0,0,WRITE,0x671000,4096
12430,u0,0,WRITE,0x672000,4096
12430,u1,1,WRITE,0x10000138000,4096
12440,u0,0,READ,0x673000,4096
12442,u3,3,WRITE,0x30000137000,4096
12446,u0,0,READ,0x674000,4096
12451,u0,0,WRITE,0x675000,4096
12461,u0,0,WRITE,0x676000,4096
12467,u2,2,WRITE,0x20000134000,4096
12471,u0,0,READ,0x677000,4096
12473,u1,1,READ,0x10000139000,4096
12477,u0,0,WRITE,0x678000,4096
12486,u0,0,WRITE,0x679000,4096
12489,u3,3,WRITE,0x30000138000,4096
12491,u0,0,WRITE,0x67a000,4096
12496,u0,0,WRITE,0x67b000,4096
12501,u2,2,WRITE,0x20000135000,4096
12504,u0,0,READ,0x67c000,4096
12513,u0,0,WRITE,0x67d000,4096
12519,u0,0,WRITE,0x67e000,4096
12521,u1,1,READ,0x1000013a000,4096
12525,u0,0,WRITE,0x67f000,4096
12528,u3,3,READ,0x30000139000,4096
12531,u0,0,WRITE,0x680000,4096
12541,u0,0,READ,0x681000,4096
12544,u2,2,WRITE,0x20000136000,4096
12547,u0,0,READ,0x682000,4096
12556,u0,0,READ,0x683000,4096
12562,u3,3,READ,0x3000013a000,4096
12563,u0,0,READ,0x684000,4096
12568,u0,0,WRITE,0x685000,4096
12571,u1,1,WRITE,0x1000013b000,4096
12574,u2,2,READ,0x20000137000,4096
12576,u0,0,WRITE,0x686000,4096
12585,u0,0,READ,0x687000,4096
12591,u0,0,WRITE,0x688000,4096
12598,u0,0,WRITE,0x689000,4096
12606,u2,2,READ,0x20000138000,4096
12607,u0,0,READ,0x68a000,4096
12611,u3,3,READ,0x3000013b000,4096
12614,u0,0,WRITE,0x68b000,4096
12617,u1,1,WRITE,0x1000013c000,4096
12619,u0,0,WRITE,0x68c000,4096
12626,u0,0,READ,0x68d000,4096
12633,u0,0,READ,0x68e000,4096
12637,u2,2,READ,0x20000139000,4096
12642,u0,0,READ,0x68f000,4096
12649,u0,0,READ,0x690000,4096
12654,u0,0,READ,0x691000,4096
12656,u3,3,WRITE,0x3000013c000,4096
12659,u0,0,WRITE,0x692000,4096
12661,u1,1,READ,0x1000013d000,4096
12667,u0,0,WRITE,0x693000,4096
12672,u0,0,WRITE,0x694000,4096
12678,u2,2,WRITE,0x2000013a000,4096
12682,u0,0,READ,0x695000,4096
12691,u0,0,READ,0x696000,4096
12698,u3,3,READ,0x3000013d000,4096
12701,u0,0,READ,0x697000,4096
12704,u1,1,READ,0x1000013e000,4096
12708,u0,0,READ,0x698000,4096
12713,u2,2,WRITE,0x2000013b000,4096
12715,u0,0,READ,0x699000,4096
12723,u0,0,READ,0x69a000,4096
12728,u0,0,WRITE,0x69b000,4096
12731,u3,3,WRITE,0x3000013e000,4096
12734,u0,0,WRITE,0x69c000,4096
12742,u0,0,READ,0x69d000,4096
12750,u0,0,WRITE,0x69e000,4096
12754,u1,1,WRITE,0x1000013f000,4096
12755,u2,2,WRITE,0x2000013c000,4096
12760,u0,0,READ,0x69f000,4096
12768,u0,0,READ,0x6a0000,4096
12774,u0,0,WRITE,0x6a1000,4096
12774,u3,3,WRITE,0x3000013f000,4096
12780,u0,0,WRITE,0x6a2000,4096
12786,u2,2,READ,0x2000013d000,4096
12787,u1,1,READ,0x10000140000,4096
12790,u0,0,WRITE,0x6a3000,4096
12799,u0,0,WRITE,0x6a4000,4096
12808,u0,0,WRITE,0x6a5000,4096
12809,u3,3,READ,0x30000140000,4096
12816,u0,0,WRITE,0x6a6000,4096
12816,u2,2,WRITE,0x2000013e000,4096
12821,u0,0,READ,0x6a7000,4096
12828,u0,0,WRITE,0x6a8000,4096
12834,u1,1,WRITE,0x10000141000,4096
12837,u0,0,READ,0x6a9000,4096
12845,u0,0,WRITE,0x6aa000,4096
12850,u3,3,READ,0x30000141000,4096
12854,u0,0,WRITE,0x6ab000,4096
12857,u2,2,WRITE,0x2000013f000,4096
12859,u0,0,READ,0x6ac000,4096
12868,u0,0,WRITE,0x6ad000,4096
12875,u1,1,READ,0x10000142000,4096
12878,u0,0,READ,0x6ae000,4096
12887,u0,0,READ,0x6af000,4096
12890,u2,2,READ,0x20000140000,4096
12893,u0,0,READ,0x6b0000,4096
12899,u0,0,WRITE,0x6b1000,4096
12900,u3,3,READ,0x30000142000,4096
12909,u0,0,READ,0x6b2000,4096
12917,u0,0,READ,0x6b3000,4096
12920,u2,2,READ,0x20000141000,4096
12925,u1,1,WRITE,0x10000143000,4096
12926,u0,0,WRITE,0x6b4000,4096
12932,u0,0,WRITE,0x6b5000,4096
12940,u0,0,READ,0x6b6000,4096
12946,u3,3,WRITE,0x30000143000,4096
12947,u0,0,WRITE,0x6b7000,4096
12954,u0,0,READ,0x6b8000,4096
12957,u2,2,WRITE,0x20000142000,4096
12964,u0,0,READ,0x6b9000,4096
12969,u0,0,WRITE,0x6ba000,4096
12971,u1,1,WRITE,0x10000144000,4096
12974,u0,0,WRITE,0x6bb000,4096
12980,u0,0,READ,0x6bc000,4096
12985,u3,3,WRITE,0x30000144000,4096
12988,u0,0,WRITE,0x6bd000,4096
12992,u2,2,WRITE,0x20000143000,4096
12998,u0,0,READ,0x6be000,4096
13008,u0,0,READ,0x6bf000,4096
13017,u0,0,READ,0x6c0000,4096
13018,u1,1,READ,0x10000145000,4096
13024,u0,0,WRITE,0x6c1000,4096
13027,u3,3,READ,0x30000145000,4096
13033,u0,0,WRITE,0x6c2000,4096
13038,u2,2,READ,0x20000144000,4096
13042,u0,0,READ,0x6c3000,4096
13047,u0,0,WRITE,0x6c4000,4096
13055,u0,0,READ,0x6c5000,4096
13060,u1,1,WRITE,0x10000146000,4096
13065,u0,0,READ,0x6c6000,4096
13068,u3,3,WRITE,0x30000146000,4096
13072,u0,0,READ,0x6c7000,4096
13082,u0,0,READ,0x6c8000,4096
13085,u2,2,WRITE,0x20000145000,4096
13087,u0,0,WRITE,0x6c9000,4096
13092,u0,0,WRITE,0x6ca000,4096
13098,u1,1,WRITE,0x10000147000,4096
13098,u3,3,WRITE,0x30000147000,4096
13100,u0,0,READ,0x6cb000,4096
13106,u0,0,WRITE,0x6cc000,4096
13111,u0,0,READ,0x6cd000,4096
13121,u0,0,WRITE,0x6ce000,4096
13126,u0,0,READ,0x6cf000,4096
13128,u2,2,READ,0x20000146000,4096
13133,u0,0,WRITE,0x6d0000,4096
13140,u0,0,WRITE,0x6d1000,4096
13146,u0,0,READ,0x6d2000,4096
13146,u3,3,WRITE,0x30000148000,4096
13148,u1,1,READ,0x10000148000,4096
13155,u0,0,WRITE,0x6d3000,4096
13164,u0,0,WRITE,0x6d4000,4096
13174,u0,0,READ,0x6d5000,4096
13177,u2,2,READ,0x20000147000,4096
13178,u3,3,WRITE,0x30000149000,4096
13182,u0,0,WRITE,0x6d6000,4096
13188,u0,0,READ,0x6d7000,4096
13196,u1,1,READ,0x10000149000,4096
13198,u0,0,WRITE,0x6d8000,4096
13204,u0,0,WRITE,0x6d9000,4096
13208,u2,2,READ,0x20000148000,4096
13209,u0,0,WRITE,0x6da000,4096
13219,u0,0,READ,0x6db000,4096
13224,u3,3,READ,0x3000014a000,4096
13226,u0,0,READ,0x6dc000,4096
13235,u0,0,READ,0x6dd000,4096
13241,u1,1,WRITE,0x1000014a000,4096
13243,u0,0,WRITE,0x6de000,4096
13253,u0,0,WRITE,0x6df000,4096
13258,u2,2,READ,0x20000149000,4096
13258,u3,3,WRITE,0x3000014b000,4096
13260,u0,0,WRITE,0x6e0000,4096
13266,u0,0,READ,0x6e1000,4096
13273,u0,0,WRITE,0x6e2000,4096
13281,u0,0,WRITE,0x6e3000,4096
13284,u1,1,READ,0x1000014b000,4096
13287,u0,0,READ,0x6e4000,4096
13290,u2,2,READ,0x2000014a000,4096
13290,u3,3,WRITE,0x3000014c000,4096
13295,u0,0,READ,0x6e5000,4096
13301,u0,0,READ,0x6e6000,4096
13309,u0,0,WRITE,0x6e7000,4096
13316,u0,0,WRITE,0x6e8000,4096
13322,u0,0,READ,0x6e9000,4096
13325,u3,3,READ,0x3000014d000,4096
13328,u1,1,READ,0x1000014c000,4096
13332,u0,0,WRITE,0x6ea000,4096
13333,u2,2,WRITE,0x2000014b000,4096
13341,u0,0,READ,0x6eb000,4096
13350,u0,0,WRITE,0x6ec000,4096
13358,u0,0,READ,0x6ed000,4096
13364,u0,0,READ,0x6ee000,4096
13366,u1,1,WRITE,0x1000014d000,4096
13368,u2,2,WRITE,0x2000014c000,4096
13374,u0,0,READ,0x6ef000,4096
13375,u3,3,WRITE,0x3000014e000,4096
13384,u0,0,READ,0x6f0000,4096
13393,u0,0,WRITE,0x6f1000,4096
13398,u0,0,WRITE,0x6f2000,4096
13408,u0,0,WRITE,0x6f3000,4096
13412,u2,2,READ,0x2000014d000,4096
13414,u1,1,WRITE,0x1000014e000,4096
13416,u0,0,WRITE,0x6f4000,4096
13421,u0,0,READ,0x6f5000,4096
13425,u3,3,WRITE,0x3000014f000,4096
13426,u0,0,WRITE,0x6f6000,4096
13431,u0,0,READ,0x6f7000,4096
13441,u0,0,READ,0x6f8000,4096
13443,u2,2,WRITE,0x2000014e000,4096
13448,u0,0,WRITE,0x6f9000,4096
13454,u0,0,WRITE,0x6fa000,4096
13461,u3,3,READ,0x30000150000,4096
13463,u1,1,READ,0x1000014f000,4096
13464,u0,0,WRITE,0x6fb000,4096
13473,u0,0,WRITE,0x6fc000,4096
13478,u2,2,WRITE,0x2000014f000,4096
13479,u0,0,WRITE,0x6fd000,4096
13486,u0,0,READ,0x6fe000,4096
13494,u3,3,READ,0x30000151000,4096
13495,u0,0,WRITE,0x6ff000,4096
13501,u0,0,READ,0x700000,4096
13506,u1,1,READ,0x10000150000,4096
13508,u0,0,WRITE,0x701000,4096
13514,u0,0,READ,0x702000,4096
13520,u0,0,WRITE,0x703000,4096
13528,u2,2,WRITE,0x20000150000,4096
13530,u0,0,READ,0x704000,4096
13539,u3,3,READ,0x30000152000,4096
13540,u0,0,WRITE,0x705000,4096
13547,u0,0,READ,0x706000,4096
13552,u0,0,READ,0x707000,4096
13554,u1,1,READ,0x10000151000,4096
13559,u0,0,READ,0x708000,4096
13565,u0,0,WRITE,0x709000,4096
13565,u2,2,WRITE,0x20000151000,4096
13571,u3,3,WRITE,0x30000153000,4096
13573,u0,0,READ,0x70a000,4096
13578,u0,0,READ,0x70b000,4096
13586,u0,0,READ,0x70c000,4096
13591,u0,0,WRITE,0x70d000,4096
13593,u1,1,READ,0x10000152000,4096
13599,u0,0,WRITE,0x70e000,4096
13607,u0,0,READ,0x70f000,4096
13613,u2,2,READ,0x20000152000,4096
13613,u3,3,WRITE,0x30000154000,4096
13616,u0,0,READ,0x710000,4096
13625,u0,0,WRITE,0x711000,4096
13630,u1,1,WRITE,0x10000153000,4096
13634,u0,0,READ,0x712000,4096
13640,u0,0,WRITE,0x713000,4096
13645,u2,2,READ,0x20000153000,4096
13646,u3,3,WRITE,0x30000155000,4096
13650,u0,0,WRITE,0x714000,4096
13655,u0,0,WRITE,0x715000,4096
13662,u0,0,READ,0x716000,4096
13672,u0,0,WRITE,0x717000,4096
13676,u1,1,READ,0x10000154000,4096
13680,u0,0,WRITE,0x718000,4096
13684,u2,2,READ,0x20000154000,4096
13685,u0,0,READ,0x719000,4096
13692,u3,3,READ,0x30000156000,4096
13693,u0,0,READ,0x71a000,4096
13698,u0,0,READ,0x71b000,4096
13704,u0,0,READ,0x71c000,4096
13709,u1,1,WRITE,0x10000155000,4096
13711,u0,0,WRITE,0x71d000,4096
13719,u0,0,WRITE,0x71e000,4096
13724,u2,2,READ,0x20000155000,4096
13726,u0,0,READ,0x71f000,4096
13732,u0,0,WRITE,0x720000,4096
13737,u3,3,READ,0x30000157000,4096
13742,u0,0,WRITE,0x721000,4096
13744,u1,1,WRITE,0x10000156000,4096
13749,u0,0,WRITE,0x722000,4096
13757,u2,2,READ,0x20000156000,4096
13758,u0,0,READ,0x723000,4096
13766,u0,0,READ,0x724000,4096
13776,u0,0,READ,0x725000,4096
13781,u3,3,WRITE,0x30000158000,4096
13783,u0,0,READ,0x726000,4096
13784,u1,1,READ,0x10000157000,4096
13790,u0,0,READ,0x727000,4096
13800,u0,0,READ,0x728000,4096
13801,u2,2,READ,0x20000157000,4096
13805,u0,0,WRITE,0x729000,4096
13814,u0,0,READ,0x72a000,4096
13817,u3,3,WRITE,0x30000159000,4096
13819,u0,0,READ,0x72b000,4096
13819,u1,1,READ,0x10000158000,4096
13828,u0,0,WRITE,0x72c000,4096
13837,u0,0,READ,0x72d000,4096
13845,u0,0,READ,0x72e000,4096
13846,u2,2,WRITE,0x20000158000,4096
13854,u0,0,READ,0x72f000,4096
13856,u3,3,READ,0x3000015a000,4096
13864,u0,0,WRITE,0x730000,4096
13865,u1,1,READ,0x10000159000,4096
13874,u0,0,READ,0x731000,4096
13882,u0,0,READ,0x732000,4096
13886,u3,3,WRITE,0x3000015b000,4096
13888,u0,0,READ,0x733000,4096
13893,u0,0,WRITE,0x734000,4096
13896,u2,2,READ,0x20000159000,4096
13902,u0,0,WRITE,0x735000,4096
13908,u1,1,READ,0x1000015a000,4096
13909,u0,0,READ,0x736000,4096
13915,u0,0,WRITE,0x737000,4096
13922,u0,0,READ,0x738000,4096
13922,u3,3,READ,0x3000015c000,4096
13929,u0,0,READ,0x739000,4096
13935,u0,0,WRITE,0x73a000,4096
13940,u0,0,WRITE,0x73b000,4096
13944,u2,2,WRITE,0x2000015a000,4096
13947,u1,1,READ,0x1000015b000,4096
13950,u0,0,WRITE,0x73c000,4096
13955,u0,0,READ,0x73d000,4096
13960,u0,0,READ,0x73e000,4096
13961,u3,3,READ,0x3000015d000,4096
13966,u0,0,WRITE,0x73f000,4096
13974,u0,0,WRITE,0x740000,4096
13984,u0,0,WRITE,0x741000,4096
13989,u0,0,WRITE,0x742000,4096
13992,u2,2,READ,0x2000015b000,4096
13993,u1,1,READ,0x1000015c000,4096
13994,u0,0,WRITE,0x743000,4096
13999,u0,0,WRITE,0x744000,4096
14005,u0,0,WRITE,0x745000,4096
14008,u3,3,READ,0x3000015e000,4096
14014,u0,0,READ,0x746000,4096
14019,u0,0,READ,0x747000,4096
14028,u0,0,WRITE,0x748000,4096
14034,u0,0,WRITE,0x749000,4096
14034,u2,2,WRITE,0x2000015c000,4096
14038,u1,1,READ,0x1000015d000,4096
14043,u0,0,READ,0x74a000,4096
14048,u0,0,WRITE,0x74b000,4096
14051,u3,3,READ,0x3000015f000,4096
14057,u0,0,READ,0x74c000,4096
14062,u0,0,READ,0x74d000,4096
14066,u2,2,READ,0x2000015d000,4096
14070,u0,0,WRITE,0x74e000,4096
14073,u1,1,READ,0x1000015e000,4096
14079,u0,0,WRITE,0x74f000,4096
14087,u0,0,READ,0x750000,4096
14092,u0,0,READ,0x751000,4096
14094,u3,3,READ,0x30000160000,4096
14098,u0,0,READ,0x752000,4096
14108,u0,0,WRITE,0x753000,4096
14110,u2,2,WRITE,0x2000015e000,4096
14112,u1,1,WRITE,0x1000015f000,4096
14118,u0,0,WRITE,0x754000,4096
14126,u0,0,READ,0x755000,4096
14136,u0,0,WRITE,0x756000,4096
14139,u3,3,WRITE,0x30000161000,4096
14141,u2,2,WRITE,0x2000015f000,4096
14144,u0,0,WRITE,0x757000,4096
14149,u0,0,READ,0x758000,4096
14158,u0,0,READ,0x759000,4096
14161,u1,1,READ,0x10000160000,4096
14168,u0,0,READ,0x75a000,4096
14175,u3,3,READ,0x30000162000,4096
14176,u0,0,READ,0x75b000,4096
14184,u0,0,WRITE,0x75c000,4096
14188,u2,2,WRITE,0x20000160000,4096
14194,u0,0,READ,0x75d000,4096
14195,u1,1,WRITE,0x10000161000,4096
14204,u0,0,WRITE,0x75e000,4096
14211,u0,0,WRITE,0x75f000,4096
14211,u3,3,WRITE,0x30000163000,4096
14219,u0,0,WRITE,0x760000,4096
14223,u2,2,WRITE,0x20000161000,4096
14225,u0,0,READ,0x761000,4096
14230,u0,0,READ,0x762000,4096
14240,u0,0,READ,0x763000,4096
14243,u1,1,WRITE,0x10000162000,4096
14244,u3,3,WRITE,0x30000164000,4096
14246,u0,0,WRITE,0x764000,4096
14255,u0,0,WRITE,0x765000,4096
14264,u0,0,READ,0x766000,4096
14272,u0,0,READ,0x767000,4096
14272,u2,2,WRITE,0x20000162000,4096
14274,u1,1,WRITE,0x10000163000,4096
14278,u0,0,READ,0x768000,4096
14287,u3,3,READ,0x30000165000,4096
14288,u0,0,READ,0x769000,4096
14298,u0,0,WRITE,0x76a000,4096
14308,u0,0,READ,0x76b000,4096
14315,u1,1,READ,0x10000164000,4096
14315,u2,2,WRITE,0x20000163000,4096
14318,u0,0,WRITE,0x76c000,4096
14327,u0,0,READ,0x76d000,4096
14329,u3,3,READ,0x30000166000,4096
14336,u0,0,READ,0x76e000,4096
14341,u0,0,WRITE,0x76f000,4096
14346,u0,0,READ,0x770000,4096
14349,u1,1,WRITE,0x10000165000,4096
14356,u0,0,READ,0x771000,4096
14359,u2,2,READ,0x20000164000,4096
14365,u0,0,WRITE,0x772000,4096
14366,u3,3,WRITE,0x30000167000,4096
14372,u0,0,READ,0x773000,4096
14377,u0,0,READ,0x774000,4096
14385,u0,0,READ,0x775000,4096
14390,u0,0,READ,0x776000,4096
14394,u1,1,WRITE,0x10000166000,4096
14396,u2,2,WRITE,0x20000165000,4096
14400,u0,0,WRITE,0x777000,4096
14406,u3,3,WRITE,0x30000168000,4096
14409,u0,0,READ,0x778000,4096
14417,u0,0,READ,0x779000,4096
14427,u0,0,READ,0x77a000,4096
14432,u1,1,WRITE,0x10000167000,4096
14437,u0,0,READ,0x77b000,4096
14438,u2,2,WRITE,0x20000166000,4096
14444,u0,0,READ,0x77c000,4096
14447,u3,3,READ,0x30000169000,4096
14450,u0,0,READ,0x77d000,4096
14455,u0,0,READ,0x77e000,4096
14463,u0,0,READ,0x77f000,4096
14466,u1,1,READ,0x10000168000,4096
14473,u0,0,WRITE,0x780000,4096
14482,u0,0,WRITE,0x781000,4096
14487,u2,2,WRITE,0x20000167000,4096
14490,u3,3,WRITE,0x3000016a000,4096
14492,u0,0,READ,0x782000,4096
14501,u0,0,WRITE,0x783000,4096
14501,u1,1,READ,0x10000169000,4096
14511,u0,0,WRITE,0x784000,4096
14521,u0,0,READ,0x785000,4096
14529,u3,3,WRITE,0x3000016b000,4096
14531,u0,0,WRITE,0x786000,4096
14535,u2,2,READ,0x20000168000,4096
14538,u0,0,READ,0x787000,4096
14544,u0,0,READ,0x788000,4096
14549,u0,0,WRITE,0x789000,4096
14551,u1,1,READ,0x1000016a000,4096
14555,u0,0,READ,0x78a000,4096
14561,u0,0,READ,0x78b000,4096
14567,u0,0,READ,0x78c000,4096
14571,u3,3,WRITE,0x3000016c000,4096
14572,u2,2,READ,0x20000169000,4096
14573,u0,0,READ,0x78d000,4096
14582,u0,0,WRITE,0x78e000,4096
14590,u0,0,WRITE,0x78f000,4096
14596,u0,0,READ,0x790000,4096
14601,u1,1,WRITE,0x1000016b000,4096
14605,u0,0,WRITE,0x791000,4096
14607,u3,3,WRITE,0x3000016d000,4096
14611,u0,0,WRITE,0x792000,4096
14620,u0,0,READ,0x793000,4096
14621,u2,2,WRITE,0x2000016a000,4096
14626,u0,0,READ,0x794000,4096
14632,u0,0,READ,0x795000,4096
14635,u1,1,READ,0x1000016c000,4096
14638,u0,0,READ,0x796000,4096
14643,u3,3,READ,0x3000016e000,4096
14647,u0,0,WRITE,0x797000,4096
14653,u0,0,WRITE,0x798000,4096
14662,u0,0,WRITE,0x799000,4096
14667,u2,2,READ,0x2000016b000,4096
14671,u1,1,READ,0x1000016d000,4096
14672,u0,0,READ,0x79a000,4096
14682,u0,0,READ,0x79b000,4096
14690,u3,3,READ,0x3000016f000,4096
14692,u0,0,WRITE,0x79c000,4096
14699,u0,0,READ,0x79d000,4096
14704,u0,0,READ,0x79e000,4096
14705,u1,1,WRITE,0x1000016e000,4096
14705,u2,2,WRITE,0x2000016c000,4096
14712,u0,0,WRITE,0x79f000,4096
14721,u0,0,WRITE,0x7a0000,4096
14722,u3,3,WRITE,0x30000170000,4096
14726,u0,0,WRITE,0x7a1000,4096
14735,u0,0,READ,0x7a2000,4096
14742,u2,2,READ,0x2000016d000,4096
14743,u1,1,READ,0x1000016f000,4096
14745,u0,0,READ,0x7a3000,4096
14751,u0,0,WRITE,0x7a4000,4096
14759,u0,0,READ,0x7a5000,4096
14762,u3,3,WRITE,0x30000171000,4096
14764,u0,0,READ,0x7a6000,4096
14772,u0,0,WRITE,0x7a7000,4096
14777,u0,0,WRITE,0x7a8000,4096
14783,u0,0,WRITE,0x7a9000,4096
14783,u2,2,READ,0x2000016e000,4096
14790,u0,0,READ,0x7aa000,4096
14792,u1,1,READ,0x10000170000,4096
14800,u0,0,WRITE,0x7ab000,4096
14803,u3,3,WRITE,0x30000172000,4096
14805,u0,0,READ,0x7ac000,4096
14812,u0,0,WRITE,0x7ad000,4096
14819,u2,2,WRITE,0x2000016f000,4096
14821,u0,0,WRITE,0x7ae000,4096
14831,u0,0,WRITE,0x7af000,4096
14839,u0,0,WRITE,0x7b0000,4096
14842,u1,1,READ,0x10000171000,4096
14846,u0,0,READ,0x7b1000,4096
14849,u2,2,READ,0x20000170000,4096
14853,u3,3,WRITE,0x30000173000,4096
14854,u0,0,WRITE,0x7b2000,4096
14863,u0,0,WRITE,0x7b3000,4096
14872,u0,0,WRITE,0x7b4000,4096
14881,u0,0,READ,0x7b5000,4096
14886,u0,0,WRITE,0x7b6000,4096
14886,u2,2,WRITE,0x20000171000,4096
14886,u3,3,WRITE,0x30000174000,4096
14889,u1,1,READ,0x10000172000,4096
14894,u0,0,WRITE,0x7b7000,4096
14902,u0,0,READ,0x7b8000,4096
14911,u0,0,WRITE,0x7b9000,4096
14917,u0,0,READ,0x7ba000,4096
14919,u2,2,WRITE,0x20000172000,4096
14922,u0,0,READ,0x7bb000,4096
14928,u3,3,READ,0x30000175000,4096
14931,u0,0,READ,0x7bc000,4096
14936,u1,1,READ,0x10000173000,4096
14940,u0,0,READ,0x7bd000,4096
14949,u0,0,WRITE,0x7be000,4096
14957,u0,0,WRITE,0x7bf000,4096
14959,u3,3,READ,0x30000176000,4096
14962,u0,0,WRITE,0x7c0000,4096
14962,u2,2,WRITE,0x20000173000,4096
14969,u0,0,WRITE,0x7c1000,4096
14976,u1,1,READ,0x10000174000,4096
14978,u0,0,READ,0x7c2000,4096
14988,u0,0,WRITE,0x7c3000,4096
14998,u0,0,READ,0x7c4000,4096
15004,u3,3,WRITE,0x30000177000,4096
15006,u0,0,READ,0x7c5000,4096
15007,u2,2,WRITE,0x20000174000,4096
15012,u1,1,WRITE,0x10000175000,4096
15016,u0,0,WRITE,0x7c6000,4096
15026,u0,0,READ,0x7c7000,4096
15034,u0,0,WRITE,0x7c8000,4096
15037,u3,3,WRITE,0x30000178000,4096
15044,u0,0,WRITE,0x7c9000,4096
15044,u2,2,READ,0x20000175000,4096
15050,u0,0,WRITE,0x7ca000,4096
15051,u1,1,READ,0x10000176000,4096
15056,u0,0,WRITE,0x7cb000,4096
15063,u0,0,WRITE,0x7cc000,4096
15070,u0,0,READ,0x7cd000,4096
15071,u3,3,READ,0x30000179000,4096
15074,u2,2,WRITE,0x20000176000,4096
15077,u0,0,WRITE,0x7ce000,4096
15083,u1,1,WRITE,0x10000177000,4096
15084,u0,0,READ,0x7cf000,4096
15091,u0,0,WRITE,0x7d0000,4096
15100,u0,0,WRITE,0x7d1000,4096
15107,u3,3,READ,0x3000017a000,4096
15110,u0,0,WRITE,0x7d2000,4096
15118,u0,0,WRITE,0x7d3000,4096
15119,u2,2,READ,0x20000177000,4096
15120,u1,1,READ,0x10000178000,4096
15125,u0,0,WRITE,0x7d4000,4096
15134,u0,0,READ,0x7d5000,4096
15144,u0,0,READ,0x7d6000,4096
15150,u2,2,READ,0x20000178000,4096
15152,u0,0,READ,0x7d7000,4096
15152,u3,3,READ,0x3000017b000,4096
15158,u1,1,READ,0x10000179000,4096
15161,u0,0,WRITE,0x7d8000,4096
15171,u0,0,WRITE,0x7d9000,4096
15180,u0,0,READ,0x7da000,4096
15188,u0,0,WRITE,0x7db000,4096
15193,u3,3,WRITE,0x3000017c000,4096
15194,u0,0,READ,0x7dc000,4096
15197,u2,2,WRITE,0x20000179000,4096
15200,u0,0,WRITE,0x7dd000,4096
15203,u1,1,WRITE,0x1000017a000,4096
15207,u0,0,READ,0x7de000,4096
15215,u0,0,READ,0x7df000,4096
15222,u0,0,READ,0x7e0000,4096
15231,u0,0,READ,0x7e1000,4096
15234,u2,2,WRITE,0x2000017a000,4096
15236,u3,3,READ,0x3000017d000,4096
15238,u0,0,READ,0x7e2000,4096
15244,u0,0,READ,0x7e3000,4096
15248,u1,1,WRITE,0x1000017b000,4096
15250,u0,0,WRITE,0x7e4000,4096
15257,u0,0,READ,0x7e5000,4096
15265,u0,0,READ,0x7e6000,4096
15271,u2,2,READ,0x2000017b000,4096
15273,u0,0,WRITE,0x7e7000,4096
15277,u3,3,WRITE,0x3000017e000,4096
15279,u0,0,WRITE,0x7e8000,4096
15287,u0,0,READ,0x7e9000,4096
15288,u1,1,READ,0x1000017c000,4096
15296,u0,0,READ,0x7ea000,4096
15305,u0,0,READ,0x7eb000,4096
15306,u2,2,WRITE,0x2000017c000,4096
15314,u0,0,WRITE,0x7ec000,4096
15319,u3,3,READ,0x3000017f000,4096
15320,u1,1,READ,0x1000017d000,4096
15324,u0,0,WRITE,0x7ed000,4096
15333,u0,0,READ,0x7ee000,4096
15341,u0,0,WRITE,0x7ef000,4096
15346,u2,2,WRITE,0x2000017d000,4096
15348,u0,0,READ,0x7f0000,4096
15354,u0,0,WRITE,0x7f1000,4096
15357,u3,3,WRITE,0x30000180000,4096
15363,u0,0,WRITE,0x7f2000,4096
15368,u1,1,WRITE,0x1000017e000,4096
15370,u0,0,READ,0x7f3000,4096
15377,u0,0,WRITE,0x7f4000,4096
15378,u2,2,WRITE,0x2000017e000,4096
15382,u0,0,WRITE,0x7f5000,4096
15387,u0,0,WRITE,0x7f6000,4096
15393,u3,3,WRITE,0x30000181000,4096
15396,u0,0,READ,0x7f7000,4096
15403,u0,0,READ,0x7f8000,4096
15412,u0,0,WRITE,0x7f9000,4096
15414,u1,1,WRITE,0x1000017f000,4096
15417,u0,0,WRITE,0x7fa000,4096
15424,u3,3,WRITE,0x30000182000,4096
15427,u0,0,READ,0x7fb000,4096
15428,u2,2,READ,0x2000017f000,4096
15436,u0,0,READ,0x7fc000,4096
15446,u0,0,READ,0x7fd000,4096
15453,u1,1,READ,0x10000180000,4096
15455,u0,0,WRITE,0x7fe000,4096
15458,u3,3,READ,0x30000183000,4096
15465,u0,0,READ,0x7ff000,4096
15467,u2,2,READ,0x20000180000,4096
15475,u0,0,READ,0x800000,4096
15483,u0,0,WRITE,0x801000,4096
15486,u1,1,READ,0x10000181000,4096
15490,u0,0,READ,0x802000,4096
15498,u0,0,WRITE,0x803000,4096
15500,u3,3,READ,0x30000184000,4096
15503,u0,0,READ,0x804000,4096
15509,u2,2,READ,0x20000181000,4096
15510,u0,0,WRITE,0x805000,4096
15515,u0,0,READ,0x806000,4096
15524,u0,0,WRITE,0x807000,4096
15530,u0,0,READ,0x808000,4096
15534,u1,1,WRITE,0x10000182000,4096
15536,u0,0,READ,0x809000,4096
15544,u0,0,READ,0x80a000,4096
15550,u3,3,READ,0x30000185000,4096
15552,u0,0,WRITE,0x80b000,4096
15555,u2,2,WRITE,0x20000182000,4096
15562,u0,0,WRITE,0x80c000,4096
15569,u0,0,WRITE,0x80d000,4096
15577,u0,0,READ,0x80e000,4096
15579,u1,1,WRITE,0x10000183000,4096
15582,u0,0,READ,0x80f000,4096
15592,u0,0,WRITE,0x810000,4096
15592,u2,2,WRITE,0x20000183000,4096
15594,u3,3,READ,0x30000186000,4096
15598,u0,0,READ,0x811000,4096
15604,u0,0,WRITE,0x812000,4096
15613,u0,0,WRITE,0x813000,4096
15618,u0,0,WRITE,0x814000,4096
15624,u0,0,WRITE,0x815000,4096
15624,u1,1,READ,0x10000184000,4096
15627,u2,2,WRITE,0x20000184000,4096
15631,u0,0,READ,0x816000,4096
15635,u3,3,READ,0x30000187000,4096
15639,u0,0,READ,0x817000,4096
15649,u0,0,WRITE,0x818000,4096
15656,u0,0,WRITE,0x819000,4096
15663,u0,0,READ,0x81a000,4096
15671,u1,1,WRITE,0x10000185000,4096
15673,u0,0,WRITE,0x81b000,4096
15674,u2,2,READ,0x20000185000,4096
15681,u0,0,WRITE,0x81c000,4096
15684,u3,3,WRITE,0x30000188000,4096
15689,u0,0,READ,0x81d000,4096
15699,u0,0,WRITE,0x81e000,4096
15701,u1,1,READ,0x10000186000,4096
15704,u0,0,WRITE,0x81f000,4096
15704,u2,2,WRITE,0x20000186000,4096
15714,u0,0,READ,0x820000,4096
15724,u0,0,READ,0x821000,4096
15731,u0,0,WRITE,0x822000,4096
15732,u3,3,WRITE,0x30000189000,4096
15738,u0,0,READ,0x823000,4096
15740,u1,1,READ,0x10000187000,4096
15746,u0,0,READ,0x824000,4096
15747,u2,2,READ,0x20000187000,4096
15754,u0,0,READ,0x825000,4096
15759,u0,0,READ,0x826000,4096
15765,u0,0,WRITE,0x827000,4096
15766,u3,3,READ,0x3000018a000,4096
15774,u0,0,WRITE,0x828000,4096
15774,u1,1,READ,0x10000188000,4096
15779,u0,0,WRITE,0x829000,4096
15782,u2,2,READ,0x20000188000,4096
15785,u0,0,READ,0x82a000,4096
15791,u0,0,WRITE,0x82b000,4096
15799,u0,0,READ,0x82c000,4096
15806,u0,0,WRITE,0x82d000,4096
15808,u1,1,READ,0x10000189000,4096
15811,u0,0,READ,0x82e000,4096
15812,u3,3,WRITE,0x3000018b000,4096
15818,u0,0,WRITE,0x82f000,4096
15824,u0,0,READ,0x830000,4096
15828,u2,2,READ,0x20000189000,4096
15830,u0,0,READ,0x831000,4096
15839,u0,0,WRITE,0x832000,4096
15839,u1,1,READ,0x1000018a000,4096
15848,u0,0,WRITE,0x833000,4096
15851,u3,3,READ,0x3000018c000,4096
15857,u0,0,READ,0x834000,4096
15862,u0,0,READ,0x835000,4096
15863,u2,2,READ,0x2000018a000,4096
15869,u0,0,READ,0x836000,4096
15869,u1,1,READ,0x1000018b000,4096
15877,u0,0,READ,0x837000,4096
15887,u0,0,WRITE,0x838000,4096
15895,u0,0,READ,0x839000,4096
15897,u2,2,WRITE,0x2000018b000,4096
15897,u3,3,WRITE,0x3000018d000,4096
15900,u0,0,WRITE,0x83a000,4096
15901,u1,1,WRITE,0x1000018c000,4096
15905,u0,0,WRITE,0x83b000,4096
15914,u0,0,READ,0x83c000,4096
15922,u0,0,WRITE,0x83d000,4096
15928,u0,0,READ,0x83e000,4096
15934,u0,0,READ,0x83f000,4096
15935,u2,2,WRITE,0x2000018c000,4096
15941,u0,0,WRITE,0x840000,4096
15942,u3,3,WRITE,0x3000018e000,4096
15943,u1,1,READ,0x1000018d000,4096
15947,u0,0,READ,0x841000,4096
15956,u0,0,WRITE,0x842000,4096
15966,u0,0,WRITE,0x843000,4096
15968,u2,2,READ,0x2000018d000,4096
15976,u0,0,WRITE,0x844000,4096
15982,u3,3,WRITE,0x3000018f000,4096
15985,u0,0,READ,0x845000,4096
15993,u1,1,READ,0x1000018e000,4096
15994,u0,0,READ,0x846000,4096
15999,u0,0,READ,0x847000,4096
16004,u0,0,WRITE,0x848000,4096
16005,u2,2,READ,0x2000018e000,4096
16012,u0,0,READ,0x849000,4096
16013,u3,3,READ,0x30000190000,4096
16017,u0,0,READ,0x84a000,4096
16022,u0,0,WRITE,0x84b000,4096
16030,u0,0,WRITE,0x84c000,4096
16035,u0,0,WRITE,0x84d000,4096
16038,u1,1,READ,0x1000018f000,4096
16041,u0,0,WRITE,0x84e000,4096
16042,u2,2,READ,0x2000018f000,4096
16047,u3,3,READ,0x30000191000,4096
16048,u0,0,WRITE,0x84f000,4096
16053,u0,0,READ,0x850000,4096
16062,u0,0,READ,0x851000,4096
16069,u0,0,WRITE,0x852000,4096
16077,u0,0,WRITE,0x853000,4096
16079,u1,1,WRITE,0x10000190000,4096
16082,u0,0,WRITE,0x854000,4096
16089,u3,3,WRITE,0x30000192000,4096
16090,u0,0,WRITE,0x855000,4096
16090,u2,2,WRITE,0x20000190000,4096
16096,u0,0,WRITE,0x856000,4096
16101,u0,0,READ,0x857000,4096
16110,u0,0,WRITE,0x858000,4096
16117,u0,0,READ,0x859000,4096
16125,u1,1,WRITE,0x10000191000,4096
16126,u0,0,WRITE,0x85a000,4096
16127,u2,2,READ,0x20000191000,4096
16133,u3,3,WRITE,0x30000193000,4096
16135,u0,0,WRITE,0x85b000,4096
16140,u0,0,WRITE,0x85c000,4096
16145,u0,0,WRITE,0x85d000,4096
16152,u0,0,WRITE,0x85e000,4096
16158,u1,1,READ,0x10000192000,4096
16159,u0,0,READ,0x85f000,4096
16165,u2,2,WRITE,0x20000192000,4096
16169,u0,0,READ,0x860000,4096
16174,u0,0,WRITE,0x861000,4096
16175,u3,3,READ,0x30000194000,4096
16181,u0,0,WRITE,0x862000,4096
16186,u0,0,READ,0x863000,4096
16191,u0,0,WRITE,0x864000,4096
16198,u0,0,READ,0x865000,4096
16198,u1,1,READ,0x10000193000,4096
16203,u2,2,WRITE,0x20000193000,4096
16208,u0,0,WRITE,0x866000,4096
16217,u3,3,WRITE,0x30000195000,4096
16218,u0,0,READ,0x867000,4096
16225,u0,0,READ,0x868000,4096
16235,u0,0,READ,0x869000,4096
16240,u0,0,READ,0x86a000,4096
16243,u2,2,READ,0x20000194000,4096
16245,u0,0,WRITE,0x86b000,4096
16248,u1,1,WRITE,0x10000194000,4096
16255,u0,0,WRITE,0x86c000,4096
16260,u0,0,WRITE,0x86d000,4096
16262,u3,3,WRITE,0x30000196000,4096
16267,u0,0,WRITE,0x86e000,4096
16274,u0,0,READ,0x86f000,4096
16279,u0,0,READ,0x870000,4096
16288,u0,0,WRITE,0x871000,4096
16288,u2,2,WRITE,0x20000195000,4096
16294,u1,1,WRITE,0x10000195000,4096
16295,u0,0,WRITE,0x872000,4096
16300,u0,0,WRITE,0x873000,4096
16306,u3,3,READ,0x30000197000,4096
16310,u0,0,READ,0x874000,4096
16320,u0,0,WRITE,0x875000,4096
16324,u2,2,WRITE,0x20000196000,4096
16325,u0,0,WRITE,0x876000,4096
16330,u0,0,WRITE,0x877000,4096
16331,u1,1,WRITE,0x10000196000,4096
16339,u0,0,WRITE,0x878000,4096
16340,u3,3,WRITE,0x30000198000,4096
16348,u0,0,WRITE,0x879000,4096
16358,u0,0,WRITE,0x87a000,4096
16363,u2,2,READ,0x20000197000,4096
16366,u0,0,WRITE,0x87b000,4096
16371,u0,0,READ,0x87c000,4096
16379,u1,1,WRITE,0x10000197000,4096
16381,u0,0,READ,0x87d000,4096
16388,u0,0,READ,0x87e000,4096
16390,u3,3,WRITE,0x30000199000,4096
16397,u0,0,WRITE,0x87f000,4096
16404,u2,2,WRITE,0x20000198000,4096
16406,u0,0,READ,0x880000,4096
16411,u0,0,WRITE,0x881000,4096
16414,u1,1,READ,0x10000198000,4096
16418,u0,0,WRITE,0x882000,4096
16423,u3,3,WRITE,0x3000019a000,4096
16428,u0,0,READ,0x883000,4096
16436,u0,0,READ,0x884000,4096
16442,u0,0,WRITE,0x885000,4096
16449,u2,2,READ,0x20000199000,4096
16450,u0,0,READ,0x886000,4096
16455,u0,0,WRITE,0x887000,4096
16455,u1,1,READ,0x10000199000,4096
16459,u3,3,READ,0x3000019b000,4096
16462,u0,0,READ,0x888000,4096
16468,u0,0,READ,0x889000,4096
16474,u0,0,READ,0x88a000,4096
16484,u0,0,WRITE,0x88b000,4096
16491,u2,2,READ,0x2000019a000,4096
16494,u0,0,READ,0x88c000,4096
16500,u0,0,READ,0x88d000,4096
16502,u1,1,READ,0x1000019a000,4096
16509,u0,0,WRITE,0x88e000,4096
16509,u3,3,WRITE,0x3000019c000,4096
16517,u0,0,WRITE,0x88f000,4096
16527,u0,0,WRITE,0x890000,4096
16528,u2,2,WRITE,0x2000019b000,4096
16537,u0,0,READ,0x891000,4096
16541,u3,3,READ,0x3000019d000,4096
16542,u0,0,READ,0x892000,4096
16542,u1,1,READ,0x1000019b000,4096
16548,u0,0,READ,0x893000,4096
16556,u0,0,WRITE,0x894000,4096
16563,u0,0,READ,0x895000,4096
16571,u0,0,WRITE,0x896000,4096
16571,u3,3,WRITE,0x3000019e000,4096
16577,u2,2,READ,0x2000019c000,4096
16580,u0,0,WRITE,0x897000,4096
16585,u1,1,WRITE,0x1000019c000,4096
16588,u0,0,WRITE,0x898000,4096
16595,u0,0,READ,0x899000,4096
16601,u0,0,READ,0x89a000,4096
16607,u0,0,READ,0x89b000,4096
16615,u0,0,WRITE,0x89c000,4096
16619,u3,3,WRITE,0x3000019f000,4096
16620,u0,0,WRITE,0x89d000,4096
16622,u2,2,READ,0x2000019d000,4096
16624,u1,1,READ,0x1000019d000,4096
16629,u0,0,READ,0x89e000,4096
16638,u0,0,READ,0x89f000,4096
16647,u0,0,WRITE,0x8a0000,4096
16656,u0,0,WRITE,0x8a1000,4096
16661,u1,1,READ,0x1000019e000,4096
16666,u0,0,WRITE,0x8a2000,4096
16667,u3,3,WRITE,0x300001a0000,4096
16671,u2,2,READ,0x2000019e000,4096
16672,u0,0,READ,0x8a3000,4096
16682,u0,0,READ,0x8a4000,4096
16690,u0,0,WRITE,0x8a5000,4096
16695,u0,0,READ,0x8a6000,4096
16699,u3,3,READ,0x300001a1000,4096
16703,u0,0,READ,0x8a7000,4096
16705,u1,1,READ,0x1000019f000,4096
16711,u2,2,WRITE,0x2000019f000,4096
16713,u0,0,READ,0x8a8000,4096
16722,u0,0,WRITE,0x8a9000,4096
16727,u0,0,READ,0x8aa000,4096
16733,u3,3,READ,0x300001a2000,4096
16734,u0,0,WRITE,0x8ab000,4096
16744,u0,0,READ,0x8ac000,4096
16751,u0,0,READ,0x8ad000,4096
16755,u1,1,READ,0x100001a0000,4096
16756,u0,0,WRITE,0x8ae000,4096
16760,u2,2,READ,0x200001a0000,4096
16765,u0,0,READ,0x8af000,4096
16769,u3,3,WRITE,0x300001a3000,4096
16771,u0,0,WRITE,0x8b0000,4096
16779,u0,0,READ,0x8b1000,4096
16785,u0,0,WRITE,0x8b2000,4096
16795,u0,0,WRITE,0x8b3000,4096
16795,u2,2,READ,0x200001a1000,4096
16797,u1,1,WRITE,0x100001a1000,4096
16802,u0,0,WRITE,0x8b4000,4096
16809,u0,0,READ,0x8b5000,4096
16814,u3,3,READ,0x300001a4000,4096
16819,u0,0,READ,0x8b6000,4096
16827,u0,0,WRITE,0x8b7000,4096
16835,u0,0,WRITE,0x8b8000,4096
16835,u2,2,WRITE,0x200001a2000,4096
16845,u0,0,READ,0x8b9000,4096
16845,u3,3,WRITE,0x300001a5000,4096
16847,u1,1,WRITE,0x100001a2000,4096
16852,u0,0,WRITE,0x8ba000,4096
16857,u0,0,READ,0x8bb000,4096
16865,u0,0,READ,0x8bc000,4096
16871,u0,0,WRITE,0x8bd000,4096
16872,u2,2,READ,0x200001a3000,4096
16881,u0,0,READ,0x8be000,4096
16889,u0,0,READ,0x8bf000,4096
16889,u1,1,WRITE,0x100001a3000,4096
16889,u3,3,READ,0x300001a6000,4096
16898,u0,0,READ,0x8c0000,4096
16904,u2,2,WRITE,0x200001a4000,4096
16908,u0,0,WRITE,0x8c1000,4096
16914,u0,0,WRITE,0x8c2000,4096
16921,u0,0,WRITE,0x8c3000,4096
16927,u0,0,WRITE,0x8c4000,4096
16929,u1,1,READ,0x100001a4000,4096
16933,u3,3,READ,0x300001a7000,4096
16936,u0,0,READ,0x8c5000,4096
16941,u2,2,WRITE,0x200001a5000,4096
16945,u0,0,READ,0x8c6000,4096
16955,u0,0,READ,0x8c7000,4096
16961,u0,0,READ,0x8c8000,4096
16970,u0,0,READ,0x8c9000,4096
16974,u1,1,READ,0x100001a5000,4096
16976,u3,3,WRITE,0x300001a8000,4096
16979,u0,0,READ,0x8ca000,4096
16988,u0,0,WRITE,0x8cb000,4096
16989,u2,2,WRITE,0x200001a6000,4096
16994,u0,0,WRITE,0x8cc000,4096
17004,u0,0,READ,0x8cd000,4096
17008,u1,1,WRITE,0x100001a6000,4096
17012,u0,0,WRITE,0x8ce000,4096
17016,u3,3,READ,0x300001a9000,4096
17019,u0,0,READ,0x8cf000,4096
17024,u0,0,READ,0x8d0000,4096
17030,u0,0,READ,0x8d1000,4096
17032,u2,2,READ,0x200001a7000,4096
17037,u0,0,READ,0x8d2000,4096
17042,u1,1,READ,0x100001a7000,4096
17043,u0,0,READ,0x8d3000,4096
17052,u0,0,WRITE,0x8d4000,4096
17059,u3,3,READ,0x300001aa000,4096
17060,u0,0,WRITE,0x8d5000,4096
17065,u2,2,WRITE,0x200001a8000,4096
17066,u0,0,WRITE,0x8d6000,4096
17076,u0,0,WRITE,0x8d7000,4096
17082,u1,1,READ,0x100001a8000,4096
17085,u0,0,WRITE,0x8d8000,4096
17095,u0,0,WRITE,0x8d9000,4096
17102,u0,0,READ,0x8da000,4096
17103,u3,3,WRITE,0x300001ab000,4096
17108,u2,2,READ,0x200001a9000,4096
17109,u0,0,WRITE,0x8db000,4096
17116,u0,0,READ,0x8dc000,4096
17125,u1,1,READ,0x100001a9000,4096
17126,u0,0,READ,0x8dd000,4096
17136,u0,0,READ,0x8de000,4096
17140,u2,2,READ,0x200001aa000,4096
17140,u3,3,WRITE,0x300001ac000,4096
17141,u0,0,WRITE,0x8df000,4096
17147,u0,0,WRITE,0x8e0000,4096
17155,u0,0,READ,0x8e1000,4096
17156,u1,1,WRITE,0x100001aa000,4096
17164,u0,0,WRITE,0x8e2000,4096
17171,u0,0,WRITE,0x8e3000,4096
17172,u3,3,READ,0x300001ad000,4096
17180,u0,0,READ,0x8e4000,4096
17189,u2,2,READ,0x200001ab000,4096
17190,u0,0,READ,0x8e5000,4096
17196,u0,0,WRITE,0x8e6000,4096
17203,u1,1,WRITE,0x100001ab000,4096
17204,u0,0,WRITE,0x8e7000,4096
17210,u0,0,READ,0x8e8000,4096
17220,u0,0,READ,0x8e9000,4096
17220,u3,3,WRITE,0x300001ae000,4096
17225,u2,2,READ,0x200001ac000,4096
17227,u0,0,READ,0x8ea000,4096
17237,u0,0,WRITE,0x8eb000,4096
17243,u0,0,READ,0x8ec000,4096
17246,u1,1,READ,0x100001ac000,4096
17248,u0,0,READ,0x8ed000,4096
17251,u3,3,WRITE,0x300001af000,4096
17257,u0,0,WRITE,0x8ee000,4096
17264,u0,0,READ,0x8ef000,4096
17267,u2,2,WRITE,0x200001ad000,4096
17273,u0,0,READ,0x8f0000,4096
17280,u1,1,READ,0x100001ad000,4096
17282,u0,0,READ,0x8f1000,4096
17289,u0,0,READ,0x8f2000,4096
17297,u0,0,READ,0x8f3000,4096
17297,u3,3,WRITE,0x300001b0000,4096
17299,u2,2,WRITE,0x200001ae000,4096
17307,u0,0,WRITE,0x8f4000,4096
17312,u0,0,READ,0x8f5000,4096
17322,u0,0,READ,0x8f6000,4096
17325,u1,1,WRITE,0x100001ae000,4096
17330,u0,0,WRITE,0x8f7000,4096
17337,u0,0,WRITE,0x8f8000,4096
17339,u3,3,WRITE,0x300001b1000,4096
17344,u0,0,READ,0x8f9000,4096
17345,u2,2,READ,0x200001af000,4096
17352,u0,0,READ,0x8fa000,4096
17355,u1,1,WRITE,0x100001af000,4096
17358,u0,0,READ,0x8fb000,4096
17365,u0,0,WRITE,0x8fc000,4096
17375,u0,0,WRITE,0x8fd000,4096
17383,u0,0,WRITE,0x8fe000,4096
17387,u3,3,WRITE,0x300001b2000,4096
17393,u0,0,READ,0x8ff000,4096
17395,u1,1,READ,0x100001b0000,4096
17395,u2,2,WRITE,0x200001b0000,4096
17400,u0,0,READ,0x900000,4096
17407,u0,0,READ,0x901000,4096
17413,u0,0,WRITE,0x902000,4096
17422,u0,0,WRITE,0x903000,4096
17427,u1,1,READ,0x100001b1000,4096
17429,u3,3,WRITE,0x300001b3000,4096
17431,u0,0,WRITE,0x904000,4096
17431,u2,2,WRITE,0x200001b1000,4096
17436,u0,0,READ,0x905000,4096
17443,u0,0,READ,0x906000,4096
17453,u0,0,READ,0x907000,4096
17457,u1,1,READ,0x100001b2000,4096
17460,u0,0,WRITE,0x908000,4096
17467,u3,3,READ,0x300001b4000,4096
17470,u0,0,WRITE,0x909000,4096
17476,u0,0,READ,0x90a000,4096
17480,u2,2,WRITE,0x200001b2000,4096
17481,u0,0,READ,0x90b000,4096
17487,u0,0,WRITE,0x90c000,4096
17494,u1,1,READ,0x100001b3000,4096
17497,u0,0,WRITE,0x90d000,4096
17501,u3,3,WRITE,0x300001b5000,4096
17507,u0,0,READ,0x90e000,4096
17512,u0,0,WRITE,0x90f000,4096
17519,u2,2,READ,0x200001b3000,4096
17522,u0,0,WRITE,0x910000,4096
17530,u0,0,READ,0x911000,4096
17533,u1,1,WRITE,0x100001b4000,4096
17537,u0,0,READ,0x912000,4096
17541,u3,3,READ,0x300001b6000,4096
17545,u0,0,READ,0x913000,4096
17552,u2,2,WRITE,0x200001b4000,4096
17555,u0,0,WRITE,0x914000,4096
17564,u0,0,WRITE,0x915000,4096
17570,u0,0,READ,0x916000,4096
17578,u0,0,READ,0x917000,4096
17580,u3,3,READ,0x300001b7000,4096
17581,u1,1,READ,0x100001b5000,4096
17586,u0,0,READ,0x918000,4096
17590,u2,2,READ,0x200001b5000,4096
17596,u0,0,READ,0x919000,4096
17601,u0,0,WRITE,0x91a000,4096
17608,u0,0,WRITE,0x91b000,4096
17611,u3,3,READ,0x300001b8000,4096
17618,u0,0,WRITE,0x91c000,4096
17620,u1,1,READ,0x100001b6000,4096
17625,u0,0,WRITE,0x91d000,4096
17626,u2,2,READ,0x200001b6000,4096
17635,u0,0,READ,0x91e000,4096
17645,u0,0,WRITE,0x91f000,4096
17647,u3,3,READ,0x300001b9000,4096
17652,u0,0,READ,0x920000,4096
17657,u2,2,READ,0x200001b7000,4096
17659,u0,0,WRITE,0x921000,4096
17659,u1,1,READ,0x100001b7000,4096
17664,u0,0,WRITE,0x922000,4096
17671,u0,0,WRITE,0x923000,4096
17679,u0,0,READ,0x924000,4096
17685,u0,0,WRITE,0x925000,4096
17687,u2,2,READ,0x200001b8000,4096
17693,u1,1,WRITE,0x100001b8000,4096
17695,u0,0,WRITE,0x926000,4096
17695,u3,3,WRITE,0x300001ba000,4096
17704,u0,0,WRITE,0x927000,4096
17712,u0,0,WRITE,0x928000,4096
17721,u0,0,READ,0x929000,4096
17729,u2,2,WRITE,0x200001b9000,4096
17730,u0,0,WRITE,0x92a000,4096
17735,u1,1,READ,0x100001b9000,4096
17740,u0,0,READ,0x92b000,4096
17743,u3,3,WRITE,0x300001bb000,4096
17750,u0,0,WRITE,0x92c000,4096
17756,u0,0,READ,0x92d000,4096
17759,u2,2,WRITE,0x200001ba000,4096
17766,u0,0,WRITE,0x92e000,4096
17766,u1,1,READ,0x100001ba000,4096
17772,u0,0,WRITE,0x92f000,4096
17775,u3,3,WRITE,0x300001bc000,4096
17777,u0,0,READ,0x930000,4096
17782,u0,0,READ,0x931000,4096
17789,u0,0,READ,0x932000,4096
17796,u1,1,READ,0x100001bb000,4096
17796,u2,2,WRITE,0x200001bb000,4096
17797,u0,0,READ,0x933000,4096
17806,u0,0,READ,0x934000,4096
17807,u3,3,READ,0x300001bd000,4096
17814,u0,0,READ,0x935000,4096
17820,u0,0,WRITE,0x936000,4096
17830,u0,0,READ,0x937000,4096
17830,u1,1,WRITE,0x100001bc000,4096
17836,u0,0,WRITE,0x938000,4096
17844,u0,0,READ,0x939000,4096
17846,u2,2,READ,0x200001bc000,4096
17852,u0,0,WRITE,0x93a000,4096
17857,u3,3,READ,0x300001be000,4096
17859,u0,0,WRITE,0x93b000,4096
17868,u0,0,WRITE,0x93c000,4096
17877,u1,1,WRITE,0x100001bd000,4096
17878,u0,0,READ,0x93d000,4096
17887,u0,0,WRITE,0x93e000,4096
17892,u0,0,READ,0x93f000,4096
17895,u2,2,READ,0x200001bd000,4096
17897,u3,3,WRITE,0x300001bf000,4096
17899,u0,0,READ,0x940000,4096
17904,u0,0,READ,0x941000,4096
17913,u0,0,WRITE,0x942000,4096
17919,u0,0,WRITE,0x943000,4096
17921,u1,1,WRITE,0x100001be000,4096
17924,u0,0,WRITE,0x944000,4096
17932,u0,0,READ,0x945000,4096
17938,u3,3,READ,0x300001c0000,4096
17940,u0,0,READ,0x946000,4096
17942,u2,2,WRITE,0x200001be000,4096
17947,u0,0,WRITE,0x947000,4096
17952,u0,0,READ,0x948000,4096
17958,u0,0,WRITE,0x949000,4096
17967,u0,0,WRITE,0x94a000,4096
17968,u1,1,READ,0x100001bf000,4096
17971,u3,3,WRITE,0x300001c1000,4096
17974,u0,0,READ,0x94b000,4096
17981,u0,0,READ,0x94c000,4096
17986,u0,0,WRITE,0x94d000,4096
17989,u2,2,WRITE,0x200001bf000,4096
17995,u0,0,READ,0x94e000,4096
18000,u0,0,READ,0x94f000,4096
18006,u0,0,READ,0x950000,4096
18012,u1,1,WRITE,0x100001c0000,4096
18015,u0,0,WRITE,0x951000,4096
18016,u3,3,READ,0x300001c2000,4096
18021,u0,0,WRITE,0x952000,4096
18027,u0,0,WRITE,0x953000,4096
18029,u2,2,READ,0x200001c0000,4096
18034,u0,0,WRITE,0x954000,4096
18042,u0,0,WRITE,0x955000,4096
18049,u0,0,READ,0x956000,4096
18050,u1,1,READ,0x100001c1000,4096
18057,u0,0,READ,0x957000,4096
18062,u0,0,READ,0x958000,4096
18065,u2,2,WRITE,0x200001c1000,4096
18066,u3,3,READ,0x300001c3000,4096
18067,u0,0,READ,0x959000,4096
18076,u0,0,READ,0x95a000,4096
18080,u1,1,WRITE,0x100001c2000,4096
18086,u0,0,READ,0x95b000,4096
18096,u0,0,WRITE,0x95c000,4096
18101,u0,0,READ,0x95d000,4096
18102,u2,2,WRITE,0x200001c2000,4096
18109,u3,3,READ,0x300001c4000,4096
18110,u0,0,READ,0x95e000,4096
18117,u1,1,WRITE,0x100001c3000,4096
18119,u0,0,WRITE,0x95f000,4096
18129,u0,0,WRITE,0x960000,4096
18134,u0,0,READ,0x961000,4096
18139,u3,3,READ,0x300001c5000,4096
18140,u0,0,WRITE,0x962000,4096
18145,u2,2,READ,0x200001c3000,4096
18147,u0,0,WRITE,0x963000,4096
18152,u0,0,WRITE,0x964000,4096
18152,u1,1,WRITE,0x100001c4000,4096
18162,u0,0,WRITE,0x965000,4096
18169,u0,0,READ,0x966000,4096
18177,u0,0,READ,0x967000,4096
18181,u3,3,WRITE,0x300001c6000,4096
18184,u0,0,READ,0x968000,4096
18189,u2,2,WRITE,0x200001c4000,4096
18190,u0,0,READ,0x969000,4096
18198,u0,0,WRITE,0x96a000,4096
18199,u1,1,WRITE,0x100001c5000,4096
18203,u0,0,WRITE,0x96b000,4096
18210,u0,0,WRITE,0x96c000,4096
18218,u0,0,WRITE,0x96d000,4096
18221,u3,3,WRITE,0x300001c7000,4096
18224,u2,2,READ,0x200001c5000,4096
18225,u0,0,WRITE,0x96e000,4096
18235,u0,0,WRITE,0x96f000,4096
18243,u1,1,WRITE,0x100001c6000,4096
18245,u0,0,WRITE,0x970000,4096
18253,u0,0,READ,0x971000,4096
18261,u0,0,READ,0x972000,4096
18265,u3,3,READ,0x300001c8000,4096
18266,u0,0,READ,0x973000,4096
18268,u2,2,READ,0x200001c6000,4096
18272,u0,0,READ,0x974000,4096
18281,u1,1,WRITE,0x100001c7000,4096
18282,u0,0,READ,0x975000,4096
18290,u0,0,READ,0x976000,4096
18297,u3,3,READ,0x300001c9000,4096
18299,u0,0,WRITE,0x977000,4096
18304,u2,2,WRITE,0x200001c7000,4096
18305,u0,0,WRITE,0x978000,4096
18312,u0,0,READ,0x979000,4096
18317,u0,0,WRITE,0x97a000,4096
18321,u1,1,READ,0x100001c8000,4096
18323,u0,0,READ,0x97b000,4096
18329,u0,0,WRITE,0x97c000,4096
18330,u3,3,READ,0x300001ca000,4096
18337,u0,0,READ,0x97d000,4096
18339,u2,2,WRITE,0x200001c8000,4096
18342,u0,0,WRITE,0x97e000,4096
18351,u0,0,WRITE,0x97f000,4096
18360,u0,0,WRITE,0x980000,4096
18368,u1,1,READ,0x100001c9000,4096
18369,u0,0,READ,0x981000,4096
18377,u3,3,WRITE,0x300001cb000,4096
18379,u0,0,WRITE,0x982000,4096
18384,u0,0,WRITE,0x983000,4096
18387,u2,2,READ,0x200001c9000,4096
18391,u0,0,READ,0x984000,4096
18398,u0,0,READ,0x985000,4096
18404,u1,1,WRITE,0x100001ca000,4096
18406,u0,0,READ,0x986000,4096
18411,u0,0,WRITE,0x987000,4096
18418,u3,3,WRITE,0x300001cc000,4096
18420,u0,0,WRITE,0x988000,4096
18426,u0,0,READ,0x989000,4096
18429,u2,2,READ,0x200001ca000,4096
18433,u0,0,WRITE,0x98a000,4096
18437,u1,1,WRITE,0x100001cb000,4096
18438,u0,0,READ,0x98b000,4096
18447,u0,0,READ,0x98c000,4096
18448,u3,3,READ,0x300001cd000,4096
18455,u0,0,READ,0x98d000,4096
18460,u0,0,WRITE,0x98e000,4096
18470,u0,0,WRITE,0x98f000,4096
18472,u2,2,READ,0x200001cb000,4096
18480,u0,0,READ,0x990000,4096
18484,u1,1,WRITE,0x100001cc000,4096
18486,u0,0,READ,0x991000,4096
18492,u0,0,WRITE,0x992000,4096
18493,u3,3,WRITE,0x300001ce000,4096
18499,u0,0,READ,0x993000,4096
18509,u0,0,READ,0x994000,4096
18515,u0,0,WRITE,0x995000,4096
18516,u2,2,READ,0x200001cc000,4096
18520,u0,0,WRITE,0x996000,4096
18526,u0,0,WRITE,0x997000,4096
18534,u1,1,WRITE,0x100001cd000,4096
18535,u0,0,WRITE,0x998000,4096
18542,u3,3,READ,0x300001cf000,4096
18544,u0,0,WRITE,0x999000,4096
18550,u0,0,READ,0x99a000,4096
18556,u0,0,WRITE,0x99b000,4096
18560,u2,2,READ,0x200001cd000,4096
18566,u0,0,WRITE,0x99c000,4096
18573,u0,0,WRITE,0x99d000,4096
18575,u3,3,WRITE,0x300001d0000,4096
18582,u1,1,READ,0x100001ce000,4096
18583,u0,0,WRITE,0x99e000,4096
18589,u0,0,READ,0x99f000,4096
18598,u0,0,WRITE,0x9a0000,4096
18604,u0,0,WRITE,0x9a1000,4096
18606,u2,2,READ,0x200001ce000,4096
18610,u3,3,READ,0x300001d1000,4096
18612,u0,0,WRITE,0x9a2000,4096
18622,u0,0,WRITE,0x9a3000,4096
18625,u1,1,WRITE,0x100001cf000,4096
18632,u0,0,READ,0x9a4000,4096
18639,u2,2,WRITE,0x200001cf000,4096
18641,u0,0,WRITE,0x9a5000,4096
18641,u3,3,READ,0x300001d2000,4096
18649,u0,0,READ,0x9a6000,4096
18659,u0,0,WRITE,0x9a7000,4096
18664,u0,0,READ,0x9a8000,4096
18674,u0,0,READ,0x9a9000,4096
18674,u1,1,READ,0x100001d0000,4096
18675,u3,3,READ,0x300001d3000,4096
18681,u0,0,WRITE,0x9aa000,4096
18686,u0,0,WRITE,0x9ab000,4096
18688,u2,2,READ,0x200001d0000,4096
18693,u0,0,WRITE,0x9ac000,4096
18702,u0,0,READ,0x9ad000,4096
18712,u0,0,WRITE,0x9ae000,4096
18714,u3,3,READ,0x300001d4000,4096
18719,u0,0,READ,0x9af000,4096
18720,u1,1,READ,0x100001d1000,4096
18725,u2,2,READ,0x200001d1000,4096
18727,u0,0,READ,0x9b0000,4096
18732,u0,0,WRITE,0x9b1000,4096
18737,u0,0,WRITE,0x9b2000,4096
18745,u0,0,WRITE,0x9b3000,4096
18752,u3,3,WRITE,0x300001d5000,4096
18753,u0,0,READ,0x9b4000,4096
18760,u0,0,WRITE,0x9b5000,4096
18761,u2,2,WRITE,0x200001d2000,4096
18765,u0,0,READ,0x9b6000,4096
18765,u1,1,WRITE,0x100001d2000,4096
18773,u0,0,READ,0x9b7000,4096
18781,u0,0,WRITE,0x9b8000,4096
18788,u0,0,READ,0x9b9000,4096
18793,u0,0,READ,0x9ba000,4096
18800,u1,1,WRITE,0x100001d3000,4096
18802,u3,3,WRITE,0x300001d6000,4096
18803,u0,0,WRITE,0x9bb000,4096
18805,u2,2,READ,0x200001d3000,4096
18812,u0,0,READ,0x9bc000,4096
18818,u0,0,READ,0x9bd000,4096
18828,u0,0,READ,0x9be000,4096
18831,u1,1,READ,0x100001d4000,4096
18837,u0,0,READ,0x9bf000,4096
18845,u3,3,READ,0x300001d7000,4096
18846,u2,2,WRITE,0x200001d4000,4096
18847,u0,0,WRITE,0x9c0000,4096
18856,u0,0,READ,0x9c1000,4096
18864,u0,0,READ,0x9c2000,4096
18869,u0,0,READ,0x9c3000,4096
18875,u0,0,READ,0x9c4000,4096
18878,u1,1,READ,0x100001d5000,4096
18881,u2,2,READ,0x200001d5000,4096
18884,u3,3,WRITE,0x300001d8000,4096
18885,u0,0,WRITE,0x9c5000,4096
18893,u0,0,WRITE,0x9c6000,4096
18902,u0,0,WRITE,0x9c7000,4096
18907,u0,0,WRITE,0x9c8000,4096
18913,u0,0,WRITE,0x9c9000,4096
18917,u2,2,READ,0x200001d6000,4096
18918,u0,0,READ,0x9ca000,4096
18923,u1,1,WRITE,0x100001d6000,4096
18927,u0,0,READ,0x9cb000,4096
18927,u3,3,WRITE,0x300001d9000,4096
18932,u0,0,READ,0x9cc000,4096
18939,u0,0,WRITE,0x9cd000,4096
18947,u0,0,WRITE,0x9ce000,4096
18952,u0,0,READ,0x9cf000,4096
18960,u3,3,WRITE,0x300001da000,4096
18961,u0,0,READ,0x9d0000,4096
18964,u2,2,WRITE,0x200001d7000,4096
18969,u0,0,READ,0x9d1000,4096
18969,u1,1,WRITE,0x100001d7000,4096
18978,u0,0,READ,0x9d2000,4096
18988,u0,0,WRITE,0x9d3000,4096
18994,u0,0,READ,0x9d4000,4096
18994,u3,3,WRITE,0x300001db000,4096
18996,u2,2,WRITE,0x200001d8000,4096
19000,u0,0,READ,0x9d5000,4096
19005,u0,0,READ,0x9d6000,4096
19011,u0,0,READ,0x9d7000,4096
19012,u1,1,WRITE,0x100001d8000,4096
19019,u0,0,WRITE,0x9d8000,4096
19028,u0,0,WRITE,0x9d9000,4096
19037,u0,0,READ,0x9da000,4096
19037,u2,2,WRITE,0x200001d9000,4096
19042,u3,3,WRITE,0x300001dc000,4096
19043,u1,1,READ,0x100001d9000,4096
19046,u0,0,READ,0x9db000,4096
19056,u0,0,READ,0x9dc000,4096
19066,u0,0,WRITE,0x9dd000,4096
19075,u3,3,READ,0x300001dd000,4096
19076,u0,0,READ,0x9de000,4096
19079,u2,2,READ,0x200001da000,4096
19081,u1,1,READ,0x100001da000,4096
19083,u0,0,READ,0x9df000,4096
19092,u0,0,READ,0x9e0000,4096
19101,u0,0,WRITE,0x9e1000,4096
19111,u0,0,WRITE,0x9e2000,4096
19121,u0,0,READ,0x9e3000,4096
19123,u1,1,READ,0x100001db000,4096
19123,u2,2,WRITE,0x200001db000,4096
19124,u3,3,WRITE,0x300001de000,4096
19130,u0,0,WRITE,0x9e4000,4096
19138,u0,0,WRITE,0x9e5000,4096
19148,u0,0,WRITE,0x9e6000,4096
19153,u1,1,WRITE,0x100001dc000,4096
19157,u0,0,READ,0x9e7000,4096
19161,u3,3,WRITE,0x300001df000,4096
19165,u0,0,READ,0x9e8000,4096
19173,u2,2,WRITE,0x200001dc000,4096
19175,u0,0,READ,0x9e9000,4096
19182,u0,0,READ,0x9ea000,4096
19190,u0,0,READ,0x9eb000,4096
19190,u1,1,WRITE,0x100001dd000,4096
19197,u3,3,READ,0x300001e0000,4096
19199,u0,0,WRITE,0x9ec000,4096
19206,u0,0,WRITE,0x9ed000,4096
19213,u2,2,WRITE,0x200001dd000,4096
19216,u0,0,WRITE,0x9ee000,4096
19221,u0,0,READ,0x9ef000,4096
19228,u0,0,READ,0x9f0000,4096
19230,u3,3,READ,0x300001e1000,4096
19235,u1,1,READ,0x100001de000,4096
19238,u0,0,READ,0x9f1000,4096
19245,u2,2,WRITE,0x200001de000,4096
19248,u0,0,WRITE,0x9f2000,4096
19254,u0,0,READ,0x9f3000,4096
19261,u0,0,WRITE,0x9f4000,4096
19267,u0,0,READ,0x9f5000,4096
19267,u1,1,READ,0x100001df000,4096
19267,u3,3,READ,0x300001e2000,4096
19276,u0,0,READ,0x9f6000,4096
19283,u0,0,WRITE,0x9f7000,4096
19286,u2,2,WRITE,0x200001df000,4096
19293,u0,0,WRITE,0x9f8000,4096
19299,u0,0,READ,0x9f9000,4096
19302,u3,3,READ,0x300001e3000,4096
19303,u1,1,WRITE,0x100001e0000,4096
19304,u0,0,READ,0x9fa000,4096
19310,u0,0,READ,0x9fb000,4096
19318,u0,0,READ,0x9fc000,4096
19327,u0,0,READ,0x9fd000,4096
19327,u2,2,WRITE,0x200001e0000,4096
19334,u0,0,READ,0x9fe000,4096
19335,u1,1,WRITE,0x100001e1000,4096
19341,u0,0,WRITE,0x9ff000,4096
19341,u3,3,READ,0x300001e4000,4096
19347,u0,0,WRITE,0xa00000,4096
19354,u0,0,READ,0xa01000,4096
19361,u0,0,WRITE,0xa02000,4096
19367,u0,0,READ,0xa03000,4096
19372,u1,1,READ,0x100001e2000,4096
19373,u2,2,WRITE,0x200001e1000,4096
19376,u0,0,WRITE,0xa04000,4096
19386,u0,0,WRITE,0xa05000,4096
19386,u3,3,WRITE,0x300001e5000,4096
19394,u0,0,READ,0xa06000,4096
19401,u0,0,READ,0xa07000,4096
19404,u1,1,WRITE,0x100001e3000,4096
19411,u0,0,READ,0xa08000,4096
19411,u2,2,WRITE,0x200001e2000,4096
19416,u0,0,WRITE,0xa09000,4096
19422,u0,0,READ,0xa0a000,4096
19430,u0,0,READ,0xa0b000,4096
19432,u3,3,WRITE,0x300001e6000,4096
19439,u0,0,WRITE,0xa0c000,4096
19443,u1,1,READ,0x100001e4000,4096
19446,u0,0,READ,0xa0d000,4096
19451,u0,0,WRITE,0xa0e000,4096
19458,u0,0,WRITE,0xa0f000,4096
19460,u2,2,READ,0x200001e3000,4096
19463,u0,0,READ,0xa10000,4096
19469,u0,0,WRITE,0xa11000,4096
19473,u3,3,READ,0x300001e7000,4096
19476,u0,0,READ,0xa12000,4096
19482,u0,0,WRITE,0xa13000,4096
19485,u1,1,WRITE,0x100001e5000,4096
19490,u0,0,READ,0xa14000,4096
19495,u0,0,READ,0xa15000,4096
19496,u2,2,READ,0x200001e4000,4096
19502,u0,0,WRITE,0xa16000,4096
19505,u3,3,WRITE,0x300001e8000,4096
19507,u0,0,WRITE,0xa17000,4096
19513,u0,0,WRITE,0xa18000,4096
19515,u1,1,READ,0x100001e6000,4096
19520,u0,0,WRITE,0xa19000,4096
19530,u0,0,READ,0xa1a000,4096
19537,u2,2,WRITE,0x200001e5000,4096
19538,u0,0,WRITE,0xa1b000,4096
19548,u0,0,READ,0xa1c000,4096
19549,u3,3,WRITE,0x300001e9000,4096
19554,u0,0,WRITE,0xa1d000,4096
19561,u0,0,READ,0xa1e000,4096
19561,u1,1,READ,0x100001e7000,4096
19571,u0,0,WRITE,0xa1f000,4096
19575,u2,2,WRITE,0x200001e6000,4096
19580,u0,0,WRITE,0xa20000,4096
19590,u0,0,WRITE,0xa21000,4096
19592,u3,3,WRITE,0x300001ea000,4096
19593,u1,1,READ,0x100001e8000,4096
19599,u0,0,WRITE,0xa22000,4096
19605,u0,0,WRITE,0xa23000,4096
19615,u0,0,WRITE,0xa24000,4096
19615,u2,2,READ,0x200001e7000,4096
19620,u0,0,WRITE,0xa25000,4096
19625,u0,0,READ,0xa26000,4096
19630,u3,3,READ,0x300001eb000,4096
19631,u0,0,WRITE,0xa27000,4096
19635,u1,1,WRITE,0x100001e9000,4096
19639,u0,0,WRITE,0xa28000,4096
19645,u0,0,READ,0xa29000,4096
19652,u0,0,WRITE,0xa2a000,4096
19655,u2,2,WRITE,0x200001e8000,4096
19660,u0,0,READ,0xa2b000,4096
19665,u0,0,READ,0xa2c000,4096
19670,u0,0,WRITE,0xa2d000,4096
19673,u1,1,WRITE,0x100001ea000,4096
19679,u3,3,READ,0x300001ec000,4096
19680,u0,0,WRITE,0xa2e000,4096
19687,u2,2,WRITE,0x200001e9000,4096
19688,u0,0,WRITE,0xa2f000,4096
19694,u0,0,WRITE,0xa30000,4096
19700,u0,0,WRITE,0xa31000,4096
19708,u0,0,READ,0xa32000,4096
19715,u0,0,WRITE,0xa33000,4096
19715,u1,1,READ,0x100001eb000,4096
19720,u0,0,WRITE,0xa34000,4096
19725,u3,3,WRITE,0x300001ed000,4096
19726,u0,0,READ,0xa35000,4096
19731,u2,2,READ,0x200001ea000,4096
19733,u0,0,READ,0xa36000,4096
19743,u0,0,WRITE,0xa37000,4096
19752,u1,1,WRITE,0x100001ec000,4096
19753,u0,0,READ,0xa38000,4096
19759,u0,0,WRITE,0xa39000,4096
19759,u3,3,WRITE,0x300001ee000,4096
19764,u0,0,READ,0xa3a000,4096
19772,u0,0,WRITE,0xa3b000,4096
19775,u2,2,READ,0x200001eb000,4096
19780,u0,0,WRITE,0xa3c000,4096
19787,u0,0,READ,0xa3d000,4096
19792,u0,0,READ,0xa3e000,4096
19797,u1,1,READ,0x100001ed000,4096
19801,u0,0,READ,0xa3f000,4096
19805,u3,3,READ,0x300001ef000,4096
19807,u2,2,WRITE,0x200001ec000,4096
19810,u0,0,READ,0xa40000,4096
19817,u0,0,WRITE,0xa41000,4096
19827,u0,0,READ,0xa42000,4096
19834,u1,1,WRITE,0x100001ee000,4096
19836,u0,0,READ,0xa43000,4096
19841,u0,0,READ,0xa44000,4096
19843,u3,3,WRITE,0x300001f0000,4096
19848,u0,0,WRITE,0xa45000,4096
19855,u2,2,WRITE,0x200001ed000,4096
19857,u0,0,READ,0xa46000,4096
19862,u0,0,WRITE,0xa47000,4096
19871,u0,0,WRITE,0xa48000,4096
19873,u1,1,READ,0x100001ef000,4096
19876,u3,3,WRITE,0x300001f1000,4096
19880,u0,0,READ,0xa49000,4096
19887,u0,0,READ,0xa4a000,4096
19893,u0,0,READ,0xa4b000,4096
19898,u0,0,READ,0xa4c000,4096
19904,u2,2,READ,0x200001ee000,4096
19908,u0,0,READ,0xa4d000,4096
19914,u3,3,READ,0x300001f2000,4096
19916,u0,0,READ,0xa4e000,4096
19918,u1,1,WRITE,0x100001f0000,4096
19925,u0,0,READ,0xa4f000,4096
19935,u0,0,WRITE,0xa50000,4096
19942,u0,0,WRITE,0xa51000,4096
19952,u0,0,READ,0xa52000,4096
19952,u3,3,READ,0x300001f3000,4096
19953,u2,2,WRITE,0x200001ef000,4096
19955,u1,1,READ,0x100001f1000,4096
19961,u0,0,WRITE,0xa53000,4096
19968,u0,0,WRITE,0xa54000,4096
19974,u0,0,WRITE,0xa55000,4096
19983,u0,0,WRITE,0xa56000,4096
19989,u0,0,READ,0xa57000,4096
19994,u0,0,WRITE,0xa58000,4096
20001,u3,3,WRITE,0x300001f4000,4096
20003,u1,1,READ,0x100001f2000,4096
20003,u2,2,READ,0x200001f0000,4096
20004,u0,0,READ,0xa59000,4096
20010,u0,0,WRITE,0xa5a000,4096
20019,u0,0,WRITE,0xa5b000,4096
20027,u0,0,READ,0xa5c000,4096
20035,u0,0,WRITE,0xa5d000,4096
20035,u2,2,READ,0x200001f1000,4096
20040,u0,0,READ,0xa5e000,4096
20040,u1,1,WRITE,0x100001f3000,4096
20050,u0,0,READ,0xa5f000,4096
20051,u3,3,WRITE,0x300001f5000,4096
20060,u0,0,READ,0xa60000,4096
20068,u0,0,WRITE,0xa61000,4096
20076,u0,0,READ,0xa62000,4096
20080,u1,1,READ,0x100001f4000,4096
20083,u2,2,WRITE,0x200001f2000,4096
20086,u0,0,READ,0xa63000,4096
20092,u0,0,WRITE,0xa64000,4096
20096,u3,3,WRITE,0x300001f6000,4096
20098,u0,0,WRITE,0xa65000,4096
20104,u0,0,WRITE,0xa66000,4096
20110,u0,0,READ,0xa67000,4096
20115,u1,1,WRITE,0x100001f5000,4096
20120,u0,0,WRITE,0xa68000,4096
20125,u0,0,WRITE,0xa69000,4096
20126,u2,2,READ,0x200001f3000,4096
20132,u0,0,READ,0xa6a000,4096
20133,u3,3,READ,0x300001f7000,4096
20138,u0,0,READ,0xa6b000,4096
20148,u0,0,READ,0xa6c000,4096
20153,u1,1,WRITE,0x100001f6000,4096
20155,u0,0,READ,0xa6d000,4096
20161,u0,0,READ,0xa6e000,4096
20169,u0,0,READ,0xa6f000,4096
20173,u2,2,WRITE,0x200001f4000,4096
20175,u0,0,READ,0xa70000,4096
20176,u3,3,WRITE,0x300001f8000,4096
20184,u0,0,READ,0xa71000,4096
20193,u0,0,WRITE,0xa72000,4096
20202,u1,1,WRITE,0x100001f7000,4096
20203,u0,0,WRITE,0xa73000,4096
20203,u2,2,WRITE,0x200001f5000,4096
20208,u3,3,WRITE,0x300001f9000,4096
20212,u0,0,READ,0xa74000,4096
20219,u0,0,READ,0xa75000,4096
20228,u0,0,READ,0xa76000,4096
20238,u0,0,READ,0xa77000,4096
20238,u2,2,WRITE,0x200001f6000,4096
20243,u1,1,READ,0x100001f8000,4096
20244,u0,0,READ,0xa78000,4096
20250,u3,3,WRITE,0x300001fa000,4096
20253,u0,0,WRITE,0xa79000,4096
20261,u0,0,WRITE,0xa7a000,4096
20268,u0,0,WRITE,0xa7b000,4096
20278,u0,0,READ,0xa7c000,4096
20278,u2,2,READ,0x200001f7000,4096
20284,u0,0,WRITE,0xa7d000,4096
20289,u1,1,WRITE,0x100001f9000,4096
20292,u0,0,WRITE,0xa7e000,4096
20298,u3,3,WRITE,0x300001fb000,4096
20301,u0,0,WRITE,0xa7f000,4096
20308,u0,0,WRITE,0xa80000,4096
20314,u2,2,READ,0x200001f8000,4096
20318,u0,0,WRITE,0xa81000,4096
20328,u0,0,WRITE,0xa82000,4096
20334,u0,0,READ,0xa83000,4096
20337,u1,1,WRITE,0x100001fa000,4096
20342,u0,0,READ,0xa84000,4096
20345,u3,3,READ,0x300001fc000,4096
20347,u2,2,WRITE,0x200001f9000,4096
20349,u0,0,READ,0xa85000,4096
20355,u0,0,WRITE,0xa86000,4096
20362,u0,0,READ,0xa87000,4096
20368,u0,0,WRITE,0xa88000,4096
20376,u0,0,WRITE,0xa89000,4096
20379,u3,3,WRITE,0x300001fd000,4096
20381,u1,1,READ,0x100001fb000,4096
20384,u2,2,READ,0x200001fa000,4096
20385,u0,0,READ,0xa8a000,4096
20391,u0,0,READ,0xa8b000,4096
20401,u0,0,READ,0xa8c000,4096
20410,u0,0,READ,0xa8d000,4096
20414,u2,2,WRITE,0x200001fb000,4096
20419,u0,0,WRITE,0xa8e000,4096
20420,u3,3,WRITE,0x300001fe000,4096
20425,u0,0,WRITE,0xa8f000,4096
20431,u1,1,READ,0x100001fc000,4096
20433,u0,0,WRITE,0xa90000,4096
20441,u0,0,READ,0xa91000,4096
20447,u2,2,READ,0x200001fc000,4096
20449,u0,0,WRITE,0xa92000,4096
20450,u3,3,WRITE,0x300001ff000,4096
20455,u0,0,READ,0xa93000,4096
20462,u0,0,READ,0xa94000,4096
20465,u1,1,READ,0x100001fd000,4096
20472,u0,0,READ,0xa95000,4096
20480,u0,0,WRITE,0xa96000,4096
20481,u3,3,WRITE,0x30000200000,4096
20484,u2,2,WRITE,0x200001fd000,4096
20487,u0,0,READ,0xa97000,4096
20494,u0,0,WRITE,0xa98000,4096
20502,u0,0,READ,0xa99000,4096
20510,u0,0,WRITE,0xa9a000,4096
20514,u1,1,WRITE,0x100001fe000,4096
20520,u0,0,WRITE,0xa9b000,4096
20528,u0,0,WRITE,0xa9c000,4096
20531,u3,3,READ,0x30000201000,4096
20533,u0,0,WRITE,0xa9d000,4096
20534,u2,2,READ,0x200001fe000,4096
20539,u0,0,READ,0xa9e000,4096
20546,u0,0,WRITE,0xa9f000,4096
20551,u0,0,WRITE,0xaa0000,4096
20554,u1,1,WRITE,0x100001ff000,4096
20556,u0,0,WRITE,0xaa1000,4096
20561,u0,0,WRITE,0xaa2000,4096
20569,u0,0,WRITE,0xaa3000,4096
20577,u3,3,READ,0x30000202000,4096
20579,u0,0,READ,0xaa4000,4096
20580,u2,2,READ,0x200001ff000,4096
20586,u0,0,WRITE,0xaa5000,4096
20596,u0,0,WRITE,0xaa6000,4096
20603,u1,1,READ,0x10000200000,4096
20605,u0,0,WRITE,0xaa7000,4096
20609,u3,3,WRITE,0x30000203000,4096
20614,u0,0,READ,0xaa8000,4096
20624,u0,0,WRITE,0xaa9000,4096
20624,u2,2,WRITE,0x20000200000,4096
20629,u0,0,READ,0xaaa000,4096
20635,u0,0,WRITE,0xaab000,4096
20640,u0,0,READ,0xaac000,4096
20647,u0,0,WRITE,0xaad000,4096
20651,u1,1,WRITE,0x10000201000,4096
20652,u3,3,WRITE,0x30000204000,4096
20654,u0,0,READ,0xaae000,4096
20663,u2,2,WRITE,0x20000201000,4096
20664,u0,0,READ,0xaaf000,4096
20674,u0,0,READ,0xab0000,4096
20681,u0,0,READ,0xab1000,4096
20686,u3,3,WRITE,0x30000205000,4096
20687,u0,0,WRITE,0xab2000,4096
20694,u0,0,WRITE,0xab3000,4096
20699,u1,1,WRITE,0x10000202000,4096
20700,u0,0,READ,0xab4000,4096
20704,u2,2,WRITE,0x20000202000,4096
20709,u0,0,READ,0xab5000,4096
20716,u0,0,READ,0xab6000,4096
20721,u0,0,READ,0xab7000,4096
20725,u3,3,READ,0x30000206000,4096
20726,u0,0,WRITE,0xab8000,4096
20736,u0,0,WRITE,0xab9000,4096
20745,u2,2,WRITE,0x20000203000,4096
20746,u0,0,WRITE,0xaba000,4096
20748,u1,1,WRITE,0x10000203000,4096
20751,u0,0,READ,0xabb000,4096
20756,u0,0,WRITE,0xabc000,4096
20758,u3,3,READ,0x30000207000,4096
20765,u0,0,WRITE,0xabd000,4096
20770,u0,0,WRITE,0xabe000,4096
20775,u0,0,READ,0xabf000,4096
20779,u1,1,READ,0x10000204000,4096
20784,u0,0,WRITE,0xac0000,4096
20784,u2,2,READ,0x20000204000,4096
20790,u0,0,READ,0xac1000,4096
20800,u0,0,WRITE,0xac2000,4096
20805,u3,3,WRITE,0x30000208000,4096
20806,u0,0,READ,0xac3000,4096
20814,u0,0,WRITE,0xac4000,4096
20814,u1,1,READ,0x10000205000,4096
20820,u0,0,READ,0xac5000,4096
20829,u2,2,WRITE,0x20000205000,4096
20830,u0,0,READ,0xac6000,4096
20835,u0,0,WRITE,0xac7000,4096
20843,u3,3,READ,0x30000209000,4096
20845,u0,0,READ,0xac8000,4096
20852,u0,0,READ,0xac9000,4096
20858,u0,0,WRITE,0xaca000,4096
20863,u1,1,READ,0x10000206000,4096
20865,u0,0,WRITE,0xacb000,4096
20868,u2,2,WRITE,0x20000206000,4096
20874,u0,0,WRITE,0xacc000,4096
20880,u3,3,WRITE,0x3000020a000,4096
20883,u0,0,READ,0xacd000,4096
20890,u0,0,WRITE,0xace000,4096
20896,u0,0,READ,0xacf000,4096
20903,u2,2,WRITE,0x20000207000,4096
20905,u0,0,READ,0xad0000,4096
20913,u1,1,WRITE,0x10000207000,4096
20915,u0,0,READ,0xad1000,4096
20917,u3,3,WRITE,0x3000020b000,4096
20920,u0,0,WRITE,0xad2000,4096
20930,u0,0,WRITE,0xad3000,4096
20938,u0,0,WRITE,0xad4000,4096
20939,u2,2,READ,0x20000208000,4096
20946,u0,0,WRITE,0xad5000,4096
20951,u0,0,READ,0xad6000,4096
20952,u3,3,READ,0x3000020c000,4096
20956,u0,0,WRITE,0xad7000,4096
20961,u1,1,WRITE,0x10000208000,4096
20964,u0,0,WRITE,0xad8000,4096
20973,u0,0,READ,0xad9000,4096
20980,u0,0,READ,0xada000,4096
20982,u3,3,WRITE,0x3000020d000,4096
20987,u0,0,READ,0xadb000,4096
20988,u2,2,WRITE,0x20000209000,4096
20996,u0,0,READ,0xadc000,4096
21001,u0,0,READ,0xadd000,4096
21010,u0,0,READ,0xade000,4096
21010,u1,1,READ,0x10000209000,4096
21019,u0,0,WRITE,0xadf000,4096
21026,u0,0,READ,0xae0000,4096
21029,u2,2,WRITE,0x2000020a000,4096
21032,u0,0,READ,0xae1000,4096
21032,u3,3,WRITE,0x3000020e000,4096
21042,u0,0,READ,0xae2000,4096
21047,u0,0,WRITE,0xae3000,4096
21053,u0,0,READ,0xae4000,4096
21059,u1,1,WRITE,0x1000020a000,4096
21059,u2,2,READ,0x2000020b000,4096
21062,u0,0,WRITE,0xae5000,4096
21065,u3,3,READ,0x3000020f000,4096
21069,u0,0,READ,0xae6000,4096
21075,u0,0,WRITE,0xae7000,4096
21081,u0,0,READ,0xae8000,4096
21088,u0,0,WRITE,0xae9000,4096
21090,u1,1,WRITE,0x1000020b000,4096
21098,u0,0,WRITE,0xaea000,4096
21104,u0,0,WRITE,0xaeb000,4096
21104,u2,2,WRITE,0x2000020c000,4096
21107,u3,3,WRITE,0x30000210000,4096
21110,u0,0,READ,0xaec000,4096
21118,u0,0,WRITE,0xaed000,4096
21120,u1,1,READ,0x1000020c000,4096
21128,u0,0,READ,0xaee000,4096
21135,u0,0,READ,0xaef000,4096
21143,u0,0,WRITE,0xaf0000,4096
21152,u0,0,WRITE,0xaf1000,4096
21152,u2,2,READ,0x2000020d000,4096
21154,u3,3,WRITE,0x30000211000,4096
21159,u0,0,READ,0xaf2000,4096
21164,u0,0,WRITE,0xaf3000,4096
21169,u0,0,READ,0xaf4000,4096
21169,u1,1,READ,0x1000020d000,4096
21176,u0,0,READ,0xaf5000,4096
21186,u0,0,READ,0xaf6000,4096
21196,u0,0,READ,0xaf7000,4096
21199,u1,1,WRITE,0x1000020e000,4096
21199,u2,2,WRITE,0x2000020e000,4096
21201,u3,3,READ,0x30000212000,4096
21206,u0,0,WRITE,0xaf8000,4096
21213,u0,0,WRITE,0xaf9000,4096
21222,u0,0,READ,0xafa000,4096
21230,u0,0,READ,0xafb000,4096
21236,u1,1,READ,0x1000020f000,4096
21237,u0,0,WRITE,0xafc000,4096
21244,u3,3,READ,0x30000213000,4096
21247,u0,0,READ,0xafd000,4096
21247,u2,2,WRITE,0x2000020f000,4096
21253,u0,0,WRITE,0xafe000,4096
21260,u0,0,WRITE,0xaff000,4096
21267,u0,0,READ,0xb00000,4096
21273,u1,1,WRITE,0x10000210000,4096
21277,u0,0,READ,0xb01000,4096
21280,u2,2,READ,0x20000210000,4096
21285,u0,0,READ,0xb02000,4096
21290,u3,3,READ,0x30000214000,4096
21295,u0,0,READ,0xb03000,4096
21303,u0,0,READ,0xb04000,4096
21309,u0,0,WRITE,0xb05000,4096
21316,u1,1,READ,0x10000211000,4096
21317,u0,0,WRITE,0xb06000,4096
21317,u2,2,WRITE,0x20000211000,4096
21326,u0,0,WRITE,0xb07000,4096
21331,u0,0,READ,0xb08000,4096
21335,u3,3,WRITE,0x30000215000,4096
21337,u0,0,READ,0xb09000,4096
21344,u0,0,WRITE,0xb0a000,4096
21352,u2,2,WRITE,0x20000212000,4096
21353,u1,1,READ,0x10000212000,4096
21354,u0,0,READ,0xb0b000,4096
21364,u0,0,READ,0xb0c000,4096
21365,u3,3,WRITE,0x30000216000,4096
21370,u0,0,READ,0xb0d000,4096
21377,u0,0,WRITE,0xb0e000,4096
21386,u0,0,READ,0xb0f000,4096
21388,u2,2,READ,0x20000213000,4096
21392,u0,0,READ,0xb10000,4096
21393,u1,1,WRITE,0x10000213000,4096
21397,u0,0,READ,0xb11000,4096
21400,u3,3,WRITE,0x30000217000,4096
21404,u0,0,WRITE,0xb12000,4096
21410,u0,0,WRITE,0xb13000,4096
21419,u0,0,READ,0xb14000,4096
21426,u0,0,READ,0xb15000,4096
21426,u1,1,READ,0x10000214000,4096
21434,u2,2,READ,0x20000214000,4096
21436,u0,0,READ,0xb16000,4096
21437,u3,3,READ,0x30000218000,4096
21446,u0,0,READ,0xb17000,4096
21453,u0,0,WRITE,0xb18000,4096
21457,u1,1,WRITE,0x10000215000,4096
21462,u0,0,READ,0xb19000,4096
21470,u0,0,WRITE,0xb1a000,4096
21473,u3,3,WRITE,0x30000219000,4096
21476,u0,0,READ,0xb1b000,4096
21477,u2,2,WRITE,0x20000215000,4096
21483,u0,0,WRITE,0xb1c000,4096
21489,u1,1,WRITE,0x10000216000,4096
21493,u0,0,READ,0xb1d000,4096
21503,u0,0,READ,0xb1e000,4096
21509,u3,3,WRITE,0x3000021a000,4096
21512,u0,0,WRITE,0xb1f000,4096
21519,u0,0,WRITE,0xb20000,4096
21523,u1,1,WRITE,0x10000217000,4096
21523,u2,2,WRITE,0x20000216000,4096
21524,u0,0,READ,0xb21000,4096
21531,u0,0,WRITE,0xb22000,4096
21538,u0,0,WRITE,0xb23000,4096
21545,u0,0,READ,0xb24000,4096
21545,u3,3,READ,0x3000021b000,4096
21553,u0,0,READ,0xb25000,4096
21560,u0,0,READ,0xb26000,4096
21563,u1,1,READ,0x10000218000,4096
21564,u2,2,WRITE,0x20000217000,4096
21569,u0,0,READ,0xb27000,4096
21578,u0,0,WRITE,0xb28000,4096
21587,u0,0,READ,0xb29000,4096
21592,u3,3,READ,0x3000021c000,4096
21595,u2,2,WRITE,0x20000218000,4096
21596,u1,1,WRITE,0x10000219000,4096
21597,u0,0,READ,0xb2a000,4096
21603,u0,0,WRITE,0xb2b000,4096
21611,u0,0,READ,0xb2c000,4096
21619,u0,0,WRITE,0xb2d000,4096
21624,u0,0,READ,0xb2e000,4096
21629,u1,1,READ,0x1000021a000,4096
21632,u0,0,WRITE,0xb2f000,4096
21636,u2,2,WRITE,0x20000219000,4096
21640,u0,0,READ,0xb30000,4096
21642,u3,3,WRITE,0x3000021d000,4096
21648,u0,0,READ,0xb31000,4096
21658,u0,0,READ,0xb32000,4096
21664,u0,0,WRITE,0xb33000,4096
21669,u0,0,READ,0xb34000,4096
21674,u3,3,WRITE,0x3000021e000,4096
21677,u1,1,WRITE,0x1000021b000,4096
21677,u2,2,WRITE,0x2000021a000,4096
21678,u0,0,WRITE,0xb35000,4096
21686,u0,0,WRITE,0xb36000,4096
21694,u0,0,WRITE,0xb37000,4096
21703,u0,0,READ,0xb38000,4096
21708,u3,3,WRITE,0x3000021f000,4096
21712,u0,0,WRITE,0xb39000,4096
21713,u1,1,READ,0x1000021c000,4096
21715,u2,2,READ,0x2000021b000,4096
21721,u0,0,WRITE,0xb3a000,4096
21728,u0,0,READ,0xb3b000,4096
21735,u0,0,READ,0xb3c000,4096
21745,u0,0,READ,0xb3d000,4096
21750,u0,0,WRITE,0xb3e000,4096
21755,u3,3,READ,0x30000220000,4096
21758,u0,0,READ,0xb3f000,4096
21759,u1,1,READ,0x1000021d000,4096
21759,u2,2,READ,0x2000021c000,4096
21768,u0,0,READ,0xb40000,4096
21774,u0,0,READ,0xb41000,4096
21780,u0,0,WRITE,0xb42000,4096
21790,u0,0,WRITE,0xb43000,4096
21794,u3,3,WRITE,0x30000221000,4096
21797,u0,0,WRITE,0xb44000,4096
21799,u2,2,READ,0x2000021d000,4096
21802,u1,1,WRITE,0x1000021e000,4096
21806,u0,0,WRITE,0xb45000,4096
21811,u0,0,READ,0xb46000,4096
21820,u0,0,WRITE,0xb47000,4096
21828,u0,0,READ,0xb48000,4096
21834,u1,1,READ,0x1000021f000,4096
21838,u0,0,READ,0xb49000,4096
21838,u3,3,READ,0x30000222000,4096
21843,u0,0,WRITE,0xb4a000,4096
21843,u2,2,READ,0x2000021e000,4096
21853,u0,0,READ,0xb4b000,4096
21863,u0,0,READ,0xb4c000,4096
21870,u0,0,READ,0xb4d000,4096
21876,u1,1,WRITE,0x10000220000,4096
21878,u0,0,WRITE,0xb4e000,4096
21881,u3,3,READ,0x30000223000,4096
21887,u0,0,WRITE,0xb4f000,4096
21891,u2,2,WRITE,0x2000021f000,4096
21894,u0,0,READ,0xb50000,4096
21901,u0,0,READ,0xb51000,4096
21910,u0,0,WRITE,0xb52000,4096
21917,u0,0,WRITE,0xb53000,4096
21922,u3,3,WRITE,0x30000224000,4096
21923,u1,1,WRITE,0x10000221000,4096
21926,u0,0,READ,0xb54000,4096
21931,u2,2,WRITE,0x20000220000,4096
21935,u0,0,READ,0xb55000,4096
21943,u0,0,READ,0xb56000,4096
21948,u0,0,READ,0xb57000,4096
21958,u0,0,READ,0xb58000,4096
21960,u3,3,WRITE,0x30000225000,4096
21963,u0,0,WRITE,0xb59000,4096
21968,u0,0,READ,0xb5a000,4096
21968,u1,1,READ,0x10000222000,4096
21974,u0,0,WRITE,0xb5b000,4096
21978,u2,2,READ,0x20000221000,4096
21984,u0,0,WRITE,0xb5c000,4096
21990,u3,3,READ,0x30000226000,4096
21994,u0,0,READ,0xb5d000,4096
22001,u0,0,READ,0xb5e000,4096
22010,u0,0,READ,0xb5f000,4096
22012,u1,1,READ,0x10000223000,4096
22018,u0,0,WRITE,0xb60000,4096
22025,u2,2,WRITE,0x20000222000,4096
22027,u0,0,WRITE,0xb61000,4096
22032,u0,0,READ,0xb62000,4096
22037,u0,0,WRITE,0xb63000,4096
22038,u3,3,READ,0x30000227000,4096
22043,u0,0,WRITE,0xb64000,4096
22053,u0,0,READ,0xb65000,4096
22056,u2,2,WRITE,0x20000223000,4096
22060,u1,1,READ,0x10000224000,4096
22062,u0,0,WRITE,0xb66000,4096
22069,u0,0,WRITE,0xb67000,4096
22069,u3,3,WRITE,0x30000228000,4096
22079,u0,0,READ,0xb68000,4096
22084,u0,0,READ,0xb69000,4096
22089,u0,0,READ,0xb6a000,4096
22096,u2,2,WRITE,0x20000224000,4096
22097,u0,0,WRITE,0xb6b000,4096
22097,u1,1,WRITE,0x10000225000,4096
22105,u0,0,WRITE,0xb6c000,4096
22111,u3,3,READ,0x30000229000,4096
22115,u0,0,READ,0xb6d000,4096
22123,u0,0,WRITE,0xb6e000,4096
22130,u0,0,WRITE,0xb6f000,4096
22132,u2,2,READ,0x20000225000,4096
22138,u0,0,WRITE,0xb70000,4096
22141,u1,1,WRITE,0x10000226000,4096
22147,u0,0,READ,0xb71000,4096
22148,u3,3,READ,0x3000022a000,4096
22154,u0,0,WRITE,0xb72000,4096
22161,u0,0,READ,0xb73000,4096
22166,u2,2,READ,0x20000226000,4096
22170,u0,0,WRITE,0xb74000,4096
22180,u0,0,WRITE,0xb75000,4096
22181,u1,1,WRITE,0x10000227000,4096
22185,u3,3,READ,0x3000022b000,4096
22189,u0,0,WRITE,0xb76000,4096
22198,u0,0,WRITE,0xb77000,4096
22206,u0,0,WRITE,0xb78000,4096
22212,u2,2,WRITE,0x20000227000,4096
22216,u0,0,WRITE,0xb79000,4096
22220,u1,1,READ,0x10000228000,4096
22223,u0,0,WRITE,0xb7a000,4096
22224,u3,3,READ,0x3000022c000,4096
22229,u0,0,WRITE,0xb7b000,4096
22234,u0,0,WRITE,0xb7c000,4096
22243,u2,2,READ,0x20000228000,4096
22244,u0,0,READ,0xb7d000,4096
22251,u0,0,WRITE,0xb7e000,4096
22257,u0,0,READ,0xb7f000,4096
22262,u1,1,WRITE,0x10000229000,4096
22267,u0,0,READ,0xb80000,4096
22270,u3,3,READ,0x3000022d000,4096
22273,u2,2,WRITE,0x20000229000,4096
22276,u0,0,WRITE,0xb81000,4096
22286,u0,0,READ,0xb82000,4096
22293,u0,0,WRITE,0xb83000,4096
22302,u0,0,READ,0xb84000,4096
22302,u3,3,WRITE,0x3000022e000,4096
22309,u0,0,WRITE,0xb85000,4096
22309,u1,1,READ,0x1000022a000,4096
22316,u0,0,WRITE,0xb86000,4096
22321,u0,0,READ,0xb87000,4096
22323,u2,2,READ,0x2000022a000,4096
22326,u0,0,WRITE,0xb88000,4096
22336,u0,0,READ,0xb89000,4096
22346,u0,0,READ,0xb8a000,4096
22347,u1,1,WRITE,0x1000022b000,4096
22349,u3,3,WRITE,0x3000022f000,4096
22354,u0,0,WRITE,0xb8b000,4096
22360,u0,0,WRITE,0xb8c000,4096
22366,u2,2,READ,0x2000022b000,4096
22367,u0,0,READ,0xb8d000,4096
22374,u0,0,READ,0xb8e000,4096
22380,u0,0,WRITE,0xb8f000,4096
22386,u1,1,WRITE,0x1000022c000,4096
22387,u3,3,WRITE,0x30000230000,4096
22390,u0,0,WRITE,0xb90000,4096
22396,u2,2,READ,0x2000022c000,4096
22397,u0,0,READ,0xb91000,4096
22404,u0,0,READ,0xb92000,4096
22411,u0,0,WRITE,0xb93000,4096
22416,u0,0,READ,0xb94000,4096
22426,u0,0,READ,0xb95000,4096
22428,u2,2,WRITE,0x2000022d000,4096
22428,u3,3,READ,0x30000231000,4096
22431,u1,1,READ,0x1000022d000,4096
22434,u0,0,WRITE,0xb96000,4096
22439,u0,0,READ,0xb97000,4096
22446,u0,0,WRITE,0xb98000,4096
22452,u0,0,WRITE,0xb99000,4096
22457,u0,0,READ,0xb9a000,4096
22463,u0,0,WRITE,0xb9b000,4096
22463,u2,2,READ,0x2000022e000,4096
22468,u0,0,READ,0xb9c000,4096
22472,u1,1,WRITE,0x1000022e000,4096
22473,u3,3,WRITE,0x30000232000,4096
22474,u0,0,WRITE,0xb9d000,4096
22480,u0,0,READ,0xb9e000,4096
22487,u0,0,WRITE,0xb9f000,4096
22496,u0,0,READ,0xba0000,4096
22504,u3,3,READ,0x30000233000,4096
22505,u0,0,WRITE,0xba1000,4096
22506,u1,1,READ,0x1000022f000,4096
22508,u2,2,WRITE,0x2000022f000,4096
22510,u0,0,READ,0xba2000,4096
22517,u0,0,WRITE,0xba3000,4096
22522,u0,0,READ,0xba4000,4096
22531,u0,0,READ,0xba5000,4096
22537,u1,1,WRITE,0x10000230000,4096
22540,u0,0,WRITE,0xba6000,4096
22543,u3,3,WRITE,0x30000234000,4096
22549,u0,0,WRITE,0xba7000,4096
22549,u2,2,READ,0x20000230000,4096
22556,u0,0,READ,0xba8000,4096
22562,u0,0,WRITE,0xba9000,4096
22570,u0,0,READ,0xbaa000,4096
22578,u1,1,WRITE,0x10000231000,4096
22579,u0,0,READ,0xbab000,4096
22587,u0,0,WRITE,0xbac000,4096
22592,u3,3,READ,0x30000235000,4096
22593,u0,0,READ,0xbad000,4096
22594,u2,2,WRITE,0x20000231000,4096
22603,u0,0,WRITE,0xbae000,4096
22612,u0,0,READ,0xbaf000,4096
22617,u0,0,READ,0xbb0000,4096
22625,u0,0,READ,0xbb1000,4096
22627,u1,1,READ,0x10000232000,4096
22629,u2,2,WRITE,0x20000232000,4096
22631,u0,0,READ,0xbb2000,4096
22636,u0,0,WRITE,0xbb3000,4096
22640,u3,3,WRITE,0x30000236000,4096
22645,u0,0,WRITE,0xbb4000,4096
22655,u0,0,READ,0xbb5000,4096
22665,u0,0,WRITE,0xbb6000,4096
22667,u2,2,WRITE,0x20000233000,4096
22670,u0,0,READ,0xbb7000,4096
22675,u1,1,WRITE,0x10000233000,4096
22678,u0,0,READ,0xbb8000,4096
22679,u3,3,WRITE,0x30000237000,4096
22688,u0,0,WRITE,0xbb9000,4096
22696,u0,0,READ,0xbba000,4096
22706,u0,0,READ,0xbbb000,4096
22708,u1,1,READ,0x10000234000,4096
22711,u0,0,READ,0xbbc000,4096
22713,u2,2,READ,0x20000234000,4096
22717,u0,0,READ,0xbbd000,4096
22725,u0,0,READ,0xbbe000,4096
22726,u3,3,READ,0x30000238000,4096
22732,u0,0,WRITE,0xbbf000,4096
22738,u0,0,WRITE,0xbc0000,4096
22742,u1,1,WRITE,0x10000235000,4096
22746,u0,0,WRITE,0xbc1000,4096
22746,u2,2,READ,0x20000235000,4096
22751,u0,0,WRITE,0xbc2000,4096
22757,u0,0,WRITE,0xbc3000,4096
22764,u3,3,READ,0x30000239000,4096
22765,u0,0,READ,0xbc4000,4096
22774,u0,0,READ,0xbc5000,4096
22778,u2,2,READ,0x20000236000,4096
22783,u0,0,READ,0xbc6000,4096
22789,u0,0,WRITE,0xbc7000,4096
22791,u1,1,WRITE,0x10000236000,4096
22794,u3,3,READ,0x3000023a000,4096
22797,u0,0,READ,0xbc8000,4096
22806,u0,0,READ,0xbc9000,4096
22813,u0,0,READ,0xbca000,4096
22819,u0,0,READ,0xbcb000,4096
22825,u1,1,READ,0x10000237000,4096
22826,u2,2,READ,0x20000237000,4096
22828,u0,0,WRITE,0xbcc000,4096
22833,u3,3,READ,0x3000023b000,4096
22836,u0,0,READ,0xbcd000,4096
22843,u0,0,WRITE,0xbce000,4096
22851,u0,0,READ,0xbcf000,4096
22856,u0,0,WRITE,0xbd0000,4096
22861,u1,1,WRITE,0x10000238000,4096
22863,u2,2,WRITE,0x20000238000,4096
22865,u0,0,READ,0xbd1000,4096
22873,u0,0,READ,0xbd2000,4096
22880,u0,0,WRITE,0xbd3000,4096
22882,u3,3,WRITE,0x3000023c000,4096
22888,u0,0,WRITE,0xbd4000,4096
22894,u0,0,WRITE,0xbd5000,4096
22903,u0,0,WRITE,0xbd6000,4096
22906,u1,1,WRITE,0x10000239000,4096
22912,u3,3,READ,0x3000023d000,4096
22913,u0,0,WRITE,0xbd7000,4096
22913,u2,2,READ,0x20000239000,4096
22920,u0,0,WRITE,0xbd8000,4096
22930,u0,0,READ,0xbd9000,4096
22936,u1,1,WRITE,0x1000023a000,4096
22940,u0,0,WRITE,0xbda000,4096
22949,u0,0,READ,0xbdb000,4096
22950,u2,2,READ,0x2000023a000,4096
22956,u0,0,READ,0xbdc000,4096
22961,u3,3,WRITE,0x3000023e000,4096
22964,u0,0,WRITE,0xbdd000,4096
22971,u0,0,WRITE,0xbde000,4096
22977,u0,0,READ,0xbdf000,4096
22981,u1,1,READ,0x1000023b000,4096
22985,u0,0,WRITE,0xbe0000,4096
22993,u0,0,READ,0xbe1000,4096
22993,u2,2,READ,0x2000023b000,4096
22996,u3,3,WRITE,0x3000023f000,4096
23002,u0,0,WRITE,0xbe2000,4096
23012,u0,0,WRITE,0xbe3000,4096
23017,u0,0,READ,0xbe4000,4096
23026,u0,0,WRITE,0xbe5000,4096
23026,u2,2,READ,0x2000023c000,4096
23030,u1,1,WRITE,0x1000023c000,4096
23034,u0,0,READ,0xbe6000,4096
23034,u3,3,WRITE,0x30000240000,4096
23044,u0,0,WRITE,0xbe7000,4096
23054,u0,0,WRITE,0xbe8000,4096
23059,u0,0,WRITE,0xbe9000,4096
23059,u2,2,WRITE,0x2000023d000,4096
23060,u1,1,WRITE,0x1000023d000,4096
23066,u3,3,WRITE,0x30000241000,4096
23068,u0,0,WRITE,0xbea000,4096
23076,u0,0,READ,0xbeb000,4096
23082,u0,0,WRITE,0xbec000,4096
23087,u0,0,READ,0xbed000,4096
23094,u0,0,READ,0xbee000,4096
23100,u0,0,READ,0xbef000,4096
23103,u3,3,WRITE,0x30000242000,4096
23106,u0,0,READ,0xbf0000,4096
23106,u2,2,READ,0x2000023e000,4096
23109,u1,1,WRITE,0x1000023e000,4096
23114,u0,0,WRITE,0xbf1000,4096
23121,u0,0,READ,0xbf2000,4096
23130,u0,0,READ,0xbf3000,4096
23137,u0,0,WRITE,0xbf4000,4096
23139,u2,2,READ,0x2000023f000,4096
23145,u0,0,WRITE,0xbf5000,4096
23148,u3,3,READ,0x30000243000,4096
23150,u1,1,WRITE,0x1000023f000,4096
23151,u0,0,WRITE,0xbf6000,4096
23160,u0,0,READ,0xbf7000,4096
23168,u0,0,READ,0xbf8000,4096
23173,u0,0,WRITE,0xbf9000,4096
23179,u2,2,WRITE,0x20000240000,4096
23180,u0,0,READ,0xbfa000,4096
23185,u0,0,READ,0xbfb000,4096
23192,u3,3,READ,0x30000244000,4096
23194,u0,0,WRITE,0xbfc000,4096
23195,u1,1,READ,0x10000240000,4096
23203,u0,0,WRITE,0xbfd000,4096
23213,u0,0,READ,0xbfe000,4096
23221,u0,0,READ,0xbff000,4096
23228,u0,0,READ,0xc00000,4096
23228,u2,2,READ,0x20000241000,4096
23231,u1,1,WRITE,0x10000241000,4096
23233,u3,3,WRITE,0x30000245000,4096
23235,u0,0,READ,0xc01000,4096
23243,u0,0,READ,0xc02000,4096
23248,u0,0,READ,0xc03000,4096
23255,u0,0,READ,0xc04000,4096
23261,u0,0,WRITE,0xc05000,4096
23266,u2,2,WRITE,0x20000242000,4096
23269,u3,3,WRITE,0x30000246000,4096
23270,u0,0,WRITE,0xc06000,4096
23272,u1,1,WRITE,0x10000242000,4096
23277,u0,0,WRITE,0xc07000,4096
23284,u0,0,READ,0xc08000,4096
23293,u0,0,READ,0xc09000,4096
23299,u0,0,READ,0xc0a000,4096
23305,u3,3,READ,0x30000247000,4096
23309,u0,0,WRITE,0xc0b000,4096
23312,u2,2,READ,0x20000243000,4096
23316,u1,1,READ,0x10000243000,4096
23319,u0,0,READ,0xc0c000,4096
23326,u0,0,READ,0xc0d000,4096
23336,u0,0,WRITE,0xc0e000,4096
23343,u0,0,READ,0xc0f000,4096
23352,u3,3,WRITE,0x30000248000,4096
23353,u0,0,WRITE,0xc10000,4096
23353,u2,2,READ,0x20000244000,4096
23358,u0,0,READ,0xc11000,4096
23358,u1,1,READ,0x10000244000,4096
23368,u0,0,READ,0xc12000,4096
23378,u0,0,READ,0xc13000,4096
23384,u3,3,WRITE,0x30000249000,4096
23388,u0,0,WRITE,0xc14000,4096
23392,u2,2,WRITE,0x20000245000,4096
23393,u0,0,READ,0xc15000,4096
23400,u1,1,READ,0x10000245000,4096
23401,u0,0,WRITE,0xc16000,4096
23406,u0,0,WRITE,0xc17000,4096
23416,u0,0,READ,0xc18000,4096
23417,u3,3,READ,0x3000024a000,4096
23422,u0,0,WRITE,0xc19000,4096
23429,u0,0,WRITE,0xc1a000,4096
23434,u2,2,WRITE,0x20000246000,4096
23435,u0,0,WRITE,0xc1b000,4096
23439,u1,1,READ,0x10000246000,4096
23445,u0,0,WRITE,0xc1c000,4096
23451,u3,3,READ,0x3000024b000,4096
23454,u0,0,READ,0xc1d000,4096
23464,u0,0,WRITE,0xc1e000,4096
23468,u2,2,READ,0x20000247000,4096
23474,u0,0,WRITE,0xc1f000,4096
23483,u0,0,READ,0xc20000,4096
23486,u1,1,READ,0x10000247000,4096
23491,u0,0,READ,0xc21000,4096
23499,u3,3,WRITE,0x3000024c000,4096
23500,u0,0,WRITE,0xc22000,4096
23503,u2,2,READ,0x20000248000,4096
23506,u0,0,WRITE,0xc23000,4096
23512,u0,0,WRITE,0xc24000,4096
23517,u0,0,READ,0xc25000,4096
23525,u0,0,WRITE,0xc26000,4096
23534,u1,1,READ,0x10000248000,4096
23535,u0,0,WRITE,0xc27000,4096
23537,u3,3,WRITE,0x3000024d000,4096
23543,u0,0,WRITE,0xc28000,4096
23545,u2,2,READ,0x20000249000,4096
23552,u0,0,READ,0xc29000,4096
23557,u0,0,WRITE,0xc2a000,4096
23562,u0,0,WRITE,0xc2b000,4096
23571,u0,0,READ,0xc2c000,4096
23572,u3,3,WRITE,0x3000024e000,4096
23573,u1,1,WRITE,0x10000249000,4096
23577,u0,0,READ,0xc2d000,4096
23582,u0,0,READ,0xc2e000,4096
23588,u0,0,WRITE,0xc2f000,4096
23595,u0,0,READ,0xc30000,4096
23595,u2,2,WRITE,0x2000024a000,4096
23601,u0,0,READ,0xc31000,4096
23602,u3,3,READ,0x3000024f000,4096
23604,u1,1,WRITE,0x1000024a000,4096
23609,u0,0,WRITE,0xc32000,4096
23618,u0,0,WRITE,0xc33000,4096
23628,u0,0,WRITE,0xc34000,4096
23632,u3,3,WRITE,0x30000250000,4096
23633,u2,2,READ,0x2000024b000,4096
23636,u0,0,READ,0xc35000,4096
23641,u0,0,WRITE,0xc36000,4096
23643,u1,1,READ,0x1000024b000,4096
23648,u0,0,READ,0xc37000,4096
23658,u0,0,READ,0xc38000,4096
23666,u0,0,WRITE,0xc39000,4096
23669,u3,3,WRITE,0x30000251000,4096
23676,u0,0,READ,0xc3a000,4096
23679,u2,2,READ,0x2000024c000,4096
23685,u0,0,READ,0xc3b000,4096
23691,u0,0,READ,0xc3c000,4096
23693,u1,1,READ,0x1000024c000,4096
23697,u0,0,READ,0xc3d000,4096
23705,u0,0,READ,0xc3e000,4096
23714,u0,0,WRITE,0xc3f000,4096
23714,u3,3,WRITE,0x30000252000,4096
23721,u0,0,READ,0xc40000,4096
23726,u2,2,WRITE,0x2000024d000,4096
23728,u0,0,READ,0xc41000,4096
23729,u1,1,WRITE,0x1000024d000,4096
23737,u0,0,WRITE,0xc42000,4096
23744,u0,0,WRITE,0xc43000,4096
23752,u0,0,WRITE,0xc44000,4096
23759,u3,3,WRITE,0x30000253000,4096
23760,u0,0,WRITE,0xc45000,4096
23762,u2,2,WRITE,0x2000024e000,4096
23766,u0,0,READ,0xc46000,4096
23766,u1,1,WRITE,0x1000024e000,4096
23775,u0,0,READ,0xc47000,4096
23782,u0,0,READ,0xc48000,4096
23787,u0,0,WRITE,0xc49000,4096
23795,u0,0,WRITE,0xc4a000,4096
23798,u3,3,WRITE,0x30000254000,4096
23801,u0,0,READ,0xc4b000,4096
23806,u0,0,READ,0xc4c000,4096
23807,u2,2,READ,0x2000024f000,4096
23808,u1,1,WRITE,0x1000024f000,4096
23814,u0,0,READ,0xc4d000,4096
23822,u0,0,WRITE,0xc4e000,4096
23830,u3,3,WRITE,0x30000255000,4096
23831,u0,0,READ,0xc4f000,4096
23841,u0,0,READ,0xc50000,4096
23841,u2,2,WRITE,0x20000250000,4096
23846,u1,1,READ,0x10000250000,4096
23851,u0,0,WRITE,0xc51000,4096
23856,u0,0,READ,0xc52000,4096
23862,u3,3,READ,0x30000256000,4096
23863,u0,0,READ,0xc53000,4096
23868,u0,0,READ,0xc54000,4096
23877,u0,0,READ,0xc55000,4096
23877,u1,1,READ,0x10000251000,4096
23882,u0,0,READ,0xc56000,4096
23885,u2,2,READ,0x20000251000,4096
23890,u0,0,WRITE,0xc57000,4096
23899,u0,0,READ,0xc58000,4096
23906,u0,0,READ,0xc59000,4096
23906,u3,3,WRITE,0x30000257000,4096
23911,u0,0,READ,0xc5a000,4096
23919,u0,0,WRITE,0xc5b000,4096
23921,u2,2,WRITE,0x20000252000,4096
23926,u0,0,WRITE,0xc5c000,4096
23927,u1,1,WRITE,0x10000252000,4096
23932,u0,0,READ,0xc5d000,4096
23940,u0,0,READ,0xc5e000,4096
23942,u3,3,READ,0x30000258000,4096
23946,u0,0,READ,0xc5f000,4096
23951,u2,2,WRITE,0x20000253000,4096
23955,u0,0,WRITE,0xc60000,4096
23960,u0,0,READ,0xc61000,4096
23968,u0,0,WRITE,0xc62000,4096
23973,u1,1,WRITE,0x10000253000,4096
23977,u0,0,READ,0xc63000,4096
23984,u0,0,WRITE,0xc64000,4096
23989,u3,3,WRITE,0x30000259000,4096
23993,u0,0,READ,0xc65000,4096
23999,u0,0,READ,0xc66000,4096
24000,u2,2,WRITE,0x20000254000,4096
24004,u0,0,READ,0xc67000,4096
24014,u0,0,READ,0xc68000,4096
24018,u1,1,READ,0x10000254000,4096
24020,u0,0,READ,0xc69000,4096
24025,u3,3,WRITE,0x3000025a000,4096
24029,u0,0,WRITE,0xc6a000,4096
24034,u0,0,WRITE,0xc6b000,4096
24040,u2,2,READ,0x20000255000,4096
24043,u0,0,READ,0xc6c000,4096
24052,u0,0,READ,0xc6d000,4096
24060,u1,1,READ,0x10000255000,4096
24061,u0,0,READ,0xc6e000,4096
24071,u0,0,WRITE,0xc6f000,4096
24073,u2,2,WRITE,0x20000256000,4096
24074,u3,3,READ,0x3000025b000,4096
24080,u0,0,READ,0xc70000,4096
24085,u0,0,WRITE,0xc71000,4096
24093,u0,0,READ,0xc72000,4096
24099,u0,0,WRITE,0xc73000,4096
24099,u1,1,WRITE,0x10000256000,4096
24105,u0,0,READ,0xc74000,4096
24105,u2,2,READ,0x20000257000,4096
24113,u0,0,READ,0xc75000,4096
24118,u3,3,WRITE,0x3000025c000,4096
24122,u0,0,WRITE,0xc76000,4096
24130,u0,0,WRITE,0xc77000,4096
24138,u0,0,READ,0xc78000,4096
24145,u0,0,READ,0xc79000,4096
24146,u2,2,READ,0x20000258000,4096
24147,u1,1,READ,0x10000257000,4096
24154,u0,0,WRITE,0xc7a000,4096
24159,u3,3,READ,0x3000025d000,4096
24161,u0,0,WRITE,0xc7b000,4096
24170,u0,0,WRITE,0xc7c000,4096
24176,u0,0,WRITE,0xc7d000,4096
24176,u2,2,READ,0x20000259000,4096
24186,u0,0,READ,0xc7e000,4096
24189,u1,1,WRITE,0x10000258000,4096
24196,u0,0,WRITE,0xc7f000,4096
24203,u0,0,READ,0xc80000,4096
24204,u3,3,READ,0x3000025e000,4096
24209,u0,0,WRITE,0xc81000,4096
24215,u2,2,READ,0x2000025a000,4096
24219,u0,0,READ,0xc82000,4096
24221,u1,1,READ,0x10000259000,4096
24227,u0,0,WRITE,0xc83000,4096
24236,u3,3,WRITE,0x3000025f000,4096
24237,u0,0,WRITE,0xc84000,4096
24246,u0,0,READ,0xc85000,4096
24253,u1,1,WRITE,0x1000025a000,4096
24256,u0,0,WRITE,0xc86000,4096
24257,u2,2,READ,0x2000025b000,4096
24265,u0,0,WRITE,0xc87000,4096
24271,u3,3,WRITE,0x30000260000,4096
24275,u0,0,READ,0xc88000,4096
24283,u0,0,READ,0xc89000,4096
24285,u1,1,READ,0x1000025b000,4096
24293,u0,0,READ,0xc8a000,4096
24298,u2,2,WRITE,0x2000025c000,4096
24301,u0,0,READ,0xc8b000,4096
24308,u0,0,READ,0xc8c000,4096
24315,u3,3,READ,0x30000261000,4096
24317,u0,0,READ,0xc8d000,4096
24325,u1,1,WRITE,0x1000025c000,4096
24327,u0,0,READ,0xc8e000,4096
24337,u0,0,WRITE,0xc8f000,4096
24338,u2,2,READ,0x2000025d000,4096
24344,u0,0,READ,0xc90000,4096
24352,u0,0,WRITE,0xc91000,4096
24357,u3,3,READ,0x30000262000,4096
24360,u0,0,WRITE,0xc92000,4096
24366,u1,1,WRITE,0x1000025d000,4096
24370,u0,0,READ,0xc93000,4096
24376,u0,0,WRITE,0xc94000,4096
24384,u0,0,WRITE,0xc95000,4096
24385,u2,2,WRITE,0x2000025e000,4096
24392,u0,0,READ,0xc96000,4096
24394,u3,3,READ,0x30000263000,4096
24398,u0,0,WRITE,0xc97000,4096
24403,u1,1,READ,0x1000025e000,4096
24405,u0,0,READ,0xc98000,4096
24413,u0,0,WRITE,0xc99000,4096
24418,u0,0,READ,0xc9a000,4096
24423,u0,0,WRITE,0xc9b000,4096
24429,u3,3,READ,0x30000264000,4096
24431,u0,0,WRITE,0xc9c000,4096
24434,u2,2,READ,0x2000025f000,4096
24441,u0,0,READ,0xc9d000,4096
24442,u1,1,READ,0x1000025f000,4096
24447,u0,0,WRITE,0xc9e000,4096
24457,u0,0,WRITE,0xc9f000,4096
24461,u3,3,WRITE,0x30000265000,4096
24465,u0,0,WRITE,0xca0000,4096
24474,u0,0,READ,0xca1000,4096
24476,u2,2,WRITE,0x20000260000,4096
24479,u0,0,WRITE,0xca2000,4096
24489,u0,0,READ,0xca3000,4096
24489,u1,1,READ,0x10000260000,4096
24494,u0,0,WRITE,0xca4000,4096
24494,u3,3,READ,0x30000266000,4096
24500,u0,0,WRITE,0xca5000,4096
24505,u0,0,READ,0xca6000,4096
24513,u0,0,READ,0xca7000,4096
24520,u1,1,READ,0x10000261000,4096
24521,u0,0,WRITE,0xca8000,4096
24522,u2,2,WRITE,0x20000261000,4096
24531,u0,0,WRITE,0xca9000,4096
24533,u3,3,READ,0x30000267000,4096
24538,u0,0,READ,0xcaa000,4096
24546,u0,0,READ,0xcab000,4096
24551,u1,1,READ,0x10000262000,4096
24552,u0,0,READ,0xcac000,4096
24561,u0,0,WRITE,0xcad000,4096
24563,u3,3,WRITE,0x30000268000,4096
24566,u2,2,READ,0x20000262000,4096
24569,u0,0,WRITE,0xcae000,4096
24575,u0,0,WRITE,0xcaf000,4096
24582,u0,0,READ,0xcb0000,4096
24589,u0,0,WRITE,0xcb1000,4096
24589,u1,1,WRITE,0x10000263000,4096
24598,u0,0,READ,0xcb2000,4096
24601,u3,3,WRITE,0x30000269000,4096
24603,u2,2,WRITE,0x20000263000,4096
24606,u0,0,WRITE,0xcb3000,4096
24614,u0,0,READ,0xcb4000,4096
24621,u0,0,WRITE,0xcb5000,4096
24622,u1,1,WRITE,0x10000264000,4096
24627,u0,0,READ,0xcb6000,4096
24634,u0,0,READ,0xcb7000,4096
24637,u2,2,WRITE,0x20000264000,4096
24641,u0,0,READ,0xcb8000,4096
24641,u3,3,READ,0x3000026a000,4096
24648,u0,0,READ,0xcb9000,4096
24656,u0,0,READ,0xcba000,4096
24656,u1,1,READ,0x10000265000,4096
24666,u0,0,WRITE,0xcbb000,4096
24669,u2,2,READ,0x20000265000,4096
24675,u0,0,WRITE,0xcbc000,4096
24681,u3,3,READ,0x3000026b000,4096
24685,u0,0,READ,0xcbd000,4096
24686,u1,1,WRITE,0x10000266000,4096
24693,u0,0,WRITE,0xcbe000,4096
24700,u0,0,WRITE,0xcbf000,4096
24708,u0,0,READ,0xcc0000,4096
24712,u3,3,READ,0x3000026c000,4096
24713,u2,2,READ,0x20000266000,4096
24717,u0,0,WRITE,0xcc1000,4096
24722,u0,0,READ,0xcc2000,4096
24729,u0,0,WRITE,0xcc3000,4096
24731,u1,1,WRITE,0x10000267000,4096
24736,u0,0,WRITE,0xcc4000,4096
24741,u0,0,READ,0xcc5000,4096
24746,u0,0,WRITE,0xcc6000,4096
24752,u2,2,READ,0x20000267000,4096
24754,u0,0,READ,0xcc7000,4096
24762,u3,3,WRITE,0x3000026d000,4096
24764,u0,0,READ,0xcc8000,4096
24773,u0,0,READ,0xcc9000,4096
24777,u1,1,READ,0x10000268000,4096
24783,u0,0,WRITE,0xcca000,4096
24783,u2,2,WRITE,0x20000268000,4096
24791,u0,0,WRITE,0xccb000,4096
24797,u0,0,WRITE,0xccc000,4096
24797,u3,3,READ,0x3000026e000,4096
24806,u0,0,READ,0xccd000,4096
24813,u0,0,WRITE,0xcce000,4096
24817,u1,1,READ,0x10000269000,4096
24819,u2,2,READ,0x20000269000,4096
24823,u0,0,READ,0xccf000,4096
24828,u0,0,WRITE,0xcd0000,4096
24832,u3,3,READ,0x3000026f000,4096
24834,u0,0,READ,0xcd1000,4096
24843,u0,0,READ,0xcd2000,4096
24850,u0,0,WRITE,0xcd3000,4096
24853,u1,1,READ,0x1000026a000,4096
24855,u2,2,WRITE,0x2000026a000,4096
24860,u0,0,WRITE,0xcd4000,4096
24870,u0,0,WRITE,0xcd5000,4096
24875,u0,0,WRITE,0xcd6000,4096
24880,u0,0,WRITE,0xcd7000,4096
24882,u3,3,READ,0x30000270000,4096
24886,u0,0,WRITE,0xcd8000,4096
24888,u2,2,WRITE,0x2000026b000,4096
24892,u0,0,READ,0xcd9000,4096
24892,u1,1,READ,0x1000026b000,4096
24902,u0,0,READ,0xcda000,4096
24909,u0,0,READ,0xcdb000,4096
24918,u0,0,WRITE,0xcdc000,4096
24925,u3,3,READ,0x30000271000,4096
24928,u0,0,WRITE,0xcdd000,4096
24928,u2,2,WRITE,0x2000026c000,4096
24934,u1,1,WRITE,0x1000026c000,4096
24936,u0,0,WRITE,0xcde000,4096
24943,u0,0,WRITE,0xcdf000,4096
24951,u0,0,READ,0xce0000,4096
24961,u0,0,READ,0xce1000,4096
24962,u2,2,WRITE,0x2000026d000,4096
24963,u3,3,WRITE,0x30000272000,4096
24970,u0,0,WRITE,0xce2000,4096
24975,u1,1,WRITE,0x1000026d000,4096
24979,u0,0,WRITE,0xce3000,4096
24989,u0,0,READ,0xce4000,4096
24997,u0,0,WRITE,0xce5000,4096
24999,u3,3,WRITE,0x30000273000,4096
25006,u0,0,READ,0xce6000,4096
25007,u2,2,READ,0x2000026e000,4096
25016,u0,0,WRITE,0xce7000,4096
25018,u1,1,READ,0x1000026e000,4096
25026,u0,0,READ,0xce8000,4096
25033,u0,0,WRITE,0xce9000,4096
25038,u3,3,WRITE,0x30000274000,4096
25040,u0,0,READ,0xcea000,4096
25046,u0,0,WRITE,0xceb000,4096
25048,u2,2,READ,0x2000026f000,4096
25052,u0,0,READ,0xcec000,4096
25058,u0,0,WRITE,0xced000,4096
25058,u1,1,READ,0x1000026f000,4096
25068,u0,0,READ,0xcee000,4096
25071,u3,3,READ,0x30000275000,4096
25078,u0,0,WRITE,0xcef000,4096
25084,u0,0,READ,0xcf0000,4096
25085,u2,2,WRITE,0x20000270000,4096
25093,u0,0,WRITE,0xcf1000,4096
25098,u1,1,READ,0x10000270000,4096
25099,u0,0,READ,0xcf2000,4096
25107,u3,3,WRITE,0x30000276000,4096
25109,u0,0,WRITE,0xcf3000,4096
25114,u0,0,READ,0xcf4000,4096
25123,u0,0,READ,0xcf5000,4096
25130,u0,0,WRITE,0xcf6000,4096
25135,u0,0,WRITE,0xcf7000,4096
25135,u2,2,READ,0x20000271000,4096
25137,u3,3,WRITE,0x30000277000,4096
25139,u1,1,READ,0x10000271000,4096
25144,u0,0,WRITE,0xcf8000,4096
25154,u0,0,READ,0xcf9000,4096
25164,u0,0,WRITE,0xcfa000,4096
25169,u0,0,READ,0xcfb000,4096
25175,u0,0,READ,0xcfc000,4096
25177,u2,2,WRITE,0x20000272000,4096
25181,u0,0,WRITE,0xcfd000,4096
25183,u1,1,READ,0x10000272000,4096
25184,u3,3,WRITE,0x30000278000,4096
25187,u0,0,READ,0xcfe000,4096
25195,u0,0,WRITE,0xcff000,4096
25201,u0,0,WRITE,0xd00000,4096
25209,u0,0,READ,0xd01000,4096
25218,u0,0,WRITE,0xd02000,4096
25224,u2,2,WRITE,0x20000273000,4096
25224,u3,3,READ,0x30000279000,4096
25226,u1,1,READ,0x10000273000,4096
25228,u0,0,WRITE,0xd03000,4096
25234,u0,0,WRITE,0xd04000,4096
25243,u0,0,WRITE,0xd05000,4096
25249,u0,0,WRITE,0xd06000,4096
25256,u3,3,WRITE,0x3000027a000,4096
25257,u0,0,WRITE,0xd07000,4096
25265,u0,0,READ,0xd08000,4096
25272,u0,0,READ,0xd09000,4096
25272,u1,1,READ,0x10000274000,4096
25272,u2,2,READ,0x20000274000,4096
25282,u0,0,WRITE,0xd0a000,4096
25287,u0,0,READ,0xd0b000,4096
25293,u0,0,READ,0xd0c000,4096
25296,u3,3,READ,0x3000027b000,4096
25298,u0,0,READ,0xd0d000,4096
25303,u2,2,WRITE,0x20000275000,4096
25307,u0,0,WRITE,0xd0e000,4096
25310,u1,1,READ,0x10000275000,4096
25317,u0,0,READ,0xd0f000,4096
25324,u0,0,WRITE,0xd10000,4096
25334,u0,0,READ,0xd11000,4096
25344,u0,0,WRITE,0xd12000,4096
25346,u3,3,READ,0x3000027c000,4096
25347,u2,2,READ,0x20000276000,4096
25354,u0,0,READ,0xd13000,4096
25356,u1,1,WRITE,0x10000276000,4096
25361,u0,0,READ,0xd14000,4096
25367,u0,0,READ,0xd15000,4096
25377,u0,0,READ,0xd16000,4096
25382,u0,0,WRITE,0xd17000,4096
25388,u0,0,WRITE,0xd18000,4096
25389,u3,3,WRITE,0x3000027d000,4096
25394,u1,1,WRITE,0x10000277000,4096
25395,u0,0,WRITE,0xd19000,4096
25396,u2,2,READ,0x20000277000,4096
25400,u0,0,WRITE,0xd1a000,4096
25409,u0,0,WRITE,0xd1b000,4096
25418,u0,0,READ,0xd1c000,4096
25427,u0,0,READ,0xd1d000,4096
25432,u0,0,READ,0xd1e000,4096
25436,u2,2,READ,0x20000278000,4096
25437,u3,3,WRITE,0x3000027e000,4096
25439,u0,0,READ,0xd1f000,4096
25442,u1,1,WRITE,0x10000278000,4096
25449,u0,0,WRITE,0xd20000,4096
25455,u0,0,READ,0xd21000,4096
25462,u0,0,WRITE,0xd22000,4096
25472,u0,0,WRITE,0xd23000,4096
25474,u2,2,WRITE,0x20000279000,4096
25479,u3,3,WRITE,0x3000027f000,4096
25480,u0,0,WRITE,0xd24000,4096
25489,u0,0,READ,0xd25000,4096
25489,u1,1,READ,0x10000279000,4096
25497,u0,0,READ,0xd26000,4096
25505,u0,0,READ,0xd27000,4096
25515,u0,0,WRITE,0xd28000,4096
25517,u3,3,READ,0x30000280000,4096
25519,u2,2,WRITE,0x2000027a000,4096
25523,u0,0,WRITE,0xd29000,4096
25524,u1,1,WRITE,0x1000027a000,4096
25528,u0,0,WRITE,0xd2a000,4096
25537,u0,0,WRITE,0xd2b000,4096
25542,u0,0,READ,0xd2c000,4096
25551,u0,0,WRITE,0xd2d000,4096
25557,u3,3,READ,0x30000281000,4096
25560,u0,0,READ,0xd2e000,4096
25563,u1,1,READ,0x1000027b000,4096
25565,u2,2,READ,0x2000027b000,4096
25569,u0,0,READ,0xd2f000,4096
25574,u0,0,READ,0xd30000,4096
25583,u0,0,WRITE,0xd31000,4096
25588,u0,0,READ,0xd32000,4096
25598,u0,0,WRITE,0xd33000,4096
25599,u3,3,WRITE,0x30000282000,4096
25603,u1,1,READ,0x1000027c000,4096
25605,u2,2,READ,0x2000027c000,4096
25606,u0,0,READ,0xd34000,4096
25613,u0,0,READ,0xd35000,4096
25619,u0,0,READ,0xd36000,4096
25629,u0,0,WRITE,0xd37000,4096
25636,u0,0,READ,0xd38000,4096
25644,u3,3,READ,0x30000283000,4096
25646,u0,0,WRITE,0xd39000,4096
25647,u2,2,READ,0x2000027d000,4096
25650,u1,1,READ,0x1000027d000,4096
25655,u0,0,WRITE,0xd3a000,4096
25660,u0,0,READ,0xd3b000,4096
25667,u0,0,READ,0xd3c000,4096
25674,u0,0,WRITE,0xd3d000,4096
25681,u2,2,WRITE,0x2000027e000,4096
25683,u0,0,READ,0xd3e000,4096
25688,u0,0,READ,0xd3f000,4096
25690,u3,3,READ,0x30000284000,4096
25695,u0,0,WRITE,0xd40000,4096
25695,u1,1,READ,0x1000027e000,4096
25702,u0,0,WRITE,0xd41000,4096
25709,u0,0,WRITE,0xd42000,4096
25715,u0,0,READ,0xd43000,4096
25719,u2,2,READ,0x2000027f000,4096
25725,u0,0,WRITE,0xd44000,4096
25725,u3,3,WRITE,0x30000285000,4096
25729,u1,1,READ,0x1000027f000,4096
25730,u0,0,WRITE,0xd45000,4096
25737,u0,0,WRITE,0xd46000,4096
25743,u0,0,READ,0xd47000,4096
25748,u0,0,WRITE,0xd48000,4096
25749,u2,2,READ,0x20000280000,4096
25754,u0,0,WRITE,0xd49000,4096
25758,u3,3,WRITE,0x30000286000,4096
25760,u0,0,WRITE,0xd4a000,4096
25767,u0,0,READ,0xd4b000,4096
25772,u0,0,WRITE,0xd4c000,4096
25778,u0,0,READ,0xd4d000,4096
25779,u1,1,WRITE,0x10000280000,4096
25786,u0,0,WRITE,0xd4e000,4096
25790,u2,2,WRITE,0x20000281000,4096
25794,u3,3,WRITE,0x30000287000,4096
25796,u0,0,WRITE,0xd4f000,4096
25806,u0,0,READ,0xd50000,4096
25811,u0,0,READ,0xd51000,4096
25818,u0,0,READ,0xd52000,4096
25818,u1,1,WRITE,0x10000281000,4096
25821,u2,2,READ,0x20000282000,4096
25823,u0,0,WRITE,0xd53000,4096
25828,u0,0,WRITE,0xd54000,4096
25830,u3,3,READ,0x30000288000,4096
25837,u0,0,READ,0xd55000,4096
25847,u0,0,WRITE,0xd56000,4096
25852,u2,2,WRITE,0x20000283000,4096
25854,u0,0,WRITE,0xd57000,4096
25860,u0,0,READ,0xd58000,4096
25865,u0,0,WRITE,0xd59000,4096
25866,u1,1,WRITE,0x10000282000,4096
25875,u0,0,READ,0xd5a000,4096
25879,u3,3,READ,0x30000289000,4096
25881,u0,0,READ,0xd5b000,4096
25884,u2,2,READ,0x20000284000,4096
25891,u0,0,READ,0xd5c000,4096
25896,u0,0,WRITE,0xd5d000,4096
25904,u0,0,WRITE,0xd5e000,4096
25910,u0,0,WRITE,0xd5f000,4096
25911,u1,1,WRITE,0x10000283000,4096
25917,u2,2,WRITE,0x20000285000,4096
25917,u3,3,WRITE,0x3000028a000,4096
25919,u0,0,READ,0xd60000,4096
25927,u0,0,WRITE,0xd61000,4096
25937,u0,0,WRITE,0xd62000,4096
25942,u0,0,WRITE,0xd63000,4096
25948,u1,1,READ,0x10000284000,4096
25952,u0,0,READ,0xd64000,4096
25956,u2,2,WRITE,0x20000286000,4096
25960,u3,3,WRITE,0x3000028b000,4096
25961,u0,0,WRITE,0xd65000,4096
25968,u0,0,READ,0xd66000,4096
25976,u0,0,WRITE,0xd67000,4096
25981,u0,0,READ,0xd68000,4096
25988,u0,0,READ,0xd69000,4096
25993,u2,2,READ,0x20000287000,4096
25996,u0,0,READ,0xd6a000,4096
25997,u1,1,READ,0x10000285000,4096
26002,u3,3,WRITE,0x3000028c000,4096
26003,u0,0,READ,0xd6b000,4096
26012,u0,0,WRITE,0xd6c000,4096
26018,u0,0,WRITE,0xd6d000,4096
26024,u0,0,WRITE,0xd6e000,4096
26024,u2,2,READ,0x20000288000,4096
26029,u1,1,READ,0x10000286000,4096
26030,u0,0,READ,0xd6f000,4096
26035,u0,0,READ,0xd70000,4096
26040,u0,0,WRITE,0xd71000,4096
26043,u3,3,WRITE,0x3000028d000,4096
26048,u0,0,READ,0xd72000,4096
26055,u0,0,WRITE,0xd73000,4096
26060,u0,0,READ,0xd74000,4096
26065,u0,0,WRITE,0xd75000,4096
26071,u0,0,READ,0xd76000,4096
26071,u1,1,READ,0x10000287000,4096
26072,u2,2,READ,0x20000289000,4096
26076,u0,0,WRITE,0xd77000,4096
26076,u3,3,WRITE,0x3000028e000,4096
26085,u0,0,WRITE,0xd78000,4096
26092,u0,0,WRITE,0xd79000,4096
26097,u0,0,READ,0xd7a000,4096
26102,u1,1,READ,0x10000288000,4096
26107,u0,0,READ,0xd7b000,4096
26112,u0,0,WRITE,0xd7c000,4096
26117,u3,3,WRITE,0x3000028f000,4096
26118,u2,2,READ,0x2000028a000,4096
26122,u0,0,READ,0xd7d000,4096
26129,u0,0,READ,0xd7e000,4096
26137,u1,1,READ,0x10000289000,4096
26139,u0,0,READ,0xd7f000,4096
26146,u0,0,WRITE,0xd80000,4096
26151,u0,0,READ,0xd81000,4096
26158,u0,0,READ,0xd82000,4096
26158,u3,3,WRITE,0x30000290000,4096
26166,u0,0,WRITE,0xd83000,4096
26166,u2,2,READ,0x2000028b000,4096
26173,u0,0,WRITE,0xd84000,4096
26173,u1,1,READ,0x1000028a000,4096
26183,u0,0,WRITE,0xd85000,4096
26190,u0,0,READ,0xd86000,4096
26199,u0,0,READ,0xd87000,4096
26199,u2,2,READ,0x2000028c000,4096
26205,u3,3,READ,0x30000291000,4096
26208,u0,0,WRITE,0xd88000,4096
26210,u1,1,WRITE,0x1000028b000,4096
26216,u0,0,READ,0xd89000,4096
26222,u0,0,WRITE,0xd8a000,4096
26231,u0,0,WRITE,0xd8b000,4096
26241,u0,0,WRITE,0xd8c000,4096
26247,u0,0,READ,0xd8d000,4096
26247,u2,2,WRITE,0x2000028d000,4096
26249,u3,3,WRITE,0x30000292000,4096
26253,u0,0,WRITE,0xd8e000,4096
26255,u1,1,READ,0x1000028c000,4096
26262,u0,0,WRITE,0xd8f000,4096
26271,u0,0,READ,0xd90000,4096
26278,u0,0,WRITE,0xd91000,4096
26286,u0,0,WRITE,0xd92000,4096
26287,u1,1,WRITE,0x1000028d000,4096
26287,u3,3,READ,0x30000293000,4096
26293,u0,0,READ,0xd93000,4096
26297,u2,2,READ,0x2000028e000,4096
26299,u0,0,READ,0xd94000,4096
26309,u0,0,READ,0xd95000,4096
26316,u0,0,READ,0xd96000,4096
26318,u1,1,WRITE,0x1000028e000,4096
26321,u0,0,WRITE,0xd97000,4096
26328,u3,3,READ,0x30000294000,4096
26329,u0,0,WRITE,0xd98000,4096
26335,u0,0,READ,0xd99000,4096
26341,u0,0,READ,0xd9a000,4096
26342,u2,2,WRITE,0x2000028f000,4096
26351,u0,0,WRITE,0xd9b000,4096
26353,u1,1,READ,0x1000028f000,4096
26356,u0,0,READ,0xd9c000,4096
26364,u0,0,READ,0xd9d000,4096
26373,u0,0,READ,0xd9e000,4096
26375,u3,3,WRITE,0x30000295000,4096
26378,u0,0,WRITE,0xd9f000,4096
26387,u0,0,WRITE,0xda0000,4096
26387,u2,2,WRITE,0x20000290000,4096
26388,u1,1,READ,0x10000290000,4096
26394,u0,0,READ,0xda1000,4096
26401,u0,0,READ,0xda2000,4096
26409,u0,0,READ,0xda3000,4096
26416,u3,3,READ,0x30000296000,4096
26417,u2,2,WRITE,0x20000291000,4096
26418,u0,0,WRITE,0xda4000,4096
26419,u1,1,WRITE,0x10000291000,4096
26423,u0,0,WRITE,0xda5000,4096
26432,u0,0,WRITE,0xda6000,4096
26437,u0,0,READ,0xda7000,4096
26446,u0,0,WRITE,0xda8000,4096
26449,u3,3,READ,0x30000297000,4096
26451,u0,0,WRITE,0xda9000,4096
26455,u2,2,READ,0x20000292000,4096
26456,u0,0,WRITE,0xdaa000,4096
26459,u1,1,READ,0x10000292000,4096
26464,u0,0,WRITE,0xdab000,4096
26470,u0,0,READ,0xdac000,4096
26476,u0,0,WRITE,0xdad000,4096
26479,u3,3,WRITE,0x30000298000,4096
26483,u0,0,WRITE,0xdae000,4096
26490,u2,2,READ,0x20000293000,4096
26493,u0,0,READ,0xdaf000,4096
26502,u0,0,READ,0xdb0000,4096
26509,u1,1,READ,0x10000293000,4096
26511,u0,0,READ,0xdb1000,4096
26519,u3,3,READ,0x30000299000,4096
26520,u0,0,READ,0xdb2000,4096
26526,u2,2,READ,0x20000294000,4096
26528,u0,0,READ,0xdb3000,4096
26536,u0,0,READ,0xdb4000,4096
26542,u0,0,READ,0xdb5000,4096
26551,u0,0,READ,0xdb6000,4096
26553,u1,1,WRITE,0x10000294000,4096
26555,u3,3,WRITE,0x3000029a000,4096
26556,u0,0,WRITE,0xdb7000,4096
26564,u0,0,READ,0xdb8000,4096
26571,u2,2,READ,0x20000295000,4096
26574,u0,0,READ,0xdb9000,4096
26584,u0,0,READ,0xdba000,4096
26591,u0,0,READ,0xdbb000,4096
26600,u3,3,READ,0x3000029b000,4096
26601,u0,0,WRITE,0xdbc000,4096
26602,u1,1,READ,0x10000295000,4096
26605,u2,2,READ,0x20000296000,4096
26606,u0,0,WRITE,0xdbd000,4096
26614,u0,0,WRITE,0xdbe000,4096
26622,u0,0,WRITE,0xdbf000,4096
26630,u0,0,READ,0xdc0000,4096
26636,u0,0,READ,0xdc1000,4096
26637,u1,1,WRITE,0x10000296000,4096
26641,u2,2,WRITE,0x20000297000,4096
26642,u0,0,READ,0xdc2000,4096
26650,u3,3,READ,0x3000029c000,4096
26651,u0,0,WRITE,0xdc3000,4096
26657,u0,0,READ,0xdc4000,4096
26665,u0,0,WRITE,0xdc5000,4096
26672,u0,0,READ,0xdc6000,4096
26679,u0,0,WRITE,0xdc7000,4096
26681,u1,1,READ,0x10000297000,4096
26685,u0,0,READ,0xdc8000,4096
26687,u3,3,READ,0x3000029d000,4096
26689,u2,2,READ,0x20000298000,4096
26693,u0,0,READ,0xdc9000,4096
26698,u0,0,WRITE,0xdca000,4096
26706,u0,0,WRITE,0xdcb000,4096
26712,u0,0,READ,0xdcc000,4096
26721,u0,0,WRITE,0xdcd000,4096
26724,u2,2,WRITE,0x20000299000,4096
26726,u1,1,READ,0x10000298000,4096
26728,u0,0,READ,0xdce000,4096
26732,u3,3,WRITE,0x3000029e000,4096
26738,u0,0,WRITE,0xdcf000,4096
26743,u0,0,READ,0xdd0000,4096
26753,u0,0,WRITE,0xdd1000,4096
26760,u0,0,WRITE,0xdd2000,4096
26761,u1,1,WRITE,0x10000299000,4096
26766,u0,0,READ,0xdd3000,4096
26771,u2,2,WRITE,0x2000029a000,4096
26771,u3,3,READ,0x3000029f000,4096
26775,u0,0,READ,0xdd4000,4096
26780,u0,0,READ,0xdd5000,4096
26789,u0,0,READ,0xdd6000,4096
26799,u0,0,WRITE,0xdd7000,4096
26804,u0,0,READ,0xdd8000,4096
26807,u2,2,WRITE,0x2000029b000,4096
26808,u1,1,WRITE,0x1000029a000,4096
26810,u0,0,WRITE,0xdd9000,4096
26815,u0,0,READ,0xdda000,4096
26820,u0,0,READ,0xddb000,4096
26821,u3,3,READ,0x300002a0000,4096
26825,u0,0,WRITE,0xddc000,4096
26833,u0,0,READ,0xddd000,4096
26839,u0,0,READ,0xdde000,4096
26849,u0,0,WRITE,0xddf000,4096
26851,u2,2,WRITE,0x2000029c000,4096
26854,u0,0,READ,0xde0000,4096
26856,u1,1,READ,0x1000029b000,4096
26862,u3,3,WRITE,0x300002a1000,4096
26864,u0,0,WRITE,0xde1000,4096
26874,u0,0,READ,0xde2000,4096
26879,u0,0,WRITE,0xde3000,4096
26888,u0,0,READ,0xde4000,4096
26893,u0,0,WRITE,0xde5000,4096
26896,u1,1,READ,0x1000029c000,4096
26898,u2,2,READ,0x2000029d000,4096
26901,u0,0,READ,0xde6000,4096
26902,u3,3,WRITE,0x300002a2000,4096
26906,u0,0,READ,0xde7000,4096
26913,u0,0,READ,0xde8000,4096
26920,u0,0,WRITE,0xde9000,4096
26927,u0,0,WRITE,0xdea000,4096
26934,u1,1,WRITE,0x1000029d000,4096
26936,u0,0,READ,0xdeb000,4096
26938,u2,2,READ,0x2000029e000,4096
26941,u0,0,WRITE,0xdec000,4096
26950,u0,0,READ,0xded000,4096
26951,u3,3,WRITE,0x300002a3000,4096
26956,u0,0,READ,0xdee000,4096
26965,u0,0,WRITE,0xdef000,4096
26972,u0,0,READ,0xdf0000,4096
26976,u1,1,WRITE,0x1000029e000,4096
26980,u0,0,READ,0xdf1000,4096
26982,u2,2,READ,0x2000029f000,4096
26990,u0,0,WRITE,0xdf2000,4096
26991,u3,3,WRITE,0x300002a4000,4096
26997,u0,0,WRITE,0xdf3000,4096
27007,u0,0,WRITE,0xdf4000,4096
27012,u0,0,WRITE,0xdf5000,4096
27019,u0,0,READ,0xdf6000,4096
27022,u2,2,WRITE,0x200002a0000,4096
27023,u1,1,WRITE,0x1000029f000,4096
27026,u0,0,READ,0xdf7000,4096
27032,u0,0,READ,0xdf8000,4096
27035,u3,3,WRITE,0x300002a5000,4096
27041,u0,0,READ,0xdf9000,4096
27046,u0,0,WRITE,0xdfa000,4096
27051,u0,0,WRITE,0xdfb000,4096
27056,u0,0,WRITE,0xdfc000,4096
27056,u1,1,READ,0x100002a0000,4096
27062,u0,0,READ,0xdfd000,4096
27064,u2,2,WRITE,0x200002a1000,4096
27072,u0,0,READ,0xdfe000,4096
27081,u3,3,READ,0x300002a6000,4096
27082,u0,0,WRITE,0xdff000,4096
27088,u0,0,WRITE,0xe00000,4096
27089,u1,1,WRITE,0x100002a1000,4096
27094,u2,2,READ,0x200002a2000,4096
27098,u0,0,WRITE,0xe01000,4096
27104,u0,0,READ,0xe02000,4096
27112,u0,0,WRITE,0xe03000,4096
27114,u3,3,READ,0x300002a7000,4096
27117,u0,0,READ,0xe04000,4096
27126,u0,0,WRITE,0xe05000,4096
27133,u1,1,READ,0x100002a2000,4096
27135,u0,0,WRITE,0xe06000,4096
27142,u2,2,READ,0x200002a3000,4096
27144,u0,0,WRITE,0xe07000,4096
27149,u0,0,WRITE,0xe08000,4096
27155,u0,0,READ,0xe09000,4096
27157,u3,3,WRITE,0x300002a8000,4096
27161,u0,0,READ,0xe0a000,4096
27166,u1,1,WRITE,0x100002a3000,4096
27167,u0,0,WRITE,0xe0b000,4096
27174,u0,0,WRITE,0xe0c000,4096
27179,u0,0,WRITE,0xe0d000,4096
27184,u0,0,WRITE,0xe0e000,4096
27186,u2,2,READ,0x200002a4000,4096
27190,u3,3,READ,0x300002a9000,4096
27192,u0,0,READ,0xe0f000,4096
27200,u0,0,READ,0xe10000,4096
27201,u1,1,READ,0x100002a4000,4096
27205,u0,0,WRITE,0xe11000,4096
27210,u0,0,READ,0xe12000,4096
27218,u2,2,WRITE,0x200002a5000,4096
27219,u0,0,WRITE,0xe13000,4096
27227,u0,0,READ,0xe14000,4096
27233,u3,3,READ,0x300002aa000,4096
27237,u0,0,WRITE,0xe15000,4096
27242,u0,0,WRITE,0xe16000,4096
27247,u1,1,WRITE,0x100002a5000,4096
27250,u0,0,WRITE,0xe17000,4096
27250,u2,2,READ,0x200002a6000,4096
27258,u0,0,READ,0xe18000,4096
27264,u0,0,READ,0xe19000,4096
27271,u0,0,WRITE,0xe1a000,4096
27277,u3,3,READ,0x300002ab000,4096
27280,u0,0,READ,0xe1b000,4096
27286,u2,2,WRITE,0x200002a7000,4096
27288,u1,1,READ,0x100002a6000,4096
27289,u0,0,READ,0xe1c000,4096
27294,u0,0,READ,0xe1d000,4096
27300,u0,0,WRITE,0xe1e000,4096
27309,u0,0,READ,0xe1f000,4096
27319,u0,0,WRITE,0xe20000,4096
27323,u3,3,READ,0x300002ac000,4096
27325,u0,0,WRITE,0xe21000,4096
27334,u0,0,READ,0xe22000,4096
27335,u2,2,READ,0x200002a8000,4096
27338,u1,1,READ,0x100002a7000,4096
27341,u0,0,READ,0xe23000,4096
27351,u0,0,WRITE,0xe24000,4096
27358,u0,0,READ,0xe25000,4096
27364,u3,3,WRITE,0x300002ad000,4096
27368,u0,0,WRITE,0xe26000,4096
27368,u1,1,READ,0x100002a8000,4096
27375,u2,2,WRITE,0x200002a9000,4096
27378,u0,0,WRITE,0xe27000,4096
27387,u0,0,WRITE,0xe28000,4096
27396,u0,0,WRITE,0xe29000,4096
27404,u0,0,READ,0xe2a000,4096
27407,u3,3,WRITE,0x300002ae000,4096
27411,u0,0,WRITE,0xe2b000,4096
27417,u1,1,READ,0x100002a9000,4096
27420,u2,2,WRITE,0x200002aa000,4096
27421,u0,0,READ,0xe2c000,4096
27426,u0,0,READ,0xe2d000,4096
27435,u0,0,WRITE,0xe2e000,4096
27442,u0,0,WRITE,0xe2f000,4096
27450,u0,0,WRITE,0xe30000,4096
27455,u0,0,WRITE,0xe31000,4096
27455,u3,3,READ,0x300002af000,4096
27461,u0,0,WRITE,0xe32000,4096
27467,u1,1,WRITE,0x100002aa000,4096
27468,u2,2,READ,0x200002ab000,4096
27469,u0,0,WRITE,0xe33000,4096
27478,u0,0,READ,0xe34000,4096
27486,u0,0,READ,0xe35000,4096
27488,u3,3,WRITE,0x300002b0000,4096
27492,u0,0,WRITE,0xe36000,4096
27499,u0,0,WRITE,0xe37000,4096
27499,u2,2,WRITE,0x200002ac000,4096
27504,u0,0,WRITE,0xe38000,4096
27513,u1,1,READ,0x100002ab000,4096
27514,u0,0,READ,0xe39000,4096
27519,u3,3,WRITE,0x300002b1000,4096
27523,u0,0,READ,0xe3a000,4096
27528,u0,0,WRITE,0xe3b000,4096
27536,u0,0,READ,0xe3c000,4096
27536,u2,2,WRITE,0x200002ad000,4096
27542,u0,0,WRITE,0xe3d000,4096
27550,u0,0,WRITE,0xe3e000,4096
27553,u3,3,WRITE,0x300002b2000,4096
27554,u1,1,READ,0x100002ac000,4096
27558,u0,0,READ,0xe3f000,4096
27567,u0,0,WRITE,0xe40000,4096
27572,u2,2,WRITE,0x200002ae000,4096
27573,u0,0,WRITE,0xe41000,4096
27583,u0,0,READ,0xe42000,4096
27585,u1,1,WRITE,0x100002ad000,4096
27586,u3,3,READ,0x300002b3000,4096
27590,u0,0,READ,0xe43000,4096
27599,u0,0,READ,0xe44000,4096
27605,u2,2,WRITE,0x200002af000,4096
27608,u0,0,READ,0xe45000,4096
27618,u0,0,READ,0xe46000,4096
27626,u3,3,WRITE,0x300002b4000,4096
27628,u0,0,WRITE,0xe47000,4096
27629,u1,1,READ,0x100002ae000,4096
27633,u0,0,READ,0xe48000,4096
27637,u2,2,WRITE,0x200002b0000,4096
27638,u0,0,READ,0xe49000,4096
27648,u0,0,WRITE,0xe4a000,4096
27658,u0,0,WRITE,0xe4b000,4096
27666,u0,0,WRITE,0xe4c000,4096
27668,u1,1,WRITE,0x100002af000,4096
27670,u3,3,WRITE,0x300002b5000,4096
27675,u0,0,READ,0xe4d000,4096
27679,u2,2,WRITE,0x200002b1000,4096
27685,u0,0,READ,0xe4e000,4096
27691,u0,0,READ,0xe4f000,4096
27697,u0,0,WRITE,0xe50000,4096
27702,u0,0,READ,0xe51000,4096
27705,u1,1,READ,0x100002b0000,4096
27712,u0,0,WRITE,0xe52000,4096
27716,u3,3,READ,0x300002b6000,4096
27722,u0,0,WRITE,0xe53000,4096
27727,u2,2,WRITE,0x200002b2000,4096
27730,u0,0,READ,0xe54000,4096
27739,u0,0,WRITE,0xe55000,4096
27749,u0,0,READ,0xe56000,4096
27750,u1,1,WRITE,0x100002b1000,4096
27755,u3,3,WRITE,0x300002b7000,4096
27759,u0,0,READ,0xe57000,4096
27769,u0,0,READ,0xe58000,4096
27772,u2,2,WRITE,0x200002b3000,4096
27774,u0,0,WRITE,0xe59000,4096
27784,u0,0,READ,0xe5a000,4096
27791,u3,3,WRITE,0x300002b8000,4096
27792,u0,0,WRITE,0xe5b000,4096
27794,u1,1,READ,0x100002b2000,4096
27800,u0,0,READ,0xe5c000,4096
27809,u0,0,WRITE,0xe5d000,4096
27814,u2,2,WRITE,0x200002b4000,4096
27818,u0,0,READ,0xe5e000,4096
27824,u0,0,READ,0xe5f000,4096
27830,u0,0,WRITE,0xe60000,4096
27835,u0,0,WRITE,0xe61000,4096
27839,u1,1,READ,0x100002b3000,4096
27840,u3,3,WRITE,0x300002b9000,4096
27842,u0,0,READ,0xe62000,4096
27849,u0,0,READ,0xe63000,4096
27855,u0,0,WRITE,0xe64000,4096
27861,u2,2,WRITE,0x200002b5000,4096
27862,u0,0,READ,0xe65000,4096
27871,u0,0,READ,0xe66000,4096
27873,u3,3,READ,0x300002ba000,4096
27876,u1,1,READ,0x100002b4000,4096
27880,u0,0,WRITE,0xe67000,4096
27890,u0,0,READ,0xe68000,4096
27898,u0,0,READ,0xe69000,4096
27900,u2,2,WRITE,0x200002b6000,4096
27905,u0,0,READ,0xe6a000,4096
27910,u0,0,WRITE,0xe6b000,4096
27915,u0,0,READ,0xe6c000,4096
27916,u3,3,WRITE,0x300002bb000,4096
27918,u1,1,WRITE,0x100002b5000,4096
27920,u0,0,READ,0xe6d000,4096
27925,u0,0,READ,0xe6e000,4096
27934,u0,0,READ,0xe6f000,4096
27942,u0,0,READ,0xe70000,4096
27946,u2,2,WRITE,0x200002b7000,4096
27952,u0,0,WRITE,0xe71000,4096
27952,u1,1,READ,0x100002b6000,4096
27960,u0,0,WRITE,0xe72000,4096
27960,u3,3,WRITE,0x300002bc000,4096
27965,u0,0,READ,0xe73000,4096
27972,u0,0,READ,0xe74000,4096
27976,u2,2,WRITE,0x200002b8000,4096
27982,u0,0,READ,0xe75000,4096
27987,u1,1,WRITE,0x100002b7000,4096
27988,u0,0,WRITE,0xe76000,4096
27994,u0,0,WRITE,0xe77000,4096
28004,u0,0,WRITE,0xe78000,4096
28006,u3,3,READ,0x300002bd000,4096
28012,u2,2,READ,0x200002b9000,4096
28014,u0,0,WRITE,0xe79000,4096
28024,u0,0,READ,0xe7a000,4096
28030,u0,0,WRITE,0xe7b000,4096
28031,u1,1,READ,0x100002b8000,4096
28037,u0,0,WRITE,0xe7c000,4096
28043,u0,0,WRITE,0xe7d000,4096
28048,u3,3,WRITE,0x300002be000,4096
28051,u0,0,READ,0xe7e000,4096
28051,u2,2,WRITE,0x200002ba000,4096
28061,u0,0,READ,0xe7f000,4096
28067,u0,0,WRITE,0xe80000,4096
28068,u1,1,READ,0x100002b9000,4096
28072,u0,0,READ,0xe81000,4096
28081,u0,0,WRITE,0xe82000,4096
28083,u3,3,READ,0x300002bf000,4096
28089,u0,0,WRITE,0xe83000,4096
28089,u2,2,READ,0x200002bb000,4096
28096,u0,0,READ,0xe84000,4096
28101,u0,0,WRITE,0xe85000,4096
28108,u0,0,READ,0xe86000,4096
28109,u1,1,WRITE,0x100002ba000,4096
28118,u0,0,READ,0xe87000,4096
28119,u3,3,READ,0x300002c0000,4096
28122,u2,2,READ,0x200002bc000,4096
28127,u0,0,READ,0xe88000,4096
28134,u0,0,READ,0xe89000,4096
28142,u1,1,READ,0x100002bb000,4096
28144,u0,0,READ,0xe8a000,4096
28150,u0,0,WRITE,0xe8b000,4096
28155,u3,3,WRITE,0x300002c1000,4096
28159,u0,0,READ,0xe8c000,4096
28164,u2,2,WRITE,0x200002bd000,4096
28165,u0,0,READ,0xe8d000,4096
28174,u0,0,WRITE,0xe8e000,4096
28184,u0,0,READ,0xe8f000,4096
28185,u1,1,READ,0x100002bc000,4096
28189,u3,3,READ,0x300002c2000,4096
28192,u0,0,READ,0xe90000,4096
28200,u0,0,WRITE,0xe91000,4096
28205,u0,0,WRITE,0xe92000,4096
28208,u2,2,READ,0x200002be000,4096
28212,u0,0,WRITE,0xe93000,4096
28221,u0,0,READ,0xe94000,4096
28227,u3,3,READ,0x300002c3000,4096
28229,u0,0,READ,0xe95000,4096
28230,u1,1,READ,0x100002bd000,4096
28237,u0,0,READ,0xe96000,4096
28242,u0,0,READ,0xe97000,4096
28243,u2,2,WRITE,0x200002bf000,4096
28252,u0,0,READ,0xe98000,4096
28260,u0,0,READ,0xe99000,4096
28265,u0,0,WRITE,0xe9a000,4096
28271,u3,3,WRITE,0x300002c4000,4096
28274,u0,0,READ,0xe9b000,4096
28275,u1,1,WRITE,0x100002be000,4096
28283,u0,0,READ,0xe9c000,4096
28285,u2,2,WRITE,0x200002c0000,4096
28288,u0,0,WRITE,0xe9d000,4096
28298,u0,0,READ,0xe9e000,4096
28304,u0,0,READ,0xe9f000,4096
28304,u3,3,WRITE,0x300002c5000,4096
28306,u1,1,READ,0x100002bf000,4096
28309,u0,0,WRITE,0xea0000,4096
28318,u0,0,WRITE,0xea1000,4096
28326,u0,0,READ,0xea2000,4096
28328,u2,2,READ,0x200002c1000,4096
28333,u0,0,WRITE,0xea3000,4096
28338,u0,0,WRITE,0xea4000,4096
28338,u3,3,READ,0x300002c6000,4096
28347,u0,0,READ,0xea5000,4096
28348,u1,1,READ,0x100002c0000,4096
28354,u0,0,READ,0xea6000,4096
28359,u0,0,READ,0xea7000,4096
28362,u2,2,READ,0x200002c2000,4096
28367,u0,0,READ,0xea8000,4096
28370,u3,3,WRITE,0x300002c7000,4096
28375,u0,0,WRITE,0xea9000,4096
28380,u0,0,WRITE,0xeaa000,4096
28387,u1,1,WRITE,0x100002c1000,4096
28390,u0,0,READ,0xeab000,4096
28399,u0,0,WRITE,0xeac000,4096
28400,u2,2,WRITE,0x200002c3000,4096
28404,u0,0,WRITE,0xead000,4096
28406,u3,3,WRITE,0x300002c8000,4096
28409,u0,0,READ,0xeae000,4096
28417,u0,0,WRITE,0xeaf000,4096
28423,u0,0,READ,0xeb0000,4096
28425,u1,1,READ,0x100002c2000,4096
28431,u0,0,WRITE,0xeb1000,4096
28435,u2,2,READ,0x200002c4000,4096
28437,u0,0,WRITE,0xeb2000,4096
28441,u3,3,WRITE,0x300002c9000,4096
28444,u0,0,WRITE,0xeb3000,4096
28454,u0,0,WRITE,0xeb4000,4096
28456,u1,1,READ,0x100002c3000,4096
28463,u0,0,READ,0xeb5000,4096
28469,u0,0,WRITE,0xeb6000,4096
28476,u0,0,WRITE,0xeb7000,4096
28478,u3,3,READ,0x300002ca000,4096
28481,u2,2,WRITE,0x200002c5000,4096
28484,u0,0,READ,0xeb8000,4096
28491,u0,0,WRITE,0xeb9000,4096
28493,u1,1,READ,0x100002c4000,4096
28496,u0,0,READ,0xeba000,4096
28505,u0,0,READ,0xebb000,4096
28511,u0,0,READ,0xebc000,4096
28515,u3,3,READ,0x300002cb000,4096
28519,u0,0,READ,0xebd000,4096
28528,u2,2,READ,0x200002c6000,4096
28529,u0,0,WRITE,0xebe000,4096
28535,u0,0,READ,0xebf000,4096
28536,u1,1,WRITE,0x100002c5000,4096
28543,u0,0,WRITE,0xec0000,4096
28548,u3,3,WRITE,0x300002cc000,4096
28551,u0,0,WRITE,0xec1000,4096
28559,u0,0,WRITE,0xec2000,4096
28565,u0,0,WRITE,0xec3000,4096
28572,u2,2,WRITE,0x200002c7000,4096
28573,u0,0,READ,0xec4000,4096
28578,u0,0,READ,0xec5000,4096
28583,u0,0,READ,0xec6000,4096
28586,u1,1,WRITE,0x100002c6000,4096
28589,u0,0,READ,0xec7000,4096
28597,u0,0,WRITE,0xec8000,4096
28598,u3,3,WRITE,0x300002cd000,4096
28602,u0,0,READ,0xec9000,4096
28607,u0,0,READ,0xeca000,4096
28607,u2,2,READ,0x200002c8000,4096
28613,u0,0,READ,0xecb000,4096
28618,u0,0,READ,0xecc000,4096
28624,u1,1,WRITE,0x100002c7000,4096
28626,u0,0,READ,0xecd000,4096
28633,u0,0,WRITE,0xece000,4096
28635,u3,3,WRITE,0x300002ce000,4096
28642,u0,0,WRITE,0xecf000,4096
28648,u0,0,READ,0xed0000,4096
28649,u2,2,READ,0x200002c9000,4096
28654,u0,0,READ,0xed1000,4096
28664,u0,0,WRITE,0xed2000,4096
28672,u0,0,READ,0xed3000,4096
28672,u1,1,WRITE,0x100002c8000,4096
28672,u3,3,READ,0x300002cf000,4096
28679,u0,0,READ,0xed4000,4096
28687,u0,0,WRITE,0xed5000,4096
28688,u2,2,READ,0x200002ca000,4096
28694,u0,0,READ,0xed6000,4096
28702,u0,0,READ,0xed7000,4096
28704,u1,1,READ,0x100002c9000,4096
28706,u3,3,READ,0x300002d0000,4096
28707,u0,0,WRITE,0xed8000,4096
28713,u0,0,READ,0xed9000,4096
28718,u0,0,WRITE,0xeda000,4096
28726,u0,0,WRITE,0xedb000,4096
28732,u0,0,WRITE,0xedc000,4096
28732,u2,2,WRITE,0x200002cb000,4096
28738,u1,1,READ,0x100002ca000,4096
28739,u3,3,WRITE,0x300002d1000,4096
28741,u0,0,WRITE,0xedd000,4096
28748,u0,0,READ,0xede000,4096
28758,u0,0,READ,0xedf000,4096
28766,u0,0,WRITE,0xee0000,4096
28769,u3,3,READ,0x300002d2000,4096
28773,u0,0,WRITE,0xee1000,4096
28778,u0,0,WRITE,0xee2000,4096
28778,u2,2,READ,0x200002cc000,4096
28784,u0,0,WRITE,0xee3000,4096
28785,u1,1,READ,0x100002cb000,4096
28791,u0,0,WRITE,0xee4000,4096
28800,u0,0,READ,0xee5000,4096
28805,u0,0,WRITE,0xee6000,4096
28814,u0,0,READ,0xee7000,4096
28815,u3,3,WRITE,0x300002d3000,4096
28816,u2,2,WRITE,0x200002cd000,4096
28821,u0,0,READ,0xee8000,4096
28828,u0,0,READ,0xee9000,4096
28832,u1,1,READ,0x100002cc000,4096
28833,u0,0,READ,0xeea000,4096
28841,u0,0,READ,0xeeb000,4096
28848,u0,0,WRITE,0xeec000,4096
28856,u0,0,READ,0xeed000,4096
28858,u2,2,WRITE,0x200002ce000,4096
28861,u3,3,READ,0x300002d4000,4096
28865,u0,0,READ,0xeee000,4096
28872,u0,0,READ,0xeef000,4096
28875,u1,1,READ,0x100002cd000,4096
28882,u0,0,READ,0xef0000,4096
28889,u0,0,READ,0xef1000,4096
28889,u2,2,WRITE,0x200002cf000,4096
28896,u0,0,WRITE,0xef2000,4096
28900,u3,3,WRITE,0x300002d5000,4096
28905,u0,0,WRITE,0xef3000,4096
28913,u0,0,WRITE,0xef4000,4096
28921,u0,0,READ,0xef5000,4096
28924,u1,1,WRITE,0x100002ce000,4096
28929,u2,2,READ,0x200002d0000,4096
28931,u0,0,WRITE,0xef6000,4096
28938,u0,0,WRITE,0xef7000,4096
28943,u0,0,READ,0xef8000,4096
28949,u0,0,WRITE,0xef9000,4096
28949,u3,3,WRITE,0x300002d6000,4096
28957,u0,0,WRITE,0xefa000,4096
28966,u1,1,READ,0x100002cf000,4096
28967,u0,0,READ,0xefb000,4096
28968,u2,2,WRITE,0x200002d1000,4096
28974,u0,0,READ,0xefc000,4096
28981,u0,0,WRITE,0xefd000,4096
28985,u3,3,READ,0x300002d7000,4096
28987,u0,0,READ,0xefe000,4096
28993,u0,0,WRITE,0xeff000,4096
29002,u0,0,WRITE,0xf00000,4096
29006,u1,1,READ,0x100002d0000,4096
29009,u2,2,READ,0x200002d2000,4096
29010,u0,0,READ,0xf01000,4096
29019,u0,0,WRITE,0xf02000,4096
29028,u0,0,READ,0xf03000,4096
29032,u3,3,WRITE,0x300002d8000,4096
29034,u0,0,READ,0xf04000,4096
29041,u0,0,WRITE,0xf05000,4096
29043,u1,1,WRITE,0x100002d1000,4096
29045,u2,2,WRITE,0x200002d3000,4096
29047,u0,0,READ,0xf06000,4096
29052,u0,0,WRITE,0xf07000,4096
29060,u0,0,WRITE,0xf08000,4096
29069,u0,0,READ,0xf09000,4096
29076,u0,0,READ,0xf0a000,4096
29082,u3,3,WRITE,0x300002d9000,4096
29086,u0,0,READ,0xf0b000,4096
29086,u1,1,READ,0x100002d2000,4096
29089,u2,2,READ,0x200002d4000,4096
29094,u0,0,WRITE,0xf0c000,4096
29099,u0,0,WRITE,0xf0d000,4096
29105,u0,0,READ,0xf0e000,4096
29110,u0,0,WRITE,0xf0f000,4096
29118,u1,1,WRITE,0x100002d3000,4096
29120,u0,0,READ,0xf10000,4096
29124,u2,2,WRITE,0x200002d5000,4096
29129,u0,0,WRITE,0xf11000,4096
29132,u3,3,READ,0x300002da000,4096
29136,u0,0,WRITE,0xf12000,4096
29143,u0,0,WRITE,0xf13000,4096
29149,u1,1,READ,0x100002d4000,4096
29150,u0,0,WRITE,0xf14000,4096
29159,u0,0,READ,0xf15000,4096
29168,u0,0,READ,0xf16000,4096
29168,u2,2,WRITE,0x200002d6000,4096
29171,u3,3,WRITE,0x300002db000,4096
29178,u0,0,READ,0xf17000,4096
29183,u0,0,READ,0xf18000,4096
29190,u1,1,READ,0x100002d5000,4096
29191,u0,0,READ,0xf19000,4096
29201,u0,0,READ,0xf1a000,4096
29207,u0,0,READ,0xf1b000,4096
29208,u2,2,WRITE,0x200002d7000,4096
29215,u0,0,READ,0xf1c000,4096
29216,u3,3,WRITE,0x300002dc000,4096
29221,u0,0,WRITE,0xf1d000,4096
29223,u1,1,READ,0x100002d6000,4096
29228,u0,0,WRITE,0xf1e000,4096
29234,u0,0,READ,0xf1f000,4096
29238,u2,2,WRITE,0x200002d8000,4096
29244,u0,0,WRITE,0xf20000,4096
29254,u0,0,READ,0xf21000,4096
29259,u0,0,READ,0xf22000,4096
29262,u1,1,WRITE,0x100002d7000,4096
29263,u3,3,WRITE,0x300002dd000,4096
29267,u0,0,WRITE,0xf23000,4096
29275,u0,0,WRITE,0xf24000,4096
29284,u0,0,WRITE,0xf25000,4096
29284,u2,2,WRITE,0x200002d9000,4096
29291,u0,0,WRITE,0xf26000,4096
29300,u0,0,WRITE,0xf27000,4096
29302,u1,1,WRITE,0x100002d8000,4096
29307,u0,0,WRITE,0xf28000,4096
29308,u3,3,READ,0x300002de000,4096
29312,u0,0,READ,0xf29000,4096
29316,u2,2,WRITE,0x200002da000,4096
29320,u0,0,READ,0xf2a000,4096
29325,u0,0,WRITE,0xf2b000,4096
29333,u0,0,WRITE,0xf2c000,4096
29339,u0,0,WRITE,0xf2d000,4096
29344,u1,1,WRITE,0x100002d9000,4096
29349,u0,0,READ,0xf2e000,4096
29355,u0,0,WRITE,0xf2f000,4096
29357,u2,2,WRITE,0x200002db000,4096
29358,u3,3,WRITE,0x300002df000,4096
29360,u0,0,WRITE,0xf30000,4096
29368,u0,0,WRITE,0xf31000,4096
29376,u0,0,READ,0xf32000,4096
29383,u0,0,READ,0xf33000,4096
29389,u1,1,WRITE,0x100002da000,4096
29391,u2,2,WRITE,0x200002dc000,4096
29393,u0,0,READ,0xf34000,4096
29398,u0,0,WRITE,0xf35000,4096
29402,u3,3,READ,0x300002e0000,4096
29405,u0,0,WRITE,0xf36000,4096
29413,u0,0,READ,0xf37000,4096
29423,u0,0,WRITE,0xf38000,4096
29424,u2,2,READ,0x200002dd000,4096
29427,u1,1,READ,0x100002db000,4096
29433,u0,0,READ,0xf39000,4096
29440,u0,0,WRITE,0xf3a000,4096
29445,u0,0,WRITE,0xf3b000,4096
29449,u3,3,READ,0x300002e1000,4096
29451,u0,0,WRITE,0xf3c000,4096
29456,u0,0,WRITE,0xf3d000,4096
29461,u1,1,READ,0x100002dc000,4096
29464,u0,0,READ,0xf3e000,4096
29465,u2,2,READ,0x200002de000,4096
29471,u0,0,READ,0xf3f000,4096
29476,u0,0,READ,0xf40000,4096
29483,u0,0,WRITE,0xf41000,4096
29489,u0,0,WRITE,0xf42000,4096
29496,u1,1,WRITE,0x100002dd000,4096
29496,u3,3,READ,0x300002e2000,4096
29497,u2,2,READ,0x200002df000,4096
29498,u0,0,WRITE,0xf43000,4096
29505,u0,0,WRITE,0xf44000,4096
29513,u0,0,WRITE,0xf45000,4096
29519,u0,0,WRITE,0xf46000,4096
29527,u2,2,WRITE,0x200002e0000,4096
29528,u0,0,READ,0xf47000,4096
29535,u0,0,WRITE,0xf48000,4096
29537,u1,1,WRITE,0x100002de000,4096
29542,u0,0,WRITE,0xf49000,4096
29545,u3,3,WRITE,0x300002e3000,4096
29550,u0,0,WRITE,0xf4a000,4096
29555,u0,0,READ,0xf4b000,4096
29561,u0,0,WRITE,0xf4c000,4096
29569,u0,0,READ,0xf4d000,4096
29572,u1,1,WRITE,0x100002df000,4096
29573,u2,2,READ,0x200002e1000,4096
29575,u0,0,WRITE,0xf4e000,4096
29584,u0,0,READ,0xf4f000,4096
29587,u3,3,WRITE,0x300002e4000,4096
29589,u0,0,WRITE,0xf50000,4096
29599,u0,0,READ,0xf51000,4096
29605,u0,0,WRITE,0xf52000,4096
29614,u2,2,READ,0x200002e2000,4096
29615,u0,0,READ,0xf53000,4096
29621,u1,1,READ,0x100002e0000,4096
29622,u0,0,READ,0xf54000,4096
29628,u0,0,WRITE,0xf55000,4096
29629,u3,3,WRITE,0x300002e5000,4096
29635,u0,0,READ,0xf56000,4096
29643,u0,0,WRITE,0xf57000,4096
29653,u0,0,WRITE,0xf58000,4096
29661,u2,2,WRITE,0x200002e3000,4096
29662,u0,0,READ,0xf59000,4096
29662,u1,1,WRITE,0x100002e1000,4096
29668,u0,0,WRITE,0xf5a000,4096
29675,u0,0,READ,0xf5b000,4096
29678,u3,3,WRITE,0x300002e6000,4096
29682,u0,0,WRITE,0xf5c000,4096
29690,u0,0,WRITE,0xf5d000,4096
29696,u0,0,READ,0xf5e000,4096
29697,u1,1,WRITE,0x100002e2000,4096
29703,u0,0,READ,0xf5f000,4096
29706,u2,2,WRITE,0x200002e4000,4096
29708,u3,3,WRITE,0x300002e7000,4096
29712,u0,0,READ,0xf60000,4096
29721,u0,0,READ,0xf61000,4096
29727,u0,0,READ,0xf62000,4096
29731,u1,1,READ,0x100002e3000,4096
29734,u0,0,WRITE,0xf63000,4096
29743,u0,0,WRITE,0xf64000,4096
29743,u3,3,WRITE,0x300002e8000,4096
29750,u2,2,WRITE,0x200002e5000,4096
29751,u0,0,WRITE,0xf65000,4096
29757,u0,0,READ,0xf66000,4096
29761,u1,1,WRITE,0x100002e4000,4096
29766,u0,0,WRITE,0xf67000,4096
29773,u0,0,WRITE,0xf68000,4096
29778,u0,0,WRITE,0xf69000,4096
29782,u3,3,READ,0x300002e9000,4096
29784,u0,0,WRITE,0xf6a000,4096
29792,u0,0,WRITE,0xf6b000,4096
29792,u2,2,READ,0x200002e6000,4096
29797,u0,0,WRITE,0xf6c000,4096
29803,u1,1,READ,0x100002e5000,4096
29805,u0,0,READ,0xf6d000,4096
29813,u0,0,WRITE,0xf6e000,4096
29817,u3,3,WRITE,0x300002ea000,4096
29823,u0,0,WRITE,0xf6f000,4096
29828,u0,0,WRITE,0xf70000,4096
29830,u2,2,WRITE,0x200002e7000,4096
29835,u0,0,READ,0xf71000,4096
29840,u0,0,READ,0xf72000,4096
29843,u1,1,WRITE,0x100002e6000,4096
29846,u0,0,READ,0xf73000,4096
29854,u0,0,WRITE,0xf74000,4096
29859,u0,0,WRITE,0xf75000,4096
29866,u3,3,WRITE,0x300002eb000,4096
29867,u0,0,READ,0xf76000,4096
29873,u0,0,WRITE,0xf77000,4096
29877,u2,2,WRITE,0x200002e8000,4096
29878,u0,0,WRITE,0xf78000,4096
29878,u1,1,READ,0x100002e7000,4096
29883,u0,0,READ,0xf79000,4096
29892,u0,0,READ,0xf7a000,4096
29897,u0,0,WRITE,0xf7b000,4096
29903,u0,0,READ,0xf7c000,4096
29906,u3,3,WRITE,0x300002ec000,4096
29910,u0,0,READ,0xf7d000,4096
29917,u2,2,WRITE,0x200002e9000,4096
29920,u0,0,READ,0xf7e000,4096
29924,u1,1,READ,0x100002e8000,4096
29928,u0,0,WRITE,0xf7f000,4096
29933,u0,0,READ,0xf80000,4096
29937,u3,3,READ,0x300002ed000,4096
29943,u0,0,READ,0xf81000,4096
29949,u0,0,WRITE,0xf82000,4096
29957,u2,2,READ,0x200002ea000,4096
29959,u0,0,READ,0xf83000,4096
29969,u0,0,READ,0xf84000,4096
29974,u0,0,READ,0xf85000,4096
29974,u1,1,WRITE,0x100002e9000,4096
29974,u3,3,WRITE,0x300002ee000,4096
29982,u0,0,WRITE,0xf86000,4096
29988,u0,0,READ,0xf87000,4096
29998,u0,0,READ,0xf88000,4096
30003,u2,2,READ,0x200002eb000,4096
30005,u3,3,WRITE,0x300002ef000,4096
30007,u0,0,WRITE,0xf89000,4096
30011,u1,1,WRITE,0x100002ea000,4096
30016,u0,0,WRITE,0xf8a000,4096
30024,u0,0,WRITE,0xf8b000,4096
30030,u0,0,WRITE,0xf8c000,4096
30038,u2,2,WRITE,0x200002ec000,4096
30040,u0,0,READ,0xf8d000,4096
30044,u1,1,READ,0x100002eb000,4096
30047,u3,3,WRITE,0x300002f0000,4096
30049,u0,0,WRITE,0xf8e000,4096
30057,u0,0,READ,0xf8f000,4096
30063,u0,0,READ,0xf90000,4096
30068,u0,0,READ,0xf91000,4096
30074,u0,0,WRITE,0xf92000,4096
30079,u2,2,READ,0x200002ed000,4096
30084,u0,0,WRITE,0xf93000,4096
30085,u1,1,WRITE,0x100002ec000,4096
30086,u3,3,READ,0x300002f1000,4096
30092,u0,0,READ,0xf94000,4096
30098,u0,0,READ,0xf95000,4096
30108,u0,0,WRITE,0xf96000,4096
30109,u2,2,READ,0x200002ee000,4096
30114,u0,0,READ,0xf97000,4096
30119,u1,1,WRITE,0x100002ed000,4096
30121,u0,0,READ,0xf98000,4096
30127,u0,0,WRITE,0xf99000,4096
30132,u0,0,WRITE,0xf9a000,4096
30135,u3,3,READ,0x300002f2000,4096
30141,u0,0,WRITE,0xf9b000,4096
30150,u0,0,WRITE,0xf9c000,4096
30150,u2,2,READ,0x200002ef000,4096
30155,u0,0,READ,0xf9d000,4096
30156,u1,1,READ,0x100002ee000,4096
30161,u0,0,WRITE,0xf9e000,4096
30166,u0,0,WRITE,0xf9f000,4096
30176,u0,0,WRITE,0xfa0000,4096
30181,u3,3,READ,0x300002f3000,4096
30186,u0,0,READ,0xfa1000,4096
30193,u2,2,READ,0x200002f0000,4096
30194,u0,0,WRITE,0xfa2000,4096
30200,u1,1,READ,0x100002ef000,4096
30202,u0,0,READ,0xfa3000,4096
30209,u0,0,READ,0xfa4000,4096
30215,u0,0,WRITE,0xfa5000,4096
30216,u3,3,READ,0x300002f4000,4096
30221,u0,0,READ,0xfa6000,4096
30226,u2,2,READ,0x200002f1000,4096
30228,u0,0,READ,0xfa7000,4096
30235,u0,0,READ,0xfa8000,4096
30244,u0,0,READ,0xfa9000,4096
30245,u1,1,WRITE,0x100002f0000,4096
30249,u0,0,READ,0xfaa000,4096
30256,u3,3,READ,0x300002f5000,4096
30258,u0,0,READ,0xfab000,4096
30265,u0,0,READ,0xfac000,4096
30268,u2,2,WRITE,0x200002f2000,4096
30271,u0,0,WRITE,0xfad000,4096
30277,u0,0,WRITE,0xfae000,4096
30286,u0,0,READ,0xfaf000,4096
30287,u3,3,WRITE,0x300002f6000,4096
30288,u1,1,WRITE,0x100002f1000,4096
30295,u0,0,WRITE,0xfb0000,4096
30305,u0,0,WRITE,0xfb1000,4096
30313,u0,0,WRITE,0xfb2000,4096
30316,u2,2,WRITE,0x200002f3000,4096
30319,u0,0,READ,0xfb3000,4096
30324,u0,0,READ,0xfb4000,4096
30327,u1,1,READ,0x100002f2000,4096
30331,u0,0,WRITE,0xfb5000,4096
30333,u3,3,READ,0x300002f7000,4096
30338,u0,0,WRITE,0xfb6000,4096
30345,u0,0,WRITE,0xfb7000,4096
30348,u2,2,READ,0x200002f4000,4096
30353,u0,0,READ,0xfb8000,4096
30357,u1,1,READ,0x100002f3000,4096
30363,u0,0,WRITE,0xfb9000,4096
30368,u0,0,READ,0xfba000,4096
30373,u3,3,READ,0x300002f8000,4096
30376,u0,0,WRITE,0xfbb000,4096
30379,u2,2,WRITE,0x200002f5000,4096
30385,u0,0,WRITE,0xfbc000,4096
30389,u1,1,WRITE,0x100002f4000,4096
30393,u0,0,READ,0xfbd000,4096
30400,u0,0,WRITE,0xfbe000,4096
30409,u0,0,READ,0xfbf000,4096
30413,u3,3,WRITE,0x300002f9000,4096
30415,u0,0,WRITE,0xfc0000,4096
30421,u0,0,WRITE,0xfc1000,4096
30426,u2,2,WRITE,0x200002f6000,4096
30431,u0,0,WRITE,0xfc2000,4096
30431,u1,1,READ,0x100002f5000,4096
30441,u0,0,WRITE,0xfc3000,4096
30446,u0,0,WRITE,0xfc4000,4096
30450,u3,3,READ,0x300002fa000,4096
30451,u0,0,READ,0xfc5000,4096
30461,u0,0,READ,0xfc6000,4096
30469,u0,0,READ,0xfc7000,4096
30469,u1,1,READ,0x100002f6000,4096
30473,u2,2,READ,0x200002f7000,4096
30475,u0,0,READ,0xfc8000,4096
30481,u0,0,READ,0xfc9000,4096
30489,u3,3,WRITE,0x300002fb000,4096
30491,u0,0,READ,0xfca000,4096
30500,u0,0,WRITE,0xfcb000,4096
30507,u1,1,READ,0x100002f7000,4096
30508,u0,0,WRITE,0xfcc000,4096
30508,u2,2,READ,0x200002f8000,4096
30518,u0,0,WRITE,0xfcd000,4096
30523,u3,3,WRITE,0x300002fc000,4096
30527,u0,0,READ,0xfce000,4096
30537,u0,0,WRITE,0xfcf000,4096
30542,u0,0,READ,0xfd0000,4096
30547,u0,0,READ,0xfd1000,4096
30547,u1,1,WRITE,0x100002f8000,4096
30552,u0,0,WRITE,0xfd2000,4096
30554,u3,3,WRITE,0x300002fd000,4096
30557,u2,2,WRITE,0x200002f9000,4096
30561,u0,0,WRITE,0xfd3000,4096
30570,u0,0,READ,0xfd4000,4096
30577,u0,0,READ,0xfd5000,4096
30584,u0,0,READ,0xfd6000,4096
30589,u0,0,WRITE,0xfd7000,4096
30594,u0,0,WRITE,0xfd8000,4096
30594,u1,1,WRITE,0x100002f9000,4096
30595,u2,2,WRITE,0x200002fa000,4096
30597,u3,3,WRITE,0x300002fe000,4096
30599,u0,0,WRITE,0xfd9000,4096
30605,u0,0,WRITE,0xfda000,4096
30611,u0,0,WRITE,0xfdb000,4096
30621,u0,0,READ,0xfdc000,4096
30627,u0,0,WRITE,0xfdd000,4096
30632,u3,3,READ,0x300002ff000,4096
30636,u0,0,READ,0xfde000,4096
30637,u2,2,WRITE,0x200002fb000,4096
30643,u0,0,WRITE,0xfdf000,4096
30644,u1,1,WRITE,0x100002fa000,4096
30653,u0,0,WRITE,0xfe0000,4096
30662,u0,0,READ,0xfe1000,4096
30666,u3,3,WRITE,0x30000300000,4096
30670,u0,0,READ,0xfe2000,4096
30680,u0,0,READ,0xfe3000,4096
30680,u1,1,WRITE,0x100002fb000,4096
30682,u2,2,WRITE,0x200002fc000,4096
30688,u0,0,READ,0xfe4000,4096
30694,u0,0,READ,0xfe5000,4096
30704,u0,0,READ,0xfe6000,4096
30710,u3,3,WRITE,0x30000301000,4096
30712,u0,0,READ,0xfe7000,4096
30719,u0,0,READ,0xfe8000,4096
30722,u1,1,WRITE,0x100002fc000,4096
30725,u2,2,WRITE,0x200002fd000,4096
30727,u0,0,WRITE,0xfe9000,4096
30736,u0,0,READ,0xfea000,4096
30743,u0,0,WRITE,0xfeb000,4096
30746,u3,3,WRITE,0x30000302000,4096
30751,u0,0,READ,0xfec000,4096
30758,u0,0,WRITE,0xfed000,4096
30758,u1,1,WRITE,0x100002fd000,4096
30767,u0,0,WRITE,0xfee000,4096
30769,u2,2,READ,0x200002fe000,4096
30774,u0,0,READ,0xfef000,4096
30781,u0,0,WRITE,0xff0000,4096
30788,u0,0,READ,0xff1000,4096
30794,u0,0,WRITE,0xff2000,4096
30796,u1,1,WRITE,0x100002fe000,4096
30796,u3,3,READ,0x30000303000,4096
30799,u0,0,READ,0xff3000,4096
30806,u0,0,READ,0xff4000,4096
30807,u2,2,WRITE,0x200002ff000,4096
30815,u0,0,WRITE,0xff5000,4096
30825,u0,0,WRITE,0xff6000,4096
30834,u0,0,READ,0xff7000,4096
30835,u3,3,READ,0x30000304000,4096
30842,u1,1,READ,0x100002ff000,4096
30844,u0,0,READ,0xff8000,4096
30854,u0,0,WRITE,0xff9000,4096
30857,u2,2,READ,0x20000300000,4096
30864,u0,0,READ,0xffa000,4096
30872,u0,0,READ,0xffb000,4096
30872,u1,1,READ,0x10000300000,4096
30879,u3,3,READ,0x30000305000,4096
30880,u0,0,READ,0xffc000,4096
30888,u0,0,READ,0xffd000,4096
30894,u0,0,READ,0xffe000,4096
30901,u0,0,READ,0xfff000,4096
30906,u2,2,READ,0x20000301000,4096
30908,u1,1,READ,0x10000301000,4096
30909,u0,0,WRITE,0x1000000,4096
30914,u0,0,WRITE,0x1001000,4096
30919,u3,3,READ,0x30000306000,4096
30921,u0,0,WRITE,0x1002000,4096
30926,u0,0,WRITE,0x1003000,4096
30935,u0,0,READ,0x1004000,4096
30941,u2,2,READ,0x20000302000,4096
30942,u0,0,READ,0x1005000,4096
30951,u0,0,READ,0x1006000,4096
30955,u1,1,READ,0x10000302000,4096
30957,u0,0,WRITE,0x1007000,4096
30959,u3,3,READ,0x30000307000,4096
30964,u0,0,READ,0x1008000,4096
30972,u0,0,WRITE,0x1009000,4096
30976,u2,2,READ,0x20000303000,4096
30977,u0,0,WRITE,0x100a000,4096
30984,u0,0,WRITE,0x100b000,4096
30991,u0,0,WRITE,0x100c000,4096
30995,u3,3,WRITE,0x30000308000,4096
30996,u1,1,READ,0x10000303000,4096
30997,u0,0,WRITE,0x100d000,4096
31002,u0,0,READ,0x100e000,4096
31007,u0,0,WRITE,0x100f000,4096
31013,u2,2,WRITE,0x20000304000,4096
31016,u0,0,READ,0x1010000,4096
31025,u3,3,WRITE,0x30000309000,4096
31026,u0,0,WRITE,0x1011000,4096
31035,u0,0,READ,0x1012000,4096
31039,u1,1,READ,0x10000304000,4096
31043,u0,0,READ,0x1013000,4096
31050,u0,0,WRITE,0x1014000,4096
31050,u2,2,READ,0x20000305000,4096
31058,u0,0,WRITE,0x1015000,4096
31067,u0,0,WRITE,0x1016000,4096
31068,u3,3,WRITE,0x3000030a000,4096
31069,u1,1,READ,0x10000305000,4096
31077,u0,0,WRITE,0x1017000,4096
31083,u0,0,READ,0x1018000,4096
31091,u0,0,WRITE,0x1019000,4096
31092,u2,2,READ,0x20000306000,4096
31098,u0,0,WRITE,0x101a000,4096
31104,u0,0,READ,0x101b000,4096
31113,u0,0,WRITE,0x101c000,4096
31113,u1,1,WRITE,0x10000306000,4096
31115,u3,3,READ,0x3000030b000,4096
31119,u0,0,READ,0x101d000,4096
31126,u0,0,READ,0x101e000,4096
31131,u0,0,WRITE,0x101f000,4096
31131,u2,2,WRITE,0x20000307000,4096
31137,u0,0,WRITE,0x1020000,4096
31145,u0,0,READ,0x1021000,4096
31152,u3,3,READ,0x3000030c000,4096
31153,u0,0,READ,0x1022000,4096
31162,u0,0,READ,0x1023000,4096
31163,u1,1,READ,0x10000307000,4096
31167,u0,0,WRITE,0x1024000,4096
31175,u0,0,READ,0x1025000,4096
31180,u2,2,WRITE,0x20000308000,4096
31185,u0,0,WRITE,0x1026000,4096
31191,u0,0,WRITE,0x1027000,4096
31192,u3,3,READ,0x3000030d000,4096
31198,u0,0,READ,0x1028000,4096
31206,u0,0,READ,0x1029000,4096
31207,u1,1,WRITE,0x10000308000,4096
31211,u0,0,READ,0x102a000,4096
31221,u0,0,READ,0x102b000,4096
31228,u0,0,WRITE,0x102c000,4096
31228,u2,2,READ,0x20000309000,4096
31235,u0,0,READ,0x102d000,4096
31239,u3,3,WRITE,0x3000030e000,4096
31244,u0,0,WRITE,0x102e000,4096
31253,u0,0,WRITE,0x102f000,4096
31257,u1,1,WRITE,0x10000309000,4096
31258,u0,0,WRITE,0x1030000,4096
31264,u0,0,WRITE,0x1031000,4096
31270,u2,2,WRITE,0x2000030a000,4096
31271,u0,0,WRITE,0x1032000,4096
31280,u0,0,WRITE,0x1033000,4096
31280,u3,3,READ,0x3000030f000,4096
31287,u0,0,READ,0x1034000,4096
31294,u0,0,READ,0x1035000,4096
31300,u1,1,WRITE,0x1000030a000,4096
31301,u0,0,READ,0x1036000,4096
31301,u2,2,WRITE,0x2000030b000,4096
31310,u0,0,READ,0x1037000,4096
31315,u0,0,READ,0x1038000,4096
31317,u3,3,READ,0x30000310000,4096
31323,u0,0,WRITE,0x1039000,4096
31331,u0,0,WRITE,0x103a000,4096
31335,u1,1,WRITE,0x1000030b000,4096
31341,u0,0,READ,0x103b000,4096
31346,u0,0,WRITE,0x103c000,4096
31347,u2,2,WRITE,0x2000030c000,4096
31351,u0,0,WRITE,0x103d000,4096
31356,u3,3,WRITE,0x30000311000,4096
31361,u0,0,READ,0x103e000,4096
31369,u0,0,READ,0x103f000,4096
31369,u1,1,READ,0x1000030c000,4096
31374,u0,0,READ,0x1040000,4096
31378,u2,2,READ,0x2000030d000,4096
31382,u0,0,READ,0x1041000,4096
31391,u0,0,READ,0x1042000,4096
31397,u0,0,READ,0x1043000,4096
31402,u1,1,WRITE,0x1000030d000,4096
31404,u3,3,WRITE,0x30000312000,4096
31407,u0,0,WRITE,0x1044000,4096
31410,u2,2,READ,0x2000030e000,4096
31417,u0,0,WRITE,0x1045000,4096
31426,u0,0,READ,0x1046000,4096
31431,u0,0,READ,0x1047000,4096
31438,u0,0,READ,0x1048000,4096
31439,u1,1,READ,0x1000030e000,4096
31446,u0,0,READ,0x1049000,4096
31448,u3,3,READ,0x30000313000,4096
31453,u2,2,READ,0x2000030f000,4096
31454,u0,0,WRITE,0x104a000,4096
31459,u0,0,WRITE,0x104b000,4096
31464,u0,0,WRITE,0x104c000,4096
31471,u1,1,WRITE,0x1000030f000,4096
31474,u0,0,READ,0x104d000,4096
31480,u3,3,WRITE,0x30000314000,4096
31481,u0,0,READ,0x104e000,4096
31484,u2,2,WRITE,0x20000310000,4096
31490,u0,0,WRITE,0x104f000,4096
31499,u0,0,WRITE,0x1050000,4096
31506,u1,1,WRITE,0x10000310000,4096
31509,u0,0,WRITE,0x1051000,4096
31515,u0,0,READ,0x1052000,4096
31515,u2,2,READ,0x20000311000,4096
31523,u3,3,WRITE,0x30000315000,4096
31524,u0,0,WRITE,0x1053000,4096
31532,u0,0,READ,0x1054000,4096
31540,u0,0,WRITE,0x1055000,4096
31546,u0,0,WRITE,0x1056000,4096
31553,u1,1,READ,0x10000311000,4096
31554,u0,0,READ,0x1057000,4096
31559,u3,3,WRITE,0x30000316000,4096
31562,u0,0,WRITE,0x1058000,4096
31565,u2,2,READ,0x20000312000,4096
31572,u0,0,WRITE,0x1059000,4096
31579,u0,0,WRITE,0x105a000,4096
31584,u0,0,WRITE,0x105b000,4096
31588,u1,1,WRITE,0x10000312000,4096
31590,u0,0,WRITE,0x105c000,4096
31600,u0,0,READ,0x105d000,4096
31602,u2,2,WRITE,0x20000313000,4096
31604,u3,3,WRITE,0x30000317000,4096
31605,u0,0,READ,0x105e000,4096
31611,u0,0,WRITE,0x105f000,4096
31619,u0,0,READ,0x1060000,4096
31628,u0,0,READ,0x1061000,4096
31628,u1,1,WRITE,0x10000313000,4096
31633,u0,0,READ,0x1062000,4096
31638,u0,0,WRITE,0x1063000,4096
31646,u0,0,WRITE,0x1064000,4096
31648,u3,3,READ,0x30000318000,4096
31649,u2,2,WRITE,0x20000314000,4096
31652,u0,0,WRITE,0x1065000,4096
31657,u0,0,WRITE,0x1066000,4096
31662,u0,0,READ,0x1067000,4096
31670,u0,0,READ,0x1068000,4096
31671,u1,1,READ,0x10000314000,4096
31679,u0,0,READ,0x1069000,4096
31685,u0,0,WRITE,0x106a000,4096
31689,u2,2,WRITE,0x20000315000,4096
31694,u3,3,WRITE,0x30000319000,4096
31695,u0,0,READ,0x106b000,4096
31704,u0,0,READ,0x106c000,4096
31710,u0,0,READ,0x106d000,4096
31711,u1,1,READ,0x10000315000,4096
31715,u0,0,READ,0x106e000,4096
31720,u0,0,READ,0x106f000,4096
31729,u0,0,WRITE,0x1070000,4096
31731,u3,3,READ,0x3000031a000,4096
31736,u2,2,READ,0x20000316000,4096
31738,u0,0,WRITE,0x1071000,4096
31742,u1,1,READ,0x10000316000,4096
31746,u0,0,READ,0x1072000,4096
31753,u0,0,READ,0x1073000,4096
31758,u0,0,WRITE,0x1074000,4096
31761,u3,3,WRITE,0x3000031b000,4096
31768,u0,0,WRITE,0x1075000,4096
31776,u0,0,WRITE,0x1076000,4096
31778,u2,2,WRITE,0x20000317000,4096
31779,u1,1,READ,0x10000317000,4096
31784,u0,0,WRITE,0x1077000,4096
31793,u0,0,READ,0x1078000,4096
31799,u0,0,READ,0x1079000,4096
31804,u0,0,READ,0x107a000,4096
31808,u3,3,WRITE,0x3000031c000,4096
31809,u0,0,WRITE,0x107b000,4096
31818,u0,0,READ,0x107c000,4096
31824,u0,0,READ,0x107d000,4096
31825,u2,2,READ,0x20000318000,4096
31828,u1,1,WRITE,0x10000318000,4096
31829,u0,0,READ,0x107e000,4096
31837,u0,0,WRITE,0x107f000,4096
31845,u0,0,READ,0x1080000,4096
31855,u0,0,WRITE,0x1081000,4096
31856,u3,3,READ,0x3000031d000,4096
31858,u2,2,READ,0x20000319000,4096
31860,u0,0,READ,0x1082000,4096
31866,u1,1,WRITE,0x10000319000,4096
31867,u0,0,READ,0x1083000,4096
31877,u0,0,WRITE,0x1084000,4096
31883,u0,0,READ,0x1085000,4096
31890,u0,0,WRITE,0x1086000,4096
31890,u3,3,WRITE,0x3000031e000,4096
31899,u0,0,READ,0x1087000,4096
31899,u1,1,WRITE,0x1000031a000,4096
31904,u2,2,WRITE,0x2000031a000,4096
31908,u0,0,WRITE,0x1088000,4096
31913,u0,0,WRITE,0x1089000,4096
31923,u0,0,WRITE,0x108a000,4096
31929,u0,0,WRITE,0x108b000,4096
31933,u3,3,WRITE,0x3000031f000,4096
31937,u0,0,WRITE,0x108c000,4096
31939,u1,1,READ,0x1000031b000,4096
31943,u0,0,READ,0x108d000,4096
31947,u2,2,WRITE,0x2000031b000,4096
31951,u0,0,WRITE,0x108e000,4096
31960,u0,0,READ,0x108f000,4096
31969,u0,0,WRITE,0x1090000,4096
31979,u0,0,WRITE,0x1091000,4096
31980,u3,3,WRITE,0x30000320000,4096
31981,u1,1,WRITE,0x1000031c000,4096
31983,u2,2,READ,0x2000031c000,4096
31985,u0,0,READ,0x1092000,4096
31992,u0,0,READ,0x1093000,4096
32000,u0,0,READ,0x1094000,4096
32006,u0,0,READ,0x1095000,4096
32011,u0,0,WRITE,0x1096000,4096
32016,u0,0,READ,0x1097000,4096
32021,u2,2,READ,0x2000031d000,4096
32023,u3,3,READ,0x30000321000,4096
32025,u0,0,READ,0x1098000,4096
32027,u1,1,WRITE,0x1000031d000,4096
32034,u0,0,READ,0x1099000,4096
32039,u0,0,WRITE,0x109a000,4096
32049,u0,0,WRITE,0x109b000,4096
32057,u0,0,WRITE,0x109c000,4096
32058,u1,1,WRITE,0x1000031e000,4096
32061,u2,2,WRITE,0x2000031e000,4096
32062,u0,0,WRITE,0x109d000,4096
32070,u0,0,WRITE,0x109e000,4096
32072,u3,3,WRITE,0x30000322000,4096
32079,u0,0,READ,0x109f000,4096
32088,u1,1,READ,0x1000031f000,4096
32089,u0,0,WRITE,0x10a0000,4096
32094,u0,0,READ,0x10a1000,4096
32101,u0,0,WRITE,0x10a2000,4096
32102,u3,3,WRITE,0x30000323000,4096
32109,u0,0,WRITE,0x10a3000,4096
32109,u2,2,READ,0x2000031f000,4096
32118,u0,0,READ,0x10a4000,4096
32123,u0,0,READ,0x10a5000,4096
32131,u1,1,READ,0x10000320000,4096
32133,u0,0,WRITE,0x10a6000,4096
32143,u0,0,READ,0x10a7000,4096
32144,u2,2,READ,0x20000320000,4096
32144,u3,3,WRITE,0x30000324000,4096
32153,u0,0,READ,0x10a8000,4096
32161,u0,0,WRITE,0x10a9000,4096
32169,u0,0,WRITE,0x10aa000,4096
32179,u0,0,WRITE,0x10ab000,4096
32179,u1,1,READ,0x10000321000,4096
32187,u0,0,WRITE,0x10ac000,4096
32189,u3,3,WRITE,0x30000325000,4096
32194,u2,2,READ,0x20000321000,4096
32197,u0,0,WRITE,0x10ad000,4096
32202,u0,0,WRITE,0x10ae000,4096
32209,u0,0,WRITE,0x10af000,4096
32211,u1,1,READ,0x10000322000,4096
32214,u0,0,READ,0x10b0000,4096
32219,u3,3,WRITE,0x30000326000,4096
32223,u0,0,READ,0x10b1000,4096
32232,u0,0,READ,0x10b2000,4096
32237,u2,2,READ,0x20000322000,4096
32241,u0,0,READ,0x10b3000,4096
32248,u0,0,WRITE,0x10b4000,4096
32256,u0,0,READ,0x10b5000,4096
32257,u1,1,WRITE,0x10000323000,4096
32257,u3,3,WRITE,0x30000327000,4096
32264,u0,0,WRITE,0x10b6000,4096
32273,u0,0,WRITE,0x10b7000,4096
32279,u2,2,READ,0x20000323000,4096
32283,u0,0,READ,0x10b8000,4096
32291,u0,0,READ,0x10b9000,4096
32297,u3,3,READ,0x30000328000,4096
32298,u0,0,WRITE,0x10ba000,4096
32305,u1,1,WRITE,0x10000324000,4096
32306,u0,0,WRITE,0x10bb000,4096
32314,u0,0,WRITE,0x10bc000,4096
32315,u2,2,WRITE,0x20000324000,4096
32322,u0,0,WRITE,0x10bd000,4096
32327,u0,0,READ,0x10be000,4096
32328,u3,3,READ,0x30000329000,4096
32334,u0,0,READ,0x10bf000,4096
32335,u1,1,READ,0x10000325000,4096
32340,u0,0,READ,0x10c0000,4096
32345,u0,0,READ,0x10c1000,4096
32354,u0,0,READ,0x10c2000,4096
32358,u2,2,READ,0x20000325000,4096
32358,u3,3,WRITE,0x3000032a000,4096
32364,u0,0,READ,0x10c3000,4096
32369,u0,0,READ,0x10c4000,4096
32376,u0,0,READ,0x10c5000,4096
32380,u1,1,WRITE,0x10000326000,4096
32383,u0,0,READ,0x10c6000,4096
32391,u0,0,READ,0x10c7000,4096
32401,u0,0,READ,0x10c8000,4096
32402,u3,3,WRITE,0x3000032b000,4096
32406,u0,0,WRITE,0x10c9000,4096
32408,u2,2,READ,0x20000326000,4096
32415,u0,0,WRITE,0x10ca000,4096
32423,u0,0,WRITE,0x10cb000,4096
32429,u1,1,READ,0x10000327000,4096
32433,u0,0,READ,0x10cc000,4096
32437,u3,3,WRITE,0x3000032c000,4096
32438,u0,0,WRITE,0x10cd000,4096
32446,u0,0,WRITE,0x10ce000,4096
32453,u2,2,READ,0x20000327000,4096
32454,u0,0,WRITE,0x10cf000,4096
32460,u0,0,WRITE,0x10d0000,4096
32460,u1,1,WRITE,0x10000328000,4096
32468,u0,0,WRITE,0x10d1000,4096
32470,u3,3,READ,0x3000032d000,4096
32474,u0,0,READ,0x10d2000,4096
32479,u0,0,READ,0x10d3000,4096
32489,u0,0,WRITE,0x10d4000,4096
32491,u2,2,READ,0x20000328000,4096
32495,u1,1,READ,0x10000329000,4096
32499,u0,0,READ,0x10d5000,4096
32506,u0,0,WRITE,0x10d6000,4096
32511,u0,0,WRITE,0x10d7000,4096
32517,u3,3,READ,0x3000032e000,4096
32519,u0,0,READ,0x10d8000,4096
32522,u2,2,READ,0x20000329000,4096
32528,u0,0,READ,0x10d9000,4096
32533,u0,0,WRITE,0x10da000,4096
32536,u1,1,WRITE,0x1000032a000,4096
32538,u0,0,READ,0x10db000,4096
32543,u0,0,READ,0x10dc000,4096
32553,u0,0,READ,0x10dd000,4096
32554,u3,3,READ,0x3000032f000,4096
32562,u0,0,READ,0x10de000,4096
32569,u2,2,WRITE,0x2000032a000,4096
32570,u0,0,READ,0x10df000,4096
32571,u1,1,WRITE,0x1000032b000,4096
32580,u0,0,WRITE,0x10e0000,4096
32586,u0,0,WRITE,0x10e1000,4096
32593,u3,3,READ,0x30000330000,4096
32595,u0,0,WRITE,0x10e2000,4096
32602,u0,0,READ,0x10e3000,4096
32610,u0,0,WRITE,0x10e4000,4096
32613,u2,2,READ,0x2000032b000,4096
32616,u0,0,WRITE,0x10e5000,4096
32616,u1,1,WRITE,0x1000032c000,4096
32625,u0,0,READ,0x10e6000,4096
32630,u3,3,WRITE,0x30000331000,4096
32632,u0,0,WRITE,0x10e7000,4096
32639,u0,0,WRITE,0x10e8000,4096
32647,u0,0,WRITE,0x10e9000,4096
32653,u0,0,READ,0x10ea000,4096
32657,u1,1,READ,0x1000032d000,4096
32662,u0,0,READ,0x10eb000,4096
32662,u3,3,READ,0x30000332000,4096
32663,u2,2,WRITE,0x2000032c000,4096
32667,u0,0,READ,0x10ec000,4096
32675,u0,0,WRITE,0x10ed000,4096
32684,u0,0,READ,0x10ee000,4096
32691,u0,0,WRITE,0x10ef000,4096
32694,u1,1,WRITE,0x1000032e000,4096
32696,u0,0,READ,0x10f0000,4096
32704,u3,3,READ,0x30000333000,4096
32705,u0,0,READ,0x10f1000,4096
32713,u2,2,READ,0x2000032d000,4096
32714,u0,0,READ,0x10f2000,4096
32721,u0,0,READ,0x10f3000,4096
32726,u0,0,READ,0x10f4000,4096
32733,u0,0,READ,0x10f5000,4096
32738,u0,0,WRITE,0x10f6000,4096
32738,u3,3,READ,0x30000334000,4096
32744,u1,1,READ,0x1000032f000,4096
32748,u0,0,WRITE,0x10f7000,4096
32754,u2,2,READ,0x2000032e000,4096
32757,u0,0,WRITE,0x10f8000,4096
32764,u0,0,READ,0x10f9000,4096
32772,u0,0,WRITE,0x10fa000,4096
32773,u3,3,WRITE,0x30000335000,4096
32778,u0,0,WRITE,0x10fb000,4096
32780,u1,1,WRITE,0x10000330000,4096
32786,u0,0,READ,0x10fc000,4096
32791,u0,0,WRITE,0x10fd000,4096
32798,u0,0,READ,0x10fe000,4096
32798,u2,2,WRITE,0x2000032f000,4096
32808,u0,0,WRITE,0x10ff000,4096
32813,u0,0,WRITE,0x1100000,4096
32817,u3,3,READ,0x30000336000,4096
32821,u0,0,WRITE,0x1101000,4096
32826,u0,0,WRITE,0x1102000,4096
32827,u1,1,WRITE,0x10000331000,4096
32832,u2,2,READ,0x20000330000,4096
32833,u0,0,READ,0x1103000,4096
32839,u0,0,WRITE,0x1104000,4096
32845,u0,0,WRITE,0x1105000,4096
32847,u3,3,WRITE,0x30000337000,4096
32853,u0,0,READ,0x1106000,4096
32863,u0,0,READ,0x1107000,4096
32867,u1,1,READ,0x10000332000,4096
32871,u0,0,WRITE,0x1108000,4096
32876,u0,0,READ,0x1109000,4096
32882,u2,2,WRITE,0x20000331000,4096
32885,u0,0,READ,0x110a000,4096
32885,u3,3,READ,0x30000338000,4096
32893,u0,0,WRITE,0x110b000,4096
32900,u0,0,WRITE,0x110c000,4096
32909,u0,0,WRITE,0x110d000,4096
32915,u1,1,READ,0x10000333000,4096
32917,u0,0,READ,0x110e000,4096
32918,u3,3,READ,0x30000339000,4096
32921,u2,2,READ,0x20000332000,4096
32927,u0,0,READ,0x110f000,4096
32936,u0,0,READ,0x1110000,4096
32946,u0,0,READ,0x1111000,4096
32952,u0,0,WRITE,0x1112000,4096
32952,u2,2,READ,0x20000333000,4096
32957,u0,0,READ,0x1113000,4096
32961,u1,1,READ,0x10000334000,4096
32963,u0,0,READ,0x1114000,4096
32965,u3,3,WRITE,0x3000033a000,4096
32970,u0,0,READ,0x1115000,4096
32976,u0,0,READ,0x1116000,4096
32981,u0,0,READ,0x1117000,4096
32991,u0,0,WRITE,0x1118000,4096
32996,u1,1,READ,0x10000335000,4096
32996,u2,2,WRITE,0x20000334000,4096
33001,u0,0,READ,0x1119000,4096
33008,u0,0,READ,0x111a000,4096
33012,u3,3,WRITE,0x3000033b000,4096
33017,u0,0,WRITE,0x111b000,4096
33026,u0,0,READ,0x111c000,4096
33027,u2,2,WRITE,0x20000335000,4096
33032,u0,0,READ,0x111d000,4096
33041,u0,0,READ,0x111e000,4096
33041,u1,1,WRITE,0x10000336000,4096
33049,u0,0,READ,0x111f000,4096
33057,u0,0,READ,0x1120000,4096
33057,u3,3,READ,0x3000033c000,4096
33062,u0,0,READ,0x1121000,4096
33070,u0,0,WRITE,0x1122000,4096
33076,u2,2,READ,0x20000336000,4096
33078,u0,0,WRITE,0x1123000,4096
33084,u1,1,WRITE,0x10000337000,4096
33088,u0,0,READ,0x1124000,4096
33092,u3,3,WRITE,0x3000033d000,4096
33097,u0,0,READ,0x1125000,4096
33102,u0,0,WRITE,0x1126000,4096
33108,u0,0,WRITE,0x1127000,4096
33114,u0,0,READ,0x1128000,4096
33120,u2,2,WRITE,0x20000337000,4096
33122,u1,1,READ,0x10000338000,4096
33123,u0,0,WRITE,0x1129000,4096
33129,u0,0,WRITE,0x112a000,4096
33135,u0,0,READ,0x112b000,4096
33141,u3,3,WRITE,0x3000033e000,4096
33143,u0,0,WRITE,0x112c000,4096
33151,u2,2,READ,0x20000338000,4096
33152,u0,0,WRITE,0x112d000,4096
33161,u0,0,READ,0x112e000,4096
33161,u1,1,WRITE,0x10000339000,4096
33168,u0,0,READ,0x112f000,4096
33177,u3,3,WRITE,0x3000033f000,4096
33178,u0,0,READ,0x1130000,4096
33183,u0,0,WRITE,0x1131000,4096
33187,u2,2,READ,0x20000339000,4096
33189,u0,0,READ,0x1132000,4096
33195,u0,0,READ,0x1133000,4096
33201,u1,1,WRITE,0x1000033a000,4096
33202,u0,0,READ,0x1134000,4096
33209,u0,0,READ,0x1135000,4096
33215,u0,0,READ,0x1136000,4096
33217,u3,3,WRITE,0x30000340000,4096
33222,u0,0,READ,0x1137000,4096
33228,u0,0,READ,0x1138000,4096
33235,u0,0,READ,0x1139000,4096
33235,u2,2,READ,0x2000033a000,4096
33242,u0,0,READ,0x113a000,4096
33249,u1,1,READ,0x1000033b000,4096
33251,u0,0,READ,0x113b000,4096
33256,u3,3,WRITE,0x30000341000,4096
33258,u0,0,WRITE,0x113c000,4096
33268,u0,0,WRITE,0x113d000,4096
33274,u0,0,WRITE,0x113e000,4096
33275,u2,2,READ,0x2000033b000,4096
33282,u0,0,READ,0x113f000,4096
33285,u1,1,READ,0x1000033c000,4096
33290,u0,0,READ,0x1140000,4096
33294,u3,3,WRITE,0x30000342000,4096
33296,u0,0,WRITE,0x1141000,4096
33306,u0,0,READ,0x1142000,4096
33306,u2,2,READ,0x2000033c000,4096
33315,u0,0,READ,0x1143000,4096
33325,u0,0,WRITE,0x1144000,4096
33331,u0,0,READ,0x1145000,4096
33331,u1,1,READ,0x1000033d000,4096
33333,u3,3,READ,0x30000343000,4096
33336,u0,0,WRITE,0x1146000,4096
33342,u0,0,READ,0x1147000,4096
33349,u0,0,READ,0x1148000,4096
33354,u0,0,READ,0x1149000,4096
33354,u2,2,READ,0x2000033d000,4096
33363,u1,1,READ,0x1000033e000,4096
33364,u0,0,READ,0x114a000,4096
33371,u3,3,WRITE,0x30000344000,4096
33372,u0,0,READ,0x114b000,4096
33377,u0,0,WRITE,0x114c000,4096
33382,u0,0,READ,0x114d000,4096
33388,u0,0,WRITE,0x114e000,4096
33397,u0,0,WRITE,0x114f000,4096
33401,u2,2,WRITE,0x2000033e000,4096
33405,u1,1,READ,0x1000033f000,4096
33406,u0,0,WRITE,0x1150000,4096
33411,u3,3,READ,0x30000345000,4096
33412,u0,0,WRITE,0x1151000,4096
33422,u0,0,READ,0x1152000,4096
33432,u0,0,READ,0x1153000,4096
33434,u2,2,WRITE,0x2000033f000,4096
33439,u0,0,READ,0x1154000,4096
33441,u3,3,WRITE,0x30000346000,4096
33445,u0,0,WRITE,0x1155000,4096
33448,u1,1,WRITE,0x10000340000,4096
33450,u0,0,READ,0x1156000,4096
33459,u0,0,WRITE,0x1157000,4096
33467,u0,0,WRITE,0x1158000,4096
33474,u0,0,READ,0x1159000,4096
33483,u0,0,READ,0x115a000,4096
33483,u2,2,READ,0x20000340000,4096
33488,u0,0,WRITE,0x115b000,4096
33491,u3,3,WRITE,0x30000347000,4096
33494,u0,0,READ,0x115c000,4096
33498,u1,1,READ,0x10000341000,4096
33499,u0,0,WRITE,0x115d000,4096
33509,u0,0,READ,0x115e000,4096
33516,u0,0,READ,0x115f000,4096
33525,u2,2,WRITE,0x20000341000,4096
33526,u0,0,READ,0x1160000,4096
33531,u0,0,READ,0x1161000,4096
33532,u1,1,WRITE,0x10000342000,4096
33532,u3,3,WRITE,0x30000348000,4096
33540,u0,0,READ,0x1162000,4096
33550,u0,0,WRITE,0x1163000,4096
33560,u0,0,READ,0x1164000,4096
33565,u1,1,READ,0x10000343000,4096
33566,u0,0,READ,0x1165000,4096
33566,u3,3,READ,0x30000349000,4096
33570,u2,2,READ,0x20000342000,4096
33573,u0,0,WRITE,0x1166000,4096
33580,u0,0,WRITE,0x1167000,4096
33589,u0,0,READ,0x1168000,4096
33596,u0,0,WRITE,0x1169000,4096
33599,u1,1,WRITE,0x10000344000,4096
33604,u2,2,READ,0x20000343000,4096
33606,u0,0,READ,0x116a000,4096
33611,u3,3,READ,0x3000034a000,4096
33615,u0,0,READ,0x116b000,4096
33625,u0,0,WRITE,0x116c000,4096
33632,u0,0,WRITE,0x116d000,4096
33633,u1,1,READ,0x10000345000,4096
33641,u0,0,READ,0x116e000,4096
33649,u2,2,READ,0x20000344000,4096
33651,u0,0,WRITE,0x116f000,4096
33656,u0,0,READ,0x1170000,4096
33657,u3,3,READ,0x3000034b000,4096
33661,u0,0,READ,0x1171000,4096
33667,u0,0,WRITE,0x1172000,4096
33676,u0,0,READ,0x1173000,4096
33680,u1,1,WRITE,0x10000346000,4096
33682,u0,0,READ,0x1174000,4096
33684,u2,2,READ,0x20000345000,4096
33691,u0,0,WRITE,0x1175000,4096
33696,u0,0,READ,0x1176000,4096
33702,u3,3,WRITE,0x3000034c000,4096
33704,u0,0,READ,0x1177000,4096
33714,u0,0,WRITE,0x1178000,4096
33721,u0,0,WRITE,0x1179000,4096
33726,u0,0,READ,0x117a000,4096
33730,u1,1,WRITE,0x10000347000,4096
33730,u2,2,READ,0x20000346000,4096
33733,u0,0,WRITE,0x117b000,4096
33740,u0,0,WRITE,0x117c000,4096
33746,u0,0,WRITE,0x117d000,4096
33747,u3,3,READ,0x3000034d000,4096
33753,u0,0,WRITE,0x117e000,4096
33760,u0,0,READ,0x117f000,4096
33767,u1,1,READ,0x10000348000,4096
33770,u0,0,WRITE,0x1180000,4096
33774,u2,2,WRITE,0x20000347000,4096
33776,u0,0,WRITE,0x1181000,4096
33783,u0,0,READ,0x1182000,4096
33790,u0,0,WRITE,0x1183000,4096
33790,u3,3,WRITE,0x3000034e000,4096
33799,u0,0,WRITE,0x1184000,4096
33804,u1,1,WRITE,0x10000349000,4096
33806,u0,0,READ,0x1185000,4096
33812,u0,0,READ,0x1186000,4096
33818,u0,0,READ,0x1187000,4096
33820,u2,2,READ,0x20000348000,4096
33824,u0,0,WRITE,0x1188000,4096
33829,u0,0,READ,0x1189000,4096
33834,u3,3,WRITE,0x3000034f000,4096
33835,u1,1,READ,0x1000034a000,4096
33836,u0,0,WRITE,0x118a000,4096
33842,u0,0,READ,0x118b000,4096
33851,u0,0,READ,0x118c000,4096
33851,u2,2,WRITE,0x20000349000,4096
33859,u0,0,READ,0x118d000,4096
33868,u1,1,WRITE,0x1000034b000,4096
33869,u0,0,READ,0x118e000,4096
33877,u0,0,WRITE,0x118f000,4096
33881,u3,3,WRITE,0x30000350000,4096
33884,u0,0,WRITE,0x1190000,4096
33892,u0,0,READ,0x1191000,4096
33896,u2,2,READ,0x2000034a000,4096
33900,u0,0,WRITE,0x1192000,4096
33905,u0,0,READ,0x1193000,4096
33911,u1,1,READ,0x1000034c000,4096
33914,u0,0,WRITE,0x1194000,4096
33919,u3,3,READ,0x30000351000,4096
33924,u0,0,WRITE,0x1195000,4096
33929,u0,0,WRITE,0x1196000,4096
33933,u2,2,READ,0x2000034b000,4096
33936,u0,0,WRITE,0x1197000,4096
33945,u0,0,WRITE,0x1198000,4096
33946,u1,1,WRITE,0x1000034d000,4096
33949,u3,3,READ,0x30000352000,4096
33954,u0,0,READ,0x1199000,4096
33964,u0,0,WRITE,0x119a000,4096
33971,u2,2,WRITE,0x2000034c000,4096
33972,u0,0,READ,0x119b000,4096
33977,u1,1,READ,0x1000034e000,4096
33982,u0,0,WRITE,0x119c000,4096
33982,u3,3,READ,0x30000353000,4096
33988,u0,0,READ,0x119d000,4096
33996,u0,0,WRITE,0x119e000,4096
34002,u0,0,WRITE,0x119f000,4096
34005,u2,2,WRITE,0x2000034d000,4096
34008,u0,0,WRITE,0x11a0000,4096
34017,u0,0,WRITE,0x11a1000,4096
34024,u1,1,WRITE,0x1000034f000,4096
34026,u0,0,WRITE,0x11a2000,4096
34030,u3,3,READ,0x30000354000,4096
34033,u0,0,READ,0x11a3000,4096
34040,u0,0,WRITE,0x11a4000,4096
34043,u2,2,READ,0x2000034e000,4096
34049,u0,0,WRITE,0x11a5000,4096
34055,u0,0,WRITE,0x11a6000,4096
34063,u0,0,WRITE,0x11a7000,4096
34067,u3,3,WRITE,0x30000355000,4096
34068,u0,0,READ,0x11a8000,4096
34074,u1,1,WRITE,0x10000350000,4096
34076,u0,0,WRITE,0x11a9000,4096
34079,u2,2,WRITE,0x2000034f000,4096
34084,u0,0,WRITE,0x11aa000,4096
34094,u0,0,READ,0x11ab000,4096
34101,u0,0,WRITE,0x11ac000,4096
34107,u3,3,WRITE,0x30000356000,4096
34109,u0,0,READ,0x11ad000,4096
34110,u1,1,READ,0x10000351000,4096
34117,u0,0,READ,0x11ae000,4096
34118,u2,2,WRITE,0x20000350000,4096
34124,u0,0,WRITE,0x11af000,4096
34132,u0,0,WRITE,0x11b0000,4096
34141,u1,1,READ,0x10000352000,4096
34142,u0,0,WRITE,0x11b1000,4096
34149,u0,0,WRITE,0x11b2000,4096
34156,u3,3,READ,0x30000357000,4096
34157,u0,0,READ,0x11b3000,4096
34163,u0,0,WRITE,0x11b4000,4096
34166,u2,2,READ,0x20000351000,4096
34172,u0,0,WRITE,0x11b5000,4096
34177,u0,0,READ,0x11b6000,4096
34184,u1,1,WRITE,0x10000353000,4096
34187,u0,0,WRITE,0x11b7000,4096
34191,u3,3,READ,0x30000358000,4096
34194,u0,0,WRITE,0x11b8000,4096
34196,u2,2,READ,0x20000352000,4096
34199,u0,0,WRITE,0x11b9000,4096
34204,u0,0,READ,0x11ba000,4096
34211,u0,0,READ,0x11bb000,4096
34221,u0,0,WRITE,0x11bc000,4096
34229,u1,1,READ,0x10000354000,4096
34231,u0,0,WRITE,0x11bd000,4096
34232,u3,3,READ,0x30000359000,4096
34236,u0,0,WRITE,0x11be000,4096
34238,u2,2,WRITE,0x20000353000,4096
34241,u0,0,WRITE,0x11bf000,4096
34250,u0,0,READ,0x11c0000,4096
34259,u0,0,READ,0x11c1000,4096
34264,u1,1,READ,0x10000355000,4096
34265,u0,0,WRITE,0x11c2000,4096
34268,u3,3,WRITE,0x3000035a000,4096
34273,u0,0,READ,0x11c3000,4096
34283,u0,0,WRITE,0x11c4000,4096
34286,u2,2,READ,0x20000354000,4096
34291,u0,0,READ,0x11c5000,4096
34297,u1,1,WRITE,0x10000356000,4096
34299,u0,0,WRITE,0x11c6000,4096
34306,u0,0,WRITE,0x11c7000,4096
34312,u0,0,READ,0x11c8000,4096
34316,u3,3,READ,0x3000035b000,4096
34318,u0,0,READ,0x11c9000,4096
34327,u0,0,WRITE,0x11ca000,4096
34329,u1,1,READ,0x10000357000,4096
34330,u2,2,WRITE,0x20000355000,4096
34333,u0,0,READ,0x11cb000,4096
34340,u0,0,READ,0x11cc000,4096
34349,u0,0,READ,0x11cd000,4096
34355,u3,3,READ,0x3000035c000,4096
34357,u0,0,READ,0x11ce000,4096
34366,u0,0,READ,0x11cf000,4096
34373,u1,1,READ,0x10000358000,4096
34376,u0,0,WRITE,0x11d0000,4096
34377,u2,2,WRITE,0x20000356000,4096
34382,u0,0,WRITE,0x11d1000,4096
34389,u0,0,READ,0x11d2000,4096
34391,u3,3,WRITE,0x3000035d000,4096
34395,u0,0,WRITE,0x11d3000,4096
34404,u0,0,WRITE,0x11d4000,4096
34410,u2,2,WRITE,0x20000357000,4096
34414,u0,0,READ,0x11d5000,4096
34419,u0,0,WRITE,0x11d6000,4096
34420,u1,1,READ,0x10000359000,4096
34428,u0,0,WRITE,0x11d7000,4096
34429,u3,3,READ,0x3000035e000,4096
34438,u0,0,WRITE,0x11d8000,4096
34445,u0,0,WRITE,0x11d9000,4096
34448,u2,2,READ,0x20000358000,4096
34452,u1,1,READ,0x1000035a000,4096
34454,u0,0,WRITE,0x11da000,4096
34460,u3,3,WRITE,0x3000035f000,4096
34463,u0,0,READ,0x11db000,4096
34473,u0,0,WRITE,0x11dc000,4096
34479,u2,2,READ,0x20000359000,4096
34483,u0,0,READ,0x11dd000,4096
34489,u0,0,READ,0x11de000,4096
34492,u1,1,READ,0x1000035b000,4096
34494,u3,3,READ,0x30000360000,4096
34499,u0,0,READ,0x11df000,4096
34508,u0,0,READ,0x11e0000,4096
34513,u2,2,READ,0x2000035a000,4096
34517,u0,0,WRITE,0x11e1000,4096
34526,u0,0,WRITE,0x11e2000,4096
34527,u1,1,READ,0x1000035c000,4096
34532,u0,0,READ,0x11e3000,4096
34538,u0,0,READ,0x11e4000,4096
34538,u3,3,WRITE,0x30000361000,4096
34543,u2,2,WRITE,0x2000035b000,4096
34547,u0,0,READ,0x11e5000,4096
34557,u0,0,READ,0x11e6000,4096
34566,u0,0,READ,0x11e7000,4096
34567,u1,1,WRITE,0x1000035d000,4096
34574,u0,0,WRITE,0x11e8000,4096
34583,u0,0,READ,0x11e9000,4096
34584,u3,3,READ,0x30000362000,4096
34593,u0,0,READ,0x11ea000,4096
34593,u2,2,READ,0x2000035c000,4096
34599,u0,0,WRITE,0x11eb000,4096
34600,u1,1,READ,0x1000035e000,4096
34609,u0,0,WRITE,0x11ec000,4096
34618,u0,0,WRITE,0x11ed000,4096
34624,u0,0,READ,0x11ee000,4096
34626,u2,2,READ,0x2000035d000,4096
34629,u0,0,READ,0x11ef000,4096
34632,u3,3,WRITE,0x30000363000,4096
34635,u0,0,WRITE,0x11f0000,4096
34637,u1,1,READ,0x1000035f000,4096
34643,u0,0,WRITE,0x11f1000,4096
34651,u0,0,READ,0x11f2000,4096
34657,u0,0,READ,0x11f3000,4096
34666,u0,0,READ,0x11f4000,4096
34672,u2,2,READ,0x2000035e000,4096
34674,u0,0,WRITE,0x11f5000,4096
34681,u0,0,WRITE,0x11f6000,4096
34681,u1,1,READ,0x10000360000,4096
34681,u3,3,WRITE,0x30000364000,4096
34687,u0,0,WRITE,0x11f7000,4096
34693,u0,0,READ,0x11f8000,4096
34702,u2,2,WRITE,0x2000035f000,4096
34703,u0,0,WRITE,0x11f9000,4096
34710,u0,0,WRITE,0x11fa000,4096
34713,u1,1,READ,0x10000361000,4096
34718,u0,0,READ,0x11fb000,4096
34718,u3,3,WRITE,0x30000365000,4096
34726,u0,0,WRITE,0x11fc000,4096
34732,u0,0,WRITE,0x11fd000,4096
34734,u2,2,READ,0x20000360000,4096
34739,u0,0,READ,0x11fe000,4096
34748,u0,0,READ,0x11ff000,4096
34750,u3,3,WRITE,0x30000366000,4096
34756,u0,0,WRITE,0x1200000,4096
34758,u1,1,WRITE,0x10000362000,4096
34765,u0,0,READ,0x1201000,4096
34771,u0,0,READ,0x1202000,4096
34777,u0,0,WRITE,0x1203000,4096
34783,u2,2,READ,0x20000361000,4096
34786,u0,0,WRITE,0x1204000,4096
34793,u0,0,WRITE,0x1205000,4096
34793,u3,3,READ,0x30000367000,4096
34800,u0,0,READ,0x1206000,4096
34807,u0,0,WRITE,0x1207000,4096
34808,u1,1,WRITE,0x10000363000,4096
34812,u0,0,READ,0x1208000,4096
34819,u0,0,READ,0x1209000,4096
34822,u2,2,READ,0x20000362000,4096
34824,u0,0,READ,0x120a000,4096
34829,u0,0,WRITE,0x120b000,4096
34835,u3,3,WRITE,0x30000368000,4096
34838,u0,0,READ,0x120c000,4096
34843,u1,1,READ,0x10000364000,4096
34845,u0,0,WRITE,0x120d000,4096
34851,u0,0,READ,0x120e000,4096
34857,u0,0,WRITE,0x120f000,4096
34863,u0,0,WRITE,0x1210000,4096
34868,u3,3,READ,0x30000369000,4096
34870,u2,2,READ,0x20000363000,4096
34871,u0,0,WRITE,0x1211000,4096
34876,u1,1,READ,0x10000365000,4096
34880,u0,0,WRITE,0x1212000,4096
34887,u0,0,WRITE,0x1213000,4096
34897,u0,0,READ,0x1214000,4096
34898,u3,3,READ,0x3000036a000,4096
34902,u2,2,READ,0x20000364000,4096
34906,u0,0,READ,0x1215000,4096
34915,u1,1,WRITE,0x10000366000,4096
34916,u0,0,WRITE,0x1216000,4096
34926,u0,0,WRITE,0x1217000,4096
34931,u0,0,WRITE,0x1218000,4096
34941,u0,0,WRITE,0x1219000,4096
34944,u2,2,WRITE,0x20000365000,4096
34948,u0,0,WRITE,0x121a000,4096
34948,u3,3,WRITE,0x3000036b000,4096
34953,u0,0,WRITE,0x121b000,4096
34958,u0,0,WRITE,0x121c000,4096
34963,u1,1,READ,0x10000367000,4096
34965,u0,0,WRITE,0x121d000,4096
34971,u0,0,READ,0x121e000,4096
34981,u0,0,READ,0x121f000,4096
34986,u0,0,READ,0x1220000,4096
34988,u2,2,READ,0x20000366000,4096
34996,u0,0,READ,0x1221000,4096
34998,u3,3,READ,0x3000036c000,4096
35005,u0,0,READ,0x1222000,4096
35010,u1,1,WRITE,0x10000368000,4096
35011,u0,0,READ,0x1223000,4096
35019,u2,2,WRITE,0x20000367000,4096
35021,u0,0,WRITE,0x1224000,4096
35028,u0,0,WRITE,0x1225000,4096
35037,u0,0,WRITE,0x1226000,4096
35038,u3,3,WRITE,0x3000036d000,4096
35047,u0,0,WRITE,0x1227000,4096
35053,u1,1,READ,0x10000369000,4096
35057,u0,0,WRITE,0x1228000,4096
35066,u0,0,READ,0x1229000,4096
35066,u2,2,WRITE,0x20000368000,4096
35074,u0,0,WRITE,0x122a000,4096
35079,u3,3,READ,0x3000036e000,4096
35084,u0,0,READ,0x122b000,4096
35092,u0,0,WRITE,0x122c000,4096
35097,u0,0,WRITE,0x122d000,4096
35102,u1,1,READ,0x1000036a000,4096
35105,u0,0,WRITE,0x122e000,4096
35108,u2,2,WRITE,0x20000369000,4096
35114,u0,0,READ,0x122f000,4096
35120,u0,0,WRITE,0x1230000,4096
35123,u3,3,READ,0x3000036f000,4096
35129,u0,0,READ,0x1231000,4096
35134,u1,1,READ,0x1000036b000,4096
35137,u0,0,WRITE,0x1232000,4096
35138,u2,2,READ,0x2000036a000,4096
35146,u0,0,WRITE,0x1233000,4096
35152,u0,0,WRITE,0x1234000,4096
35157,u0,0,READ,0x1235000,4096
35158,u3,3,READ,0x30000370000,4096
35164,u0,0,READ,0x1236000,4096
35173,u0,0,WRITE,0x1237000,4096
35173,u2,2,READ,0x2000036b000,4096
35179,u0,0,READ,0x1238000,4096
35179,u1,1,WRITE,0x1000036c000,4096
35188,u0,0,WRITE,0x1239000,4096
35195,u0,0,WRITE,0x123a000,4096
35203,u0,0,READ,0x123b000,4096
35205,u2,2,READ,0x2000036c000,4096
35206,u3,3,WRITE,0x30000371000,4096
35208,u0,0,READ,0x123c000,4096
35212,u1,1,WRITE,0x1000036d000,4096
35213,u0,0,WRITE,0x123d000,4096
35223,u0,0,READ,0x123e000,4096
35233,u0,0,WRITE,0x123f000,4096
35237,u2,2,READ,0x2000036d000,4096
35239,u0,0,WRITE,0x1240000,4096
35245,u0,0,WRITE,0x1241000,4096
35254,u3,3,READ,0x30000372000,4096
35255,u0,0,READ,0x1242000,4096
35258,u1,1,READ,0x1000036e000,4096
35260,u0,0,READ,0x1243000,4096
35269,u0,0,WRITE,0x1244000,4096
35276,u0,0,WRITE,0x1245000,4096
35281,u0,0,READ,0x1246000,4096
35283,u2,2,READ,0x2000036e000,4096
35290,u0,0,READ,0x1247000,4096
35296,u0,0,READ,0x1248000,4096
35301,u0,0,READ,0x1249000,4096
35301,u1,1,READ,0x1000036f000,4096
35303,u3,3,READ,0x30000373000,4096
35307,u0,0,READ,0x124a000,4096
35313,u0,0,WRITE,0x124b000,4096
35321,u0,0,READ,0x124c000,4096
35326,u0,0,WRITE,0x124d000,4096
35329,u2,2,WRITE,0x2000036f000,4096
35332,u0,0,READ,0x124e000,4096
35333,u3,3,READ,0x30000374000,4096
35338,u1,1,READ,0x10000370000,4096
35340,u0,0,WRITE,0x124f000,4096
35345,u0,0,READ,0x1250000,4096
35353,u0,0,WRITE,0x1251000,4096
35361,u0,0,WRITE,0x1252000,4096
35367,u0,0,READ,0x1253000,4096
35370,u2,2,WRITE,0x20000370000,4096
35373,u0,0,WRITE,0x1254000,4096
35379,u0,0,READ,0x1255000,4096
35383,u3,3,WRITE,0x30000375000,4096
35385,u1,1,WRITE,0x10000371000,4096
35387,u0,0,READ,0x1256000,4096
35394,u0,0,WRITE,0x1257000,4096
35403,u2,2,WRITE,0x20000371000,4096
35404,u0,0,WRITE,0x1258000,4096
35412,u0,0,READ,0x1259000,4096
35418,u0,0,WRITE,0x125a000,4096
35418,u1,1,WRITE,0x10000372000,4096
35420,u3,3,READ,0x30000376000,4096
35426,u0,0,WRITE,0x125b000,4096
35436,u0,0,READ,0x125c000,4096
35444,u2,2,WRITE,0x20000372000,4096
35445,u0,0,READ,0x125d000,4096
35451,u1,1,READ,0x10000373000,4096
35452,u0,0,READ,0x125e000,4096
35456,u3,3,READ,0x30000377000,4096
35458,u0,0,WRITE,0x125f000,4096
35467,u0,0,WRITE,0x1260000,4096
35476,u0,0,WRITE,0x1261000,4096
35483,u0,0,WRITE,0x1262000,4096
35488,u2,2,WRITE,0x20000373000,4096
35490,u3,3,READ,0x30000378000,4096
35491,u0,0,READ,0x1263000,4096
35501,u0,0,READ,0x1264000,4096
35501,u1,1,WRITE,0x10000374000,4096
35511,u0,0,WRITE,0x1265000,4096
35519,u0,0,WRITE,0x1266000,4096
35525,u0,0,READ,0x1267000,4096
35526,u2,2,WRITE,0x20000374000,4096
35530,u3,3,WRITE,0x30000379000,4096
35534,u0,0,WRITE,0x1268000,4096
35540,u0,0,READ,0x1269000,4096
35547,u1,1,READ,0x10000375000,4096
35549,u0,0,READ,0x126a000,4096
35555,u0,0,WRITE,0x126b000,4096
35564,u3,3,WRITE,0x3000037a000,4096
35565,u0,0,WRITE,0x126c000,4096
35570,u0,0,WRITE,0x126d000,4096
35571,u2,2,WRITE,0x20000375000,4096
35577,u0,0,READ,0x126e000,4096
35585,u0,0,WRITE,0x126f000,4096
35591,u1,1,WRITE,0x10000376000,4096
35592,u0,0,WRITE,0x1270000,4096
35601,u0,0,WRITE,0x1271000,4096
35601,u2,2,READ,0x20000376000,4096
35608,u3,3,READ,0x3000037b000,4096
35611,u0,0,READ,0x1272000,4096
35620,u0,0,WRITE,0x1273000,4096
35625,u0,0,WRITE,0x1274000,4096
35629,u1,1,READ,0x10000377000,4096
35633,u2,2,WRITE,0x20000377000,4096
35634,u0,0,WRITE,0x1275000,4096
35644,u0,0,WRITE,0x1276000,4096
35653,u0,0,READ,0x1277000,4096
35657,u3,3,WRITE,0x3000037c000,4096
35661,u0,0,READ,0x1278000,4096
35670,u0,0,READ,0x1279000,4096
35672,u2,2,WRITE,0x20000378000,4096
35676,u1,1,WRITE,0x10000378000,4096
35679,u0,0,WRITE,0x127a000,4096
35689,u0,0,READ,0x127b000,4096
35694,u0,0,READ,0x127c000,4096
35696,u3,3,READ,0x3000037d000,4096
35700,u0,0,READ,0x127d000,4096
35710,u0,0,READ,0x127e000,4096
35710,u1,1,READ,0x10000379000,4096
35710,u2,2,WRITE,0x20000379000,4096
35719,u0,0,READ,0x127f000,4096
35727,u0,0,READ,0x1280000,4096
35736,u0,0,READ,0x1281000,4096
35741,u3,3,READ,0x3000037e000,4096
35745,u0,0,WRITE,0x1282000,4096
35750,u1,1,WRITE,0x1000037a000,4096
35752,u0,0,WRITE,0x1283000,4096
35757,u0,0,READ,0x1284000,4096
35760,u2,2,READ,0x2000037a000,4096
35762,u0,0,WRITE,0x1285000,4096
35772,u0,0,READ,0x1286000,4096
35781,u0,0,WRITE,0x1287000,4096
35788,u3,3,WRITE,0x3000037f000,4096
35790,u0,0,WRITE,0x1288000,4096
35795,u0,0,READ,0x1289000,4096
35795,u1,1,WRITE,0x1000037b000,4096
35800,u2,2,WRITE,0x2000037b000,4096
35804,u0,0,WRITE,0x128a000,4096
35809,u0,0,READ,0x128b000,4096
35819,u0,0,READ,0x128c000,4096
35827,u0,0,WRITE,0x128d000,4096
35831,u1,1,WRITE,0x1000037c000,4096
35831,u3,3,READ,0x30000380000,4096
35837,u0,0,READ,0x128e000,4096
35845,u0,0,READ,0x128f000,4096
35848,u2,2,WRITE,0x2000037c000,4096
35852,u0,0,READ,0x1290000,4096
35860,u0,0,WRITE,0x1291000,4096
35867,u3,3,READ,0x30000381000,4096
35869,u0,0,READ,0x1292000,4096
35876,u0,0,READ,0x1293000,4096
35881,u0,0,WRITE,0x1294000,4096
35881,u1,1,WRITE,0x1000037d000,4096
35886,u0,0,WRITE,0x1295000,4096
35891,u0,0,READ,0x1296000,4096
35896,u2,2,WRITE,0x2000037d000,4096
35897,u0,0,READ,0x1297000,4096
35907,u0,0,READ,0x1298000,4096
35910,u3,3,READ,0x30000382000,4096
35913,u0,0,READ,0x1299000,4096
35923,u0,0,READ,0x129a000,4096
35928,u0,0,READ,0x129b000,4096
35929,u1,1,WRITE,0x1000037e000,4096
35931,u2,2,READ,0x2000037e000,4096
35938,u0,0,READ,0x129c000,4096
35944,u0,0,READ,0x129d000,4096
35950,u3,3,WRITE,0x30000383000,4096
35954,u0,0,WRITE,0x129e000,4096
35962,u0,0,WRITE,0x129f000,4096
35966,u1,1,WRITE,0x1000037f000,4096
35972,u0,0,READ,0x12a0000,4096
35980,u2,2,WRITE,0x2000037f000,4096
35982,u0,0,READ,0x12a1000,4096
35986,u3,3,WRITE,0x30000384000,4096
35989,u0,0,WRITE,0x12a2000,4096
35996,u0,0,READ,0x12a3000,4096
36001,u0,0,READ,0x12a4000,4096
36008,u0,0,READ,0x12a5000,4096
36013,u0,0,WRITE,0x12a6000,4096
36014,u2,2,READ,0x20000380000,4096
36015,u1,1,WRITE,0x10000380000,4096
36022,u0,0,READ,0x12a7000,4096
36030,u0,0,WRITE,0x12a8000,4096
36032,u3,3,WRITE,0x30000385000,4096
36035,u0,0,WRITE,0x12a9000,4096
36041,u0,0,WRITE,0x12aa000,4096
36045,u2,2,WRITE,0x20000381000,4096
36051,u0,0,READ,0x12ab000,4096
36055,u1,1,READ,0x10000381000,4096
36061,u0,0,WRITE,0x12ac000,4096
36071,u0,0,READ,0x12ad000,4096
36071,u3,3,WRITE,0x30000386000,4096
36080,u2,2,WRITE,0x20000382000,4096
36081,u0,0,READ,0x12ae000,4096
36088,u0,0,WRITE,0x12af000,4096
36098,u0,0,WRITE,0x12b0000,4096
36101,u1,1,READ,0x10000382000,4096
36106,u0,0,WRITE,0x12b1000,4096
36114,u0,0,WRITE,0x12b2000,4096
36117,u3,3,WRITE,0x30000387000,4096
36120,u0,0,READ,0x12b3000,4096
36122,u2,2,READ,0x20000383000,4096
36129,u0,0,WRITE,0x12b4000,4096
36137,u0,0,WRITE,0x12b5000,4096
36142,u0,0,READ,0x12b6000,4096
36145,u1,1,READ,0x10000383000,4096
36148,u0,0,WRITE,0x12b7000,4096
36158,u0,0,READ,0x12b8000,4096
36165,u3,3,READ,0x30000388000,4096
36166,u0,0,WRITE,0x12b9000,4096
36166,u2,2,READ,0x20000384000,4096
36171,u0,0,WRITE,0x12ba000,4096
36177,u0,0,READ,0x12bb000,4096
36178,u1,1,READ,0x10000384000,4096
36182,u0,0,READ,0x12bc000,4096
36191,u0,0,WRITE,0x12bd000,4096
36200,u0,0,WRITE,0x12be000,4096
36207,u0,0,READ,0x12bf000,4096
36214,u2,2,READ,0x20000385000,4096
36214,u3,3,READ,0x30000389000,4096
36217,u0,0,READ,0x12c0000,4096
36224,u0,0,READ,0x12c1000,4096
36228,u1,1,READ,0x10000385000,4096
36231,u0,0,WRITE,0x12c2000,4096
36237,u0,0,WRITE,0x12c3000,4096
36244,u0,0,WRITE,0x12c4000,4096
36245,u2,2,WRITE,0x20000386000,4096
36249,u0,0,READ,0x12c5000,4096
36253,u3,3,WRITE,0x3000038a000,4096
36257,u0,0,READ,0x12c6000,4096
36260,u1,1,READ,0x10000386000,4096
36267,u0,0,WRITE,0x12c7000,4096
36274,u0,0,WRITE,0x12c8000,4096
36283,u0,0,READ,0x12c9000,4096
36285,u2,2,READ,0x20000387000,4096
36293,u0,0,READ,0x12ca000,4096
36293,u3,3,WRITE,0x3000038b000,4096
36303,u0,0,READ,0x12cb000,4096
36304,u1,1,READ,0x10000387000,4096
36312,u0,0,READ,0x12cc000,4096
36321,u0,0,WRITE,0x12cd000,4096
36324,u3,3,WRITE,0x3000038c000,4096
36326,u2,2,WRITE,0x20000388000,4096
36328,u0,0,READ,0x12ce000,4096
36334,u0,0,WRITE,0x12cf000,4096
36339,u0,0,READ,0x12d0000,4096
36344,u0,0,WRITE,0x12d1000,4096
36348,u1,1,READ,0x10000388000,4096
36353,u0,0,WRITE,0x12d2000,4096
36357,u3,3,WRITE,0x3000038d000,4096
36363,u0,0,WRITE,0x12d3000,4096
36366,u2,2,READ,0x20000389000,4096
36372,u0,0,READ,0x12d4000,4096
36379,u1,1,WRITE,0x10000389000,4096
36382,u0,0,WRITE,0x12d5000,4096
36387,u0,0,READ,0x12d6000,4096
36396,u3,3,WRITE,0x3000038e000,4096
36397,u0,0,READ,0x12d7000,4096
36403,u0,0,READ,0x12d8000,4096
36410,u0,0,READ,0x12d9000,4096
36414,u2,2,WRITE,0x2000038a000,4096
36416,u0,0,READ,0x12da000,4096
36421,u0,0,WRITE,0x12db000,4096
36423,u1,1,READ,0x1000038a000,4096
36429,u0,0,WRITE,0x12dc000,4096
36436,u0,0,READ,0x12dd000,4096
36441,u0,0,READ,0x12de000,4096
36443,u3,3,READ,0x3000038f000,4096
36448,u0,0,WRITE,0x12df000,4096
36449,u2,2,WRITE,0x2000038b000,4096
36455,u1,1,WRITE,0x1000038b000,4096
36456,u0,0,WRITE,0x12e0000,4096
36466,u0,0,READ,0x12e1000,4096
36476,u0,0,READ,0x12e2000,4096
36480,u2,2,WRITE,0x2000038c000,4096
36481,u3,3,WRITE,0x30000390000,4096
36485,u0,0,READ,0x12e3000,4096
36492,u0,0,READ,0x12e4000,4096
36498,u0,0,WRITE,0x12e5000,4096
36505,u1,1,WRITE,0x1000038c000,4096
36507,u0,0,READ,0x12e6000,4096
36510,u2,2,WRITE,0x2000038d000,4096
36516,u0,0,WRITE,0x12e7000,4096
36522,u0,0,WRITE,0x12e8000,4096
36522,u3,3,WRITE,0x30000391000,4096
36527,u0,0,READ,0x12e9000,4096
36535,u0,0,WRITE,0x12ea000,4096
36540,u0,0,WRITE,0x12eb000,4096
36548,u1,1,WRITE,0x1000038d000,4096
36550,u0,0,READ,0x12ec000,4096
36559,u0,0,WRITE,0x12ed000,4096
36560,u2,2,READ,0x2000038e000,4096
36561,u3,3,READ,0x30000392000,4096
36569,u0,0,WRITE,0x12ee000,4096
36575,u0,0,WRITE,0x12ef000,4096
36583,u0,0,WRITE,0x12f0000,4096
36591,u0,0,WRITE,0x12f1000,4096
36593,u3,3,WRITE,0x30000393000,4096
36597,u1,1,READ,0x1000038e000,4096
36599,u2,2,WRITE,0x2000038f000,4096
36600,u0,0,READ,0x12f2000,4096
36610,u0,0,WRITE,0x12f3000,4096
36616,u0,0,WRITE,0x12f4000,4096
36624,u3,3,WRITE,0x30000394000,4096
36625,u0,0,WRITE,0x12f5000,4096
36629,u2,2,READ,0x20000390000,4096
36630,u1,1,WRITE,0x1000038f000,4096
36634,u0,0,READ,0x12f6000,4096
36643,u0,0,WRITE,0x12f7000,4096
36650,u0,0,READ,0x12f8000,4096
36656,u0,0,WRITE,0x12f9000,4096
36657,u3,3,WRITE,0x30000395000,4096
36663,u0,0,READ,0x12fa000,4096
36670,u0,0,WRITE,0x12fb000,4096
36677,u1,1,WRITE,0x10000390000,4096
36678,u0,0,READ,0x12fc000,4096
36679,u2,2,READ,0x20000391000,4096
36688,u0,0,READ,0x12fd000,4096
36696,u0,0,READ,0x12fe000,4096
36704,u0,0,READ,0x12ff000,4096
36704,u3,3,READ,0x30000396000,4096
36714,u0,0,READ,0x1300000,4096
36719,u2,2,WRITE,0x20000392000,4096
36721,u1,1,WRITE,0x10000391000,4096
36724,u0,0,READ,0x1301000,4096
36730,u0,0,READ,0x1302000,4096
36734,u3,3,WRITE,0x30000397000,4096
36735,u0,0,READ,0x1303000,4096
36741,u0,0,READ,0x1304000,4096
36746,u0,0,READ,0x1305000,4096
36752,u0,0,READ,0x1306000,4096
36762,u0,0,READ,0x1307000,4096
36764,u1,1,READ,0x10000392000,4096
36764,u2,2,WRITE,0x20000393000,4096
36767,u0,0,WRITE,0x1308000,4096
36776,u0,0,WRITE,0x1309000,4096
36783,u0,0,READ,0x130a000,4096
36784,u3,3,WRITE,0x30000398000,4096
36789,u0,0,WRITE,0x130b000,4096
36797,u0,0,READ,0x130c000,4096
36804,u0,0,WRITE,0x130d000,4096
36806,u2,2,WRITE,0x20000394000,4096
36807,u1,1,WRITE,0x10000393000,4096
36809,u0,0,WRITE,0x130e000,4096
36818,u0,0,READ,0x130f000,4096
36819,u3,3,WRITE,0x30000399000,4096
36828,u0,0,WRITE,0x1310000,4096
36838,u0,0,READ,0x1311000,4096
36842,u1,1,WRITE,0x10000394000,4096
36844,u0,0,READ,0x1312000,4096
36850,u0,0,READ,0x1313000,4096
36851,u2,2,READ,0x20000395000,4096
36855,u0,0,READ,0x1314000,4096
36865,u0,0,READ,0x1315000,4096
36869,u3,3,READ,0x3000039a000,4096
36874,u0,0,READ,0x1316000,4096
36884,u0,0,WRITE,0x1317000,4096
36887,u1,1,WRITE,0x10000395000,4096
36888,u2,2,READ,0x20000396000,4096
36889,u0,0,READ,0x1318000,4096
36898,u0,0,WRITE,0x1319000,4096
36908,u0,0,READ,0x131a000,4096
36914,u0,0,READ,0x131b000,4096
36915,u3,3,WRITE,0x3000039b000,4096
36919,u0,0,WRITE,0x131c000,4096
36925,u0,0,READ,0x131d000,4096
36927,u1,1,WRITE,0x10000396000,4096
36928,u2,2,WRITE,0x20000397000,4096
36935,u0,0,READ,0x131e000,4096
36940,u0,0,READ,0x131f000,4096
36946,u0,0,WRITE,0x1320000,4096
36948,u3,3,WRITE,0x3000039c000,4096
36951,u0,0,WRITE,0x1321000,4096
36960,u0,0,READ,0x1322000,4096
36968,u0,0,WRITE,0x1323000,4096
36969,u2,2,READ,0x20000398000,4096
36971,u1,1,READ,0x10000397000,4096
36977,u0,0,READ,0x1324000,4096
36982,u0,0,WRITE,0x1325000,4096
36986,u3,3,WRITE,0x3000039d000,4096
36989,u0,0,WRITE,0x1326000,4096
36996,u0,0,READ,0x1327000,4096
37006,u0,0,WRITE,0x1328000,4096
37007,u1,1,READ,0x10000398000,4096
37013,u0,0,WRITE,0x1329000,4096
37013,u2,2,READ,0x20000399000,4096
37017,u3,3,READ,0x3000039e000,4096
37020,u0,0,WRITE,0x132a000,4096
37030,u0,0,WRITE,0x132b000,4096
37035,u0,0,WRITE,0x132c000,4096
37037,u1,1,WRITE,0x10000399000,4096
37040,u0,0,WRITE,0x132d000,4096
37046,u0,0,WRITE,0x132e000,4096
37047,u3,3,WRITE,0x3000039f000,4096
37056,u0,0,READ,0x132f000,4096
37057,u2,2,READ,0x2000039a000,4096
37066,u0,0,READ,0x1330000,4096
37071,u1,1,WRITE,0x1000039a000,4096
37074,u0,0,READ,0x1331000,4096
37083,u0,0,READ,0x1332000,4096
37087,u2,2,WRITE,0x2000039b000,4096
37088,u0,0,WRITE,0x1333000,4096
37093,u3,3,WRITE,0x300003a0000,4096
37095,u0,0,WRITE,0x1334000,4096
37103,u1,1,WRITE,0x1000039b000,4096
37105,u0,0,WRITE,0x1335000,4096
37114,u0,0,READ,0x1336000,4096
37122,u0,0,WRITE,0x1337000,4096
37127,u0,0,WRITE,0x1338000,4096
37127,u3,3,WRITE,0x300003a1000,4096
37135,u0,0,READ,0x1339000,4096
37135,u2,2,READ,0x2000039c000,4096
37145,u0,0,WRITE,0x133a000,4096
37146,u1,1,READ,0x1000039c000,4096
37150,u0,0,WRITE,0x133b000,4096
37156,u0,0,READ,0x133c000,4096
37157,u3,3,READ,0x300003a2000,4096
37166,u0,0,WRITE,0x133d000,4096
37174,u0,0,WRITE,0x133e000,4096
37176,u2,2,WRITE,0x2000039d000,4096
37182,u0,0,WRITE,0x133f000,4096
37187,u3,3,READ,0x300003a3000,4096
37189,u0,0,WRITE,0x1340000,4096
37189,u1,1,READ,0x1000039d000,4096
37197,u0,0,READ,0x1341000,4096
37205,u0,0,READ,0x1342000,4096
37208,u2,2,READ,0x2000039e000,4096
37210,u0,0,READ,0x1343000,4096
37217,u0,0,WRITE,0x1344000,4096
37222,u0,0,READ,0x1345000,4096
37223,u1,1,WRITE,0x1000039e000,4096
37227,u0,0,READ,0x1346000,4096
37232,u3,3,WRITE,0x300003a4000,4096
37233,u0,0,READ,0x1347000,4096
37238,u0,0,READ,0x1348000,4096
37246,u0,0,READ,0x1349000,4096
37255,u0,0,WRITE,0x134a000,4096
37255,u2,2,READ,0x2000039f000,4096
37257,u1,1,WRITE,0x1000039f000,4096
37263,u0,0,READ,0x134b000,4096
37272,u0,0,READ,0x134c000,4096
37277,u0,0,WRITE,0x134d000,4096
37277,u3,3,READ,0x300003a5000,4096
37285,u0,0,READ,0x134e000,4096
37288,u2,2,WRITE,0x200003a0000,4096
37292,u0,0,WRITE,0x134f000,4096
37301,u0,0,READ,0x1350000,4096
37303,u1,1,WRITE,0x100003a0000,4096
37309,u0,0,READ,0x1351000,4096
37311,u3,3,WRITE,0x300003a6000,4096
37314,u0,0,READ,0x1352000,4096
37320,u0,0,WRITE,0x1353000,4096
37327,u0,0,WRITE,0x1354000,4096
37333,u1,1,READ,0x100003a1000,4096
37334,u0,0,READ,0x1355000,4096
37336,u2,2,READ,0x200003a1000,4096
37343,u0,0,READ,0x1356000,4096
37349,u0,0,WRITE,0x1357000,4096
37354,u0,0,READ,0x1358000,4096
37354,u3,3,READ,0x300003a7000,4096
37359,u0,0,WRITE,0x1359000,4096
37366,u0,0,READ,0x135a000,4096
37373,u0,0,WRITE,0x135b000,4096
37373,u2,2,WRITE,0x200003a2000,4096
37378,u0,0,READ,0x135c000,4096
37380,u1,1,READ,0x100003a2000,4096
37385,u0,0,WRITE,0x135d000,4096
37389,u3,3,READ,0x300003a8000,4096
37395,u0,0,WRITE,0x135e000,4096
37403,u0,0,WRITE,0x135f000,4096
37410,u1,1,WRITE,0x100003a3000,4096
37412,u0,0,WRITE,0x1360000,4096
37419,u2,2,WRITE,0x200003a3000,4096
37420,u0,0,WRITE,0x1361000,4096
37425,u3,3,READ,0x300003a9000,4096
37429,u0,0,READ,0x1362000,4096
37438,u0,0,WRITE,0x1363000,4096
37444,u0,0,WRITE,0x1364000,4096
37453,u0,0,READ,0x1365000,4096
37458,u1,1,WRITE,0x100003a4000,4096
37459,u0,0,WRITE,0x1366000,4096
37464,u2,2,READ,0x200003a4000,4096
37468,u0,0,WRITE,0x1367000,4096
37472,u3,3,READ,0x300003aa000,4096
37474,u0,0,WRITE,0x1368000,4096
37480,u0,0,READ,0x1369000,4096
37489,u0,0,READ,0x136a000,4096
37494,u0,0,READ,0x136b000,4096
37500,u0,0,READ,0x136c000,4096
37500,u1,1,READ,0x100003a5000,4096
37507,u0,0,WRITE,0x136d000,4096
37508,u2,2,WRITE,0x200003a5000,4096
37513,u0,0,WRITE,0x136e000,4096
37514,u3,3,WRITE,0x300003ab000,4096
37521,u0,0,WRITE,0x136f000,4096
37531,u0,0,READ,0x1370000,4096
37536,u0,0,WRITE,0x1371000,4096
37541,u2,2,WRITE,0x200003a6000,4096
37545,u1,1,READ,0x100003a6000,4096
37546,u0,0,WRITE,0x1372000,4096
37556,u0,0,WRITE,0x1373000,4096
37563,u3,3,READ,0x300003ac000,4096
37564,u0,0,WRITE,0x1374000,4096
37570,u0,0,READ,0x1375000,4096
37577,u0,0,WRITE,0x1376000,4096
37579,u1,1,WRITE,0x100003a7000,4096
37582,u2,2,WRITE,0x200003a7000,4096
37586,u0,0,READ,0x1377000,4096
37592,u0,0,WRITE,0x1378000,4096
37597,u0,0,WRITE,0x1379000,4096
37605,u0,0,READ,0x137a000,4096
37611,u0,0,READ,0x137b000,4096
37611,u3,3,READ,0x300003ad000,4096
37617,u1,1,READ,0x100003a8000,4096
37621,u0,0,WRITE,0x137c000,4096
37629,u2,2,READ,0x200003a8000,4096
37630,u0,0,WRITE,0x137d000,4096
37638,u0,0,READ,0x137e000,4096
37648,u0,0,READ,0x137f000,4096
37654,u0,0,READ,0x1380000,4096
37656,u1,1,READ,0x100003a9000,4096
37657,u3,3,READ,0x300003ae000,4096
37661,u0,0,READ,0x1381000,4096
37669,u0,0,READ,0x1382000,4096
37669,u2,2,WRITE,0x200003a9000,4096
37677,u0,0,WRITE,0x1383000,4096
37686,u0,0,WRITE,0x1384000,4096
37690,u3,3,WRITE,0x300003af000,4096
37696,u0,0,WRITE,0x1385000,4096
37698,u1,1,READ,0x100003aa000,4096
37705,u0,0,WRITE,0x1386000,4096
37707,u2,2,READ,0x200003aa000,4096
37711,u0,0,READ,0x1387000,4096
37719,u0,0,WRITE,0x1388000,4096
37724,u0,0,READ,0x1389000,4096
37728,u1,1,WRITE,0x100003ab000,4096
37728,u3,3,WRITE,0x300003b0000,4096
37734,u0,0,WRITE,0x138a000,4096
37741,u0,0,WRITE,0x138b000,4096
37747,u2,2,READ,0x200003ab000,4096
37749,u0,0,READ,0x138c000,4096
37758,u0,0,WRITE,0x138d000,4096
37765,u0,0,WRITE,0x138e000,4096
37770,u1,1,READ,0x100003ac000,4096
37771,u0,0,READ,0x138f000,4096
37772,u3,3,READ,0x300003b1000,4096
37780,u0,0,READ,0x1390000,4096
37785,u0,0,WRITE,0x1391000,4096
37791,u2,2,WRITE,0x200003ac000,4096
37795,u0,0,WRITE,0x1392000,4096
37803,u0,0,READ,0x1393000,4096
37810,u0,0,READ,0x1394000,4096
37816,u3,3,READ,0x300003b2000,4096
37817,u0,0,READ,0x1395000,4096
37818,u1,1,READ,0x100003ad000,4096
37822,u0,0,WRITE,0x1396000,4096
37828,u0,0,WRITE,0x1397000,4096
37834,u2,2,WRITE,0x200003ad000,4096
37837,u0,0,WRITE,0x1398000,4096
37843,u0,0,WRITE,0x1399000,4096
37852,u0,0,READ,0x139a000,4096
37859,u0,0,READ,0x139b000,4096
37860,u3,3,READ,0x300003b3000,4096
37865,u1,1,WRITE,0x100003ae000,4096
37868,u0,0,READ,0x139c000,4096
37878,u0,0,READ,0x139d000,4096
37879,u2,2,WRITE,0x200003ae000,4096
37886,u0,0,READ,0x139e000,4096
37892,u3,3,WRITE,0x300003b4000,4096
37893,u0,0,READ,0x139f000,4096
37902,u1,1,WRITE,0x100003af000,4096
37903,u0,0,WRITE,0x13a0000,4096
37913,u0,0,READ,0x13a1000,4096
37918,u0,0,WRITE,0x13a2000,4096
37925,u2,2,READ,0x200003af000,4096
37925,u3,3,READ,0x300003b5000,4096
37927,u0,0,READ,0x13a3000,4096
37934,u0,0,READ,0x13a4000,4096
37942,u0,0,WRITE,0x13a5000,4096
37947,u0,0,READ,0x13a6000,4096
37948,u1,1,READ,0x100003b0000,4096
37952,u0,0,READ,0x13a7000,4096
37957,u2,2,WRITE,0x200003b0000,4096
37958,u0,0,READ,0x13a8000,4096
37960,u3,3,READ,0x300003b6000,4096
37967,u0,0,READ,0x13a9000,4096
37976,u0,0,WRITE,0x13aa000,4096
37982,u0,0,WRITE,0x13ab000,4096
37990,u0,0,READ,0x13ac000,4096
37993,u1,1,READ,0x100003b1000,4096
37996,u3,3,READ,0x300003b7000,4096
38000,u0,0,READ,0x13ad000,4096
38004,u2,2,WRITE,0x200003b1000,4096
38009,u0,0,READ,0x13ae000,4096
38018,u0,0,READ,0x13af000,4096
38023,u0,0,READ,0x13b0000,4096
38031,u3,3,READ,0x300003b8000,4096
38033,u0,0,READ,0x13b1000,4096
38034,u2,2,WRITE,0x200003b2000,4096
38040,u0,0,READ,0x13b2000,4096
38041,u1,1,READ,0x100003b2000,4096
38045,u0,0,READ,0x13b3000,4096
38051,u0,0,READ,0x13b4000,4096
38056,u0,0,READ,0x13b5000,4096
38063,u0,0,WRITE,0x13b6000,4096
38071,u0,0,WRITE,0x13b7000,4096
38078,u1,1,WRITE,0x100003b3000,4096
38079,u2,2,READ,0x200003b3000,4096
38080,u0,0,READ,0x13b8000,4096
38080,u3,3,READ,0x300003b9000,4096
38090,u0,0,READ,0x13b9000,4096
38098,u0,0,READ,0x13ba000,4096
38105,u0,0,WRITE,0x13bb000,4096
38108,u1,1,WRITE,0x100003b4000,4096
38114,u0,0,WRITE,0x13bc000,4096
38121,u3,3,READ,0x300003ba000,4096
38122,u0,0,WRITE,0x13bd000,4096
38125,u2,2,READ,0x200003b4000,4096
38132,u0,0,WRITE,0x13be000,4096
38139,u0,0,READ,0x13bf000,4096
38146,u0,0,READ,0x13c0000,4096
38147,u1,1,READ,0x100003b5000,4096
38153,u0,0,WRITE,0x13c1000,4096
38157,u3,3,READ,0x300003bb000,4096
38159,u2,2,READ,0x200003b5000,4096
38160,u0,0,WRITE,0x13c2000,4096
38166,u0,0,READ,0x13c3000,4096
38173,u0,0,READ,0x13c4000,4096
38180,u0,0,WRITE,0x13c5000,4096
38180,u1,1,READ,0x100003b6000,4096
38186,u0,0,WRITE,0x13c6000,4096
38195,u0,0,WRITE,0x13c7000,4096
38203,u0,0,WRITE,0x13c8000,4096
38203,u2,2,WRITE,0x200003b6000,4096
38205,u3,3,READ,0x300003bc000,4096
38212,u0,0,READ,0x13c9000,4096
38213,u1,1,WRITE,0x100003b7000,4096
38221,u0,0,WRITE,0x13ca000,4096
38228,u0,0,WRITE,0x13cb000,4096
38233,u0,0,WRITE,0x13cc000,4096
38238,u0,0,READ,0x13cd000,4096
38240,u3,3,READ,0x300003bd000,4096
38247,u2,2,READ,0x200003b7000,4096
38248,u0,0,READ,0x13ce000,4096
38256,u0,0,READ,0x13cf000,4096
38262,u0,0,READ,0x13d0000,4096
38262,u1,1,READ,0x100003b8000,4096
38267,u0,0,READ,0x13d1000,4096
38273,u0,0,WRITE,0x13d2000,4096
38279,u0,0,WRITE,0x13d3000,4096
38282,u2,2,WRITE,0x200003b8000,4096
38285,u3,3,READ,0x300003be000,4096
38286,u0,0,WRITE,0x13d4000,4096
38291,u0,0,READ,0x13d5000,4096
38294,u1,1,WRITE,0x100003b9000,4096
38300,u0,0,READ,0x13d6000,4096
38307,u0,0,WRITE,0x13d7000,4096
38313,u0,0,READ,0x13d8000,4096
38318,u0,0,WRITE,0x13d9000,4096
38320,u3,3,READ,0x300003bf000,4096
38323,u2,2,WRITE,0x200003b9000,4096
38328,u0,0,WRITE,0x13da000,4096
38332,u1,1,WRITE,0x100003ba000,4096
38337,u0,0,WRITE,0x13db000,4096
38346,u0,0,WRITE,0x13dc000,4096
38356,u0,0,READ,0x13dd000,4096
38362,u0,0,WRITE,0x13de000,4096
38367,u2,2,WRITE,0x200003ba000,4096
38369,u3,3,READ,0x300003c0000,4096
38372,u0,0,WRITE,0x13df000,4096
38372,u1,1,WRITE,0x100003bb000,4096
38381,u0,0,WRITE,0x13e0000,4096
38389,u0,0,WRITE,0x13e1000,4096
38395,u0,0,WRITE,0x13e2000,4096
38403,u0,0,READ,0x13e3000,4096
38409,u0,0,READ,0x13e4000,4096
38409,u2,2,READ,0x200003bb000,4096
38413,u3,3,WRITE,0x300003c1000,4096
38415,u1,1,WRITE,0x100003bc000,4096
38417,u0,0,WRITE,0x13e5000,4096
38427,u0,0,WRITE,0x13e6000,4096
38432,u0,0,WRITE,0x13e7000,4096
38441,u0,0,READ,0x13e8000,4096
38447,u0,0,READ,0x13e9000,4096
38447,u1,1,WRITE,0x100003bd000,4096
38448,u2,2,READ,0x200003bc000,4096
38451,u3,3,WRITE,0x300003c2000,4096
38455,u0,0,WRITE,0x13ea000,4096
38463,u0,0,WRITE,0x13eb000,4096
38471,u0,0,READ,0x13ec000,4096
38477,u0,0,WRITE,0x13ed000,4096
38482,u0,0,READ,0x13ee000,4096
38484,u3,3,WRITE,0x300003c3000,4096
38488,u0,0,READ,0x13ef000,4096
38489,u2,2,WRITE,0x200003bd000,4096
38493,u1,1,WRITE,0x100003be000,4096
38495,u0,0,WRITE,0x13f0000,4096
38504,u0,0,READ,0x13f1000,4096
38510,u0,0,WRITE,0x13f2000,4096
38518,u0,0,READ,0x13f3000,4096
38523,u0,0,READ,0x13f4000,4096
38526,u2,2,WRITE,0x200003be000,4096
38528,u1,1,WRITE,0x100003bf000,4096
38531,u0,0,READ,0x13f5000,4096
38531,u3,3,READ,0x300003c4000,4096
38538,u0,0,WRITE,0x13f6000,4096
38544,u0,0,WRITE,0x13f7000,4096
38550,u0,0,WRITE,0x13f8000,4096
38557,u0,0,READ,0x13f9000,4096
38565,u0,0,WRITE,0x13fa000,4096
38568,u3,3,READ,0x300003c5000,4096
38572,u0,0,WRITE,0x13fb000,4096
38572,u1,1,READ,0x100003c0000,4096
38574,u2,2,WRITE,0x200003bf000,4096
38581,u0,0,READ,0x13fc000,4096
38587,u0,0,WRITE,0x13fd000,4096
38594,u0,0,WRITE,0x13fe000,4096
38600,u0,0,READ,0x13ff000,4096
38608,u0,0,READ,0x1400000,4096
38609,u3,3,READ,0x300003c6000,4096
38611,u1,1,WRITE,0x100003c1000,4096
38617,u2,2,READ,0x200003c0000,4096
38618,u0,0,READ,0x1401000,4096
38625,u0,0,WRITE,0x1402000,4096
38634,u0,0,READ,0x1403000,4096
38641,u0,0,READ,0x1404000,4096
38642,u1,1,WRITE,0x100003c2000,4096
38651,u0,0,READ,0x1405000,4096
38651,u3,3,READ,0x300003c7000,4096
38661,u0,0,READ,0x1406000,4096
38665,u2,2,READ,0x200003c1000,4096
38669,u0,0,READ,0x1407000,4096
38676,u0,0,WRITE,0x1408000,4096
38681,u0,0,READ,0x1409000,4096
38688,u1,1,READ,0x100003c3000,4096
38690,u0,0,READ,0x140a000,4096
38698,u0,0,READ,0x140b000,4096
38701,u3,3,WRITE,0x300003c8000,4096
38702,u2,2,WRITE,0x200003c2000,4096
38705,u0,0,WRITE,0x140c000,4096
38715,u0,0,READ,0x140d000,4096
38725,u0,0,WRITE,0x140e000,4096
38729,u1,1,WRITE,0x100003c4000,4096
38732,u0,0,READ,0x140f000,4096
38738,u3,3,WRITE,0x300003c9000,4096
38742,u0,0,READ,0x1410000,4096
38744,u2,2,READ,0x200003c3000,4096
38751,u0,0,WRITE,0x1411000,4096
38759,u0,0,WRITE,0x1412000,4096
38767,u0,0,WRITE,0x1413000,4096
38770,u1,1,READ,0x100003c5000,4096
38771,u3,3,WRITE,0x300003ca000,4096
38775,u0,0,READ,0x1414000,4096
38782,u0,0,WRITE,0x1415000,4096
38786,u2,2,WRITE,0x200003c4000,4096
38791,u0,0,WRITE,0x1416000,4096
38800,u0,0,WRITE,0x1417000,4096
38805,u1,1,READ,0x100003c6000,4096
38810,u0,0,READ,0x1418000,4096
38815,u0,0,READ,0x1419000,4096
38819,u3,3,READ,0x300003cb000,4096
38825,u0,0,WRITE,0x141a000,4096
38829,u2,2,WRITE,0x200003c5000,4096
38834,u0,0,WRITE,0x141b000,4096
38839,u1,1,READ,0x100003c7000,4096
38840,u0,0,READ,0x141c000,4096
38847,u0,0,READ,0x141d000,4096
38856,u0,0,READ,0x141e000,4096
38861,u0,0,READ,0x141f000,4096
38864,u3,3,WRITE,0x300003cc000,4096
38867,u0,0,READ,0x1420000,4096
38867,u2,2,WRITE,0x200003c6000,4096
38877,u0,0,WRITE,0x1421000,4096
38883,u0,0,READ,0x1422000,4096
38884,u1,1,WRITE,0x100003c8000,4096
38892,u0,0,READ,0x1423000,4096
38900,u0,0,WRITE,0x1424000,4096
38904,u2,2,WRITE,0x200003c7000,4096
38905,u0,0,WRITE,0x1425000,4096
38906,u3,3,READ,0x300003cd000,4096
38913,u0,0,READ,0x1426000,4096
38919,u0,0,READ,0x1427000,4096
38925,u1,1,READ,0x100003c9000,4096
38929,u0,0,WRITE,0x1428000,4096
38935,u0,0,WRITE,0x1429000,4096
38940,u0,0,READ,0x142a000,4096
38945,u0,0,WRITE,0x142b000,4096
38950,u0,0,WRITE,0x142c000,4096
38950,u3,3,READ,0x300003ce000,4096
38953,u2,2,WRITE,0x200003c8000,4096
38958,u0,0,WRITE,0x142d000,4096
38963,u0,0,READ,0x142e000,4096
38970,u0,0,WRITE,0x142f000,4096
38974,u1,1,WRITE,0x100003ca000,4096
38980,u0,0,READ,0x1430000,4096
38985,u0,0,READ,0x1431000,4096
38987,u3,3,WRITE,0x300003cf000,4096
38993,u0,0,READ,0x1432000,4096
39002,u0,0,READ,0x1433000,4096
39003,u2,2,WRITE,0x200003c9000,4096
39004,u1,1,READ,0x100003cb000,4096
39010,u0,0,READ,0x1434000,4096
39018,u0,0,READ,0x1435000,4096
39024,u0,0,READ,0x1436000,4096
39031,u0,0,WRITE,0x1437000,4096
39036,u3,3,READ,0x300003d0000,4096
39039,u1,1,READ,0x100003cc000,4096
39041,u0,0,READ,0x1438000,4096
39047,u0,0,WRITE,0x1439000,4096
39051,u2,2,WRITE,0x200003ca000,4096
39053,u0,0,WRITE,0x143a000,4096
39060,u0,0,WRITE,0x143b000,4096
39068,u0,0,WRITE,0x143c000,4096
39073,u0,0,WRITE,0x143d000,4096
39074,u1,1,READ,0x100003cd000,4096
39079,u0,0,READ,0x143e000,4096
39081,u3,3,WRITE,0x300003d1000,4096
39086,u0,0,READ,0x143f000,4096
39089,u2,2,READ,0x200003cb000,4096
39091,u0,0,READ,0x1440000,4096
39100,u0,0,READ,0x1441000,4096
39108,u0,0,READ,0x1442000,4096
39114,u3,3,WRITE,0x300003d2000,4096
39117,u0,0,READ,0x1443000,4096
39118,u1,1,WRITE,0x100003ce000,4096
39125,u0,0,READ,0x1444000,4096
39128,u2,2,WRITE,0x200003cc000,4096
39131,u0,0,READ,0x1445000,4096
39136,u0,0,READ,0x1446000,4096
39142,u0,0,READ,0x1447000,4096
39152,u0,0,WRITE,0x1448000,4096
39156,u1,1,WRITE,0x100003cf000,4096
39159,u0,0,WRITE,0x1449000,4096
39159,u3,3,READ,0x300003d3000,4096
39167,u0,0,WRITE,0x144a000,4096
39175,u0,0,READ,0x144b000,4096
39176,u2,2,WRITE,0x200003cd000,4096
39184,u0,0,WRITE,0x144c000,4096
39191,u0,0,READ,0x144d000,4096
39194,u3,3,WRITE,0x300003d4000,4096
39196,u1,1,WRITE,0x100003d0000,4096
39199,u0,0,WRITE,0x144e000,4096
39205,u0,0,WRITE,0x144f000,4096
39214,u2,2,READ,0x200003ce000,4096
39215,u0,0,READ,0x1450000,4096
39224,u0,0,WRITE,0x1451000,4096
39229,u0,0,READ,0x1452000,4096
39236,u0,0,WRITE,0x1453000,4096
39238,u3,3,READ,0x300003d5000,4096
39243,u0,0,READ,0x1454000,4096
39245,u1,1,WRITE,0x100003d1000,4096
39247,u2,2,READ,0x200003cf000,4096
39250,u0,0,WRITE,0x1455000,4096
39257,u0,0,WRITE,0x1456000,4096
39264,u0,0,WRITE,0x1457000,4096
39268,u3,3,WRITE,0x300003d6000,4096
39269,u0,0,WRITE,0x1458000,4096
39274,u0,0,READ,0x1459000,4096
39282,u0,0,READ,0x145a000,4096
39284,u1,1,READ,0x100003d2000,4096
39287,u2,2,WRITE,0x200003d0000,4096
39291,u0,0,WRITE,0x145b000,4096
39298,u0,0,WRITE,0x145c000,4096
39303,u0,0,READ,0x145d000,4096
39306,u3,3,WRITE,0x300003d7000,4096
39309,u0,0,WRITE,0x145e000,4096
39319,u0,0,WRITE,0x145f000,4096
39326,u0,0,WRITE,0x1460000,4096
39326,u2,2,READ,0x200003d1000,4096
39327,u1,1,READ,0x100003d3000,4096
39336,u0,0,WRITE,0x1461000,4096
39342,u0,0,READ,0x1462000,4096
39349,u3,3,READ,0x300003d8000,4096
39351,u0,0,READ,0x1463000,4096
39356,u0,0,WRITE,0x1464000,4096
39365,u0,0,READ,0x1465000,4096
39365,u1,1,WRITE,0x100003d4000,4096
39373,u0,0,READ,0x1466000,4096
39373,u2,2,WRITE,0x200003d2000,4096
39380,u0,0,WRITE,0x1467000,4096
39388,u0,0,WRITE,0x1468000,4096
39394,u0,0,WRITE,0x1469000,4096
39397,u3,3,WRITE,0x300003d9000,4096
39400,u0,0,READ,0x146a000,4096
39405,u1,1,READ,0x100003d5000,4096
39405,u2,2,READ,0x200003d3000,4096
39410,u0,0,WRITE,0x146b000,4096
39416,u0,0,READ,0x146c000,4096
39421,u0,0,WRITE,0x146d000,4096
39430,u0,0,WRITE,0x146e000,4096
39439,u0,0,WRITE,0x146f000,4096
39443,u1,1,WRITE,0x100003d6000,4096
39445,u2,2,READ,0x200003d4000,4096
39445,u3,3,READ,0x300003da000,4096
39449,u0,0,READ,0x1470000,4096
39459,u0,0,WRITE,0x1471000,4096
39464,u0,0,WRITE,0x1472000,4096
39473,u0,0,WRITE,0x1473000,4096
39477,u3,3,WRITE,0x300003db000,4096
39478,u0,0,WRITE,0x1474000,4096
39486,u0,0,WRITE,0x1475000,4096
39493,u1,1,READ,0x100003d7000,4096
39494,u0,0,READ,0x1476000,4096
39495,u2,2,READ,0x200003d5000,4096
39500,u0,0,WRITE,0x1477000,4096
39509,u0,0,WRITE,0x1478000,4096
39515,u0,0,READ,0x1479000,4096
39517,u3,3,READ,0x300003dc000,4096
39523,u0,0,READ,0x147a000,4096
39529,u1,1,WRITE,0x100003d8000,4096
39531,u0,0,READ,0x147b000,4096
39536,u0,0,READ,0x147c000,4096
39539,u2,2,WRITE,0x200003d6000,4096
39545,u0,0,READ,0x147d000,4096
39551,u0,0,WRITE,0x147e000,4096
39556,u0,0,READ,0x147f000,4096
39565,u3,3,READ,0x300003dd000,4096
39566,u0,0,READ,0x1480000,4096
39567,u1,1,WRITE,0x100003d9000,4096
39571,u0,0,READ,0x1481000,4096
39577,u0,0,WRITE,0x1482000,4096
39582,u2,2,WRITE,0x200003d7000,4096
39586,u0,0,WRITE,0x1483000,4096
39594,u0,0,WRITE,0x1484000,4096
39602,u0,0,READ,0x1485000,4096
39605,u3,3,READ,0x300003de000,4096
39609,u1,1,WRITE,0x100003da000,4096
39611,u0,0,READ,0x1486000,4096
39618,u0,0,WRITE,0x1487000,4096
39620,u2,2,WRITE,0x200003d8000,4096
39625,u0,0,WRITE,0x1488000,4096
39632,u0,0,WRITE,0x1489000,4096
39635,u3,3,READ,0x300003df000,4096
39641,u0,0,WRITE,0x148a000,4096
39647,u0,0,WRITE,0x148b000,4096
39655,u0,0,READ,0x148c000,4096
39655,u1,1,WRITE,0x100003db000,4096
39661,u2,2,WRITE,0x200003d9000,4096
39662,u0,0,WRITE,0x148d000,4096
39666,u3,3,WRITE,0x300003e0000,4096
39668,u0,0,READ,0x148e000,4096
39674,u0,0,WRITE,0x148f000,4096
39680,u0,0,WRITE,0x1490000,4096
39689,u0,0,READ,0x1491000,4096
39689,u1,1,WRITE,0x100003dc000,4096
39694,u0,0,READ,0x1492000,4096
39700,u0,0,READ,0x1493000,4096
39708,u0,0,WRITE,0x1494000,4096
39709,u2,2,READ,0x200003da000,4096
39715,u0,0,WRITE,0x1495000,4096
39715,u3,3,READ,0x300003e1000,4096
39720,u0,0,READ,0x1496000,4096
39728,u1,1,READ,0x100003dd000,4096
39730,u0,0,READ,0x1497000,4096
39739,u0,0,READ,0x1498000,4096
39744,u0,0,WRITE,0x1499000,4096
39751,u0,0,WRITE,0x149a000,4096
39753,u2,2,READ,0x200003db000,4096
39759,u0,0,READ,0x149b000,4096
39761,u1,1,READ,0x100003de000,4096
39763,u3,3,READ,0x300003e2000,4096
39769,u0,0,READ,0x149c000,4096
39776,u0,0,WRITE,0x149d000,4096
39786,u0,0,READ,0x149e000,4096
39787,u2,2,READ,0x200003dc000,4096
39792,u0,0,WRITE,0x149f000,4096
39800,u0,0,WRITE,0x14a0000,4096
39804,u1,1,READ,0x100003df000,4096
39807,u0,0,WRITE,0x14a1000,4096
39811,u3,3,READ,0x300003e3000,4096
39812,u0,0,WRITE,0x14a2000,4096
39822,u0,0,READ,0x14a3000,4096
39828,u0,0,READ,0x14a4000,4096
39828,u2,2,READ,0x200003dd000,4096
39833,u0,0,READ,0x14a5000,4096
39842,u0,0,READ,0x14a6000,4096
39844,u1,1,WRITE,0x100003e0000,4096
39845,u3,3,WRITE,0x300003e4000,4096
39850,u0,0,WRITE,0x14a7000,4096
39860,u0,0,WRITE,0x14a8000,4096
39862,u2,2,WRITE,0x200003de000,4096
39870,u0,0,READ,0x14a9000,4096
39878,u0,0,WRITE,0x14aa000,4096
39888,u0,0,READ,0x14ab000,4096
39889,u1,1,READ,0x100003e1000,4096
39890,u3,3,WRITE,0x300003e5000,4096
39894,u0,0,READ,0x14ac000,4096
39902,u0,0,WRITE,0x14ad000,4096
39909,u0,0,READ,0x14ae000,4096
39910,u2,2,WRITE,0x200003df000,4096
39916,u0,0,READ,0x14af000,4096
39926,u0,0,WRITE,0x14b0000,4096
39933,u3,3,READ,0x300003e6000,4096
39934,u0,0,WRITE,0x14b1000,4096
39936,u1,1,READ,0x100003e2000,4096
39939,u0,0,WRITE,0x14b2000,4096
39947,u0,0,WRITE,0x14b3000,4096
39953,u2,2,WRITE,0x200003e0000,4096
39955,u0,0,READ,0x14b4000,4096
39961,u0,0,WRITE,0x14b5000,4096
39964,u3,3,WRITE,0x300003e7000,4096
39967,u0,0,READ,0x14b6000,4096
39977,u0,0,WRITE,0x14b7000,4096
39982,u0,0,READ,0x14b8000,4096
39983,u1,1,READ,0x100003e3000,4096
39987,u0,0,WRITE,0x14b9000,4096
39990,u2,2,WRITE,0x200003e1000,4096
39993,u0,0,READ,0x14ba000,4096
39998,u0,0,READ,0x14bb000,4096
40001,u3,3,WRITE,0x300003e8000,4096
40005,u0,0,WRITE,0x14bc000,4096
40015,u0,0,READ,0x14bd000,4096
40022,u0,0,READ,0x14be000,4096
40028,u0,0,READ,0x14bf000,4096
40030,u1,1,WRITE,0x100003e4000,4096
40034,u0,0,WRITE,0x14c0000,4096
40039,u2,2,READ,0x200003e2000,4096
40041,u0,0,READ,0x14c1000,4096
40047,u3,3,WRITE,0x300003e9000,4096
40050,u0,0,WRITE,0x14c2000,4096
40056,u0,0,WRITE,0x14c3000,4096
40065,u0,0,WRITE,0x14c4000,4096
40072,u1,1,READ,0x100003e5000,4096
40074,u0,0,WRITE,0x14c5000,4096
40079,u2,2,READ,0x200003e3000,4096
40079,u3,3,READ,0x300003ea000,4096
40083,u0,0,READ,0x14c6000,4096
40090,u0,0,READ,0x14c7000,4096
40100,u0,0,WRITE,0x14c8000,4096
40105,u0,0,READ,0x14c9000,4096
40111,u2,2,READ,0x200003e4000,4096
40113,u0,0,WRITE,0x14ca000,4096
40113,u3,3,WRITE,0x300003eb000,4096
40121,u0,0,WRITE,0x14cb000,4096
40121,u1,1,READ,0x100003e6000,4096
40131,u0,0,READ,0x14cc000,4096
40138,u0,0,READ,0x14cd000,4096
40144,u0,0,WRITE,0x14ce000,4096
40149,u0,0,WRITE,0x14cf000,4096
40149,u3,3,WRITE,0x300003ec000,4096
40151,u2,2,READ,0x200003e5000,4096
40156,u0,0,WRITE,0x14d0000,4096
40166,u0,0,WRITE,0x14d1000,4096
40166,u1,1,WRITE,0x100003e7000,4096
40175,u0,0,WRITE,0x14d2000,4096
40180,u0,0,WRITE,0x14d3000,4096
40181,u2,2,READ,0x200003e6000,4096
40186,u0,0,WRITE,0x14d4000,4096
40193,u0,0,READ,0x14d5000,4096
40196,u3,3,READ,0x300003ed000,4096
40200,u0,0,WRITE,0x14d6000,4096
40204,u1,1,WRITE,0x100003e8000,4096
40207,u0,0,WRITE,0x14d7000,4096
40213,u2,2,WRITE,0x200003e7000,4096
40216,u0,0,READ,0x14d8000,4096
40221,u0,0,WRITE,0x14d9000,4096
40226,u0,0,READ,0x14da000,4096
40234,u0,0,READ,0x14db000,4096
40239,u0,0,WRITE,0x14dc000,4096
40242,u3,3,WRITE,0x300003ee000,4096
40245,u0,0,READ,0x14dd000,4096
40252,u1,1,WRITE,0x100003e9000,4096
40253,u0,0,READ,0x14de000,4096
40258,u2,2,WRITE,0x200003e8000,4096
40259,u0,0,WRITE,0x14df000,4096
40269,u0,0,WRITE,0x14e0000,4096
40278,u0,0,READ,0x14e1000,4096
40286,u0,0,WRITE,0x14e2000,4096
40290,u3,3,READ,0x300003ef000,4096
40293,u0,0,WRITE,0x14e3000,4096
40293,u1,1,WRITE,0x100003ea000,4096
40299,u0,0,WRITE,0x14e4000,4096
40304,u2,2,WRITE,0x200003e9000,4096
40309,u0,0,WRITE,0x14e5000,4096
40314,u0,0,WRITE,0x14e6000,4096
40321,u0,0,WRITE,0x14e7000,4096
40329,u0,0,READ,0x14e8000,4096
40330,u3,3,READ,0x300003f0000,4096
40335,u2,2,READ,0x200003ea000,4096
40336,u0,0,WRITE,0x14e9000,4096
40337,u1,1,WRITE,0x100003eb000,4096
40344,u0,0,WRITE,0x14ea000,4096
40354,u0,0,READ,0x14eb000,4096
40359,u0,0,WRITE,0x14ec000,4096
40365,u0,0,READ,0x14ed000,4096
40368,u3,3,READ,0x300003f1000,4096
40370,u0,0,WRITE,0x14ee000,4096
40374,u1,1,READ,0x100003ec000,4096
40375,u2,2,WRITE,0x200003eb000,4096
40379,u0,0,WRITE,0x14ef000,4096
40384,u0,0,WRITE,0x14f0000,4096
40393,u0,0,READ,0x14f1000,4096
40398,u3,3,READ,0x300003f2000,4096
40400,u0,0,READ,0x14f2000,4096
40409,u2,2,WRITE,0x200003ec000,4096
40410,u0,0,READ,0x14f3000,4096
40410,u1,1,READ,0x100003ed000,4096
40415,u0,0,WRITE,0x14f4000,4096
40423,u0,0,WRITE,0x14f5000,4096
40430,u0,0,READ,0x14f6000,4096
40440,u0,0,WRITE,0x14f7000,4096
40440,u3,3,READ,0x300003f3000,4096
40445,u0,0,WRITE,0x14f8000,4096
40448,u1,1,WRITE,0x100003ee000,4096
40452,u2,2,READ,0x200003ed000,4096
40453,u0,0,READ,0x14f9000,4096
40460,u0,0,READ,0x14fa000,4096
40469,u0,0,WRITE,0x14fb000,4096
40473,u3,3,WRITE,0x300003f4000,4096
40476,u0,0,READ,0x14fc000,4096
40485,u1,1,READ,0x100003ef000,4096
40486,u0,0,WRITE,0x14fd000,4096
40492,u0,0,READ,0x14fe000,4096
40500,u0,0,WRITE,0x14ff000,4096
40500,u2,2,READ,0x200003ee000,4096
40505,u0,0,WRITE,0x1500000,4096
40510,u0,0,READ,0x1501000,4096
40515,u3,3,READ,0x300003f5000,4096
40516,u0,0,WRITE,0x1502000,4096
40522,u0,0,READ,0x1503000,4096
40524,u1,1,WRITE,0x100003f0000,4096
40529,u0,0,READ,0x1504000,4096
40536,u0,0,WRITE,0x1505000,4096
40545,u0,0,READ,0x1506000,4096
40546,u2,2,READ,0x200003ef000,4096
40553,u0,0,WRITE,0x1507000,4096
40556,u3,3,READ,0x300003f6000,4096
40559,u0,0,WRITE,0x1508000,4096
40564,u0,0,READ,0x1509000,4096
40570,u0,0,WRITE,0x150a000,4096
40573,u1,1,READ,0x100003f1000,4096
40577,u0,0,READ,0x150b000,4096
40585,u0,0,WRITE,0x150c000,4096
40585,u2,2,WRITE,0x200003f0000,4096
40586,u3,3,READ,0x300003f7000,4096
40592,u0,0,WRITE,0x150d000,4096
40602,u0,0,READ,0x150e000,4096
40609,u0,0,WRITE,0x150f000,4096
40618,u0,0,READ,0x1510000,4096
40619,u1,1,WRITE,0x100003f2000,4096
40619,u3,3,READ,0x300003f8000,4096
40624,u2,2,READ,0x200003f1000,4096
40628,u0,0,READ,0x1511000,4096
40636,u0,0,WRITE,0x1512000,4096
40641,u0,0,READ,0x1513000,4096
40648,u0,0,READ,0x1514000,4096
40655,u0,0,WRITE,0x1515000,4096
40659,u3,3,WRITE,0x300003f9000,4096
40665,u0,0,READ,0x1516000,4096
40668,u1,1,WRITE,0x100003f3000,4096
40671,u0,0,WRITE,0x1517000,4096
40673,u2,2,WRITE,0x200003f2000,4096
40676,u0,0,READ,0x1518000,4096
40685,u0,0,WRITE,0x1519000,4096
40692,u0,0,READ,0x151a000,4096
40699,u0,0,WRITE,0x151b000,4096
40700,u3,3,READ,0x300003fa000,4096
40703,u1,1,WRITE,0x100003f4000,4096
40704,u0,0,READ,0x151c000,4096
40709,u0,0,WRITE,0x151d000,4096
40712,u2,2,READ,0x200003f3000,4096
40715,u0,0,WRITE,0x151e000,4096
40724,u0,0,WRITE,0x151f000,4096
40733,u0,0,WRITE,0x1520000,4096
40735,u1,1,WRITE,0x100003f5000,4096
40736,u3,3,READ,0x300003fb000,4096
40740,u0,0,READ,0x1521000,4096
40743,u2,2,READ,0x200003f4000,4096
40749,u0,0,READ,0x1522000,4096
40755,u0,0,READ,0x1523000,4096
40763,u0,0,READ,0x1524000,4096
40767,u1,1,WRITE,0x100003f6000,4096
40769,u0,0,WRITE,0x1525000,4096
40777,u0,0,READ,0x1526000,4096
40781,u3,3,WRITE,0x300003fc000,4096
40783,u2,2,WRITE,0x200003f5000,4096
40786,u0,0,READ,0x1527000,4096
40794,u0,0,WRITE,0x1528000,4096
40802,u0,0,READ,0x1529000,4096
40808,u0,0,READ,0x152a000,4096
40815,u0,0,WRITE,0x152b000,4096
40816,u1,1,READ,0x100003f7000,4096
40822,u0,0,READ,0x152c000,4096
40826,u3,3,WRITE,0x300003fd000,4096
40827,u0,0,READ,0x152d000,4096
40830,u2,2,READ,0x200003f6000,4096
40833,u0,0,READ,0x152e000,4096
40838,u0,0,READ,0x152f000,4096
40846,u0,0,READ,0x1530000,4096
40853,u0,0,WRITE,0x1531000,4096
40853,u1,1,WRITE,0x100003f8000,4096
40861,u0,0,READ,0x1532000,4096
40867,u0,0,WRITE,0x1533000,4096
40870,u2,2,READ,0x200003f7000,4096
40875,u0,0,READ,0x1534000,4096
40875,u3,3,WRITE,0x300003fe000,4096
40881,u0,0,WRITE,0x1535000,4096
40887,u0,0,READ,0x1536000,4096
40889,u1,1,READ,0x100003f9000,4096
40892,u0,0,READ,0x1537000,4096
40900,u0,0,READ,0x1538000,4096
40900,u2,2,READ,0x200003f8000,4096
40908,u0,0,READ,0x1539000,4096
40913,u0,0,WRITE,0x153a000,4096
40919,u0,0,WRITE,0x153b000,4096
40924,u1,1,WRITE,0x100003fa000,4096
40925,u3,3,READ,0x300003ff000,4096
40926,u0,0,READ,0x153c000,4096
40931,u0,0,READ,0x153d000,4096
40937,u0,0,READ,0x153e000,4096
40943,u0,0,WRITE,0x153f000,4096
40948,u2,2,READ,0x200003f9000,4096
40949,u0,0,WRITE,0x1540000,4096
40958,u0,0,READ,0x1541000,4096
40967,u0,0,WRITE,0x1542000,4096
40971,u1,1,WRITE,0x100003fb000,4096
40972,u0,0,READ,0x1543000,4096
40975,u3,3,WRITE,0x30000400000,4096
40981,u0,0,READ,0x1544000,4096
40990,u0,0,WRITE,0x1545000,4096
40990,u2,2,WRITE,0x200003fa000,4096
40996,u0,0,WRITE,0x1546000,4096
41005,u0,0,WRITE,0x1547000,4096
41008,u1,1,READ,0x100003fc000,4096
41010,u3,3,READ,0x30000401000,4096
41014,u0,0,WRITE,0x1548000,4096
41023,u0,0,WRITE,0x1549000,4096
41030,u0,0,WRITE,0x154a000,4096
41032,u2,2,WRITE,0x200003fb000,4096
41038,u0,0,READ,0x154b000,4096
41045,u0,0,READ,0x154c000,4096
41047,u3,3,WRITE,0x30000402000,4096
41050,u0,0,WRITE,0x154d000,4096
41051,u1,1,WRITE,0x100003fd000,4096
41058,u0,0,READ,0x154e000,4096
41068,u0,0,READ,0x154f000,4096
41073,u0,0,READ,0x1550000,4096
41073,u2,2,READ,0x200003fc000,4096
41082,u3,3,WRITE,0x30000403000,4096
41083,u0,0,READ,0x1551000,4096
41092,u0,0,READ,0x1552000,4096
41097,u0,0,READ,0x1553000,4096
41098,u1,1,WRITE,0x100003fe000,4096
41107,u0,0,WRITE,0x1554000,4096
41112,u0,0,WRITE,0x1555000,4096
41121,u0,0,READ,0x1556000,4096
41123,u2,2,WRITE,0x200003fd000,4096
41127,u0,0,WRITE,0x1557000,4096
41132,u3,3,WRITE,0x30000404000,4096
41136,u0,0,WRITE,0x1558000,4096
41138,u1,1,WRITE,0x100003ff000,4096
41146,u0,0,WRITE,0x1559000,4096
41151,u0,0,WRITE,0x155a000,4096
41161,u0,0,READ,0x155b000,4096
41165,u3,3,WRITE,0x30000405000,4096
41169,u0,0,READ,0x155c000,4096
41171,u2,2,READ,0x200003fe000,4096
41177,u0,0,READ,0x155d000,4096
41185,u0,0,WRITE,0x155e000,4096
41185,u1,1,READ,0x10000400000,4096
41191,u0,0,WRITE,0x155f000,4096
41199,u0,0,WRITE,0x1560000,4096
41204,u0,0,WRITE,0x1561000,4096
41204,u3,3,READ,0x30000406000,4096
41207,u2,2,READ,0x200003ff000,4096
41213,u0,0,READ,0x1562000,4096
41220,u0,0,READ,0x1563000,4096
41225,u0,0,WRITE,0x1564000,4096
41234,u0,0,READ,0x1565000,4096
41234,u1,1,READ,0x10000401000,4096
41241,u3,3,READ,0x30000407000,4096
41242,u0,0,WRITE,0x1566000,4096
41250,u0,0,READ,0x1567000,4096
41255,u2,2,WRITE,0x20000400000,4096
41257,u0,0,READ,0x1568000,4096
41265,u0,0,READ,0x1569000,4096
41272,u0,0,WRITE,0x156a000,4096
41272,u3,3,WRITE,0x30000408000,4096
41275,u1,1,READ,0x10000402000,4096
41281,u0,0,READ,0x156b000,4096
41286,u0,0,WRITE,0x156c000,4096
41287,u2,2,READ,0x20000401000,4096
41294,u0,0,WRITE,0x156d000,4096
41299,u0,0,READ,0x156e000,4096
41305,u0,0,WRITE,0x156f000,4096
41313,u0,0,WRITE,0x1570000,4096
41316,u3,3,READ,0x30000409000,4096
41321,u0,0,READ,0x1571000,4096
41324,u1,1,WRITE,0x10000403000,4096
41327,u0,0,READ,0x1572000,4096
41333,u0,0,READ,0x1573000,4096
41334,u2,2,READ,0x20000402000,4096
41338,u0,0,WRITE,0x1574000,4096
41343,u0,0,WRITE,0x1575000,4096
41349,u0,0,READ,0x1576000,4096
41354,u0,0,WRITE,0x1577000,4096
41355,u1,1,WRITE,0x10000404000,4096
41359,u3,3,READ,0x3000040a000,4096
41363,u0,0,WRITE,0x1578000,4096
41373,u0,0,READ,0x1579000,4096
41381,u2,2,WRITE,0x20000403000,4096
41383,u0,0,WRITE,0x157a000,4096
41389,u0,0,WRITE,0x157b000,4096
41396,u0,0,WRITE,0x157c000,4096
41400,u1,1,READ,0x10000405000,4096
41404,u0,0,WRITE,0x157d000,4096
41408,u3,3,READ,0x3000040b000,4096
41409,u0,0,WRITE,0x157e000,4096
41419,u0,0,READ,0x157f000,4096
41425,u0,0,WRITE,0x1580000,4096
41427,u2,2,WRITE,0x20000404000,4096
41431,u1,1,WRITE,0x10000406000,4096
41435,u0,0,WRITE,0x1581000,4096
41443,u0,0,WRITE,0x1582000,4096
41449,u0,0,WRITE,0x1583000,4096
41455,u0,0,WRITE,0x1584000,4096
41457,u3,3,WRITE,0x3000040c000,4096
41463,u0,0,READ,0x1585000,4096
41471,u0,0,READ,0x1586000,4096
41473,u2,2,READ,0x20000405000,4096
41479,u1,1,WRITE,0x10000407000,4096
41481,u0,0,WRITE,0x1587000,4096
41489,u0,0,WRITE,0x1588000,4096
41499,u0,0,READ,0x1589000,4096
41499,u3,3,READ,0x3000040d000,4096
41509,u0,0,READ,0x158a000,4096
41511,u2,2,READ,0x20000406000,4096
41519,u0,0,WRITE,0x158b000,4096
41526,u0,0,READ,0x158c000,4096
41528,u1,1,WRITE,0x10000408000,4096
41531,u3,3,WRITE,0x3000040e000,4096
41532,u0,0,WRITE,0x158d000,4096
41539,u0,0,READ,0x158e000,4096
41544,u0,0,WRITE,0x158f000,4096
41549,u0,0,WRITE,0x1590000,4096
41554,u2,2,WRITE,0x20000407000,4096
41555,u0,0,READ,0x1591000,4096
41564,u0,0,READ,0x1592000,4096
41573,u0,0,WRITE,0x1593000,4096
41573,u3,3,READ,0x3000040f000,4096
41578,u0,0,READ,0x1594000,4096
41578,u1,1,READ,0x10000409000,4096
41585,u0,0,WRITE,0x1595000,4096
41595,u0,0,WRITE,0x1596000,4096
41603,u0,0,READ,0x1597000,4096
41604,u2,2,READ,0x20000408000,4096
41605,u3,3,WRITE,0x30000410000,4096
41608,u1,1,WRITE,0x1000040a000,4096
41611,u0,0,WRITE,0x1598000,4096
41616,u0,0,READ,0x1599000,4096
41622,u0,0,READ,0x159a000,4096
41632,u0,0,WRITE,0x159b000,4096
41638,u1,1,WRITE,0x1000040b000,4096
41642,u0,0,READ,0x159c000,4096
41646,u3,3,READ,0x30000411000,4096
41650,u0,0,READ,0x159d000,4096
41651,u2,2,WRITE,0x20000409000,4096
41660,u0,0,WRITE,0x159e000,4096
41670,u0,0,READ,0x159f000,4096
41677,u0,0,READ,0x15a0000,4096
41680,u3,3,WRITE,0x30000412000,4096
41681,u1,1,WRITE,0x1000040c000,4096
41685,u0,0,READ,0x15a1000,4096
41692,u0,0,READ,0x15a2000,4096
41695,u2,2,READ,0x2000040a000,4096
41701,u0,0,WRITE,0x15a3000,4096
41710,u0,0,WRITE,0x15a4000,4096
41712,u1,1,WRITE,0x1000040d000,4096
41712,u3,3,WRITE,0x30000413000,4096
41715,u0,0,READ,0x15a5000,4096
41722,u0,0,WRITE,0x15a6000,4096
41731,u0,0,WRITE,0x15a7000,4096
41737,u0,0,WRITE,0x15a8000,4096
41738,u2,2,WRITE,0x2000040b000,4096
41746,u0,0,READ,0x15a9000,4096
41754,u0,0,READ,0x15aa000,4096
41756,u3,3,READ,0x30000414000,4096
41760,u0,0,READ,0x15ab000,4096
41760,u1,1,WRITE,0x1000040e000,4096
41765,u0,0,WRITE,0x15ac000,4096
41772,u0,0,READ,0x15ad000,4096
41773,u2,2,WRITE,0x2000040c000,4096
41777,u0,0,WRITE,0x15ae000,4096
41784,u0,0,READ,0x15af000,4096
41788,u3,3,WRITE,0x30000415000,4096
41791,u0,0,READ,0x15b0000,4096
41797,u0,0,WRITE,0x15b1000,4096
41805,u1,1,READ,0x1000040f000,4096
41806,u0,0,READ,0x15b2000,4096
41810,u2,2,WRITE,0x2000040d000,4096
41812,u0,0,WRITE,0x15b3000,4096
41818,u0,0,READ,0x15b4000,4096
41828,u0,0,READ,0x15b5000,4096
41831,u3,3,READ,0x30000416000,4096
41833,u0,0,READ,0x15b6000,4096
41841,u0,0,READ,0x15b7000,4096
41846,u2,2,READ,0x2000040e000,4096
41851,u0,0,READ,0x15b8000,4096
41853,u1,1,READ,0x10000410000,4096
41859,u0,0,READ,0x15b9000,4096
41868,u0,0,READ,0x15ba000,4096
41869,u3,3,WRITE,0x30000417000,4096
41875,u0,0,READ,0x15bb000,4096
41880,u2,2,READ,0x2000040f000,4096
41883,u0,0,READ,0x15bc000,4096
41885,u1,1,READ,0x10000411000,4096
41888,u0,0,READ,0x15bd000,4096
41897,u0,0,WRITE,0x15be000,4096
41902,u0,0,READ,0x15bf000,4096
41907,u0,0,READ,0x15c0000,4096
41916,u0,0,READ,0x15c1000,4096
41919,u3,3,WRITE,0x30000418000,4096
41921,u0,0,WRITE,0x15c2000,4096
41929,u0,0,WRITE,0x15c3000,4096
41930,u2,2,READ,0x20000410000,4096
41934,u1,1,READ,0x10000412000,4096
41937,u0,0,WRITE,0x15c4000,4096
41943,u0,0,READ,0x15c5000,4096
41953,u0,0,READ,0x15c6000,4096
41954,u3,3,WRITE,0x30000419000,4096
41962,u0,0,WRITE,0x15c7000,4096
41962,u2,2,READ,0x20000411000,4096
41969,u0,0,READ,0x15c8000,4096
41974,u0,0,READ,0x15c9000,4096
41977,u1,1,READ,0x10000413000,4096
41983,u0,0,WRITE,0x15ca000,4096
41989,u0,0,READ,0x15cb000,4096
41994,u0,0,READ,0x15cc000,4096
42002,u0,0,READ,0x15cd000,4096
42003,u3,3,READ,0x3000041a000,4096
42006,u2,2,READ,0x20000412000,4096
42007,u0,0,READ,0x15ce000,4096
42015,u0,0,READ,0x15cf000,4096
42022,u1,1,READ,0x10000414000,4096
42024,u0,0,READ,0x15d0000,4096
42032,u0,0,WRITE,0x15d1000,4096
42042,u0,0,WRITE,0x15d2000,4096
42043,u2,2,WRITE,0x20000413000,4096
42048,u3,3,READ,0x3000041b000,4096
42050,u0,0,WRITE,0x15d3000,4096
42053,u1,1,WRITE,0x10000415000,4096
42057,u0,0,WRITE,0x15d4000,4096
42065,u0,0,WRITE,0x15d5000,4096
42074,u0,0,READ,0x15d6000,4096
42074,u2,2,READ,0x20000414000,4096
42079,u0,0,READ,0x15d7000,4096
42082,u3,3,WRITE,0x3000041c000,4096
42088,u1,1,READ,0x10000416000,4096
42089,u0,0,WRITE,0x15d8000,4096
42099,u0,0,READ,0x15d9000,4096
42109,u0,0,WRITE,0x15da000,4096
42112,u2,2,WRITE,0x20000415000,4096
42115,u0,0,WRITE,0x15db000,4096
42117,u3,3,WRITE,0x3000041d000,4096
42123,u0,0,READ,0x15dc000,4096
42133,u0,0,READ,0x15dd000,4096
42137,u1,1,WRITE,0x10000417000,4096
42139,u0,0,WRITE,0x15de000,4096
42145,u0,0,READ,0x15df000,4096
42146,u2,2,WRITE,0x20000416000,4096
42149,u3,3,READ,0x3000041e000,4096
42153,u0,0,WRITE,0x15e0000,4096
42158,u0,0,WRITE,0x15e1000,4096
42167,u0,0,READ,0x15e2000,4096
42174,u0,0,READ,0x15e3000,4096
42179,u3,3,WRITE,0x3000041f000,4096
42181,u1,1,WRITE,0x10000418000,4096
42184,u0,0,WRITE,0x15e4000,4096
42184,u2,2,WRITE,0x20000417000,4096
42190,u0,0,WRITE,0x15e5000,4096
42200,u0,0,READ,0x15e6000,4096
42207,u0,0,WRITE,0x15e7000,4096
42212,u3,3,WRITE,0x30000420000,4096
42214,u1,1,WRITE,0x10000419000,4096
42217,u0,0,WRITE,0x15e8000,4096
42222,u2,2,READ,0x20000418000,4096
42225,u0,0,READ,0x15e9000,4096
42231,u0,0,WRITE,0x15ea000,4096
42239,u0,0,READ,0x15eb000,4096
42245,u3,3,WRITE,0x30000421000,4096
42247,u0,0,WRITE,0x15ec000,4096
42253,u2,2,READ,0x20000419000,4096
42256,u0,0,WRITE,0x15ed000,4096
42256,u1,1,WRITE,0x1000041a000,4096
42262,u0,0,WRITE,0x15ee000,4096
42272,u0,0,READ,0x15ef000,4096
42280,u0,0,WRITE,0x15f0000,4096
42287,u3,3,READ,0x30000422000,4096
42288,u0,0,WRITE,0x15f1000,4096
42290,u1,1,WRITE,0x1000041b000,4096
42295,u0,0,WRITE,0x15f2000,4096
42300,u0,0,READ,0x15f3000,4096
42303,u2,2,READ,0x2000041a000,4096
42310,u0,0,READ,0x15f4000,4096
42316,u0,0,WRITE,0x15f5000,4096
42321,u3,3,READ,0x30000423000,4096
42325,u0,0,READ,0x15f6000,4096
42326,u1,1,READ,0x1000041c000,4096
42333,u0,0,READ,0x15f7000,4096
42337,u2,2,READ,0x2000041b000,4096
42342,u0,0,WRITE,0x15f8000,4096
42348,u0,0,WRITE,0x15f9000,4096
42354,u0,0,READ,0x15fa000,4096
42358,u3,3,WRITE,0x30000424000,4096
42362,u0,0,WRITE,0x15fb000,4096
42369,u1,1,WRITE,0x1000041d000,4096
42372,u0,0,WRITE,0x15fc000,4096
42372,u2,2,WRITE,0x2000041c000,4096
42378,u0,0,READ,0x15fd000,4096
42386,u0,0,WRITE,0x15fe000,4096
42391,u0,0,READ,0x15ff000,4096
42400,u0,0,WRITE,0x1600000,4096
42405,u3,3,READ,0x30000425000,4096
42406,u0,0,WRITE,0x1601000,4096
42409,u1,1,READ,0x1000041e000,4096
42409,u2,2,WRITE,0x2000041d000,4096
42414,u0,0,WRITE,0x1602000,4096
42422,u0,0,WRITE,0x1603000,4096
42428,u0,0,READ,0x1604000,4096
42436,u0,0,READ,0x1605000,4096
42443,u0,0,READ,0x1606000,4096
42448,u1,1,READ,0x1000041f000,4096
42452,u0,0,WRITE,0x1607000,4096
42455,u3,3,READ,0x30000426000,4096
42456,u2,2,WRITE,0x2000041e000,4096
42457,u0,0,WRITE,0x1608000,4096
42464,u0,0,WRITE,0x1609000,4096
42470,u0,0,READ,0x160a000,4096
42478,u0,0,WRITE,0x160b000,4096
42483,u0,0,WRITE,0x160c000,4096
42488,u3,3,WRITE,0x30000427000,4096
42492,u0,0,READ,0x160d000,4096
42497,u1,1,WRITE,0x10000420000,4096
42500,u0,0,READ,0x160e000,4096
42505,u2,2,READ,0x2000041f000,4096
42509,u0,0,WRITE,0x160f000,4096
42519,u0,0,WRITE,0x1610000,4096
42526,u3,3,WRITE,0x30000428000,4096
42528,u0,0,WRITE,0x1611000,4096
42534,u1,1,READ,0x10000421000,4096
42536,u0,0,WRITE,0x1612000,4096
42542,u0,0,READ,0x1613000,4096
42550,u0,0,WRITE,0x1614000,4096
42555,u0,0,READ,0x1615000,4096
42555,u2,2,WRITE,0x20000420000,4096
42563,u0,0,READ,0x1616000,4096
42571,u0,0,READ,0x1617000,4096
42576,u0,0,WRITE,0x1618000,4096
42576,u3,3,READ,0x30000429000,4096
42581,u0,0,READ,0x1619000,4096
42581,u1,1,WRITE,0x10000422000,4096
42590,u0,0,READ,0x161a000,4096
42595,u2,2,WRITE,0x20000421000,4096
42600,u0,0,WRITE,0x161b000,4096
42607,u0,0,WRITE,0x161c000,4096
42613,u0,0,READ,0x161d000,4096
42622,u0,0,READ,0x161e000,4096
42624,u3,3,WRITE,0x3000042a000,4096
42626,u1,1,WRITE,0x10000423000,4096
42629,u0,0,READ,0x161f000,4096
42636,u2,2,READ,0x20000422000,4096
42639,u0,0,READ,0x1620000,4096
42647,u0,0,READ,0x1621000,4096
42655,u0,0,READ,0x1622000,4096
42665,u0,0,WRITE,0x1623000,4096
42665,u3,3,READ,0x3000042b000,4096
42667,u1,1,WRITE,0x10000424000,4096
42672,u2,2,WRITE,0x20000423000,4096
42673,u0,0,READ,0x1624000,4096
42678,u0,0,READ,0x1625000,4096
42683,u0,0,WRITE,0x1626000,4096
42693,u0,0,READ,0x1627000,4096
42702,u0,0,READ,0x1628000,4096
42707,u1,1,READ,0x10000425000,4096
42708,u3,3,WRITE,0x3000042c000,4096
42710,u0,0,WRITE,0x1629000,4096
42718,u0,0,READ,0x162a000,4096
42722,u2,2,WRITE,0x20000424000,4096
42726,u0,0,READ,0x162b000,4096
42735,u0,0,WRITE,0x162c000,4096
42741,u0,0,READ,0x162d000,4096
42743,u3,3,READ,0x3000042d000,4096
42750,u0,0,READ,0x162e000,4096
42750,u1,1,READ,0x10000426000,4096
42757,u0,0,WRITE,0x162f000,4096
42761,u2,2,WRITE,0x20000425000,4096
42762,u0,0,READ,0x1630000,4096
42767,u0,0,READ,0x1631000,4096
42773,u3,3,READ,0x3000042e000,4096
42775,u0,0,READ,0x1632000,4096
42780,u0,0,READ,0x1633000,4096
42789,u0,0,WRITE,0x1634000,4096
42789,u1,1,READ,0x10000427000,4096
42796,u0,0,READ,0x1635000,4096
42806,u0,0,READ,0x1636000,4096
42810,u2,2,WRITE,0x20000426000,4096
42812,u3,3,READ,0x3000042f000,4096
42814,u0,0,READ,0x1637000,4096
42821,u0,0,WRITE,0x1638000,4096
42825,u1,1,WRITE,0x10000428000,4096
42829,u0,0,WRITE,0x1639000,4096
42834,u0,0,WRITE,0x163a000,4096
42841,u0,0,READ,0x163b000,4096
42851,u0,0,WRITE,0x163c000,4096
42854,u3,3,READ,0x30000430000,4096
42859,u1,1,READ,0x10000429000,4096
42859,u2,2,WRITE,0x20000427000,4096
42861,u0,0,READ,0x163d000,4096
42868,u0,0,WRITE,0x163e000,4096
42875,u0,0,WRITE,0x163f000,4096
42880,u0,0,READ,0x1640000,4096
42890,u0,0,READ,0x1641000,4096
42896,u2,2,READ,0x20000428000,4096
42898,u1,1,WRITE,0x1000042a000,4096
42899,u0,0,READ,0x1642000,4096
42901,u3,3,WRITE,0x30000431000,4096
42908,u0,0,READ,0x1643000,4096
42918,u0,0,READ,0x1644000,4096
42926,u0,0,READ,0x1645000,4096
42931,u0,0,READ,0x1646000,4096
42931,u1,1,WRITE,0x1000042b000,4096
42936,u3,3,WRITE,0x30000432000,4096
42939,u0,0,READ,0x1647000,4096
42939,u2,2,WRITE,0x20000429000,4096
42946,u0,0,WRITE,0x1648000,4096
42954,u0,0,WRITE,0x1649000,4096
42961,u0,0,WRITE,0x164a000,4096
42966,u1,1,WRITE,0x1000042c000,4096
42969,u0,0,WRITE,0x164b000,4096
42970,u3,3,READ,0x30000433000,4096
42973,u2,2,WRITE,0x2000042a000,4096
42977,u0,0,WRITE,0x164c000,4096
42984,u0,0,READ,0x164d000,4096
42992,u0,0,READ,0x164e000,4096
43001,u0,0,READ,0x164f000,4096
43002,u3,3,READ,0x30000434000,4096
43007,u1,1,READ,0x1000042d000,4096
43011,u0,0,WRITE,0x1650000,4096
43016,u2,2,WRITE,0x2000042b000,4096
43018,u0,0,READ,0x1651000,4096
43025,u0,0,WRITE,0x1652000,4096
43035,u0,0,READ,0x1653000,4096
43039,u1,1,READ,0x1000042e000,4096
43040,u3,3,WRITE,0x30000435000,4096
43044,u0,0,WRITE,0x1654000,4096
43046,u2,2,WRITE,0x2000042c000,4096
43051,u0,0,READ,0x1655000,4096
43059,u0,0,WRITE,0x1656000,4096
43066,u0,0,READ,0x1657000,4096
43072,u1,1,WRITE,0x1000042f000,4096
43075,u0,0,WRITE,0x1658000,4096
43079,u2,2,WRITE,0x2000042d000,4096
43085,u0,0,READ,0x1659000,4096
43089,u3,3,READ,0x30000436000,4096
43094,u0,0,WRITE,0x165a000,4096
43101,u0,0,WRITE,0x165b000,4096
43110,u0,0,READ,0x165c000,4096
43114,u1,1,WRITE,0x10000430000,4096
43115,u0,0,WRITE,0x165d000,4096
43118,u2,2,WRITE,0x2000042e000,4096
43123,u0,0,WRITE,0x165e000,4096
43126,u3,3,READ,0x30000437000,4096
43128,u0,0,READ,0x165f000,4096
43133,u0,0,READ,0x1660000,4096
43142,u0,0,READ,0x1661000,4096
43149,u0,0,WRITE,0x1662000,4096
43157,u0,0,READ,0x1663000,4096
43157,u1,1,READ,0x10000431000,4096
43158,u2,2,WRITE,0x2000042f000,4096
43162,u0,0,READ,0x1664000,4096
43171,u0,0,READ,0x1665000,4096
43175,u3,3,WRITE,0x30000438000,4096
43177,u0,0,WRITE,0x1666000,4096
43184,u0,0,WRITE,0x1667000,4096
43190,u2,2,READ,0x20000430000,4096
43193,u1,1,READ,0x10000432000,4096
43194,u0,0,READ,0x1668000,4096
43199,u0,0,READ,0x1669000,4096
43209,u0,0,WRITE,0x166a000,4096
43214,u0,0,WRITE,0x166b000,4096
43216,u3,3,READ,0x30000439000,4096
43222,u0,0,READ,0x166c000,4096
43229,u0,0,READ,0x166d000,4096
43233,u2,2,WRITE,0x20000431000,4096
43237,u0,0,READ,0x166e000,4096
43240,u1,1,READ,0x10000433000,4096
43245,u0,0,READ,0x166f000,4096
43252,u0,0,READ,0x1670000,4096
43259,u3,3,READ,0x3000043a000,4096
43261,u0,0,READ,0x1671000,4096
43270,u0,0,WRITE,0x1672000,4096
43277,u2,2,WRITE,0x20000432000,4096
43278,u0,0,READ,0x1673000,4096
43283,u1,1,READ,0x10000434000,4096
43288,u0,0,WRITE,0x1674000,4096
43297,u0,0,WRITE,0x1675000,4096
43303,u3,3,READ,0x3000043b000,4096
43307,u0,0,READ,0x1676000,4096
43312,u0,0,WRITE,0x1677000,4096
43312,u2,2,READ,0x20000433000,4096
43319,u0,0,READ,0x1678000,4096
43324,u0,0,READ,0x1679000,4096
43330,u1,1,READ,0x10000435000,4096
43333,u0,0,READ,0x167a000,4096
43338,u0,0,WRITE,0x167b000,4096
43342,u3,3,READ,0x3000043c000,4096
43343,u0,0,READ,0x167c000,4096
43352,u0,0,READ,0x167d000,4096
43359,u0,0,READ,0x167e000,4096
43360,u2,2,READ,0x20000434000,4096
43367,u0,0,READ,0x167f000,4096
43367,u1,1,WRITE,0x10000436000,4096
43377,u0,0,WRITE,0x1680000,4096
43383,u0,0,WRITE,0x1681000,4096
43384,u3,3,WRITE,0x3000043d000,4096
43389,u0,0,WRITE,0x1682000,4096
43397,u0,0,WRITE,0x1683000,4096
43404,u2,2,READ,0x20000435000,4096
43406,u1,1,WRITE,0x10000437000,4096
43407,u0,0,READ,0x1684000,4096
43412,u0,0,READ,0x1685000,4096
43420,u0,0,READ,0x1686000,4096
43430,u0,0,READ,0x1687000,4096
43430,u3,3,READ,0x3000043e000,4096
43435,u0,0,WRITE,0x1688000,4096
43438,u1,1,READ,0x10000438000,4096
43441,u0,0,READ,0x1689000,4096
43448,u0,0,READ,0x168a000,4096
43449,u2,2,READ,0x20000436000,4096
43453,u0,0,READ,0x168b000,4096
43459,u0,0,READ,0x168c000,4096
43464,u3,3,WRITE,0x3000043f000,4096
43469,u0,0,WRITE,0x168d000,4096
43474,u0,0,WRITE,0x168e000,4096
43482,u0,0,READ,0x168f000,4096
43485,u1,1,WRITE,0x10000439000,4096
43486,u2,2,WRITE,0x20000437000,4096
43492,u0,0,WRITE,0x1690000,4096
43497,u0,0,READ,0x1691000,4096
43504,u3,3,WRITE,0x30000440000,4096
43507,u0,0,WRITE,0x1692000,4096
43512,u0,0,READ,0x1693000,4096
43515,u1,1,READ,0x1000043a000,4096
43521,u0,0,READ,0x1694000,4096
43526,u0,0,WRITE,0x1695000,4096
43529,u2,2,READ,0x20000438000,4096
43536,u0,0,WRITE,0x1696000,4096
43541,u3,3,READ,0x30000441000,4096
43544,u0,0,READ,0x1697000,4096
43550,u0,0,WRITE,0x1698000,4096
43557,u0,0,WRITE,0x1699000,4096
43557,u1,1,READ,0x1000043b000,4096
43564,u0,0,READ,0x169a000,4096
43569,u2,2,READ,0x20000439000,4096
43574,u0,0,WRITE,0x169b000,4096
43577,u3,3,READ,0x30000442000,4096
43580,u0,0,READ,0x169c000,4096
43589,u0,0,WRITE,0x169d000,4096
43598,u0,0,WRITE,0x169e000,4096
43601,u1,1,WRITE,0x1000043c000,4096
43604,u2,2,WRITE,0x2000043a000,4096
43607,u0,0,READ,0x169f000,4096
43610,u3,3,READ,0x30000443000,4096
43613,u0,0,WRITE,0x16a0000,4096
43621,u0,0,WRITE,0x16a1000,4096
43626,u0,0,WRITE,0x16a2000,4096
43632,u0,0,READ,0x16a3000,4096
43634,u1,1,READ,0x1000043d000,4096
43641,u0,0,WRITE,0x16a4000,4096
43645,u2,2,READ,0x2000043b000,4096
43648,u3,3,READ,0x30000444000,4096
43650,u0,0,READ,0x16a5000,4096
43657,u0,0,READ,0x16a6000,4096
43667,u0,0,WRITE,0x16a7000,4096
43676,u0,0,READ,0x16a8000,4096
43678,u1,1,WRITE,0x1000043e000,4096
43681,u0,0,READ,0x16a9000,4096
43688,u2,2,WRITE,0x2000043c000,4096
43689,u3,3,WRITE,0x30000445000,4096
43690,u0,0,READ,0x16aa000,4096
43700,u0,0,READ,0x16ab000,4096
43709,u0,0,READ,0x16ac000,4096
43719,u0,0,WRITE,0x16ad000,4096
43721,u3,3,WRITE,0x30000446000,4096
43727,u1,1,READ,0x1000043f000,4096
43727,u2,2,READ,0x2000043d000,4096
43728,u0,0,WRITE,0x16ae000,4096
43737,u0,0,READ,0x16af000,4096
43744,u0,0,READ,0x16b0000,4096
43753,u0,0,WRITE,0x16b1000,4096
43759,u0,0,READ,0x16b2000,4096
43767,u0,0,READ,0x16b3000,4096
43770,u3,3,READ,0x30000447000,4096
43771,u2,2,READ,0x2000043e000,4096
43772,u0,0,READ,0x16b4000,4096
43772,u1,1,READ,0x10000440000,4096
43781,u0,0,READ,0x16b5000,4096
43789,u0,0,WRITE,0x16b6000,4096
43795,u0,0,WRITE,0x16b7000,4096
43800,u0,0,WRITE,0x16b8000,4096
43801,u3,3,WRITE,0x30000448000,4096
43803,u1,1,WRITE,0x10000441000,4096
43808,u0,0,READ,0x16b9000,4096
43809,u2,2,READ,0x2000043f000,4096
43818,u0,0,READ,0x16ba000,4096
43828,u0,0,READ,0x16bb000,4096
43834,u0,0,READ,0x16bc000,4096
43834,u3,3,WRITE,0x30000449000,4096
43840,u0,0,WRITE,0x16bd000,4096
43848,u0,0,READ,0x16be000,4096
43848,u2,2,WRITE,0x20000440000,4096
43852,u1,1,WRITE,0x10000442000,4096
43858,u0,0,READ,0x16bf000,4096
43867,u0,0,READ,0x16c0000,4096
43876,u0,0,WRITE,0x16c1000,4096
43881,u0,0,READ,0x16c2000,4096
43883,u2,2,READ,0x20000441000,4096
43884,u3,3,WRITE,0x3000044a000,4096
43891,u0,0,WRITE,0x16c3000,4096
43896,u0,0,READ,0x16c4000,4096
43902,u1,1,READ,0x10000443000,4096
43905,u0,0,WRITE,0x16c5000,4096
43913,u0,0,READ,0x16c6000,4096
43918,u3,3,READ,0x3000044b000,4096
43919,u2,2,WRITE,0x20000442000,4096
43922,u0,0,WRITE,0x16c7000,4096
43931,u0,0,READ,0x16c8000,4096
43933,u1,1,READ,0x10000444000,4096
43939,u0,0,READ,0x16c9000,4096
43944,u0,0,WRITE,0x16ca000,4096
43954,u0,0,READ,0x16cb000,4096
43956,u3,3,WRITE,0x3000044c000,4096
43962,u0,0,WRITE,0x16cc000,4096
43963,u1,1,WRITE,0x10000445000,4096
43964,u2,2,READ,0x20000443000,4096
43969,u0,0,READ,0x16cd000,4096
43975,u0,0,READ,0x16ce000,4096
43982,u0,0,READ,0x16cf000,4096
43987,u0,0,READ,0x16d0000,4096
43987,u3,3,READ,0x3000044d000,4096
43992,u0,0,READ,0x16d1000,4096
44000,u0,0,READ,0x16d2000,4096
44005,u0,0,WRITE,0x16d3000,4096
44009,u2,2,READ,0x20000444000,4096
44012,u1,1,READ,0x10000446000,4096
44015,u0,0,READ,0x16d4000,4096
44018,u3,3,READ,0x3000044e000,4096
44025,u0,0,READ,0x16d5000,4096
44033,u0,0,READ,0x16d6000,4096
44042,u0,0,WRITE,0x16d7000,4096
44048,u0,0,WRITE,0x16d8000,4096
44053,u0,0,READ,0x16d9000,4096
44055,u2,2,WRITE,0x20000445000,4096
44061,u0,0,WRITE,0x16da000,4096
44061,u1,1,READ,0x10000447000,4096
44066,u3,3,READ,0x3000044f000,4096
44070,u0,0,READ,0x16db000,4096
44077,u0,0,READ,0x16dc000,4096
44082,u0,0,WRITE,0x16dd000,4096
44088,u0,0,READ,0x16de000,4096
44092,u2,2,WRITE,0x20000446000,4096
44097,u0,0,READ,0x16df000,4096
44104,u0,0,READ,0x16e0000,4096
44105,u1,1,WRITE,0x10000448000,4096
44111,u3,3,WRITE,0x30000450000,4096
44112,u0,0,WRITE,0x16e1000,4096
44119,u0,0,WRITE,0x16e2000,4096
44128,u0,0,READ,0x16e3000,4096
44133,u0,0,WRITE,0x16e4000,4096
44134,u2,2,WRITE,0x20000447000,4096
44135,u1,1,WRITE,0x10000449000,4096
44143,u0,0,READ,0x16e5000,4096
44150,u0,0,WRITE,0x16e6000,4096
44156,u0,0,READ,0x16e7000,4096
44158,u3,3,WRITE,0x30000451000,4096
44163,u0,0,WRITE,0x16e8000,4096
44168,u1,1,WRITE,0x1000044a000,4096
44169,u0,0,READ,0x16e9000,4096
44176,u0,0,READ,0x16ea000,4096
44176,u2,2,WRITE,0x20000448000,4096
44185,u0,0,READ,0x16eb000,4096
44192,u0,0,WRITE,0x16ec000,4096
44199,u0,0,READ,0x16ed000,4096
44202,u3,3,WRITE,0x30000452000,4096
44209,u0,0,READ,0x16ee000,4096
44209,u1,1,WRITE,0x1000044b000,4096
44217,u0,0,READ,0x16ef000,4096
44224,u2,2,WRITE,0x20000449000,4096
44226,u0,0,READ,0x16f0000,4096
44231,u0,0,READ,0x16f1000,4096
44237,u3,3,READ,0x30000453000,4096
44239,u0,0,READ,0x16f2000,4096
44244,u0,0,WRITE,0x16f3000,4096
44245,u1,1,READ,0x1000044c000,4096
44252,u0,0,READ,0x16f4000,4096
44261,u0,0,READ,0x16f5000,4096
44268,u0,0,READ,0x16f6000,4096
44270,u2,2,READ,0x2000044a000,4096
44271,u3,3,READ,0x30000454000,4096
44276,u0,0,WRITE,0x16f7000,4096
44281,u0,0,WRITE,0x16f8000,4096
44282,u1,1,WRITE,0x1000044d000,4096
44291,u0,0,WRITE,0x16f9000,4096
44298,u0,0,WRITE,0x16fa000,4096
44305,u0,0,WRITE,0x16fb000,4096
44309,u3,3,READ,0x30000455000,4096
44312,u0,0,WRITE,0x16fc000,4096
44318,u2,2,READ,0x2000044b000,4096
44321,u0,0,WRITE,0x16fd000,4096
44321,u1,1,READ,0x1000044e000,4096
44327,u0,0,WRITE,0x16fe000,4096
44332,u0,0,WRITE,0x16ff000,4096
44339,u0,0,READ,0x1700000,4096
44341,u3,3,READ,0x30000456000,4096
44345,u0,0,READ,0x1701000,4096
44351,u2,2,READ,0x2000044c000,4096
44353,u0,0,WRITE,0x1702000,4096
44362,u0,0,WRITE,0x1703000,4096
44362,u1,1,READ,0x1000044f000,4096
44367,u0,0,READ,0x1704000,4096
44373,u0,0,WRITE,0x1705000,4096
44379,u0,0,READ,0x1706000,4096
44385,u0,0,READ,0x1707000,4096
44389,u3,3,READ,0x30000457000,4096
44395,u0,0,READ,0x1708000,4096
44396,u2,2,WRITE,0x2000044d000,4096
44402,u0,0,READ,0x1709000,4096
44407,u1,1,WRITE,0x10000450000,4096
44408,u0,0,WRITE,0x170a000,4096
44418,u0,0,WRITE,0x170b000,4096
44426,u2,2,READ,0x2000044e000,4096
44428,u0,0,WRITE,0x170c000,4096
44435,u3,3,WRITE,0x30000458000,4096
44438,u0,0,WRITE,0x170d000,4096
44445,u0,0,READ,0x170e000,4096
44450,u0,0,WRITE,0x170f000,4096
44454,u1,1,READ,0x10000451000,4096
44457,u0,0,READ,0x1710000,4096
44462,u0,0,READ,0x1711000,4096
44469,u0,0,WRITE,0x1712000,4096
44472,u3,3,WRITE,0x30000459000,4096
44473,u2,2,WRITE,0x2000044f000,4096
44476,u0,0,WRITE,0x1713000,4096
44483,u0,0,WRITE,0x1714000,4096
44488,u0,0,READ,0x1715000,4096
44498,u0,0,WRITE,0x1716000,4096
44503,u1,1,WRITE,0x10000452000,4096
44504,u0,0,WRITE,0x1717000,4096
44513,u0,0,WRITE,0x1718000,4096
44513,u3,3,WRITE,0x3000045a000,4096
44522,u0,0,READ,0x1719000,4096
44522,u2,2,READ,0x20000450000,4096
44532,u0,0,READ,0x171a000,4096
44538,u0,0,READ,0x171b000,4096
44548,u0,0,WRITE,0x171c000,4096
44553,u1,1,WRITE,0x10000453000,4096
44553,u3,3,READ,0x3000045b000,4096
44554,u0,0,WRITE,0x171d000,4096
44556,u2,2,READ,0x20000451000,4096
44564,u0,0,READ,0x171e000,4096
44569,u0,0,WRITE,0x171f000,4096
44578,u0,0,READ,0x1720000,4096
44583,u0,0,READ,0x1721000,4096
44590,u0,0,READ,0x1722000,4096
44590,u3,3,WRITE,0x3000045c000,4096
44592,u2,2,WRITE,0x20000452000,4096
44598,u1,1,READ,0x10000454000,4096
44599,u0,0,WRITE,0x1723000,4096
44606,u0,0,WRITE,0x1724000,4096
44614,u0,0,READ,0x1725000,4096
44623,u0,0,WRITE,0x1726000,4096
44625,u3,3,READ,0x3000045d000,4096
44630,u2,2,WRITE,0x20000453000,4096
44632,u0,0,READ,0x1727000,4096
44634,u1,1,WRITE,0x10000455000,4096
44638,u0,0,READ,0x1728000,4096
44645,u0,0,WRITE,0x1729000,4096
44651,u0,0,READ,0x172a000,4096
44658,u0,0,WRITE,0x172b000,4096
44668,u0,0,READ,0x172c000,4096
44668,u1,1,READ,0x10000456000,4096
44670,u2,2,WRITE,0x20000454000,4096
44671,u3,3,WRITE,0x3000045e000,4096
44676,u0,0,WRITE,0x172d000,4096
44682,u0,0,READ,0x172e000,4096
44691,u0,0,WRITE,0x172f000,4096
44698,u0,0,READ,0x1730000,4096
44707,u0,0,WRITE,0x1731000,4096
44714,u0,0,READ,0x1732000,4096
44714,u1,1,WRITE,0x10000457000,4096
44716,u3,3,WRITE,0x3000045f000,4096
44719,u0,0,READ,0x1733000,4096
44719,u2,2,READ,0x20000455000,4096
44726,u0,0,READ,0x1734000,4096
44732,u0,0,WRITE,0x1735000,4096
44738,u0,0,WRITE,0x1736000,4096
44744,u0,0,READ,0x1737000,4096
44749,u0,0,READ,0x1738000,4096
44750,u3,3,READ,0x30000460000,4096
44751,u1,1,WRITE,0x10000458000,4096
44753,u2,2,WRITE,0x20000456000,4096
44759,u0,0,READ,0x1739000,4096
44767,u0,0,WRITE,0x173a000,4096
44777,u0,0,READ,0x173b000,4096
44781,u3,3,READ,0x30000461000,4096
44782,u0,0,WRITE,0x173c000,4096
44791,u0,0,WRITE,0x173d000,4096
44793,u1,1,WRITE,0x10000459000,4096
44795,u2,2,WRITE,0x20000457000,4096
44799,u0,0,READ,0x173e000,4096
44805,u0,0,READ,0x173f000,4096
44814,u0,0,READ,0x1740000,4096
44822,u0,0,WRITE,0x1741000,4096
44822,u3,3,WRITE,0x30000462000,4096
44828,u0,0,READ,0x1742000,4096
44832,u1,1,WRITE,0x1000045a000,4096
44837,u0,0,WRITE,0x1743000,4096
44837,u2,2,READ,0x20000458000,4096
44843,u0,0,READ,0x1744000,4096
44852,u0,0,WRITE,0x1745000,4096
44862,u0,0,WRITE,0x1746000,4096
44869,u1,1,READ,0x1000045b000,4096
44869,u3,3,READ,0x30000463000,4096
44872,u0,0,WRITE,0x1747000,4096
44878,u0,0,READ,0x1748000,4096
44882,u2,2,WRITE,0x20000459000,4096
44884,u0,0,WRITE,0x1749000,4096
44894,u0,0,WRITE,0x174a000,4096
44902,u0,0,READ,0x174b000,4096
44903,u1,1,READ,0x1000045c000,4096
44911,u0,0,WRITE,0x174c000,4096
44914,u3,3,WRITE,0x30000464000,4096
44918,u0,0,WRITE,0x174d000,4096
44925,u0,0,WRITE,0x174e000,4096
44932,u0,0,WRITE,0x174f000,4096
44932,u2,2,READ,0x2000045a000,4096
44938,u0,0,WRITE,0x1750000,4096
44941,u1,1,READ,0x1000045d000,4096
44944,u0,0,READ,0x1751000,4096
44951,u0,0,READ,0x1752000,4096
44956,u0,0,READ,0x1753000,4096
44960,u3,3,WRITE,0x30000465000,4096
44966,u0,0,READ,0x1754000,4096
44971,u0,0,WRITE,0x1755000,4096
44972,u1,1,WRITE,0x1000045e000,4096
44976,u0,0,READ,0x1756000,4096
44976,u2,2,READ,0x2000045b000,4096
44984,u0,0,WRITE,0x1757000,4096
44990,u0,0,READ,0x1758000,4096
44998,u3,3,WRITE,0x30000466000,4096
44999,u0,0,WRITE,0x1759000,4096
45008,u0,0,WRITE,0x175a000,4096
45014,u2,2,READ,0x2000045c000,4096
45015,u1,1,WRITE,0x1000045f000,4096
45017,u0,0,READ,0x175b000,4096
45024,u0,0,WRITE,0x175c000,4096
45029,u0,0,WRITE,0x175d000,4096
45037,u0,0,WRITE,0x175e000,4096
45039,u3,3,WRITE,0x30000467000,4096
45046,u0,0,WRITE,0x175f000,4096
45050,u2,2,WRITE,0x2000045d000,4096
45056,u0,0,WRITE,0x1760000,4096
45060,u1,1,READ,0x10000460000,4096
45064,u0,0,WRITE,0x1761000,4096
45069,u0,0,WRITE,0x1762000,4096
45075,u0,0,READ,0x1763000,4096
45080,u0,0,READ,0x1764000,4096
45085,u0,0,READ,0x1765000,4096
45085,u2,2,READ,0x2000045e000,4096
45085,u3,3,READ,0x30000468000,4096
45091,u1,1,READ,0x10000461000,4096
45093,u0,0,READ,0x1766000,4096
45101,u0,0,WRITE,0x1767000,4096
45110,u0,0,WRITE,0x1768000,4096
45117,u0,0,WRITE,0x1769000,4096
45121,u3,3,READ,0x30000469000,4096
45123,u2,2,READ,0x2000045f000,4096
45127,u0,0,READ,0x176a000,4096
45137,u0,0,READ,0x176b000,4096
45141,u1,1,WRITE,0x10000462000,4096
45146,u0,0,READ,0x176c000,4096
45152,u0,0,READ,0x176d000,4096
45153,u3,3,WRITE,0x3000046a000,4096
45162,u0,0,WRITE,0x176e000,4096
45167,u0,0,WRITE,0x176f000,4096
45172,u2,2,WRITE,0x20000460000,4096
45187,u1,1,WRITE,0x10000463000,4096
45188,u3,3,READ,0x3000046b000,4096
45218,u2,2,READ,0x20000461000,4096
45222,u1,1,WRITE,0x10000464000,4096
45236,u3,3,WRITE,0x3000046c000,4096
45266,u2,2,WRITE,0x20000462000,4096
45271,u1,1,READ,0x10000465000,4096
45280,u3,3,READ,0x3000046d000,4096
45308,u1,1,WRITE,0x10000466000,4096
45314,u3,3,WRITE,0x3000046e000,4096
45315,u2,2,WRITE,0x20000463000,4096
45343,u1,1,READ,0x10000467000,4096
45348,u2,2,READ,0x20000464000,4096
45361,u3,3,WRITE,0x3000046f000,4096
45379,u1,1,WRITE,0x10000468000,4096
45397,u2,2,WRITE,0x20000465000,4096
45398,u3,3,READ,0x30000470000,4096
45425,u1,1,WRITE,0x10000469000,4096
45446,u2,2,READ,0x20000466000,4096
45447,u3,3,READ,0x30000471000,4096
45470,u1,1,WRITE,0x1000046a000,4096
45479,u2,2,READ,0x20000467000,4096
45481,u3,3,READ,0x30000472000,4096
45504,u1,1,READ,0x1000046b000,4096
45516,u3,3,WRITE,0x30000473000,4096
45529,u2,2,WRITE,0x20000468000,4096
45546,u1,1,READ,0x1000046c000,4096
45564,u3,3,WRITE,0x30000474000,4096
45578,u2,2,WRITE,0x20000469000,4096
45595,u1,1,READ,0x1000046d000,4096
45599,u3,3,WRITE,0x30000475000,4096
45619,u2,2,READ,0x2000046a000,4096
45636,u1,1,WRITE,0x1000046e000,4096
45638,u3,3,WRITE,0x30000476000,4096
45664,u2,2,READ,0x2000046b000,4096
45683,u3,3,READ,0x30000477000,4096
45684,u1,1,READ,0x1000046f000,4096
45701,u2,2,READ,0x2000046c000,4096
45715,u3,3,READ,0x30000478000,4096
45716,u1,1,WRITE,0x10000470000,4096
45746,u2,2,WRITE,0x2000046d000,4096
45754,u1,1,WRITE,0x10000471000,4096
45758,u3,3,READ,0x30000479000,4096
45776,u2,2,WRITE,0x2000046e000,4096
45792,u1,1,READ,0x10000472000,4096
45793,u3,3,WRITE,0x3000047a000,4096
45815,u2,2,READ,0x2000046f000,4096
45832,u1,1,READ,0x10000473000,4096
45841,u3,3,WRITE,0x3000047b000,4096
45850,u2,2,READ,0x20000470000,4096
45865,u1,1,WRITE,0x10000474000,4096
45880,u3,3,WRITE,0x3000047c000,4096
45886,u2,2,WRITE,0x20000471000,4096
45902,u1,1,READ,0x10000475000,4096
45914,u3,3,READ,0x3000047d000,4096
45921,u2,2,WRITE,0x20000472000,4096
45944,u3,3,READ,0x3000047e000,4096
45949,u1,1,READ,0x10000476000,4096
45960,u2,2,WRITE,0x20000473000,4096
45983,u3,3,WRITE,0x3000047f000,4096
45988,u1,1,READ,0x10000477000,4096
46007,u2,2,WRITE,0x20000474000,4096
46017,u3,3,READ,0x30000480000,4096
46024,u1,1,WRITE,0x10000478000,4096
46053,u3,3,WRITE,0x30000481000,4096
46057,u2,2,WRITE,0x20000475000,4096
46070,u1,1,WRITE,0x10000479000,4096
46093,u3,3,READ,0x30000482000,4096
46105,u2,2,WRITE,0x20000476000,4096
46120,u1,1,READ,0x1000047a000,4096
46129,u3,3,WRITE,0x30000483000,4096
46143,u2,2,WRITE,0x20000477000,4096
46162,u3,3,WRITE,0x30000484000,4096
46163,u1,1,READ,0x1000047b000,4096
46181,u2,2,READ,0x20000478000,4096
46194,u3,3,READ,0x30000485000,4096
46206,u1,1,READ,0x1000047c000,4096
46228,u2,2,WRITE,0x20000479000,4096
46239,u3,3,READ,0x30000486000,4096
46256,u1,1,READ,0x1000047d000,4096
46267,u2,2,READ,0x2000047a000,4096
46280,u3,3,READ,0x30000487000,4096
46300,u1,1,READ,0x1000047e000,4096
46308,u2,2,WRITE,0x2000047b000,4096
46324,u3,3,WRITE,0x30000488000,4096
46331,u1,1,READ,0x1000047f000,4096
46353,u2,2,READ,0x2000047c000,4096
46363,u3,3,WRITE,0x30000489000,4096
46370,u1,1,READ,0x10000480000,4096
46393,u2,2,WRITE,0x2000047d000,4096
46400,u1,1,READ,0x10000481000,4096
46401,u3,3,WRITE,0x3000048a000,4096
46442,u2,2,WRITE,0x2000047e000,4096
46442,u3,3,READ,0x3000048b000,4096
46445,u1,1,WRITE,0x10000482000,4096
46481,u1,1,READ,0x10000483000,4096
46484,u3,3,READ,0x3000048c000,4096
46489,u2,2,WRITE,0x2000047f000,4096
46521,u1,1,READ,0x10000484000,4096
46522,u2,2,WRITE,0x20000480000,4096
46528,u3,3,READ,0x3000048d000,4096
46557,u2,2,READ,0x20000481000,4096
46563,u1,1,WRITE,0x10000485000,4096
46577,u3,3,WRITE,0x3000048e000,4096
46597,u2,2,READ,0x20000482000,4096
46601,u1,1,READ,0x10000486000,4096
46617,u3,3,READ,0x3000048f000,4096
46641,u2,2,WRITE,0x20000483000,4096
46651,u1,1,WRITE,0x10000487000,4096
46651,u3,3,WRITE,0x30000490000,4096
46684,u2,2,READ,0x20000484000,4096
46693,u1,1,WRITE,0x10000488000,4096
46695,u3,3,READ,0x30000491000,4096
46725,u1,1,READ,0x10000489000,4096
46732,u2,2,WRITE,0x20000485000,4096
46744,u3,3,READ,0x30000492000,4096
46773,u1,1,READ,0x1000048a000,4096
46774,u3,3,READ,0x30000493000,4096
46775,u2,2,WRITE,0x20000486000,4096
46805,u1,1,READ,0x1000048b000,4096
46805,u3,3,READ,0x30000494000,4096
46815,u2,2,WRITE,0x20000487000,4096
46840,u1,1,READ,0x1000048c000,4096
46840,u3,3,WRITE,0x30000495000,4096
46863,u2,2,READ,0x20000488000,4096
46873,u1,1,WRITE,0x1000048d000,4096
46874,u3,3,READ,0x30000496000,4096
46896,u2,2,WRITE,0x20000489000,4096
46912,u1,1,READ,0x1000048e000,4096
46914,u3,3,WRITE,0x30000497000,4096
46943,u2,2,READ,0x2000048a000,4096
46951,u1,1,READ,0x1000048f000,4096
46963,u3,3,READ,0x30000498000,4096
46973,u2,2,WRITE,0x2000048b000,4096
47001,u1,1,READ,0x10000490000,4096
47002,u3,3,WRITE,0x30000499000,4096
47014,u2,2,READ,0x2000048c000,4096
47032,u3,3,READ,0x3000049a000,4096
47045,u1,1,WRITE,0x10000491000,4096
47058,u2,2,READ,0x2000048d000,4096
47075,u3,3,READ,0x3000049b000,4096
47077,u1,1,WRITE,0x10000492000,4096
47099,u2,2,WRITE,0x2000048e000,4096
47117,u3,3,READ,0x3000049c000,4096
47120,u1,1,WRITE,0x10000493000,4096
47145,u2,2,READ,0x2000048f000,4096
47160,u1,1,WRITE,0x10000494000,4096
47165,u3,3,WRITE,0x3000049d000,4096
47179,u2,2,WRITE,0x20000490000,4096
47191,u1,1,WRITE,0x10000495000,4096
47210,u3,3,WRITE,0x3000049e000,4096
47216,u2,2,WRITE,0x20000491000,4096
47231,u1,1,WRITE,0x10000496000,4096
47246,u2,2,WRITE,0x20000492000,4096
47254,u3,3,READ,0x3000049f000,4096
47269,u1,1,WRITE,0x10000497000,4096
47282,u2,2,READ,0x20000493000,4096
47300,u3,3,READ,0x300004a0000,4096
47313,u1,1,READ,0x10000498000,4096
47326,u2,2,READ,0x20000494000,4096
47332,u3,3,READ,0x300004a1000,4096
47356,u1,1,WRITE,0x10000499000,4096
47363,u2,2,WRITE,0x20000495000,4096
47364,u3,3,WRITE,0x300004a2000,4096
47392,u1,1,READ,0x1000049a000,4096
47403,u3,3,WRITE,0x300004a3000,4096
47412,u2,2,WRITE,0x20000496000,4096
47434,u1,1,WRITE,0x1000049b000,4096
47443,u2,2,READ,0x20000497000,4096
47448,u3,3,WRITE,0x300004a4000,4096
47483,u1,1,READ,0x1000049c000,4096
47490,u3,3,READ,0x300004a5000,4096
47493,u2,2,WRITE,0x20000498000,4096
47520,u1,1,WRITE,0x1000049d000,4096
47529,u3,3,WRITE,0x300004a6000,4096
47536,u2,2,WRITE,0x20000499000,4096
47555,u1,1,WRITE,0x1000049e000,4096
47575,u3,3,WRITE,0x300004a7000,4096
47581,u2,2,READ,0x2000049a000,4096
47597,u1,1,WRITE,0x1000049f000,4096
47614,u3,3,READ,0x300004a8000,4096
47626,u2,2,WRITE,0x2000049b000,4096
47640,u1,1,READ,0x100004a0000,4096
47652,u3,3,READ,0x300004a9000,4096
47668,u2,2,WRITE,0x2000049c000,4096
47672,u1,1,WRITE,0x100004a1000,4096
47687,u3,3,WRITE,0x300004aa000,4096
47699,u2,2,READ,0x2000049d000,4096
47713,u1,1,READ,0x100004a2000,4096
47720,u3,3,WRITE,0x300004ab000,4096
47731,u2,2,READ,0x2000049e000,4096
47743,u1,1,READ,0x100004a3000,4096
47752,u3,3,READ,0x300004ac000,4096
47772,u2,2,WRITE,0x2000049f000,4096
47782,u1,1,WRITE,0x100004a4000,4096
47786,u3,3,WRITE,0x300004ad000,4096
47811,u2,2,READ,0x200004a0000,4096
47815,u1,1,READ,0x100004a5000,4096
47823,u3,3,WRITE,0x300004ae000,4096
47861,u2,2,READ,0x200004a1000,4096
47865,u1,1,WRITE,0x100004a6000,4096
47870,u3,3,READ,0x300004af000,4096
47905,u1,1,READ,0x100004a7000,4096
47905,u2,2,WRITE,0x200004a2000,4096
47920,u3,3,WRITE,0x300004b0000,4096
47947,u1,1,READ,0x100004a8000,4096
47949,u2,2,READ,0x200004a3000,4096
47955,u3,3,WRITE,0x300004b1000,4096
47986,u1,1,WRITE,0x100004a9000,4096
47987,u2,2,WRITE,0x200004a4000,4096
47998,u3,3,READ,0x300004b2000,4096
48033,u2,2,WRITE,0x200004a5000,4096
48035,u1,1,WRITE,0x100004aa000,4096
48048,u3,3,READ,0x300004b3000,4096
48067,u2,2,WRITE,0x200004a6000,4096
48083,u1,1,READ,0x100004ab000,4096
48095,u3,3,READ,0x300004b4000,4096
48103,u2,2,WRITE,0x200004a7000,4096
48122,u1,1,WRITE,0x100004ac000,4096
48133,u2,2,READ,0x200004a8000,4096
48142,u3,3,READ,0x300004b5000,4096
48158,u1,1,WRITE,0x100004ad000,4096
48167,u2,2,READ,0x200004a9000,4096
48184,u3,3,WRITE,0x300004b6000,4096
48202,u2,2,WRITE,0x200004aa000,4096
48206,u1,1,WRITE,0x100004ae000,4096
48234,u3,3,READ,0x300004b7000,4096
48240,u2,2,WRITE,0x200004ab000,4096
48247,u1,1,READ,0x100004af000,4096
48277,u2,2,WRITE,0x200004ac000,4096
48281,u3,3,READ,0x300004b8000,4096
48291,u1,1,WRITE,0x100004b0000,4096
48309,u2,2,WRITE,0x200004ad000,4096
48320,u3,3,WRITE,0x300004b9000,4096
48333,u1,1,READ,0x100004b1000,4096
48349,u2,2,WRITE,0x200004ae000,4096
48362,u3,3,READ,0x300004ba000,4096
48364,u1,1,WRITE,0x100004b2000,4096
48388,u2,2,READ,0x200004af000,4096
48402,u3,3,READ,0x300004bb000,4096
48410,u1,1,WRITE,0x100004b3000,4096
48436,u2,2,READ,0x200004b0000,4096
48442,u1,1,READ,0x100004b4000,4096
48447,u3,3,READ,0x300004bc000,4096
48483,u1,1,READ,0x100004b5000,4096
48485,u2,2,WRITE,0x200004b1000,4096
48494,u3,3,READ,0x300004bd000,4096
48524,u1,1,READ,0x100004b6000,4096
48524,u2,2,WRITE,0x200004b2000,4096
48542,u3,3,READ,0x300004be000,4096
48554,u1,1,WRITE,0x100004b7000,4096
48567,u2,2,READ,0x200004b3000,4096
48578,u3,3,READ,0x300004bf000,4096
48585,u1,1,WRITE,0x100004b8000,4096
48607,u2,2,WRITE,0x200004b4000,4096
48626,u3,3,READ,0x300004c0000,4096
48627,u1,1,WRITE,0x100004b9000,4096
48638,u2,2,READ,0x200004b5000,4096
48664,u3,3,WRITE,0x300004c1000,4096
48673,u1,1,WRITE,0x100004ba000,4096
48676,u2,2,WRITE,0x200004b6000,4096
48702,u3,3,READ,0x300004c2000,4096
48712,u2,2,READ,0x200004b7000,4096
48719,u1,1,WRITE,0x100004bb000,4096
48743,u2,2,WRITE,0x200004b8000,4096
48744,u3,3,READ,0x300004c3000,4096
48764,u1,1,READ,0x100004bc000,4096
48786,u2,2,READ,0x200004b9000,4096
48786,u3,3,READ,0x300004c4000,4096
48801,u1,1,WRITE,0x100004bd000,4096
48821,u2,2,READ,0x200004ba000,4096
48821,u3,3,WRITE,0x300004c5000,4096
48832,u1,1,WRITE,0x100004be000,4096
48861,u3,3,WRITE,0x300004c6000,4096
48862,u1,1,WRITE,0x100004bf000,4096
48864,u2,2,READ,0x200004bb000,4096
48899,u1,1,WRITE,0x100004c0000,4096
48899,u3,3,READ,0x300004c7000,4096
48907,u2,2,WRITE,0x200004bc000,4096
48933,u3,3,READ,0x300004c8000,4096
48936,u1,1,WRITE,0x100004c1000,4096
48938,u2,2,WRITE,0x200004bd000,4096
48963,u3,3,WRITE,0x300004c9000,4096
48975,u1,1,READ,0x100004c2000,4096
48979,u2,2,WRITE,0x200004be000,4096
49008,u3,3,WRITE,0x300004ca000,4096
49010,u2,2,READ,0x200004bf000,4096
49021,u1,1,WRITE,0x100004c3000,4096
49050,u3,3,WRITE,0x300004cb000,4096
49056,u2,2,WRITE,0x200004c0000,4096
49071,u1,1,WRITE,0x100004c4000,4096
49098,u3,3,READ,0x300004cc000,4096
49100,u2,2,WRITE,0x200004c1000,4096
49117,u1,1,WRITE,0x100004c5000,4096
49140,u3,3,WRITE,0x300004cd000,4096
49144,u2,2,READ,0x200004c2000,4096
49162,u1,1,READ,0x100004c6000,4096
49184,u2,2,WRITE,0x200004c3000,4096
49187,u3,3,READ,0x300004ce000,4096
49194,u1,1,READ,0x100004c7000,4096
49215,u2,2,READ,0x200004c4000,4096
49222,u3,3,READ,0x300004cf000,4096
49233,u1,1,READ,0x100004c8000,4096
49249,u2,2,READ,0x200004c5000,4096
49269,u3,3,WRITE,0x300004d0000,4096
49270,u1,1,READ,0x100004c9000,4096
49283,u2,2,READ,0x200004c6000,4096
49302,u1,1,WRITE,0x100004ca000,4096
49317,u2,2,READ,0x200004c7000,4096
49318,u3,3,READ,0x300004d1000,4096
49349,u1,1,WRITE,0x100004cb000,4096
49353,u2,2,WRITE,0x200004c8000,4096
49365,u3,3,READ,0x300004d2000,4096
49385,u1,1,READ,0x100004cc000,4096
49387,u2,2,READ,0x200004c9000,4096
49405,u3,3,WRITE,0x300004d3000,4096
49427,u1,1,READ,0x100004cd000,4096
49430,u2,2,READ,0x200004ca000,4096
49447,u3,3,READ,0x300004d4000,4096
49465,u1,1,READ,0x100004ce000,4096
49480,u2,2,READ,0x200004cb000,4096
49486,u3,3,READ,0x300004d5000,4096
49512,u1,1,READ,0x100004cf000,4096
49525,u2,2,READ,0x200004cc000,4096
49534,u3,3,WRITE,0x300004d6000,4096
49556,u1,1,READ,0x100004d0000,4096
49562,u2,2,WRITE,0x200004cd000,4096
49575,u3,3,WRITE,0x300004d7000,4096
49603,u1,1,READ,0x100004d1000,4096
49612,u2,2,WRITE,0x200004ce000,4096
49623,u3,3,WRITE,0x300004d8000,4096
49650,u2,2,READ,0x200004cf000,4096
49653,u1,1,READ,0x100004d2000,4096
49654,u3,3,WRITE,0x300004d9000,4096
49680,u2,2,READ,0x200004d0000,4096
49696,u3,3,READ,0x300004da000,4096
49700,u1,1,WRITE,0x100004d3000,4096
49717,u2,2,READ,0x200004d1000,4096
49733,u1,1,WRITE,0x100004d4000,4096
49735,u3,3,WRITE,0x300004db000,4096
49765,u2,2,WRITE,0x200004d2000,4096
49771,u3,3,READ,0x300004dc000,4096
49772,u1,1,WRITE,0x100004d5000,4096
49798,u2,2,READ,0x200004d3000,4096
49805,u3,3,READ,0x300004dd000,4096
49817,u1,1,WRITE,0x100004d6000,4096
49841,u2,2,WRITE,0x200004d4000,4096
49853,u3,3,WRITE,0x300004de000,4096
49859,u1,1,WRITE,0x100004d7000,4096
49883,u2,2,WRITE,0x200004d5000,4096
49892,u1,1,WRITE,0x100004d8000,4096
49898,u3,3,WRITE,0x300004df000,4096
49925,u1,1,WRITE,0x100004d9000,4096
49927,u2,2,WRITE,0x200004d6000,4096
49948,u3,3,WRITE,0x300004e0000,4096
49965,u2,2,WRITE,0x200004d7000,4096
49966,u1,1,READ,0x100004da000,4096
49989,u3,3,WRITE,0x300004e1000,4096
50008,u1,1,WRITE,0x100004db000,4096
50013,u2,2,READ,0x200004d8000,4096
50035,u3,3,READ,0x300004e2000,4096
50043,u2,2,WRITE,0x200004d9000,4096
50045,u1,1,WRITE,0x100004dc000,4096
50076,u1,1,READ,0x100004dd000,4096
50077,u2,2,READ,0x200004da000,4096
50081,u3,3,WRITE,0x300004e3000,4096
50107,u2,2,READ,0x200004db000,4096
50113,u1,1,WRITE,0x100004de000,4096
50130,u3,3,READ,0x300004e4000,4096
50144,u2,2,READ,0x200004dc000,4096
50150,u1,1,WRITE,0x100004df000,4096
50162,u3,3,READ,0x300004e5000,4096
50183,u2,2,WRITE,0x200004dd000,4096
50193,u1,1,WRITE,0x100004e0000,4096
50193,u3,3,WRITE,0x300004e6000,4096
50217,u2,2,WRITE,0x200004de000,4096
50224,u3,3,READ,0x300004e7000,4096
50236,u1,1,READ,0x100004e1000,4096
50254,u2,2,READ,0x200004df000,4096
50263,u3,3,WRITE,0x300004e8000,4096
50277,u1,1,WRITE,0x100004e2000,4096
50302,u2,2,READ,0x200004e0000,4096
50302,u3,3,READ,0x300004e9000,4096
50312,u1,1,WRITE,0x100004e3000,4096
50343,u2,2,READ,0x200004e1000,4096
50347,u3,3,READ,0x300004ea000,4096
50356,u1,1,WRITE,0x100004e4000,4096
50379,u2,2,READ,0x200004e2000,4096
50397,u3,3,READ,0x300004eb000,4096
50406,u1,1,WRITE,0x100004e5000,4096
50426,u2,2,READ,0x200004e3000,4096
50443,u1,1,WRITE,0x100004e6000,4096
50447,u3,3,WRITE,0x300004ec000,4096
50471,u2,2,READ,0x200004e4000,4096
50485,u3,3,READ,0x300004ed000,4096
50493,u1,1,WRITE,0x100004e7000,4096
50519,u2,2,READ,0x200004e5000,4096
50524,u3,3,READ,0x300004ee000,4096
50535,u1,1,READ,0x100004e8000,4096
50559,u2,2,READ,0x200004e6000,4096
50565,u1,1,READ,0x100004e9000,4096
50568,u3,3,WRITE,0x300004ef000,4096
50590,u2,2,WRITE,0x200004e7000,4096
50599,u3,3,READ,0x300004f0000,4096
50608,u1,1,READ,0x100004ea000,4096
50632,u3,3,READ,0x300004f1000,4096
50637,u2,2,WRITE,0x200004e8000,4096
50643,u1,1,READ,0x100004eb000,4096
50669,u3,3,READ,0x300004f2000,4096
50673,u1,1,WRITE,0x100004ec000,4096
50680,u2,2,READ,0x200004e9000,4096
50704,u3,3,READ,0x300004f3000,4096
50713,u2,2,WRITE,0x200004ea000,4096
50723,u1,1,WRITE,0x100004ed000,4096
50747,u2,2,READ,0x200004eb000,4096
50751,u3,3,READ,0x300004f4000,4096
50773,u1,1,READ,0x100004ee000,4096
50789,u3,3,READ,0x300004f5000,4096
50797,u2,2,WRITE,0x200004ec000,4096
50813,u1,1,READ,0x100004ef000,4096
50826,u3,3,WRITE,0x300004f6000,4096
50847,u2,2,WRITE,0x200004ed000,4096
50863,u1,1,READ,0x100004f0000,4096
50870,u3,3,WRITE,0x300004f7000,4096
50895,u2,2,READ,0x200004ee000,4096
50904,u1,1,READ,0x100004f1000,4096
50920,u3,3,WRITE,0x300004f8000,4096
50938,u2,2,WRITE,0x200004ef000,4096
50954,u1,1,WRITE,0x100004f2000,4096
50962,u3,3,READ,0x300004f9000,4096
50972,u2,2,READ,0x200004f0000,4096
50984,u1,1,READ,0x100004f3000,4096
51002,u2,2,WRITE,0x200004f1000,4096
51009,u3,3,READ,0x300004fa000,4096
51032,u1,1,WRITE,0x100004f4000,4096
51043,u3,3,WRITE,0x300004fb000,4096
51050,u2,2,WRITE,0x200004f2000,4096
51063,u1,1,READ,0x100004f5000,4096
51081,u2,2,WRITE,0x200004f3000,4096
51084,u3,3,READ,0x300004fc000,4096
51101,u1,1,READ,0x100004f6000,4096
51126,u3,3,READ,0x300004fd000,4096
51128,u2,2,WRITE,0x200004f4000,4096
51132,u1,1,READ,0x100004f7000,4096
51162,u3,3,WRITE,0x300004fe000,4096
51167,u1,1,WRITE,0x100004f8000,4096
51177,u2,2,WRITE,0x200004f5000,4096
51197,u3,3,WRITE,0x300004ff000,4096
51215,u1,1,READ,0x100004f9000,4096
51222,u2,2,READ,0x200004f6000,4096
51236,u3,3,READ,0x30000500000,4096
51245,u1,1,READ,0x100004fa000,4096
51266,u2,2,WRITE,0x200004f7000,4096
51279,u1,1,WRITE,0x100004fb000,4096
51281,u3,3,READ,0x30000501000,4096
51296,u2,2,WRITE,0x200004f8000,4096
51319,u1,1,READ,0x100004fc000,4096
51324,u3,3,READ,0x30000502000,4096
51329,u2,2,READ,0x200004f9000,4096
51356,u1,1,WRITE,0x100004fd000,4096
51362,u2,2,READ,0x200004fa000,4096
51365,u3,3,READ,0x30000503000,4096
51394,u2,2,WRITE,0x200004fb000,4096
51397,u1,1,READ,0x100004fe000,4096
51404,u3,3,READ,0x30000504000,4096
51431,u2,2,READ,0x200004fc000,4096
51442,u1,1,READ,0x100004ff000,4096
51446,u3,3,WRITE,0x30000505000,4096
51473,u1,1,WRITE,0x10000500000,4096
51474,u2,2,WRITE,0x200004fd000,4096
51487,u3,3,READ,0x30000506000,4096
51517,u1,1,WRITE,0x10000501000,4096
51521,u3,3,READ,0x30000507000,4096
51522,u2,2,WRITE,0x200004fe000,4096
51553,u1,1,WRITE,0x10000502000,4096
51558,u3,3,WRITE,0x30000508000,4096
51572,u2,2,READ,0x200004ff000,4096
51596,u1,1,READ,0x10000503000,4096
51601,u3,3,WRITE,0x30000509000,4096
51614,u2,2,WRITE,0x20000500000,4096
51640,u1,1,WRITE,0x10000504000,4096
51640,u3,3,READ,0x3000050a000,4096
51663,u2,2,WRITE,0x20000501000,4096
51687,u3,3,READ,0x3000050b000,4096
51689,u1,1,READ,0x10000505000,4096
51707,u2,2,READ,0x20000502000,4096
51726,u1,1,WRITE,0x10000506000,4096
51731,u3,3,READ,0x3000050c000,4096
51743,u2,2,WRITE,0x20000503000,4096
51766,u1,1,WRITE,0x10000507000,4096
51776,u3,3,READ,0x3000050d000,4096
51786,u2,2,WRITE,0x20000504000,4096
51796,u1,1,WRITE,0x10000508000,4096
51816,u3,3,WRITE,0x3000050e000,4096
51823,u2,2,READ,0x20000505000,4096
51826,u1,1,READ,0x10000509000,4096
51857,u2,2,WRITE,0x20000506000,4096
51863,u3,3,WRITE,0x3000050f000,4096
51868,u1,1,WRITE,0x1000050a000,4096
51904,u2,2,READ,0x20000507000,4096
51904,u3,3,READ,0x30000510000,4096
51912,u1,1,WRITE,0x1000050b000,4096
51945,u3,3,WRITE,0x30000511000,4096
51946,u1,1,WRITE,0x1000050c000,4096
51951,u2,2,READ,0x20000508000,4096
51975,u3,3,WRITE,0x30000512000,4096
51984,u1,1,READ,0x1000050d000,4096
51999,u2,2,READ,0x20000509000,4096
52009,u3,3,READ,0x30000513000,4096
52023,u1,1,WRITE,0x1000050e000,4096
52039,u2,2,READ,0x2000050a000,4096
52056,u3,3,READ,0x30000514000,4096
52058,u1,1,READ,0x1000050f000,4096
52074,u2,2,WRITE,0x2000050b000,4096
52088,u1,1,WRITE,0x10000510000,4096
52093,u3,3,READ,0x30000515000,4096
52116,u2,2,READ,0x2000050c000,4096
52137,u1,1,WRITE,0x10000511000,4096
52141,u3,3,WRITE,0x30000516000,4096
52158,u2,2,WRITE,0x2000050d000,4096
52180,u1,1,READ,0x10000512000,4096
52186,u3,3,READ,0x30000517000,4096
52202,u2,2,READ,0x2000050e000,4096
52213,u1,1,READ,0x10000513000,4096
52231,u3,3,WRITE,0x30000518000,4096
52246,u2,2,WRITE,0x2000050f000,4096
52257,u1,1,WRITE,0x10000514000,4096
52266,u3,3,WRITE,0x30000519000,4096
52285,u2,2,WRITE,0x20000510000,4096
52307,u1,1,READ,0x10000515000,4096
52315,u3,3,WRITE,0x3000051a000,4096
52327,u2,2,WRITE,0x20000511000,4096
52351,u3,3,READ,0x3000051b000,4096
52357,u1,1,WRITE,0x10000516000,4096
52368,u2,2,WRITE,0x20000512000,4096
52389,u3,3,READ,0x3000051c000,4096
52393,u1,1,WRITE,0x10000517000,4096
52411,u2,2,WRITE,0x20000513000,4096
52426,u1,1,READ,0x10000518000,4096
52438,u3,3,WRITE,0x3000051d000,4096
52452,u2,2,READ,0x20000514000,4096
52456,u1,1,WRITE,0x10000519000,4096
52477,u3,3,READ,0x3000051e000,4096
52498,u2,2,READ,0x20000515000,4096
52503,u1,1,WRITE,0x1000051a000,4096
52523,u3,3,WRITE,0x3000051f000,4096
52530,u2,2,WRITE,0x20000516000,4096
52540,u1,1,READ,0x1000051b000,4096
52567,u3,3,WRITE,0x30000520000,4096
52578,u2,2,WRITE,0x20000517000,4096
52579,u1,1,READ,0x1000051c000,4096
52610,u3,3,READ,0x30000521000,4096
52611,u2,2,READ,0x20000518000,4096
52614,u1,1,WRITE,0x1000051d000,4096
52642,u3,3,WRITE,0x30000522000,4096
52650,u2,2,WRITE,0x20000519000,4096
52654,u1,1,READ,0x1000051e000,4096
52687,u2,2,WRITE,0x2000051a000,4096
52691,u3,3,READ,0x30000523000,4096
52698,u1,1,WRITE,0x1000051f000,4096
52726,u3,3,WRITE,0x30000524000,4096
52730,u1,1,READ,0x10000520000,4096
52734,u2,2,READ,0x2000051b000,4096
52758,u3,3,WRITE,0x30000525000,4096
52766,u1,1,WRITE,0x10000521000,4096
52775,u2,2,WRITE,0x2000051c000,4096
52801,u3,3,READ,0x30000526000,4096
52804,u1,1,WRITE,0x10000522000,4096
52806,u2,2,WRITE,0x2000051d000,4096
52842,u3,3,READ,0x30000527000,4096
52845,u2,2,READ,0x2000051e000,4096
52846,u1,1,READ,0x10000523000,4096
52872,u3,3,READ,0x30000528000,4096
52887,u2,2,WRITE,0x2000051f000,4096
52892,u1,1,READ,0x10000524000,4096
52920,u3,3,READ,0x30000529000,4096
52937,u1,1,READ,0x10000525000,4096
52937,u2,2,WRITE,0x20000520000,4096
52952,u3,3,READ,0x3000052a000,4096
52974,u2,2,READ,0x20000521000,4096
52982,u1,1,WRITE,0x10000526000,4096
52985,u3,3,WRITE,0x3000052b000,4096
53019,u2,2,READ,0x20000522000,4096
53020,u1,1,WRITE,0x10000527000,4096
53034,u3,3,READ,0x3000052c000,4096
53051,u1,1,READ,0x10000528000,4096
53062,u2,2,READ,0x20000523000,4096
53064,u3,3,WRITE,0x3000052d000,4096
53089,u1,1,READ,0x10000529000,4096
53106,u2,2,READ,0x20000524000,4096
53114,u3,3,WRITE,0x3000052e000,4096
53127,u1,1,READ,0x1000052a000,4096
53144,u3,3,READ,0x3000052f000,4096
53148,u2,2,WRITE,0x20000525000,4096
53169,u1,1,WRITE,0x1000052b000,4096
53179,u2,2,READ,0x20000526000,4096
53182,u3,3,READ,0x30000530000,4096
53210,u2,2,READ,0x20000527000,4096
53211,u1,1,READ,0x1000052c000,4096
53229,u3,3,WRITE,0x30000531000,4096
53251,u1,1,READ,0x1000052d000,4096
53257,u2,2,READ,0x20000528000,4096
53269,u3,3,READ,0x30000532000,4096
53297,u1,1,WRITE,0x1000052e000,4096
53300,u2,2,READ,0x20000529000,4096
53303,u3,3,WRITE,0x30000533000,4096
53338,u2,2,READ,0x2000052a000,4096
53338,u3,3,READ,0x30000534000,4096
53347,u1,1,READ,0x1000052f000,4096
53370,u2,2,READ,0x2000052b000,4096
53384,u3,3,WRITE,0x30000535000,4096
53393,u1,1,WRITE,0x10000530000,4096
53415,u2,2,WRITE,0x2000052c000,4096
53423,u1,1,WRITE,0x10000531000,4096
53429,u3,3,READ,0x30000536000,4096
53449,u2,2,WRITE,0x2000052d000,4096
53459,u3,3,READ,0x30000537000,4096
53466,u1,1,WRITE,0x10000532000,4096
53491,u3,3,WRITE,0x30000538000,4096
53496,u2,2,WRITE,0x2000052e000,4096
53510,u1,1,READ,0x10000533000,4096
53523,u3,3,WRITE,0x30000539000,4096
53542,u2,2,READ,0x2000052f000,4096
53545,u1,1,READ,0x10000534000,4096
53573,u3,3,READ,0x3000053a000,4096
53587,u1,1,READ,0x10000535000,4096
53588,u2,2,READ,0x20000530000,4096
53614,u3,3,READ,0x3000053b000,4096
53625,u2,2,READ,0x20000531000,4096
53628,u1,1,WRITE,0x10000536000,4096
53657,u3,3,WRITE,0x3000053c000,4096
53668,u2,2,READ,0x20000532000,4096
53677,u1,1,READ,0x10000537000,4096
53689,u3,3,WRITE,0x3000053d000,4096
53705,u2,2,WRITE,0x20000533000,4096
53711,u1,1,READ,0x10000538000,4096
53730,u3,3,READ,0x3000053e000,4096
53744,u1,1,READ,0x10000539000,4096
53745,u2,2,WRITE,0x20000534000,4096
53774,u3,3,WRITE,0x3000053f000,4096
53787,u1,1,READ,0x1000053a000,4096
53793,u2,2,WRITE,0x20000535000,4096
53812,u3,3,WRITE,0x30000540000,4096
53824,u2,2,READ,0x20000536000,4096
53834,u1,1,READ,0x1000053b000,4096
53843,u3,3,READ,0x30000541000,4096
53868,u2,2,READ,0x20000537000,4096
53870,u1,1,WRITE,0x1000053c000,4096
53889,u3,3,WRITE,0x30000542000,4096
53911,u1,1,READ,0x1000053d000,4096
53912,u2,2,WRITE,0x20000538000,4096
53936,u3,3,READ,0x30000543000,4096
53944,u2,2,WRITE,0x20000539000,4096
53946,u1,1,READ,0x1000053e000,4096
53977,u2,2,WRITE,0x2000053a000,4096
53979,u1,1,READ,0x1000053f000,4096
53981,u3,3,READ,0x30000544000,4096
54008,u2,2,WRITE,0x2000053b000,4096
54010,u1,1,WRITE,0x10000540000,4096
54018,u3,3,WRITE,0x30000545000,4096
54041,u2,2,WRITE,0x2000053c000,4096
54054,u1,1,READ,0x10000541000,4096
54063,u3,3,READ,0x30000546000,4096
54081,u2,2,WRITE,0x2000053d000,4096
54091,u1,1,WRITE,0x10000542000,4096
54103,u3,3,WRITE,0x30000547000,4096
54123,u1,1,WRITE,0x10000543000,4096
54131,u2,2,WRITE,0x2000053e000,4096
54138,u3,3,READ,0x30000548000,4096
54154,u1,1,READ,0x10000544000,4096
54170,u3,3,WRITE,0x30000549000,4096
54177,u2,2,WRITE,0x2000053f000,4096
54203,u1,1,WRITE,0x10000545000,4096
54215,u3,3,READ,0x3000054a000,4096
54222,u2,2,READ,0x20000540000,4096
54236,u1,1,WRITE,0x10000546000,4096
54258,u3,3,WRITE,0x3000054b000,4096
54270,u2,2,WRITE,0x20000541000,4096
54276,u1,1,WRITE,0x10000547000,4096
54302,u3,3,WRITE,0x3000054c000,4096
54305,u2,2,WRITE,0x20000542000,4096
54325,u1,1,WRITE,0x10000548000,4096
54335,u3,3,WRITE,0x3000054d000,4096
54354,u2,2,READ,0x20000543000,4096
54358,u1,1,WRITE,0x10000549000,4096
54384,u2,2,READ,0x20000544000,4096
54384,u3,3,WRITE,0x3000054e000,4096
54390,u1,1,WRITE,0x1000054a000,4096
54421,u3,3,READ,0x3000054f000,4096
54424,u2,2,WRITE,0x20000545000,4096
54433,u1,1,WRITE,0x1000054b000,4096
54457,u3,3,WRITE,0x30000550000,4096
54474,u1,1,READ,0x1000054c000,4096
54474,u2,2,WRITE,0x20000546000,4096
54498,u3,3,WRITE,0x30000551000,4096
54516,u2,2,WRITE,0x20000547000,4096
54520,u1,1,READ,0x1000054d000,4096
54533,u3,3,WRITE,0x30000552000,4096
54552,u1,1,READ,0x1000054e000,4096
54563,u2,2,WRITE,0x20000548000,4096
54579,u3,3,WRITE,0x30000553000,4096
54589,u1,1,READ,0x1000054f000,4096
54595,u2,2,WRITE,0x20000549000,4096
54623,u1,1,READ,0x10000550000,4096
54629,u3,3,WRITE,0x30000554000,4096
54635,u2,2,WRITE,0x2000054a000,4096
54658,u1,1,WRITE,0x10000551000,4096
54677,u2,2,READ,0x2000054b000,4096
54677,u3,3,READ,0x30000555000,4096
54701,u1,1,WRITE,0x10000552000,4096
54711,u2,2,WRITE,0x2000054c000,4096
54727,u3,3,READ,0x30000556000,4096
54737,u1,1,READ,0x10000553000,4096
54747,u2,2,READ,0x2000054d000,4096
54763,u3,3,READ,0x30000557000,4096
54774,u1,1,WRITE,0x10000554000,4096
54787,u2,2,WRITE,0x2000054e000,4096
54807,u3,3,READ,0x30000558000,4096
54811,u1,1,READ,0x10000555000,4096
54833,u2,2,READ,0x2000054f000,4096
54843,u1,1,WRITE,0x10000556000,4096
54854,u3,3,READ,0x30000559000,4096
54875,u2,2,READ,0x20000550000,4096
54880,u1,1,WRITE,0x10000557000,4096
54884,u3,3,READ,0x3000055a000,4096
54912,u1,1,READ,0x10000558000,4096
54917,u3,3,WRITE,0x3000055b000,4096
54923,u2,2,WRITE,0x20000551000,4096
54946,u1,1,WRITE,0x10000559000,4096
54957,u3,3,WRITE,0x3000055c000,4096
54972,u2,2,WRITE,0x20000552000,4096
54996,u1,1,WRITE,0x1000055a000,4096
55004,u3,3,READ,0x3000055d000,4096
55022,u2,2,WRITE,0x20000553000,4096
55039,u3,3,WRITE,0x3000055e000,4096
55045,u1,1,READ,0x1000055b000,4096
55066,u2,2,WRITE,0x20000554000,4096
55077,u1,1,READ,0x1000055c000,4096
55077,u3,3,READ,0x3000055f000,4096
55105,u2,2,WRITE,0x20000555000,4096
55107,u1,1,WRITE,0x1000055d000,4096
55123,u3,3,READ,0x30000560000,4096
55146,u1,1,READ,0x1000055e000,4096
55146,u2,2,WRITE,0x20000556000,4096
55157,u3,3,WRITE,0x30000561000,4096
55185,u1,1,WRITE,0x1000055f000,4096
55185,u2,2,READ,0x20000557000,4096
55187,u3,3,WRITE,0x30000562000,4096
55216,u1,1,WRITE,0x10000560000,4096
55222,u2,2,READ,0x20000558000,4096
55222,u3,3,READ,0x30000563000,4096
55254,u3,3,WRITE,0x30000564000,4096
55259,u2,2,WRITE,0x20000559000,4096
55260,u1,1,WRITE,0x10000561000,4096
55284,u3,3,WRITE,0x30000565000,4096
55306,u2,2,WRITE,0x2000055a000,4096
55308,u1,1,WRITE,0x10000562000,4096
55322,u3,3,WRITE,0x30000566000,4096
55341,u2,2,WRITE,0x2000055b000,4096
55343,u1,1,WRITE,0x10000563000,4096
55366,u3,3,WRITE,0x30000567000,4096
55371,u2,2,READ,0x2000055c000,4096
55391,u1,1,WRITE,0x10000564000,4096
55402,u2,2,READ,0x2000055d000,4096
55403,u3,3,WRITE,0x30000568000,4096
55431,u1,1,READ,0x10000565000,4096
55436,u3,3,WRITE,0x30000569000,4096
55437,u2,2,READ,0x2000055e000,4096
55476,u1,1,WRITE,0x10000566000,4096
55476,u2,2,READ,0x2000055f000,4096
55477,u3,3,READ,0x3000056a000,4096
55508,u3,3,READ,0x3000056b000,4096
55509,u2,2,WRITE,0x20000560000,4096
55516,u1,1,READ,0x10000567000,4096
55541,u2,2,READ,0x20000561000,4096
55548,u1,1,READ,0x10000568000,4096
55555,u3,3,WRITE,0x3000056c000,4096
55588,u1,1,READ,0x10000569000,4096
55588,u2,2,WRITE,0x20000562000,4096
55603,u3,3,READ,0x3000056d000,4096
55624,u2,2,WRITE,0x20000563000,4096
55631,u1,1,READ,0x1000056a000,4096
55633,u3,3,READ,0x3000056e000,4096
55663,u2,2,READ,0x20000564000,4096
55665,u1,1,WRITE,0x1000056b000,4096
55678,u3,3,WRITE,0x3000056f000,4096
55697,u1,1,READ,0x1000056c000,4096
55706,u2,2,READ,0x20000565000,4096
55727,u3,3,READ,0x30000570000,4096
55743,u1,1,READ,0x1000056d000,4096
55755,u2,2,READ,0x20000566000,4096
55763,u3,3,WRITE,0x30000571000,4096
55778,u1,1,WRITE,0x1000056e000,4096
55792,u2,2,WRITE,0x20000567000,4096
55810,u3,3,READ,0x30000572000,4096
55816,u1,1,WRITE,0x1000056f000,4096
55832,u2,2,WRITE,0x20000568000,4096
55856,u3,3,READ,0x30000573000,4096
55862,u1,1,WRITE,0x10000570000,4096
55865,u2,2,WRITE,0x20000569000,4096
55893,u3,3,READ,0x30000574000,4096
55897,u2,2,WRITE,0x2000056a000,4096
55899,u1,1,READ,0x10000571000,4096
55928,u3,3,READ,0x30000575000,4096
55933,u2,2,WRITE,0x2000056b000,4096
55941,u1,1,READ,0x10000572000,4096
55969,u2,2,WRITE,0x2000056c000,4096
55977,u1,1,READ,0x10000573000,4096
55978,u3,3,WRITE,0x30000576000,4096
56011,u3,3,WRITE,0x30000577000,4096
56019,u2,2,WRITE,0x2000056d000,4096
56024,u1,1,READ,0x10000574000,4096
56053,u3,3,READ,0x30000578000,4096
56065,u2,2,READ,0x2000056e000,4096
56073,u1,1,WRITE,0x10000575000,4096
56091,u3,3,READ,0x30000579000,4096
56099,u2,2,READ,0x2000056f000,4096
56106,u1,1,READ,0x10000576000,4096
56125,u3,3,READ,0x3000057a000,4096
56133,u2,2,READ,0x20000570000,4096
56147,u1,1,WRITE,0x10000577000,4096
56172,u2,2,WRITE,0x20000571000,4096
56172,u3,3,WRITE,0x3000057b000,4096
56182,u1,1,WRITE,0x10000578000,4096
56211,u3,3,READ,0x3000057c000,4096
56216,u2,2,WRITE,0x20000572000,4096
56218,u1,1,WRITE,0x10000579000,4096
56244,u3,3,WRITE,0x3000057d000,4096
56254,u2,2,READ,0x20000573000,4096
56258,u1,1,READ,0x1000057a000,4096
56284,u2,2,WRITE,0x20000574000,4096
56288,u3,3,READ,0x3000057e000,4096
56295,u1,1,WRITE,0x1000057b000,4096
56321,u3,3,WRITE,0x3000057f000,4096
56328,u1,1,WRITE,0x1000057c000,4096
56328,u2,2,READ,0x20000575000,4096
56357,u3,3,READ,0x30000580000,4096
56358,u1,1,READ,0x1000057d000,4096
56359,u2,2,READ,0x20000576000,4096
56389,u2,2,READ,0x20000577000,4096
56392,u3,3,READ,0x30000581000,4096
56407,u1,1,WRITE,0x1000057e000,4096
56437,u2,2,WRITE,0x20000578000,4096
56442,u3,3,READ,0x30000582000,4096
56454,u1,1,WRITE,0x1000057f000,4096
56468,u2,2,WRITE,0x20000579000,4096
56485,u1,1,READ,0x10000580000,4096
56490,u3,3,READ,0x30000583000,4096
56512,u2,2,WRITE,0x2000057a000,4096
56520,u3,3,READ,0x30000584000,4096
56533,u1,1,READ,0x10000581000,4096
56553,u2,2,WRITE,0x2000057b000,4096
56558,u3,3,READ,0x30000585000,4096
56566,u1,1,WRITE,0x10000582000,4096
56597,u2,2,READ,0x2000057c000,4096
56599,u1,1,READ,0x10000583000,4096
56599,u3,3,READ,0x30000586000,4096
56632,u3,3,WRITE,0x30000587000,4096
56633,u2,2,READ,0x2000057d000,4096
56635,u1,1,READ,0x10000584000,4096
56663,u3,3,WRITE,0x30000588000,4096
56675,u2,2,WRITE,0x2000057e000,4096
56679,u1,1,READ,0x10000585000,4096
56713,u3,3,WRITE,0x30000589000,4096
56719,u2,2,WRITE,0x2000057f000,4096
56726,u1,1,WRITE,0x10000586000,4096
56750,u2,2,READ,0x20000580000,4096
56759,u1,1,READ,0x10000587000,4096
56761,u3,3,READ,0x3000058a000,4096
56789,u1,1,WRITE,0x10000588000,4096
56794,u2,2,WRITE,0x20000581000,4096
56800,u3,3,READ,0x3000058b000,4096
56828,u1,1,READ,0x10000589000,4096
56837,u3,3,READ,0x3000058c000,4096
56840,u2,2,READ,0x20000582000,4096
56870,u1,1,READ,0x1000058a000,4096
56870,u3,3,READ,0x3000058d000,4096
56886,u2,2,READ,0x20000583000,4096
56902,u1,1,WRITE,0x1000058b000,4096
56915,u3,3,WRITE,0x3000058e000,4096
56929,u2,2,WRITE,0x20000584000,4096
56946,u1,1,READ,0x1000058c000,4096
56955,u3,3,WRITE,0x3000058f000,4096
56977,u2,2,READ,0x20000585000,4096
56982,u1,1,WRITE,0x1000058d000,4096
56997,u3,3,READ,0x30000590000,4096
57012,u1,1,READ,0x1000058e000,4096
57026,u2,2,WRITE,0x20000586000,4096
57032,u3,3,WRITE,0x30000591000,4096
57062,u1,1,WRITE,0x1000058f000,4096
57070,u2,2,READ,0x20000587000,4096
57081,u3,3,READ,0x30000592000,4096
57109,u2,2,WRITE,0x20000588000,4096
57111,u1,1,WRITE,0x10000590000,4096
57119,u3,3,READ,0x30000593000,4096
57146,u1,1,READ,0x10000591000,4096
57151,u2,2,READ,0x20000589000,4096
57160,u3,3,READ,0x30000594000,4096
57185,u1,1,WRITE,0x10000592000,4096
57190,u2,2,READ,0x2000058a000,4096
57192,u3,3,WRITE,0x30000595000,4096
57225,u1,1,WRITE,0x10000593000,4096
57237,u2,2,READ,0x2000058b000,4096
57240,u3,3,READ,0x30000596000,4096
57262,u1,1,READ,0x10000594000,4096
57271,u3,3,READ,0x30000597000,4096
57273,u2,2,READ,0x2000058c000,4096
57300,u1,1,WRITE,0x10000595000,4096
57308,u3,3,READ,0x30000598000,4096
57314,u2,2,WRITE,0x2000058d000,4096
57347,u1,1,WRITE,0x10000596000,4096
57348,u3,3,READ,0x30000599000,4096
57351,u2,2,READ,0x2000058e000,4096
57386,u2,2,READ,0x2000058f000,4096
57387,u3,3,READ,0x3000059a000,4096
57394,u1,1,READ,0x10000597000,4096
57424,u2,2,WRITE,0x20000590000,4096
57426,u1,1,READ,0x10000598000,4096
57436,u3,3,WRITE,0x3000059b000,4096
57462,u2,2,READ,0x20000591000,4096
57465,u1,1,READ,0x10000599000,4096
57473,u3,3,READ,0x3000059c000,4096
57495,u1,1,WRITE,0x1000059a000,4096
57495,u2,2,READ,0x20000592000,4096
57513,u3,3,READ,0x3000059d000,4096
57526,u2,2,READ,0x20000593000,4096
57527,u1,1,READ,0x1000059b000,4096
57553,u3,3,READ,0x3000059e000,4096
57557,u2,2,WRITE,0x20000594000,4096
57573,u1,1,WRITE,0x1000059c000,4096
57596,u2,2,READ,0x20000595000,4096
57601,u3,3,WRITE,0x3000059f000,4096
57621,u1,1,WRITE,0x1000059d000,4096
57642,u2,2,WRITE,0x20000596000,4096
57649,u3,3,READ,0x300005a0000,4096
57656,u1,1,WRITE,0x1000059e000,4096
57673,u2,2,READ,0x20000597000,4096
57688,u3,3,WRITE,0x300005a1000,4096
57705,u1,1,WRITE,0x1000059f000,4096
57719,u2,2,WRITE,0x20000598000,4096
57731,u3,3,WRITE,0x300005a2000,4096
57735,u1,1,WRITE,0x100005a0000,4096
57755,u2,2,READ,0x20000599000,4096
57764,u3,3,WRITE,0x300005a3000,4096
57780,u1,1,READ,0x100005a1000,4096
57793,u2,2,READ,0x2000059a000,4096
57798,u3,3,WRITE,0x300005a4000,4096
57819,u1,1,READ,0x100005a2000,4096
57835,u3,3,READ,0x300005a5000,4096
57842,u2,2,READ,0x2000059b000,4096
57858,u1,1,READ,0x100005a3000,4096
57878,u3,3,WRITE,0x300005a6000,4096
57881,u2,2,WRITE,0x2000059c000,4096
57896,u1,1,READ,0x100005a4000,4096
57921,u2,2,READ,0x2000059d000,4096
57927,u3,3,READ,0x300005a7000,4096
57935,u1,1,READ,0x100005a5000,4096
57965,u2,2,WRITE,0x2000059e000,4096
57967,u1,1,READ,0x100005a6000,4096
57972,u3,3,WRITE,0x300005a8000,4096
57998,u1,1,READ,0x100005a7000,4096
58006,u3,3,WRITE,0x300005a9000,4096
58008,u2,2,READ,0x2000059f000,4096
58042,u3,3,READ,0x300005aa000,4096
58044,u2,2,READ,0x200005a0000,4096
58046,u1,1,WRITE,0x100005a8000,4096
58082,u3,3,READ,0x300005ab000,4096
58090,u1,1,READ,0x100005a9000,4096
58090,u2,2,WRITE,0x200005a1000,4096
58117,u3,3,READ,0x300005ac000,4096
58121,u1,1,READ,0x100005aa000,4096
58127,u2,2,WRITE,0x200005a2000,4096
58161,u3,3,WRITE,0x300005ad000,4096
58163,u2,2,WRITE,0x200005a3000,4096
58166,u1,1,READ,0x100005ab000,4096
58206,u2,2,WRITE,0x200005a4000,4096
58206,u3,3,READ,0x300005ae000,4096
58207,u1,1,READ,0x100005ac000,4096
58236,u2,2,READ,0x200005a5000,4096
58241,u3,3,WRITE,0x300005af000,4096
58254,u1,1,WRITE,0x100005ad000,4096
58277,u2,2,READ,0x200005a6000,4096
58281,u3,3,WRITE,0x300005b0000,4096
58286,u1,1,WRITE,0x100005ae000,4096
58308,u2,2,WRITE,0x200005a7000,4096
58317,u3,3,WRITE,0x300005b1000,4096
58319,u1,1,READ,0x100005af000,4096
58347,u2,2,WRITE,0x200005a8000,4096
58352,u1,1,READ,0x100005b0000,4096
58365,u3,3,READ,0x300005b2000,4096
58384,u2,2,READ,0x200005a9000,4096
58396,u1,1,WRITE,0x100005b1000,4096
58410,u3,3,WRITE,0x300005b3000,4096
58414,u2,2,READ,0x200005aa000,4096
58443,u3,3,WRITE,0x300005b4000,4096
58446,u1,1,WRITE,0x100005b2000,4096
58463,u2,2,READ,0x200005ab000,4096
58486,u1,1,WRITE,0x100005b3000,4096
58490,u3,3,READ,0x300005b5000,4096
58511,u2,2,READ,0x200005ac000,4096
58526,u3,3,READ,0x300005b6000,4096
58531,u1,1,READ,0x100005b4000,4096
58548,u2,2,READ,0x200005ad000,4096
58558,u3,3,WRITE,0x300005b7000,4096
58569,u1,1,READ,0x100005b5000,4096
58589,u3,3,WRITE,0x300005b8000,4096
58594,u2,2,READ,0x200005ae000,4096
58613,u1,1,READ,0x100005b6000,4096
58628,u2,2,READ,0x200005af000,4096
58634,u3,3,READ,0x300005b9000,4096
58658,u1,1,READ,0x100005b7000,4096
58673,u2,2,READ,0x200005b0000,4096
58676,u3,3,WRITE,0x300005ba000,4096
58690,u1,1,WRITE,0x100005b8000,4096
58703,u2,2,READ,0x200005b1000,4096
58715,u3,3,WRITE,0x300005bb000,4096
58720,u1,1,READ,0x100005b9000,4096
58746,u2,2,WRITE,0x200005b2000,4096
58762,u1,1,READ,0x100005ba000,4096
58762,u3,3,WRITE,0x300005bc000,4096
58790,u2,2,READ,0x200005b3000,4096
58796,u3,3,READ,0x300005bd000,4096
58802,u1,1,READ,0x100005bb000,4096
58825,u2,2,READ,0x200005b4000,4096
58832,u3,3,WRITE,0x300005be000,4096
58850,u1,1,READ,0x100005bc000,4096
58866,u2,2,WRITE,0x200005b5000,4096
58877,u3,3,WRITE,0x300005bf000,4096
58892,u1,1,WRITE,0x100005bd000,4096
58902,u2,2,READ,0x200005b6000,4096
58911,u3,3,READ,0x300005c0000,4096
58942,u1,1,READ,0x100005be000,4096
58943,u2,2,READ,0x200005b7000,4096
58952,u3,3,WRITE,0x300005c1000,4096
58988,u1,1,READ,0x100005bf000,4096
58988,u3,3,READ,0x300005c2000,4096
58990,u2,2,READ,0x200005b8000,4096
59030,u2,2,WRITE,0x200005b9000,4096
59032,u3,3,WRITE,0x300005c3000,4096
59036,u1,1,WRITE,0x100005c0000,4096
59063,u3,3,READ,0x300005c4000,4096
59077,u2,2,READ,0x200005ba000,4096
59081,u1,1,READ,0x100005c1000,4096
59095,u3,3,READ,0x300005c5000,4096
59116,u2,2,READ,0x200005bb000,4096
59118,u1,1,WRITE,0x100005c2000,4096
59138,u3,3,WRITE,0x300005c6000,4096
59156,u1,1,WRITE,0x100005c3000,4096
59161,u2,2,WRITE,0x200005bc000,4096
59172,u3,3,READ,0x300005c7000,4096
59191,u1,1,WRITE,0x100005c4000,4096
59193,u2,2,READ,0x200005bd000,4096
59212,u3,3,READ,0x300005c8000,4096
59232,u1,1,READ,0x100005c5000,4096
59243,u2,2,READ,0x200005be000,4096
59255,u3,3,READ,0x300005c9000,4096
59274,u1,1,WRITE,0x100005c6000,4096
59280,u2,2,WRITE,0x200005bf000,4096
59285,u3,3,WRITE,0x300005ca000,4096
59308,u1,1,READ,0x100005c7000,4096
59321,u3,3,READ,0x300005cb000,4096
59330,u2,2,WRITE,0x200005c0000,4096
59340,u1,1,WRITE,0x100005c8000,4096
59368,u3,3,WRITE,0x300005cc000,4096
59369,u2,2,WRITE,0x200005c1000,4096
59371,u1,1,WRITE,0x100005c9000,4096
59402,u2,2,READ,0x200005c2000,4096
59404,u3,3,WRITE,0x300005cd000,4096
59413,u1,1,WRITE,0x100005ca000,4096
59436,u3,3,READ,0x300005ce000,4096
59449,u2,2,WRITE,0x200005c3000,4096
59455,u1,1,WRITE,0x100005cb000,4096
59476,u3,3,WRITE,0x300005cf000,4096
59486,u2,2,READ,0x200005c4000,4096
59500,u1,1,WRITE,0x100005cc000,4096
59517,u3,3,READ,0x300005d0000,4096
59532,u2,2,READ,0x200005c5000,4096
59533,u1,1,READ,0x100005cd000,4096
59554,u3,3,WRITE,0x300005d1000,4096
59568,u2,2,WRITE,0x200005c6000,4096
59575,u1,1,READ,0x100005ce000,4096
59587,u3,3,READ,0x300005d2000,4096
59613,u1,1,READ,0x100005cf000,4096
59618,u2,2,READ,0x200005c7000,4096
59621,u3,3,READ,0x300005d3000,4096
59645,u1,1,READ,0x100005d0000,4096
59659,u2,2,WRITE,0x200005c8000,4096
59671,u3,3,READ,0x300005d4000,4096
59682,u1,1,READ,0x100005d1000,4096
59689,u2,2,READ,0x200005c9000,4096
59709,u3,3,WRITE,0x300005d5000,4096
59715,u1,1,WRITE,0x100005d2000,4096
59732,u2,2,WRITE,0x200005ca000,4096
59742,u3,3,WRITE,0x300005d6000,4096
59763,u1,1,READ,0x100005d3000,4096
59767,u2,2,READ,0x200005cb000,4096
59786,u3,3,WRITE,0x300005d7000,4096
59804,u1,1,WRITE,0x100005d4000,4096
59815,u2,2,READ,0x200005cc000,4096
59817,u3,3,READ,0x300005d8000,4096
59847,u1,1,READ,0x100005d5000,4096
59861,u2,2,WRITE,0x200005cd000,4096
59867,u3,3,READ,0x300005d9000,4096
59889,u1,1,READ,0x100005d6000,4096
59901,u2,2,READ,0x200005ce000,4096
59902,u3,3,READ,0x300005da000,4096
59935,u1,1,READ,0x100005d7000,4096
59935,u3,3,WRITE,0x300005db000,4096
59950,u2,2,READ,0x200005cf000,4096
59965,u1,1,READ,0x100005d8000,4096
59987,u2,2,READ,0x200005d0000,4096
59999,u1,1,WRITE,0x100005d9000,4096
60031,u2,2,READ,0x200005d1000,4096
60048,u1,1,READ,0x100005da000,4096
60064,u2,2,WRITE,0x200005d2000,4096
60083,u1,1,READ,0x100005db000,4096
60102,u2,2,READ,0x200005d3000,4096
60146,u2,2,READ,0x200005d4000,4096
60178,u2,2,READ,0x200005d5000,4096
60222,u2,2,READ,0x200005d6000,4096
60254,u2,2,WRITE,0x200005d7000,4096
60287,u2,2,READ,0x200005d8000,4096
60327,u2,2,READ,0x200005d9000,4096
60377,u2,2,WRITE,0x200005da000,4096
60415,u2,2,WRITE,0x200005db000,4096
