timestamp,process_id,user_id,type,address,size
16,u0,0,READ,0x0,4096
16,u2,2,READ,0x20000000000,4096
17,u1,1,READ,0x10000000000,4096
22,u3,3,READ,0x30000000000,4096
29,u2,2,READ,0x20000001000,4096
33,u1,1,READ,0x10000001000,4096
37,u0,0,READ,0x1000,4096
43,u1,1,READ,0x10000002000,4096
45,u3,3,WRITE,0x30000001000,4096
49,u0,0,READ,0x2000,4096
50,u2,2,READ,0x20000002000,4096
59,u3,3,READ,0x30000002000,4096
60,u1,1,READ,0x10000003000,4096
69,u2,2,READ,0x20000003000,4096
71,u1,1,READ,0x10000004000,4096
71,u3,3,READ,0x30000003000,4096
74,u0,0,READ,0x3000,4096
87,u3,3,READ,0x30000004000,4096
91,u1,1,READ,0x10000005000,4096
92,u2,2,READ,0x20000004000,4096
95,u0,0,READ,0x4000,4096
108,u0,0,READ,0x5000,4096
108,u3,3,READ,0x30000005000,4096
113,u1,1,READ,0x10000006000,4096
117,u2,2,READ,0x20000005000,4096
121,u0,0,READ,0x6000,4096
128,u3,3,READ,0x30000006000,4096
130,u2,2,READ,0x20000006000,4096
136,u1,1,READ,0x10000007000,4096
140,u2,2,READ,0x20000007000,4096
141,u0,0,READ,0x7000,4096
147,u3,3,READ,0x30000007000,4096
149,u1,1,READ,0x10000008000,4096
155,u2,2,READ,0x20000008000,4096
160,u1,1,READ,0x10000009000,4096
162,u3,3,READ,0x30000008000,4096
166,u0,0,READ,0x8000,4096
170,u2,2,READ,0x20000009000,4096
173,u1,1,READ,0x1000000a000,4096
178,u3,3,READ,0x30000009000,4096
180,u2,2,READ,0x2000000a000,4096
181,u0,0,READ,0x9000,4096
184,u1,1,READ,0x1000000b000,4096
190,u3,3,READ,0x3000000a000,4096
198,u0,0,WRITE,0xa000,4096
203,u1,1,READ,0x1000000c000,4096
204,u2,2,READ,0x2000000b000,4096
208,u3,3,READ,0x3000000b000,4096
210,u0,0,READ,0xb000,4096
226,u1,1,READ,0x1000000d000,4096
229,u2,2,WRITE,0x2000000c000,4096
232,u3,3,READ,0x3000000c000,4096
235,u0,0,READ,0xc000,4096
251,u1,1,READ,0x1000000e000,4096
251,u2,2,READ,0x2000000d000,4096
255,u0,0,READ,0xd000,4096
256,u3,3,READ,0x3000000d000,4096
271,u0,0,READ,0xe000,4096
276,u1,1,READ,0x1000000f000,4096
276,u2,2,READ,0x2000000e000,4096
280,u3,3,READ,0x3000000e000,4096
286,u1,1,READ,0x10000010000,4096
291,u2,2,READ,0x2000000f000,4096
294,u0,0,READ,0xf000,4096
294,u3,3,READ,0x3000000f000,4096
299,u1,1,READ,0x10000011000,4096
305,u3,3,WRITE,0x30000010000,4096
308,u2,2,READ,0x20000010000,4096
316,u3,3,READ,0x30000011000,4096
318,u0,0,READ,0x10000,4096
322,u1,1,READ,0x10000012000,4096
323,u2,2,READ,0x20000011000,4096
330,u3,3,READ,0x30000012000,4096
336,u2,2,READ,0x20000012000,4096
341,u0,0,READ,0x11000,4096
341,u1,1,READ,0x10000013000,4096
345,u3,3,READ,0x30000013000,4096
352,u0,0,READ,0x12000,4096
358,u2,2,READ,0x20000013000,4096
358,u3,3,READ,0x30000014000,4096
366,u1,1,READ,0x10000014000,4096
367,u0,0,READ,0x13000,4096
376,u3,3,READ,0x30000015000,4096
377,u2,2,READ,0x20000014000,4096
386,u1,1,READ,0x10000015000,4096
392,u0,0,READ,0x14000,4096
394,u2,2,READ,0x20000015000,4096
397,u3,3,READ,0x30000016000,4096
404,u1,1,READ,0x10000016000,4096
404,u2,2,READ,0x20000016000,4096
412,u3,3,READ,0x30000017000,4096
417,u0,0,READ,0x15000,4096
419,u2,2,READ,0x20000017000,4096
422,u1,1,READ,0x10000017000,4096
430,u0,0,READ,0x16000,4096
431,u3,3,READ,0x30000018000,4096
433,u2,2,READ,0x20000018000,4096
441,u1,1,READ,0x10000018000,4096
444,u0,0,READ,0x17000,4096
448,u3,3,READ,0x30000019000,4096
451,u2,2,READ,0x20000019000,4096
457,u1,1,READ,0x10000019000,4096
461,u0,0,READ,0x18000,4096
461,u2,2,READ,0x2000001a000,4096
462,u3,3,READ,0x3000001a000,4096
474,u0,0,READ,0x19000,4096
475,u3,3,READ,0x3000001b000,4096
476,u2,2,READ,0x2000001b000,4096
477,u1,1,READ,0x1000001a000,4096
486,u0,0,READ,0x1a000,4096
491,u2,2,READ,0x2000001c000,4096
497,u3,3,READ,0x3000001c000,4096
501,u1,1,READ,0x1000001b000,4096
504,u2,2,READ,0x2000001d000,4096
509,u0,0,READ,0x1b000,4096
513,u3,3,READ,0x3000001d000,4096
519,u1,1,READ,0x1000001c000,4096
525,u2,2,READ,0x2000001e000,4096
529,u0,0,READ,0x1c000,4096
533,u3,3,READ,0x3000001e000,4096
535,u2,2,READ,0x2000001f000,4096
544,u1,1,WRITE,0x1000001d000,4096
545,u0,0,READ,0x1d000,4096
548,u3,3,READ,0x3000001f000,4096
549,u2,2,READ,0x20000020000,4096
558,u3,3,READ,0x30000020000,4096
565,u0,0,READ,0x1e000,4096
568,u1,1,READ,0x1000001e000,4096
571,u2,2,READ,0x20000021000,4096
579,u0,0,WRITE,0x1f000,4096
583,u3,3,READ,0x30000021000,4096
587,u2,2,READ,0x20000022000,4096
588,u1,1,READ,0x1000001f000,4096
592,u0,0,READ,0x20000,4096
600,u1,1,READ,0x10000020000,4096
601,u3,3,READ,0x30000022000,4096
606,u2,2,READ,0x20000023000,4096
612,u1,1,READ,0x10000021000,4096
614,u0,0,READ,0x21000,4096
617,u2,2,READ,0x20000024000,4096
619,u3,3,READ,0x30000023000,4096
628,u0,0,READ,0x22000,4096
628,u1,1,READ,0x10000022000,4096
637,u2,2,READ,0x20000025000,4096
638,u0,0,READ,0x23000,4096
644,u3,3,READ,0x30000024000,4096
649,u1,1,READ,0x10000023000,4096
652,u2,2,READ,0x20000026000,4096
657,u0,0,READ,0x24000,4096
664,u3,3,READ,0x30000025000,4096
669,u1,1,READ,0x10000024000,4096
676,u0,0,READ,0x25000,4096
676,u2,2,READ,0x20000027000,4096
686,u3,3,READ,0x30000026000,4096
689,u2,2,READ,0x20000028000,4096
693,u1,1,READ,0x10000025000,4096
697,u3,3,READ,0x30000027000,4096
698,u0,0,READ,0x26000,4096
699,u2,2,READ,0x20000029000,4096
705,u1,1,READ,0x10000026000,4096
711,u0,0,READ,0x27000,4096
711,u2,2,READ,0x2000002a000,4096
722,u3,3,READ,0x30000028000,4096
724,u0,0,READ,0x28000,4096
726,u1,1,READ,0x10000027000,4096
733,u2,2,READ,0x2000002b000,4096
735,u0,0,READ,0x29000,4096
737,u1,1,READ,0x10000028000,4096
746,u3,3,READ,0x30000029000,4096
751,u2,2,WRITE,0x2000002c000,4096
759,u1,1,READ,0x10000029000,4096
759,u3,3,READ,0x3000002a000,4096
760,u0,0,READ,0x2a000,4096
768,u2,2,READ,0x2000002d000,4096
769,u1,1,READ,0x1000002a000,4096
773,u3,3,READ,0x3000002b000,4096
777,u0,0,READ,0x2b000,4096
779,u2,2,READ,0x2000002e000,4096
782,u1,1,READ,0x1000002b000,4096
783,u3,3,WRITE,0x3000002c000,4096
787,u0,0,READ,0x2c000,4096
798,u2,2,READ,0x2000002f000,4096
798,u3,3,READ,0x3000002d000,4096
799,u1,1,READ,0x1000002c000,4096
806,u0,0,READ,0x2d000,4096
810,u1,1,READ,0x1000002d000,4096
816,u2,2,READ,0x20000030000,4096
819,u0,0,READ,0x2e000,4096
823,u3,3,READ,0x3000002e000,4096
828,u1,1,WRITE,0x1000002e000,4096
834,u0,0,READ,0x2f000,4096
838,u2,2,READ,0x20000031000,4096
846,u3,3,READ,0x3000002f000,4096
849,u0,0,READ,0x30000,4096
851,u1,1,READ,0x1000002f000,4096
859,u2,2,READ,0x20000032000,4096
861,u1,1,READ,0x10000030000,4096
864,u3,3,READ,0x30000030000,4096
870,u0,0,READ,0x31000,4096
871,u2,2,READ,0x20000033000,4096
874,u1,1,READ,0x10000031000,4096
886,u0,0,READ,0x32000,4096
887,u3,3,READ,0x30000031000,4096
888,u1,1,READ,0x10000032000,4096
889,u2,2,READ,0x20000034000,4096
902,u1,1,READ,0x10000033000,4096
903,u3,3,READ,0x30000032000,4096
905,u0,0,READ,0x33000,4096
911,u2,2,READ,0x20000035000,4096
915,u1,1,READ,0x10000034000,4096
925,u1,1,READ,0x10000035000,4096
925,u3,3,WRITE,0x30000033000,4096
928,u0,0,WRITE,0x34000,4096
936,u2,2,READ,0x20000036000,4096
942,u0,0,READ,0x35000,4096
943,u1,1,READ,0x10000036000,4096
944,u3,3,READ,0x30000034000,4096
954,u0,0,READ,0x36000,4096
955,u3,3,READ,0x30000035000,4096
959,u2,2,READ,0x20000037000,4096
961,u1,1,READ,0x10000037000,4096
964,u0,0,READ,0x37000,4096
971,u3,3,READ,0x30000036000,4096
974,u1,1,READ,0x10000038000,4096
978,u2,2,READ,0x20000038000,4096
984,u1,1,READ,0x10000039000,4096
988,u0,0,READ,0x38000,4096
992,u3,3,READ,0x30000037000,4096
994,u2,2,READ,0x20000039000,4096
998,u0,0,READ,0x39000,4096
999,u1,1,READ,0x1000003a000,4096
1005,u2,2,READ,0x2000003a000,4096
1009,u0,0,READ,0x3a000,4096
1016,u3,3,READ,0x30000038000,4096
1018,u1,1,READ,0x1000003b000,4096
1018,u2,2,READ,0x2000003b000,4096
1025,u0,0,READ,0x3b000,4096
1032,u1,1,READ,0x1000003c000,4096
1036,u2,2,READ,0x2000003c000,4096
1036,u3,3,READ,0x30000039000,4096
1048,u1,1,READ,0x1000003d000,4096
1049,u0,0,WRITE,0x3c000,4096
1050,u3,3,READ,0x3000003a000,4096
1055,u2,2,READ,0x2000003d000,4096
1058,u1,1,READ,0x1000003e000,4096
1073,u2,2,READ,0x2000003e000,4096
1074,u0,0,READ,0x3d000,4096
1074,u3,3,READ,0x3000003b000,4096
1082,u1,1,READ,0x1000003f000,4096
1091,u3,3,READ,0x3000003c000,4096
1095,u0,0,READ,0x3e000,4096
1095,u1,1,READ,0x10000040000,4096
1097,u2,2,READ,0x2000003f000,4096
1105,u0,0,READ,0x3f000,4096
1114,u1,1,READ,0x10000041000,4096
1114,u3,3,READ,0x3000003d000,4096
1116,u2,2,READ,0x20000040000,4096
1126,u0,0,READ,0x40000,4096
1134,u1,1,READ,0x10000042000,4096
1137,u2,2,READ,0x20000041000,4096
1138,u3,3,READ,0x3000003e000,4096
1147,u2,2,READ,0x20000042000,4096
1148,u0,0,READ,0x41000,4096
1151,u1,1,READ,0x10000043000,4096
1162,u3,3,READ,0x3000003f000,4096
1164,u0,0,READ,0x42000,4096
1167,u1,1,READ,0x10000044000,4096
1167,u2,2,WRITE,0x20000043000,4096
1174,u0,0,READ,0x43000,4096
1180,u2,2,READ,0x20000044000,4096
1182,u3,3,READ,0x30000040000,4096
1183,u1,1,READ,0x10000045000,4096
1194,u1,1,READ,0x10000046000,4096
1195,u0,0,READ,0x44000,4096
1197,u2,2,READ,0x20000045000,4096
1204,u1,1,READ,0x10000047000,4096
1207,u3,3,READ,0x30000041000,4096
1216,u0,0,WRITE,0x45000,4096
1220,u1,1,READ,0x10000048000,4096
1221,u2,2,WRITE,0x20000046000,4096
1225,u3,3,READ,0x30000042000,4096
1232,u2,2,READ,0x20000047000,4096
1236,u1,1,READ,0x10000049000,4096
1240,u0,0,READ,0x46000,4096
1250,u2,2,READ,0x20000048000,4096
1250,u3,3,READ,0x30000043000,4096
1253,u0,0,READ,0x47000,4096
1260,u1,1,READ,0x1000004a000,4096
1263,u2,2,READ,0x20000049000,4096
1270,u0,0,READ,0x48000,4096
1275,u3,3,READ,0x30000044000,4096
1279,u1,1,READ,0x1000004b000,4096
1280,u0,0,READ,0x49000,4096
1288,u2,2,READ,0x2000004a000,4096
1290,u0,0,READ,0x4a000,4096
1293,u3,3,READ,0x30000045000,4096
1300,u0,0,READ,0x4b000,4096
1303,u1,1,READ,0x1000004c000,4096
1309,u2,2,READ,0x2000004b000,4096
1317,u3,3,READ,0x30000046000,4096
1318,u0,0,READ,0x4c000,4096
1325,u1,1,READ,0x1000004d000,4096
1327,u3,3,READ,0x30000047000,4096
1329,u2,2,READ,0x2000004c000,4096
1336,u0,0,READ,0x4d000,4096
1340,u1,1,READ,0x1000004e000,4096
1346,u2,2,READ,0x2000004d000,4096
1347,u3,3,READ,0x30000048000,4096
1353,u0,0,READ,0x4e000,4096
1357,u3,3,READ,0x30000049000,4096
1358,u1,1,READ,0x1000004f000,4096
1367,u2,2,READ,0x2000004e000,4096
1371,u1,1,READ,0x10000050000,4096
1378,u0,0,READ,0x4f000,4096
1381,u1,1,READ,0x10000051000,4096
1382,u3,3,READ,0x3000004a000,4096
1385,u2,2,READ,0x2000004f000,4096
1395,u1,1,READ,0x10000052000,4096
1398,u0,0,READ,0x50000,4096
1401,u2,2,READ,0x20000050000,4096
1406,u3,3,READ,0x3000004b000,4096
1409,u1,1,READ,0x10000053000,4096
1413,u0,0,WRITE,0x51000,4096
1419,u3,3,READ,0x3000004c000,4096
1420,u2,2,READ,0x20000051000,4096
1429,u1,1,READ,0x10000054000,4096
1435,u0,0,READ,0x52000,4096
1435,u3,3,READ,0x3000004d000,4096
1439,u2,2,READ,0x20000052000,4096
1444,u1,1,READ,0x10000055000,4096
1447,u3,3,READ,0x3000004e000,4096
1455,u2,2,READ,0x20000053000,4096
1456,u0,0,READ,0x53000,4096
1460,u1,1,READ,0x10000056000,4096
1462,u3,3,READ,0x3000004f000,4096
1466,u0,0,READ,0x54000,4096
1470,u2,2,WRITE,0x20000054000,4096
1472,u3,3,READ,0x30000050000,4096
1484,u1,1,READ,0x10000057000,4096
1485,u0,0,READ,0x55000,4096
1486,u2,2,READ,0x20000055000,4096
1488,u3,3,READ,0x30000051000,4096
1496,u2,2,READ,0x20000056000,4096
1498,u1,1,READ,0x10000058000,4096
1499,u0,0,READ,0x56000,4096
1505,u3,3,READ,0x30000052000,4096
1512,u0,0,READ,0x57000,4096
1519,u1,1,READ,0x10000059000,4096
1521,u2,2,READ,0x20000057000,4096
1525,u3,3,READ,0x30000053000,4096
1529,u0,0,READ,0x58000,4096
1533,u1,1,READ,0x1000005a000,4096
1538,u2,2,READ,0x20000058000,4096
1540,u0,0,READ,0x59000,4096
1549,u1,1,READ,0x1000005b000,4096
1549,u3,3,READ,0x30000054000,4096
1554,u2,2,READ,0x20000059000,4096
1556,u0,0,READ,0x5a000,4096
1572,u1,1,READ,0x1000005c000,4096
1573,u3,3,READ,0x30000055000,4096
1575,u0,0,READ,0x5b000,4096
1577,u2,2,READ,0x2000005a000,4096
1587,u1,1,READ,0x1000005d000,4096
1591,u0,0,READ,0x5c000,4096
1593,u2,2,READ,0x2000005b000,4096
1593,u3,3,READ,0x30000056000,4096
1601,u0,0,READ,0x5d000,4096
1606,u2,2,READ,0x2000005c000,4096
1610,u3,3,READ,0x30000057000,4096
1611,u1,1,READ,0x1000005e000,4096
1618,u2,2,READ,0x2000005d000,4096
1619,u0,0,READ,0x5e000,4096
1625,u3,3,READ,0x30000058000,4096
1632,u0,0,WRITE,0x5f000,4096
1632,u2,2,READ,0x2000005e000,4096
1634,u1,1,READ,0x1000005f000,4096
1639,u3,3,READ,0x30000059000,4096
1649,u2,2,READ,0x2000005f000,4096
1652,u3,3,READ,0x3000005a000,4096
1653,u1,1,READ,0x10000060000,4096
1654,u0,0,READ,0x60000,4096
1659,u2,2,READ,0x20000060000,4096
1665,u0,0,READ,0x61000,4096
1668,u3,3,READ,0x3000005b000,4096
1676,u2,2,READ,0x20000061000,4096
1677,u1,1,READ,0x10000061000,4096
1679,u0,0,READ,0x62000,4096
1693,u3,3,READ,0x3000005c000,4096
1694,u1,1,READ,0x10000062000,4096
1699,u2,2,READ,0x20000062000,4096
1702,u0,0,READ,0x63000,4096
1709,u1,1,READ,0x10000063000,4096
1710,u3,3,READ,0x3000005d000,4096
1711,u2,2,READ,0x20000063000,4096
1719,u0,0,READ,0x64000,4096
1726,u2,2,READ,0x20000064000,4096
1727,u1,1,READ,0x10000064000,4096
1731,u3,3,READ,0x3000005e000,4096
1743,u0,0,READ,0x65000,4096
1746,u2,2,READ,0x20000065000,4096
1747,u1,1,READ,0x10000065000,4096
1748,u3,3,READ,0x3000005f000,4096
1756,u2,2,READ,0x20000066000,4096
1757,u1,1,READ,0x10000066000,4096
1762,u0,0,READ,0x66000,4096
1768,u3,3,READ,0x30000060000,4096
1769,u1,1,READ,0x10000067000,4096
1775,u2,2,READ,0x20000067000,4096
1777,u0,0,READ,0x67000,4096
1787,u3,3,READ,0x30000061000,4096
1788,u1,1,READ,0x10000068000,4096
1788,u2,2,READ,0x20000068000,4096
1802,u0,0,READ,0x68000,4096
1805,u3,3,READ,0x30000062000,4096
1812,u1,1,READ,0x10000069000,4096
1812,u2,2,READ,0x20000069000,4096
1818,u0,0,READ,0x69000,4096
1823,u3,3,READ,0x30000063000,4096
1830,u2,2,READ,0x2000006a000,4096
1834,u1,1,READ,0x1000006a000,4096
1843,u0,0,READ,0x6a000,4096
1845,u1,1,READ,0x1000006b000,4096
1845,u3,3,READ,0x30000064000,4096
1847,u2,2,READ,0x2000006b000,4096
1855,u1,1,READ,0x1000006c000,4096
1856,u3,3,READ,0x30000065000,4096
1858,u0,0,READ,0x6b000,4096
1868,u2,2,READ,0x2000006c000,4096
1869,u0,0,READ,0x6c000,4096
1874,u1,1,READ,0x1000006d000,4096
1877,u3,3,WRITE,0x30000066000,4096
1884,u0,0,READ,0x6d000,4096
1887,u2,2,READ,0x2000006d000,4096
1896,u0,0,READ,0x6e000,4096
1898,u1,1,READ,0x1000006e000,4096
1901,u3,3,READ,0x30000067000,4096
1907,u0,0,READ,0x6f000,4096
1908,u2,2,READ,0x2000006e000,4096
1914,u3,3,READ,0x30000068000,4096
1916,u1,1,READ,0x1000006f000,4096
1923,u2,2,READ,0x2000006f000,4096
1930,u3,3,READ,0x30000069000,4096
1932,u0,0,READ,0x70000,4096
1933,u2,2,READ,0x20000070000,4096
1936,u1,1,READ,0x10000070000,4096
1941,u3,3,READ,0x3000006a000,4096
1945,u0,0,READ,0x71000,4096
1947,u2,2,READ,0x20000071000,4096
1948,u1,1,READ,0x10000071000,4096
1956,u0,0,READ,0x72000,4096
1958,u3,3,READ,0x3000006b000,4096
1962,u2,2,READ,0x20000072000,4096
1966,u1,1,READ,0x10000072000,4096
1976,u3,3,READ,0x3000006c000,4096
1978,u1,1,READ,0x10000073000,4096
1978,u2,2,READ,0x20000073000,4096
1980,u0,0,READ,0x73000,4096
1990,u2,2,READ,0x20000074000,4096
1993,u3,3,READ,0x3000006d000,4096
1996,u1,1,READ,0x10000074000,4096
1998,u0,0,READ,0x74000,4096
2005,u3,3,READ,0x3000006e000,4096
2013,u2,2,READ,0x20000075000,4096
2015,u1,1,READ,0x10000075000,4096
2018,u0,0,READ,0x75000,4096
2019,u3,3,READ,0x3000006f000,4096
2027,u2,2,READ,0x20000076000,4096
2029,u1,1,READ,0x10000076000,4096
2033,u0,0,READ,0x76000,4096
2040,u2,2,READ,0x20000077000,4096
2043,u3,3,READ,0x30000070000,4096
2044,u1,1,READ,0x10000077000,4096
2045,u0,0,READ,0x77000,4096
2058,u2,2,READ,0x20000078000,4096
2062,u1,1,READ,0x10000078000,4096
2064,u3,3,READ,0x30000071000,4096
2066,u0,0,READ,0x78000,4096
2069,u2,2,READ,0x20000079000,4096
2078,u1,1,READ,0x10000079000,4096
2082,u2,2,READ,0x2000007a000,4096
2085,u0,0,READ,0x79000,4096
2085,u3,3,READ,0x30000072000,4096
2088,u1,1,READ,0x1000007a000,4096
2100,u0,0,READ,0x7a000,4096
2103,u3,3,READ,0x30000073000,4096
2104,u1,1,READ,0x1000007b000,4096
2105,u2,2,READ,0x2000007b000,4096
2111,u0,0,READ,0x7b000,4096
2115,u3,3,READ,0x30000074000,4096
2122,u2,2,READ,0x2000007c000,4096
2124,u1,1,READ,0x1000007c000,4096
2132,u3,3,READ,0x30000075000,4096
2133,u0,0,READ,0x7c000,4096
2134,u1,1,READ,0x1000007d000,4096
2144,u0,0,WRITE,0x7d000,4096
2147,u2,2,READ,0x2000007d000,4096
2151,u3,3,WRITE,0x30000076000,4096
2158,u1,1,READ,0x1000007e000,4096
2159,u0,0,READ,0x7e000,4096
2162,u2,2,READ,0x2000007e000,4096
2168,u3,3,READ,0x30000077000,4096
2177,u2,2,READ,0x2000007f000,4096
2179,u1,1,READ,0x1000007f000,4096
2181,u0,0,READ,0x7f000,4096
2182,u3,3,READ,0x30000078000,4096
2198,u0,0,READ,0x80000,4096
2198,u2,2,READ,0x20000080000,4096
2199,u1,1,READ,0x10000080000,4096
2201,u3,3,READ,0x30000079000,4096
2209,u0,0,READ,0x81000,4096
2213,u1,1,READ,0x10000081000,4096
2214,u2,2,READ,0x20000081000,4096
2223,u0,0,READ,0x82000,4096
2223,u3,3,READ,0x3000007a000,4096
2225,u1,1,READ,0x10000082000,4096
2228,u2,2,READ,0x20000082000,4096
2239,u0,0,READ,0x83000,4096
2244,u1,1,READ,0x10000083000,4096
2248,u3,3,READ,0x3000007b000,4096
2250,u0,0,READ,0x84000,4096
2252,u2,2,READ,0x20000083000,4096
2267,u1,1,READ,0x10000084000,4096
2268,u0,0,READ,0x85000,4096
2272,u3,3,READ,0x3000007c000,4096
2276,u2,2,READ,0x20000084000,4096
2284,u0,0,READ,0x86000,4096
2285,u1,1,READ,0x10000085000,4096
2294,u3,3,READ,0x3000007d000,4096
2299,u0,0,READ,0x87000,4096
2301,u2,2,READ,0x20000085000,4096
2304,u3,3,READ,0x3000007e000,4096
2308,u1,1,READ,0x10000086000,4096
2319,u0,0,READ,0x88000,4096
2321,u2,2,READ,0x20000086000,4096
2323,u3,3,READ,0x3000007f000,4096
2328,u1,1,READ,0x10000087000,4096
2331,u0,0,READ,0x89000,4096
2331,u2,2,READ,0x20000087000,4096
2340,u1,1,WRITE,0x10000088000,4096
2341,u2,2,READ,0x20000088000,4096
2343,u3,3,READ,0x30000080000,4096
2345,u0,0,READ,0x8a000,4096
2357,u1,1,READ,0x10000089000,4096
2358,u3,3,READ,0x30000081000,4096
2360,u2,2,READ,0x20000089000,4096
2361,u0,0,READ,0x8b000,4096
2368,u1,1,READ,0x1000008a000,4096
2371,u3,3,WRITE,0x30000082000,4096
2374,u2,2,READ,0x2000008a000,4096
2381,u0,0,READ,0x8c000,4096
2387,u3,3,READ,0x30000083000,4096
2392,u0,0,READ,0x8d000,4096
2392,u1,1,READ,0x1000008b000,4096
2397,u2,2,READ,0x2000008b000,4096
2402,u0,0,READ,0x8e000,4096
2402,u3,3,READ,0x30000084000,4096
2411,u2,2,READ,0x2000008c000,4096
2415,u0,0,WRITE,0x8f000,4096
2416,u1,1,READ,0x1000008c000,4096
2421,u3,3,READ,0x30000085000,4096
2425,u0,0,READ,0x90000,4096
2427,u2,2,READ,0x2000008d000,4096
2435,u1,1,READ,0x1000008d000,4096
2446,u0,0,READ,0x91000,4096
2446,u3,3,READ,0x30000086000,4096
2448,u2,2,READ,0x2000008e000,4096
2460,u0,0,READ,0x92000,4096
2460,u1,1,READ,0x1000008e000,4096
2467,u2,2,READ,0x2000008f000,4096
2471,u3,3,READ,0x30000087000,4096
2481,u1,1,READ,0x1000008f000,4096
2482,u0,0,READ,0x93000,4096
2490,u3,3,READ,0x30000088000,4096
2492,u2,2,READ,0x20000090000,4096
2497,u0,0,READ,0x94000,4096
2501,u1,1,READ,0x10000090000,4096
2502,u3,3,READ,0x30000089000,4096
2505,u2,2,READ,0x20000091000,4096
2515,u0,0,READ,0x95000,4096
2515,u2,2,READ,0x20000092000,4096
2523,u1,1,READ,0x10000091000,4096
2524,u3,3,READ,0x3000008a000,4096
2525,u0,0,READ,0x96000,4096
2526,u2,2,READ,0x20000093000,4096
2536,u3,3,READ,0x3000008b000,4096
2538,u0,0,READ,0x97000,4096
2547,u1,1,READ,0x10000092000,4096
2548,u2,2,READ,0x20000094000,4096
2557,u3,3,READ,0x3000008c000,4096
2561,u1,1,READ,0x10000093000,4096
2563,u0,0,READ,0x98000,4096
2571,u2,2,WRITE,0x20000095000,4096
2574,u3,3,READ,0x3000008d000,4096
2580,u0,0,READ,0x99000,4096
2580,u1,1,READ,0x10000094000,4096
2592,u2,2,READ,0x20000096000,4096
2594,u0,0,READ,0x9a000,4096
2595,u3,3,READ,0x3000008e000,4096
2599,u1,1,READ,0x10000095000,4096
2603,u2,2,READ,0x20000097000,4096
2606,u3,3,READ,0x3000008f000,4096
2617,u2,2,READ,0x20000098000,4096
2619,u0,0,READ,0x9b000,4096
2621,u1,1,READ,0x10000096000,4096
2621,u3,3,READ,0x30000090000,4096
2628,u2,2,READ,0x20000099000,4096
2638,u0,0,READ,0x9c000,4096
2638,u1,1,READ,0x10000097000,4096
2642,u3,3,READ,0x30000091000,4096
2644,u2,2,READ,0x2000009a000,4096
2648,u1,1,READ,0x10000098000,4096
2649,u0,0,READ,0x9d000,4096
2654,u3,3,READ,0x30000092000,4096
2660,u0,0,WRITE,0x9e000,4096
2661,u2,2,READ,0x2000009b000,4096
2663,u1,1,READ,0x10000099000,4096
2674,u0,0,READ,0x9f000,4096
2676,u1,1,READ,0x1000009a000,4096
2676,u3,3,READ,0x30000093000,4096
2683,u2,2,READ,0x2000009c000,4096
2687,u1,1,READ,0x1000009b000,4096
2690,u0,0,READ,0xa0000,4096
2693,u3,3,WRITE,0x30000094000,4096
2706,u1,1,READ,0x1000009c000,4096
2706,u3,3,READ,0x30000095000,4096
2708,u2,2,READ,0x2000009d000,4096
2709,u0,0,READ,0xa1000,4096
2719,u3,3,READ,0x30000096000,4096
2723,u1,1,READ,0x1000009d000,4096
2725,u0,0,READ,0xa2000,4096
2726,u2,2,READ,0x2000009e000,4096
2740,u2,2,READ,0x2000009f000,4096
2742,u3,3,WRITE,0x30000097000,4096
2748,u1,1,READ,0x1000009e000,4096
2750,u0,0,READ,0xa3000,4096
2759,u2,2,READ,0x200000a0000,4096
2761,u3,3,READ,0x30000098000,4096
2763,u1,1,READ,0x1000009f000,4096
2770,u2,2,READ,0x200000a1000,4096
2774,u0,0,READ,0xa4000,4096
2776,u3,3,READ,0x30000099000,4096
2780,u1,1,READ,0x100000a0000,4096
2786,u3,3,READ,0x3000009a000,4096
2790,u2,2,READ,0x200000a2000,4096
2796,u0,0,READ,0xa5000,4096
2801,u1,1,READ,0x100000a1000,4096
2807,u3,3,READ,0x3000009b000,4096
2813,u2,2,READ,0x200000a3000,4096
2818,u3,3,READ,0x3000009c000,4096
2820,u0,0,READ,0xa6000,4096
2823,u2,2,READ,0x200000a4000,4096
2824,u1,1,WRITE,0x100000a2000,4096
2832,u0,0,READ,0xa7000,4096
2837,u3,3,READ,0x3000009d000,4096
2840,u2,2,READ,0x200000a5000,4096
2843,u1,1,READ,0x100000a3000,4096
2845,u0,0,READ,0xa8000,4096
2851,u3,3,READ,0x3000009e000,4096
2853,u1,1,READ,0x100000a4000,4096
2858,u0,0,READ,0xa9000,4096
2861,u3,3,READ,0x3000009f000,4096
2863,u2,2,READ,0x200000a6000,4096
2864,u1,1,READ,0x100000a5000,4096
2871,u0,0,READ,0xaa000,4096
2880,u3,3,READ,0x300000a0000,4096
2883,u1,1,READ,0x100000a6000,4096
2886,u2,2,READ,0x200000a7000,4096
2888,u0,0,READ,0xab000,4096
2893,u3,3,READ,0x300000a1000,4096
2904,u2,2,READ,0x200000a8000,4096
2905,u0,0,READ,0xac000,4096
2907,u1,1,READ,0x100000a7000,4096
2910,u3,3,READ,0x300000a2000,4096
2921,u2,2,READ,0x200000a9000,4096
2923,u0,0,READ,0xad000,4096
2927,u1,1,READ,0x100000a8000,4096
2930,u3,3,READ,0x300000a3000,4096
2933,u2,2,READ,0x200000aa000,4096
2941,u0,0,READ,0xae000,4096
2942,u1,1,READ,0x100000a9000,4096
2945,u3,3,READ,0x300000a4000,4096
2956,u2,2,READ,0x200000ab000,4096
2959,u1,1,WRITE,0x100000aa000,4096
2963,u3,3,READ,0x300000a5000,4096
2964,u0,0,READ,0xaf000,4096
2974,u0,0,READ,0xb0000,4096
2974,u3,3,READ,0x300000a6000,4096
2978,u2,2,READ,0x200000ac000,4096
2984,u1,1,READ,0x100000ab000,4096
2986,u0,0,READ,0xb1000,4096
2993,u3,3,READ,0x300000a7000,4096
2996,u1,1,READ,0x100000ac000,4096
2997,u0,0,WRITE,0xb2000,4096
3002,u2,2,READ,0x200000ad000,4096
3009,u3,3,READ,0x300000a8000,4096
3014,u1,1,READ,0x100000ad000,4096
3016,u0,0,READ,0xb3000,4096
3027,u0,0,READ,0xb4000,4096
3027,u2,2,READ,0x200000ae000,4096
3030,u1,1,READ,0x100000ae000,4096
3034,u3,3,READ,0x300000a9000,4096
3037,u2,2,READ,0x200000af000,4096
3040,u1,1,READ,0x100000af000,4096
3046,u3,3,READ,0x300000aa000,4096
3048,u0,0,READ,0xb5000,4096
3062,u2,2,READ,0x200000b0000,4096
3064,u1,1,READ,0x100000b0000,4096
3065,u0,0,READ,0xb6000,4096
3065,u3,3,READ,0x300000ab000,4096
3081,u1,1,READ,0x100000b1000,4096
3086,u2,2,READ,0x200000b1000,4096
3090,u0,0,READ,0xb7000,4096
3090,u3,3,READ,0x300000ac000,4096
3091,u1,1,READ,0x100000b2000,4096
3100,u2,2,READ,0x200000b2000,4096
3105,u0,0,READ,0xb8000,4096
3106,u3,3,READ,0x300000ad000,4096
3108,u1,1,READ,0x100000b3000,4096
3111,u2,2,READ,0x200000b3000,4096
3117,u3,3,READ,0x300000ae000,4096
3118,u0,0,READ,0xb9000,4096
3122,u2,2,READ,0x200000b4000,4096
3130,u0,0,READ,0xba000,4096
3133,u1,1,READ,0x100000b4000,4096
3135,u3,3,READ,0x300000af000,4096
3142,u2,2,READ,0x200000b5000,4096
3147,u1,1,READ,0x100000b5000,4096
3150,u0,0,READ,0xbb000,4096
3151,u3,3,READ,0x300000b0000,4096
3153,u2,2,READ,0x200000b6000,4096
3157,u1,1,READ,0x100000b6000,4096
3163,u3,3,READ,0x300000b1000,4096
3167,u0,0,READ,0xbc000,4096
3167,u2,2,READ,0x200000b7000,4096
3168,u1,1,READ,0x100000b7000,4096
3178,u1,1,READ,0x100000b8000,4096
3179,u2,2,READ,0x200000b8000,4096
3181,u3,3,WRITE,0x300000b2000,4096
3185,u0,0,READ,0xbd000,4096
3194,u2,2,READ,0x200000b9000,4096
3195,u3,3,READ,0x300000b3000,4096
3198,u1,1,READ,0x100000b9000,4096
3202,u0,0,READ,0xbe000,4096
3214,u2,2,READ,0x200000ba000,4096
3218,u3,3,READ,0x300000b4000,4096
3220,u0,0,READ,0xbf000,4096
3220,u1,1,READ,0x100000ba000,4096
3225,u2,2,READ,0x200000bb000,4096
3231,u0,0,READ,0xc0000,4096
3240,u1,1,WRITE,0x100000bb000,4096
3241,u3,3,READ,0x300000b5000,4096
3244,u2,2,READ,0x200000bc000,4096
3254,u1,1,READ,0x100000bc000,4096
3254,u3,3,READ,0x300000b6000,4096
3255,u0,0,READ,0xc1000,4096
3258,u2,2,READ,0x200000bd000,4096
3266,u3,3,READ,0x300000b7000,4096
3268,u1,1,READ,0x100000bd000,4096
3274,u2,2,READ,0x200000be000,4096
3276,u0,0,READ,0xc2000,4096
3278,u1,1,READ,0x100000be000,4096
3278,u3,3,READ,0x300000b8000,4096
3286,u0,0,READ,0xc3000,4096
3290,u2,2,READ,0x200000bf000,4096
3298,u0,0,READ,0xc4000,4096
3299,u1,1,READ,0x100000bf000,4096
3300,u3,3,READ,0x300000b9000,4096
3310,u1,1,READ,0x100000c0000,4096
3311,u0,0,READ,0xc5000,4096
3312,u2,2,READ,0x200000c0000,4096
3320,u3,3,READ,0x300000ba000,4096
3324,u0,0,READ,0xc6000,4096
3327,u1,1,READ,0x100000c1000,4096
3332,u3,3,READ,0x300000bb000,4096
3335,u2,2,READ,0x200000c1000,4096
3336,u0,0,READ,0xc7000,4096
3342,u1,1,READ,0x100000c2000,4096
3349,u2,2,READ,0x200000c2000,4096
3351,u3,3,READ,0x300000bc000,4096
3354,u0,0,READ,0xc8000,4096
3359,u1,1,READ,0x100000c3000,4096
3364,u2,2,READ,0x200000c3000,4096
3369,u0,0,READ,0xc9000,4096
3373,u3,3,READ,0x300000bd000,4096
3379,u1,1,READ,0x100000c4000,4096
3386,u2,2,READ,0x200000c4000,4096
3388,u0,0,READ,0xca000,4096
3388,u3,3,READ,0x300000be000,4096
3396,u1,1,READ,0x100000c5000,4096
3403,u2,2,READ,0x200000c5000,4096
3411,u0,0,READ,0xcb000,4096
3411,u3,3,READ,0x300000bf000,4096
3419,u2,2,READ,0x200000c6000,4096
3420,u1,1,READ,0x100000c6000,4096
3432,u0,0,READ,0xcc000,4096
3433,u3,3,WRITE,0x300000c0000,4096
3437,u2,2,READ,0x200000c7000,4096
3438,u1,1,READ,0x100000c7000,4096
3446,u3,3,READ,0x300000c1000,4096
3450,u2,2,READ,0x200000c8000,4096
3453,u0,0,READ,0xcd000,4096
3458,u3,3,READ,0x300000c2000,4096
3460,u1,1,READ,0x100000c8000,4096
3469,u0,0,READ,0xce000,4096
3470,u1,1,READ,0x100000c9000,4096
3473,u3,3,READ,0x300000c3000,4096
3474,u2,2,READ,0x200000c9000,4096
3485,u0,0,READ,0xcf000,4096
3485,u3,3,READ,0x300000c4000,4096
3487,u2,2,READ,0x200000ca000,4096
3488,u1,1,READ,0x100000ca000,4096
3498,u3,3,READ,0x300000c5000,4096
3502,u1,1,READ,0x100000cb000,4096
3504,u2,2,READ,0x200000cb000,4096
3510,u0,0,WRITE,0xd0000,4096
3512,u3,3,READ,0x300000c6000,4096
3519,u1,1,READ,0x100000cc000,4096
3522,u0,0,READ,0xd1000,4096
3524,u2,2,READ,0x200000cc000,4096
3526,u3,3,READ,0x300000c7000,4096
3534,u1,1,READ,0x100000cd000,4096
3542,u2,2,READ,0x200000cd000,4096
3546,u0,0,READ,0xd2000,4096
3549,u3,3,READ,0x300000c8000,4096
3557,u1,1,READ,0x100000ce000,4096
3558,u0,0,READ,0xd3000,4096
3566,u2,2,READ,0x200000ce000,4096
3569,u3,3,READ,0x300000c9000,4096
3577,u0,0,READ,0xd4000,4096
3581,u1,1,READ,0x100000cf000,4096
3586,u2,2,READ,0x200000cf000,4096
3593,u3,3,READ,0x300000ca000,4096
3599,u1,1,READ,0x100000d0000,4096
3599,u2,2,READ,0x200000d0000,4096
3600,u0,0,READ,0xd5000,4096
3608,u3,3,READ,0x300000cb000,4096
3612,u2,2,READ,0x200000d1000,4096
3616,u0,0,WRITE,0xd6000,4096
3624,u1,1,READ,0x100000d1000,4096
3626,u3,3,READ,0x300000cc000,4096
3627,u2,2,READ,0x200000d2000,4096
3628,u0,0,READ,0xd7000,4096
3638,u1,1,READ,0x100000d2000,4096
3641,u3,3,READ,0x300000cd000,4096
3649,u2,2,READ,0x200000d3000,4096
3653,u0,0,READ,0xd8000,4096
3661,u3,3,READ,0x300000ce000,4096
3663,u1,1,READ,0x100000d3000,4096
3671,u0,0,READ,0xd9000,4096
3672,u2,2,READ,0x200000d4000,4096
3683,u3,3,READ,0x300000cf000,4096
3688,u1,1,READ,0x100000d4000,4096
3689,u0,0,READ,0xda000,4096
3695,u2,2,READ,0x200000d5000,4096
3707,u1,1,READ,0x100000d5000,4096
3708,u3,3,READ,0x300000d0000,4096
3709,u0,0,READ,0xdb000,4096
3711,u2,2,READ,0x200000d6000,4096
3717,u1,1,READ,0x100000d6000,4096
3725,u3,3,READ,0x300000d1000,4096
3732,u0,0,READ,0xdc000,4096
3732,u1,1,WRITE,0x100000d7000,4096
3735,u2,2,READ,0x200000d7000,4096
3739,u3,3,READ,0x300000d2000,4096
3745,u1,1,READ,0x100000d8000,4096
3746,u0,0,READ,0xdd000,4096
3754,u3,3,READ,0x300000d3000,4096
3757,u0,0,READ,0xde000,4096
3757,u2,2,READ,0x200000d8000,4096
3761,u1,1,READ,0x100000d9000,4096
3768,u2,2,READ,0x200000d9000,4096
3770,u0,0,READ,0xdf000,4096
3776,u1,1,READ,0x100000da000,4096
3777,u3,3,READ,0x300000d4000,4096
3778,u2,2,READ,0x200000da000,4096
3782,u0,0,READ,0xe0000,4096
3793,u0,0,READ,0xe1000,4096
3795,u3,3,WRITE,0x300000d5000,4096
3796,u1,1,READ,0x100000db000,4096
3797,u2,2,READ,0x200000db000,4096
3810,u0,0,READ,0xe2000,4096
3810,u3,3,READ,0x300000d6000,4096
3817,u1,1,READ,0x100000dc000,4096
3818,u2,2,READ,0x200000dc000,4096
3830,u0,0,READ,0xe3000,4096
3830,u1,1,READ,0x100000dd000,4096
3832,u2,2,READ,0x200000dd000,4096
3835,u3,3,READ,0x300000d7000,4096
3845,u3,3,READ,0x300000d8000,4096
3852,u0,0,READ,0xe4000,4096
3853,u1,1,READ,0x100000de000,4096
3857,u2,2,READ,0x200000de000,4096
3868,u0,0,READ,0xe5000,4096
3868,u1,1,READ,0x100000df000,4096
3868,u3,3,READ,0x300000d9000,4096
3879,u3,3,READ,0x300000da000,4096
3882,u2,2,READ,0x200000df000,4096
3888,u0,0,READ,0xe6000,4096
3889,u1,1,READ,0x100000e0000,4096
3893,u2,2,READ,0x200000e0000,4096
3893,u3,3,READ,0x300000db000,4096
3903,u1,1,READ,0x100000e1000,4096
3910,u3,3,WRITE,0x300000dc000,4096
3913,u0,0,READ,0xe7000,4096
3913,u2,2,READ,0x200000e1000,4096
3920,u1,1,READ,0x100000e2000,4096
3927,u3,3,READ,0x300000dd000,4096
3930,u2,2,READ,0x200000e2000,4096
3932,u0,0,READ,0xe8000,4096
3937,u3,3,READ,0x300000de000,4096
3942,u1,1,READ,0x100000e3000,4096
3944,u0,0,READ,0xe9000,4096
3947,u2,2,READ,0x200000e3000,4096
3954,u3,3,READ,0x300000df000,4096
3963,u1,1,READ,0x100000e4000,4096
3968,u2,2,READ,0x200000e4000,4096
3969,u0,0,READ,0xea000,4096
3976,u1,1,READ,0x100000e5000,4096
3979,u3,3,READ,0x300000e0000,4096
3988,u1,1,READ,0x100000e6000,4096
3990,u2,2,READ,0x200000e5000,4096
3993,u0,0,READ,0xeb000,4096
3996,u3,3,READ,0x300000e1000,4096
3998,u1,1,READ,0x100000e7000,4096
4001,u2,2,READ,0x200000e6000,4096
4012,u2,2,READ,0x200000e7000,4096
4012,u3,3,READ,0x300000e2000,4096
4017,u0,0,READ,0xec000,4096
4022,u1,1,READ,0x100000e8000,4096
4032,u2,2,READ,0x200000e8000,4096
4032,u3,3,READ,0x300000e3000,4096
4039,u0,0,READ,0xed000,4096
4042,u1,1,READ,0x100000e9000,4096
4042,u3,3,READ,0x300000e4000,4096
4051,u0,0,READ,0xee000,4096
4054,u2,2,READ,0x200000e9000,4096
4055,u1,1,READ,0x100000ea000,4096
4064,u0,0,READ,0xef000,4096
4066,u3,3,READ,0x300000e5000,4096
4070,u2,2,READ,0x200000ea000,4096
4073,u1,1,READ,0x100000eb000,4096
4076,u0,0,READ,0xf0000,4096
4083,u3,3,READ,0x300000e6000,4096
4084,u2,2,READ,0x200000eb000,4096
4085,u1,1,READ,0x100000ec000,4096
4092,u0,0,READ,0xf1000,4096
4098,u3,3,READ,0x300000e7000,4096
4101,u2,2,READ,0x200000ec000,4096
4107,u1,1,READ,0x100000ed000,4096
4114,u0,0,READ,0xf2000,4096
4117,u1,1,READ,0x100000ee000,4096
4119,u2,2,READ,0x200000ed000,4096
4123,u3,3,READ,0x300000e8000,4096
4131,u0,0,READ,0xf3000,4096
4134,u1,1,READ,0x100000ef000,4096
4135,u2,2,READ,0x200000ee000,4096
4143,u3,3,READ,0x300000e9000,4096
4148,u0,0,READ,0xf4000,4096
4151,u2,2,READ,0x200000ef000,4096
4159,u1,1,READ,0x100000f0000,4096
4166,u3,3,READ,0x300000ea000,4096
4169,u0,0,READ,0xf5000,4096
4172,u2,2,READ,0x200000f0000,4096
4174,u1,1,READ,0x100000f1000,4096
4184,u0,0,READ,0xf6000,4096
4186,u2,2,READ,0x200000f1000,4096
4188,u1,1,READ,0x100000f2000,4096
4190,u3,3,WRITE,0x300000eb000,4096
4198,u1,1,READ,0x100000f3000,4096
4201,u0,0,READ,0xf7000,4096
4205,u2,2,WRITE,0x200000f2000,4096
4205,u3,3,READ,0x300000ec000,4096
4211,u0,0,READ,0xf8000,4096
4217,u1,1,READ,0x100000f4000,4096
4218,u2,2,WRITE,0x200000f3000,4096
4220,u3,3,READ,0x300000ed000,4096
4226,u0,0,READ,0xf9000,4096
4234,u2,2,READ,0x200000f4000,4096
4236,u1,1,READ,0x100000f5000,4096
4240,u3,3,READ,0x300000ee000,4096
4248,u0,0,READ,0xfa000,4096
4252,u2,2,READ,0x200000f5000,4096
4255,u1,1,READ,0x100000f6000,4096
4262,u3,3,READ,0x300000ef000,4096
4265,u1,1,READ,0x100000f7000,4096
4266,u0,0,READ,0xfb000,4096
4270,u2,2,READ,0x200000f6000,4096
4275,u1,1,READ,0x100000f8000,4096
4279,u0,0,READ,0xfc000,4096
4280,u2,2,READ,0x200000f7000,4096
4285,u3,3,READ,0x300000f0000,4096
4292,u1,1,READ,0x100000f9000,4096
4298,u0,0,READ,0xfd000,4096
4299,u3,3,READ,0x300000f1000,4096
4302,u1,1,READ,0x100000fa000,4096
4303,u2,2,READ,0x200000f8000,4096
4309,u3,3,READ,0x300000f2000,4096
4319,u0,0,READ,0xfe000,4096
4325,u2,2,READ,0x200000f9000,4096
4326,u3,3,READ,0x300000f3000,4096
4327,u1,1,READ,0x100000fb000,4096
4334,u0,0,READ,0xff000,4096
4338,u2,2,READ,0x200000fa000,4096
4341,u1,1,READ,0x100000fc000,4096
4346,u0,0,READ,0x100000,4096
4349,u3,3,READ,0x300000f4000,4096
4355,u2,2,READ,0x200000fb000,4096
4356,u0,0,READ,0x101000,4096
4366,u1,1,READ,0x100000fd000,4096
4366,u3,3,READ,0x300000f5000,4096
4376,u0,0,READ,0x102000,4096
4376,u1,1,READ,0x100000fe000,4096
4379,u2,2,READ,0x200000fc000,4096
4384,u3,3,READ,0x300000f6000,4096
4395,u1,1,READ,0x100000ff000,4096
4396,u0,0,READ,0x103000,4096
4402,u2,2,READ,0x200000fd000,4096
4405,u1,1,READ,0x10000100000,4096
4408,u3,3,READ,0x300000f7000,4096
4410,u0,0,READ,0x104000,4096
4415,u2,2,WRITE,0x200000fe000,4096
4420,u3,3,READ,0x300000f8000,4096
4426,u0,0,READ,0x105000,4096
4427,u1,1,READ,0x10000101000,4096
4430,u2,2,READ,0x200000ff000,4096
4439,u3,3,READ,0x300000f9000,4096
4440,u0,0,READ,0x106000,4096
4447,u1,1,READ,0x10000102000,4096
4454,u2,2,READ,0x20000100000,4096
4458,u1,1,READ,0x10000103000,4096
4458,u3,3,READ,0x300000fa000,4096
4464,u0,0,READ,0x107000,4096
4470,u3,3,READ,0x300000fb000,4096
4473,u2,2,READ,0x20000101000,4096
4475,u1,1,READ,0x10000104000,4096
4481,u0,0,READ,0x108000,4096
4482,u3,3,READ,0x300000fc000,4096
4486,u2,2,READ,0x20000102000,4096
4497,u1,1,READ,0x10000105000,4096
4499,u2,2,READ,0x20000103000,4096
4500,u0,0,READ,0x109000,4096
4507,u3,3,READ,0x300000fd000,4096
4518,u1,1,READ,0x10000106000,4096
4518,u3,3,READ,0x300000fe000,4096
4522,u2,2,READ,0x20000104000,4096
4524,u0,0,READ,0x10a000,4096
4530,u3,3,READ,0x300000ff000,4096
4538,u1,1,READ,0x10000107000,4096
4539,u2,2,READ,0x20000105000,4096
4544,u0,0,READ,0x10b000,4096
4545,u3,3,READ,0x30000100000,4096
4553,u2,2,READ,0x20000106000,4096
4557,u3,3,READ,0x30000101000,4096
4563,u1,1,READ,0x10000108000,4096
4564,u2,2,READ,0x20000107000,4096
4565,u0,0,WRITE,0x10c000,4096
4576,u3,3,READ,0x30000102000,4096
4581,u2,2,READ,0x20000108000,4096
4585,u1,1,READ,0x10000109000,4096
4589,u0,0,READ,0x10d000,4096
4597,u3,3,READ,0x30000103000,4096
4600,u0,0,READ,0x10e000,4096
4602,u2,2,READ,0x20000109000,4096
4609,u1,1,READ,0x1000010a000,4096
4612,u0,0,READ,0x10f000,4096
4613,u3,3,READ,0x30000104000,4096
4623,u3,3,READ,0x30000105000,4096
4625,u2,2,READ,0x2000010a000,4096
4626,u1,1,READ,0x1000010b000,4096
4634,u0,0,READ,0x110000,4096
4639,u1,1,READ,0x1000010c000,4096
4640,u2,2,READ,0x2000010b000,4096
4641,u3,3,READ,0x30000106000,4096
4652,u2,2,READ,0x2000010c000,4096
4653,u0,0,READ,0x111000,4096
4658,u1,1,READ,0x1000010d000,4096
4665,u3,3,READ,0x30000107000,4096
4667,u2,2,READ,0x2000010d000,4096
4677,u1,1,READ,0x1000010e000,4096
4678,u0,0,READ,0x112000,4096
4680,u2,2,READ,0x2000010e000,4096
4689,u3,3,READ,0x30000108000,4096
4691,u1,1,READ,0x1000010f000,4096
4692,u2,2,READ,0x2000010f000,4096
4693,u0,0,READ,0x113000,4096
4703,u3,3,READ,0x30000109000,4096
4709,u1,1,READ,0x10000110000,4096
4717,u2,2,READ,0x20000110000,4096
4717,u3,3,READ,0x3000010a000,4096
4718,u0,0,READ,0x114000,4096
4720,u1,1,READ,0x10000111000,4096
4727,u3,3,READ,0x3000010b000,4096
4730,u1,1,WRITE,0x10000112000,4096
4740,u0,0,READ,0x115000,4096
4740,u2,2,READ,0x20000111000,4096
4743,u1,1,READ,0x10000113000,4096
4747,u3,3,READ,0x3000010c000,4096
4757,u2,2,READ,0x20000112000,4096
4759,u1,1,READ,0x10000114000,4096
4760,u3,3,READ,0x3000010d000,4096
4762,u0,0,READ,0x116000,4096
4771,u2,2,READ,0x20000113000,4096
4778,u0,0,READ,0x117000,4096
4783,u1,1,READ,0x10000115000,4096
4785,u3,3,READ,0x3000010e000,4096
4789,u0,0,READ,0x118000,4096
4796,u2,2,WRITE,0x20000114000,4096
4799,u1,1,READ,0x10000116000,4096
4801,u3,3,READ,0x3000010f000,4096
4805,u0,0,READ,0x119000,4096
4812,u3,3,READ,0x30000110000,4096
4818,u1,1,READ,0x10000117000,4096
4819,u0,0,READ,0x11a000,4096
4820,u2,2,READ,0x20000115000,4096
4826,u3,3,READ,0x30000111000,4096
4828,u1,1,READ,0x10000118000,4096
4834,u2,2,READ,0x20000116000,4096
4836,u0,0,READ,0x11b000,4096
4838,u3,3,READ,0x30000112000,4096
4844,u1,1,READ,0x10000119000,4096
4847,u0,0,READ,0x11c000,4096
4851,u2,2,READ,0x20000117000,4096
4857,u0,0,READ,0x11d000,4096
4859,u1,1,READ,0x1000011a000,4096
4861,u3,3,READ,0x30000113000,4096
4865,u2,2,READ,0x20000118000,4096
4871,u0,0,READ,0x11e000,4096
4875,u3,3,READ,0x30000114000,4096
4881,u0,0,READ,0x11f000,4096
4884,u1,1,READ,0x1000011b000,4096
4885,u2,2,READ,0x20000119000,4096
4891,u3,3,READ,0x30000115000,4096
4894,u0,0,READ,0x120000,4096
4896,u2,2,READ,0x2000011a000,4096
4900,u1,1,READ,0x1000011c000,4096
4902,u3,3,READ,0x30000116000,4096
4911,u2,2,READ,0x2000011b000,4096
4917,u0,0,READ,0x121000,4096
4919,u1,1,READ,0x1000011d000,4096
4927,u3,3,READ,0x30000117000,4096
4928,u2,2,READ,0x2000011c000,4096
4933,u1,1,READ,0x1000011e000,4096
4934,u0,0,READ,0x122000,4096
4942,u2,2,WRITE,0x2000011d000,4096
4942,u3,3,READ,0x30000118000,4096
4956,u1,1,READ,0x1000011f000,4096
4958,u0,0,WRITE,0x123000,4096
4960,u3,3,READ,0x30000119000,4096
4967,u2,2,READ,0x2000011e000,4096
4970,u0,0,READ,0x124000,4096
4971,u1,1,READ,0x10000120000,4096
4971,u3,3,READ,0x3000011a000,4096
4981,u3,3,READ,0x3000011b000,4096
4982,u0,0,READ,0x125000,4096
4984,u1,1,READ,0x10000121000,4096
4991,u2,2,READ,0x2000011f000,4096
4999,u3,3,READ,0x3000011c000,4096
5002,u0,0,READ,0x126000,4096
5002,u1,1,READ,0x10000122000,4096
5004,u2,2,READ,0x20000120000,4096
5013,u3,3,READ,0x3000011d000,4096
5016,u1,1,READ,0x10000123000,4096
5020,u0,0,READ,0x127000,4096
5026,u2,2,WRITE,0x20000121000,4096
5037,u3,3,READ,0x3000011e000,4096
5038,u1,1,READ,0x10000124000,4096
5040,u0,0,READ,0x128000,4096
5043,u2,2,READ,0x20000122000,4096
5050,u0,0,READ,0x129000,4096
5061,u3,3,READ,0x3000011f000,4096
5062,u0,0,READ,0x12a000,4096
5063,u1,1,READ,0x10000125000,4096
5067,u2,2,READ,0x20000123000,4096
5073,u0,0,READ,0x12b000,4096
5077,u1,1,READ,0x10000126000,4096
5082,u3,3,READ,0x30000120000,4096
5087,u0,0,READ,0x12c000,4096
5091,u1,1,READ,0x10000127000,4096
5092,u2,2,READ,0x20000124000,4096
5099,u3,3,READ,0x30000121000,4096
5108,u2,2,READ,0x20000125000,4096
5110,u1,1,READ,0x10000128000,4096
5112,u0,0,READ,0x12d000,4096
5120,u2,2,READ,0x20000126000,4096
5121,u1,1,READ,0x10000129000,4096
5121,u3,3,READ,0x30000122000,4096
5134,u0,0,READ,0x12e000,4096
5134,u1,1,READ,0x1000012a000,4096
5139,u2,2,READ,0x20000127000,4096
5146,u1,1,READ,0x1000012b000,4096
5146,u3,3,READ,0x30000123000,4096
5151,u2,2,READ,0x20000128000,4096
5154,u0,0,READ,0x12f000,4096
5158,u3,3,READ,0x30000124000,4096
5159,u1,1,READ,0x1000012c000,4096
5162,u2,2,READ,0x20000129000,4096
5175,u2,2,READ,0x2000012a000,4096
5178,u0,0,READ,0x130000,4096
5179,u1,1,READ,0x1000012d000,4096
5179,u3,3,READ,0x30000125000,4096
5195,u1,1,READ,0x1000012e000,4096
5195,u2,2,WRITE,0x2000012b000,4096
5197,u3,3,READ,0x30000126000,4096
5202,u0,0,READ,0x131000,4096
5207,u2,2,READ,0x2000012c000,4096
5211,u3,3,READ,0x30000127000,4096
5212,u1,1,READ,0x1000012f000,4096
5218,u2,2,READ,0x2000012d000,4096
5221,u0,0,READ,0x132000,4096
5228,u1,1,READ,0x10000130000,4096
5233,u0,0,WRITE,0x133000,4096
5234,u3,3,READ,0x30000128000,4096
5241,u2,2,READ,0x2000012e000,4096
5246,u1,1,READ,0x10000131000,4096
5248,u0,0,READ,0x134000,4096
5249,u3,3,READ,0x30000129000,4096
5257,u2,2,READ,0x2000012f000,4096
5259,u0,0,READ,0x135000,4096
5264,u1,1,READ,0x10000132000,4096
5269,u2,2,READ,0x20000130000,4096
5270,u3,3,READ,0x3000012a000,4096
5275,u0,0,READ,0x136000,4096
5281,u1,1,READ,0x10000133000,4096
5283,u3,3,READ,0x3000012b000,4096
5288,u2,2,READ,0x20000131000,4096
5300,u0,0,READ,0x137000,4096
5302,u3,3,READ,0x3000012c000,4096
5304,u1,1,READ,0x10000134000,4096
5309,u2,2,READ,0x20000132000,4096
5312,u0,0,READ,0x138000,4096
5313,u3,3,READ,0x3000012d000,4096
5321,u1,1,READ,0x10000135000,4096
5327,u3,3,READ,0x3000012e000,4096
5331,u2,2,READ,0x20000133000,4096
5334,u0,0,READ,0x139000,4096
5337,u1,1,READ,0x10000136000,4096
5337,u3,3,READ,0x3000012f000,4096
5342,u2,2,READ,0x20000134000,4096
5355,u1,1,READ,0x10000137000,4096
5357,u0,0,READ,0x13a000,4096
5362,u3,3,READ,0x30000130000,4096
5367,u2,2,READ,0x20000135000,4096
5378,u0,0,READ,0x13b000,4096
5380,u1,1,READ,0x10000138000,4096
5380,u2,2,READ,0x20000136000,4096
5386,u3,3,READ,0x30000131000,4096
5390,u0,0,READ,0x13c000,4096
5392,u2,2,READ,0x20000137000,4096
5396,u3,3,READ,0x30000132000,4096
5403,u1,1,READ,0x10000139000,4096
5405,u2,2,READ,0x20000138000,4096
5408,u0,0,READ,0x13d000,4096
5409,u3,3,READ,0x30000133000,4096
5419,u0,0,READ,0x13e000,4096
5421,u1,1,READ,0x1000013a000,4096
5422,u3,3,READ,0x30000134000,4096
5429,u2,2,READ,0x20000139000,4096
5432,u1,1,READ,0x1000013b000,4096
5434,u0,0,READ,0x13f000,4096
5438,u3,3,WRITE,0x30000135000,4096
5446,u2,2,READ,0x2000013a000,4096
5451,u1,1,READ,0x1000013c000,4096
5452,u3,3,READ,0x30000136000,4096
5456,u0,0,READ,0x140000,4096
5465,u1,1,READ,0x1000013d000,4096
5465,u2,2,READ,0x2000013b000,4096
5470,u3,3,READ,0x30000137000,4096
5475,u0,0,READ,0x141000,4096
5476,u1,1,READ,0x1000013e000,4096
5482,u3,3,READ,0x30000138000,4096
5486,u0,0,READ,0x142000,4096
5488,u2,2,READ,0x2000013c000,4096
5493,u1,1,READ,0x1000013f000,4096
5501,u0,0,READ,0x143000,4096
5504,u3,3,WRITE,0x30000139000,4096
5512,u2,2,WRITE,0x2000013d000,4096
5513,u1,1,READ,0x10000140000,4096
5523,u0,0,READ,0x144000,4096
5523,u1,1,READ,0x10000141000,4096
5525,u3,3,READ,0x3000013a000,4096
5537,u2,2,WRITE,0x2000013e000,4096
5538,u3,3,READ,0x3000013b000,4096
5540,u0,0,READ,0x145000,4096
5546,u1,1,READ,0x10000142000,4096
5556,u3,3,READ,0x3000013c000,4096
5558,u2,2,READ,0x2000013f000,4096
5564,u0,0,READ,0x146000,4096
5568,u1,1,READ,0x10000143000,4096
5573,u3,3,READ,0x3000013d000,4096
5576,u2,2,READ,0x20000140000,4096
5579,u1,1,READ,0x10000144000,4096
5582,u0,0,READ,0x147000,4096
5587,u3,3,READ,0x3000013e000,4096
5592,u1,1,READ,0x10000145000,4096
5594,u2,2,READ,0x20000141000,4096
5603,u0,0,READ,0x148000,4096
5604,u3,3,READ,0x3000013f000,4096
5608,u1,1,READ,0x10000146000,4096
5614,u0,0,READ,0x149000,4096
5617,u2,2,READ,0x20000142000,4096
5621,u3,3,READ,0x30000140000,4096
5623,u1,1,READ,0x10000147000,4096
5635,u2,2,READ,0x20000143000,4096
5638,u0,0,WRITE,0x14a000,4096
5645,u3,3,READ,0x30000141000,4096
5648,u1,1,READ,0x10000148000,4096
5654,u2,2,READ,0x20000144000,4096
5657,u0,0,READ,0x14b000,4096
5660,u3,3,READ,0x30000142000,4096
5668,u0,0,READ,0x14c000,4096
5668,u1,1,WRITE,0x10000149000,4096
5672,u3,3,READ,0x30000143000,4096
5676,u2,2,READ,0x20000145000,4096
5679,u1,1,READ,0x1000014a000,4096
5690,u3,3,READ,0x30000144000,4096
5693,u0,0,READ,0x14d000,4096
5698,u2,2,READ,0x20000146000,4096
5700,u3,3,READ,0x30000145000,4096
5701,u1,1,READ,0x1000014b000,4096
5710,u0,0,READ,0x14e000,4096
5713,u3,3,READ,0x30000146000,4096
5723,u0,0,READ,0x14f000,4096
5723,u1,1,READ,0x1000014c000,4096
5723,u2,2,READ,0x20000147000,4096
5731,u3,3,READ,0x30000147000,4096
5733,u2,2,READ,0x20000148000,4096
5741,u1,1,READ,0x1000014d000,4096
5748,u0,0,READ,0x150000,4096
5748,u2,2,READ,0x20000149000,4096
5756,u3,3,READ,0x30000148000,4096
5757,u1,1,READ,0x1000014e000,4096
5761,u0,0,READ,0x151000,4096
5766,u3,3,READ,0x30000149000,4096
5768,u2,2,READ,0x2000014a000,4096
5772,u1,1,READ,0x1000014f000,4096
5777,u3,3,READ,0x3000014a000,4096
5783,u0,0,WRITE,0x152000,4096
5787,u1,1,READ,0x10000150000,4096
5791,u2,2,READ,0x2000014b000,4096
5799,u3,3,READ,0x3000014b000,4096
5805,u0,0,WRITE,0x153000,4096
5809,u1,1,READ,0x10000151000,4096
5810,u2,2,READ,0x2000014c000,4096
5815,u3,3,READ,0x3000014c000,4096
5818,u0,0,READ,0x154000,4096
5822,u1,1,WRITE,0x10000152000,4096
5822,u2,2,READ,0x2000014d000,4096
5828,u3,3,READ,0x3000014d000,4096
5839,u1,1,READ,0x10000153000,4096
5841,u0,0,READ,0x155000,4096
5843,u2,2,READ,0x2000014e000,4096
5849,u1,1,READ,0x10000154000,4096
5852,u3,3,READ,0x3000014e000,4096
5857,u2,2,READ,0x2000014f000,4096
5865,u1,1,READ,0x10000155000,4096
5866,u0,0,READ,0x156000,4096
5871,u3,3,READ,0x3000014f000,4096
5877,u1,1,READ,0x10000156000,4096
5878,u2,2,WRITE,0x20000150000,4096
5885,u0,0,READ,0x157000,4096
5887,u3,3,READ,0x30000150000,4096
5891,u2,2,READ,0x20000151000,4096
5893,u1,1,WRITE,0x10000157000,4096
5900,u3,3,READ,0x30000151000,4096
5904,u0,0,WRITE,0x158000,4096
5905,u1,1,READ,0x10000158000,4096
5911,u2,2,READ,0x20000152000,4096
5912,u3,3,READ,0x30000152000,4096
5922,u1,1,READ,0x10000159000,4096
5923,u2,2,READ,0x20000153000,4096
5925,u0,0,READ,0x159000,4096
5929,u3,3,READ,0x30000153000,4096
5933,u1,1,READ,0x1000015a000,4096
5939,u2,2,READ,0x20000154000,4096
5939,u3,3,WRITE,0x30000154000,4096
5941,u0,0,READ,0x15a000,4096
5950,u1,1,READ,0x1000015b000,4096
5950,u2,2,READ,0x20000155000,4096
5953,u0,0,READ,0x15b000,4096
5960,u3,3,READ,0x30000155000,4096
5969,u1,1,READ,0x1000015c000,4096
5971,u3,3,READ,0x30000156000,4096
5973,u2,2,READ,0x20000156000,4096
5976,u0,0,READ,0x15c000,4096
5980,u1,1,READ,0x1000015d000,4096
5984,u3,3,READ,0x30000157000,4096
5985,u2,2,READ,0x20000157000,4096
5993,u0,0,READ,0x15d000,4096
5995,u2,2,READ,0x20000158000,4096
5996,u1,1,READ,0x1000015e000,4096
6002,u3,3,READ,0x30000158000,4096
6003,u0,0,READ,0x15e000,4096
6007,u2,2,READ,0x20000159000,4096
6016,u1,1,READ,0x1000015f000,4096
6022,u0,0,WRITE,0x15f000,4096
6025,u3,3,READ,0x30000159000,4096
6026,u2,2,READ,0x2000015a000,4096
6033,u1,1,READ,0x10000160000,4096
6039,u0,0,READ,0x160000,4096
6044,u1,1,READ,0x10000161000,4096
6046,u2,2,READ,0x2000015b000,4096
6049,u3,3,READ,0x3000015a000,4096
6056,u2,2,READ,0x2000015c000,4096
6059,u0,0,READ,0x161000,4096
6059,u1,1,READ,0x10000162000,4096
6071,u0,0,READ,0x162000,4096
6071,u1,1,READ,0x10000163000,4096
6074,u3,3,READ,0x3000015b000,4096
6076,u2,2,READ,0x2000015d000,4096
6085,u0,0,READ,0x163000,4096
6088,u1,1,READ,0x10000164000,4096
6098,u2,2,READ,0x2000015e000,4096
6099,u1,1,READ,0x10000165000,4096
6099,u3,3,READ,0x3000015c000,4096
6107,u0,0,READ,0x164000,4096
6109,u2,2,READ,0x2000015f000,4096
6117,u0,0,READ,0x165000,4096
6117,u1,1,READ,0x10000166000,4096
6122,u3,3,READ,0x3000015d000,4096
6132,u0,0,READ,0x166000,4096
6132,u1,1,READ,0x10000167000,4096
6132,u3,3,READ,0x3000015e000,4096
6134,u2,2,READ,0x20000160000,4096
6146,u1,1,READ,0x10000168000,4096
6149,u0,0,READ,0x167000,4096
6151,u3,3,READ,0x3000015f000,4096
6156,u2,2,READ,0x20000161000,4096
6160,u0,0,READ,0x168000,4096
6166,u2,2,READ,0x20000162000,4096
6170,u1,1,READ,0x10000169000,4096
6174,u3,3,READ,0x30000160000,4096
6178,u2,2,READ,0x20000163000,4096
6182,u0,0,READ,0x169000,4096
6184,u3,3,READ,0x30000161000,4096
6187,u1,1,READ,0x1000016a000,4096
6193,u2,2,READ,0x20000164000,4096
6196,u0,0,READ,0x16a000,4096
6205,u1,1,READ,0x1000016b000,4096
6208,u3,3,READ,0x30000162000,4096
6211,u0,0,READ,0x16b000,4096
6215,u2,2,READ,0x20000165000,4096
6222,u3,3,READ,0x30000163000,4096
6223,u0,0,READ,0x16c000,4096
6229,u1,1,READ,0x1000016c000,4096
6233,u2,2,READ,0x20000166000,4096
6234,u3,3,READ,0x30000164000,4096
6236,u0,0,READ,0x16d000,4096
6246,u1,1,READ,0x1000016d000,4096
6246,u2,2,READ,0x20000167000,4096
6255,u3,3,READ,0x30000165000,4096
6258,u0,0,READ,0x16e000,4096
6265,u1,1,READ,0x1000016e000,4096
6267,u2,2,READ,0x20000168000,4096
6274,u3,3,READ,0x30000166000,4096
6277,u1,1,WRITE,0x1000016f000,4096
6282,u0,0,READ,0x16f000,4096
6286,u2,2,READ,0x20000169000,4096
6287,u1,1,READ,0x10000170000,4096
6295,u3,3,READ,0x30000167000,4096
6300,u0,0,WRITE,0x170000,4096
6303,u1,1,READ,0x10000171000,4096
6306,u2,2,READ,0x2000016a000,4096
6314,u1,1,READ,0x10000172000,4096
6319,u3,3,READ,0x30000168000,4096
6325,u0,0,READ,0x171000,4096
6326,u1,1,READ,0x10000173000,4096
6330,u2,2,READ,0x2000016b000,4096
6338,u3,3,READ,0x30000169000,4096
6341,u2,2,READ,0x2000016c000,4096
6345,u0,0,READ,0x172000,4096
6351,u1,1,READ,0x10000174000,4096
6351,u3,3,READ,0x3000016a000,4096
6353,u2,2,READ,0x2000016d000,4096
6362,u0,0,READ,0x173000,4096
6367,u3,3,READ,0x3000016b000,4096
6368,u2,2,READ,0x2000016e000,4096
6375,u1,1,READ,0x10000175000,4096
6377,u0,0,READ,0x174000,4096
6384,u3,3,READ,0x3000016c000,4096
6386,u1,1,READ,0x10000176000,4096
6393,u2,2,READ,0x2000016f000,4096
6398,u0,0,READ,0x175000,4096
6407,u1,1,READ,0x10000177000,4096
6408,u3,3,READ,0x3000016d000,4096
6413,u2,2,READ,0x20000170000,4096
6416,u0,0,READ,0x176000,4096
6426,u1,1,READ,0x10000178000,4096
6428,u2,2,READ,0x20000171000,4096
6430,u3,3,READ,0x3000016e000,4096
6438,u0,0,READ,0x177000,4096
6439,u1,1,READ,0x10000179000,4096
6441,u3,3,READ,0x3000016f000,4096
6449,u2,2,READ,0x20000172000,4096
6452,u1,1,READ,0x1000017a000,4096
6459,u0,0,READ,0x178000,4096
6459,u2,2,READ,0x20000173000,4096
6462,u3,3,READ,0x30000170000,4096
6464,u1,1,READ,0x1000017b000,4096
6474,u0,0,READ,0x179000,4096
6477,u2,2,READ,0x20000174000,4096
6481,u3,3,READ,0x30000171000,4096
6488,u1,1,READ,0x1000017c000,4096
6489,u2,2,WRITE,0x20000175000,4096
6490,u0,0,READ,0x17a000,4096
6499,u3,3,READ,0x30000172000,4096
6501,u2,2,READ,0x20000176000,4096
6509,u1,1,READ,0x1000017d000,4096
6513,u0,0,READ,0x17b000,4096
6521,u3,3,READ,0x30000173000,4096
6523,u2,2,READ,0x20000177000,4096
6528,u0,0,READ,0x17c000,4096
6531,u1,1,READ,0x1000017e000,4096
6539,u2,2,READ,0x20000178000,4096
6540,u3,3,READ,0x30000174000,4096
6541,u0,0,READ,0x17d000,4096
6542,u1,1,READ,0x1000017f000,4096
6553,u0,0,READ,0x17e000,4096
6559,u3,3,READ,0x30000175000,4096
6564,u2,2,READ,0x20000179000,4096
6565,u1,1,WRITE,0x10000180000,4096
6570,u0,0,READ,0x17f000,4096
6572,u3,3,READ,0x30000176000,4096
6577,u2,2,READ,0x2000017a000,4096
6584,u3,3,READ,0x30000177000,4096
6586,u0,0,WRITE,0x180000,4096
6589,u1,1,READ,0x10000181000,4096
6596,u0,0,READ,0x181000,4096
6596,u2,2,READ,0x2000017b000,4096
6600,u3,3,READ,0x30000178000,4096
6605,u1,1,READ,0x10000182000,4096
6608,u0,0,READ,0x182000,4096
6612,u2,2,READ,0x2000017c000,4096
6620,u3,3,READ,0x30000179000,4096
6623,u1,1,WRITE,0x10000183000,4096
6631,u0,0,READ,0x183000,4096
6634,u2,2,READ,0x2000017d000,4096
6636,u3,3,READ,0x3000017a000,4096
6640,u1,1,READ,0x10000184000,4096
6651,u0,0,READ,0x184000,4096
6652,u1,1,READ,0x10000185000,4096
6655,u2,2,READ,0x2000017e000,4096
6656,u3,3,READ,0x3000017b000,4096
6666,u2,2,READ,0x2000017f000,4096
6673,u1,1,READ,0x10000186000,4096
6674,u0,0,READ,0x185000,4096
6677,u3,3,READ,0x3000017c000,4096
6690,u2,2,READ,0x20000180000,4096
6693,u3,3,READ,0x3000017d000,4096
6694,u1,1,READ,0x10000187000,4096
6695,u0,0,READ,0x186000,4096
6706,u0,0,READ,0x187000,4096
6707,u2,2,READ,0x20000181000,4096
6709,u1,1,READ,0x10000188000,4096
6709,u3,3,READ,0x3000017e000,4096
6719,u2,2,READ,0x20000182000,4096
6724,u3,3,READ,0x3000017f000,4096
6726,u1,1,READ,0x10000189000,4096
6728,u0,0,READ,0x188000,4096
6736,u2,2,READ,0x20000183000,4096
6737,u1,1,READ,0x1000018a000,4096
6747,u3,3,READ,0x30000180000,4096
6751,u0,0,READ,0x189000,4096
6755,u2,2,READ,0x20000184000,4096
6759,u3,3,READ,0x30000181000,4096
6761,u1,1,READ,0x1000018b000,4096
6766,u2,2,READ,0x20000185000,4096
6770,u3,3,READ,0x30000182000,4096
6772,u0,0,READ,0x18a000,4096
6778,u1,1,READ,0x1000018c000,4096
6782,u3,3,READ,0x30000183000,4096
6788,u2,2,READ,0x20000186000,4096
6791,u0,0,READ,0x18b000,4096
6800,u3,3,READ,0x30000184000,4096
6802,u1,1,READ,0x1000018d000,4096
6808,u2,2,READ,0x20000187000,4096
6811,u0,0,READ,0x18c000,4096
6814,u3,3,READ,0x30000185000,4096
6821,u1,1,READ,0x1000018e000,4096
6829,u2,2,READ,0x20000188000,4096
6831,u1,1,READ,0x1000018f000,4096
6832,u3,3,READ,0x30000186000,4096
6833,u0,0,READ,0x18d000,4096
6848,u2,2,READ,0x20000189000,4096
6850,u0,0,READ,0x18e000,4096
6850,u1,1,READ,0x10000190000,4096
6855,u3,3,READ,0x30000187000,4096
6863,u0,0,READ,0x18f000,4096
6867,u2,2,READ,0x2000018a000,4096
6869,u1,1,READ,0x10000191000,4096
6873,u0,0,READ,0x190000,4096
6875,u3,3,READ,0x30000188000,4096
6884,u1,1,READ,0x10000192000,4096
6888,u0,0,READ,0x191000,4096
6891,u2,2,READ,0x2000018b000,4096
6897,u1,1,READ,0x10000193000,4096
6897,u3,3,READ,0x30000189000,4096
6903,u0,0,READ,0x192000,4096
6906,u2,2,READ,0x2000018c000,4096
6907,u1,1,READ,0x10000194000,4096
6914,u3,3,READ,0x3000018a000,4096
6915,u0,0,READ,0x193000,4096
6921,u2,2,READ,0x2000018d000,4096
6930,u0,0,READ,0x194000,4096
6932,u1,1,READ,0x10000195000,4096
6934,u3,3,READ,0x3000018b000,4096
6936,u2,2,READ,0x2000018e000,4096
6946,u0,0,READ,0x195000,4096
6947,u1,1,READ,0x10000196000,4096
6947,u3,3,READ,0x3000018c000,4096
6957,u2,2,READ,0x2000018f000,4096
6965,u1,1,READ,0x10000197000,4096
6967,u3,3,READ,0x3000018d000,4096
6970,u0,0,WRITE,0x196000,4096
6977,u2,2,READ,0x20000190000,4096
6981,u0,0,READ,0x197000,4096
6984,u3,3,READ,0x3000018e000,4096
6989,u1,1,READ,0x10000198000,4096
6990,u2,2,READ,0x20000191000,4096
6992,u0,0,READ,0x198000,4096
7006,u0,0,READ,0x199000,4096
7006,u1,1,READ,0x10000199000,4096
7007,u3,3,READ,0x3000018f000,4096
7012,u2,2,READ,0x20000192000,4096
7022,u1,1,READ,0x1000019a000,4096
7029,u0,0,READ,0x19a000,4096
7029,u3,3,READ,0x30000190000,4096
7037,u2,2,READ,0x20000193000,4096
7039,u1,1,READ,0x1000019b000,4096
7042,u3,3,READ,0x30000191000,4096
7054,u0,0,READ,0x19b000,4096
7056,u1,1,READ,0x1000019c000,4096
7056,u3,3,READ,0x30000192000,4096
7061,u2,2,READ,0x20000194000,4096
7069,u0,0,READ,0x19c000,4096
7072,u1,1,READ,0x1000019d000,4096
7072,u3,3,READ,0x30000193000,4096
7074,u2,2,READ,0x20000195000,4096
7080,u0,0,READ,0x19d000,4096
7086,u3,3,READ,0x30000194000,4096
7091,u2,2,READ,0x20000196000,4096
7094,u1,1,WRITE,0x1000019e000,4096
7096,u0,0,READ,0x19e000,4096
7098,u3,3,READ,0x30000195000,4096
7107,u1,1,READ,0x1000019f000,4096
7110,u2,2,READ,0x20000197000,4096
7110,u3,3,READ,0x30000196000,4096
7119,u0,0,READ,0x19f000,4096
7120,u1,1,READ,0x100001a0000,4096
7125,u2,2,READ,0x20000198000,4096
7133,u1,1,READ,0x100001a1000,4096
7135,u3,3,READ,0x30000197000,4096
7139,u0,0,READ,0x1a0000,4096
7144,u2,2,READ,0x20000199000,4096
7146,u3,3,READ,0x30000198000,4096
7152,u1,1,READ,0x100001a2000,4096
7155,u0,0,READ,0x1a1000,4096
7160,u2,2,WRITE,0x2000019a000,4096
7165,u0,0,READ,0x1a2000,4096
7166,u3,3,READ,0x30000199000,4096
7173,u1,1,READ,0x100001a3000,4096
7173,u2,2,READ,0x2000019b000,4096
7178,u0,0,READ,0x1a3000,4096
7179,u3,3,READ,0x3000019a000,4096
7188,u0,0,READ,0x1a4000,4096
7192,u1,1,READ,0x100001a4000,4096
7193,u2,2,READ,0x2000019c000,4096
7193,u3,3,READ,0x3000019b000,4096
7202,u0,0,READ,0x1a5000,4096
7203,u1,1,READ,0x100001a5000,4096
7203,u3,3,READ,0x3000019c000,4096
7204,u2,2,READ,0x2000019d000,4096
7215,u1,1,READ,0x100001a6000,4096
7215,u2,2,READ,0x2000019e000,4096
7218,u0,0,READ,0x1a6000,4096
7226,u3,3,READ,0x3000019d000,4096
7234,u1,1,READ,0x100001a7000,4096
7235,u0,0,READ,0x1a7000,4096
7239,u2,2,READ,0x2000019f000,4096
7245,u1,1,READ,0x100001a8000,4096
7248,u3,3,READ,0x3000019e000,4096
7250,u2,2,READ,0x200001a0000,4096
7258,u0,0,READ,0x1a8000,4096
7268,u1,1,READ,0x100001a9000,4096
7272,u2,2,READ,0x200001a1000,4096
7272,u3,3,READ,0x3000019f000,4096
7281,u0,0,READ,0x1a9000,4096
7288,u1,1,WRITE,0x100001aa000,4096
7292,u3,3,READ,0x300001a0000,4096
7294,u0,0,READ,0x1aa000,4096
7296,u2,2,READ,0x200001a2000,4096
7300,u1,1,WRITE,0x100001ab000,4096
7312,u0,0,READ,0x1ab000,4096
7313,u3,3,READ,0x300001a1000,4096
7315,u1,1,READ,0x100001ac000,4096
7321,u2,2,READ,0x200001a3000,4096
7322,u0,0,READ,0x1ac000,4096
7328,u1,1,READ,0x100001ad000,4096
7329,u3,3,READ,0x300001a2000,4096
7336,u2,2,READ,0x200001a4000,4096
7343,u0,0,READ,0x1ad000,4096
7345,u1,1,READ,0x100001ae000,4096
7351,u3,3,READ,0x300001a3000,4096
7359,u0,0,READ,0x1ae000,4096
7359,u2,2,READ,0x200001a5000,4096
7368,u3,3,READ,0x300001a4000,4096
7370,u1,1,READ,0x100001af000,4096
7379,u2,2,READ,0x200001a6000,4096
7384,u0,0,READ,0x1af000,4096
7390,u2,2,READ,0x200001a7000,4096
7392,u3,3,READ,0x300001a5000,4096
7393,u1,1,READ,0x100001b0000,4096
7400,u0,0,READ,0x1b0000,4096
7405,u1,1,READ,0x100001b1000,4096
7405,u2,2,READ,0x200001a8000,4096
7411,u3,3,READ,0x300001a6000,4096
7420,u1,1,READ,0x100001b2000,4096
7424,u0,0,READ,0x1b1000,4096
7428,u2,2,READ,0x200001a9000,4096
7436,u3,3,WRITE,0x300001a7000,4096
7439,u1,1,READ,0x100001b3000,4096
7448,u0,0,READ,0x1b2000,4096
7450,u2,2,READ,0x200001aa000,4096
7450,u3,3,READ,0x300001a8000,4096
7458,u1,1,READ,0x100001b4000,4096
7462,u0,0,READ,0x1b3000,4096
7467,u3,3,READ,0x300001a9000,4096
7469,u2,2,READ,0x200001ab000,4096
7473,u0,0,READ,0x1b4000,4096
7482,u1,1,READ,0x100001b5000,4096
7482,u3,3,READ,0x300001aa000,4096
7491,u2,2,READ,0x200001ac000,4096
7498,u0,0,READ,0x1b5000,4096
7500,u1,1,READ,0x100001b6000,4096
7500,u3,3,READ,0x300001ab000,4096
7503,u2,2,READ,0x200001ad000,4096
7509,u0,0,READ,0x1b6000,4096
7515,u1,1,WRITE,0x100001b7000,4096
7519,u2,2,READ,0x200001ae000,4096
7519,u3,3,READ,0x300001ac000,4096
7527,u0,0,READ,0x1b7000,4096
7532,u2,2,READ,0x200001af000,4096
7539,u1,1,READ,0x100001b8000,4096
7541,u3,3,READ,0x300001ad000,4096
7550,u0,0,READ,0x1b8000,4096
7554,u2,2,READ,0x200001b0000,4096
7556,u1,1,READ,0x100001b9000,4096
7560,u3,3,READ,0x300001ae000,4096
7567,u0,0,READ,0x1b9000,4096
7572,u3,3,WRITE,0x300001af000,4096
7576,u2,2,READ,0x200001b1000,4096
7579,u1,1,READ,0x100001ba000,4096
7590,u0,0,READ,0x1ba000,4096
7591,u1,1,READ,0x100001bb000,4096
7592,u3,3,READ,0x300001b0000,4096
7601,u2,2,READ,0x200001b2000,4096
7603,u0,0,READ,0x1bb000,4096
7609,u3,3,READ,0x300001b1000,4096
7613,u1,1,READ,0x100001bc000,4096
7619,u2,2,READ,0x200001b3000,4096
7625,u0,0,READ,0x1bc000,4096
7631,u3,3,READ,0x300001b2000,4096
7633,u1,1,READ,0x100001bd000,4096
7643,u0,0,READ,0x1bd000,4096
7644,u2,2,READ,0x200001b4000,4096
7650,u3,3,READ,0x300001b3000,4096
7654,u1,1,READ,0x100001be000,4096
7665,u0,0,READ,0x1be000,4096
7667,u2,2,READ,0x200001b5000,4096
7670,u3,3,READ,0x300001b4000,4096
7674,u1,1,READ,0x100001bf000,4096
7687,u0,0,READ,0x1bf000,4096
7688,u2,2,READ,0x200001b6000,4096
7689,u3,3,READ,0x300001b5000,4096
7694,u1,1,READ,0x100001c0000,4096
7703,u0,0,READ,0x1c0000,4096
7705,u2,2,READ,0x200001b7000,4096
7710,u1,1,WRITE,0x100001c1000,4096
7713,u3,3,READ,0x300001b6000,4096
7714,u0,0,READ,0x1c1000,4096
7718,u2,2,READ,0x200001b8000,4096
7727,u3,3,READ,0x300001b7000,4096
7733,u1,1,READ,0x100001c2000,4096
7735,u0,0,READ,0x1c2000,4096
7739,u2,2,READ,0x200001b9000,4096
7743,u1,1,READ,0x100001c3000,4096
7750,u3,3,READ,0x300001b8000,4096
7753,u0,0,READ,0x1c3000,4096
7756,u1,1,READ,0x100001c4000,4096
7763,u2,2,READ,0x200001ba000,4096
7766,u1,1,READ,0x100001c5000,4096
7770,u3,3,READ,0x300001b9000,4096
7775,u0,0,READ,0x1c4000,4096
7781,u2,2,READ,0x200001bb000,4096
7785,u3,3,READ,0x300001ba000,4096
7786,u1,1,READ,0x100001c6000,4096
7797,u3,3,READ,0x300001bb000,4096
7799,u0,0,READ,0x1c5000,4096
7803,u2,2,READ,0x200001bc000,4096
7806,u1,1,READ,0x100001c7000,4096
7809,u3,3,READ,0x300001bc000,4096
7816,u1,1,READ,0x100001c8000,4096
7817,u2,2,READ,0x200001bd000,4096
7818,u0,0,READ,0x1c6000,4096
7827,u3,3,READ,0x300001bd000,4096
7828,u1,1,READ,0x100001c9000,4096
7835,u2,2,READ,0x200001be000,4096
7840,u0,0,READ,0x1c7000,4096
7841,u3,3,READ,0x300001be000,4096
7850,u1,1,READ,0x100001ca000,4096
7852,u2,2,READ,0x200001bf000,4096
7856,u3,3,READ,0x300001bf000,4096
7857,u0,0,WRITE,0x1c8000,4096
7862,u1,1,READ,0x100001cb000,4096
7871,u2,2,READ,0x200001c0000,4096
7873,u3,3,WRITE,0x300001c0000,4096
7877,u0,0,READ,0x1c9000,4096
7887,u1,1,READ,0x100001cc000,4096
7896,u2,2,READ,0x200001c1000,4096
7897,u3,3,READ,0x300001c1000,4096
7902,u0,0,READ,0x1ca000,4096
7905,u1,1,READ,0x100001cd000,4096
7916,u0,0,READ,0x1cb000,4096
7916,u3,3,READ,0x300001c2000,4096
7917,u2,2,READ,0x200001c2000,4096
7926,u1,1,READ,0x100001ce000,4096
7928,u2,2,READ,0x200001c3000,4096
7933,u0,0,READ,0x1cc000,4096
7934,u3,3,READ,0x300001c3000,4096
7940,u1,1,READ,0x100001cf000,4096
7947,u2,2,READ,0x200001c4000,4096
7954,u0,0,READ,0x1cd000,4096
7956,u1,1,READ,0x100001d0000,4096
7959,u3,3,READ,0x300001c4000,4096
7969,u2,2,READ,0x200001c5000,4096
7972,u1,1,READ,0x100001d1000,4096
7973,u0,0,READ,0x1ce000,4096
7979,u2,2,READ,0x200001c6000,4096
7983,u3,3,READ,0x300001c5000,4096
7991,u2,2,READ,0x200001c7000,4096
7994,u1,1,READ,0x100001d2000,4096
7996,u0,0,READ,0x1cf000,4096
8000,u3,3,READ,0x300001c6000,4096
8006,u2,2,READ,0x200001c8000,4096
8009,u1,1,READ,0x100001d3000,4096
8012,u0,0,READ,0x1d0000,4096
8014,u3,3,READ,0x300001c7000,4096
8020,u2,2,READ,0x200001c9000,4096
8025,u0,0,READ,0x1d1000,4096
8027,u1,1,READ,0x100001d4000,4096
8033,u2,2,READ,0x200001ca000,4096
8037,u1,1,WRITE,0x100001d5000,4096
8037,u3,3,READ,0x300001c8000,4096
8042,u0,0,READ,0x1d2000,4096
8047,u3,3,READ,0x300001c9000,4096
8050,u2,2,READ,0x200001cb000,4096
8057,u0,0,READ,0x1d3000,4096
8059,u1,1,READ,0x100001d6000,4096
8069,u2,2,READ,0x200001cc000,4096
8071,u0,0,READ,0x1d4000,4096
8072,u3,3,READ,0x300001ca000,4096
8078,u1,1,READ,0x100001d7000,4096
8084,u2,2,READ,0x200001cd000,4096
8089,u0,0,READ,0x1d5000,4096
8091,u3,3,READ,0x300001cb000,4096
8101,u1,1,READ,0x100001d8000,4096
8101,u2,2,WRITE,0x200001ce000,4096
8105,u3,3,READ,0x300001cc000,4096
8110,u0,0,READ,0x1d6000,4096
8112,u1,1,READ,0x100001d9000,4096
8117,u3,3,READ,0x300001cd000,4096
8120,u2,2,READ,0x200001cf000,4096
8124,u0,0,READ,0x1d7000,4096
8134,u1,1,READ,0x100001da000,4096
8134,u3,3,READ,0x300001ce000,4096
8137,u0,0,READ,0x1d8000,4096
8138,u2,2,WRITE,0x200001d0000,4096
8147,u1,1,READ,0x100001db000,4096
8148,u3,3,READ,0x300001cf000,4096
8154,u2,2,READ,0x200001d1000,4096
8158,u0,0,READ,0x1d9000,4096
8167,u3,3,READ,0x300001d0000,4096
8169,u0,0,READ,0x1da000,4096
8169,u1,1,READ,0x100001dc000,4096
8177,u2,2,READ,0x200001d2000,4096
8179,u0,0,READ,0x1db000,4096
8185,u1,1,READ,0x100001dd000,4096
8186,u3,3,READ,0x300001d1000,4096
8191,u0,0,READ,0x1dc000,4096
8199,u3,3,READ,0x300001d2000,4096
8200,u2,2,READ,0x200001d3000,4096
8210,u1,1,READ,0x100001de000,4096
8214,u0,0,READ,0x1dd000,4096
8219,u3,3,READ,0x300001d3000,4096
8225,u2,2,READ,0x200001d4000,4096
8228,u1,1,READ,0x100001df000,4096
8229,u3,3,READ,0x300001d4000,4096
8235,u0,0,READ,0x1de000,4096
8249,u2,2,READ,0x200001d5000,4096
8250,u0,0,READ,0x1df000,4096
8250,u1,1,READ,0x100001e0000,4096
8251,u3,3,READ,0x300001d5000,4096
8264,u2,2,READ,0x200001d6000,4096
8264,u3,3,READ,0x300001d6000,4096
8267,u1,1,READ,0x100001e1000,4096
8268,u0,0,READ,0x1e0000,4096
8284,u0,0,READ,0x1e1000,4096
8286,u3,3,READ,0x300001d7000,4096
8288,u2,2,READ,0x200001d7000,4096
8290,u1,1,READ,0x100001e2000,4096
8299,u3,3,READ,0x300001d8000,4096
8303,u1,1,READ,0x100001e3000,4096
8304,u0,0,READ,0x1e2000,4096
8309,u2,2,READ,0x200001d8000,4096
8317,u0,0,READ,0x1e3000,4096
8319,u1,1,READ,0x100001e4000,4096
8323,u3,3,READ,0x300001d9000,4096
8326,u2,2,READ,0x200001d9000,4096
8327,u0,0,READ,0x1e4000,4096
8333,u1,1,READ,0x100001e5000,4096
8337,u3,3,READ,0x300001da000,4096
8345,u1,1,READ,0x100001e6000,4096
8348,u0,0,READ,0x1e5000,4096
8348,u3,3,READ,0x300001db000,4096
8349,u2,2,READ,0x200001da000,4096
8359,u1,1,READ,0x100001e7000,4096
8361,u2,2,READ,0x200001db000,4096
8368,u0,0,READ,0x1e6000,4096
8371,u3,3,READ,0x300001dc000,4096
8377,u1,1,READ,0x100001e8000,4096
8381,u2,2,READ,0x200001dc000,4096
8382,u3,3,READ,0x300001dd000,4096
8385,u0,0,READ,0x1e7000,4096
8397,u1,1,READ,0x100001e9000,4096
8402,u2,2,READ,0x200001dd000,4096
8403,u3,3,READ,0x300001de000,4096
8407,u0,0,READ,0x1e8000,4096
8410,u1,1,READ,0x100001ea000,4096
8415,u2,2,READ,0x200001de000,4096
8417,u0,0,READ,0x1e9000,4096
8419,u3,3,READ,0x300001df000,4096
8430,u0,0,READ,0x1ea000,4096
8431,u1,1,READ,0x100001eb000,4096
8435,u2,2,READ,0x200001df000,4096
8438,u3,3,WRITE,0x300001e0000,4096
8442,u0,0,READ,0x1eb000,4096
8448,u1,1,READ,0x100001ec000,4096
8454,u3,3,READ,0x300001e1000,4096
8460,u2,2,READ,0x200001e0000,4096
8464,u0,0,READ,0x1ec000,4096
8470,u1,1,READ,0x100001ed000,4096
8474,u3,3,READ,0x300001e2000,4096
8478,u2,2,READ,0x200001e1000,4096
8485,u1,1,READ,0x100001ee000,4096
8488,u0,0,READ,0x1ed000,4096
8499,u2,2,READ,0x200001e2000,4096
8499,u3,3,READ,0x300001e3000,4096
8502,u1,1,READ,0x100001ef000,4096
8508,u0,0,READ,0x1ee000,4096
8515,u1,1,READ,0x100001f0000,4096
8520,u2,2,READ,0x200001e3000,4096
8520,u3,3,READ,0x300001e4000,4096
8522,u0,0,READ,0x1ef000,4096
8525,u1,1,READ,0x100001f1000,4096
8535,u1,1,READ,0x100001f2000,4096
8541,u2,2,READ,0x200001e4000,4096
8542,u3,3,READ,0x300001e5000,4096
8543,u0,0,READ,0x1f0000,4096
8545,u1,1,READ,0x100001f3000,4096
8559,u2,2,READ,0x200001e5000,4096
8565,u3,3,READ,0x300001e6000,4096
8567,u0,0,WRITE,0x1f1000,4096
8569,u1,1,WRITE,0x100001f4000,4096
8582,u1,1,READ,0x100001f5000,4096
8583,u2,2,READ,0x200001e6000,4096
8587,u3,3,READ,0x300001e7000,4096
8590,u0,0,READ,0x1f2000,4096
8594,u1,1,READ,0x100001f6000,4096
8603,u2,2,READ,0x200001e7000,4096
8604,u1,1,READ,0x100001f7000,4096
8605,u3,3,READ,0x300001e8000,4096
8612,u0,0,WRITE,0x1f3000,4096
8614,u2,2,READ,0x200001e8000,4096
8615,u3,3,READ,0x300001e9000,4096
8623,u1,1,READ,0x100001f8000,4096
8625,u0,0,WRITE,0x1f4000,4096
8626,u3,3,READ,0x300001ea000,4096
8631,u2,2,READ,0x200001e9000,4096
8638,u0,0,READ,0x1f5000,4096
8640,u3,3,READ,0x300001eb000,4096
8641,u1,1,READ,0x100001f9000,4096
8653,u2,2,READ,0x200001ea000,4096
8655,u3,3,READ,0x300001ec000,4096
8659,u0,0,READ,0x1f6000,4096
8661,u1,1,READ,0x100001fa000,4096
8669,u0,0,READ,0x1f7000,4096
8672,u1,1,READ,0x100001fb000,4096
8676,u2,2,READ,0x200001eb000,4096
8680,u3,3,READ,0x300001ed000,4096
8683,u0,0,READ,0x1f8000,4096
8687,u1,1,READ,0x100001fc000,4096
8689,u2,2,READ,0x200001ec000,4096
8694,u0,0,READ,0x1f9000,4096
8700,u1,1,READ,0x100001fd000,4096
8702,u3,3,READ,0x300001ee000,4096
8707,u0,0,READ,0x1fa000,4096
8712,u2,2,READ,0x200001ed000,4096
8717,u1,1,READ,0x100001fe000,4096
8719,u0,0,READ,0x1fb000,4096
8719,u3,3,READ,0x300001ef000,4096
8725,u2,2,READ,0x200001ee000,4096
8732,u0,0,READ,0x1fc000,4096
8737,u3,3,READ,0x300001f0000,4096
8739,u1,1,READ,0x100001ff000,4096
8743,u0,0,READ,0x1fd000,4096
8749,u1,1,READ,0x10000200000,4096
8749,u3,3,READ,0x300001f1000,4096
8750,u2,2,READ,0x200001ef000,4096
8760,u1,1,READ,0x10000201000,4096
8764,u0,0,READ,0x1fe000,4096
8771,u2,2,READ,0x200001f0000,4096
8774,u3,3,READ,0x300001f2000,4096
8776,u1,1,READ,0x10000202000,4096
8780,u0,0,READ,0x1ff000,4096
8784,u3,3,READ,0x300001f3000,4096
8793,u0,0,READ,0x200000,4096
8795,u2,2,READ,0x200001f1000,4096
8796,u1,1,READ,0x10000203000,4096
8798,u3,3,READ,0x300001f4000,4096
8808,u1,1,READ,0x10000204000,4096
8814,u2,2,READ,0x200001f2000,4096
8816,u0,0,READ,0x201000,4096
8818,u3,3,READ,0x300001f5000,4096
8825,u2,2,READ,0x200001f3000,4096
8829,u1,1,READ,0x10000205000,4096
8835,u0,0,READ,0x202000,4096
8836,u2,2,READ,0x200001f4000,4096
8837,u3,3,READ,0x300001f6000,4096
8844,u1,1,READ,0x10000206000,4096
8847,u0,0,READ,0x203000,4096
8847,u2,2,WRITE,0x200001f5000,4096
8855,u3,3,READ,0x300001f7000,4096
8856,u1,1,READ,0x10000207000,4096
8863,u2,2,READ,0x200001f6000,4096
8869,u1,1,READ,0x10000208000,4096
8871,u0,0,READ,0x204000,4096
8876,u2,2,READ,0x200001f7000,4096
8880,u3,3,READ,0x300001f8000,4096
8887,u1,1,READ,0x10000209000,4096
8889,u2,2,READ,0x200001f8000,4096
8896,u0,0,READ,0x205000,4096
8896,u3,3,READ,0x300001f9000,4096
8907,u1,1,READ,0x1000020a000,4096
8907,u3,3,READ,0x300001fa000,4096
8909,u2,2,READ,0x200001f9000,4096
8917,u0,0,READ,0x206000,4096
8917,u1,1,READ,0x1000020b000,4096
8926,u3,3,READ,0x300001fb000,4096
8928,u2,2,READ,0x200001fa000,4096
8932,u1,1,READ,0x1000020c000,4096
8938,u0,0,READ,0x207000,4096
8942,u2,2,READ,0x200001fb000,4096
8946,u1,1,READ,0x1000020d000,4096
8946,u3,3,READ,0x300001fc000,4096
8957,u1,1,READ,0x1000020e000,4096
8957,u2,2,READ,0x200001fc000,4096
8959,u0,0,READ,0x208000,4096
8962,u3,3,READ,0x300001fd000,4096
8971,u2,2,READ,0x200001fd000,4096
8981,u0,0,READ,0x209000,4096
8982,u1,1,READ,0x1000020f000,4096
8986,u3,3,READ,0x300001fe000,4096
8988,u2,2,READ,0x200001fe000,4096
9002,u1,1,READ,0x10000210000,4096
9003,u3,3,READ,0x300001ff000,4096
9005,u0,0,READ,0x20a000,4096
9011,u2,2,READ,0x200001ff000,4096
9014,u1,1,READ,0x10000211000,4096
9022,u3,3,READ,0x30000200000,4096
9028,u0,0,READ,0x20b000,4096
9028,u2,2,READ,0x20000200000,4096
9036,u1,1,READ,0x10000212000,4096
9039,u2,2,READ,0x20000201000,4096
9040,u3,3,READ,0x30000201000,4096
9041,u0,0,READ,0x20c000,4096
9054,u0,0,READ,0x20d000,4096
9054,u1,1,READ,0x10000213000,4096
9059,u2,2,READ,0x20000202000,4096
9059,u3,3,READ,0x30000202000,4096
9070,u0,0,READ,0x20e000,4096
9072,u2,2,READ,0x20000203000,4096
9079,u1,1,READ,0x10000214000,4096
9081,u3,3,READ,0x30000203000,4096
9092,u3,3,READ,0x30000204000,4096
9093,u0,0,READ,0x20f000,4096
9093,u2,2,READ,0x20000204000,4096
9096,u1,1,READ,0x10000215000,4096
9113,u3,3,READ,0x30000205000,4096
9115,u2,2,READ,0x20000205000,4096
9118,u0,0,READ,0x210000,4096
9121,u1,1,READ,0x10000216000,4096
9131,u2,2,READ,0x20000206000,4096
9136,u3,3,READ,0x30000206000,4096
9141,u0,0,READ,0x211000,4096
9142,u1,1,READ,0x10000217000,4096
9146,u2,2,READ,0x20000207000,4096
9146,u3,3,WRITE,0x30000207000,4096
9153,u1,1,READ,0x10000218000,4096
9156,u2,2,READ,0x20000208000,4096
9166,u0,0,READ,0x212000,4096
9171,u3,3,READ,0x30000208000,4096
9172,u1,1,READ,0x10000219000,4096
9179,u2,2,WRITE,0x20000209000,4096
9183,u3,3,READ,0x30000209000,4096
9185,u0,0,READ,0x213000,4096
9196,u0,0,READ,0x214000,4096
9196,u1,1,WRITE,0x1000021a000,4096
9198,u2,2,READ,0x2000020a000,4096
9203,u3,3,READ,0x3000020a000,4096
9211,u0,0,READ,0x215000,4096
9215,u1,1,READ,0x1000021b000,4096
9216,u2,2,READ,0x2000020b000,4096
9221,u0,0,WRITE,0x216000,4096
9227,u3,3,READ,0x3000020b000,4096
9230,u2,2,READ,0x2000020c000,4096
9240,u1,1,READ,0x1000021c000,4096
9245,u0,0,READ,0x217000,4096
9246,u3,3,READ,0x3000020c000,4096
9248,u2,2,READ,0x2000020d000,4096
9258,u3,3,READ,0x3000020d000,4096
9259,u1,1,READ,0x1000021d000,4096
9270,u0,0,READ,0x218000,4096
9270,u2,2,READ,0x2000020e000,4096
9272,u3,3,READ,0x3000020e000,4096
9282,u1,1,READ,0x1000021e000,4096
9283,u2,2,READ,0x2000020f000,4096
9290,u3,3,READ,0x3000020f000,4096
9294,u0,0,READ,0x219000,4096
9295,u1,1,READ,0x1000021f000,4096
9302,u3,3,READ,0x30000210000,4096
9305,u2,2,READ,0x20000210000,4096
9311,u0,0,READ,0x21a000,4096
9314,u1,1,READ,0x10000220000,4096
9318,u3,3,READ,0x30000211000,4096
9322,u2,2,WRITE,0x20000211000,4096
9323,u0,0,READ,0x21b000,4096
9326,u1,1,READ,0x10000221000,4096
9337,u3,3,READ,0x30000212000,4096
9341,u0,0,READ,0x21c000,4096
9345,u1,1,READ,0x10000222000,4096
9346,u2,2,READ,0x20000212000,4096
9356,u2,2,READ,0x20000213000,4096
9357,u0,0,READ,0x21d000,4096
9359,u3,3,READ,0x30000213000,4096
9366,u1,1,READ,0x10000223000,4096
9368,u0,0,READ,0x21e000,4096
9378,u2,2,READ,0x20000214000,4096
9379,u3,3,READ,0x30000214000,4096
9382,u1,1,READ,0x10000224000,4096
9393,u0,0,READ,0x21f000,4096
9395,u2,2,READ,0x20000215000,4096
9395,u3,3,READ,0x30000215000,4096
9404,u0,0,READ,0x220000,4096
9405,u1,1,READ,0x10000225000,4096
9405,u2,2,READ,0x20000216000,4096
9412,u3,3,READ,0x30000216000,4096
9415,u2,2,READ,0x20000217000,4096
9419,u1,1,READ,0x10000226000,4096
9420,u0,0,READ,0x221000,4096
9433,u3,3,READ,0x30000217000,4096
9436,u0,0,READ,0x222000,4096
9439,u2,2,READ,0x20000218000,4096
9442,u1,1,READ,0x10000227000,4096
9450,u0,0,READ,0x223000,4096
9458,u3,3,READ,0x30000218000,4096
9460,u2,2,WRITE,0x20000219000,4096
9465,u1,1,READ,0x10000228000,4096
9469,u0,0,READ,0x224000,4096
9471,u2,2,READ,0x2000021a000,4096
9476,u3,3,READ,0x30000219000,4096
9484,u1,1,READ,0x10000229000,4096
9489,u3,3,READ,0x3000021a000,4096
9490,u0,0,READ,0x225000,4096
9492,u2,2,READ,0x2000021b000,4096
9499,u1,1,READ,0x1000022a000,4096
9504,u0,0,READ,0x226000,4096
9505,u2,2,READ,0x2000021c000,4096
9510,u3,3,READ,0x3000021b000,4096
9522,u1,1,READ,0x1000022b000,4096
9522,u2,2,READ,0x2000021d000,4096
9526,u0,0,READ,0x227000,4096
9530,u3,3,READ,0x3000021c000,4096
9532,u2,2,READ,0x2000021e000,4096
9541,u3,3,READ,0x3000021d000,4096
9547,u1,1,READ,0x1000022c000,4096
9548,u0,0,READ,0x228000,4096
9548,u2,2,READ,0x2000021f000,4096
9562,u3,3,READ,0x3000021e000,4096
9568,u1,1,READ,0x1000022d000,4096
9571,u0,0,READ,0x229000,4096
9571,u2,2,READ,0x20000220000,4096
9579,u3,3,READ,0x3000021f000,4096
9582,u1,1,READ,0x1000022e000,4096
9584,u2,2,READ,0x20000221000,4096
9591,u0,0,READ,0x22a000,4096
9594,u1,1,READ,0x1000022f000,4096
9598,u3,3,READ,0x30000220000,4096
9602,u0,0,READ,0x22b000,4096
9604,u1,1,READ,0x10000230000,4096
9604,u2,2,READ,0x20000222000,4096
9608,u3,3,READ,0x30000221000,4096
9615,u1,1,READ,0x10000231000,4096
9618,u2,2,READ,0x20000223000,4096
9619,u0,0,READ,0x22c000,4096
9621,u3,3,READ,0x30000222000,4096
9626,u1,1,READ,0x10000232000,4096
9632,u2,2,READ,0x20000224000,4096
9638,u0,0,READ,0x22d000,4096
9646,u2,2,READ,0x20000225000,4096
9646,u3,3,READ,0x30000223000,4096
9647,u1,1,READ,0x10000233000,4096
9657,u3,3,READ,0x30000224000,4096
9658,u1,1,READ,0x10000234000,4096
9662,u0,0,READ,0x22e000,4096
9665,u2,2,WRITE,0x20000226000,4096
9672,u1,1,READ,0x10000235000,4096
9679,u3,3,READ,0x30000225000,4096
9687,u0,0,READ,0x22f000,4096
9689,u3,3,READ,0x30000226000,4096
9690,u1,1,READ,0x10000236000,4096
9690,u2,2,READ,0x20000227000,4096
9699,u3,3,READ,0x30000227000,4096
9702,u0,0,READ,0x230000,4096
9705,u2,2,READ,0x20000228000,4096
9711,u1,1,READ,0x10000237000,4096
9715,u3,3,READ,0x30000228000,4096
9716,u2,2,READ,0x20000229000,4096
9722,u1,1,READ,0x10000238000,4096
9723,u0,0,READ,0x231000,4096
9734,u1,1,READ,0x10000239000,4096
9735,u2,2,READ,0x2000022a000,4096
9739,u3,3,WRITE,0x30000229000,4096
9745,u0,0,READ,0x232000,4096
9747,u2,2,READ,0x2000022b000,4096
9752,u1,1,READ,0x1000023a000,4096
9756,u3,3,READ,0x3000022a000,4096
9757,u0,0,READ,0x233000,4096
9762,u1,1,READ,0x1000023b000,4096
9769,u0,0,READ,0x234000,4096
9769,u2,2,READ,0x2000022c000,4096
9773,u3,3,READ,0x3000022b000,4096
9781,u2,2,READ,0x2000022d000,4096
9782,u0,0,READ,0x235000,4096
9786,u1,1,READ,0x1000023c000,4096
9796,u3,3,READ,0x3000022c000,4096
9804,u2,2,READ,0x2000022e000,4096
9806,u0,0,READ,0x236000,4096
9808,u1,1,READ,0x1000023d000,4096
9821,u3,3,READ,0x3000022d000,4096
9823,u0,0,READ,0x237000,4096
9824,u1,1,READ,0x1000023e000,4096
9824,u2,2,READ,0x2000022f000,4096
9831,u3,3,READ,0x3000022e000,4096
9834,u2,2,READ,0x20000230000,4096
9845,u2,2,READ,0x20000231000,4096
9847,u0,0,READ,0x238000,4096
9848,u1,1,READ,0x1000023f000,4096
9848,u3,3,READ,0x3000022f000,4096
9859,u0,0,READ,0x239000,4096
9861,u1,1,READ,0x10000240000,4096
9865,u2,2,READ,0x20000232000,4096
9869,u0,0,READ,0x23a000,4096
9869,u3,3,READ,0x30000230000,4096
9878,u1,1,READ,0x10000241000,4096
9881,u2,2,READ,0x20000233000,4096
9888,u3,3,READ,0x30000231000,4096
9890,u0,0,READ,0x23b000,4096
9900,u1,1,READ,0x10000242000,4096
9900,u2,2,READ,0x20000234000,4096
9905,u3,3,READ,0x30000232000,4096
9906,u0,0,READ,0x23c000,4096
9911,u2,2,READ,0x20000235000,4096
9912,u1,1,READ,0x10000243000,4096
9917,u3,3,READ,0x30000233000,4096
9921,u0,0,READ,0x23d000,4096
9924,u1,1,READ,0x10000244000,4096
9935,u2,2,READ,0x20000236000,4096
9938,u3,3,READ,0x30000234000,4096
9945,u0,0,READ,0x23e000,4096
9945,u1,1,READ,0x10000245000,4096
9948,u2,2,READ,0x20000237000,4096
9957,u0,0,WRITE,0x23f000,4096
9958,u3,3,READ,0x30000235000,4096
9960,u1,1,READ,0x10000246000,4096
9967,u0,0,WRITE,0x240000,4096
9970,u2,2,READ,0x20000238000,4096
9982,u2,2,READ,0x20000239000,4096
9982,u3,3,READ,0x30000236000,4096
9985,u1,1,READ,0x10000247000,4096
9989,u0,0,READ,0x241000,4096
10000,u2,2,READ,0x2000023a000,4096
10001,u1,1,READ,0x10000248000,4096
10003,u3,3,READ,0x30000237000,4096
10006,u0,0,READ,0x242000,4096
10011,u2,2,READ,0x2000023b000,4096
10019,u3,3,READ,0x30000238000,4096
10026,u1,1,READ,0x10000249000,4096
10027,u0,0,READ,0x243000,4096
10033,u3,3,READ,0x30000239000,4096
10034,u2,2,READ,0x2000023c000,4096
10036,u1,1,READ,0x1000024a000,4096
10048,u0,0,READ,0x244000,4096
10050,u2,2,READ,0x2000023d000,4096
10052,u3,3,WRITE,0x3000023a000,4096
10059,u1,1,READ,0x1000024b000,4096
10064,u2,2,READ,0x2000023e000,4096
10065,u0,0,READ,0x245000,4096
10075,u1,1,READ,0x1000024c000,4096
10076,u3,3,READ,0x3000023b000,4096
10077,u0,0,READ,0x246000,4096
10086,u1,1,READ,0x1000024d000,4096
10089,u2,2,READ,0x2000023f000,4096
10093,u0,0,READ,0x247000,4096
10098,u3,3,READ,0x3000023c000,4096
10103,u1,1,READ,0x1000024e000,4096
10105,u2,2,READ,0x20000240000,4096
10116,u2,2,READ,0x20000241000,4096
10117,u0,0,WRITE,0x248000,4096
10118,u3,3,READ,0x3000023d000,4096
10120,u1,1,READ,0x1000024f000,4096
10129,u0,0,READ,0x249000,4096
10136,u2,2,WRITE,0x20000242000,4096
10138,u3,3,READ,0x3000023e000,4096
10141,u1,1,READ,0x10000250000,4096
10147,u0,0,READ,0x24a000,4096
10157,u3,3,READ,0x3000023f000,4096
10160,u2,2,READ,0x20000243000,4096
10163,u0,0,READ,0x24b000,4096
10166,u1,1,READ,0x10000251000,4096
10178,u3,3,READ,0x30000240000,4096
10180,u2,2,READ,0x20000244000,4096
10181,u1,1,READ,0x10000252000,4096
10187,u0,0,READ,0x24c000,4096
10189,u3,3,READ,0x30000241000,4096
10190,u2,2,READ,0x20000245000,4096
10192,u1,1,READ,0x10000253000,4096
10203,u0,0,READ,0x24d000,4096
10205,u3,3,READ,0x30000242000,4096
10213,u0,0,READ,0x24e000,4096
10214,u2,2,READ,0x20000246000,4096
10215,u1,1,READ,0x10000254000,4096
10230,u0,0,READ,0x24f000,4096
10230,u3,3,READ,0x30000243000,4096
10236,u2,2,READ,0x20000247000,4096
10237,u1,1,READ,0x10000255000,4096
10246,u0,0,READ,0x250000,4096
10255,u1,1,WRITE,0x10000256000,4096
10255,u3,3,READ,0x30000244000,4096
10258,u2,2,READ,0x20000248000,4096
10263,u0,0,WRITE,0x251000,4096
10269,u2,2,READ,0x20000249000,4096
10273,u0,0,READ,0x252000,4096
10274,u3,3,READ,0x30000245000,4096
10276,u1,1,READ,0x10000257000,4096
10283,u2,2,READ,0x2000024a000,4096
10284,u0,0,READ,0x253000,4096
10288,u3,3,READ,0x30000246000,4096
10290,u1,1,READ,0x10000258000,4096
10295,u2,2,WRITE,0x2000024b000,4096
10306,u2,2,READ,0x2000024c000,4096
10307,u0,0,READ,0x254000,4096
10312,u3,3,READ,0x30000247000,4096
10313,u1,1,READ,0x10000259000,4096
10327,u2,2,READ,0x2000024d000,4096
10329,u0,0,READ,0x255000,4096
10332,u1,1,READ,0x1000025a000,4096
10333,u3,3,READ,0x30000248000,4096
10339,u2,2,READ,0x2000024e000,4096
10346,u1,1,READ,0x1000025b000,4096
10349,u3,3,READ,0x30000249000,4096
10351,u0,0,READ,0x256000,4096
10352,u2,2,READ,0x2000024f000,4096
10361,u1,1,READ,0x1000025c000,4096
10364,u3,3,READ,0x3000024a000,4096
10369,u0,0,READ,0x257000,4096
10369,u2,2,READ,0x20000250000,4096
10374,u3,3,READ,0x3000024b000,4096
10386,u1,1,READ,0x1000025d000,4096
10388,u2,2,READ,0x20000251000,4096
10390,u0,0,READ,0x258000,4096
10395,u3,3,READ,0x3000024c000,4096
10402,u0,0,READ,0x259000,4096
10409,u2,2,READ,0x20000252000,4096
10411,u1,1,WRITE,0x1000025e000,4096
10419,u3,3,READ,0x3000024d000,4096
10425,u0,0,READ,0x25a000,4096
10429,u1,1,READ,0x1000025f000,4096
10432,u2,2,READ,0x20000253000,4096
10441,u1,1,READ,0x10000260000,4096
10441,u3,3,READ,0x3000024e000,4096
10445,u2,2,READ,0x20000254000,4096
10446,u0,0,READ,0x25b000,4096
10453,u1,1,READ,0x10000261000,4096
10463,u3,3,READ,0x3000024f000,4096
10468,u2,2,READ,0x20000255000,4096
10471,u0,0,READ,0x25c000,4096
10471,u1,1,READ,0x10000262000,4096
10481,u0,0,READ,0x25d000,4096
10482,u3,3,READ,0x30000250000,4096
10491,u2,2,READ,0x20000256000,4096
10496,u1,1,READ,0x10000263000,4096
10500,u0,0,READ,0x25e000,4096
10504,u2,2,READ,0x20000257000,4096
10505,u3,3,READ,0x30000251000,4096
10514,u1,1,READ,0x10000264000,4096
10516,u0,0,READ,0x25f000,4096
10522,u2,2,READ,0x20000258000,4096
10525,u1,1,READ,0x10000265000,4096
10529,u3,3,READ,0x30000252000,4096
10533,u0,0,READ,0x260000,4096
10545,u0,0,READ,0x261000,4096
10546,u2,2,READ,0x20000259000,4096
10546,u3,3,READ,0x30000253000,4096
10550,u1,1,READ,0x10000266000,4096
10555,u0,0,READ,0x262000,4096
10559,u2,2,READ,0x2000025a000,4096
10559,u3,3,READ,0x30000254000,4096
10565,u1,1,WRITE,0x10000267000,4096
10573,u3,3,READ,0x30000255000,4096
10577,u2,2,READ,0x2000025b000,4096
10579,u0,0,READ,0x263000,4096
10587,u3,3,READ,0x30000256000,4096
10589,u1,1,READ,0x10000268000,4096
10592,u2,2,READ,0x2000025c000,4096
10602,u0,0,READ,0x264000,4096
10606,u1,1,READ,0x10000269000,4096
10609,u2,2,READ,0x2000025d000,4096
10612,u3,3,READ,0x30000257000,4096
10622,u2,2,WRITE,0x2000025e000,4096
10625,u0,0,READ,0x265000,4096
10626,u1,1,READ,0x1000026a000,4096
10635,u3,3,READ,0x30000258000,4096
10636,u2,2,READ,0x2000025f000,4096
10639,u0,0,READ,0x266000,4096
10639,u1,1,READ,0x1000026b000,4096
10647,u2,2,READ,0x20000260000,4096
10650,u3,3,READ,0x30000259000,4096
10656,u0,0,READ,0x267000,4096
10660,u1,1,READ,0x1000026c000,4096
10663,u2,2,READ,0x20000261000,4096
10671,u0,0,READ,0x268000,4096
10671,u3,3,READ,0x3000025a000,4096
10672,u1,1,READ,0x1000026d000,4096
10683,u2,2,READ,0x20000262000,4096
10685,u3,3,READ,0x3000025b000,4096
10692,u0,0,WRITE,0x269000,4096
10692,u1,1,READ,0x1000026e000,4096
10698,u3,3,READ,0x3000025c000,4096
10706,u0,0,READ,0x26a000,4096
10707,u2,2,READ,0x20000263000,4096
10710,u3,3,READ,0x3000025d000,4096
10716,u0,0,WRITE,0x26b000,4096
10716,u1,1,READ,0x1000026f000,4096
10722,u3,3,WRITE,0x3000025e000,4096
10723,u2,2,READ,0x20000264000,4096
10737,u0,0,READ,0x26c000,4096
10738,u1,1,READ,0x10000270000,4096
10746,u2,2,READ,0x20000265000,4096
10746,u3,3,READ,0x3000025f000,4096
10748,u0,0,READ,0x26d000,4096
10760,u1,1,READ,0x10000271000,4096
10763,u3,3,READ,0x30000260000,4096
10769,u2,2,READ,0x20000266000,4096
10772,u0,0,READ,0x26e000,4096
10774,u1,1,READ,0x10000272000,4096
10779,u3,3,READ,0x30000261000,4096
10782,u2,2,READ,0x20000267000,4096
10789,u1,1,READ,0x10000273000,4096
10789,u3,3,READ,0x30000262000,4096
10793,u0,0,READ,0x26f000,4096
10802,u1,1,READ,0x10000274000,4096
10803,u2,2,READ,0x20000268000,4096
10811,u0,0,READ,0x270000,4096
10813,u3,3,READ,0x30000263000,4096
10821,u1,1,READ,0x10000275000,4096
10822,u0,0,READ,0x271000,4096
10828,u2,2,READ,0x20000269000,4096
10835,u3,3,READ,0x30000264000,4096
10839,u0,0,READ,0x272000,4096
10840,u1,1,READ,0x10000276000,4096
10853,u2,2,READ,0x2000026a000,4096
10854,u1,1,READ,0x10000277000,4096
10858,u0,0,READ,0x273000,4096
10859,u3,3,READ,0x30000265000,4096
10868,u0,0,READ,0x274000,4096
10870,u2,2,READ,0x2000026b000,4096
10877,u1,1,READ,0x10000278000,4096
10877,u3,3,READ,0x30000266000,4096
10883,u2,2,READ,0x2000026c000,4096
10886,u0,0,READ,0x275000,4096
10897,u2,2,READ,0x2000026d000,4096
10898,u3,3,READ,0x30000267000,4096
10902,u1,1,READ,0x10000279000,4096
10910,u0,0,READ,0x276000,4096
10916,u2,2,READ,0x2000026e000,4096
10922,u1,1,READ,0x1000027a000,4096
10923,u3,3,READ,0x30000268000,4096
10930,u0,0,READ,0x277000,4096
10936,u2,2,WRITE,0x2000026f000,4096
10942,u1,1,READ,0x1000027b000,4096
10944,u0,0,READ,0x278000,4096
10946,u3,3,READ,0x30000269000,4096
10956,u1,1,READ,0x1000027c000,4096
10961,u2,2,READ,0x20000270000,4096
10966,u1,1,WRITE,0x1000027d000,4096
10969,u0,0,READ,0x279000,4096
10970,u3,3,READ,0x3000026a000,4096
10971,u2,2,READ,0x20000271000,4096
10982,u0,0,READ,0x27a000,4096
10986,u3,3,READ,0x3000026b000,4096
10988,u1,1,READ,0x1000027e000,4096
10995,u2,2,READ,0x20000272000,4096
11001,u1,1,READ,0x1000027f000,4096
11003,u0,0,READ,0x27b000,4096
11005,u3,3,READ,0x3000026c000,4096
11011,u1,1,READ,0x10000280000,4096
11012,u2,2,READ,0x20000273000,4096
11022,u2,2,READ,0x20000274000,4096
11028,u0,0,READ,0x27c000,4096
11028,u1,1,READ,0x10000281000,4096
11030,u3,3,READ,0x3000026d000,4096
11038,u0,0,READ,0x27d000,4096
11041,u3,3,READ,0x3000026e000,4096
11045,u1,1,READ,0x10000282000,4096
11045,u2,2,READ,0x20000275000,4096
11053,u0,0,WRITE,0x27e000,4096
11059,u2,2,READ,0x20000276000,4096
11061,u3,3,READ,0x3000026f000,4096
11064,u1,1,READ,0x10000283000,4096
11069,u0,0,READ,0x27f000,4096
11071,u2,2,READ,0x20000277000,4096
11073,u3,3,READ,0x30000270000,4096
11081,u0,0,READ,0x280000,4096
11081,u1,1,READ,0x10000284000,4096
11081,u2,2,READ,0x20000278000,4096
11085,u3,3,READ,0x30000271000,4096
11096,u1,1,READ,0x10000285000,4096
11103,u2,2,READ,0x20000279000,4096
11105,u3,3,READ,0x30000272000,4096
11106,u0,0,READ,0x281000,4096
11115,u1,1,READ,0x10000286000,4096
11117,u3,3,READ,0x30000273000,4096
11127,u1,1,READ,0x10000287000,4096
11127,u2,2,READ,0x2000027a000,4096
11128,u0,0,READ,0x282000,4096
11132,u3,3,READ,0x30000274000,4096
11138,u2,2,READ,0x2000027b000,4096
11148,u1,1,READ,0x10000288000,4096
11149,u2,2,READ,0x2000027c000,4096
11152,u0,0,READ,0x283000,4096
11156,u3,3,READ,0x30000275000,4096
11161,u1,1,READ,0x10000289000,4096
11164,u2,2,READ,0x2000027d000,4096
11168,u0,0,READ,0x284000,4096
11173,u3,3,READ,0x30000276000,4096
11178,u2,2,READ,0x2000027e000,4096
11179,u1,1,READ,0x1000028a000,4096
11186,u0,0,READ,0x285000,4096
11190,u2,2,READ,0x2000027f000,4096
11194,u3,3,READ,0x30000277000,4096
11201,u1,1,READ,0x1000028b000,4096
11205,u0,0,READ,0x286000,4096
11205,u3,3,WRITE,0x30000278000,4096
11208,u2,2,READ,0x20000280000,4096
11215,u3,3,READ,0x30000279000,4096
11221,u2,2,READ,0x20000281000,4096
11224,u0,0,READ,0x287000,4096
11224,u1,1,READ,0x1000028c000,4096
11225,u3,3,READ,0x3000027a000,4096
11234,u1,1,READ,0x1000028d000,4096
11242,u0,0,READ,0x288000,4096
11246,u2,2,READ,0x20000282000,4096
11250,u3,3,READ,0x3000027b000,4096
11254,u1,1,READ,0x1000028e000,4096
11257,u2,2,READ,0x20000283000,4096
11266,u0,0,READ,0x289000,4096
11271,u1,1,READ,0x1000028f000,4096
11273,u3,3,READ,0x3000027c000,4096
11275,u2,2,READ,0x20000284000,4096
11285,u1,1,READ,0x10000290000,4096
11286,u3,3,READ,0x3000027d000,4096
11290,u0,0,READ,0x28a000,4096
11299,u2,2,READ,0x20000285000,4096
11300,u0,0,READ,0x28b000,4096
11300,u1,1,READ,0x10000291000,4096
11306,u3,3,READ,0x3000027e000,4096
11311,u0,0,READ,0x28c000,4096
11313,u2,2,READ,0x20000286000,4096
11314,u1,1,READ,0x10000292000,4096
11324,u3,3,READ,0x3000027f000,4096
11331,u0,0,READ,0x28d000,4096
11332,u2,2,READ,0x20000287000,4096
11333,u1,1,READ,0x10000293000,4096
11339,u3,3,READ,0x30000280000,4096
11347,u0,0,READ,0x28e000,4096
11351,u1,1,READ,0x10000294000,4096
11355,u3,3,READ,0x30000281000,4096
11357,u2,2,READ,0x20000288000,4096
11363,u0,0,READ,0x28f000,4096
11368,u1,1,READ,0x10000295000,4096
11374,u2,2,READ,0x20000289000,4096
11375,u0,0,READ,0x290000,4096
11377,u3,3,READ,0x30000282000,4096
11383,u1,1,READ,0x10000296000,4096
11389,u3,3,READ,0x30000283000,4096
11396,u2,2,READ,0x2000028a000,4096
11399,u0,0,READ,0x291000,4096
11399,u1,1,READ,0x10000297000,4096
11412,u0,0,READ,0x292000,4096
11412,u3,3,READ,0x30000284000,4096
11415,u2,2,READ,0x2000028b000,4096
11422,u0,0,READ,0x293000,4096
11422,u1,1,READ,0x10000298000,4096
11432,u0,0,READ,0x294000,4096
11432,u3,3,READ,0x30000285000,4096
11440,u2,2,READ,0x2000028c000,4096
11446,u1,1,READ,0x10000299000,4096
11452,u0,0,READ,0x295000,4096
11456,u3,3,READ,0x30000286000,4096
11459,u1,1,READ,0x1000029a000,4096
11464,u2,2,READ,0x2000028d000,4096
11477,u0,0,READ,0x296000,4096
11478,u2,2,READ,0x2000028e000,4096
11478,u3,3,READ,0x30000287000,4096
11483,u1,1,READ,0x1000029b000,4096
11488,u2,2,READ,0x2000028f000,4096
11496,u0,0,READ,0x297000,4096
11499,u3,3,READ,0x30000288000,4096
11500,u2,2,READ,0x20000290000,4096
11503,u1,1,READ,0x1000029c000,4096
11510,u3,3,READ,0x30000289000,4096
11514,u1,1,READ,0x1000029d000,4096
11518,u0,0,READ,0x298000,4096
11522,u2,2,READ,0x20000291000,4096
11523,u3,3,READ,0x3000028a000,4096
11527,u1,1,READ,0x1000029e000,4096
11529,u0,0,READ,0x299000,4096
11535,u3,3,READ,0x3000028b000,4096
11538,u2,2,READ,0x20000292000,4096
11544,u0,0,READ,0x29a000,4096
11546,u1,1,READ,0x1000029f000,4096
11554,u3,3,READ,0x3000028c000,4096
11562,u1,1,READ,0x100002a0000,4096
11562,u2,2,READ,0x20000293000,4096
11566,u0,0,READ,0x29b000,4096
11575,u3,3,READ,0x3000028d000,4096
11577,u0,0,READ,0x29c000,4096
11581,u2,2,READ,0x20000294000,4096
11587,u1,1,READ,0x100002a1000,4096
11597,u3,3,WRITE,0x3000028e000,4096
11600,u1,1,READ,0x100002a2000,4096
11601,u0,0,READ,0x29d000,4096
11601,u2,2,READ,0x20000295000,4096
11612,u0,0,READ,0x29e000,4096
11615,u3,3,READ,0x3000028f000,4096
11617,u2,2,READ,0x20000296000,4096
11625,u1,1,READ,0x100002a3000,4096
11630,u2,2,READ,0x20000297000,4096
11633,u0,0,READ,0x29f000,4096
11635,u3,3,READ,0x30000290000,4096
11643,u2,2,READ,0x20000298000,4096
11646,u3,3,READ,0x30000291000,4096
11648,u0,0,READ,0x2a0000,4096
11650,u1,1,READ,0x100002a4000,4096
11656,u2,2,READ,0x20000299000,4096
11666,u0,0,READ,0x2a1000,4096
11670,u3,3,READ,0x30000292000,4096
11672,u1,1,READ,0x100002a5000,4096
11681,u2,2,READ,0x2000029a000,4096
11684,u3,3,READ,0x30000293000,4096
11688,u1,1,READ,0x100002a6000,4096
11690,u0,0,READ,0x2a2000,4096
11703,u3,3,READ,0x30000294000,4096
11704,u0,0,READ,0x2a3000,4096
11705,u2,2,READ,0x2000029b000,4096
11708,u1,1,READ,0x100002a7000,4096
11720,u0,0,READ,0x2a4000,4096
11720,u3,3,READ,0x30000295000,4096
11727,u2,2,READ,0x2000029c000,4096
11730,u3,3,READ,0x30000296000,4096
11731,u1,1,READ,0x100002a8000,4096
11732,u0,0,READ,0x2a5000,4096
11745,u2,2,READ,0x2000029d000,4096
11745,u3,3,READ,0x30000297000,4096
11752,u1,1,READ,0x100002a9000,4096
11754,u0,0,READ,0x2a6000,4096
11758,u3,3,READ,0x30000298000,4096
11760,u2,2,READ,0x2000029e000,4096
11771,u0,0,READ,0x2a7000,4096
11774,u1,1,READ,0x100002aa000,4096
11776,u3,3,WRITE,0x30000299000,4096
11778,u2,2,READ,0x2000029f000,4096
11784,u1,1,READ,0x100002ab000,4096
11786,u3,3,READ,0x3000029a000,4096
11787,u0,0,READ,0x2a8000,4096
11796,u3,3,READ,0x3000029b000,4096
11801,u2,2,READ,0x200002a0000,4096
11807,u1,1,READ,0x100002ac000,4096
11810,u0,0,READ,0x2a9000,4096
11810,u3,3,READ,0x3000029c000,4096
11818,u2,2,WRITE,0x200002a1000,4096
11822,u3,3,READ,0x3000029d000,4096
11824,u1,1,READ,0x100002ad000,4096
11833,u0,0,READ,0x2aa000,4096
11834,u2,2,READ,0x200002a2000,4096
11838,u1,1,READ,0x100002ae000,4096
11846,u0,0,WRITE,0x2ab000,4096
11846,u3,3,WRITE,0x3000029e000,4096
11847,u2,2,READ,0x200002a3000,4096
11848,u1,1,READ,0x100002af000,4096
11859,u2,2,READ,0x200002a4000,4096
11864,u3,3,READ,0x3000029f000,4096
11865,u1,1,READ,0x100002b0000,4096
11869,u0,0,READ,0x2ac000,4096
11874,u3,3,READ,0x300002a0000,4096
11876,u2,2,READ,0x200002a5000,4096
11882,u1,1,READ,0x100002b1000,4096
11889,u2,2,READ,0x200002a6000,4096
11890,u0,0,READ,0x2ad000,4096
11896,u3,3,READ,0x300002a1000,4096
11898,u1,1,WRITE,0x100002b2000,4096
11906,u0,0,READ,0x2ae000,4096
11912,u2,2,READ,0x200002a7000,4096
11918,u1,1,READ,0x100002b3000,4096
11919,u3,3,READ,0x300002a2000,4096
11924,u0,0,READ,0x2af000,4096
11928,u2,2,READ,0x200002a8000,4096
11933,u3,3,READ,0x300002a3000,4096
11934,u0,0,READ,0x2b0000,4096
11942,u1,1,READ,0x100002b4000,4096
11948,u2,2,READ,0x200002a9000,4096
11948,u3,3,READ,0x300002a4000,4096
11951,u0,0,READ,0x2b1000,4096
11957,u1,1,READ,0x100002b5000,4096
11964,u2,2,READ,0x200002aa000,4096
11967,u3,3,READ,0x300002a5000,4096
11971,u0,0,READ,0x2b2000,4096
11974,u2,2,READ,0x200002ab000,4096
11981,u1,1,READ,0x100002b6000,4096
11984,u3,3,READ,0x300002a6000,4096
11989,u2,2,WRITE,0x200002ac000,4096
11990,u0,0,READ,0x2b3000,4096
11997,u1,1,READ,0x100002b7000,4096
11999,u3,3,READ,0x300002a7000,4096
12002,u0,0,READ,0x2b4000,4096
12014,u2,2,READ,0x200002ad000,4096
12015,u1,1,WRITE,0x100002b8000,4096
12019,u0,0,READ,0x2b5000,4096
12020,u3,3,READ,0x300002a8000,4096
12029,u0,0,READ,0x2b6000,4096
12036,u2,2,READ,0x200002ae000,4096
12036,u3,3,READ,0x300002a9000,4096
12038,u1,1,READ,0x100002b9000,4096
12046,u3,3,READ,0x300002aa000,4096
12048,u0,0,READ,0x2b7000,4096
12051,u1,1,READ,0x100002ba000,4096
12060,u3,3,READ,0x300002ab000,4096
12061,u2,2,READ,0x200002af000,4096
12066,u1,1,READ,0x100002bb000,4096
12072,u0,0,READ,0x2b8000,4096
12084,u3,3,READ,0x300002ac000,4096
12086,u2,2,READ,0x200002b0000,4096
12088,u1,1,READ,0x100002bc000,4096
12091,u0,0,READ,0x2b9000,4096
12096,u3,3,READ,0x300002ad000,4096
12098,u1,1,READ,0x100002bd000,4096
12101,u2,2,WRITE,0x200002b1000,4096
12106,u0,0,READ,0x2ba000,4096
12111,u2,2,READ,0x200002b2000,4096
12117,u3,3,READ,0x300002ae000,4096
12118,u0,0,READ,0x2bb000,4096
12118,u1,1,READ,0x100002be000,4096
12128,u2,2,READ,0x200002b3000,4096
12131,u0,0,READ,0x2bc000,4096
12131,u3,3,READ,0x300002af000,4096
12140,u1,1,READ,0x100002bf000,4096
12142,u2,2,WRITE,0x200002b4000,4096
12154,u0,0,READ,0x2bd000,4096
12156,u3,3,READ,0x300002b0000,4096
12161,u2,2,READ,0x200002b5000,4096
12164,u1,1,READ,0x100002c0000,4096
12169,u3,3,READ,0x300002b1000,4096
12178,u0,0,READ,0x2be000,4096
12182,u2,2,READ,0x200002b6000,4096
12187,u1,1,READ,0x100002c1000,4096
12188,u3,3,READ,0x300002b2000,4096
12189,u0,0,READ,0x2bf000,4096
12199,u0,0,WRITE,0x2c0000,4096
12204,u3,3,READ,0x300002b3000,4096
12207,u2,2,READ,0x200002b7000,4096
12212,u1,1,READ,0x100002c2000,4096
12216,u0,0,READ,0x2c1000,4096
12216,u3,3,READ,0x300002b4000,4096
12229,u2,2,READ,0x200002b8000,4096
12231,u1,1,READ,0x100002c3000,4096
12235,u0,0,READ,0x2c2000,4096
12235,u3,3,READ,0x300002b5000,4096
12242,u2,2,READ,0x200002b9000,4096
12254,u0,0,READ,0x2c3000,4096
12254,u3,3,READ,0x300002b6000,4096
12255,u1,1,READ,0x100002c4000,4096
12259,u2,2,READ,0x200002ba000,4096
12268,u3,3,READ,0x300002b7000,4096
12269,u2,2,READ,0x200002bb000,4096
12275,u0,0,READ,0x2c4000,4096
12276,u1,1,READ,0x100002c5000,4096
12286,u1,1,READ,0x100002c6000,4096
12287,u3,3,READ,0x300002b8000,4096
12290,u2,2,READ,0x200002bc000,4096
12291,u0,0,READ,0x2c5000,4096
12307,u2,2,READ,0x200002bd000,4096
12311,u1,1,READ,0x100002c7000,4096
12312,u3,3,READ,0x300002b9000,4096
12313,u0,0,READ,0x2c6000,4096
12325,u2,2,READ,0x200002be000,4096
12326,u3,3,READ,0x300002ba000,4096
12336,u1,1,READ,0x100002c8000,4096
12338,u0,0,READ,0x2c7000,4096
12338,u2,2,READ,0x200002bf000,4096
12348,u2,2,READ,0x200002c0000,4096
12348,u3,3,READ,0x300002bb000,4096
12352,u0,0,READ,0x2c8000,4096
12357,u1,1,READ,0x100002c9000,4096
12366,u2,2,WRITE,0x200002c1000,4096
12368,u3,3,READ,0x300002bc000,4096
12370,u0,0,READ,0x2c9000,4096
12375,u1,1,READ,0x100002ca000,4096
12382,u2,2,READ,0x200002c2000,4096
12387,u0,0,READ,0x2ca000,4096
12392,u3,3,READ,0x300002bd000,4096
12393,u2,2,READ,0x200002c3000,4096
12394,u1,1,READ,0x100002cb000,4096
12399,u0,0,WRITE,0x2cb000,4096
12404,u3,3,READ,0x300002be000,4096
12406,u2,2,READ,0x200002c4000,4096
12411,u1,1,READ,0x100002cc000,4096
12413,u0,0,READ,0x2cc000,4096
12425,u2,2,READ,0x200002c5000,4096
12425,u3,3,READ,0x300002bf000,4096
12426,u0,0,READ,0x2cd000,4096
12430,u1,1,READ,0x100002cd000,4096
12441,u2,2,READ,0x200002c6000,4096
12444,u3,3,READ,0x300002c0000,4096
12446,u0,0,READ,0x2ce000,4096
12453,u1,1,READ,0x100002ce000,4096
12459,u3,3,READ,0x300002c1000,4096
12463,u2,2,READ,0x200002c7000,4096
12469,u3,3,READ,0x300002c2000,4096
12470,u0,0,READ,0x2cf000,4096
12474,u1,1,READ,0x100002cf000,4096
12474,u2,2,READ,0x200002c8000,4096
12482,u3,3,READ,0x300002c3000,4096
12487,u2,2,READ,0x200002c9000,4096
12492,u3,3,READ,0x300002c4000,4096
12493,u0,0,READ,0x2d0000,4096
12497,u1,1,READ,0x100002d0000,4096
12504,u0,0,READ,0x2d1000,4096
12504,u3,3,READ,0x300002c5000,4096
12505,u2,2,READ,0x200002ca000,4096
12507,u1,1,READ,0x100002d1000,4096
12514,u3,3,READ,0x300002c6000,4096
12517,u0,0,READ,0x2d2000,4096
12520,u2,2,READ,0x200002cb000,4096
12525,u1,1,READ,0x100002d2000,4096
12527,u0,0,READ,0x2d3000,4096
12533,u3,3,READ,0x300002c7000,4096
12538,u2,2,READ,0x200002cc000,4096
12543,u0,0,READ,0x2d4000,4096
12548,u3,3,READ,0x300002c8000,4096
12550,u1,1,READ,0x100002d3000,4096
12555,u0,0,READ,0x2d5000,4096
12557,u2,2,READ,0x200002cd000,4096
12566,u0,0,READ,0x2d6000,4096
12569,u1,1,READ,0x100002d4000,4096
12569,u3,3,READ,0x300002c9000,4096
12574,u2,2,READ,0x200002ce000,4096
12584,u3,3,READ,0x300002ca000,4096
12587,u0,0,READ,0x2d7000,4096
12588,u1,1,READ,0x100002d5000,4096
12599,u2,2,READ,0x200002cf000,4096
12602,u0,0,READ,0x2d8000,4096
12604,u3,3,READ,0x300002cb000,4096
12612,u1,1,READ,0x100002d6000,4096
12616,u0,0,READ,0x2d9000,4096
12618,u2,2,READ,0x200002d0000,4096
12628,u3,3,WRITE,0x300002cc000,4096
12629,u2,2,READ,0x200002d1000,4096
12633,u0,0,READ,0x2da000,4096
12633,u1,1,READ,0x100002d7000,4096
12645,u3,3,READ,0x300002cd000,4096
12648,u1,1,READ,0x100002d8000,4096
12648,u2,2,READ,0x200002d2000,4096
12657,u0,0,WRITE,0x2db000,4096
12658,u1,1,READ,0x100002d9000,4096
12658,u3,3,READ,0x300002ce000,4096
12667,u2,2,READ,0x200002d3000,4096
12677,u3,3,READ,0x300002cf000,4096
12679,u1,1,READ,0x100002da000,4096
12680,u0,0,READ,0x2dc000,4096
12687,u3,3,READ,0x300002d0000,4096
12690,u2,2,READ,0x200002d4000,4096
12698,u0,0,READ,0x2dd000,4096
12700,u1,1,READ,0x100002db000,4096
12703,u2,2,READ,0x200002d5000,4096
12703,u3,3,READ,0x300002d1000,4096
12714,u1,1,READ,0x100002dc000,4096
12718,u0,0,READ,0x2de000,4096
12725,u2,2,READ,0x200002d6000,4096
12728,u3,3,READ,0x300002d2000,4096
12729,u0,0,READ,0x2df000,4096
12733,u1,1,READ,0x100002dd000,4096
12743,u1,1,READ,0x100002de000,4096
12746,u2,2,READ,0x200002d7000,4096
12749,u3,3,READ,0x300002d3000,4096
12754,u0,0,READ,0x2e0000,4096
12758,u1,1,READ,0x100002df000,4096
12764,u2,2,READ,0x200002d8000,4096
12765,u3,3,READ,0x300002d4000,4096
12776,u0,0,READ,0x2e1000,4096
12776,u2,2,WRITE,0x200002d9000,4096
12776,u3,3,READ,0x300002d5000,4096
12780,u1,1,READ,0x100002e0000,4096
12794,u3,3,READ,0x300002d6000,4096
12795,u2,2,READ,0x200002da000,4096
12796,u0,0,READ,0x2e2000,4096
12797,u1,1,READ,0x100002e1000,4096
12804,u3,3,WRITE,0x300002d7000,4096
12809,u0,0,READ,0x2e3000,4096
12812,u2,2,READ,0x200002db000,4096
12814,u1,1,READ,0x100002e2000,4096
12822,u3,3,READ,0x300002d8000,4096
12825,u0,0,READ,0x2e4000,4096
12831,u2,2,READ,0x200002dc000,4096
12833,u1,1,READ,0x100002e3000,4096
12834,u3,3,READ,0x300002d9000,4096
12846,u3,3,READ,0x300002da000,4096
12848,u0,0,READ,0x2e5000,4096
12848,u1,1,READ,0x100002e4000,4096
12854,u2,2,READ,0x200002dd000,4096
12856,u3,3,READ,0x300002db000,4096
12863,u0,0,READ,0x2e6000,4096
12868,u1,1,READ,0x100002e5000,4096
12871,u3,3,READ,0x300002dc000,4096
12874,u2,2,READ,0x200002de000,4096
12878,u0,0,READ,0x2e7000,4096
12886,u3,3,READ,0x300002dd000,4096
12890,u1,1,READ,0x100002e6000,4096
12892,u2,2,READ,0x200002df000,4096
12902,u0,0,READ,0x2e8000,4096
12903,u1,1,READ,0x100002e7000,4096
12905,u3,3,READ,0x300002de000,4096
12916,u0,0,READ,0x2e9000,4096
12917,u2,2,READ,0x200002e0000,4096
12918,u1,1,READ,0x100002e8000,4096
12925,u3,3,READ,0x300002df000,4096
12927,u0,0,READ,0x2ea000,4096
12929,u2,2,READ,0x200002e1000,4096
12935,u1,1,READ,0x100002e9000,4096
12948,u3,3,READ,0x300002e0000,4096
12951,u0,0,READ,0x2eb000,4096
12951,u2,2,READ,0x200002e2000,4096
12959,u1,1,READ,0x100002ea000,4096
12961,u2,2,READ,0x200002e3000,4096
12967,u3,3,READ,0x300002e1000,4096
12970,u0,0,READ,0x2ec000,4096
12973,u2,2,READ,0x200002e4000,4096
12977,u1,1,READ,0x100002eb000,4096
12980,u0,0,READ,0x2ed000,4096
12989,u2,2,READ,0x200002e5000,4096
12991,u3,3,READ,0x300002e2000,4096
12993,u1,1,READ,0x100002ec000,4096
12994,u0,0,READ,0x2ee000,4096
13002,u2,2,READ,0x200002e6000,4096
13002,u3,3,READ,0x300002e3000,4096
13011,u1,1,READ,0x100002ed000,4096
13013,u3,3,WRITE,0x300002e4000,4096
13016,u2,2,READ,0x200002e7000,4096
13018,u0,0,READ,0x2ef000,4096
13025,u1,1,READ,0x100002ee000,4096
13027,u3,3,READ,0x300002e5000,4096
13031,u0,0,READ,0x2f0000,4096
13033,u2,2,READ,0x200002e8000,4096
13038,u1,1,READ,0x100002ef000,4096
13038,u3,3,READ,0x300002e6000,4096
13052,u0,0,READ,0x2f1000,4096
13058,u2,2,READ,0x200002e9000,4096
13059,u1,1,READ,0x100002f0000,4096
13061,u3,3,READ,0x300002e7000,4096
13062,u0,0,READ,0x2f2000,4096
13069,u2,2,READ,0x200002ea000,4096
13080,u1,1,READ,0x100002f1000,4096
13080,u2,2,WRITE,0x200002eb000,4096
13084,u3,3,READ,0x300002e8000,4096
13085,u0,0,READ,0x2f3000,4096
13099,u1,1,READ,0x100002f2000,4096
13099,u2,2,WRITE,0x200002ec000,4096
13101,u0,0,WRITE,0x2f4000,4096
13101,u3,3,READ,0x300002e9000,4096
13109,u2,2,READ,0x200002ed000,4096
13114,u0,0,WRITE,0x2f5000,4096
13121,u3,3,READ,0x300002ea000,4096
13124,u1,1,READ,0x100002f3000,4096
13126,u2,2,READ,0x200002ee000,4096
13133,u0,0,READ,0x2f6000,4096
13138,u2,2,READ,0x200002ef000,4096
13141,u3,3,READ,0x300002eb000,4096
13149,u1,1,READ,0x100002f4000,4096
13157,u3,3,READ,0x300002ec000,4096
13158,u0,0,READ,0x2f7000,4096
13158,u2,2,READ,0x200002f0000,4096
13163,u1,1,READ,0x100002f5000,4096
13172,u0,0,READ,0x2f8000,4096
13173,u2,2,READ,0x200002f1000,4096
13175,u3,3,READ,0x300002ed000,4096
13181,u1,1,READ,0x100002f6000,4096
13191,u3,3,READ,0x300002ee000,4096
13192,u2,2,READ,0x200002f2000,4096
13195,u0,0,READ,0x2f9000,4096
13198,u1,1,READ,0x100002f7000,4096
13202,u3,3,READ,0x300002ef000,4096
13209,u0,0,READ,0x2fa000,4096
13209,u2,2,READ,0x200002f3000,4096
13213,u1,1,READ,0x100002f8000,4096
13214,u3,3,READ,0x300002f0000,4096
13224,u0,0,READ,0x2fb000,4096
13227,u3,3,READ,0x300002f1000,4096
13234,u2,2,WRITE,0x200002f4000,4096
13237,u1,1,READ,0x100002f9000,4096
13246,u2,2,READ,0x200002f5000,4096
13249,u0,0,READ,0x2fc000,4096
13250,u3,3,READ,0x300002f2000,4096
13257,u1,1,READ,0x100002fa000,4096
13264,u3,3,READ,0x300002f3000,4096
13265,u0,0,READ,0x2fd000,4096
13267,u2,2,READ,0x200002f6000,4096
13278,u1,1,READ,0x100002fb000,4096
13281,u2,2,READ,0x200002f7000,4096
13283,u3,3,READ,0x300002f4000,4096
13285,u0,0,READ,0x2fe000,4096
13293,u2,2,READ,0x200002f8000,4096
13302,u0,0,READ,0x2ff000,4096
13302,u1,1,READ,0x100002fc000,4096
13306,u3,3,READ,0x300002f5000,4096
13308,u2,2,READ,0x200002f9000,4096
13316,u3,3,READ,0x300002f6000,4096
13317,u0,0,READ,0x300000,4096
13319,u2,2,WRITE,0x200002fa000,4096
13323,u1,1,READ,0x100002fd000,4096
13338,u3,3,READ,0x300002f7000,4096
13339,u0,0,READ,0x301000,4096
13342,u2,2,READ,0x200002fb000,4096
13343,u1,1,READ,0x100002fe000,4096
13353,u2,2,READ,0x200002fc000,4096
13355,u0,0,READ,0x302000,4096
13355,u3,3,READ,0x300002f8000,4096
13356,u1,1,READ,0x100002ff000,4096
13364,u2,2,READ,0x200002fd000,4096
13375,u1,1,READ,0x10000300000,4096
13376,u0,0,READ,0x303000,4096
13377,u3,3,READ,0x300002f9000,4096
13384,u2,2,READ,0x200002fe000,4096
13389,u3,3,READ,0x300002fa000,4096
13397,u1,1,READ,0x10000301000,4096
13401,u0,0,READ,0x304000,4096
13405,u2,2,WRITE,0x200002ff000,4096
13405,u3,3,READ,0x300002fb000,4096
13411,u0,0,READ,0x305000,4096
13411,u1,1,READ,0x10000302000,4096
13422,u3,3,READ,0x300002fc000,4096
13427,u0,0,READ,0x306000,4096
13427,u1,1,WRITE,0x10000303000,4096
13427,u2,2,READ,0x20000300000,4096
13445,u1,1,READ,0x10000304000,4096
13446,u2,2,READ,0x20000301000,4096
13447,u3,3,READ,0x300002fd000,4096
13448,u0,0,READ,0x307000,4096
13461,u0,0,READ,0x308000,4096
13467,u3,3,READ,0x300002fe000,4096
13469,u1,1,READ,0x10000305000,4096
13470,u2,2,READ,0x20000302000,4096
13472,u0,0,READ,0x309000,4096
13484,u2,2,READ,0x20000303000,4096
13484,u3,3,READ,0x300002ff000,4096
13485,u0,0,READ,0x30a000,4096
13490,u1,1,READ,0x10000306000,4096
13498,u3,3,READ,0x30000300000,4096
13500,u0,0,READ,0x30b000,4096
13503,u2,2,READ,0x20000304000,4096
13508,u1,1,READ,0x10000307000,4096
13509,u3,3,READ,0x30000301000,4096
13514,u0,0,READ,0x30c000,4096
13516,u2,2,WRITE,0x20000305000,4096
13519,u3,3,READ,0x30000302000,4096
13524,u0,0,READ,0x30d000,4096
13526,u1,1,WRITE,0x10000308000,4096
13529,u2,2,READ,0x20000306000,4096
13540,u3,3,READ,0x30000303000,4096
13543,u2,2,READ,0x20000307000,4096
13544,u0,0,READ,0x30e000,4096
13544,u1,1,WRITE,0x10000309000,4096
13558,u1,1,READ,0x1000030a000,4096
13561,u2,2,READ,0x20000308000,4096
13561,u3,3,READ,0x30000304000,4096
13563,u0,0,READ,0x30f000,4096
13579,u1,1,READ,0x1000030b000,4096
13579,u2,2,READ,0x20000309000,4096
13582,u3,3,READ,0x30000305000,4096
13588,u0,0,READ,0x310000,4096
13599,u3,3,READ,0x30000306000,4096
13603,u1,1,READ,0x1000030c000,4096
13603,u2,2,READ,0x2000030a000,4096
13611,u0,0,READ,0x311000,4096
13615,u2,2,READ,0x2000030b000,4096
13616,u3,3,READ,0x30000307000,4096
13620,u1,1,READ,0x1000030d000,4096
13626,u3,3,READ,0x30000308000,4096
13631,u1,1,READ,0x1000030e000,4096
13635,u0,0,READ,0x312000,4096
13637,u2,2,READ,0x2000030c000,4096
13642,u1,1,READ,0x1000030f000,4096
13644,u3,3,WRITE,0x30000309000,4096
13654,u1,1,READ,0x10000310000,4096
13655,u0,0,READ,0x313000,4096
13656,u2,2,WRITE,0x2000030d000,4096
13656,u3,3,READ,0x3000030a000,4096
13671,u1,1,READ,0x10000311000,4096
13675,u0,0,READ,0x314000,4096
13676,u2,2,READ,0x2000030e000,4096
13678,u3,3,READ,0x3000030b000,4096
13689,u0,0,READ,0x315000,4096
13689,u1,1,READ,0x10000312000,4096
13693,u2,2,READ,0x2000030f000,4096
13698,u3,3,READ,0x3000030c000,4096
13703,u2,2,READ,0x20000310000,4096
13710,u0,0,READ,0x316000,4096
13714,u1,1,WRITE,0x10000313000,4096
13716,u3,3,READ,0x3000030d000,4096
13725,u2,2,READ,0x20000311000,4096
13727,u3,3,READ,0x3000030e000,4096
13728,u1,1,READ,0x10000314000,4096
13730,u0,0,READ,0x317000,4096
13740,u1,1,READ,0x10000315000,4096
13743,u2,2,WRITE,0x20000312000,4096
13752,u3,3,READ,0x3000030f000,4096
13753,u0,0,READ,0x318000,4096
13763,u0,0,READ,0x319000,4096
13765,u1,1,READ,0x10000316000,4096
13766,u2,2,READ,0x20000313000,4096
13773,u3,3,READ,0x30000310000,4096
13777,u0,0,READ,0x31a000,4096
13783,u2,2,READ,0x20000314000,4096
13783,u3,3,READ,0x30000311000,4096
13788,u1,1,READ,0x10000317000,4096
13791,u0,0,READ,0x31b000,4096
13793,u2,2,READ,0x20000315000,4096
13803,u3,3,READ,0x30000312000,4096
13812,u1,1,READ,0x10000318000,4096
13814,u2,2,READ,0x20000316000,4096
13815,u0,0,READ,0x31c000,4096
13821,u3,3,READ,0x30000313000,4096
13830,u2,2,WRITE,0x20000317000,4096
13837,u0,0,READ,0x31d000,4096
13837,u1,1,READ,0x10000319000,4096
13840,u3,3,READ,0x30000314000,4096
13848,u2,2,WRITE,0x20000318000,4096
13853,u0,0,READ,0x31e000,4096
13853,u3,3,READ,0x30000315000,4096
13857,u1,1,READ,0x1000031a000,4096
13862,u2,2,WRITE,0x20000319000,4096
13870,u0,0,READ,0x31f000,4096
13877,u3,3,READ,0x30000316000,4096
13878,u2,2,READ,0x2000031a000,4096
13880,u1,1,READ,0x1000031b000,4096
13893,u0,0,READ,0x320000,4096
13894,u3,3,READ,0x30000317000,4096
13897,u2,2,READ,0x2000031b000,4096
13899,u1,1,READ,0x1000031c000,4096
13903,u0,0,READ,0x321000,4096
13913,u2,2,READ,0x2000031c000,4096
13914,u1,1,READ,0x1000031d000,4096
13918,u3,3,READ,0x30000318000,4096
13920,u0,0,READ,0x322000,4096
13924,u2,2,READ,0x2000031d000,4096
13928,u3,3,READ,0x30000319000,4096
13934,u1,1,READ,0x1000031e000,4096
13938,u3,3,READ,0x3000031a000,4096
13941,u2,2,READ,0x2000031e000,4096
13942,u0,0,READ,0x323000,4096
13957,u1,1,READ,0x1000031f000,4096
13958,u2,2,READ,0x2000031f000,4096
13962,u0,0,READ,0x324000,4096
13962,u3,3,READ,0x3000031b000,4096
13971,u1,1,WRITE,0x10000320000,4096
13974,u0,0,READ,0x325000,4096
13980,u2,2,READ,0x20000320000,4096
13982,u3,3,READ,0x3000031c000,4096
13985,u0,0,READ,0x326000,4096
13994,u1,1,READ,0x10000321000,4096
14000,u2,2,READ,0x20000321000,4096
14004,u3,3,READ,0x3000031d000,4096
14005,u0,0,READ,0x327000,4096
14009,u1,1,READ,0x10000322000,4096
14010,u2,2,WRITE,0x20000322000,4096
14024,u3,3,READ,0x3000031e000,4096
14025,u0,0,READ,0x328000,4096
14033,u1,1,READ,0x10000323000,4096
14034,u2,2,READ,0x20000323000,4096
14034,u3,3,READ,0x3000031f000,4096
14042,u0,0,READ,0x329000,4096
14043,u1,1,READ,0x10000324000,4096
14047,u3,3,READ,0x30000320000,4096
14053,u1,1,READ,0x10000325000,4096
14053,u2,2,READ,0x20000324000,4096
14056,u0,0,READ,0x32a000,4096
14068,u3,3,WRITE,0x30000321000,4096
14074,u2,2,READ,0x20000325000,4096
14075,u1,1,READ,0x10000326000,4096
14081,u0,0,READ,0x32b000,4096
14086,u2,2,READ,0x20000326000,4096
14087,u3,3,READ,0x30000322000,4096
14089,u1,1,READ,0x10000327000,4096
14099,u2,2,READ,0x20000327000,4096
14103,u3,3,READ,0x30000323000,4096
14104,u0,0,READ,0x32c000,4096
14110,u1,1,READ,0x10000328000,4096
14117,u3,3,WRITE,0x30000324000,4096
14118,u0,0,READ,0x32d000,4096
14118,u2,2,READ,0x20000328000,4096
14125,u1,1,READ,0x10000329000,4096
14135,u2,2,READ,0x20000329000,4096
14141,u3,3,READ,0x30000325000,4096
14143,u0,0,READ,0x32e000,4096
14146,u1,1,READ,0x1000032a000,4096
14150,u2,2,READ,0x2000032a000,4096
14158,u3,3,READ,0x30000326000,4096
14159,u0,0,READ,0x32f000,4096
14161,u1,1,READ,0x1000032b000,4096
14162,u2,2,READ,0x2000032b000,4096
14173,u3,3,READ,0x30000327000,4096
14179,u2,2,READ,0x2000032c000,4096
14182,u1,1,READ,0x1000032c000,4096
14183,u0,0,READ,0x330000,4096
14189,u3,3,READ,0x30000328000,4096
14194,u1,1,READ,0x1000032d000,4096
14195,u2,2,READ,0x2000032d000,4096
14204,u0,0,READ,0x331000,4096
14205,u2,2,READ,0x2000032e000,4096
14210,u1,1,READ,0x1000032e000,4096
14213,u3,3,READ,0x30000329000,4096
14218,u0,0,READ,0x332000,4096
14222,u2,2,READ,0x2000032f000,4096
14224,u1,1,READ,0x1000032f000,4096
14232,u2,2,READ,0x20000330000,4096
14235,u3,3,READ,0x3000032a000,4096
14239,u1,1,READ,0x10000330000,4096
14242,u0,0,READ,0x333000,4096
14245,u3,3,READ,0x3000032b000,4096
14250,u2,2,READ,0x20000331000,4096
14257,u3,3,READ,0x3000032c000,4096
14258,u1,1,READ,0x10000331000,4096
14260,u0,0,READ,0x334000,4096
14261,u2,2,READ,0x20000332000,4096
14276,u1,1,READ,0x10000332000,4096
14281,u0,0,READ,0x335000,4096
14281,u3,3,READ,0x3000032d000,4096
14282,u2,2,READ,0x20000333000,4096
14293,u0,0,READ,0x336000,4096
14294,u2,2,READ,0x20000334000,4096
14295,u1,1,READ,0x10000333000,4096
14295,u3,3,WRITE,0x3000032e000,4096
14309,u2,2,READ,0x20000335000,4096
14313,u0,0,READ,0x337000,4096
14317,u3,3,READ,0x3000032f000,4096
14319,u1,1,READ,0x10000334000,4096
14321,u2,2,READ,0x20000336000,4096
14328,u0,0,READ,0x338000,4096
14333,u2,2,READ,0x20000337000,4096
14339,u0,0,READ,0x339000,4096
14339,u1,1,READ,0x10000335000,4096
14339,u3,3,READ,0x30000330000,4096
14351,u2,2,WRITE,0x20000338000,4096
14353,u1,1,READ,0x10000336000,4096
14358,u0,0,READ,0x33a000,4096
14361,u3,3,READ,0x30000331000,4096
14374,u1,1,WRITE,0x10000337000,4096
14376,u2,2,READ,0x20000339000,4096
14378,u0,0,READ,0x33b000,4096
14380,u3,3,READ,0x30000332000,4096
14389,u2,2,READ,0x2000033a000,4096
14392,u0,0,READ,0x33c000,4096
14397,u1,1,READ,0x10000338000,4096
14397,u3,3,READ,0x30000333000,4096
14406,u0,0,READ,0x33d000,4096
14406,u2,2,READ,0x2000033b000,4096
14416,u3,3,READ,0x30000334000,4096
14422,u1,1,READ,0x10000339000,4096
14426,u0,0,READ,0x33e000,4096
14428,u2,2,READ,0x2000033c000,4096
14431,u3,3,READ,0x30000335000,4096
14434,u1,1,READ,0x1000033a000,4096
14441,u0,0,READ,0x33f000,4096
14449,u2,2,READ,0x2000033d000,4096
14452,u1,1,READ,0x1000033b000,4096
14452,u3,3,READ,0x30000336000,4096
14459,u2,2,READ,0x2000033e000,4096
14462,u0,0,READ,0x340000,4096
14475,u3,3,READ,0x30000337000,4096
14477,u1,1,READ,0x1000033c000,4096
14480,u0,0,WRITE,0x341000,4096
14480,u2,2,WRITE,0x2000033f000,4096
14493,u1,1,READ,0x1000033d000,4096
14495,u0,0,READ,0x342000,4096
14500,u3,3,READ,0x30000338000,4096
14503,u2,2,READ,0x20000340000,4096
14510,u0,0,READ,0x343000,4096
14518,u1,1,READ,0x1000033e000,4096
14521,u3,3,READ,0x30000339000,4096
14522,u2,2,READ,0x20000341000,4096
14533,u3,3,READ,0x3000033a000,4096
14535,u0,0,READ,0x344000,4096
14536,u2,2,READ,0x20000342000,4096
14540,u1,1,READ,0x1000033f000,4096
14549,u2,2,READ,0x20000343000,4096
14554,u1,1,READ,0x10000340000,4096
14554,u3,3,READ,0x3000033b000,4096
14556,u0,0,READ,0x345000,4096
14565,u1,1,READ,0x10000341000,4096
14570,u2,2,WRITE,0x20000344000,4096
14571,u0,0,READ,0x346000,4096
14573,u3,3,READ,0x3000033c000,4096
14583,u2,2,READ,0x20000345000,4096
14584,u1,1,READ,0x10000342000,4096
14596,u0,0,READ,0x347000,4096
14596,u3,3,WRITE,0x3000033d000,4096
14599,u1,1,READ,0x10000343000,4096
14599,u2,2,READ,0x20000346000,4096
14606,u0,0,READ,0x348000,4096
14612,u2,2,READ,0x20000347000,4096
14614,u3,3,READ,0x3000033e000,4096
14620,u1,1,READ,0x10000344000,4096
14624,u3,3,READ,0x3000033f000,4096
14626,u0,0,READ,0x349000,4096
14632,u1,1,READ,0x10000345000,4096
14632,u2,2,READ,0x20000348000,4096
14637,u3,3,READ,0x30000340000,4096
14641,u0,0,READ,0x34a000,4096
14645,u1,1,READ,0x10000346000,4096
14646,u2,2,WRITE,0x20000349000,4096
14660,u1,1,READ,0x10000347000,4096
14661,u3,3,READ,0x30000341000,4096
14663,u0,0,READ,0x34b000,4096
14670,u2,2,WRITE,0x2000034a000,4096
14675,u1,1,READ,0x10000348000,4096
14680,u3,3,READ,0x30000342000,4096
14686,u1,1,WRITE,0x10000349000,4096
14688,u0,0,READ,0x34c000,4096
14692,u2,2,READ,0x2000034b000,4096
14700,u3,3,READ,0x30000343000,4096
14703,u1,1,READ,0x1000034a000,4096
14707,u2,2,READ,0x2000034c000,4096
14710,u3,3,READ,0x30000344000,4096
14711,u0,0,READ,0x34d000,4096
14713,u1,1,READ,0x1000034b000,4096
14722,u3,3,READ,0x30000345000,4096
14724,u2,2,READ,0x2000034d000,4096
14731,u0,0,READ,0x34e000,4096
14738,u1,1,WRITE,0x1000034c000,4096
14743,u3,3,READ,0x30000346000,4096
14744,u0,0,READ,0x34f000,4096
14749,u2,2,READ,0x2000034e000,4096
14761,u1,1,READ,0x1000034d000,4096
14763,u2,2,READ,0x2000034f000,4096
14768,u0,0,READ,0x350000,4096
14768,u3,3,READ,0x30000347000,4096
14775,u2,2,READ,0x20000350000,4096
14781,u1,1,READ,0x1000034e000,4096
14783,u0,0,READ,0x351000,4096
14790,u3,3,READ,0x30000348000,4096
14793,u0,0,READ,0x352000,4096
14798,u2,2,WRITE,0x20000351000,4096
14803,u3,3,READ,0x30000349000,4096
14804,u1,1,READ,0x1000034f000,4096
14811,u2,2,READ,0x20000352000,4096
14813,u0,0,READ,0x353000,4096
14823,u2,2,READ,0x20000353000,4096
14826,u3,3,READ,0x3000034a000,4096
14827,u1,1,READ,0x10000350000,4096
14832,u0,0,READ,0x354000,4096
14838,u2,2,WRITE,0x20000354000,4096
14842,u3,3,READ,0x3000034b000,4096
14846,u0,0,READ,0x355000,4096
14848,u1,1,READ,0x10000351000,4096
14858,u1,1,READ,0x10000352000,4096
14859,u3,3,READ,0x3000034c000,4096
14862,u2,2,READ,0x20000355000,4096
14869,u0,0,READ,0x356000,4096
14877,u2,2,READ,0x20000356000,4096
14878,u1,1,READ,0x10000353000,4096
14879,u3,3,READ,0x3000034d000,4096
14887,u0,0,READ,0x357000,4096
14889,u2,2,READ,0x20000357000,4096
14894,u1,1,READ,0x10000354000,4096
14903,u3,3,READ,0x3000034e000,4096
14906,u2,2,READ,0x20000358000,4096
14909,u1,1,READ,0x10000355000,4096
14911,u0,0,READ,0x358000,4096
14922,u0,0,READ,0x359000,4096
14922,u3,3,READ,0x3000034f000,4096
14926,u2,2,READ,0x20000359000,4096
14929,u1,1,WRITE,0x10000356000,4096
14941,u0,0,READ,0x35a000,4096
14942,u2,2,READ,0x2000035a000,4096
14943,u3,3,READ,0x30000350000,4096
14945,u1,1,READ,0x10000357000,4096
14953,u2,2,READ,0x2000035b000,4096
14961,u0,0,READ,0x35b000,4096
14962,u3,3,READ,0x30000351000,4096
14965,u1,1,READ,0x10000358000,4096
14973,u0,0,WRITE,0x35c000,4096
14974,u3,3,READ,0x30000352000,4096
14977,u2,2,READ,0x2000035c000,4096
14983,u1,1,READ,0x10000359000,4096
14987,u3,3,READ,0x30000353000,4096
14988,u0,0,WRITE,0x35d000,4096
14990,u2,2,READ,0x2000035d000,4096
15003,u1,1,READ,0x1000035a000,4096
15008,u3,3,READ,0x30000354000,4096
15012,u2,2,READ,0x2000035e000,4096
15013,u0,0,READ,0x35e000,4096
15020,u1,1,READ,0x1000035b000,4096
15022,u2,2,READ,0x2000035f000,4096
15023,u3,3,READ,0x30000355000,4096
15031,u0,0,READ,0x35f000,4096
15032,u1,1,READ,0x1000035c000,4096
15035,u3,3,WRITE,0x30000356000,4096
15046,u2,2,READ,0x20000360000,4096
15048,u3,3,READ,0x30000357000,4096
15055,u1,1,READ,0x1000035d000,4096
15056,u0,0,READ,0x360000,4096
15060,u3,3,READ,0x30000358000,4096
15069,u1,1,READ,0x1000035e000,4096
15071,u2,2,READ,0x20000361000,4096
15075,u0,0,READ,0x361000,4096
15079,u1,1,READ,0x1000035f000,4096
15082,u3,3,READ,0x30000359000,4096
15093,u1,1,READ,0x10000360000,4096
15093,u3,3,READ,0x3000035a000,4096
15095,u0,0,READ,0x362000,4096
15095,u2,2,READ,0x20000362000,4096
15103,u1,1,READ,0x10000361000,4096
15107,u3,3,READ,0x3000035b000,4096
15120,u0,0,READ,0x363000,4096
15120,u2,2,READ,0x20000363000,4096
15124,u1,1,READ,0x10000362000,4096
15127,u3,3,READ,0x3000035c000,4096
15133,u0,0,READ,0x364000,4096
15134,u1,1,READ,0x10000363000,4096
15134,u2,2,READ,0x20000364000,4096
15139,u3,3,READ,0x3000035d000,4096
15146,u0,0,READ,0x365000,4096
15149,u1,1,READ,0x10000364000,4096
15150,u3,3,READ,0x3000035e000,4096
15155,u2,2,READ,0x20000365000,4096
15170,u0,0,READ,0x366000,4096
15170,u3,3,READ,0x3000035f000,4096
15174,u1,1,READ,0x10000365000,4096
15176,u2,2,READ,0x20000366000,4096
15189,u1,1,READ,0x10000366000,4096
15190,u0,0,READ,0x367000,4096
15190,u3,3,READ,0x30000360000,4096
15201,u1,1,READ,0x10000367000,4096
15201,u2,2,READ,0x20000367000,4096
15205,u0,0,READ,0x368000,4096
15215,u3,3,READ,0x30000361000,4096
15224,u2,2,READ,0x20000368000,4096
15226,u0,0,READ,0x369000,4096
15226,u1,1,READ,0x10000368000,4096
15239,u3,3,READ,0x30000362000,4096
15243,u0,0,READ,0x36a000,4096
15243,u2,2,READ,0x20000369000,4096
15249,u1,1,READ,0x10000369000,4096
15250,u3,3,READ,0x30000363000,4096
15263,u2,2,READ,0x2000036a000,4096
15268,u0,0,READ,0x36b000,4096
15268,u3,3,READ,0x30000364000,4096
15272,u1,1,READ,0x1000036a000,4096
15278,u2,2,READ,0x2000036b000,4096
15278,u3,3,READ,0x30000365000,4096
15286,u0,0,READ,0x36c000,4096
15291,u1,1,WRITE,0x1000036b000,4096
15294,u2,2,READ,0x2000036c000,4096
15300,u3,3,READ,0x30000366000,4096
15305,u2,2,READ,0x2000036d000,4096
15307,u0,0,READ,0x36d000,4096
15310,u1,1,READ,0x1000036c000,4096
15319,u2,2,READ,0x2000036e000,4096
15320,u3,3,READ,0x30000367000,4096
15325,u1,1,READ,0x1000036d000,4096
15330,u0,0,READ,0x36e000,4096
15335,u1,1,READ,0x1000036e000,4096
15339,u2,2,READ,0x2000036f000,4096
15341,u3,3,READ,0x30000368000,4096
15345,u0,0,READ,0x36f000,4096
15349,u2,2,READ,0x20000370000,4096
15355,u0,0,READ,0x370000,4096
15355,u1,1,READ,0x1000036f000,4096
15361,u2,2,READ,0x20000371000,4096
15364,u3,3,READ,0x30000369000,4096
15371,u2,2,READ,0x20000372000,4096
15373,u0,0,READ,0x371000,4096
15374,u1,1,READ,0x10000370000,4096
15382,u2,2,READ,0x20000373000,4096
15383,u3,3,READ,0x3000036a000,4096
15389,u0,0,READ,0x372000,4096
15399,u0,0,READ,0x373000,4096
15399,u1,1,READ,0x10000371000,4096
15406,u2,2,READ,0x20000374000,4096
15406,u3,3,READ,0x3000036b000,4096
15410,u1,1,READ,0x10000372000,4096
15413,u0,0,READ,0x374000,4096
15425,u3,3,READ,0x3000036c000,4096
15429,u1,1,READ,0x10000373000,4096
15431,u2,2,READ,0x20000375000,4096
15436,u0,0,READ,0x375000,4096
15437,u3,3,READ,0x3000036d000,4096
15448,u3,3,READ,0x3000036e000,4096
15449,u1,1,READ,0x10000374000,4096
15451,u2,2,READ,0x20000376000,4096
15461,u0,0,READ,0x376000,4096
15461,u2,2,READ,0x20000377000,4096
15462,u1,1,READ,0x10000375000,4096
15463,u3,3,READ,0x3000036f000,4096
15473,u3,3,READ,0x30000370000,4096
15476,u0,0,READ,0x377000,4096
15486,u1,1,READ,0x10000376000,4096
15486,u2,2,READ,0x20000378000,4096
15488,u0,0,READ,0x378000,4096
15488,u3,3,READ,0x30000371000,4096
15499,u2,2,READ,0x20000379000,4096
15503,u3,3,READ,0x30000372000,4096
15504,u0,0,READ,0x379000,4096
15505,u1,1,READ,0x10000377000,4096
15514,u0,0,READ,0x37a000,4096
15517,u3,3,READ,0x30000373000,4096
15519,u1,1,READ,0x10000378000,4096
15524,u0,0,READ,0x37b000,4096
15524,u2,2,READ,0x2000037a000,4096
15534,u2,2,READ,0x2000037b000,4096
15538,u1,1,READ,0x10000379000,4096
15541,u3,3,READ,0x30000374000,4096
15543,u0,0,READ,0x37c000,4096
15554,u1,1,READ,0x1000037a000,4096
15555,u2,2,READ,0x2000037c000,4096
15563,u3,3,READ,0x30000375000,4096
15564,u0,0,READ,0x37d000,4096
15571,u1,1,READ,0x1000037b000,4096
15577,u2,2,READ,0x2000037d000,4096
15577,u3,3,READ,0x30000376000,4096
15580,u0,0,READ,0x37e000,4096
15589,u1,1,READ,0x1000037c000,4096
15590,u2,2,READ,0x2000037e000,4096
15591,u0,0,READ,0x37f000,4096
15591,u3,3,READ,0x30000377000,4096
15601,u0,0,READ,0x380000,4096
15601,u3,3,READ,0x30000378000,4096
15604,u2,2,READ,0x2000037f000,4096
15612,u3,3,READ,0x30000379000,4096
15614,u1,1,READ,0x1000037d000,4096
15626,u0,0,READ,0x381000,4096
15627,u3,3,READ,0x3000037a000,4096
15629,u2,2,READ,0x20000380000,4096
15636,u1,1,READ,0x1000037e000,4096
15646,u0,0,READ,0x382000,4096
15647,u3,3,READ,0x3000037b000,4096
15651,u2,2,READ,0x20000381000,4096
15659,u0,0,READ,0x383000,4096
15661,u1,1,WRITE,0x1000037f000,4096
15666,u2,2,READ,0x20000382000,4096
15670,u3,3,READ,0x3000037c000,4096
15679,u2,2,READ,0x20000383000,4096
15681,u0,0,READ,0x384000,4096
15684,u1,1,READ,0x10000380000,4096
15688,u3,3,READ,0x3000037d000,4096
15689,u2,2,READ,0x20000384000,4096
15694,u0,0,READ,0x385000,4096
15699,u1,1,READ,0x10000381000,4096
15701,u2,2,READ,0x20000385000,4096
15710,u3,3,WRITE,0x3000037e000,4096
15713,u1,1,READ,0x10000382000,4096
15716,u2,2,WRITE,0x20000386000,4096
15718,u0,0,READ,0x386000,4096
15726,u1,1,READ,0x10000383000,4096
15728,u2,2,WRITE,0x20000387000,4096
15728,u3,3,READ,0x3000037f000,4096
15732,u0,0,READ,0x387000,4096
15748,u1,1,READ,0x10000384000,4096
15750,u3,3,READ,0x30000380000,4096
15753,u0,0,READ,0x388000,4096
15753,u2,2,READ,0x20000388000,4096
15759,u1,1,READ,0x10000385000,4096
15765,u3,3,READ,0x30000381000,4096
15766,u2,2,WRITE,0x20000389000,4096
15777,u0,0,READ,0x389000,4096
15783,u1,1,READ,0x10000386000,4096
15785,u3,3,READ,0x30000382000,4096
15787,u2,2,WRITE,0x2000038a000,4096
15794,u0,0,READ,0x38a000,4096
15797,u2,2,READ,0x2000038b000,4096
15802,u1,1,READ,0x10000387000,4096
15809,u0,0,WRITE,0x38b000,4096
15810,u3,3,READ,0x30000383000,4096
15816,u2,2,READ,0x2000038c000,4096
15821,u1,1,READ,0x10000388000,4096
15827,u3,3,READ,0x30000384000,4096
15830,u0,0,READ,0x38c000,4096
15831,u2,2,READ,0x2000038d000,4096
15838,u1,1,READ,0x10000389000,4096
15850,u3,3,WRITE,0x30000385000,4096
15853,u2,2,READ,0x2000038e000,4096
15854,u0,0,READ,0x38d000,4096
15862,u1,1,READ,0x1000038a000,4096
15864,u0,0,READ,0x38e000,4096
15867,u3,3,READ,0x30000386000,4096
15876,u2,2,READ,0x2000038f000,4096
15878,u1,1,READ,0x1000038b000,4096
15881,u3,3,WRITE,0x30000387000,4096
15888,u0,0,READ,0x38f000,4096
15899,u1,1,READ,0x1000038c000,4096
15901,u2,2,READ,0x20000390000,4096
15905,u3,3,READ,0x30000388000,4096
15906,u0,0,READ,0x390000,4096
15916,u2,2,READ,0x20000391000,4096
15918,u0,0,READ,0x391000,4096
15918,u1,1,READ,0x1000038d000,4096
15921,u3,3,READ,0x30000389000,4096
15930,u0,0,READ,0x392000,4096
15935,u1,1,READ,0x1000038e000,4096
15937,u2,2,WRITE,0x20000392000,4096
15945,u3,3,READ,0x3000038a000,4096
15950,u1,1,READ,0x1000038f000,4096
15951,u0,0,WRITE,0x393000,4096
15954,u2,2,READ,0x20000393000,4096
15964,u3,3,READ,0x3000038b000,4096
15966,u2,2,READ,0x20000394000,4096
15968,u0,0,READ,0x394000,4096
15968,u1,1,READ,0x10000390000,4096
15978,u1,1,READ,0x10000391000,4096
15979,u0,0,READ,0x395000,4096
15989,u2,2,WRITE,0x20000395000,4096
15989,u3,3,READ,0x3000038c000,4096
15992,u1,1,READ,0x10000392000,4096
15999,u2,2,READ,0x20000396000,4096
16001,u0,0,READ,0x396000,4096
16005,u1,1,READ,0x10000393000,4096
16010,u3,3,READ,0x3000038d000,4096
16014,u2,2,READ,0x20000397000,4096
16020,u3,3,READ,0x3000038e000,4096
16026,u0,0,READ,0x397000,4096
16026,u1,1,READ,0x10000394000,4096
16026,u2,2,READ,0x20000398000,4096
16039,u3,3,READ,0x3000038f000,4096
16045,u0,0,READ,0x398000,4096
16045,u1,1,READ,0x10000395000,4096
16047,u2,2,READ,0x20000399000,4096
16060,u2,2,READ,0x2000039a000,4096
16060,u3,3,READ,0x30000390000,4096
16068,u0,0,READ,0x399000,4096
16068,u1,1,READ,0x10000396000,4096
16073,u3,3,READ,0x30000391000,4096
16080,u2,2,READ,0x2000039b000,4096
16085,u0,0,READ,0x39a000,4096
16088,u1,1,READ,0x10000397000,4096
16097,u2,2,WRITE,0x2000039c000,4096
16097,u3,3,READ,0x30000392000,4096
16104,u0,0,READ,0x39b000,4096
16107,u1,1,READ,0x10000398000,4096
16112,u3,3,READ,0x30000393000,4096
16121,u2,2,READ,0x2000039d000,4096
16123,u3,3,READ,0x30000394000,4096
16124,u1,1,READ,0x10000399000,4096
16129,u0,0,READ,0x39c000,4096
16134,u3,3,READ,0x30000395000,4096
16135,u1,1,READ,0x1000039a000,4096
16146,u2,2,READ,0x2000039e000,4096
16150,u0,0,READ,0x39d000,4096
16150,u3,3,READ,0x30000396000,4096
16155,u1,1,READ,0x1000039b000,4096
16160,u0,0,READ,0x39e000,4096
16164,u3,3,READ,0x30000397000,4096
16165,u2,2,READ,0x2000039f000,4096
16166,u1,1,READ,0x1000039c000,4096
16171,u0,0,READ,0x39f000,4096
16177,u3,3,READ,0x30000398000,4096
16185,u0,0,READ,0x3a0000,4096
16186,u1,1,READ,0x1000039d000,4096
16190,u2,2,READ,0x200003a0000,4096
16196,u3,3,WRITE,0x30000399000,4096
16201,u0,0,READ,0x3a1000,4096
16208,u2,2,READ,0x200003a1000,4096
16211,u1,1,WRITE,0x1000039e000,4096
16213,u3,3,READ,0x3000039a000,4096
16220,u2,2,READ,0x200003a2000,4096
16224,u0,0,READ,0x3a2000,4096
16230,u3,3,READ,0x3000039b000,4096
16233,u2,2,READ,0x200003a3000,4096
16236,u1,1,READ,0x1000039f000,4096
16237,u0,0,READ,0x3a3000,4096
16245,u3,3,READ,0x3000039c000,4096
16253,u1,1,READ,0x100003a0000,4096
16256,u0,0,READ,0x3a4000,4096
16256,u2,2,READ,0x200003a4000,4096
16267,u3,3,READ,0x3000039d000,4096
16271,u1,1,READ,0x100003a1000,4096
16279,u2,2,READ,0x200003a5000,4096
16280,u0,0,READ,0x3a5000,4096
16287,u1,1,READ,0x100003a2000,4096
16287,u3,3,READ,0x3000039e000,4096
16297,u2,2,READ,0x200003a6000,4096
16298,u0,0,READ,0x3a6000,4096
16302,u3,3,READ,0x3000039f000,4096
16312,u1,1,READ,0x100003a3000,4096
16317,u0,0,READ,0x3a7000,4096
16320,u2,2,READ,0x200003a7000,4096
16324,u3,3,READ,0x300003a0000,4096
16333,u2,2,READ,0x200003a8000,4096
16334,u0,0,READ,0x3a8000,4096
16337,u1,1,WRITE,0x100003a4000,4096
16337,u3,3,READ,0x300003a1000,4096
16349,u2,2,READ,0x200003a9000,4096
16353,u0,0,READ,0x3a9000,4096
16355,u3,3,READ,0x300003a2000,4096
16360,u1,1,READ,0x100003a5000,4096
16364,u2,2,READ,0x200003aa000,4096
16366,u3,3,READ,0x300003a3000,4096
16369,u0,0,READ,0x3aa000,4096
16384,u0,0,READ,0x3ab000,4096
16384,u2,2,WRITE,0x200003ab000,4096
16385,u1,1,READ,0x100003a6000,4096
16391,u3,3,READ,0x300003a4000,4096
16401,u3,3,READ,0x300003a5000,4096
16402,u1,1,READ,0x100003a7000,4096
16406,u2,2,WRITE,0x200003ac000,4096
16408,u0,0,READ,0x3ac000,4096
16413,u3,3,READ,0x300003a6000,4096
16421,u0,0,READ,0x3ad000,4096
16423,u1,1,READ,0x100003a8000,4096
16425,u2,2,READ,0x200003ad000,4096
16427,u3,3,READ,0x300003a7000,4096
16437,u0,0,READ,0x3ae000,4096
16443,u1,1,READ,0x100003a9000,4096
16443,u2,2,READ,0x200003ae000,4096
16452,u3,3,READ,0x300003a8000,4096
16457,u0,0,READ,0x3af000,4096
16461,u1,1,READ,0x100003aa000,4096
16462,u3,3,READ,0x300003a9000,4096
16465,u2,2,READ,0x200003af000,4096
16474,u3,3,READ,0x300003aa000,4096
16477,u0,0,READ,0x3b0000,4096
16483,u1,1,READ,0x100003ab000,4096
16487,u2,2,READ,0x200003b0000,4096
16497,u1,1,READ,0x100003ac000,4096
16499,u3,3,READ,0x300003ab000,4096
16501,u0,0,READ,0x3b1000,4096
16510,u2,2,READ,0x200003b1000,4096
16516,u1,1,READ,0x100003ad000,4096
16517,u0,0,READ,0x3b2000,4096
16522,u3,3,READ,0x300003ac000,4096
16527,u1,1,READ,0x100003ae000,4096
16529,u2,2,READ,0x200003b2000,4096
16531,u0,0,READ,0x3b3000,4096
16543,u1,1,READ,0x100003af000,4096
16545,u3,3,READ,0x300003ad000,4096
16549,u2,2,READ,0x200003b3000,4096
16556,u0,0,READ,0x3b4000,4096
16559,u1,1,READ,0x100003b0000,4096
16560,u3,3,READ,0x300003ae000,4096
16572,u3,3,READ,0x300003af000,4096
16574,u2,2,READ,0x200003b4000,4096
16576,u0,0,READ,0x3b5000,4096
16582,u1,1,READ,0x100003b1000,4096
16585,u3,3,READ,0x300003b0000,4096
16587,u0,0,READ,0x3b6000,4096
16597,u1,1,READ,0x100003b2000,4096
16597,u2,2,READ,0x200003b5000,4096
16606,u3,3,READ,0x300003b1000,4096
16607,u0,0,READ,0x3b7000,4096
16607,u1,1,READ,0x100003b3000,4096
16613,u2,2,READ,0x200003b6000,4096
16619,u0,0,READ,0x3b8000,4096
16627,u1,1,READ,0x100003b4000,4096
16631,u3,3,READ,0x300003b2000,4096
16637,u2,2,READ,0x200003b7000,4096
16641,u1,1,READ,0x100003b5000,4096
16642,u0,0,READ,0x3b9000,4096
16654,u3,3,READ,0x300003b3000,4096
16661,u1,1,READ,0x100003b6000,4096
16661,u2,2,READ,0x200003b8000,4096
16663,u0,0,READ,0x3ba000,4096
16671,u2,2,READ,0x200003b9000,4096
16673,u0,0,READ,0x3bb000,4096
16679,u3,3,READ,0x300003b4000,4096
16683,u2,2,READ,0x200003ba000,4096
16685,u1,1,READ,0x100003b7000,4096
16687,u0,0,READ,0x3bc000,4096
16695,u1,1,READ,0x100003b8000,4096
16700,u2,2,READ,0x200003bb000,4096
16702,u3,3,READ,0x300003b5000,4096
16711,u0,0,READ,0x3bd000,4096
16716,u1,1,READ,0x100003b9000,4096
16717,u3,3,READ,0x300003b6000,4096
16721,u2,2,READ,0x200003bc000,4096
16723,u0,0,READ,0x3be000,4096
16729,u3,3,READ,0x300003b7000,4096
16734,u2,2,READ,0x200003bd000,4096
16739,u1,1,READ,0x100003ba000,4096
16745,u3,3,READ,0x300003b8000,4096
16746,u0,0,READ,0x3bf000,4096
16749,u2,2,READ,0x200003be000,4096
16755,u3,3,READ,0x300003b9000,4096
16758,u1,1,READ,0x100003bb000,4096
16767,u0,0,READ,0x3c0000,4096
16770,u1,1,READ,0x100003bc000,4096
16774,u2,2,READ,0x200003bf000,4096
16777,u3,3,READ,0x300003ba000,4096
16778,u0,0,READ,0x3c1000,4096
16789,u1,1,READ,0x100003bd000,4096
16790,u3,3,READ,0x300003bb000,4096
16794,u0,0,READ,0x3c2000,4096
16799,u2,2,READ,0x200003c0000,4096
16804,u1,1,READ,0x100003be000,4096
16807,u3,3,READ,0x300003bc000,4096
16809,u2,2,READ,0x200003c1000,4096
16819,u0,0,READ,0x3c3000,4096
16820,u2,2,READ,0x200003c2000,4096
16826,u3,3,READ,0x300003bd000,4096
16827,u1,1,READ,0x100003bf000,4096
16829,u0,0,READ,0x3c4000,4096
16838,u3,3,READ,0x300003be000,4096
16842,u0,0,READ,0x3c5000,4096
16843,u1,1,READ,0x100003c0000,4096
16844,u2,2,READ,0x200003c3000,4096
16852,u3,3,READ,0x300003bf000,4096
16855,u0,0,READ,0x3c6000,4096
16858,u1,1,READ,0x100003c1000,4096
16859,u2,2,READ,0x200003c4000,4096
16865,u3,3,READ,0x300003c0000,4096
16868,u1,1,READ,0x100003c2000,4096
16874,u0,0,READ,0x3c7000,4096
16876,u2,2,READ,0x200003c5000,4096
16881,u1,1,READ,0x100003c3000,4096
16889,u3,3,READ,0x300003c1000,4096
16892,u2,2,READ,0x200003c6000,4096
16894,u0,0,READ,0x3c8000,4096
16898,u1,1,READ,0x100003c4000,4096
16914,u2,2,READ,0x200003c7000,4096
16914,u3,3,READ,0x300003c2000,4096
16915,u1,1,READ,0x100003c5000,4096
16918,u0,0,READ,0x3c9000,4096
16931,u1,1,READ,0x100003c6000,4096
16932,u2,2,READ,0x200003c8000,4096
16935,u3,3,READ,0x300003c3000,4096
16941,u0,0,READ,0x3ca000,4096
16943,u2,2,WRITE,0x200003c9000,4096
16951,u0,0,READ,0x3cb000,4096
16951,u1,1,READ,0x100003c7000,4096
16955,u2,2,READ,0x200003ca000,4096
16958,u3,3,READ,0x300003c4000,4096
16964,u1,1,READ,0x100003c8000,4096
16973,u2,2,READ,0x200003cb000,4096
16974,u3,3,READ,0x300003c5000,4096
16975,u0,0,READ,0x3cc000,4096
16979,u1,1,READ,0x100003c9000,4096
16984,u2,2,READ,0x200003cc000,4096
16988,u3,3,READ,0x300003c6000,4096
16989,u0,0,READ,0x3cd000,4096
16999,u0,0,READ,0x3ce000,4096
17000,u3,3,READ,0x300003c7000,4096
17001,u1,1,READ,0x100003ca000,4096
17009,u2,2,READ,0x200003cd000,4096
17016,u1,1,READ,0x100003cb000,4096
17016,u3,3,READ,0x300003c8000,4096
17021,u0,0,READ,0x3cf000,4096
17029,u1,1,READ,0x100003cc000,4096
17029,u3,3,READ,0x300003c9000,4096
17031,u2,2,READ,0x200003ce000,4096
17041,u0,0,READ,0x3d0000,4096
17041,u3,3,READ,0x300003ca000,4096
17048,u2,2,READ,0x200003cf000,4096
17052,u1,1,READ,0x100003cd000,4096
17062,u3,3,READ,0x300003cb000,4096
17065,u0,0,READ,0x3d1000,4096
17065,u2,2,READ,0x200003d0000,4096
17070,u1,1,READ,0x100003ce000,4096
17079,u2,2,READ,0x200003d1000,4096
17080,u1,1,READ,0x100003cf000,4096
17082,u0,0,READ,0x3d2000,4096
17086,u3,3,READ,0x300003cc000,4096
17092,u2,2,READ,0x200003d2000,4096
17094,u1,1,READ,0x100003d0000,4096
17101,u3,3,READ,0x300003cd000,4096
17105,u0,0,READ,0x3d3000,4096
17114,u3,3,READ,0x300003ce000,4096
17117,u2,2,READ,0x200003d3000,4096
17119,u1,1,READ,0x100003d1000,4096
17127,u0,0,READ,0x3d4000,4096
17129,u3,3,READ,0x300003cf000,4096
17140,u3,3,READ,0x300003d0000,4096
17142,u2,2,READ,0x200003d4000,4096
17144,u0,0,READ,0x3d5000,4096
17144,u1,1,READ,0x100003d2000,4096
17152,u3,3,READ,0x300003d1000,4096
17157,u0,0,READ,0x3d6000,4096
17157,u2,2,READ,0x200003d5000,4096
17162,u3,3,READ,0x300003d2000,4096
17169,u1,1,READ,0x100003d3000,4096
17177,u3,3,READ,0x300003d3000,4096
17180,u2,2,READ,0x200003d6000,4096
17181,u0,0,READ,0x3d7000,4096
17186,u1,1,READ,0x100003d4000,4096
17190,u3,3,READ,0x300003d4000,4096
17201,u3,3,READ,0x300003d5000,4096
17202,u0,0,READ,0x3d8000,4096
17202,u2,2,READ,0x200003d7000,4096
17209,u1,1,READ,0x100003d5000,4096
17215,u2,2,READ,0x200003d8000,4096
17220,u1,1,READ,0x100003d6000,4096
17222,u0,0,READ,0x3d9000,4096
17225,u3,3,READ,0x300003d6000,4096
17235,u2,2,READ,0x200003d9000,4096
17236,u3,3,READ,0x300003d7000,4096
17238,u0,0,READ,0x3da000,4096
17243,u1,1,READ,0x100003d7000,4096
17257,u0,0,READ,0x3db000,4096
17259,u2,2,READ,0x200003da000,4096
17260,u3,3,READ,0x300003d8000,4096
17261,u1,1,READ,0x100003d8000,4096
17272,u1,1,READ,0x100003d9000,4096
17273,u3,3,READ,0x300003d9000,4096
17274,u0,0,READ,0x3dc000,4096
17278,u2,2,READ,0x200003db000,4096
17290,u0,0,READ,0x3dd000,4096
17291,u2,2,READ,0x200003dc000,4096
17295,u3,3,READ,0x300003da000,4096
17297,u1,1,READ,0x100003da000,4096
17304,u2,2,READ,0x200003dd000,4096
17315,u0,0,READ,0x3de000,4096
17317,u2,2,READ,0x200003de000,4096
17319,u1,1,READ,0x100003db000,4096
17319,u3,3,READ,0x300003db000,4096
17326,u0,0,READ,0x3df000,4096
17339,u3,3,READ,0x300003dc000,4096
17340,u2,2,READ,0x200003df000,4096
17343,u1,1,READ,0x100003dc000,4096
17348,u0,0,READ,0x3e0000,4096
17360,u3,3,READ,0x300003dd000,4096
17362,u1,1,READ,0x100003dd000,4096
17362,u2,2,READ,0x200003e0000,4096
17373,u0,0,READ,0x3e1000,4096
17373,u3,3,WRITE,0x300003de000,4096
17376,u1,1,READ,0x100003de000,4096
17386,u1,1,READ,0x100003df000,4096
17387,u0,0,READ,0x3e2000,4096
17387,u2,2,READ,0x200003e1000,4096
17388,u3,3,READ,0x300003df000,4096
17398,u3,3,WRITE,0x300003e0000,4096
17403,u1,1,READ,0x100003e0000,4096
17404,u2,2,WRITE,0x200003e2000,4096
17409,u0,0,READ,0x3e3000,4096
17410,u3,3,READ,0x300003e1000,4096
17419,u1,1,READ,0x100003e1000,4096
17420,u2,2,READ,0x200003e3000,4096
17422,u0,0,READ,0x3e4000,4096
17430,u1,1,READ,0x100003e2000,4096
17432,u3,3,READ,0x300003e2000,4096
17439,u0,0,READ,0x3e5000,4096
17443,u2,2,READ,0x200003e4000,4096
17450,u3,3,READ,0x300003e3000,4096
17455,u1,1,READ,0x100003e3000,4096
17458,u2,2,READ,0x200003e5000,4096
17461,u0,0,READ,0x3e6000,4096
17468,u1,1,READ,0x100003e4000,4096
17474,u3,3,READ,0x300003e4000,4096
17476,u2,2,READ,0x200003e6000,4096
17484,u0,0,READ,0x3e7000,4096
17485,u3,3,READ,0x300003e5000,4096
17492,u2,2,READ,0x200003e7000,4096
17493,u1,1,READ,0x100003e5000,4096
17502,u2,2,READ,0x200003e8000,4096
17503,u1,1,READ,0x100003e6000,4096
17506,u3,3,READ,0x300003e6000,4096
17509,u0,0,WRITE,0x3e8000,4096
17516,u1,1,READ,0x100003e7000,4096
17516,u2,2,READ,0x200003e9000,4096
17516,u3,3,READ,0x300003e7000,4096
17527,u1,1,READ,0x100003e8000,4096
17530,u2,2,READ,0x200003ea000,4096
17533,u0,0,READ,0x3e9000,4096
17537,u3,3,READ,0x300003e8000,4096
17542,u1,1,READ,0x100003e9000,4096
17543,u0,0,READ,0x3ea000,4096
17551,u2,2,READ,0x200003eb000,4096
17555,u1,1,READ,0x100003ea000,4096
17557,u3,3,READ,0x300003e9000,4096
17566,u1,1,READ,0x100003eb000,4096
17567,u0,0,READ,0x3eb000,4096
17576,u2,2,READ,0x200003ec000,4096
17579,u3,3,READ,0x300003ea000,4096
17580,u0,0,READ,0x3ec000,4096
17588,u1,1,READ,0x100003ec000,4096
17589,u2,2,READ,0x200003ed000,4096
17596,u3,3,READ,0x300003eb000,4096
17600,u0,0,READ,0x3ed000,4096
17607,u1,1,WRITE,0x100003ed000,4096
17614,u2,2,READ,0x200003ee000,4096
17614,u3,3,READ,0x300003ec000,4096
17619,u1,1,READ,0x100003ee000,4096
17624,u0,0,READ,0x3ee000,4096
17625,u2,2,READ,0x200003ef000,4096
17633,u3,3,READ,0x300003ed000,4096
17639,u1,1,READ,0x100003ef000,4096
17646,u0,0,READ,0x3ef000,4096
17646,u2,2,READ,0x200003f0000,4096
17654,u3,3,READ,0x300003ee000,4096
17657,u0,0,READ,0x3f0000,4096
17660,u1,1,READ,0x100003f0000,4096
17661,u2,2,READ,0x200003f1000,4096
17672,u3,3,READ,0x300003ef000,4096
17676,u0,0,READ,0x3f1000,4096
17680,u1,1,READ,0x100003f1000,4096
17686,u2,2,READ,0x200003f2000,4096
17696,u2,2,READ,0x200003f3000,4096
17697,u3,3,READ,0x300003f0000,4096
17701,u0,0,READ,0x3f2000,4096
17704,u1,1,READ,0x100003f2000,4096
17710,u2,2,READ,0x200003f4000,4096
17711,u0,0,READ,0x3f3000,4096
17711,u3,3,READ,0x300003f1000,4096
17723,u1,1,READ,0x100003f3000,4096
17729,u3,3,READ,0x300003f2000,4096
17731,u0,0,READ,0x3f4000,4096
17732,u2,2,READ,0x200003f5000,4096
17735,u1,1,READ,0x100003f4000,4096
17739,u3,3,WRITE,0x300003f3000,4096
17744,u0,0,READ,0x3f5000,4096
17748,u2,2,READ,0x200003f6000,4096
17750,u1,1,READ,0x100003f5000,4096
17760,u1,1,READ,0x100003f6000,4096
17762,u3,3,READ,0x300003f4000,4096
17768,u0,0,READ,0x3f6000,4096
17770,u2,2,READ,0x200003f7000,4096
17775,u1,1,READ,0x100003f7000,4096
17777,u3,3,READ,0x300003f5000,4096
17779,u0,0,READ,0x3f7000,4096
17793,u2,2,READ,0x200003f8000,4096
17798,u0,0,READ,0x3f8000,4096
17800,u1,1,READ,0x100003f8000,4096
17802,u3,3,READ,0x300003f6000,4096
17812,u1,1,READ,0x100003f9000,4096
17814,u2,2,READ,0x200003f9000,4096
17821,u0,0,READ,0x3f9000,4096
17825,u3,3,READ,0x300003f7000,4096
17831,u1,1,READ,0x100003fa000,4096
17835,u2,2,READ,0x200003fa000,4096
17835,u3,3,READ,0x300003f8000,4096
17840,u0,0,WRITE,0x3fa000,4096
17842,u1,1,READ,0x100003fb000,4096
17845,u3,3,READ,0x300003f9000,4096
17848,u2,2,READ,0x200003fb000,4096
17860,u0,0,READ,0x3fb000,4096
17867,u1,1,READ,0x100003fc000,4096
17868,u3,3,READ,0x300003fa000,4096
17869,u2,2,READ,0x200003fc000,4096
17872,u0,0,READ,0x3fc000,4096
17881,u3,3,READ,0x300003fb000,4096
17883,u1,1,READ,0x100003fd000,4096
17891,u2,2,READ,0x200003fd000,4096
17895,u0,0,READ,0x3fd000,4096
17897,u1,1,READ,0x100003fe000,4096
17906,u3,3,READ,0x300003fc000,4096
17911,u2,2,READ,0x200003fe000,4096
17912,u1,1,READ,0x100003ff000,4096
17916,u0,0,READ,0x3fe000,4096
17925,u1,1,READ,0x10000400000,4096
17926,u0,0,WRITE,0x3ff000,4096
17927,u3,3,READ,0x300003fd000,4096
17928,u2,2,READ,0x200003ff000,4096
17941,u0,0,READ,0x400000,4096
17942,u1,1,READ,0x10000401000,4096
17945,u2,2,WRITE,0x20000400000,4096
17948,u3,3,READ,0x300003fe000,4096
17952,u1,1,READ,0x10000402000,4096
17957,u0,0,READ,0x401000,4096
17965,u3,3,READ,0x300003ff000,4096
17968,u2,2,READ,0x20000401000,4096
17969,u0,0,READ,0x402000,4096
17970,u1,1,READ,0x10000403000,4096
17978,u2,2,READ,0x20000402000,4096
17981,u1,1,READ,0x10000404000,4096
17990,u3,3,READ,0x30000400000,4096
17991,u0,0,READ,0x403000,4096
17991,u2,2,READ,0x20000403000,4096
18000,u1,1,READ,0x10000405000,4096
18000,u3,3,READ,0x30000401000,4096
18004,u0,0,READ,0x404000,4096
18011,u1,1,READ,0x10000406000,4096
18014,u2,2,READ,0x20000404000,4096
18016,u3,3,READ,0x30000402000,4096
18026,u0,0,READ,0x405000,4096
18035,u1,1,READ,0x10000407000,4096
18036,u3,3,READ,0x30000403000,4096
18037,u0,0,READ,0x406000,4096
18039,u2,2,READ,0x20000405000,4096
18051,u0,0,READ,0x407000,4096
18053,u3,3,READ,0x30000404000,4096
18057,u1,1,READ,0x10000408000,4096
18062,u2,2,READ,0x20000406000,4096
18064,u3,3,READ,0x30000405000,4096
18073,u0,0,READ,0x408000,4096
18078,u3,3,READ,0x30000406000,4096
18079,u1,1,READ,0x10000409000,4096
18083,u2,2,READ,0x20000407000,4096
18089,u3,3,READ,0x30000407000,4096
18090,u0,0,READ,0x409000,4096
18098,u1,1,READ,0x1000040a000,4096
18108,u2,2,READ,0x20000408000,4096
18110,u3,3,READ,0x30000408000,4096
18111,u0,0,READ,0x40a000,4096
18114,u1,1,READ,0x1000040b000,4096
18126,u3,3,READ,0x30000409000,4096
18130,u0,0,READ,0x40b000,4096
18132,u2,2,READ,0x20000409000,4096
18136,u3,3,READ,0x3000040a000,4096
18139,u1,1,READ,0x1000040c000,4096
18148,u2,2,READ,0x2000040a000,4096
18152,u1,1,WRITE,0x1000040d000,4096
18153,u0,0,READ,0x40c000,4096
18156,u3,3,READ,0x3000040b000,4096
18167,u1,1,READ,0x1000040e000,4096
18169,u3,3,READ,0x3000040c000,4096
18172,u2,2,READ,0x2000040b000,4096
18175,u0,0,READ,0x40d000,4096
18183,u2,2,READ,0x2000040c000,4096
18187,u1,1,READ,0x1000040f000,4096
18190,u3,3,READ,0x3000040d000,4096
18191,u0,0,WRITE,0x40e000,4096
18202,u2,2,READ,0x2000040d000,4096
18203,u1,1,READ,0x10000410000,4096
18210,u0,0,READ,0x40f000,4096
18210,u3,3,READ,0x3000040e000,4096
18223,u0,0,READ,0x410000,4096
18224,u1,1,READ,0x10000411000,4096
18225,u3,3,READ,0x3000040f000,4096
18227,u2,2,READ,0x2000040e000,4096
18234,u1,1,WRITE,0x10000412000,4096
18241,u0,0,READ,0x411000,4096
18249,u3,3,READ,0x30000410000,4096
18252,u2,2,READ,0x2000040f000,4096
18255,u1,1,READ,0x10000413000,4096
18261,u0,0,READ,0x412000,4096
18268,u2,2,READ,0x20000410000,4096
18274,u3,3,READ,0x30000411000,4096
18276,u1,1,READ,0x10000414000,4096
18282,u2,2,READ,0x20000411000,4096
18285,u0,0,READ,0x413000,4096
18290,u1,1,READ,0x10000415000,4096
18297,u0,0,READ,0x414000,4096
18298,u3,3,READ,0x30000412000,4096
18303,u2,2,READ,0x20000412000,4096
18307,u0,0,READ,0x415000,4096
18314,u1,1,READ,0x10000416000,4096
18316,u2,2,READ,0x20000413000,4096
18316,u3,3,READ,0x30000413000,4096
18324,u0,0,READ,0x416000,4096
18330,u2,2,READ,0x20000414000,4096
18336,u1,1,READ,0x10000417000,4096
18338,u3,3,READ,0x30000414000,4096
18342,u0,0,READ,0x417000,4096
18342,u2,2,READ,0x20000415000,4096
18349,u1,1,READ,0x10000418000,4096
18353,u3,3,READ,0x30000415000,4096
18356,u0,0,WRITE,0x418000,4096
18360,u2,2,READ,0x20000416000,4096
18363,u1,1,READ,0x10000419000,4096
18364,u3,3,READ,0x30000416000,4096
18374,u0,0,READ,0x419000,4096
18375,u2,2,READ,0x20000417000,4096
18379,u1,1,READ,0x1000041a000,4096
18379,u3,3,READ,0x30000417000,4096
18395,u0,0,READ,0x41a000,4096
18397,u2,2,READ,0x20000418000,4096
18400,u1,1,WRITE,0x1000041b000,4096
18403,u3,3,READ,0x30000418000,4096
18413,u2,2,READ,0x20000419000,4096
18417,u0,0,READ,0x41b000,4096
18417,u1,1,READ,0x1000041c000,4096
18428,u3,3,READ,0x30000419000,4096
18436,u1,1,READ,0x1000041d000,4096
18438,u0,0,WRITE,0x41c000,4096
18438,u2,2,READ,0x2000041a000,4096
18446,u3,3,READ,0x3000041a000,4096
18450,u1,1,READ,0x1000041e000,4096
18453,u2,2,READ,0x2000041b000,4096
18456,u0,0,READ,0x41d000,4096
18463,u1,1,READ,0x1000041f000,4096
18467,u3,3,READ,0x3000041b000,4096
18468,u0,0,READ,0x41e000,4096
18477,u2,2,READ,0x2000041c000,4096
18477,u3,3,READ,0x3000041c000,4096
18478,u0,0,READ,0x41f000,4096
18478,u1,1,READ,0x10000420000,4096
18494,u0,0,READ,0x420000,4096
18495,u2,2,READ,0x2000041d000,4096
18500,u3,3,READ,0x3000041d000,4096
18502,u1,1,READ,0x10000421000,4096
18509,u2,2,READ,0x2000041e000,4096
18516,u0,0,READ,0x421000,4096
18521,u3,3,READ,0x3000041e000,4096
18523,u2,2,READ,0x2000041f000,4096
18527,u1,1,READ,0x10000422000,4096
18533,u0,0,READ,0x422000,4096
18538,u3,3,READ,0x3000041f000,4096
18544,u2,2,READ,0x20000420000,4096
18552,u1,1,READ,0x10000423000,4096
18552,u3,3,READ,0x30000420000,4096
18554,u0,0,READ,0x423000,4096
18565,u2,2,READ,0x20000421000,4096
18569,u3,3,READ,0x30000421000,4096
18577,u1,1,READ,0x10000424000,4096
18579,u0,0,READ,0x424000,4096
18586,u2,2,READ,0x20000422000,4096
18590,u1,1,READ,0x10000425000,4096
18592,u3,3,READ,0x30000422000,4096
18601,u0,0,READ,0x425000,4096
18603,u1,1,READ,0x10000426000,4096
18604,u3,3,READ,0x30000423000,4096
18607,u2,2,READ,0x20000423000,4096
18617,u3,3,READ,0x30000424000,4096
18619,u2,2,READ,0x20000424000,4096
18623,u0,0,READ,0x426000,4096
18624,u1,1,READ,0x10000427000,4096
18629,u2,2,READ,0x20000425000,4096
18636,u3,3,READ,0x30000425000,4096
18637,u0,0,READ,0x427000,4096
18648,u1,1,READ,0x10000428000,4096
18653,u2,2,READ,0x20000426000,4096
18659,u3,3,READ,0x30000426000,4096
18660,u0,0,READ,0x428000,4096
18663,u1,1,READ,0x10000429000,4096
18671,u3,3,READ,0x30000427000,4096
18672,u0,0,READ,0x429000,4096
18674,u1,1,READ,0x1000042a000,4096
18675,u2,2,READ,0x20000427000,4096
18690,u3,3,READ,0x30000428000,4096
18694,u0,0,READ,0x42a000,4096
18694,u2,2,READ,0x20000428000,4096
18699,u1,1,READ,0x1000042b000,4096
18705,u0,0,READ,0x42b000,4096
18705,u2,2,READ,0x20000429000,4096
18714,u3,3,READ,0x30000429000,4096
18718,u2,2,READ,0x2000042a000,4096
18721,u1,1,READ,0x1000042c000,4096
18724,u0,0,READ,0x42c000,4096
18724,u3,3,READ,0x3000042a000,4096
18739,u0,0,READ,0x42d000,4096
18742,u2,2,READ,0x2000042b000,4096
18743,u3,3,READ,0x3000042b000,4096
18744,u1,1,READ,0x1000042d000,4096
18759,u1,1,READ,0x1000042e000,4096
18763,u0,0,READ,0x42e000,4096
18764,u2,2,READ,0x2000042c000,4096
18764,u3,3,READ,0x3000042c000,4096
18775,u2,2,READ,0x2000042d000,4096
18777,u0,0,READ,0x42f000,4096
18784,u1,1,READ,0x1000042f000,4096
18787,u3,3,READ,0x3000042d000,4096
18793,u0,0,READ,0x430000,4096
18794,u2,2,READ,0x2000042e000,4096
18798,u3,3,READ,0x3000042e000,4096
18801,u1,1,READ,0x10000430000,4096
18810,u2,2,READ,0x2000042f000,4096
18811,u1,1,READ,0x10000431000,4096
18815,u0,0,READ,0x431000,4096
18815,u3,3,READ,0x3000042f000,4096
18825,u2,2,READ,0x20000430000,4096
18827,u1,1,READ,0x10000432000,4096
18835,u0,0,READ,0x432000,4096
18837,u1,1,READ,0x10000433000,4096
18837,u3,3,READ,0x30000430000,4096
18844,u2,2,READ,0x20000431000,4096
18856,u1,1,READ,0x10000434000,4096
18856,u2,2,READ,0x20000432000,4096
18857,u0,0,WRITE,0x433000,4096
18857,u3,3,READ,0x30000431000,4096
18870,u2,2,READ,0x20000433000,4096
18871,u0,0,READ,0x434000,4096
18880,u1,1,READ,0x10000435000,4096
18882,u3,3,READ,0x30000432000,4096
18884,u0,0,READ,0x435000,4096
18886,u2,2,READ,0x20000434000,4096
18893,u1,1,READ,0x10000436000,4096
18897,u2,2,READ,0x20000435000,4096
18905,u3,3,READ,0x30000433000,4096
18908,u1,1,READ,0x10000437000,4096
18909,u0,0,READ,0x436000,4096
18909,u2,2,READ,0x20000436000,4096
18916,u3,3,READ,0x30000434000,4096
18919,u1,1,READ,0x10000438000,4096
18920,u2,2,READ,0x20000437000,4096
18922,u0,0,READ,0x437000,4096
18931,u3,3,READ,0x30000435000,4096
18935,u2,2,READ,0x20000438000,4096
18938,u0,0,WRITE,0x438000,4096
18943,u1,1,READ,0x10000439000,4096
18948,u3,3,READ,0x30000436000,4096
18949,u2,2,READ,0x20000439000,4096
18962,u3,3,READ,0x30000437000,4096
18963,u0,0,READ,0x439000,4096
18964,u1,1,READ,0x1000043a000,4096
18972,u2,2,READ,0x2000043a000,4096
18976,u1,1,READ,0x1000043b000,4096
18976,u3,3,READ,0x30000438000,4096
18982,u0,0,READ,0x43a000,4096
18985,u2,2,READ,0x2000043b000,4096
18986,u1,1,READ,0x1000043c000,4096
18995,u0,0,READ,0x43b000,4096
18997,u3,3,READ,0x30000439000,4096
19001,u1,1,READ,0x1000043d000,4096
19003,u2,2,READ,0x2000043c000,4096
19013,u0,0,WRITE,0x43c000,4096
19020,u2,2,READ,0x2000043d000,4096
19021,u3,3,READ,0x3000043a000,4096
19025,u1,1,READ,0x1000043e000,4096
19029,u0,0,READ,0x43d000,4096
19034,u2,2,READ,0x2000043e000,4096
19036,u3,3,READ,0x3000043b000,4096
19042,u0,0,READ,0x43e000,4096
19045,u1,1,READ,0x1000043f000,4096
19048,u3,3,READ,0x3000043c000,4096
19052,u2,2,READ,0x2000043f000,4096
19059,u0,0,READ,0x43f000,4096
19066,u3,3,READ,0x3000043d000,4096
19068,u1,1,READ,0x10000440000,4096
19072,u0,0,READ,0x440000,4096
19077,u2,2,READ,0x20000440000,4096
19082,u0,0,READ,0x441000,4096
19085,u3,3,READ,0x3000043e000,4096
19090,u1,1,READ,0x10000441000,4096
19093,u2,2,READ,0x20000441000,4096
19102,u0,0,READ,0x442000,4096
19104,u1,1,READ,0x10000442000,4096
19109,u3,3,READ,0x3000043f000,4096
19111,u2,2,READ,0x20000442000,4096
19117,u1,1,READ,0x10000443000,4096
19121,u2,2,READ,0x20000443000,4096
19122,u3,3,READ,0x30000440000,4096
19125,u0,0,READ,0x443000,4096
19129,u1,1,READ,0x10000444000,4096
19141,u2,2,READ,0x20000444000,4096
19145,u3,3,READ,0x30000441000,4096
19150,u0,0,READ,0x444000,4096
19151,u1,1,READ,0x10000445000,4096
19155,u2,2,READ,0x20000445000,4096
19155,u3,3,READ,0x30000442000,4096
19167,u0,0,READ,0x445000,4096
19169,u1,1,READ,0x10000446000,4096
19173,u3,3,READ,0x30000443000,4096
19176,u2,2,READ,0x20000446000,4096
19182,u0,0,READ,0x446000,4096
19183,u1,1,READ,0x10000447000,4096
19189,u2,2,READ,0x20000447000,4096
19189,u3,3,READ,0x30000444000,4096
19192,u0,0,READ,0x447000,4096
19199,u1,1,READ,0x10000448000,4096
19203,u0,0,READ,0x448000,4096
19209,u3,3,READ,0x30000445000,4096
19211,u2,2,READ,0x20000448000,4096
19213,u0,0,READ,0x449000,4096
19213,u1,1,READ,0x10000449000,4096
19219,u3,3,READ,0x30000446000,4096
19225,u1,1,READ,0x1000044a000,4096
19225,u2,2,READ,0x20000449000,4096
19233,u0,0,READ,0x44a000,4096
19238,u2,2,READ,0x2000044a000,4096
19241,u3,3,READ,0x30000447000,4096
19245,u1,1,READ,0x1000044b000,4096
19248,u0,0,READ,0x44b000,4096
19251,u2,2,READ,0x2000044b000,4096
19259,u0,0,READ,0x44c000,4096
19261,u3,3,READ,0x30000448000,4096
19264,u2,2,READ,0x2000044c000,4096
19267,u1,1,READ,0x1000044c000,4096
19279,u2,2,READ,0x2000044d000,4096
19280,u3,3,READ,0x30000449000,4096
19281,u0,0,READ,0x44d000,4096
19286,u1,1,READ,0x1000044d000,4096
19289,u2,2,READ,0x2000044e000,4096
19290,u3,3,WRITE,0x3000044a000,4096
19295,u0,0,READ,0x44e000,4096
19303,u1,1,READ,0x1000044e000,4096
19303,u3,3,READ,0x3000044b000,4096
19305,u2,2,READ,0x2000044f000,4096
19317,u0,0,READ,0x44f000,4096
19317,u1,1,READ,0x1000044f000,4096
19323,u2,2,READ,0x20000450000,4096
19326,u3,3,READ,0x3000044c000,4096
19327,u1,1,READ,0x10000450000,4096
19339,u1,1,READ,0x10000451000,4096
19341,u0,0,READ,0x450000,4096
19342,u2,2,READ,0x20000451000,4096
19349,u1,1,READ,0x10000452000,4096
19351,u3,3,READ,0x3000044d000,4096
19354,u2,2,READ,0x20000452000,4096
19360,u1,1,READ,0x10000453000,4096
19362,u0,0,READ,0x451000,4096
19374,u2,2,READ,0x20000453000,4096
19375,u1,1,READ,0x10000454000,4096
19375,u3,3,READ,0x3000044e000,4096
19385,u0,0,READ,0x452000,4096
19391,u2,2,READ,0x20000454000,4096
19391,u3,3,READ,0x3000044f000,4096
19395,u1,1,READ,0x10000455000,4096
19400,u0,0,READ,0x453000,4096
19401,u3,3,READ,0x30000450000,4096
19406,u2,2,READ,0x20000455000,4096
19408,u1,1,READ,0x10000456000,4096
19411,u3,3,READ,0x30000451000,4096
19416,u2,2,READ,0x20000456000,4096
19418,u0,0,READ,0x454000,4096
19427,u1,1,READ,0x10000457000,4096
19435,u3,3,READ,0x30000452000,4096
19436,u0,0,READ,0x455000,4096
19441,u2,2,READ,0x20000457000,4096
19443,u1,1,READ,0x10000458000,4096
19452,u2,2,READ,0x20000458000,4096
19458,u3,3,READ,0x30000453000,4096
19459,u0,0,READ,0x456000,4096
19464,u2,2,READ,0x20000459000,4096
19466,u1,1,READ,0x10000459000,4096
19471,u0,0,READ,0x457000,4096
19471,u3,3,READ,0x30000454000,4096
19483,u1,1,READ,0x1000045a000,4096
19489,u2,2,READ,0x2000045a000,4096
19493,u0,0,READ,0x458000,4096
19493,u1,1,WRITE,0x1000045b000,4096
19494,u3,3,READ,0x30000455000,4096
19500,u2,2,READ,0x2000045b000,4096
19505,u3,3,READ,0x30000456000,4096
19514,u0,0,READ,0x459000,4096
19514,u1,1,WRITE,0x1000045c000,4096
19520,u2,2,READ,0x2000045c000,4096
19522,u3,3,READ,0x30000457000,4096
19528,u1,1,READ,0x1000045d000,4096
19539,u0,0,READ,0x45a000,4096
19544,u2,2,READ,0x2000045d000,4096
19546,u3,3,READ,0x30000458000,4096
19551,u1,1,READ,0x1000045e000,4096
19562,u0,0,READ,0x45b000,4096
19562,u3,3,READ,0x30000459000,4096
19563,u1,1,READ,0x1000045f000,4096
19568,u2,2,READ,0x2000045e000,4096
19573,u3,3,READ,0x3000045a000,4096
19576,u0,0,READ,0x45c000,4096
19585,u1,1,READ,0x10000460000,4096
19585,u2,2,READ,0x2000045f000,4096
19590,u3,3,READ,0x3000045b000,4096
19599,u1,1,READ,0x10000461000,4096
19600,u0,0,READ,0x45d000,4096
19601,u2,2,READ,0x20000460000,4096
19609,u3,3,READ,0x3000045c000,4096
19614,u0,0,READ,0x45e000,4096
19618,u1,1,READ,0x10000462000,4096
19623,u3,3,READ,0x3000045d000,4096
19624,u2,2,READ,0x20000461000,4096
19636,u1,1,READ,0x10000463000,4096
19637,u0,0,READ,0x45f000,4096
19639,u3,3,WRITE,0x3000045e000,4096
19647,u2,2,READ,0x20000462000,4096
19652,u0,0,READ,0x460000,4096
19656,u3,3,READ,0x3000045f000,4096
19659,u2,2,WRITE,0x20000463000,4096
19660,u1,1,READ,0x10000464000,4096
19665,u0,0,WRITE,0x461000,4096
19671,u3,3,READ,0x30000460000,4096
19676,u1,1,READ,0x10000465000,4096
19678,u2,2,READ,0x20000464000,4096
19688,u2,2,READ,0x20000465000,4096
19689,u0,0,READ,0x462000,4096
19690,u1,1,READ,0x10000466000,4096
19690,u3,3,READ,0x30000461000,4096
19700,u1,1,READ,0x10000467000,4096
19703,u2,2,READ,0x20000466000,4096
19703,u3,3,READ,0x30000462000,4096
19708,u0,0,READ,0x463000,4096
19717,u2,2,READ,0x20000467000,4096
19718,u3,3,READ,0x30000463000,4096
19719,u1,1,READ,0x10000468000,4096
19728,u0,0,READ,0x464000,4096
19730,u1,1,READ,0x10000469000,4096
19738,u2,2,READ,0x20000468000,4096
19740,u3,3,READ,0x30000464000,4096
19747,u0,0,READ,0x465000,4096
19751,u1,1,READ,0x1000046a000,4096
19753,u3,3,READ,0x30000465000,4096
19759,u2,2,READ,0x20000469000,4096
19763,u1,1,READ,0x1000046b000,4096
19765,u3,3,READ,0x30000466000,4096
19770,u0,0,READ,0x466000,4096
19775,u2,2,READ,0x2000046a000,4096
19781,u3,3,READ,0x30000467000,4096
19782,u1,1,READ,0x1000046c000,4096
19786,u0,0,READ,0x467000,4096
19791,u2,2,READ,0x2000046b000,4096
19791,u3,3,READ,0x30000468000,4096
19794,u1,1,READ,0x1000046d000,4096
19805,u0,0,READ,0x468000,4096
19807,u1,1,READ,0x1000046e000,4096
19814,u2,2,READ,0x2000046c000,4096
19815,u3,3,READ,0x30000469000,4096
19822,u0,0,READ,0x469000,4096
19825,u3,3,READ,0x3000046a000,4096
19830,u2,2,READ,0x2000046d000,4096
19831,u1,1,READ,0x1000046f000,4096
19845,u0,0,READ,0x46a000,4096
19845,u1,1,READ,0x10000470000,4096
19845,u2,2,READ,0x2000046e000,4096
19846,u3,3,READ,0x3000046b000,4096
19860,u1,1,READ,0x10000471000,4096
19865,u2,2,READ,0x2000046f000,4096
19868,u0,0,READ,0x46b000,4096
19869,u3,3,READ,0x3000046c000,4096
19883,u3,3,READ,0x3000046d000,4096
19884,u1,1,READ,0x10000472000,4096
19887,u2,2,READ,0x20000470000,4096
19889,u0,0,READ,0x46c000,4096
19903,u2,2,READ,0x20000471000,4096
19904,u3,3,READ,0x3000046e000,4096
19906,u1,1,READ,0x10000473000,4096
19912,u0,0,WRITE,0x46d000,4096
19923,u3,3,READ,0x3000046f000,4096
19926,u0,0,READ,0x46e000,4096
19927,u1,1,READ,0x10000474000,4096
19928,u2,2,READ,0x20000472000,4096
19941,u0,0,READ,0x46f000,4096
19941,u2,2,READ,0x20000473000,4096
19943,u1,1,READ,0x10000475000,4096
19945,u3,3,READ,0x30000470000,4096
19957,u1,1,READ,0x10000476000,4096
19959,u2,2,READ,0x20000474000,4096
19962,u3,3,READ,0x30000471000,4096
19964,u0,0,READ,0x470000,4096
19975,u2,2,READ,0x20000475000,4096
19976,u3,3,READ,0x30000472000,4096
19979,u1,1,READ,0x10000477000,4096
19983,u0,0,READ,0x471000,4096
19987,u3,3,READ,0x30000473000,4096
19998,u1,1,READ,0x10000478000,4096
20000,u2,2,READ,0x20000476000,4096
20001,u3,3,READ,0x30000474000,4096
20007,u0,0,READ,0x472000,4096
20013,u1,1,READ,0x10000479000,4096
20017,u2,2,WRITE,0x20000477000,4096
20020,u0,0,READ,0x473000,4096
20021,u3,3,READ,0x30000475000,4096
20030,u2,2,READ,0x20000478000,4096
20035,u1,1,READ,0x1000047a000,4096
20036,u0,0,READ,0x474000,4096
20038,u3,3,READ,0x30000476000,4096
20049,u2,2,READ,0x20000479000,4096
20050,u0,0,READ,0x475000,4096
20057,u3,3,READ,0x30000477000,4096
20059,u1,1,READ,0x1000047b000,4096
20067,u0,0,READ,0x476000,4096
20070,u2,2,READ,0x2000047a000,4096
20070,u3,3,READ,0x30000478000,4096
20071,u1,1,READ,0x1000047c000,4096
20083,u0,0,READ,0x477000,4096
20087,u3,3,READ,0x30000479000,4096
20089,u2,2,READ,0x2000047b000,4096
20095,u1,1,READ,0x1000047d000,4096
20098,u3,3,READ,0x3000047a000,4096
20100,u2,2,READ,0x2000047c000,4096
20101,u0,0,WRITE,0x478000,4096
20106,u1,1,READ,0x1000047e000,4096
20110,u2,2,READ,0x2000047d000,4096
20115,u0,0,READ,0x479000,4096
20123,u3,3,READ,0x3000047b000,4096
20124,u2,2,READ,0x2000047e000,4096
20130,u0,0,READ,0x47a000,4096
20130,u1,1,READ,0x1000047f000,4096
20138,u2,2,READ,0x2000047f000,4096
20144,u3,3,READ,0x3000047c000,4096
20154,u0,0,READ,0x47b000,4096
20154,u2,2,READ,0x20000480000,4096
20155,u1,1,READ,0x10000480000,4096
20165,u3,3,READ,0x3000047d000,4096
20167,u1,1,READ,0x10000481000,4096
20168,u0,0,READ,0x47c000,4096
20179,u2,2,READ,0x20000481000,4096
20180,u3,3,READ,0x3000047e000,4096
20187,u0,0,READ,0x47d000,4096
20191,u1,1,READ,0x10000482000,4096
20201,u2,2,READ,0x20000482000,4096
20201,u3,3,WRITE,0x3000047f000,4096
20205,u0,0,READ,0x47e000,4096
20208,u1,1,READ,0x10000483000,4096
20216,u3,3,READ,0x30000480000,4096
20218,u2,2,READ,0x20000483000,4096
20219,u0,0,READ,0x47f000,4096
20219,u1,1,READ,0x10000484000,4096
20234,u2,2,READ,0x20000484000,4096
20238,u3,3,READ,0x30000481000,4096
20239,u0,0,READ,0x480000,4096
20242,u1,1,READ,0x10000485000,4096
20244,u2,2,READ,0x20000485000,4096
20252,u1,1,READ,0x10000486000,4096
20254,u0,0,READ,0x481000,4096
20263,u3,3,READ,0x30000482000,4096
20264,u2,2,READ,0x20000486000,4096
20267,u0,0,READ,0x482000,4096
20272,u1,1,READ,0x10000487000,4096
20277,u3,3,READ,0x30000483000,4096
20286,u0,0,READ,0x483000,4096
20286,u2,2,READ,0x20000487000,4096
20289,u1,1,READ,0x10000488000,4096
20293,u3,3,READ,0x30000484000,4096
20297,u2,2,READ,0x20000488000,4096
20299,u0,0,READ,0x484000,4096
20299,u1,1,WRITE,0x10000489000,4096
20318,u3,3,WRITE,0x30000485000,4096
20320,u0,0,READ,0x485000,4096
20322,u2,2,READ,0x20000489000,4096
20324,u1,1,READ,0x1000048a000,4096
20336,u0,0,READ,0x486000,4096
20338,u1,1,READ,0x1000048b000,4096
20338,u2,2,READ,0x2000048a000,4096
20341,u3,3,READ,0x30000486000,4096
20351,u0,0,READ,0x487000,4096
20353,u3,3,READ,0x30000487000,4096
20357,u2,2,READ,0x2000048b000,4096
20363,u1,1,READ,0x1000048c000,4096
20370,u3,3,READ,0x30000488000,4096
20375,u0,0,READ,0x488000,4096
20376,u1,1,READ,0x1000048d000,4096
20378,u2,2,READ,0x2000048c000,4096
20382,u3,3,READ,0x30000489000,4096
20393,u1,1,READ,0x1000048e000,4096
20394,u0,0,READ,0x489000,4096
20394,u3,3,READ,0x3000048a000,4096
20396,u2,2,READ,0x2000048d000,4096
20411,u1,1,READ,0x1000048f000,4096
20411,u3,3,READ,0x3000048b000,4096
20412,u0,0,READ,0x48a000,4096
20414,u2,2,READ,0x2000048e000,4096
20424,u2,2,READ,0x2000048f000,4096
20427,u1,1,READ,0x10000490000,4096
20428,u3,3,READ,0x3000048c000,4096
20433,u0,0,READ,0x48b000,4096
20440,u3,3,READ,0x3000048d000,4096
20441,u2,2,READ,0x20000490000,4096
20449,u1,1,WRITE,0x10000491000,4096
20451,u0,0,READ,0x48c000,4096
20459,u2,2,READ,0x20000491000,4096
20461,u1,1,READ,0x10000492000,4096
20461,u3,3,READ,0x3000048e000,4096
20467,u0,0,READ,0x48d000,4096
20478,u1,1,READ,0x10000493000,4096
20479,u2,2,READ,0x20000492000,4096
20481,u0,0,READ,0x48e000,4096
20482,u3,3,READ,0x3000048f000,4096
20492,u2,2,READ,0x20000493000,4096
20496,u0,0,READ,0x48f000,4096
20497,u1,1,READ,0x10000494000,4096
20502,u3,3,READ,0x30000490000,4096
20503,u2,2,READ,0x20000494000,4096
20508,u1,1,READ,0x10000495000,4096
20514,u0,0,READ,0x490000,4096
20517,u2,2,READ,0x20000495000,4096
20518,u1,1,READ,0x10000496000,4096
20526,u3,3,READ,0x30000491000,4096
20530,u0,0,READ,0x491000,4096
20533,u2,2,READ,0x20000496000,4096
20542,u3,3,READ,0x30000492000,4096
20543,u1,1,READ,0x10000497000,4096
20546,u2,2,READ,0x20000497000,4096
20555,u0,0,READ,0x492000,4096
20556,u3,3,READ,0x30000493000,4096
20561,u1,1,READ,0x10000498000,4096
20568,u2,2,READ,0x20000498000,4096
20571,u0,0,READ,0x493000,4096
20575,u3,3,READ,0x30000494000,4096
20579,u1,1,READ,0x10000499000,4096
20589,u3,3,READ,0x30000495000,4096
20590,u0,0,READ,0x494000,4096
20593,u1,1,READ,0x1000049a000,4096
20593,u2,2,READ,0x20000499000,4096
20605,u1,1,READ,0x1000049b000,4096
20607,u0,0,READ,0x495000,4096
20613,u2,2,READ,0x2000049a000,4096
20614,u3,3,READ,0x30000496000,4096
20618,u1,1,READ,0x1000049c000,4096
20620,u0,0,READ,0x496000,4096
20629,u1,1,READ,0x1000049d000,4096
20634,u3,3,READ,0x30000497000,4096
20636,u2,2,WRITE,0x2000049b000,4096
20639,u0,0,READ,0x497000,4096
20649,u3,3,READ,0x30000498000,4096
20654,u1,1,READ,0x1000049e000,4096
20657,u0,0,READ,0x498000,4096
20659,u2,2,READ,0x2000049c000,4096
20672,u3,3,READ,0x30000499000,4096
20676,u2,2,READ,0x2000049d000,4096
20677,u1,1,READ,0x1000049f000,4096
20681,u0,0,READ,0x499000,4096
20687,u2,2,READ,0x2000049e000,4096
20689,u1,1,READ,0x100004a0000,4096
20691,u0,0,READ,0x49a000,4096
20691,u3,3,READ,0x3000049a000,4096
20697,u2,2,WRITE,0x2000049f000,4096
20699,u1,1,READ,0x100004a1000,4096
20705,u3,3,READ,0x3000049b000,4096
20709,u1,1,WRITE,0x100004a2000,4096
20711,u0,0,WRITE,0x49b000,4096
20714,u2,2,READ,0x200004a0000,4096
20723,u0,0,READ,0x49c000,4096
20723,u3,3,READ,0x3000049c000,4096
20725,u1,1,READ,0x100004a3000,4096
20726,u2,2,READ,0x200004a1000,4096
20742,u3,3,READ,0x3000049d000,4096
20743,u1,1,READ,0x100004a4000,4096
20747,u2,2,READ,0x200004a2000,4096
20748,u0,0,READ,0x49d000,4096
20758,u2,2,READ,0x200004a3000,4096
20764,u3,3,READ,0x3000049e000,4096
20765,u1,1,READ,0x100004a5000,4096
20770,u2,2,READ,0x200004a4000,4096
20771,u0,0,READ,0x49e000,4096
20776,u3,3,READ,0x3000049f000,4096
20783,u2,2,READ,0x200004a5000,4096
20786,u1,1,READ,0x100004a6000,4096
20792,u0,0,WRITE,0x49f000,4096
20794,u3,3,READ,0x300004a0000,4096
20795,u2,2,READ,0x200004a6000,4096
20804,u3,3,READ,0x300004a1000,4096
20805,u2,2,READ,0x200004a7000,4096
20809,u0,0,READ,0x4a0000,4096
20809,u1,1,READ,0x100004a7000,4096
20818,u2,2,READ,0x200004a8000,4096
20822,u3,3,READ,0x300004a2000,4096
20826,u0,0,READ,0x4a1000,4096
20828,u1,1,READ,0x100004a8000,4096
20836,u3,3,READ,0x300004a3000,4096
20841,u2,2,READ,0x200004a9000,4096
20849,u1,1,READ,0x100004a9000,4096
20851,u0,0,READ,0x4a2000,4096
20852,u2,2,READ,0x200004aa000,4096
20855,u3,3,READ,0x300004a4000,4096
20865,u2,2,WRITE,0x200004ab000,4096
20868,u0,0,READ,0x4a3000,4096
20873,u1,1,READ,0x100004aa000,4096
20874,u3,3,READ,0x300004a5000,4096
20878,u2,2,READ,0x200004ac000,4096
20885,u0,0,READ,0x4a4000,4096
20885,u3,3,READ,0x300004a6000,4096
20890,u2,2,READ,0x200004ad000,4096
20898,u1,1,READ,0x100004ab000,4096
20901,u0,0,READ,0x4a5000,4096
20906,u3,3,READ,0x300004a7000,4096
20909,u2,2,READ,0x200004ae000,4096
20913,u0,0,READ,0x4a6000,4096
20922,u3,3,READ,0x300004a8000,4096
20923,u1,1,READ,0x100004ac000,4096
20930,u2,2,READ,0x200004af000,4096
20932,u0,0,READ,0x4a7000,4096
20944,u0,0,READ,0x4a8000,4096
20945,u3,3,READ,0x300004a9000,4096
20947,u1,1,READ,0x100004ad000,4096
20947,u2,2,READ,0x200004b0000,4096
20957,u3,3,READ,0x300004aa000,4096
20959,u0,0,READ,0x4a9000,4096
20968,u2,2,READ,0x200004b1000,4096
20971,u1,1,READ,0x100004ae000,4096
20979,u0,0,READ,0x4aa000,4096
20980,u3,3,READ,0x300004ab000,4096
20984,u2,2,READ,0x200004b2000,4096
20990,u0,0,READ,0x4ab000,4096
20991,u1,1,READ,0x100004af000,4096
20991,u3,3,READ,0x300004ac000,4096
20998,u2,2,READ,0x200004b3000,4096
21003,u1,1,READ,0x100004b0000,4096
21004,u3,3,READ,0x300004ad000,4096
21006,u0,0,READ,0x4ac000,4096
21010,u2,2,READ,0x200004b4000,4096
21023,u3,3,READ,0x300004ae000,4096
21025,u0,0,READ,0x4ad000,4096
21025,u2,2,WRITE,0x200004b5000,4096
21027,u1,1,READ,0x100004b1000,4096
21039,u2,2,READ,0x200004b6000,4096
21042,u1,1,READ,0x100004b2000,4096
21043,u3,3,READ,0x300004af000,4096
21046,u0,0,READ,0x4ae000,4096
21051,u2,2,READ,0x200004b7000,4096
21053,u3,3,READ,0x300004b0000,4096
21061,u2,2,READ,0x200004b8000,4096
21064,u0,0,READ,0x4af000,4096
21065,u3,3,READ,0x300004b1000,4096
21066,u1,1,READ,0x100004b3000,4096
21074,u2,2,READ,0x200004b9000,4096
21075,u0,0,READ,0x4b0000,4096
21081,u3,3,READ,0x300004b2000,4096
21084,u2,2,READ,0x200004ba000,4096
21087,u1,1,READ,0x100004b4000,4096
21088,u0,0,READ,0x4b1000,4096
21099,u3,3,READ,0x300004b3000,4096
21101,u1,1,READ,0x100004b5000,4096
21106,u0,0,READ,0x4b2000,4096
21109,u2,2,READ,0x200004bb000,4096
21115,u3,3,READ,0x300004b4000,4096
21118,u1,1,READ,0x100004b6000,4096
21125,u3,3,READ,0x300004b5000,4096
21127,u0,0,READ,0x4b3000,4096
21130,u2,2,READ,0x200004bc000,4096
21142,u0,0,READ,0x4b4000,4096
21143,u1,1,READ,0x100004b7000,4096
21145,u2,2,READ,0x200004bd000,4096
21146,u3,3,READ,0x300004b6000,4096
21161,u1,1,READ,0x100004b8000,4096
21165,u0,0,READ,0x4b5000,4096
21166,u2,2,READ,0x200004be000,4096
21169,u3,3,READ,0x300004b7000,4096
21180,u2,2,READ,0x200004bf000,4096
21182,u1,1,READ,0x100004b9000,4096
21183,u3,3,READ,0x300004b8000,4096
21184,u0,0,READ,0x4b6000,4096
21190,u2,2,READ,0x200004c0000,4096
21200,u1,1,READ,0x100004ba000,4096
21203,u3,3,READ,0x300004b9000,4096
21209,u0,0,READ,0x4b7000,4096
21214,u2,2,READ,0x200004c1000,4096
21216,u3,3,READ,0x300004ba000,4096
21222,u1,1,READ,0x100004bb000,4096
21229,u0,0,READ,0x4b8000,4096
21233,u2,2,READ,0x200004c2000,4096
21241,u3,3,READ,0x300004bb000,4096
21244,u0,0,READ,0x4b9000,4096
21247,u1,1,READ,0x100004bc000,4096
21257,u3,3,READ,0x300004bc000,4096
21258,u2,2,READ,0x200004c3000,4096
21266,u1,1,READ,0x100004bd000,4096
21268,u0,0,READ,0x4ba000,4096
21272,u2,2,READ,0x200004c4000,4096
21277,u1,1,READ,0x100004be000,4096
21278,u3,3,READ,0x300004bd000,4096
21283,u2,2,READ,0x200004c5000,4096
21291,u0,0,READ,0x4bb000,4096
21292,u1,1,READ,0x100004bf000,4096
21295,u2,2,READ,0x200004c6000,4096
21298,u3,3,READ,0x300004be000,4096
21309,u3,3,READ,0x300004bf000,4096
21311,u0,0,READ,0x4bc000,4096
21316,u1,1,READ,0x100004c0000,4096
21317,u2,2,READ,0x200004c7000,4096
21321,u3,3,READ,0x300004c0000,4096
21326,u0,0,READ,0x4bd000,4096
21330,u2,2,READ,0x200004c8000,4096
21333,u3,3,READ,0x300004c1000,4096
21340,u1,1,READ,0x100004c1000,4096
21349,u0,0,READ,0x4be000,4096
21350,u3,3,READ,0x300004c2000,4096
21351,u2,2,READ,0x200004c9000,4096
21361,u3,3,READ,0x300004c3000,4096
21365,u1,1,READ,0x100004c2000,4096
21366,u0,0,READ,0x4bf000,4096
21373,u2,2,READ,0x200004ca000,4096
21374,u3,3,READ,0x300004c4000,4096
21379,u0,0,READ,0x4c0000,4096
21385,u1,1,READ,0x100004c3000,4096
21394,u0,0,READ,0x4c1000,4096
21394,u2,2,READ,0x200004cb000,4096
21395,u3,3,READ,0x300004c5000,4096
21404,u1,1,READ,0x100004c4000,4096
21412,u2,2,READ,0x200004cc000,4096
21414,u0,0,READ,0x4c2000,4096
21419,u3,3,READ,0x300004c6000,4096
21424,u1,1,READ,0x100004c5000,4096
21429,u3,3,WRITE,0x300004c7000,4096
21432,u2,2,READ,0x200004cd000,4096
21439,u0,0,READ,0x4c3000,4096
21440,u1,1,READ,0x100004c6000,4096
21453,u3,3,READ,0x300004c8000,4096
21457,u2,2,READ,0x200004ce000,4096
21461,u1,1,READ,0x100004c7000,4096
21463,u0,0,WRITE,0x4c4000,4096
21471,u3,3,READ,0x300004c9000,4096
21475,u1,1,READ,0x100004c8000,4096
21478,u0,0,READ,0x4c5000,4096
21479,u2,2,READ,0x200004cf000,4096
21486,u1,1,READ,0x100004c9000,4096
21489,u2,2,WRITE,0x200004d0000,4096
21490,u0,0,READ,0x4c6000,4096
21496,u3,3,WRITE,0x300004ca000,4096
21500,u0,0,READ,0x4c7000,4096
21507,u1,1,READ,0x100004ca000,4096
21507,u3,3,READ,0x300004cb000,4096
21514,u2,2,READ,0x200004d1000,4096
21518,u3,3,READ,0x300004cc000,4096
21521,u0,0,READ,0x4c8000,4096
21530,u1,1,READ,0x100004cb000,4096
21530,u2,2,READ,0x200004d2000,4096
21538,u0,0,READ,0x4c9000,4096
21539,u3,3,READ,0x300004cd000,4096
21540,u2,2,READ,0x200004d3000,4096
21542,u1,1,READ,0x100004cc000,4096
21551,u0,0,READ,0x4ca000,4096
21560,u2,2,READ,0x200004d4000,4096
21561,u3,3,READ,0x300004ce000,4096
21565,u1,1,READ,0x100004cd000,4096
21571,u0,0,READ,0x4cb000,4096
21571,u3,3,READ,0x300004cf000,4096
21577,u2,2,READ,0x200004d5000,4096
21585,u1,1,READ,0x100004ce000,4096
21590,u2,2,READ,0x200004d6000,4096
21594,u3,3,READ,0x300004d0000,4096
21595,u0,0,READ,0x4cc000,4096
21596,u1,1,READ,0x100004cf000,4096
21606,u3,3,READ,0x300004d1000,4096
21607,u2,2,READ,0x200004d7000,4096
21618,u0,0,READ,0x4cd000,4096
21620,u2,2,READ,0x200004d8000,4096
21621,u1,1,READ,0x100004d0000,4096
21626,u3,3,READ,0x300004d2000,4096
21634,u0,0,READ,0x4ce000,4096
21642,u2,2,READ,0x200004d9000,4096
21644,u3,3,READ,0x300004d3000,4096
21646,u1,1,READ,0x100004d1000,4096
21649,u0,0,WRITE,0x4cf000,4096
21658,u1,1,READ,0x100004d2000,4096
21659,u0,0,READ,0x4d0000,4096
21662,u2,2,READ,0x200004da000,4096
21666,u3,3,READ,0x300004d4000,4096
21676,u2,2,READ,0x200004db000,4096
21680,u1,1,READ,0x100004d3000,4096
21682,u0,0,READ,0x4d1000,4096
21691,u3,3,READ,0x300004d5000,4096
21695,u2,2,READ,0x200004dc000,4096
21697,u1,1,READ,0x100004d4000,4096
21698,u0,0,READ,0x4d2000,4096
21711,u3,3,READ,0x300004d6000,4096
21715,u1,1,WRITE,0x100004d5000,4096
21718,u0,0,READ,0x4d3000,4096
21718,u2,2,READ,0x200004dd000,4096
21726,u1,1,READ,0x100004d6000,4096
21731,u0,0,READ,0x4d4000,4096
21732,u2,2,READ,0x200004de000,4096
21736,u3,3,READ,0x300004d7000,4096
21738,u1,1,READ,0x100004d7000,4096
21747,u0,0,READ,0x4d5000,4096
21754,u2,2,READ,0x200004df000,4096
21758,u1,1,READ,0x100004d8000,4096
21759,u0,0,READ,0x4d6000,4096
21761,u3,3,READ,0x300004d8000,4096
21769,u1,1,READ,0x100004d9000,4096
21774,u0,0,READ,0x4d7000,4096
21774,u2,2,READ,0x200004e0000,4096
21783,u1,1,READ,0x100004da000,4096
21783,u3,3,READ,0x300004d9000,4096
21791,u2,2,READ,0x200004e1000,4096
21794,u0,0,READ,0x4d8000,4096
21799,u3,3,READ,0x300004da000,4096
21802,u1,1,READ,0x100004db000,4096
21808,u0,0,READ,0x4d9000,4096
21808,u2,2,WRITE,0x200004e2000,4096
21818,u1,1,WRITE,0x100004dc000,4096
21819,u2,2,READ,0x200004e3000,4096
21822,u3,3,READ,0x300004db000,4096
21823,u0,0,READ,0x4da000,4096
21830,u1,1,READ,0x100004dd000,4096
21834,u2,2,READ,0x200004e4000,4096
21840,u3,3,READ,0x300004dc000,4096
21846,u2,2,READ,0x200004e5000,4096
21847,u0,0,READ,0x4db000,4096
21851,u1,1,READ,0x100004de000,4096
21857,u3,3,READ,0x300004dd000,4096
21864,u2,2,READ,0x200004e6000,4096
21867,u0,0,READ,0x4dc000,4096
21867,u3,3,READ,0x300004de000,4096
21869,u1,1,READ,0x100004df000,4096
21874,u2,2,READ,0x200004e7000,4096
21884,u1,1,READ,0x100004e0000,4096
21885,u0,0,WRITE,0x4dd000,4096
21890,u3,3,READ,0x300004df000,4096
21894,u1,1,READ,0x100004e1000,4096
21898,u2,2,READ,0x200004e8000,4096
21905,u0,0,READ,0x4de000,4096
21905,u1,1,READ,0x100004e2000,4096
21907,u3,3,READ,0x300004e0000,4096
21917,u3,3,READ,0x300004e1000,4096
21919,u0,0,WRITE,0x4df000,4096
21919,u2,2,READ,0x200004e9000,4096
21926,u1,1,READ,0x100004e3000,4096
21930,u2,2,READ,0x200004ea000,4096
21933,u3,3,READ,0x300004e2000,4096
21944,u0,0,READ,0x4e0000,4096
21944,u2,2,READ,0x200004eb000,4096
21945,u3,3,READ,0x300004e3000,4096
21948,u1,1,READ,0x100004e4000,4096
21958,u2,2,READ,0x200004ec000,4096
21959,u0,0,READ,0x4e1000,4096
21964,u1,1,READ,0x100004e5000,4096
21969,u3,3,READ,0x300004e4000,4096
21977,u1,1,WRITE,0x100004e6000,4096
21980,u0,0,READ,0x4e2000,4096
21983,u2,2,READ,0x200004ed000,4096
21989,u3,3,READ,0x300004e5000,4096
21993,u1,1,READ,0x100004e7000,4096
21997,u2,2,READ,0x200004ee000,4096
22005,u0,0,READ,0x4e3000,4096
22011,u3,3,READ,0x300004e6000,4096
22012,u1,1,READ,0x100004e8000,4096
22014,u2,2,READ,0x200004ef000,4096
22026,u3,3,READ,0x300004e7000,4096
22028,u0,0,READ,0x4e4000,4096
22028,u2,2,READ,0x200004f0000,4096
22033,u1,1,READ,0x100004e9000,4096
22038,u2,2,READ,0x200004f1000,4096
22039,u3,3,READ,0x300004e8000,4096
22049,u0,0,READ,0x4e5000,4096
22049,u1,1,WRITE,0x100004ea000,4096
22050,u2,2,READ,0x200004f2000,4096
22059,u0,0,READ,0x4e6000,4096
22063,u3,3,READ,0x300004e9000,4096
22069,u2,2,READ,0x200004f3000,4096
22071,u1,1,READ,0x100004eb000,4096
22076,u0,0,READ,0x4e7000,4096
22082,u1,1,READ,0x100004ec000,4096
22086,u3,3,READ,0x300004ea000,4096
22094,u1,1,READ,0x100004ed000,4096
22094,u2,2,READ,0x200004f4000,4096
22099,u3,3,READ,0x300004eb000,4096
22101,u0,0,READ,0x4e8000,4096
22109,u1,1,READ,0x100004ee000,4096
22110,u2,2,READ,0x200004f5000,4096
22114,u0,0,READ,0x4e9000,4096
22123,u3,3,READ,0x300004ec000,4096
22129,u0,0,READ,0x4ea000,4096
22132,u1,1,WRITE,0x100004ef000,4096
22134,u2,2,READ,0x200004f6000,4096
22144,u0,0,READ,0x4eb000,4096
22147,u3,3,READ,0x300004ed000,4096
22152,u1,1,READ,0x100004f0000,4096
22156,u2,2,READ,0x200004f7000,4096
22158,u0,0,READ,0x4ec000,4096
22164,u3,3,READ,0x300004ee000,4096
22169,u2,2,READ,0x200004f8000,4096
22173,u0,0,READ,0x4ed000,4096
22175,u1,1,READ,0x100004f1000,4096
22176,u3,3,READ,0x300004ef000,4096
22184,u2,2,READ,0x200004f9000,4096
22186,u0,0,READ,0x4ee000,4096
22191,u1,1,READ,0x100004f2000,4096
22195,u2,2,READ,0x200004fa000,4096
22198,u3,3,READ,0x300004f0000,4096
22200,u0,0,READ,0x4ef000,4096
22209,u2,2,READ,0x200004fb000,4096
22211,u1,1,READ,0x100004f3000,4096
22216,u0,0,READ,0x4f0000,4096
22219,u2,2,READ,0x200004fc000,4096
22221,u3,3,READ,0x300004f1000,4096
22224,u1,1,READ,0x100004f4000,4096
22229,u0,0,READ,0x4f1000,4096
22236,u3,3,READ,0x300004f2000,4096
22238,u2,2,READ,0x200004fd000,4096
22240,u1,1,READ,0x100004f5000,4096
22249,u0,0,READ,0x4f2000,4096
22252,u2,2,READ,0x200004fe000,4096
22252,u3,3,READ,0x300004f3000,4096
22253,u1,1,READ,0x100004f6000,4096
22262,u0,0,READ,0x4f3000,4096
22264,u2,2,WRITE,0x200004ff000,4096
22268,u3,3,READ,0x300004f4000,4096
22273,u0,0,READ,0x4f4000,4096
22278,u1,1,READ,0x100004f7000,4096
22283,u0,0,READ,0x4f5000,4096
22285,u3,3,READ,0x300004f5000,4096
22287,u2,2,READ,0x20000500000,4096
22295,u1,1,READ,0x100004f8000,4096
22298,u3,3,READ,0x300004f6000,4096
22301,u0,0,READ,0x4f6000,4096
22303,u2,2,READ,0x20000501000,4096
22306,u1,1,READ,0x100004f9000,4096
22312,u0,0,READ,0x4f7000,4096
22316,u3,3,WRITE,0x300004f7000,4096
22319,u1,1,READ,0x100004fa000,4096
22326,u3,3,READ,0x300004f8000,4096
22327,u2,2,READ,0x20000502000,4096
22335,u0,0,WRITE,0x4f8000,4096
22338,u2,2,READ,0x20000503000,4096
22340,u1,1,READ,0x100004fb000,4096
22341,u3,3,READ,0x300004f9000,4096
22346,u0,0,READ,0x4f9000,4096
22358,u1,1,READ,0x100004fc000,4096
22360,u0,0,READ,0x4fa000,4096
22360,u2,2,READ,0x20000504000,4096
22364,u3,3,READ,0x300004fa000,4096
22370,u0,0,READ,0x4fb000,4096
22372,u1,1,READ,0x100004fd000,4096
22374,u2,2,READ,0x20000505000,4096
22374,u3,3,READ,0x300004fb000,4096
22385,u1,1,READ,0x100004fe000,4096
22386,u0,0,READ,0x4fc000,4096
22389,u2,2,READ,0x20000506000,4096
22391,u3,3,READ,0x300004fc000,4096
22397,u1,1,READ,0x100004ff000,4096
22399,u2,2,READ,0x20000507000,4096
22407,u3,3,READ,0x300004fd000,4096
22410,u0,0,READ,0x4fd000,4096
22415,u1,1,READ,0x10000500000,4096
22418,u3,3,READ,0x300004fe000,4096
22421,u0,0,READ,0x4fe000,4096
22423,u2,2,WRITE,0x20000508000,4096
22428,u3,3,READ,0x300004ff000,4096
22432,u0,0,READ,0x4ff000,4096
22435,u1,1,READ,0x10000501000,4096
22440,u2,2,READ,0x20000509000,4096
22441,u3,3,READ,0x30000500000,4096
22447,u0,0,READ,0x500000,4096
22448,u1,1,READ,0x10000502000,4096
22461,u3,3,READ,0x30000501000,4096
22463,u1,1,READ,0x10000503000,4096
22465,u2,2,READ,0x2000050a000,4096
22471,u0,0,READ,0x501000,4096
22475,u1,1,READ,0x10000504000,4096
22479,u3,3,READ,0x30000502000,4096
22482,u2,2,WRITE,0x2000050b000,4096
22489,u1,1,READ,0x10000505000,4096
22493,u0,0,READ,0x502000,4096
22497,u3,3,READ,0x30000503000,4096
22502,u1,1,READ,0x10000506000,4096
22505,u2,2,READ,0x2000050c000,4096
22512,u3,3,READ,0x30000504000,4096
22514,u0,0,READ,0x503000,4096
22519,u1,1,READ,0x10000507000,4096
22528,u2,2,READ,0x2000050d000,4096
22532,u1,1,READ,0x10000508000,4096
22534,u0,0,READ,0x504000,4096
22534,u3,3,READ,0x30000505000,4096
22539,u2,2,READ,0x2000050e000,4096
22543,u1,1,READ,0x10000509000,4096
22552,u2,2,READ,0x2000050f000,4096
22553,u0,0,READ,0x505000,4096
22553,u1,1,READ,0x1000050a000,4096
22554,u3,3,WRITE,0x30000506000,4096
22563,u0,0,READ,0x506000,4096
22574,u0,0,READ,0x507000,4096
22576,u1,1,READ,0x1000050b000,4096
22576,u2,2,READ,0x20000510000,4096
22576,u3,3,READ,0x30000507000,4096
22586,u0,0,READ,0x508000,4096
22587,u2,2,READ,0x20000511000,4096
22591,u1,1,READ,0x1000050c000,4096
22598,u0,0,READ,0x509000,4096
22598,u3,3,READ,0x30000508000,4096
22600,u2,2,READ,0x20000512000,4096
22608,u3,3,READ,0x30000509000,4096
22614,u1,1,READ,0x1000050d000,4096
22618,u3,3,WRITE,0x3000050a000,4096
22623,u0,0,READ,0x50a000,4096
22623,u2,2,READ,0x20000513000,4096
22631,u1,1,READ,0x1000050e000,4096
22637,u3,3,READ,0x3000050b000,4096
22640,u2,2,READ,0x20000514000,4096
22646,u0,0,READ,0x50b000,4096
22647,u1,1,READ,0x1000050f000,4096
22647,u3,3,READ,0x3000050c000,4096
22650,u2,2,READ,0x20000515000,4096
22658,u3,3,READ,0x3000050d000,4096
22661,u0,0,WRITE,0x50c000,4096
22661,u1,1,READ,0x10000510000,4096
22669,u2,2,READ,0x20000516000,4096
22670,u3,3,READ,0x3000050e000,4096
22674,u1,1,READ,0x10000511000,4096
22682,u0,0,READ,0x50d000,4096
22684,u3,3,READ,0x3000050f000,4096
22692,u1,1,READ,0x10000512000,4096
22693,u2,2,READ,0x20000517000,4096
22707,u0,0,READ,0x50e000,4096
22708,u1,1,READ,0x10000513000,4096
22708,u3,3,READ,0x30000510000,4096
22716,u2,2,READ,0x20000518000,4096
22725,u1,1,READ,0x10000514000,4096
22730,u0,0,READ,0x50f000,4096
22731,u3,3,READ,0x30000511000,4096
22732,u2,2,READ,0x20000519000,4096
22742,u0,0,READ,0x510000,4096
22742,u2,2,READ,0x2000051a000,4096
22748,u1,1,READ,0x10000515000,4096
22750,u3,3,READ,0x30000512000,4096
22757,u0,0,READ,0x511000,4096
22760,u2,2,READ,0x2000051b000,4096
22763,u3,3,READ,0x30000513000,4096
22766,u1,1,READ,0x10000516000,4096
22772,u2,2,READ,0x2000051c000,4096
22776,u1,1,READ,0x10000517000,4096
22778,u3,3,READ,0x30000514000,4096
22782,u0,0,READ,0x512000,4096
22788,u3,3,READ,0x30000515000,4096
22792,u1,1,WRITE,0x10000518000,4096
22792,u2,2,READ,0x2000051d000,4096
22800,u0,0,READ,0x513000,4096
22800,u3,3,READ,0x30000516000,4096
22807,u2,2,READ,0x2000051e000,4096
22810,u0,0,READ,0x514000,4096
22810,u1,1,READ,0x10000519000,4096
22816,u3,3,READ,0x30000517000,4096
22823,u2,2,READ,0x2000051f000,4096
22827,u0,0,READ,0x515000,4096
22831,u1,1,READ,0x1000051a000,4096
22835,u3,3,READ,0x30000518000,4096
22838,u0,0,READ,0x516000,4096
22843,u2,2,READ,0x20000520000,4096
22844,u1,1,READ,0x1000051b000,4096
22845,u3,3,READ,0x30000519000,4096
22856,u1,1,READ,0x1000051c000,4096
22857,u3,3,READ,0x3000051a000,4096
22858,u0,0,READ,0x517000,4096
22859,u2,2,READ,0x20000521000,4096
22869,u2,2,READ,0x20000522000,4096
22870,u3,3,READ,0x3000051b000,4096
22880,u1,1,READ,0x1000051d000,4096
22881,u2,2,READ,0x20000523000,4096
22882,u0,0,READ,0x518000,4096
22893,u3,3,READ,0x3000051c000,4096
22896,u0,0,READ,0x519000,4096
22900,u2,2,READ,0x20000524000,4096
22905,u1,1,READ,0x1000051e000,4096
22915,u0,0,READ,0x51a000,4096
22917,u3,3,READ,0x3000051d000,4096
22925,u2,2,READ,0x20000525000,4096
22928,u1,1,READ,0x1000051f000,4096
22930,u0,0,READ,0x51b000,4096
22940,u0,0,READ,0x51c000,4096
22941,u3,3,READ,0x3000051e000,4096
22943,u1,1,READ,0x10000520000,4096
22950,u0,0,READ,0x51d000,4096
22950,u2,2,READ,0x20000526000,4096
22953,u3,3,READ,0x3000051f000,4096
22961,u0,0,READ,0x51e000,4096
22966,u2,2,READ,0x20000527000,4096
22968,u1,1,READ,0x10000521000,4096
22976,u3,3,READ,0x30000520000,4096
22981,u2,2,READ,0x20000528000,4096
22984,u0,0,READ,0x51f000,4096
22988,u1,1,READ,0x10000522000,4096
22992,u3,3,READ,0x30000521000,4096
23002,u2,2,WRITE,0x20000529000,4096
23008,u0,0,READ,0x520000,4096
23011,u1,1,READ,0x10000523000,4096
23016,u3,3,READ,0x30000522000,4096
23017,u2,2,READ,0x2000052a000,4096
23022,u0,0,READ,0x521000,4096
23029,u3,3,READ,0x30000523000,4096
23035,u1,1,READ,0x10000524000,4096
23036,u2,2,READ,0x2000052b000,4096
23041,u0,0,READ,0x522000,4096
23046,u2,2,READ,0x2000052c000,4096
23046,u3,3,READ,0x30000524000,4096
23058,u1,1,READ,0x10000525000,4096
23060,u2,2,READ,0x2000052d000,4096
23065,u0,0,READ,0x523000,4096
23067,u3,3,READ,0x30000525000,4096
23081,u1,1,READ,0x10000526000,4096
23081,u3,3,READ,0x30000526000,4096
23085,u2,2,READ,0x2000052e000,4096
23090,u0,0,READ,0x524000,4096
23101,u3,3,WRITE,0x30000527000,4096
23103,u2,2,READ,0x2000052f000,4096
23104,u0,0,READ,0x525000,4096
23104,u1,1,READ,0x10000527000,4096
23119,u2,2,READ,0x20000530000,4096
23122,u0,0,READ,0x526000,4096
23123,u3,3,READ,0x30000528000,4096
23127,u1,1,READ,0x10000528000,4096
23134,u0,0,READ,0x527000,4096
23136,u2,2,READ,0x20000531000,4096
23137,u1,1,READ,0x10000529000,4096
23144,u3,3,READ,0x30000529000,4096
23153,u0,0,READ,0x528000,4096
23157,u1,1,READ,0x1000052a000,4096
23159,u2,2,READ,0x20000532000,4096
23161,u3,3,READ,0x3000052a000,4096
23174,u3,3,READ,0x3000052b000,4096
23178,u0,0,READ,0x529000,4096
23179,u2,2,READ,0x20000533000,4096
23181,u1,1,READ,0x1000052b000,4096
23186,u3,3,READ,0x3000052c000,4096
23191,u0,0,READ,0x52a000,4096
23191,u2,2,READ,0x20000534000,4096
23201,u3,3,READ,0x3000052d000,4096
23204,u1,1,READ,0x1000052c000,4096
23206,u0,0,READ,0x52b000,4096
23210,u2,2,READ,0x20000535000,4096
23218,u0,0,READ,0x52c000,4096
23218,u1,1,READ,0x1000052d000,4096
23222,u3,3,READ,0x3000052e000,4096
23229,u0,0,READ,0x52d000,4096
23229,u2,2,READ,0x20000536000,4096
23237,u1,1,READ,0x1000052e000,4096
23245,u3,3,READ,0x3000052f000,4096
23246,u2,2,READ,0x20000537000,4096
23249,u0,0,READ,0x52e000,4096
23259,u1,1,READ,0x1000052f000,4096
23260,u3,3,READ,0x30000530000,4096
23261,u2,2,READ,0x20000538000,4096
23267,u0,0,READ,0x52f000,4096
23269,u1,1,WRITE,0x10000530000,4096
23279,u2,2,WRITE,0x20000539000,4096
23284,u1,1,READ,0x10000531000,4096
23285,u3,3,READ,0x30000531000,4096
23288,u0,0,READ,0x530000,4096
23292,u2,2,READ,0x2000053a000,4096
23297,u1,1,READ,0x10000532000,4096
23303,u0,0,READ,0x531000,4096
23305,u2,2,READ,0x2000053b000,4096
23307,u3,3,READ,0x30000532000,4096
23310,u1,1,READ,0x10000533000,4096
23319,u0,0,READ,0x532000,4096
23320,u3,3,READ,0x30000533000,4096
23323,u2,2,READ,0x2000053c000,4096
23328,u1,1,READ,0x10000534000,4096
23333,u3,3,READ,0x30000534000,4096
23335,u2,2,READ,0x2000053d000,4096
23336,u0,0,READ,0x533000,4096
23345,u3,3,READ,0x30000535000,4096
23347,u2,2,READ,0x2000053e000,4096
23353,u1,1,READ,0x10000535000,4096
23356,u0,0,READ,0x534000,4096
23362,u3,3,READ,0x30000536000,4096
23371,u1,1,READ,0x10000536000,4096
23371,u2,2,READ,0x2000053f000,4096
23372,u3,3,READ,0x30000537000,4096
23373,u0,0,READ,0x535000,4096
23387,u1,1,READ,0x10000537000,4096
23387,u2,2,READ,0x20000540000,4096
23387,u3,3,READ,0x30000538000,4096
23392,u0,0,READ,0x536000,4096
23405,u2,2,READ,0x20000541000,4096
23407,u3,3,READ,0x30000539000,4096
23411,u1,1,READ,0x10000538000,4096
23415,u0,0,READ,0x537000,4096
23419,u2,2,READ,0x20000542000,4096
23423,u3,3,READ,0x3000053a000,4096
23428,u1,1,READ,0x10000539000,4096
23437,u2,2,READ,0x20000543000,4096
23438,u0,0,READ,0x538000,4096
23442,u1,1,READ,0x1000053a000,4096
23443,u3,3,READ,0x3000053b000,4096
23453,u1,1,READ,0x1000053b000,4096
23454,u0,0,READ,0x539000,4096
23462,u2,2,READ,0x20000544000,4096
23463,u1,1,READ,0x1000053c000,4096
23466,u3,3,READ,0x3000053c000,4096
23472,u2,2,READ,0x20000545000,4096
23476,u0,0,READ,0x53a000,4096
23483,u3,3,WRITE,0x3000053d000,4096
23487,u1,1,READ,0x1000053d000,4096
23490,u2,2,READ,0x20000546000,4096
23494,u0,0,READ,0x53b000,4096
23494,u3,3,READ,0x3000053e000,4096
23508,u2,2,READ,0x20000547000,4096
23511,u0,0,READ,0x53c000,4096
23511,u3,3,READ,0x3000053f000,4096
23512,u1,1,READ,0x1000053e000,4096
23521,u2,2,READ,0x20000548000,4096
23525,u1,1,READ,0x1000053f000,4096
23526,u0,0,WRITE,0x53d000,4096
23528,u3,3,READ,0x30000540000,4096
23531,u2,2,READ,0x20000549000,4096
23543,u2,2,READ,0x2000054a000,4096
23544,u1,1,WRITE,0x10000540000,4096
23546,u0,0,READ,0x53e000,4096
23548,u3,3,READ,0x30000541000,4096
23554,u2,2,READ,0x2000054b000,4096
23558,u0,0,READ,0x53f000,4096
23559,u1,1,READ,0x10000541000,4096
23561,u3,3,READ,0x30000542000,4096
23570,u1,1,WRITE,0x10000542000,4096
23570,u2,2,READ,0x2000054c000,4096
23579,u0,0,READ,0x540000,4096
23583,u3,3,WRITE,0x30000543000,4096
23588,u2,2,READ,0x2000054d000,4096
23595,u1,1,READ,0x10000543000,4096
23598,u0,0,READ,0x541000,4096
23603,u3,3,READ,0x30000544000,4096
23607,u2,2,READ,0x2000054e000,4096
23616,u3,3,READ,0x30000545000,4096
23617,u2,2,READ,0x2000054f000,4096
23618,u1,1,READ,0x10000544000,4096
23621,u0,0,READ,0x542000,4096
23634,u2,2,READ,0x20000550000,4096
23638,u3,3,READ,0x30000546000,4096
23639,u1,1,WRITE,0x10000545000,4096
23646,u0,0,READ,0x543000,4096
23652,u1,1,READ,0x10000546000,4096
23652,u2,2,READ,0x20000551000,4096
23654,u3,3,READ,0x30000547000,4096
23661,u0,0,READ,0x544000,4096
23667,u3,3,READ,0x30000548000,4096
23675,u1,1,READ,0x10000547000,4096
23676,u0,0,READ,0x545000,4096
23676,u2,2,READ,0x20000552000,4096
23678,u3,3,READ,0x30000549000,4096
23686,u0,0,READ,0x546000,4096
23687,u2,2,READ,0x20000553000,4096
23690,u3,3,READ,0x3000054a000,4096
23697,u1,1,READ,0x10000548000,4096
23704,u0,0,READ,0x547000,4096
23704,u3,3,READ,0x3000054b000,4096
23711,u2,2,READ,0x20000554000,4096
23715,u3,3,READ,0x3000054c000,4096
23718,u1,1,READ,0x10000549000,4096
23729,u0,0,READ,0x548000,4096
23734,u2,2,READ,0x20000555000,4096
23736,u1,1,READ,0x1000054a000,4096
23736,u3,3,READ,0x3000054d000,4096
23746,u2,2,READ,0x20000556000,4096
23748,u0,0,READ,0x549000,4096
23756,u1,1,READ,0x1000054b000,4096
23756,u3,3,READ,0x3000054e000,4096
23759,u2,2,READ,0x20000557000,4096
23764,u0,0,READ,0x54a000,4096
23773,u3,3,WRITE,0x3000054f000,4096
23777,u1,1,READ,0x1000054c000,4096
23780,u0,0,READ,0x54b000,4096
23780,u2,2,READ,0x20000558000,4096
23791,u1,1,READ,0x1000054d000,4096
23798,u3,3,READ,0x30000550000,4096
23801,u2,2,READ,0x20000559000,4096
23803,u0,0,READ,0x54c000,4096
23814,u1,1,READ,0x1000054e000,4096
23815,u2,2,READ,0x2000055a000,4096
23816,u0,0,READ,0x54d000,4096
23820,u3,3,READ,0x30000551000,4096
23824,u1,1,READ,0x1000054f000,4096
23829,u0,0,READ,0x54e000,4096
23833,u3,3,READ,0x30000552000,4096
23836,u2,2,READ,0x2000055b000,4096
23839,u0,0,READ,0x54f000,4096
23848,u1,1,READ,0x10000550000,4096
23855,u2,2,READ,0x2000055c000,4096
23858,u3,3,READ,0x30000553000,4096
23862,u0,0,READ,0x550000,4096
23862,u1,1,READ,0x10000551000,4096
23870,u2,2,READ,0x2000055d000,4096
23874,u1,1,READ,0x10000552000,4096
23875,u3,3,READ,0x30000554000,4096
23881,u2,2,WRITE,0x2000055e000,4096
23883,u0,0,READ,0x551000,4096
23892,u3,3,READ,0x30000555000,4096
23897,u1,1,READ,0x10000553000,4096
23905,u2,2,READ,0x2000055f000,4096
23905,u3,3,READ,0x30000556000,4096
23907,u0,0,READ,0x552000,4096
23915,u2,2,READ,0x20000560000,4096
23917,u0,0,READ,0x553000,4096
23917,u1,1,READ,0x10000554000,4096
23930,u3,3,READ,0x30000557000,4096
23934,u2,2,READ,0x20000561000,4096
23938,u1,1,READ,0x10000555000,4096
23942,u0,0,READ,0x554000,4096
23950,u1,1,READ,0x10000556000,4096
23954,u3,3,READ,0x30000558000,4096
23959,u2,2,READ,0x20000562000,4096
23963,u0,0,READ,0x555000,4096
23970,u1,1,READ,0x10000557000,4096
23970,u2,2,READ,0x20000563000,4096
23971,u3,3,READ,0x30000559000,4096
23975,u0,0,READ,0x556000,4096
23984,u3,3,READ,0x3000055a000,4096
23985,u2,2,READ,0x20000564000,4096
23986,u0,0,READ,0x557000,4096
23995,u1,1,READ,0x10000558000,4096
23997,u2,2,READ,0x20000565000,4096
24008,u3,3,READ,0x3000055b000,4096
24010,u0,0,READ,0x558000,4096
24010,u2,2,READ,0x20000566000,4096
24016,u1,1,READ,0x10000559000,4096
24018,u3,3,READ,0x3000055c000,4096
24023,u2,2,READ,0x20000567000,4096
24025,u0,0,READ,0x559000,4096
24029,u1,1,READ,0x1000055a000,4096
24029,u3,3,READ,0x3000055d000,4096
24038,u2,2,READ,0x20000568000,4096
24040,u0,0,READ,0x55a000,4096
24044,u3,3,READ,0x3000055e000,4096
24053,u1,1,READ,0x1000055b000,4096
24061,u0,0,WRITE,0x55b000,4096
24061,u2,2,READ,0x20000569000,4096
24069,u3,3,READ,0x3000055f000,4096
24072,u1,1,READ,0x1000055c000,4096
24080,u0,0,READ,0x55c000,4096
24081,u2,2,WRITE,0x2000056a000,4096
24092,u3,3,READ,0x30000560000,4096
24094,u1,1,READ,0x1000055d000,4096
24099,u2,2,READ,0x2000056b000,4096
24103,u0,0,READ,0x55d000,4096
24110,u3,3,READ,0x30000561000,4096
24111,u1,1,READ,0x1000055e000,4096
24115,u0,0,READ,0x55e000,4096
24123,u2,2,READ,0x2000056c000,4096
24126,u3,3,READ,0x30000562000,4096
24128,u1,1,READ,0x1000055f000,4096
24133,u0,0,READ,0x55f000,4096
24138,u2,2,READ,0x2000056d000,4096
24142,u1,1,READ,0x10000560000,4096
24143,u3,3,WRITE,0x30000563000,4096
24148,u2,2,READ,0x2000056e000,4096
24158,u0,0,READ,0x560000,4096
24159,u1,1,READ,0x10000561000,4096
24159,u3,3,READ,0x30000564000,4096
24165,u2,2,READ,0x2000056f000,4096
24174,u1,1,READ,0x10000562000,4096
24177,u3,3,READ,0x30000565000,4096
24181,u0,0,READ,0x561000,4096
24181,u2,2,WRITE,0x20000570000,4096
24191,u0,0,READ,0x562000,4096
24192,u3,3,READ,0x30000566000,4096
24194,u1,1,READ,0x10000563000,4096
24202,u2,2,READ,0x20000571000,4096
24204,u0,0,READ,0x563000,4096
24207,u1,1,READ,0x10000564000,4096
24215,u3,3,READ,0x30000567000,4096
24216,u2,2,READ,0x20000572000,4096
24227,u0,0,READ,0x564000,4096
24231,u1,1,READ,0x10000565000,4096
24236,u2,2,READ,0x20000573000,4096
24236,u3,3,READ,0x30000568000,4096
24237,u0,0,READ,0x565000,4096
24250,u2,2,READ,0x20000574000,4096
24253,u0,0,READ,0x566000,4096
24254,u1,1,READ,0x10000566000,4096
24260,u3,3,READ,0x30000569000,4096
24267,u0,0,READ,0x567000,4096
24273,u1,1,WRITE,0x10000567000,4096
24275,u2,2,READ,0x20000575000,4096
24283,u3,3,READ,0x3000056a000,4096
24290,u0,0,READ,0x568000,4096
24296,u2,2,READ,0x20000576000,4096
24298,u1,1,READ,0x10000568000,4096
24298,u3,3,READ,0x3000056b000,4096
24306,u2,2,WRITE,0x20000577000,4096
24312,u0,0,READ,0x569000,4096
24313,u3,3,READ,0x3000056c000,4096
24316,u1,1,READ,0x10000569000,4096
24324,u2,2,READ,0x20000578000,4096
24327,u0,0,READ,0x56a000,4096
24332,u3,3,READ,0x3000056d000,4096
24336,u2,2,READ,0x20000579000,4096
24337,u1,1,READ,0x1000056a000,4096
24342,u3,3,READ,0x3000056e000,4096
24343,u0,0,READ,0x56b000,4096
24347,u1,1,READ,0x1000056b000,4096
24355,u0,0,READ,0x56c000,4096
24358,u2,2,READ,0x2000057a000,4096
24359,u1,1,READ,0x1000056c000,4096
24364,u3,3,READ,0x3000056f000,4096
24365,u0,0,READ,0x56d000,4096
24368,u2,2,READ,0x2000057b000,4096
24375,u1,1,READ,0x1000056d000,4096
24376,u3,3,READ,0x30000570000,4096
24382,u0,0,READ,0x56e000,4096
24388,u1,1,READ,0x1000056e000,4096
24391,u2,2,WRITE,0x2000057c000,4096
24398,u3,3,READ,0x30000571000,4096
24406,u1,1,READ,0x1000056f000,4096
24407,u0,0,READ,0x56f000,4096
24415,u2,2,READ,0x2000057d000,4096
24416,u3,3,READ,0x30000572000,4096
24419,u0,0,READ,0x570000,4096
24431,u1,1,READ,0x10000570000,4096
24433,u2,2,READ,0x2000057e000,4096
24434,u0,0,READ,0x571000,4096
24436,u3,3,READ,0x30000573000,4096
24441,u1,1,READ,0x10000571000,4096
24444,u0,0,READ,0x572000,4096
24447,u2,2,READ,0x2000057f000,4096
24456,u3,3,READ,0x30000574000,4096
24457,u1,1,READ,0x10000572000,4096
24461,u2,2,READ,0x20000580000,4096
24466,u0,0,READ,0x573000,4096
24474,u3,3,READ,0x30000575000,4096
24479,u1,1,READ,0x10000573000,4096
24482,u0,0,READ,0x574000,4096
24482,u2,2,READ,0x20000581000,4096
24491,u3,3,READ,0x30000576000,4096
24495,u2,2,READ,0x20000582000,4096
24497,u0,0,READ,0x575000,4096
24498,u1,1,READ,0x10000574000,4096
24503,u3,3,READ,0x30000577000,4096
24507,u0,0,READ,0x576000,4096
24511,u1,1,WRITE,0x10000575000,4096
24514,u2,2,READ,0x20000583000,4096
24515,u3,3,READ,0x30000578000,4096
24523,u0,0,READ,0x577000,4096
24526,u1,1,READ,0x10000576000,4096
24530,u3,3,READ,0x30000579000,4096
24534,u0,0,READ,0x578000,4096
24538,u2,2,READ,0x20000584000,4096
24541,u1,1,WRITE,0x10000577000,4096
24543,u3,3,READ,0x3000057a000,4096
24556,u2,2,READ,0x20000585000,4096
24559,u0,0,WRITE,0x579000,4096
24562,u1,1,READ,0x10000578000,4096
24568,u3,3,READ,0x3000057b000,4096
24575,u2,2,READ,0x20000586000,4096
24576,u1,1,READ,0x10000579000,4096
24583,u0,0,READ,0x57a000,4096
24590,u1,1,READ,0x1000057a000,4096
24593,u3,3,READ,0x3000057c000,4096
24596,u2,2,READ,0x20000587000,4096
24598,u0,0,READ,0x57b000,4096
24607,u1,1,READ,0x1000057b000,4096
24609,u3,3,READ,0x3000057d000,4096
24612,u0,0,READ,0x57c000,4096
24621,u1,1,READ,0x1000057c000,4096
24621,u2,2,READ,0x20000588000,4096
24628,u0,0,READ,0x57d000,4096
24632,u3,3,READ,0x3000057e000,4096
24634,u1,1,READ,0x1000057d000,4096
24638,u0,0,READ,0x57e000,4096
24639,u2,2,READ,0x20000589000,4096
24657,u3,3,WRITE,0x3000057f000,4096
24658,u1,1,READ,0x1000057e000,4096
24661,u2,2,READ,0x2000058a000,4096
24662,u0,0,READ,0x57f000,4096
24673,u1,1,READ,0x1000057f000,4096
24680,u0,0,READ,0x580000,4096
24681,u3,3,READ,0x30000580000,4096
24686,u2,2,READ,0x2000058b000,4096
24693,u1,1,READ,0x10000580000,4096
24693,u3,3,READ,0x30000581000,4096
24696,u0,0,READ,0x581000,4096
24703,u2,2,READ,0x2000058c000,4096
24709,u0,0,READ,0x582000,4096
24717,u1,1,READ,0x10000581000,4096
24717,u3,3,READ,0x30000582000,4096
24720,u2,2,READ,0x2000058d000,4096
24726,u0,0,READ,0x583000,4096
24732,u3,3,WRITE,0x30000583000,4096
24738,u0,0,READ,0x584000,4096
24741,u1,1,READ,0x10000582000,4096
24744,u2,2,READ,0x2000058e000,4096
24744,u3,3,READ,0x30000584000,4096
24756,u2,2,READ,0x2000058f000,4096
24757,u3,3,READ,0x30000585000,4096
24759,u1,1,READ,0x10000583000,4096
24760,u0,0,READ,0x585000,4096
24770,u2,2,READ,0x20000590000,4096
24774,u3,3,READ,0x30000586000,4096
24777,u0,0,READ,0x586000,4096
24777,u1,1,READ,0x10000584000,4096
24785,u3,3,READ,0x30000587000,4096
24790,u0,0,READ,0x587000,4096
24792,u1,1,READ,0x10000585000,4096
24795,u2,2,WRITE,0x20000591000,4096
24803,u3,3,READ,0x30000588000,4096
24809,u2,2,READ,0x20000592000,4096
24812,u0,0,READ,0x588000,4096
24814,u1,1,READ,0x10000586000,4096
24821,u3,3,READ,0x30000589000,4096
24830,u0,0,READ,0x589000,4096
24833,u2,2,READ,0x20000593000,4096
24835,u1,1,READ,0x10000587000,4096
24839,u3,3,READ,0x3000058a000,4096
24845,u0,0,READ,0x58a000,4096
24847,u2,2,READ,0x20000594000,4096
24856,u0,0,READ,0x58b000,4096
24857,u1,1,READ,0x10000588000,4096
24860,u3,3,READ,0x3000058b000,4096
24870,u2,2,READ,0x20000595000,4096
24876,u3,3,READ,0x3000058c000,4096
24877,u1,1,READ,0x10000589000,4096
24881,u0,0,READ,0x58c000,4096
24887,u1,1,READ,0x1000058a000,4096
24892,u0,0,READ,0x58d000,4096
24893,u2,2,READ,0x20000596000,4096
24898,u1,1,WRITE,0x1000058b000,4096
24901,u3,3,READ,0x3000058d000,4096
24910,u0,0,READ,0x58e000,4096
24910,u1,1,READ,0x1000058c000,4096
24914,u2,2,READ,0x20000597000,4096
24925,u3,3,READ,0x3000058e000,4096
24932,u1,1,READ,0x1000058d000,4096
24934,u0,0,READ,0x58f000,4096
24935,u2,2,READ,0x20000598000,4096
24943,u1,1,READ,0x1000058e000,4096
24949,u0,0,READ,0x590000,4096
24950,u3,3,READ,0x3000058f000,4096
24958,u2,2,READ,0x20000599000,4096
24966,u1,1,WRITE,0x1000058f000,4096
24971,u3,3,READ,0x30000590000,4096
24973,u0,0,READ,0x591000,4096
24982,u2,2,READ,0x2000059a000,4096
24985,u1,1,READ,0x10000590000,4096
24985,u3,3,READ,0x30000591000,4096
24994,u2,2,READ,0x2000059b000,4096
24998,u0,0,READ,0x592000,4096
25005,u1,1,READ,0x10000591000,4096
25006,u2,2,READ,0x2000059c000,4096
25007,u3,3,READ,0x30000592000,4096
25019,u0,0,READ,0x593000,4096
25020,u2,2,READ,0x2000059d000,4096
25024,u1,1,READ,0x10000592000,4096
25028,u3,3,READ,0x30000593000,4096
25030,u2,2,WRITE,0x2000059e000,4096
25031,u0,0,READ,0x594000,4096
25042,u1,1,READ,0x10000593000,4096
25044,u2,2,READ,0x2000059f000,4096
25046,u3,3,READ,0x30000594000,4096
25056,u0,0,READ,0x595000,4096
25066,u1,1,READ,0x10000594000,4096
25066,u2,2,READ,0x200005a0000,4096
25070,u3,3,READ,0x30000595000,4096
25071,u0,0,READ,0x596000,4096
25078,u2,2,READ,0x200005a1000,4096
25081,u3,3,READ,0x30000596000,4096
25082,u0,0,READ,0x597000,4096
25082,u1,1,READ,0x10000595000,4096
25089,u2,2,READ,0x200005a2000,4096
25094,u0,0,READ,0x598000,4096
25095,u3,3,READ,0x30000597000,4096
25101,u1,1,READ,0x10000596000,4096
25109,u3,3,READ,0x30000598000,4096
25110,u0,0,READ,0x599000,4096
25110,u2,2,READ,0x200005a3000,4096
25113,u1,1,READ,0x10000597000,4096
25126,u1,1,READ,0x10000598000,4096
25126,u2,2,READ,0x200005a4000,4096
25133,u3,3,READ,0x30000599000,4096
25134,u0,0,READ,0x59a000,4096
25146,u2,2,READ,0x200005a5000,4096
25147,u1,1,WRITE,0x10000599000,4096
25153,u3,3,READ,0x3000059a000,4096
25157,u0,0,READ,0x59b000,4096
25168,u1,1,READ,0x1000059a000,4096
25169,u0,0,READ,0x59c000,4096
25170,u2,2,READ,0x200005a6000,4096
25170,u3,3,READ,0x3000059b000,4096
25179,u0,0,READ,0x59d000,4096
25183,u2,2,READ,0x200005a7000,4096
25192,u1,1,READ,0x1000059b000,4096
25193,u3,3,READ,0x3000059c000,4096
25196,u0,0,READ,0x59e000,4096
25200,u2,2,READ,0x200005a8000,4096
25214,u1,1,READ,0x1000059c000,4096
25215,u0,0,READ,0x59f000,4096
25216,u3,3,READ,0x3000059d000,4096
25221,u2,2,READ,0x200005a9000,4096
25233,u0,0,WRITE,0x5a0000,4096
25235,u3,3,READ,0x3000059e000,4096
25237,u1,1,READ,0x1000059d000,4096
25245,u2,2,READ,0x200005aa000,4096
25248,u0,0,READ,0x5a1000,4096
25256,u1,1,READ,0x1000059e000,4096
25260,u3,3,READ,0x3000059f000,4096
25268,u1,1,READ,0x1000059f000,4096
25270,u2,2,READ,0x200005ab000,4096
25273,u0,0,READ,0x5a2000,4096
25282,u1,1,READ,0x100005a0000,4096
25285,u3,3,READ,0x300005a0000,4096
25286,u0,0,READ,0x5a3000,4096
25292,u2,2,READ,0x200005ac000,4096
25301,u1,1,READ,0x100005a1000,4096
25306,u0,0,READ,0x5a4000,4096
25310,u3,3,READ,0x300005a1000,4096
25311,u2,2,READ,0x200005ad000,4096
25316,u1,1,READ,0x100005a2000,4096
25324,u3,3,READ,0x300005a2000,4096
25326,u0,0,READ,0x5a5000,4096
25329,u2,2,READ,0x200005ae000,4096
25332,u1,1,READ,0x100005a3000,4096
25338,u3,3,READ,0x300005a3000,4096
25345,u2,2,READ,0x200005af000,4096
25351,u0,0,READ,0x5a6000,4096
25356,u1,1,READ,0x100005a4000,4096
25361,u3,3,READ,0x300005a4000,4096
25364,u2,2,READ,0x200005b0000,4096
25372,u0,0,READ,0x5a7000,4096
25376,u2,2,READ,0x200005b1000,4096
25378,u1,1,READ,0x100005a5000,4096
25382,u3,3,READ,0x300005a5000,4096
25388,u0,0,READ,0x5a8000,4096
25394,u2,2,READ,0x200005b2000,4096
25394,u3,3,READ,0x300005a6000,4096
25400,u1,1,READ,0x100005a6000,4096
25405,u2,2,READ,0x200005b3000,4096
25408,u0,0,READ,0x5a9000,4096
25412,u3,3,READ,0x300005a7000,4096
25420,u1,1,READ,0x100005a7000,4096
25421,u2,2,READ,0x200005b4000,4096
25433,u0,0,READ,0x5aa000,4096
25435,u3,3,READ,0x300005a8000,4096
25439,u1,1,READ,0x100005a8000,4096
25443,u2,2,READ,0x200005b5000,4096
25456,u3,3,READ,0x300005a9000,4096
25458,u0,0,READ,0x5ab000,4096
25460,u1,1,READ,0x100005a9000,4096
25466,u2,2,READ,0x200005b6000,4096
25476,u0,0,WRITE,0x5ac000,4096
25477,u1,1,READ,0x100005aa000,4096
25480,u3,3,READ,0x300005aa000,4096
25482,u2,2,READ,0x200005b7000,4096
25488,u0,0,READ,0x5ad000,4096
25491,u1,1,READ,0x100005ab000,4096
25495,u2,2,READ,0x200005b8000,4096
25495,u3,3,READ,0x300005ab000,4096
25501,u1,1,READ,0x100005ac000,4096
25505,u0,0,READ,0x5ae000,4096
25505,u2,2,WRITE,0x200005b9000,4096
25511,u1,1,READ,0x100005ad000,4096
25511,u3,3,READ,0x300005ac000,4096
25523,u3,3,READ,0x300005ad000,4096
25526,u1,1,READ,0x100005ae000,4096
25529,u2,2,READ,0x200005ba000,4096
25530,u0,0,READ,0x5af000,4096
25538,u3,3,READ,0x300005ae000,4096
25543,u0,0,READ,0x5b0000,4096
25545,u1,1,READ,0x100005af000,4096
25549,u3,3,READ,0x300005af000,4096
25550,u2,2,READ,0x200005bb000,4096
25565,u1,1,WRITE,0x100005b0000,4096
25565,u3,3,READ,0x300005b0000,4096
25567,u0,0,READ,0x5b1000,4096
25573,u2,2,READ,0x200005bc000,4096
25581,u3,3,READ,0x300005b1000,4096
25583,u2,2,READ,0x200005bd000,4096
25585,u1,1,READ,0x100005b1000,4096
25592,u0,0,READ,0x5b2000,4096
25598,u1,1,READ,0x100005b2000,4096
25602,u3,3,READ,0x300005b2000,4096
25604,u0,0,READ,0x5b3000,4096
25607,u2,2,READ,0x200005be000,4096
25608,u1,1,READ,0x100005b3000,4096
25618,u2,2,READ,0x200005bf000,4096
25618,u3,3,WRITE,0x300005b3000,4096
25624,u0,0,READ,0x5b4000,4096
25632,u2,2,READ,0x200005c0000,4096
25633,u1,1,READ,0x100005b4000,4096
25633,u3,3,READ,0x300005b4000,4096
25642,u0,0,READ,0x5b5000,4096
25643,u3,3,READ,0x300005b5000,4096
25648,u1,1,READ,0x100005b5000,4096
25654,u2,2,READ,0x200005c1000,4096
25660,u0,0,READ,0x5b6000,4096
25664,u3,3,READ,0x300005b6000,4096
25667,u1,1,READ,0x100005b6000,4096
25668,u2,2,READ,0x200005c2000,4096
25674,u0,0,READ,0x5b7000,4096
25678,u2,2,READ,0x200005c3000,4096
25682,u1,1,READ,0x100005b7000,4096
25686,u3,3,READ,0x300005b7000,4096
25690,u2,2,READ,0x200005c4000,4096
25695,u0,0,READ,0x5b8000,4096
25699,u1,1,READ,0x100005b8000,4096
25702,u3,3,READ,0x300005b8000,4096
25704,u2,2,WRITE,0x200005c5000,4096
25709,u1,1,READ,0x100005b9000,4096
25710,u0,0,READ,0x5b9000,4096
25719,u2,2,READ,0x200005c6000,4096
25720,u1,1,READ,0x100005ba000,4096
25721,u3,3,READ,0x300005b9000,4096
25726,u0,0,READ,0x5ba000,4096
25731,u3,3,READ,0x300005ba000,4096
25737,u2,2,READ,0x200005c7000,4096
25740,u1,1,READ,0x100005bb000,4096
25744,u0,0,READ,0x5bb000,4096
25744,u3,3,READ,0x300005bb000,4096
25757,u2,2,READ,0x200005c8000,4096
25762,u0,0,READ,0x5bc000,4096
25762,u3,3,READ,0x300005bc000,4096
25764,u1,1,READ,0x100005bc000,4096
25771,u2,2,READ,0x200005c9000,4096
25776,u1,1,READ,0x100005bd000,4096
25782,u0,0,READ,0x5bd000,4096
25787,u3,3,READ,0x300005bd000,4096
25788,u2,2,READ,0x200005ca000,4096
25793,u0,0,READ,0x5be000,4096
25801,u1,1,READ,0x100005be000,4096
25803,u0,0,READ,0x5bf000,4096
25805,u3,3,READ,0x300005be000,4096
25811,u2,2,READ,0x200005cb000,4096
25818,u1,1,READ,0x100005bf000,4096
25820,u0,0,READ,0x5c0000,4096
25823,u3,3,READ,0x300005bf000,4096
25831,u2,2,READ,0x200005cc000,4096
25834,u0,0,READ,0x5c1000,4096
25840,u1,1,READ,0x100005c0000,4096
25848,u3,3,READ,0x300005c0000,4096
25849,u2,2,READ,0x200005cd000,4096
25851,u0,0,READ,0x5c2000,4096
25854,u1,1,READ,0x100005c1000,4096
25858,u3,3,READ,0x300005c1000,4096
25862,u2,2,READ,0x200005ce000,4096
25867,u1,1,READ,0x100005c2000,4096
25872,u3,3,READ,0x300005c2000,4096
25873,u0,0,READ,0x5c3000,4096
25873,u2,2,READ,0x200005cf000,4096
25884,u0,0,READ,0x5c4000,4096
25890,u3,3,READ,0x300005c3000,4096
25891,u1,1,READ,0x100005c3000,4096
25891,u2,2,READ,0x200005d0000,4096
25894,u0,0,READ,0x5c5000,4096
25902,u1,1,READ,0x100005c4000,4096
25902,u3,3,READ,0x300005c4000,4096
25916,u2,2,READ,0x200005d1000,4096
25919,u0,0,READ,0x5c6000,4096
25919,u1,1,WRITE,0x100005c5000,4096
25926,u3,3,WRITE,0x300005c5000,4096
25932,u1,1,READ,0x100005c6000,4096
25934,u2,2,READ,0x200005d2000,4096
25935,u0,0,READ,0x5c7000,4096
25943,u3,3,READ,0x300005c6000,4096
25948,u1,1,READ,0x100005c7000,4096
25957,u2,2,READ,0x200005d3000,4096
25960,u0,0,READ,0x5c8000,4096
25966,u3,3,READ,0x300005c7000,4096
25967,u1,1,WRITE,0x100005c8000,4096
25970,u2,2,READ,0x200005d4000,4096
25980,u1,1,READ,0x100005c9000,4096
25981,u2,2,READ,0x200005d5000,4096
25982,u0,0,READ,0x5c9000,4096
25983,u3,3,READ,0x300005c8000,4096
25995,u1,1,READ,0x100005ca000,4096
25997,u3,3,READ,0x300005c9000,4096
25998,u0,0,READ,0x5ca000,4096
25999,u2,2,READ,0x200005d6000,4096
26007,u1,1,READ,0x100005cb000,4096
26010,u3,3,READ,0x300005ca000,4096
26011,u0,0,READ,0x5cb000,4096
26019,u2,2,READ,0x200005d7000,4096
26028,u3,3,READ,0x300005cb000,4096
26030,u0,0,READ,0x5cc000,4096
26030,u1,1,READ,0x100005cc000,4096
26034,u2,2,READ,0x200005d8000,4096
26039,u3,3,READ,0x300005cc000,4096
26044,u0,0,READ,0x5cd000,4096
26045,u2,2,READ,0x200005d9000,4096
26050,u1,1,READ,0x100005cd000,4096
26055,u2,2,READ,0x200005da000,4096
26061,u0,0,READ,0x5ce000,4096
26064,u3,3,READ,0x300005cd000,4096
26067,u1,1,READ,0x100005ce000,4096
26069,u2,2,READ,0x200005db000,4096
26074,u3,3,READ,0x300005ce000,4096
26075,u0,0,READ,0x5cf000,4096
26085,u0,0,READ,0x5d0000,4096
26089,u2,2,READ,0x200005dc000,4096
26092,u1,1,READ,0x100005cf000,4096
26096,u0,0,READ,0x5d1000,4096
26096,u3,3,READ,0x300005cf000,4096
26107,u2,2,READ,0x200005dd000,4096
26108,u0,0,READ,0x5d2000,4096
26111,u1,1,READ,0x100005d0000,4096
26111,u3,3,READ,0x300005d0000,4096
26121,u1,1,READ,0x100005d1000,4096
26122,u2,2,READ,0x200005de000,4096
26129,u3,3,READ,0x300005d1000,4096
26131,u0,0,READ,0x5d3000,4096
26140,u1,1,READ,0x100005d2000,4096
26146,u0,0,READ,0x5d4000,4096
26147,u2,2,READ,0x200005df000,4096
26147,u3,3,READ,0x300005d2000,4096
26154,u1,1,READ,0x100005d3000,4096
26158,u0,0,READ,0x5d5000,4096
26158,u3,3,READ,0x300005d3000,4096
26168,u1,1,READ,0x100005d4000,4096
26170,u2,2,READ,0x200005e0000,4096
26179,u3,3,READ,0x300005d4000,4096
26182,u0,0,WRITE,0x5d6000,4096
26188,u1,1,READ,0x100005d5000,4096
26192,u2,2,READ,0x200005e1000,4096
26194,u3,3,READ,0x300005d5000,4096
26205,u0,0,WRITE,0x5d7000,4096
26205,u3,3,READ,0x300005d6000,4096
26213,u1,1,READ,0x100005d6000,4096
26215,u2,2,READ,0x200005e2000,4096
26215,u3,3,READ,0x300005d7000,4096
26222,u0,0,READ,0x5d8000,4096
26226,u3,3,READ,0x300005d8000,4096
26234,u1,1,READ,0x100005d7000,4096
26237,u0,0,READ,0x5d9000,4096
26238,u2,2,READ,0x200005e3000,4096
26249,u0,0,READ,0x5da000,4096
26250,u3,3,READ,0x300005d9000,4096
26252,u1,1,READ,0x100005d8000,4096
26263,u2,2,READ,0x200005e4000,4096
26266,u0,0,READ,0x5db000,4096
26267,u1,1,READ,0x100005d9000,4096
26268,u3,3,READ,0x300005da000,4096
26279,u1,1,READ,0x100005da000,4096
26279,u3,3,READ,0x300005db000,4096
26282,u0,0,READ,0x5dc000,4096
26285,u2,2,WRITE,0x200005e5000,4096
26290,u1,1,READ,0x100005db000,4096
26291,u3,3,READ,0x300005dc000,4096
26302,u2,2,READ,0x200005e6000,4096
26303,u3,3,WRITE,0x300005dd000,4096
26306,u0,0,READ,0x5dd000,4096
26308,u1,1,READ,0x100005dc000,4096
26321,u2,2,READ,0x200005e7000,4096
26321,u3,3,READ,0x300005de000,4096
26322,u0,0,READ,0x5de000,4096
26322,u1,1,READ,0x100005dd000,4096
26332,u0,0,READ,0x5df000,4096
26342,u2,2,READ,0x200005e8000,4096
26343,u3,3,READ,0x300005df000,4096
26344,u1,1,READ,0x100005de000,4096
26352,u0,0,READ,0x5e0000,4096
26362,u3,3,READ,0x300005e0000,4096
26363,u2,2,READ,0x200005e9000,4096
26367,u1,1,READ,0x100005df000,4096
26376,u0,0,READ,0x5e1000,4096
26380,u2,2,READ,0x200005ea000,4096
26383,u3,3,READ,0x300005e1000,4096
26387,u1,1,READ,0x100005e0000,4096
26396,u3,3,READ,0x300005e2000,4096
26397,u0,0,READ,0x5e2000,4096
26401,u2,2,WRITE,0x200005eb000,4096
26403,u1,1,READ,0x100005e1000,4096
26411,u3,3,READ,0x300005e3000,4096
26412,u2,2,READ,0x200005ec000,4096
26419,u0,0,READ,0x5e3000,4096
26419,u1,1,READ,0x100005e2000,4096
26423,u3,3,READ,0x300005e4000,4096
26433,u2,2,READ,0x200005ed000,4096
26434,u1,1,READ,0x100005e3000,4096
26443,u0,0,READ,0x5e4000,4096
26446,u3,3,READ,0x300005e5000,4096
26447,u1,1,READ,0x100005e4000,4096
26452,u2,2,READ,0x200005ee000,4096
26462,u2,2,READ,0x200005ef000,4096
26465,u0,0,READ,0x5e5000,4096
26465,u3,3,READ,0x300005e6000,4096
26468,u1,1,READ,0x100005e5000,4096
26472,u2,2,WRITE,0x200005f0000,4096
26483,u1,1,WRITE,0x100005e6000,4096
26484,u3,3,READ,0x300005e7000,4096
26485,u0,0,READ,0x5e6000,4096
26495,u3,3,READ,0x300005e8000,4096
26497,u2,2,READ,0x200005f1000,4096
26503,u0,0,READ,0x5e7000,4096
26505,u1,1,READ,0x100005e7000,4096
26507,u3,3,READ,0x300005e9000,4096
26515,u2,2,READ,0x200005f2000,4096
26523,u1,1,READ,0x100005e8000,4096
26524,u0,0,READ,0x5e8000,4096
26525,u2,2,READ,0x200005f3000,4096
26527,u3,3,WRITE,0x300005ea000,4096
26536,u0,0,READ,0x5e9000,4096
26537,u1,1,READ,0x100005e9000,4096
26547,u3,3,READ,0x300005eb000,4096
26548,u2,2,READ,0x200005f4000,4096
26557,u1,1,READ,0x100005ea000,4096
26560,u0,0,READ,0x5ea000,4096
26567,u3,3,READ,0x300005ec000,4096
26568,u1,1,WRITE,0x100005eb000,4096
26570,u2,2,READ,0x200005f5000,4096
26579,u3,3,READ,0x300005ed000,4096
26583,u0,0,READ,0x5eb000,4096
26588,u2,2,READ,0x200005f6000,4096
26591,u1,1,READ,0x100005ec000,4096
26597,u3,3,READ,0x300005ee000,4096
26598,u2,2,READ,0x200005f7000,4096
26607,u0,0,READ,0x5ec000,4096
26610,u1,1,READ,0x100005ed000,4096
26613,u3,3,READ,0x300005ef000,4096
26619,u0,0,READ,0x5ed000,4096
26620,u2,2,READ,0x200005f8000,4096
26629,u0,0,READ,0x5ee000,4096
26630,u1,1,READ,0x100005ee000,4096
26632,u3,3,READ,0x300005f0000,4096
26637,u2,2,READ,0x200005f9000,4096
26643,u0,0,READ,0x5ef000,4096
26648,u3,3,READ,0x300005f1000,4096
26650,u2,2,READ,0x200005fa000,4096
26653,u1,1,READ,0x100005ef000,4096
26656,u0,0,READ,0x5f0000,4096
26660,u2,2,READ,0x200005fb000,4096
26669,u1,1,READ,0x100005f0000,4096
26671,u3,3,READ,0x300005f2000,4096
26679,u0,0,READ,0x5f1000,4096
26679,u2,2,READ,0x200005fc000,4096
26689,u1,1,READ,0x100005f1000,4096
26690,u2,2,READ,0x200005fd000,4096
26690,u3,3,READ,0x300005f3000,4096
26701,u0,0,READ,0x5f2000,4096
26701,u2,2,READ,0x200005fe000,4096
26708,u3,3,READ,0x300005f4000,4096
26712,u1,1,READ,0x100005f2000,4096
26712,u2,2,READ,0x200005ff000,4096
26720,u0,0,READ,0x5f3000,4096
26722,u3,3,READ,0x300005f5000,4096
26731,u2,2,READ,0x20000600000,4096
26734,u1,1,READ,0x100005f3000,4096
26741,u3,3,READ,0x300005f6000,4096
26744,u0,0,READ,0x5f4000,4096
26746,u1,1,READ,0x100005f4000,4096
26748,u2,2,READ,0x20000601000,4096
26757,u0,0,READ,0x5f5000,4096
26761,u2,2,READ,0x20000602000,4096
26763,u3,3,READ,0x300005f7000,4096
26768,u1,1,READ,0x100005f5000,4096
26774,u2,2,READ,0x20000603000,4096
26778,u3,3,READ,0x300005f8000,4096
26782,u0,0,READ,0x5f6000,4096
26788,u3,3,READ,0x300005f9000,4096
26789,u1,1,READ,0x100005f6000,4096
26793,u2,2,READ,0x20000604000,4096
26800,u0,0,READ,0x5f7000,4096
26804,u1,1,READ,0x100005f7000,4096
26809,u2,2,READ,0x20000605000,4096
26809,u3,3,READ,0x300005fa000,4096
26815,u1,1,READ,0x100005f8000,4096
26819,u3,3,READ,0x300005fb000,4096
26825,u0,0,READ,0x5f8000,4096
26833,u1,1,READ,0x100005f9000,4096
26833,u2,2,READ,0x20000606000,4096
26835,u3,3,READ,0x300005fc000,4096
26838,u0,0,READ,0x5f9000,4096
26849,u2,2,WRITE,0x20000607000,4096
26850,u1,1,READ,0x100005fa000,4096
26855,u3,3,READ,0x300005fd000,4096
26860,u0,0,READ,0x5fa000,4096
26864,u1,1,READ,0x100005fb000,4096
26864,u2,2,READ,0x20000608000,4096
26878,u3,3,WRITE,0x300005fe000,4096
26883,u0,0,READ,0x5fb000,4096
26886,u1,1,READ,0x100005fc000,4096
26888,u2,2,READ,0x20000609000,4096
26893,u3,3,READ,0x300005ff000,4096
26901,u0,0,READ,0x5fc000,4096
26905,u3,3,WRITE,0x30000600000,4096
26908,u2,2,READ,0x2000060a000,4096
26910,u1,1,READ,0x100005fd000,4096
26917,u0,0,READ,0x5fd000,4096
26922,u3,3,READ,0x30000601000,4096
26929,u0,0,READ,0x5fe000,4096
26931,u1,1,READ,0x100005fe000,4096
26933,u2,2,READ,0x2000060b000,4096
26933,u3,3,READ,0x30000602000,4096
26940,u0,0,READ,0x5ff000,4096
26946,u1,1,READ,0x100005ff000,4096
26954,u2,2,READ,0x2000060c000,4096
26955,u0,0,READ,0x600000,4096
26957,u3,3,READ,0x30000603000,4096
26967,u2,2,WRITE,0x2000060d000,4096
26970,u1,1,READ,0x10000600000,4096
26976,u3,3,WRITE,0x30000604000,4096
26977,u0,0,READ,0x601000,4096
26982,u1,1,READ,0x10000601000,4096
26984,u2,2,READ,0x2000060e000,4096
26990,u3,3,READ,0x30000605000,4096
26991,u0,0,READ,0x602000,4096
27000,u1,1,READ,0x10000602000,4096
27003,u2,2,READ,0x2000060f000,4096
27010,u0,0,READ,0x603000,4096
27013,u3,3,READ,0x30000606000,4096
27017,u1,1,READ,0x10000603000,4096
27023,u2,2,READ,0x20000610000,4096
27031,u3,3,READ,0x30000607000,4096
27033,u0,0,READ,0x604000,4096
27033,u1,1,READ,0x10000604000,4096
27039,u2,2,READ,0x20000611000,4096
27046,u0,0,READ,0x605000,4096
27051,u2,2,READ,0x20000612000,4096
27052,u3,3,WRITE,0x30000608000,4096
27056,u1,1,READ,0x10000605000,4096
27062,u0,0,READ,0x606000,4096
27063,u2,2,READ,0x20000613000,4096
27071,u1,1,READ,0x10000606000,4096
27073,u2,2,READ,0x20000614000,4096
27074,u3,3,READ,0x30000609000,4096
27083,u0,0,READ,0x607000,4096
27088,u2,2,READ,0x20000615000,4096
27094,u1,1,WRITE,0x10000607000,4096
27094,u3,3,READ,0x3000060a000,4096
27100,u2,2,READ,0x20000616000,4096
27107,u0,0,READ,0x608000,4096
27113,u3,3,READ,0x3000060b000,4096
27114,u1,1,READ,0x10000608000,4096
27117,u2,2,READ,0x20000617000,4096
27125,u0,0,READ,0x609000,4096
27126,u3,3,READ,0x3000060c000,4096
27133,u2,2,READ,0x20000618000,4096
27138,u1,1,READ,0x10000609000,4096
27147,u3,3,READ,0x3000060d000,4096
27149,u0,0,READ,0x60a000,4096
27153,u1,1,READ,0x1000060a000,4096
27155,u2,2,READ,0x20000619000,4096
27162,u3,3,READ,0x3000060e000,4096
27164,u0,0,READ,0x60b000,4096
27170,u2,2,READ,0x2000061a000,4096
27177,u1,1,READ,0x1000060b000,4096
27179,u0,0,READ,0x60c000,4096
27183,u3,3,READ,0x3000060f000,4096
27191,u0,0,READ,0x60d000,4096
27192,u2,2,READ,0x2000061b000,4096
27202,u1,1,READ,0x1000060c000,4096
27202,u3,3,READ,0x30000610000,4096
27211,u0,0,READ,0x60e000,4096
27215,u2,2,READ,0x2000061c000,4096
27216,u3,3,READ,0x30000611000,4096
27224,u1,1,READ,0x1000060d000,4096
27226,u3,3,READ,0x30000612000,4096
27232,u0,0,READ,0x60f000,4096
27237,u2,2,READ,0x2000061d000,4096
27238,u3,3,READ,0x30000613000,4096
27239,u1,1,READ,0x1000060e000,4096
27247,u2,2,READ,0x2000061e000,4096
27250,u0,0,READ,0x610000,4096
27259,u3,3,READ,0x30000614000,4096
27260,u0,0,READ,0x611000,4096
27264,u1,1,READ,0x1000060f000,4096
27266,u2,2,READ,0x2000061f000,4096
27273,u0,0,READ,0x612000,4096
27284,u3,3,READ,0x30000615000,4096
27285,u2,2,READ,0x20000620000,4096
27286,u1,1,READ,0x10000610000,4096
27288,u0,0,READ,0x613000,4096
27296,u1,1,READ,0x10000611000,4096
27296,u3,3,READ,0x30000616000,4096
27309,u2,2,READ,0x20000621000,4096
27312,u0,0,READ,0x614000,4096
27316,u3,3,READ,0x30000617000,4096
27319,u1,1,READ,0x10000612000,4096
27321,u2,2,READ,0x20000622000,4096
27328,u3,3,READ,0x30000618000,4096
27331,u2,2,READ,0x20000623000,4096
27332,u0,0,READ,0x615000,4096
27338,u3,3,WRITE,0x30000619000,4096
27340,u1,1,READ,0x10000613000,4096
27345,u0,0,READ,0x616000,4096
27351,u3,3,READ,0x3000061a000,4096
27356,u2,2,WRITE,0x20000624000,4096
27361,u1,1,READ,0x10000614000,4096
27368,u0,0,READ,0x617000,4096
27371,u3,3,READ,0x3000061b000,4096
27375,u2,2,READ,0x20000625000,4096
27380,u0,0,READ,0x618000,4096
27380,u1,1,READ,0x10000615000,4096
27387,u2,2,READ,0x20000626000,4096
27388,u3,3,READ,0x3000061c000,4096
27390,u0,0,READ,0x619000,4096
27396,u1,1,READ,0x10000616000,4096
27398,u3,3,READ,0x3000061d000,4096
27408,u0,0,READ,0x61a000,4096
27411,u2,2,READ,0x20000627000,4096
27412,u1,1,READ,0x10000617000,4096
27416,u3,3,READ,0x3000061e000,4096
27419,u0,0,READ,0x61b000,4096
27422,u1,1,READ,0x10000618000,4096
27432,u0,0,READ,0x61c000,4096
27432,u2,2,READ,0x20000628000,4096
27438,u3,3,READ,0x3000061f000,4096
27443,u1,1,READ,0x10000619000,4096
27453,u0,0,READ,0x61d000,4096
27453,u1,1,READ,0x1000061a000,4096
27453,u2,2,READ,0x20000629000,4096
27459,u3,3,READ,0x30000620000,4096
27463,u2,2,READ,0x2000062a000,4096
27465,u1,1,READ,0x1000061b000,4096
27473,u0,0,READ,0x61e000,4096
27473,u2,2,READ,0x2000062b000,4096
27475,u3,3,READ,0x30000621000,4096
27489,u3,3,READ,0x30000622000,4096
27490,u1,1,READ,0x1000061c000,4096
27495,u2,2,READ,0x2000062c000,4096
27496,u0,0,READ,0x61f000,4096
27504,u3,3,READ,0x30000623000,4096
27510,u1,1,READ,0x1000061d000,4096
27515,u0,0,READ,0x620000,4096
27517,u3,3,READ,0x30000624000,4096
27518,u2,2,READ,0x2000062d000,4096
27525,u1,1,READ,0x1000061e000,4096
27526,u0,0,READ,0x621000,4096
27530,u3,3,WRITE,0x30000625000,4096
27534,u2,2,READ,0x2000062e000,4096
27537,u1,1,READ,0x1000061f000,4096
27549,u3,3,READ,0x30000626000,4096
27551,u0,0,READ,0x622000,4096
27553,u2,2,READ,0x2000062f000,4096
27561,u3,3,READ,0x30000627000,4096
27562,u1,1,READ,0x10000620000,4096
27571,u2,2,READ,0x20000630000,4096
27571,u3,3,READ,0x30000628000,4096
27573,u0,0,READ,0x623000,4096
27581,u1,1,READ,0x10000621000,4096
27593,u2,2,READ,0x20000631000,4096
27595,u3,3,READ,0x30000629000,4096
27596,u0,0,READ,0x624000,4096
27603,u1,1,READ,0x10000622000,4096
27607,u3,3,READ,0x3000062a000,4096
27611,u0,0,READ,0x625000,4096
27613,u1,1,READ,0x10000623000,4096
27618,u2,2,READ,0x20000632000,4096
27624,u1,1,READ,0x10000624000,4096
27627,u0,0,READ,0x626000,4096
27632,u3,3,READ,0x3000062b000,4096
27635,u2,2,READ,0x20000633000,4096
27642,u0,0,READ,0x627000,4096
27644,u1,1,READ,0x10000625000,4096
27655,u3,3,READ,0x3000062c000,4096
27657,u1,1,READ,0x10000626000,4096
27659,u2,2,READ,0x20000634000,4096
27663,u0,0,READ,0x628000,4096
27669,u1,1,READ,0x10000627000,4096
27674,u3,3,READ,0x3000062d000,4096
27677,u2,2,READ,0x20000635000,4096
27682,u1,1,WRITE,0x10000628000,4096
27684,u0,0,READ,0x629000,4096
27686,u3,3,READ,0x3000062e000,4096
27699,u2,2,READ,0x20000636000,4096
27704,u1,1,READ,0x10000629000,4096
27706,u0,0,READ,0x62a000,4096
27708,u3,3,READ,0x3000062f000,4096
27713,u2,2,READ,0x20000637000,4096
27716,u1,1,READ,0x1000062a000,4096
27720,u3,3,READ,0x30000630000,4096
27728,u0,0,READ,0x62b000,4096
27731,u1,1,READ,0x1000062b000,4096
27731,u2,2,READ,0x20000638000,4096
27733,u3,3,READ,0x30000631000,4096
27738,u0,0,READ,0x62c000,4096
27744,u2,2,READ,0x20000639000,4096
27748,u0,0,READ,0x62d000,4096
27752,u1,1,READ,0x1000062c000,4096
27753,u3,3,READ,0x30000632000,4096
27760,u2,2,READ,0x2000063a000,4096
27761,u0,0,READ,0x62e000,4096
27769,u1,1,READ,0x1000062d000,4096
27771,u2,2,READ,0x2000063b000,4096
27773,u3,3,READ,0x30000633000,4096
27779,u0,0,READ,0x62f000,4096
27779,u1,1,READ,0x1000062e000,4096
27792,u2,2,READ,0x2000063c000,4096
27793,u3,3,READ,0x30000634000,4096
27801,u1,1,READ,0x1000062f000,4096
27802,u0,0,READ,0x630000,4096
27810,u3,3,READ,0x30000635000,4096
27817,u1,1,READ,0x10000630000,4096
27817,u2,2,READ,0x2000063d000,4096
27824,u3,3,READ,0x30000636000,4096
27827,u0,0,READ,0x631000,4096
27828,u2,2,READ,0x2000063e000,4096
27837,u3,3,READ,0x30000637000,4096
27840,u1,1,READ,0x10000631000,4096
27845,u2,2,READ,0x2000063f000,4096
27850,u0,0,READ,0x632000,4096
27858,u1,1,READ,0x10000632000,4096
27858,u3,3,READ,0x30000638000,4096
27863,u2,2,READ,0x20000640000,4096
27864,u0,0,READ,0x633000,4096
27872,u1,1,READ,0x10000633000,4096
27881,u3,3,READ,0x30000639000,4096
27883,u0,0,READ,0x634000,4096
27888,u2,2,READ,0x20000641000,4096
27890,u1,1,WRITE,0x10000634000,4096
27893,u0,0,READ,0x635000,4096
27895,u3,3,READ,0x3000063a000,4096
27901,u1,1,READ,0x10000635000,4096
27902,u2,2,READ,0x20000642000,4096
27907,u0,0,READ,0x636000,4096
27908,u3,3,READ,0x3000063b000,4096
27917,u2,2,READ,0x20000643000,4096
27918,u0,0,READ,0x637000,4096
27923,u3,3,READ,0x3000063c000,4096
27924,u1,1,READ,0x10000636000,4096
27929,u0,0,READ,0x638000,4096
27932,u2,2,READ,0x20000644000,4096
27935,u1,1,READ,0x10000637000,4096
27942,u2,2,READ,0x20000645000,4096
27943,u3,3,READ,0x3000063d000,4096
27949,u1,1,READ,0x10000638000,4096
27953,u0,0,READ,0x639000,4096
27957,u2,2,READ,0x20000646000,4096
27961,u3,3,READ,0x3000063e000,4096
27970,u1,1,READ,0x10000639000,4096
27972,u2,2,READ,0x20000647000,4096
27978,u0,0,READ,0x63a000,4096
27982,u3,3,READ,0x3000063f000,4096
27983,u1,1,READ,0x1000063a000,4096
27989,u2,2,READ,0x20000648000,4096
27992,u3,3,READ,0x30000640000,4096
27995,u0,0,READ,0x63b000,4096
27999,u1,1,READ,0x1000063b000,4096
28005,u2,2,READ,0x20000649000,4096
28010,u0,0,READ,0x63c000,4096
28010,u1,1,READ,0x1000063c000,4096
28013,u3,3,READ,0x30000641000,4096
28022,u1,1,READ,0x1000063d000,4096
28023,u0,0,READ,0x63d000,4096
28028,u2,2,READ,0x2000064a000,4096
28032,u3,3,WRITE,0x30000642000,4096
28034,u1,1,READ,0x1000063e000,4096
28045,u0,0,READ,0x63e000,4096
28045,u2,2,READ,0x2000064b000,4096
28047,u3,3,READ,0x30000643000,4096
28057,u1,1,READ,0x1000063f000,4096
28057,u3,3,READ,0x30000644000,4096
28059,u2,2,READ,0x2000064c000,4096
28064,u0,0,READ,0x63f000,4096
28071,u2,2,READ,0x2000064d000,4096
28074,u3,3,READ,0x30000645000,4096
28077,u1,1,READ,0x10000640000,4096
28089,u0,0,READ,0x640000,4096
28091,u1,1,READ,0x10000641000,4096
28091,u3,3,READ,0x30000646000,4096
28092,u2,2,READ,0x2000064e000,4096
28102,u3,3,READ,0x30000647000,4096
28103,u0,0,READ,0x641000,4096
28108,u2,2,READ,0x2000064f000,4096
28113,u3,3,READ,0x30000648000,4096
28115,u1,1,READ,0x10000642000,4096
28119,u0,0,WRITE,0x642000,4096
28122,u2,2,READ,0x20000650000,4096
28127,u3,3,READ,0x30000649000,4096
28137,u1,1,READ,0x10000643000,4096
28138,u0,0,READ,0x643000,4096
28143,u3,3,READ,0x3000064a000,4096
28147,u2,2,READ,0x20000651000,4096
28152,u0,0,READ,0x644000,4096
28152,u1,1,READ,0x10000644000,4096
28154,u3,3,READ,0x3000064b000,4096
28169,u0,0,READ,0x645000,4096
28169,u2,2,READ,0x20000652000,4096
28169,u3,3,READ,0x3000064c000,4096
28177,u1,1,READ,0x10000645000,4096
28182,u2,2,WRITE,0x20000653000,4096
28182,u3,3,READ,0x3000064d000,4096
28190,u0,0,READ,0x646000,4096
28193,u3,3,READ,0x3000064e000,4096
28198,u2,2,READ,0x20000654000,4096
28200,u0,0,READ,0x647000,4096
28201,u1,1,READ,0x10000646000,4096
28207,u3,3,READ,0x3000064f000,4096
28217,u2,2,READ,0x20000655000,4096
28221,u0,0,READ,0x648000,4096
28224,u1,1,READ,0x10000647000,4096
28226,u3,3,READ,0x30000650000,4096
28233,u0,0,READ,0x649000,4096
28237,u2,2,READ,0x20000656000,4096
28243,u0,0,READ,0x64a000,4096
28249,u1,1,READ,0x10000648000,4096
28249,u3,3,READ,0x30000651000,4096
28253,u0,0,READ,0x64b000,4096
28259,u2,2,READ,0x20000657000,4096
28267,u0,0,READ,0x64c000,4096
28267,u3,3,WRITE,0x30000652000,4096
28271,u1,1,READ,0x10000649000,4096
28283,u2,2,READ,0x20000658000,4096
28287,u1,1,READ,0x1000064a000,4096
28289,u3,3,READ,0x30000653000,4096
28290,u0,0,READ,0x64d000,4096
28294,u2,2,READ,0x20000659000,4096
28301,u1,1,READ,0x1000064b000,4096
28303,u3,3,READ,0x30000654000,4096
28315,u0,0,READ,0x64e000,4096
28315,u2,2,READ,0x2000065a000,4096
28318,u3,3,READ,0x30000655000,4096
28325,u1,1,READ,0x1000064c000,4096
28331,u0,0,READ,0x64f000,4096
28336,u3,3,READ,0x30000656000,4096
28339,u1,1,READ,0x1000064d000,4096
28339,u2,2,READ,0x2000065b000,4096
28350,u3,3,READ,0x30000657000,4096
28355,u0,0,READ,0x650000,4096
28363,u2,2,READ,0x2000065c000,4096
28364,u1,1,READ,0x1000064e000,4096
28366,u3,3,READ,0x30000658000,4096
28371,u0,0,READ,0x651000,4096
28373,u2,2,READ,0x2000065d000,4096
28379,u1,1,READ,0x1000064f000,4096
28382,u0,0,READ,0x652000,4096
28388,u2,2,READ,0x2000065e000,4096
28388,u3,3,READ,0x30000659000,4096
28391,u1,1,READ,0x10000650000,4096
28401,u0,0,READ,0x653000,4096
28401,u1,1,READ,0x10000651000,4096
28405,u2,2,READ,0x2000065f000,4096
28406,u3,3,READ,0x3000065a000,4096
28412,u0,0,READ,0x654000,4096
28423,u1,1,READ,0x10000652000,4096
28424,u2,2,READ,0x20000660000,4096
28428,u3,3,READ,0x3000065b000,4096
28430,u0,0,READ,0x655000,4096
28436,u1,1,READ,0x10000653000,4096
28441,u2,2,READ,0x20000661000,4096
28445,u0,0,READ,0x656000,4096
28446,u3,3,READ,0x3000065c000,4096
28452,u1,1,READ,0x10000654000,4096
28455,u2,2,READ,0x20000662000,4096
28460,u0,0,READ,0x657000,4096
28461,u3,3,READ,0x3000065d000,4096
28465,u2,2,READ,0x20000663000,4096
28476,u0,0,READ,0x658000,4096
28476,u1,1,READ,0x10000655000,4096
28476,u2,2,READ,0x20000664000,4096
28482,u3,3,READ,0x3000065e000,4096
28492,u2,2,READ,0x20000665000,4096
28495,u0,0,READ,0x659000,4096
28501,u1,1,READ,0x10000656000,4096
28504,u3,3,READ,0x3000065f000,4096
28508,u0,0,READ,0x65a000,4096
28509,u2,2,READ,0x20000666000,4096
28512,u1,1,READ,0x10000657000,4096
28518,u0,0,READ,0x65b000,4096
28527,u3,3,READ,0x30000660000,4096
28533,u0,0,READ,0x65c000,4096
28534,u2,2,READ,0x20000667000,4096
28537,u1,1,READ,0x10000658000,4096
28537,u3,3,READ,0x30000661000,4096
28547,u0,0,READ,0x65d000,4096
28548,u1,1,READ,0x10000659000,4096
28553,u3,3,READ,0x30000662000,4096
28558,u2,2,READ,0x20000668000,4096
28565,u0,0,READ,0x65e000,4096
28572,u3,3,READ,0x30000663000,4096
28573,u1,1,READ,0x1000065a000,4096
28579,u2,2,READ,0x20000669000,4096
28582,u3,3,READ,0x30000664000,4096
28588,u0,0,READ,0x65f000,4096
28594,u1,1,READ,0x1000065b000,4096
28594,u2,2,READ,0x2000066a000,4096
28604,u2,2,READ,0x2000066b000,4096
28604,u3,3,READ,0x30000665000,4096
28609,u1,1,READ,0x1000065c000,4096
28611,u0,0,READ,0x660000,4096
28618,u2,2,WRITE,0x2000066c000,4096
28621,u3,3,READ,0x30000666000,4096
28627,u0,0,READ,0x661000,4096
28630,u1,1,READ,0x1000065d000,4096
28636,u2,2,READ,0x2000066d000,4096
28644,u3,3,WRITE,0x30000667000,4096
28647,u0,0,READ,0x662000,4096
28648,u2,2,READ,0x2000066e000,4096
28649,u1,1,READ,0x1000065e000,4096
28656,u3,3,WRITE,0x30000668000,4096
28658,u2,2,WRITE,0x2000066f000,4096
28662,u1,1,READ,0x1000065f000,4096
28670,u0,0,READ,0x663000,4096
28670,u3,3,READ,0x30000669000,4096
28674,u2,2,READ,0x20000670000,4096
28677,u1,1,READ,0x10000660000,4096
28688,u1,1,READ,0x10000661000,4096
28690,u3,3,READ,0x3000066a000,4096
28693,u0,0,READ,0x664000,4096
28695,u2,2,READ,0x20000671000,4096
28709,u1,1,READ,0x10000662000,4096
28712,u0,0,READ,0x665000,4096
28713,u3,3,READ,0x3000066b000,4096
28720,u2,2,READ,0x20000672000,4096
28728,u0,0,READ,0x666000,4096
28733,u1,1,READ,0x10000663000,4096
28735,u2,2,READ,0x20000673000,4096
28738,u3,3,READ,0x3000066c000,4096
28751,u0,0,READ,0x667000,4096
28753,u3,3,READ,0x3000066d000,4096
28755,u2,2,READ,0x20000674000,4096
28757,u1,1,READ,0x10000664000,4096
28762,u0,0,READ,0x668000,4096
28769,u2,2,READ,0x20000675000,4096
28773,u1,1,READ,0x10000665000,4096
28777,u0,0,READ,0x669000,4096
28777,u3,3,READ,0x3000066e000,4096
28788,u2,2,READ,0x20000676000,4096
28794,u0,0,READ,0x66a000,4096
28794,u1,1,READ,0x10000666000,4096
28798,u3,3,READ,0x3000066f000,4096
28808,u2,2,READ,0x20000677000,4096
28810,u0,0,READ,0x66b000,4096
28813,u1,1,READ,0x10000667000,4096
28815,u3,3,READ,0x30000670000,4096
28823,u0,0,READ,0x66c000,4096
28825,u2,2,READ,0x20000678000,4096
28831,u1,1,READ,0x10000668000,4096
28837,u3,3,READ,0x30000671000,4096
28847,u2,2,READ,0x20000679000,4096
28848,u0,0,READ,0x66d000,4096
28849,u3,3,READ,0x30000672000,4096
28852,u1,1,READ,0x10000669000,4096
28860,u2,2,READ,0x2000067a000,4096
28863,u0,0,READ,0x66e000,4096
28865,u3,3,READ,0x30000673000,4096
28875,u3,3,READ,0x30000674000,4096
28877,u1,1,READ,0x1000066a000,4096
28882,u0,0,READ,0x66f000,4096
28885,u2,2,READ,0x2000067b000,4096
28886,u3,3,READ,0x30000675000,4096
28895,u1,1,READ,0x1000066b000,4096
28896,u3,3,READ,0x30000676000,4096
28897,u0,0,READ,0x670000,4096
28909,u2,2,READ,0x2000067c000,4096
28912,u1,1,READ,0x1000066c000,4096
28921,u0,0,READ,0x671000,4096
28921,u3,3,READ,0x30000677000,4096
28933,u2,2,READ,0x2000067d000,4096
28935,u1,1,READ,0x1000066d000,4096
28938,u3,3,READ,0x30000678000,4096
28945,u0,0,READ,0x672000,4096
28949,u2,2,READ,0x2000067e000,4096
28949,u3,3,READ,0x30000679000,4096
28955,u1,1,READ,0x1000066e000,4096
28962,u3,3,READ,0x3000067a000,4096
28963,u2,2,READ,0x2000067f000,4096
28967,u0,0,READ,0x673000,4096
28974,u1,1,READ,0x1000066f000,4096
28981,u3,3,READ,0x3000067b000,4096
28983,u2,2,READ,0x20000680000,4096
28985,u1,1,READ,0x10000670000,4096
28992,u0,0,READ,0x674000,4096
28996,u2,2,READ,0x20000681000,4096
29002,u0,0,READ,0x675000,4096
29005,u1,1,READ,0x10000671000,4096
29005,u3,3,READ,0x3000067c000,4096
29016,u2,2,READ,0x20000682000,4096
29020,u1,1,READ,0x10000672000,4096
29021,u0,0,READ,0x676000,4096
29021,u3,3,READ,0x3000067d000,4096
29035,u0,0,READ,0x677000,4096
29035,u2,2,READ,0x20000683000,4096
29037,u1,1,READ,0x10000673000,4096
29040,u3,3,READ,0x3000067e000,4096
29051,u1,1,READ,0x10000674000,4096
29052,u0,0,READ,0x678000,4096
29054,u2,2,READ,0x20000684000,4096
29060,u3,3,READ,0x3000067f000,4096
29069,u2,2,READ,0x20000685000,4096
29074,u0,0,READ,0x679000,4096
29076,u1,1,READ,0x10000675000,4096
29076,u3,3,READ,0x30000680000,4096
29088,u0,0,READ,0x67a000,4096
29092,u1,1,READ,0x10000676000,4096
29094,u2,2,READ,0x20000686000,4096
29094,u3,3,READ,0x30000681000,4096
29105,u0,0,READ,0x67b000,4096
29114,u1,1,READ,0x10000677000,4096
29117,u2,2,READ,0x20000687000,4096
29118,u3,3,READ,0x30000682000,4096
29129,u0,0,READ,0x67c000,4096
29137,u2,2,READ,0x20000688000,4096
29137,u3,3,READ,0x30000683000,4096
29138,u1,1,READ,0x10000678000,4096
29147,u3,3,READ,0x30000684000,4096
29148,u0,0,READ,0x67d000,4096
29154,u1,1,READ,0x10000679000,4096
29158,u2,2,READ,0x20000689000,4096
29167,u3,3,READ,0x30000685000,4096
29170,u1,1,READ,0x1000067a000,4096
29171,u0,0,READ,0x67e000,4096
29172,u2,2,READ,0x2000068a000,4096
29182,u0,0,READ,0x67f000,4096
29188,u3,3,READ,0x30000686000,4096
29190,u1,1,READ,0x1000067b000,4096
29196,u2,2,READ,0x2000068b000,4096
29201,u1,1,READ,0x1000067c000,4096
29205,u0,0,READ,0x680000,4096
29211,u3,3,READ,0x30000687000,4096
29217,u1,1,READ,0x1000067d000,4096
29218,u2,2,READ,0x2000068c000,4096
29221,u0,0,READ,0x681000,4096
29227,u1,1,READ,0x1000067e000,4096
29231,u2,2,WRITE,0x2000068d000,4096
29232,u3,3,READ,0x30000688000,4096
29244,u0,0,WRITE,0x682000,4096
29244,u1,1,READ,0x1000067f000,4096
29252,u2,2,READ,0x2000068e000,4096
29254,u3,3,READ,0x30000689000,4096
29261,u0,0,READ,0x683000,4096
29262,u1,1,READ,0x10000680000,4096
29264,u2,2,READ,0x2000068f000,4096
29265,u3,3,READ,0x3000068a000,4096
29276,u0,0,READ,0x684000,4096
29278,u3,3,READ,0x3000068b000,4096
29282,u1,1,READ,0x10000681000,4096
29288,u2,2,READ,0x20000690000,4096
29288,u3,3,READ,0x3000068c000,4096
29293,u1,1,WRITE,0x10000682000,4096
29295,u0,0,READ,0x685000,4096
29303,u2,2,READ,0x20000691000,4096
29306,u1,1,READ,0x10000683000,4096
29307,u0,0,READ,0x686000,4096
29313,u3,3,READ,0x3000068d000,4096
29315,u2,2,READ,0x20000692000,4096
29326,u1,1,READ,0x10000684000,4096
29328,u0,0,READ,0x687000,4096
29336,u3,3,READ,0x3000068e000,4096
29338,u2,2,READ,0x20000693000,4096
29341,u1,1,READ,0x10000685000,4096
29343,u0,0,READ,0x688000,4096
29357,u2,2,READ,0x20000694000,4096
29358,u1,1,READ,0x10000686000,4096
29361,u3,3,READ,0x3000068f000,4096
29366,u0,0,READ,0x689000,4096
29371,u2,2,READ,0x20000695000,4096
29381,u1,1,READ,0x10000687000,4096
29385,u0,0,READ,0x68a000,4096
29386,u3,3,READ,0x30000690000,4096
29391,u1,1,READ,0x10000688000,4096
29396,u0,0,READ,0x68b000,4096
29396,u2,2,READ,0x20000696000,4096
29404,u3,3,READ,0x30000691000,4096
29405,u1,1,READ,0x10000689000,4096
29410,u0,0,READ,0x68c000,4096
29419,u2,2,READ,0x20000697000,4096
29424,u0,0,READ,0x68d000,4096
29427,u3,3,READ,0x30000692000,4096
29430,u1,1,READ,0x1000068a000,4096
29432,u2,2,READ,0x20000698000,4096
29435,u0,0,READ,0x68e000,4096
29438,u3,3,READ,0x30000693000,4096
29443,u1,1,READ,0x1000068b000,4096
29453,u2,2,READ,0x20000699000,4096
29454,u0,0,READ,0x68f000,4096
29458,u3,3,READ,0x30000694000,4096
29465,u2,2,READ,0x2000069a000,4096
29466,u1,1,READ,0x1000068c000,4096
29472,u0,0,READ,0x690000,4096
29481,u3,3,READ,0x30000695000,4096
29486,u0,0,READ,0x691000,4096
29488,u1,1,READ,0x1000068d000,4096
29490,u2,2,READ,0x2000069b000,4096
29499,u3,3,READ,0x30000696000,4096
29504,u0,0,READ,0x692000,4096
29511,u1,1,READ,0x1000068e000,4096
29515,u2,2,READ,0x2000069c000,4096
29519,u0,0,READ,0x693000,4096
29523,u3,3,READ,0x30000697000,4096
29526,u1,1,READ,0x1000068f000,4096
29533,u2,2,READ,0x2000069d000,4096
29538,u1,1,READ,0x10000690000,4096
29539,u0,0,READ,0x694000,4096
29545,u3,3,READ,0x30000698000,4096
29549,u2,2,READ,0x2000069e000,4096
29556,u1,1,READ,0x10000691000,4096
29557,u0,0,READ,0x695000,4096
29559,u2,2,READ,0x2000069f000,4096
29567,u3,3,READ,0x30000699000,4096
29569,u1,1,READ,0x10000692000,4096
29572,u0,0,READ,0x696000,4096
29572,u2,2,READ,0x200006a0000,4096
29585,u0,0,READ,0x697000,4096
29587,u1,1,READ,0x10000693000,4096
29587,u2,2,READ,0x200006a1000,4096
29589,u3,3,READ,0x3000069a000,4096
29596,u0,0,READ,0x698000,4096
29601,u3,3,READ,0x3000069b000,4096
29602,u2,2,READ,0x200006a2000,4096
29608,u1,1,READ,0x10000694000,4096
29610,u0,0,READ,0x699000,4096
29616,u2,2,READ,0x200006a3000,4096
29620,u3,3,READ,0x3000069c000,4096
29626,u1,1,READ,0x10000695000,4096
29632,u2,2,READ,0x200006a4000,4096
29633,u3,3,READ,0x3000069d000,4096
29634,u0,0,READ,0x69a000,4096
29637,u1,1,READ,0x10000696000,4096
29652,u0,0,READ,0x69b000,4096
29653,u2,2,WRITE,0x200006a5000,4096
29653,u3,3,READ,0x3000069e000,4096
29658,u1,1,READ,0x10000697000,4096
29663,u0,0,READ,0x69c000,4096
29663,u2,2,READ,0x200006a6000,4096
29671,u3,3,READ,0x3000069f000,4096
29673,u1,1,READ,0x10000698000,4096
29679,u2,2,READ,0x200006a7000,4096
29688,u0,0,READ,0x69d000,4096
29690,u3,3,READ,0x300006a0000,4096
29691,u1,1,READ,0x10000699000,4096
29700,u2,2,READ,0x200006a8000,4096
29703,u0,0,READ,0x69e000,4096
29706,u3,3,READ,0x300006a1000,4096
29714,u1,1,READ,0x1000069a000,4096
29716,u0,0,READ,0x69f000,4096
29720,u2,2,READ,0x200006a9000,4096
29726,u1,1,READ,0x1000069b000,4096
29729,u0,0,READ,0x6a0000,4096
29730,u3,3,READ,0x300006a2000,4096
29738,u2,2,READ,0x200006aa000,4096
29742,u1,1,READ,0x1000069c000,4096
29748,u0,0,READ,0x6a1000,4096
29748,u3,3,READ,0x300006a3000,4096
29760,u1,1,READ,0x1000069d000,4096
29760,u2,2,READ,0x200006ab000,4096
29767,u0,0,READ,0x6a2000,4096
29769,u3,3,READ,0x300006a4000,4096
29771,u2,2,READ,0x200006ac000,4096
29782,u2,2,READ,0x200006ad000,4096
29785,u1,1,READ,0x1000069e000,4096
29786,u3,3,READ,0x300006a5000,4096
29789,u0,0,WRITE,0x6a3000,4096
29805,u2,2,READ,0x200006ae000,4096
29806,u1,1,READ,0x1000069f000,4096
29809,u3,3,READ,0x300006a6000,4096
29814,u0,0,READ,0x6a4000,4096
29816,u1,1,READ,0x100006a0000,4096
29818,u2,2,READ,0x200006af000,4096
29831,u3,3,WRITE,0x300006a7000,4096
29838,u1,1,READ,0x100006a1000,4096
29839,u0,0,WRITE,0x6a5000,4096
29839,u2,2,READ,0x200006b0000,4096
29842,u3,3,READ,0x300006a8000,4096
29856,u0,0,READ,0x6a6000,4096
29857,u3,3,READ,0x300006a9000,4096
29860,u1,1,READ,0x100006a2000,4096
29861,u2,2,READ,0x200006b1000,4096
29871,u0,0,READ,0x6a7000,4096
29876,u3,3,READ,0x300006aa000,4096
29877,u2,2,READ,0x200006b2000,4096
29885,u1,1,READ,0x100006a3000,4096
29886,u3,3,READ,0x300006ab000,4096
29893,u0,0,READ,0x6a8000,4096
29900,u2,2,READ,0x200006b3000,4096
29901,u3,3,READ,0x300006ac000,4096
29903,u1,1,READ,0x100006a4000,4096
29905,u0,0,READ,0x6a9000,4096
29913,u2,2,READ,0x200006b4000,4096
29918,u0,0,READ,0x6aa000,4096
29919,u3,3,READ,0x300006ad000,4096
29924,u1,1,READ,0x100006a5000,4096
29934,u3,3,READ,0x300006ae000,4096
29936,u2,2,READ,0x200006b5000,4096
29938,u0,0,READ,0x6ab000,4096
29938,u1,1,READ,0x100006a6000,4096
29946,u2,2,READ,0x200006b6000,4096
29950,u1,1,READ,0x100006a7000,4096
29952,u3,3,READ,0x300006af000,4096
29953,u0,0,READ,0x6ac000,4096
29957,u2,2,READ,0x200006b7000,4096
29969,u1,1,READ,0x100006a8000,4096
29974,u3,3,READ,0x300006b0000,4096
29976,u0,0,READ,0x6ad000,4096
29979,u2,2,READ,0x200006b8000,4096
29989,u0,0,READ,0x6ae000,4096
29990,u1,1,READ,0x100006a9000,4096
29992,u2,2,READ,0x200006b9000,4096
29999,u3,3,READ,0x300006b1000,4096
30001,u1,1,READ,0x100006aa000,4096
30005,u0,0,READ,0x6af000,4096
30006,u2,2,READ,0x200006ba000,4096
30011,u1,1,READ,0x100006ab000,4096
30015,u3,3,READ,0x300006b2000,4096
30026,u2,2,READ,0x200006bb000,4096
30028,u0,0,READ,0x6b0000,4096
30030,u1,1,READ,0x100006ac000,4096
30037,u3,3,READ,0x300006b3000,4096
30039,u0,0,READ,0x6b1000,4096
30050,u0,0,READ,0x6b2000,4096
30050,u2,2,READ,0x200006bc000,4096
30052,u1,1,READ,0x100006ad000,4096
30057,u3,3,READ,0x300006b4000,4096
30064,u1,1,READ,0x100006ae000,4096
30071,u3,3,READ,0x300006b5000,4096
30075,u0,0,READ,0x6b3000,4096
30075,u2,2,READ,0x200006bd000,4096
30088,u1,1,READ,0x100006af000,4096
30094,u2,2,READ,0x200006be000,4096
30095,u3,3,READ,0x300006b6000,4096
30099,u1,1,READ,0x100006b0000,4096
30100,u0,0,WRITE,0x6b4000,4096
30114,u0,0,READ,0x6b5000,4096
30116,u2,2,READ,0x200006bf000,4096
30118,u3,3,READ,0x300006b7000,4096
30122,u1,1,READ,0x100006b1000,4096
30133,u0,0,READ,0x6b6000,4096
30133,u2,2,READ,0x200006c0000,4096
30138,u3,3,READ,0x300006b8000,4096
30140,u1,1,READ,0x100006b2000,4096
30144,u0,0,READ,0x6b7000,4096
30146,u2,2,READ,0x200006c1000,4096
30154,u3,3,READ,0x300006b9000,4096
30156,u2,2,READ,0x200006c2000,4096
30157,u1,1,READ,0x100006b3000,4096
30169,u0,0,READ,0x6b8000,4096
30177,u3,3,READ,0x300006ba000,4096
30180,u2,2,READ,0x200006c3000,4096
30182,u1,1,READ,0x100006b4000,4096
30189,u3,3,READ,0x300006bb000,4096
30190,u0,0,READ,0x6b9000,4096
30198,u2,2,READ,0x200006c4000,4096
30199,u3,3,READ,0x300006bc000,4096
30201,u1,1,READ,0x100006b5000,4096
30203,u0,0,READ,0x6ba000,4096
30215,u2,2,READ,0x200006c5000,4096
30216,u1,1,READ,0x100006b6000,4096
30222,u3,3,READ,0x300006bd000,4096
30223,u0,0,READ,0x6bb000,4096
30228,u1,1,READ,0x100006b7000,4096
30232,u2,2,READ,0x200006c6000,4096
30233,u3,3,WRITE,0x300006be000,4096
30234,u0,0,READ,0x6bc000,4096
30244,u2,2,READ,0x200006c7000,4096
30244,u3,3,READ,0x300006bf000,4096
30249,u0,0,READ,0x6bd000,4096
30250,u1,1,READ,0x100006b8000,4096
30257,u3,3,READ,0x300006c0000,4096
30261,u1,1,READ,0x100006b9000,4096
30268,u0,0,READ,0x6be000,4096
30268,u2,2,READ,0x200006c8000,4096
30282,u0,0,READ,0x6bf000,4096
30282,u1,1,READ,0x100006ba000,4096
30282,u3,3,READ,0x300006c1000,4096
30292,u2,2,READ,0x200006c9000,4096
30302,u1,1,READ,0x100006bb000,4096
30303,u3,3,READ,0x300006c2000,4096
30304,u0,0,READ,0x6c0000,4096
30312,u2,2,READ,0x200006ca000,4096
30314,u3,3,READ,0x300006c3000,4096
30322,u0,0,READ,0x6c1000,4096
30323,u1,1,WRITE,0x100006bc000,4096
30328,u2,2,READ,0x200006cb000,4096
30334,u1,1,READ,0x100006bd000,4096
30336,u3,3,READ,0x300006c4000,4096
30345,u0,0,READ,0x6c2000,4096
30345,u2,2,READ,0x200006cc000,4096
30352,u1,1,READ,0x100006be000,4096
30358,u3,3,READ,0x300006c5000,4096
30362,u2,2,READ,0x200006cd000,4096
30363,u0,0,READ,0x6c3000,4096
30373,u0,0,READ,0x6c4000,4096
30373,u1,1,READ,0x100006bf000,4096
30382,u2,2,READ,0x200006ce000,4096
30383,u3,3,READ,0x300006c6000,4096
30385,u0,0,READ,0x6c5000,4096
30395,u0,0,READ,0x6c6000,4096
30396,u1,1,WRITE,0x100006c0000,4096
30398,u2,2,READ,0x200006cf000,4096
30399,u3,3,WRITE,0x300006c7000,4096
30406,u0,0,READ,0x6c7000,4096
30412,u2,2,READ,0x200006d0000,4096
30416,u1,1,READ,0x100006c1000,4096
30420,u3,3,WRITE,0x300006c8000,4096
30423,u2,2,READ,0x200006d1000,4096
30430,u0,0,WRITE,0x6c8000,4096
30432,u1,1,READ,0x100006c2000,4096
30436,u3,3,READ,0x300006c9000,4096
30445,u0,0,READ,0x6c9000,4096
30448,u2,2,READ,0x200006d2000,4096
30455,u1,1,READ,0x100006c3000,4096
30458,u0,0,READ,0x6ca000,4096
30460,u2,2,READ,0x200006d3000,4096
30460,u3,3,READ,0x300006ca000,4096
30468,u0,0,READ,0x6cb000,4096
30471,u2,2,READ,0x200006d4000,4096
30472,u1,1,READ,0x100006c4000,4096
30479,u3,3,READ,0x300006cb000,4096
30481,u0,0,READ,0x6cc000,4096
30489,u1,1,READ,0x100006c5000,4096
30491,u2,2,READ,0x200006d5000,4096
30492,u3,3,READ,0x300006cc000,4096
30500,u1,1,READ,0x100006c6000,4096
30503,u0,0,READ,0x6cd000,4096
30504,u2,2,READ,0x200006d6000,4096
30504,u3,3,READ,0x300006cd000,4096
30513,u0,0,READ,0x6ce000,4096
30517,u1,1,READ,0x100006c7000,4096
30517,u2,2,READ,0x200006d7000,4096
30521,u3,3,READ,0x300006ce000,4096
30533,u1,1,READ,0x100006c8000,4096
30534,u3,3,READ,0x300006cf000,4096
30538,u0,0,READ,0x6cf000,4096
30538,u2,2,READ,0x200006d8000,4096
30549,u1,1,READ,0x100006c9000,4096
30554,u0,0,READ,0x6d0000,4096
30554,u2,2,READ,0x200006d9000,4096
30558,u3,3,READ,0x300006d0000,4096
30563,u1,1,READ,0x100006ca000,4096
30568,u0,0,READ,0x6d1000,4096
30573,u2,2,READ,0x200006da000,4096
30574,u3,3,READ,0x300006d1000,4096
30578,u1,1,READ,0x100006cb000,4096
30582,u0,0,READ,0x6d2000,4096
30584,u2,2,WRITE,0x200006db000,4096
30590,u3,3,READ,0x300006d2000,4096
30596,u0,0,READ,0x6d3000,4096
30600,u1,1,READ,0x100006cc000,4096
30603,u2,2,READ,0x200006dc000,4096
30604,u3,3,READ,0x300006d3000,4096
30620,u1,1,WRITE,0x100006cd000,4096
30620,u2,2,READ,0x200006dd000,4096
30621,u0,0,READ,0x6d4000,4096
30623,u3,3,READ,0x300006d4000,4096
30631,u2,2,READ,0x200006de000,4096
30640,u3,3,READ,0x300006d5000,4096
30643,u0,0,READ,0x6d5000,4096
30643,u1,1,READ,0x100006ce000,4096
30653,u0,0,READ,0x6d6000,4096
30654,u2,2,READ,0x200006df000,4096
30656,u3,3,READ,0x300006d6000,4096
30668,u1,1,READ,0x100006cf000,4096
30669,u0,0,READ,0x6d7000,4096
30676,u2,2,READ,0x200006e0000,4096
30678,u3,3,READ,0x300006d7000,4096
30682,u0,0,READ,0x6d8000,4096
30684,u1,1,READ,0x100006d0000,4096
30694,u3,3,READ,0x300006d8000,4096
30695,u1,1,WRITE,0x100006d1000,4096
30698,u2,2,READ,0x200006e1000,4096
30703,u0,0,READ,0x6d9000,4096
30711,u3,3,READ,0x300006d9000,4096
30715,u1,1,READ,0x100006d2000,4096
30720,u2,2,READ,0x200006e2000,4096
30721,u0,0,READ,0x6da000,4096
30728,u3,3,READ,0x300006da000,4096
30731,u0,0,READ,0x6db000,4096
30740,u1,1,READ,0x100006d3000,4096
30743,u2,2,READ,0x200006e3000,4096
30746,u3,3,READ,0x300006db000,4096
30751,u0,0,READ,0x6dc000,4096
30754,u1,1,READ,0x100006d4000,4096
30758,u2,2,READ,0x200006e4000,4096
30762,u3,3,READ,0x300006dc000,4096
30765,u0,0,READ,0x6dd000,4096
30772,u1,1,WRITE,0x100006d5000,4096
30776,u2,2,READ,0x200006e5000,4096
30785,u3,3,READ,0x300006dd000,4096
30786,u2,2,READ,0x200006e6000,4096
30790,u0,0,READ,0x6de000,4096
30795,u1,1,READ,0x100006d6000,4096
30800,u2,2,READ,0x200006e7000,4096
30802,u0,0,WRITE,0x6df000,4096
30805,u3,3,READ,0x300006de000,4096
30808,u1,1,READ,0x100006d7000,4096
30814,u0,0,READ,0x6e0000,4096
30818,u2,2,READ,0x200006e8000,4096
30822,u1,1,READ,0x100006d8000,4096
30824,u0,0,WRITE,0x6e1000,4096
30824,u3,3,READ,0x300006df000,4096
30830,u2,2,READ,0x200006e9000,4096
30838,u1,1,READ,0x100006d9000,4096
30844,u3,3,READ,0x300006e0000,4096
30848,u0,0,READ,0x6e2000,4096
30848,u2,2,READ,0x200006ea000,4096
30854,u1,1,READ,0x100006da000,4096
30859,u0,0,READ,0x6e3000,4096
30860,u2,2,READ,0x200006eb000,4096
30866,u3,3,READ,0x300006e1000,4096
30872,u1,1,READ,0x100006db000,4096
30873,u0,0,READ,0x6e4000,4096
30874,u2,2,READ,0x200006ec000,4096
30882,u1,1,READ,0x100006dc000,4096
30890,u0,0,READ,0x6e5000,4096
30890,u3,3,READ,0x300006e2000,4096
30894,u1,1,READ,0x100006dd000,4096
30899,u2,2,READ,0x200006ed000,4096
30904,u1,1,READ,0x100006de000,4096
30904,u3,3,READ,0x300006e3000,4096
30907,u0,0,READ,0x6e6000,4096
30910,u2,2,READ,0x200006ee000,4096
30920,u2,2,READ,0x200006ef000,4096
30921,u3,3,WRITE,0x300006e4000,4096
30926,u1,1,READ,0x100006df000,4096
30931,u0,0,READ,0x6e7000,4096
30934,u2,2,READ,0x200006f0000,4096
30941,u1,1,WRITE,0x100006e0000,4096
30942,u3,3,READ,0x300006e5000,4096
30949,u0,0,READ,0x6e8000,4096
30958,u2,2,READ,0x200006f1000,4096
30961,u0,0,READ,0x6e9000,4096
30964,u1,1,READ,0x100006e1000,4096
30964,u3,3,READ,0x300006e6000,4096
30974,u3,3,READ,0x300006e7000,4096
30979,u1,1,READ,0x100006e2000,4096
30981,u0,0,READ,0x6ea000,4096
30982,u2,2,READ,0x200006f2000,4096
30991,u1,1,READ,0x100006e3000,4096
30997,u3,3,WRITE,0x300006e8000,4096
30999,u2,2,READ,0x200006f3000,4096
31001,u1,1,READ,0x100006e4000,4096
31004,u0,0,WRITE,0x6eb000,4096
31012,u2,2,READ,0x200006f4000,4096
31017,u0,0,READ,0x6ec000,4096
31021,u1,1,WRITE,0x100006e5000,4096
31021,u3,3,READ,0x300006e9000,4096
31022,u2,2,READ,0x200006f5000,4096
31031,u0,0,READ,0x6ed000,4096
31035,u2,2,READ,0x200006f6000,4096
31037,u3,3,READ,0x300006ea000,4096
31041,u1,1,READ,0x100006e6000,4096
31048,u2,2,READ,0x200006f7000,4096
31052,u3,3,READ,0x300006eb000,4096
31056,u0,0,READ,0x6ee000,4096
31057,u1,1,READ,0x100006e7000,4096
31058,u2,2,READ,0x200006f8000,4096
31068,u3,3,READ,0x300006ec000,4096
31078,u2,2,READ,0x200006f9000,4096
31080,u0,0,READ,0x6ef000,4096
31081,u1,1,READ,0x100006e8000,4096
31087,u3,3,READ,0x300006ed000,4096
31098,u1,1,READ,0x100006e9000,4096
31099,u0,0,READ,0x6f0000,4096
31102,u2,2,READ,0x200006fa000,4096
31103,u3,3,READ,0x300006ee000,4096
31112,u1,1,READ,0x100006ea000,4096
31117,u3,3,READ,0x300006ef000,4096
31123,u0,0,READ,0x6f1000,4096
31125,u2,2,READ,0x200006fb000,4096
31128,u1,1,READ,0x100006eb000,4096
31128,u3,3,READ,0x300006f0000,4096
31139,u0,0,READ,0x6f2000,4096
31141,u1,1,READ,0x100006ec000,4096
31150,u2,2,READ,0x200006fc000,4096
31152,u3,3,READ,0x300006f1000,4096
31161,u1,1,READ,0x100006ed000,4096
31163,u2,2,WRITE,0x200006fd000,4096
31164,u0,0,READ,0x6f3000,4096
31173,u2,2,READ,0x200006fe000,4096
31174,u3,3,READ,0x300006f2000,4096
31185,u1,1,READ,0x100006ee000,4096
31187,u2,2,READ,0x200006ff000,4096
31189,u0,0,READ,0x6f4000,4096
31197,u3,3,READ,0x300006f3000,4096
31204,u1,1,READ,0x100006ef000,4096
31205,u2,2,READ,0x20000700000,4096
31209,u0,0,READ,0x6f5000,4096
31217,u2,2,READ,0x20000701000,4096
31220,u0,0,READ,0x6f6000,4096
31220,u3,3,WRITE,0x300006f4000,4096
31229,u1,1,READ,0x100006f0000,4096
31234,u2,2,READ,0x20000702000,4096
31242,u0,0,READ,0x6f7000,4096
31244,u3,3,READ,0x300006f5000,4096
31246,u1,1,READ,0x100006f1000,4096
31246,u2,2,READ,0x20000703000,4096
31255,u0,0,READ,0x6f8000,4096
31264,u3,3,READ,0x300006f6000,4096
31268,u2,2,READ,0x20000704000,4096
31270,u1,1,READ,0x100006f2000,4096
31272,u0,0,READ,0x6f9000,4096
31284,u3,3,WRITE,0x300006f7000,4096
31285,u0,0,READ,0x6fa000,4096
31288,u2,2,READ,0x20000705000,4096
31294,u1,1,READ,0x100006f3000,4096
31294,u3,3,READ,0x300006f8000,4096
31295,u0,0,WRITE,0x6fb000,4096
31308,u2,2,READ,0x20000706000,4096
31309,u1,1,READ,0x100006f4000,4096
31314,u3,3,READ,0x300006f9000,4096
31316,u0,0,READ,0x6fc000,4096
31323,u2,2,READ,0x20000707000,4096
31327,u3,3,READ,0x300006fa000,4096
31328,u1,1,READ,0x100006f5000,4096
31336,u0,0,READ,0x6fd000,4096
31342,u2,2,READ,0x20000708000,4096
31344,u1,1,READ,0x100006f6000,4096
31349,u0,0,READ,0x6fe000,4096
31352,u3,3,READ,0x300006fb000,4096
31353,u2,2,READ,0x20000709000,4096
31358,u1,1,READ,0x100006f7000,4096
31363,u0,0,READ,0x6ff000,4096
31365,u2,2,READ,0x2000070a000,4096
31374,u3,3,READ,0x300006fc000,4096
31380,u2,2,READ,0x2000070b000,4096
31381,u1,1,READ,0x100006f8000,4096
31385,u0,0,READ,0x700000,4096
31392,u2,2,READ,0x2000070c000,4096
31394,u1,1,READ,0x100006f9000,4096
31394,u3,3,READ,0x300006fd000,4096
31395,u0,0,READ,0x701000,4096
31409,u3,3,READ,0x300006fe000,4096
31410,u1,1,READ,0x100006fa000,4096
31414,u0,0,READ,0x702000,4096
31415,u2,2,READ,0x2000070d000,4096
31429,u2,2,READ,0x2000070e000,4096
31429,u3,3,WRITE,0x300006ff000,4096
31431,u0,0,READ,0x703000,4096
31431,u1,1,WRITE,0x100006fb000,4096
31441,u2,2,WRITE,0x2000070f000,4096
31442,u1,1,WRITE,0x100006fc000,4096
31442,u3,3,READ,0x30000700000,4096
31456,u0,0,READ,0x704000,4096
31458,u3,3,READ,0x30000701000,4096
31459,u2,2,READ,0x20000710000,4096
31461,u1,1,READ,0x100006fd000,4096
31468,u0,0,READ,0x705000,4096
31481,u3,3,READ,0x30000702000,4096
31482,u0,0,READ,0x706000,4096
31484,u2,2,READ,0x20000711000,4096
31486,u1,1,READ,0x100006fe000,4096
31499,u1,1,READ,0x100006ff000,4096
31499,u3,3,READ,0x30000703000,4096
31503,u0,0,READ,0x707000,4096
31507,u2,2,READ,0x20000712000,4096
31514,u1,1,READ,0x10000700000,4096
31521,u0,0,READ,0x708000,4096
31521,u3,3,READ,0x30000704000,4096
31522,u2,2,READ,0x20000713000,4096
31530,u1,1,READ,0x10000701000,4096
31532,u2,2,READ,0x20000714000,4096
31537,u3,3,READ,0x30000705000,4096
31543,u2,2,READ,0x20000715000,4096
31546,u0,0,READ,0x709000,4096
31552,u3,3,READ,0x30000706000,4096
31555,u1,1,READ,0x10000702000,4096
31563,u2,2,READ,0x20000716000,4096
31569,u0,0,READ,0x70a000,4096
31573,u1,1,READ,0x10000703000,4096
31576,u3,3,READ,0x30000707000,4096
31577,u2,2,READ,0x20000717000,4096
31594,u0,0,READ,0x70b000,4096
31594,u2,2,WRITE,0x20000718000,4096
31597,u1,1,READ,0x10000704000,4096
31600,u3,3,READ,0x30000708000,4096
31616,u2,2,READ,0x20000719000,4096
31617,u1,1,READ,0x10000705000,4096
31618,u0,0,READ,0x70c000,4096
31619,u3,3,READ,0x30000709000,4096
31630,u2,2,WRITE,0x2000071a000,4096
31635,u1,1,READ,0x10000706000,4096
31638,u3,3,READ,0x3000070a000,4096
31639,u0,0,READ,0x70d000,4096
31652,u2,2,READ,0x2000071b000,4096
31655,u1,1,READ,0x10000707000,4096
31656,u0,0,READ,0x70e000,4096
31656,u3,3,READ,0x3000070b000,4096
31667,u0,0,WRITE,0x70f000,4096
31668,u2,2,READ,0x2000071c000,4096
31672,u1,1,READ,0x10000708000,4096
31679,u3,3,READ,0x3000070c000,4096
31691,u0,0,READ,0x710000,4096
31692,u1,1,READ,0x10000709000,4096
31693,u2,2,READ,0x2000071d000,4096
31699,u3,3,READ,0x3000070d000,4096
31701,u0,0,READ,0x711000,4096
31702,u1,1,READ,0x1000070a000,4096
31711,u0,0,READ,0x712000,4096
31718,u2,2,READ,0x2000071e000,4096
31720,u3,3,READ,0x3000070e000,4096
31722,u0,0,WRITE,0x713000,4096
31722,u1,1,READ,0x1000070b000,4096
31733,u3,3,READ,0x3000070f000,4096
31735,u2,2,READ,0x2000071f000,4096
31744,u0,0,READ,0x714000,4096
31747,u1,1,READ,0x1000070c000,4096
31748,u3,3,READ,0x30000710000,4096
31756,u0,0,READ,0x715000,4096
31756,u2,2,READ,0x20000720000,4096
31766,u2,2,READ,0x20000721000,4096
31768,u3,3,READ,0x30000711000,4096
31771,u1,1,READ,0x1000070d000,4096
31780,u0,0,READ,0x716000,4096
31784,u1,1,READ,0x1000070e000,4096
31784,u3,3,READ,0x30000712000,4096
31787,u2,2,READ,0x20000722000,4096
31792,u0,0,READ,0x717000,4096
31794,u1,1,READ,0x1000070f000,4096
31796,u3,3,READ,0x30000713000,4096
31804,u2,2,READ,0x20000723000,4096
31805,u1,1,READ,0x10000710000,4096
31809,u0,0,READ,0x718000,4096
31817,u2,2,READ,0x20000724000,4096
31820,u3,3,READ,0x30000714000,4096
31825,u0,0,READ,0x719000,4096
31828,u1,1,READ,0x10000711000,4096
31832,u2,2,READ,0x20000725000,4096
31832,u3,3,READ,0x30000715000,4096
31837,u0,0,READ,0x71a000,4096
31846,u1,1,READ,0x10000712000,4096
31849,u3,3,READ,0x30000716000,4096
31855,u2,2,READ,0x20000726000,4096
31856,u0,0,READ,0x71b000,4096
31856,u1,1,READ,0x10000713000,4096
31866,u1,1,READ,0x10000714000,4096
31867,u3,3,READ,0x30000717000,4096
31868,u2,2,READ,0x20000727000,4096
31877,u1,1,READ,0x10000715000,4096
31880,u0,0,READ,0x71c000,4096
31885,u3,3,READ,0x30000718000,4096
31889,u2,2,READ,0x20000728000,4096
31890,u1,1,READ,0x10000716000,4096
31898,u0,0,READ,0x71d000,4096
31900,u1,1,READ,0x10000717000,4096
31901,u3,3,READ,0x30000719000,4096
31912,u2,2,WRITE,0x20000729000,4096
31914,u3,3,READ,0x3000071a000,4096
31919,u1,1,READ,0x10000718000,4096
31923,u0,0,READ,0x71e000,4096
31929,u1,1,READ,0x10000719000,4096
31935,u3,3,READ,0x3000071b000,4096
31936,u2,2,READ,0x2000072a000,4096
31944,u0,0,READ,0x71f000,4096
31948,u2,2,READ,0x2000072b000,4096
31954,u1,1,READ,0x1000071a000,4096
31959,u3,3,READ,0x3000071c000,4096
31967,u0,0,READ,0x720000,4096
31970,u2,2,READ,0x2000072c000,4096
31972,u1,1,READ,0x1000071b000,4096
31977,u3,3,READ,0x3000071d000,4096
31985,u2,2,READ,0x2000072d000,4096
31987,u1,1,READ,0x1000071c000,4096
31988,u0,0,READ,0x721000,4096
31996,u3,3,READ,0x3000071e000,4096
32006,u2,2,READ,0x2000072e000,4096
32007,u0,0,READ,0x722000,4096
32011,u1,1,WRITE,0x1000071d000,4096
32013,u3,3,READ,0x3000071f000,4096
32016,u2,2,READ,0x2000072f000,4096
32026,u1,1,READ,0x1000071e000,4096
32026,u3,3,READ,0x30000720000,4096
32029,u0,0,READ,0x723000,4096
32036,u1,1,READ,0x1000071f000,4096
32041,u2,2,READ,0x20000730000,4096
32049,u0,0,READ,0x724000,4096
32050,u3,3,READ,0x30000721000,4096
32052,u1,1,READ,0x10000720000,4096
32062,u2,2,READ,0x20000731000,4096
32067,u3,3,READ,0x30000722000,4096
32070,u0,0,READ,0x725000,4096
32072,u1,1,READ,0x10000721000,4096
32079,u3,3,WRITE,0x30000723000,4096
32083,u2,2,READ,0x20000732000,4096
32089,u0,0,READ,0x726000,4096
32093,u3,3,READ,0x30000724000,4096
32096,u2,2,READ,0x20000733000,4096
32097,u1,1,READ,0x10000722000,4096
32111,u0,0,READ,0x727000,4096
32111,u3,3,READ,0x30000725000,4096
32118,u1,1,READ,0x10000723000,4096
32118,u2,2,READ,0x20000734000,4096
32128,u1,1,READ,0x10000724000,4096
32131,u3,3,READ,0x30000726000,4096
32135,u0,0,READ,0x728000,4096
32141,u2,2,READ,0x20000735000,4096
32148,u0,0,READ,0x729000,4096
32148,u1,1,READ,0x10000725000,4096
32155,u3,3,READ,0x30000727000,4096
32157,u2,2,READ,0x20000736000,4096
32159,u0,0,READ,0x72a000,4096
32171,u1,1,READ,0x10000726000,4096
32174,u0,0,READ,0x72b000,4096
32178,u2,2,READ,0x20000737000,4096
32180,u3,3,READ,0x30000728000,4096
32190,u1,1,READ,0x10000727000,4096
32194,u3,3,READ,0x30000729000,4096
32198,u0,0,READ,0x72c000,4096
32200,u1,1,READ,0x10000728000,4096
32200,u2,2,READ,0x20000738000,4096
32211,u3,3,READ,0x3000072a000,4096
32218,u1,1,READ,0x10000729000,4096
32219,u0,0,READ,0x72d000,4096
32219,u2,2,READ,0x20000739000,4096
32222,u3,3,READ,0x3000072b000,4096
32230,u0,0,READ,0x72e000,4096
32233,u3,3,READ,0x3000072c000,4096
32239,u2,2,READ,0x2000073a000,4096
32243,u1,1,READ,0x1000072a000,4096
32250,u0,0,READ,0x72f000,4096
32252,u3,3,READ,0x3000072d000,4096
32258,u1,1,READ,0x1000072b000,4096
32258,u2,2,READ,0x2000073b000,4096
32263,u3,3,READ,0x3000072e000,4096
32266,u0,0,READ,0x730000,4096
32275,u1,1,READ,0x1000072c000,4096
32279,u2,2,READ,0x2000073c000,4096
32288,u3,3,READ,0x3000072f000,4096
32289,u0,0,WRITE,0x731000,4096
32299,u1,1,READ,0x1000072d000,4096
32301,u0,0,READ,0x732000,4096
32303,u2,2,READ,0x2000073d000,4096
32303,u3,3,READ,0x30000730000,4096
32315,u2,2,READ,0x2000073e000,4096
32317,u3,3,READ,0x30000731000,4096
32319,u1,1,READ,0x1000072e000,4096
32323,u0,0,READ,0x733000,4096
32327,u2,2,READ,0x2000073f000,4096
32328,u3,3,READ,0x30000732000,4096
32339,u1,1,READ,0x1000072f000,4096
32344,u0,0,READ,0x734000,4096
32344,u2,2,READ,0x20000740000,4096
32346,u3,3,READ,0x30000733000,4096
32356,u2,2,READ,0x20000741000,4096
32356,u3,3,READ,0x30000734000,4096
32359,u1,1,READ,0x10000730000,4096
32365,u0,0,READ,0x735000,4096
32372,u2,2,READ,0x20000742000,4096
32372,u3,3,READ,0x30000735000,4096
32383,u0,0,READ,0x736000,4096
32383,u1,1,READ,0x10000731000,4096
32391,u3,3,READ,0x30000736000,4096
32396,u2,2,READ,0x20000743000,4096
32400,u1,1,READ,0x10000732000,4096
32404,u3,3,READ,0x30000737000,4096
32408,u0,0,READ,0x737000,4096
32415,u3,3,READ,0x30000738000,4096
32418,u2,2,READ,0x20000744000,4096
32423,u1,1,READ,0x10000733000,4096
32429,u2,2,READ,0x20000745000,4096
32429,u3,3,READ,0x30000739000,4096
32432,u0,0,READ,0x738000,4096
32442,u0,0,READ,0x739000,4096
32443,u1,1,READ,0x10000734000,4096
32449,u2,2,READ,0x20000746000,4096
32451,u3,3,READ,0x3000073a000,4096
32456,u1,1,READ,0x10000735000,4096
32461,u2,2,READ,0x20000747000,4096
32466,u0,0,READ,0x73a000,4096
32467,u1,1,READ,0x10000736000,4096
32470,u3,3,WRITE,0x3000073b000,4096
32476,u0,0,READ,0x73b000,4096
32481,u1,1,READ,0x10000737000,4096
32483,u3,3,READ,0x3000073c000,4096
32486,u2,2,READ,0x20000748000,4096
32492,u0,0,READ,0x73c000,4096
32497,u1,1,READ,0x10000738000,4096
32497,u3,3,READ,0x3000073d000,4096
32502,u0,0,READ,0x73d000,4096
32509,u3,3,READ,0x3000073e000,4096
32510,u1,1,READ,0x10000739000,4096
32510,u2,2,READ,0x20000749000,4096
32520,u0,0,READ,0x73e000,4096
32524,u2,2,READ,0x2000074a000,4096
32528,u1,1,READ,0x1000073a000,4096
32531,u0,0,READ,0x73f000,4096
32532,u3,3,READ,0x3000073f000,4096
32539,u2,2,READ,0x2000074b000,4096
32547,u1,1,READ,0x1000073b000,4096
32551,u3,3,READ,0x30000740000,4096
32555,u0,0,READ,0x740000,4096
32559,u2,2,READ,0x2000074c000,4096
32568,u3,3,READ,0x30000741000,4096
32569,u0,0,READ,0x741000,4096
32571,u1,1,READ,0x1000073c000,4096
32579,u3,3,READ,0x30000742000,4096
32582,u2,2,READ,0x2000074d000,4096
32587,u1,1,READ,0x1000073d000,4096
32590,u0,0,READ,0x742000,4096
32595,u3,3,READ,0x30000743000,4096
32603,u1,1,READ,0x1000073e000,4096
32605,u2,2,READ,0x2000074e000,4096
32613,u0,0,READ,0x743000,4096
32613,u3,3,READ,0x30000744000,4096
32625,u2,2,READ,0x2000074f000,4096
32627,u1,1,READ,0x1000073f000,4096
32628,u3,3,READ,0x30000745000,4096
32631,u0,0,READ,0x744000,4096
32638,u1,1,READ,0x10000740000,4096
32640,u2,2,READ,0x20000750000,4096
32641,u3,3,READ,0x30000746000,4096
32650,u2,2,READ,0x20000751000,4096
32651,u0,0,READ,0x745000,4096
32652,u3,3,READ,0x30000747000,4096
32654,u1,1,READ,0x10000741000,4096
32665,u1,1,READ,0x10000742000,4096
32665,u3,3,READ,0x30000748000,4096
32666,u0,0,READ,0x746000,4096
32671,u2,2,READ,0x20000752000,4096
32678,u3,3,READ,0x30000749000,4096
32688,u1,1,READ,0x10000743000,4096
32690,u0,0,READ,0x747000,4096
32693,u2,2,READ,0x20000753000,4096
32695,u3,3,READ,0x3000074a000,4096
32712,u0,0,READ,0x748000,4096
32712,u2,2,READ,0x20000754000,4096
32713,u1,1,READ,0x10000744000,4096
32720,u3,3,READ,0x3000074b000,4096
32726,u2,2,READ,0x20000755000,4096
32727,u0,0,READ,0x749000,4096
32734,u3,3,READ,0x3000074c000,4096
32735,u1,1,READ,0x10000745000,4096
32742,u0,0,READ,0x74a000,4096
32745,u1,1,READ,0x10000746000,4096
32745,u3,3,READ,0x3000074d000,4096
32748,u2,2,READ,0x20000756000,4096
32757,u0,0,READ,0x74b000,4096
32761,u2,2,READ,0x20000757000,4096
32766,u3,3,READ,0x3000074e000,4096
32769,u1,1,READ,0x10000747000,4096
32773,u0,0,READ,0x74c000,4096
32777,u3,3,READ,0x3000074f000,4096
32782,u2,2,READ,0x20000758000,4096
32787,u0,0,READ,0x74d000,4096
32793,u1,1,READ,0x10000748000,4096
32799,u3,3,READ,0x30000750000,4096
32804,u2,2,READ,0x20000759000,4096
32807,u0,0,READ,0x74e000,4096
32815,u1,1,READ,0x10000749000,4096
32820,u3,3,READ,0x30000751000,4096
32821,u0,0,READ,0x74f000,4096
32821,u2,2,READ,0x2000075a000,4096
32827,u1,1,READ,0x1000074a000,4096
32831,u3,3,READ,0x30000752000,4096
32837,u1,1,READ,0x1000074b000,4096
32838,u0,0,READ,0x750000,4096
32838,u2,2,READ,0x2000075b000,4096
32847,u3,3,READ,0x30000753000,4096
32848,u2,2,READ,0x2000075c000,4096
32853,u1,1,READ,0x1000074c000,4096
32855,u0,0,READ,0x751000,4096
32859,u2,2,READ,0x2000075d000,4096
32864,u3,3,READ,0x30000754000,4096
32867,u1,1,READ,0x1000074d000,4096
32877,u3,3,READ,0x30000755000,4096
32880,u0,0,READ,0x752000,4096
32882,u2,2,READ,0x2000075e000,4096
32884,u1,1,READ,0x1000074e000,4096
32897,u0,0,READ,0x753000,4096
32899,u3,3,READ,0x30000756000,4096
32900,u2,2,READ,0x2000075f000,4096
32902,u1,1,READ,0x1000074f000,4096
32911,u3,3,READ,0x30000757000,4096
32916,u1,1,READ,0x10000750000,4096
32916,u2,2,READ,0x20000760000,4096
32922,u0,0,READ,0x754000,4096
32926,u2,2,READ,0x20000761000,4096
32928,u1,1,READ,0x10000751000,4096
32930,u3,3,WRITE,0x30000758000,4096
32940,u1,1,READ,0x10000752000,4096
32944,u0,0,READ,0x755000,4096
32946,u3,3,READ,0x30000759000,4096
32950,u2,2,READ,0x20000762000,4096
32957,u0,0,READ,0x756000,4096
32961,u1,1,WRITE,0x10000753000,4096
32966,u3,3,READ,0x3000075a000,4096
32969,u2,2,READ,0x20000763000,4096
32971,u1,1,READ,0x10000754000,4096
32974,u0,0,READ,0x757000,4096
32981,u3,3,READ,0x3000075b000,4096
32984,u0,0,READ,0x758000,4096
32988,u1,1,READ,0x10000755000,4096
32990,u2,2,READ,0x20000764000,4096
32997,u3,3,READ,0x3000075c000,4096
33005,u2,2,READ,0x20000765000,4096
33008,u0,0,READ,0x759000,4096
33008,u1,1,READ,0x10000756000,4096
33018,u3,3,READ,0x3000075d000,4096
33024,u0,0,READ,0x75a000,4096
33025,u2,2,READ,0x20000766000,4096
33031,u1,1,READ,0x10000757000,4096
33042,u0,0,READ,0x75b000,4096
33042,u3,3,READ,0x3000075e000,4096
33050,u2,2,READ,0x20000767000,4096
33051,u1,1,READ,0x10000758000,4096
33060,u0,0,READ,0x75c000,4096
33061,u3,3,READ,0x3000075f000,4096
33067,u1,1,READ,0x10000759000,4096
33073,u2,2,READ,0x20000768000,4096
33077,u1,1,READ,0x1000075a000,4096
33082,u0,0,READ,0x75d000,4096
33082,u3,3,READ,0x30000760000,4096
33093,u2,2,READ,0x20000769000,4096
33095,u1,1,READ,0x1000075b000,4096
33103,u0,0,READ,0x75e000,4096
33104,u3,3,READ,0x30000761000,4096
33108,u1,1,READ,0x1000075c000,4096
33116,u2,2,WRITE,0x2000076a000,4096
33121,u0,0,READ,0x75f000,4096
33122,u3,3,READ,0x30000762000,4096
33130,u1,1,READ,0x1000075d000,4096
33131,u2,2,READ,0x2000076b000,4096
33135,u3,3,READ,0x30000763000,4096
33141,u1,1,READ,0x1000075e000,4096
33142,u0,0,READ,0x760000,4096
33149,u2,2,READ,0x2000076c000,4096
33149,u3,3,READ,0x30000764000,4096
33165,u1,1,READ,0x1000075f000,4096
33166,u0,0,READ,0x761000,4096
33169,u2,2,READ,0x2000076d000,4096
33174,u3,3,READ,0x30000765000,4096
33177,u1,1,READ,0x10000760000,4096
33187,u1,1,READ,0x10000761000,4096
33190,u2,2,WRITE,0x2000076e000,4096
33191,u0,0,READ,0x762000,4096
33191,u3,3,READ,0x30000766000,4096
33202,u1,1,READ,0x10000762000,4096
33202,u2,2,READ,0x2000076f000,4096
33207,u3,3,READ,0x30000767000,4096
33209,u0,0,READ,0x763000,4096
33213,u2,2,READ,0x20000770000,4096
33218,u1,1,READ,0x10000763000,4096
33222,u3,3,READ,0x30000768000,4096
33226,u0,0,READ,0x764000,4096
33237,u2,2,READ,0x20000771000,4096
33238,u3,3,READ,0x30000769000,4096
33241,u1,1,WRITE,0x10000764000,4096
33248,u0,0,READ,0x765000,4096
33252,u3,3,READ,0x3000076a000,4096
33258,u1,1,READ,0x10000765000,4096
33260,u2,2,READ,0x20000772000,4096
33265,u3,3,READ,0x3000076b000,4096
33266,u0,0,READ,0x766000,4096
33273,u2,2,WRITE,0x20000773000,4096
33275,u1,1,READ,0x10000766000,4096
33281,u0,0,READ,0x767000,4096
33282,u3,3,READ,0x3000076c000,4096
33283,u2,2,WRITE,0x20000774000,4096
33287,u1,1,READ,0x10000767000,4096
33294,u2,2,READ,0x20000775000,4096
33299,u1,1,READ,0x10000768000,4096
33299,u3,3,READ,0x3000076d000,4096
33303,u0,0,READ,0x768000,4096
33314,u0,0,WRITE,0x769000,4096
33314,u1,1,READ,0x10000769000,4096
33317,u2,2,READ,0x20000776000,4096
33319,u3,3,READ,0x3000076e000,4096
33332,u2,2,READ,0x20000777000,4096
33336,u1,1,READ,0x1000076a000,4096
33337,u0,0,READ,0x76a000,4096
33343,u2,2,READ,0x20000778000,4096
33343,u3,3,READ,0x3000076f000,4096
33351,u0,0,READ,0x76b000,4096
33353,u1,1,READ,0x1000076b000,4096
33355,u3,3,READ,0x30000770000,4096
33365,u0,0,READ,0x76c000,4096
33367,u2,2,READ,0x20000779000,4096
33369,u1,1,READ,0x1000076c000,4096
33370,u3,3,READ,0x30000771000,4096
33375,u0,0,READ,0x76d000,4096
33380,u1,1,READ,0x1000076d000,4096
33380,u3,3,READ,0x30000772000,4096
33386,u2,2,READ,0x2000077a000,4096
33393,u0,0,WRITE,0x76e000,4096
33398,u2,2,READ,0x2000077b000,4096
33400,u1,1,READ,0x1000076e000,4096
33400,u3,3,READ,0x30000773000,4096
33407,u0,0,READ,0x76f000,4096
33410,u3,3,WRITE,0x30000774000,4096
33411,u1,1,READ,0x1000076f000,4096
33421,u2,2,READ,0x2000077c000,4096
33426,u3,3,READ,0x30000775000,4096
33429,u0,0,READ,0x770000,4096
33433,u1,1,READ,0x10000770000,4096
33439,u2,2,READ,0x2000077d000,4096
33443,u1,1,READ,0x10000771000,4096
33447,u3,3,WRITE,0x30000776000,4096
33448,u0,0,READ,0x771000,4096
33449,u2,2,READ,0x2000077e000,4096
33458,u1,1,READ,0x10000772000,4096
33459,u0,0,READ,0x772000,4096
33463,u3,3,READ,0x30000777000,4096
33470,u2,2,READ,0x2000077f000,4096
33474,u3,3,READ,0x30000778000,4096
33476,u0,0,READ,0x773000,4096
33480,u1,1,READ,0x10000773000,4096
33489,u2,2,READ,0x20000780000,4096
33495,u0,0,READ,0x774000,4096
33498,u1,1,READ,0x10000774000,4096
33498,u3,3,READ,0x30000779000,4096
33509,u3,3,READ,0x3000077a000,4096
33513,u2,2,READ,0x20000781000,4096
33517,u0,0,READ,0x775000,4096
33518,u1,1,READ,0x10000775000,4096
33524,u2,2,READ,0x20000782000,4096
33532,u0,0,READ,0x776000,4096
33533,u3,3,READ,0x3000077b000,4096
33535,u2,2,READ,0x20000783000,4096
33539,u1,1,READ,0x10000776000,4096
33546,u0,0,READ,0x777000,4096
33546,u3,3,READ,0x3000077c000,4096
33551,u2,2,READ,0x20000784000,4096
33562,u3,3,READ,0x3000077d000,4096
33563,u1,1,READ,0x10000777000,4096
33565,u2,2,READ,0x20000785000,4096
33567,u0,0,READ,0x778000,4096
33576,u3,3,READ,0x3000077e000,4096
33577,u1,1,READ,0x10000778000,4096
33587,u0,0,READ,0x779000,4096
33587,u3,3,READ,0x3000077f000,4096
33589,u2,2,READ,0x20000786000,4096
33593,u1,1,READ,0x10000779000,4096
33599,u3,3,READ,0x30000780000,4096
33602,u0,0,READ,0x77a000,4096
33605,u2,2,READ,0x20000787000,4096
33618,u1,1,READ,0x1000077a000,4096
33619,u3,3,READ,0x30000781000,4096
33625,u0,0,READ,0x77b000,4096
33627,u2,2,READ,0x20000788000,4096
33630,u1,1,READ,0x1000077b000,4096
33633,u3,3,READ,0x30000782000,4096
33640,u0,0,READ,0x77c000,4096
33640,u1,1,READ,0x1000077c000,4096
33648,u3,3,READ,0x30000783000,4096
33650,u2,2,READ,0x20000789000,4096
33655,u0,0,READ,0x77d000,4096
33664,u1,1,READ,0x1000077d000,4096
33671,u3,3,READ,0x30000784000,4096
33672,u2,2,READ,0x2000078a000,4096
33679,u0,0,READ,0x77e000,4096
33686,u2,2,READ,0x2000078b000,4096
33687,u1,1,READ,0x1000077e000,4096
33690,u3,3,READ,0x30000785000,4096
33697,u0,0,READ,0x77f000,4096
33700,u2,2,READ,0x2000078c000,4096
33705,u1,1,READ,0x1000077f000,4096
33708,u3,3,READ,0x30000786000,4096
33711,u0,0,READ,0x780000,4096
33715,u2,2,READ,0x2000078d000,4096
33723,u1,1,READ,0x10000780000,4096
33728,u2,2,READ,0x2000078e000,4096
33730,u0,0,READ,0x781000,4096
33733,u3,3,READ,0x30000787000,4096
33738,u2,2,READ,0x2000078f000,4096
33743,u1,1,READ,0x10000781000,4096
33747,u0,0,READ,0x782000,4096
33753,u3,3,WRITE,0x30000788000,4096
33754,u2,2,READ,0x20000790000,4096
33755,u1,1,READ,0x10000782000,4096
33762,u0,0,READ,0x783000,4096
33768,u2,2,READ,0x20000791000,4096
33775,u3,3,READ,0x30000789000,4096
33779,u1,1,READ,0x10000783000,4096
33781,u0,0,READ,0x784000,4096
33788,u2,2,READ,0x20000792000,4096
33789,u1,1,READ,0x10000784000,4096
33793,u0,0,READ,0x785000,4096
33799,u3,3,READ,0x3000078a000,4096
33808,u1,1,READ,0x10000785000,4096
33812,u2,2,READ,0x20000793000,4096
33813,u0,0,READ,0x786000,4096
33820,u3,3,READ,0x3000078b000,4096
33822,u1,1,READ,0x10000786000,4096
33828,u0,0,READ,0x787000,4096
33831,u2,2,READ,0x20000794000,4096
33843,u1,1,READ,0x10000787000,4096
33844,u2,2,READ,0x20000795000,4096
33845,u3,3,READ,0x3000078c000,4096
33848,u0,0,READ,0x788000,4096
33854,u2,2,READ,0x20000796000,4096
33859,u3,3,READ,0x3000078d000,4096
33866,u0,0,READ,0x789000,4096
33866,u1,1,READ,0x10000788000,4096
33873,u3,3,READ,0x3000078e000,4096
33876,u0,0,READ,0x78a000,4096
33876,u2,2,READ,0x20000797000,4096
33883,u1,1,READ,0x10000789000,4096
33886,u0,0,READ,0x78b000,4096
33895,u2,2,READ,0x20000798000,4096
33895,u3,3,READ,0x3000078f000,4096
33899,u1,1,READ,0x1000078a000,4096
33906,u0,0,READ,0x78c000,4096
33908,u2,2,READ,0x20000799000,4096
33911,u1,1,READ,0x1000078b000,4096
33919,u3,3,READ,0x30000790000,4096
33926,u1,1,READ,0x1000078c000,4096
33927,u2,2,READ,0x2000079a000,4096
33930,u0,0,READ,0x78d000,4096
33939,u3,3,READ,0x30000791000,4096
33942,u2,2,READ,0x2000079b000,4096
33947,u1,1,READ,0x1000078d000,4096
33952,u2,2,READ,0x2000079c000,4096
33953,u0,0,READ,0x78e000,4096
33964,u3,3,READ,0x30000792000,4096
33970,u2,2,WRITE,0x2000079d000,4096
33971,u1,1,READ,0x1000078e000,4096
33975,u0,0,READ,0x78f000,4096
33982,u3,3,READ,0x30000793000,4096
33983,u1,1,READ,0x1000078f000,4096
33993,u2,2,READ,0x2000079e000,4096
33994,u0,0,READ,0x790000,4096
33999,u1,1,READ,0x10000790000,4096
34002,u3,3,READ,0x30000794000,4096
34003,u2,2,READ,0x2000079f000,4096
34008,u0,0,READ,0x791000,4096
34009,u1,1,READ,0x10000791000,4096
34016,u2,2,READ,0x200007a0000,4096
34017,u3,3,READ,0x30000795000,4096
34026,u2,2,READ,0x200007a1000,4096
34029,u0,0,READ,0x792000,4096
34029,u1,1,READ,0x10000792000,4096
34040,u0,0,READ,0x793000,4096
34041,u3,3,READ,0x30000796000,4096
34043,u2,2,READ,0x200007a2000,4096
34054,u1,1,READ,0x10000793000,4096
34054,u3,3,READ,0x30000797000,4096
34057,u0,0,READ,0x794000,4096
34063,u2,2,READ,0x200007a3000,4096
34065,u1,1,READ,0x10000794000,4096
34065,u3,3,READ,0x30000798000,4096
34070,u0,0,READ,0x795000,4096
34078,u1,1,READ,0x10000795000,4096
34080,u2,2,WRITE,0x200007a4000,4096
34085,u3,3,READ,0x30000799000,4096
34089,u0,0,READ,0x796000,4096
34094,u1,1,READ,0x10000796000,4096
34096,u3,3,READ,0x3000079a000,4096
34099,u2,2,READ,0x200007a5000,4096
34104,u0,0,READ,0x797000,4096
34112,u2,2,READ,0x200007a6000,4096
34115,u0,0,READ,0x798000,4096
34117,u1,1,READ,0x10000797000,4096
34118,u3,3,READ,0x3000079b000,4096
34126,u0,0,READ,0x799000,4096
34131,u1,1,READ,0x10000798000,4096
34132,u2,2,READ,0x200007a7000,4096
34142,u1,1,READ,0x10000799000,4096
34143,u3,3,READ,0x3000079c000,4096
34150,u0,0,READ,0x79a000,4096
34154,u2,2,READ,0x200007a8000,4096
34159,u3,3,READ,0x3000079d000,4096
34160,u1,1,READ,0x1000079a000,4096
34169,u2,2,READ,0x200007a9000,4096
34172,u0,0,READ,0x79b000,4096
34177,u1,1,READ,0x1000079b000,4096
34179,u3,3,READ,0x3000079e000,4096
34190,u2,2,READ,0x200007aa000,4096
34193,u0,0,READ,0x79c000,4096
34198,u1,1,READ,0x1000079c000,4096
34200,u3,3,READ,0x3000079f000,4096
34207,u2,2,READ,0x200007ab000,4096
34211,u0,0,READ,0x79d000,4096
34213,u3,3,READ,0x300007a0000,4096
34214,u1,1,READ,0x1000079d000,4096
34220,u2,2,READ,0x200007ac000,4096
34222,u0,0,READ,0x79e000,4096
34226,u3,3,READ,0x300007a1000,4096
34234,u1,1,READ,0x1000079e000,4096
34242,u2,2,READ,0x200007ad000,4096
34243,u0,0,READ,0x79f000,4096
34246,u3,3,READ,0x300007a2000,4096
34254,u2,2,READ,0x200007ae000,4096
34256,u1,1,READ,0x1000079f000,4096
34259,u0,0,READ,0x7a0000,4096
34264,u3,3,WRITE,0x300007a3000,4096
34273,u1,1,READ,0x100007a0000,4096
34274,u0,0,READ,0x7a1000,4096
34279,u2,2,READ,0x200007af000,4096
34279,u3,3,READ,0x300007a4000,4096
34295,u3,3,READ,0x300007a5000,4096
34297,u1,1,READ,0x100007a1000,4096
34299,u0,0,READ,0x7a2000,4096
34300,u2,2,READ,0x200007b0000,4096
34311,u2,2,READ,0x200007b1000,4096
34314,u3,3,READ,0x300007a6000,4096
34315,u0,0,READ,0x7a3000,4096
34322,u1,1,READ,0x100007a2000,4096
34324,u3,3,READ,0x300007a7000,4096
34325,u2,2,READ,0x200007b2000,4096
34328,u0,0,READ,0x7a4000,4096
34337,u1,1,READ,0x100007a3000,4096
34339,u2,2,READ,0x200007b3000,4096
34343,u0,0,READ,0x7a5000,4096
34349,u3,3,READ,0x300007a8000,4096
34357,u2,2,READ,0x200007b4000,4096
34358,u0,0,READ,0x7a6000,4096
34359,u1,1,READ,0x100007a4000,4096
34365,u3,3,READ,0x300007a9000,4096
34375,u2,2,READ,0x200007b5000,4096
34377,u1,1,READ,0x100007a5000,4096
34382,u0,0,READ,0x7a7000,4096
34390,u3,3,READ,0x300007aa000,4096
34392,u1,1,READ,0x100007a6000,4096
34399,u2,2,READ,0x200007b6000,4096
34404,u0,0,READ,0x7a8000,4096
34406,u3,3,READ,0x300007ab000,4096
34417,u0,0,READ,0x7a9000,4096
34417,u1,1,READ,0x100007a7000,4096
34418,u3,3,READ,0x300007ac000,4096
34423,u2,2,READ,0x200007b7000,4096
34427,u0,0,READ,0x7aa000,4096
34428,u1,1,READ,0x100007a8000,4096
34429,u3,3,READ,0x300007ad000,4096
34438,u2,2,READ,0x200007b8000,4096
34439,u3,3,READ,0x300007ae000,4096
34441,u1,1,READ,0x100007a9000,4096
34443,u0,0,READ,0x7ab000,4096
34452,u2,2,READ,0x200007b9000,4096
34463,u1,1,READ,0x100007aa000,4096
34463,u2,2,READ,0x200007ba000,4096
34464,u3,3,READ,0x300007af000,4096
34466,u0,0,READ,0x7ac000,4096
34473,u1,1,READ,0x100007ab000,4096
34474,u3,3,READ,0x300007b0000,4096
34483,u1,1,READ,0x100007ac000,4096
34484,u2,2,READ,0x200007bb000,4096
34484,u3,3,READ,0x300007b1000,4096
34489,u0,0,READ,0x7ad000,4096
34502,u0,0,READ,0x7ae000,4096
34503,u1,1,READ,0x100007ad000,4096
34504,u3,3,READ,0x300007b2000,4096
34507,u2,2,READ,0x200007bc000,4096
34520,u2,2,READ,0x200007bd000,4096
34521,u0,0,READ,0x7af000,4096
34521,u3,3,READ,0x300007b3000,4096
34526,u1,1,READ,0x100007ae000,4096
34531,u2,2,READ,0x200007be000,4096
34532,u3,3,READ,0x300007b4000,4096
34539,u0,0,READ,0x7b0000,4096
34541,u1,1,READ,0x100007af000,4096
34546,u2,2,READ,0x200007bf000,4096
34556,u0,0,READ,0x7b1000,4096
34557,u3,3,READ,0x300007b5000,4096
34566,u1,1,READ,0x100007b0000,4096
34569,u0,0,READ,0x7b2000,4096
34569,u2,2,READ,0x200007c0000,4096
34578,u1,1,READ,0x100007b1000,4096
34581,u3,3,READ,0x300007b6000,4096
34583,u2,2,READ,0x200007c1000,4096
34592,u0,0,READ,0x7b3000,4096
34596,u3,3,READ,0x300007b7000,4096
34597,u1,1,READ,0x100007b2000,4096
34597,u2,2,READ,0x200007c2000,4096
34602,u0,0,READ,0x7b4000,4096
34609,u3,3,READ,0x300007b8000,4096
34610,u2,2,READ,0x200007c3000,4096
34611,u1,1,READ,0x100007b3000,4096
34614,u0,0,READ,0x7b5000,4096
34624,u2,2,READ,0x200007c4000,4096
34624,u3,3,READ,0x300007b9000,4096
34631,u1,1,READ,0x100007b4000,4096
34632,u0,0,READ,0x7b6000,4096
34635,u2,2,READ,0x200007c5000,4096
34642,u3,3,WRITE,0x300007ba000,4096
34645,u0,0,READ,0x7b7000,4096
34653,u2,2,READ,0x200007c6000,4096
34656,u1,1,WRITE,0x100007b5000,4096
34657,u3,3,READ,0x300007bb000,4096
34664,u0,0,READ,0x7b8000,4096
34671,u2,2,READ,0x200007c7000,4096
34677,u1,1,READ,0x100007b6000,4096
34678,u0,0,READ,0x7b9000,4096
34678,u3,3,READ,0x300007bc000,4096
34689,u1,1,READ,0x100007b7000,4096
34690,u0,0,READ,0x7ba000,4096
34691,u3,3,READ,0x300007bd000,4096
34692,u2,2,READ,0x200007c8000,4096
34702,u0,0,READ,0x7bb000,4096
34712,u3,3,READ,0x300007be000,4096
34713,u1,1,READ,0x100007b8000,4096
34713,u2,2,READ,0x200007c9000,4096
34720,u0,0,READ,0x7bc000,4096
34722,u3,3,READ,0x300007bf000,4096
34728,u1,1,READ,0x100007b9000,4096
34732,u2,2,READ,0x200007ca000,4096
34738,u1,1,READ,0x100007ba000,4096
34739,u0,0,READ,0x7bd000,4096
34744,u3,3,READ,0x300007c0000,4096
34748,u2,2,READ,0x200007cb000,4096
34755,u1,1,READ,0x100007bb000,4096
34763,u0,0,READ,0x7be000,4096
34764,u2,2,READ,0x200007cc000,4096
34765,u1,1,READ,0x100007bc000,4096
34766,u3,3,READ,0x300007c1000,4096
34779,u0,0,READ,0x7bf000,4096
34785,u2,2,READ,0x200007cd000,4096
34788,u3,3,READ,0x300007c2000,4096
34789,u0,0,READ,0x7c0000,4096
34790,u1,1,READ,0x100007bd000,4096
34796,u2,2,READ,0x200007ce000,4096
34810,u1,1,READ,0x100007be000,4096
34810,u2,2,READ,0x200007cf000,4096
34812,u0,0,READ,0x7c1000,4096
34812,u3,3,READ,0x300007c3000,4096
34825,u0,0,READ,0x7c2000,4096
34826,u2,2,READ,0x200007d0000,4096
34827,u1,1,WRITE,0x100007bf000,4096
34829,u3,3,READ,0x300007c4000,4096
34843,u3,3,READ,0x300007c5000,4096
34845,u0,0,READ,0x7c3000,4096
34847,u2,2,READ,0x200007d1000,4096
34848,u1,1,WRITE,0x100007c0000,4096
34861,u3,3,READ,0x300007c6000,4096
34866,u0,0,READ,0x7c4000,4096
34866,u1,1,READ,0x100007c1000,4096
34870,u2,2,READ,0x200007d2000,4096
34875,u3,3,READ,0x300007c7000,4096
34880,u1,1,READ,0x100007c2000,4096
34884,u0,0,READ,0x7c5000,4096
34893,u1,1,READ,0x100007c3000,4096
34893,u2,2,READ,0x200007d3000,4096
34894,u3,3,READ,0x300007c8000,4096
34904,u0,0,READ,0x7c6000,4096
34904,u1,1,READ,0x100007c4000,4096
34905,u2,2,READ,0x200007d4000,4096
34905,u3,3,READ,0x300007c9000,4096
34916,u3,3,READ,0x300007ca000,4096
34918,u1,1,WRITE,0x100007c5000,4096
34927,u0,0,READ,0x7c7000,4096
34930,u2,2,READ,0x200007d5000,4096
34939,u0,0,READ,0x7c8000,4096
34939,u1,1,READ,0x100007c6000,4096
34939,u3,3,READ,0x300007cb000,4096
34946,u2,2,READ,0x200007d6000,4096
34953,u1,1,READ,0x100007c7000,4096
34958,u0,0,READ,0x7c9000,4096
34959,u3,3,READ,0x300007cc000,4096
34964,u2,2,READ,0x200007d7000,4096
34974,u0,0,READ,0x7ca000,4096
34976,u1,1,READ,0x100007c8000,4096
34976,u3,3,READ,0x300007cd000,4096
34982,u2,2,READ,0x200007d8000,4096
34993,u0,0,READ,0x7cb000,4096
34993,u1,1,READ,0x100007c9000,4096
34993,u3,3,WRITE,0x300007ce000,4096
34995,u2,2,READ,0x200007d9000,4096
35004,u0,0,READ,0x7cc000,4096
35009,u3,3,READ,0x300007cf000,4096
35010,u1,1,WRITE,0x100007ca000,4096
35015,u2,2,READ,0x200007da000,4096
35021,u0,0,READ,0x7cd000,4096
35021,u1,1,READ,0x100007cb000,4096
35027,u3,3,READ,0x300007d0000,4096
35037,u2,2,READ,0x200007db000,4096
35039,u0,0,READ,0x7ce000,4096
35042,u1,1,READ,0x100007cc000,4096
35048,u3,3,READ,0x300007d1000,4096
35050,u2,2,READ,0x200007dc000,4096
35057,u0,0,READ,0x7cf000,4096
35061,u2,2,READ,0x200007dd000,4096
35062,u1,1,READ,0x100007cd000,4096
35067,u3,3,READ,0x300007d2000,4096
35074,u2,2,READ,0x200007de000,4096
35077,u0,0,READ,0x7d0000,4096
35081,u1,1,READ,0x100007ce000,4096
35085,u3,3,READ,0x300007d3000,4096
35090,u2,2,WRITE,0x200007df000,4096
35098,u0,0,READ,0x7d1000,4096
35100,u2,2,READ,0x200007e0000,4096
35102,u3,3,READ,0x300007d4000,4096
35103,u1,1,READ,0x100007cf000,4096
35111,u0,0,READ,0x7d2000,4096
35113,u3,3,WRITE,0x300007d5000,4096
35120,u2,2,READ,0x200007e1000,4096
35126,u3,3,READ,0x300007d6000,4096
35128,u1,1,WRITE,0x100007d0000,4096
35130,u0,0,READ,0x7d3000,4096
35140,u2,2,READ,0x200007e2000,4096
35145,u1,1,READ,0x100007d1000,4096
35148,u0,0,READ,0x7d4000,4096
35150,u3,3,READ,0x300007d7000,4096
35158,u1,1,READ,0x100007d2000,4096
35162,u2,2,READ,0x200007e3000,4096
35163,u3,3,READ,0x300007d8000,4096
35171,u0,0,READ,0x7d5000,4096
35172,u2,2,READ,0x200007e4000,4096
35173,u3,3,READ,0x300007d9000,4096
35174,u1,1,READ,0x100007d3000,4096
35186,u2,2,READ,0x200007e5000,4096
35190,u1,1,READ,0x100007d4000,4096
35191,u0,0,READ,0x7d6000,4096
35196,u3,3,READ,0x300007da000,4096
35197,u2,2,READ,0x200007e6000,4096
35209,u0,0,READ,0x7d7000,4096
35211,u1,1,READ,0x100007d5000,4096
35214,u3,3,READ,0x300007db000,4096
35217,u2,2,READ,0x200007e7000,4096
35221,u0,0,READ,0x7d8000,4096
35228,u1,1,READ,0x100007d6000,4096
35232,u3,3,READ,0x300007dc000,4096
35233,u2,2,READ,0x200007e8000,4096
35242,u0,0,READ,0x7d9000,4096
35248,u1,1,READ,0x100007d7000,4096
35250,u2,2,READ,0x200007e9000,4096
35252,u3,3,READ,0x300007dd000,4096
35258,u0,0,READ,0x7da000,4096
35263,u2,2,READ,0x200007ea000,4096
35271,u1,1,READ,0x100007d8000,4096
35273,u0,0,READ,0x7db000,4096
35275,u3,3,READ,0x300007de000,4096
35280,u2,2,WRITE,0x200007eb000,4096
35288,u0,0,READ,0x7dc000,4096
35292,u3,3,READ,0x300007df000,4096
35293,u1,1,READ,0x100007d9000,4096
35300,u2,2,READ,0x200007ec000,4096
35305,u0,0,READ,0x7dd000,4096
35310,u2,2,READ,0x200007ed000,4096
35312,u3,3,READ,0x300007e0000,4096
35316,u1,1,READ,0x100007da000,4096
35330,u0,0,READ,0x7de000,4096
35333,u2,2,READ,0x200007ee000,4096
35335,u3,3,READ,0x300007e1000,4096
35341,u0,0,READ,0x7df000,4096
35341,u1,1,READ,0x100007db000,4096
35351,u2,2,WRITE,0x200007ef000,4096
35355,u0,0,READ,0x7e0000,4096
35356,u3,3,READ,0x300007e2000,4096
35366,u1,1,READ,0x100007dc000,4096
35372,u0,0,READ,0x7e1000,4096
35375,u2,2,READ,0x200007f0000,4096
35379,u3,3,READ,0x300007e3000,4096
35385,u0,0,READ,0x7e2000,4096
35390,u1,1,READ,0x100007dd000,4096
35395,u2,2,READ,0x200007f1000,4096
35395,u3,3,READ,0x300007e4000,4096
35401,u0,0,READ,0x7e3000,4096
35407,u3,3,READ,0x300007e5000,4096
35409,u2,2,WRITE,0x200007f2000,4096
35410,u1,1,WRITE,0x100007de000,4096
35413,u0,0,READ,0x7e4000,4096
35419,u3,3,READ,0x300007e6000,4096
35421,u1,1,READ,0x100007df000,4096
35429,u3,3,READ,0x300007e7000,4096
35431,u0,0,READ,0x7e5000,4096
35432,u2,2,READ,0x200007f3000,4096
35443,u3,3,READ,0x300007e8000,4096
35444,u1,1,READ,0x100007e0000,4096
35446,u0,0,READ,0x7e6000,4096
35452,u2,2,WRITE,0x200007f4000,4096
35456,u3,3,READ,0x300007e9000,4096
35459,u0,0,READ,0x7e7000,4096
35461,u1,1,READ,0x100007e1000,4096
35468,u2,2,READ,0x200007f5000,4096
35472,u0,0,READ,0x7e8000,4096
35475,u3,3,READ,0x300007ea000,4096
35485,u1,1,READ,0x100007e2000,4096
35488,u2,2,READ,0x200007f6000,4096
35489,u0,0,READ,0x7e9000,4096
35498,u3,3,READ,0x300007eb000,4096
35500,u2,2,READ,0x200007f7000,4096
35504,u1,1,READ,0x100007e3000,4096
35506,u0,0,READ,0x7ea000,4096
35517,u0,0,READ,0x7eb000,4096
35518,u2,2,READ,0x200007f8000,4096
35519,u1,1,READ,0x100007e4000,4096
35520,u3,3,READ,0x300007ec000,4096
35528,u2,2,READ,0x200007f9000,4096
35532,u0,0,READ,0x7ec000,4096
35534,u1,1,READ,0x100007e5000,4096
35538,u2,2,READ,0x200007fa000,4096
35541,u3,3,READ,0x300007ed000,4096
35547,u0,0,READ,0x7ed000,4096
35549,u1,1,READ,0x100007e6000,4096
35552,u3,3,READ,0x300007ee000,4096
35556,u2,2,READ,0x200007fb000,4096
35563,u1,1,READ,0x100007e7000,4096
35568,u0,0,READ,0x7ee000,4096
35571,u2,2,READ,0x200007fc000,4096
35576,u3,3,READ,0x300007ef000,4096
35586,u1,1,READ,0x100007e8000,4096
35591,u0,0,READ,0x7ef000,4096
35596,u2,2,READ,0x200007fd000,4096
35597,u3,3,READ,0x300007f0000,4096
35603,u0,0,READ,0x7f0000,4096
35607,u3,3,READ,0x300007f1000,4096
35610,u1,1,READ,0x100007e9000,4096
35614,u2,2,READ,0x200007fe000,4096
35621,u0,0,READ,0x7f1000,4096
35629,u1,1,READ,0x100007ea000,4096
35630,u3,3,READ,0x300007f2000,4096
35632,u0,0,READ,0x7f2000,4096
35639,u2,2,READ,0x200007ff000,4096
35644,u3,3,READ,0x300007f3000,4096
35645,u1,1,READ,0x100007eb000,4096
35649,u0,0,READ,0x7f3000,4096
35654,u3,3,READ,0x300007f4000,4096
35656,u2,2,READ,0x20000800000,4096
35660,u1,1,READ,0x100007ec000,4096
35665,u0,0,READ,0x7f4000,4096
35666,u2,2,READ,0x20000801000,4096
35671,u1,1,READ,0x100007ed000,4096
35674,u3,3,READ,0x300007f5000,4096
35684,u2,2,WRITE,0x20000802000,4096
35689,u3,3,READ,0x300007f6000,4096
35690,u0,0,READ,0x7f5000,4096
35694,u1,1,READ,0x100007ee000,4096
35699,u3,3,WRITE,0x300007f7000,4096
35704,u1,1,READ,0x100007ef000,4096
35708,u2,2,READ,0x20000803000,4096
35714,u0,0,READ,0x7f6000,4096
35716,u3,3,READ,0x300007f8000,4096
35718,u1,1,READ,0x100007f0000,4096
35726,u0,0,READ,0x7f7000,4096
35729,u1,1,READ,0x100007f1000,4096
35730,u3,3,READ,0x300007f9000,4096
35731,u2,2,READ,0x20000804000,4096
35744,u0,0,READ,0x7f8000,4096
35744,u2,2,READ,0x20000805000,4096
35745,u3,3,READ,0x300007fa000,4096
35749,u1,1,READ,0x100007f2000,4096
35761,u3,3,READ,0x300007fb000,4096
35763,u2,2,READ,0x20000806000,4096
35764,u0,0,READ,0x7f9000,4096
35768,u1,1,WRITE,0x100007f3000,4096
35776,u0,0,READ,0x7fa000,4096
35779,u1,1,WRITE,0x100007f4000,4096
35780,u3,3,READ,0x300007fc000,4096
35784,u2,2,READ,0x20000807000,4096
35790,u1,1,READ,0x100007f5000,4096
35791,u3,3,READ,0x300007fd000,4096
35800,u1,1,READ,0x100007f6000,4096
35801,u0,0,READ,0x7fb000,4096
35801,u3,3,READ,0x300007fe000,4096
35802,u2,2,WRITE,0x20000808000,4096
35812,u0,0,READ,0x7fc000,4096
35812,u3,3,READ,0x300007ff000,4096
35822,u2,2,READ,0x20000809000,4096
35824,u1,1,READ,0x100007f7000,4096
35827,u3,3,READ,0x30000800000,4096
35834,u0,0,READ,0x7fd000,4096
35839,u3,3,READ,0x30000801000,4096
35841,u1,1,READ,0x100007f8000,4096
35847,u2,2,READ,0x2000080a000,4096
35852,u0,0,READ,0x7fe000,4096
35853,u1,1,READ,0x100007f9000,4096
35855,u3,3,READ,0x30000802000,4096
35871,u0,0,READ,0x7ff000,4096
35872,u2,2,READ,0x2000080b000,4096
35876,u1,1,READ,0x100007fa000,4096
35877,u3,3,READ,0x30000803000,4096
35889,u1,1,READ,0x100007fb000,4096
35892,u2,2,WRITE,0x2000080c000,4096
35896,u0,0,READ,0x800000,4096
35901,u1,1,READ,0x100007fc000,4096
35902,u3,3,READ,0x30000804000,4096
35903,u2,2,READ,0x2000080d000,4096
35911,u0,0,READ,0x801000,4096
35913,u3,3,READ,0x30000805000,4096
35914,u1,1,READ,0x100007fd000,4096
35918,u2,2,READ,0x2000080e000,4096
35930,u3,3,READ,0x30000806000,4096
35933,u0,0,READ,0x802000,4096
35933,u1,1,READ,0x100007fe000,4096
35942,u2,2,READ,0x2000080f000,4096
35946,u0,0,READ,0x803000,4096
35946,u1,1,READ,0x100007ff000,4096
35948,u3,3,READ,0x30000807000,4096
35953,u2,2,READ,0x20000810000,4096
35957,u0,0,READ,0x804000,4096
35963,u3,3,READ,0x30000808000,4096
35969,u1,1,READ,0x10000800000,4096
35970,u2,2,READ,0x20000811000,4096
35974,u0,0,READ,0x805000,4096
35983,u1,1,WRITE,0x10000801000,4096
35983,u2,2,READ,0x20000812000,4096
35988,u3,3,READ,0x30000809000,4096
35990,u0,0,READ,0x806000,4096
36000,u2,2,READ,0x20000813000,4096
36005,u0,0,READ,0x807000,4096
36005,u3,3,READ,0x3000080a000,4096
36007,u1,1,READ,0x10000802000,4096
36018,u0,0,READ,0x808000,4096
36024,u2,2,WRITE,0x20000814000,4096
36025,u3,3,READ,0x3000080b000,4096
36026,u1,1,READ,0x10000803000,4096
36034,u0,0,READ,0x809000,4096
36037,u1,1,READ,0x10000804000,4096
36041,u2,2,READ,0x20000815000,4096
36049,u0,0,WRITE,0x80a000,4096
36049,u3,3,WRITE,0x3000080c000,4096
36052,u1,1,READ,0x10000805000,4096
36058,u2,2,READ,0x20000816000,4096
36060,u0,0,READ,0x80b000,4096
36071,u0,0,READ,0x80c000,4096
36074,u3,3,READ,0x3000080d000,4096
36076,u1,1,READ,0x10000806000,4096
36081,u2,2,READ,0x20000817000,4096
36093,u3,3,READ,0x3000080e000,4096
36095,u0,0,READ,0x80d000,4096
36101,u1,1,READ,0x10000807000,4096
36104,u3,3,READ,0x3000080f000,4096
36106,u2,2,READ,0x20000818000,4096
36113,u0,0,READ,0x80e000,4096
36116,u3,3,WRITE,0x30000810000,4096
36119,u1,1,READ,0x10000808000,4096
36124,u0,0,READ,0x80f000,4096
36128,u2,2,READ,0x20000819000,4096
36138,u3,3,READ,0x30000811000,4096
36139,u1,1,READ,0x10000809000,4096
36139,u2,2,WRITE,0x2000081a000,4096
36148,u0,0,READ,0x810000,4096
36154,u3,3,WRITE,0x30000812000,4096
36157,u2,2,READ,0x2000081b000,4096
36164,u1,1,READ,0x1000080a000,4096
36172,u2,2,READ,0x2000081c000,4096
36172,u3,3,READ,0x30000813000,4096
36173,u0,0,READ,0x811000,4096
36183,u1,1,READ,0x1000080b000,4096
36186,u3,3,READ,0x30000814000,4096
36188,u0,0,READ,0x812000,4096
36197,u1,1,READ,0x1000080c000,4096
36197,u2,2,READ,0x2000081d000,4096
36204,u0,0,READ,0x813000,4096
36208,u1,1,READ,0x1000080d000,4096
36208,u2,2,READ,0x2000081e000,4096
36211,u3,3,READ,0x30000815000,4096
36215,u0,0,WRITE,0x814000,4096
36219,u2,2,READ,0x2000081f000,4096
36225,u1,1,READ,0x1000080e000,4096
36226,u0,0,READ,0x815000,4096
36233,u2,2,READ,0x20000820000,4096
36233,u3,3,READ,0x30000816000,4096
36240,u1,1,READ,0x1000080f000,4096
36241,u0,0,READ,0x816000,4096
36252,u2,2,READ,0x20000821000,4096
36254,u1,1,READ,0x10000810000,4096
36255,u3,3,READ,0x30000817000,4096
36258,u0,0,READ,0x817000,4096
36270,u2,2,READ,0x20000822000,4096
36279,u1,1,READ,0x10000811000,4096
36279,u3,3,READ,0x30000818000,4096
36281,u0,0,READ,0x818000,4096
36294,u1,1,READ,0x10000812000,4096
36295,u2,2,READ,0x20000823000,4096
36298,u3,3,READ,0x30000819000,4096
36303,u0,0,READ,0x819000,4096
36318,u1,1,READ,0x10000813000,4096
36319,u0,0,READ,0x81a000,4096
36320,u2,2,READ,0x20000824000,4096
36323,u3,3,READ,0x3000081a000,4096
36329,u0,0,READ,0x81b000,4096
36331,u2,2,READ,0x20000825000,4096
36335,u1,1,READ,0x10000814000,4096
36336,u3,3,READ,0x3000081b000,4096
36346,u2,2,WRITE,0x20000826000,4096
36351,u0,0,READ,0x81c000,4096
36355,u1,1,READ,0x10000815000,4096
36356,u2,2,READ,0x20000827000,4096
36358,u3,3,READ,0x3000081c000,4096
36369,u0,0,READ,0x81d000,4096
36370,u1,1,READ,0x10000816000,4096
36378,u2,2,READ,0x20000828000,4096
36378,u3,3,READ,0x3000081d000,4096
36384,u1,1,READ,0x10000817000,4096
36390,u0,0,READ,0x81e000,4096
36396,u2,2,READ,0x20000829000,4096
36397,u1,1,READ,0x10000818000,4096
36401,u3,3,READ,0x3000081e000,4096
36404,u0,0,READ,0x81f000,4096
36411,u3,3,READ,0x3000081f000,4096
36419,u2,2,READ,0x2000082a000,4096
36422,u1,1,READ,0x10000819000,4096
36428,u3,3,READ,0x30000820000,4096
36429,u0,0,READ,0x820000,4096
36436,u2,2,READ,0x2000082b000,4096
36440,u1,1,READ,0x1000081a000,4096
36448,u3,3,READ,0x30000821000,4096
36454,u0,0,READ,0x821000,4096
36455,u1,1,READ,0x1000081b000,4096
36461,u2,2,READ,0x2000082c000,4096
36464,u3,3,READ,0x30000822000,4096
36473,u2,2,READ,0x2000082d000,4096
36477,u0,0,READ,0x822000,4096
36480,u1,1,READ,0x1000081c000,4096
36482,u3,3,READ,0x30000823000,4096
36488,u0,0,READ,0x823000,4096
36488,u2,2,WRITE,0x2000082e000,4096
36492,u3,3,READ,0x30000824000,4096
36498,u1,1,READ,0x1000081d000,4096
36499,u2,2,WRITE,0x2000082f000,4096
36503,u3,3,READ,0x30000825000,4096
36509,u0,0,READ,0x824000,4096
36515,u1,1,READ,0x1000081e000,4096
36516,u3,3,READ,0x30000826000,4096
36521,u2,2,READ,0x20000830000,4096
36527,u1,1,READ,0x1000081f000,4096
36528,u0,0,READ,0x825000,4096
36540,u3,3,READ,0x30000827000,4096
36545,u1,1,READ,0x10000820000,4096
36546,u0,0,READ,0x826000,4096
36546,u2,2,READ,0x20000831000,4096
36560,u2,2,READ,0x20000832000,4096
36560,u3,3,READ,0x30000828000,4096
36569,u0,0,READ,0x827000,4096
36570,u1,1,READ,0x10000821000,4096
36572,u3,3,WRITE,0x30000829000,4096
36579,u2,2,READ,0x20000833000,4096
36581,u1,1,READ,0x10000822000,4096
36588,u0,0,READ,0x828000,4096
36590,u3,3,WRITE,0x3000082a000,4096
36603,u2,2,READ,0x20000834000,4096
36605,u1,1,READ,0x10000823000,4096
36606,u0,0,READ,0x829000,4096
36609,u3,3,READ,0x3000082b000,4096
36626,u2,2,READ,0x20000835000,4096
36626,u3,3,READ,0x3000082c000,4096
36628,u0,0,READ,0x82a000,4096
36629,u1,1,READ,0x10000824000,4096
36637,u2,2,READ,0x20000836000,4096
36638,u0,0,READ,0x82b000,4096
36639,u3,3,READ,0x3000082d000,4096
36649,u1,1,READ,0x10000825000,4096
36652,u0,0,READ,0x82c000,4096
36653,u3,3,READ,0x3000082e000,4096
36657,u2,2,READ,0x20000837000,4096
36661,u1,1,READ,0x10000826000,4096
36662,u0,0,READ,0x82d000,4096
36664,u3,3,READ,0x3000082f000,4096
36670,u2,2,READ,0x20000838000,4096
36671,u1,1,READ,0x10000827000,4096
36677,u3,3,READ,0x30000830000,4096
36685,u0,0,READ,0x82e000,4096
36685,u1,1,READ,0x10000828000,4096
36686,u2,2,READ,0x20000839000,4096
36697,u3,3,READ,0x30000831000,4096
36698,u0,0,READ,0x82f000,4096
36701,u1,1,READ,0x10000829000,4096
36701,u2,2,READ,0x2000083a000,4096
36711,u2,2,READ,0x2000083b000,4096
36717,u0,0,READ,0x830000,4096
36720,u3,3,READ,0x30000832000,4096
36723,u1,1,READ,0x1000082a000,4096
36729,u2,2,READ,0x2000083c000,4096
36736,u0,0,READ,0x831000,4096
36741,u1,1,READ,0x1000082b000,4096
36743,u3,3,READ,0x30000833000,4096
36748,u2,2,READ,0x2000083d000,4096
36749,u0,0,READ,0x832000,4096
36759,u2,2,READ,0x2000083e000,4096
36761,u1,1,READ,0x1000082c000,4096
36762,u3,3,WRITE,0x30000834000,4096
36770,u0,0,READ,0x833000,4096
36772,u2,2,READ,0x2000083f000,4096
36780,u3,3,READ,0x30000835000,4096
36783,u1,1,READ,0x1000082d000,4096
36792,u3,3,READ,0x30000836000,4096
36794,u0,0,WRITE,0x834000,4096
36797,u2,2,READ,0x20000840000,4096
36804,u1,1,READ,0x1000082e000,4096
36808,u3,3,READ,0x30000837000,4096
36810,u2,2,READ,0x20000841000,4096
36814,u0,0,READ,0x835000,4096
36816,u1,1,READ,0x1000082f000,4096
36823,u3,3,READ,0x30000838000,4096
36825,u2,2,READ,0x20000842000,4096
36833,u0,0,READ,0x836000,4096
36837,u2,2,READ,0x20000843000,4096
36837,u3,3,READ,0x30000839000,4096
36840,u1,1,WRITE,0x10000830000,4096
36844,u0,0,READ,0x837000,4096
36856,u3,3,READ,0x3000083a000,4096
36857,u2,2,READ,0x20000844000,4096
36858,u0,0,READ,0x838000,4096
36859,u1,1,READ,0x10000831000,4096
36866,u3,3,READ,0x3000083b000,4096
36869,u1,1,READ,0x10000832000,4096
36870,u0,0,READ,0x839000,4096
36876,u2,2,READ,0x20000845000,4096
36885,u3,3,READ,0x3000083c000,4096
36891,u0,0,READ,0x83a000,4096
36892,u1,1,READ,0x10000833000,4096
36898,u2,2,READ,0x20000846000,4096
36907,u0,0,READ,0x83b000,4096
36910,u3,3,READ,0x3000083d000,4096
36912,u1,1,READ,0x10000834000,4096
36917,u2,2,READ,0x20000847000,4096
36923,u1,1,READ,0x10000835000,4096
36924,u3,3,READ,0x3000083e000,4096
36927,u0,0,READ,0x83c000,4096
36931,u2,2,READ,0x20000848000,4096
36934,u1,1,READ,0x10000836000,4096
36935,u3,3,READ,0x3000083f000,4096
36948,u0,0,READ,0x83d000,4096
36953,u2,2,READ,0x20000849000,4096
36957,u3,3,READ,0x30000840000,4096
36958,u1,1,READ,0x10000837000,4096
36973,u0,0,READ,0x83e000,4096
36974,u2,2,READ,0x2000084a000,4096
36975,u3,3,READ,0x30000841000,4096
36983,u1,1,READ,0x10000838000,4096
36986,u2,2,READ,0x2000084b000,4096
36990,u0,0,READ,0x83f000,4096
36995,u1,1,WRITE,0x10000839000,4096
36996,u3,3,READ,0x30000842000,4096
37007,u3,3,READ,0x30000843000,4096
37010,u2,2,READ,0x2000084c000,4096
37014,u0,0,READ,0x840000,4096
37016,u1,1,READ,0x1000083a000,4096
37022,u2,2,READ,0x2000084d000,4096
37028,u1,1,READ,0x1000083b000,4096
37030,u0,0,READ,0x841000,4096
37031,u3,3,READ,0x30000844000,4096
37035,u2,2,READ,0x2000084e000,4096
37038,u1,1,READ,0x1000083c000,4096
37044,u0,0,READ,0x842000,4096
37050,u3,3,READ,0x30000845000,4096
37054,u2,2,READ,0x2000084f000,4096
37058,u0,0,READ,0x843000,4096
37062,u1,1,READ,0x1000083d000,4096
37069,u3,3,READ,0x30000846000,4096
37070,u2,2,READ,0x20000850000,4096
37082,u0,0,READ,0x844000,4096
37086,u1,1,READ,0x1000083e000,4096
37090,u2,2,READ,0x20000851000,4096
37092,u3,3,READ,0x30000847000,4096
37101,u2,2,READ,0x20000852000,4096
37104,u3,3,READ,0x30000848000,4096
37107,u0,0,READ,0x845000,4096
37108,u1,1,READ,0x1000083f000,4096
37116,u2,2,READ,0x20000853000,4096
37119,u1,1,READ,0x10000840000,4096
37119,u3,3,READ,0x30000849000,4096
37129,u2,2,READ,0x20000854000,4096
37131,u0,0,READ,0x846000,4096
37131,u1,1,READ,0x10000841000,4096
37132,u3,3,READ,0x3000084a000,4096
37142,u2,2,READ,0x20000855000,4096
37149,u3,3,READ,0x3000084b000,4096
37154,u0,0,READ,0x847000,4096
37154,u2,2,READ,0x20000856000,4096
37155,u1,1,READ,0x10000842000,4096
37162,u3,3,READ,0x3000084c000,4096
37173,u0,0,READ,0x848000,4096
37173,u3,3,READ,0x3000084d000,4096
37176,u1,1,WRITE,0x10000843000,4096
37178,u2,2,READ,0x20000857000,4096
37184,u3,3,READ,0x3000084e000,4096
37193,u0,0,READ,0x849000,4096
37196,u2,2,READ,0x20000858000,4096
37197,u1,1,READ,0x10000844000,4096
37204,u0,0,READ,0x84a000,4096
37205,u3,3,WRITE,0x3000084f000,4096
37209,u1,1,READ,0x10000845000,4096
37209,u2,2,READ,0x20000859000,4096
37215,u0,0,READ,0x84b000,4096
37219,u1,1,READ,0x10000846000,4096
37221,u2,2,READ,0x2000085a000,4096
37224,u3,3,READ,0x30000850000,4096
37226,u0,0,READ,0x84c000,4096
37241,u1,1,READ,0x10000847000,4096
37241,u2,2,READ,0x2000085b000,4096
37242,u0,0,READ,0x84d000,4096
37244,u3,3,READ,0x30000851000,4096
37255,u3,3,READ,0x30000852000,4096
37257,u1,1,READ,0x10000848000,4096
37263,u2,2,READ,0x2000085c000,4096
37266,u0,0,READ,0x84e000,4096
37268,u1,1,READ,0x10000849000,4096
37272,u3,3,READ,0x30000853000,4096
37276,u2,2,READ,0x2000085d000,4096
37278,u1,1,READ,0x1000084a000,4096
37283,u3,3,READ,0x30000854000,4096
37289,u0,0,WRITE,0x84f000,4096
37300,u0,0,READ,0x850000,4096
37301,u1,1,READ,0x1000084b000,4096
37301,u2,2,READ,0x2000085e000,4096
37306,u3,3,READ,0x30000855000,4096
37314,u1,1,READ,0x1000084c000,4096
37318,u0,0,READ,0x851000,4096
37325,u2,2,READ,0x2000085f000,4096
37329,u0,0,READ,0x852000,4096
37329,u3,3,READ,0x30000856000,4096
37335,u1,1,WRITE,0x1000084d000,4096
37343,u2,2,READ,0x20000860000,4096
37351,u3,3,READ,0x30000857000,4096
37354,u0,0,READ,0x853000,4096
37355,u1,1,READ,0x1000084e000,4096
37355,u2,2,READ,0x20000861000,4096
37366,u3,3,READ,0x30000858000,4096
37370,u1,1,WRITE,0x1000084f000,4096
37370,u2,2,READ,0x20000862000,4096
37372,u0,0,READ,0x854000,4096
37382,u3,3,WRITE,0x30000859000,4096
37385,u1,1,READ,0x10000850000,4096
37394,u3,3,READ,0x3000085a000,4096
37395,u2,2,READ,0x20000863000,4096
37396,u0,0,READ,0x855000,4096
37399,u1,1,READ,0x10000851000,4096
37405,u2,2,READ,0x20000864000,4096
37414,u3,3,READ,0x3000085b000,4096
37419,u0,0,READ,0x856000,4096
37419,u1,1,READ,0x10000852000,4096
37430,u2,2,READ,0x20000865000,4096
37432,u3,3,READ,0x3000085c000,4096
37434,u1,1,READ,0x10000853000,4096
37441,u0,0,READ,0x857000,4096
37444,u1,1,READ,0x10000854000,4096
37449,u2,2,READ,0x20000866000,4096
37453,u0,0,READ,0x858000,4096
37456,u3,3,READ,0x3000085d000,4096
37458,u1,1,READ,0x10000855000,4096
37469,u2,2,READ,0x20000867000,4096
37472,u1,1,READ,0x10000856000,4096
37473,u0,0,READ,0x859000,4096
37475,u3,3,WRITE,0x3000085e000,4096
37484,u2,2,READ,0x20000868000,4096
37489,u1,1,WRITE,0x10000857000,4096
37490,u0,0,READ,0x85a000,4096
37498,u3,3,READ,0x3000085f000,4096
37500,u1,1,READ,0x10000858000,4096
37503,u2,2,READ,0x20000869000,4096
37508,u3,3,READ,0x30000860000,4096
37509,u0,0,READ,0x85b000,4096
37525,u1,1,READ,0x10000859000,4096
37526,u3,3,READ,0x30000861000,4096
37527,u2,2,READ,0x2000086a000,4096
37532,u0,0,READ,0x85c000,4096
37536,u3,3,READ,0x30000862000,4096
37542,u0,0,READ,0x85d000,4096
37543,u2,2,READ,0x2000086b000,4096
37548,u1,1,READ,0x1000085a000,4096
37553,u0,0,WRITE,0x85e000,4096
37554,u3,3,READ,0x30000863000,4096
37567,u2,2,READ,0x2000086c000,4096
37567,u3,3,READ,0x30000864000,4096
37568,u1,1,READ,0x1000085b000,4096
37571,u0,0,READ,0x85f000,4096
37584,u0,0,READ,0x860000,4096
37584,u3,3,READ,0x30000865000,4096
37588,u1,1,READ,0x1000085c000,4096
37588,u2,2,READ,0x2000086d000,4096
37595,u3,3,READ,0x30000866000,4096
37596,u0,0,READ,0x861000,4096
37599,u1,1,READ,0x1000085d000,4096
37607,u2,2,READ,0x2000086e000,4096
37609,u1,1,READ,0x1000085e000,4096
37616,u3,3,READ,0x30000867000,4096
37619,u0,0,READ,0x862000,4096
37627,u2,2,READ,0x2000086f000,4096
37631,u1,1,READ,0x1000085f000,4096
37636,u3,3,READ,0x30000868000,4096
37639,u0,0,READ,0x863000,4096
37652,u1,1,READ,0x10000860000,4096
37652,u2,2,READ,0x20000870000,4096
37655,u3,3,READ,0x30000869000,4096
37663,u2,2,READ,0x20000871000,4096
37664,u0,0,READ,0x864000,4096
37667,u3,3,READ,0x3000086a000,4096
37672,u1,1,READ,0x10000861000,4096
37675,u2,2,READ,0x20000872000,4096
37684,u0,0,READ,0x865000,4096
37685,u3,3,READ,0x3000086b000,4096
37688,u1,1,READ,0x10000862000,4096
37695,u2,2,READ,0x20000873000,4096
37702,u3,3,READ,0x3000086c000,4096
37705,u0,0,READ,0x866000,4096
37708,u1,1,READ,0x10000863000,4096
37712,u2,2,READ,0x20000874000,4096
37713,u3,3,WRITE,0x3000086d000,4096
37718,u1,1,READ,0x10000864000,4096
37725,u2,2,READ,0x20000875000,4096
37728,u0,0,READ,0x867000,4096
37731,u3,3,READ,0x3000086e000,4096
37738,u1,1,READ,0x10000865000,4096
37738,u2,2,READ,0x20000876000,4096
37747,u3,3,READ,0x3000086f000,4096
37748,u1,1,READ,0x10000866000,4096
37753,u0,0,READ,0x868000,4096
37759,u2,2,READ,0x20000877000,4096
37770,u0,0,READ,0x869000,4096
37770,u3,3,WRITE,0x30000870000,4096
37772,u1,1,READ,0x10000867000,4096
37775,u2,2,WRITE,0x20000878000,4096
37780,u3,3,READ,0x30000871000,4096
37789,u2,2,READ,0x20000879000,4096
37793,u0,0,READ,0x86a000,4096
37796,u1,1,READ,0x10000868000,4096
37800,u3,3,READ,0x30000872000,4096
37810,u0,0,READ,0x86b000,4096
37811,u2,2,READ,0x2000087a000,4096
37814,u1,1,READ,0x10000869000,4096
37815,u3,3,READ,0x30000873000,4096
37825,u0,0,READ,0x86c000,4096
37830,u2,2,READ,0x2000087b000,4096
37833,u1,1,READ,0x1000086a000,4096
37834,u3,3,READ,0x30000874000,4096
37842,u0,0,READ,0x86d000,4096
37853,u1,1,READ,0x1000086b000,4096
37854,u2,2,READ,0x2000087c000,4096
37857,u3,3,READ,0x30000875000,4096
37861,u0,0,READ,0x86e000,4096
37866,u1,1,READ,0x1000086c000,4096
37871,u0,0,WRITE,0x86f000,4096
37873,u3,3,READ,0x30000876000,4096
37878,u2,2,READ,0x2000087d000,4096
37886,u1,1,READ,0x1000086d000,4096
37888,u0,0,READ,0x870000,4096
37893,u3,3,READ,0x30000877000,4096
37899,u2,2,READ,0x2000087e000,4096
37902,u0,0,READ,0x871000,4096
37903,u1,1,READ,0x1000086e000,4096
37906,u3,3,READ,0x30000878000,4096
37912,u2,2,READ,0x2000087f000,4096
37919,u3,3,READ,0x30000879000,4096
37926,u0,0,READ,0x872000,4096
37926,u2,2,READ,0x20000880000,4096
37928,u1,1,READ,0x1000086f000,4096
37940,u0,0,WRITE,0x873000,4096
37940,u3,3,READ,0x3000087a000,4096
37943,u2,2,READ,0x20000881000,4096
37949,u1,1,READ,0x10000870000,4096
37956,u3,3,READ,0x3000087b000,4096
37958,u2,2,READ,0x20000882000,4096
37959,u1,1,READ,0x10000871000,4096
37961,u0,0,READ,0x874000,4096
37966,u3,3,READ,0x3000087c000,4096
37969,u1,1,WRITE,0x10000872000,4096
37970,u2,2,READ,0x20000883000,4096
37975,u0,0,READ,0x875000,4096
37980,u3,3,READ,0x3000087d000,4096
37985,u2,2,READ,0x20000884000,4096
37989,u1,1,READ,0x10000873000,4096
37994,u0,0,READ,0x876000,4096
38000,u3,3,READ,0x3000087e000,4096
38008,u0,0,READ,0x877000,4096
38009,u1,1,READ,0x10000874000,4096
38010,u2,2,READ,0x20000885000,4096
38022,u1,1,READ,0x10000875000,4096
38022,u3,3,READ,0x3000087f000,4096
38026,u0,0,READ,0x878000,4096
38026,u2,2,READ,0x20000886000,4096
38035,u3,3,READ,0x30000880000,4096
38036,u1,1,READ,0x10000876000,4096
38038,u0,0,READ,0x879000,4096
38038,u2,2,READ,0x20000887000,4096
38051,u2,2,READ,0x20000888000,4096
38053,u1,1,READ,0x10000877000,4096
38056,u3,3,READ,0x30000881000,4096
38061,u0,0,READ,0x87a000,4096
38065,u2,2,READ,0x20000889000,4096
38068,u1,1,WRITE,0x10000878000,4096
38069,u3,3,READ,0x30000882000,4096
38074,u0,0,READ,0x87b000,4096
38079,u3,3,READ,0x30000883000,4096
38081,u2,2,READ,0x2000088a000,4096
38092,u1,1,READ,0x10000879000,4096
38094,u2,2,READ,0x2000088b000,4096
38097,u0,0,WRITE,0x87c000,4096
38102,u3,3,READ,0x30000884000,4096
38106,u2,2,READ,0x2000088c000,4096
38116,u3,3,WRITE,0x30000885000,4096
38117,u1,1,READ,0x1000087a000,4096
38121,u0,0,READ,0x87d000,4096
38128,u2,2,READ,0x2000088d000,4096
38129,u3,3,READ,0x30000886000,4096
38138,u1,1,READ,0x1000087b000,4096
38140,u2,2,READ,0x2000088e000,4096
38145,u0,0,READ,0x87e000,4096
38153,u3,3,READ,0x30000887000,4096
38156,u1,1,READ,0x1000087c000,4096
38156,u2,2,READ,0x2000088f000,4096
38158,u0,0,READ,0x87f000,4096
38170,u3,3,READ,0x30000888000,4096
38175,u0,0,READ,0x880000,4096
38180,u1,1,READ,0x1000087d000,4096
38180,u2,2,READ,0x20000890000,4096
38193,u1,1,READ,0x1000087e000,4096
38194,u3,3,READ,0x30000889000,4096
38197,u0,0,READ,0x881000,4096
38200,u2,2,READ,0x20000891000,4096
38213,u1,1,READ,0x1000087f000,4096
38217,u0,0,READ,0x882000,4096
38217,u3,3,READ,0x3000088a000,4096
38222,u2,2,READ,0x20000892000,4096
38223,u1,1,READ,0x10000880000,4096
38229,u3,3,READ,0x3000088b000,4096
38239,u3,3,READ,0x3000088c000,4096
38240,u0,0,READ,0x883000,4096
38241,u2,2,READ,0x20000893000,4096
38246,u1,1,WRITE,0x10000881000,4096
38257,u2,2,READ,0x20000894000,4096
38258,u0,0,READ,0x884000,4096
38259,u1,1,READ,0x10000882000,4096
38262,u3,3,READ,0x3000088d000,4096
38275,u1,1,READ,0x10000883000,4096
38276,u0,0,READ,0x885000,4096
38277,u3,3,READ,0x3000088e000,4096
38280,u2,2,READ,0x20000895000,4096
38292,u1,1,READ,0x10000884000,4096
38296,u0,0,READ,0x886000,4096
38297,u2,2,READ,0x20000896000,4096
38298,u3,3,READ,0x3000088f000,4096
38304,u1,1,READ,0x10000885000,4096
38310,u2,2,READ,0x20000897000,4096
38315,u1,1,READ,0x10000886000,4096
38317,u0,0,READ,0x887000,4096
38320,u3,3,READ,0x30000890000,4096
38329,u2,2,READ,0x20000898000,4096
38337,u3,3,READ,0x30000891000,4096
38338,u1,1,READ,0x10000887000,4096
38341,u0,0,READ,0x888000,4096
38342,u2,2,READ,0x20000899000,4096
38354,u1,1,READ,0x10000888000,4096
38359,u2,2,READ,0x2000089a000,4096
38360,u3,3,WRITE,0x30000892000,4096
38362,u0,0,READ,0x889000,4096
38370,u1,1,READ,0x10000889000,4096
38370,u3,3,READ,0x30000893000,4096
38381,u2,2,READ,0x2000089b000,4096
38384,u0,0,READ,0x88a000,4096
38390,u1,1,READ,0x1000088a000,4096
38391,u2,2,READ,0x2000089c000,4096
38393,u3,3,READ,0x30000894000,4096
38397,u0,0,READ,0x88b000,4096
38400,u1,1,READ,0x1000088b000,4096
38408,u0,0,READ,0x88c000,4096
38410,u1,1,READ,0x1000088c000,4096
38411,u3,3,READ,0x30000895000,4096
38416,u2,2,READ,0x2000089d000,4096
38427,u1,1,READ,0x1000088d000,4096
38428,u0,0,READ,0x88d000,4096
38429,u2,2,READ,0x2000089e000,4096
38436,u3,3,READ,0x30000896000,4096
38441,u2,2,READ,0x2000089f000,4096
38443,u0,0,READ,0x88e000,4096
38447,u1,1,READ,0x1000088e000,4096
38455,u0,0,READ,0x88f000,4096
38456,u2,2,READ,0x200008a0000,4096
38456,u3,3,READ,0x30000897000,4096
38460,u1,1,READ,0x1000088f000,4096
38473,u0,0,READ,0x890000,4096
38476,u3,3,WRITE,0x30000898000,4096
38477,u2,2,READ,0x200008a1000,4096
38478,u1,1,READ,0x10000890000,4096
38488,u2,2,READ,0x200008a2000,4096
38490,u0,0,WRITE,0x891000,4096
38492,u3,3,READ,0x30000899000,4096
38494,u1,1,READ,0x10000891000,4096
38499,u2,2,READ,0x200008a3000,4096
38504,u0,0,READ,0x892000,4096
38504,u1,1,READ,0x10000892000,4096
38512,u2,2,READ,0x200008a4000,4096
38515,u3,3,READ,0x3000089a000,4096
38520,u0,0,READ,0x893000,4096
38524,u1,1,READ,0x10000893000,4096
38529,u3,3,READ,0x3000089b000,4096
38532,u2,2,READ,0x200008a5000,4096
38533,u0,0,READ,0x894000,4096
38541,u3,3,READ,0x3000089c000,4096
38545,u1,1,READ,0x10000894000,4096
38556,u2,2,READ,0x200008a6000,4096
38558,u0,0,READ,0x895000,4096
38561,u1,1,READ,0x10000895000,4096
38564,u3,3,READ,0x3000089d000,4096
38569,u2,2,READ,0x200008a7000,4096
38574,u3,3,READ,0x3000089e000,4096
38579,u0,0,READ,0x896000,4096
38584,u1,1,READ,0x10000896000,4096
38584,u2,2,READ,0x200008a8000,4096
38585,u3,3,READ,0x3000089f000,4096
38589,u0,0,WRITE,0x897000,4096
38597,u2,2,READ,0x200008a9000,4096
38598,u1,1,READ,0x10000897000,4096
38599,u3,3,READ,0x300008a0000,4096
38612,u0,0,READ,0x898000,4096
38616,u3,3,READ,0x300008a1000,4096
38621,u2,2,READ,0x200008aa000,4096
38622,u0,0,READ,0x899000,4096
38622,u1,1,WRITE,0x10000898000,4096
38630,u3,3,READ,0x300008a2000,4096
38631,u2,2,READ,0x200008ab000,4096
38635,u0,0,READ,0x89a000,4096
38638,u1,1,READ,0x10000899000,4096
38642,u3,3,READ,0x300008a3000,4096
38646,u2,2,READ,0x200008ac000,4096
38658,u1,1,READ,0x1000089a000,4096
38660,u0,0,READ,0x89b000,4096
38665,u3,3,READ,0x300008a4000,4096
38667,u2,2,READ,0x200008ad000,4096
38672,u1,1,READ,0x1000089b000,4096
38675,u0,0,READ,0x89c000,4096
38680,u3,3,READ,0x300008a5000,4096
38685,u0,0,WRITE,0x89d000,4096
38685,u1,1,READ,0x1000089c000,4096
38688,u2,2,WRITE,0x200008ae000,4096
38695,u0,0,READ,0x89e000,4096
38699,u3,3,READ,0x300008a6000,4096
38707,u1,1,READ,0x1000089d000,4096
38711,u3,3,READ,0x300008a7000,4096
38713,u2,2,READ,0x200008af000,4096
38715,u0,0,READ,0x89f000,4096
38726,u3,3,READ,0x300008a8000,4096
38729,u2,2,READ,0x200008b0000,4096
38731,u1,1,READ,0x1000089e000,4096
38733,u0,0,READ,0x8a0000,4096
38740,u3,3,READ,0x300008a9000,4096
38746,u0,0,READ,0x8a1000,4096
38746,u2,2,READ,0x200008b1000,4096
38749,u1,1,READ,0x1000089f000,4096
38759,u0,0,READ,0x8a2000,4096
38760,u2,2,READ,0x200008b2000,4096
38762,u3,3,READ,0x300008aa000,4096
38768,u1,1,WRITE,0x100008a0000,4096
38772,u2,2,READ,0x200008b3000,4096
38773,u3,3,READ,0x300008ab000,4096
38777,u0,0,READ,0x8a3000,4096
38782,u2,2,READ,0x200008b4000,4096
38783,u3,3,READ,0x300008ac000,4096
38785,u1,1,READ,0x100008a1000,4096
38796,u2,2,READ,0x200008b5000,4096
38796,u3,3,READ,0x300008ad000,4096
38798,u0,0,READ,0x8a4000,4096
38805,u1,1,READ,0x100008a2000,4096
38807,u3,3,READ,0x300008ae000,4096
38809,u0,0,READ,0x8a5000,4096
38815,u2,2,READ,0x200008b6000,4096
38820,u0,0,READ,0x8a6000,4096
38821,u1,1,READ,0x100008a3000,4096
38832,u3,3,READ,0x300008af000,4096
38837,u0,0,READ,0x8a7000,4096
38840,u2,2,READ,0x200008b7000,4096
38846,u1,1,READ,0x100008a4000,4096
38852,u0,0,READ,0x8a8000,4096
38856,u3,3,READ,0x300008b0000,4096
38860,u1,1,READ,0x100008a5000,4096
38863,u2,2,WRITE,0x200008b8000,4096
38870,u0,0,READ,0x8a9000,4096
38873,u1,1,READ,0x100008a6000,4096
38876,u3,3,READ,0x300008b1000,4096
38882,u0,0,READ,0x8aa000,4096
38884,u2,2,READ,0x200008b9000,4096
38892,u1,1,READ,0x100008a7000,4096
38900,u3,3,READ,0x300008b2000,4096
38905,u2,2,READ,0x200008ba000,4096
38907,u0,0,READ,0x8ab000,4096
38912,u1,1,READ,0x100008a8000,4096
38912,u3,3,READ,0x300008b3000,4096
38920,u2,2,READ,0x200008bb000,4096
38922,u0,0,READ,0x8ac000,4096
38926,u3,3,WRITE,0x300008b4000,4096
38933,u1,1,READ,0x100008a9000,4096
38936,u3,3,READ,0x300008b5000,4096
38940,u2,2,READ,0x200008bc000,4096
38941,u0,0,READ,0x8ad000,4096
38943,u1,1,READ,0x100008aa000,4096
38946,u3,3,READ,0x300008b6000,4096
38955,u2,2,READ,0x200008bd000,4096
38956,u3,3,READ,0x300008b7000,4096
38964,u0,0,READ,0x8ae000,4096
38967,u1,1,READ,0x100008ab000,4096
38970,u3,3,WRITE,0x300008b8000,4096
38976,u0,0,READ,0x8af000,4096
38978,u2,2,READ,0x200008be000,4096
38981,u1,1,READ,0x100008ac000,4096
38987,u3,3,WRITE,0x300008b9000,4096
38989,u0,0,READ,0x8b0000,4096
38996,u1,1,READ,0x100008ad000,4096
38999,u2,2,READ,0x200008bf000,4096
39006,u1,1,READ,0x100008ae000,4096
39008,u3,3,WRITE,0x300008ba000,4096
39013,u0,0,READ,0x8b1000,4096
39017,u2,2,READ,0x200008c0000,4096
39019,u1,1,READ,0x100008af000,4096
39028,u3,3,READ,0x300008bb000,4096
39037,u0,0,READ,0x8b2000,4096
39037,u1,1,READ,0x100008b0000,4096
39037,u2,2,READ,0x200008c1000,4096
39041,u3,3,READ,0x300008bc000,4096
39052,u0,0,READ,0x8b3000,4096
39056,u1,1,READ,0x100008b1000,4096
39057,u2,2,READ,0x200008c2000,4096
39063,u3,3,READ,0x300008bd000,4096
39073,u3,3,READ,0x300008be000,4096
39074,u0,0,READ,0x8b4000,4096
39074,u1,1,READ,0x100008b2000,4096
39079,u2,2,WRITE,0x200008c3000,4096
39088,u3,3,READ,0x300008bf000,4096
39089,u1,1,READ,0x100008b3000,4096
39098,u0,0,READ,0x8b5000,4096
39101,u2,2,READ,0x200008c4000,4096
39109,u3,3,READ,0x300008c0000,4096
39110,u1,1,READ,0x100008b4000,4096
39111,u2,2,READ,0x200008c5000,4096
39120,u0,0,WRITE,0x8b6000,4096
39120,u1,1,READ,0x100008b5000,4096
39121,u2,2,READ,0x200008c6000,4096
39122,u3,3,READ,0x300008c1000,4096
39137,u2,2,READ,0x200008c7000,4096
39137,u3,3,READ,0x300008c2000,4096
39142,u0,0,READ,0x8b7000,4096
39145,u1,1,READ,0x100008b6000,4096
39148,u3,3,READ,0x300008c3000,4096
39149,u2,2,READ,0x200008c8000,4096
39157,u0,0,READ,0x8b8000,4096
39161,u2,2,READ,0x200008c9000,4096
39166,u3,3,READ,0x300008c4000,4096
39168,u1,1,READ,0x100008b7000,4096
39181,u0,0,READ,0x8b9000,4096
39181,u1,1,READ,0x100008b8000,4096
39182,u3,3,READ,0x300008c5000,4096
39183,u2,2,READ,0x200008ca000,4096
39194,u1,1,READ,0x100008b9000,4096
39197,u3,3,READ,0x300008c6000,4096
39201,u0,0,READ,0x8ba000,4096
39205,u2,2,READ,0x200008cb000,4096
39214,u0,0,WRITE,0x8bb000,4096
39214,u1,1,READ,0x100008ba000,4096
39217,u2,2,READ,0x200008cc000,4096
39220,u3,3,READ,0x300008c7000,4096
39230,u2,2,READ,0x200008cd000,4096
39233,u0,0,READ,0x8bc000,4096
39236,u1,1,READ,0x100008bb000,4096
39245,u3,3,READ,0x300008c8000,4096
39248,u1,1,READ,0x100008bc000,4096
39250,u2,2,READ,0x200008ce000,4096
39257,u0,0,READ,0x8bd000,4096
39261,u2,2,READ,0x200008cf000,4096
39263,u3,3,READ,0x300008c9000,4096
39266,u1,1,READ,0x100008bd000,4096
39271,u0,0,READ,0x8be000,4096
39272,u2,2,READ,0x200008d0000,4096
39285,u3,3,WRITE,0x300008ca000,4096
39290,u1,1,READ,0x100008be000,4096
39296,u0,0,READ,0x8bf000,4096
39296,u2,2,READ,0x200008d1000,4096
39296,u3,3,READ,0x300008cb000,4096
39302,u1,1,READ,0x100008bf000,4096
39309,u0,0,READ,0x8c0000,4096
39318,u3,3,READ,0x300008cc000,4096
39321,u2,2,READ,0x200008d2000,4096
39324,u1,1,READ,0x100008c0000,4096
39327,u0,0,READ,0x8c1000,4096
39338,u0,0,READ,0x8c2000,4096
39340,u2,2,READ,0x200008d3000,4096
39342,u1,1,READ,0x100008c1000,4096
39342,u3,3,READ,0x300008cd000,4096
39358,u1,1,READ,0x100008c2000,4096
39361,u0,0,READ,0x8c3000,4096
39361,u3,3,READ,0x300008ce000,4096
39362,u2,2,READ,0x200008d4000,4096
39370,u1,1,READ,0x100008c3000,4096
39378,u3,3,READ,0x300008cf000,4096
39381,u0,0,READ,0x8c4000,4096
39386,u2,2,READ,0x200008d5000,4096
39391,u0,0,READ,0x8c5000,4096
39392,u3,3,READ,0x300008d0000,4096
39394,u1,1,READ,0x100008c4000,4096
39399,u2,2,READ,0x200008d6000,4096
39404,u3,3,READ,0x300008d1000,4096
39412,u2,2,READ,0x200008d7000,4096
39414,u0,0,READ,0x8c6000,4096
39416,u1,1,READ,0x100008c5000,4096
39418,u3,3,READ,0x300008d2000,4096
39426,u2,2,READ,0x200008d8000,4096
39433,u1,1,READ,0x100008c6000,4096
39436,u3,3,READ,0x300008d3000,4096
39437,u0,0,READ,0x8c7000,4096
39446,u2,2,READ,0x200008d9000,4096
39447,u1,1,READ,0x100008c7000,4096
39451,u3,3,READ,0x300008d4000,4096
39456,u2,2,READ,0x200008da000,4096
39459,u0,0,READ,0x8c8000,4096
39461,u1,1,READ,0x100008c8000,4096
39468,u3,3,READ,0x300008d5000,4096
39473,u2,2,READ,0x200008db000,4096
39474,u0,0,READ,0x8c9000,4096
39477,u1,1,READ,0x100008c9000,4096
39483,u3,3,READ,0x300008d6000,4096
39489,u1,1,READ,0x100008ca000,4096
39491,u2,2,READ,0x200008dc000,4096
39492,u0,0,READ,0x8ca000,4096
39503,u2,2,READ,0x200008dd000,4096
39503,u3,3,READ,0x300008d7000,4096
39505,u0,0,READ,0x8cb000,4096
39505,u1,1,READ,0x100008cb000,4096
39516,u2,2,READ,0x200008de000,4096
39516,u3,3,READ,0x300008d8000,4096
39517,u0,0,READ,0x8cc000,4096
39529,u1,1,READ,0x100008cc000,4096
39533,u2,2,READ,0x200008df000,4096
39536,u0,0,READ,0x8cd000,4096
39540,u3,3,READ,0x300008d9000,4096
39543,u1,1,READ,0x100008cd000,4096
39553,u2,2,READ,0x200008e0000,4096
39558,u3,3,READ,0x300008da000,4096
39559,u0,0,READ,0x8ce000,4096
39561,u1,1,READ,0x100008ce000,4096
39565,u2,2,READ,0x200008e1000,4096
39571,u3,3,READ,0x300008db000,4096
39576,u0,0,READ,0x8cf000,4096
39578,u1,1,READ,0x100008cf000,4096
39587,u2,2,READ,0x200008e2000,4096
39590,u3,3,READ,0x300008dc000,4096
39594,u0,0,READ,0x8d0000,4096
39600,u1,1,READ,0x100008d0000,4096
39607,u3,3,READ,0x300008dd000,4096
39611,u0,0,READ,0x8d1000,4096
39612,u1,1,READ,0x100008d1000,4096
39612,u2,2,READ,0x200008e3000,4096
39621,u3,3,READ,0x300008de000,4096
39622,u2,2,READ,0x200008e4000,4096
39623,u0,0,WRITE,0x8d2000,4096
39625,u1,1,READ,0x100008d2000,4096
39635,u3,3,READ,0x300008df000,4096
39636,u0,0,READ,0x8d3000,4096
39642,u1,1,READ,0x100008d3000,4096
39643,u2,2,READ,0x200008e5000,4096
39646,u0,0,READ,0x8d4000,4096
39653,u3,3,READ,0x300008e0000,4096
39655,u1,1,WRITE,0x100008d4000,4096
39656,u2,2,READ,0x200008e6000,4096
39666,u1,1,READ,0x100008d5000,4096
39669,u0,0,READ,0x8d5000,4096
39669,u3,3,READ,0x300008e1000,4096
39674,u2,2,READ,0x200008e7000,4096
39676,u1,1,READ,0x100008d6000,4096
39683,u3,3,WRITE,0x300008e2000,4096
39692,u0,0,READ,0x8d6000,4096
39692,u2,2,READ,0x200008e8000,4096
39696,u3,3,READ,0x300008e3000,4096
39701,u1,1,READ,0x100008d7000,4096
39705,u0,0,READ,0x8d7000,4096
39709,u2,2,READ,0x200008e9000,4096
39711,u3,3,READ,0x300008e4000,4096
39718,u0,0,READ,0x8d8000,4096
39722,u2,2,READ,0x200008ea000,4096
39726,u1,1,READ,0x100008d8000,4096
39732,u2,2,READ,0x200008eb000,4096
39735,u3,3,READ,0x300008e5000,4096
39736,u1,1,READ,0x100008d9000,4096
39741,u0,0,READ,0x8d9000,4096
39749,u1,1,READ,0x100008da000,4096
39753,u3,3,READ,0x300008e6000,4096
39757,u0,0,READ,0x8da000,4096
39757,u2,2,READ,0x200008ec000,4096
39761,u1,1,READ,0x100008db000,4096
39774,u2,2,READ,0x200008ed000,4096
39776,u1,1,READ,0x100008dc000,4096
39776,u3,3,READ,0x300008e7000,4096
39779,u0,0,READ,0x8db000,4096
39785,u2,2,READ,0x200008ee000,4096
39791,u0,0,READ,0x8dc000,4096
39793,u1,1,READ,0x100008dd000,4096
39794,u3,3,READ,0x300008e8000,4096
39806,u1,1,READ,0x100008de000,4096
39806,u2,2,READ,0x200008ef000,4096
39810,u0,0,READ,0x8dd000,4096
39815,u3,3,READ,0x300008e9000,4096
39819,u1,1,READ,0x100008df000,4096
39823,u0,0,READ,0x8de000,4096
39827,u2,2,READ,0x200008f0000,4096
39830,u3,3,READ,0x300008ea000,4096
39836,u1,1,READ,0x100008e0000,4096
39845,u0,0,READ,0x8df000,4096
39847,u1,1,READ,0x100008e1000,4096
39852,u2,2,READ,0x200008f1000,4096
39853,u3,3,READ,0x300008eb000,4096
39857,u0,0,READ,0x8e0000,4096
39863,u3,3,READ,0x300008ec000,4096
39864,u1,1,READ,0x100008e2000,4096
39866,u2,2,READ,0x200008f2000,4096
39872,u0,0,READ,0x8e1000,4096
39874,u1,1,WRITE,0x100008e3000,4096
39884,u2,2,READ,0x200008f3000,4096
39886,u3,3,READ,0x300008ed000,4096
39892,u1,1,READ,0x100008e4000,4096
39894,u0,0,READ,0x8e2000,4096
39904,u3,3,READ,0x300008ee000,4096
39906,u0,0,READ,0x8e3000,4096
39906,u1,1,READ,0x100008e5000,4096
39908,u2,2,READ,0x200008f4000,4096
39919,u0,0,READ,0x8e4000,4096
39926,u2,2,READ,0x200008f5000,4096
39926,u3,3,READ,0x300008ef000,4096
39928,u1,1,WRITE,0x100008e6000,4096
39936,u0,0,READ,0x8e5000,4096
39937,u3,3,READ,0x300008f0000,4096
39945,u1,1,READ,0x100008e7000,4096
39949,u2,2,READ,0x200008f6000,4096
39950,u3,3,READ,0x300008f1000,4096
39959,u0,0,READ,0x8e6000,4096
39964,u1,1,READ,0x100008e8000,4096
39966,u3,3,READ,0x300008f2000,4096
39973,u2,2,READ,0x200008f7000,4096
39977,u3,3,READ,0x300008f3000,4096
39978,u0,0,READ,0x8e7000,4096
39983,u1,1,READ,0x100008e9000,4096
39984,u2,2,READ,0x200008f8000,4096
39996,u1,1,READ,0x100008ea000,4096
39998,u3,3,READ,0x300008f4000,4096
40002,u0,0,READ,0x8e8000,4096
40003,u2,2,READ,0x200008f9000,4096
40017,u1,1,READ,0x100008eb000,4096
40019,u3,3,READ,0x300008f5000,4096
40025,u0,0,READ,0x8e9000,4096
40028,u2,2,READ,0x200008fa000,4096
40030,u1,1,READ,0x100008ec000,4096
40037,u0,0,READ,0x8ea000,4096
40037,u3,3,READ,0x300008f6000,4096
40043,u1,1,READ,0x100008ed000,4096
40048,u2,2,READ,0x200008fb000,4096
40052,u0,0,READ,0x8eb000,4096
40057,u3,3,READ,0x300008f7000,4096
40061,u2,2,READ,0x200008fc000,4096
40064,u0,0,READ,0x8ec000,4096
40068,u1,1,READ,0x100008ee000,4096
40074,u0,0,READ,0x8ed000,4096
40075,u2,2,READ,0x200008fd000,4096
40076,u3,3,READ,0x300008f8000,4096
40085,u2,2,READ,0x200008fe000,4096
40087,u1,1,READ,0x100008ef000,4096
40087,u3,3,READ,0x300008f9000,4096
40091,u0,0,READ,0x8ee000,4096
40097,u3,3,READ,0x300008fa000,4096
40103,u1,1,READ,0x100008f0000,4096
40107,u2,2,READ,0x200008ff000,4096
40109,u3,3,WRITE,0x300008fb000,4096
40114,u1,1,READ,0x100008f1000,4096
40115,u0,0,READ,0x8ef000,4096
40120,u3,3,READ,0x300008fc000,4096
40127,u2,2,READ,0x20000900000,4096
40130,u1,1,READ,0x100008f2000,4096
40137,u0,0,READ,0x8f0000,4096
40138,u2,2,READ,0x20000901000,4096
40144,u3,3,READ,0x300008fd000,4096
40153,u0,0,READ,0x8f1000,4096
40154,u3,3,READ,0x300008fe000,4096
40155,u1,1,READ,0x100008f3000,4096
40157,u2,2,READ,0x20000902000,4096
40168,u0,0,WRITE,0x8f2000,4096
40168,u2,2,READ,0x20000903000,4096
40169,u3,3,READ,0x300008ff000,4096
40170,u1,1,READ,0x100008f4000,4096
40179,u3,3,READ,0x30000900000,4096
40183,u2,2,READ,0x20000904000,4096
40185,u0,0,READ,0x8f3000,4096
40185,u1,1,READ,0x100008f5000,4096
40198,u0,0,READ,0x8f4000,4096
40198,u2,2,READ,0x20000905000,4096
40202,u3,3,READ,0x30000901000,4096
40205,u1,1,READ,0x100008f6000,4096
40215,u2,2,READ,0x20000906000,4096
40216,u0,0,READ,0x8f5000,4096
40221,u3,3,READ,0x30000902000,4096
40229,u1,1,WRITE,0x100008f7000,4096
40229,u2,2,READ,0x20000907000,4096
40235,u0,0,READ,0x8f6000,4096
40245,u3,3,READ,0x30000903000,4096
40246,u2,2,READ,0x20000908000,4096
40248,u1,1,READ,0x100008f8000,4096
40253,u0,0,READ,0x8f7000,4096
40259,u2,2,READ,0x20000909000,4096
40262,u1,1,READ,0x100008f9000,4096
40269,u3,3,READ,0x30000904000,4096
40270,u0,0,READ,0x8f8000,4096
40272,u1,1,WRITE,0x100008fa000,4096
40280,u2,2,WRITE,0x2000090a000,4096
40288,u0,0,READ,0x8f9000,4096
40289,u3,3,READ,0x30000905000,4096
40290,u1,1,READ,0x100008fb000,4096
40299,u2,2,READ,0x2000090b000,4096
40301,u3,3,READ,0x30000906000,4096
40304,u0,0,WRITE,0x8fa000,4096
40305,u1,1,WRITE,0x100008fc000,4096
40311,u3,3,READ,0x30000907000,4096
40313,u2,2,READ,0x2000090c000,4096
40319,u0,0,READ,0x8fb000,4096
40320,u1,1,READ,0x100008fd000,4096
40326,u2,2,READ,0x2000090d000,4096
40330,u1,1,READ,0x100008fe000,4096
40331,u3,3,READ,0x30000908000,4096
40334,u0,0,READ,0x8fc000,4096
40342,u2,2,READ,0x2000090e000,4096
40347,u1,1,READ,0x100008ff000,4096
40347,u3,3,READ,0x30000909000,4096
40354,u0,0,READ,0x8fd000,4096
40362,u3,3,READ,0x3000090a000,4096
40365,u2,2,READ,0x2000090f000,4096
40370,u1,1,READ,0x10000900000,4096
40377,u0,0,READ,0x8fe000,4096
40379,u3,3,READ,0x3000090b000,4096
40383,u1,1,READ,0x10000901000,4096
40387,u2,2,READ,0x20000910000,4096
40396,u0,0,READ,0x8ff000,4096
40398,u1,1,READ,0x10000902000,4096
40400,u3,3,READ,0x3000090c000,4096
40404,u2,2,READ,0x20000911000,4096
40406,u0,0,READ,0x900000,4096
40408,u1,1,READ,0x10000903000,4096
40413,u3,3,READ,0x3000090d000,4096
40421,u1,1,READ,0x10000904000,4096
40425,u2,2,READ,0x20000912000,4096
40428,u0,0,READ,0x901000,4096
40433,u1,1,READ,0x10000905000,4096
40434,u3,3,READ,0x3000090e000,4096
40443,u1,1,READ,0x10000906000,4096
40448,u2,2,READ,0x20000913000,4096
40451,u0,0,READ,0x902000,4096
40451,u3,3,READ,0x3000090f000,4096
40460,u1,1,READ,0x10000907000,4096
40468,u0,0,READ,0x903000,4096
40471,u1,1,READ,0x10000908000,4096
40471,u3,3,READ,0x30000910000,4096
40472,u2,2,READ,0x20000914000,4096
40482,u2,2,READ,0x20000915000,4096
40487,u0,0,READ,0x904000,4096
40493,u1,1,WRITE,0x10000909000,4096
40496,u3,3,READ,0x30000911000,4096
40497,u0,0,READ,0x905000,4096
40500,u2,2,READ,0x20000916000,4096
40506,u1,1,READ,0x1000090a000,4096
40511,u2,2,READ,0x20000917000,4096
40517,u0,0,READ,0x906000,4096
40517,u3,3,WRITE,0x30000912000,4096
40520,u1,1,WRITE,0x1000090b000,4096
40530,u2,2,READ,0x20000918000,4096
40536,u3,3,READ,0x30000913000,4096
40541,u0,0,READ,0x907000,4096
40541,u1,1,READ,0x1000090c000,4096
40551,u2,2,READ,0x20000919000,4096
40552,u3,3,READ,0x30000914000,4096
40557,u1,1,READ,0x1000090d000,4096
40563,u0,0,READ,0x908000,4096
40575,u2,2,READ,0x2000091a000,4096
40576,u3,3,READ,0x30000915000,4096
40578,u0,0,READ,0x909000,4096
40578,u1,1,READ,0x1000090e000,4096
40588,u1,1,READ,0x1000090f000,4096
40594,u3,3,READ,0x30000916000,4096
40598,u0,0,READ,0x90a000,4096
40598,u2,2,READ,0x2000091b000,4096
40613,u1,1,READ,0x10000910000,4096
40616,u2,2,READ,0x2000091c000,4096
40616,u3,3,READ,0x30000917000,4096
40623,u0,0,READ,0x90b000,4096
40631,u2,2,READ,0x2000091d000,4096
40632,u1,1,READ,0x10000911000,4096
40637,u3,3,WRITE,0x30000918000,4096
40645,u0,0,READ,0x90c000,4096
40648,u3,3,READ,0x30000919000,4096
40649,u1,1,READ,0x10000912000,4096
40652,u2,2,READ,0x2000091e000,4096
40665,u3,3,READ,0x3000091a000,4096
40669,u0,0,READ,0x90d000,4096
40670,u2,2,READ,0x2000091f000,4096
40671,u1,1,READ,0x10000913000,4096
40679,u3,3,READ,0x3000091b000,4096
40685,u2,2,READ,0x20000920000,4096
40686,u1,1,READ,0x10000914000,4096
40688,u0,0,READ,0x90e000,4096
40692,u3,3,READ,0x3000091c000,4096
40702,u0,0,READ,0x90f000,4096
40706,u1,1,READ,0x10000915000,4096
40706,u2,2,READ,0x20000921000,4096
40713,u0,0,READ,0x910000,4096
40714,u3,3,READ,0x3000091d000,4096
40717,u2,2,READ,0x20000922000,4096
40723,u1,1,READ,0x10000916000,4096
40734,u2,2,READ,0x20000923000,4096
40735,u0,0,READ,0x911000,4096
40739,u3,3,READ,0x3000091e000,4096
40742,u1,1,READ,0x10000917000,4096
40746,u2,2,READ,0x20000924000,4096
40756,u3,3,WRITE,0x3000091f000,4096
40757,u0,0,READ,0x912000,4096
40761,u1,1,READ,0x10000918000,4096
40771,u2,2,READ,0x20000925000,4096
40775,u3,3,READ,0x30000920000,4096
40781,u0,0,READ,0x913000,4096
40782,u2,2,READ,0x20000926000,4096
40785,u1,1,READ,0x10000919000,4096
40791,u3,3,READ,0x30000921000,4096
40799,u0,0,READ,0x914000,4096
40803,u1,1,READ,0x1000091a000,4096
40806,u2,2,READ,0x20000927000,4096
40806,u3,3,READ,0x30000922000,4096
40819,u0,0,READ,0x915000,4096
40824,u2,2,READ,0x20000928000,4096
40826,u1,1,READ,0x1000091b000,4096
40827,u3,3,READ,0x30000923000,4096
40839,u0,0,READ,0x916000,4096
40842,u3,3,READ,0x30000924000,4096
40843,u2,2,READ,0x20000929000,4096
40851,u1,1,READ,0x1000091c000,4096
40859,u0,0,WRITE,0x917000,4096
40866,u3,3,READ,0x30000925000,4096
40867,u2,2,READ,0x2000092a000,4096
40871,u1,1,READ,0x1000091d000,4096
40883,u3,3,READ,0x30000926000,4096
40884,u0,0,READ,0x918000,4096
40885,u2,2,READ,0x2000092b000,4096
40889,u1,1,READ,0x1000091e000,4096
40897,u0,0,READ,0x919000,4096
40900,u2,2,READ,0x2000092c000,4096
40903,u3,3,READ,0x30000927000,4096
40910,u1,1,READ,0x1000091f000,4096
40915,u3,3,READ,0x30000928000,4096
40918,u2,2,READ,0x2000092d000,4096
40921,u0,0,READ,0x91a000,4096
40929,u2,2,READ,0x2000092e000,4096
40934,u1,1,READ,0x10000920000,4096
40937,u0,0,READ,0x91b000,4096
40940,u3,3,READ,0x30000929000,4096
40944,u2,2,READ,0x2000092f000,4096
40956,u3,3,READ,0x3000092a000,4096
40959,u1,1,READ,0x10000921000,4096
40962,u0,0,READ,0x91c000,4096
40966,u2,2,READ,0x20000930000,4096
40972,u1,1,READ,0x10000922000,4096
40976,u3,3,READ,0x3000092b000,4096
40977,u0,0,READ,0x91d000,4096
40983,u1,1,READ,0x10000923000,4096
40983,u2,2,READ,0x20000931000,4096
40990,u3,3,READ,0x3000092c000,4096
40994,u1,1,READ,0x10000924000,4096
40996,u0,0,READ,0x91e000,4096
41004,u2,2,READ,0x20000932000,4096
41014,u0,0,READ,0x91f000,4096
41015,u3,3,READ,0x3000092d000,4096
41018,u1,1,READ,0x10000925000,4096
41026,u3,3,READ,0x3000092e000,4096
41029,u2,2,READ,0x20000933000,4096
41034,u0,0,READ,0x920000,4096
41034,u1,1,WRITE,0x10000926000,4096
41044,u1,1,READ,0x10000927000,4096
41046,u3,3,READ,0x3000092f000,4096
41051,u2,2,READ,0x20000934000,4096
41058,u0,0,READ,0x921000,4096
41061,u2,2,READ,0x20000935000,4096
41065,u3,3,READ,0x30000930000,4096
41068,u1,1,READ,0x10000928000,4096
41070,u0,0,READ,0x922000,4096
41075,u3,3,WRITE,0x30000931000,4096
41079,u1,1,READ,0x10000929000,4096
41082,u2,2,READ,0x20000936000,4096
41091,u1,1,READ,0x1000092a000,4096
41094,u0,0,READ,0x923000,4096
41094,u3,3,READ,0x30000932000,4096
41100,u2,2,READ,0x20000937000,4096
41104,u1,1,READ,0x1000092b000,4096
41114,u0,0,READ,0x924000,4096
41114,u3,3,READ,0x30000933000,4096
41117,u1,1,READ,0x1000092c000,4096
41119,u2,2,READ,0x20000938000,4096
41129,u0,0,READ,0x925000,4096
41139,u3,3,READ,0x30000934000,4096
41141,u1,1,READ,0x1000092d000,4096
41142,u2,2,READ,0x20000939000,4096
41148,u0,0,READ,0x926000,4096
41155,u2,2,READ,0x2000093a000,4096
41164,u3,3,READ,0x30000935000,4096
41166,u1,1,READ,0x1000092e000,4096
41172,u0,0,READ,0x927000,4096
41173,u2,2,READ,0x2000093b000,4096
41177,u3,3,READ,0x30000936000,4096
41178,u1,1,READ,0x1000092f000,4096
41187,u0,0,READ,0x928000,4096
41193,u2,2,READ,0x2000093c000,4096
41193,u3,3,READ,0x30000937000,4096
41195,u1,1,READ,0x10000930000,4096
41201,u0,0,READ,0x929000,4096
41210,u1,1,READ,0x10000931000,4096
41211,u0,0,READ,0x92a000,4096
41213,u3,3,READ,0x30000938000,4096
41214,u2,2,READ,0x2000093d000,4096
41224,u2,2,READ,0x2000093e000,4096
41227,u1,1,READ,0x10000932000,4096
41227,u3,3,READ,0x30000939000,4096
41232,u0,0,READ,0x92b000,4096
41237,u1,1,READ,0x10000933000,4096
41248,u3,3,READ,0x3000093a000,4096
41249,u1,1,READ,0x10000934000,4096
41249,u2,2,READ,0x2000093f000,4096
41255,u0,0,READ,0x92c000,4096
41258,u3,3,READ,0x3000093b000,4096
41259,u1,1,READ,0x10000935000,4096
41267,u0,0,READ,0x92d000,4096
41270,u2,2,READ,0x20000940000,4096
41272,u1,1,READ,0x10000936000,4096
41272,u3,3,READ,0x3000093c000,4096
41283,u3,3,READ,0x3000093d000,4096
41284,u0,0,READ,0x92e000,4096
41284,u2,2,READ,0x20000941000,4096
41292,u1,1,READ,0x10000937000,4096
41293,u3,3,READ,0x3000093e000,4096
41297,u2,2,READ,0x20000942000,4096
41306,u1,1,READ,0x10000938000,4096
41309,u0,0,READ,0x92f000,4096
41316,u3,3,READ,0x3000093f000,4096
41320,u0,0,READ,0x930000,4096
41321,u2,2,READ,0x20000943000,4096
41328,u1,1,READ,0x10000939000,4096
41338,u0,0,READ,0x931000,4096
41340,u2,2,READ,0x20000944000,4096
41341,u3,3,READ,0x30000940000,4096
41346,u1,1,READ,0x1000093a000,4096
41354,u0,0,READ,0x932000,4096
41356,u2,2,READ,0x20000945000,4096
41356,u3,3,READ,0x30000941000,4096
41360,u1,1,READ,0x1000093b000,4096
41366,u0,0,READ,0x933000,4096
41368,u3,3,READ,0x30000942000,4096
41372,u2,2,READ,0x20000946000,4096
41377,u1,1,READ,0x1000093c000,4096
41381,u3,3,READ,0x30000943000,4096
41386,u0,0,READ,0x934000,4096
41390,u2,2,READ,0x20000947000,4096
41394,u1,1,READ,0x1000093d000,4096
41400,u0,0,READ,0x935000,4096
41400,u2,2,READ,0x20000948000,4096
41406,u3,3,READ,0x30000944000,4096
41411,u1,1,READ,0x1000093e000,4096
41412,u0,0,READ,0x936000,4096
41412,u2,2,READ,0x20000949000,4096
41419,u3,3,READ,0x30000945000,4096
41426,u1,1,READ,0x1000093f000,4096
41427,u2,2,READ,0x2000094a000,4096
41437,u0,0,READ,0x937000,4096
41442,u2,2,READ,0x2000094b000,4096
41443,u3,3,READ,0x30000946000,4096
41447,u1,1,READ,0x10000940000,4096
41453,u2,2,READ,0x2000094c000,4096
41458,u0,0,READ,0x938000,4096
41462,u3,3,READ,0x30000947000,4096
41463,u1,1,READ,0x10000941000,4096
41471,u2,2,READ,0x2000094d000,4096
41473,u0,0,READ,0x939000,4096
41484,u2,2,READ,0x2000094e000,4096
41486,u1,1,READ,0x10000942000,4096
41486,u3,3,READ,0x30000948000,4096
41494,u0,0,READ,0x93a000,4096
41502,u1,1,READ,0x10000943000,4096
41502,u2,2,READ,0x2000094f000,4096
41510,u3,3,READ,0x30000949000,4096
41514,u2,2,READ,0x20000950000,4096
41515,u0,0,READ,0x93b000,4096
41522,u1,1,READ,0x10000944000,4096
41526,u0,0,READ,0x93c000,4096
41526,u3,3,READ,0x3000094a000,4096
41537,u2,2,READ,0x20000951000,4096
41538,u1,1,READ,0x10000945000,4096
41541,u3,3,READ,0x3000094b000,4096
41550,u0,0,WRITE,0x93d000,4096
41558,u2,2,READ,0x20000952000,4096
41560,u1,1,READ,0x10000946000,4096
41560,u3,3,READ,0x3000094c000,4096
41572,u1,1,READ,0x10000947000,4096
41572,u3,3,READ,0x3000094d000,4096
41575,u0,0,READ,0x93e000,4096
41577,u2,2,READ,0x20000953000,4096
41585,u3,3,READ,0x3000094e000,4096
41588,u1,1,WRITE,0x10000948000,4096
41595,u0,0,READ,0x93f000,4096
41598,u1,1,READ,0x10000949000,4096
41598,u2,2,READ,0x20000954000,4096
41605,u3,3,READ,0x3000094f000,4096
41615,u0,0,READ,0x940000,4096
41621,u3,3,READ,0x30000950000,4096
41622,u2,2,READ,0x20000955000,4096
41623,u1,1,READ,0x1000094a000,4096
41631,u0,0,READ,0x941000,4096
41634,u3,3,READ,0x30000951000,4096
41635,u1,1,READ,0x1000094b000,4096
41646,u0,0,WRITE,0x942000,4096
41647,u2,2,READ,0x20000956000,4096
41653,u1,1,READ,0x1000094c000,4096
41658,u3,3,READ,0x30000952000,4096
41660,u0,0,READ,0x943000,4096
41662,u2,2,READ,0x20000957000,4096
41672,u1,1,READ,0x1000094d000,4096
41672,u3,3,READ,0x30000953000,4096
41674,u0,0,READ,0x944000,4096
41685,u2,2,READ,0x20000958000,4096
41686,u1,1,WRITE,0x1000094e000,4096
41691,u0,0,READ,0x945000,4096
41692,u3,3,READ,0x30000954000,4096
41698,u1,1,READ,0x1000094f000,4096
41703,u2,2,READ,0x20000959000,4096
41705,u3,3,READ,0x30000955000,4096
41713,u0,0,READ,0x946000,4096
41720,u1,1,READ,0x10000950000,4096
41726,u2,2,READ,0x2000095a000,4096
41729,u3,3,READ,0x30000956000,4096
41733,u0,0,READ,0x947000,4096
41741,u1,1,READ,0x10000951000,4096
41744,u2,2,READ,0x2000095b000,4096
41747,u3,3,READ,0x30000957000,4096
41754,u0,0,READ,0x948000,4096
41758,u3,3,READ,0x30000958000,4096
41760,u1,1,READ,0x10000952000,4096
41764,u2,2,READ,0x2000095c000,4096
41767,u0,0,READ,0x949000,4096
41773,u1,1,READ,0x10000953000,4096
41781,u2,2,READ,0x2000095d000,4096
41781,u3,3,READ,0x30000959000,4096
41787,u1,1,READ,0x10000954000,4096
41791,u0,0,WRITE,0x94a000,4096
41795,u2,2,READ,0x2000095e000,4096
41803,u3,3,READ,0x3000095a000,4096
41809,u1,1,READ,0x10000955000,4096
41815,u0,0,READ,0x94b000,4096
41818,u2,2,READ,0x2000095f000,4096
41823,u3,3,READ,0x3000095b000,4096
41832,u1,1,READ,0x10000956000,4096
41834,u2,2,READ,0x20000960000,4096
41837,u0,0,READ,0x94c000,4096
41838,u3,3,READ,0x3000095c000,4096
41848,u2,2,READ,0x20000961000,4096
41849,u3,3,READ,0x3000095d000,4096
41856,u1,1,READ,0x10000957000,4096
41858,u0,0,READ,0x94d000,4096
41860,u2,2,READ,0x20000962000,4096
41863,u3,3,READ,0x3000095e000,4096
41870,u1,1,READ,0x10000958000,4096
41873,u0,0,READ,0x94e000,4096
41874,u3,3,READ,0x3000095f000,4096
41881,u2,2,READ,0x20000963000,4096
41886,u3,3,READ,0x30000960000,4096
41891,u1,1,WRITE,0x10000959000,4096
41893,u0,0,READ,0x94f000,4096
41902,u2,2,READ,0x20000964000,4096
41907,u0,0,READ,0x950000,4096
41908,u3,3,READ,0x30000961000,4096
41909,u1,1,READ,0x1000095a000,4096
41917,u0,0,READ,0x951000,4096
41924,u2,2,READ,0x20000965000,4096
41925,u3,3,READ,0x30000962000,4096
41930,u1,1,READ,0x1000095b000,4096
41936,u2,2,READ,0x20000966000,4096
41936,u3,3,WRITE,0x30000963000,4096
41940,u0,0,READ,0x952000,4096
41944,u1,1,READ,0x1000095c000,4096
41947,u3,3,READ,0x30000964000,4096
41950,u0,0,READ,0x953000,4096
41957,u2,2,WRITE,0x20000967000,4096
41958,u3,3,READ,0x30000965000,4096
41961,u1,1,READ,0x1000095d000,4096
41966,u0,0,READ,0x954000,4096
41968,u3,3,READ,0x30000966000,4096
41972,u2,2,READ,0x20000968000,4096
41975,u1,1,READ,0x1000095e000,4096
41984,u3,3,READ,0x30000967000,4096
41986,u0,0,WRITE,0x955000,4096
41992,u1,1,READ,0x1000095f000,4096
41993,u2,2,READ,0x20000969000,4096
41996,u3,3,READ,0x30000968000,4096
42003,u1,1,READ,0x10000960000,4096
42005,u0,0,READ,0x956000,4096
42010,u2,2,READ,0x2000096a000,4096
42020,u3,3,READ,0x30000969000,4096
42023,u1,1,READ,0x10000961000,4096
42026,u0,0,READ,0x957000,4096
42034,u3,3,WRITE,0x3000096a000,4096
42035,u2,2,READ,0x2000096b000,4096
42044,u3,3,READ,0x3000096b000,4096
42048,u0,0,READ,0x958000,4096
42048,u1,1,READ,0x10000962000,4096
42052,u2,2,READ,0x2000096c000,4096
42060,u1,1,READ,0x10000963000,4096
42067,u0,0,READ,0x959000,4096
42067,u2,2,READ,0x2000096d000,4096
42067,u3,3,READ,0x3000096c000,4096
42079,u1,1,READ,0x10000964000,4096
42080,u2,2,READ,0x2000096e000,4096
42082,u3,3,READ,0x3000096d000,4096
42085,u0,0,READ,0x95a000,4096
42097,u1,1,READ,0x10000965000,4096
42102,u3,3,READ,0x3000096e000,4096
42105,u2,2,READ,0x2000096f000,4096
42108,u0,0,READ,0x95b000,4096
42114,u1,1,READ,0x10000966000,4096
42116,u3,3,READ,0x3000096f000,4096
42118,u2,2,READ,0x20000970000,4096
42125,u0,0,READ,0x95c000,4096
42130,u1,1,READ,0x10000967000,4096
42137,u3,3,READ,0x30000970000,4096
42139,u2,2,READ,0x20000971000,4096
42140,u1,1,READ,0x10000968000,4096
42142,u0,0,READ,0x95d000,4096
42148,u3,3,READ,0x30000971000,4096
42155,u2,2,READ,0x20000972000,4096
42160,u1,1,READ,0x10000969000,4096
42167,u0,0,READ,0x95e000,4096
42172,u3,3,READ,0x30000972000,4096
42174,u2,2,READ,0x20000973000,4096
42180,u1,1,READ,0x1000096a000,4096
42185,u0,0,READ,0x95f000,4096
42187,u3,3,READ,0x30000973000,4096
42191,u2,2,READ,0x20000974000,4096
42200,u1,1,READ,0x1000096b000,4096
42206,u2,2,READ,0x20000975000,4096
42207,u0,0,READ,0x960000,4096
42208,u3,3,READ,0x30000974000,4096
42217,u1,1,READ,0x1000096c000,4096
42220,u2,2,READ,0x20000976000,4096
42224,u3,3,READ,0x30000975000,4096
42228,u0,0,READ,0x961000,4096
42232,u1,1,READ,0x1000096d000,4096
42237,u2,2,READ,0x20000977000,4096
42243,u1,1,READ,0x1000096e000,4096
42243,u3,3,READ,0x30000976000,4096
42250,u0,0,READ,0x962000,4096
42254,u2,2,READ,0x20000978000,4096
42255,u1,1,READ,0x1000096f000,4096
42261,u3,3,READ,0x30000977000,4096
42268,u0,0,READ,0x963000,4096
42272,u2,2,READ,0x20000979000,4096
42272,u3,3,READ,0x30000978000,4096
42274,u1,1,READ,0x10000970000,4096
42284,u3,3,READ,0x30000979000,4096
42285,u2,2,READ,0x2000097a000,4096
42288,u1,1,READ,0x10000971000,4096
42290,u0,0,READ,0x964000,4096
42300,u0,0,READ,0x965000,4096
42301,u1,1,READ,0x10000972000,4096
42301,u2,2,READ,0x2000097b000,4096
42302,u3,3,READ,0x3000097a000,4096
42311,u2,2,WRITE,0x2000097c000,4096
42319,u3,3,READ,0x3000097b000,4096
42321,u0,0,READ,0x966000,4096
42325,u1,1,READ,0x10000973000,4096
42326,u2,2,READ,0x2000097d000,4096
42338,u2,2,READ,0x2000097e000,4096
42339,u0,0,READ,0x967000,4096
42340,u3,3,READ,0x3000097c000,4096
42348,u1,1,READ,0x10000974000,4096
42351,u2,2,READ,0x2000097f000,4096
42358,u3,3,READ,0x3000097d000,4096
42364,u0,0,READ,0x968000,4096
42365,u1,1,READ,0x10000975000,4096
42365,u2,2,READ,0x20000980000,4096
42368,u3,3,READ,0x3000097e000,4096
42376,u2,2,READ,0x20000981000,4096
42381,u0,0,READ,0x969000,4096
42381,u1,1,WRITE,0x10000976000,4096
42381,u3,3,READ,0x3000097f000,4096
42388,u2,2,READ,0x20000982000,4096
42398,u1,1,READ,0x10000977000,4096
42400,u2,2,READ,0x20000983000,4096
42405,u0,0,READ,0x96a000,4096
42406,u3,3,READ,0x30000980000,4096
42408,u1,1,READ,0x10000978000,4096
42424,u2,2,READ,0x20000984000,4096
42427,u0,0,READ,0x96b000,4096
42427,u1,1,READ,0x10000979000,4096
42431,u3,3,READ,0x30000981000,4096
42437,u2,2,READ,0x20000985000,4096
42439,u1,1,READ,0x1000097a000,4096
42443,u0,0,READ,0x96c000,4096
42454,u3,3,READ,0x30000982000,4096
42456,u2,2,READ,0x20000986000,4096
42462,u0,0,READ,0x96d000,4096
42462,u1,1,READ,0x1000097b000,4096
42477,u0,0,READ,0x96e000,4096
42478,u2,2,READ,0x20000987000,4096
42478,u3,3,READ,0x30000983000,4096
42483,u1,1,READ,0x1000097c000,4096
42487,u0,0,READ,0x96f000,4096
42493,u1,1,READ,0x1000097d000,4096
42495,u3,3,READ,0x30000984000,4096
42501,u0,0,READ,0x970000,4096
42501,u2,2,READ,0x20000988000,4096
42503,u1,1,READ,0x1000097e000,4096
42505,u3,3,READ,0x30000985000,4096
42515,u1,1,READ,0x1000097f000,4096
42517,u2,2,READ,0x20000989000,4096
42524,u0,0,READ,0x971000,4096
42527,u3,3,READ,0x30000986000,4096
42531,u1,1,READ,0x10000980000,4096
42541,u3,3,READ,0x30000987000,4096
42542,u2,2,READ,0x2000098a000,4096
42544,u0,0,READ,0x972000,4096
42546,u1,1,WRITE,0x10000981000,4096
42551,u3,3,READ,0x30000988000,4096
42557,u2,2,READ,0x2000098b000,4096
42561,u0,0,READ,0x973000,4096
42568,u1,1,READ,0x10000982000,4096
42568,u2,2,READ,0x2000098c000,4096
42570,u3,3,READ,0x30000989000,4096
42571,u0,0,READ,0x974000,4096
42584,u3,3,READ,0x3000098a000,4096
42588,u1,1,READ,0x10000983000,4096
42589,u0,0,READ,0x975000,4096
42593,u2,2,WRITE,0x2000098d000,4096
42601,u0,0,READ,0x976000,4096
42607,u2,2,READ,0x2000098e000,4096
42609,u3,3,READ,0x3000098b000,4096
42612,u1,1,READ,0x10000984000,4096
42616,u0,0,READ,0x977000,4096
42619,u2,2,READ,0x2000098f000,4096
42620,u3,3,READ,0x3000098c000,4096
42624,u1,1,READ,0x10000985000,4096
42628,u0,0,READ,0x978000,4096
42633,u2,2,READ,0x20000990000,4096
42643,u1,1,READ,0x10000986000,4096
42643,u3,3,READ,0x3000098d000,4096
42647,u2,2,READ,0x20000991000,4096
42650,u0,0,READ,0x979000,4096
42653,u3,3,READ,0x3000098e000,4096
42662,u2,2,READ,0x20000992000,4096
42663,u1,1,READ,0x10000987000,4096
42664,u3,3,READ,0x3000098f000,4096
42668,u0,0,READ,0x97a000,4096
42680,u2,2,READ,0x20000993000,4096
42680,u3,3,WRITE,0x30000990000,4096
42684,u1,1,READ,0x10000988000,4096
42692,u0,0,READ,0x97b000,4096
42696,u1,1,READ,0x10000989000,4096
42701,u2,2,READ,0x20000994000,4096
42702,u3,3,READ,0x30000991000,4096
42705,u0,0,READ,0x97c000,4096
42715,u1,1,READ,0x1000098a000,4096
42720,u3,3,READ,0x30000992000,4096
42722,u2,2,READ,0x20000995000,4096
42726,u0,0,READ,0x97d000,4096
42733,u2,2,READ,0x20000996000,4096
42739,u1,1,READ,0x1000098b000,4096
42740,u3,3,WRITE,0x30000993000,4096
42744,u0,0,READ,0x97e000,4096
42749,u1,1,READ,0x1000098c000,4096
42758,u2,2,WRITE,0x20000997000,4096
42760,u3,3,READ,0x30000994000,4096
42768,u0,0,READ,0x97f000,4096
42768,u1,1,READ,0x1000098d000,4096
42775,u3,3,READ,0x30000995000,4096
42781,u0,0,READ,0x980000,4096
42782,u2,2,READ,0x20000998000,4096
42786,u1,1,READ,0x1000098e000,4096
42788,u3,3,READ,0x30000996000,4096
42798,u1,1,READ,0x1000098f000,4096
42802,u0,0,READ,0x981000,4096
42805,u2,2,READ,0x20000999000,4096
42809,u3,3,READ,0x30000997000,4096
42810,u1,1,READ,0x10000990000,4096
42823,u0,0,READ,0x982000,4096
42828,u2,2,READ,0x2000099a000,4096
42832,u3,3,READ,0x30000998000,4096
42833,u1,1,READ,0x10000991000,4096
42843,u0,0,READ,0x983000,4096
42843,u2,2,READ,0x2000099b000,4096
42845,u1,1,READ,0x10000992000,4096
42855,u0,0,READ,0x984000,4096
42857,u3,3,READ,0x30000999000,4096
42860,u1,1,READ,0x10000993000,4096
42863,u2,2,READ,0x2000099c000,4096
42867,u0,0,WRITE,0x985000,4096
42880,u0,0,READ,0x986000,4096
42880,u3,3,READ,0x3000099a000,4096
42883,u1,1,READ,0x10000994000,4096
42883,u2,2,READ,0x2000099d000,4096
42890,u0,0,READ,0x987000,4096
42894,u2,2,WRITE,0x2000099e000,4096
42898,u3,3,READ,0x3000099b000,4096
42904,u0,0,READ,0x988000,4096
42905,u1,1,READ,0x10000995000,4096
42908,u2,2,READ,0x2000099f000,4096
42918,u0,0,READ,0x989000,4096
42921,u2,2,READ,0x200009a0000,4096
42921,u3,3,READ,0x3000099c000,4096
42926,u1,1,READ,0x10000996000,4096
42930,u0,0,READ,0x98a000,4096
42933,u2,2,READ,0x200009a1000,4096
42933,u3,3,READ,0x3000099d000,4096
42941,u0,0,READ,0x98b000,4096
42944,u2,2,READ,0x200009a2000,4096
42947,u1,1,READ,0x10000997000,4096
42950,u3,3,WRITE,0x3000099e000,4096
42956,u2,2,READ,0x200009a3000,4096
42959,u0,0,READ,0x98c000,4096
42965,u3,3,READ,0x3000099f000,4096
42972,u1,1,READ,0x10000998000,4096
42976,u2,2,READ,0x200009a4000,4096
42979,u3,3,READ,0x300009a0000,4096
42980,u0,0,READ,0x98d000,4096
42989,u2,2,READ,0x200009a5000,4096
42990,u1,1,WRITE,0x10000999000,4096
42995,u0,0,READ,0x98e000,4096
43003,u3,3,READ,0x300009a1000,4096
43007,u1,1,READ,0x1000099a000,4096
43012,u2,2,READ,0x200009a6000,4096
43015,u3,3,READ,0x300009a2000,4096
43018,u0,0,READ,0x98f000,4096
43023,u1,1,READ,0x1000099b000,4096
43029,u0,0,READ,0x990000,4096
43034,u1,1,READ,0x1000099c000,4096
43035,u2,2,READ,0x200009a7000,4096
43039,u3,3,READ,0x300009a3000,4096
43046,u2,2,READ,0x200009a8000,4096
43052,u0,0,READ,0x991000,4096
43056,u1,1,READ,0x1000099d000,4096
43061,u3,3,READ,0x300009a4000,4096
43062,u0,0,READ,0x992000,4096
43067,u2,2,READ,0x200009a9000,4096
43072,u1,1,READ,0x1000099e000,4096
43077,u3,3,READ,0x300009a5000,4096
43082,u2,2,READ,0x200009aa000,4096
43083,u0,0,READ,0x993000,4096
43093,u1,1,READ,0x1000099f000,4096
43095,u0,0,READ,0x994000,4096
43100,u3,3,READ,0x300009a6000,4096
43102,u2,2,READ,0x200009ab000,4096
43113,u3,3,READ,0x300009a7000,4096
43114,u2,2,READ,0x200009ac000,4096
43115,u1,1,READ,0x100009a0000,4096
43118,u0,0,READ,0x995000,4096
43124,u3,3,READ,0x300009a8000,4096
43127,u1,1,READ,0x100009a1000,4096
43139,u0,0,READ,0x996000,4096
43139,u2,2,READ,0x200009ad000,4096
43143,u3,3,READ,0x300009a9000,4096
43146,u1,1,READ,0x100009a2000,4096
43158,u1,1,READ,0x100009a3000,4096
43158,u2,2,READ,0x200009ae000,4096
43160,u3,3,READ,0x300009aa000,4096
43163,u0,0,READ,0x997000,4096
43170,u1,1,READ,0x100009a4000,4096
43174,u0,0,READ,0x998000,4096
43174,u2,2,READ,0x200009af000,4096
43183,u3,3,READ,0x300009ab000,4096
43186,u1,1,READ,0x100009a5000,4096
43192,u2,2,READ,0x200009b0000,4096
43196,u0,0,READ,0x999000,4096
43204,u3,3,READ,0x300009ac000,4096
43209,u1,1,READ,0x100009a6000,4096
43212,u2,2,READ,0x200009b1000,4096
43213,u0,0,READ,0x99a000,4096
43214,u3,3,READ,0x300009ad000,4096
43224,u1,1,READ,0x100009a7000,4096
43229,u0,0,READ,0x99b000,4096
43236,u2,2,READ,0x200009b2000,4096
43239,u1,1,READ,0x100009a8000,4096
43239,u3,3,READ,0x300009ae000,4096
43245,u0,0,READ,0x99c000,4096
43246,u2,2,READ,0x200009b3000,4096
43257,u1,1,READ,0x100009a9000,4096
43259,u3,3,READ,0x300009af000,4096
43263,u2,2,READ,0x200009b4000,4096
43264,u0,0,READ,0x99d000,4096
43268,u1,1,READ,0x100009aa000,4096
43271,u3,3,READ,0x300009b0000,4096
43277,u2,2,READ,0x200009b5000,4096
43279,u1,1,READ,0x100009ab000,4096
43281,u3,3,READ,0x300009b1000,4096
43282,u0,0,READ,0x99e000,4096
43289,u1,1,READ,0x100009ac000,4096
43300,u2,2,READ,0x200009b6000,4096
43303,u0,0,READ,0x99f000,4096
43304,u3,3,READ,0x300009b2000,4096
43305,u1,1,READ,0x100009ad000,4096
43315,u2,2,READ,0x200009b7000,4096
43318,u0,0,READ,0x9a0000,4096
43327,u1,1,WRITE,0x100009ae000,4096
43329,u3,3,READ,0x300009b3000,4096
43332,u2,2,READ,0x200009b8000,4096
43334,u0,0,READ,0x9a1000,4096
43338,u1,1,READ,0x100009af000,4096
43353,u2,2,READ,0x200009b9000,4096
43353,u3,3,READ,0x300009b4000,4096
43355,u0,0,READ,0x9a2000,4096
43357,u1,1,READ,0x100009b0000,4096
43365,u2,2,READ,0x200009ba000,4096
43376,u3,3,READ,0x300009b5000,4096
43378,u0,0,READ,0x9a3000,4096
43378,u2,2,READ,0x200009bb000,4096
43381,u1,1,READ,0x100009b1000,4096
43393,u1,1,READ,0x100009b2000,4096
43397,u0,0,READ,0x9a4000,4096
43399,u2,2,READ,0x200009bc000,4096
43400,u3,3,READ,0x300009b6000,4096
43407,u1,1,READ,0x100009b3000,4096
43414,u0,0,READ,0x9a5000,4096
43421,u2,2,READ,0x200009bd000,4096
43422,u1,1,READ,0x100009b4000,4096
43425,u3,3,READ,0x300009b7000,4096
43429,u0,0,READ,0x9a6000,4096
43442,u3,3,WRITE,0x300009b8000,4096
43446,u1,1,READ,0x100009b5000,4096
43446,u2,2,READ,0x200009be000,4096
43448,u0,0,READ,0x9a7000,4096
43457,u3,3,READ,0x300009b9000,4096
43462,u1,1,READ,0x100009b6000,4096
43466,u2,2,READ,0x200009bf000,4096
43472,u0,0,READ,0x9a8000,4096
43477,u3,3,READ,0x300009ba000,4096
43481,u1,1,WRITE,0x100009b7000,4096
43483,u2,2,READ,0x200009c0000,4096
43490,u3,3,WRITE,0x300009bb000,4096
43491,u0,0,READ,0x9a9000,4096
43494,u2,2,READ,0x200009c1000,4096
43495,u1,1,READ,0x100009b8000,4096
43504,u0,0,READ,0x9aa000,4096
43504,u3,3,READ,0x300009bc000,4096
43514,u2,2,READ,0x200009c2000,4096
43518,u1,1,READ,0x100009b9000,4096
43519,u3,3,READ,0x300009bd000,4096
43525,u0,0,READ,0x9ab000,4096
43533,u1,1,READ,0x100009ba000,4096
43533,u2,2,READ,0x200009c3000,4096
43536,u3,3,READ,0x300009be000,4096
43540,u0,0,WRITE,0x9ac000,4096
43543,u1,1,READ,0x100009bb000,4096
43544,u2,2,READ,0x200009c4000,4096
43547,u3,3,READ,0x300009bf000,4096
43556,u0,0,READ,0x9ad000,4096
43560,u2,2,READ,0x200009c5000,4096
43561,u3,3,READ,0x300009c0000,4096
43563,u1,1,READ,0x100009bc000,4096
43579,u0,0,READ,0x9ae000,4096
43579,u1,1,READ,0x100009bd000,4096
43582,u3,3,READ,0x300009c1000,4096
43583,u2,2,READ,0x200009c6000,4096
43592,u0,0,READ,0x9af000,4096
43593,u3,3,READ,0x300009c2000,4096
43597,u2,2,READ,0x200009c7000,4096
43598,u1,1,READ,0x100009be000,4096
43611,u0,0,READ,0x9b0000,4096
43611,u1,1,READ,0x100009bf000,4096
43617,u2,2,WRITE,0x200009c8000,4096
43618,u3,3,READ,0x300009c3000,4096
43630,u1,1,READ,0x100009c0000,4096
43631,u0,0,READ,0x9b1000,4096
43639,u2,2,READ,0x200009c9000,4096
43641,u3,3,READ,0x300009c4000,4096
43645,u1,1,READ,0x100009c1000,4096
43649,u0,0,READ,0x9b2000,4096
43655,u3,3,READ,0x300009c5000,4096
43656,u1,1,READ,0x100009c2000,4096
43656,u2,2,READ,0x200009ca000,4096
43669,u0,0,READ,0x9b3000,4096
43669,u1,1,READ,0x100009c3000,4096
43670,u2,2,READ,0x200009cb000,4096
43679,u3,3,READ,0x300009c6000,4096
43680,u2,2,READ,0x200009cc000,4096
43686,u1,1,READ,0x100009c4000,4096
43690,u2,2,READ,0x200009cd000,4096
43694,u0,0,READ,0x9b4000,4096
43696,u3,3,READ,0x300009c7000,4096
43702,u2,2,READ,0x200009ce000,4096
43707,u1,1,READ,0x100009c5000,4096
43714,u0,0,READ,0x9b5000,4096
43714,u2,2,READ,0x200009cf000,4096
43714,u3,3,READ,0x300009c8000,4096
43727,u1,1,READ,0x100009c6000,4096
43729,u0,0,WRITE,0x9b6000,4096
43730,u3,3,READ,0x300009c9000,4096
43731,u2,2,READ,0x200009d0000,4096
43744,u1,1,READ,0x100009c7000,4096
43748,u0,0,READ,0x9b7000,4096
43750,u3,3,READ,0x300009ca000,4096
43755,u2,2,READ,0x200009d1000,4096
43764,u0,0,READ,0x9b8000,4096
43765,u3,3,READ,0x300009cb000,4096
43769,u1,1,READ,0x100009c8000,4096
43773,u2,2,READ,0x200009d2000,4096
43779,u3,3,READ,0x300009cc000,4096
43788,u0,0,READ,0x9b9000,4096
43788,u1,1,READ,0x100009c9000,4096
43795,u2,2,READ,0x200009d3000,4096
43799,u3,3,READ,0x300009cd000,4096
43802,u1,1,READ,0x100009ca000,4096
43809,u0,0,READ,0x9ba000,4096
43814,u1,1,READ,0x100009cb000,4096
43820,u2,2,READ,0x200009d4000,4096
43823,u3,3,READ,0x300009ce000,4096
43828,u0,0,READ,0x9bb000,4096
43833,u1,1,READ,0x100009cc000,4096
43840,u2,2,READ,0x200009d5000,4096
43845,u0,0,WRITE,0x9bc000,4096
43846,u3,3,READ,0x300009cf000,4096
43854,u2,2,READ,0x200009d6000,4096
43856,u1,1,READ,0x100009cd000,4096
43861,u3,3,READ,0x300009d0000,4096
43863,u0,0,READ,0x9bd000,4096
43867,u2,2,READ,0x200009d7000,4096
43877,u1,1,READ,0x100009ce000,4096
43882,u3,3,READ,0x300009d1000,4096
43885,u0,0,READ,0x9be000,4096
43888,u2,2,READ,0x200009d8000,4096
43898,u3,3,READ,0x300009d2000,4096
43899,u1,1,READ,0x100009cf000,4096
43901,u0,0,READ,0x9bf000,4096
43906,u2,2,READ,0x200009d9000,4096
43920,u0,0,READ,0x9c0000,4096
43920,u2,2,READ,0x200009da000,4096
43920,u3,3,READ,0x300009d3000,4096
43921,u1,1,READ,0x100009d0000,4096
43930,u2,2,READ,0x200009db000,4096
43935,u1,1,READ,0x100009d1000,4096
43944,u0,0,READ,0x9c1000,4096
43945,u3,3,READ,0x300009d4000,4096
43950,u1,1,READ,0x100009d2000,4096
43950,u2,2,WRITE,0x200009dc000,4096
43960,u1,1,READ,0x100009d3000,4096
43964,u3,3,READ,0x300009d5000,4096
43965,u0,0,READ,0x9c2000,4096
43965,u2,2,READ,0x200009dd000,4096
43976,u2,2,READ,0x200009de000,4096
43980,u1,1,READ,0x100009d4000,4096
43981,u3,3,READ,0x300009d6000,4096
43984,u0,0,READ,0x9c3000,4096
43991,u3,3,READ,0x300009d7000,4096
43992,u2,2,READ,0x200009df000,4096
43993,u1,1,READ,0x100009d5000,4096
44005,u0,0,READ,0x9c4000,4096
44010,u2,2,READ,0x200009e0000,4096
44012,u3,3,READ,0x300009d8000,4096
44013,u1,1,READ,0x100009d6000,4096
44024,u2,2,READ,0x200009e1000,4096
44030,u0,0,READ,0x9c5000,4096
44034,u1,1,READ,0x100009d7000,4096
44035,u3,3,READ,0x300009d9000,4096
44038,u2,2,READ,0x200009e2000,4096
44047,u3,3,READ,0x300009da000,4096
44053,u0,0,READ,0x9c6000,4096
44054,u2,2,READ,0x200009e3000,4096
44056,u1,1,READ,0x100009d8000,4096
44058,u3,3,READ,0x300009db000,4096
44067,u0,0,READ,0x9c7000,4096
44069,u1,1,READ,0x100009d9000,4096
44070,u2,2,READ,0x200009e4000,4096
44079,u1,1,READ,0x100009da000,4096
44079,u3,3,READ,0x300009dc000,4096
44086,u0,0,READ,0x9c8000,4096
44092,u2,2,READ,0x200009e5000,4096
44096,u3,3,READ,0x300009dd000,4096
44097,u1,1,READ,0x100009db000,4096
44102,u2,2,READ,0x200009e6000,4096
44105,u0,0,READ,0x9c9000,4096
44113,u1,1,READ,0x100009dc000,4096
44113,u3,3,READ,0x300009de000,4096
44118,u2,2,READ,0x200009e7000,4096
44123,u0,0,WRITE,0x9ca000,4096
44123,u1,1,READ,0x100009dd000,4096
44124,u3,3,WRITE,0x300009df000,4096
44133,u2,2,READ,0x200009e8000,4096
44139,u3,3,READ,0x300009e0000,4096
44143,u0,0,READ,0x9cb000,4096
44144,u2,2,READ,0x200009e9000,4096
44148,u1,1,READ,0x100009de000,4096
44153,u0,0,READ,0x9cc000,4096
44160,u2,2,READ,0x200009ea000,4096
44162,u1,1,READ,0x100009df000,4096
44162,u3,3,READ,0x300009e1000,4096
44171,u2,2,READ,0x200009eb000,4096
44174,u0,0,READ,0x9cd000,4096
44180,u1,1,READ,0x100009e0000,4096
44184,u2,2,READ,0x200009ec000,4096
44185,u3,3,READ,0x300009e2000,4096
44196,u0,0,READ,0x9ce000,4096
44196,u3,3,READ,0x300009e3000,4096
44199,u1,1,READ,0x100009e1000,4096
44207,u2,2,READ,0x200009ed000,4096
44208,u0,0,READ,0x9cf000,4096
44209,u1,1,READ,0x100009e2000,4096
44215,u3,3,READ,0x300009e4000,4096
44218,u2,2,READ,0x200009ee000,4096
44225,u0,0,READ,0x9d0000,4096
44225,u3,3,READ,0x300009e5000,4096
44229,u1,1,WRITE,0x100009e3000,4096
44237,u2,2,READ,0x200009ef000,4096
44245,u3,3,READ,0x300009e6000,4096
44250,u0,0,READ,0x9d1000,4096
44253,u2,2,READ,0x200009f0000,4096
44254,u1,1,READ,0x100009e4000,4096
44261,u3,3,READ,0x300009e7000,4096
44268,u0,0,READ,0x9d2000,4096
44268,u2,2,READ,0x200009f1000,4096
44274,u3,3,WRITE,0x300009e8000,4096
44279,u1,1,READ,0x100009e5000,4096
44281,u2,2,READ,0x200009f2000,4096
44287,u0,0,READ,0x9d3000,4096
44289,u3,3,READ,0x300009e9000,4096
44293,u2,2,READ,0x200009f3000,4096
44298,u1,1,READ,0x100009e6000,4096
44304,u3,3,READ,0x300009ea000,4096
44307,u0,0,READ,0x9d4000,4096
44314,u1,1,READ,0x100009e7000,4096
44314,u2,2,READ,0x200009f4000,4096
44324,u3,3,READ,0x300009eb000,4096
44325,u0,0,READ,0x9d5000,4096
44329,u2,2,READ,0x200009f5000,4096
44338,u1,1,READ,0x100009e8000,4096
44342,u0,0,READ,0x9d6000,4096
44342,u2,2,READ,0x200009f6000,4096
44345,u3,3,READ,0x300009ec000,4096
44349,u1,1,READ,0x100009e9000,4096
44360,u1,1,READ,0x100009ea000,4096
44363,u0,0,READ,0x9d7000,4096
44367,u2,2,WRITE,0x200009f7000,4096
44368,u3,3,READ,0x300009ed000,4096
44376,u1,1,READ,0x100009eb000,4096
44380,u3,3,READ,0x300009ee000,4096
44381,u0,0,WRITE,0x9d8000,4096
44388,u2,2,READ,0x200009f8000,4096
44390,u3,3,WRITE,0x300009ef000,4096
44397,u1,1,READ,0x100009ec000,4096
44402,u0,0,READ,0x9d9000,4096
44402,u2,2,READ,0x200009f9000,4096
44402,u3,3,READ,0x300009f0000,4096
44407,u1,1,READ,0x100009ed000,4096
44412,u3,3,READ,0x300009f1000,4096
44424,u3,3,READ,0x300009f2000,4096
44426,u0,0,READ,0x9da000,4096
44426,u2,2,READ,0x200009fa000,4096
44429,u1,1,READ,0x100009ee000,4096
44442,u1,1,READ,0x100009ef000,4096
44442,u2,2,READ,0x200009fb000,4096
44446,u3,3,READ,0x300009f3000,4096
44448,u0,0,READ,0x9db000,4096
44455,u1,1,READ,0x100009f0000,4096
44462,u0,0,READ,0x9dc000,4096
44463,u2,2,READ,0x200009fc000,4096
44467,u3,3,READ,0x300009f4000,4096
44473,u0,0,READ,0x9dd000,4096
44478,u1,1,READ,0x100009f1000,4096
44482,u2,2,WRITE,0x200009fd000,4096
44485,u0,0,READ,0x9de000,4096
44487,u3,3,READ,0x300009f5000,4096
44502,u0,0,READ,0x9df000,4096
44503,u1,1,READ,0x100009f2000,4096
44507,u2,2,READ,0x200009fe000,4096
44509,u3,3,READ,0x300009f6000,4096
44513,u1,1,READ,0x100009f3000,4096
44517,u2,2,READ,0x200009ff000,4096
44518,u0,0,READ,0x9e0000,4096
44520,u3,3,READ,0x300009f7000,4096
44528,u1,1,READ,0x100009f4000,4096
44536,u2,2,READ,0x20000a00000,4096
44538,u0,0,READ,0x9e1000,4096
44541,u3,3,WRITE,0x300009f8000,4096
44549,u0,0,READ,0x9e2000,4096
44553,u1,1,READ,0x100009f5000,4096
44554,u3,3,READ,0x300009f9000,4096
44556,u2,2,READ,0x20000a01000,4096
44561,u0,0,READ,0x9e3000,4096
44565,u1,1,READ,0x100009f6000,4096
44567,u3,3,READ,0x300009fa000,4096
44573,u2,2,READ,0x20000a02000,4096
44581,u0,0,READ,0x9e4000,4096
44586,u2,2,WRITE,0x20000a03000,4096
44586,u3,3,READ,0x300009fb000,4096
44587,u1,1,READ,0x100009f7000,4096
44594,u0,0,READ,0x9e5000,4096
44597,u2,2,READ,0x20000a04000,4096
44597,u3,3,READ,0x300009fc000,4096
44604,u1,1,READ,0x100009f8000,4096
44614,u0,0,READ,0x9e6000,4096
44616,u3,3,READ,0x300009fd000,4096
44619,u2,2,READ,0x20000a05000,4096
44628,u1,1,READ,0x100009f9000,4096
44635,u0,0,READ,0x9e7000,4096
44637,u3,3,READ,0x300009fe000,4096
44639,u2,2,READ,0x20000a06000,4096
44649,u1,1,READ,0x100009fa000,4096
44655,u2,2,READ,0x20000a07000,4096
44655,u3,3,READ,0x300009ff000,4096
44659,u0,0,READ,0x9e8000,4096
44669,u1,1,READ,0x100009fb000,4096
44676,u2,2,READ,0x20000a08000,4096
44680,u0,0,READ,0x9e9000,4096
44680,u3,3,READ,0x30000a00000,4096
44682,u1,1,READ,0x100009fc000,4096
44690,u0,0,READ,0x9ea000,4096
44699,u3,3,READ,0x30000a01000,4096
44700,u2,2,READ,0x20000a09000,4096
44702,u1,1,READ,0x100009fd000,4096
44707,u0,0,READ,0x9eb000,4096
44714,u3,3,READ,0x30000a02000,4096
44717,u1,1,READ,0x100009fe000,4096
44721,u2,2,READ,0x20000a0a000,4096
44727,u0,0,READ,0x9ec000,4096
44733,u1,1,WRITE,0x100009ff000,4096
44734,u2,2,WRITE,0x20000a0b000,4096
44737,u3,3,READ,0x30000a03000,4096
44739,u0,0,READ,0x9ed000,4096
44746,u2,2,READ,0x20000a0c000,4096
44754,u0,0,READ,0x9ee000,4096
44754,u3,3,READ,0x30000a04000,4096
44756,u1,1,READ,0x10000a00000,4096
44756,u2,2,READ,0x20000a0d000,4096
44764,u3,3,READ,0x30000a05000,4096
44774,u1,1,READ,0x10000a01000,4096
44778,u0,0,READ,0x9ef000,4096
44778,u2,2,READ,0x20000a0e000,4096
44780,u3,3,READ,0x30000a06000,4096
44788,u2,2,READ,0x20000a0f000,4096
44792,u0,0,READ,0x9f0000,4096
44792,u1,1,READ,0x10000a02000,4096
44792,u3,3,READ,0x30000a07000,4096
44799,u2,2,WRITE,0x20000a10000,4096
44809,u2,2,WRITE,0x20000a11000,4096
44812,u0,0,READ,0x9f1000,4096
44812,u3,3,READ,0x30000a08000,4096
44816,u1,1,READ,0x10000a03000,4096
44819,u2,2,READ,0x20000a12000,4096
44832,u0,0,READ,0x9f2000,4096
44833,u2,2,READ,0x20000a13000,4096
44837,u3,3,WRITE,0x30000a09000,4096
44839,u1,1,READ,0x10000a04000,4096
44845,u0,0,WRITE,0x9f3000,4096
44852,u1,1,READ,0x10000a05000,4096
44855,u0,0,READ,0x9f4000,4096
44856,u3,3,READ,0x30000a0a000,4096
44857,u2,2,READ,0x20000a14000,4096
44865,u1,1,READ,0x10000a06000,4096
44873,u3,3,READ,0x30000a0b000,4096
44875,u2,2,READ,0x20000a15000,4096
44879,u0,0,READ,0x9f5000,4096
44886,u1,1,READ,0x10000a07000,4096
44894,u3,3,READ,0x30000a0c000,4096
44899,u2,2,READ,0x20000a16000,4096
44900,u1,1,READ,0x10000a08000,4096
44903,u0,0,READ,0x9f6000,4096
44913,u1,1,READ,0x10000a09000,4096
44916,u2,2,READ,0x20000a17000,4096
44918,u3,3,READ,0x30000a0d000,4096
44924,u0,0,READ,0x9f7000,4096
44926,u2,2,READ,0x20000a18000,4096
44932,u1,1,READ,0x10000a0a000,4096
44936,u2,2,READ,0x20000a19000,4096
44939,u3,3,READ,0x30000a0e000,4096
44946,u0,0,READ,0x9f8000,4096
44955,u1,1,READ,0x10000a0b000,4096
44957,u2,2,READ,0x20000a1a000,4096
44958,u3,3,READ,0x30000a0f000,4096
44965,u0,0,READ,0x9f9000,4096
44969,u3,3,READ,0x30000a10000,4096
44974,u1,1,READ,0x10000a0c000,4096
44978,u0,0,READ,0x9fa000,4096
44979,u3,3,READ,0x30000a11000,4096
44981,u2,2,READ,0x20000a1b000,4096
44990,u0,0,READ,0x9fb000,4096
44993,u1,1,READ,0x10000a0d000,4096
44998,u2,2,READ,0x20000a1c000,4096
44998,u3,3,READ,0x30000a12000,4096
45005,u1,1,READ,0x10000a0e000,4096
45009,u3,3,READ,0x30000a13000,4096
45010,u0,0,READ,0x9fc000,4096
45019,u2,2,READ,0x20000a1d000,4096
45021,u1,1,READ,0x10000a0f000,4096
45028,u0,0,READ,0x9fd000,4096
45030,u3,3,READ,0x30000a14000,4096
45033,u1,1,READ,0x10000a10000,4096
45038,u0,0,READ,0x9fe000,4096
45038,u2,2,READ,0x20000a1e000,4096
45049,u1,1,READ,0x10000a11000,4096
45055,u0,0,READ,0x9ff000,4096
45055,u2,2,READ,0x20000a1f000,4096
45055,u3,3,READ,0x30000a15000,4096
45059,u1,1,READ,0x10000a12000,4096
45071,u0,0,READ,0xa00000,4096
45071,u2,2,READ,0x20000a20000,4096
45073,u1,1,READ,0x10000a13000,4096
45080,u3,3,READ,0x30000a16000,4096
45092,u3,3,READ,0x30000a17000,4096
45095,u0,0,READ,0xa01000,4096
45095,u2,2,WRITE,0x20000a21000,4096
45096,u1,1,READ,0x10000a14000,4096
45107,u1,1,READ,0x10000a15000,4096
45107,u2,2,READ,0x20000a22000,4096
45108,u3,3,READ,0x30000a18000,4096
45110,u0,0,READ,0xa02000,4096
45124,u2,2,READ,0x20000a23000,4096
45129,u3,3,READ,0x30000a19000,4096
45131,u1,1,READ,0x10000a16000,4096
45133,u0,0,READ,0xa03000,4096
45136,u2,2,READ,0x20000a24000,4096
45147,u2,2,READ,0x20000a25000,4096
45149,u0,0,READ,0xa04000,4096
45150,u1,1,READ,0x10000a17000,4096
45153,u3,3,READ,0x30000a1a000,4096
45162,u0,0,READ,0xa05000,4096
45164,u1,1,WRITE,0x10000a18000,4096
45168,u2,2,READ,0x20000a26000,4096
45175,u0,0,READ,0xa06000,4096
45177,u3,3,READ,0x30000a1b000,4096
45179,u2,2,READ,0x20000a27000,4096
45188,u1,1,WRITE,0x10000a19000,4096
45188,u3,3,READ,0x30000a1c000,4096
45196,u2,2,WRITE,0x20000a28000,4096
45199,u3,3,READ,0x30000a1d000,4096
45200,u0,0,READ,0xa07000,4096
45205,u1,1,READ,0x10000a1a000,4096
45210,u3,3,READ,0x30000a1e000,4096
45214,u0,0,READ,0xa08000,4096
45219,u2,2,READ,0x20000a29000,4096
45225,u3,3,READ,0x30000a1f000,4096
45227,u1,1,READ,0x10000a1b000,4096
45228,u0,0,READ,0xa09000,4096
45232,u2,2,READ,0x20000a2a000,4096
45247,u1,1,READ,0x10000a1c000,4096
45247,u2,2,READ,0x20000a2b000,4096
45250,u3,3,READ,0x30000a20000,4096
45253,u0,0,READ,0xa0a000,4096
45261,u1,1,READ,0x10000a1d000,4096
45262,u3,3,READ,0x30000a21000,4096
45266,u0,0,READ,0xa0b000,4096
45267,u2,2,READ,0x20000a2c000,4096
45272,u3,3,READ,0x30000a22000,4096
45279,u0,0,READ,0xa0c000,4096
45281,u1,1,READ,0x10000a1e000,4096
45291,u2,2,READ,0x20000a2d000,4096
45293,u3,3,READ,0x30000a23000,4096
45302,u0,0,READ,0xa0d000,4096
45302,u1,1,READ,0x10000a1f000,4096
45303,u3,3,READ,0x30000a24000,4096
45313,u1,1,READ,0x10000a20000,4096
45316,u2,2,READ,0x20000a2e000,4096
45323,u3,3,READ,0x30000a25000,4096
45325,u0,0,WRITE,0xa0e000,4096
45330,u1,1,WRITE,0x10000a21000,4096
45330,u2,2,READ,0x20000a2f000,4096
45347,u3,3,READ,0x30000a26000,4096
45349,u2,2,READ,0x20000a30000,4096
45350,u0,0,READ,0xa0f000,4096
45353,u1,1,READ,0x10000a22000,4096
45360,u0,0,READ,0xa10000,4096
45362,u3,3,READ,0x30000a27000,4096
45366,u2,2,READ,0x20000a31000,4096
45376,u1,1,READ,0x10000a23000,4096
45380,u2,2,READ,0x20000a32000,4096
45382,u0,0,READ,0xa11000,4096
45385,u3,3,READ,0x30000a28000,4096
45392,u0,0,READ,0xa12000,4096
45397,u2,2,READ,0x20000a33000,4096
45401,u1,1,WRITE,0x10000a24000,4096
45406,u0,0,READ,0xa13000,4096
45408,u3,3,READ,0x30000a29000,4096
45417,u1,1,READ,0x10000a25000,4096
45420,u2,2,READ,0x20000a34000,4096
45421,u0,0,READ,0xa14000,4096
45421,u3,3,READ,0x30000a2a000,4096
45428,u1,1,READ,0x10000a26000,4096
45436,u2,2,READ,0x20000a35000,4096
45439,u3,3,READ,0x30000a2b000,4096
45441,u0,0,READ,0xa15000,4096
45442,u1,1,READ,0x10000a27000,4096
45452,u0,0,READ,0xa16000,4096
45456,u2,2,READ,0x20000a36000,4096
45456,u3,3,READ,0x30000a2c000,4096
45464,u1,1,READ,0x10000a28000,4096
45467,u3,3,READ,0x30000a2d000,4096
45470,u2,2,READ,0x20000a37000,4096
45477,u0,0,READ,0xa17000,4096
45477,u1,1,READ,0x10000a29000,4096
45487,u0,0,READ,0xa18000,4096
45490,u1,1,READ,0x10000a2a000,4096
45491,u2,2,READ,0x20000a38000,4096
45492,u3,3,READ,0x30000a2e000,4096
45502,u2,2,READ,0x20000a39000,4096
45505,u0,0,READ,0xa19000,4096
45505,u1,1,READ,0x10000a2b000,4096
45510,u3,3,READ,0x30000a2f000,4096
45518,u1,1,READ,0x10000a2c000,4096
45522,u2,2,READ,0x20000a3a000,4096
45528,u0,0,READ,0xa1a000,4096
45535,u3,3,READ,0x30000a30000,4096
45538,u1,1,READ,0x10000a2d000,4096
45539,u2,2,READ,0x20000a3b000,4096
45542,u0,0,READ,0xa1b000,4096
45547,u3,3,READ,0x30000a31000,4096
45553,u1,1,READ,0x10000a2e000,4096
45554,u2,2,READ,0x20000a3c000,4096
45564,u0,0,READ,0xa1c000,4096
45564,u3,3,READ,0x30000a32000,4096
45569,u1,1,READ,0x10000a2f000,4096
45574,u0,0,READ,0xa1d000,4096
45575,u2,2,READ,0x20000a3d000,4096
45582,u3,3,READ,0x30000a33000,4096
45586,u0,0,READ,0xa1e000,4096
45588,u1,1,READ,0x10000a30000,4096
45593,u2,2,READ,0x20000a3e000,4096
45594,u3,3,READ,0x30000a34000,4096
45599,u1,1,READ,0x10000a31000,4096
45609,u2,2,READ,0x20000a3f000,4096
45611,u0,0,READ,0xa1f000,4096
45617,u1,1,READ,0x10000a32000,4096
45619,u2,2,READ,0x20000a40000,4096
45619,u3,3,READ,0x30000a35000,4096
45628,u0,0,READ,0xa20000,4096
45631,u1,1,READ,0x10000a33000,4096
45631,u2,2,READ,0x20000a41000,4096
45632,u3,3,WRITE,0x30000a36000,4096
45645,u0,0,READ,0xa21000,4096
45649,u1,1,READ,0x10000a34000,4096
45654,u3,3,READ,0x30000a37000,4096
45655,u2,2,READ,0x20000a42000,4096
45663,u0,0,READ,0xa22000,4096
45664,u1,1,READ,0x10000a35000,4096
45672,u3,3,READ,0x30000a38000,4096
45673,u2,2,WRITE,0x20000a43000,4096
45674,u0,0,READ,0xa23000,4096
45683,u1,1,READ,0x10000a36000,4096
45685,u3,3,READ,0x30000a39000,4096
45688,u2,2,READ,0x20000a44000,4096
45692,u0,0,READ,0xa24000,4096
45695,u3,3,READ,0x30000a3a000,4096
45699,u2,2,READ,0x20000a45000,4096
45703,u1,1,READ,0x10000a37000,4096
45711,u2,2,READ,0x20000a46000,4096
45712,u0,0,READ,0xa25000,4096
45718,u1,1,READ,0x10000a38000,4096
45719,u3,3,READ,0x30000a3b000,4096
45726,u2,2,READ,0x20000a47000,4096
45734,u0,0,READ,0xa26000,4096
45735,u3,3,READ,0x30000a3c000,4096
45740,u1,1,READ,0x10000a39000,4096
45745,u2,2,READ,0x20000a48000,4096
45748,u0,0,READ,0xa27000,4096
45750,u1,1,READ,0x10000a3a000,4096
45751,u3,3,READ,0x30000a3d000,4096
45763,u2,2,READ,0x20000a49000,4096
45767,u0,0,READ,0xa28000,4096
45770,u1,1,READ,0x10000a3b000,4096
45770,u3,3,READ,0x30000a3e000,4096
45779,u0,0,READ,0xa29000,4096
45781,u1,1,READ,0x10000a3c000,4096
45781,u3,3,READ,0x30000a3f000,4096
45783,u2,2,READ,0x20000a4a000,4096
45795,u1,1,READ,0x10000a3d000,4096
45802,u0,0,READ,0xa2a000,4096
45803,u2,2,READ,0x20000a4b000,4096
45803,u3,3,READ,0x30000a40000,4096
45809,u1,1,READ,0x10000a3e000,4096
45816,u0,0,READ,0xa2b000,4096
45823,u3,3,WRITE,0x30000a41000,4096
45824,u2,2,READ,0x20000a4c000,4096
45826,u1,1,READ,0x10000a3f000,4096
45834,u0,0,READ,0xa2c000,4096
45835,u3,3,READ,0x30000a42000,4096
45836,u2,2,READ,0x20000a4d000,4096
45847,u1,1,READ,0x10000a40000,4096
45847,u2,2,READ,0x20000a4e000,4096
45849,u3,3,READ,0x30000a43000,4096
45853,u0,0,READ,0xa2d000,4096
45861,u3,3,READ,0x30000a44000,4096
45866,u1,1,READ,0x10000a41000,4096
45871,u0,0,READ,0xa2e000,4096
45872,u2,2,READ,0x20000a4f000,4096
45874,u3,3,READ,0x30000a45000,4096
45884,u0,0,READ,0xa2f000,4096
45885,u1,1,READ,0x10000a42000,4096
45895,u2,2,READ,0x20000a50000,4096
45895,u3,3,READ,0x30000a46000,4096
45900,u1,1,READ,0x10000a43000,4096
45903,u0,0,READ,0xa30000,4096
45910,u3,3,READ,0x30000a47000,4096
45917,u2,2,READ,0x20000a51000,4096
45922,u1,1,READ,0x10000a44000,4096
45925,u0,0,READ,0xa31000,4096
45928,u2,2,READ,0x20000a52000,4096
45934,u3,3,READ,0x30000a48000,4096
45946,u1,1,READ,0x10000a45000,4096
45947,u0,0,READ,0xa32000,4096
45950,u2,2,READ,0x20000a53000,4096
45953,u3,3,READ,0x30000a49000,4096
45961,u1,1,READ,0x10000a46000,4096
45969,u0,0,READ,0xa33000,4096
45970,u2,2,READ,0x20000a54000,4096
45975,u3,3,READ,0x30000a4a000,4096
45982,u2,2,READ,0x20000a55000,4096
45983,u1,1,READ,0x10000a47000,4096
45990,u3,3,READ,0x30000a4b000,4096
45992,u0,0,READ,0xa34000,4096
45993,u2,2,READ,0x20000a56000,4096
45995,u1,1,READ,0x10000a48000,4096
46012,u2,2,WRITE,0x20000a57000,4096
46013,u3,3,READ,0x30000a4c000,4096
46016,u0,0,READ,0xa35000,4096
46018,u1,1,READ,0x10000a49000,4096
46023,u3,3,READ,0x30000a4d000,4096
46031,u1,1,READ,0x10000a4a000,4096
46035,u2,2,READ,0x20000a58000,4096
46036,u3,3,READ,0x30000a4e000,4096
46040,u0,0,READ,0xa36000,4096
46041,u1,1,READ,0x10000a4b000,4096
46054,u1,1,READ,0x10000a4c000,4096
46058,u2,2,READ,0x20000a59000,4096
46060,u3,3,READ,0x30000a4f000,4096
46064,u0,0,READ,0xa37000,4096
46068,u2,2,READ,0x20000a5a000,4096
46070,u3,3,READ,0x30000a50000,4096
46078,u1,1,READ,0x10000a4d000,4096
46080,u3,3,READ,0x30000a51000,4096
46081,u2,2,READ,0x20000a5b000,4096
46086,u0,0,READ,0xa38000,4096
46089,u1,1,READ,0x10000a4e000,4096
46094,u3,3,READ,0x30000a52000,4096
46105,u2,2,READ,0x20000a5c000,4096
46108,u3,3,READ,0x30000a53000,4096
46110,u0,0,READ,0xa39000,4096
46114,u1,1,READ,0x10000a4f000,4096
46119,u2,2,READ,0x20000a5d000,4096
46129,u3,3,READ,0x30000a54000,4096
46130,u0,0,READ,0xa3a000,4096
46135,u1,1,READ,0x10000a50000,4096
46137,u2,2,READ,0x20000a5e000,4096
46145,u3,3,READ,0x30000a55000,4096
46151,u0,0,READ,0xa3b000,4096
46155,u3,3,READ,0x30000a56000,4096
46158,u2,2,READ,0x20000a5f000,4096
46159,u1,1,READ,0x10000a51000,4096
46173,u0,0,READ,0xa3c000,4096
46173,u3,3,READ,0x30000a57000,4096
46178,u2,2,READ,0x20000a60000,4096
46180,u1,1,READ,0x10000a52000,4096
46183,u3,3,READ,0x30000a58000,4096
46184,u0,0,READ,0xa3d000,4096
46193,u1,1,READ,0x10000a53000,4096
46194,u2,2,READ,0x20000a61000,4096
46195,u0,0,READ,0xa3e000,4096
46196,u3,3,READ,0x30000a59000,4096
46205,u2,2,READ,0x20000a62000,4096
46207,u1,1,READ,0x10000a54000,4096
46216,u3,3,READ,0x30000a5a000,4096
46219,u0,0,READ,0xa3f000,4096
46222,u2,2,READ,0x20000a63000,4096
46224,u1,1,READ,0x10000a55000,4096
46233,u3,3,READ,0x30000a5b000,4096
46238,u2,2,READ,0x20000a64000,4096
46240,u1,1,READ,0x10000a56000,4096
46241,u0,0,READ,0xa40000,4096
46244,u3,3,READ,0x30000a5c000,4096
46251,u1,1,READ,0x10000a57000,4096
46255,u0,0,READ,0xa41000,4096
46258,u2,2,READ,0x20000a65000,4096
46258,u3,3,READ,0x30000a5d000,4096
46267,u1,1,READ,0x10000a58000,4096
46275,u3,3,READ,0x30000a5e000,4096
46278,u2,2,READ,0x20000a66000,4096
46279,u0,0,READ,0xa42000,4096
46280,u1,1,READ,0x10000a59000,4096
46295,u0,0,READ,0xa43000,4096
46299,u1,1,READ,0x10000a5a000,4096
46300,u3,3,READ,0x30000a5f000,4096
46301,u2,2,WRITE,0x20000a67000,4096
46307,u0,0,READ,0xa44000,4096
46312,u2,2,READ,0x20000a68000,4096
46313,u1,1,READ,0x10000a5b000,4096
46322,u3,3,READ,0x30000a60000,4096
46328,u2,2,WRITE,0x20000a69000,4096
46329,u0,0,READ,0xa45000,4096
46333,u1,1,READ,0x10000a5c000,4096
46333,u3,3,READ,0x30000a61000,4096
46342,u2,2,READ,0x20000a6a000,4096
46348,u3,3,READ,0x30000a62000,4096
46350,u0,0,READ,0xa46000,4096
46354,u1,1,READ,0x10000a5d000,4096
46361,u2,2,READ,0x20000a6b000,4096
46364,u3,3,READ,0x30000a63000,4096
46369,u1,1,READ,0x10000a5e000,4096
46371,u0,0,READ,0xa47000,4096
46378,u3,3,READ,0x30000a64000,4096
46380,u2,2,READ,0x20000a6c000,4096
46384,u0,0,READ,0xa48000,4096
46388,u1,1,READ,0x10000a5f000,4096
46391,u3,3,READ,0x30000a65000,4096
46393,u2,2,READ,0x20000a6d000,4096
46405,u0,0,READ,0xa49000,4096
46411,u1,1,READ,0x10000a60000,4096
46411,u2,2,READ,0x20000a6e000,4096
46416,u3,3,READ,0x30000a66000,4096
46422,u0,0,READ,0xa4a000,4096
46426,u1,1,READ,0x10000a61000,4096
46436,u2,2,READ,0x20000a6f000,4096
46438,u3,3,READ,0x30000a67000,4096
46444,u0,0,READ,0xa4b000,4096
46449,u1,1,READ,0x10000a62000,4096
46455,u3,3,READ,0x30000a68000,4096
46457,u2,2,READ,0x20000a70000,4096
46459,u1,1,READ,0x10000a63000,4096
46463,u0,0,READ,0xa4c000,4096
46470,u3,3,READ,0x30000a69000,4096
46476,u2,2,READ,0x20000a71000,4096
46481,u1,1,READ,0x10000a64000,4096
46486,u3,3,READ,0x30000a6a000,4096
46487,u0,0,READ,0xa4d000,4096
46497,u2,2,READ,0x20000a72000,4096
46501,u0,0,READ,0xa4e000,4096
46505,u1,1,READ,0x10000a65000,4096
46509,u3,3,READ,0x30000a6b000,4096
46522,u2,2,READ,0x20000a73000,4096
46524,u0,0,READ,0xa4f000,4096
46526,u3,3,READ,0x30000a6c000,4096
46527,u1,1,READ,0x10000a66000,4096
46533,u2,2,READ,0x20000a74000,4096
46538,u3,3,READ,0x30000a6d000,4096
46543,u0,0,READ,0xa50000,4096
46549,u1,1,READ,0x10000a67000,4096
46554,u2,2,READ,0x20000a75000,4096
46555,u0,0,READ,0xa51000,4096
46563,u3,3,READ,0x30000a6e000,4096
46567,u1,1,READ,0x10000a68000,4096
46571,u0,0,READ,0xa52000,4096
46574,u2,2,READ,0x20000a76000,4096
46578,u1,1,READ,0x10000a69000,4096
46581,u0,0,READ,0xa53000,4096
46585,u3,3,READ,0x30000a6f000,4096
46593,u2,2,READ,0x20000a77000,4096
46596,u0,0,READ,0xa54000,4096
46597,u1,1,READ,0x10000a6a000,4096
46604,u3,3,READ,0x30000a70000,4096
46614,u3,3,READ,0x30000a71000,4096
46615,u0,0,READ,0xa55000,4096
46615,u1,1,READ,0x10000a6b000,4096
46618,u2,2,READ,0x20000a78000,4096
46627,u1,1,READ,0x10000a6c000,4096
46630,u3,3,READ,0x30000a72000,4096
46633,u0,0,READ,0xa56000,4096
46637,u1,1,READ,0x10000a6d000,4096
46637,u2,2,READ,0x20000a79000,4096
46648,u3,3,READ,0x30000a73000,4096
46654,u0,0,READ,0xa57000,4096
46657,u2,2,READ,0x20000a7a000,4096
46658,u1,1,READ,0x10000a6e000,4096
46663,u3,3,READ,0x30000a74000,4096
46667,u2,2,WRITE,0x20000a7b000,4096
46676,u0,0,READ,0xa58000,4096
46682,u2,2,READ,0x20000a7c000,4096
46683,u1,1,READ,0x10000a6f000,4096
46686,u0,0,READ,0xa59000,4096
46688,u3,3,READ,0x30000a75000,4096
46705,u3,3,READ,0x30000a76000,4096
46706,u0,0,READ,0xa5a000,4096
46707,u2,2,WRITE,0x20000a7d000,4096
46708,u1,1,READ,0x10000a70000,4096
46717,u3,3,READ,0x30000a77000,4096
46718,u2,2,READ,0x20000a7e000,4096
46721,u1,1,READ,0x10000a71000,4096
46727,u0,0,READ,0xa5b000,4096
46734,u2,2,READ,0x20000a7f000,4096
46735,u3,3,READ,0x30000a78000,4096
46740,u1,1,READ,0x10000a72000,4096
46749,u0,0,READ,0xa5c000,4096
46752,u3,3,READ,0x30000a79000,4096
46757,u1,1,READ,0x10000a73000,4096
46759,u2,2,READ,0x20000a80000,4096
46764,u0,0,READ,0xa5d000,4096
46768,u1,1,READ,0x10000a74000,4096
46777,u3,3,READ,0x30000a7a000,4096
46783,u1,1,READ,0x10000a75000,4096
46783,u2,2,READ,0x20000a81000,4096
46789,u0,0,READ,0xa5e000,4096
46794,u2,2,READ,0x20000a82000,4096
46801,u0,0,WRITE,0xa5f000,4096
46801,u3,3,READ,0x30000a7b000,4096
46804,u2,2,READ,0x20000a83000,4096
46807,u1,1,READ,0x10000a76000,4096
46814,u2,2,READ,0x20000a84000,4096
46822,u0,0,READ,0xa60000,4096
46824,u3,3,READ,0x30000a7c000,4096
46831,u1,1,READ,0x10000a77000,4096
46838,u2,2,READ,0x20000a85000,4096
46841,u0,0,READ,0xa61000,4096
46849,u3,3,READ,0x30000a7d000,4096
46851,u1,1,READ,0x10000a78000,4096
46854,u2,2,READ,0x20000a86000,4096
46858,u0,0,READ,0xa62000,4096
46862,u3,3,READ,0x30000a7e000,4096
46866,u2,2,READ,0x20000a87000,4096
46871,u0,0,READ,0xa63000,4096
46873,u1,1,READ,0x10000a79000,4096
46883,u1,1,READ,0x10000a7a000,4096
46883,u3,3,READ,0x30000a7f000,4096
46888,u0,0,READ,0xa64000,4096
46889,u2,2,READ,0x20000a88000,4096
46900,u0,0,READ,0xa65000,4096
46902,u3,3,READ,0x30000a80000,4096
46904,u1,1,READ,0x10000a7b000,4096
46913,u2,2,READ,0x20000a89000,4096
46915,u3,3,READ,0x30000a81000,4096
46919,u0,0,READ,0xa66000,4096
46924,u1,1,READ,0x10000a7c000,4096
46929,u3,3,READ,0x30000a82000,4096
46931,u2,2,READ,0x20000a8a000,4096
46935,u0,0,READ,0xa67000,4096
46945,u0,0,READ,0xa68000,4096
46945,u1,1,WRITE,0x10000a7d000,4096
46947,u3,3,READ,0x30000a83000,4096
46951,u2,2,READ,0x20000a8b000,4096
46956,u1,1,READ,0x10000a7e000,4096
46960,u3,3,READ,0x30000a84000,4096
46967,u2,2,READ,0x20000a8c000,4096
46970,u0,0,READ,0xa69000,4096
46972,u1,1,READ,0x10000a7f000,4096
46975,u3,3,READ,0x30000a85000,4096
46977,u2,2,READ,0x20000a8d000,4096
46988,u0,0,READ,0xa6a000,4096
46993,u1,1,READ,0x10000a80000,4096
46997,u2,2,READ,0x20000a8e000,4096
46999,u3,3,READ,0x30000a86000,4096
47000,u0,0,READ,0xa6b000,4096
47010,u1,1,READ,0x10000a81000,4096
47019,u2,2,READ,0x20000a8f000,4096
47020,u3,3,READ,0x30000a87000,4096
47022,u0,0,READ,0xa6c000,4096
47031,u1,1,READ,0x10000a82000,4096
47031,u2,2,READ,0x20000a90000,4096
47041,u3,3,READ,0x30000a88000,4096
47043,u2,2,READ,0x20000a91000,4096
47047,u0,0,READ,0xa6d000,4096
47048,u1,1,READ,0x10000a83000,4096
47053,u2,2,READ,0x20000a92000,4096
47058,u1,1,READ,0x10000a84000,4096
47066,u3,3,READ,0x30000a89000,4096
47071,u0,0,READ,0xa6e000,4096
47071,u1,1,READ,0x10000a85000,4096
47078,u2,2,READ,0x20000a93000,4096
47081,u0,0,READ,0xa6f000,4096
47085,u3,3,READ,0x30000a8a000,4096
47091,u1,1,READ,0x10000a86000,4096
47093,u2,2,READ,0x20000a94000,4096
47099,u0,0,READ,0xa70000,4096
47103,u1,1,READ,0x10000a87000,4096
47104,u3,3,READ,0x30000a8b000,4096
47117,u2,2,WRITE,0x20000a95000,4096
47118,u0,0,READ,0xa71000,4096
47118,u1,1,READ,0x10000a88000,4096
47126,u3,3,READ,0x30000a8c000,4096
47127,u2,2,READ,0x20000a96000,4096
47129,u1,1,READ,0x10000a89000,4096
47140,u3,3,READ,0x30000a8d000,4096
47141,u0,0,READ,0xa72000,4096
47144,u2,2,READ,0x20000a97000,4096
47153,u1,1,READ,0x10000a8a000,4096
47155,u3,3,READ,0x30000a8e000,4096
47162,u0,0,WRITE,0xa73000,4096
47163,u2,2,READ,0x20000a98000,4096
47165,u3,3,READ,0x30000a8f000,4096
47166,u1,1,READ,0x10000a8b000,4096
47179,u2,2,READ,0x20000a99000,4096
47179,u3,3,READ,0x30000a90000,4096
47181,u1,1,READ,0x10000a8c000,4096
47183,u0,0,READ,0xa74000,4096
47199,u3,3,READ,0x30000a91000,4096
47202,u2,2,READ,0x20000a9a000,4096
47204,u0,0,READ,0xa75000,4096
47204,u1,1,READ,0x10000a8d000,4096
47213,u3,3,READ,0x30000a92000,4096
47215,u0,0,READ,0xa76000,4096
47216,u1,1,READ,0x10000a8e000,4096
47216,u2,2,READ,0x20000a9b000,4096
47224,u3,3,READ,0x30000a93000,4096
47231,u1,1,READ,0x10000a8f000,4096
47232,u2,2,READ,0x20000a9c000,4096
47234,u0,0,WRITE,0xa77000,4096
47248,u1,1,READ,0x10000a90000,4096
47248,u3,3,READ,0x30000a94000,4096
47249,u2,2,READ,0x20000a9d000,4096
47257,u0,0,READ,0xa78000,4096
47263,u2,2,READ,0x20000a9e000,4096
47265,u3,3,READ,0x30000a95000,4096
47272,u1,1,READ,0x10000a91000,4096
47274,u2,2,READ,0x20000a9f000,4096
47281,u0,0,READ,0xa79000,4096
47284,u1,1,READ,0x10000a92000,4096
47285,u3,3,READ,0x30000a96000,4096
47295,u2,2,READ,0x20000aa0000,4096
47297,u0,0,READ,0xa7a000,4096
47298,u3,3,READ,0x30000a97000,4096
47300,u1,1,READ,0x10000a93000,4096
47306,u2,2,READ,0x20000aa1000,4096
47311,u3,3,READ,0x30000a98000,4096
47317,u0,0,READ,0xa7b000,4096
47321,u1,1,READ,0x10000a94000,4096
47323,u2,2,READ,0x20000aa2000,4096
47333,u3,3,READ,0x30000a99000,4096
47334,u2,2,READ,0x20000aa3000,4096
47335,u0,0,READ,0xa7c000,4096
47336,u1,1,READ,0x10000a95000,4096
47351,u3,3,READ,0x30000a9a000,4096
47354,u0,0,READ,0xa7d000,4096
47357,u1,1,READ,0x10000a96000,4096
47358,u2,2,READ,0x20000aa4000,4096
47366,u0,0,READ,0xa7e000,4096
47372,u3,3,READ,0x30000a9b000,4096
47373,u1,1,READ,0x10000a97000,4096
47379,u2,2,READ,0x20000aa5000,4096
47389,u0,0,READ,0xa7f000,4096
47391,u1,1,READ,0x10000a98000,4096
47393,u3,3,READ,0x30000a9c000,4096
47394,u2,2,READ,0x20000aa6000,4096
47402,u0,0,READ,0xa80000,4096
47407,u1,1,READ,0x10000a99000,4096
47412,u2,2,READ,0x20000aa7000,4096
47412,u3,3,READ,0x30000a9d000,4096
47417,u1,1,READ,0x10000a9a000,4096
47424,u0,0,READ,0xa81000,4096
47425,u2,2,READ,0x20000aa8000,4096
47427,u3,3,READ,0x30000a9e000,4096
47436,u1,1,READ,0x10000a9b000,4096
47441,u2,2,READ,0x20000aa9000,4096
47447,u0,0,READ,0xa82000,4096
47448,u3,3,READ,0x30000a9f000,4096
47456,u1,1,READ,0x10000a9c000,4096
47460,u2,2,READ,0x20000aaa000,4096
47469,u0,0,READ,0xa83000,4096
47472,u3,3,READ,0x30000aa0000,4096
47480,u1,1,READ,0x10000a9d000,4096
47484,u2,2,READ,0x20000aab000,4096
47487,u0,0,READ,0xa84000,4096
47489,u3,3,READ,0x30000aa1000,4096
47496,u1,1,READ,0x10000a9e000,4096
47503,u2,2,READ,0x20000aac000,4096
47504,u3,3,READ,0x30000aa2000,4096
47505,u0,0,READ,0xa85000,4096
47519,u1,1,READ,0x10000a9f000,4096
47521,u0,0,READ,0xa86000,4096
47521,u2,2,READ,0x20000aad000,4096
47523,u3,3,READ,0x30000aa3000,4096
47531,u1,1,READ,0x10000aa0000,4096
47534,u2,2,READ,0x20000aae000,4096
47537,u3,3,READ,0x30000aa4000,4096
47544,u0,0,READ,0xa87000,4096
47546,u2,2,READ,0x20000aaf000,4096
47550,u1,1,READ,0x10000aa1000,4096
47556,u3,3,READ,0x30000aa5000,4096
47559,u0,0,READ,0xa88000,4096
47566,u3,3,READ,0x30000aa6000,4096
47567,u2,2,READ,0x20000ab0000,4096
47570,u1,1,READ,0x10000aa2000,4096
47579,u0,0,READ,0xa89000,4096
47579,u2,2,WRITE,0x20000ab1000,4096
47581,u1,1,READ,0x10000aa3000,4096
47589,u2,2,READ,0x20000ab2000,4096
47590,u3,3,READ,0x30000aa7000,4096
47602,u0,0,READ,0xa8a000,4096
47605,u1,1,READ,0x10000aa4000,4096
47610,u3,3,READ,0x30000aa8000,4096
47613,u2,2,READ,0x20000ab3000,4096
47617,u0,0,READ,0xa8b000,4096
47624,u1,1,READ,0x10000aa5000,4096
47625,u3,3,READ,0x30000aa9000,4096
47627,u2,2,READ,0x20000ab4000,4096
47635,u3,3,READ,0x30000aaa000,4096
47641,u0,0,READ,0xa8c000,4096
47643,u2,2,READ,0x20000ab5000,4096
47647,u3,3,READ,0x30000aab000,4096
47648,u1,1,READ,0x10000aa6000,4096
47661,u0,0,READ,0xa8d000,4096
47663,u2,2,READ,0x20000ab6000,4096
47669,u1,1,READ,0x10000aa7000,4096
47669,u3,3,READ,0x30000aac000,4096
47672,u0,0,READ,0xa8e000,4096
47682,u2,2,READ,0x20000ab7000,4096
47693,u1,1,READ,0x10000aa8000,4096
47694,u0,0,READ,0xa8f000,4096
47694,u3,3,READ,0x30000aad000,4096
47699,u2,2,READ,0x20000ab8000,4096
47706,u1,1,READ,0x10000aa9000,4096
47706,u3,3,READ,0x30000aae000,4096
47707,u0,0,READ,0xa90000,4096
47716,u2,2,WRITE,0x20000ab9000,4096
47721,u3,3,READ,0x30000aaf000,4096
47726,u0,0,READ,0xa91000,4096
47728,u1,1,READ,0x10000aaa000,4096
47733,u3,3,READ,0x30000ab0000,4096
47735,u2,2,READ,0x20000aba000,4096
47741,u1,1,READ,0x10000aab000,4096
47748,u0,0,READ,0xa92000,4096
47749,u2,2,READ,0x20000abb000,4096
47752,u1,1,READ,0x10000aac000,4096
47753,u3,3,READ,0x30000ab1000,4096
47761,u2,2,READ,0x20000abc000,4096
47768,u0,0,READ,0xa93000,4096
47769,u3,3,READ,0x30000ab2000,4096
47777,u1,1,READ,0x10000aad000,4096
47780,u2,2,WRITE,0x20000abd000,4096
47786,u0,0,READ,0xa94000,4096
47791,u3,3,READ,0x30000ab3000,4096
47798,u1,1,READ,0x10000aae000,4096
47798,u2,2,READ,0x20000abe000,4096
47800,u0,0,READ,0xa95000,4096
47811,u2,2,READ,0x20000abf000,4096
47811,u3,3,READ,0x30000ab4000,4096
47815,u0,0,READ,0xa96000,4096
47820,u1,1,READ,0x10000aaf000,4096
47821,u3,3,READ,0x30000ab5000,4096
47823,u2,2,READ,0x20000ac0000,4096
47836,u2,2,READ,0x20000ac1000,4096
47837,u0,0,READ,0xa97000,4096
47840,u1,1,WRITE,0x10000ab0000,4096
47843,u3,3,READ,0x30000ab6000,4096
47850,u2,2,READ,0x20000ac2000,4096
47859,u1,1,WRITE,0x10000ab1000,4096
47862,u0,0,READ,0xa98000,4096
47862,u2,2,READ,0x20000ac3000,4096
47866,u3,3,WRITE,0x30000ab7000,4096
47872,u0,0,READ,0xa99000,4096
47873,u2,2,READ,0x20000ac4000,4096
47882,u1,1,READ,0x10000ab2000,4096
47891,u0,0,READ,0xa9a000,4096
47891,u2,2,READ,0x20000ac5000,4096
47891,u3,3,READ,0x30000ab8000,4096
47902,u3,3,READ,0x30000ab9000,4096
47905,u1,1,READ,0x10000ab3000,4096
47914,u2,2,READ,0x20000ac6000,4096
47915,u0,0,READ,0xa9b000,4096
47917,u3,3,READ,0x30000aba000,4096
47926,u0,0,READ,0xa9c000,4096
47928,u1,1,READ,0x10000ab4000,4096
47933,u3,3,READ,0x30000abb000,4096
47936,u2,2,READ,0x20000ac7000,4096
47939,u0,0,READ,0xa9d000,4096
47942,u1,1,READ,0x10000ab5000,4096
47951,u0,0,READ,0xa9e000,4096
47952,u2,2,READ,0x20000ac8000,4096
47956,u1,1,READ,0x10000ab6000,4096
47957,u3,3,READ,0x30000abc000,4096
47965,u2,2,READ,0x20000ac9000,4096
47970,u0,0,READ,0xa9f000,4096
47970,u1,1,READ,0x10000ab7000,4096
47976,u3,3,READ,0x30000abd000,4096
47977,u2,2,READ,0x20000aca000,4096
47985,u0,0,READ,0xaa0000,4096
47986,u3,3,READ,0x30000abe000,4096
47993,u2,2,READ,0x20000acb000,4096
47994,u1,1,READ,0x10000ab8000,4096
47995,u0,0,READ,0xaa1000,4096
48001,u3,3,READ,0x30000abf000,4096
48007,u0,0,READ,0xaa2000,4096
48011,u1,1,READ,0x10000ab9000,4096
48014,u2,2,READ,0x20000acc000,4096
48025,u3,3,READ,0x30000ac0000,4096
48030,u2,2,READ,0x20000acd000,4096
48031,u0,0,READ,0xaa3000,4096
48034,u1,1,READ,0x10000aba000,4096
48042,u2,2,READ,0x20000ace000,4096
48045,u3,3,READ,0x30000ac1000,4096
48054,u0,0,READ,0xaa4000,4096
48055,u1,1,READ,0x10000abb000,4096
48062,u3,3,WRITE,0x30000ac2000,4096
48065,u0,0,READ,0xaa5000,4096
48065,u2,2,READ,0x20000acf000,4096
48072,u3,3,READ,0x30000ac3000,4096
48078,u2,2,READ,0x20000ad0000,4096
48079,u1,1,READ,0x10000abc000,4096
48083,u0,0,READ,0xaa6000,4096
48088,u2,2,READ,0x20000ad1000,4096
48091,u1,1,READ,0x10000abd000,4096
48092,u3,3,READ,0x30000ac4000,4096
48098,u0,0,READ,0xaa7000,4096
48098,u2,2,READ,0x20000ad2000,4096
48109,u2,2,READ,0x20000ad3000,4096
48112,u1,1,READ,0x10000abe000,4096
48115,u3,3,READ,0x30000ac5000,4096
48120,u2,2,READ,0x20000ad4000,4096
48121,u0,0,READ,0xaa8000,4096
48126,u1,1,READ,0x10000abf000,4096
48135,u0,0,READ,0xaa9000,4096
48138,u1,1,READ,0x10000ac0000,4096
48140,u3,3,READ,0x30000ac6000,4096
48145,u2,2,READ,0x20000ad5000,4096
48151,u0,0,READ,0xaaa000,4096
48153,u3,3,READ,0x30000ac7000,4096
48161,u1,1,WRITE,0x10000ac1000,4096
48168,u2,2,READ,0x20000ad6000,4096
48168,u3,3,READ,0x30000ac8000,4096
48175,u0,0,READ,0xaab000,4096
48179,u1,1,READ,0x10000ac2000,4096
48182,u2,2,READ,0x20000ad7000,4096
48187,u3,3,READ,0x30000ac9000,4096
48194,u1,1,WRITE,0x10000ac3000,4096
48199,u0,0,READ,0xaac000,4096
48199,u3,3,READ,0x30000aca000,4096
48205,u2,2,READ,0x20000ad8000,4096
48211,u1,1,READ,0x10000ac4000,4096
48214,u3,3,READ,0x30000acb000,4096
48222,u0,0,READ,0xaad000,4096
48224,u2,2,READ,0x20000ad9000,4096
48230,u3,3,READ,0x30000acc000,4096
48234,u0,0,READ,0xaae000,4096
48234,u1,1,READ,0x10000ac5000,4096
48234,u2,2,READ,0x20000ada000,4096
48246,u1,1,READ,0x10000ac6000,4096
48252,u3,3,READ,0x30000acd000,4096
48253,u0,0,READ,0xaaf000,4096
48259,u1,1,READ,0x10000ac7000,4096
48259,u2,2,READ,0x20000adb000,4096
48271,u3,3,READ,0x30000ace000,4096
48273,u0,0,READ,0xab0000,4096
48277,u2,2,READ,0x20000adc000,4096
48280,u1,1,READ,0x10000ac8000,4096
48288,u2,2,READ,0x20000add000,4096
48292,u1,1,READ,0x10000ac9000,4096
48295,u3,3,WRITE,0x30000acf000,4096
48296,u0,0,READ,0xab1000,4096
48305,u2,2,READ,0x20000ade000,4096
48309,u3,3,READ,0x30000ad0000,4096
48311,u1,1,READ,0x10000aca000,4096
48313,u0,0,READ,0xab2000,4096
48317,u2,2,READ,0x20000adf000,4096
48319,u3,3,READ,0x30000ad1000,4096
48332,u0,0,READ,0xab3000,4096
48336,u1,1,READ,0x10000acb000,4096
48339,u2,2,READ,0x20000ae0000,4096
48340,u3,3,READ,0x30000ad2000,4096
48351,u0,0,READ,0xab4000,4096
48353,u1,1,READ,0x10000acc000,4096
48354,u2,2,READ,0x20000ae1000,4096
48363,u3,3,READ,0x30000ad3000,4096
48373,u0,0,READ,0xab5000,4096
48373,u1,1,READ,0x10000acd000,4096
48375,u2,2,READ,0x20000ae2000,4096
48376,u3,3,READ,0x30000ad4000,4096
48394,u1,1,READ,0x10000ace000,4096
48396,u3,3,READ,0x30000ad5000,4096
48398,u0,0,READ,0xab6000,4096
48398,u2,2,READ,0x20000ae3000,4096
48409,u1,1,READ,0x10000acf000,4096
48412,u2,2,READ,0x20000ae4000,4096
48412,u3,3,READ,0x30000ad6000,4096
48422,u0,0,READ,0xab7000,4096
48424,u1,1,READ,0x10000ad0000,4096
48432,u3,3,READ,0x30000ad7000,4096
48433,u2,2,READ,0x20000ae5000,4096
48436,u1,1,READ,0x10000ad1000,4096
48438,u0,0,READ,0xab8000,4096
48451,u3,3,READ,0x30000ad8000,4096
48455,u0,0,READ,0xab9000,4096
48456,u1,1,READ,0x10000ad2000,4096
48458,u2,2,READ,0x20000ae6000,4096
48465,u0,0,READ,0xaba000,4096
48468,u2,2,READ,0x20000ae7000,4096
48470,u1,1,READ,0x10000ad3000,4096
48476,u3,3,READ,0x30000ad9000,4096
48477,u0,0,READ,0xabb000,4096
48481,u2,2,READ,0x20000ae8000,4096
48484,u1,1,READ,0x10000ad4000,4096
48494,u3,3,READ,0x30000ada000,4096
48496,u0,0,READ,0xabc000,4096
48498,u2,2,READ,0x20000ae9000,4096
48505,u1,1,READ,0x10000ad5000,4096
48511,u3,3,READ,0x30000adb000,4096
48513,u0,0,READ,0xabd000,4096
48520,u2,2,READ,0x20000aea000,4096
48526,u1,1,READ,0x10000ad6000,4096
48534,u2,2,READ,0x20000aeb000,4096
48535,u0,0,READ,0xabe000,4096
48536,u3,3,READ,0x30000adc000,4096
48545,u1,1,READ,0x10000ad7000,4096
48557,u0,0,READ,0xabf000,4096
48557,u2,2,READ,0x20000aec000,4096
48560,u3,3,READ,0x30000add000,4096
48563,u1,1,READ,0x10000ad8000,4096
48572,u2,2,READ,0x20000aed000,4096
48577,u0,0,READ,0xac0000,4096
48578,u3,3,READ,0x30000ade000,4096
48579,u1,1,READ,0x10000ad9000,4096
48590,u2,2,READ,0x20000aee000,4096
48593,u1,1,WRITE,0x10000ada000,4096
48594,u3,3,READ,0x30000adf000,4096
48597,u0,0,READ,0xac1000,4096
48606,u2,2,READ,0x20000aef000,4096
48607,u3,3,READ,0x30000ae0000,4096
48616,u1,1,READ,0x10000adb000,4096
48619,u2,2,READ,0x20000af0000,4096
48620,u0,0,READ,0xac2000,4096
48626,u1,1,READ,0x10000adc000,4096
48630,u3,3,READ,0x30000ae1000,4096
48633,u0,0,READ,0xac3000,4096
48635,u2,2,READ,0x20000af1000,4096
48639,u1,1,READ,0x10000add000,4096
48644,u3,3,READ,0x30000ae2000,4096
48650,u0,0,READ,0xac4000,4096
48654,u3,3,READ,0x30000ae3000,4096
48656,u2,2,READ,0x20000af2000,4096
48657,u1,1,WRITE,0x10000ade000,4096
48669,u0,0,READ,0xac5000,4096
48673,u3,3,READ,0x30000ae4000,4096
48674,u1,1,READ,0x10000adf000,4096
48675,u2,2,READ,0x20000af3000,4096
48685,u0,0,READ,0xac6000,4096
48691,u2,2,READ,0x20000af4000,4096
48691,u3,3,WRITE,0x30000ae5000,4096
48694,u1,1,READ,0x10000ae0000,4096
48705,u0,0,READ,0xac7000,4096
48711,u3,3,READ,0x30000ae6000,4096
48713,u2,2,READ,0x20000af5000,4096
48718,u1,1,READ,0x10000ae1000,4096
48722,u3,3,READ,0x30000ae7000,4096
48725,u0,0,READ,0xac8000,4096
48729,u2,2,READ,0x20000af6000,4096
48739,u2,2,WRITE,0x20000af7000,4096
48739,u3,3,READ,0x30000ae8000,4096
48741,u1,1,READ,0x10000ae2000,4096
48750,u0,0,READ,0xac9000,4096
48761,u3,3,READ,0x30000ae9000,4096
48762,u1,1,READ,0x10000ae3000,4096
48764,u2,2,READ,0x20000af8000,4096
48773,u0,0,READ,0xaca000,4096
48783,u0,0,READ,0xacb000,4096
48783,u3,3,READ,0x30000aea000,4096
48785,u1,1,READ,0x10000ae4000,4096
48785,u2,2,READ,0x20000af9000,4096
48795,u1,1,READ,0x10000ae5000,4096
48799,u2,2,READ,0x20000afa000,4096
48807,u3,3,READ,0x30000aeb000,4096
48808,u0,0,READ,0xacc000,4096
48813,u1,1,READ,0x10000ae6000,4096
48818,u2,2,READ,0x20000afb000,4096
48826,u3,3,WRITE,0x30000aec000,4096
48827,u1,1,READ,0x10000ae7000,4096
48830,u0,0,READ,0xacd000,4096
48835,u2,2,READ,0x20000afc000,4096
48844,u3,3,READ,0x30000aed000,4096
48848,u0,0,READ,0xace000,4096
48848,u1,1,READ,0x10000ae8000,4096
48859,u1,1,READ,0x10000ae9000,4096
48859,u2,2,READ,0x20000afd000,4096
48860,u3,3,READ,0x30000aee000,4096
48868,u0,0,READ,0xacf000,4096
48871,u1,1,READ,0x10000aea000,4096
48872,u2,2,READ,0x20000afe000,4096
48879,u0,0,READ,0xad0000,4096
48881,u1,1,READ,0x10000aeb000,4096
48881,u3,3,READ,0x30000aef000,4096
48888,u2,2,READ,0x20000aff000,4096
48891,u1,1,READ,0x10000aec000,4096
48894,u0,0,READ,0xad1000,4096
48898,u3,3,READ,0x30000af0000,4096
48900,u2,2,READ,0x20000b00000,4096
48904,u1,1,READ,0x10000aed000,4096
48912,u0,0,READ,0xad2000,4096
48918,u1,1,READ,0x10000aee000,4096
48922,u2,2,READ,0x20000b01000,4096
48923,u3,3,READ,0x30000af1000,4096
48927,u0,0,READ,0xad3000,4096
48938,u1,1,READ,0x10000aef000,4096
48939,u0,0,WRITE,0xad4000,4096
48939,u2,2,READ,0x20000b02000,4096
48943,u3,3,READ,0x30000af2000,4096
48952,u0,0,READ,0xad5000,4096
48952,u1,1,READ,0x10000af0000,4096
48953,u2,2,READ,0x20000b03000,4096
48954,u3,3,READ,0x30000af3000,4096
48966,u0,0,READ,0xad6000,4096
48966,u2,2,READ,0x20000b04000,4096
48971,u1,1,READ,0x10000af1000,4096
48974,u3,3,READ,0x30000af4000,4096
48984,u2,2,READ,0x20000b05000,4096
48985,u1,1,READ,0x10000af2000,4096
48985,u3,3,READ,0x30000af5000,4096
48987,u0,0,READ,0xad7000,4096
48995,u2,2,WRITE,0x20000b06000,4096
49000,u1,1,READ,0x10000af3000,4096
49003,u0,0,READ,0xad8000,4096
49008,u3,3,READ,0x30000af6000,4096
49016,u2,2,READ,0x20000b07000,4096
49021,u0,0,READ,0xad9000,4096
49022,u1,1,READ,0x10000af4000,4096
49024,u3,3,READ,0x30000af7000,4096
49033,u0,0,READ,0xada000,4096
49037,u2,2,READ,0x20000b08000,4096
49041,u1,1,READ,0x10000af5000,4096
49043,u3,3,READ,0x30000af8000,4096
49054,u0,0,READ,0xadb000,4096
49054,u1,1,READ,0x10000af6000,4096
49054,u2,2,READ,0x20000b09000,4096
49064,u3,3,READ,0x30000af9000,4096
49070,u2,2,WRITE,0x20000b0a000,4096
49076,u1,1,READ,0x10000af7000,4096
49077,u3,3,READ,0x30000afa000,4096
49079,u0,0,READ,0xadc000,4096
49085,u2,2,READ,0x20000b0b000,4096
49094,u0,0,READ,0xadd000,4096
49095,u1,1,READ,0x10000af8000,4096
49096,u3,3,READ,0x30000afb000,4096
49105,u0,0,READ,0xade000,4096
49108,u1,1,READ,0x10000af9000,4096
49108,u3,3,READ,0x30000afc000,4096
49110,u2,2,READ,0x20000b0c000,4096
49118,u0,0,READ,0xadf000,4096
49119,u3,3,READ,0x30000afd000,4096
49125,u2,2,READ,0x20000b0d000,4096
49129,u1,1,READ,0x10000afa000,4096
49132,u0,0,READ,0xae0000,4096
49134,u3,3,READ,0x30000afe000,4096
49148,u2,2,READ,0x20000b0e000,4096
49149,u1,1,READ,0x10000afb000,4096
49150,u0,0,READ,0xae1000,4096
49156,u3,3,READ,0x30000aff000,4096
49170,u0,0,READ,0xae2000,4096
49171,u1,1,READ,0x10000afc000,4096
49172,u2,2,READ,0x20000b0f000,4096
49177,u3,3,READ,0x30000b00000,4096
49186,u2,2,READ,0x20000b10000,4096
49187,u0,0,READ,0xae3000,4096
49187,u1,1,READ,0x10000afd000,4096
49198,u0,0,READ,0xae4000,4096
49198,u2,2,READ,0x20000b11000,4096
49202,u3,3,READ,0x30000b01000,4096
49206,u1,1,READ,0x10000afe000,4096
49212,u2,2,READ,0x20000b12000,4096
49215,u0,0,READ,0xae5000,4096
49222,u2,2,READ,0x20000b13000,4096
49226,u0,0,READ,0xae6000,4096
49226,u1,1,READ,0x10000aff000,4096
49227,u3,3,READ,0x30000b02000,4096
49240,u3,3,WRITE,0x30000b03000,4096
49245,u1,1,READ,0x10000b00000,4096
49247,u2,2,READ,0x20000b14000,4096
49250,u0,0,READ,0xae7000,4096
49255,u3,3,READ,0x30000b04000,4096
49256,u1,1,READ,0x10000b01000,4096
49262,u2,2,READ,0x20000b15000,4096
49266,u0,0,READ,0xae8000,4096
49271,u3,3,READ,0x30000b05000,4096
49272,u1,1,READ,0x10000b02000,4096
49279,u0,0,WRITE,0xae9000,4096
49286,u2,2,READ,0x20000b16000,4096
49290,u3,3,WRITE,0x30000b06000,4096
49293,u1,1,READ,0x10000b03000,4096
49299,u0,0,READ,0xaea000,4096
49304,u1,1,READ,0x10000b04000,4096
49306,u2,2,READ,0x20000b17000,4096
49306,u3,3,READ,0x30000b07000,4096
49319,u1,1,READ,0x10000b05000,4096
49319,u2,2,READ,0x20000b18000,4096
49324,u0,0,READ,0xaeb000,4096
49325,u3,3,READ,0x30000b08000,4096
49338,u2,2,READ,0x20000b19000,4096
49341,u3,3,READ,0x30000b09000,4096
49342,u1,1,READ,0x10000b06000,4096
49344,u0,0,READ,0xaec000,4096
49351,u3,3,READ,0x30000b0a000,4096
49355,u2,2,READ,0x20000b1a000,4096
49360,u1,1,READ,0x10000b07000,4096
49365,u0,0,READ,0xaed000,4096
49373,u3,3,READ,0x30000b0b000,4096
49380,u2,2,READ,0x20000b1b000,4096
49384,u1,1,READ,0x10000b08000,4096
49386,u3,3,READ,0x30000b0c000,4096
49389,u0,0,READ,0xaee000,4096
49395,u1,1,READ,0x10000b09000,4096
49398,u2,2,READ,0x20000b1c000,4096
49405,u3,3,READ,0x30000b0d000,4096
49406,u0,0,READ,0xaef000,4096
49413,u2,2,READ,0x20000b1d000,4096
49415,u1,1,READ,0x10000b0a000,4096
49426,u1,1,READ,0x10000b0b000,4096
49428,u0,0,READ,0xaf0000,4096
49429,u3,3,READ,0x30000b0e000,4096
49431,u2,2,READ,0x20000b1e000,4096
49441,u0,0,READ,0xaf1000,4096
49441,u1,1,READ,0x10000b0c000,4096
49452,u0,0,READ,0xaf2000,4096
49452,u1,1,READ,0x10000b0d000,4096
49454,u3,3,READ,0x30000b0f000,4096
49456,u2,2,READ,0x20000b1f000,4096
49471,u0,0,READ,0xaf3000,4096
49472,u3,3,READ,0x30000b10000,4096
49476,u1,1,READ,0x10000b0e000,4096
49481,u2,2,READ,0x20000b20000,4096
49485,u0,0,READ,0xaf4000,4096
49495,u3,3,READ,0x30000b11000,4096
49497,u1,1,READ,0x10000b0f000,4096
49499,u2,2,READ,0x20000b21000,4096
49501,u0,0,READ,0xaf5000,4096
49513,u1,1,READ,0x10000b10000,4096
49516,u0,0,WRITE,0xaf6000,4096
49519,u3,3,READ,0x30000b12000,4096
49521,u2,2,READ,0x20000b22000,4096
49532,u0,0,READ,0xaf7000,4096
49534,u1,1,READ,0x10000b11000,4096
49541,u2,2,READ,0x20000b23000,4096
49542,u3,3,READ,0x30000b13000,4096
49546,u1,1,READ,0x10000b12000,4096
49552,u3,3,WRITE,0x30000b14000,4096
49554,u0,0,READ,0xaf8000,4096
49556,u1,1,READ,0x10000b13000,4096
49560,u2,2,READ,0x20000b24000,4096
49563,u3,3,READ,0x30000b15000,4096
49567,u0,0,READ,0xaf9000,4096
49575,u2,2,READ,0x20000b25000,4096
49576,u1,1,READ,0x10000b14000,4096
49585,u2,2,READ,0x20000b26000,4096
49587,u3,3,READ,0x30000b16000,4096
49590,u0,0,READ,0xafa000,4096
49592,u1,1,READ,0x10000b15000,4096
49600,u0,0,READ,0xafb000,4096
49601,u2,2,READ,0x20000b27000,4096
49605,u3,3,READ,0x30000b17000,4096
49615,u1,1,READ,0x10000b16000,4096
49618,u2,2,READ,0x20000b28000,4096
49624,u0,0,READ,0xafc000,4096
49629,u1,1,READ,0x10000b17000,4096
49630,u3,3,READ,0x30000b18000,4096
49637,u2,2,READ,0x20000b29000,4096
49640,u0,0,WRITE,0xafd000,4096
49642,u3,3,READ,0x30000b19000,4096
49648,u2,2,READ,0x20000b2a000,4096
49654,u1,1,READ,0x10000b18000,4096
49658,u0,0,READ,0xafe000,4096
49667,u3,3,READ,0x30000b1a000,4096
49671,u2,2,READ,0x20000b2b000,4096
49673,u1,1,READ,0x10000b19000,4096
49680,u0,0,READ,0xaff000,4096
49690,u1,1,READ,0x10000b1a000,4096
49690,u2,2,READ,0x20000b2c000,4096
49692,u0,0,READ,0xb00000,4096
49692,u3,3,READ,0x30000b1b000,4096
49704,u1,1,READ,0x10000b1b000,4096
49706,u2,2,READ,0x20000b2d000,4096
49708,u3,3,READ,0x30000b1c000,4096
49713,u0,0,READ,0xb01000,4096
49720,u3,3,READ,0x30000b1d000,4096
49726,u1,1,READ,0x10000b1c000,4096
49728,u2,2,READ,0x20000b2e000,4096
49738,u0,0,READ,0xb02000,4096
49739,u3,3,READ,0x30000b1e000,4096
49748,u1,1,READ,0x10000b1d000,4096
49750,u2,2,READ,0x20000b2f000,4096
49758,u0,0,READ,0xb03000,4096
49759,u1,1,READ,0x10000b1e000,4096
49762,u2,2,READ,0x20000b30000,4096
49763,u3,3,READ,0x30000b1f000,4096
49769,u0,0,READ,0xb04000,4096
49769,u1,1,READ,0x10000b1f000,4096
49778,u3,3,READ,0x30000b20000,4096
49787,u2,2,READ,0x20000b31000,4096
49792,u3,3,READ,0x30000b21000,4096
49794,u0,0,READ,0xb05000,4096
49794,u1,1,READ,0x10000b20000,4096
49802,u2,2,READ,0x20000b32000,4096
49803,u3,3,READ,0x30000b22000,4096
49805,u0,0,READ,0xb06000,4096
49809,u1,1,READ,0x10000b21000,4096
49819,u2,2,READ,0x20000b33000,4096
49822,u0,0,READ,0xb07000,4096
49825,u3,3,READ,0x30000b23000,4096
49831,u1,1,READ,0x10000b22000,4096
49836,u3,3,READ,0x30000b24000,4096
49837,u0,0,READ,0xb08000,4096
49839,u2,2,READ,0x20000b34000,4096
49845,u1,1,READ,0x10000b23000,4096
49847,u0,0,READ,0xb09000,4096
49854,u2,2,READ,0x20000b35000,4096
49855,u3,3,READ,0x30000b25000,4096
49857,u0,0,READ,0xb0a000,4096
49866,u1,1,READ,0x10000b24000,4096
49869,u2,2,READ,0x20000b36000,4096
49870,u3,3,READ,0x30000b26000,4096
49882,u0,0,READ,0xb0b000,4096
49883,u3,3,READ,0x30000b27000,4096
49886,u2,2,WRITE,0x20000b37000,4096
49888,u1,1,READ,0x10000b25000,4096
49901,u0,0,READ,0xb0c000,4096
49901,u2,2,READ,0x20000b38000,4096
49901,u3,3,READ,0x30000b28000,4096
49907,u1,1,READ,0x10000b26000,4096
49921,u1,1,READ,0x10000b27000,4096
49922,u2,2,READ,0x20000b39000,4096
49925,u0,0,READ,0xb0d000,4096
49925,u3,3,READ,0x30000b29000,4096
49934,u2,2,READ,0x20000b3a000,4096
49936,u1,1,READ,0x10000b28000,4096
49945,u0,0,READ,0xb0e000,4096
49947,u1,1,READ,0x10000b29000,4096
49947,u3,3,READ,0x30000b2a000,4096
49955,u2,2,WRITE,0x20000b3b000,4096
49957,u3,3,READ,0x30000b2b000,4096
49961,u0,0,READ,0xb0f000,4096
49972,u1,1,READ,0x10000b2a000,4096
49973,u3,3,READ,0x30000b2c000,4096
49977,u2,2,READ,0x20000b3c000,4096
49985,u0,0,READ,0xb10000,4096
49993,u3,3,READ,0x30000b2d000,4096
49996,u1,1,READ,0x10000b2b000,4096
50001,u0,0,READ,0xb11000,4096
50001,u2,2,READ,0x20000b3d000,4096
50011,u3,3,READ,0x30000b2e000,4096
50016,u2,2,READ,0x20000b3e000,4096
50018,u1,1,READ,0x10000b2c000,4096
50026,u0,0,WRITE,0xb12000,4096
50030,u1,1,READ,0x10000b2d000,4096
50033,u3,3,READ,0x30000b2f000,4096
50036,u2,2,READ,0x20000b3f000,4096
50038,u0,0,READ,0xb13000,4096
50048,u3,3,READ,0x30000b30000,4096
50049,u1,1,READ,0x10000b2e000,4096
50059,u2,2,READ,0x20000b40000,4096
50061,u0,0,READ,0xb14000,4096
50064,u3,3,READ,0x30000b31000,4096
50071,u0,0,READ,0xb15000,4096
50071,u2,2,READ,0x20000b41000,4096
50072,u1,1,READ,0x10000b2f000,4096
50084,u2,2,READ,0x20000b42000,4096
50084,u3,3,READ,0x30000b32000,4096
50086,u0,0,READ,0xb16000,4096
50094,u1,1,READ,0x10000b30000,4096
50101,u2,2,READ,0x20000b43000,4096
50101,u3,3,READ,0x30000b33000,4096
50108,u0,0,READ,0xb17000,4096
50109,u1,1,READ,0x10000b31000,4096
50118,u2,2,READ,0x20000b44000,4096
50124,u0,0,READ,0xb18000,4096
50124,u3,3,READ,0x30000b34000,4096
50133,u1,1,READ,0x10000b32000,4096
50133,u2,2,READ,0x20000b45000,4096
50146,u3,3,READ,0x30000b35000,4096
50149,u0,0,WRITE,0xb19000,4096
50150,u2,2,READ,0x20000b46000,4096
50154,u1,1,READ,0x10000b33000,4096
50161,u3,3,READ,0x30000b36000,4096
50164,u1,1,WRITE,0x10000b34000,4096
50164,u2,2,WRITE,0x20000b47000,4096
50169,u0,0,READ,0xb1a000,4096
50174,u3,3,READ,0x30000b37000,4096
50177,u2,2,READ,0x20000b48000,4096
50184,u1,1,READ,0x10000b35000,4096
50187,u3,3,READ,0x30000b38000,4096
50194,u0,0,READ,0xb1b000,4096
50198,u1,1,READ,0x10000b36000,4096
50202,u2,2,READ,0x20000b49000,4096
50208,u3,3,READ,0x30000b39000,4096
50209,u1,1,READ,0x10000b37000,4096
50219,u0,0,READ,0xb1c000,4096
50223,u2,2,READ,0x20000b4a000,4096
50224,u3,3,READ,0x30000b3a000,4096
50230,u1,1,READ,0x10000b38000,4096
50238,u3,3,READ,0x30000b3b000,4096
50244,u0,0,READ,0xb1d000,4096
50244,u1,1,READ,0x10000b39000,4096
50246,u2,2,READ,0x20000b4b000,4096
50260,u2,2,READ,0x20000b4c000,4096
50262,u3,3,READ,0x30000b3c000,4096
50264,u0,0,READ,0xb1e000,4096
50268,u1,1,READ,0x10000b3a000,4096
50276,u0,0,READ,0xb1f000,4096
50277,u3,3,READ,0x30000b3d000,4096
50284,u2,2,READ,0x20000b4d000,4096
50286,u1,1,READ,0x10000b3b000,4096
50290,u3,3,READ,0x30000b3e000,4096
50292,u0,0,READ,0xb20000,4096
50301,u2,2,READ,0x20000b4e000,4096
50304,u1,1,READ,0x10000b3c000,4096
50304,u3,3,READ,0x30000b3f000,4096
50316,u0,0,WRITE,0xb21000,4096
50317,u2,2,READ,0x20000b4f000,4096
50321,u3,3,READ,0x30000b40000,4096
50328,u0,0,READ,0xb22000,4096
50329,u1,1,READ,0x10000b3d000,4096
50337,u2,2,WRITE,0x20000b50000,4096
50340,u3,3,READ,0x30000b41000,4096
50341,u1,1,READ,0x10000b3e000,4096
50353,u0,0,READ,0xb23000,4096
50353,u1,1,READ,0x10000b3f000,4096
50357,u2,2,READ,0x20000b51000,4096
50363,u3,3,WRITE,0x30000b42000,4096
50370,u0,0,READ,0xb24000,4096
50373,u1,1,READ,0x10000b40000,4096
50373,u2,2,READ,0x20000b52000,4096
50375,u3,3,READ,0x30000b43000,4096
50380,u0,0,READ,0xb25000,4096
50384,u2,2,READ,0x20000b53000,4096
50388,u3,3,WRITE,0x30000b44000,4096
50393,u0,0,WRITE,0xb26000,4096
50396,u2,2,READ,0x20000b54000,4096
50397,u1,1,READ,0x10000b41000,4096
50399,u3,3,READ,0x30000b45000,4096
50407,u1,1,READ,0x10000b42000,4096
50415,u0,0,READ,0xb27000,4096
50417,u2,2,WRITE,0x20000b55000,4096
50422,u3,3,READ,0x30000b46000,4096
50430,u1,1,READ,0x10000b43000,4096
50433,u2,2,READ,0x20000b56000,4096
50433,u3,3,READ,0x30000b47000,4096
50434,u0,0,READ,0xb28000,4096
50444,u2,2,READ,0x20000b57000,4096
50446,u0,0,READ,0xb29000,4096
50447,u1,1,READ,0x10000b44000,4096
50447,u3,3,WRITE,0x30000b48000,4096
50464,u1,1,WRITE,0x10000b45000,4096
50465,u2,2,READ,0x20000b58000,4096
50468,u3,3,READ,0x30000b49000,4096
50471,u0,0,READ,0xb2a000,4096
50486,u3,3,READ,0x30000b4a000,4096
50487,u1,1,READ,0x10000b46000,4096
50487,u2,2,READ,0x20000b59000,4096
50494,u0,0,WRITE,0xb2b000,4096
50499,u1,1,READ,0x10000b47000,4096
50499,u3,3,READ,0x30000b4b000,4096
50506,u2,2,READ,0x20000b5a000,4096
50510,u0,0,READ,0xb2c000,4096
50515,u1,1,READ,0x10000b48000,4096
50522,u2,2,READ,0x20000b5b000,4096
50524,u3,3,READ,0x30000b4c000,4096
50529,u1,1,READ,0x10000b49000,4096
50535,u0,0,READ,0xb2d000,4096
50537,u2,2,READ,0x20000b5c000,4096
50543,u1,1,READ,0x10000b4a000,4096
50543,u3,3,READ,0x30000b4d000,4096
50546,u0,0,READ,0xb2e000,4096
50552,u2,2,READ,0x20000b5d000,4096
50564,u3,3,READ,0x30000b4e000,4096
50565,u0,0,READ,0xb2f000,4096
50567,u1,1,READ,0x10000b4b000,4096
50575,u3,3,READ,0x30000b4f000,4096
50577,u2,2,READ,0x20000b5e000,4096
50580,u1,1,READ,0x10000b4c000,4096
50584,u0,0,READ,0xb30000,4096
50592,u2,2,READ,0x20000b5f000,4096
50594,u3,3,READ,0x30000b50000,4096
50598,u0,0,READ,0xb31000,4096
50601,u1,1,READ,0x10000b4d000,4096
50612,u1,1,READ,0x10000b4e000,4096
50613,u2,2,READ,0x20000b60000,4096
50614,u3,3,READ,0x30000b51000,4096
50616,u0,0,READ,0xb32000,4096
50630,u1,1,READ,0x10000b4f000,4096
50634,u0,0,READ,0xb33000,4096
50634,u2,2,READ,0x20000b61000,4096
50635,u3,3,READ,0x30000b52000,4096
50646,u2,2,READ,0x20000b62000,4096
50647,u1,1,READ,0x10000b50000,4096
50648,u0,0,READ,0xb34000,4096
50648,u3,3,READ,0x30000b53000,4096
50659,u1,1,READ,0x10000b51000,4096
50662,u0,0,READ,0xb35000,4096
50664,u2,2,WRITE,0x20000b63000,4096
50669,u1,1,READ,0x10000b52000,4096
50673,u3,3,READ,0x30000b54000,4096
50685,u0,0,READ,0xb36000,4096
50688,u2,2,READ,0x20000b64000,4096
50692,u1,1,READ,0x10000b53000,4096
50698,u3,3,READ,0x30000b55000,4096
50703,u0,0,READ,0xb37000,4096
50705,u2,2,READ,0x20000b65000,4096
50706,u1,1,READ,0x10000b54000,4096
50713,u0,0,WRITE,0xb38000,4096
50718,u1,1,READ,0x10000b55000,4096
50718,u2,2,READ,0x20000b66000,4096
50721,u3,3,READ,0x30000b56000,4096
50724,u0,0,READ,0xb39000,4096
50732,u3,3,READ,0x30000b57000,4096
50734,u1,1,READ,0x10000b56000,4096
50738,u2,2,READ,0x20000b67000,4096
50743,u3,3,READ,0x30000b58000,4096
50744,u0,0,READ,0xb3a000,4096
50753,u1,1,READ,0x10000b57000,4096
50755,u0,0,READ,0xb3b000,4096
50763,u2,2,READ,0x20000b68000,4096
50767,u0,0,READ,0xb3c000,4096
50768,u3,3,READ,0x30000b59000,4096
50775,u2,2,READ,0x20000b69000,4096
50778,u1,1,READ,0x10000b58000,4096
50787,u0,0,READ,0xb3d000,4096
50793,u3,3,READ,0x30000b5a000,4096
50795,u1,1,WRITE,0x10000b59000,4096
50799,u0,0,READ,0xb3e000,4096
50800,u2,2,READ,0x20000b6a000,4096
50805,u1,1,READ,0x10000b5a000,4096
50812,u0,0,READ,0xb3f000,4096
50812,u3,3,READ,0x30000b5b000,4096
50821,u2,2,READ,0x20000b6b000,4096
50829,u1,1,READ,0x10000b5b000,4096
50835,u2,2,WRITE,0x20000b6c000,4096
50837,u0,0,READ,0xb40000,4096
50837,u3,3,READ,0x30000b5c000,4096
50847,u0,0,READ,0xb41000,4096
50851,u2,2,READ,0x20000b6d000,4096
50853,u3,3,READ,0x30000b5d000,4096
50854,u1,1,READ,0x10000b5c000,4096
50863,u3,3,READ,0x30000b5e000,4096
50869,u0,0,WRITE,0xb42000,4096
50871,u2,2,READ,0x20000b6e000,4096
50875,u1,1,READ,0x10000b5d000,4096
50882,u0,0,READ,0xb43000,4096
50882,u3,3,READ,0x30000b5f000,4096
50887,u2,2,READ,0x20000b6f000,4096
50893,u1,1,READ,0x10000b5e000,4096
50897,u3,3,READ,0x30000b60000,4096
50906,u0,0,READ,0xb44000,4096
50908,u3,3,READ,0x30000b61000,4096
50910,u2,2,READ,0x20000b70000,4096
50914,u1,1,READ,0x10000b5f000,4096
50923,u2,2,READ,0x20000b71000,4096
50923,u3,3,READ,0x30000b62000,4096
50928,u0,0,READ,0xb45000,4096
50928,u1,1,READ,0x10000b60000,4096
50934,u3,3,READ,0x30000b63000,4096
50937,u2,2,READ,0x20000b72000,4096
50944,u1,1,READ,0x10000b61000,4096
50947,u0,0,READ,0xb46000,4096
50951,u2,2,READ,0x20000b73000,4096
50953,u3,3,READ,0x30000b64000,4096
50965,u1,1,READ,0x10000b62000,4096
50966,u0,0,READ,0xb47000,4096
50970,u2,2,WRITE,0x20000b74000,4096
50973,u3,3,READ,0x30000b65000,4096
50983,u2,2,READ,0x20000b75000,4096
50984,u1,1,READ,0x10000b63000,4096
50985,u3,3,READ,0x30000b66000,4096
50990,u0,0,READ,0xb48000,4096
50997,u3,3,READ,0x30000b67000,4096
51002,u2,2,READ,0x20000b76000,4096
51009,u0,0,READ,0xb49000,4096
51009,u1,1,READ,0x10000b64000,4096
51012,u3,3,READ,0x30000b68000,4096
51018,u2,2,READ,0x20000b77000,4096
51024,u1,1,READ,0x10000b65000,4096
51030,u3,3,READ,0x30000b69000,4096
51032,u0,0,WRITE,0xb4a000,4096
51041,u1,1,READ,0x10000b66000,4096
51043,u2,2,READ,0x20000b78000,4096
51051,u0,0,READ,0xb4b000,4096
51053,u3,3,READ,0x30000b6a000,4096
51058,u1,1,READ,0x10000b67000,4096
51062,u2,2,READ,0x20000b79000,4096
51066,u3,3,READ,0x30000b6b000,4096
51071,u0,0,READ,0xb4c000,4096
51079,u3,3,READ,0x30000b6c000,4096
51083,u1,1,READ,0x10000b68000,4096
51083,u2,2,READ,0x20000b7a000,4096
51092,u0,0,READ,0xb4d000,4096
51094,u2,2,READ,0x20000b7b000,4096
51098,u3,3,READ,0x30000b6d000,4096
51100,u1,1,READ,0x10000b69000,4096
51105,u0,0,READ,0xb4e000,4096
51110,u3,3,READ,0x30000b6e000,4096
51117,u2,2,READ,0x20000b7c000,4096
51119,u0,0,READ,0xb4f000,4096
51120,u1,1,READ,0x10000b6a000,4096
51128,u3,3,READ,0x30000b6f000,4096
51132,u0,0,READ,0xb50000,4096
51137,u2,2,READ,0x20000b7d000,4096
51142,u3,3,READ,0x30000b70000,4096
51143,u1,1,READ,0x10000b6b000,4096
51153,u0,0,READ,0xb51000,4096
51157,u1,1,READ,0x10000b6c000,4096
51158,u3,3,READ,0x30000b71000,4096
51159,u2,2,READ,0x20000b7e000,4096
51174,u0,0,READ,0xb52000,4096
51175,u2,2,READ,0x20000b7f000,4096
51178,u1,1,READ,0x10000b6d000,4096
51182,u3,3,READ,0x30000b72000,4096
51193,u1,1,READ,0x10000b6e000,4096
51193,u2,2,READ,0x20000b80000,4096
51195,u0,0,READ,0xb53000,4096
51204,u2,2,READ,0x20000b81000,4096
51206,u3,3,READ,0x30000b73000,4096
51208,u0,0,READ,0xb54000,4096
51209,u1,1,READ,0x10000b6f000,4096
51224,u2,2,READ,0x20000b82000,4096
51225,u3,3,READ,0x30000b74000,4096
51233,u0,0,READ,0xb55000,4096
51234,u1,1,READ,0x10000b70000,4096
51245,u1,1,READ,0x10000b71000,4096
51247,u3,3,READ,0x30000b75000,4096
51248,u0,0,READ,0xb56000,4096
51248,u2,2,READ,0x20000b83000,4096
51257,u3,3,READ,0x30000b76000,4096
51260,u0,0,READ,0xb57000,4096
51269,u1,1,READ,0x10000b72000,4096
51270,u0,0,READ,0xb58000,4096
51271,u2,2,READ,0x20000b84000,4096
51279,u3,3,READ,0x30000b77000,4096
51283,u2,2,READ,0x20000b85000,4096
51289,u1,1,READ,0x10000b73000,4096
51291,u0,0,READ,0xb59000,4096
51298,u3,3,READ,0x30000b78000,4096
51299,u1,1,READ,0x10000b74000,4096
51304,u0,0,READ,0xb5a000,4096
51304,u2,2,WRITE,0x20000b86000,4096
51314,u3,3,READ,0x30000b79000,4096
51315,u1,1,READ,0x10000b75000,4096
51318,u2,2,READ,0x20000b87000,4096
51319,u0,0,READ,0xb5b000,4096
51325,u1,1,READ,0x10000b76000,4096
51329,u3,3,READ,0x30000b7a000,4096
51342,u2,2,READ,0x20000b88000,4096
51343,u0,0,READ,0xb5c000,4096
51349,u3,3,READ,0x30000b7b000,4096
51350,u1,1,READ,0x10000b77000,4096
51353,u2,2,READ,0x20000b89000,4096
51354,u0,0,READ,0xb5d000,4096
51366,u1,1,READ,0x10000b78000,4096
51369,u3,3,READ,0x30000b7c000,4096
51370,u0,0,READ,0xb5e000,4096
51372,u2,2,READ,0x20000b8a000,4096
51384,u0,0,READ,0xb5f000,4096
51384,u2,2,READ,0x20000b8b000,4096
51389,u1,1,READ,0x10000b79000,4096
51391,u3,3,READ,0x30000b7d000,4096
51404,u2,2,READ,0x20000b8c000,4096
51405,u0,0,READ,0xb60000,4096
51409,u3,3,READ,0x30000b7e000,4096
51413,u1,1,READ,0x10000b7a000,4096
51418,u0,0,READ,0xb61000,4096
51425,u2,2,READ,0x20000b8d000,4096
51425,u3,3,READ,0x30000b7f000,4096
51438,u1,1,READ,0x10000b7b000,4096
51440,u2,2,READ,0x20000b8e000,4096
51442,u0,0,READ,0xb62000,4096
51443,u3,3,READ,0x30000b80000,4096
51454,u0,0,READ,0xb63000,4096
51456,u1,1,READ,0x10000b7c000,4096
51459,u2,2,READ,0x20000b8f000,4096
51460,u3,3,READ,0x30000b81000,4096
51467,u1,1,READ,0x10000b7d000,4096
51476,u0,0,WRITE,0xb64000,4096
51477,u1,1,READ,0x10000b7e000,4096
51477,u2,2,WRITE,0x20000b90000,4096
51481,u3,3,READ,0x30000b82000,4096
51493,u3,3,READ,0x30000b83000,4096
51496,u1,1,READ,0x10000b7f000,4096
51497,u2,2,READ,0x20000b91000,4096
51501,u0,0,READ,0xb65000,4096
51509,u3,3,READ,0x30000b84000,4096
51511,u0,0,READ,0xb66000,4096
51514,u1,1,READ,0x10000b80000,4096
51521,u2,2,READ,0x20000b92000,4096
51524,u3,3,WRITE,0x30000b85000,4096
51526,u1,1,WRITE,0x10000b81000,4096
51531,u0,0,WRITE,0xb67000,4096
51537,u1,1,READ,0x10000b82000,4096
51537,u2,2,READ,0x20000b93000,4096
51538,u3,3,READ,0x30000b86000,4096
51541,u0,0,READ,0xb68000,4096
51549,u2,2,READ,0x20000b94000,4096
51550,u1,1,READ,0x10000b83000,4096
51550,u3,3,READ,0x30000b87000,4096
51551,u0,0,READ,0xb69000,4096
51560,u2,2,READ,0x20000b95000,4096
51570,u0,0,READ,0xb6a000,4096
51574,u1,1,WRITE,0x10000b84000,4096
51574,u3,3,READ,0x30000b88000,4096
51580,u2,2,READ,0x20000b96000,4096
51583,u0,0,READ,0xb6b000,4096
51584,u1,1,READ,0x10000b85000,4096
51589,u3,3,READ,0x30000b89000,4096
51596,u2,2,READ,0x20000b97000,4096
51600,u3,3,READ,0x30000b8a000,4096
51601,u1,1,READ,0x10000b86000,4096
51604,u0,0,READ,0xb6c000,4096
51606,u2,2,READ,0x20000b98000,4096
51614,u3,3,WRITE,0x30000b8b000,4096
51616,u1,1,READ,0x10000b87000,4096
51627,u1,1,READ,0x10000b88000,4096
51628,u0,0,READ,0xb6d000,4096
51629,u2,2,READ,0x20000b99000,4096
51631,u3,3,READ,0x30000b8c000,4096
51641,u2,2,READ,0x20000b9a000,4096
51650,u1,1,WRITE,0x10000b89000,4096
51651,u0,0,READ,0xb6e000,4096
51653,u2,2,READ,0x20000b9b000,4096
51656,u3,3,READ,0x30000b8d000,4096
51660,u1,1,READ,0x10000b8a000,4096
51667,u3,3,READ,0x30000b8e000,4096
51669,u0,0,READ,0xb6f000,4096
51671,u2,2,READ,0x20000b9c000,4096
51680,u1,1,READ,0x10000b8b000,4096
51685,u0,0,READ,0xb70000,4096
51688,u2,2,READ,0x20000b9d000,4096
51689,u3,3,READ,0x30000b8f000,4096
51691,u1,1,WRITE,0x10000b8c000,4096
51697,u0,0,READ,0xb71000,4096
51700,u2,2,READ,0x20000b9e000,4096
51707,u3,3,READ,0x30000b90000,4096
51709,u0,0,READ,0xb72000,4096
51710,u1,1,READ,0x10000b8d000,4096
51714,u2,2,READ,0x20000b9f000,4096
51723,u3,3,READ,0x30000b91000,4096
51727,u0,0,READ,0xb73000,4096
51735,u1,1,READ,0x10000b8e000,4096
51735,u2,2,READ,0x20000ba0000,4096
51745,u1,1,WRITE,0x10000b8f000,4096
51748,u3,3,READ,0x30000b92000,4096
51752,u0,0,READ,0xb74000,4096
51760,u2,2,READ,0x20000ba1000,4096
51761,u3,3,READ,0x30000b93000,4096
51766,u1,1,READ,0x10000b90000,4096
51776,u0,0,READ,0xb75000,4096
51777,u3,3,READ,0x30000b94000,4096
51781,u1,1,READ,0x10000b91000,4096
51784,u2,2,READ,0x20000ba2000,4096
51787,u3,3,READ,0x30000b95000,4096
51790,u0,0,READ,0xb76000,4096
51792,u1,1,READ,0x10000b92000,4096
51799,u2,2,READ,0x20000ba3000,4096
51800,u0,0,READ,0xb77000,4096
51807,u1,1,WRITE,0x10000b93000,4096
51807,u3,3,READ,0x30000b96000,4096
51813,u0,0,READ,0xb78000,4096
51819,u2,2,READ,0x20000ba4000,4096
51825,u0,0,READ,0xb79000,4096
51826,u1,1,READ,0x10000b94000,4096
51829,u3,3,READ,0x30000b97000,4096
51836,u2,2,READ,0x20000ba5000,4096
51842,u0,0,READ,0xb7a000,4096
51845,u3,3,READ,0x30000b98000,4096
51846,u2,2,READ,0x20000ba6000,4096
51848,u1,1,READ,0x10000b95000,4096
51864,u0,0,READ,0xb7b000,4096
51864,u3,3,READ,0x30000b99000,4096
51870,u1,1,READ,0x10000b96000,4096
51870,u2,2,READ,0x20000ba7000,4096
51877,u0,0,READ,0xb7c000,4096
51885,u1,1,READ,0x10000b97000,4096
51889,u3,3,READ,0x30000b9a000,4096
51890,u2,2,READ,0x20000ba8000,4096
51893,u0,0,READ,0xb7d000,4096
51901,u3,3,READ,0x30000b9b000,4096
51905,u2,2,READ,0x20000ba9000,4096
51910,u1,1,READ,0x10000b98000,4096
51912,u0,0,READ,0xb7e000,4096
51917,u2,2,READ,0x20000baa000,4096
51924,u3,3,WRITE,0x30000b9c000,4096
51927,u0,0,READ,0xb7f000,4096
51931,u1,1,READ,0x10000b99000,4096
51937,u3,3,READ,0x30000b9d000,4096
51941,u1,1,READ,0x10000b9a000,4096
51942,u2,2,WRITE,0x20000bab000,4096
51948,u0,0,READ,0xb80000,4096
51952,u1,1,READ,0x10000b9b000,4096
51954,u3,3,READ,0x30000b9e000,4096
51964,u1,1,READ,0x10000b9c000,4096
51966,u0,0,READ,0xb81000,4096
51967,u2,2,READ,0x20000bac000,4096
51974,u3,3,READ,0x30000b9f000,4096
51982,u0,0,READ,0xb82000,4096
51983,u1,1,READ,0x10000b9d000,4096
51984,u2,2,READ,0x20000bad000,4096
51986,u3,3,READ,0x30000ba0000,4096
51996,u3,3,READ,0x30000ba1000,4096
51999,u0,0,READ,0xb83000,4096
52003,u1,1,READ,0x10000b9e000,4096
52007,u2,2,READ,0x20000bae000,4096
52013,u1,1,READ,0x10000b9f000,4096
52014,u0,0,READ,0xb84000,4096
52019,u3,3,READ,0x30000ba2000,4096
52026,u1,1,READ,0x10000ba0000,4096
52029,u2,2,READ,0x20000baf000,4096
52037,u0,0,READ,0xb85000,4096
52038,u3,3,READ,0x30000ba3000,4096
52049,u1,1,READ,0x10000ba1000,4096
52052,u3,3,READ,0x30000ba4000,4096
52054,u2,2,READ,0x20000bb0000,4096
52058,u0,0,READ,0xb86000,4096
52063,u1,1,WRITE,0x10000ba2000,4096
52073,u3,3,READ,0x30000ba5000,4096
52075,u1,1,READ,0x10000ba3000,4096
52079,u2,2,READ,0x20000bb1000,4096
52082,u0,0,READ,0xb87000,4096
52086,u1,1,WRITE,0x10000ba4000,4096
52097,u3,3,READ,0x30000ba6000,4096
52101,u2,2,READ,0x20000bb2000,4096
52106,u0,0,READ,0xb88000,4096
52109,u1,1,READ,0x10000ba5000,4096
52119,u2,2,READ,0x20000bb3000,4096
52121,u1,1,READ,0x10000ba6000,4096
52121,u3,3,READ,0x30000ba7000,4096
52126,u0,0,READ,0xb89000,4096
52132,u2,2,READ,0x20000bb4000,4096
52137,u0,0,READ,0xb8a000,4096
52139,u3,3,READ,0x30000ba8000,4096
52145,u1,1,READ,0x10000ba7000,4096
52147,u0,0,READ,0xb8b000,4096
52156,u2,2,READ,0x20000bb5000,4096
52158,u1,1,READ,0x10000ba8000,4096
52159,u0,0,READ,0xb8c000,4096
52164,u3,3,READ,0x30000ba9000,4096
52166,u2,2,READ,0x20000bb6000,4096
52170,u0,0,READ,0xb8d000,4096
52175,u1,1,READ,0x10000ba9000,4096
52178,u2,2,READ,0x20000bb7000,4096
52180,u3,3,READ,0x30000baa000,4096
52187,u0,0,READ,0xb8e000,4096
52188,u1,1,READ,0x10000baa000,4096
52195,u3,3,READ,0x30000bab000,4096
52208,u1,1,READ,0x10000bab000,4096
52211,u0,0,READ,0xb8f000,4096
52213,u3,3,READ,0x30000bac000,4096
52221,u0,0,READ,0xb90000,4096
52230,u1,1,READ,0x10000bac000,4096
52235,u3,3,READ,0x30000bad000,4096
52241,u0,0,READ,0xb91000,4096
52249,u1,1,READ,0x10000bad000,4096
52254,u3,3,READ,0x30000bae000,4096
52260,u0,0,READ,0xb92000,4096
52264,u1,1,READ,0x10000bae000,4096
52268,u3,3,READ,0x30000baf000,4096
52282,u3,3,READ,0x30000bb0000,4096
52283,u0,0,READ,0xb93000,4096
52288,u1,1,READ,0x10000baf000,4096
52294,u0,0,READ,0xb94000,4096
52300,u3,3,READ,0x30000bb1000,4096
52309,u0,0,READ,0xb95000,4096
52311,u1,1,READ,0x10000bb0000,4096
52321,u3,3,READ,0x30000bb2000,4096
52324,u0,0,READ,0xb96000,4096
52325,u1,1,READ,0x10000bb1000,4096
52339,u0,0,READ,0xb97000,4096
52341,u1,1,READ,0x10000bb2000,4096
52346,u3,3,READ,0x30000bb3000,4096
52358,u0,0,READ,0xb98000,4096
52364,u1,1,READ,0x10000bb3000,4096
52370,u3,3,READ,0x30000bb4000,4096
52375,u0,0,READ,0xb99000,4096
52378,u1,1,READ,0x10000bb4000,4096
52381,u3,3,READ,0x30000bb5000,4096
52391,u1,1,READ,0x10000bb5000,4096
52391,u3,3,READ,0x30000bb6000,4096
52393,u0,0,READ,0xb9a000,4096
52407,u0,0,READ,0xb9b000,4096
52410,u1,1,READ,0x10000bb6000,4096
52412,u3,3,READ,0x30000bb7000,4096
52418,u0,0,READ,0xb9c000,4096
52424,u1,1,READ,0x10000bb7000,4096
52435,u0,0,READ,0xb9d000,4096
52456,u0,0,READ,0xb9e000,4096
52473,u0,0,READ,0xb9f000,4096
52490,u0,0,READ,0xba0000,4096
52504,u0,0,READ,0xba1000,4096
52526,u0,0,READ,0xba2000,4096
52536,u0,0,READ,0xba3000,4096
52550,u0,0,READ,0xba4000,4096
52573,u0,0,READ,0xba5000,4096
52586,u0,0,READ,0xba6000,4096
52609,u0,0,READ,0xba7000,4096
52625,u0,0,READ,0xba8000,4096
52641,u0,0,READ,0xba9000,4096
52661,u0,0,READ,0xbaa000,4096
52680,u0,0,READ,0xbab000,4096
52692,u0,0,READ,0xbac000,4096
52711,u0,0,READ,0xbad000,4096
52732,u0,0,READ,0xbae000,4096
52751,u0,0,READ,0xbaf000,4096
52773,u0,0,READ,0xbb0000,4096
52797,u0,0,READ,0xbb1000,4096
52821,u0,0,READ,0xbb2000,4096
52836,u0,0,READ,0xbb3000,4096
52861,u0,0,READ,0xbb4000,4096
52877,u0,0,READ,0xbb5000,4096
52898,u0,0,READ,0xbb6000,4096
52910,u0,0,READ,0xbb7000,4096
