timestamp,process_id,user_id,type,address,size
2,bandwidth_monster,0,READ,0x0,262144
3,bandwidth_monster,0,WRITE,0x40000,262144
8,bandwidth_monster,0,WRITE,0x80000,262144
12,bandwidth_monster,0,WRITE,0xc0000,262144
15,bandwidth_monster,0,READ,0x100000,262144
17,bandwidth_monster,0,WRITE,0x140000,262144
19,bandwidth_monster,0,READ,0x180000,262144
20,victim3,3,READ,0x30000000000,4096
21,bandwidth_monster,0,WRITE,0x1c0000,262144
22,bandwidth_monster,0,WRITE,0x200000,262144
26,victim2,2,READ,0x20000000000,4096
27,bandwidth_monster,0,READ,0x240000,262144
32,bandwidth_monster,0,READ,0x280000,262144
35,bandwidth_monster,0,WRITE,0x2c0000,262144
37,bandwidth_monster,0,WRITE,0x300000,262144
38,victim1,1,READ,0x10000000000,4096
40,bandwidth_monster,0,WRITE,0x340000,262144
45,bandwidth_monster,0,WRITE,0x380000,262144
49,bandwidth_monster,0,WRITE,0x3c0000,262144
50,bandwidth_monster,0,WRITE,0x400000,262144
53,bandwidth_monster,0,WRITE,0x440000,262144
56,bandwidth_monster,0,WRITE,0x480000,262144
58,bandwidth_monster,0,READ,0x4c0000,262144
63,bandwidth_monster,0,READ,0x500000,262144
64,bandwidth_monster,0,READ,0x540000,262144
66,bandwidth_monster,0,READ,0x580000,262144
67,bandwidth_monster,0,READ,0x5c0000,262144
70,bandwidth_monster,0,WRITE,0x600000,262144
75,bandwidth_monster,0,WRITE,0x640000,262144
76,bandwidth_monster,0,READ,0x680000,262144
77,victim1,1,READ,0x10000001000,4096
77,victim3,3,READ,0x30000001000,4096
79,bandwidth_monster,0,WRITE,0x6c0000,262144
80,victim2,2,READ,0x20000001000,4096
81,bandwidth_monster,0,READ,0x700000,262144
83,bandwidth_monster,0,READ,0x740000,262144
86,bandwidth_monster,0,READ,0x780000,262144
89,bandwidth_monster,0,WRITE,0x7c0000,262144
90,bandwidth_monster,0,READ,0x800000,262144
93,bandwidth_monster,0,WRITE,0x840000,262144
97,bandwidth_monster,0,WRITE,0x880000,262144
102,bandwidth_monster,0,READ,0x8c0000,262144
103,victim3,3,READ,0x30000002000,4096
104,bandwidth_monster,0,WRITE,0x900000,262144
108,bandwidth_monster,0,WRITE,0x940000,262144
111,bandwidth_monster,0,WRITE,0x980000,262144
112,bandwidth_monster,0,WRITE,0x9c0000,262144
117,bandwidth_monster,0,READ,0xa00000,262144
118,bandwidth_monster,0,WRITE,0xa40000,262144
122,victim1,1,WRITE,0x10000002000,4096
123,bandwidth_monster,0,READ,0xa80000,262144
128,bandwidth_monster,0,READ,0xac0000,262144
129,bandwidth_monster,0,READ,0xb00000,262144
130,victim2,2,READ,0x20000002000,4096
133,bandwidth_monster,0,READ,0xb40000,262144
136,bandwidth_monster,0,WRITE,0xb80000,262144
141,bandwidth_monster,0,WRITE,0xbc0000,262144
145,bandwidth_monster,0,WRITE,0xc00000,262144
147,bandwidth_monster,0,WRITE,0xc40000,262144
151,bandwidth_monster,0,READ,0xc80000,262144
151,victim2,2,READ,0x20000003000,4096
156,bandwidth_monster,0,READ,0xcc0000,262144
156,victim3,3,READ,0x30000003000,4096
159,bandwidth_monster,0,WRITE,0xd00000,262144
159,victim1,1,READ,0x10000003000,4096
164,bandwidth_monster,0,WRITE,0xd40000,262144
167,bandwidth_monster,0,WRITE,0xd80000,262144
171,bandwidth_monster,0,WRITE,0xdc0000,262144
172,victim2,2,READ,0x20000004000,4096
175,bandwidth_monster,0,WRITE,0xe00000,262144
179,bandwidth_monster,0,WRITE,0xe40000,262144
181,bandwidth_monster,0,READ,0xe80000,262144
186,bandwidth_monster,0,WRITE,0xec0000,262144
190,bandwidth_monster,0,WRITE,0xf00000,262144
192,bandwidth_monster,0,WRITE,0xf40000,262144
193,victim1,1,READ,0x10000004000,4096
194,bandwidth_monster,0,WRITE,0xf80000,262144
198,bandwidth_monster,0,WRITE,0xfc0000,262144
200,bandwidth_monster,0,WRITE,0x1000000,262144
201,bandwidth_monster,0,READ,0x1040000,262144
204,bandwidth_monster,0,READ,0x1080000,262144
207,victim3,3,READ,0x30000004000,4096
208,bandwidth_monster,0,WRITE,0x10c0000,262144
208,victim2,2,READ,0x20000005000,4096
211,bandwidth_monster,0,WRITE,0x1100000,262144
216,bandwidth_monster,0,READ,0x1140000,262144
217,bandwidth_monster,0,WRITE,0x1180000,262144
220,victim1,1,READ,0x10000005000,4096
222,bandwidth_monster,0,WRITE,0x11c0000,262144
224,bandwidth_monster,0,WRITE,0x1200000,262144
226,bandwidth_monster,0,WRITE,0x1240000,262144
229,bandwidth_monster,0,READ,0x1280000,262144
230,bandwidth_monster,0,WRITE,0x12c0000,262144
231,bandwidth_monster,0,WRITE,0x1300000,262144
232,bandwidth_monster,0,WRITE,0x1340000,262144
237,bandwidth_monster,0,WRITE,0x1380000,262144
242,bandwidth_monster,0,READ,0x13c0000,262144
246,bandwidth_monster,0,READ,0x1400000,262144
249,bandwidth_monster,0,READ,0x1440000,262144
251,bandwidth_monster,0,READ,0x1480000,262144
252,victim1,1,READ,0x10000006000,4096
254,bandwidth_monster,0,READ,0x14c0000,262144
256,bandwidth_monster,0,WRITE,0x1500000,262144
257,bandwidth_monster,0,WRITE,0x1540000,262144
258,bandwidth_monster,0,READ,0x1580000,262144
260,bandwidth_monster,0,WRITE,0x15c0000,262144
261,victim3,3,READ,0x30000005000,4096
262,bandwidth_monster,0,READ,0x1600000,262144
263,victim2,2,READ,0x20000006000,4096
265,bandwidth_monster,0,READ,0x1640000,262144
266,bandwidth_monster,0,WRITE,0x1680000,262144
270,bandwidth_monster,0,WRITE,0x16c0000,262144
272,bandwidth_monster,0,WRITE,0x1700000,262144
272,victim1,1,READ,0x10000007000,4096
275,bandwidth_monster,0,WRITE,0x1740000,262144
278,bandwidth_monster,0,READ,0x1780000,262144
281,bandwidth_monster,0,READ,0x17c0000,262144
284,bandwidth_monster,0,READ,0x1800000,262144
288,bandwidth_monster,0,WRITE,0x1840000,262144
290,victim3,3,READ,0x30000006000,4096
293,bandwidth_monster,0,WRITE,0x1880000,262144
294,bandwidth_monster,0,WRITE,0x18c0000,262144
296,victim1,1,READ,0x10000008000,4096
297,bandwidth_monster,0,WRITE,0x1900000,262144
302,bandwidth_monster,0,READ,0x1940000,262144
305,bandwidth_monster,0,WRITE,0x1980000,262144
307,bandwidth_monster,0,WRITE,0x19c0000,262144
309,bandwidth_monster,0,WRITE,0x1a00000,262144
312,bandwidth_monster,0,WRITE,0x1a40000,262144
314,bandwidth_monster,0,READ,0x1a80000,262144
316,victim2,2,READ,0x20000007000,4096
319,bandwidth_monster,0,WRITE,0x1ac0000,262144
324,bandwidth_monster,0,WRITE,0x1b00000,262144
326,bandwidth_monster,0,READ,0x1b40000,262144
327,victim3,3,READ,0x30000007000,4096
328,bandwidth_monster,0,WRITE,0x1b80000,262144
331,bandwidth_monster,0,READ,0x1bc0000,262144
333,bandwidth_monster,0,WRITE,0x1c00000,262144
333,victim1,1,READ,0x10000009000,4096
335,bandwidth_monster,0,WRITE,0x1c40000,262144
337,bandwidth_monster,0,READ,0x1c80000,262144
338,bandwidth_monster,0,READ,0x1cc0000,262144
342,bandwidth_monster,0,WRITE,0x1d00000,262144
346,bandwidth_monster,0,READ,0x1d40000,262144
349,bandwidth_monster,0,WRITE,0x1d80000,262144
353,bandwidth_monster,0,READ,0x1dc0000,262144
354,victim2,2,READ,0x20000008000,4096
358,bandwidth_monster,0,READ,0x1e00000,262144
363,bandwidth_monster,0,WRITE,0x1e40000,262144
364,bandwidth_monster,0,WRITE,0x1e80000,262144
366,bandwidth_monster,0,WRITE,0x1ec0000,262144
371,bandwidth_monster,0,WRITE,0x1f00000,262144
375,bandwidth_monster,0,WRITE,0x1f40000,262144
375,victim1,1,READ,0x1000000a000,4096
376,bandwidth_monster,0,WRITE,0x1f80000,262144
378,bandwidth_monster,0,WRITE,0x1fc0000,262144
378,victim3,3,READ,0x30000008000,4096
380,bandwidth_monster,0,WRITE,0x2000000,262144
385,bandwidth_monster,0,READ,0x2040000,262144
386,bandwidth_monster,0,WRITE,0x2080000,262144
388,bandwidth_monster,0,WRITE,0x20c0000,262144
390,bandwidth_monster,0,WRITE,0x2100000,262144
395,bandwidth_monster,0,WRITE,0x2140000,262144
398,bandwidth_monster,0,WRITE,0x2180000,262144
398,victim3,3,READ,0x30000009000,4096
400,bandwidth_monster,0,WRITE,0x21c0000,262144
402,bandwidth_monster,0,READ,0x2200000,262144
402,victim2,2,READ,0x20000009000,4096
406,bandwidth_monster,0,WRITE,0x2240000,262144
408,bandwidth_monster,0,WRITE,0x2280000,262144
409,bandwidth_monster,0,WRITE,0x22c0000,262144
414,bandwidth_monster,0,WRITE,0x2300000,262144
417,bandwidth_monster,0,WRITE,0x2340000,262144
419,bandwidth_monster,0,WRITE,0x2380000,262144
423,bandwidth_monster,0,READ,0x23c0000,262144
425,bandwidth_monster,0,READ,0x2400000,262144
429,bandwidth_monster,0,WRITE,0x2440000,262144
430,bandwidth_monster,0,WRITE,0x2480000,262144
431,victim1,1,READ,0x1000000b000,4096
433,bandwidth_monster,0,WRITE,0x24c0000,262144
438,bandwidth_monster,0,WRITE,0x2500000,262144
442,bandwidth_monster,0,WRITE,0x2540000,262144
442,victim2,2,WRITE,0x2000000a000,4096
443,bandwidth_monster,0,READ,0x2580000,262144
444,bandwidth_monster,0,WRITE,0x25c0000,262144
444,victim3,3,READ,0x3000000a000,4096
447,bandwidth_monster,0,READ,0x2600000,262144
452,bandwidth_monster,0,READ,0x2640000,262144
455,bandwidth_monster,0,READ,0x2680000,262144
457,bandwidth_monster,0,WRITE,0x26c0000,262144
461,bandwidth_monster,0,WRITE,0x2700000,262144
463,bandwidth_monster,0,READ,0x2740000,262144
468,bandwidth_monster,0,WRITE,0x2780000,262144
470,bandwidth_monster,0,WRITE,0x27c0000,262144
471,bandwidth_monster,0,WRITE,0x2800000,262144
472,victim1,1,READ,0x1000000c000,4096
476,bandwidth_monster,0,WRITE,0x2840000,262144
480,bandwidth_monster,0,WRITE,0x2880000,262144
483,bandwidth_monster,0,WRITE,0x28c0000,262144
485,bandwidth_monster,0,WRITE,0x2900000,262144
488,bandwidth_monster,0,READ,0x2940000,262144
488,victim3,3,READ,0x3000000b000,4096
489,bandwidth_monster,0,READ,0x2980000,262144
490,bandwidth_monster,0,WRITE,0x29c0000,262144
494,bandwidth_monster,0,WRITE,0x2a00000,262144
498,bandwidth_monster,0,WRITE,0x2a40000,262144
498,victim1,1,READ,0x1000000d000,4096
498,victim2,2,READ,0x2000000b000,4096
502,bandwidth_monster,0,READ,0x2a80000,262144
504,bandwidth_monster,0,WRITE,0x2ac0000,262144
505,bandwidth_monster,0,WRITE,0x2b00000,262144
510,bandwidth_monster,0,READ,0x2b40000,262144
515,bandwidth_monster,0,READ,0x2b80000,262144
516,victim3,3,READ,0x3000000c000,4096
519,bandwidth_monster,0,WRITE,0x2bc0000,262144
523,bandwidth_monster,0,WRITE,0x2c00000,262144
527,bandwidth_monster,0,WRITE,0x2c40000,262144
527,victim2,2,READ,0x2000000c000,4096
528,bandwidth_monster,0,READ,0x2c80000,262144
533,bandwidth_monster,0,WRITE,0x2cc0000,262144
538,bandwidth_monster,0,READ,0x2d00000,262144
540,bandwidth_monster,0,WRITE,0x2d40000,262144
542,bandwidth_monster,0,READ,0x2d80000,262144
546,bandwidth_monster,0,WRITE,0x2dc0000,262144
548,bandwidth_monster,0,WRITE,0x2e00000,262144
550,victim1,1,READ,0x1000000e000,4096
552,bandwidth_monster,0,READ,0x2e40000,262144
556,bandwidth_monster,0,WRITE,0x2e80000,262144
560,bandwidth_monster,0,WRITE,0x2ec0000,262144
562,bandwidth_monster,0,WRITE,0x2f00000,262144
567,bandwidth_monster,0,WRITE,0x2f40000,262144
568,bandwidth_monster,0,WRITE,0x2f80000,262144
568,victim3,3,READ,0x3000000d000,4096
573,bandwidth_monster,0,READ,0x2fc0000,262144
574,victim2,2,READ,0x2000000d000,4096
578,bandwidth_monster,0,WRITE,0x3000000,262144
579,bandwidth_monster,0,WRITE,0x3040000,262144
580,bandwidth_monster,0,WRITE,0x3080000,262144
582,bandwidth_monster,0,WRITE,0x30c0000,262144
586,bandwidth_monster,0,WRITE,0x3100000,262144
589,bandwidth_monster,0,WRITE,0x3140000,262144
590,bandwidth_monster,0,WRITE,0x3180000,262144
592,bandwidth_monster,0,WRITE,0x31c0000,262144
594,bandwidth_monster,0,READ,0x3200000,262144
598,bandwidth_monster,0,WRITE,0x3240000,262144
602,bandwidth_monster,0,WRITE,0x3280000,262144
607,bandwidth_monster,0,WRITE,0x32c0000,262144
608,victim1,1,READ,0x1000000f000,4096
609,bandwidth_monster,0,READ,0x3300000,262144
612,bandwidth_monster,0,WRITE,0x3340000,262144
617,bandwidth_monster,0,WRITE,0x3380000,262144
621,bandwidth_monster,0,WRITE,0x33c0000,262144
623,victim2,2,READ,0x2000000e000,4096
624,bandwidth_monster,0,WRITE,0x3400000,262144
626,victim3,3,READ,0x3000000e000,4096
627,bandwidth_monster,0,WRITE,0x3440000,262144
632,bandwidth_monster,0,WRITE,0x3480000,262144
636,bandwidth_monster,0,WRITE,0x34c0000,262144
638,bandwidth_monster,0,WRITE,0x3500000,262144
641,bandwidth_monster,0,WRITE,0x3540000,262144
643,bandwidth_monster,0,READ,0x3580000,262144
647,bandwidth_monster,0,WRITE,0x35c0000,262144
647,victim2,2,READ,0x2000000f000,4096
649,bandwidth_monster,0,WRITE,0x3600000,262144
651,bandwidth_monster,0,READ,0x3640000,262144
652,bandwidth_monster,0,WRITE,0x3680000,262144
654,bandwidth_monster,0,WRITE,0x36c0000,262144
659,bandwidth_monster,0,WRITE,0x3700000,262144
660,bandwidth_monster,0,READ,0x3740000,262144
664,bandwidth_monster,0,WRITE,0x3780000,262144
667,victim1,1,READ,0x10000010000,4096
669,bandwidth_monster,0,WRITE,0x37c0000,262144
673,bandwidth_monster,0,READ,0x3800000,262144
674,bandwidth_monster,0,READ,0x3840000,262144
676,bandwidth_monster,0,WRITE,0x3880000,262144
680,victim3,3,WRITE,0x3000000f000,4096
681,bandwidth_monster,0,WRITE,0x38c0000,262144
686,bandwidth_monster,0,WRITE,0x3900000,262144
688,bandwidth_monster,0,READ,0x3940000,262144
692,bandwidth_monster,0,WRITE,0x3980000,262144
696,bandwidth_monster,0,WRITE,0x39c0000,262144
698,bandwidth_monster,0,WRITE,0x3a00000,262144
700,bandwidth_monster,0,WRITE,0x3a40000,262144
701,bandwidth_monster,0,WRITE,0x3a80000,262144
705,bandwidth_monster,0,WRITE,0x3ac0000,262144
707,victim2,2,READ,0x20000010000,4096
708,victim1,1,READ,0x10000011000,4096
710,bandwidth_monster,0,WRITE,0x3b00000,262144
713,bandwidth_monster,0,WRITE,0x3b40000,262144
714,bandwidth_monster,0,READ,0x3b80000,262144
715,bandwidth_monster,0,WRITE,0x3bc0000,262144
717,bandwidth_monster,0,WRITE,0x3c00000,262144
718,bandwidth_monster,0,READ,0x3c40000,262144
719,bandwidth_monster,0,WRITE,0x3c80000,262144
724,bandwidth_monster,0,READ,0x3cc0000,262144
727,bandwidth_monster,0,WRITE,0x3d00000,262144
730,bandwidth_monster,0,WRITE,0x3d40000,262144
732,bandwidth_monster,0,READ,0x3d80000,262144
734,bandwidth_monster,0,WRITE,0x3dc0000,262144
736,bandwidth_monster,0,WRITE,0x3e00000,262144
739,victim3,3,READ,0x30000010000,4096
741,bandwidth_monster,0,WRITE,0x3e40000,262144
746,bandwidth_monster,0,WRITE,0x3e80000,262144
748,bandwidth_monster,0,WRITE,0x3ec0000,262144
748,victim1,1,READ,0x10000012000,4096
751,bandwidth_monster,0,READ,0x3f00000,262144
753,bandwidth_monster,0,READ,0x3f40000,262144
758,bandwidth_monster,0,READ,0x3f80000,262144
759,bandwidth_monster,0,READ,0x3fc0000,262144
762,victim2,2,READ,0x20000011000,4096
764,bandwidth_monster,0,READ,0x4000000,262144
769,bandwidth_monster,0,WRITE,0x4040000,262144
770,bandwidth_monster,0,WRITE,0x4080000,262144
771,victim1,1,READ,0x10000013000,4096
775,bandwidth_monster,0,READ,0x40c0000,262144
776,bandwidth_monster,0,WRITE,0x4100000,262144
779,bandwidth_monster,0,READ,0x4140000,262144
780,victim3,3,READ,0x30000011000,4096
783,bandwidth_monster,0,READ,0x4180000,262144
785,bandwidth_monster,0,WRITE,0x41c0000,262144
787,bandwidth_monster,0,WRITE,0x4200000,262144
789,bandwidth_monster,0,WRITE,0x4240000,262144
792,bandwidth_monster,0,WRITE,0x4280000,262144
794,bandwidth_monster,0,WRITE,0x42c0000,262144
795,bandwidth_monster,0,READ,0x4300000,262144
797,bandwidth_monster,0,WRITE,0x4340000,262144
799,bandwidth_monster,0,WRITE,0x4380000,262144
802,bandwidth_monster,0,READ,0x43c0000,262144
802,victim3,3,READ,0x30000012000,4096
807,bandwidth_monster,0,WRITE,0x4400000,262144
810,bandwidth_monster,0,WRITE,0x4440000,262144
811,bandwidth_monster,0,WRITE,0x4480000,262144
813,bandwidth_monster,0,WRITE,0x44c0000,262144
815,bandwidth_monster,0,READ,0x4500000,262144
818,victim2,2,READ,0x20000012000,4096
819,bandwidth_monster,0,WRITE,0x4540000,262144
824,bandwidth_monster,0,READ,0x4580000,262144
828,victim1,1,READ,0x10000014000,4096
829,bandwidth_monster,0,READ,0x45c0000,262144
832,bandwidth_monster,0,WRITE,0x4600000,262144
835,bandwidth_monster,0,WRITE,0x4640000,262144
840,bandwidth_monster,0,WRITE,0x4680000,262144
841,bandwidth_monster,0,READ,0x46c0000,262144
843,bandwidth_monster,0,WRITE,0x4700000,262144
846,bandwidth_monster,0,READ,0x4740000,262144
848,bandwidth_monster,0,READ,0x4780000,262144
851,bandwidth_monster,0,WRITE,0x47c0000,262144
853,bandwidth_monster,0,WRITE,0x4800000,262144
858,bandwidth_monster,0,WRITE,0x4840000,262144
861,victim3,3,WRITE,0x30000013000,4096
862,bandwidth_monster,0,READ,0x4880000,262144
864,bandwidth_monster,0,READ,0x48c0000,262144
866,bandwidth_monster,0,READ,0x4900000,262144
871,bandwidth_monster,0,WRITE,0x4940000,262144
871,victim2,2,READ,0x20000013000,4096
875,bandwidth_monster,0,READ,0x4980000,262144
877,bandwidth_monster,0,READ,0x49c0000,262144
877,victim1,1,READ,0x10000015000,4096
881,bandwidth_monster,0,READ,0x4a00000,262144
882,bandwidth_monster,0,READ,0x4a40000,262144
886,bandwidth_monster,0,WRITE,0x4a80000,262144
889,bandwidth_monster,0,WRITE,0x4ac0000,262144
891,victim2,2,READ,0x20000014000,4096
893,bandwidth_monster,0,WRITE,0x4b00000,262144
896,bandwidth_monster,0,READ,0x4b40000,262144
898,victim1,1,WRITE,0x10000016000,4096
901,bandwidth_monster,0,READ,0x4b80000,262144
903,bandwidth_monster,0,WRITE,0x4bc0000,262144
905,bandwidth_monster,0,READ,0x4c00000,262144
906,bandwidth_monster,0,WRITE,0x4c40000,262144
910,bandwidth_monster,0,WRITE,0x4c80000,262144
911,bandwidth_monster,0,WRITE,0x4cc0000,262144
913,victim3,3,READ,0x30000014000,4096
915,bandwidth_monster,0,WRITE,0x4d00000,262144
919,bandwidth_monster,0,WRITE,0x4d40000,262144
924,bandwidth_monster,0,READ,0x4d80000,262144
924,victim1,1,READ,0x10000017000,4096
928,bandwidth_monster,0,WRITE,0x4dc0000,262144
928,victim2,2,READ,0x20000015000,4096
929,bandwidth_monster,0,WRITE,0x4e00000,262144
932,bandwidth_monster,0,READ,0x4e40000,262144
936,bandwidth_monster,0,READ,0x4e80000,262144
938,bandwidth_monster,0,WRITE,0x4ec0000,262144
940,victim3,3,WRITE,0x30000015000,4096
941,bandwidth_monster,0,WRITE,0x4f00000,262144
945,bandwidth_monster,0,WRITE,0x4f40000,262144
949,bandwidth_monster,0,WRITE,0x4f80000,262144
952,bandwidth_monster,0,WRITE,0x4fc0000,262144
954,bandwidth_monster,0,WRITE,0x5000000,262144
955,bandwidth_monster,0,WRITE,0x5040000,262144
956,bandwidth_monster,0,WRITE,0x5080000,262144
961,bandwidth_monster,0,WRITE,0x50c0000,262144
964,victim1,1,READ,0x10000018000,4096
966,bandwidth_monster,0,WRITE,0x5100000,262144
967,bandwidth_monster,0,WRITE,0x5140000,262144
971,bandwidth_monster,0,READ,0x5180000,262144
975,bandwidth_monster,0,WRITE,0x51c0000,262144
979,bandwidth_monster,0,WRITE,0x5200000,262144
979,victim3,3,READ,0x30000016000,4096
981,bandwidth_monster,0,WRITE,0x5240000,262144
985,bandwidth_monster,0,READ,0x5280000,262144
986,victim2,2,READ,0x20000016000,4096
989,bandwidth_monster,0,WRITE,0x52c0000,262144
990,bandwidth_monster,0,WRITE,0x5300000,262144
994,bandwidth_monster,0,WRITE,0x5340000,262144
999,bandwidth_monster,0,WRITE,0x5380000,262144
1002,bandwidth_monster,0,WRITE,0x53c0000,262144
1002,victim3,3,READ,0x30000017000,4096
1005,bandwidth_monster,0,WRITE,0x5400000,262144
1006,bandwidth_monster,0,READ,0x5440000,262144
1007,victim1,1,READ,0x10000019000,4096
1008,bandwidth_monster,0,WRITE,0x5480000,262144
1010,bandwidth_monster,0,WRITE,0x54c0000,262144
1012,bandwidth_monster,0,READ,0x5500000,262144
1015,bandwidth_monster,0,READ,0x5540000,262144
1019,bandwidth_monster,0,WRITE,0x5580000,262144
1023,bandwidth_monster,0,WRITE,0x55c0000,262144
1024,bandwidth_monster,0,READ,0x5600000,262144
1024,victim3,3,WRITE,0x30000018000,4096
1029,bandwidth_monster,0,WRITE,0x5640000,262144
1030,bandwidth_monster,0,WRITE,0x5680000,262144
1033,bandwidth_monster,0,WRITE,0x56c0000,262144
1035,victim2,2,WRITE,0x20000017000,4096
1036,bandwidth_monster,0,WRITE,0x5700000,262144
1037,bandwidth_monster,0,WRITE,0x5740000,262144
1041,bandwidth_monster,0,WRITE,0x5780000,262144
1041,victim1,1,READ,0x1000001a000,4096
1044,bandwidth_monster,0,WRITE,0x57c0000,262144
1047,bandwidth_monster,0,WRITE,0x5800000,262144
1049,victim3,3,READ,0x30000019000,4096
1052,bandwidth_monster,0,WRITE,0x5840000,262144
1057,bandwidth_monster,0,READ,0x5880000,262144
1060,bandwidth_monster,0,WRITE,0x58c0000,262144
1065,bandwidth_monster,0,WRITE,0x5900000,262144
1065,victim1,1,READ,0x1000001b000,4096
1069,bandwidth_monster,0,WRITE,0x5940000,262144
1071,bandwidth_monster,0,WRITE,0x5980000,262144
1074,bandwidth_monster,0,WRITE,0x59c0000,262144
1078,bandwidth_monster,0,READ,0x5a00000,262144
1079,bandwidth_monster,0,WRITE,0x5a40000,262144
1082,bandwidth_monster,0,READ,0x5a80000,262144
1085,bandwidth_monster,0,READ,0x5ac0000,262144
1089,bandwidth_monster,0,WRITE,0x5b00000,262144
1092,bandwidth_monster,0,WRITE,0x5b40000,262144
1094,victim2,2,READ,0x20000018000,4096
1097,bandwidth_monster,0,READ,0x5b80000,262144
1100,bandwidth_monster,0,WRITE,0x5bc0000,262144
1104,bandwidth_monster,0,WRITE,0x5c00000,262144
1104,victim3,3,READ,0x3000001a000,4096
1109,bandwidth_monster,0,WRITE,0x5c40000,262144
1113,bandwidth_monster,0,WRITE,0x5c80000,262144
1114,victim1,1,READ,0x1000001c000,4096
1117,bandwidth_monster,0,WRITE,0x5cc0000,262144
1119,bandwidth_monster,0,WRITE,0x5d00000,262144
1122,bandwidth_monster,0,WRITE,0x5d40000,262144
1123,bandwidth_monster,0,WRITE,0x5d80000,262144
1127,bandwidth_monster,0,READ,0x5dc0000,262144
1129,victim3,3,READ,0x3000001b000,4096
1130,bandwidth_monster,0,WRITE,0x5e00000,262144
1134,bandwidth_monster,0,WRITE,0x5e40000,262144
1136,bandwidth_monster,0,WRITE,0x5e80000,262144
1141,bandwidth_monster,0,WRITE,0x5ec0000,262144
1142,bandwidth_monster,0,WRITE,0x5f00000,262144
1144,bandwidth_monster,0,WRITE,0x5f40000,262144
1146,victim2,2,READ,0x20000019000,4096
1147,bandwidth_monster,0,WRITE,0x5f80000,262144
1148,bandwidth_monster,0,WRITE,0x5fc0000,262144
1153,bandwidth_monster,0,WRITE,0x6000000,262144
1157,bandwidth_monster,0,WRITE,0x6040000,262144
1161,bandwidth_monster,0,WRITE,0x6080000,262144
1161,victim1,1,READ,0x1000001d000,4096
1166,bandwidth_monster,0,WRITE,0x60c0000,262144
1167,bandwidth_monster,0,WRITE,0x6100000,262144
1169,bandwidth_monster,0,WRITE,0x6140000,262144
1173,bandwidth_monster,0,WRITE,0x6180000,262144
1176,victim2,2,READ,0x2000001a000,4096
1177,bandwidth_monster,0,WRITE,0x61c0000,262144
1181,bandwidth_monster,0,WRITE,0x6200000,262144
1182,bandwidth_monster,0,WRITE,0x6240000,262144
1183,bandwidth_monster,0,READ,0x6280000,262144
1184,bandwidth_monster,0,WRITE,0x62c0000,262144
1187,victim3,3,READ,0x3000001c000,4096
1189,bandwidth_monster,0,READ,0x6300000,262144
1190,bandwidth_monster,0,READ,0x6340000,262144
1191,bandwidth_monster,0,WRITE,0x6380000,262144
1194,bandwidth_monster,0,WRITE,0x63c0000,262144
1195,bandwidth_monster,0,WRITE,0x6400000,262144
1199,bandwidth_monster,0,READ,0x6440000,262144
1202,bandwidth_monster,0,WRITE,0x6480000,262144
1205,bandwidth_monster,0,READ,0x64c0000,262144
1206,bandwidth_monster,0,WRITE,0x6500000,262144
1208,bandwidth_monster,0,WRITE,0x6540000,262144
1210,bandwidth_monster,0,WRITE,0x6580000,262144
1210,victim1,1,READ,0x1000001e000,4096
1212,bandwidth_monster,0,WRITE,0x65c0000,262144
1215,bandwidth_monster,0,READ,0x6600000,262144
1218,bandwidth_monster,0,WRITE,0x6640000,262144
1221,victim2,2,READ,0x2000001b000,4096
1223,bandwidth_monster,0,WRITE,0x6680000,262144
1224,bandwidth_monster,0,WRITE,0x66c0000,262144
1229,bandwidth_monster,0,READ,0x6700000,262144
1231,bandwidth_monster,0,WRITE,0x6740000,262144
1231,victim1,1,READ,0x1000001f000,4096
1232,bandwidth_monster,0,READ,0x6780000,262144
1236,bandwidth_monster,0,WRITE,0x67c0000,262144
1238,bandwidth_monster,0,WRITE,0x6800000,262144
1241,bandwidth_monster,0,WRITE,0x6840000,262144
1246,bandwidth_monster,0,WRITE,0x6880000,262144
1247,victim3,3,READ,0x3000001d000,4096
1249,bandwidth_monster,0,WRITE,0x68c0000,262144
1252,bandwidth_monster,0,WRITE,0x6900000,262144
1254,bandwidth_monster,0,WRITE,0x6940000,262144
1259,bandwidth_monster,0,READ,0x6980000,262144
1262,victim2,2,READ,0x2000001c000,4096
1263,bandwidth_monster,0,WRITE,0x69c0000,262144
1263,victim1,1,READ,0x10000020000,4096
1268,bandwidth_monster,0,WRITE,0x6a00000,262144
1269,bandwidth_monster,0,WRITE,0x6a40000,262144
1270,bandwidth_monster,0,WRITE,0x6a80000,262144
1271,bandwidth_monster,0,WRITE,0x6ac0000,262144
1274,bandwidth_monster,0,WRITE,0x6b00000,262144
1279,bandwidth_monster,0,WRITE,0x6b40000,262144
1282,bandwidth_monster,0,WRITE,0x6b80000,262144
1283,bandwidth_monster,0,WRITE,0x6bc0000,262144
1286,bandwidth_monster,0,WRITE,0x6c00000,262144
1291,bandwidth_monster,0,WRITE,0x6c40000,262144
1295,victim3,3,READ,0x3000001e000,4096
1296,bandwidth_monster,0,READ,0x6c80000,262144
1299,bandwidth_monster,0,WRITE,0x6cc0000,262144
1299,victim1,1,READ,0x10000021000,4096
1300,bandwidth_monster,0,WRITE,0x6d00000,262144
1301,bandwidth_monster,0,WRITE,0x6d40000,262144
1303,bandwidth_monster,0,WRITE,0x6d80000,262144
1305,bandwidth_monster,0,WRITE,0x6dc0000,262144
1310,bandwidth_monster,0,WRITE,0x6e00000,262144
1311,bandwidth_monster,0,READ,0x6e40000,262144
1315,bandwidth_monster,0,WRITE,0x6e80000,262144
1318,bandwidth_monster,0,READ,0x6ec0000,262144
1319,victim2,2,READ,0x2000001d000,4096
1322,bandwidth_monster,0,WRITE,0x6f00000,262144
1326,bandwidth_monster,0,WRITE,0x6f40000,262144
1327,bandwidth_monster,0,READ,0x6f80000,262144
1332,bandwidth_monster,0,WRITE,0x6fc0000,262144
1335,bandwidth_monster,0,WRITE,0x7000000,262144
1340,bandwidth_monster,0,WRITE,0x7040000,262144
1341,victim1,1,READ,0x10000022000,4096
1342,bandwidth_monster,0,WRITE,0x7080000,262144
1346,bandwidth_monster,0,WRITE,0x70c0000,262144
1347,bandwidth_monster,0,WRITE,0x7100000,262144
1348,bandwidth_monster,0,READ,0x7140000,262144
1349,victim3,3,READ,0x3000001f000,4096
1350,bandwidth_monster,0,WRITE,0x7180000,262144
1354,bandwidth_monster,0,WRITE,0x71c0000,262144
1359,bandwidth_monster,0,WRITE,0x7200000,262144
1361,victim1,1,READ,0x10000023000,4096
1363,bandwidth_monster,0,WRITE,0x7240000,262144
1364,bandwidth_monster,0,WRITE,0x7280000,262144
1369,bandwidth_monster,0,WRITE,0x72c0000,262144
1373,bandwidth_monster,0,WRITE,0x7300000,262144
1376,bandwidth_monster,0,WRITE,0x7340000,262144
1376,victim2,2,READ,0x2000001e000,4096
1377,bandwidth_monster,0,WRITE,0x7380000,262144
1379,bandwidth_monster,0,WRITE,0x73c0000,262144
1379,victim3,3,READ,0x30000020000,4096
1383,bandwidth_monster,0,WRITE,0x7400000,262144
1384,bandwidth_monster,0,WRITE,0x7440000,262144
1386,bandwidth_monster,0,WRITE,0x7480000,262144
1388,bandwidth_monster,0,WRITE,0x74c0000,262144
1390,victim1,1,READ,0x10000024000,4096
1392,bandwidth_monster,0,WRITE,0x7500000,262144
1397,bandwidth_monster,0,READ,0x7540000,262144
1399,bandwidth_monster,0,READ,0x7580000,262144
1401,bandwidth_monster,0,READ,0x75c0000,262144
1402,bandwidth_monster,0,WRITE,0x7600000,262144
1407,bandwidth_monster,0,WRITE,0x7640000,262144
1411,bandwidth_monster,0,WRITE,0x7680000,262144
1411,victim3,3,READ,0x30000021000,4096
1412,bandwidth_monster,0,WRITE,0x76c0000,262144
1414,bandwidth_monster,0,WRITE,0x7700000,262144
1414,victim2,2,READ,0x2000001f000,4096
1419,bandwidth_monster,0,WRITE,0x7740000,262144
1421,victim1,1,READ,0x10000025000,4096
1422,bandwidth_monster,0,WRITE,0x7780000,262144
1425,bandwidth_monster,0,READ,0x77c0000,262144
1430,bandwidth_monster,0,WRITE,0x7800000,262144
1431,victim3,3,READ,0x30000022000,4096
1433,bandwidth_monster,0,WRITE,0x7840000,262144
1435,bandwidth_monster,0,READ,0x7880000,262144
1439,bandwidth_monster,0,WRITE,0x78c0000,262144
1442,bandwidth_monster,0,READ,0x7900000,262144
1443,bandwidth_monster,0,WRITE,0x7940000,262144
1443,victim2,2,READ,0x20000020000,4096
1447,bandwidth_monster,0,READ,0x7980000,262144
1450,bandwidth_monster,0,WRITE,0x79c0000,262144
1451,bandwidth_monster,0,WRITE,0x7a00000,262144
1456,bandwidth_monster,0,WRITE,0x7a40000,262144
1457,victim3,3,READ,0x30000023000,4096
1459,bandwidth_monster,0,WRITE,0x7a80000,262144
1464,bandwidth_monster,0,WRITE,0x7ac0000,262144
1468,bandwidth_monster,0,WRITE,0x7b00000,262144
1469,victim2,2,READ,0x20000021000,4096
1472,bandwidth_monster,0,WRITE,0x7b40000,262144
1477,bandwidth_monster,0,WRITE,0x7b80000,262144
1477,victim1,1,READ,0x10000026000,4096
1479,bandwidth_monster,0,READ,0x7bc0000,262144
1482,bandwidth_monster,0,WRITE,0x7c00000,262144
1487,bandwidth_monster,0,WRITE,0x7c40000,262144
1491,bandwidth_monster,0,WRITE,0x7c80000,262144
1494,bandwidth_monster,0,WRITE,0x7cc0000,262144
1496,victim2,2,READ,0x20000022000,4096
1498,bandwidth_monster,0,WRITE,0x7d00000,262144
1499,bandwidth_monster,0,WRITE,0x7d40000,262144
1503,bandwidth_monster,0,WRITE,0x7d80000,262144
1506,bandwidth_monster,0,READ,0x7dc0000,262144
1508,bandwidth_monster,0,WRITE,0x7e00000,262144
1511,bandwidth_monster,0,READ,0x7e40000,262144
1514,bandwidth_monster,0,WRITE,0x7e80000,262144
1515,bandwidth_monster,0,READ,0x7ec0000,262144
1515,victim3,3,READ,0x30000024000,4096
1518,victim1,1,WRITE,0x10000027000,4096
1519,bandwidth_monster,0,READ,0x7f00000,262144
1522,bandwidth_monster,0,READ,0x7f40000,262144
1527,bandwidth_monster,0,READ,0x7f80000,262144
1532,bandwidth_monster,0,READ,0x7fc0000,262144
1533,bandwidth_monster,0,READ,0x8000000,262144
1536,bandwidth_monster,0,WRITE,0x8040000,262144
1540,bandwidth_monster,0,WRITE,0x8080000,262144
1542,bandwidth_monster,0,READ,0x80c0000,262144
1542,victim1,1,READ,0x10000028000,4096
1547,bandwidth_monster,0,WRITE,0x8100000,262144
1550,bandwidth_monster,0,WRITE,0x8140000,262144
1552,bandwidth_monster,0,WRITE,0x8180000,262144
1553,bandwidth_monster,0,READ,0x81c0000,262144
1556,victim2,2,READ,0x20000023000,4096
1558,bandwidth_monster,0,WRITE,0x8200000,262144
1561,bandwidth_monster,0,WRITE,0x8240000,262144
1566,bandwidth_monster,0,WRITE,0x8280000,262144
1569,bandwidth_monster,0,WRITE,0x82c0000,262144
1572,bandwidth_monster,0,WRITE,0x8300000,262144
1572,victim1,1,WRITE,0x10000029000,4096
1573,bandwidth_monster,0,WRITE,0x8340000,262144
1575,victim3,3,READ,0x30000025000,4096
1576,bandwidth_monster,0,WRITE,0x8380000,262144
1578,bandwidth_monster,0,WRITE,0x83c0000,262144
1580,bandwidth_monster,0,WRITE,0x8400000,262144
1582,bandwidth_monster,0,WRITE,0x8440000,262144
1585,victim2,2,WRITE,0x20000024000,4096
1586,bandwidth_monster,0,READ,0x8480000,262144
1588,bandwidth_monster,0,READ,0x84c0000,262144
1592,bandwidth_monster,0,WRITE,0x8500000,262144
1595,victim3,3,READ,0x30000026000,4096
1597,bandwidth_monster,0,WRITE,0x8540000,262144
1599,bandwidth_monster,0,WRITE,0x8580000,262144
1604,bandwidth_monster,0,WRITE,0x85c0000,262144
1606,victim1,1,READ,0x1000002a000,4096
1607,bandwidth_monster,0,READ,0x8600000,262144
1610,bandwidth_monster,0,WRITE,0x8640000,262144
1611,bandwidth_monster,0,WRITE,0x8680000,262144
1614,bandwidth_monster,0,WRITE,0x86c0000,262144
1615,bandwidth_monster,0,READ,0x8700000,262144
1616,bandwidth_monster,0,WRITE,0x8740000,262144
1621,bandwidth_monster,0,READ,0x8780000,262144
1622,bandwidth_monster,0,WRITE,0x87c0000,262144
1623,bandwidth_monster,0,WRITE,0x8800000,262144
1625,bandwidth_monster,0,READ,0x8840000,262144
1626,bandwidth_monster,0,READ,0x8880000,262144
1627,bandwidth_monster,0,WRITE,0x88c0000,262144
1629,bandwidth_monster,0,WRITE,0x8900000,262144
1630,victim3,3,READ,0x30000027000,4096
1631,bandwidth_monster,0,WRITE,0x8940000,262144
1632,bandwidth_monster,0,WRITE,0x8980000,262144
1635,bandwidth_monster,0,WRITE,0x89c0000,262144
1638,bandwidth_monster,0,READ,0x8a00000,262144
1640,victim2,2,READ,0x20000025000,4096
1643,bandwidth_monster,0,WRITE,0x8a40000,262144
1644,bandwidth_monster,0,WRITE,0x8a80000,262144
1646,bandwidth_monster,0,WRITE,0x8ac0000,262144
1650,bandwidth_monster,0,READ,0x8b00000,262144
1655,bandwidth_monster,0,WRITE,0x8b40000,262144
1656,bandwidth_monster,0,WRITE,0x8b80000,262144
1661,bandwidth_monster,0,READ,0x8bc0000,262144
1661,victim1,1,READ,0x1000002b000,4096
1662,bandwidth_monster,0,READ,0x8c00000,262144
1665,bandwidth_monster,0,WRITE,0x8c40000,262144
1667,bandwidth_monster,0,READ,0x8c80000,262144
1672,bandwidth_monster,0,WRITE,0x8cc0000,262144
1675,bandwidth_monster,0,WRITE,0x8d00000,262144
1678,bandwidth_monster,0,WRITE,0x8d40000,262144
1679,victim2,2,READ,0x20000026000,4096
1680,victim3,3,READ,0x30000028000,4096
1682,bandwidth_monster,0,WRITE,0x8d80000,262144
1686,bandwidth_monster,0,WRITE,0x8dc0000,262144
1688,bandwidth_monster,0,WRITE,0x8e00000,262144
1693,bandwidth_monster,0,WRITE,0x8e40000,262144
1696,bandwidth_monster,0,READ,0x8e80000,262144
1698,bandwidth_monster,0,WRITE,0x8ec0000,262144
1699,bandwidth_monster,0,WRITE,0x8f00000,262144
1700,bandwidth_monster,0,WRITE,0x8f40000,262144
1701,bandwidth_monster,0,WRITE,0x8f80000,262144
1705,bandwidth_monster,0,WRITE,0x8fc0000,262144
1708,bandwidth_monster,0,WRITE,0x9000000,262144
1709,victim1,1,READ,0x1000002c000,4096
1711,bandwidth_monster,0,READ,0x9040000,262144
1711,victim3,3,READ,0x30000029000,4096
1716,bandwidth_monster,0,READ,0x9080000,262144
1717,bandwidth_monster,0,READ,0x90c0000,262144
1720,bandwidth_monster,0,READ,0x9100000,262144
1723,bandwidth_monster,0,WRITE,0x9140000,262144
1725,victim2,2,READ,0x20000027000,4096
1728,bandwidth_monster,0,WRITE,0x9180000,262144
1729,bandwidth_monster,0,WRITE,0x91c0000,262144
1732,bandwidth_monster,0,READ,0x9200000,262144
1735,bandwidth_monster,0,READ,0x9240000,262144
1737,bandwidth_monster,0,WRITE,0x9280000,262144
1738,bandwidth_monster,0,WRITE,0x92c0000,262144
1740,bandwidth_monster,0,WRITE,0x9300000,262144
1743,bandwidth_monster,0,WRITE,0x9340000,262144
1745,bandwidth_monster,0,WRITE,0x9380000,262144
1746,bandwidth_monster,0,READ,0x93c0000,262144
1748,bandwidth_monster,0,WRITE,0x9400000,262144
1752,victim1,1,WRITE,0x1000002d000,4096
1752,victim3,3,WRITE,0x3000002a000,4096
1753,bandwidth_monster,0,READ,0x9440000,262144
1754,bandwidth_monster,0,WRITE,0x9480000,262144
1755,bandwidth_monster,0,WRITE,0x94c0000,262144
1756,bandwidth_monster,0,READ,0x9500000,262144
1759,bandwidth_monster,0,READ,0x9540000,262144
1763,bandwidth_monster,0,READ,0x9580000,262144
1766,bandwidth_monster,0,WRITE,0x95c0000,262144
1771,bandwidth_monster,0,WRITE,0x9600000,262144
1775,bandwidth_monster,0,WRITE,0x9640000,262144
1778,bandwidth_monster,0,WRITE,0x9680000,262144
1778,victim2,2,READ,0x20000028000,4096
1783,bandwidth_monster,0,WRITE,0x96c0000,262144
1784,bandwidth_monster,0,READ,0x9700000,262144
1788,bandwidth_monster,0,READ,0x9740000,262144
1793,bandwidth_monster,0,WRITE,0x9780000,262144
1795,victim1,1,READ,0x1000002e000,4096
1797,bandwidth_monster,0,WRITE,0x97c0000,262144
1801,bandwidth_monster,0,WRITE,0x9800000,262144
1802,bandwidth_monster,0,WRITE,0x9840000,262144
1803,victim3,3,READ,0x3000002b000,4096
1804,bandwidth_monster,0,WRITE,0x9880000,262144
1809,bandwidth_monster,0,WRITE,0x98c0000,262144
1811,bandwidth_monster,0,WRITE,0x9900000,262144
1812,bandwidth_monster,0,WRITE,0x9940000,262144
1815,bandwidth_monster,0,READ,0x9980000,262144
1816,bandwidth_monster,0,READ,0x99c0000,262144
1820,bandwidth_monster,0,READ,0x9a00000,262144
1824,bandwidth_monster,0,WRITE,0x9a40000,262144
1825,bandwidth_monster,0,READ,0x9a80000,262144
1830,bandwidth_monster,0,READ,0x9ac0000,262144
1831,bandwidth_monster,0,WRITE,0x9b00000,262144
1831,victim2,2,READ,0x20000029000,4096
1833,bandwidth_monster,0,READ,0x9b40000,262144
1834,bandwidth_monster,0,WRITE,0x9b80000,262144
1837,bandwidth_monster,0,READ,0x9bc0000,262144
1839,bandwidth_monster,0,WRITE,0x9c00000,262144
1842,bandwidth_monster,0,WRITE,0x9c40000,262144
1845,bandwidth_monster,0,WRITE,0x9c80000,262144
1847,victim1,1,READ,0x1000002f000,4096
1850,bandwidth_monster,0,WRITE,0x9cc0000,262144
1854,bandwidth_monster,0,WRITE,0x9d00000,262144
1854,victim3,3,READ,0x3000002c000,4096
1856,bandwidth_monster,0,WRITE,0x9d40000,262144
1858,bandwidth_monster,0,WRITE,0x9d80000,262144
1861,bandwidth_monster,0,WRITE,0x9dc0000,262144
1864,victim2,2,READ,0x2000002a000,4096
1865,bandwidth_monster,0,READ,0x9e00000,262144
1868,bandwidth_monster,0,WRITE,0x9e40000,262144
1871,bandwidth_monster,0,WRITE,0x9e80000,262144
1874,victim1,1,READ,0x10000030000,4096
1874,victim3,3,READ,0x3000002d000,4096
1876,bandwidth_monster,0,WRITE,0x9ec0000,262144
1881,bandwidth_monster,0,WRITE,0x9f00000,262144
1886,bandwidth_monster,0,WRITE,0x9f40000,262144
1888,bandwidth_monster,0,WRITE,0x9f80000,262144
1891,bandwidth_monster,0,WRITE,0x9fc0000,262144
1894,bandwidth_monster,0,READ,0xa000000,262144
1898,bandwidth_monster,0,READ,0xa040000,262144
1900,bandwidth_monster,0,READ,0xa080000,262144
1901,bandwidth_monster,0,WRITE,0xa0c0000,262144
1904,bandwidth_monster,0,WRITE,0xa100000,262144
1906,bandwidth_monster,0,WRITE,0xa140000,262144
1911,bandwidth_monster,0,READ,0xa180000,262144
1916,bandwidth_monster,0,WRITE,0xa1c0000,262144
1919,victim2,2,READ,0x2000002b000,4096
1921,bandwidth_monster,0,WRITE,0xa200000,262144
1925,bandwidth_monster,0,READ,0xa240000,262144
1929,bandwidth_monster,0,WRITE,0xa280000,262144
1930,bandwidth_monster,0,READ,0xa2c0000,262144
1930,victim1,1,READ,0x10000031000,4096
1934,bandwidth_monster,0,READ,0xa300000,262144
1934,victim3,3,READ,0x3000002e000,4096
1939,bandwidth_monster,0,WRITE,0xa340000,262144
1944,bandwidth_monster,0,WRITE,0xa380000,262144
1946,bandwidth_monster,0,WRITE,0xa3c0000,262144
1948,bandwidth_monster,0,READ,0xa400000,262144
1949,bandwidth_monster,0,WRITE,0xa440000,262144
1950,bandwidth_monster,0,WRITE,0xa480000,262144
1955,bandwidth_monster,0,WRITE,0xa4c0000,262144
1960,bandwidth_monster,0,WRITE,0xa500000,262144
1961,bandwidth_monster,0,READ,0xa540000,262144
1962,bandwidth_monster,0,WRITE,0xa580000,262144
1965,bandwidth_monster,0,WRITE,0xa5c0000,262144
1967,bandwidth_monster,0,READ,0xa600000,262144
1968,bandwidth_monster,0,WRITE,0xa640000,262144
1971,bandwidth_monster,0,WRITE,0xa680000,262144
1972,victim2,2,READ,0x2000002c000,4096
1974,bandwidth_monster,0,WRITE,0xa6c0000,262144
1979,bandwidth_monster,0,WRITE,0xa700000,262144
1983,bandwidth_monster,0,WRITE,0xa740000,262144
1983,victim1,1,READ,0x10000032000,4096
1988,bandwidth_monster,0,READ,0xa780000,262144
1989,bandwidth_monster,0,WRITE,0xa7c0000,262144
1989,victim3,3,READ,0x3000002f000,4096
1991,bandwidth_monster,0,WRITE,0xa800000,262144
1996,bandwidth_monster,0,WRITE,0xa840000,262144
1998,victim2,2,READ,0x2000002d000,4096
2000,bandwidth_monster,0,READ,0xa880000,262144
2004,bandwidth_monster,0,READ,0xa8c0000,262144
2005,bandwidth_monster,0,WRITE,0xa900000,262144
2010,bandwidth_monster,0,READ,0xa940000,262144
2014,bandwidth_monster,0,READ,0xa980000,262144
2016,bandwidth_monster,0,WRITE,0xa9c0000,262144
2018,bandwidth_monster,0,READ,0xaa00000,262144
2020,bandwidth_monster,0,WRITE,0xaa40000,262144
2023,bandwidth_monster,0,WRITE,0xaa80000,262144
2026,bandwidth_monster,0,WRITE,0xaac0000,262144
2030,bandwidth_monster,0,WRITE,0xab00000,262144
2032,victim1,1,READ,0x10000033000,4096
2035,bandwidth_monster,0,WRITE,0xab40000,262144
2037,victim2,2,READ,0x2000002e000,4096
2039,bandwidth_monster,0,WRITE,0xab80000,262144
2040,bandwidth_monster,0,WRITE,0xabc0000,262144
2045,bandwidth_monster,0,WRITE,0xac00000,262144
2049,bandwidth_monster,0,WRITE,0xac40000,262144
2049,victim3,3,READ,0x30000030000,4096
2050,bandwidth_monster,0,WRITE,0xac80000,262144
2052,bandwidth_monster,0,READ,0xacc0000,262144
2053,bandwidth_monster,0,WRITE,0xad00000,262144
2056,bandwidth_monster,0,WRITE,0xad40000,262144
2060,bandwidth_monster,0,READ,0xad80000,262144
2061,bandwidth_monster,0,WRITE,0xadc0000,262144
2062,bandwidth_monster,0,WRITE,0xae00000,262144
2063,bandwidth_monster,0,READ,0xae40000,262144
2066,bandwidth_monster,0,READ,0xae80000,262144
2069,bandwidth_monster,0,WRITE,0xaec0000,262144
2071,bandwidth_monster,0,WRITE,0xaf00000,262144
2074,bandwidth_monster,0,READ,0xaf40000,262144
2077,bandwidth_monster,0,WRITE,0xaf80000,262144
2078,bandwidth_monster,0,READ,0xafc0000,262144
2080,bandwidth_monster,0,WRITE,0xb000000,262144
2082,bandwidth_monster,0,WRITE,0xb040000,262144
2082,victim2,2,READ,0x2000002f000,4096
2087,bandwidth_monster,0,READ,0xb080000,262144
2089,victim1,1,READ,0x10000034000,4096
2092,bandwidth_monster,0,WRITE,0xb0c0000,262144
2095,bandwidth_monster,0,WRITE,0xb100000,262144
2098,bandwidth_monster,0,WRITE,0xb140000,262144
2101,bandwidth_monster,0,WRITE,0xb180000,262144
2105,bandwidth_monster,0,WRITE,0xb1c0000,262144
2108,victim3,3,READ,0x30000031000,4096
2110,bandwidth_monster,0,READ,0xb200000,262144
2113,bandwidth_monster,0,WRITE,0xb240000,262144
2115,bandwidth_monster,0,WRITE,0xb280000,262144
2118,bandwidth_monster,0,WRITE,0xb2c0000,262144
2122,bandwidth_monster,0,READ,0xb300000,262144
2123,bandwidth_monster,0,READ,0xb340000,262144
2127,bandwidth_monster,0,WRITE,0xb380000,262144
2130,bandwidth_monster,0,WRITE,0xb3c0000,262144
2134,bandwidth_monster,0,READ,0xb400000,262144
2135,victim3,3,READ,0x30000032000,4096
2139,bandwidth_monster,0,WRITE,0xb440000,262144
2141,bandwidth_monster,0,WRITE,0xb480000,262144
2142,bandwidth_monster,0,WRITE,0xb4c0000,262144
2142,victim2,2,READ,0x20000030000,4096
2143,bandwidth_monster,0,WRITE,0xb500000,262144
2147,bandwidth_monster,0,WRITE,0xb540000,262144
2148,victim1,1,READ,0x10000035000,4096
2149,bandwidth_monster,0,READ,0xb580000,262144
2150,bandwidth_monster,0,WRITE,0xb5c0000,262144
2155,bandwidth_monster,0,WRITE,0xb600000,262144
2160,bandwidth_monster,0,WRITE,0xb640000,262144
2163,bandwidth_monster,0,WRITE,0xb680000,262144
2167,bandwidth_monster,0,WRITE,0xb6c0000,262144
2169,bandwidth_monster,0,WRITE,0xb700000,262144
2169,victim3,3,READ,0x30000033000,4096
2173,bandwidth_monster,0,READ,0xb740000,262144
2175,bandwidth_monster,0,READ,0xb780000,262144
2179,bandwidth_monster,0,WRITE,0xb7c0000,262144
2180,bandwidth_monster,0,WRITE,0xb800000,262144
2184,bandwidth_monster,0,READ,0xb840000,262144
2189,bandwidth_monster,0,WRITE,0xb880000,262144
2190,bandwidth_monster,0,WRITE,0xb8c0000,262144
2194,bandwidth_monster,0,WRITE,0xb900000,262144
2197,bandwidth_monster,0,WRITE,0xb940000,262144
2199,bandwidth_monster,0,READ,0xb980000,262144
2201,bandwidth_monster,0,WRITE,0xb9c0000,262144
2202,bandwidth_monster,0,READ,0xba00000,262144
2202,victim2,2,READ,0x20000031000,4096
2203,victim1,1,READ,0x10000036000,4096
2205,bandwidth_monster,0,WRITE,0xba40000,262144
2208,bandwidth_monster,0,WRITE,0xba80000,262144
2209,bandwidth_monster,0,WRITE,0xbac0000,262144
2213,victim3,3,READ,0x30000034000,4096
2214,bandwidth_monster,0,WRITE,0xbb00000,262144
2219,bandwidth_monster,0,WRITE,0xbb40000,262144
2223,bandwidth_monster,0,WRITE,0xbb80000,262144
2224,bandwidth_monster,0,WRITE,0xbbc0000,262144
2229,bandwidth_monster,0,WRITE,0xbc00000,262144
2230,bandwidth_monster,0,READ,0xbc40000,262144
2232,victim2,2,READ,0x20000032000,4096
2234,victim3,3,READ,0x30000035000,4096
2235,bandwidth_monster,0,READ,0xbc80000,262144
2240,bandwidth_monster,0,WRITE,0xbcc0000,262144
2243,victim1,1,READ,0x10000037000,4096
2245,bandwidth_monster,0,WRITE,0xbd00000,262144
2247,bandwidth_monster,0,READ,0xbd40000,262144
2248,bandwidth_monster,0,READ,0xbd80000,262144
2249,bandwidth_monster,0,WRITE,0xbdc0000,262144
2251,bandwidth_monster,0,WRITE,0xbe00000,262144
2253,bandwidth_monster,0,WRITE,0xbe40000,262144
2257,bandwidth_monster,0,WRITE,0xbe80000,262144
2259,bandwidth_monster,0,WRITE,0xbec0000,262144
2263,bandwidth_monster,0,WRITE,0xbf00000,262144
2267,bandwidth_monster,0,WRITE,0xbf40000,262144
2268,victim2,2,READ,0x20000033000,4096
2271,bandwidth_monster,0,WRITE,0xbf80000,262144
2274,bandwidth_monster,0,WRITE,0xbfc0000,262144
2276,bandwidth_monster,0,READ,0xc000000,262144
2279,bandwidth_monster,0,WRITE,0xc040000,262144
2281,bandwidth_monster,0,READ,0xc080000,262144
2284,bandwidth_monster,0,READ,0xc0c0000,262144
2287,bandwidth_monster,0,READ,0xc100000,262144
2288,victim1,1,READ,0x10000038000,4096
2288,victim3,3,READ,0x30000036000,4096
2290,bandwidth_monster,0,WRITE,0xc140000,262144
2294,bandwidth_monster,0,WRITE,0xc180000,262144
2295,bandwidth_monster,0,WRITE,0xc1c0000,262144
2297,bandwidth_monster,0,WRITE,0xc200000,262144
2302,bandwidth_monster,0,WRITE,0xc240000,262144
2307,bandwidth_monster,0,WRITE,0xc280000,262144
2310,bandwidth_monster,0,WRITE,0xc2c0000,262144
2311,victim3,3,READ,0x30000037000,4096
2313,bandwidth_monster,0,WRITE,0xc300000,262144
2314,bandwidth_monster,0,WRITE,0xc340000,262144
2315,victim2,2,WRITE,0x20000034000,4096
2316,victim1,1,READ,0x10000039000,4096
2317,bandwidth_monster,0,WRITE,0xc380000,262144
2320,bandwidth_monster,0,WRITE,0xc3c0000,262144
2323,bandwidth_monster,0,READ,0xc400000,262144
2327,bandwidth_monster,0,WRITE,0xc440000,262144
2331,bandwidth_monster,0,READ,0xc480000,262144
2333,bandwidth_monster,0,WRITE,0xc4c0000,262144
2337,bandwidth_monster,0,READ,0xc500000,262144
2340,bandwidth_monster,0,WRITE,0xc540000,262144
2344,victim3,3,READ,0x30000038000,4096
2345,bandwidth_monster,0,WRITE,0xc580000,262144
2345,victim1,1,READ,0x1000003a000,4096
2348,bandwidth_monster,0,READ,0xc5c0000,262144
2349,bandwidth_monster,0,WRITE,0xc600000,262144
2354,bandwidth_monster,0,WRITE,0xc640000,262144
2357,bandwidth_monster,0,READ,0xc680000,262144
2362,bandwidth_monster,0,WRITE,0xc6c0000,262144
2363,bandwidth_monster,0,READ,0xc700000,262144
2363,victim2,2,READ,0x20000035000,4096
2364,bandwidth_monster,0,WRITE,0xc740000,262144
2367,bandwidth_monster,0,READ,0xc780000,262144
2368,bandwidth_monster,0,WRITE,0xc7c0000,262144
2371,bandwidth_monster,0,READ,0xc800000,262144
2373,bandwidth_monster,0,READ,0xc840000,262144
2374,bandwidth_monster,0,WRITE,0xc880000,262144
2379,bandwidth_monster,0,WRITE,0xc8c0000,262144
2382,bandwidth_monster,0,READ,0xc900000,262144
2383,bandwidth_monster,0,READ,0xc940000,262144
2387,bandwidth_monster,0,WRITE,0xc980000,262144
2392,bandwidth_monster,0,WRITE,0xc9c0000,262144
2393,bandwidth_monster,0,READ,0xca00000,262144
2396,bandwidth_monster,0,WRITE,0xca40000,262144
2398,bandwidth_monster,0,WRITE,0xca80000,262144
2398,victim2,2,READ,0x20000036000,4096
2401,bandwidth_monster,0,WRITE,0xcac0000,262144
2402,victim3,3,READ,0x30000039000,4096
2403,bandwidth_monster,0,WRITE,0xcb00000,262144
2404,bandwidth_monster,0,WRITE,0xcb40000,262144
2405,victim1,1,READ,0x1000003b000,4096
2408,bandwidth_monster,0,WRITE,0xcb80000,262144
2411,bandwidth_monster,0,WRITE,0xcbc0000,262144
2414,bandwidth_monster,0,WRITE,0xcc00000,262144
2416,bandwidth_monster,0,READ,0xcc40000,262144
2417,bandwidth_monster,0,WRITE,0xcc80000,262144
2422,bandwidth_monster,0,WRITE,0xccc0000,262144
2427,bandwidth_monster,0,WRITE,0xcd00000,262144
2427,victim2,2,READ,0x20000037000,4096
2429,bandwidth_monster,0,WRITE,0xcd40000,262144
2430,bandwidth_monster,0,WRITE,0xcd80000,262144
2435,bandwidth_monster,0,WRITE,0xcdc0000,262144
2437,bandwidth_monster,0,WRITE,0xce00000,262144
2442,bandwidth_monster,0,WRITE,0xce40000,262144
2446,victim1,1,READ,0x1000003c000,4096
2447,bandwidth_monster,0,WRITE,0xce80000,262144
2447,victim3,3,READ,0x3000003a000,4096
2450,bandwidth_monster,0,WRITE,0xcec0000,262144
2455,bandwidth_monster,0,WRITE,0xcf00000,262144
2456,bandwidth_monster,0,WRITE,0xcf40000,262144
2460,bandwidth_monster,0,WRITE,0xcf80000,262144
2463,bandwidth_monster,0,READ,0xcfc0000,262144
2468,bandwidth_monster,0,WRITE,0xd000000,262144
2471,bandwidth_monster,0,WRITE,0xd040000,262144
2472,bandwidth_monster,0,READ,0xd080000,262144
2476,bandwidth_monster,0,WRITE,0xd0c0000,262144
2480,bandwidth_monster,0,WRITE,0xd100000,262144
2481,victim2,2,READ,0x20000038000,4096
2484,bandwidth_monster,0,READ,0xd140000,262144
2487,bandwidth_monster,0,WRITE,0xd180000,262144
2487,victim3,3,READ,0x3000003b000,4096
2488,bandwidth_monster,0,WRITE,0xd1c0000,262144
2489,bandwidth_monster,0,READ,0xd200000,262144
2492,bandwidth_monster,0,READ,0xd240000,262144
2495,bandwidth_monster,0,WRITE,0xd280000,262144
2498,victim1,1,READ,0x1000003d000,4096
2499,bandwidth_monster,0,WRITE,0xd2c0000,262144
2503,bandwidth_monster,0,READ,0xd300000,262144
2505,bandwidth_monster,0,WRITE,0xd340000,262144
2509,bandwidth_monster,0,WRITE,0xd380000,262144
2511,bandwidth_monster,0,WRITE,0xd3c0000,262144
2516,bandwidth_monster,0,READ,0xd400000,262144
2517,bandwidth_monster,0,WRITE,0xd440000,262144
2520,bandwidth_monster,0,READ,0xd480000,262144
2520,victim2,2,READ,0x20000039000,4096
2522,bandwidth_monster,0,WRITE,0xd4c0000,262144
2524,bandwidth_monster,0,WRITE,0xd500000,262144
2528,bandwidth_monster,0,WRITE,0xd540000,262144
2533,bandwidth_monster,0,WRITE,0xd580000,262144
2537,bandwidth_monster,0,WRITE,0xd5c0000,262144
2541,bandwidth_monster,0,WRITE,0xd600000,262144
2542,victim3,3,READ,0x3000003c000,4096
2545,bandwidth_monster,0,READ,0xd640000,262144
2548,bandwidth_monster,0,WRITE,0xd680000,262144
2548,victim1,1,READ,0x1000003e000,4096
2548,victim2,2,READ,0x2000003a000,4096
2551,bandwidth_monster,0,WRITE,0xd6c0000,262144
2554,bandwidth_monster,0,WRITE,0xd700000,262144
2556,bandwidth_monster,0,WRITE,0xd740000,262144
2558,bandwidth_monster,0,WRITE,0xd780000,262144
2561,bandwidth_monster,0,WRITE,0xd7c0000,262144
2564,bandwidth_monster,0,WRITE,0xd800000,262144
2568,bandwidth_monster,0,READ,0xd840000,262144
2569,bandwidth_monster,0,WRITE,0xd880000,262144
2573,bandwidth_monster,0,WRITE,0xd8c0000,262144
2577,bandwidth_monster,0,READ,0xd900000,262144
2579,victim2,2,READ,0x2000003b000,4096
2582,bandwidth_monster,0,WRITE,0xd940000,262144
2585,bandwidth_monster,0,WRITE,0xd980000,262144
2590,bandwidth_monster,0,WRITE,0xd9c0000,262144
2591,bandwidth_monster,0,WRITE,0xda00000,262144
2592,bandwidth_monster,0,WRITE,0xda40000,262144
2592,victim1,1,WRITE,0x1000003f000,4096
2596,bandwidth_monster,0,WRITE,0xda80000,262144
2599,victim3,3,READ,0x3000003d000,4096
2600,bandwidth_monster,0,WRITE,0xdac0000,262144
2604,bandwidth_monster,0,WRITE,0xdb00000,262144
2608,bandwidth_monster,0,WRITE,0xdb40000,262144
2609,bandwidth_monster,0,WRITE,0xdb80000,262144
2611,bandwidth_monster,0,WRITE,0xdbc0000,262144
2615,bandwidth_monster,0,WRITE,0xdc00000,262144
2615,victim2,2,READ,0x2000003c000,4096
2618,bandwidth_monster,0,WRITE,0xdc40000,262144
2621,bandwidth_monster,0,WRITE,0xdc80000,262144
2626,bandwidth_monster,0,WRITE,0xdcc0000,262144
2630,bandwidth_monster,0,WRITE,0xdd00000,262144
2635,bandwidth_monster,0,READ,0xdd40000,262144
2635,victim3,3,READ,0x3000003e000,4096
2636,bandwidth_monster,0,WRITE,0xdd80000,262144
2637,bandwidth_monster,0,READ,0xddc0000,262144
2639,bandwidth_monster,0,WRITE,0xde00000,262144
2640,bandwidth_monster,0,READ,0xde40000,262144
2642,bandwidth_monster,0,WRITE,0xde80000,262144
2642,victim1,1,READ,0x10000040000,4096
2645,bandwidth_monster,0,WRITE,0xdec0000,262144
2645,victim2,2,READ,0x2000003d000,4096
2647,bandwidth_monster,0,WRITE,0xdf00000,262144
2650,bandwidth_monster,0,WRITE,0xdf40000,262144
2654,bandwidth_monster,0,WRITE,0xdf80000,262144
2656,bandwidth_monster,0,WRITE,0xdfc0000,262144
2658,bandwidth_monster,0,READ,0xe000000,262144
2659,bandwidth_monster,0,READ,0xe040000,262144
2660,bandwidth_monster,0,READ,0xe080000,262144
2665,bandwidth_monster,0,WRITE,0xe0c0000,262144
2666,bandwidth_monster,0,WRITE,0xe100000,262144
2668,bandwidth_monster,0,WRITE,0xe140000,262144
2668,victim1,1,READ,0x10000041000,4096
2672,bandwidth_monster,0,WRITE,0xe180000,262144
2676,bandwidth_monster,0,WRITE,0xe1c0000,262144
2681,bandwidth_monster,0,READ,0xe200000,262144
2683,victim3,3,READ,0x3000003f000,4096
2685,bandwidth_monster,0,WRITE,0xe240000,262144
2689,bandwidth_monster,0,READ,0xe280000,262144
2694,bandwidth_monster,0,READ,0xe2c0000,262144
2694,victim2,2,READ,0x2000003e000,4096
2695,bandwidth_monster,0,WRITE,0xe300000,262144
2696,bandwidth_monster,0,READ,0xe340000,262144
2701,bandwidth_monster,0,WRITE,0xe380000,262144
2705,bandwidth_monster,0,WRITE,0xe3c0000,262144
2709,bandwidth_monster,0,WRITE,0xe400000,262144
2711,bandwidth_monster,0,READ,0xe440000,262144
2712,bandwidth_monster,0,WRITE,0xe480000,262144
2716,bandwidth_monster,0,WRITE,0xe4c0000,262144
2718,victim2,2,READ,0x2000003f000,4096
2720,bandwidth_monster,0,READ,0xe500000,262144
2721,bandwidth_monster,0,WRITE,0xe540000,262144
2722,victim1,1,READ,0x10000042000,4096
2723,victim3,3,READ,0x30000040000,4096
2725,bandwidth_monster,0,WRITE,0xe580000,262144
2728,bandwidth_monster,0,WRITE,0xe5c0000,262144
2730,bandwidth_monster,0,WRITE,0xe600000,262144
2731,bandwidth_monster,0,READ,0xe640000,262144
2733,bandwidth_monster,0,WRITE,0xe680000,262144
2737,bandwidth_monster,0,WRITE,0xe6c0000,262144
2742,bandwidth_monster,0,READ,0xe700000,262144
2746,bandwidth_monster,0,WRITE,0xe740000,262144
2746,victim2,2,READ,0x20000040000,4096
2749,bandwidth_monster,0,WRITE,0xe780000,262144
2749,victim1,1,READ,0x10000043000,4096
2749,victim3,3,READ,0x30000041000,4096
2753,bandwidth_monster,0,WRITE,0xe7c0000,262144
2757,bandwidth_monster,0,WRITE,0xe800000,262144
2762,bandwidth_monster,0,READ,0xe840000,262144
2764,bandwidth_monster,0,READ,0xe880000,262144
2765,bandwidth_monster,0,WRITE,0xe8c0000,262144
2766,bandwidth_monster,0,READ,0xe900000,262144
2770,bandwidth_monster,0,WRITE,0xe940000,262144
2775,bandwidth_monster,0,READ,0xe980000,262144
2779,bandwidth_monster,0,WRITE,0xe9c0000,262144
2783,bandwidth_monster,0,READ,0xea00000,262144
2784,bandwidth_monster,0,READ,0xea40000,262144
2785,bandwidth_monster,0,READ,0xea80000,262144
2786,bandwidth_monster,0,READ,0xeac0000,262144
2786,victim1,1,READ,0x10000044000,4096
2788,victim2,2,READ,0x20000041000,4096
2790,bandwidth_monster,0,READ,0xeb00000,262144
2793,bandwidth_monster,0,WRITE,0xeb40000,262144
2795,bandwidth_monster,0,WRITE,0xeb80000,262144
2800,bandwidth_monster,0,READ,0xebc0000,262144
2801,bandwidth_monster,0,READ,0xec00000,262144
2802,bandwidth_monster,0,READ,0xec40000,262144
2803,victim3,3,READ,0x30000042000,4096
2804,bandwidth_monster,0,WRITE,0xec80000,262144
2809,bandwidth_monster,0,READ,0xecc0000,262144
2814,bandwidth_monster,0,WRITE,0xed00000,262144
2818,bandwidth_monster,0,WRITE,0xed40000,262144
2822,bandwidth_monster,0,WRITE,0xed80000,262144
2827,bandwidth_monster,0,WRITE,0xedc0000,262144
2828,bandwidth_monster,0,WRITE,0xee00000,262144
2830,victim3,3,WRITE,0x30000043000,4096
2832,bandwidth_monster,0,WRITE,0xee40000,262144
2836,bandwidth_monster,0,WRITE,0xee80000,262144
2841,bandwidth_monster,0,READ,0xeec0000,262144
2841,victim2,2,READ,0x20000042000,4096
2845,bandwidth_monster,0,WRITE,0xef00000,262144
2845,victim1,1,READ,0x10000045000,4096
2849,bandwidth_monster,0,WRITE,0xef40000,262144
2852,bandwidth_monster,0,WRITE,0xef80000,262144
2857,bandwidth_monster,0,WRITE,0xefc0000,262144
2859,victim3,3,READ,0x30000044000,4096
2861,bandwidth_monster,0,READ,0xf000000,262144
2863,bandwidth_monster,0,READ,0xf040000,262144
2867,bandwidth_monster,0,WRITE,0xf080000,262144
2868,bandwidth_monster,0,WRITE,0xf0c0000,262144
2873,bandwidth_monster,0,WRITE,0xf100000,262144
2877,bandwidth_monster,0,WRITE,0xf140000,262144
2878,bandwidth_monster,0,WRITE,0xf180000,262144
2880,bandwidth_monster,0,READ,0xf1c0000,262144
2884,bandwidth_monster,0,WRITE,0xf200000,262144
2884,victim3,3,READ,0x30000045000,4096
2887,bandwidth_monster,0,READ,0xf240000,262144
2888,bandwidth_monster,0,WRITE,0xf280000,262144
2891,bandwidth_monster,0,WRITE,0xf2c0000,262144
2895,bandwidth_monster,0,READ,0xf300000,262144
2896,victim2,2,READ,0x20000043000,4096
2900,bandwidth_monster,0,WRITE,0xf340000,262144
2900,victim1,1,READ,0x10000046000,4096
2905,bandwidth_monster,0,WRITE,0xf380000,262144
2910,bandwidth_monster,0,READ,0xf3c0000,262144
2914,bandwidth_monster,0,WRITE,0xf400000,262144
2918,bandwidth_monster,0,WRITE,0xf440000,262144
2923,bandwidth_monster,0,READ,0xf480000,262144
2927,bandwidth_monster,0,WRITE,0xf4c0000,262144
2931,bandwidth_monster,0,READ,0xf500000,262144
2935,bandwidth_monster,0,WRITE,0xf540000,262144
2936,victim3,3,READ,0x30000046000,4096
2938,bandwidth_monster,0,READ,0xf580000,262144
2940,bandwidth_monster,0,READ,0xf5c0000,262144
2944,bandwidth_monster,0,WRITE,0xf600000,262144
2948,bandwidth_monster,0,READ,0xf640000,262144
2951,bandwidth_monster,0,WRITE,0xf680000,262144
2951,victim2,2,READ,0x20000044000,4096
2953,bandwidth_monster,0,WRITE,0xf6c0000,262144
2958,bandwidth_monster,0,READ,0xf700000,262144
2958,victim1,1,READ,0x10000047000,4096
2963,bandwidth_monster,0,WRITE,0xf740000,262144
2966,bandwidth_monster,0,WRITE,0xf780000,262144
2969,victim3,3,READ,0x30000047000,4096
2970,bandwidth_monster,0,WRITE,0xf7c0000,262144
2972,bandwidth_monster,0,WRITE,0xf800000,262144
2973,bandwidth_monster,0,WRITE,0xf840000,262144
2973,victim2,2,READ,0x20000045000,4096
2974,bandwidth_monster,0,WRITE,0xf880000,262144
2976,bandwidth_monster,0,WRITE,0xf8c0000,262144
2979,bandwidth_monster,0,WRITE,0xf900000,262144
2981,bandwidth_monster,0,WRITE,0xf940000,262144
2984,bandwidth_monster,0,WRITE,0xf980000,262144
2989,bandwidth_monster,0,WRITE,0xf9c0000,262144
2991,bandwidth_monster,0,WRITE,0xfa00000,262144
2996,bandwidth_monster,0,WRITE,0xfa40000,262144
3001,bandwidth_monster,0,WRITE,0xfa80000,262144
3002,bandwidth_monster,0,WRITE,0xfac0000,262144
3007,bandwidth_monster,0,WRITE,0xfb00000,262144
3008,bandwidth_monster,0,WRITE,0xfb40000,262144
3010,victim3,3,READ,0x30000048000,4096
3011,bandwidth_monster,0,WRITE,0xfb80000,262144
3011,victim2,2,READ,0x20000046000,4096
3016,bandwidth_monster,0,WRITE,0xfbc0000,262144
3016,victim1,1,READ,0x10000048000,4096
3019,bandwidth_monster,0,WRITE,0xfc00000,262144
3021,bandwidth_monster,0,READ,0xfc40000,262144
3022,bandwidth_monster,0,WRITE,0xfc80000,262144
3026,bandwidth_monster,0,WRITE,0xfcc0000,262144
3029,bandwidth_monster,0,READ,0xfd00000,262144
3033,bandwidth_monster,0,READ,0xfd40000,262144
3035,bandwidth_monster,0,WRITE,0xfd80000,262144
3040,bandwidth_monster,0,WRITE,0xfdc0000,262144
3042,bandwidth_monster,0,WRITE,0xfe00000,262144
3047,bandwidth_monster,0,WRITE,0xfe40000,262144
3052,bandwidth_monster,0,WRITE,0xfe80000,262144
3052,victim2,2,READ,0x20000047000,4096
3056,bandwidth_monster,0,WRITE,0xfec0000,262144
3060,bandwidth_monster,0,WRITE,0xff00000,262144
3061,victim1,1,READ,0x10000049000,4096
3065,bandwidth_monster,0,WRITE,0xff40000,262144
3066,victim3,3,READ,0x30000049000,4096
3067,bandwidth_monster,0,WRITE,0xff80000,262144
3069,bandwidth_monster,0,WRITE,0xffc0000,262144
3071,bandwidth_monster,0,WRITE,0x10000000,262144
3073,bandwidth_monster,0,WRITE,0x10040000,262144
3077,bandwidth_monster,0,WRITE,0x10080000,262144
3079,bandwidth_monster,0,READ,0x100c0000,262144
3082,bandwidth_monster,0,WRITE,0x10100000,262144
3086,bandwidth_monster,0,READ,0x10140000,262144
3086,victim3,3,WRITE,0x3000004a000,4096
3088,victim1,1,READ,0x1000004a000,4096
3090,bandwidth_monster,0,READ,0x10180000,262144
3095,bandwidth_monster,0,WRITE,0x101c0000,262144
3099,bandwidth_monster,0,READ,0x10200000,262144
3102,bandwidth_monster,0,WRITE,0x10240000,262144
3103,bandwidth_monster,0,WRITE,0x10280000,262144
3103,victim2,2,READ,0x20000048000,4096
3104,bandwidth_monster,0,WRITE,0x102c0000,262144
3106,bandwidth_monster,0,READ,0x10300000,262144
3107,bandwidth_monster,0,WRITE,0x10340000,262144
3109,bandwidth_monster,0,WRITE,0x10380000,262144
3111,bandwidth_monster,0,READ,0x103c0000,262144
3112,victim3,3,READ,0x3000004b000,4096
3115,bandwidth_monster,0,WRITE,0x10400000,262144
3117,bandwidth_monster,0,WRITE,0x10440000,262144
3117,victim1,1,READ,0x1000004b000,4096
3118,bandwidth_monster,0,WRITE,0x10480000,262144
3119,bandwidth_monster,0,WRITE,0x104c0000,262144
3121,bandwidth_monster,0,READ,0x10500000,262144
3125,bandwidth_monster,0,WRITE,0x10540000,262144
3130,bandwidth_monster,0,READ,0x10580000,262144
3132,bandwidth_monster,0,WRITE,0x105c0000,262144
3136,bandwidth_monster,0,READ,0x10600000,262144
3138,bandwidth_monster,0,WRITE,0x10640000,262144
3139,bandwidth_monster,0,WRITE,0x10680000,262144
3141,bandwidth_monster,0,READ,0x106c0000,262144
3144,bandwidth_monster,0,WRITE,0x10700000,262144
3149,bandwidth_monster,0,READ,0x10740000,262144
3150,victim1,1,READ,0x1000004c000,4096
3154,bandwidth_monster,0,WRITE,0x10780000,262144
3159,bandwidth_monster,0,WRITE,0x107c0000,262144
3159,victim3,3,READ,0x3000004c000,4096
3161,bandwidth_monster,0,WRITE,0x10800000,262144
3162,bandwidth_monster,0,WRITE,0x10840000,262144
3162,victim2,2,READ,0x20000049000,4096
3164,bandwidth_monster,0,READ,0x10880000,262144
3168,bandwidth_monster,0,WRITE,0x108c0000,262144
3169,bandwidth_monster,0,WRITE,0x10900000,262144
3170,bandwidth_monster,0,READ,0x10940000,262144
3172,bandwidth_monster,0,WRITE,0x10980000,262144
3174,bandwidth_monster,0,READ,0x109c0000,262144
3175,bandwidth_monster,0,READ,0x10a00000,262144
3179,bandwidth_monster,0,WRITE,0x10a40000,262144
3182,victim2,2,READ,0x2000004a000,4096
3183,bandwidth_monster,0,WRITE,0x10a80000,262144
3186,bandwidth_monster,0,WRITE,0x10ac0000,262144
3190,bandwidth_monster,0,WRITE,0x10b00000,262144
3194,bandwidth_monster,0,WRITE,0x10b40000,262144
3198,bandwidth_monster,0,WRITE,0x10b80000,262144
3200,bandwidth_monster,0,WRITE,0x10bc0000,262144
3202,victim1,1,READ,0x1000004d000,4096
3203,bandwidth_monster,0,READ,0x10c00000,262144
3205,bandwidth_monster,0,READ,0x10c40000,262144
3206,victim3,3,READ,0x3000004d000,4096
3209,bandwidth_monster,0,WRITE,0x10c80000,262144
3209,victim2,2,READ,0x2000004b000,4096
3213,bandwidth_monster,0,WRITE,0x10cc0000,262144
3215,bandwidth_monster,0,READ,0x10d00000,262144
3216,bandwidth_monster,0,WRITE,0x10d40000,262144
3220,bandwidth_monster,0,WRITE,0x10d80000,262144
3221,bandwidth_monster,0,READ,0x10dc0000,262144
3223,bandwidth_monster,0,WRITE,0x10e00000,262144
3228,bandwidth_monster,0,WRITE,0x10e40000,262144
3233,bandwidth_monster,0,READ,0x10e80000,262144
3235,bandwidth_monster,0,READ,0x10ec0000,262144
3237,bandwidth_monster,0,WRITE,0x10f00000,262144
3239,victim3,3,READ,0x3000004e000,4096
3241,bandwidth_monster,0,WRITE,0x10f40000,262144
3244,bandwidth_monster,0,WRITE,0x10f80000,262144
3247,bandwidth_monster,0,WRITE,0x10fc0000,262144
3247,victim1,1,READ,0x1000004e000,4096
3252,bandwidth_monster,0,READ,0x11000000,262144
3254,bandwidth_monster,0,WRITE,0x11040000,262144
3255,victim2,2,READ,0x2000004c000,4096
3257,bandwidth_monster,0,READ,0x11080000,262144
3258,bandwidth_monster,0,WRITE,0x110c0000,262144
3259,bandwidth_monster,0,READ,0x11100000,262144
3264,bandwidth_monster,0,WRITE,0x11140000,262144
3265,bandwidth_monster,0,READ,0x11180000,262144
3267,bandwidth_monster,0,WRITE,0x111c0000,262144
3268,victim1,1,READ,0x1000004f000,4096
3271,bandwidth_monster,0,WRITE,0x11200000,262144
3273,bandwidth_monster,0,WRITE,0x11240000,262144
3276,bandwidth_monster,0,WRITE,0x11280000,262144
3278,victim2,2,READ,0x2000004d000,4096
3279,bandwidth_monster,0,WRITE,0x112c0000,262144
3284,bandwidth_monster,0,READ,0x11300000,262144
3286,bandwidth_monster,0,READ,0x11340000,262144
3289,bandwidth_monster,0,WRITE,0x11380000,262144
3292,bandwidth_monster,0,WRITE,0x113c0000,262144
3294,bandwidth_monster,0,WRITE,0x11400000,262144
3295,victim3,3,READ,0x3000004f000,4096
3297,bandwidth_monster,0,READ,0x11440000,262144
3302,bandwidth_monster,0,WRITE,0x11480000,262144
3307,bandwidth_monster,0,WRITE,0x114c0000,262144
3312,bandwidth_monster,0,READ,0x11500000,262144
3313,bandwidth_monster,0,WRITE,0x11540000,262144
3313,victim2,2,READ,0x2000004e000,4096
3316,bandwidth_monster,0,READ,0x11580000,262144
3318,bandwidth_monster,0,WRITE,0x115c0000,262144
3321,bandwidth_monster,0,READ,0x11600000,262144
3321,victim1,1,READ,0x10000050000,4096
3324,bandwidth_monster,0,WRITE,0x11640000,262144
3325,bandwidth_monster,0,WRITE,0x11680000,262144
3329,bandwidth_monster,0,READ,0x116c0000,262144
3331,bandwidth_monster,0,READ,0x11700000,262144
3333,bandwidth_monster,0,WRITE,0x11740000,262144
3336,bandwidth_monster,0,WRITE,0x11780000,262144
3340,bandwidth_monster,0,WRITE,0x117c0000,262144
3345,bandwidth_monster,0,READ,0x11800000,262144
3349,bandwidth_monster,0,READ,0x11840000,262144
3351,victim2,2,READ,0x2000004f000,4096
3352,bandwidth_monster,0,WRITE,0x11880000,262144
3352,victim3,3,WRITE,0x30000050000,4096
3354,bandwidth_monster,0,WRITE,0x118c0000,262144
3357,bandwidth_monster,0,WRITE,0x11900000,262144
3360,bandwidth_monster,0,WRITE,0x11940000,262144
3363,bandwidth_monster,0,WRITE,0x11980000,262144
3364,bandwidth_monster,0,READ,0x119c0000,262144
3368,bandwidth_monster,0,READ,0x11a00000,262144
3372,victim3,3,READ,0x30000051000,4096
3373,bandwidth_monster,0,WRITE,0x11a40000,262144
3375,bandwidth_monster,0,WRITE,0x11a80000,262144
3378,victim1,1,READ,0x10000051000,4096
3380,bandwidth_monster,0,WRITE,0x11ac0000,262144
3385,bandwidth_monster,0,WRITE,0x11b00000,262144
3389,bandwidth_monster,0,READ,0x11b40000,262144
3390,victim2,2,READ,0x20000050000,4096
3392,bandwidth_monster,0,WRITE,0x11b80000,262144
3396,bandwidth_monster,0,READ,0x11bc0000,262144
3400,bandwidth_monster,0,READ,0x11c00000,262144
3403,bandwidth_monster,0,WRITE,0x11c40000,262144
3408,bandwidth_monster,0,WRITE,0x11c80000,262144
3409,bandwidth_monster,0,READ,0x11cc0000,262144
3410,bandwidth_monster,0,READ,0x11d00000,262144
3412,bandwidth_monster,0,WRITE,0x11d40000,262144
3412,victim3,3,READ,0x30000052000,4096
3413,bandwidth_monster,0,READ,0x11d80000,262144
3414,bandwidth_monster,0,READ,0x11dc0000,262144
3414,victim1,1,READ,0x10000052000,4096
3419,bandwidth_monster,0,WRITE,0x11e00000,262144
3421,bandwidth_monster,0,WRITE,0x11e40000,262144
3421,victim2,2,READ,0x20000051000,4096
3425,bandwidth_monster,0,WRITE,0x11e80000,262144
3427,bandwidth_monster,0,READ,0x11ec0000,262144
3428,bandwidth_monster,0,READ,0x11f00000,262144
3433,bandwidth_monster,0,WRITE,0x11f40000,262144
3435,bandwidth_monster,0,READ,0x11f80000,262144
3440,bandwidth_monster,0,WRITE,0x11fc0000,262144
3441,bandwidth_monster,0,READ,0x12000000,262144
3444,bandwidth_monster,0,READ,0x12040000,262144
3447,bandwidth_monster,0,WRITE,0x12080000,262144
3448,bandwidth_monster,0,WRITE,0x120c0000,262144
3449,victim1,1,READ,0x10000053000,4096
3450,bandwidth_monster,0,WRITE,0x12100000,262144
3450,victim2,2,READ,0x20000052000,4096
3455,bandwidth_monster,0,READ,0x12140000,262144
3457,bandwidth_monster,0,WRITE,0x12180000,262144
3459,bandwidth_monster,0,WRITE,0x121c0000,262144
3461,bandwidth_monster,0,READ,0x12200000,262144
3464,victim3,3,READ,0x30000053000,4096
3466,bandwidth_monster,0,READ,0x12240000,262144
3469,bandwidth_monster,0,WRITE,0x12280000,262144
3473,bandwidth_monster,0,WRITE,0x122c0000,262144
3477,bandwidth_monster,0,WRITE,0x12300000,262144
3481,bandwidth_monster,0,WRITE,0x12340000,262144
3482,bandwidth_monster,0,READ,0x12380000,262144
3484,bandwidth_monster,0,WRITE,0x123c0000,262144
3487,bandwidth_monster,0,WRITE,0x12400000,262144
3487,victim2,2,READ,0x20000053000,4096
3492,bandwidth_monster,0,WRITE,0x12440000,262144
3496,bandwidth_monster,0,READ,0x12480000,262144
3497,bandwidth_monster,0,READ,0x124c0000,262144
3500,bandwidth_monster,0,WRITE,0x12500000,262144
3502,victim1,1,READ,0x10000054000,4096
3505,bandwidth_monster,0,READ,0x12540000,262144
3505,victim3,3,READ,0x30000054000,4096
3507,bandwidth_monster,0,WRITE,0x12580000,262144
3508,bandwidth_monster,0,WRITE,0x125c0000,262144
3509,bandwidth_monster,0,WRITE,0x12600000,262144
3510,victim2,2,READ,0x20000054000,4096
3512,bandwidth_monster,0,READ,0x12640000,262144
3514,bandwidth_monster,0,WRITE,0x12680000,262144
3517,bandwidth_monster,0,WRITE,0x126c0000,262144
3518,bandwidth_monster,0,WRITE,0x12700000,262144
3522,bandwidth_monster,0,WRITE,0x12740000,262144
3527,bandwidth_monster,0,READ,0x12780000,262144
3532,bandwidth_monster,0,WRITE,0x127c0000,262144
3533,bandwidth_monster,0,WRITE,0x12800000,262144
3536,bandwidth_monster,0,WRITE,0x12840000,262144
3537,bandwidth_monster,0,WRITE,0x12880000,262144
3541,bandwidth_monster,0,WRITE,0x128c0000,262144
3542,bandwidth_monster,0,READ,0x12900000,262144
3544,bandwidth_monster,0,WRITE,0x12940000,262144
3546,victim3,3,READ,0x30000055000,4096
3547,bandwidth_monster,0,READ,0x12980000,262144
3548,bandwidth_monster,0,READ,0x129c0000,262144
3553,bandwidth_monster,0,WRITE,0x12a00000,262144
3557,bandwidth_monster,0,WRITE,0x12a40000,262144
3559,victim1,1,READ,0x10000055000,4096
3561,bandwidth_monster,0,WRITE,0x12a80000,262144
3565,bandwidth_monster,0,READ,0x12ac0000,262144
3568,bandwidth_monster,0,WRITE,0x12b00000,262144
3568,victim2,2,READ,0x20000055000,4096
3571,bandwidth_monster,0,WRITE,0x12b40000,262144
3572,victim3,3,READ,0x30000056000,4096
3575,bandwidth_monster,0,WRITE,0x12b80000,262144
3576,bandwidth_monster,0,WRITE,0x12bc0000,262144
3578,bandwidth_monster,0,WRITE,0x12c00000,262144
3582,bandwidth_monster,0,WRITE,0x12c40000,262144
3584,bandwidth_monster,0,READ,0x12c80000,262144
3586,bandwidth_monster,0,WRITE,0x12cc0000,262144
3589,bandwidth_monster,0,WRITE,0x12d00000,262144
3590,bandwidth_monster,0,WRITE,0x12d40000,262144
3594,bandwidth_monster,0,READ,0x12d80000,262144
3596,bandwidth_monster,0,WRITE,0x12dc0000,262144
3598,bandwidth_monster,0,WRITE,0x12e00000,262144
3599,bandwidth_monster,0,WRITE,0x12e40000,262144
3602,bandwidth_monster,0,WRITE,0x12e80000,262144
3604,bandwidth_monster,0,WRITE,0x12ec0000,262144
3608,bandwidth_monster,0,READ,0x12f00000,262144
3609,bandwidth_monster,0,READ,0x12f40000,262144
3609,victim1,1,READ,0x10000056000,4096
3610,victim3,3,READ,0x30000057000,4096
3611,bandwidth_monster,0,READ,0x12f80000,262144
3615,bandwidth_monster,0,WRITE,0x12fc0000,262144
3620,bandwidth_monster,0,READ,0x13000000,262144
3620,victim2,2,READ,0x20000056000,4096
3621,bandwidth_monster,0,READ,0x13040000,262144
3626,bandwidth_monster,0,READ,0x13080000,262144
3628,bandwidth_monster,0,WRITE,0x130c0000,262144
3630,victim1,1,READ,0x10000057000,4096
3633,bandwidth_monster,0,WRITE,0x13100000,262144
3636,bandwidth_monster,0,WRITE,0x13140000,262144
3640,bandwidth_monster,0,READ,0x13180000,262144
3643,bandwidth_monster,0,WRITE,0x131c0000,262144
3644,bandwidth_monster,0,WRITE,0x13200000,262144
3647,bandwidth_monster,0,READ,0x13240000,262144
3649,bandwidth_monster,0,WRITE,0x13280000,262144
3651,bandwidth_monster,0,WRITE,0x132c0000,262144
3654,victim2,2,READ,0x20000057000,4096
3656,bandwidth_monster,0,WRITE,0x13300000,262144
3661,bandwidth_monster,0,READ,0x13340000,262144
3661,victim3,3,READ,0x30000058000,4096
3664,bandwidth_monster,0,WRITE,0x13380000,262144
3665,bandwidth_monster,0,READ,0x133c0000,262144
3670,bandwidth_monster,0,WRITE,0x13400000,262144
3672,bandwidth_monster,0,WRITE,0x13440000,262144
3673,bandwidth_monster,0,READ,0x13480000,262144
3676,bandwidth_monster,0,READ,0x134c0000,262144
3679,bandwidth_monster,0,WRITE,0x13500000,262144
3681,bandwidth_monster,0,READ,0x13540000,262144
3684,bandwidth_monster,0,WRITE,0x13580000,262144
3686,bandwidth_monster,0,WRITE,0x135c0000,262144
3688,bandwidth_monster,0,READ,0x13600000,262144
3688,victim1,1,READ,0x10000058000,4096
3689,bandwidth_monster,0,READ,0x13640000,262144
3692,bandwidth_monster,0,WRITE,0x13680000,262144
3693,bandwidth_monster,0,WRITE,0x136c0000,262144
3694,bandwidth_monster,0,WRITE,0x13700000,262144
3696,bandwidth_monster,0,WRITE,0x13740000,262144
3697,victim2,2,READ,0x20000058000,4096
3698,bandwidth_monster,0,WRITE,0x13780000,262144
3702,bandwidth_monster,0,READ,0x137c0000,262144
3702,victim3,3,READ,0x30000059000,4096
3703,bandwidth_monster,0,WRITE,0x13800000,262144
3708,bandwidth_monster,0,WRITE,0x13840000,262144
3709,bandwidth_monster,0,WRITE,0x13880000,262144
3710,bandwidth_monster,0,WRITE,0x138c0000,262144
3714,bandwidth_monster,0,READ,0x13900000,262144
3717,victim1,1,READ,0x10000059000,4096
3717,victim2,2,READ,0x20000059000,4096
3718,bandwidth_monster,0,WRITE,0x13940000,262144
3721,bandwidth_monster,0,WRITE,0x13980000,262144
3722,victim3,3,READ,0x3000005a000,4096
3725,bandwidth_monster,0,READ,0x139c0000,262144
3727,bandwidth_monster,0,WRITE,0x13a00000,262144
3728,bandwidth_monster,0,READ,0x13a40000,262144
3732,bandwidth_monster,0,WRITE,0x13a80000,262144
3734,bandwidth_monster,0,WRITE,0x13ac0000,262144
3736,bandwidth_monster,0,WRITE,0x13b00000,262144
3738,bandwidth_monster,0,WRITE,0x13b40000,262144
3742,bandwidth_monster,0,WRITE,0x13b80000,262144
3744,bandwidth_monster,0,WRITE,0x13bc0000,262144
3746,victim1,1,READ,0x1000005a000,4096
3748,bandwidth_monster,0,WRITE,0x13c00000,262144
3753,bandwidth_monster,0,WRITE,0x13c40000,262144
3758,bandwidth_monster,0,WRITE,0x13c80000,262144
3758,victim3,3,READ,0x3000005b000,4096
3763,bandwidth_monster,0,READ,0x13cc0000,262144
3765,bandwidth_monster,0,WRITE,0x13d00000,262144
3769,bandwidth_monster,0,READ,0x13d40000,262144
3773,bandwidth_monster,0,READ,0x13d80000,262144
3775,bandwidth_monster,0,WRITE,0x13dc0000,262144
3775,victim1,1,WRITE,0x1000005b000,4096
3776,victim2,2,READ,0x2000005a000,4096
3777,bandwidth_monster,0,READ,0x13e00000,262144
3782,bandwidth_monster,0,WRITE,0x13e40000,262144
3784,bandwidth_monster,0,WRITE,0x13e80000,262144
3786,bandwidth_monster,0,WRITE,0x13ec0000,262144
3788,bandwidth_monster,0,READ,0x13f00000,262144
3792,bandwidth_monster,0,WRITE,0x13f40000,262144
3794,bandwidth_monster,0,WRITE,0x13f80000,262144
3795,victim3,3,READ,0x3000005c000,4096
3796,victim2,2,READ,0x2000005b000,4096
3797,bandwidth_monster,0,WRITE,0x13fc0000,262144
3799,bandwidth_monster,0,READ,0x14000000,262144
3802,bandwidth_monster,0,WRITE,0x14040000,262144
3803,bandwidth_monster,0,WRITE,0x14080000,262144
3806,bandwidth_monster,0,WRITE,0x140c0000,262144
3809,bandwidth_monster,0,WRITE,0x14100000,262144
3813,victim1,1,READ,0x1000005c000,4096
3814,bandwidth_monster,0,WRITE,0x14140000,262144
3818,bandwidth_monster,0,WRITE,0x14180000,262144
3819,bandwidth_monster,0,WRITE,0x141c0000,262144
3824,bandwidth_monster,0,WRITE,0x14200000,262144
3828,bandwidth_monster,0,WRITE,0x14240000,262144
3833,bandwidth_monster,0,WRITE,0x14280000,262144
3838,bandwidth_monster,0,WRITE,0x142c0000,262144
3839,bandwidth_monster,0,WRITE,0x14300000,262144
3841,victim2,2,READ,0x2000005c000,4096
3841,victim3,3,READ,0x3000005d000,4096
3843,bandwidth_monster,0,WRITE,0x14340000,262144
3847,bandwidth_monster,0,READ,0x14380000,262144
3851,bandwidth_monster,0,WRITE,0x143c0000,262144
3853,bandwidth_monster,0,READ,0x14400000,262144
3858,bandwidth_monster,0,READ,0x14440000,262144
3859,bandwidth_monster,0,WRITE,0x14480000,262144
3860,bandwidth_monster,0,WRITE,0x144c0000,262144
3861,victim1,1,READ,0x1000005d000,4096
3865,bandwidth_monster,0,WRITE,0x14500000,262144
3870,bandwidth_monster,0,WRITE,0x14540000,262144
3873,bandwidth_monster,0,WRITE,0x14580000,262144
3876,bandwidth_monster,0,WRITE,0x145c0000,262144
3880,bandwidth_monster,0,READ,0x14600000,262144
3883,bandwidth_monster,0,WRITE,0x14640000,262144
3884,victim2,2,READ,0x2000005d000,4096
3885,bandwidth_monster,0,WRITE,0x14680000,262144
3890,bandwidth_monster,0,READ,0x146c0000,262144
3893,bandwidth_monster,0,WRITE,0x14700000,262144
3896,bandwidth_monster,0,WRITE,0x14740000,262144
3897,victim3,3,READ,0x3000005e000,4096
3899,victim1,1,READ,0x1000005e000,4096
3901,bandwidth_monster,0,READ,0x14780000,262144
3906,bandwidth_monster,0,READ,0x147c0000,262144
3910,bandwidth_monster,0,READ,0x14800000,262144
3915,bandwidth_monster,0,WRITE,0x14840000,262144
3916,victim2,2,READ,0x2000005e000,4096
3918,bandwidth_monster,0,WRITE,0x14880000,262144
3922,bandwidth_monster,0,WRITE,0x148c0000,262144
3923,bandwidth_monster,0,WRITE,0x14900000,262144
3925,bandwidth_monster,0,WRITE,0x14940000,262144
3929,bandwidth_monster,0,WRITE,0x14980000,262144
3930,bandwidth_monster,0,WRITE,0x149c0000,262144
3931,bandwidth_monster,0,WRITE,0x14a00000,262144
3933,bandwidth_monster,0,READ,0x14a40000,262144
3936,victim1,1,READ,0x1000005f000,4096
3937,bandwidth_monster,0,READ,0x14a80000,262144
3940,bandwidth_monster,0,WRITE,0x14ac0000,262144
3941,bandwidth_monster,0,WRITE,0x14b00000,262144
3945,bandwidth_monster,0,READ,0x14b40000,262144
3945,victim3,3,READ,0x3000005f000,4096
3949,bandwidth_monster,0,READ,0x14b80000,262144
3954,bandwidth_monster,0,WRITE,0x14bc0000,262144
3959,bandwidth_monster,0,READ,0x14c00000,262144
3961,victim2,2,READ,0x2000005f000,4096
3963,bandwidth_monster,0,READ,0x14c40000,262144
3966,bandwidth_monster,0,WRITE,0x14c80000,262144
3968,bandwidth_monster,0,WRITE,0x14cc0000,262144
3969,bandwidth_monster,0,WRITE,0x14d00000,262144
3970,bandwidth_monster,0,WRITE,0x14d40000,262144
3970,victim3,3,READ,0x30000060000,4096
3975,bandwidth_monster,0,WRITE,0x14d80000,262144
3978,bandwidth_monster,0,WRITE,0x14dc0000,262144
3981,bandwidth_monster,0,READ,0x14e00000,262144
3985,bandwidth_monster,0,READ,0x14e40000,262144
3990,bandwidth_monster,0,WRITE,0x14e80000,262144
3993,victim1,1,WRITE,0x10000060000,4096
3995,bandwidth_monster,0,WRITE,0x14ec0000,262144
3998,bandwidth_monster,0,WRITE,0x14f00000,262144
4000,victim2,2,READ,0x20000060000,4096
4001,bandwidth_monster,0,READ,0x14f40000,262144
4001,victim3,3,READ,0x30000061000,4096
4002,bandwidth_monster,0,WRITE,0x14f80000,262144
4007,bandwidth_monster,0,WRITE,0x14fc0000,262144
4010,bandwidth_monster,0,WRITE,0x15000000,262144
4015,bandwidth_monster,0,WRITE,0x15040000,262144
4017,bandwidth_monster,0,WRITE,0x15080000,262144
4019,bandwidth_monster,0,WRITE,0x150c0000,262144
4019,victim1,1,READ,0x10000061000,4096
4023,bandwidth_monster,0,WRITE,0x15100000,262144
4025,bandwidth_monster,0,WRITE,0x15140000,262144
4030,bandwidth_monster,0,WRITE,0x15180000,262144
4031,bandwidth_monster,0,WRITE,0x151c0000,262144
4036,bandwidth_monster,0,READ,0x15200000,262144
4038,bandwidth_monster,0,WRITE,0x15240000,262144
4040,bandwidth_monster,0,WRITE,0x15280000,262144
4045,bandwidth_monster,0,WRITE,0x152c0000,262144
4046,bandwidth_monster,0,WRITE,0x15300000,262144
4049,victim3,3,READ,0x30000062000,4096
4051,bandwidth_monster,0,WRITE,0x15340000,262144
4051,victim2,2,READ,0x20000061000,4096
4054,bandwidth_monster,0,WRITE,0x15380000,262144
4056,bandwidth_monster,0,WRITE,0x153c0000,262144
4060,bandwidth_monster,0,WRITE,0x15400000,262144
4063,bandwidth_monster,0,WRITE,0x15440000,262144
4064,bandwidth_monster,0,WRITE,0x15480000,262144
4066,bandwidth_monster,0,WRITE,0x154c0000,262144
4067,bandwidth_monster,0,WRITE,0x15500000,262144
4068,bandwidth_monster,0,WRITE,0x15540000,262144
4071,victim3,3,READ,0x30000063000,4096
4073,bandwidth_monster,0,WRITE,0x15580000,262144
4076,bandwidth_monster,0,WRITE,0x155c0000,262144
4076,victim1,1,READ,0x10000062000,4096
4078,victim2,2,READ,0x20000062000,4096
4080,bandwidth_monster,0,WRITE,0x15600000,262144
4083,bandwidth_monster,0,WRITE,0x15640000,262144
4084,bandwidth_monster,0,WRITE,0x15680000,262144
4086,bandwidth_monster,0,READ,0x156c0000,262144
4091,bandwidth_monster,0,WRITE,0x15700000,262144
4094,bandwidth_monster,0,WRITE,0x15740000,262144
4097,bandwidth_monster,0,READ,0x15780000,262144
4098,bandwidth_monster,0,READ,0x157c0000,262144
4099,victim3,3,READ,0x30000064000,4096
4101,bandwidth_monster,0,WRITE,0x15800000,262144
4104,bandwidth_monster,0,WRITE,0x15840000,262144
4107,bandwidth_monster,0,READ,0x15880000,262144
4111,bandwidth_monster,0,READ,0x158c0000,262144
4112,victim2,2,READ,0x20000063000,4096
4113,bandwidth_monster,0,WRITE,0x15900000,262144
4117,bandwidth_monster,0,WRITE,0x15940000,262144
4117,victim1,1,READ,0x10000063000,4096
4120,bandwidth_monster,0,WRITE,0x15980000,262144
4121,bandwidth_monster,0,READ,0x159c0000,262144
4126,bandwidth_monster,0,WRITE,0x15a00000,262144
4129,bandwidth_monster,0,READ,0x15a40000,262144
4132,bandwidth_monster,0,WRITE,0x15a80000,262144
4132,victim2,2,READ,0x20000064000,4096
4133,bandwidth_monster,0,WRITE,0x15ac0000,262144
4136,victim3,3,READ,0x30000065000,4096
4137,bandwidth_monster,0,READ,0x15b00000,262144
4139,bandwidth_monster,0,WRITE,0x15b40000,262144
4143,bandwidth_monster,0,WRITE,0x15b80000,262144
4147,bandwidth_monster,0,WRITE,0x15bc0000,262144
4148,bandwidth_monster,0,WRITE,0x15c00000,262144
4150,bandwidth_monster,0,WRITE,0x15c40000,262144
4153,bandwidth_monster,0,WRITE,0x15c80000,262144
4156,bandwidth_monster,0,WRITE,0x15cc0000,262144
4160,bandwidth_monster,0,READ,0x15d00000,262144
4161,bandwidth_monster,0,READ,0x15d40000,262144
4164,bandwidth_monster,0,WRITE,0x15d80000,262144
4166,bandwidth_monster,0,WRITE,0x15dc0000,262144
4166,victim1,1,READ,0x10000064000,4096
4169,bandwidth_monster,0,READ,0x15e00000,262144
4173,bandwidth_monster,0,WRITE,0x15e40000,262144
4177,bandwidth_monster,0,READ,0x15e80000,262144
4178,bandwidth_monster,0,WRITE,0x15ec0000,262144
4179,victim2,2,READ,0x20000065000,4096
4182,bandwidth_monster,0,READ,0x15f00000,262144
4184,bandwidth_monster,0,WRITE,0x15f40000,262144
4188,bandwidth_monster,0,WRITE,0x15f80000,262144
4188,victim3,3,READ,0x30000066000,4096
4191,bandwidth_monster,0,READ,0x15fc0000,262144
4195,bandwidth_monster,0,WRITE,0x16000000,262144
4198,bandwidth_monster,0,READ,0x16040000,262144
4200,bandwidth_monster,0,WRITE,0x16080000,262144
4201,victim1,1,READ,0x10000065000,4096
4202,bandwidth_monster,0,READ,0x160c0000,262144
4204,bandwidth_monster,0,WRITE,0x16100000,262144
4206,bandwidth_monster,0,READ,0x16140000,262144
4211,bandwidth_monster,0,READ,0x16180000,262144
4215,bandwidth_monster,0,WRITE,0x161c0000,262144
4218,bandwidth_monster,0,WRITE,0x16200000,262144
4220,bandwidth_monster,0,WRITE,0x16240000,262144
4221,victim3,3,WRITE,0x30000067000,4096
4224,bandwidth_monster,0,WRITE,0x16280000,262144
4226,bandwidth_monster,0,WRITE,0x162c0000,262144
4229,bandwidth_monster,0,WRITE,0x16300000,262144
4230,victim1,1,READ,0x10000066000,4096
4231,bandwidth_monster,0,WRITE,0x16340000,262144
4232,victim2,2,READ,0x20000066000,4096
4234,bandwidth_monster,0,WRITE,0x16380000,262144
4237,bandwidth_monster,0,READ,0x163c0000,262144
4239,bandwidth_monster,0,WRITE,0x16400000,262144
4244,bandwidth_monster,0,WRITE,0x16440000,262144
4249,bandwidth_monster,0,READ,0x16480000,262144
4254,bandwidth_monster,0,WRITE,0x164c0000,262144
4258,victim2,2,READ,0x20000067000,4096
4259,bandwidth_monster,0,WRITE,0x16500000,262144
4264,bandwidth_monster,0,WRITE,0x16540000,262144
4269,bandwidth_monster,0,WRITE,0x16580000,262144
4271,victim3,3,READ,0x30000068000,4096
4273,bandwidth_monster,0,WRITE,0x165c0000,262144
4277,bandwidth_monster,0,WRITE,0x16600000,262144
4281,bandwidth_monster,0,READ,0x16640000,262144
4281,victim1,1,READ,0x10000067000,4096
4285,bandwidth_monster,0,READ,0x16680000,262144
4290,bandwidth_monster,0,WRITE,0x166c0000,262144
4292,bandwidth_monster,0,WRITE,0x16700000,262144
4297,bandwidth_monster,0,READ,0x16740000,262144
4298,bandwidth_monster,0,WRITE,0x16780000,262144
4299,victim2,2,READ,0x20000068000,4096
4300,victim3,3,READ,0x30000069000,4096
4302,bandwidth_monster,0,WRITE,0x167c0000,262144
4307,bandwidth_monster,0,WRITE,0x16800000,262144
4309,bandwidth_monster,0,READ,0x16840000,262144
4311,victim1,1,READ,0x10000068000,4096
4312,bandwidth_monster,0,WRITE,0x16880000,262144
4314,bandwidth_monster,0,WRITE,0x168c0000,262144
4315,bandwidth_monster,0,READ,0x16900000,262144
4317,bandwidth_monster,0,WRITE,0x16940000,262144
4322,bandwidth_monster,0,WRITE,0x16980000,262144
4322,victim3,3,READ,0x3000006a000,4096
4325,bandwidth_monster,0,READ,0x169c0000,262144
4329,bandwidth_monster,0,WRITE,0x16a00000,262144
4331,bandwidth_monster,0,READ,0x16a40000,262144
4336,bandwidth_monster,0,WRITE,0x16a80000,262144
4337,bandwidth_monster,0,WRITE,0x16ac0000,262144
4340,bandwidth_monster,0,WRITE,0x16b00000,262144
4341,bandwidth_monster,0,WRITE,0x16b40000,262144
4343,bandwidth_monster,0,WRITE,0x16b80000,262144
4345,victim1,1,READ,0x10000069000,4096
4345,victim2,2,WRITE,0x20000069000,4096
4346,bandwidth_monster,0,WRITE,0x16bc0000,262144
4347,bandwidth_monster,0,READ,0x16c00000,262144
4352,bandwidth_monster,0,WRITE,0x16c40000,262144
4357,bandwidth_monster,0,WRITE,0x16c80000,262144
4359,bandwidth_monster,0,WRITE,0x16cc0000,262144
4360,bandwidth_monster,0,WRITE,0x16d00000,262144
4362,bandwidth_monster,0,WRITE,0x16d40000,262144
4362,victim3,3,READ,0x3000006b000,4096
4365,bandwidth_monster,0,WRITE,0x16d80000,262144
4370,bandwidth_monster,0,WRITE,0x16dc0000,262144
4372,bandwidth_monster,0,WRITE,0x16e00000,262144
4377,bandwidth_monster,0,WRITE,0x16e40000,262144
4382,bandwidth_monster,0,READ,0x16e80000,262144
4383,bandwidth_monster,0,WRITE,0x16ec0000,262144
4384,victim3,3,READ,0x3000006c000,4096
4386,bandwidth_monster,0,WRITE,0x16f00000,262144
4389,bandwidth_monster,0,WRITE,0x16f40000,262144
4394,bandwidth_monster,0,WRITE,0x16f80000,262144
4398,bandwidth_monster,0,WRITE,0x16fc0000,262144
4398,victim1,1,WRITE,0x1000006a000,4096
4399,victim2,2,READ,0x2000006a000,4096
4403,bandwidth_monster,0,READ,0x17000000,262144
4404,bandwidth_monster,0,READ,0x17040000,262144
4405,bandwidth_monster,0,WRITE,0x17080000,262144
4406,bandwidth_monster,0,WRITE,0x170c0000,262144
4408,bandwidth_monster,0,WRITE,0x17100000,262144
4409,bandwidth_monster,0,READ,0x17140000,262144
4410,bandwidth_monster,0,READ,0x17180000,262144
4412,bandwidth_monster,0,WRITE,0x171c0000,262144
4417,bandwidth_monster,0,READ,0x17200000,262144
4422,bandwidth_monster,0,WRITE,0x17240000,262144
4424,victim3,3,READ,0x3000006d000,4096
4427,bandwidth_monster,0,WRITE,0x17280000,262144
4428,victim1,1,READ,0x1000006b000,4096
4430,bandwidth_monster,0,WRITE,0x172c0000,262144
4434,bandwidth_monster,0,WRITE,0x17300000,262144
4438,bandwidth_monster,0,WRITE,0x17340000,262144
4441,bandwidth_monster,0,WRITE,0x17380000,262144
4442,bandwidth_monster,0,WRITE,0x173c0000,262144
4442,victim2,2,READ,0x2000006b000,4096
4444,bandwidth_monster,0,READ,0x17400000,262144
4445,bandwidth_monster,0,READ,0x17440000,262144
4446,bandwidth_monster,0,WRITE,0x17480000,262144
4448,bandwidth_monster,0,WRITE,0x174c0000,262144
4453,bandwidth_monster,0,WRITE,0x17500000,262144
4457,bandwidth_monster,0,WRITE,0x17540000,262144
4460,bandwidth_monster,0,READ,0x17580000,262144
4464,bandwidth_monster,0,WRITE,0x175c0000,262144
4465,bandwidth_monster,0,WRITE,0x17600000,262144
4469,bandwidth_monster,0,WRITE,0x17640000,262144
4470,bandwidth_monster,0,WRITE,0x17680000,262144
4474,bandwidth_monster,0,WRITE,0x176c0000,262144
4475,victim3,3,READ,0x3000006e000,4096
4478,bandwidth_monster,0,WRITE,0x17700000,262144
4480,victim1,1,READ,0x1000006c000,4096
4483,bandwidth_monster,0,WRITE,0x17740000,262144
4485,bandwidth_monster,0,WRITE,0x17780000,262144
4486,bandwidth_monster,0,READ,0x177c0000,262144
4491,bandwidth_monster,0,WRITE,0x17800000,262144
4492,victim2,2,READ,0x2000006c000,4096
4496,bandwidth_monster,0,WRITE,0x17840000,262144
4501,bandwidth_monster,0,READ,0x17880000,262144
4501,victim3,3,READ,0x3000006f000,4096
4506,bandwidth_monster,0,WRITE,0x178c0000,262144
4508,bandwidth_monster,0,WRITE,0x17900000,262144
4510,bandwidth_monster,0,WRITE,0x17940000,262144
4514,bandwidth_monster,0,WRITE,0x17980000,262144
4515,bandwidth_monster,0,READ,0x179c0000,262144
4516,victim1,1,WRITE,0x1000006d000,4096
4518,bandwidth_monster,0,WRITE,0x17a00000,262144
4519,bandwidth_monster,0,WRITE,0x17a40000,262144
4523,bandwidth_monster,0,READ,0x17a80000,262144
4526,bandwidth_monster,0,READ,0x17ac0000,262144
4529,bandwidth_monster,0,READ,0x17b00000,262144
4531,bandwidth_monster,0,WRITE,0x17b40000,262144
4533,bandwidth_monster,0,WRITE,0x17b80000,262144
4534,bandwidth_monster,0,WRITE,0x17bc0000,262144
4535,bandwidth_monster,0,WRITE,0x17c00000,262144
4537,bandwidth_monster,0,WRITE,0x17c40000,262144
4537,victim2,2,READ,0x2000006d000,4096
4540,bandwidth_monster,0,WRITE,0x17c80000,262144
4545,bandwidth_monster,0,READ,0x17cc0000,262144
4546,bandwidth_monster,0,WRITE,0x17d00000,262144
4547,bandwidth_monster,0,WRITE,0x17d40000,262144
4550,bandwidth_monster,0,WRITE,0x17d80000,262144
4553,bandwidth_monster,0,WRITE,0x17dc0000,262144
4556,victim3,3,READ,0x30000070000,4096
4557,bandwidth_monster,0,WRITE,0x17e00000,262144
4559,victim1,1,READ,0x1000006e000,4096
4560,bandwidth_monster,0,READ,0x17e40000,262144
4561,bandwidth_monster,0,READ,0x17e80000,262144
4563,victim2,2,READ,0x2000006e000,4096
4566,bandwidth_monster,0,WRITE,0x17ec0000,262144
4568,bandwidth_monster,0,WRITE,0x17f00000,262144
4571,bandwidth_monster,0,WRITE,0x17f40000,262144
4574,bandwidth_monster,0,READ,0x17f80000,262144
4578,bandwidth_monster,0,READ,0x17fc0000,262144
4581,bandwidth_monster,0,WRITE,0x18000000,262144
4584,bandwidth_monster,0,WRITE,0x18040000,262144
4585,bandwidth_monster,0,READ,0x18080000,262144
4587,victim2,2,READ,0x2000006f000,4096
4589,victim1,1,READ,0x1000006f000,4096
4590,bandwidth_monster,0,WRITE,0x180c0000,262144
4595,bandwidth_monster,0,READ,0x18100000,262144
4596,bandwidth_monster,0,WRITE,0x18140000,262144
4600,bandwidth_monster,0,READ,0x18180000,262144
4603,victim3,3,READ,0x30000071000,4096
4605,bandwidth_monster,0,WRITE,0x181c0000,262144
4610,bandwidth_monster,0,WRITE,0x18200000,262144
4615,bandwidth_monster,0,READ,0x18240000,262144
4618,bandwidth_monster,0,READ,0x18280000,262144
4619,bandwidth_monster,0,READ,0x182c0000,262144
4620,bandwidth_monster,0,WRITE,0x18300000,262144
4621,bandwidth_monster,0,WRITE,0x18340000,262144
4626,bandwidth_monster,0,READ,0x18380000,262144
4630,bandwidth_monster,0,WRITE,0x183c0000,262144
4631,victim3,3,WRITE,0x30000072000,4096
4634,bandwidth_monster,0,WRITE,0x18400000,262144
4636,bandwidth_monster,0,WRITE,0x18440000,262144
4639,bandwidth_monster,0,WRITE,0x18480000,262144
4641,bandwidth_monster,0,WRITE,0x184c0000,262144
4642,victim2,2,READ,0x20000070000,4096
4644,victim1,1,READ,0x10000070000,4096
4645,bandwidth_monster,0,WRITE,0x18500000,262144
4650,bandwidth_monster,0,WRITE,0x18540000,262144
4652,victim3,3,READ,0x30000073000,4096
4655,bandwidth_monster,0,WRITE,0x18580000,262144
4660,bandwidth_monster,0,WRITE,0x185c0000,262144
4662,bandwidth_monster,0,WRITE,0x18600000,262144
4667,bandwidth_monster,0,WRITE,0x18640000,262144
4671,bandwidth_monster,0,WRITE,0x18680000,262144
4672,victim3,3,READ,0x30000074000,4096
4673,bandwidth_monster,0,WRITE,0x186c0000,262144
4674,bandwidth_monster,0,WRITE,0x18700000,262144
4677,bandwidth_monster,0,WRITE,0x18740000,262144
4678,victim2,2,READ,0x20000071000,4096
4682,bandwidth_monster,0,WRITE,0x18780000,262144
4685,bandwidth_monster,0,WRITE,0x187c0000,262144
4688,bandwidth_monster,0,WRITE,0x18800000,262144
4693,bandwidth_monster,0,READ,0x18840000,262144
4694,bandwidth_monster,0,WRITE,0x18880000,262144
4694,victim1,1,READ,0x10000071000,4096
4698,bandwidth_monster,0,WRITE,0x188c0000,262144
4702,bandwidth_monster,0,READ,0x18900000,262144
4707,bandwidth_monster,0,WRITE,0x18940000,262144
4709,victim3,3,READ,0x30000075000,4096
4712,bandwidth_monster,0,READ,0x18980000,262144
4717,bandwidth_monster,0,READ,0x189c0000,262144
4720,victim1,1,READ,0x10000072000,4096
4721,victim2,2,READ,0x20000072000,4096
4722,bandwidth_monster,0,WRITE,0x18a00000,262144
4725,bandwidth_monster,0,WRITE,0x18a40000,262144
4730,bandwidth_monster,0,READ,0x18a80000,262144
4731,bandwidth_monster,0,READ,0x18ac0000,262144
4736,bandwidth_monster,0,READ,0x18b00000,262144
4738,bandwidth_monster,0,WRITE,0x18b40000,262144
4742,bandwidth_monster,0,WRITE,0x18b80000,262144
4744,bandwidth_monster,0,WRITE,0x18bc0000,262144
4747,victim1,1,READ,0x10000073000,4096
4748,bandwidth_monster,0,WRITE,0x18c00000,262144
4752,bandwidth_monster,0,WRITE,0x18c40000,262144
4755,bandwidth_monster,0,WRITE,0x18c80000,262144
4756,victim2,2,READ,0x20000073000,4096
4759,bandwidth_monster,0,WRITE,0x18cc0000,262144
4759,victim3,3,WRITE,0x30000076000,4096
4764,bandwidth_monster,0,WRITE,0x18d00000,262144
4766,bandwidth_monster,0,READ,0x18d40000,262144
4767,bandwidth_monster,0,WRITE,0x18d80000,262144
4768,bandwidth_monster,0,READ,0x18dc0000,262144
4772,bandwidth_monster,0,WRITE,0x18e00000,262144
4774,bandwidth_monster,0,WRITE,0x18e40000,262144
4776,bandwidth_monster,0,READ,0x18e80000,262144
4781,bandwidth_monster,0,READ,0x18ec0000,262144
4785,bandwidth_monster,0,READ,0x18f00000,262144
4787,bandwidth_monster,0,WRITE,0x18f40000,262144
4789,bandwidth_monster,0,WRITE,0x18f80000,262144
4793,bandwidth_monster,0,WRITE,0x18fc0000,262144
4798,bandwidth_monster,0,READ,0x19000000,262144
4799,bandwidth_monster,0,WRITE,0x19040000,262144
4799,victim1,1,READ,0x10000074000,4096
4802,bandwidth_monster,0,WRITE,0x19080000,262144
4803,victim3,3,READ,0x30000077000,4096
4804,victim2,2,WRITE,0x20000074000,4096
4807,bandwidth_monster,0,WRITE,0x190c0000,262144
4809,bandwidth_monster,0,READ,0x19100000,262144
4814,bandwidth_monster,0,WRITE,0x19140000,262144
4818,bandwidth_monster,0,WRITE,0x19180000,262144
4823,bandwidth_monster,0,WRITE,0x191c0000,262144
4825,bandwidth_monster,0,READ,0x19200000,262144
4828,bandwidth_monster,0,WRITE,0x19240000,262144
4831,bandwidth_monster,0,WRITE,0x19280000,262144
4833,bandwidth_monster,0,WRITE,0x192c0000,262144
4837,bandwidth_monster,0,WRITE,0x19300000,262144
4840,bandwidth_monster,0,WRITE,0x19340000,262144
4840,victim2,2,READ,0x20000075000,4096
4841,bandwidth_monster,0,READ,0x19380000,262144
4846,bandwidth_monster,0,WRITE,0x193c0000,262144
4850,bandwidth_monster,0,WRITE,0x19400000,262144
4852,bandwidth_monster,0,WRITE,0x19440000,262144
4857,bandwidth_monster,0,WRITE,0x19480000,262144
4858,victim1,1,READ,0x10000075000,4096
4859,bandwidth_monster,0,WRITE,0x194c0000,262144
4860,bandwidth_monster,0,WRITE,0x19500000,262144
4861,victim3,3,READ,0x30000078000,4096
4863,bandwidth_monster,0,READ,0x19540000,262144
4865,bandwidth_monster,0,WRITE,0x19580000,262144
4867,victim2,2,READ,0x20000076000,4096
4869,bandwidth_monster,0,WRITE,0x195c0000,262144
4870,bandwidth_monster,0,WRITE,0x19600000,262144
4873,bandwidth_monster,0,WRITE,0x19640000,262144
4875,bandwidth_monster,0,WRITE,0x19680000,262144
4878,bandwidth_monster,0,WRITE,0x196c0000,262144
4879,bandwidth_monster,0,WRITE,0x19700000,262144
4883,bandwidth_monster,0,WRITE,0x19740000,262144
4887,bandwidth_monster,0,WRITE,0x19780000,262144
4888,victim3,3,READ,0x30000079000,4096
4890,bandwidth_monster,0,READ,0x197c0000,262144
4892,victim2,2,WRITE,0x20000077000,4096
4894,bandwidth_monster,0,WRITE,0x19800000,262144
4896,bandwidth_monster,0,WRITE,0x19840000,262144
4900,bandwidth_monster,0,WRITE,0x19880000,262144
4901,bandwidth_monster,0,WRITE,0x198c0000,262144
4902,bandwidth_monster,0,READ,0x19900000,262144
4904,bandwidth_monster,0,WRITE,0x19940000,262144
4907,victim1,1,READ,0x10000076000,4096
4908,bandwidth_monster,0,WRITE,0x19980000,262144
4910,bandwidth_monster,0,WRITE,0x199c0000,262144
4913,bandwidth_monster,0,WRITE,0x19a00000,262144
4917,bandwidth_monster,0,READ,0x19a40000,262144
4920,bandwidth_monster,0,WRITE,0x19a80000,262144
4922,bandwidth_monster,0,READ,0x19ac0000,262144
4923,bandwidth_monster,0,WRITE,0x19b00000,262144
4927,bandwidth_monster,0,WRITE,0x19b40000,262144
4930,bandwidth_monster,0,WRITE,0x19b80000,262144
4932,victim3,3,READ,0x3000007a000,4096
4933,victim2,2,READ,0x20000078000,4096
4934,bandwidth_monster,0,WRITE,0x19bc0000,262144
4936,bandwidth_monster,0,READ,0x19c00000,262144
4937,bandwidth_monster,0,READ,0x19c40000,262144
4939,bandwidth_monster,0,READ,0x19c80000,262144
4943,bandwidth_monster,0,WRITE,0x19cc0000,262144
4945,bandwidth_monster,0,WRITE,0x19d00000,262144
4946,bandwidth_monster,0,WRITE,0x19d40000,262144
4951,bandwidth_monster,0,WRITE,0x19d80000,262144
4952,bandwidth_monster,0,READ,0x19dc0000,262144
4953,bandwidth_monster,0,WRITE,0x19e00000,262144
4954,bandwidth_monster,0,READ,0x19e40000,262144
4956,victim2,2,READ,0x20000079000,4096
4958,bandwidth_monster,0,WRITE,0x19e80000,262144
4959,bandwidth_monster,0,WRITE,0x19ec0000,262144
4960,bandwidth_monster,0,READ,0x19f00000,262144
4962,victim1,1,READ,0x10000077000,4096
4963,bandwidth_monster,0,WRITE,0x19f40000,262144
4964,bandwidth_monster,0,WRITE,0x19f80000,262144
4969,bandwidth_monster,0,READ,0x19fc0000,262144
4970,bandwidth_monster,0,WRITE,0x1a000000,262144
4972,victim3,3,READ,0x3000007b000,4096
4975,bandwidth_monster,0,READ,0x1a040000,262144
4977,bandwidth_monster,0,WRITE,0x1a080000,262144
4979,victim2,2,READ,0x2000007a000,4096
4980,bandwidth_monster,0,WRITE,0x1a0c0000,262144
4984,bandwidth_monster,0,WRITE,0x1a100000,262144
4987,bandwidth_monster,0,READ,0x1a140000,262144
4989,bandwidth_monster,0,WRITE,0x1a180000,262144
4991,bandwidth_monster,0,WRITE,0x1a1c0000,262144
4995,bandwidth_monster,0,READ,0x1a200000,262144
4996,bandwidth_monster,0,READ,0x1a240000,262144
4998,bandwidth_monster,0,WRITE,0x1a280000,262144
4999,bandwidth_monster,0,WRITE,0x1a2c0000,262144
5004,bandwidth_monster,0,WRITE,0x1a300000,262144
5005,bandwidth_monster,0,WRITE,0x1a340000,262144
5006,bandwidth_monster,0,READ,0x1a380000,262144
5007,bandwidth_monster,0,WRITE,0x1a3c0000,262144
5007,victim1,1,READ,0x10000078000,4096
5012,bandwidth_monster,0,WRITE,0x1a400000,262144
5014,bandwidth_monster,0,WRITE,0x1a440000,262144
5015,bandwidth_monster,0,WRITE,0x1a480000,262144
5020,bandwidth_monster,0,READ,0x1a4c0000,262144
5022,bandwidth_monster,0,READ,0x1a500000,262144
5024,bandwidth_monster,0,WRITE,0x1a540000,262144
5029,bandwidth_monster,0,READ,0x1a580000,262144
5031,bandwidth_monster,0,READ,0x1a5c0000,262144
5031,victim3,3,READ,0x3000007c000,4096
5033,bandwidth_monster,0,WRITE,0x1a600000,262144
5037,victim2,2,READ,0x2000007b000,4096
5038,bandwidth_monster,0,WRITE,0x1a640000,262144
5041,bandwidth_monster,0,WRITE,0x1a680000,262144
5042,bandwidth_monster,0,WRITE,0x1a6c0000,262144
5044,bandwidth_monster,0,WRITE,0x1a700000,262144
5046,bandwidth_monster,0,WRITE,0x1a740000,262144
5047,bandwidth_monster,0,WRITE,0x1a780000,262144
5050,bandwidth_monster,0,WRITE,0x1a7c0000,262144
5050,victim1,1,READ,0x10000079000,4096
5051,bandwidth_monster,0,WRITE,0x1a800000,262144
5053,bandwidth_monster,0,WRITE,0x1a840000,262144
5054,bandwidth_monster,0,READ,0x1a880000,262144
5059,bandwidth_monster,0,WRITE,0x1a8c0000,262144
5062,bandwidth_monster,0,READ,0x1a900000,262144
5063,bandwidth_monster,0,WRITE,0x1a940000,262144
5066,bandwidth_monster,0,READ,0x1a980000,262144
5068,bandwidth_monster,0,WRITE,0x1a9c0000,262144
5072,bandwidth_monster,0,READ,0x1aa00000,262144
5074,victim2,2,READ,0x2000007c000,4096
5075,victim1,1,READ,0x1000007a000,4096
5077,bandwidth_monster,0,READ,0x1aa40000,262144
5082,bandwidth_monster,0,READ,0x1aa80000,262144
5085,bandwidth_monster,0,READ,0x1aac0000,262144
5088,bandwidth_monster,0,WRITE,0x1ab00000,262144
5089,victim3,3,READ,0x3000007d000,4096
5090,bandwidth_monster,0,WRITE,0x1ab40000,262144
5094,bandwidth_monster,0,WRITE,0x1ab80000,262144
5098,bandwidth_monster,0,WRITE,0x1abc0000,262144
5101,bandwidth_monster,0,READ,0x1ac00000,262144
5101,victim2,2,WRITE,0x2000007d000,4096
5105,victim1,1,WRITE,0x1000007b000,4096
5106,bandwidth_monster,0,WRITE,0x1ac40000,262144
5107,bandwidth_monster,0,WRITE,0x1ac80000,262144
5109,bandwidth_monster,0,WRITE,0x1acc0000,262144
5109,victim3,3,WRITE,0x3000007e000,4096
5110,bandwidth_monster,0,WRITE,0x1ad00000,262144
5113,bandwidth_monster,0,READ,0x1ad40000,262144
5117,bandwidth_monster,0,READ,0x1ad80000,262144
5122,bandwidth_monster,0,WRITE,0x1adc0000,262144
5123,bandwidth_monster,0,READ,0x1ae00000,262144
5125,bandwidth_monster,0,WRITE,0x1ae40000,262144
5129,bandwidth_monster,0,WRITE,0x1ae80000,262144
5132,bandwidth_monster,0,READ,0x1aec0000,262144
5132,victim2,2,READ,0x2000007e000,4096
5134,bandwidth_monster,0,WRITE,0x1af00000,262144
5138,bandwidth_monster,0,WRITE,0x1af40000,262144
5143,bandwidth_monster,0,READ,0x1af80000,262144
5148,bandwidth_monster,0,READ,0x1afc0000,262144
5152,bandwidth_monster,0,READ,0x1b000000,262144
5153,bandwidth_monster,0,WRITE,0x1b040000,262144
5154,bandwidth_monster,0,WRITE,0x1b080000,262144
5156,bandwidth_monster,0,WRITE,0x1b0c0000,262144
5157,victim1,1,READ,0x1000007c000,4096
5158,bandwidth_monster,0,WRITE,0x1b100000,262144
5159,victim3,3,READ,0x3000007f000,4096
5163,bandwidth_monster,0,READ,0x1b140000,262144
5164,bandwidth_monster,0,WRITE,0x1b180000,262144
5168,bandwidth_monster,0,WRITE,0x1b1c0000,262144
5170,bandwidth_monster,0,READ,0x1b200000,262144
5170,victim2,2,READ,0x2000007f000,4096
5175,bandwidth_monster,0,WRITE,0x1b240000,262144
5176,bandwidth_monster,0,WRITE,0x1b280000,262144
5179,bandwidth_monster,0,READ,0x1b2c0000,262144
5183,bandwidth_monster,0,WRITE,0x1b300000,262144
5184,bandwidth_monster,0,WRITE,0x1b340000,262144
5187,bandwidth_monster,0,WRITE,0x1b380000,262144
5190,bandwidth_monster,0,READ,0x1b3c0000,262144
5191,victim1,1,READ,0x1000007d000,4096
5192,bandwidth_monster,0,WRITE,0x1b400000,262144
5195,bandwidth_monster,0,READ,0x1b440000,262144
5199,bandwidth_monster,0,WRITE,0x1b480000,262144
5202,bandwidth_monster,0,READ,0x1b4c0000,262144
5205,bandwidth_monster,0,WRITE,0x1b500000,262144
5205,victim3,3,WRITE,0x30000080000,4096
5208,bandwidth_monster,0,WRITE,0x1b540000,262144
5211,bandwidth_monster,0,READ,0x1b580000,262144
5214,bandwidth_monster,0,WRITE,0x1b5c0000,262144
5216,bandwidth_monster,0,WRITE,0x1b600000,262144
5217,bandwidth_monster,0,READ,0x1b640000,262144
5222,bandwidth_monster,0,WRITE,0x1b680000,262144
5224,victim2,2,READ,0x20000080000,4096
5226,bandwidth_monster,0,WRITE,0x1b6c0000,262144
5231,bandwidth_monster,0,WRITE,0x1b700000,262144
5236,bandwidth_monster,0,WRITE,0x1b740000,262144
5238,victim3,3,READ,0x30000081000,4096
5241,bandwidth_monster,0,READ,0x1b780000,262144
5242,bandwidth_monster,0,WRITE,0x1b7c0000,262144
5246,victim1,1,READ,0x1000007e000,4096
5247,bandwidth_monster,0,WRITE,0x1b800000,262144
5251,bandwidth_monster,0,WRITE,0x1b840000,262144
5256,bandwidth_monster,0,WRITE,0x1b880000,262144
5260,bandwidth_monster,0,WRITE,0x1b8c0000,262144
5261,victim2,2,READ,0x20000081000,4096
5263,bandwidth_monster,0,WRITE,0x1b900000,262144
5268,bandwidth_monster,0,WRITE,0x1b940000,262144
5269,bandwidth_monster,0,WRITE,0x1b980000,262144
5271,bandwidth_monster,0,WRITE,0x1b9c0000,262144
5273,bandwidth_monster,0,WRITE,0x1ba00000,262144
5274,bandwidth_monster,0,WRITE,0x1ba40000,262144
5276,bandwidth_monster,0,READ,0x1ba80000,262144
5277,bandwidth_monster,0,WRITE,0x1bac0000,262144
5282,bandwidth_monster,0,WRITE,0x1bb00000,262144
5282,victim3,3,READ,0x30000082000,4096
5284,bandwidth_monster,0,WRITE,0x1bb40000,262144
5285,bandwidth_monster,0,WRITE,0x1bb80000,262144
5286,bandwidth_monster,0,WRITE,0x1bbc0000,262144
5288,bandwidth_monster,0,WRITE,0x1bc00000,262144
5291,bandwidth_monster,0,WRITE,0x1bc40000,262144
5292,bandwidth_monster,0,WRITE,0x1bc80000,262144
5296,bandwidth_monster,0,WRITE,0x1bcc0000,262144
5301,bandwidth_monster,0,WRITE,0x1bd00000,262144
5305,victim1,1,READ,0x1000007f000,4096
5306,bandwidth_monster,0,READ,0x1bd40000,262144
5306,victim3,3,READ,0x30000083000,4096
5309,bandwidth_monster,0,READ,0x1bd80000,262144
5311,bandwidth_monster,0,WRITE,0x1bdc0000,262144
5312,bandwidth_monster,0,WRITE,0x1be00000,262144
5312,victim2,2,READ,0x20000082000,4096
5314,bandwidth_monster,0,WRITE,0x1be40000,262144
5318,bandwidth_monster,0,READ,0x1be80000,262144
5319,bandwidth_monster,0,WRITE,0x1bec0000,262144
5324,bandwidth_monster,0,READ,0x1bf00000,262144
5328,bandwidth_monster,0,WRITE,0x1bf40000,262144
5330,bandwidth_monster,0,READ,0x1bf80000,262144
5335,bandwidth_monster,0,WRITE,0x1bfc0000,262144
5338,bandwidth_monster,0,WRITE,0x1c000000,262144
5339,victim1,1,READ,0x10000080000,4096
5342,bandwidth_monster,0,WRITE,0x1c040000,262144
5346,bandwidth_monster,0,WRITE,0x1c080000,262144
5349,bandwidth_monster,0,WRITE,0x1c0c0000,262144
5352,victim2,2,READ,0x20000083000,4096
5353,bandwidth_monster,0,WRITE,0x1c100000,262144
5355,bandwidth_monster,0,WRITE,0x1c140000,262144
5357,bandwidth_monster,0,WRITE,0x1c180000,262144
5358,bandwidth_monster,0,READ,0x1c1c0000,262144
5360,victim3,3,READ,0x30000084000,4096
5361,bandwidth_monster,0,WRITE,0x1c200000,262144
5365,bandwidth_monster,0,WRITE,0x1c240000,262144
5366,bandwidth_monster,0,WRITE,0x1c280000,262144
5368,bandwidth_monster,0,WRITE,0x1c2c0000,262144
5370,bandwidth_monster,0,WRITE,0x1c300000,262144
5373,bandwidth_monster,0,WRITE,0x1c340000,262144
5374,bandwidth_monster,0,READ,0x1c380000,262144
5375,victim1,1,READ,0x10000081000,4096
5379,bandwidth_monster,0,WRITE,0x1c3c0000,262144
5382,bandwidth_monster,0,WRITE,0x1c400000,262144
5386,bandwidth_monster,0,WRITE,0x1c440000,262144
5390,bandwidth_monster,0,WRITE,0x1c480000,262144
5392,bandwidth_monster,0,WRITE,0x1c4c0000,262144
5394,victim2,2,READ,0x20000084000,4096
5397,bandwidth_monster,0,WRITE,0x1c500000,262144
5402,bandwidth_monster,0,WRITE,0x1c540000,262144
5405,bandwidth_monster,0,READ,0x1c580000,262144
5407,bandwidth_monster,0,READ,0x1c5c0000,262144
5411,bandwidth_monster,0,WRITE,0x1c600000,262144
5412,bandwidth_monster,0,WRITE,0x1c640000,262144
5413,bandwidth_monster,0,READ,0x1c680000,262144
5414,victim3,3,WRITE,0x30000085000,4096
5416,bandwidth_monster,0,READ,0x1c6c0000,262144
5416,victim2,2,READ,0x20000085000,4096
5417,bandwidth_monster,0,WRITE,0x1c700000,262144
5422,bandwidth_monster,0,READ,0x1c740000,262144
5424,bandwidth_monster,0,WRITE,0x1c780000,262144
5428,bandwidth_monster,0,READ,0x1c7c0000,262144
5429,victim1,1,READ,0x10000082000,4096
5432,bandwidth_monster,0,READ,0x1c800000,262144
5434,bandwidth_monster,0,WRITE,0x1c840000,262144
5438,bandwidth_monster,0,WRITE,0x1c880000,262144
5439,bandwidth_monster,0,WRITE,0x1c8c0000,262144
5444,bandwidth_monster,0,READ,0x1c900000,262144
5446,bandwidth_monster,0,WRITE,0x1c940000,262144
5450,bandwidth_monster,0,READ,0x1c980000,262144
5455,bandwidth_monster,0,WRITE,0x1c9c0000,262144
5459,bandwidth_monster,0,WRITE,0x1ca00000,262144
5459,victim3,3,WRITE,0x30000086000,4096
5463,bandwidth_monster,0,WRITE,0x1ca40000,262144
5465,victim2,2,READ,0x20000086000,4096
5467,bandwidth_monster,0,WRITE,0x1ca80000,262144
5471,bandwidth_monster,0,WRITE,0x1cac0000,262144
5472,bandwidth_monster,0,READ,0x1cb00000,262144
5476,bandwidth_monster,0,WRITE,0x1cb40000,262144
5479,bandwidth_monster,0,READ,0x1cb80000,262144
5482,victim1,1,READ,0x10000083000,4096
5484,bandwidth_monster,0,READ,0x1cbc0000,262144
5486,bandwidth_monster,0,WRITE,0x1cc00000,262144
5486,victim3,3,READ,0x30000087000,4096
5490,victim2,2,READ,0x20000087000,4096
5491,bandwidth_monster,0,WRITE,0x1cc40000,262144
5494,bandwidth_monster,0,READ,0x1cc80000,262144
5499,bandwidth_monster,0,WRITE,0x1ccc0000,262144
5501,bandwidth_monster,0,READ,0x1cd00000,262144
5504,bandwidth_monster,0,READ,0x1cd40000,262144
5506,bandwidth_monster,0,WRITE,0x1cd80000,262144
5511,bandwidth_monster,0,READ,0x1cdc0000,262144
5516,bandwidth_monster,0,READ,0x1ce00000,262144
5517,bandwidth_monster,0,WRITE,0x1ce40000,262144
5519,bandwidth_monster,0,WRITE,0x1ce80000,262144
5520,bandwidth_monster,0,WRITE,0x1cec0000,262144
5520,victim3,3,READ,0x30000088000,4096
5522,bandwidth_monster,0,WRITE,0x1cf00000,262144
5522,victim1,1,READ,0x10000084000,4096
5524,bandwidth_monster,0,WRITE,0x1cf40000,262144
5526,bandwidth_monster,0,WRITE,0x1cf80000,262144
5527,bandwidth_monster,0,WRITE,0x1cfc0000,262144
5530,bandwidth_monster,0,WRITE,0x1d000000,262144
5535,bandwidth_monster,0,WRITE,0x1d040000,262144
5540,bandwidth_monster,0,WRITE,0x1d080000,262144
5542,victim2,2,READ,0x20000088000,4096
5543,bandwidth_monster,0,WRITE,0x1d0c0000,262144
5547,bandwidth_monster,0,WRITE,0x1d100000,262144
5549,victim1,1,READ,0x10000085000,4096
5551,bandwidth_monster,0,WRITE,0x1d140000,262144
5554,bandwidth_monster,0,WRITE,0x1d180000,262144
5556,bandwidth_monster,0,WRITE,0x1d1c0000,262144
5561,bandwidth_monster,0,WRITE,0x1d200000,262144
5562,bandwidth_monster,0,WRITE,0x1d240000,262144
5565,bandwidth_monster,0,WRITE,0x1d280000,262144
5568,bandwidth_monster,0,READ,0x1d2c0000,262144
5571,bandwidth_monster,0,WRITE,0x1d300000,262144
5573,bandwidth_monster,0,READ,0x1d340000,262144
5573,victim2,2,READ,0x20000089000,4096
5576,victim3,3,READ,0x30000089000,4096
5577,bandwidth_monster,0,READ,0x1d380000,262144
5578,victim1,1,READ,0x10000086000,4096
5579,bandwidth_monster,0,READ,0x1d3c0000,262144
5582,bandwidth_monster,0,WRITE,0x1d400000,262144
5583,bandwidth_monster,0,WRITE,0x1d440000,262144
5584,bandwidth_monster,0,WRITE,0x1d480000,262144
5585,bandwidth_monster,0,WRITE,0x1d4c0000,262144
5586,bandwidth_monster,0,WRITE,0x1d500000,262144
5591,bandwidth_monster,0,WRITE,0x1d540000,262144
5594,bandwidth_monster,0,READ,0x1d580000,262144
5598,bandwidth_monster,0,WRITE,0x1d5c0000,262144
5603,bandwidth_monster,0,WRITE,0x1d600000,262144
5603,victim2,2,WRITE,0x2000008a000,4096
5608,bandwidth_monster,0,WRITE,0x1d640000,262144
5613,bandwidth_monster,0,READ,0x1d680000,262144
5616,bandwidth_monster,0,WRITE,0x1d6c0000,262144
5618,bandwidth_monster,0,WRITE,0x1d700000,262144
5621,bandwidth_monster,0,READ,0x1d740000,262144
5622,bandwidth_monster,0,WRITE,0x1d780000,262144
5622,victim3,3,READ,0x3000008a000,4096
5625,bandwidth_monster,0,READ,0x1d7c0000,262144
5628,bandwidth_monster,0,READ,0x1d800000,262144
5631,bandwidth_monster,0,WRITE,0x1d840000,262144
5634,bandwidth_monster,0,WRITE,0x1d880000,262144
5637,bandwidth_monster,0,WRITE,0x1d8c0000,262144
5638,victim1,1,READ,0x10000087000,4096
5639,bandwidth_monster,0,WRITE,0x1d900000,262144
5643,bandwidth_monster,0,WRITE,0x1d940000,262144
5643,victim2,2,READ,0x2000008b000,4096
5645,bandwidth_monster,0,READ,0x1d980000,262144
5648,bandwidth_monster,0,WRITE,0x1d9c0000,262144
5651,bandwidth_monster,0,WRITE,0x1da00000,262144
5653,bandwidth_monster,0,READ,0x1da40000,262144
5655,bandwidth_monster,0,WRITE,0x1da80000,262144
5659,bandwidth_monster,0,READ,0x1dac0000,262144
5663,bandwidth_monster,0,WRITE,0x1db00000,262144
5664,bandwidth_monster,0,WRITE,0x1db40000,262144
5669,bandwidth_monster,0,WRITE,0x1db80000,262144
5670,victim2,2,READ,0x2000008c000,4096
5673,bandwidth_monster,0,READ,0x1dbc0000,262144
5678,bandwidth_monster,0,WRITE,0x1dc00000,262144
5680,victim3,3,READ,0x3000008b000,4096
5683,bandwidth_monster,0,READ,0x1dc40000,262144
5685,bandwidth_monster,0,WRITE,0x1dc80000,262144
5687,bandwidth_monster,0,WRITE,0x1dcc0000,262144
5692,bandwidth_monster,0,WRITE,0x1dd00000,262144
5697,bandwidth_monster,0,WRITE,0x1dd40000,262144
5698,victim1,1,READ,0x10000088000,4096
5699,bandwidth_monster,0,WRITE,0x1dd80000,262144
5702,bandwidth_monster,0,WRITE,0x1ddc0000,262144
5705,victim2,2,READ,0x2000008d000,4096
5706,bandwidth_monster,0,WRITE,0x1de00000,262144
5708,bandwidth_monster,0,WRITE,0x1de40000,262144
5712,bandwidth_monster,0,WRITE,0x1de80000,262144
5715,bandwidth_monster,0,WRITE,0x1dec0000,262144
5716,bandwidth_monster,0,WRITE,0x1df00000,262144
5719,bandwidth_monster,0,WRITE,0x1df40000,262144
5722,bandwidth_monster,0,READ,0x1df80000,262144
5725,victim2,2,READ,0x2000008e000,4096
5726,bandwidth_monster,0,READ,0x1dfc0000,262144
5728,bandwidth_monster,0,READ,0x1e000000,262144
5729,bandwidth_monster,0,WRITE,0x1e040000,262144
5733,victim3,3,READ,0x3000008c000,4096
5734,bandwidth_monster,0,WRITE,0x1e080000,262144
5738,bandwidth_monster,0,WRITE,0x1e0c0000,262144
5743,bandwidth_monster,0,WRITE,0x1e100000,262144
5743,victim1,1,READ,0x10000089000,4096
5748,bandwidth_monster,0,READ,0x1e140000,262144
5749,bandwidth_monster,0,WRITE,0x1e180000,262144
5752,victim2,2,WRITE,0x2000008f000,4096
5753,bandwidth_monster,0,READ,0x1e1c0000,262144
5758,bandwidth_monster,0,READ,0x1e200000,262144
5763,bandwidth_monster,0,WRITE,0x1e240000,262144
5765,bandwidth_monster,0,READ,0x1e280000,262144
5769,bandwidth_monster,0,WRITE,0x1e2c0000,262144
5771,bandwidth_monster,0,WRITE,0x1e300000,262144
5773,bandwidth_monster,0,WRITE,0x1e340000,262144
5776,bandwidth_monster,0,WRITE,0x1e380000,262144
5780,bandwidth_monster,0,WRITE,0x1e3c0000,262144
5783,bandwidth_monster,0,READ,0x1e400000,262144
5783,victim3,3,READ,0x3000008d000,4096
5788,bandwidth_monster,0,WRITE,0x1e440000,262144
5788,victim2,2,READ,0x20000090000,4096
5792,bandwidth_monster,0,WRITE,0x1e480000,262144
5793,bandwidth_monster,0,WRITE,0x1e4c0000,262144
5797,bandwidth_monster,0,READ,0x1e500000,262144
5800,victim1,1,READ,0x1000008a000,4096
5802,bandwidth_monster,0,READ,0x1e540000,262144
5807,bandwidth_monster,0,READ,0x1e580000,262144
5808,bandwidth_monster,0,WRITE,0x1e5c0000,262144
5810,bandwidth_monster,0,WRITE,0x1e600000,262144
5811,bandwidth_monster,0,READ,0x1e640000,262144
5812,bandwidth_monster,0,WRITE,0x1e680000,262144
5813,bandwidth_monster,0,WRITE,0x1e6c0000,262144
5814,victim2,2,READ,0x20000091000,4096
5815,bandwidth_monster,0,WRITE,0x1e700000,262144
5820,bandwidth_monster,0,WRITE,0x1e740000,262144
5821,bandwidth_monster,0,WRITE,0x1e780000,262144
5823,bandwidth_monster,0,READ,0x1e7c0000,262144
5825,bandwidth_monster,0,WRITE,0x1e800000,262144
5827,bandwidth_monster,0,WRITE,0x1e840000,262144
5830,bandwidth_monster,0,READ,0x1e880000,262144
5833,bandwidth_monster,0,READ,0x1e8c0000,262144
5838,bandwidth_monster,0,WRITE,0x1e900000,262144
5840,bandwidth_monster,0,WRITE,0x1e940000,262144
5842,victim3,3,READ,0x3000008e000,4096
5844,bandwidth_monster,0,WRITE,0x1e980000,262144
5844,victim1,1,READ,0x1000008b000,4096
5848,bandwidth_monster,0,READ,0x1e9c0000,262144
5848,victim2,2,READ,0x20000092000,4096
5852,bandwidth_monster,0,READ,0x1ea00000,262144
5855,bandwidth_monster,0,WRITE,0x1ea40000,262144
5857,bandwidth_monster,0,WRITE,0x1ea80000,262144
5860,bandwidth_monster,0,READ,0x1eac0000,262144
5861,bandwidth_monster,0,READ,0x1eb00000,262144
5863,bandwidth_monster,0,READ,0x1eb40000,262144
5865,bandwidth_monster,0,WRITE,0x1eb80000,262144
5869,bandwidth_monster,0,WRITE,0x1ebc0000,262144
5873,victim3,3,READ,0x3000008f000,4096
5874,bandwidth_monster,0,WRITE,0x1ec00000,262144
5874,victim2,2,WRITE,0x20000093000,4096
5876,bandwidth_monster,0,WRITE,0x1ec40000,262144
5881,bandwidth_monster,0,WRITE,0x1ec80000,262144
5882,bandwidth_monster,0,WRITE,0x1ecc0000,262144
5885,bandwidth_monster,0,WRITE,0x1ed00000,262144
5890,bandwidth_monster,0,WRITE,0x1ed40000,262144
5892,bandwidth_monster,0,WRITE,0x1ed80000,262144
5896,bandwidth_monster,0,WRITE,0x1edc0000,262144
5897,victim1,1,READ,0x1000008c000,4096
5900,bandwidth_monster,0,READ,0x1ee00000,262144
5904,bandwidth_monster,0,READ,0x1ee40000,262144
5908,bandwidth_monster,0,WRITE,0x1ee80000,262144
5912,bandwidth_monster,0,WRITE,0x1eec0000,262144
5912,victim2,2,READ,0x20000094000,4096
5913,bandwidth_monster,0,WRITE,0x1ef00000,262144
5917,victim1,1,READ,0x1000008d000,4096
5918,bandwidth_monster,0,WRITE,0x1ef40000,262144
5922,bandwidth_monster,0,WRITE,0x1ef80000,262144
5925,bandwidth_monster,0,WRITE,0x1efc0000,262144
5926,bandwidth_monster,0,READ,0x1f000000,262144
5929,bandwidth_monster,0,WRITE,0x1f040000,262144
5932,victim3,3,READ,0x30000090000,4096
5933,bandwidth_monster,0,WRITE,0x1f080000,262144
5938,bandwidth_monster,0,WRITE,0x1f0c0000,262144
5941,bandwidth_monster,0,WRITE,0x1f100000,262144
5943,victim2,2,READ,0x20000095000,4096
5944,bandwidth_monster,0,WRITE,0x1f140000,262144
5949,bandwidth_monster,0,READ,0x1f180000,262144
5950,bandwidth_monster,0,WRITE,0x1f1c0000,262144
5951,bandwidth_monster,0,WRITE,0x1f200000,262144
5952,bandwidth_monster,0,READ,0x1f240000,262144
5956,bandwidth_monster,0,WRITE,0x1f280000,262144
5958,bandwidth_monster,0,WRITE,0x1f2c0000,262144
5959,bandwidth_monster,0,WRITE,0x1f300000,262144
5960,bandwidth_monster,0,READ,0x1f340000,262144
5963,bandwidth_monster,0,WRITE,0x1f380000,262144
5964,bandwidth_monster,0,READ,0x1f3c0000,262144
5966,bandwidth_monster,0,READ,0x1f400000,262144
5967,bandwidth_monster,0,WRITE,0x1f440000,262144
5969,bandwidth_monster,0,READ,0x1f480000,262144
5970,victim1,1,READ,0x1000008e000,4096
5971,bandwidth_monster,0,WRITE,0x1f4c0000,262144
5974,bandwidth_monster,0,WRITE,0x1f500000,262144
5975,victim3,3,READ,0x30000091000,4096
5978,bandwidth_monster,0,READ,0x1f540000,262144
5981,victim2,2,READ,0x20000096000,4096
5982,bandwidth_monster,0,WRITE,0x1f580000,262144
5986,bandwidth_monster,0,WRITE,0x1f5c0000,262144
5989,bandwidth_monster,0,READ,0x1f600000,262144
5994,bandwidth_monster,0,WRITE,0x1f640000,262144
5998,bandwidth_monster,0,WRITE,0x1f680000,262144
6001,bandwidth_monster,0,WRITE,0x1f6c0000,262144
6002,bandwidth_monster,0,WRITE,0x1f700000,262144
6006,bandwidth_monster,0,READ,0x1f740000,262144
6011,bandwidth_monster,0,WRITE,0x1f780000,262144
6011,victim2,2,READ,0x20000097000,4096
6014,bandwidth_monster,0,READ,0x1f7c0000,262144
6016,bandwidth_monster,0,READ,0x1f800000,262144
6018,bandwidth_monster,0,WRITE,0x1f840000,262144
6018,victim3,3,READ,0x30000092000,4096
6023,bandwidth_monster,0,WRITE,0x1f880000,262144
6024,bandwidth_monster,0,WRITE,0x1f8c0000,262144
6026,victim1,1,READ,0x1000008f000,4096
6027,bandwidth_monster,0,WRITE,0x1f900000,262144
6030,bandwidth_monster,0,READ,0x1f940000,262144
6031,bandwidth_monster,0,WRITE,0x1f980000,262144
6034,bandwidth_monster,0,READ,0x1f9c0000,262144
6037,bandwidth_monster,0,WRITE,0x1fa00000,262144
6039,bandwidth_monster,0,READ,0x1fa40000,262144
6041,victim2,2,READ,0x20000098000,4096
6043,bandwidth_monster,0,WRITE,0x1fa80000,262144
6048,bandwidth_monster,0,WRITE,0x1fac0000,262144
6048,victim1,1,READ,0x10000090000,4096
6053,bandwidth_monster,0,WRITE,0x1fb00000,262144
6058,bandwidth_monster,0,WRITE,0x1fb40000,262144
6060,bandwidth_monster,0,WRITE,0x1fb80000,262144
6060,victim3,3,READ,0x30000093000,4096
6062,bandwidth_monster,0,WRITE,0x1fbc0000,262144
6064,victim2,2,READ,0x20000099000,4096
6065,bandwidth_monster,0,WRITE,0x1fc00000,262144
6068,bandwidth_monster,0,WRITE,0x1fc40000,262144
6069,bandwidth_monster,0,READ,0x1fc80000,262144
6073,bandwidth_monster,0,WRITE,0x1fcc0000,262144
6077,bandwidth_monster,0,READ,0x1fd00000,262144
6078,victim1,1,READ,0x10000091000,4096
6080,bandwidth_monster,0,WRITE,0x1fd40000,262144
6082,bandwidth_monster,0,WRITE,0x1fd80000,262144
6084,bandwidth_monster,0,WRITE,0x1fdc0000,262144
6084,victim3,3,READ,0x30000094000,4096
6089,bandwidth_monster,0,WRITE,0x1fe00000,262144
6093,bandwidth_monster,0,WRITE,0x1fe40000,262144
6094,bandwidth_monster,0,WRITE,0x1fe80000,262144
6096,bandwidth_monster,0,WRITE,0x1fec0000,262144
6098,bandwidth_monster,0,WRITE,0x1ff00000,262144
6099,bandwidth_monster,0,WRITE,0x1ff40000,262144
6103,bandwidth_monster,0,WRITE,0x1ff80000,262144
6108,bandwidth_monster,0,WRITE,0x1ffc0000,262144
6110,bandwidth_monster,0,WRITE,0x20000000,262144
6113,bandwidth_monster,0,READ,0x20040000,262144
6116,bandwidth_monster,0,WRITE,0x20080000,262144
6116,victim2,2,READ,0x2000009a000,4096
6119,bandwidth_monster,0,WRITE,0x200c0000,262144
6122,victim1,1,READ,0x10000092000,4096
6124,bandwidth_monster,0,WRITE,0x20100000,262144
6126,bandwidth_monster,0,WRITE,0x20140000,262144
6128,victim3,3,READ,0x30000095000,4096
6129,bandwidth_monster,0,WRITE,0x20180000,262144
6132,bandwidth_monster,0,WRITE,0x201c0000,262144
6133,bandwidth_monster,0,READ,0x20200000,262144
6138,bandwidth_monster,0,WRITE,0x20240000,262144
6140,bandwidth_monster,0,WRITE,0x20280000,262144
6141,bandwidth_monster,0,READ,0x202c0000,262144
6145,bandwidth_monster,0,WRITE,0x20300000,262144
6148,bandwidth_monster,0,READ,0x20340000,262144
6151,bandwidth_monster,0,WRITE,0x20380000,262144
6152,bandwidth_monster,0,READ,0x203c0000,262144
6152,victim2,2,WRITE,0x2000009b000,4096
6153,victim1,1,READ,0x10000093000,4096
6155,bandwidth_monster,0,WRITE,0x20400000,262144
6157,bandwidth_monster,0,WRITE,0x20440000,262144
6162,bandwidth_monster,0,WRITE,0x20480000,262144
6166,bandwidth_monster,0,WRITE,0x204c0000,262144
6168,bandwidth_monster,0,READ,0x20500000,262144
6169,bandwidth_monster,0,READ,0x20540000,262144
6172,bandwidth_monster,0,WRITE,0x20580000,262144
6172,victim3,3,READ,0x30000096000,4096
6177,bandwidth_monster,0,WRITE,0x205c0000,262144
6182,bandwidth_monster,0,WRITE,0x20600000,262144
6183,bandwidth_monster,0,WRITE,0x20640000,262144
6187,bandwidth_monster,0,WRITE,0x20680000,262144
6192,bandwidth_monster,0,WRITE,0x206c0000,262144
6194,victim1,1,WRITE,0x10000094000,4096
6197,bandwidth_monster,0,WRITE,0x20700000,262144
6198,victim2,2,READ,0x2000009c000,4096
6200,bandwidth_monster,0,READ,0x20740000,262144
6202,bandwidth_monster,0,WRITE,0x20780000,262144
6206,bandwidth_monster,0,READ,0x207c0000,262144
6211,bandwidth_monster,0,WRITE,0x20800000,262144
6212,bandwidth_monster,0,WRITE,0x20840000,262144
6215,bandwidth_monster,0,WRITE,0x20880000,262144
6218,bandwidth_monster,0,WRITE,0x208c0000,262144
6220,bandwidth_monster,0,READ,0x20900000,262144
6220,victim1,1,READ,0x10000095000,4096
6222,bandwidth_monster,0,WRITE,0x20940000,262144
6223,bandwidth_monster,0,WRITE,0x20980000,262144
6224,victim3,3,READ,0x30000097000,4096
6226,bandwidth_monster,0,WRITE,0x209c0000,262144
6227,bandwidth_monster,0,READ,0x20a00000,262144
6228,bandwidth_monster,0,READ,0x20a40000,262144
6233,bandwidth_monster,0,READ,0x20a80000,262144
6237,bandwidth_monster,0,WRITE,0x20ac0000,262144
6241,bandwidth_monster,0,READ,0x20b00000,262144
6241,victim2,2,READ,0x2000009d000,4096
6246,bandwidth_monster,0,READ,0x20b40000,262144
6251,bandwidth_monster,0,WRITE,0x20b80000,262144
6255,bandwidth_monster,0,WRITE,0x20bc0000,262144
6257,bandwidth_monster,0,WRITE,0x20c00000,262144
6259,bandwidth_monster,0,WRITE,0x20c40000,262144
6259,victim3,3,READ,0x30000098000,4096
6260,bandwidth_monster,0,WRITE,0x20c80000,262144
6261,bandwidth_monster,0,WRITE,0x20cc0000,262144
6263,bandwidth_monster,0,READ,0x20d00000,262144
6265,bandwidth_monster,0,WRITE,0x20d40000,262144
6267,bandwidth_monster,0,WRITE,0x20d80000,262144
6269,victim1,1,READ,0x10000096000,4096
6271,bandwidth_monster,0,WRITE,0x20dc0000,262144
6273,bandwidth_monster,0,WRITE,0x20e00000,262144
6274,bandwidth_monster,0,WRITE,0x20e40000,262144
6276,bandwidth_monster,0,WRITE,0x20e80000,262144
6278,bandwidth_monster,0,WRITE,0x20ec0000,262144
6282,bandwidth_monster,0,WRITE,0x20f00000,262144
6283,bandwidth_monster,0,READ,0x20f40000,262144
6284,victim3,3,READ,0x30000099000,4096
6286,bandwidth_monster,0,WRITE,0x20f80000,262144
6289,bandwidth_monster,0,READ,0x20fc0000,262144
6289,victim2,2,READ,0x2000009e000,4096
6293,bandwidth_monster,0,WRITE,0x21000000,262144
6298,bandwidth_monster,0,WRITE,0x21040000,262144
6303,bandwidth_monster,0,WRITE,0x21080000,262144
6307,bandwidth_monster,0,WRITE,0x210c0000,262144
6309,bandwidth_monster,0,READ,0x21100000,262144
6311,bandwidth_monster,0,WRITE,0x21140000,262144
6315,bandwidth_monster,0,WRITE,0x21180000,262144
6319,bandwidth_monster,0,READ,0x211c0000,262144
6320,bandwidth_monster,0,READ,0x21200000,262144
6321,victim3,3,READ,0x3000009a000,4096
6325,bandwidth_monster,0,READ,0x21240000,262144
6327,victim1,1,READ,0x10000097000,4096
6329,bandwidth_monster,0,WRITE,0x21280000,262144
6331,bandwidth_monster,0,READ,0x212c0000,262144
6334,bandwidth_monster,0,WRITE,0x21300000,262144
6335,bandwidth_monster,0,WRITE,0x21340000,262144
6336,bandwidth_monster,0,WRITE,0x21380000,262144
6338,bandwidth_monster,0,WRITE,0x213c0000,262144
6340,victim2,2,READ,0x2000009f000,4096
6342,bandwidth_monster,0,WRITE,0x21400000,262144
6345,bandwidth_monster,0,READ,0x21440000,262144
6345,victim3,3,READ,0x3000009b000,4096
6347,bandwidth_monster,0,WRITE,0x21480000,262144
6349,bandwidth_monster,0,WRITE,0x214c0000,262144
6351,bandwidth_monster,0,WRITE,0x21500000,262144
6355,bandwidth_monster,0,WRITE,0x21540000,262144
6357,bandwidth_monster,0,WRITE,0x21580000,262144
6362,bandwidth_monster,0,WRITE,0x215c0000,262144
6366,bandwidth_monster,0,WRITE,0x21600000,262144
6369,bandwidth_monster,0,WRITE,0x21640000,262144
6373,bandwidth_monster,0,WRITE,0x21680000,262144
6373,victim1,1,READ,0x10000098000,4096
6376,victim2,2,READ,0x200000a0000,4096
6377,bandwidth_monster,0,WRITE,0x216c0000,262144
6380,bandwidth_monster,0,WRITE,0x21700000,262144
6382,bandwidth_monster,0,WRITE,0x21740000,262144
6382,victim3,3,READ,0x3000009c000,4096
6385,bandwidth_monster,0,WRITE,0x21780000,262144
6390,bandwidth_monster,0,WRITE,0x217c0000,262144
6394,bandwidth_monster,0,WRITE,0x21800000,262144
6399,bandwidth_monster,0,WRITE,0x21840000,262144
6400,victim1,1,WRITE,0x10000099000,4096
6403,bandwidth_monster,0,WRITE,0x21880000,262144
6405,bandwidth_monster,0,WRITE,0x218c0000,262144
6406,victim3,3,READ,0x3000009d000,4096
6407,bandwidth_monster,0,WRITE,0x21900000,262144
6411,bandwidth_monster,0,WRITE,0x21940000,262144
6415,bandwidth_monster,0,WRITE,0x21980000,262144
6416,bandwidth_monster,0,WRITE,0x219c0000,262144
6418,bandwidth_monster,0,READ,0x21a00000,262144
6419,bandwidth_monster,0,WRITE,0x21a40000,262144
6422,bandwidth_monster,0,WRITE,0x21a80000,262144
6423,bandwidth_monster,0,READ,0x21ac0000,262144
6428,bandwidth_monster,0,WRITE,0x21b00000,262144
6433,bandwidth_monster,0,READ,0x21b40000,262144
6435,victim1,1,READ,0x1000009a000,4096
6436,victim2,2,READ,0x200000a1000,4096
6437,bandwidth_monster,0,WRITE,0x21b80000,262144
6438,bandwidth_monster,0,READ,0x21bc0000,262144
6441,bandwidth_monster,0,WRITE,0x21c00000,262144
6442,bandwidth_monster,0,WRITE,0x21c40000,262144
6443,bandwidth_monster,0,READ,0x21c80000,262144
6445,bandwidth_monster,0,READ,0x21cc0000,262144
6447,bandwidth_monster,0,WRITE,0x21d00000,262144
6451,bandwidth_monster,0,WRITE,0x21d40000,262144
6453,victim3,3,READ,0x3000009e000,4096
6456,bandwidth_monster,0,WRITE,0x21d80000,262144
6458,bandwidth_monster,0,READ,0x21dc0000,262144
6459,bandwidth_monster,0,WRITE,0x21e00000,262144
6463,bandwidth_monster,0,WRITE,0x21e40000,262144
6464,bandwidth_monster,0,WRITE,0x21e80000,262144
6467,victim2,2,WRITE,0x200000a2000,4096
6468,bandwidth_monster,0,WRITE,0x21ec0000,262144
6469,bandwidth_monster,0,WRITE,0x21f00000,262144
6470,bandwidth_monster,0,READ,0x21f40000,262144
6474,bandwidth_monster,0,WRITE,0x21f80000,262144
6475,bandwidth_monster,0,WRITE,0x21fc0000,262144
6477,bandwidth_monster,0,READ,0x22000000,262144
6481,bandwidth_monster,0,WRITE,0x22040000,262144
6483,bandwidth_monster,0,WRITE,0x22080000,262144
6485,bandwidth_monster,0,WRITE,0x220c0000,262144
6485,victim3,3,READ,0x3000009f000,4096
6488,bandwidth_monster,0,WRITE,0x22100000,262144
6490,victim1,1,READ,0x1000009b000,4096
6493,bandwidth_monster,0,WRITE,0x22140000,262144
6495,bandwidth_monster,0,WRITE,0x22180000,262144
6497,bandwidth_monster,0,WRITE,0x221c0000,262144
6498,bandwidth_monster,0,WRITE,0x22200000,262144
6499,bandwidth_monster,0,WRITE,0x22240000,262144
6500,bandwidth_monster,0,WRITE,0x22280000,262144
6503,bandwidth_monster,0,WRITE,0x222c0000,262144
6507,victim2,2,WRITE,0x200000a3000,4096
6508,bandwidth_monster,0,READ,0x22300000,262144
6512,bandwidth_monster,0,WRITE,0x22340000,262144
6513,victim1,1,READ,0x1000009c000,4096
6517,bandwidth_monster,0,READ,0x22380000,262144
6519,bandwidth_monster,0,WRITE,0x223c0000,262144
6522,bandwidth_monster,0,READ,0x22400000,262144
6523,victim3,3,READ,0x300000a0000,4096
6527,bandwidth_monster,0,WRITE,0x22440000,262144
6531,bandwidth_monster,0,READ,0x22480000,262144
6531,victim2,2,READ,0x200000a4000,4096
6533,bandwidth_monster,0,READ,0x224c0000,262144
6538,bandwidth_monster,0,WRITE,0x22500000,262144
6542,bandwidth_monster,0,WRITE,0x22540000,262144
6547,bandwidth_monster,0,READ,0x22580000,262144
6549,victim1,1,READ,0x1000009d000,4096
6551,bandwidth_monster,0,WRITE,0x225c0000,262144
6555,bandwidth_monster,0,WRITE,0x22600000,262144
6560,bandwidth_monster,0,READ,0x22640000,262144
6561,victim2,2,WRITE,0x200000a5000,4096
6563,bandwidth_monster,0,WRITE,0x22680000,262144
6567,bandwidth_monster,0,WRITE,0x226c0000,262144
6569,bandwidth_monster,0,READ,0x22700000,262144
6569,victim3,3,READ,0x300000a1000,4096
6571,victim1,1,READ,0x1000009e000,4096
6572,bandwidth_monster,0,WRITE,0x22740000,262144
6576,bandwidth_monster,0,WRITE,0x22780000,262144
6577,bandwidth_monster,0,WRITE,0x227c0000,262144
6582,bandwidth_monster,0,WRITE,0x22800000,262144
6586,bandwidth_monster,0,WRITE,0x22840000,262144
6589,bandwidth_monster,0,READ,0x22880000,262144
6590,bandwidth_monster,0,WRITE,0x228c0000,262144
6594,bandwidth_monster,0,WRITE,0x22900000,262144
6596,bandwidth_monster,0,WRITE,0x22940000,262144
6599,bandwidth_monster,0,WRITE,0x22980000,262144
6600,victim1,1,READ,0x1000009f000,4096
6601,victim2,2,READ,0x200000a6000,4096
6602,bandwidth_monster,0,WRITE,0x229c0000,262144
6605,bandwidth_monster,0,WRITE,0x22a00000,262144
6609,bandwidth_monster,0,WRITE,0x22a40000,262144
6611,bandwidth_monster,0,WRITE,0x22a80000,262144
6614,bandwidth_monster,0,READ,0x22ac0000,262144
6617,victim3,3,READ,0x300000a2000,4096
6618,bandwidth_monster,0,WRITE,0x22b00000,262144
6619,bandwidth_monster,0,WRITE,0x22b40000,262144
6624,bandwidth_monster,0,WRITE,0x22b80000,262144
6627,bandwidth_monster,0,READ,0x22bc0000,262144
6627,victim2,2,READ,0x200000a7000,4096
6631,victim1,1,READ,0x100000a0000,4096
6632,bandwidth_monster,0,WRITE,0x22c00000,262144
6636,bandwidth_monster,0,READ,0x22c40000,262144
6637,bandwidth_monster,0,WRITE,0x22c80000,262144
6640,bandwidth_monster,0,WRITE,0x22cc0000,262144
6643,bandwidth_monster,0,WRITE,0x22d00000,262144
6648,bandwidth_monster,0,WRITE,0x22d40000,262144
6650,bandwidth_monster,0,WRITE,0x22d80000,262144
6654,bandwidth_monster,0,WRITE,0x22dc0000,262144
6654,victim2,2,READ,0x200000a8000,4096
6655,bandwidth_monster,0,READ,0x22e00000,262144
6656,victim1,1,READ,0x100000a1000,4096
6659,bandwidth_monster,0,READ,0x22e40000,262144
6660,bandwidth_monster,0,WRITE,0x22e80000,262144
6664,bandwidth_monster,0,READ,0x22ec0000,262144
6666,bandwidth_monster,0,READ,0x22f00000,262144
6668,bandwidth_monster,0,WRITE,0x22f40000,262144
6670,bandwidth_monster,0,WRITE,0x22f80000,262144
6674,bandwidth_monster,0,WRITE,0x22fc0000,262144
6675,bandwidth_monster,0,WRITE,0x23000000,262144
6677,victim3,3,READ,0x300000a3000,4096
6680,bandwidth_monster,0,READ,0x23040000,262144
6684,bandwidth_monster,0,WRITE,0x23080000,262144
6685,bandwidth_monster,0,READ,0x230c0000,262144
6685,victim1,1,READ,0x100000a2000,4096
6687,bandwidth_monster,0,READ,0x23100000,262144
6688,bandwidth_monster,0,WRITE,0x23140000,262144
6689,bandwidth_monster,0,WRITE,0x23180000,262144
6694,bandwidth_monster,0,READ,0x231c0000,262144
6696,bandwidth_monster,0,WRITE,0x23200000,262144
6697,bandwidth_monster,0,READ,0x23240000,262144
6699,victim2,2,READ,0x200000a9000,4096
6702,bandwidth_monster,0,WRITE,0x23280000,262144
6706,bandwidth_monster,0,WRITE,0x232c0000,262144
6706,victim3,3,READ,0x300000a4000,4096
6708,bandwidth_monster,0,WRITE,0x23300000,262144
6710,bandwidth_monster,0,WRITE,0x23340000,262144
6713,victim1,1,READ,0x100000a3000,4096
6714,bandwidth_monster,0,WRITE,0x23380000,262144
6717,bandwidth_monster,0,WRITE,0x233c0000,262144
6718,bandwidth_monster,0,WRITE,0x23400000,262144
6721,bandwidth_monster,0,WRITE,0x23440000,262144
6723,bandwidth_monster,0,READ,0x23480000,262144
6726,bandwidth_monster,0,READ,0x234c0000,262144
6729,bandwidth_monster,0,WRITE,0x23500000,262144
6730,bandwidth_monster,0,READ,0x23540000,262144
6735,bandwidth_monster,0,READ,0x23580000,262144
6740,bandwidth_monster,0,WRITE,0x235c0000,262144
6744,victim3,3,READ,0x300000a5000,4096
6745,bandwidth_monster,0,READ,0x23600000,262144
6747,victim2,2,READ,0x200000aa000,4096
6749,bandwidth_monster,0,WRITE,0x23640000,262144
6753,bandwidth_monster,0,WRITE,0x23680000,262144
6755,bandwidth_monster,0,WRITE,0x236c0000,262144
6756,bandwidth_monster,0,WRITE,0x23700000,262144
6759,bandwidth_monster,0,READ,0x23740000,262144
6761,bandwidth_monster,0,WRITE,0x23780000,262144
6765,bandwidth_monster,0,WRITE,0x237c0000,262144
6767,victim1,1,READ,0x100000a4000,4096
6768,bandwidth_monster,0,READ,0x23800000,262144
6773,bandwidth_monster,0,WRITE,0x23840000,262144
6774,bandwidth_monster,0,READ,0x23880000,262144
6776,bandwidth_monster,0,READ,0x238c0000,262144
6777,bandwidth_monster,0,WRITE,0x23900000,262144
6779,bandwidth_monster,0,READ,0x23940000,262144
6779,victim2,2,READ,0x200000ab000,4096
6780,bandwidth_monster,0,WRITE,0x23980000,262144
6781,bandwidth_monster,0,READ,0x239c0000,262144
6783,bandwidth_monster,0,WRITE,0x23a00000,262144
6787,bandwidth_monster,0,READ,0x23a40000,262144
6787,victim3,3,WRITE,0x300000a6000,4096
6791,bandwidth_monster,0,WRITE,0x23a80000,262144
6793,bandwidth_monster,0,WRITE,0x23ac0000,262144
6796,bandwidth_monster,0,WRITE,0x23b00000,262144
6799,bandwidth_monster,0,WRITE,0x23b40000,262144
6801,bandwidth_monster,0,WRITE,0x23b80000,262144
6804,bandwidth_monster,0,WRITE,0x23bc0000,262144
6808,bandwidth_monster,0,WRITE,0x23c00000,262144
6812,bandwidth_monster,0,WRITE,0x23c40000,262144
6812,victim1,1,READ,0x100000a5000,4096
6817,bandwidth_monster,0,WRITE,0x23c80000,262144
6817,victim3,3,READ,0x300000a7000,4096
6819,bandwidth_monster,0,READ,0x23cc0000,262144
6821,bandwidth_monster,0,WRITE,0x23d00000,262144
6824,victim2,2,READ,0x200000ac000,4096
6825,bandwidth_monster,0,WRITE,0x23d40000,262144
6828,bandwidth_monster,0,READ,0x23d80000,262144
6832,bandwidth_monster,0,WRITE,0x23dc0000,262144
6835,bandwidth_monster,0,WRITE,0x23e00000,262144
6837,bandwidth_monster,0,READ,0x23e40000,262144
6838,bandwidth_monster,0,WRITE,0x23e80000,262144
6842,bandwidth_monster,0,WRITE,0x23ec0000,262144
6844,bandwidth_monster,0,WRITE,0x23f00000,262144
6849,bandwidth_monster,0,WRITE,0x23f40000,262144
6853,bandwidth_monster,0,WRITE,0x23f80000,262144
6857,bandwidth_monster,0,WRITE,0x23fc0000,262144
6861,bandwidth_monster,0,WRITE,0x24000000,262144
6861,victim1,1,READ,0x100000a6000,4096
6861,victim2,2,READ,0x200000ad000,4096
6863,bandwidth_monster,0,WRITE,0x24040000,262144
6864,bandwidth_monster,0,READ,0x24080000,262144
6868,bandwidth_monster,0,READ,0x240c0000,262144
6871,bandwidth_monster,0,WRITE,0x24100000,262144
6872,bandwidth_monster,0,READ,0x24140000,262144
6874,victim3,3,READ,0x300000a8000,4096
6877,bandwidth_monster,0,READ,0x24180000,262144
6880,bandwidth_monster,0,WRITE,0x241c0000,262144
6883,bandwidth_monster,0,WRITE,0x24200000,262144
6884,bandwidth_monster,0,WRITE,0x24240000,262144
6888,bandwidth_monster,0,WRITE,0x24280000,262144
6892,bandwidth_monster,0,READ,0x242c0000,262144
6892,victim1,1,READ,0x100000a7000,4096
6893,bandwidth_monster,0,READ,0x24300000,262144
6896,bandwidth_monster,0,WRITE,0x24340000,262144
6899,bandwidth_monster,0,WRITE,0x24380000,262144
6900,bandwidth_monster,0,WRITE,0x243c0000,262144
6905,bandwidth_monster,0,WRITE,0x24400000,262144
6907,bandwidth_monster,0,READ,0x24440000,262144
6910,bandwidth_monster,0,WRITE,0x24480000,262144
6914,victim2,2,READ,0x200000ae000,4096
6915,bandwidth_monster,0,WRITE,0x244c0000,262144
6916,bandwidth_monster,0,WRITE,0x24500000,262144
6919,bandwidth_monster,0,WRITE,0x24540000,262144
6923,bandwidth_monster,0,WRITE,0x24580000,262144
6925,bandwidth_monster,0,READ,0x245c0000,262144
6926,bandwidth_monster,0,WRITE,0x24600000,262144
6928,victim1,1,READ,0x100000a8000,4096
6930,bandwidth_monster,0,WRITE,0x24640000,262144
6932,bandwidth_monster,0,WRITE,0x24680000,262144
6934,victim3,3,READ,0x300000a9000,4096
6936,bandwidth_monster,0,WRITE,0x246c0000,262144
6940,bandwidth_monster,0,WRITE,0x24700000,262144
6944,bandwidth_monster,0,WRITE,0x24740000,262144
6949,bandwidth_monster,0,WRITE,0x24780000,262144
6951,victim2,2,READ,0x200000af000,4096
6953,bandwidth_monster,0,WRITE,0x247c0000,262144
6955,bandwidth_monster,0,WRITE,0x24800000,262144
6959,bandwidth_monster,0,READ,0x24840000,262144
6960,bandwidth_monster,0,WRITE,0x24880000,262144
6963,bandwidth_monster,0,WRITE,0x248c0000,262144
6965,bandwidth_monster,0,WRITE,0x24900000,262144
6966,bandwidth_monster,0,READ,0x24940000,262144
6966,victim3,3,READ,0x300000aa000,4096
6969,bandwidth_monster,0,READ,0x24980000,262144
6971,victim1,1,READ,0x100000a9000,4096
6973,bandwidth_monster,0,WRITE,0x249c0000,262144
6977,bandwidth_monster,0,WRITE,0x24a00000,262144
6978,bandwidth_monster,0,READ,0x24a40000,262144
6981,bandwidth_monster,0,WRITE,0x24a80000,262144
6983,bandwidth_monster,0,READ,0x24ac0000,262144
6985,bandwidth_monster,0,READ,0x24b00000,262144
6989,bandwidth_monster,0,WRITE,0x24b40000,262144
6993,bandwidth_monster,0,WRITE,0x24b80000,262144
6994,bandwidth_monster,0,WRITE,0x24bc0000,262144
6996,victim2,2,READ,0x200000b0000,4096
6998,bandwidth_monster,0,READ,0x24c00000,262144
6998,victim3,3,WRITE,0x300000ab000,4096
7002,bandwidth_monster,0,READ,0x24c40000,262144
7004,bandwidth_monster,0,WRITE,0x24c80000,262144
7009,bandwidth_monster,0,WRITE,0x24cc0000,262144
7013,bandwidth_monster,0,WRITE,0x24d00000,262144
7018,bandwidth_monster,0,READ,0x24d40000,262144
7020,bandwidth_monster,0,READ,0x24d80000,262144
7022,bandwidth_monster,0,WRITE,0x24dc0000,262144
7026,bandwidth_monster,0,WRITE,0x24e00000,262144
7027,victim2,2,READ,0x200000b1000,4096
7028,victim1,1,READ,0x100000aa000,4096
7030,bandwidth_monster,0,WRITE,0x24e40000,262144
7032,victim3,3,WRITE,0x300000ac000,4096
7034,bandwidth_monster,0,WRITE,0x24e80000,262144
7038,bandwidth_monster,0,WRITE,0x24ec0000,262144
7041,bandwidth_monster,0,WRITE,0x24f00000,262144
7042,bandwidth_monster,0,READ,0x24f40000,262144
7043,bandwidth_monster,0,READ,0x24f80000,262144
7047,bandwidth_monster,0,WRITE,0x24fc0000,262144
7050,bandwidth_monster,0,READ,0x25000000,262144
7054,bandwidth_monster,0,WRITE,0x25040000,262144
7059,bandwidth_monster,0,WRITE,0x25080000,262144
7059,victim3,3,READ,0x300000ad000,4096
7061,bandwidth_monster,0,WRITE,0x250c0000,262144
7066,bandwidth_monster,0,WRITE,0x25100000,262144
7066,victim1,1,READ,0x100000ab000,4096
7070,bandwidth_monster,0,WRITE,0x25140000,262144
7071,bandwidth_monster,0,WRITE,0x25180000,262144
7076,bandwidth_monster,0,WRITE,0x251c0000,262144
7079,bandwidth_monster,0,READ,0x25200000,262144
7080,bandwidth_monster,0,WRITE,0x25240000,262144
7080,victim2,2,READ,0x200000b2000,4096
7081,bandwidth_monster,0,WRITE,0x25280000,262144
7083,bandwidth_monster,0,WRITE,0x252c0000,262144
7086,bandwidth_monster,0,WRITE,0x25300000,262144
7087,bandwidth_monster,0,WRITE,0x25340000,262144
7092,bandwidth_monster,0,WRITE,0x25380000,262144
7092,victim3,3,READ,0x300000ae000,4096
7093,bandwidth_monster,0,WRITE,0x253c0000,262144
7097,bandwidth_monster,0,WRITE,0x25400000,262144
7102,bandwidth_monster,0,WRITE,0x25440000,262144
7106,bandwidth_monster,0,WRITE,0x25480000,262144
7108,bandwidth_monster,0,WRITE,0x254c0000,262144
7113,bandwidth_monster,0,WRITE,0x25500000,262144
7117,bandwidth_monster,0,WRITE,0x25540000,262144
7121,bandwidth_monster,0,READ,0x25580000,262144
7121,victim1,1,READ,0x100000ac000,4096
7122,bandwidth_monster,0,WRITE,0x255c0000,262144
7123,bandwidth_monster,0,WRITE,0x25600000,262144
7126,bandwidth_monster,0,WRITE,0x25640000,262144
7126,victim3,3,READ,0x300000af000,4096
7129,bandwidth_monster,0,WRITE,0x25680000,262144
7131,bandwidth_monster,0,WRITE,0x256c0000,262144
7135,victim2,2,READ,0x200000b3000,4096
7136,bandwidth_monster,0,WRITE,0x25700000,262144
7139,bandwidth_monster,0,READ,0x25740000,262144
7144,bandwidth_monster,0,READ,0x25780000,262144
7145,bandwidth_monster,0,WRITE,0x257c0000,262144
7150,bandwidth_monster,0,WRITE,0x25800000,262144
7151,bandwidth_monster,0,WRITE,0x25840000,262144
7151,victim3,3,READ,0x300000b0000,4096
7152,bandwidth_monster,0,WRITE,0x25880000,262144
7156,bandwidth_monster,0,READ,0x258c0000,262144
7157,bandwidth_monster,0,WRITE,0x25900000,262144
7161,bandwidth_monster,0,WRITE,0x25940000,262144
7164,bandwidth_monster,0,WRITE,0x25980000,262144
7164,victim1,1,READ,0x100000ad000,4096
7168,bandwidth_monster,0,READ,0x259c0000,262144
7171,bandwidth_monster,0,READ,0x25a00000,262144
7172,bandwidth_monster,0,WRITE,0x25a40000,262144
7177,bandwidth_monster,0,READ,0x25a80000,262144
7181,bandwidth_monster,0,READ,0x25ac0000,262144
7182,victim2,2,WRITE,0x200000b4000,4096
7184,victim3,3,READ,0x300000b1000,4096
7186,bandwidth_monster,0,WRITE,0x25b00000,262144
7187,victim1,1,READ,0x100000ae000,4096
7190,bandwidth_monster,0,READ,0x25b40000,262144
7191,bandwidth_monster,0,WRITE,0x25b80000,262144
7194,bandwidth_monster,0,WRITE,0x25bc0000,262144
7195,bandwidth_monster,0,WRITE,0x25c00000,262144
7200,bandwidth_monster,0,WRITE,0x25c40000,262144
7202,bandwidth_monster,0,READ,0x25c80000,262144
7203,victim2,2,READ,0x200000b5000,4096
7204,bandwidth_monster,0,READ,0x25cc0000,262144
7207,bandwidth_monster,0,WRITE,0x25d00000,262144
7207,victim1,1,READ,0x100000af000,4096
7210,bandwidth_monster,0,WRITE,0x25d40000,262144
7213,bandwidth_monster,0,WRITE,0x25d80000,262144
7216,bandwidth_monster,0,READ,0x25dc0000,262144
7218,bandwidth_monster,0,WRITE,0x25e00000,262144
7218,victim3,3,READ,0x300000b2000,4096
7221,bandwidth_monster,0,READ,0x25e40000,262144
7226,bandwidth_monster,0,WRITE,0x25e80000,262144
7231,bandwidth_monster,0,WRITE,0x25ec0000,262144
7232,bandwidth_monster,0,READ,0x25f00000,262144
7236,bandwidth_monster,0,WRITE,0x25f40000,262144
7241,bandwidth_monster,0,WRITE,0x25f80000,262144
7242,bandwidth_monster,0,READ,0x25fc0000,262144
7244,bandwidth_monster,0,WRITE,0x26000000,262144
7249,bandwidth_monster,0,WRITE,0x26040000,262144
7250,bandwidth_monster,0,WRITE,0x26080000,262144
7251,bandwidth_monster,0,WRITE,0x260c0000,262144
7256,bandwidth_monster,0,READ,0x26100000,262144
7259,bandwidth_monster,0,WRITE,0x26140000,262144
7262,victim2,2,READ,0x200000b6000,4096
7263,bandwidth_monster,0,WRITE,0x26180000,262144
7265,bandwidth_monster,0,WRITE,0x261c0000,262144
7266,bandwidth_monster,0,READ,0x26200000,262144
7266,victim1,1,WRITE,0x100000b0000,4096
7267,bandwidth_monster,0,READ,0x26240000,262144
7270,bandwidth_monster,0,READ,0x26280000,262144
7272,bandwidth_monster,0,WRITE,0x262c0000,262144
7276,bandwidth_monster,0,READ,0x26300000,262144
7276,victim3,3,WRITE,0x300000b3000,4096
7281,bandwidth_monster,0,READ,0x26340000,262144
7284,bandwidth_monster,0,READ,0x26380000,262144
7284,victim2,2,READ,0x200000b7000,4096
7286,bandwidth_monster,0,WRITE,0x263c0000,262144
7288,bandwidth_monster,0,READ,0x26400000,262144
7289,bandwidth_monster,0,READ,0x26440000,262144
7290,bandwidth_monster,0,WRITE,0x26480000,262144
7295,bandwidth_monster,0,WRITE,0x264c0000,262144
7296,bandwidth_monster,0,WRITE,0x26500000,262144
7298,bandwidth_monster,0,WRITE,0x26540000,262144
7301,bandwidth_monster,0,READ,0x26580000,262144
7303,victim3,3,READ,0x300000b4000,4096
7304,bandwidth_monster,0,WRITE,0x265c0000,262144
7305,bandwidth_monster,0,WRITE,0x26600000,262144
7307,bandwidth_monster,0,READ,0x26640000,262144
7307,victim1,1,READ,0x100000b1000,4096
7311,bandwidth_monster,0,WRITE,0x26680000,262144
7315,bandwidth_monster,0,READ,0x266c0000,262144
7316,bandwidth_monster,0,WRITE,0x26700000,262144
7317,bandwidth_monster,0,WRITE,0x26740000,262144
7321,bandwidth_monster,0,READ,0x26780000,262144
7326,bandwidth_monster,0,WRITE,0x267c0000,262144
7327,bandwidth_monster,0,WRITE,0x26800000,262144
7327,victim2,2,READ,0x200000b8000,4096
7330,bandwidth_monster,0,READ,0x26840000,262144
7331,bandwidth_monster,0,WRITE,0x26880000,262144
7335,bandwidth_monster,0,WRITE,0x268c0000,262144
7336,victim3,3,READ,0x300000b5000,4096
7339,bandwidth_monster,0,READ,0x26900000,262144
7341,bandwidth_monster,0,READ,0x26940000,262144
7346,bandwidth_monster,0,READ,0x26980000,262144
7348,bandwidth_monster,0,WRITE,0x269c0000,262144
7350,bandwidth_monster,0,WRITE,0x26a00000,262144
7352,bandwidth_monster,0,WRITE,0x26a40000,262144
7354,victim1,1,READ,0x100000b2000,4096
7357,bandwidth_monster,0,READ,0x26a80000,262144
7361,bandwidth_monster,0,READ,0x26ac0000,262144
7364,victim2,2,WRITE,0x200000b9000,4096
7365,bandwidth_monster,0,WRITE,0x26b00000,262144
7368,bandwidth_monster,0,READ,0x26b40000,262144
7371,bandwidth_monster,0,READ,0x26b80000,262144
7373,bandwidth_monster,0,WRITE,0x26bc0000,262144
7374,victim1,1,READ,0x100000b3000,4096
7375,bandwidth_monster,0,WRITE,0x26c00000,262144
7379,bandwidth_monster,0,READ,0x26c40000,262144
7383,bandwidth_monster,0,WRITE,0x26c80000,262144
7387,bandwidth_monster,0,WRITE,0x26cc0000,262144
7389,victim2,2,READ,0x200000ba000,4096
7390,bandwidth_monster,0,WRITE,0x26d00000,262144
7390,victim3,3,READ,0x300000b6000,4096
7395,bandwidth_monster,0,WRITE,0x26d40000,262144
7397,bandwidth_monster,0,WRITE,0x26d80000,262144
7401,bandwidth_monster,0,READ,0x26dc0000,262144
7404,bandwidth_monster,0,WRITE,0x26e00000,262144
7406,bandwidth_monster,0,WRITE,0x26e40000,262144
7408,bandwidth_monster,0,WRITE,0x26e80000,262144
7410,bandwidth_monster,0,WRITE,0x26ec0000,262144
7414,bandwidth_monster,0,READ,0x26f00000,262144
7419,bandwidth_monster,0,WRITE,0x26f40000,262144
7420,victim3,3,READ,0x300000b7000,4096
7423,bandwidth_monster,0,WRITE,0x26f80000,262144
7427,bandwidth_monster,0,WRITE,0x26fc0000,262144
7428,bandwidth_monster,0,WRITE,0x27000000,262144
7430,victim1,1,READ,0x100000b4000,4096
7433,bandwidth_monster,0,WRITE,0x27040000,262144
7436,bandwidth_monster,0,WRITE,0x27080000,262144
7439,bandwidth_monster,0,WRITE,0x270c0000,262144
7443,victim3,3,READ,0x300000b8000,4096
7444,bandwidth_monster,0,READ,0x27100000,262144
7446,victim2,2,READ,0x200000bb000,4096
7447,bandwidth_monster,0,READ,0x27140000,262144
7452,bandwidth_monster,0,WRITE,0x27180000,262144
7453,bandwidth_monster,0,WRITE,0x271c0000,262144
7457,bandwidth_monster,0,READ,0x27200000,262144
7460,bandwidth_monster,0,WRITE,0x27240000,262144
7462,bandwidth_monster,0,READ,0x27280000,262144
7464,bandwidth_monster,0,WRITE,0x272c0000,262144
7466,victim1,1,READ,0x100000b5000,4096
7469,bandwidth_monster,0,WRITE,0x27300000,262144
7474,bandwidth_monster,0,WRITE,0x27340000,262144
7478,bandwidth_monster,0,READ,0x27380000,262144
7479,bandwidth_monster,0,WRITE,0x273c0000,262144
7482,bandwidth_monster,0,WRITE,0x27400000,262144
7487,bandwidth_monster,0,WRITE,0x27440000,262144
7491,bandwidth_monster,0,WRITE,0x27480000,262144
7492,victim2,2,READ,0x200000bc000,4096
7495,bandwidth_monster,0,WRITE,0x274c0000,262144
7496,bandwidth_monster,0,WRITE,0x27500000,262144
7498,victim3,3,READ,0x300000b9000,4096
7500,bandwidth_monster,0,WRITE,0x27540000,262144
7502,bandwidth_monster,0,READ,0x27580000,262144
7507,bandwidth_monster,0,WRITE,0x275c0000,262144
7512,bandwidth_monster,0,WRITE,0x27600000,262144
7513,bandwidth_monster,0,READ,0x27640000,262144
7514,bandwidth_monster,0,WRITE,0x27680000,262144
7515,bandwidth_monster,0,WRITE,0x276c0000,262144
7515,victim1,1,READ,0x100000b6000,4096
7519,bandwidth_monster,0,READ,0x27700000,262144
7520,bandwidth_monster,0,WRITE,0x27740000,262144
7522,bandwidth_monster,0,WRITE,0x27780000,262144
7527,bandwidth_monster,0,WRITE,0x277c0000,262144
7529,bandwidth_monster,0,WRITE,0x27800000,262144
7532,bandwidth_monster,0,WRITE,0x27840000,262144
7536,bandwidth_monster,0,READ,0x27880000,262144
7537,bandwidth_monster,0,WRITE,0x278c0000,262144
7538,victim2,2,READ,0x200000bd000,4096
7541,victim3,3,READ,0x300000ba000,4096
7542,bandwidth_monster,0,READ,0x27900000,262144
7544,bandwidth_monster,0,WRITE,0x27940000,262144
7549,bandwidth_monster,0,WRITE,0x27980000,262144
7549,victim1,1,READ,0x100000b7000,4096
7554,bandwidth_monster,0,WRITE,0x279c0000,262144
7555,bandwidth_monster,0,WRITE,0x27a00000,262144
7560,bandwidth_monster,0,WRITE,0x27a40000,262144
7565,bandwidth_monster,0,WRITE,0x27a80000,262144
7568,bandwidth_monster,0,WRITE,0x27ac0000,262144
7571,bandwidth_monster,0,READ,0x27b00000,262144
7574,bandwidth_monster,0,WRITE,0x27b40000,262144
7576,bandwidth_monster,0,WRITE,0x27b80000,262144
7578,victim1,1,READ,0x100000b8000,4096
7580,bandwidth_monster,0,WRITE,0x27bc0000,262144
7581,bandwidth_monster,0,WRITE,0x27c00000,262144
7584,victim2,2,READ,0x200000be000,4096
7586,bandwidth_monster,0,READ,0x27c40000,262144
7588,bandwidth_monster,0,WRITE,0x27c80000,262144
7590,bandwidth_monster,0,WRITE,0x27cc0000,262144
7590,victim3,3,READ,0x300000bb000,4096
7592,bandwidth_monster,0,WRITE,0x27d00000,262144
7593,bandwidth_monster,0,WRITE,0x27d40000,262144
7598,bandwidth_monster,0,WRITE,0x27d80000,262144
7603,bandwidth_monster,0,WRITE,0x27dc0000,262144
7608,bandwidth_monster,0,WRITE,0x27e00000,262144
7613,bandwidth_monster,0,WRITE,0x27e40000,262144
7617,bandwidth_monster,0,WRITE,0x27e80000,262144
7619,victim2,2,READ,0x200000bf000,4096
7621,bandwidth_monster,0,WRITE,0x27ec0000,262144
7625,bandwidth_monster,0,WRITE,0x27f00000,262144
7626,bandwidth_monster,0,READ,0x27f40000,262144
7629,bandwidth_monster,0,WRITE,0x27f80000,262144
7630,bandwidth_monster,0,WRITE,0x27fc0000,262144
7630,victim1,1,READ,0x100000b9000,4096
7634,victim3,3,READ,0x300000bc000,4096
7635,bandwidth_monster,0,WRITE,0x28000000,262144
7637,bandwidth_monster,0,WRITE,0x28040000,262144
7640,bandwidth_monster,0,WRITE,0x28080000,262144
7645,bandwidth_monster,0,WRITE,0x280c0000,262144
7646,bandwidth_monster,0,WRITE,0x28100000,262144
7649,bandwidth_monster,0,READ,0x28140000,262144
7650,bandwidth_monster,0,WRITE,0x28180000,262144
7654,bandwidth_monster,0,WRITE,0x281c0000,262144
7659,bandwidth_monster,0,READ,0x28200000,262144
7662,bandwidth_monster,0,WRITE,0x28240000,262144
7666,bandwidth_monster,0,WRITE,0x28280000,262144
7671,bandwidth_monster,0,READ,0x282c0000,262144
7672,victim1,1,READ,0x100000ba000,4096
7674,victim2,2,READ,0x200000c0000,4096
7676,bandwidth_monster,0,WRITE,0x28300000,262144
7679,bandwidth_monster,0,WRITE,0x28340000,262144
7680,bandwidth_monster,0,WRITE,0x28380000,262144
7685,bandwidth_monster,0,WRITE,0x283c0000,262144
7686,bandwidth_monster,0,WRITE,0x28400000,262144
7686,victim3,3,READ,0x300000bd000,4096
7689,bandwidth_monster,0,WRITE,0x28440000,262144
7694,bandwidth_monster,0,WRITE,0x28480000,262144
7696,bandwidth_monster,0,WRITE,0x284c0000,262144
7697,bandwidth_monster,0,WRITE,0x28500000,262144
7699,bandwidth_monster,0,WRITE,0x28540000,262144
7702,bandwidth_monster,0,READ,0x28580000,262144
7707,bandwidth_monster,0,WRITE,0x285c0000,262144
7712,bandwidth_monster,0,WRITE,0x28600000,262144
7713,bandwidth_monster,0,WRITE,0x28640000,262144
7715,victim2,2,READ,0x200000c1000,4096
7716,victim1,1,WRITE,0x100000bb000,4096
7718,bandwidth_monster,0,WRITE,0x28680000,262144
7718,victim3,3,READ,0x300000be000,4096
7719,bandwidth_monster,0,WRITE,0x286c0000,262144
7723,bandwidth_monster,0,WRITE,0x28700000,262144
7727,bandwidth_monster,0,WRITE,0x28740000,262144
7728,bandwidth_monster,0,READ,0x28780000,262144
7733,bandwidth_monster,0,READ,0x287c0000,262144
7734,bandwidth_monster,0,WRITE,0x28800000,262144
7737,bandwidth_monster,0,WRITE,0x28840000,262144
7740,bandwidth_monster,0,READ,0x28880000,262144
7740,victim3,3,READ,0x300000bf000,4096
7741,bandwidth_monster,0,READ,0x288c0000,262144
7745,bandwidth_monster,0,WRITE,0x28900000,262144
7750,bandwidth_monster,0,WRITE,0x28940000,262144
7752,bandwidth_monster,0,READ,0x28980000,262144
7753,victim1,1,READ,0x100000bc000,4096
7754,bandwidth_monster,0,WRITE,0x289c0000,262144
7756,bandwidth_monster,0,WRITE,0x28a00000,262144
7757,bandwidth_monster,0,WRITE,0x28a40000,262144
7758,bandwidth_monster,0,READ,0x28a80000,262144
7760,bandwidth_monster,0,WRITE,0x28ac0000,262144
7762,bandwidth_monster,0,READ,0x28b00000,262144
7764,victim2,2,READ,0x200000c2000,4096
7765,bandwidth_monster,0,WRITE,0x28b40000,262144
7767,bandwidth_monster,0,WRITE,0x28b80000,262144
7769,bandwidth_monster,0,WRITE,0x28bc0000,262144
7772,bandwidth_monster,0,WRITE,0x28c00000,262144
7776,bandwidth_monster,0,READ,0x28c40000,262144
7778,bandwidth_monster,0,READ,0x28c80000,262144
7781,bandwidth_monster,0,WRITE,0x28cc0000,262144
7783,bandwidth_monster,0,WRITE,0x28d00000,262144
7787,bandwidth_monster,0,WRITE,0x28d40000,262144
7789,victim3,3,READ,0x300000c0000,4096
7792,bandwidth_monster,0,WRITE,0x28d80000,262144
7795,bandwidth_monster,0,READ,0x28dc0000,262144
7799,bandwidth_monster,0,READ,0x28e00000,262144
7803,bandwidth_monster,0,READ,0x28e40000,262144
7806,victim1,1,READ,0x100000bd000,4096
7808,bandwidth_monster,0,WRITE,0x28e80000,262144
7809,victim2,2,READ,0x200000c3000,4096
7810,bandwidth_monster,0,WRITE,0x28ec0000,262144
7813,bandwidth_monster,0,READ,0x28f00000,262144
7815,bandwidth_monster,0,READ,0x28f40000,262144
7816,bandwidth_monster,0,WRITE,0x28f80000,262144
7819,bandwidth_monster,0,READ,0x28fc0000,262144
7820,bandwidth_monster,0,WRITE,0x29000000,262144
7823,bandwidth_monster,0,READ,0x29040000,262144
7828,bandwidth_monster,0,WRITE,0x29080000,262144
7833,bandwidth_monster,0,WRITE,0x290c0000,262144
7836,victim3,3,READ,0x300000c1000,4096
7837,bandwidth_monster,0,READ,0x29100000,262144
7838,victim1,1,READ,0x100000be000,4096
7841,bandwidth_monster,0,WRITE,0x29140000,262144
7845,bandwidth_monster,0,WRITE,0x29180000,262144
7848,bandwidth_monster,0,READ,0x291c0000,262144
7853,bandwidth_monster,0,READ,0x29200000,262144
7857,bandwidth_monster,0,READ,0x29240000,262144
7860,bandwidth_monster,0,READ,0x29280000,262144
7864,bandwidth_monster,0,WRITE,0x292c0000,262144
7866,bandwidth_monster,0,WRITE,0x29300000,262144
7867,bandwidth_monster,0,WRITE,0x29340000,262144
7868,victim2,2,READ,0x200000c4000,4096
7869,bandwidth_monster,0,READ,0x29380000,262144
7870,bandwidth_monster,0,READ,0x293c0000,262144
7870,victim3,3,READ,0x300000c2000,4096
7873,bandwidth_monster,0,READ,0x29400000,262144
7874,victim1,1,READ,0x100000bf000,4096
7875,bandwidth_monster,0,WRITE,0x29440000,262144
7878,bandwidth_monster,0,WRITE,0x29480000,262144
7883,bandwidth_monster,0,WRITE,0x294c0000,262144
7884,bandwidth_monster,0,WRITE,0x29500000,262144
7887,bandwidth_monster,0,READ,0x29540000,262144
7889,bandwidth_monster,0,WRITE,0x29580000,262144
7892,bandwidth_monster,0,WRITE,0x295c0000,262144
7897,bandwidth_monster,0,READ,0x29600000,262144
7898,bandwidth_monster,0,READ,0x29640000,262144
7902,bandwidth_monster,0,READ,0x29680000,262144
7904,bandwidth_monster,0,WRITE,0x296c0000,262144
7908,victim2,2,WRITE,0x200000c5000,4096
7909,bandwidth_monster,0,WRITE,0x29700000,262144
7914,bandwidth_monster,0,WRITE,0x29740000,262144
7916,victim3,3,READ,0x300000c3000,4096
7917,bandwidth_monster,0,WRITE,0x29780000,262144
7919,victim1,1,READ,0x100000c0000,4096
7921,bandwidth_monster,0,WRITE,0x297c0000,262144
7925,bandwidth_monster,0,WRITE,0x29800000,262144
7927,bandwidth_monster,0,WRITE,0x29840000,262144
7930,bandwidth_monster,0,WRITE,0x29880000,262144
7935,bandwidth_monster,0,WRITE,0x298c0000,262144
7937,bandwidth_monster,0,READ,0x29900000,262144
7938,bandwidth_monster,0,WRITE,0x29940000,262144
7941,bandwidth_monster,0,WRITE,0x29980000,262144
7944,bandwidth_monster,0,READ,0x299c0000,262144
7947,bandwidth_monster,0,WRITE,0x29a00000,262144
7947,victim2,2,READ,0x200000c6000,4096
7949,bandwidth_monster,0,WRITE,0x29a40000,262144
7949,victim1,1,READ,0x100000c1000,4096
7950,bandwidth_monster,0,WRITE,0x29a80000,262144
7953,bandwidth_monster,0,WRITE,0x29ac0000,262144
7953,victim3,3,READ,0x300000c4000,4096
7957,bandwidth_monster,0,WRITE,0x29b00000,262144
7959,bandwidth_monster,0,READ,0x29b40000,262144
7961,bandwidth_monster,0,WRITE,0x29b80000,262144
7965,bandwidth_monster,0,WRITE,0x29bc0000,262144
7969,bandwidth_monster,0,READ,0x29c00000,262144
7970,victim1,1,READ,0x100000c2000,4096
7971,bandwidth_monster,0,WRITE,0x29c40000,262144
7973,bandwidth_monster,0,WRITE,0x29c80000,262144
7977,bandwidth_monster,0,WRITE,0x29cc0000,262144
7978,victim3,3,WRITE,0x300000c5000,4096
7979,bandwidth_monster,0,READ,0x29d00000,262144
7982,bandwidth_monster,0,READ,0x29d40000,262144
7983,victim2,2,WRITE,0x200000c7000,4096
7986,bandwidth_monster,0,WRITE,0x29d80000,262144
7987,bandwidth_monster,0,WRITE,0x29dc0000,262144
7991,bandwidth_monster,0,WRITE,0x29e00000,262144
7992,bandwidth_monster,0,READ,0x29e40000,262144
7993,bandwidth_monster,0,WRITE,0x29e80000,262144
7996,bandwidth_monster,0,READ,0x29ec0000,262144
7997,bandwidth_monster,0,WRITE,0x29f00000,262144
8000,bandwidth_monster,0,WRITE,0x29f40000,262144
8001,victim1,1,READ,0x100000c3000,4096
8004,victim2,2,READ,0x200000c8000,4096
8005,bandwidth_monster,0,WRITE,0x29f80000,262144
8006,bandwidth_monster,0,WRITE,0x29fc0000,262144
8009,bandwidth_monster,0,WRITE,0x2a000000,262144
8010,bandwidth_monster,0,WRITE,0x2a040000,262144
8014,bandwidth_monster,0,WRITE,0x2a080000,262144
8015,bandwidth_monster,0,WRITE,0x2a0c0000,262144
8015,victim3,3,READ,0x300000c6000,4096
8018,bandwidth_monster,0,WRITE,0x2a100000,262144
8022,bandwidth_monster,0,WRITE,0x2a140000,262144
8027,bandwidth_monster,0,WRITE,0x2a180000,262144
8030,bandwidth_monster,0,WRITE,0x2a1c0000,262144
8035,bandwidth_monster,0,WRITE,0x2a200000,262144
8035,victim3,3,READ,0x300000c7000,4096
8039,bandwidth_monster,0,READ,0x2a240000,262144
8040,bandwidth_monster,0,WRITE,0x2a280000,262144
8041,bandwidth_monster,0,WRITE,0x2a2c0000,262144
8045,bandwidth_monster,0,WRITE,0x2a300000,262144
8049,victim1,1,WRITE,0x100000c4000,4096
8049,victim2,2,READ,0x200000c9000,4096
8050,bandwidth_monster,0,WRITE,0x2a340000,262144
8053,bandwidth_monster,0,WRITE,0x2a380000,262144
8056,bandwidth_monster,0,WRITE,0x2a3c0000,262144
8057,victim3,3,READ,0x300000c8000,4096
8058,bandwidth_monster,0,READ,0x2a400000,262144
8061,bandwidth_monster,0,WRITE,0x2a440000,262144
8066,bandwidth_monster,0,WRITE,0x2a480000,262144
8068,bandwidth_monster,0,WRITE,0x2a4c0000,262144
8073,bandwidth_monster,0,WRITE,0x2a500000,262144
8076,bandwidth_monster,0,READ,0x2a540000,262144
8077,victim1,1,READ,0x100000c5000,4096
8081,bandwidth_monster,0,READ,0x2a580000,262144
8085,bandwidth_monster,0,WRITE,0x2a5c0000,262144
8089,victim2,2,READ,0x200000ca000,4096
8090,bandwidth_monster,0,WRITE,0x2a600000,262144
8094,bandwidth_monster,0,READ,0x2a640000,262144
8099,bandwidth_monster,0,WRITE,0x2a680000,262144
8103,bandwidth_monster,0,READ,0x2a6c0000,262144
8105,bandwidth_monster,0,READ,0x2a700000,262144
8106,victim3,3,READ,0x300000c9000,4096
8107,bandwidth_monster,0,READ,0x2a740000,262144
8110,bandwidth_monster,0,READ,0x2a780000,262144
8113,bandwidth_monster,0,WRITE,0x2a7c0000,262144
8113,victim2,2,READ,0x200000cb000,4096
8114,bandwidth_monster,0,WRITE,0x2a800000,262144
8119,bandwidth_monster,0,WRITE,0x2a840000,262144
8123,bandwidth_monster,0,READ,0x2a880000,262144
8124,victim1,1,READ,0x100000c6000,4096
8127,bandwidth_monster,0,READ,0x2a8c0000,262144
8129,bandwidth_monster,0,WRITE,0x2a900000,262144
8132,bandwidth_monster,0,READ,0x2a940000,262144
8137,bandwidth_monster,0,WRITE,0x2a980000,262144
8138,bandwidth_monster,0,WRITE,0x2a9c0000,262144
8139,bandwidth_monster,0,WRITE,0x2aa00000,262144
8143,bandwidth_monster,0,READ,0x2aa40000,262144
8147,bandwidth_monster,0,WRITE,0x2aa80000,262144
8151,bandwidth_monster,0,READ,0x2aac0000,262144
8156,bandwidth_monster,0,WRITE,0x2ab00000,262144
8161,bandwidth_monster,0,WRITE,0x2ab40000,262144
8164,bandwidth_monster,0,READ,0x2ab80000,262144
8165,victim3,3,READ,0x300000ca000,4096
8167,victim2,2,WRITE,0x200000cc000,4096
8169,bandwidth_monster,0,READ,0x2abc0000,262144
8174,bandwidth_monster,0,WRITE,0x2ac00000,262144
8176,bandwidth_monster,0,WRITE,0x2ac40000,262144
8176,victim1,1,READ,0x100000c7000,4096
8180,bandwidth_monster,0,WRITE,0x2ac80000,262144
8184,bandwidth_monster,0,READ,0x2acc0000,262144
8187,bandwidth_monster,0,WRITE,0x2ad00000,262144
8190,bandwidth_monster,0,WRITE,0x2ad40000,262144
8194,bandwidth_monster,0,READ,0x2ad80000,262144
8197,victim3,3,READ,0x300000cb000,4096
8198,bandwidth_monster,0,WRITE,0x2adc0000,262144
8198,victim2,2,READ,0x200000cd000,4096
8199,bandwidth_monster,0,WRITE,0x2ae00000,262144
8203,bandwidth_monster,0,WRITE,0x2ae40000,262144
8207,bandwidth_monster,0,READ,0x2ae80000,262144
8209,bandwidth_monster,0,READ,0x2aec0000,262144
8210,bandwidth_monster,0,WRITE,0x2af00000,262144
8215,bandwidth_monster,0,WRITE,0x2af40000,262144
8218,victim3,3,READ,0x300000cc000,4096
8220,bandwidth_monster,0,WRITE,0x2af80000,262144
8221,bandwidth_monster,0,WRITE,0x2afc0000,262144
8221,victim2,2,READ,0x200000ce000,4096
8222,bandwidth_monster,0,WRITE,0x2b000000,262144
8224,bandwidth_monster,0,WRITE,0x2b040000,262144
8229,bandwidth_monster,0,WRITE,0x2b080000,262144
8230,victim1,1,READ,0x100000c8000,4096
8232,bandwidth_monster,0,WRITE,0x2b0c0000,262144
8234,bandwidth_monster,0,READ,0x2b100000,262144
8237,bandwidth_monster,0,WRITE,0x2b140000,262144
8242,bandwidth_monster,0,WRITE,0x2b180000,262144
8246,bandwidth_monster,0,READ,0x2b1c0000,262144
8248,bandwidth_monster,0,READ,0x2b200000,262144
8250,bandwidth_monster,0,WRITE,0x2b240000,262144
8253,bandwidth_monster,0,WRITE,0x2b280000,262144
8253,victim3,3,WRITE,0x300000cd000,4096
8257,bandwidth_monster,0,WRITE,0x2b2c0000,262144
8260,bandwidth_monster,0,READ,0x2b300000,262144
8264,bandwidth_monster,0,WRITE,0x2b340000,262144
8265,victim1,1,READ,0x100000c9000,4096
8268,bandwidth_monster,0,WRITE,0x2b380000,262144
8270,victim2,2,READ,0x200000cf000,4096
8271,bandwidth_monster,0,WRITE,0x2b3c0000,262144
8274,bandwidth_monster,0,WRITE,0x2b400000,262144
8275,bandwidth_monster,0,WRITE,0x2b440000,262144
8276,bandwidth_monster,0,READ,0x2b480000,262144
8281,bandwidth_monster,0,WRITE,0x2b4c0000,262144
8284,bandwidth_monster,0,WRITE,0x2b500000,262144
8287,bandwidth_monster,0,WRITE,0x2b540000,262144
8289,bandwidth_monster,0,READ,0x2b580000,262144
8292,victim1,1,READ,0x100000ca000,4096
8294,bandwidth_monster,0,WRITE,0x2b5c0000,262144
8297,bandwidth_monster,0,READ,0x2b600000,262144
8300,bandwidth_monster,0,WRITE,0x2b640000,262144
8302,bandwidth_monster,0,WRITE,0x2b680000,262144
8303,bandwidth_monster,0,READ,0x2b6c0000,262144
8307,bandwidth_monster,0,READ,0x2b700000,262144
8309,bandwidth_monster,0,WRITE,0x2b740000,262144
8310,bandwidth_monster,0,WRITE,0x2b780000,262144
8312,bandwidth_monster,0,WRITE,0x2b7c0000,262144
8312,victim2,2,READ,0x200000d0000,4096
8313,victim3,3,READ,0x300000ce000,4096
8317,bandwidth_monster,0,READ,0x2b800000,262144
8321,bandwidth_monster,0,WRITE,0x2b840000,262144
8323,bandwidth_monster,0,WRITE,0x2b880000,262144
8325,bandwidth_monster,0,WRITE,0x2b8c0000,262144
8328,bandwidth_monster,0,READ,0x2b900000,262144
8332,bandwidth_monster,0,WRITE,0x2b940000,262144
8334,victim3,3,READ,0x300000cf000,4096
8336,bandwidth_monster,0,READ,0x2b980000,262144
8341,bandwidth_monster,0,WRITE,0x2b9c0000,262144
8345,bandwidth_monster,0,WRITE,0x2ba00000,262144
8346,bandwidth_monster,0,WRITE,0x2ba40000,262144
8347,bandwidth_monster,0,READ,0x2ba80000,262144
8351,bandwidth_monster,0,READ,0x2bac0000,262144
8351,victim1,1,READ,0x100000cb000,4096
8355,bandwidth_monster,0,WRITE,0x2bb00000,262144
8358,bandwidth_monster,0,WRITE,0x2bb40000,262144
8362,bandwidth_monster,0,WRITE,0x2bb80000,262144
8364,bandwidth_monster,0,READ,0x2bbc0000,262144
8369,bandwidth_monster,0,READ,0x2bc00000,262144
8370,victim2,2,READ,0x200000d1000,4096
8371,bandwidth_monster,0,READ,0x2bc40000,262144
8374,bandwidth_monster,0,WRITE,0x2bc80000,262144
8378,bandwidth_monster,0,WRITE,0x2bcc0000,262144
8382,bandwidth_monster,0,WRITE,0x2bd00000,262144
8384,bandwidth_monster,0,WRITE,0x2bd40000,262144
8389,bandwidth_monster,0,WRITE,0x2bd80000,262144
8394,bandwidth_monster,0,WRITE,0x2bdc0000,262144
8394,victim3,3,READ,0x300000d0000,4096
8395,bandwidth_monster,0,WRITE,0x2be00000,262144
8400,bandwidth_monster,0,WRITE,0x2be40000,262144
8401,victim2,2,READ,0x200000d2000,4096
8402,bandwidth_monster,0,WRITE,0x2be80000,262144
8405,bandwidth_monster,0,WRITE,0x2bec0000,262144
8406,bandwidth_monster,0,WRITE,0x2bf00000,262144
8409,victim1,1,WRITE,0x100000cc000,4096
8411,bandwidth_monster,0,WRITE,0x2bf40000,262144
8416,bandwidth_monster,0,WRITE,0x2bf80000,262144
8418,bandwidth_monster,0,WRITE,0x2bfc0000,262144
8420,bandwidth_monster,0,WRITE,0x2c000000,262144
8422,bandwidth_monster,0,READ,0x2c040000,262144
8425,bandwidth_monster,0,READ,0x2c080000,262144
8426,victim3,3,READ,0x300000d1000,4096
8427,bandwidth_monster,0,WRITE,0x2c0c0000,262144
8428,bandwidth_monster,0,READ,0x2c100000,262144
8429,victim1,1,READ,0x100000cd000,4096
8431,bandwidth_monster,0,READ,0x2c140000,262144
8432,bandwidth_monster,0,WRITE,0x2c180000,262144
8434,bandwidth_monster,0,WRITE,0x2c1c0000,262144
8435,bandwidth_monster,0,WRITE,0x2c200000,262144
8438,bandwidth_monster,0,WRITE,0x2c240000,262144
8443,bandwidth_monster,0,WRITE,0x2c280000,262144
8445,bandwidth_monster,0,WRITE,0x2c2c0000,262144
8449,victim3,3,WRITE,0x300000d2000,4096
8450,bandwidth_monster,0,WRITE,0x2c300000,262144
8452,bandwidth_monster,0,WRITE,0x2c340000,262144
8453,bandwidth_monster,0,WRITE,0x2c380000,262144
8455,victim2,2,READ,0x200000d3000,4096
8457,bandwidth_monster,0,WRITE,0x2c3c0000,262144
8460,bandwidth_monster,0,READ,0x2c400000,262144
8464,bandwidth_monster,0,WRITE,0x2c440000,262144
8466,bandwidth_monster,0,WRITE,0x2c480000,262144
8471,bandwidth_monster,0,READ,0x2c4c0000,262144
8473,bandwidth_monster,0,WRITE,0x2c500000,262144
8478,bandwidth_monster,0,READ,0x2c540000,262144
8478,victim3,3,READ,0x300000d3000,4096
8482,bandwidth_monster,0,WRITE,0x2c580000,262144
8482,victim1,1,READ,0x100000ce000,4096
8483,bandwidth_monster,0,WRITE,0x2c5c0000,262144
8487,bandwidth_monster,0,READ,0x2c600000,262144
8491,bandwidth_monster,0,WRITE,0x2c640000,262144
8495,bandwidth_monster,0,READ,0x2c680000,262144
8499,bandwidth_monster,0,READ,0x2c6c0000,262144
8500,bandwidth_monster,0,WRITE,0x2c700000,262144
8503,bandwidth_monster,0,WRITE,0x2c740000,262144
8505,victim2,2,READ,0x200000d4000,4096
8507,bandwidth_monster,0,READ,0x2c780000,262144
8508,victim3,3,READ,0x300000d4000,4096
8510,bandwidth_monster,0,READ,0x2c7c0000,262144
8514,bandwidth_monster,0,WRITE,0x2c800000,262144
8519,bandwidth_monster,0,WRITE,0x2c840000,262144
8522,bandwidth_monster,0,READ,0x2c880000,262144
8525,bandwidth_monster,0,WRITE,0x2c8c0000,262144
8525,victim2,2,READ,0x200000d5000,4096
8529,bandwidth_monster,0,WRITE,0x2c900000,262144
8531,bandwidth_monster,0,WRITE,0x2c940000,262144
8533,victim3,3,READ,0x300000d5000,4096
8534,bandwidth_monster,0,WRITE,0x2c980000,262144
8537,victim1,1,READ,0x100000cf000,4096
8539,bandwidth_monster,0,WRITE,0x2c9c0000,262144
8540,bandwidth_monster,0,WRITE,0x2ca00000,262144
8545,bandwidth_monster,0,READ,0x2ca40000,262144
8549,bandwidth_monster,0,WRITE,0x2ca80000,262144
8554,bandwidth_monster,0,WRITE,0x2cac0000,262144
8558,victim2,2,READ,0x200000d6000,4096
8559,bandwidth_monster,0,WRITE,0x2cb00000,262144
8561,bandwidth_monster,0,WRITE,0x2cb40000,262144
8562,bandwidth_monster,0,WRITE,0x2cb80000,262144
8563,bandwidth_monster,0,WRITE,0x2cbc0000,262144
8567,bandwidth_monster,0,WRITE,0x2cc00000,262144
8569,bandwidth_monster,0,WRITE,0x2cc40000,262144
8572,bandwidth_monster,0,WRITE,0x2cc80000,262144
8575,bandwidth_monster,0,WRITE,0x2ccc0000,262144
8575,victim1,1,READ,0x100000d0000,4096
8579,bandwidth_monster,0,WRITE,0x2cd00000,262144
8581,bandwidth_monster,0,READ,0x2cd40000,262144
8585,bandwidth_monster,0,READ,0x2cd80000,262144
8589,bandwidth_monster,0,WRITE,0x2cdc0000,262144
8592,bandwidth_monster,0,WRITE,0x2ce00000,262144
8593,bandwidth_monster,0,WRITE,0x2ce40000,262144
8593,victim3,3,READ,0x300000d6000,4096
8597,bandwidth_monster,0,READ,0x2ce80000,262144
8601,bandwidth_monster,0,WRITE,0x2cec0000,262144
8603,bandwidth_monster,0,WRITE,0x2cf00000,262144
8607,bandwidth_monster,0,READ,0x2cf40000,262144
8612,bandwidth_monster,0,READ,0x2cf80000,262144
8613,victim1,1,READ,0x100000d1000,4096
8615,victim3,3,READ,0x300000d7000,4096
8616,bandwidth_monster,0,WRITE,0x2cfc0000,262144
8617,victim2,2,READ,0x200000d7000,4096
8621,bandwidth_monster,0,READ,0x2d000000,262144
8622,bandwidth_monster,0,WRITE,0x2d040000,262144
8626,bandwidth_monster,0,READ,0x2d080000,262144
8631,bandwidth_monster,0,WRITE,0x2d0c0000,262144
8632,bandwidth_monster,0,READ,0x2d100000,262144
8633,bandwidth_monster,0,WRITE,0x2d140000,262144
8636,bandwidth_monster,0,WRITE,0x2d180000,262144
8637,bandwidth_monster,0,READ,0x2d1c0000,262144
8640,victim1,1,READ,0x100000d2000,4096
8642,bandwidth_monster,0,WRITE,0x2d200000,262144
8646,bandwidth_monster,0,WRITE,0x2d240000,262144
8649,bandwidth_monster,0,WRITE,0x2d280000,262144
8651,bandwidth_monster,0,WRITE,0x2d2c0000,262144
8655,bandwidth_monster,0,WRITE,0x2d300000,262144
8658,bandwidth_monster,0,WRITE,0x2d340000,262144
8661,bandwidth_monster,0,WRITE,0x2d380000,262144
8661,victim3,3,READ,0x300000d8000,4096
8664,bandwidth_monster,0,WRITE,0x2d3c0000,262144
8669,bandwidth_monster,0,WRITE,0x2d400000,262144
8673,victim2,2,READ,0x200000d8000,4096
8674,bandwidth_monster,0,READ,0x2d440000,262144
8676,victim1,1,READ,0x100000d3000,4096
8678,bandwidth_monster,0,WRITE,0x2d480000,262144
8683,bandwidth_monster,0,WRITE,0x2d4c0000,262144
8686,bandwidth_monster,0,WRITE,0x2d500000,262144
8690,bandwidth_monster,0,READ,0x2d540000,262144
8692,bandwidth_monster,0,WRITE,0x2d580000,262144
8697,bandwidth_monster,0,WRITE,0x2d5c0000,262144
8702,bandwidth_monster,0,WRITE,0x2d600000,262144
8702,victim3,3,READ,0x300000d9000,4096
8705,bandwidth_monster,0,WRITE,0x2d640000,262144
8706,bandwidth_monster,0,WRITE,0x2d680000,262144
8710,bandwidth_monster,0,WRITE,0x2d6c0000,262144
8715,bandwidth_monster,0,READ,0x2d700000,262144
8718,bandwidth_monster,0,WRITE,0x2d740000,262144
8718,victim2,2,READ,0x200000d9000,4096
8720,bandwidth_monster,0,READ,0x2d780000,262144
8722,bandwidth_monster,0,WRITE,0x2d7c0000,262144
8722,victim1,1,READ,0x100000d4000,4096
8726,bandwidth_monster,0,WRITE,0x2d800000,262144
8731,bandwidth_monster,0,READ,0x2d840000,262144
8732,bandwidth_monster,0,WRITE,0x2d880000,262144
8736,bandwidth_monster,0,WRITE,0x2d8c0000,262144
8737,bandwidth_monster,0,WRITE,0x2d900000,262144
8737,victim3,3,WRITE,0x300000da000,4096
8741,bandwidth_monster,0,WRITE,0x2d940000,262144
8744,bandwidth_monster,0,WRITE,0x2d980000,262144
8746,bandwidth_monster,0,WRITE,0x2d9c0000,262144
8747,bandwidth_monster,0,WRITE,0x2da00000,262144
8751,bandwidth_monster,0,WRITE,0x2da40000,262144
8753,bandwidth_monster,0,WRITE,0x2da80000,262144
8758,bandwidth_monster,0,WRITE,0x2dac0000,262144
8760,bandwidth_monster,0,WRITE,0x2db00000,262144
8763,victim2,2,READ,0x200000da000,4096
8765,bandwidth_monster,0,WRITE,0x2db40000,262144
8769,bandwidth_monster,0,READ,0x2db80000,262144
8771,bandwidth_monster,0,WRITE,0x2dbc0000,262144
8773,bandwidth_monster,0,READ,0x2dc00000,262144
8775,bandwidth_monster,0,WRITE,0x2dc40000,262144
8778,bandwidth_monster,0,WRITE,0x2dc80000,262144
8779,victim1,1,READ,0x100000d5000,4096
8781,bandwidth_monster,0,WRITE,0x2dcc0000,262144
8783,bandwidth_monster,0,READ,0x2dd00000,262144
8786,bandwidth_monster,0,WRITE,0x2dd40000,262144
8790,bandwidth_monster,0,WRITE,0x2dd80000,262144
8794,bandwidth_monster,0,WRITE,0x2ddc0000,262144
8796,victim3,3,READ,0x300000db000,4096
8799,bandwidth_monster,0,WRITE,0x2de00000,262144
8802,bandwidth_monster,0,WRITE,0x2de40000,262144
8803,bandwidth_monster,0,WRITE,0x2de80000,262144
8805,bandwidth_monster,0,READ,0x2dec0000,262144
8809,bandwidth_monster,0,WRITE,0x2df00000,262144
8812,bandwidth_monster,0,READ,0x2df40000,262144
8813,bandwidth_monster,0,WRITE,0x2df80000,262144
8814,bandwidth_monster,0,WRITE,0x2dfc0000,262144
8815,bandwidth_monster,0,WRITE,0x2e000000,262144
8820,bandwidth_monster,0,WRITE,0x2e040000,262144
8821,victim2,2,READ,0x200000db000,4096
8823,bandwidth_monster,0,WRITE,0x2e080000,262144
8826,bandwidth_monster,0,WRITE,0x2e0c0000,262144
8831,bandwidth_monster,0,WRITE,0x2e100000,262144
8832,bandwidth_monster,0,WRITE,0x2e140000,262144
8833,bandwidth_monster,0,WRITE,0x2e180000,262144
8833,victim1,1,READ,0x100000d6000,4096
8837,bandwidth_monster,0,READ,0x2e1c0000,262144
8841,bandwidth_monster,0,READ,0x2e200000,262144
8841,victim3,3,READ,0x300000dc000,4096
8842,bandwidth_monster,0,WRITE,0x2e240000,262144
8846,bandwidth_monster,0,READ,0x2e280000,262144
8851,bandwidth_monster,0,WRITE,0x2e2c0000,262144
8855,bandwidth_monster,0,READ,0x2e300000,262144
8858,bandwidth_monster,0,WRITE,0x2e340000,262144
8859,bandwidth_monster,0,WRITE,0x2e380000,262144
8863,victim2,2,READ,0x200000dc000,4096
8864,bandwidth_monster,0,WRITE,0x2e3c0000,262144
8869,bandwidth_monster,0,WRITE,0x2e400000,262144
8873,bandwidth_monster,0,WRITE,0x2e440000,262144
8873,victim3,3,READ,0x300000dd000,4096
8877,bandwidth_monster,0,WRITE,0x2e480000,262144
8878,bandwidth_monster,0,WRITE,0x2e4c0000,262144
8883,bandwidth_monster,0,WRITE,0x2e500000,262144
8883,victim1,1,WRITE,0x100000d7000,4096
8887,bandwidth_monster,0,WRITE,0x2e540000,262144
8891,bandwidth_monster,0,READ,0x2e580000,262144
8894,bandwidth_monster,0,READ,0x2e5c0000,262144
8898,bandwidth_monster,0,WRITE,0x2e600000,262144
8899,bandwidth_monster,0,WRITE,0x2e640000,262144
8902,bandwidth_monster,0,WRITE,0x2e680000,262144
8905,bandwidth_monster,0,READ,0x2e6c0000,262144
8905,victim1,1,READ,0x100000d8000,4096
8906,bandwidth_monster,0,WRITE,0x2e700000,262144
8907,victim2,2,READ,0x200000dd000,4096
8911,bandwidth_monster,0,READ,0x2e740000,262144
8915,bandwidth_monster,0,WRITE,0x2e780000,262144
8917,bandwidth_monster,0,WRITE,0x2e7c0000,262144
8920,bandwidth_monster,0,WRITE,0x2e800000,262144
8922,victim3,3,WRITE,0x300000de000,4096
8924,bandwidth_monster,0,WRITE,0x2e840000,262144
8928,bandwidth_monster,0,WRITE,0x2e880000,262144
8930,bandwidth_monster,0,READ,0x2e8c0000,262144
8933,bandwidth_monster,0,READ,0x2e900000,262144
8938,bandwidth_monster,0,WRITE,0x2e940000,262144
8941,bandwidth_monster,0,WRITE,0x2e980000,262144
8943,bandwidth_monster,0,READ,0x2e9c0000,262144
8944,victim1,1,READ,0x100000d9000,4096
8946,bandwidth_monster,0,WRITE,0x2ea00000,262144
8950,bandwidth_monster,0,WRITE,0x2ea40000,262144
8953,victim2,2,READ,0x200000de000,4096
8954,bandwidth_monster,0,WRITE,0x2ea80000,262144
8959,bandwidth_monster,0,WRITE,0x2eac0000,262144
8963,bandwidth_monster,0,WRITE,0x2eb00000,262144
8963,victim3,3,READ,0x300000df000,4096
8965,bandwidth_monster,0,WRITE,0x2eb40000,262144
8968,bandwidth_monster,0,WRITE,0x2eb80000,262144
8971,bandwidth_monster,0,READ,0x2ebc0000,262144
8974,bandwidth_monster,0,READ,0x2ec00000,262144
8979,bandwidth_monster,0,WRITE,0x2ec40000,262144
8982,bandwidth_monster,0,WRITE,0x2ec80000,262144
8984,victim1,1,READ,0x100000da000,4096
8987,bandwidth_monster,0,READ,0x2ecc0000,262144
8989,bandwidth_monster,0,WRITE,0x2ed00000,262144
8994,bandwidth_monster,0,WRITE,0x2ed40000,262144
8997,bandwidth_monster,0,READ,0x2ed80000,262144
8998,victim2,2,READ,0x200000df000,4096
9001,bandwidth_monster,0,WRITE,0x2edc0000,262144
9003,bandwidth_monster,0,WRITE,0x2ee00000,262144
9007,bandwidth_monster,0,WRITE,0x2ee40000,262144
9009,bandwidth_monster,0,WRITE,0x2ee80000,262144
9013,bandwidth_monster,0,WRITE,0x2eec0000,262144
9017,bandwidth_monster,0,WRITE,0x2ef00000,262144
9020,bandwidth_monster,0,READ,0x2ef40000,262144
9021,bandwidth_monster,0,WRITE,0x2ef80000,262144
9022,bandwidth_monster,0,READ,0x2efc0000,262144
9022,victim3,3,READ,0x300000e0000,4096
9025,victim2,2,READ,0x200000e0000,4096
9027,bandwidth_monster,0,READ,0x2f000000,262144
9030,bandwidth_monster,0,READ,0x2f040000,262144
9035,bandwidth_monster,0,WRITE,0x2f080000,262144
9036,bandwidth_monster,0,WRITE,0x2f0c0000,262144
9038,bandwidth_monster,0,WRITE,0x2f100000,262144
9039,bandwidth_monster,0,WRITE,0x2f140000,262144
9043,bandwidth_monster,0,WRITE,0x2f180000,262144
9043,victim1,1,READ,0x100000db000,4096
9048,bandwidth_monster,0,WRITE,0x2f1c0000,262144
9049,bandwidth_monster,0,WRITE,0x2f200000,262144
9049,victim3,3,READ,0x300000e1000,4096
9051,bandwidth_monster,0,WRITE,0x2f240000,262144
9056,bandwidth_monster,0,WRITE,0x2f280000,262144
9061,bandwidth_monster,0,WRITE,0x2f2c0000,262144
9062,bandwidth_monster,0,WRITE,0x2f300000,262144
9064,victim1,1,READ,0x100000dc000,4096
9066,bandwidth_monster,0,WRITE,0x2f340000,262144
9068,bandwidth_monster,0,WRITE,0x2f380000,262144
9071,bandwidth_monster,0,WRITE,0x2f3c0000,262144
9072,bandwidth_monster,0,WRITE,0x2f400000,262144
9072,victim3,3,READ,0x300000e2000,4096
9075,victim2,2,READ,0x200000e1000,4096
9077,bandwidth_monster,0,WRITE,0x2f440000,262144
9081,bandwidth_monster,0,WRITE,0x2f480000,262144
9086,bandwidth_monster,0,WRITE,0x2f4c0000,262144
9091,bandwidth_monster,0,WRITE,0x2f500000,262144
9096,bandwidth_monster,0,WRITE,0x2f540000,262144
9098,bandwidth_monster,0,READ,0x2f580000,262144
9100,bandwidth_monster,0,WRITE,0x2f5c0000,262144
9100,victim3,3,READ,0x300000e3000,4096
9105,bandwidth_monster,0,READ,0x2f600000,262144
9106,bandwidth_monster,0,WRITE,0x2f640000,262144
9107,bandwidth_monster,0,READ,0x2f680000,262144
9108,bandwidth_monster,0,WRITE,0x2f6c0000,262144
9113,bandwidth_monster,0,WRITE,0x2f700000,262144
9116,victim1,1,READ,0x100000dd000,4096
9117,bandwidth_monster,0,WRITE,0x2f740000,262144
9119,bandwidth_monster,0,WRITE,0x2f780000,262144
9122,bandwidth_monster,0,READ,0x2f7c0000,262144
9127,bandwidth_monster,0,WRITE,0x2f800000,262144
9127,victim2,2,READ,0x200000e2000,4096
9129,bandwidth_monster,0,WRITE,0x2f840000,262144
9133,victim3,3,READ,0x300000e4000,4096
9134,bandwidth_monster,0,WRITE,0x2f880000,262144
9139,bandwidth_monster,0,WRITE,0x2f8c0000,262144
9143,bandwidth_monster,0,WRITE,0x2f900000,262144
9148,bandwidth_monster,0,WRITE,0x2f940000,262144
9148,victim2,2,READ,0x200000e3000,4096
9150,bandwidth_monster,0,READ,0x2f980000,262144
9151,victim1,1,READ,0x100000de000,4096
9154,bandwidth_monster,0,READ,0x2f9c0000,262144
9157,bandwidth_monster,0,WRITE,0x2fa00000,262144
9161,bandwidth_monster,0,WRITE,0x2fa40000,262144
9165,bandwidth_monster,0,WRITE,0x2fa80000,262144
9166,bandwidth_monster,0,WRITE,0x2fac0000,262144
9170,bandwidth_monster,0,WRITE,0x2fb00000,262144
9170,victim3,3,READ,0x300000e5000,4096
9175,bandwidth_monster,0,WRITE,0x2fb40000,262144
9175,victim2,2,READ,0x200000e4000,4096
9176,victim1,1,READ,0x100000df000,4096
9177,bandwidth_monster,0,WRITE,0x2fb80000,262144
9178,bandwidth_monster,0,READ,0x2fbc0000,262144
9183,bandwidth_monster,0,WRITE,0x2fc00000,262144
9187,bandwidth_monster,0,READ,0x2fc40000,262144
9188,bandwidth_monster,0,WRITE,0x2fc80000,262144
9193,bandwidth_monster,0,WRITE,0x2fcc0000,262144
9198,bandwidth_monster,0,WRITE,0x2fd00000,262144
9199,bandwidth_monster,0,WRITE,0x2fd40000,262144
9202,bandwidth_monster,0,WRITE,0x2fd80000,262144
9205,victim2,2,READ,0x200000e5000,4096
9206,bandwidth_monster,0,WRITE,0x2fdc0000,262144
9209,victim1,1,READ,0x100000e0000,4096
9211,bandwidth_monster,0,WRITE,0x2fe00000,262144
9215,bandwidth_monster,0,WRITE,0x2fe40000,262144
9217,bandwidth_monster,0,WRITE,0x2fe80000,262144
9217,victim3,3,READ,0x300000e6000,4096
9220,bandwidth_monster,0,WRITE,0x2fec0000,262144
9222,bandwidth_monster,0,WRITE,0x2ff00000,262144
9225,bandwidth_monster,0,WRITE,0x2ff40000,262144
9230,bandwidth_monster,0,WRITE,0x2ff80000,262144
9232,victim2,2,READ,0x200000e6000,4096
9235,bandwidth_monster,0,READ,0x2ffc0000,262144
9237,bandwidth_monster,0,WRITE,0x30000000,262144
9239,bandwidth_monster,0,WRITE,0x30040000,262144
9241,bandwidth_monster,0,WRITE,0x30080000,262144
9242,bandwidth_monster,0,WRITE,0x300c0000,262144
9247,bandwidth_monster,0,WRITE,0x30100000,262144
9247,victim1,1,READ,0x100000e1000,4096
9248,bandwidth_monster,0,READ,0x30140000,262144
9250,bandwidth_monster,0,WRITE,0x30180000,262144
9252,bandwidth_monster,0,READ,0x301c0000,262144
9255,bandwidth_monster,0,WRITE,0x30200000,262144
9257,victim2,2,WRITE,0x200000e7000,4096
9258,bandwidth_monster,0,WRITE,0x30240000,262144
9259,bandwidth_monster,0,READ,0x30280000,262144
9262,bandwidth_monster,0,WRITE,0x302c0000,262144
9264,victim3,3,READ,0x300000e7000,4096
9266,bandwidth_monster,0,WRITE,0x30300000,262144
9270,bandwidth_monster,0,WRITE,0x30340000,262144
9272,bandwidth_monster,0,WRITE,0x30380000,262144
9275,bandwidth_monster,0,WRITE,0x303c0000,262144
9278,bandwidth_monster,0,WRITE,0x30400000,262144
9279,bandwidth_monster,0,WRITE,0x30440000,262144
9281,bandwidth_monster,0,WRITE,0x30480000,262144
9283,bandwidth_monster,0,WRITE,0x304c0000,262144
9286,bandwidth_monster,0,WRITE,0x30500000,262144
9288,bandwidth_monster,0,WRITE,0x30540000,262144
9291,bandwidth_monster,0,READ,0x30580000,262144
9291,victim2,2,READ,0x200000e8000,4096
9295,bandwidth_monster,0,READ,0x305c0000,262144
9297,victim3,3,READ,0x300000e8000,4096
9298,bandwidth_monster,0,READ,0x30600000,262144
9299,bandwidth_monster,0,READ,0x30640000,262144
9302,bandwidth_monster,0,WRITE,0x30680000,262144
9302,victim1,1,READ,0x100000e2000,4096
9305,bandwidth_monster,0,WRITE,0x306c0000,262144
9307,bandwidth_monster,0,WRITE,0x30700000,262144
9309,bandwidth_monster,0,READ,0x30740000,262144
9314,bandwidth_monster,0,WRITE,0x30780000,262144
9316,bandwidth_monster,0,WRITE,0x307c0000,262144
9317,victim3,3,READ,0x300000e9000,4096
9321,bandwidth_monster,0,WRITE,0x30800000,262144
9325,bandwidth_monster,0,WRITE,0x30840000,262144
9328,bandwidth_monster,0,WRITE,0x30880000,262144
9333,bandwidth_monster,0,WRITE,0x308c0000,262144
9336,bandwidth_monster,0,WRITE,0x30900000,262144
9338,bandwidth_monster,0,WRITE,0x30940000,262144
9341,bandwidth_monster,0,WRITE,0x30980000,262144
9341,victim1,1,READ,0x100000e3000,4096
9342,bandwidth_monster,0,READ,0x309c0000,262144
9345,bandwidth_monster,0,WRITE,0x30a00000,262144
9348,victim2,2,READ,0x200000e9000,4096
9350,bandwidth_monster,0,WRITE,0x30a40000,262144
9351,victim3,3,READ,0x300000ea000,4096
9354,bandwidth_monster,0,WRITE,0x30a80000,262144
9355,bandwidth_monster,0,WRITE,0x30ac0000,262144
9358,bandwidth_monster,0,READ,0x30b00000,262144
9359,bandwidth_monster,0,READ,0x30b40000,262144
9362,bandwidth_monster,0,READ,0x30b80000,262144
9363,bandwidth_monster,0,WRITE,0x30bc0000,262144
9366,bandwidth_monster,0,WRITE,0x30c00000,262144
9367,bandwidth_monster,0,WRITE,0x30c40000,262144
9371,bandwidth_monster,0,READ,0x30c80000,262144
9372,bandwidth_monster,0,WRITE,0x30cc0000,262144
9377,bandwidth_monster,0,WRITE,0x30d00000,262144
9379,victim2,2,READ,0x200000ea000,4096
9381,bandwidth_monster,0,WRITE,0x30d40000,262144
9384,bandwidth_monster,0,READ,0x30d80000,262144
9387,bandwidth_monster,0,WRITE,0x30dc0000,262144
9387,victim3,3,READ,0x300000eb000,4096
9388,bandwidth_monster,0,WRITE,0x30e00000,262144
9392,victim1,1,READ,0x100000e4000,4096
9393,bandwidth_monster,0,WRITE,0x30e40000,262144
9395,bandwidth_monster,0,WRITE,0x30e80000,262144
9399,bandwidth_monster,0,WRITE,0x30ec0000,262144
9400,bandwidth_monster,0,WRITE,0x30f00000,262144
9402,victim2,2,WRITE,0x200000eb000,4096
9404,bandwidth_monster,0,READ,0x30f40000,262144
9407,bandwidth_monster,0,WRITE,0x30f80000,262144
9412,bandwidth_monster,0,WRITE,0x30fc0000,262144
9416,bandwidth_monster,0,WRITE,0x31000000,262144
9419,bandwidth_monster,0,READ,0x31040000,262144
9421,bandwidth_monster,0,WRITE,0x31080000,262144
9423,bandwidth_monster,0,WRITE,0x310c0000,262144
9425,bandwidth_monster,0,WRITE,0x31100000,262144
9427,bandwidth_monster,0,WRITE,0x31140000,262144
9428,bandwidth_monster,0,WRITE,0x31180000,262144
9429,bandwidth_monster,0,WRITE,0x311c0000,262144
9433,bandwidth_monster,0,WRITE,0x31200000,262144
9436,bandwidth_monster,0,WRITE,0x31240000,262144
9438,victim2,2,READ,0x200000ec000,4096
9439,bandwidth_monster,0,WRITE,0x31280000,262144
9441,bandwidth_monster,0,WRITE,0x312c0000,262144
9444,bandwidth_monster,0,READ,0x31300000,262144
9446,victim3,3,READ,0x300000ec000,4096
9449,bandwidth_monster,0,WRITE,0x31340000,262144
9449,victim1,1,READ,0x100000e5000,4096
9451,bandwidth_monster,0,WRITE,0x31380000,262144
9454,bandwidth_monster,0,READ,0x313c0000,262144
9455,bandwidth_monster,0,WRITE,0x31400000,262144
9457,bandwidth_monster,0,WRITE,0x31440000,262144
9459,bandwidth_monster,0,WRITE,0x31480000,262144
9460,bandwidth_monster,0,READ,0x314c0000,262144
9464,bandwidth_monster,0,READ,0x31500000,262144
9467,bandwidth_monster,0,WRITE,0x31540000,262144
9469,victim1,1,READ,0x100000e6000,4096
9472,bandwidth_monster,0,WRITE,0x31580000,262144
9474,bandwidth_monster,0,WRITE,0x315c0000,262144
9476,bandwidth_monster,0,READ,0x31600000,262144
9476,victim3,3,READ,0x300000ed000,4096
9477,bandwidth_monster,0,WRITE,0x31640000,262144
9480,bandwidth_monster,0,READ,0x31680000,262144
9485,bandwidth_monster,0,WRITE,0x316c0000,262144
9487,bandwidth_monster,0,WRITE,0x31700000,262144
9490,bandwidth_monster,0,WRITE,0x31740000,262144
9493,victim2,2,READ,0x200000ed000,4096
9494,bandwidth_monster,0,WRITE,0x31780000,262144
9497,bandwidth_monster,0,WRITE,0x317c0000,262144
9501,bandwidth_monster,0,READ,0x31800000,262144
9503,bandwidth_monster,0,WRITE,0x31840000,262144
9505,victim3,3,READ,0x300000ee000,4096
9508,bandwidth_monster,0,WRITE,0x31880000,262144
9509,bandwidth_monster,0,WRITE,0x318c0000,262144
9511,bandwidth_monster,0,WRITE,0x31900000,262144
9512,bandwidth_monster,0,WRITE,0x31940000,262144
9514,bandwidth_monster,0,READ,0x31980000,262144
9517,bandwidth_monster,0,READ,0x319c0000,262144
9518,victim1,1,READ,0x100000e7000,4096
9522,bandwidth_monster,0,WRITE,0x31a00000,262144
9525,bandwidth_monster,0,READ,0x31a40000,262144
9527,bandwidth_monster,0,READ,0x31a80000,262144
9530,bandwidth_monster,0,WRITE,0x31ac0000,262144
9531,bandwidth_monster,0,WRITE,0x31b00000,262144
9533,bandwidth_monster,0,READ,0x31b40000,262144
9538,bandwidth_monster,0,WRITE,0x31b80000,262144
9538,victim2,2,READ,0x200000ee000,4096
9540,victim1,1,READ,0x100000e8000,4096
9542,bandwidth_monster,0,READ,0x31bc0000,262144
9547,bandwidth_monster,0,WRITE,0x31c00000,262144
9552,bandwidth_monster,0,WRITE,0x31c40000,262144
9553,bandwidth_monster,0,READ,0x31c80000,262144
9558,bandwidth_monster,0,WRITE,0x31cc0000,262144
9558,victim3,3,READ,0x300000ef000,4096
9561,victim1,1,READ,0x100000e9000,4096
9562,bandwidth_monster,0,WRITE,0x31d00000,262144
9567,bandwidth_monster,0,WRITE,0x31d40000,262144
9568,bandwidth_monster,0,WRITE,0x31d80000,262144
9569,bandwidth_monster,0,READ,0x31dc0000,262144
9571,bandwidth_monster,0,WRITE,0x31e00000,262144
9576,bandwidth_monster,0,WRITE,0x31e40000,262144
9579,bandwidth_monster,0,WRITE,0x31e80000,262144
9581,victim2,2,READ,0x200000ef000,4096
9583,bandwidth_monster,0,WRITE,0x31ec0000,262144
9584,bandwidth_monster,0,WRITE,0x31f00000,262144
9585,bandwidth_monster,0,WRITE,0x31f40000,262144
9587,bandwidth_monster,0,READ,0x31f80000,262144
9590,bandwidth_monster,0,WRITE,0x31fc0000,262144
9594,bandwidth_monster,0,READ,0x32000000,262144
9599,bandwidth_monster,0,READ,0x32040000,262144
9600,bandwidth_monster,0,READ,0x32080000,262144
9601,bandwidth_monster,0,WRITE,0x320c0000,262144
9606,bandwidth_monster,0,WRITE,0x32100000,262144
9607,bandwidth_monster,0,WRITE,0x32140000,262144
9609,bandwidth_monster,0,WRITE,0x32180000,262144
9611,bandwidth_monster,0,WRITE,0x321c0000,262144
9613,bandwidth_monster,0,WRITE,0x32200000,262144
9613,victim1,1,READ,0x100000ea000,4096
9613,victim2,2,READ,0x200000f0000,4096
9613,victim3,3,READ,0x300000f0000,4096
9617,bandwidth_monster,0,WRITE,0x32240000,262144
9618,bandwidth_monster,0,WRITE,0x32280000,262144
9623,bandwidth_monster,0,READ,0x322c0000,262144
9625,bandwidth_monster,0,WRITE,0x32300000,262144
9629,bandwidth_monster,0,WRITE,0x32340000,262144
9630,bandwidth_monster,0,WRITE,0x32380000,262144
9631,bandwidth_monster,0,WRITE,0x323c0000,262144
9635,bandwidth_monster,0,READ,0x32400000,262144
9639,bandwidth_monster,0,READ,0x32440000,262144
9640,victim1,1,READ,0x100000eb000,4096
9644,bandwidth_monster,0,WRITE,0x32480000,262144
9648,victim2,2,READ,0x200000f1000,4096
9649,bandwidth_monster,0,WRITE,0x324c0000,262144
9650,bandwidth_monster,0,WRITE,0x32500000,262144
9652,bandwidth_monster,0,READ,0x32540000,262144
9653,bandwidth_monster,0,READ,0x32580000,262144
9656,victim3,3,READ,0x300000f1000,4096
9657,bandwidth_monster,0,WRITE,0x325c0000,262144
9660,bandwidth_monster,0,WRITE,0x32600000,262144
9665,bandwidth_monster,0,READ,0x32640000,262144
9666,bandwidth_monster,0,WRITE,0x32680000,262144
9667,bandwidth_monster,0,WRITE,0x326c0000,262144
9668,bandwidth_monster,0,READ,0x32700000,262144
9673,bandwidth_monster,0,WRITE,0x32740000,262144
9673,victim2,2,READ,0x200000f2000,4096
9674,bandwidth_monster,0,WRITE,0x32780000,262144
9675,victim1,1,READ,0x100000ec000,4096
9679,bandwidth_monster,0,READ,0x327c0000,262144
9682,bandwidth_monster,0,WRITE,0x32800000,262144
9686,bandwidth_monster,0,READ,0x32840000,262144
9690,bandwidth_monster,0,WRITE,0x32880000,262144
9691,bandwidth_monster,0,WRITE,0x328c0000,262144
9696,bandwidth_monster,0,WRITE,0x32900000,262144
9700,victim3,3,READ,0x300000f2000,4096
9701,bandwidth_monster,0,READ,0x32940000,262144
9702,bandwidth_monster,0,WRITE,0x32980000,262144
9707,bandwidth_monster,0,WRITE,0x329c0000,262144
9712,bandwidth_monster,0,READ,0x32a00000,262144
9713,bandwidth_monster,0,WRITE,0x32a40000,262144
9717,bandwidth_monster,0,WRITE,0x32a80000,262144
9718,bandwidth_monster,0,WRITE,0x32ac0000,262144
9721,bandwidth_monster,0,WRITE,0x32b00000,262144
9723,bandwidth_monster,0,READ,0x32b40000,262144
9725,victim1,1,READ,0x100000ed000,4096
9726,bandwidth_monster,0,WRITE,0x32b80000,262144
9731,bandwidth_monster,0,WRITE,0x32bc0000,262144
9731,victim2,2,READ,0x200000f3000,4096
9732,bandwidth_monster,0,WRITE,0x32c00000,262144
9737,bandwidth_monster,0,READ,0x32c40000,262144
9739,bandwidth_monster,0,WRITE,0x32c80000,262144
9744,bandwidth_monster,0,WRITE,0x32cc0000,262144
9747,bandwidth_monster,0,WRITE,0x32d00000,262144
9748,bandwidth_monster,0,WRITE,0x32d40000,262144
9752,bandwidth_monster,0,WRITE,0x32d80000,262144
9753,victim2,2,READ,0x200000f4000,4096
9757,bandwidth_monster,0,WRITE,0x32dc0000,262144
9758,victim3,3,WRITE,0x300000f3000,4096
9759,bandwidth_monster,0,WRITE,0x32e00000,262144
9762,bandwidth_monster,0,WRITE,0x32e40000,262144
9767,bandwidth_monster,0,WRITE,0x32e80000,262144
9770,bandwidth_monster,0,READ,0x32ec0000,262144
9772,bandwidth_monster,0,READ,0x32f00000,262144
9775,bandwidth_monster,0,WRITE,0x32f40000,262144
9780,bandwidth_monster,0,WRITE,0x32f80000,262144
9782,bandwidth_monster,0,WRITE,0x32fc0000,262144
9783,victim1,1,READ,0x100000ee000,4096
9784,victim3,3,READ,0x300000f4000,4096
9786,bandwidth_monster,0,WRITE,0x33000000,262144
9790,bandwidth_monster,0,READ,0x33040000,262144
9791,bandwidth_monster,0,WRITE,0x33080000,262144
9795,bandwidth_monster,0,WRITE,0x330c0000,262144
9798,bandwidth_monster,0,WRITE,0x33100000,262144
9802,bandwidth_monster,0,WRITE,0x33140000,262144
9803,bandwidth_monster,0,WRITE,0x33180000,262144
9807,bandwidth_monster,0,WRITE,0x331c0000,262144
9807,victim2,2,READ,0x200000f5000,4096
9812,bandwidth_monster,0,READ,0x33200000,262144
9816,bandwidth_monster,0,READ,0x33240000,262144
9821,bandwidth_monster,0,READ,0x33280000,262144
9826,bandwidth_monster,0,WRITE,0x332c0000,262144
9827,bandwidth_monster,0,WRITE,0x33300000,262144
9829,bandwidth_monster,0,READ,0x33340000,262144
9832,bandwidth_monster,0,WRITE,0x33380000,262144
9835,bandwidth_monster,0,WRITE,0x333c0000,262144
9838,victim3,3,READ,0x300000f5000,4096
9839,victim1,1,READ,0x100000ef000,4096
9840,bandwidth_monster,0,WRITE,0x33400000,262144
9841,bandwidth_monster,0,WRITE,0x33440000,262144
9844,bandwidth_monster,0,WRITE,0x33480000,262144
9849,bandwidth_monster,0,WRITE,0x334c0000,262144
9850,bandwidth_monster,0,WRITE,0x33500000,262144
9851,victim2,2,READ,0x200000f6000,4096
9855,bandwidth_monster,0,WRITE,0x33540000,262144
9856,bandwidth_monster,0,WRITE,0x33580000,262144
9860,bandwidth_monster,0,WRITE,0x335c0000,262144
9865,bandwidth_monster,0,WRITE,0x33600000,262144
9867,bandwidth_monster,0,READ,0x33640000,262144
9870,bandwidth_monster,0,READ,0x33680000,262144
9874,bandwidth_monster,0,WRITE,0x336c0000,262144
9875,bandwidth_monster,0,WRITE,0x33700000,262144
9875,victim3,3,READ,0x300000f6000,4096
9878,bandwidth_monster,0,WRITE,0x33740000,262144
9878,victim1,1,READ,0x100000f0000,4096
9879,bandwidth_monster,0,WRITE,0x33780000,262144
9880,bandwidth_monster,0,WRITE,0x337c0000,262144
9883,bandwidth_monster,0,WRITE,0x33800000,262144
9886,bandwidth_monster,0,WRITE,0x33840000,262144
9891,bandwidth_monster,0,WRITE,0x33880000,262144
9892,bandwidth_monster,0,READ,0x338c0000,262144
9895,bandwidth_monster,0,READ,0x33900000,262144
9896,victim2,2,READ,0x200000f7000,4096
9896,victim3,3,READ,0x300000f7000,4096
9899,bandwidth_monster,0,WRITE,0x33940000,262144
9904,bandwidth_monster,0,READ,0x33980000,262144
9909,bandwidth_monster,0,READ,0x339c0000,262144
9910,victim1,1,READ,0x100000f1000,4096
9912,bandwidth_monster,0,WRITE,0x33a00000,262144
9917,bandwidth_monster,0,READ,0x33a40000,262144
9918,bandwidth_monster,0,WRITE,0x33a80000,262144
9923,bandwidth_monster,0,WRITE,0x33ac0000,262144
9923,victim2,2,READ,0x200000f8000,4096
9924,bandwidth_monster,0,WRITE,0x33b00000,262144
9924,victim3,3,READ,0x300000f8000,4096
9927,bandwidth_monster,0,READ,0x33b40000,262144
9928,bandwidth_monster,0,WRITE,0x33b80000,262144
9929,bandwidth_monster,0,WRITE,0x33bc0000,262144
9934,bandwidth_monster,0,WRITE,0x33c00000,262144
9936,bandwidth_monster,0,WRITE,0x33c40000,262144
9940,bandwidth_monster,0,WRITE,0x33c80000,262144
9943,bandwidth_monster,0,WRITE,0x33cc0000,262144
9943,victim1,1,READ,0x100000f2000,4096
9944,bandwidth_monster,0,WRITE,0x33d00000,262144
9945,bandwidth_monster,0,WRITE,0x33d40000,262144
9950,bandwidth_monster,0,READ,0x33d80000,262144
9952,bandwidth_monster,0,WRITE,0x33dc0000,262144
9954,bandwidth_monster,0,WRITE,0x33e00000,262144
9956,bandwidth_monster,0,WRITE,0x33e40000,262144
9961,bandwidth_monster,0,WRITE,0x33e80000,262144
9962,bandwidth_monster,0,WRITE,0x33ec0000,262144
9967,bandwidth_monster,0,WRITE,0x33f00000,262144
9967,victim3,3,READ,0x300000f9000,4096
9969,bandwidth_monster,0,WRITE,0x33f40000,262144
9974,bandwidth_monster,0,WRITE,0x33f80000,262144
9975,victim2,2,READ,0x200000f9000,4096
9978,bandwidth_monster,0,WRITE,0x33fc0000,262144
9981,bandwidth_monster,0,WRITE,0x34000000,262144
9984,bandwidth_monster,0,READ,0x34040000,262144
9985,victim1,1,READ,0x100000f3000,4096
9989,bandwidth_monster,0,WRITE,0x34080000,262144
9991,bandwidth_monster,0,READ,0x340c0000,262144
9995,bandwidth_monster,0,READ,0x34100000,262144
9995,victim3,3,READ,0x300000fa000,4096
9999,bandwidth_monster,0,WRITE,0x34140000,262144
10002,bandwidth_monster,0,WRITE,0x34180000,262144
10003,bandwidth_monster,0,READ,0x341c0000,262144
10006,bandwidth_monster,0,WRITE,0x34200000,262144
10009,victim2,2,READ,0x200000fa000,4096
10011,bandwidth_monster,0,WRITE,0x34240000,262144
10015,bandwidth_monster,0,WRITE,0x34280000,262144
10018,bandwidth_monster,0,WRITE,0x342c0000,262144
10021,bandwidth_monster,0,READ,0x34300000,262144
10025,bandwidth_monster,0,WRITE,0x34340000,262144
10026,bandwidth_monster,0,READ,0x34380000,262144
10028,bandwidth_monster,0,WRITE,0x343c0000,262144
10032,victim1,1,WRITE,0x100000f4000,4096
10033,bandwidth_monster,0,READ,0x34400000,262144
10034,victim2,2,WRITE,0x200000fb000,4096
10038,bandwidth_monster,0,WRITE,0x34440000,262144
10040,bandwidth_monster,0,READ,0x34480000,262144
10045,bandwidth_monster,0,WRITE,0x344c0000,262144
10050,bandwidth_monster,0,READ,0x34500000,262144
10052,victim3,3,READ,0x300000fb000,4096
10054,bandwidth_monster,0,WRITE,0x34540000,262144
10055,bandwidth_monster,0,READ,0x34580000,262144
10057,bandwidth_monster,0,WRITE,0x345c0000,262144
10058,bandwidth_monster,0,WRITE,0x34600000,262144
10061,bandwidth_monster,0,READ,0x34640000,262144
10062,bandwidth_monster,0,READ,0x34680000,262144
10066,bandwidth_monster,0,WRITE,0x346c0000,262144
10069,bandwidth_monster,0,WRITE,0x34700000,262144
10069,victim2,2,READ,0x200000fc000,4096
10072,bandwidth_monster,0,WRITE,0x34740000,262144
10077,bandwidth_monster,0,WRITE,0x34780000,262144
10078,bandwidth_monster,0,WRITE,0x347c0000,262144
10079,bandwidth_monster,0,WRITE,0x34800000,262144
10081,bandwidth_monster,0,WRITE,0x34840000,262144
10082,bandwidth_monster,0,WRITE,0x34880000,262144
10083,victim1,1,READ,0x100000f5000,4096
10087,bandwidth_monster,0,WRITE,0x348c0000,262144
10090,bandwidth_monster,0,WRITE,0x34900000,262144
10093,bandwidth_monster,0,WRITE,0x34940000,262144
10095,bandwidth_monster,0,READ,0x34980000,262144
10095,victim3,3,READ,0x300000fc000,4096
10096,bandwidth_monster,0,READ,0x349c0000,262144
10101,bandwidth_monster,0,READ,0x34a00000,262144
10103,bandwidth_monster,0,READ,0x34a40000,262144
10105,bandwidth_monster,0,READ,0x34a80000,262144
10107,bandwidth_monster,0,READ,0x34ac0000,262144
10108,bandwidth_monster,0,READ,0x34b00000,262144
10112,bandwidth_monster,0,WRITE,0x34b40000,262144
10115,bandwidth_monster,0,READ,0x34b80000,262144
10118,victim2,2,READ,0x200000fd000,4096
10120,bandwidth_monster,0,READ,0x34bc0000,262144
10121,bandwidth_monster,0,WRITE,0x34c00000,262144
10121,victim1,1,READ,0x100000f6000,4096
10125,bandwidth_monster,0,WRITE,0x34c40000,262144
10129,bandwidth_monster,0,WRITE,0x34c80000,262144
10132,bandwidth_monster,0,WRITE,0x34cc0000,262144
10135,bandwidth_monster,0,WRITE,0x34d00000,262144
10137,bandwidth_monster,0,WRITE,0x34d40000,262144
10142,bandwidth_monster,0,WRITE,0x34d80000,262144
10145,bandwidth_monster,0,READ,0x34dc0000,262144
10145,victim3,3,READ,0x300000fd000,4096
10146,bandwidth_monster,0,WRITE,0x34e00000,262144
10150,bandwidth_monster,0,READ,0x34e40000,262144
10155,bandwidth_monster,0,WRITE,0x34e80000,262144
10156,bandwidth_monster,0,READ,0x34ec0000,262144
10158,bandwidth_monster,0,WRITE,0x34f00000,262144
10159,bandwidth_monster,0,WRITE,0x34f40000,262144
10162,victim1,1,WRITE,0x100000f7000,4096
10163,bandwidth_monster,0,READ,0x34f80000,262144
10165,bandwidth_monster,0,WRITE,0x34fc0000,262144
10170,bandwidth_monster,0,WRITE,0x35000000,262144
10171,victim3,3,READ,0x300000fe000,4096
10175,bandwidth_monster,0,WRITE,0x35040000,262144
10175,victim2,2,READ,0x200000fe000,4096
10176,bandwidth_monster,0,WRITE,0x35080000,262144
10180,bandwidth_monster,0,WRITE,0x350c0000,262144
10183,bandwidth_monster,0,WRITE,0x35100000,262144
10185,bandwidth_monster,0,READ,0x35140000,262144
10190,bandwidth_monster,0,WRITE,0x35180000,262144
10195,bandwidth_monster,0,WRITE,0x351c0000,262144
10200,bandwidth_monster,0,WRITE,0x35200000,262144
10201,bandwidth_monster,0,READ,0x35240000,262144
10202,victim2,2,WRITE,0x200000ff000,4096
10203,bandwidth_monster,0,WRITE,0x35280000,262144
10204,bandwidth_monster,0,WRITE,0x352c0000,262144
10206,bandwidth_monster,0,WRITE,0x35300000,262144
10208,victim1,1,READ,0x100000f8000,4096
10210,bandwidth_monster,0,WRITE,0x35340000,262144
10212,bandwidth_monster,0,READ,0x35380000,262144
10213,bandwidth_monster,0,WRITE,0x353c0000,262144
10217,bandwidth_monster,0,WRITE,0x35400000,262144
10220,victim3,3,READ,0x300000ff000,4096
10221,bandwidth_monster,0,READ,0x35440000,262144
10225,bandwidth_monster,0,WRITE,0x35480000,262144
10230,bandwidth_monster,0,WRITE,0x354c0000,262144
10231,victim2,2,READ,0x20000100000,4096
10232,bandwidth_monster,0,WRITE,0x35500000,262144
10233,victim1,1,READ,0x100000f9000,4096
10236,bandwidth_monster,0,WRITE,0x35540000,262144
10238,bandwidth_monster,0,WRITE,0x35580000,262144
10239,bandwidth_monster,0,WRITE,0x355c0000,262144
10243,bandwidth_monster,0,WRITE,0x35600000,262144
10245,bandwidth_monster,0,WRITE,0x35640000,262144
10246,bandwidth_monster,0,WRITE,0x35680000,262144
10247,bandwidth_monster,0,WRITE,0x356c0000,262144
10248,bandwidth_monster,0,WRITE,0x35700000,262144
10252,bandwidth_monster,0,WRITE,0x35740000,262144
10253,victim1,1,READ,0x100000fa000,4096
10254,bandwidth_monster,0,WRITE,0x35780000,262144
10254,victim2,2,READ,0x20000101000,4096
10259,bandwidth_monster,0,WRITE,0x357c0000,262144
10263,bandwidth_monster,0,WRITE,0x35800000,262144
10267,bandwidth_monster,0,READ,0x35840000,262144
10267,victim3,3,READ,0x30000100000,4096
10270,bandwidth_monster,0,WRITE,0x35880000,262144
10273,bandwidth_monster,0,WRITE,0x358c0000,262144
10276,victim1,1,READ,0x100000fb000,4096
10277,bandwidth_monster,0,WRITE,0x35900000,262144
10281,bandwidth_monster,0,WRITE,0x35940000,262144
10284,bandwidth_monster,0,WRITE,0x35980000,262144
10286,bandwidth_monster,0,WRITE,0x359c0000,262144
10289,bandwidth_monster,0,WRITE,0x35a00000,262144
10294,bandwidth_monster,0,WRITE,0x35a40000,262144
10295,bandwidth_monster,0,WRITE,0x35a80000,262144
10297,bandwidth_monster,0,READ,0x35ac0000,262144
10300,bandwidth_monster,0,WRITE,0x35b00000,262144
10302,victim2,2,READ,0x20000102000,4096
10303,bandwidth_monster,0,WRITE,0x35b40000,262144
10307,bandwidth_monster,0,WRITE,0x35b80000,262144
10312,bandwidth_monster,0,WRITE,0x35bc0000,262144
10315,victim1,1,READ,0x100000fc000,4096
10317,bandwidth_monster,0,WRITE,0x35c00000,262144
10321,bandwidth_monster,0,WRITE,0x35c40000,262144
10321,victim3,3,READ,0x30000101000,4096
10322,bandwidth_monster,0,WRITE,0x35c80000,262144
10324,bandwidth_monster,0,WRITE,0x35cc0000,262144
10326,bandwidth_monster,0,WRITE,0x35d00000,262144
10329,bandwidth_monster,0,WRITE,0x35d40000,262144
10332,victim2,2,READ,0x20000103000,4096
10334,bandwidth_monster,0,READ,0x35d80000,262144
10336,bandwidth_monster,0,WRITE,0x35dc0000,262144
10336,victim1,1,READ,0x100000fd000,4096
10340,bandwidth_monster,0,WRITE,0x35e00000,262144
10342,bandwidth_monster,0,WRITE,0x35e40000,262144
10344,victim3,3,READ,0x30000102000,4096
10345,bandwidth_monster,0,READ,0x35e80000,262144
10348,bandwidth_monster,0,WRITE,0x35ec0000,262144
10349,bandwidth_monster,0,WRITE,0x35f00000,262144
10353,bandwidth_monster,0,WRITE,0x35f40000,262144
10353,victim2,2,READ,0x20000104000,4096
10357,bandwidth_monster,0,WRITE,0x35f80000,262144
10362,bandwidth_monster,0,WRITE,0x35fc0000,262144
10364,bandwidth_monster,0,WRITE,0x36000000,262144
10369,bandwidth_monster,0,WRITE,0x36040000,262144
10373,bandwidth_monster,0,WRITE,0x36080000,262144
10374,victim3,3,READ,0x30000103000,4096
10377,bandwidth_monster,0,WRITE,0x360c0000,262144
10378,bandwidth_monster,0,READ,0x36100000,262144
10383,bandwidth_monster,0,READ,0x36140000,262144
10385,victim2,2,WRITE,0x20000105000,4096
10387,bandwidth_monster,0,WRITE,0x36180000,262144
10387,victim1,1,WRITE,0x100000fe000,4096
10392,bandwidth_monster,0,WRITE,0x361c0000,262144
10393,bandwidth_monster,0,READ,0x36200000,262144
10394,victim3,3,READ,0x30000104000,4096
10398,bandwidth_monster,0,WRITE,0x36240000,262144
10401,bandwidth_monster,0,READ,0x36280000,262144
10402,bandwidth_monster,0,WRITE,0x362c0000,262144
10407,bandwidth_monster,0,WRITE,0x36300000,262144
10410,bandwidth_monster,0,WRITE,0x36340000,262144
10411,victim2,2,READ,0x20000106000,4096
10412,bandwidth_monster,0,WRITE,0x36380000,262144
10414,bandwidth_monster,0,WRITE,0x363c0000,262144
10415,bandwidth_monster,0,WRITE,0x36400000,262144
10416,bandwidth_monster,0,WRITE,0x36440000,262144
10419,bandwidth_monster,0,WRITE,0x36480000,262144
10420,victim1,1,READ,0x100000ff000,4096
10421,bandwidth_monster,0,READ,0x364c0000,262144
10422,bandwidth_monster,0,WRITE,0x36500000,262144
10425,bandwidth_monster,0,WRITE,0x36540000,262144
10427,bandwidth_monster,0,WRITE,0x36580000,262144
10430,bandwidth_monster,0,WRITE,0x365c0000,262144
10432,bandwidth_monster,0,WRITE,0x36600000,262144
10434,victim2,2,READ,0x20000107000,4096
10437,bandwidth_monster,0,WRITE,0x36640000,262144
10439,victim3,3,READ,0x30000105000,4096
10440,bandwidth_monster,0,WRITE,0x36680000,262144
10445,bandwidth_monster,0,READ,0x366c0000,262144
10449,bandwidth_monster,0,WRITE,0x36700000,262144
10453,bandwidth_monster,0,WRITE,0x36740000,262144
10457,bandwidth_monster,0,WRITE,0x36780000,262144
10458,bandwidth_monster,0,READ,0x367c0000,262144
10460,bandwidth_monster,0,READ,0x36800000,262144
10462,bandwidth_monster,0,WRITE,0x36840000,262144
10464,bandwidth_monster,0,WRITE,0x36880000,262144
10469,bandwidth_monster,0,WRITE,0x368c0000,262144
10472,bandwidth_monster,0,WRITE,0x36900000,262144
10475,victim3,3,READ,0x30000106000,4096
10476,bandwidth_monster,0,WRITE,0x36940000,262144
10476,victim1,1,READ,0x10000100000,4096
10478,bandwidth_monster,0,WRITE,0x36980000,262144
10480,bandwidth_monster,0,WRITE,0x369c0000,262144
10484,victim2,2,READ,0x20000108000,4096
10485,bandwidth_monster,0,WRITE,0x36a00000,262144
10487,bandwidth_monster,0,READ,0x36a40000,262144
10491,bandwidth_monster,0,WRITE,0x36a80000,262144
10494,bandwidth_monster,0,READ,0x36ac0000,262144
10497,bandwidth_monster,0,WRITE,0x36b00000,262144
10501,victim3,3,READ,0x30000107000,4096
10502,bandwidth_monster,0,READ,0x36b40000,262144
10505,victim1,1,READ,0x10000101000,4096
10507,bandwidth_monster,0,WRITE,0x36b80000,262144
10510,bandwidth_monster,0,READ,0x36bc0000,262144
10513,bandwidth_monster,0,READ,0x36c00000,262144
10514,bandwidth_monster,0,WRITE,0x36c40000,262144
10519,bandwidth_monster,0,WRITE,0x36c80000,262144
10520,bandwidth_monster,0,WRITE,0x36cc0000,262144
10522,victim3,3,READ,0x30000108000,4096
10524,bandwidth_monster,0,WRITE,0x36d00000,262144
10529,bandwidth_monster,0,WRITE,0x36d40000,262144
10530,bandwidth_monster,0,WRITE,0x36d80000,262144
10530,victim2,2,READ,0x20000109000,4096
10533,bandwidth_monster,0,WRITE,0x36dc0000,262144
10535,bandwidth_monster,0,READ,0x36e00000,262144
10536,bandwidth_monster,0,WRITE,0x36e40000,262144
10540,bandwidth_monster,0,WRITE,0x36e80000,262144
10545,bandwidth_monster,0,WRITE,0x36ec0000,262144
10545,victim1,1,WRITE,0x10000102000,4096
10546,victim3,3,READ,0x30000109000,4096
10548,bandwidth_monster,0,READ,0x36f00000,262144
10549,bandwidth_monster,0,WRITE,0x36f40000,262144
10553,bandwidth_monster,0,WRITE,0x36f80000,262144
10554,bandwidth_monster,0,READ,0x36fc0000,262144
10556,bandwidth_monster,0,WRITE,0x37000000,262144
10560,victim2,2,READ,0x2000010a000,4096
10561,bandwidth_monster,0,WRITE,0x37040000,262144
10563,bandwidth_monster,0,WRITE,0x37080000,262144
10564,bandwidth_monster,0,READ,0x370c0000,262144
10569,bandwidth_monster,0,WRITE,0x37100000,262144
10571,bandwidth_monster,0,WRITE,0x37140000,262144
10572,bandwidth_monster,0,READ,0x37180000,262144
10572,victim3,3,READ,0x3000010a000,4096
10573,bandwidth_monster,0,READ,0x371c0000,262144
10578,bandwidth_monster,0,WRITE,0x37200000,262144
10581,bandwidth_monster,0,READ,0x37240000,262144
10583,bandwidth_monster,0,WRITE,0x37280000,262144
10586,bandwidth_monster,0,WRITE,0x372c0000,262144
10589,victim1,1,READ,0x10000103000,4096
10591,bandwidth_monster,0,WRITE,0x37300000,262144
10594,bandwidth_monster,0,READ,0x37340000,262144
10594,victim3,3,READ,0x3000010b000,4096
10595,bandwidth_monster,0,READ,0x37380000,262144
10600,bandwidth_monster,0,WRITE,0x373c0000,262144
10603,bandwidth_monster,0,READ,0x37400000,262144
10604,bandwidth_monster,0,WRITE,0x37440000,262144
10608,victim2,2,READ,0x2000010b000,4096
10609,bandwidth_monster,0,WRITE,0x37480000,262144
10613,bandwidth_monster,0,WRITE,0x374c0000,262144
10618,bandwidth_monster,0,WRITE,0x37500000,262144
10619,bandwidth_monster,0,WRITE,0x37540000,262144
10623,bandwidth_monster,0,WRITE,0x37580000,262144
10627,bandwidth_monster,0,WRITE,0x375c0000,262144
10632,bandwidth_monster,0,WRITE,0x37600000,262144
10632,victim2,2,READ,0x2000010c000,4096
10637,bandwidth_monster,0,WRITE,0x37640000,262144
10637,victim3,3,READ,0x3000010c000,4096
10639,bandwidth_monster,0,WRITE,0x37680000,262144
10640,bandwidth_monster,0,WRITE,0x376c0000,262144
10645,bandwidth_monster,0,WRITE,0x37700000,262144
10648,bandwidth_monster,0,READ,0x37740000,262144
10648,victim1,1,READ,0x10000104000,4096
10649,bandwidth_monster,0,WRITE,0x37780000,262144
10651,bandwidth_monster,0,WRITE,0x377c0000,262144
10656,bandwidth_monster,0,WRITE,0x37800000,262144
10661,bandwidth_monster,0,WRITE,0x37840000,262144
10663,victim3,3,WRITE,0x3000010d000,4096
10664,victim2,2,WRITE,0x2000010d000,4096
10666,bandwidth_monster,0,READ,0x37880000,262144
10668,bandwidth_monster,0,WRITE,0x378c0000,262144
10669,bandwidth_monster,0,WRITE,0x37900000,262144
10672,bandwidth_monster,0,WRITE,0x37940000,262144
10676,bandwidth_monster,0,READ,0x37980000,262144
10681,bandwidth_monster,0,WRITE,0x379c0000,262144
10682,victim1,1,READ,0x10000105000,4096
10685,bandwidth_monster,0,WRITE,0x37a00000,262144
10690,bandwidth_monster,0,WRITE,0x37a40000,262144
10695,bandwidth_monster,0,WRITE,0x37a80000,262144
10699,bandwidth_monster,0,WRITE,0x37ac0000,262144
10699,victim3,3,READ,0x3000010e000,4096
10702,bandwidth_monster,0,READ,0x37b00000,262144
10706,bandwidth_monster,0,WRITE,0x37b40000,262144
10710,bandwidth_monster,0,READ,0x37b80000,262144
10711,bandwidth_monster,0,WRITE,0x37bc0000,262144
10713,bandwidth_monster,0,WRITE,0x37c00000,262144
10715,victim1,1,READ,0x10000106000,4096
10716,bandwidth_monster,0,WRITE,0x37c40000,262144
10717,bandwidth_monster,0,WRITE,0x37c80000,262144
10721,bandwidth_monster,0,WRITE,0x37cc0000,262144
10722,bandwidth_monster,0,WRITE,0x37d00000,262144
10724,bandwidth_monster,0,READ,0x37d40000,262144
10724,victim2,2,READ,0x2000010e000,4096
10729,bandwidth_monster,0,WRITE,0x37d80000,262144
10734,bandwidth_monster,0,WRITE,0x37dc0000,262144
10738,bandwidth_monster,0,WRITE,0x37e00000,262144
10742,victim3,3,READ,0x3000010f000,4096
10743,bandwidth_monster,0,WRITE,0x37e40000,262144
10748,bandwidth_monster,0,WRITE,0x37e80000,262144
10750,bandwidth_monster,0,READ,0x37ec0000,262144
10754,bandwidth_monster,0,WRITE,0x37f00000,262144
10759,bandwidth_monster,0,WRITE,0x37f40000,262144
10762,bandwidth_monster,0,WRITE,0x37f80000,262144
10764,bandwidth_monster,0,WRITE,0x37fc0000,262144
10768,bandwidth_monster,0,WRITE,0x38000000,262144
10770,bandwidth_monster,0,WRITE,0x38040000,262144
10771,bandwidth_monster,0,READ,0x38080000,262144
10773,victim1,1,READ,0x10000107000,4096
10773,victim2,2,READ,0x2000010f000,4096
10775,bandwidth_monster,0,READ,0x380c0000,262144
10777,bandwidth_monster,0,READ,0x38100000,262144
10781,bandwidth_monster,0,WRITE,0x38140000,262144
10782,bandwidth_monster,0,WRITE,0x38180000,262144
10782,victim3,3,WRITE,0x30000110000,4096
10783,bandwidth_monster,0,READ,0x381c0000,262144
10785,bandwidth_monster,0,WRITE,0x38200000,262144
10787,bandwidth_monster,0,WRITE,0x38240000,262144
10791,bandwidth_monster,0,WRITE,0x38280000,262144
10793,bandwidth_monster,0,WRITE,0x382c0000,262144
10795,bandwidth_monster,0,WRITE,0x38300000,262144
10797,bandwidth_monster,0,WRITE,0x38340000,262144
10798,bandwidth_monster,0,WRITE,0x38380000,262144
10800,bandwidth_monster,0,WRITE,0x383c0000,262144
10801,bandwidth_monster,0,WRITE,0x38400000,262144
10803,victim2,2,READ,0x20000110000,4096
10804,bandwidth_monster,0,WRITE,0x38440000,262144
10808,bandwidth_monster,0,WRITE,0x38480000,262144
10813,bandwidth_monster,0,READ,0x384c0000,262144
10816,victim3,3,READ,0x30000111000,4096
10817,bandwidth_monster,0,WRITE,0x38500000,262144
10821,bandwidth_monster,0,READ,0x38540000,262144
10825,bandwidth_monster,0,READ,0x38580000,262144
10826,bandwidth_monster,0,READ,0x385c0000,262144
10829,bandwidth_monster,0,READ,0x38600000,262144
10829,victim1,1,READ,0x10000108000,4096
10831,bandwidth_monster,0,WRITE,0x38640000,262144
10833,bandwidth_monster,0,WRITE,0x38680000,262144
10835,bandwidth_monster,0,WRITE,0x386c0000,262144
10837,bandwidth_monster,0,WRITE,0x38700000,262144
10841,bandwidth_monster,0,WRITE,0x38740000,262144
10842,bandwidth_monster,0,READ,0x38780000,262144
10846,bandwidth_monster,0,WRITE,0x387c0000,262144
10848,bandwidth_monster,0,READ,0x38800000,262144
10851,bandwidth_monster,0,WRITE,0x38840000,262144
10851,victim2,2,READ,0x20000111000,4096
10854,bandwidth_monster,0,WRITE,0x38880000,262144
10856,bandwidth_monster,0,READ,0x388c0000,262144
10860,bandwidth_monster,0,WRITE,0x38900000,262144
10863,bandwidth_monster,0,READ,0x38940000,262144
10867,victim1,1,READ,0x10000109000,4096
10868,bandwidth_monster,0,READ,0x38980000,262144
10871,bandwidth_monster,0,WRITE,0x389c0000,262144
10873,victim3,3,READ,0x30000112000,4096
10875,bandwidth_monster,0,WRITE,0x38a00000,262144
10880,bandwidth_monster,0,WRITE,0x38a40000,262144
10883,bandwidth_monster,0,READ,0x38a80000,262144
10885,victim2,2,READ,0x20000112000,4096
10887,bandwidth_monster,0,WRITE,0x38ac0000,262144
10889,bandwidth_monster,0,WRITE,0x38b00000,262144
10892,bandwidth_monster,0,WRITE,0x38b40000,262144
10897,bandwidth_monster,0,WRITE,0x38b80000,262144
10898,bandwidth_monster,0,READ,0x38bc0000,262144
10900,bandwidth_monster,0,WRITE,0x38c00000,262144
10904,bandwidth_monster,0,WRITE,0x38c40000,262144
10907,bandwidth_monster,0,WRITE,0x38c80000,262144
10907,victim1,1,READ,0x1000010a000,4096
10910,bandwidth_monster,0,WRITE,0x38cc0000,262144
10912,bandwidth_monster,0,READ,0x38d00000,262144
10912,victim2,2,READ,0x20000113000,4096
10914,bandwidth_monster,0,WRITE,0x38d40000,262144
10917,bandwidth_monster,0,WRITE,0x38d80000,262144
10918,victim3,3,READ,0x30000113000,4096
10921,bandwidth_monster,0,WRITE,0x38dc0000,262144
10922,bandwidth_monster,0,READ,0x38e00000,262144
10927,bandwidth_monster,0,WRITE,0x38e40000,262144
10932,bandwidth_monster,0,WRITE,0x38e80000,262144
10935,bandwidth_monster,0,WRITE,0x38ec0000,262144
10939,bandwidth_monster,0,WRITE,0x38f00000,262144
10939,victim1,1,WRITE,0x1000010b000,4096
10942,bandwidth_monster,0,READ,0x38f40000,262144
10944,bandwidth_monster,0,WRITE,0x38f80000,262144
10948,bandwidth_monster,0,WRITE,0x38fc0000,262144
10953,bandwidth_monster,0,WRITE,0x39000000,262144
10953,victim2,2,READ,0x20000114000,4096
10958,bandwidth_monster,0,READ,0x39040000,262144
10959,bandwidth_monster,0,READ,0x39080000,262144
10960,bandwidth_monster,0,WRITE,0x390c0000,262144
10965,bandwidth_monster,0,WRITE,0x39100000,262144
10966,bandwidth_monster,0,WRITE,0x39140000,262144
10967,victim3,3,READ,0x30000114000,4096
10971,bandwidth_monster,0,WRITE,0x39180000,262144
10976,bandwidth_monster,0,WRITE,0x391c0000,262144
10978,bandwidth_monster,0,WRITE,0x39200000,262144
10979,bandwidth_monster,0,WRITE,0x39240000,262144
10980,bandwidth_monster,0,READ,0x39280000,262144
10983,victim1,1,READ,0x1000010c000,4096
10985,bandwidth_monster,0,READ,0x392c0000,262144
10986,bandwidth_monster,0,WRITE,0x39300000,262144
10990,bandwidth_monster,0,WRITE,0x39340000,262144
10992,victim2,2,READ,0x20000115000,4096
10994,bandwidth_monster,0,WRITE,0x39380000,262144
10999,bandwidth_monster,0,WRITE,0x393c0000,262144
11000,victim3,3,READ,0x30000115000,4096
11003,victim1,1,READ,0x1000010d000,4096
11004,bandwidth_monster,0,WRITE,0x39400000,262144
11007,bandwidth_monster,0,WRITE,0x39440000,262144
11009,bandwidth_monster,0,READ,0x39480000,262144
11011,bandwidth_monster,0,WRITE,0x394c0000,262144
11016,bandwidth_monster,0,READ,0x39500000,262144
11017,bandwidth_monster,0,WRITE,0x39540000,262144
11018,bandwidth_monster,0,WRITE,0x39580000,262144
11020,bandwidth_monster,0,WRITE,0x395c0000,262144
11021,bandwidth_monster,0,WRITE,0x39600000,262144
11023,bandwidth_monster,0,READ,0x39640000,262144
11026,victim3,3,READ,0x30000116000,4096
11027,bandwidth_monster,0,WRITE,0x39680000,262144
11029,bandwidth_monster,0,WRITE,0x396c0000,262144
11030,bandwidth_monster,0,WRITE,0x39700000,262144
11032,bandwidth_monster,0,WRITE,0x39740000,262144
11036,bandwidth_monster,0,WRITE,0x39780000,262144
11037,bandwidth_monster,0,WRITE,0x397c0000,262144
11038,bandwidth_monster,0,WRITE,0x39800000,262144
11039,bandwidth_monster,0,WRITE,0x39840000,262144
11040,victim2,2,READ,0x20000116000,4096
11044,bandwidth_monster,0,WRITE,0x39880000,262144
11046,bandwidth_monster,0,WRITE,0x398c0000,262144
11049,bandwidth_monster,0,READ,0x39900000,262144
11050,bandwidth_monster,0,READ,0x39940000,262144
11055,bandwidth_monster,0,READ,0x39980000,262144
11056,bandwidth_monster,0,WRITE,0x399c0000,262144
11058,bandwidth_monster,0,WRITE,0x39a00000,262144
11058,victim1,1,READ,0x1000010e000,4096
11060,bandwidth_monster,0,READ,0x39a40000,262144
11063,bandwidth_monster,0,WRITE,0x39a80000,262144
11065,bandwidth_monster,0,WRITE,0x39ac0000,262144
11068,bandwidth_monster,0,READ,0x39b00000,262144
11069,bandwidth_monster,0,WRITE,0x39b40000,262144
11069,victim3,3,READ,0x30000117000,4096
11070,bandwidth_monster,0,WRITE,0x39b80000,262144
11072,victim2,2,READ,0x20000117000,4096
11073,bandwidth_monster,0,WRITE,0x39bc0000,262144
11076,bandwidth_monster,0,WRITE,0x39c00000,262144
11079,bandwidth_monster,0,WRITE,0x39c40000,262144
11083,bandwidth_monster,0,READ,0x39c80000,262144
11085,bandwidth_monster,0,WRITE,0x39cc0000,262144
11087,bandwidth_monster,0,WRITE,0x39d00000,262144
11088,bandwidth_monster,0,WRITE,0x39d40000,262144
11090,bandwidth_monster,0,WRITE,0x39d80000,262144
11094,victim3,3,READ,0x30000118000,4096
11095,bandwidth_monster,0,READ,0x39dc0000,262144
11100,bandwidth_monster,0,WRITE,0x39e00000,262144
11101,victim1,1,READ,0x1000010f000,4096
11103,bandwidth_monster,0,WRITE,0x39e40000,262144
11104,bandwidth_monster,0,WRITE,0x39e80000,262144
11107,bandwidth_monster,0,WRITE,0x39ec0000,262144
11110,bandwidth_monster,0,READ,0x39f00000,262144
11113,bandwidth_monster,0,WRITE,0x39f40000,262144
11117,bandwidth_monster,0,WRITE,0x39f80000,262144
11118,bandwidth_monster,0,READ,0x39fc0000,262144
11120,bandwidth_monster,0,WRITE,0x3a000000,262144
11124,bandwidth_monster,0,WRITE,0x3a040000,262144
11127,victim3,3,READ,0x30000119000,4096
11129,bandwidth_monster,0,WRITE,0x3a080000,262144
11132,victim2,2,READ,0x20000118000,4096
11134,bandwidth_monster,0,WRITE,0x3a0c0000,262144
11138,bandwidth_monster,0,WRITE,0x3a100000,262144
11139,bandwidth_monster,0,WRITE,0x3a140000,262144
11144,bandwidth_monster,0,READ,0x3a180000,262144
11147,bandwidth_monster,0,WRITE,0x3a1c0000,262144
11152,bandwidth_monster,0,READ,0x3a200000,262144
11157,bandwidth_monster,0,WRITE,0x3a240000,262144
11158,victim1,1,READ,0x10000110000,4096
11159,victim3,3,READ,0x3000011a000,4096
11161,bandwidth_monster,0,WRITE,0x3a280000,262144
11164,bandwidth_monster,0,READ,0x3a2c0000,262144
11168,bandwidth_monster,0,WRITE,0x3a300000,262144
11172,bandwidth_monster,0,WRITE,0x3a340000,262144
11176,bandwidth_monster,0,READ,0x3a380000,262144
11180,bandwidth_monster,0,READ,0x3a3c0000,262144
11185,bandwidth_monster,0,WRITE,0x3a400000,262144
11186,victim2,2,READ,0x20000119000,4096
11189,bandwidth_monster,0,WRITE,0x3a440000,262144
11192,bandwidth_monster,0,WRITE,0x3a480000,262144
11194,bandwidth_monster,0,READ,0x3a4c0000,262144
11199,bandwidth_monster,0,WRITE,0x3a500000,262144
11204,bandwidth_monster,0,READ,0x3a540000,262144
11206,bandwidth_monster,0,READ,0x3a580000,262144
11208,bandwidth_monster,0,READ,0x3a5c0000,262144
11209,victim3,3,READ,0x3000011b000,4096
11210,victim1,1,READ,0x10000111000,4096
11212,bandwidth_monster,0,WRITE,0x3a600000,262144
11216,bandwidth_monster,0,WRITE,0x3a640000,262144
11220,bandwidth_monster,0,READ,0x3a680000,262144
11224,bandwidth_monster,0,WRITE,0x3a6c0000,262144
11226,bandwidth_monster,0,READ,0x3a700000,262144
11228,bandwidth_monster,0,READ,0x3a740000,262144
11231,bandwidth_monster,0,WRITE,0x3a780000,262144
11233,bandwidth_monster,0,WRITE,0x3a7c0000,262144
11234,victim3,3,READ,0x3000011c000,4096
11235,bandwidth_monster,0,WRITE,0x3a800000,262144
11238,victim1,1,READ,0x10000112000,4096
11240,bandwidth_monster,0,WRITE,0x3a840000,262144
11242,victim2,2,READ,0x2000011a000,4096
11244,bandwidth_monster,0,WRITE,0x3a880000,262144
11245,bandwidth_monster,0,WRITE,0x3a8c0000,262144
11249,bandwidth_monster,0,WRITE,0x3a900000,262144
11253,bandwidth_monster,0,READ,0x3a940000,262144
11255,bandwidth_monster,0,READ,0x3a980000,262144
11258,bandwidth_monster,0,WRITE,0x3a9c0000,262144
11261,bandwidth_monster,0,WRITE,0x3aa00000,262144
11266,bandwidth_monster,0,WRITE,0x3aa40000,262144
11269,bandwidth_monster,0,WRITE,0x3aa80000,262144
11273,bandwidth_monster,0,WRITE,0x3aac0000,262144
11274,victim1,1,READ,0x10000113000,4096
11276,bandwidth_monster,0,WRITE,0x3ab00000,262144
11279,bandwidth_monster,0,WRITE,0x3ab40000,262144
11283,bandwidth_monster,0,WRITE,0x3ab80000,262144
11284,victim2,2,READ,0x2000011b000,4096
11287,bandwidth_monster,0,WRITE,0x3abc0000,262144
11290,bandwidth_monster,0,WRITE,0x3ac00000,262144
11293,bandwidth_monster,0,WRITE,0x3ac40000,262144
11293,victim3,3,READ,0x3000011d000,4096
11296,bandwidth_monster,0,WRITE,0x3ac80000,262144
11298,victim1,1,READ,0x10000114000,4096
11301,bandwidth_monster,0,READ,0x3acc0000,262144
11302,bandwidth_monster,0,WRITE,0x3ad00000,262144
11307,bandwidth_monster,0,WRITE,0x3ad40000,262144
11308,bandwidth_monster,0,WRITE,0x3ad80000,262144
11311,bandwidth_monster,0,WRITE,0x3adc0000,262144
11315,bandwidth_monster,0,WRITE,0x3ae00000,262144
11315,victim3,3,READ,0x3000011e000,4096
11316,bandwidth_monster,0,WRITE,0x3ae40000,262144
11318,bandwidth_monster,0,WRITE,0x3ae80000,262144
11321,bandwidth_monster,0,WRITE,0x3aec0000,262144
11323,bandwidth_monster,0,WRITE,0x3af00000,262144
11326,bandwidth_monster,0,WRITE,0x3af40000,262144
11327,bandwidth_monster,0,WRITE,0x3af80000,262144
11327,victim1,1,READ,0x10000115000,4096
11332,bandwidth_monster,0,WRITE,0x3afc0000,262144
11335,bandwidth_monster,0,READ,0x3b000000,262144
11340,bandwidth_monster,0,WRITE,0x3b040000,262144
11342,bandwidth_monster,0,WRITE,0x3b080000,262144
11344,bandwidth_monster,0,WRITE,0x3b0c0000,262144
11344,victim2,2,READ,0x2000011c000,4096
11348,bandwidth_monster,0,WRITE,0x3b100000,262144
11351,bandwidth_monster,0,WRITE,0x3b140000,262144
11355,bandwidth_monster,0,READ,0x3b180000,262144
11357,bandwidth_monster,0,WRITE,0x3b1c0000,262144
11358,bandwidth_monster,0,WRITE,0x3b200000,262144
11363,bandwidth_monster,0,WRITE,0x3b240000,262144
11367,victim3,3,READ,0x3000011f000,4096
11368,bandwidth_monster,0,WRITE,0x3b280000,262144
11368,victim1,1,WRITE,0x10000116000,4096
11369,bandwidth_monster,0,WRITE,0x3b2c0000,262144
11373,bandwidth_monster,0,WRITE,0x3b300000,262144
11375,bandwidth_monster,0,READ,0x3b340000,262144
11380,bandwidth_monster,0,READ,0x3b380000,262144
11382,victim2,2,READ,0x2000011d000,4096
11383,bandwidth_monster,0,WRITE,0x3b3c0000,262144
11388,bandwidth_monster,0,WRITE,0x3b400000,262144
11388,victim1,1,READ,0x10000117000,4096
11392,bandwidth_monster,0,READ,0x3b440000,262144
11393,bandwidth_monster,0,WRITE,0x3b480000,262144
11394,bandwidth_monster,0,WRITE,0x3b4c0000,262144
11397,bandwidth_monster,0,READ,0x3b500000,262144
11401,bandwidth_monster,0,WRITE,0x3b540000,262144
11402,bandwidth_monster,0,READ,0x3b580000,262144
11403,bandwidth_monster,0,WRITE,0x3b5c0000,262144
11408,bandwidth_monster,0,WRITE,0x3b600000,262144
11408,victim3,3,READ,0x30000120000,4096
11411,bandwidth_monster,0,READ,0x3b640000,262144
11413,bandwidth_monster,0,WRITE,0x3b680000,262144
11418,bandwidth_monster,0,WRITE,0x3b6c0000,262144
11420,bandwidth_monster,0,WRITE,0x3b700000,262144
11424,bandwidth_monster,0,WRITE,0x3b740000,262144
11425,victim2,2,READ,0x2000011e000,4096
11427,bandwidth_monster,0,WRITE,0x3b780000,262144
11431,bandwidth_monster,0,READ,0x3b7c0000,262144
11435,bandwidth_monster,0,WRITE,0x3b800000,262144
11438,bandwidth_monster,0,READ,0x3b840000,262144
11439,bandwidth_monster,0,WRITE,0x3b880000,262144
11440,bandwidth_monster,0,READ,0x3b8c0000,262144
11440,victim1,1,READ,0x10000118000,4096
11441,bandwidth_monster,0,WRITE,0x3b900000,262144
11445,bandwidth_monster,0,WRITE,0x3b940000,262144
11447,bandwidth_monster,0,WRITE,0x3b980000,262144
11448,bandwidth_monster,0,WRITE,0x3b9c0000,262144
11452,bandwidth_monster,0,READ,0x3ba00000,262144
11454,victim2,2,READ,0x2000011f000,4096
11457,bandwidth_monster,0,WRITE,0x3ba40000,262144
11458,bandwidth_monster,0,WRITE,0x3ba80000,262144
11461,bandwidth_monster,0,READ,0x3bac0000,262144
11465,bandwidth_monster,0,WRITE,0x3bb00000,262144
11467,victim3,3,READ,0x30000121000,4096
11468,bandwidth_monster,0,READ,0x3bb40000,262144
11469,bandwidth_monster,0,READ,0x3bb80000,262144
11473,bandwidth_monster,0,WRITE,0x3bbc0000,262144
11475,bandwidth_monster,0,WRITE,0x3bc00000,262144
11480,bandwidth_monster,0,WRITE,0x3bc40000,262144
11482,bandwidth_monster,0,READ,0x3bc80000,262144
11484,bandwidth_monster,0,WRITE,0x3bcc0000,262144
11489,bandwidth_monster,0,WRITE,0x3bd00000,262144
11492,bandwidth_monster,0,WRITE,0x3bd40000,262144
11496,victim1,1,READ,0x10000119000,4096
11497,bandwidth_monster,0,WRITE,0x3bd80000,262144
11497,victim2,2,READ,0x20000120000,4096
11498,bandwidth_monster,0,READ,0x3bdc0000,262144
11502,bandwidth_monster,0,WRITE,0x3be00000,262144
11503,bandwidth_monster,0,WRITE,0x3be40000,262144
11505,bandwidth_monster,0,WRITE,0x3be80000,262144
11505,victim3,3,READ,0x30000122000,4096
11508,bandwidth_monster,0,WRITE,0x3bec0000,262144
11509,bandwidth_monster,0,WRITE,0x3bf00000,262144
11512,bandwidth_monster,0,READ,0x3bf40000,262144
11514,bandwidth_monster,0,WRITE,0x3bf80000,262144
11518,bandwidth_monster,0,WRITE,0x3bfc0000,262144
11519,bandwidth_monster,0,READ,0x3c000000,262144
11523,bandwidth_monster,0,WRITE,0x3c040000,262144
11523,victim1,1,READ,0x1000011a000,4096
11527,bandwidth_monster,0,WRITE,0x3c080000,262144
11530,victim3,3,READ,0x30000123000,4096
11532,bandwidth_monster,0,WRITE,0x3c0c0000,262144
11533,bandwidth_monster,0,READ,0x3c100000,262144
11536,bandwidth_monster,0,WRITE,0x3c140000,262144
11538,bandwidth_monster,0,WRITE,0x3c180000,262144
11541,bandwidth_monster,0,WRITE,0x3c1c0000,262144
11543,bandwidth_monster,0,READ,0x3c200000,262144
11544,victim2,2,WRITE,0x20000121000,4096
11548,bandwidth_monster,0,WRITE,0x3c240000,262144
11553,bandwidth_monster,0,READ,0x3c280000,262144
11555,bandwidth_monster,0,WRITE,0x3c2c0000,262144
11557,bandwidth_monster,0,READ,0x3c300000,262144
11561,bandwidth_monster,0,READ,0x3c340000,262144
11566,bandwidth_monster,0,WRITE,0x3c380000,262144
11566,victim1,1,READ,0x1000011b000,4096
11570,bandwidth_monster,0,WRITE,0x3c3c0000,262144
11574,bandwidth_monster,0,READ,0x3c400000,262144
11579,bandwidth_monster,0,WRITE,0x3c440000,262144
11581,victim3,3,READ,0x30000124000,4096
11583,bandwidth_monster,0,WRITE,0x3c480000,262144
11584,victim2,2,READ,0x20000122000,4096
11588,bandwidth_monster,0,WRITE,0x3c4c0000,262144
11593,bandwidth_monster,0,WRITE,0x3c500000,262144
11594,bandwidth_monster,0,WRITE,0x3c540000,262144
11599,bandwidth_monster,0,WRITE,0x3c580000,262144
11604,bandwidth_monster,0,WRITE,0x3c5c0000,262144
11606,victim2,2,READ,0x20000123000,4096
11608,bandwidth_monster,0,WRITE,0x3c600000,262144
11611,victim1,1,READ,0x1000011c000,4096
11613,bandwidth_monster,0,READ,0x3c640000,262144
11614,bandwidth_monster,0,WRITE,0x3c680000,262144
11617,bandwidth_monster,0,WRITE,0x3c6c0000,262144
11618,bandwidth_monster,0,WRITE,0x3c700000,262144
11618,victim3,3,READ,0x30000125000,4096
11621,bandwidth_monster,0,READ,0x3c740000,262144
11623,bandwidth_monster,0,WRITE,0x3c780000,262144
11626,bandwidth_monster,0,WRITE,0x3c7c0000,262144
11630,bandwidth_monster,0,WRITE,0x3c800000,262144
11631,bandwidth_monster,0,WRITE,0x3c840000,262144
11635,bandwidth_monster,0,WRITE,0x3c880000,262144
11636,bandwidth_monster,0,WRITE,0x3c8c0000,262144
11638,bandwidth_monster,0,READ,0x3c900000,262144
11639,victim1,1,READ,0x1000011d000,4096
11641,bandwidth_monster,0,WRITE,0x3c940000,262144
11643,bandwidth_monster,0,WRITE,0x3c980000,262144
11648,bandwidth_monster,0,WRITE,0x3c9c0000,262144
11649,bandwidth_monster,0,READ,0x3ca00000,262144
11651,bandwidth_monster,0,READ,0x3ca40000,262144
11655,bandwidth_monster,0,READ,0x3ca80000,262144
11655,victim2,2,READ,0x20000124000,4096
11658,bandwidth_monster,0,WRITE,0x3cac0000,262144
11660,bandwidth_monster,0,READ,0x3cb00000,262144
11662,bandwidth_monster,0,WRITE,0x3cb40000,262144
11665,bandwidth_monster,0,WRITE,0x3cb80000,262144
11666,bandwidth_monster,0,WRITE,0x3cbc0000,262144
11668,bandwidth_monster,0,WRITE,0x3cc00000,262144
11672,victim3,3,READ,0x30000126000,4096
11673,bandwidth_monster,0,READ,0x3cc40000,262144
11674,bandwidth_monster,0,READ,0x3cc80000,262144
11679,bandwidth_monster,0,WRITE,0x3ccc0000,262144
11682,bandwidth_monster,0,READ,0x3cd00000,262144
11685,bandwidth_monster,0,WRITE,0x3cd40000,262144
11686,bandwidth_monster,0,WRITE,0x3cd80000,262144
11689,victim1,1,READ,0x1000011e000,4096
11691,bandwidth_monster,0,WRITE,0x3cdc0000,262144
11692,victim3,3,READ,0x30000127000,4096
11696,bandwidth_monster,0,WRITE,0x3ce00000,262144
11698,bandwidth_monster,0,WRITE,0x3ce40000,262144
11701,bandwidth_monster,0,WRITE,0x3ce80000,262144
11705,bandwidth_monster,0,WRITE,0x3cec0000,262144
11706,bandwidth_monster,0,WRITE,0x3cf00000,262144
11707,bandwidth_monster,0,WRITE,0x3cf40000,262144
11711,bandwidth_monster,0,READ,0x3cf80000,262144
11713,victim1,1,READ,0x1000011f000,4096
11713,victim2,2,READ,0x20000125000,4096
11714,bandwidth_monster,0,READ,0x3cfc0000,262144
11718,bandwidth_monster,0,READ,0x3d000000,262144
11719,bandwidth_monster,0,WRITE,0x3d040000,262144
11724,bandwidth_monster,0,WRITE,0x3d080000,262144
11726,bandwidth_monster,0,WRITE,0x3d0c0000,262144
11729,bandwidth_monster,0,WRITE,0x3d100000,262144
11733,bandwidth_monster,0,READ,0x3d140000,262144
11738,bandwidth_monster,0,WRITE,0x3d180000,262144
11739,bandwidth_monster,0,WRITE,0x3d1c0000,262144
11740,bandwidth_monster,0,WRITE,0x3d200000,262144
11741,bandwidth_monster,0,WRITE,0x3d240000,262144
11743,victim2,2,READ,0x20000126000,4096
11744,victim3,3,READ,0x30000128000,4096
11746,bandwidth_monster,0,WRITE,0x3d280000,262144
11748,bandwidth_monster,0,READ,0x3d2c0000,262144
11752,bandwidth_monster,0,READ,0x3d300000,262144
11756,bandwidth_monster,0,WRITE,0x3d340000,262144
11756,victim1,1,READ,0x10000120000,4096
11758,bandwidth_monster,0,WRITE,0x3d380000,262144
11762,bandwidth_monster,0,WRITE,0x3d3c0000,262144
11764,bandwidth_monster,0,READ,0x3d400000,262144
11767,bandwidth_monster,0,WRITE,0x3d440000,262144
11771,bandwidth_monster,0,READ,0x3d480000,262144
11773,bandwidth_monster,0,WRITE,0x3d4c0000,262144
11777,bandwidth_monster,0,READ,0x3d500000,262144
11777,victim2,2,READ,0x20000127000,4096
11779,bandwidth_monster,0,WRITE,0x3d540000,262144
11784,bandwidth_monster,0,WRITE,0x3d580000,262144
11789,bandwidth_monster,0,WRITE,0x3d5c0000,262144
11792,bandwidth_monster,0,WRITE,0x3d600000,262144
11795,victim3,3,READ,0x30000129000,4096
11797,bandwidth_monster,0,WRITE,0x3d640000,262144
11802,bandwidth_monster,0,WRITE,0x3d680000,262144
11804,bandwidth_monster,0,READ,0x3d6c0000,262144
11809,bandwidth_monster,0,READ,0x3d700000,262144
11809,victim1,1,READ,0x10000121000,4096
11811,bandwidth_monster,0,WRITE,0x3d740000,262144
11816,bandwidth_monster,0,WRITE,0x3d780000,262144
11820,bandwidth_monster,0,READ,0x3d7c0000,262144
11822,bandwidth_monster,0,WRITE,0x3d800000,262144
11824,victim3,3,READ,0x3000012a000,4096
11826,bandwidth_monster,0,WRITE,0x3d840000,262144
11826,victim2,2,WRITE,0x20000128000,4096
11831,bandwidth_monster,0,WRITE,0x3d880000,262144
11833,bandwidth_monster,0,WRITE,0x3d8c0000,262144
11835,bandwidth_monster,0,WRITE,0x3d900000,262144
11836,bandwidth_monster,0,WRITE,0x3d940000,262144
11841,bandwidth_monster,0,WRITE,0x3d980000,262144
11842,victim1,1,READ,0x10000122000,4096
11844,bandwidth_monster,0,READ,0x3d9c0000,262144
11849,bandwidth_monster,0,READ,0x3da00000,262144
11854,bandwidth_monster,0,WRITE,0x3da40000,262144
11857,bandwidth_monster,0,WRITE,0x3da80000,262144
11862,bandwidth_monster,0,WRITE,0x3dac0000,262144
11863,bandwidth_monster,0,WRITE,0x3db00000,262144
11866,bandwidth_monster,0,READ,0x3db40000,262144
11868,victim1,1,READ,0x10000123000,4096
11870,bandwidth_monster,0,WRITE,0x3db80000,262144
11872,bandwidth_monster,0,READ,0x3dbc0000,262144
11877,bandwidth_monster,0,WRITE,0x3dc00000,262144
11878,victim3,3,WRITE,0x3000012b000,4096
11880,bandwidth_monster,0,WRITE,0x3dc40000,262144
11882,bandwidth_monster,0,WRITE,0x3dc80000,262144
11883,victim2,2,WRITE,0x20000129000,4096
11886,bandwidth_monster,0,WRITE,0x3dcc0000,262144
11890,bandwidth_monster,0,READ,0x3dd00000,262144
11891,bandwidth_monster,0,WRITE,0x3dd40000,262144
11894,bandwidth_monster,0,WRITE,0x3dd80000,262144
11899,bandwidth_monster,0,WRITE,0x3ddc0000,262144
11899,victim3,3,READ,0x3000012c000,4096
11901,victim1,1,READ,0x10000124000,4096
11904,bandwidth_monster,0,WRITE,0x3de00000,262144
11906,victim2,2,READ,0x2000012a000,4096
11908,bandwidth_monster,0,WRITE,0x3de40000,262144
11913,bandwidth_monster,0,WRITE,0x3de80000,262144
11917,bandwidth_monster,0,WRITE,0x3dec0000,262144
11920,bandwidth_monster,0,WRITE,0x3df00000,262144
11925,bandwidth_monster,0,WRITE,0x3df40000,262144
11929,bandwidth_monster,0,WRITE,0x3df80000,262144
11931,bandwidth_monster,0,WRITE,0x3dfc0000,262144
11935,bandwidth_monster,0,WRITE,0x3e000000,262144
11938,bandwidth_monster,0,WRITE,0x3e040000,262144
11941,bandwidth_monster,0,WRITE,0x3e080000,262144
11942,bandwidth_monster,0,WRITE,0x3e0c0000,262144
11942,victim2,2,READ,0x2000012b000,4096
11947,bandwidth_monster,0,WRITE,0x3e100000,262144
11947,victim1,1,READ,0x10000125000,4096
11947,victim3,3,READ,0x3000012d000,4096
11950,bandwidth_monster,0,WRITE,0x3e140000,262144
11953,bandwidth_monster,0,READ,0x3e180000,262144
11957,bandwidth_monster,0,WRITE,0x3e1c0000,262144
11962,bandwidth_monster,0,WRITE,0x3e200000,262144
11965,bandwidth_monster,0,WRITE,0x3e240000,262144
11968,bandwidth_monster,0,WRITE,0x3e280000,262144
11972,bandwidth_monster,0,WRITE,0x3e2c0000,262144
11974,bandwidth_monster,0,WRITE,0x3e300000,262144
11979,bandwidth_monster,0,WRITE,0x3e340000,262144
11984,bandwidth_monster,0,READ,0x3e380000,262144
11988,bandwidth_monster,0,WRITE,0x3e3c0000,262144
11990,victim2,2,READ,0x2000012c000,4096
11993,bandwidth_monster,0,WRITE,0x3e400000,262144
11995,bandwidth_monster,0,WRITE,0x3e440000,262144
11996,bandwidth_monster,0,WRITE,0x3e480000,262144
11998,victim1,1,READ,0x10000126000,4096
11999,bandwidth_monster,0,WRITE,0x3e4c0000,262144
12004,bandwidth_monster,0,WRITE,0x3e500000,262144
12006,bandwidth_monster,0,WRITE,0x3e540000,262144
12007,victim3,3,READ,0x3000012e000,4096
12008,bandwidth_monster,0,WRITE,0x3e580000,262144
12011,bandwidth_monster,0,WRITE,0x3e5c0000,262144
12016,bandwidth_monster,0,WRITE,0x3e600000,262144
12020,bandwidth_monster,0,WRITE,0x3e640000,262144
12023,bandwidth_monster,0,WRITE,0x3e680000,262144
12023,victim2,2,READ,0x2000012d000,4096
12028,bandwidth_monster,0,WRITE,0x3e6c0000,262144
12030,bandwidth_monster,0,WRITE,0x3e700000,262144
12034,bandwidth_monster,0,WRITE,0x3e740000,262144
12034,victim1,1,WRITE,0x10000127000,4096
12035,bandwidth_monster,0,WRITE,0x3e780000,262144
12036,bandwidth_monster,0,READ,0x3e7c0000,262144
12037,bandwidth_monster,0,READ,0x3e800000,262144
12042,bandwidth_monster,0,WRITE,0x3e840000,262144
12042,victim3,3,READ,0x3000012f000,4096
12043,bandwidth_monster,0,WRITE,0x3e880000,262144
12047,bandwidth_monster,0,READ,0x3e8c0000,262144
12048,bandwidth_monster,0,READ,0x3e900000,262144
12048,victim2,2,READ,0x2000012e000,4096
12049,bandwidth_monster,0,READ,0x3e940000,262144
12054,bandwidth_monster,0,READ,0x3e980000,262144
12056,bandwidth_monster,0,READ,0x3e9c0000,262144
12061,bandwidth_monster,0,READ,0x3ea00000,262144
12063,bandwidth_monster,0,WRITE,0x3ea40000,262144
12068,bandwidth_monster,0,WRITE,0x3ea80000,262144
12070,victim1,1,READ,0x10000128000,4096
12071,bandwidth_monster,0,WRITE,0x3eac0000,262144
12074,bandwidth_monster,0,WRITE,0x3eb00000,262144
12077,bandwidth_monster,0,WRITE,0x3eb40000,262144
12079,bandwidth_monster,0,WRITE,0x3eb80000,262144
12083,bandwidth_monster,0,WRITE,0x3ebc0000,262144
12086,victim2,2,READ,0x2000012f000,4096
12088,bandwidth_monster,0,WRITE,0x3ec00000,262144
12089,bandwidth_monster,0,WRITE,0x3ec40000,262144
12091,bandwidth_monster,0,WRITE,0x3ec80000,262144
12095,bandwidth_monster,0,READ,0x3ecc0000,262144
12096,bandwidth_monster,0,WRITE,0x3ed00000,262144
12097,victim3,3,READ,0x30000130000,4096
12098,bandwidth_monster,0,READ,0x3ed40000,262144
12101,bandwidth_monster,0,WRITE,0x3ed80000,262144
12102,victim1,1,READ,0x10000129000,4096
12104,bandwidth_monster,0,WRITE,0x3edc0000,262144
12105,bandwidth_monster,0,WRITE,0x3ee00000,262144
12106,bandwidth_monster,0,WRITE,0x3ee40000,262144
12108,victim2,2,READ,0x20000130000,4096
12111,bandwidth_monster,0,READ,0x3ee80000,262144
12114,bandwidth_monster,0,READ,0x3eec0000,262144
12115,bandwidth_monster,0,WRITE,0x3ef00000,262144
12120,bandwidth_monster,0,WRITE,0x3ef40000,262144
12125,bandwidth_monster,0,WRITE,0x3ef80000,262144
12129,bandwidth_monster,0,WRITE,0x3efc0000,262144
12130,bandwidth_monster,0,READ,0x3f000000,262144
12134,bandwidth_monster,0,READ,0x3f040000,262144
12137,bandwidth_monster,0,WRITE,0x3f080000,262144
12142,bandwidth_monster,0,WRITE,0x3f0c0000,262144
12143,bandwidth_monster,0,READ,0x3f100000,262144
12144,bandwidth_monster,0,WRITE,0x3f140000,262144
12146,bandwidth_monster,0,WRITE,0x3f180000,262144
12147,bandwidth_monster,0,WRITE,0x3f1c0000,262144
12147,victim3,3,READ,0x30000131000,4096
12149,bandwidth_monster,0,WRITE,0x3f200000,262144
12150,victim1,1,READ,0x1000012a000,4096
12151,bandwidth_monster,0,WRITE,0x3f240000,262144
12154,bandwidth_monster,0,READ,0x3f280000,262144
12156,bandwidth_monster,0,READ,0x3f2c0000,262144
12158,victim2,2,READ,0x20000131000,4096
12161,bandwidth_monster,0,WRITE,0x3f300000,262144
12162,bandwidth_monster,0,READ,0x3f340000,262144
12166,bandwidth_monster,0,WRITE,0x3f380000,262144
12169,bandwidth_monster,0,WRITE,0x3f3c0000,262144
12171,bandwidth_monster,0,WRITE,0x3f400000,262144
12176,bandwidth_monster,0,READ,0x3f440000,262144
12177,bandwidth_monster,0,WRITE,0x3f480000,262144
12178,bandwidth_monster,0,WRITE,0x3f4c0000,262144
12179,victim3,3,READ,0x30000132000,4096
12180,bandwidth_monster,0,WRITE,0x3f500000,262144
12181,bandwidth_monster,0,WRITE,0x3f540000,262144
12185,bandwidth_monster,0,READ,0x3f580000,262144
12185,victim2,2,READ,0x20000132000,4096
12187,bandwidth_monster,0,READ,0x3f5c0000,262144
12188,victim1,1,READ,0x1000012b000,4096
12190,bandwidth_monster,0,WRITE,0x3f600000,262144
12194,bandwidth_monster,0,WRITE,0x3f640000,262144
12199,bandwidth_monster,0,WRITE,0x3f680000,262144
12201,bandwidth_monster,0,WRITE,0x3f6c0000,262144
12206,bandwidth_monster,0,WRITE,0x3f700000,262144
12211,bandwidth_monster,0,WRITE,0x3f740000,262144
12212,bandwidth_monster,0,WRITE,0x3f780000,262144
12213,victim1,1,READ,0x1000012c000,4096
12214,bandwidth_monster,0,WRITE,0x3f7c0000,262144
12218,bandwidth_monster,0,WRITE,0x3f800000,262144
12223,bandwidth_monster,0,READ,0x3f840000,262144
12226,bandwidth_monster,0,READ,0x3f880000,262144
12228,bandwidth_monster,0,WRITE,0x3f8c0000,262144
12231,victim2,2,READ,0x20000133000,4096
12233,bandwidth_monster,0,READ,0x3f900000,262144
12235,victim3,3,READ,0x30000133000,4096
12237,bandwidth_monster,0,WRITE,0x3f940000,262144
12242,bandwidth_monster,0,WRITE,0x3f980000,262144
12245,bandwidth_monster,0,WRITE,0x3f9c0000,262144
12246,bandwidth_monster,0,WRITE,0x3fa00000,262144
12247,bandwidth_monster,0,WRITE,0x3fa40000,262144
12248,bandwidth_monster,0,WRITE,0x3fa80000,262144
12249,bandwidth_monster,0,WRITE,0x3fac0000,262144
12252,bandwidth_monster,0,WRITE,0x3fb00000,262144
12254,victim1,1,READ,0x1000012d000,4096
12257,bandwidth_monster,0,WRITE,0x3fb40000,262144
12261,bandwidth_monster,0,READ,0x3fb80000,262144
12265,bandwidth_monster,0,READ,0x3fbc0000,262144
12268,bandwidth_monster,0,READ,0x3fc00000,262144
12268,victim3,3,READ,0x30000134000,4096
12271,bandwidth_monster,0,WRITE,0x3fc40000,262144
12276,bandwidth_monster,0,WRITE,0x3fc80000,262144
12276,victim1,1,WRITE,0x1000012e000,4096
12278,bandwidth_monster,0,READ,0x3fcc0000,262144
12282,bandwidth_monster,0,WRITE,0x3fd00000,262144
12284,bandwidth_monster,0,WRITE,0x3fd40000,262144
12289,bandwidth_monster,0,READ,0x3fd80000,262144
12289,victim2,2,READ,0x20000134000,4096
12292,bandwidth_monster,0,WRITE,0x3fdc0000,262144
12295,bandwidth_monster,0,WRITE,0x3fe00000,262144
12298,bandwidth_monster,0,WRITE,0x3fe40000,262144
12300,bandwidth_monster,0,READ,0x3fe80000,262144
12302,victim3,3,READ,0x30000135000,4096
12303,bandwidth_monster,0,READ,0x3fec0000,262144
12306,bandwidth_monster,0,WRITE,0x3ff00000,262144
12308,bandwidth_monster,0,WRITE,0x3ff40000,262144
12309,victim2,2,WRITE,0x20000135000,4096
12311,bandwidth_monster,0,WRITE,0x3ff80000,262144
12314,bandwidth_monster,0,READ,0x3ffc0000,262144
12317,bandwidth_monster,0,READ,0x40000000,262144
12322,bandwidth_monster,0,READ,0x40040000,262144
12324,victim1,1,READ,0x1000012f000,4096
12325,bandwidth_monster,0,WRITE,0x40080000,262144
12326,bandwidth_monster,0,WRITE,0x400c0000,262144
12331,bandwidth_monster,0,READ,0x40100000,262144
12332,victim3,3,READ,0x30000136000,4096
12333,bandwidth_monster,0,WRITE,0x40140000,262144
12336,bandwidth_monster,0,WRITE,0x40180000,262144
12339,bandwidth_monster,0,READ,0x401c0000,262144
12344,bandwidth_monster,0,WRITE,0x40200000,262144
12346,bandwidth_monster,0,WRITE,0x40240000,262144
12350,bandwidth_monster,0,WRITE,0x40280000,262144
12350,victim2,2,READ,0x20000136000,4096
12351,bandwidth_monster,0,WRITE,0x402c0000,262144
12353,bandwidth_monster,0,READ,0x40300000,262144
12356,bandwidth_monster,0,READ,0x40340000,262144
12359,bandwidth_monster,0,WRITE,0x40380000,262144
12361,bandwidth_monster,0,READ,0x403c0000,262144
12365,bandwidth_monster,0,WRITE,0x40400000,262144
12365,victim3,3,READ,0x30000137000,4096
12368,bandwidth_monster,0,WRITE,0x40440000,262144
12373,bandwidth_monster,0,READ,0x40480000,262144
12373,victim1,1,READ,0x10000130000,4096
12376,bandwidth_monster,0,READ,0x404c0000,262144
12381,bandwidth_monster,0,WRITE,0x40500000,262144
12386,bandwidth_monster,0,WRITE,0x40540000,262144
12387,victim3,3,READ,0x30000138000,4096
12391,bandwidth_monster,0,WRITE,0x40580000,262144
12393,bandwidth_monster,0,WRITE,0x405c0000,262144
12396,victim2,2,READ,0x20000137000,4096
12397,bandwidth_monster,0,WRITE,0x40600000,262144
12400,bandwidth_monster,0,WRITE,0x40640000,262144
12402,bandwidth_monster,0,WRITE,0x40680000,262144
12407,bandwidth_monster,0,WRITE,0x406c0000,262144
12411,bandwidth_monster,0,WRITE,0x40700000,262144
12411,victim3,3,READ,0x30000139000,4096
12412,bandwidth_monster,0,WRITE,0x40740000,262144
12413,bandwidth_monster,0,WRITE,0x40780000,262144
12417,bandwidth_monster,0,WRITE,0x407c0000,262144
12419,victim1,1,READ,0x10000131000,4096
12420,bandwidth_monster,0,WRITE,0x40800000,262144
12421,bandwidth_monster,0,READ,0x40840000,262144
12425,bandwidth_monster,0,READ,0x40880000,262144
12427,bandwidth_monster,0,WRITE,0x408c0000,262144
12431,bandwidth_monster,0,READ,0x40900000,262144
12434,bandwidth_monster,0,READ,0x40940000,262144
12437,bandwidth_monster,0,READ,0x40980000,262144
12438,bandwidth_monster,0,WRITE,0x409c0000,262144
12439,bandwidth_monster,0,WRITE,0x40a00000,262144
12443,bandwidth_monster,0,WRITE,0x40a40000,262144
12445,victim1,1,READ,0x10000132000,4096
12447,bandwidth_monster,0,WRITE,0x40a80000,262144
12451,victim2,2,READ,0x20000138000,4096
12452,bandwidth_monster,0,WRITE,0x40ac0000,262144
12453,bandwidth_monster,0,WRITE,0x40b00000,262144
12455,bandwidth_monster,0,WRITE,0x40b40000,262144
12460,bandwidth_monster,0,WRITE,0x40b80000,262144
12464,bandwidth_monster,0,WRITE,0x40bc0000,262144
12465,victim3,3,READ,0x3000013a000,4096
12466,bandwidth_monster,0,WRITE,0x40c00000,262144
12467,bandwidth_monster,0,WRITE,0x40c40000,262144
12468,bandwidth_monster,0,READ,0x40c80000,262144
12468,victim1,1,READ,0x10000133000,4096
12473,bandwidth_monster,0,WRITE,0x40cc0000,262144
12475,bandwidth_monster,0,WRITE,0x40d00000,262144
12477,bandwidth_monster,0,WRITE,0x40d40000,262144
12479,bandwidth_monster,0,WRITE,0x40d80000,262144
12483,bandwidth_monster,0,WRITE,0x40dc0000,262144
12485,bandwidth_monster,0,READ,0x40e00000,262144
12489,bandwidth_monster,0,READ,0x40e40000,262144
12489,victim2,2,READ,0x20000139000,4096
12491,bandwidth_monster,0,WRITE,0x40e80000,262144
12492,bandwidth_monster,0,WRITE,0x40ec0000,262144
12492,victim3,3,READ,0x3000013b000,4096
12496,bandwidth_monster,0,WRITE,0x40f00000,262144
12501,bandwidth_monster,0,WRITE,0x40f40000,262144
12505,bandwidth_monster,0,WRITE,0x40f80000,262144
12507,bandwidth_monster,0,READ,0x40fc0000,262144
12509,bandwidth_monster,0,READ,0x41000000,262144
12513,bandwidth_monster,0,WRITE,0x41040000,262144
12516,bandwidth_monster,0,WRITE,0x41080000,262144
12519,bandwidth_monster,0,WRITE,0x410c0000,262144
12519,victim1,1,READ,0x10000134000,4096
12524,bandwidth_monster,0,READ,0x41100000,262144
12528,bandwidth_monster,0,READ,0x41140000,262144
12533,bandwidth_monster,0,WRITE,0x41180000,262144
12535,bandwidth_monster,0,WRITE,0x411c0000,262144
12535,victim3,3,READ,0x3000013c000,4096
12536,bandwidth_monster,0,WRITE,0x41200000,262144
12537,bandwidth_monster,0,WRITE,0x41240000,262144
12538,victim2,2,READ,0x2000013a000,4096
12541,bandwidth_monster,0,READ,0x41280000,262144
12542,bandwidth_monster,0,WRITE,0x412c0000,262144
12545,bandwidth_monster,0,WRITE,0x41300000,262144
12547,bandwidth_monster,0,READ,0x41340000,262144
12548,bandwidth_monster,0,WRITE,0x41380000,262144
12549,bandwidth_monster,0,WRITE,0x413c0000,262144
12554,bandwidth_monster,0,WRITE,0x41400000,262144
12556,bandwidth_monster,0,READ,0x41440000,262144
12558,bandwidth_monster,0,WRITE,0x41480000,262144
12558,victim2,2,WRITE,0x2000013b000,4096
12559,bandwidth_monster,0,WRITE,0x414c0000,262144
12560,victim1,1,WRITE,0x10000135000,4096
12562,bandwidth_monster,0,WRITE,0x41500000,262144
12565,victim3,3,WRITE,0x3000013d000,4096
12567,bandwidth_monster,0,WRITE,0x41540000,262144
12572,bandwidth_monster,0,READ,0x41580000,262144
12575,bandwidth_monster,0,WRITE,0x415c0000,262144
12579,bandwidth_monster,0,WRITE,0x41600000,262144
12580,bandwidth_monster,0,READ,0x41640000,262144
12584,bandwidth_monster,0,READ,0x41680000,262144
12586,bandwidth_monster,0,WRITE,0x416c0000,262144
12586,victim3,3,READ,0x3000013e000,4096
12588,bandwidth_monster,0,READ,0x41700000,262144
12590,bandwidth_monster,0,READ,0x41740000,262144
12595,bandwidth_monster,0,READ,0x41780000,262144
12597,bandwidth_monster,0,READ,0x417c0000,262144
12600,bandwidth_monster,0,WRITE,0x41800000,262144
12605,bandwidth_monster,0,WRITE,0x41840000,262144
12606,bandwidth_monster,0,WRITE,0x41880000,262144
12609,bandwidth_monster,0,READ,0x418c0000,262144
12612,bandwidth_monster,0,READ,0x41900000,262144
12613,victim1,1,READ,0x10000136000,4096
12614,bandwidth_monster,0,WRITE,0x41940000,262144
12615,victim2,2,READ,0x2000013c000,4096
12619,bandwidth_monster,0,WRITE,0x41980000,262144
12621,bandwidth_monster,0,WRITE,0x419c0000,262144
12625,bandwidth_monster,0,READ,0x41a00000,262144
12629,bandwidth_monster,0,WRITE,0x41a40000,262144
12632,bandwidth_monster,0,WRITE,0x41a80000,262144
12634,bandwidth_monster,0,READ,0x41ac0000,262144
12635,bandwidth_monster,0,READ,0x41b00000,262144
12636,bandwidth_monster,0,WRITE,0x41b40000,262144
12638,bandwidth_monster,0,WRITE,0x41b80000,262144
12641,bandwidth_monster,0,READ,0x41bc0000,262144
12641,victim3,3,READ,0x3000013f000,4096
12642,bandwidth_monster,0,WRITE,0x41c00000,262144
12642,victim1,1,READ,0x10000137000,4096
12645,bandwidth_monster,0,READ,0x41c40000,262144
12647,bandwidth_monster,0,WRITE,0x41c80000,262144
12649,bandwidth_monster,0,READ,0x41cc0000,262144
12652,bandwidth_monster,0,WRITE,0x41d00000,262144
12654,bandwidth_monster,0,WRITE,0x41d40000,262144
12655,bandwidth_monster,0,WRITE,0x41d80000,262144
12657,bandwidth_monster,0,READ,0x41dc0000,262144
12659,victim2,2,READ,0x2000013d000,4096
12660,bandwidth_monster,0,READ,0x41e00000,262144
12662,victim3,3,READ,0x30000140000,4096
12663,bandwidth_monster,0,WRITE,0x41e40000,262144
12668,bandwidth_monster,0,READ,0x41e80000,262144
12672,bandwidth_monster,0,WRITE,0x41ec0000,262144
12675,bandwidth_monster,0,WRITE,0x41f00000,262144
12679,bandwidth_monster,0,WRITE,0x41f40000,262144
12681,bandwidth_monster,0,WRITE,0x41f80000,262144
12683,victim2,2,READ,0x2000013e000,4096
12684,bandwidth_monster,0,WRITE,0x41fc0000,262144
12686,victim1,1,WRITE,0x10000138000,4096
12687,bandwidth_monster,0,READ,0x42000000,262144
12691,bandwidth_monster,0,WRITE,0x42040000,262144
12691,victim3,3,READ,0x30000141000,4096
12694,bandwidth_monster,0,WRITE,0x42080000,262144
12699,bandwidth_monster,0,WRITE,0x420c0000,262144
12702,bandwidth_monster,0,WRITE,0x42100000,262144
12703,bandwidth_monster,0,WRITE,0x42140000,262144
12704,bandwidth_monster,0,WRITE,0x42180000,262144
12706,bandwidth_monster,0,WRITE,0x421c0000,262144
12710,bandwidth_monster,0,WRITE,0x42200000,262144
12714,bandwidth_monster,0,READ,0x42240000,262144
12719,bandwidth_monster,0,READ,0x42280000,262144
12720,victim3,3,READ,0x30000142000,4096
12723,bandwidth_monster,0,WRITE,0x422c0000,262144
12725,victim2,2,READ,0x2000013f000,4096
12726,bandwidth_monster,0,WRITE,0x42300000,262144
12728,victim1,1,READ,0x10000139000,4096
12729,bandwidth_monster,0,READ,0x42340000,262144
12730,bandwidth_monster,0,WRITE,0x42380000,262144
12733,bandwidth_monster,0,READ,0x423c0000,262144
12737,bandwidth_monster,0,WRITE,0x42400000,262144
12738,bandwidth_monster,0,WRITE,0x42440000,262144
12742,bandwidth_monster,0,READ,0x42480000,262144
12745,bandwidth_monster,0,WRITE,0x424c0000,262144
12750,bandwidth_monster,0,READ,0x42500000,262144
12751,bandwidth_monster,0,WRITE,0x42540000,262144
12752,bandwidth_monster,0,WRITE,0x42580000,262144
12755,bandwidth_monster,0,WRITE,0x425c0000,262144
12757,victim3,3,READ,0x30000143000,4096
12759,bandwidth_monster,0,WRITE,0x42600000,262144
12763,bandwidth_monster,0,READ,0x42640000,262144
12767,bandwidth_monster,0,WRITE,0x42680000,262144
12772,bandwidth_monster,0,READ,0x426c0000,262144
12776,bandwidth_monster,0,READ,0x42700000,262144
12781,bandwidth_monster,0,WRITE,0x42740000,262144
12781,victim3,3,READ,0x30000144000,4096
12782,bandwidth_monster,0,WRITE,0x42780000,262144
12782,victim2,2,READ,0x20000140000,4096
12783,victim1,1,READ,0x1000013a000,4096
12784,bandwidth_monster,0,READ,0x427c0000,262144
12786,bandwidth_monster,0,WRITE,0x42800000,262144
12790,bandwidth_monster,0,WRITE,0x42840000,262144
12793,bandwidth_monster,0,WRITE,0x42880000,262144
12794,bandwidth_monster,0,WRITE,0x428c0000,262144
12795,bandwidth_monster,0,WRITE,0x42900000,262144
12800,bandwidth_monster,0,READ,0x42940000,262144
12805,bandwidth_monster,0,WRITE,0x42980000,262144
12807,victim3,3,READ,0x30000145000,4096
12808,victim1,1,READ,0x1000013b000,4096
12810,bandwidth_monster,0,WRITE,0x429c0000,262144
12812,bandwidth_monster,0,WRITE,0x42a00000,262144
12816,bandwidth_monster,0,READ,0x42a40000,262144
12820,bandwidth_monster,0,WRITE,0x42a80000,262144
12824,bandwidth_monster,0,WRITE,0x42ac0000,262144
12827,victim2,2,READ,0x20000141000,4096
12829,bandwidth_monster,0,WRITE,0x42b00000,262144
12830,bandwidth_monster,0,WRITE,0x42b40000,262144
12835,bandwidth_monster,0,WRITE,0x42b80000,262144
12837,bandwidth_monster,0,READ,0x42bc0000,262144
12838,bandwidth_monster,0,READ,0x42c00000,262144
12839,bandwidth_monster,0,READ,0x42c40000,262144
12841,bandwidth_monster,0,WRITE,0x42c80000,262144
12843,bandwidth_monster,0,WRITE,0x42cc0000,262144
12844,bandwidth_monster,0,READ,0x42d00000,262144
12846,victim1,1,READ,0x1000013c000,4096
12847,bandwidth_monster,0,READ,0x42d40000,262144
12850,bandwidth_monster,0,READ,0x42d80000,262144
12854,bandwidth_monster,0,WRITE,0x42dc0000,262144
12855,bandwidth_monster,0,WRITE,0x42e00000,262144
12856,bandwidth_monster,0,WRITE,0x42e40000,262144
12858,victim3,3,READ,0x30000146000,4096
12859,bandwidth_monster,0,WRITE,0x42e80000,262144
12863,bandwidth_monster,0,WRITE,0x42ec0000,262144
12867,bandwidth_monster,0,WRITE,0x42f00000,262144
12870,bandwidth_monster,0,WRITE,0x42f40000,262144
12871,bandwidth_monster,0,READ,0x42f80000,262144
12873,bandwidth_monster,0,WRITE,0x42fc0000,262144
12875,bandwidth_monster,0,READ,0x43000000,262144
12880,bandwidth_monster,0,READ,0x43040000,262144
12882,victim1,1,READ,0x1000013d000,4096
12884,bandwidth_monster,0,WRITE,0x43080000,262144
12886,bandwidth_monster,0,READ,0x430c0000,262144
12886,victim2,2,READ,0x20000142000,4096
12888,victim3,3,READ,0x30000147000,4096
12889,bandwidth_monster,0,WRITE,0x43100000,262144
12892,bandwidth_monster,0,WRITE,0x43140000,262144
12897,bandwidth_monster,0,WRITE,0x43180000,262144
12901,bandwidth_monster,0,WRITE,0x431c0000,262144
12905,bandwidth_monster,0,WRITE,0x43200000,262144
12909,bandwidth_monster,0,READ,0x43240000,262144
12913,bandwidth_monster,0,WRITE,0x43280000,262144
12917,bandwidth_monster,0,WRITE,0x432c0000,262144
12920,bandwidth_monster,0,WRITE,0x43300000,262144
12921,victim2,2,READ,0x20000143000,4096
12922,bandwidth_monster,0,WRITE,0x43340000,262144
12923,bandwidth_monster,0,READ,0x43380000,262144
12928,bandwidth_monster,0,WRITE,0x433c0000,262144
12929,bandwidth_monster,0,READ,0x43400000,262144
12932,bandwidth_monster,0,READ,0x43440000,262144
12933,bandwidth_monster,0,WRITE,0x43480000,262144
12935,bandwidth_monster,0,WRITE,0x434c0000,262144
12937,bandwidth_monster,0,READ,0x43500000,262144
12941,bandwidth_monster,0,WRITE,0x43540000,262144
12942,bandwidth_monster,0,READ,0x43580000,262144
12942,victim1,1,READ,0x1000013e000,4096
12944,bandwidth_monster,0,WRITE,0x435c0000,262144
12945,bandwidth_monster,0,READ,0x43600000,262144
12948,victim3,3,READ,0x30000148000,4096
12949,bandwidth_monster,0,READ,0x43640000,262144
12950,bandwidth_monster,0,WRITE,0x43680000,262144
12955,bandwidth_monster,0,WRITE,0x436c0000,262144
12960,bandwidth_monster,0,READ,0x43700000,262144
12964,bandwidth_monster,0,WRITE,0x43740000,262144
12965,bandwidth_monster,0,READ,0x43780000,262144
12966,bandwidth_monster,0,WRITE,0x437c0000,262144
12970,bandwidth_monster,0,READ,0x43800000,262144
12971,victim2,2,READ,0x20000144000,4096
12972,bandwidth_monster,0,READ,0x43840000,262144
12977,bandwidth_monster,0,WRITE,0x43880000,262144
12981,bandwidth_monster,0,READ,0x438c0000,262144
12982,bandwidth_monster,0,WRITE,0x43900000,262144
12984,bandwidth_monster,0,WRITE,0x43940000,262144
12987,bandwidth_monster,0,WRITE,0x43980000,262144
12988,bandwidth_monster,0,WRITE,0x439c0000,262144
12989,bandwidth_monster,0,READ,0x43a00000,262144
12990,victim3,3,READ,0x30000149000,4096
12991,bandwidth_monster,0,READ,0x43a40000,262144
12993,bandwidth_monster,0,WRITE,0x43a80000,262144
12996,bandwidth_monster,0,READ,0x43ac0000,262144
12997,victim1,1,READ,0x1000013f000,4096
12998,victim2,2,READ,0x20000145000,4096
13001,bandwidth_monster,0,READ,0x43b00000,262144
13005,bandwidth_monster,0,WRITE,0x43b40000,262144
13006,bandwidth_monster,0,WRITE,0x43b80000,262144
13009,bandwidth_monster,0,WRITE,0x43bc0000,262144
13012,bandwidth_monster,0,WRITE,0x43c00000,262144
13013,bandwidth_monster,0,READ,0x43c40000,262144
13017,bandwidth_monster,0,WRITE,0x43c80000,262144
13022,bandwidth_monster,0,READ,0x43cc0000,262144
13023,bandwidth_monster,0,READ,0x43d00000,262144
13025,bandwidth_monster,0,WRITE,0x43d40000,262144
13027,bandwidth_monster,0,READ,0x43d80000,262144
13030,bandwidth_monster,0,WRITE,0x43dc0000,262144
13032,victim2,2,READ,0x20000146000,4096
13033,bandwidth_monster,0,WRITE,0x43e00000,262144
13034,bandwidth_monster,0,WRITE,0x43e40000,262144
13036,bandwidth_monster,0,WRITE,0x43e80000,262144
13039,bandwidth_monster,0,READ,0x43ec0000,262144
13039,victim3,3,WRITE,0x3000014a000,4096
13043,bandwidth_monster,0,WRITE,0x43f00000,262144
13043,victim1,1,WRITE,0x10000140000,4096
13048,bandwidth_monster,0,WRITE,0x43f40000,262144
13053,bandwidth_monster,0,WRITE,0x43f80000,262144
13057,bandwidth_monster,0,WRITE,0x43fc0000,262144
13060,bandwidth_monster,0,READ,0x44000000,262144
13062,bandwidth_monster,0,READ,0x44040000,262144
13066,bandwidth_monster,0,WRITE,0x44080000,262144
13067,bandwidth_monster,0,READ,0x440c0000,262144
13067,victim3,3,WRITE,0x3000014b000,4096
13070,bandwidth_monster,0,WRITE,0x44100000,262144
13074,bandwidth_monster,0,READ,0x44140000,262144
13076,victim2,2,READ,0x20000147000,4096
13079,bandwidth_monster,0,WRITE,0x44180000,262144
13081,bandwidth_monster,0,READ,0x441c0000,262144
13084,bandwidth_monster,0,READ,0x44200000,262144
13084,victim1,1,READ,0x10000141000,4096
13089,bandwidth_monster,0,READ,0x44240000,262144
13092,bandwidth_monster,0,WRITE,0x44280000,262144
13096,bandwidth_monster,0,WRITE,0x442c0000,262144
13101,bandwidth_monster,0,READ,0x44300000,262144
13101,victim2,2,READ,0x20000148000,4096
13104,bandwidth_monster,0,WRITE,0x44340000,262144
13106,bandwidth_monster,0,WRITE,0x44380000,262144
13108,bandwidth_monster,0,READ,0x443c0000,262144
13111,victim3,3,READ,0x3000014c000,4096
13112,bandwidth_monster,0,READ,0x44400000,262144
13116,bandwidth_monster,0,WRITE,0x44440000,262144
13117,bandwidth_monster,0,WRITE,0x44480000,262144
13120,bandwidth_monster,0,READ,0x444c0000,262144
13122,victim1,1,READ,0x10000142000,4096
13125,bandwidth_monster,0,WRITE,0x44500000,262144
13130,bandwidth_monster,0,WRITE,0x44540000,262144
13134,bandwidth_monster,0,WRITE,0x44580000,262144
13137,bandwidth_monster,0,WRITE,0x445c0000,262144
13140,bandwidth_monster,0,READ,0x44600000,262144
13143,bandwidth_monster,0,WRITE,0x44640000,262144
13147,bandwidth_monster,0,READ,0x44680000,262144
13148,victim1,1,READ,0x10000143000,4096
13150,bandwidth_monster,0,WRITE,0x446c0000,262144
13152,bandwidth_monster,0,READ,0x44700000,262144
13153,victim2,2,READ,0x20000149000,4096
13157,bandwidth_monster,0,WRITE,0x44740000,262144
13161,bandwidth_monster,0,WRITE,0x44780000,262144
13163,bandwidth_monster,0,WRITE,0x447c0000,262144
13167,bandwidth_monster,0,WRITE,0x44800000,262144
13170,victim3,3,READ,0x3000014d000,4096
13172,bandwidth_monster,0,READ,0x44840000,262144
13174,bandwidth_monster,0,WRITE,0x44880000,262144
13178,bandwidth_monster,0,WRITE,0x448c0000,262144
13179,bandwidth_monster,0,WRITE,0x44900000,262144
13180,bandwidth_monster,0,WRITE,0x44940000,262144
13180,victim1,1,READ,0x10000144000,4096
13181,bandwidth_monster,0,WRITE,0x44980000,262144
13184,bandwidth_monster,0,WRITE,0x449c0000,262144
13186,bandwidth_monster,0,READ,0x44a00000,262144
13189,victim2,2,READ,0x2000014a000,4096
13191,bandwidth_monster,0,READ,0x44a40000,262144
13192,bandwidth_monster,0,READ,0x44a80000,262144
13193,bandwidth_monster,0,WRITE,0x44ac0000,262144
13194,bandwidth_monster,0,WRITE,0x44b00000,262144
13195,bandwidth_monster,0,READ,0x44b40000,262144
13199,bandwidth_monster,0,WRITE,0x44b80000,262144
13201,bandwidth_monster,0,WRITE,0x44bc0000,262144
13202,bandwidth_monster,0,WRITE,0x44c00000,262144
13206,bandwidth_monster,0,READ,0x44c40000,262144
13209,bandwidth_monster,0,WRITE,0x44c80000,262144
13214,bandwidth_monster,0,WRITE,0x44cc0000,262144
13216,bandwidth_monster,0,WRITE,0x44d00000,262144
13216,victim2,2,READ,0x2000014b000,4096
13218,victim3,3,READ,0x3000014e000,4096
13219,bandwidth_monster,0,READ,0x44d40000,262144
13220,victim1,1,READ,0x10000145000,4096
13221,bandwidth_monster,0,READ,0x44d80000,262144
13225,bandwidth_monster,0,READ,0x44dc0000,262144
13228,bandwidth_monster,0,WRITE,0x44e00000,262144
13229,bandwidth_monster,0,WRITE,0x44e40000,262144
13233,bandwidth_monster,0,WRITE,0x44e80000,262144
13234,bandwidth_monster,0,WRITE,0x44ec0000,262144
13239,bandwidth_monster,0,WRITE,0x44f00000,262144
13244,bandwidth_monster,0,WRITE,0x44f40000,262144
13248,bandwidth_monster,0,WRITE,0x44f80000,262144
13250,bandwidth_monster,0,READ,0x44fc0000,262144
13251,bandwidth_monster,0,WRITE,0x45000000,262144
13252,bandwidth_monster,0,WRITE,0x45040000,262144
13252,victim1,1,READ,0x10000146000,4096
13254,bandwidth_monster,0,READ,0x45080000,262144
13255,bandwidth_monster,0,WRITE,0x450c0000,262144
13259,bandwidth_monster,0,READ,0x45100000,262144
13263,bandwidth_monster,0,READ,0x45140000,262144
13263,victim2,2,READ,0x2000014c000,4096
13263,victim3,3,READ,0x3000014f000,4096
13265,bandwidth_monster,0,WRITE,0x45180000,262144
13266,bandwidth_monster,0,WRITE,0x451c0000,262144
13270,bandwidth_monster,0,WRITE,0x45200000,262144
13272,victim1,1,WRITE,0x10000147000,4096
13275,bandwidth_monster,0,READ,0x45240000,262144
13280,bandwidth_monster,0,WRITE,0x45280000,262144
13283,bandwidth_monster,0,WRITE,0x452c0000,262144
13285,bandwidth_monster,0,WRITE,0x45300000,262144
13285,victim2,2,READ,0x2000014d000,4096
13286,bandwidth_monster,0,WRITE,0x45340000,262144
13290,victim3,3,READ,0x30000150000,4096
13291,bandwidth_monster,0,READ,0x45380000,262144
13296,bandwidth_monster,0,WRITE,0x453c0000,262144
13298,bandwidth_monster,0,WRITE,0x45400000,262144
13300,victim1,1,READ,0x10000148000,4096
13302,bandwidth_monster,0,READ,0x45440000,262144
13305,bandwidth_monster,0,READ,0x45480000,262144
13306,bandwidth_monster,0,READ,0x454c0000,262144
13309,bandwidth_monster,0,WRITE,0x45500000,262144
13313,bandwidth_monster,0,READ,0x45540000,262144
13318,bandwidth_monster,0,WRITE,0x45580000,262144
13319,bandwidth_monster,0,READ,0x455c0000,262144
13324,bandwidth_monster,0,WRITE,0x45600000,262144
13325,bandwidth_monster,0,WRITE,0x45640000,262144
13328,bandwidth_monster,0,WRITE,0x45680000,262144
13333,bandwidth_monster,0,WRITE,0x456c0000,262144
13334,bandwidth_monster,0,READ,0x45700000,262144
13335,bandwidth_monster,0,WRITE,0x45740000,262144
13336,victim3,3,READ,0x30000151000,4096
13337,bandwidth_monster,0,READ,0x45780000,262144
13337,victim2,2,READ,0x2000014e000,4096
13338,bandwidth_monster,0,READ,0x457c0000,262144
13341,bandwidth_monster,0,WRITE,0x45800000,262144
13343,bandwidth_monster,0,READ,0x45840000,262144
13348,bandwidth_monster,0,WRITE,0x45880000,262144
13353,bandwidth_monster,0,READ,0x458c0000,262144
13358,bandwidth_monster,0,WRITE,0x45900000,262144
13359,bandwidth_monster,0,WRITE,0x45940000,262144
13359,victim1,1,READ,0x10000149000,4096
13361,bandwidth_monster,0,READ,0x45980000,262144
13364,bandwidth_monster,0,WRITE,0x459c0000,262144
13368,bandwidth_monster,0,READ,0x45a00000,262144
13371,bandwidth_monster,0,WRITE,0x45a40000,262144
13372,bandwidth_monster,0,WRITE,0x45a80000,262144
13373,bandwidth_monster,0,READ,0x45ac0000,262144
13374,bandwidth_monster,0,READ,0x45b00000,262144
13376,victim2,2,WRITE,0x2000014f000,4096
13379,bandwidth_monster,0,WRITE,0x45b40000,262144
13380,victim1,1,READ,0x1000014a000,4096
13384,bandwidth_monster,0,WRITE,0x45b80000,262144
13389,bandwidth_monster,0,READ,0x45bc0000,262144
13389,victim3,3,READ,0x30000152000,4096
13392,bandwidth_monster,0,WRITE,0x45c00000,262144
13393,bandwidth_monster,0,WRITE,0x45c40000,262144
13394,bandwidth_monster,0,WRITE,0x45c80000,262144
13397,bandwidth_monster,0,READ,0x45cc0000,262144
13399,bandwidth_monster,0,READ,0x45d00000,262144
13404,bandwidth_monster,0,WRITE,0x45d40000,262144
13407,bandwidth_monster,0,READ,0x45d80000,262144
13410,bandwidth_monster,0,WRITE,0x45dc0000,262144
13412,bandwidth_monster,0,WRITE,0x45e00000,262144
13413,victim1,1,READ,0x1000014b000,4096
13416,bandwidth_monster,0,WRITE,0x45e40000,262144
13419,bandwidth_monster,0,WRITE,0x45e80000,262144
13421,bandwidth_monster,0,WRITE,0x45ec0000,262144
13424,bandwidth_monster,0,READ,0x45f00000,262144
13426,bandwidth_monster,0,WRITE,0x45f40000,262144
13427,victim3,3,READ,0x30000153000,4096
13429,bandwidth_monster,0,READ,0x45f80000,262144
13432,bandwidth_monster,0,WRITE,0x45fc0000,262144
13433,victim2,2,READ,0x20000150000,4096
13436,bandwidth_monster,0,WRITE,0x46000000,262144
13439,bandwidth_monster,0,WRITE,0x46040000,262144
13441,bandwidth_monster,0,WRITE,0x46080000,262144
13446,bandwidth_monster,0,READ,0x460c0000,262144
13451,bandwidth_monster,0,WRITE,0x46100000,262144
13452,bandwidth_monster,0,WRITE,0x46140000,262144
13456,bandwidth_monster,0,WRITE,0x46180000,262144
13461,bandwidth_monster,0,WRITE,0x461c0000,262144
13463,bandwidth_monster,0,WRITE,0x46200000,262144
13463,victim1,1,READ,0x1000014c000,4096
13467,bandwidth_monster,0,READ,0x46240000,262144
13471,bandwidth_monster,0,READ,0x46280000,262144
13472,victim2,2,READ,0x20000151000,4096
13474,bandwidth_monster,0,WRITE,0x462c0000,262144
13476,bandwidth_monster,0,READ,0x46300000,262144
13479,bandwidth_monster,0,WRITE,0x46340000,262144
13480,victim3,3,READ,0x30000154000,4096
13481,bandwidth_monster,0,READ,0x46380000,262144
13485,bandwidth_monster,0,READ,0x463c0000,262144
13490,bandwidth_monster,0,READ,0x46400000,262144
13495,bandwidth_monster,0,WRITE,0x46440000,262144
13500,bandwidth_monster,0,READ,0x46480000,262144
13504,bandwidth_monster,0,READ,0x464c0000,262144
13505,bandwidth_monster,0,WRITE,0x46500000,262144
13507,bandwidth_monster,0,WRITE,0x46540000,262144
13507,victim2,2,READ,0x20000152000,4096
13511,bandwidth_monster,0,WRITE,0x46580000,262144
13514,bandwidth_monster,0,WRITE,0x465c0000,262144
13519,bandwidth_monster,0,READ,0x46600000,262144
13521,victim1,1,READ,0x1000014d000,4096
13523,bandwidth_monster,0,WRITE,0x46640000,262144
13528,bandwidth_monster,0,WRITE,0x46680000,262144
13528,victim2,2,WRITE,0x20000153000,4096
13530,bandwidth_monster,0,WRITE,0x466c0000,262144
13530,victim3,3,WRITE,0x30000155000,4096
13531,bandwidth_monster,0,WRITE,0x46700000,262144
13534,bandwidth_monster,0,WRITE,0x46740000,262144
13536,bandwidth_monster,0,WRITE,0x46780000,262144
13539,bandwidth_monster,0,WRITE,0x467c0000,262144
13541,bandwidth_monster,0,WRITE,0x46800000,262144
13546,bandwidth_monster,0,READ,0x46840000,262144
13551,bandwidth_monster,0,WRITE,0x46880000,262144
13551,victim1,1,READ,0x1000014e000,4096
13553,bandwidth_monster,0,READ,0x468c0000,262144
13558,bandwidth_monster,0,WRITE,0x46900000,262144
13559,bandwidth_monster,0,WRITE,0x46940000,262144
13561,bandwidth_monster,0,WRITE,0x46980000,262144
13566,bandwidth_monster,0,READ,0x469c0000,262144
13570,bandwidth_monster,0,WRITE,0x46a00000,262144
13572,victim1,1,READ,0x1000014f000,4096
13574,bandwidth_monster,0,WRITE,0x46a40000,262144
13576,bandwidth_monster,0,WRITE,0x46a80000,262144
13580,bandwidth_monster,0,WRITE,0x46ac0000,262144
13582,victim3,3,READ,0x30000156000,4096
13584,bandwidth_monster,0,WRITE,0x46b00000,262144
13585,victim2,2,READ,0x20000154000,4096
13589,bandwidth_monster,0,WRITE,0x46b40000,262144
13593,bandwidth_monster,0,WRITE,0x46b80000,262144
13597,bandwidth_monster,0,WRITE,0x46bc0000,262144
13598,bandwidth_monster,0,WRITE,0x46c00000,262144
13600,bandwidth_monster,0,READ,0x46c40000,262144
13604,bandwidth_monster,0,WRITE,0x46c80000,262144
13605,bandwidth_monster,0,WRITE,0x46cc0000,262144
13610,bandwidth_monster,0,WRITE,0x46d00000,262144
13613,bandwidth_monster,0,WRITE,0x46d40000,262144
13614,bandwidth_monster,0,WRITE,0x46d80000,262144
13619,bandwidth_monster,0,WRITE,0x46dc0000,262144
13619,victim3,3,WRITE,0x30000157000,4096
13620,bandwidth_monster,0,WRITE,0x46e00000,262144
13623,victim1,1,WRITE,0x10000150000,4096
13625,bandwidth_monster,0,WRITE,0x46e40000,262144
13627,bandwidth_monster,0,WRITE,0x46e80000,262144
13630,bandwidth_monster,0,READ,0x46ec0000,262144
13630,victim2,2,READ,0x20000155000,4096
13631,bandwidth_monster,0,READ,0x46f00000,262144
13635,bandwidth_monster,0,WRITE,0x46f40000,262144
13639,bandwidth_monster,0,READ,0x46f80000,262144
13642,bandwidth_monster,0,WRITE,0x46fc0000,262144
13643,bandwidth_monster,0,WRITE,0x47000000,262144
13644,bandwidth_monster,0,WRITE,0x47040000,262144
13646,bandwidth_monster,0,WRITE,0x47080000,262144
13647,bandwidth_monster,0,WRITE,0x470c0000,262144
13649,bandwidth_monster,0,READ,0x47100000,262144
13654,bandwidth_monster,0,WRITE,0x47140000,262144
13658,bandwidth_monster,0,WRITE,0x47180000,262144
13662,victim3,3,READ,0x30000158000,4096
13663,bandwidth_monster,0,WRITE,0x471c0000,262144
13667,victim2,2,READ,0x20000156000,4096
13668,bandwidth_monster,0,READ,0x47200000,262144
13670,bandwidth_monster,0,WRITE,0x47240000,262144
13673,bandwidth_monster,0,WRITE,0x47280000,262144
13676,bandwidth_monster,0,WRITE,0x472c0000,262144
13677,bandwidth_monster,0,WRITE,0x47300000,262144
13679,bandwidth_monster,0,READ,0x47340000,262144
13680,bandwidth_monster,0,WRITE,0x47380000,262144
13682,bandwidth_monster,0,READ,0x473c0000,262144
13683,bandwidth_monster,0,WRITE,0x47400000,262144
13683,victim1,1,READ,0x10000151000,4096
13684,bandwidth_monster,0,WRITE,0x47440000,262144
13687,bandwidth_monster,0,WRITE,0x47480000,262144
13689,bandwidth_monster,0,READ,0x474c0000,262144
13692,bandwidth_monster,0,WRITE,0x47500000,262144
13697,bandwidth_monster,0,WRITE,0x47540000,262144
13701,bandwidth_monster,0,WRITE,0x47580000,262144
13705,bandwidth_monster,0,WRITE,0x475c0000,262144
13707,bandwidth_monster,0,WRITE,0x47600000,262144
13710,bandwidth_monster,0,WRITE,0x47640000,262144
13711,bandwidth_monster,0,WRITE,0x47680000,262144
13714,victim3,3,READ,0x30000159000,4096
13715,bandwidth_monster,0,WRITE,0x476c0000,262144
13717,bandwidth_monster,0,WRITE,0x47700000,262144
13717,victim2,2,READ,0x20000157000,4096
13719,victim1,1,READ,0x10000152000,4096
13721,bandwidth_monster,0,WRITE,0x47740000,262144
13725,bandwidth_monster,0,WRITE,0x47780000,262144
13729,bandwidth_monster,0,WRITE,0x477c0000,262144
13730,bandwidth_monster,0,WRITE,0x47800000,262144
13731,bandwidth_monster,0,WRITE,0x47840000,262144
13733,bandwidth_monster,0,WRITE,0x47880000,262144
13738,bandwidth_monster,0,READ,0x478c0000,262144
13738,victim3,3,READ,0x3000015a000,4096
13739,bandwidth_monster,0,WRITE,0x47900000,262144
13741,bandwidth_monster,0,WRITE,0x47940000,262144
13745,bandwidth_monster,0,WRITE,0x47980000,262144
13748,bandwidth_monster,0,WRITE,0x479c0000,262144
13749,bandwidth_monster,0,WRITE,0x47a00000,262144
13752,bandwidth_monster,0,READ,0x47a40000,262144
13753,bandwidth_monster,0,WRITE,0x47a80000,262144
13755,victim1,1,READ,0x10000153000,4096
13756,bandwidth_monster,0,WRITE,0x47ac0000,262144
13761,bandwidth_monster,0,WRITE,0x47b00000,262144
13762,bandwidth_monster,0,READ,0x47b40000,262144
13765,bandwidth_monster,0,WRITE,0x47b80000,262144
13770,bandwidth_monster,0,WRITE,0x47bc0000,262144
13771,bandwidth_monster,0,WRITE,0x47c00000,262144
13771,victim3,3,READ,0x3000015b000,4096
13774,bandwidth_monster,0,WRITE,0x47c40000,262144
13776,victim2,2,WRITE,0x20000158000,4096
13777,bandwidth_monster,0,READ,0x47c80000,262144
13779,victim1,1,READ,0x10000154000,4096
13781,bandwidth_monster,0,WRITE,0x47cc0000,262144
13786,bandwidth_monster,0,WRITE,0x47d00000,262144
13788,bandwidth_monster,0,WRITE,0x47d40000,262144
13791,bandwidth_monster,0,READ,0x47d80000,262144
13793,bandwidth_monster,0,WRITE,0x47dc0000,262144
13795,bandwidth_monster,0,WRITE,0x47e00000,262144
13798,bandwidth_monster,0,WRITE,0x47e40000,262144
13799,bandwidth_monster,0,READ,0x47e80000,262144
13802,bandwidth_monster,0,READ,0x47ec0000,262144
13803,victim3,3,READ,0x3000015c000,4096
13804,bandwidth_monster,0,WRITE,0x47f00000,262144
13808,bandwidth_monster,0,WRITE,0x47f40000,262144
13811,bandwidth_monster,0,READ,0x47f80000,262144
13816,bandwidth_monster,0,WRITE,0x47fc0000,262144
13818,bandwidth_monster,0,WRITE,0x48000000,262144
13822,bandwidth_monster,0,WRITE,0x48040000,262144
13826,victim1,1,READ,0x10000155000,4096
13827,bandwidth_monster,0,WRITE,0x48080000,262144
13831,victim2,2,READ,0x20000159000,4096
13832,bandwidth_monster,0,WRITE,0x480c0000,262144
13836,bandwidth_monster,0,WRITE,0x48100000,262144
13837,bandwidth_monster,0,WRITE,0x48140000,262144
13841,bandwidth_monster,0,WRITE,0x48180000,262144
13844,bandwidth_monster,0,READ,0x481c0000,262144
13848,bandwidth_monster,0,WRITE,0x48200000,262144
13853,bandwidth_monster,0,WRITE,0x48240000,262144
13854,bandwidth_monster,0,READ,0x48280000,262144
13858,victim3,3,READ,0x3000015d000,4096
13859,bandwidth_monster,0,WRITE,0x482c0000,262144
13861,bandwidth_monster,0,WRITE,0x48300000,262144
13863,bandwidth_monster,0,WRITE,0x48340000,262144
13864,bandwidth_monster,0,WRITE,0x48380000,262144
13869,bandwidth_monster,0,READ,0x483c0000,262144
13873,bandwidth_monster,0,WRITE,0x48400000,262144
13875,victim1,1,READ,0x10000156000,4096
13876,bandwidth_monster,0,WRITE,0x48440000,262144
13879,victim2,2,READ,0x2000015a000,4096
13881,bandwidth_monster,0,READ,0x48480000,262144
13883,victim3,3,READ,0x3000015e000,4096
13886,bandwidth_monster,0,WRITE,0x484c0000,262144
13891,bandwidth_monster,0,READ,0x48500000,262144
13895,bandwidth_monster,0,WRITE,0x48540000,262144
13899,bandwidth_monster,0,READ,0x48580000,262144
13902,bandwidth_monster,0,WRITE,0x485c0000,262144
13906,bandwidth_monster,0,READ,0x48600000,262144
13908,bandwidth_monster,0,WRITE,0x48640000,262144
13913,bandwidth_monster,0,WRITE,0x48680000,262144
13914,victim2,2,READ,0x2000015b000,4096
13916,bandwidth_monster,0,READ,0x486c0000,262144
13919,bandwidth_monster,0,WRITE,0x48700000,262144
13920,bandwidth_monster,0,WRITE,0x48740000,262144
13923,victim1,1,READ,0x10000157000,4096
13924,bandwidth_monster,0,READ,0x48780000,262144
13928,bandwidth_monster,0,READ,0x487c0000,262144
13929,bandwidth_monster,0,READ,0x48800000,262144
13930,bandwidth_monster,0,WRITE,0x48840000,262144
13932,bandwidth_monster,0,READ,0x48880000,262144
13934,bandwidth_monster,0,WRITE,0x488c0000,262144
13939,bandwidth_monster,0,WRITE,0x48900000,262144
13943,bandwidth_monster,0,READ,0x48940000,262144
13943,victim3,3,READ,0x3000015f000,4096
13945,bandwidth_monster,0,WRITE,0x48980000,262144
13945,victim1,1,WRITE,0x10000158000,4096
13947,bandwidth_monster,0,WRITE,0x489c0000,262144
13951,bandwidth_monster,0,READ,0x48a00000,262144
13956,bandwidth_monster,0,WRITE,0x48a40000,262144
13961,bandwidth_monster,0,WRITE,0x48a80000,262144
13966,bandwidth_monster,0,WRITE,0x48ac0000,262144
13967,victim2,2,READ,0x2000015c000,4096
13968,bandwidth_monster,0,READ,0x48b00000,262144
13971,bandwidth_monster,0,WRITE,0x48b40000,262144
13972,bandwidth_monster,0,WRITE,0x48b80000,262144
13977,bandwidth_monster,0,WRITE,0x48bc0000,262144
13981,bandwidth_monster,0,WRITE,0x48c00000,262144
13986,bandwidth_monster,0,READ,0x48c40000,262144
13987,bandwidth_monster,0,WRITE,0x48c80000,262144
13989,bandwidth_monster,0,WRITE,0x48cc0000,262144
13992,bandwidth_monster,0,WRITE,0x48d00000,262144
13993,victim3,3,READ,0x30000160000,4096
13994,victim1,1,READ,0x10000159000,4096
13997,bandwidth_monster,0,WRITE,0x48d40000,262144
13998,bandwidth_monster,0,WRITE,0x48d80000,262144
14000,bandwidth_monster,0,READ,0x48dc0000,262144
14003,bandwidth_monster,0,WRITE,0x48e00000,262144
14004,bandwidth_monster,0,WRITE,0x48e40000,262144
14006,bandwidth_monster,0,WRITE,0x48e80000,262144
14009,bandwidth_monster,0,WRITE,0x48ec0000,262144
14012,bandwidth_monster,0,READ,0x48f00000,262144
14013,bandwidth_monster,0,READ,0x48f40000,262144
14015,victim1,1,READ,0x1000015a000,4096
14016,bandwidth_monster,0,WRITE,0x48f80000,262144
14021,bandwidth_monster,0,WRITE,0x48fc0000,262144
14021,victim2,2,READ,0x2000015d000,4096
14022,bandwidth_monster,0,WRITE,0x49000000,262144
14024,bandwidth_monster,0,READ,0x49040000,262144
14026,bandwidth_monster,0,READ,0x49080000,262144
14029,bandwidth_monster,0,READ,0x490c0000,262144
14033,bandwidth_monster,0,READ,0x49100000,262144
14036,bandwidth_monster,0,READ,0x49140000,262144
14037,bandwidth_monster,0,WRITE,0x49180000,262144
14040,bandwidth_monster,0,WRITE,0x491c0000,262144
14041,bandwidth_monster,0,WRITE,0x49200000,262144
14041,victim3,3,READ,0x30000161000,4096
14043,bandwidth_monster,0,WRITE,0x49240000,262144
14044,bandwidth_monster,0,WRITE,0x49280000,262144
14045,victim2,2,READ,0x2000015e000,4096
14047,bandwidth_monster,0,WRITE,0x492c0000,262144
14050,bandwidth_monster,0,WRITE,0x49300000,262144
14051,bandwidth_monster,0,WRITE,0x49340000,262144
14054,bandwidth_monster,0,WRITE,0x49380000,262144
14057,bandwidth_monster,0,WRITE,0x493c0000,262144
14060,bandwidth_monster,0,READ,0x49400000,262144
14062,bandwidth_monster,0,WRITE,0x49440000,262144
14066,bandwidth_monster,0,WRITE,0x49480000,262144
14070,bandwidth_monster,0,READ,0x494c0000,262144
14072,bandwidth_monster,0,READ,0x49500000,262144
14074,bandwidth_monster,0,WRITE,0x49540000,262144
14074,victim1,1,READ,0x1000015b000,4096
14075,bandwidth_monster,0,WRITE,0x49580000,262144
14078,victim2,2,READ,0x2000015f000,4096
14079,bandwidth_monster,0,READ,0x495c0000,262144
14081,victim3,3,WRITE,0x30000162000,4096
14084,bandwidth_monster,0,WRITE,0x49600000,262144
14087,bandwidth_monster,0,WRITE,0x49640000,262144
14090,bandwidth_monster,0,WRITE,0x49680000,262144
14094,bandwidth_monster,0,WRITE,0x496c0000,262144
14096,bandwidth_monster,0,WRITE,0x49700000,262144
14097,victim1,1,READ,0x1000015c000,4096
14099,bandwidth_monster,0,WRITE,0x49740000,262144
14100,bandwidth_monster,0,WRITE,0x49780000,262144
14101,bandwidth_monster,0,WRITE,0x497c0000,262144
14105,bandwidth_monster,0,READ,0x49800000,262144
14107,bandwidth_monster,0,READ,0x49840000,262144
14112,bandwidth_monster,0,WRITE,0x49880000,262144
14113,bandwidth_monster,0,WRITE,0x498c0000,262144
14115,bandwidth_monster,0,WRITE,0x49900000,262144
14116,bandwidth_monster,0,READ,0x49940000,262144
14120,bandwidth_monster,0,WRITE,0x49980000,262144
14124,bandwidth_monster,0,WRITE,0x499c0000,262144
14124,victim3,3,READ,0x30000163000,4096
14126,victim1,1,READ,0x1000015d000,4096
14126,victim2,2,READ,0x20000160000,4096
14128,bandwidth_monster,0,READ,0x49a00000,262144
14133,bandwidth_monster,0,WRITE,0x49a40000,262144
14138,bandwidth_monster,0,READ,0x49a80000,262144
14143,bandwidth_monster,0,WRITE,0x49ac0000,262144
14144,bandwidth_monster,0,WRITE,0x49b00000,262144
14148,bandwidth_monster,0,READ,0x49b40000,262144
14149,bandwidth_monster,0,WRITE,0x49b80000,262144
14150,victim3,3,WRITE,0x30000164000,4096
14153,bandwidth_monster,0,READ,0x49bc0000,262144
14157,bandwidth_monster,0,READ,0x49c00000,262144
14157,victim1,1,READ,0x1000015e000,4096
14159,bandwidth_monster,0,WRITE,0x49c40000,262144
14164,bandwidth_monster,0,WRITE,0x49c80000,262144
14168,victim2,2,READ,0x20000161000,4096
14169,bandwidth_monster,0,READ,0x49cc0000,262144
14173,bandwidth_monster,0,WRITE,0x49d00000,262144
14178,bandwidth_monster,0,WRITE,0x49d40000,262144
14183,bandwidth_monster,0,WRITE,0x49d80000,262144
14185,victim3,3,READ,0x30000165000,4096
14187,bandwidth_monster,0,WRITE,0x49dc0000,262144
14189,bandwidth_monster,0,WRITE,0x49e00000,262144
14192,bandwidth_monster,0,READ,0x49e40000,262144
14193,bandwidth_monster,0,WRITE,0x49e80000,262144
14197,bandwidth_monster,0,WRITE,0x49ec0000,262144
14198,bandwidth_monster,0,READ,0x49f00000,262144
14199,bandwidth_monster,0,READ,0x49f40000,262144
14199,victim1,1,READ,0x1000015f000,4096
14199,victim2,2,READ,0x20000162000,4096
14200,bandwidth_monster,0,WRITE,0x49f80000,262144
14201,bandwidth_monster,0,WRITE,0x49fc0000,262144
14202,bandwidth_monster,0,READ,0x4a000000,262144
14203,bandwidth_monster,0,WRITE,0x4a040000,262144
14204,bandwidth_monster,0,READ,0x4a080000,262144
14209,bandwidth_monster,0,WRITE,0x4a0c0000,262144
14210,victim3,3,READ,0x30000166000,4096
14214,bandwidth_monster,0,WRITE,0x4a100000,262144
14217,bandwidth_monster,0,WRITE,0x4a140000,262144
14221,bandwidth_monster,0,WRITE,0x4a180000,262144
14223,bandwidth_monster,0,WRITE,0x4a1c0000,262144
14228,bandwidth_monster,0,WRITE,0x4a200000,262144
14232,bandwidth_monster,0,WRITE,0x4a240000,262144
14234,bandwidth_monster,0,READ,0x4a280000,262144
14235,bandwidth_monster,0,WRITE,0x4a2c0000,262144
14239,bandwidth_monster,0,WRITE,0x4a300000,262144
14241,bandwidth_monster,0,WRITE,0x4a340000,262144
14243,bandwidth_monster,0,WRITE,0x4a380000,262144
14246,victim2,2,READ,0x20000163000,4096
14247,bandwidth_monster,0,WRITE,0x4a3c0000,262144
14247,victim3,3,READ,0x30000167000,4096
14248,bandwidth_monster,0,READ,0x4a400000,262144
14251,bandwidth_monster,0,READ,0x4a440000,262144
14252,bandwidth_monster,0,WRITE,0x4a480000,262144
14252,victim1,1,READ,0x10000160000,4096
14255,bandwidth_monster,0,WRITE,0x4a4c0000,262144
14260,bandwidth_monster,0,WRITE,0x4a500000,262144
14265,bandwidth_monster,0,READ,0x4a540000,262144
14270,bandwidth_monster,0,WRITE,0x4a580000,262144
14271,bandwidth_monster,0,READ,0x4a5c0000,262144
14271,victim2,2,READ,0x20000164000,4096
14272,bandwidth_monster,0,WRITE,0x4a600000,262144
14277,bandwidth_monster,0,WRITE,0x4a640000,262144
14279,bandwidth_monster,0,READ,0x4a680000,262144
14280,bandwidth_monster,0,WRITE,0x4a6c0000,262144
14280,victim1,1,READ,0x10000161000,4096
14282,bandwidth_monster,0,READ,0x4a700000,262144
14283,bandwidth_monster,0,WRITE,0x4a740000,262144
14284,victim3,3,READ,0x30000168000,4096
14287,bandwidth_monster,0,WRITE,0x4a780000,262144
14290,bandwidth_monster,0,READ,0x4a7c0000,262144
14295,bandwidth_monster,0,READ,0x4a800000,262144
14299,victim2,2,READ,0x20000165000,4096
14300,bandwidth_monster,0,READ,0x4a840000,262144
14305,bandwidth_monster,0,WRITE,0x4a880000,262144
14307,bandwidth_monster,0,WRITE,0x4a8c0000,262144
14309,bandwidth_monster,0,WRITE,0x4a900000,262144
14313,bandwidth_monster,0,WRITE,0x4a940000,262144
14314,bandwidth_monster,0,WRITE,0x4a980000,262144
14316,bandwidth_monster,0,READ,0x4a9c0000,262144
14316,victim3,3,READ,0x30000169000,4096
14319,bandwidth_monster,0,WRITE,0x4aa00000,262144
14320,bandwidth_monster,0,READ,0x4aa40000,262144
14321,bandwidth_monster,0,WRITE,0x4aa80000,262144
14324,bandwidth_monster,0,WRITE,0x4aac0000,262144
14329,bandwidth_monster,0,WRITE,0x4ab00000,262144
14334,bandwidth_monster,0,READ,0x4ab40000,262144
14335,victim1,1,READ,0x10000162000,4096
14337,bandwidth_monster,0,WRITE,0x4ab80000,262144
14337,victim2,2,READ,0x20000166000,4096
14342,bandwidth_monster,0,WRITE,0x4abc0000,262144
14347,bandwidth_monster,0,WRITE,0x4ac00000,262144
14352,bandwidth_monster,0,WRITE,0x4ac40000,262144
14355,bandwidth_monster,0,WRITE,0x4ac80000,262144
14355,victim3,3,READ,0x3000016a000,4096
14360,bandwidth_monster,0,READ,0x4acc0000,262144
14365,bandwidth_monster,0,WRITE,0x4ad00000,262144
14370,bandwidth_monster,0,WRITE,0x4ad40000,262144
14371,bandwidth_monster,0,READ,0x4ad80000,262144
14372,bandwidth_monster,0,WRITE,0x4adc0000,262144
14376,bandwidth_monster,0,WRITE,0x4ae00000,262144
14378,bandwidth_monster,0,READ,0x4ae40000,262144
14379,bandwidth_monster,0,READ,0x4ae80000,262144
14379,victim1,1,READ,0x10000163000,4096
14383,bandwidth_monster,0,READ,0x4aec0000,262144
14384,bandwidth_monster,0,READ,0x4af00000,262144
14386,bandwidth_monster,0,READ,0x4af40000,262144
14390,bandwidth_monster,0,READ,0x4af80000,262144
14391,bandwidth_monster,0,WRITE,0x4afc0000,262144
14391,victim3,3,READ,0x3000016b000,4096
14396,bandwidth_monster,0,WRITE,0x4b000000,262144
14396,victim2,2,READ,0x20000167000,4096
14399,bandwidth_monster,0,WRITE,0x4b040000,262144
14404,bandwidth_monster,0,WRITE,0x4b080000,262144
14409,bandwidth_monster,0,WRITE,0x4b0c0000,262144
14412,bandwidth_monster,0,WRITE,0x4b100000,262144
14416,bandwidth_monster,0,WRITE,0x4b140000,262144
14419,bandwidth_monster,0,WRITE,0x4b180000,262144
14421,bandwidth_monster,0,READ,0x4b1c0000,262144
14423,bandwidth_monster,0,READ,0x4b200000,262144
14424,bandwidth_monster,0,WRITE,0x4b240000,262144
14427,bandwidth_monster,0,WRITE,0x4b280000,262144
14428,bandwidth_monster,0,WRITE,0x4b2c0000,262144
14432,bandwidth_monster,0,READ,0x4b300000,262144
14435,victim1,1,READ,0x10000164000,4096
14437,bandwidth_monster,0,WRITE,0x4b340000,262144
14440,victim2,2,WRITE,0x20000168000,4096
14442,bandwidth_monster,0,WRITE,0x4b380000,262144
14445,victim3,3,READ,0x3000016c000,4096
14446,bandwidth_monster,0,WRITE,0x4b3c0000,262144
14449,bandwidth_monster,0,WRITE,0x4b400000,262144
14452,bandwidth_monster,0,WRITE,0x4b440000,262144
14453,bandwidth_monster,0,READ,0x4b480000,262144
14456,bandwidth_monster,0,WRITE,0x4b4c0000,262144
14461,bandwidth_monster,0,READ,0x4b500000,262144
14461,victim2,2,READ,0x20000169000,4096
14463,bandwidth_monster,0,WRITE,0x4b540000,262144
14468,bandwidth_monster,0,WRITE,0x4b580000,262144
14472,bandwidth_monster,0,WRITE,0x4b5c0000,262144
14474,bandwidth_monster,0,WRITE,0x4b600000,262144
14474,victim3,3,READ,0x3000016d000,4096
14476,bandwidth_monster,0,READ,0x4b640000,262144
14480,bandwidth_monster,0,WRITE,0x4b680000,262144
14481,bandwidth_monster,0,WRITE,0x4b6c0000,262144
14485,bandwidth_monster,0,WRITE,0x4b700000,262144
14486,bandwidth_monster,0,WRITE,0x4b740000,262144
14489,bandwidth_monster,0,WRITE,0x4b780000,262144
14491,bandwidth_monster,0,WRITE,0x4b7c0000,262144
14491,victim1,1,READ,0x10000165000,4096
14492,bandwidth_monster,0,WRITE,0x4b800000,262144
14496,bandwidth_monster,0,READ,0x4b840000,262144
14501,bandwidth_monster,0,READ,0x4b880000,262144
14502,bandwidth_monster,0,WRITE,0x4b8c0000,262144
14506,bandwidth_monster,0,WRITE,0x4b900000,262144
14506,victim2,2,READ,0x2000016a000,4096
14509,bandwidth_monster,0,WRITE,0x4b940000,262144
14511,bandwidth_monster,0,WRITE,0x4b980000,262144
14515,bandwidth_monster,0,WRITE,0x4b9c0000,262144
14517,bandwidth_monster,0,WRITE,0x4ba00000,262144
14519,bandwidth_monster,0,READ,0x4ba40000,262144
14522,victim3,3,WRITE,0x3000016e000,4096
14523,bandwidth_monster,0,WRITE,0x4ba80000,262144
14524,bandwidth_monster,0,READ,0x4bac0000,262144
14529,bandwidth_monster,0,READ,0x4bb00000,262144
14530,victim1,1,READ,0x10000166000,4096
14534,bandwidth_monster,0,READ,0x4bb40000,262144
14535,bandwidth_monster,0,WRITE,0x4bb80000,262144
14536,victim2,2,READ,0x2000016b000,4096
14537,bandwidth_monster,0,WRITE,0x4bbc0000,262144
14542,bandwidth_monster,0,WRITE,0x4bc00000,262144
14545,victim3,3,READ,0x3000016f000,4096
14546,bandwidth_monster,0,WRITE,0x4bc40000,262144
14548,bandwidth_monster,0,WRITE,0x4bc80000,262144
14549,bandwidth_monster,0,WRITE,0x4bcc0000,262144
14554,bandwidth_monster,0,READ,0x4bd00000,262144
14558,bandwidth_monster,0,READ,0x4bd40000,262144
14562,bandwidth_monster,0,READ,0x4bd80000,262144
14563,bandwidth_monster,0,READ,0x4bdc0000,262144
14566,victim1,1,READ,0x10000167000,4096
14568,bandwidth_monster,0,WRITE,0x4be00000,262144
14573,bandwidth_monster,0,WRITE,0x4be40000,262144
14578,bandwidth_monster,0,WRITE,0x4be80000,262144
14582,bandwidth_monster,0,WRITE,0x4bec0000,262144
14583,bandwidth_monster,0,WRITE,0x4bf00000,262144
14586,bandwidth_monster,0,WRITE,0x4bf40000,262144
14587,bandwidth_monster,0,WRITE,0x4bf80000,262144
14588,bandwidth_monster,0,READ,0x4bfc0000,262144
14589,bandwidth_monster,0,READ,0x4c000000,262144
14594,bandwidth_monster,0,READ,0x4c040000,262144
14595,victim2,2,READ,0x2000016c000,4096
14596,bandwidth_monster,0,READ,0x4c080000,262144
14596,victim3,3,READ,0x30000170000,4096
14597,bandwidth_monster,0,WRITE,0x4c0c0000,262144
14602,bandwidth_monster,0,WRITE,0x4c100000,262144
14603,bandwidth_monster,0,READ,0x4c140000,262144
14608,bandwidth_monster,0,WRITE,0x4c180000,262144
14611,bandwidth_monster,0,WRITE,0x4c1c0000,262144
14613,bandwidth_monster,0,READ,0x4c200000,262144
14615,bandwidth_monster,0,WRITE,0x4c240000,262144
14620,bandwidth_monster,0,WRITE,0x4c280000,262144
14621,victim1,1,READ,0x10000168000,4096
14624,bandwidth_monster,0,READ,0x4c2c0000,262144
14628,victim3,3,WRITE,0x30000171000,4096
14629,bandwidth_monster,0,READ,0x4c300000,262144
14633,bandwidth_monster,0,READ,0x4c340000,262144
14635,bandwidth_monster,0,WRITE,0x4c380000,262144
14640,bandwidth_monster,0,WRITE,0x4c3c0000,262144
14644,bandwidth_monster,0,WRITE,0x4c400000,262144
14649,bandwidth_monster,0,WRITE,0x4c440000,262144
14649,victim2,2,READ,0x2000016d000,4096
14653,bandwidth_monster,0,READ,0x4c480000,262144
14657,bandwidth_monster,0,WRITE,0x4c4c0000,262144
14660,bandwidth_monster,0,WRITE,0x4c500000,262144
14662,victim3,3,READ,0x30000172000,4096
14665,bandwidth_monster,0,WRITE,0x4c540000,262144
14667,victim1,1,READ,0x10000169000,4096
14668,bandwidth_monster,0,READ,0x4c580000,262144
14673,bandwidth_monster,0,WRITE,0x4c5c0000,262144
14675,bandwidth_monster,0,WRITE,0x4c600000,262144
14676,bandwidth_monster,0,WRITE,0x4c640000,262144
14678,bandwidth_monster,0,WRITE,0x4c680000,262144
14682,bandwidth_monster,0,WRITE,0x4c6c0000,262144
14683,bandwidth_monster,0,WRITE,0x4c700000,262144
14685,bandwidth_monster,0,READ,0x4c740000,262144
14689,bandwidth_monster,0,WRITE,0x4c780000,262144
14691,victim3,3,READ,0x30000173000,4096
14692,bandwidth_monster,0,WRITE,0x4c7c0000,262144
14694,victim1,1,WRITE,0x1000016a000,4096
14696,bandwidth_monster,0,WRITE,0x4c800000,262144
14700,bandwidth_monster,0,READ,0x4c840000,262144
14700,victim2,2,READ,0x2000016e000,4096
14705,bandwidth_monster,0,WRITE,0x4c880000,262144
14710,bandwidth_monster,0,WRITE,0x4c8c0000,262144
14712,bandwidth_monster,0,WRITE,0x4c900000,262144
14713,victim3,3,READ,0x30000174000,4096
14715,victim1,1,READ,0x1000016b000,4096
14717,bandwidth_monster,0,WRITE,0x4c940000,262144
14719,bandwidth_monster,0,WRITE,0x4c980000,262144
14723,bandwidth_monster,0,WRITE,0x4c9c0000,262144
14728,bandwidth_monster,0,WRITE,0x4ca00000,262144
14728,victim2,2,READ,0x2000016f000,4096
14730,bandwidth_monster,0,WRITE,0x4ca40000,262144
14735,bandwidth_monster,0,READ,0x4ca80000,262144
14736,bandwidth_monster,0,WRITE,0x4cac0000,262144
14738,bandwidth_monster,0,WRITE,0x4cb00000,262144
14739,victim1,1,WRITE,0x1000016c000,4096
14743,bandwidth_monster,0,WRITE,0x4cb40000,262144
14745,bandwidth_monster,0,WRITE,0x4cb80000,262144
14746,bandwidth_monster,0,WRITE,0x4cbc0000,262144
14749,bandwidth_monster,0,WRITE,0x4cc00000,262144
14751,bandwidth_monster,0,WRITE,0x4cc40000,262144
14755,bandwidth_monster,0,READ,0x4cc80000,262144
14757,bandwidth_monster,0,WRITE,0x4ccc0000,262144
14759,victim1,1,READ,0x1000016d000,4096
14761,bandwidth_monster,0,READ,0x4cd00000,262144
14762,bandwidth_monster,0,WRITE,0x4cd40000,262144
14764,bandwidth_monster,0,WRITE,0x4cd80000,262144
14765,bandwidth_monster,0,WRITE,0x4cdc0000,262144
14768,bandwidth_monster,0,WRITE,0x4ce00000,262144
14768,victim2,2,READ,0x20000170000,4096
14769,bandwidth_monster,0,WRITE,0x4ce40000,262144
14771,bandwidth_monster,0,WRITE,0x4ce80000,262144
14772,victim3,3,READ,0x30000175000,4096
14776,bandwidth_monster,0,WRITE,0x4cec0000,262144
14780,bandwidth_monster,0,READ,0x4cf00000,262144
14785,bandwidth_monster,0,READ,0x4cf40000,262144
14786,bandwidth_monster,0,READ,0x4cf80000,262144
14789,bandwidth_monster,0,WRITE,0x4cfc0000,262144
14791,victim2,2,READ,0x20000171000,4096
14792,bandwidth_monster,0,WRITE,0x4d000000,262144
14793,bandwidth_monster,0,WRITE,0x4d040000,262144
14794,bandwidth_monster,0,READ,0x4d080000,262144
14798,bandwidth_monster,0,WRITE,0x4d0c0000,262144
14803,bandwidth_monster,0,WRITE,0x4d100000,262144
14803,victim1,1,READ,0x1000016e000,4096
14808,bandwidth_monster,0,READ,0x4d140000,262144
14811,bandwidth_monster,0,WRITE,0x4d180000,262144
14815,bandwidth_monster,0,WRITE,0x4d1c0000,262144
14818,bandwidth_monster,0,WRITE,0x4d200000,262144
14823,bandwidth_monster,0,READ,0x4d240000,262144
14825,victim3,3,READ,0x30000176000,4096
14827,bandwidth_monster,0,WRITE,0x4d280000,262144
14829,bandwidth_monster,0,READ,0x4d2c0000,262144
14833,bandwidth_monster,0,READ,0x4d300000,262144
14834,victim2,2,READ,0x20000172000,4096
14836,bandwidth_monster,0,WRITE,0x4d340000,262144
14839,victim1,1,READ,0x1000016f000,4096
14841,bandwidth_monster,0,READ,0x4d380000,262144
14844,bandwidth_monster,0,READ,0x4d3c0000,262144
14846,bandwidth_monster,0,WRITE,0x4d400000,262144
14849,bandwidth_monster,0,READ,0x4d440000,262144
14852,bandwidth_monster,0,WRITE,0x4d480000,262144
14857,bandwidth_monster,0,WRITE,0x4d4c0000,262144
14861,bandwidth_monster,0,WRITE,0x4d500000,262144
14863,bandwidth_monster,0,WRITE,0x4d540000,262144
14863,victim2,2,READ,0x20000173000,4096
14864,bandwidth_monster,0,READ,0x4d580000,262144
14869,bandwidth_monster,0,WRITE,0x4d5c0000,262144
14872,bandwidth_monster,0,READ,0x4d600000,262144
14874,victim3,3,READ,0x30000177000,4096
14876,bandwidth_monster,0,WRITE,0x4d640000,262144
14881,bandwidth_monster,0,WRITE,0x4d680000,262144
14882,bandwidth_monster,0,WRITE,0x4d6c0000,262144
14884,bandwidth_monster,0,READ,0x4d700000,262144
14885,bandwidth_monster,0,WRITE,0x4d740000,262144
14889,bandwidth_monster,0,WRITE,0x4d780000,262144
14891,bandwidth_monster,0,WRITE,0x4d7c0000,262144
14895,bandwidth_monster,0,READ,0x4d800000,262144
14896,victim2,2,READ,0x20000174000,4096
14899,bandwidth_monster,0,WRITE,0x4d840000,262144
14899,victim1,1,READ,0x10000170000,4096
14902,bandwidth_monster,0,WRITE,0x4d880000,262144
14907,bandwidth_monster,0,READ,0x4d8c0000,262144
14910,bandwidth_monster,0,WRITE,0x4d900000,262144
14915,bandwidth_monster,0,WRITE,0x4d940000,262144
14920,bandwidth_monster,0,WRITE,0x4d980000,262144
14922,victim3,3,READ,0x30000178000,4096
14925,bandwidth_monster,0,WRITE,0x4d9c0000,262144
14926,bandwidth_monster,0,READ,0x4da00000,262144
14930,bandwidth_monster,0,READ,0x4da40000,262144
14933,bandwidth_monster,0,WRITE,0x4da80000,262144
14935,bandwidth_monster,0,WRITE,0x4dac0000,262144
14935,victim1,1,READ,0x10000171000,4096
14937,victim2,2,READ,0x20000175000,4096
14938,bandwidth_monster,0,WRITE,0x4db00000,262144
14939,bandwidth_monster,0,WRITE,0x4db40000,262144
14943,bandwidth_monster,0,WRITE,0x4db80000,262144
14945,bandwidth_monster,0,WRITE,0x4dbc0000,262144
14946,bandwidth_monster,0,WRITE,0x4dc00000,262144
14947,bandwidth_monster,0,WRITE,0x4dc40000,262144
14951,bandwidth_monster,0,WRITE,0x4dc80000,262144
14956,bandwidth_monster,0,WRITE,0x4dcc0000,262144
14960,bandwidth_monster,0,READ,0x4dd00000,262144
14962,bandwidth_monster,0,READ,0x4dd40000,262144
14962,victim3,3,READ,0x30000179000,4096
14965,bandwidth_monster,0,WRITE,0x4dd80000,262144
14970,bandwidth_monster,0,WRITE,0x4ddc0000,262144
14971,victim2,2,READ,0x20000176000,4096
14975,bandwidth_monster,0,WRITE,0x4de00000,262144
14977,bandwidth_monster,0,READ,0x4de40000,262144
14978,bandwidth_monster,0,WRITE,0x4de80000,262144
14983,bandwidth_monster,0,WRITE,0x4dec0000,262144
14985,bandwidth_monster,0,READ,0x4df00000,262144
14988,bandwidth_monster,0,READ,0x4df40000,262144
14989,bandwidth_monster,0,WRITE,0x4df80000,262144
14992,bandwidth_monster,0,WRITE,0x4dfc0000,262144
14993,victim1,1,READ,0x10000172000,4096
14996,bandwidth_monster,0,WRITE,0x4e000000,262144
14999,bandwidth_monster,0,READ,0x4e040000,262144
15001,bandwidth_monster,0,WRITE,0x4e080000,262144
15001,victim3,3,READ,0x3000017a000,4096
15003,bandwidth_monster,0,READ,0x4e0c0000,262144
15003,victim2,2,READ,0x20000177000,4096
15006,bandwidth_monster,0,WRITE,0x4e100000,262144
15010,bandwidth_monster,0,READ,0x4e140000,262144
15015,bandwidth_monster,0,WRITE,0x4e180000,262144
15020,bandwidth_monster,0,READ,0x4e1c0000,262144
15024,victim2,2,READ,0x20000178000,4096
15038,victim1,1,READ,0x10000173000,4096
15049,victim3,3,READ,0x3000017b000,4096
15073,victim2,2,READ,0x20000179000,4096
15079,victim3,3,READ,0x3000017c000,4096
15085,victim1,1,READ,0x10000174000,4096
15093,victim2,2,READ,0x2000017a000,4096
15102,victim3,3,READ,0x3000017d000,4096
15121,victim1,1,READ,0x10000175000,4096
15128,victim3,3,WRITE,0x3000017e000,4096
15132,victim2,2,READ,0x2000017b000,4096
15158,victim2,2,READ,0x2000017c000,4096
15170,victim1,1,READ,0x10000176000,4096
15170,victim3,3,READ,0x3000017f000,4096
15204,victim1,1,READ,0x10000177000,4096
15209,victim2,2,READ,0x2000017d000,4096
15215,victim3,3,READ,0x30000180000,4096
15241,victim1,1,READ,0x10000178000,4096
15245,victim2,2,READ,0x2000017e000,4096
15264,victim3,3,READ,0x30000181000,4096
15265,victim2,2,READ,0x2000017f000,4096
15267,victim1,1,READ,0x10000179000,4096
15289,victim1,1,READ,0x1000017a000,4096
15301,victim2,2,READ,0x20000180000,4096
15313,victim3,3,READ,0x30000182000,4096
15338,victim1,1,READ,0x1000017b000,4096
15342,victim2,2,READ,0x20000181000,4096
15372,victim3,3,READ,0x30000183000,4096
15373,victim1,1,READ,0x1000017c000,4096
15393,victim2,2,READ,0x20000182000,4096
15399,victim3,3,READ,0x30000184000,4096
15415,victim1,1,READ,0x1000017d000,4096
15416,victim2,2,READ,0x20000183000,4096
15443,victim3,3,READ,0x30000185000,4096
15450,victim1,1,READ,0x1000017e000,4096
15466,victim2,2,READ,0x20000184000,4096
15491,victim3,3,READ,0x30000186000,4096
15501,victim2,2,READ,0x20000185000,4096
15502,victim1,1,READ,0x1000017f000,4096
15534,victim3,3,READ,0x30000187000,4096
15545,victim2,2,READ,0x20000186000,4096
15557,victim1,1,READ,0x10000180000,4096
15572,victim3,3,WRITE,0x30000188000,4096
15581,victim1,1,READ,0x10000181000,4096
15587,victim2,2,READ,0x20000187000,4096
15609,victim3,3,READ,0x30000189000,4096
15618,victim2,2,READ,0x20000188000,4096
15632,victim1,1,READ,0x10000182000,4096
15637,victim3,3,READ,0x3000018a000,4096
15655,victim1,1,READ,0x10000183000,4096
15662,victim2,2,READ,0x20000189000,4096
15667,victim3,3,READ,0x3000018b000,4096
15687,victim3,3,READ,0x3000018c000,4096
15692,victim1,1,READ,0x10000184000,4096
15711,victim2,2,READ,0x2000018a000,4096
15723,victim3,3,READ,0x3000018d000,4096
15750,victim1,1,READ,0x10000185000,4096
15750,victim2,2,READ,0x2000018b000,4096
15770,victim3,3,READ,0x3000018e000,4096
15779,victim1,1,READ,0x10000186000,4096
15779,victim2,2,READ,0x2000018c000,4096
15812,victim3,3,READ,0x3000018f000,4096
15816,victim2,2,READ,0x2000018d000,4096
15824,victim1,1,READ,0x10000187000,4096
15865,victim1,1,READ,0x10000188000,4096
15867,victim3,3,READ,0x30000190000,4096
15876,victim2,2,READ,0x2000018e000,4096
15887,victim3,3,READ,0x30000191000,4096
15908,victim2,2,READ,0x2000018f000,4096
15915,victim3,3,READ,0x30000192000,4096
15923,victim1,1,READ,0x10000189000,4096
15929,victim2,2,READ,0x20000190000,4096
15951,victim2,2,READ,0x20000191000,4096
15954,victim1,1,WRITE,0x1000018a000,4096
15974,victim3,3,READ,0x30000193000,4096
15975,victim2,2,READ,0x20000192000,4096
16007,victim1,1,READ,0x1000018b000,4096
16020,victim3,3,READ,0x30000194000,4096
16022,victim2,2,READ,0x20000193000,4096
16047,victim2,2,READ,0x20000194000,4096
16056,victim1,1,READ,0x1000018c000,4096
16080,victim3,3,READ,0x30000195000,4096
16084,victim2,2,READ,0x20000195000,4096
16087,victim1,1,WRITE,0x1000018d000,4096
16116,victim1,1,WRITE,0x1000018e000,4096
16129,victim3,3,READ,0x30000196000,4096
16132,victim2,2,READ,0x20000196000,4096
16158,victim1,1,READ,0x1000018f000,4096
16179,victim2,2,READ,0x20000197000,4096
16184,victim3,3,READ,0x30000197000,4096
16200,victim1,1,READ,0x10000190000,4096
16204,victim2,2,WRITE,0x20000198000,4096
16205,victim3,3,READ,0x30000198000,4096
16240,victim1,1,WRITE,0x10000191000,4096
16241,victim2,2,READ,0x20000199000,4096
16265,victim3,3,READ,0x30000199000,4096
16267,victim1,1,READ,0x10000192000,4096
16274,victim2,2,READ,0x2000019a000,4096
16302,victim3,3,READ,0x3000019a000,4096
16318,victim1,1,READ,0x10000193000,4096
16321,victim2,2,READ,0x2000019b000,4096
16345,victim3,3,WRITE,0x3000019b000,4096
16348,victim2,2,READ,0x2000019c000,4096
16355,victim1,1,READ,0x10000194000,4096
16375,victim1,1,READ,0x10000195000,4096
16390,victim3,3,READ,0x3000019c000,4096
16396,victim2,2,READ,0x2000019d000,4096
16417,victim1,1,READ,0x10000196000,4096
16424,victim3,3,WRITE,0x3000019d000,4096
16439,victim2,2,READ,0x2000019e000,4096
16456,victim3,3,READ,0x3000019e000,4096
16470,victim1,1,WRITE,0x10000197000,4096
16478,victim2,2,READ,0x2000019f000,4096
16495,victim3,3,READ,0x3000019f000,4096
16498,victim2,2,READ,0x200001a0000,4096
16523,victim1,1,READ,0x10000198000,4096
16523,victim2,2,READ,0x200001a1000,4096
16526,victim3,3,READ,0x300001a0000,4096
16560,victim1,1,READ,0x10000199000,4096
16573,victim2,2,READ,0x200001a2000,4096
16573,victim3,3,READ,0x300001a1000,4096
16599,victim2,2,READ,0x200001a3000,4096
16600,victim1,1,READ,0x1000019a000,4096
16600,victim3,3,READ,0x300001a2000,4096
16623,victim1,1,READ,0x1000019b000,4096
16629,victim3,3,READ,0x300001a3000,4096
16640,victim2,2,READ,0x200001a4000,4096
16676,victim3,3,READ,0x300001a4000,4096
16680,victim1,1,READ,0x1000019c000,4096
16693,victim2,2,READ,0x200001a5000,4096
16704,victim1,1,READ,0x1000019d000,4096
16717,victim3,3,READ,0x300001a5000,4096
16721,victim2,2,READ,0x200001a6000,4096
16748,victim3,3,READ,0x300001a6000,4096
16749,victim1,1,READ,0x1000019e000,4096
16770,victim2,2,READ,0x200001a7000,4096
16788,victim3,3,WRITE,0x300001a7000,4096
16804,victim1,1,READ,0x1000019f000,4096
16824,victim2,2,READ,0x200001a8000,4096
16839,victim3,3,READ,0x300001a8000,4096
16856,victim1,1,READ,0x100001a0000,4096
16876,victim2,2,READ,0x200001a9000,4096
16887,victim3,3,READ,0x300001a9000,4096
16897,victim1,1,READ,0x100001a1000,4096
16917,victim2,2,READ,0x200001aa000,4096
16934,victim1,1,READ,0x100001a2000,4096
16942,victim3,3,READ,0x300001aa000,4096
16957,victim1,1,READ,0x100001a3000,4096
16960,victim2,2,READ,0x200001ab000,4096
16966,victim3,3,READ,0x300001ab000,4096
16986,victim2,2,READ,0x200001ac000,4096
16992,victim1,1,READ,0x100001a4000,4096
17004,victim3,3,READ,0x300001ac000,4096
17016,victim2,2,READ,0x200001ad000,4096
17020,victim1,1,READ,0x100001a5000,4096
17042,victim3,3,READ,0x300001ad000,4096
17048,victim1,1,READ,0x100001a6000,4096
17054,victim2,2,READ,0x200001ae000,4096
17069,victim3,3,READ,0x300001ae000,4096
17099,victim1,1,READ,0x100001a7000,4096
17107,victim2,2,READ,0x200001af000,4096
17111,victim3,3,WRITE,0x300001af000,4096
17137,victim1,1,READ,0x100001a8000,4096
17158,victim2,2,READ,0x200001b0000,4096
17161,victim3,3,READ,0x300001b0000,4096
17193,victim1,1,WRITE,0x100001a9000,4096
17215,victim2,2,READ,0x200001b1000,4096
17220,victim3,3,READ,0x300001b1000,4096
17245,victim1,1,READ,0x100001aa000,4096
17250,victim3,3,READ,0x300001b2000,4096
17260,victim2,2,WRITE,0x200001b2000,4096
17286,victim3,3,READ,0x300001b3000,4096
17298,victim2,2,READ,0x200001b3000,4096
17302,victim1,1,READ,0x100001ab000,4096
17335,victim2,2,READ,0x200001b4000,4096
17340,victim3,3,READ,0x300001b4000,4096
17351,victim1,1,READ,0x100001ac000,4096
17373,victim2,2,READ,0x200001b5000,4096
17383,victim1,1,READ,0x100001ad000,4096
17394,victim3,3,READ,0x300001b5000,4096
17418,victim1,1,READ,0x100001ae000,4096
17420,victim2,2,READ,0x200001b6000,4096
17453,victim3,3,WRITE,0x300001b6000,4096
17463,victim1,1,READ,0x100001af000,4096
17478,victim2,2,READ,0x200001b7000,4096
17485,victim1,1,READ,0x100001b0000,4096
17505,victim3,3,READ,0x300001b7000,4096
17514,victim1,1,READ,0x100001b1000,4096
17522,victim2,2,READ,0x200001b8000,4096
17548,victim1,1,READ,0x100001b2000,4096
17555,victim3,3,READ,0x300001b8000,4096
17566,victim2,2,WRITE,0x200001b9000,4096
17585,victim3,3,READ,0x300001b9000,4096
17597,victim2,2,READ,0x200001ba000,4096
17604,victim1,1,READ,0x100001b3000,4096
17640,victim3,3,READ,0x300001ba000,4096
17645,victim2,2,READ,0x200001bb000,4096
17658,victim1,1,READ,0x100001b4000,4096
17663,victim3,3,READ,0x300001bb000,4096
17666,victim2,2,READ,0x200001bc000,4096
17688,victim1,1,READ,0x100001b5000,4096
17696,victim2,2,READ,0x200001bd000,4096
17722,victim3,3,READ,0x300001bc000,4096
17731,victim1,1,READ,0x100001b6000,4096
17744,victim2,2,READ,0x200001be000,4096
17750,victim3,3,READ,0x300001bd000,4096
17770,victim3,3,READ,0x300001be000,4096
17771,victim2,2,READ,0x200001bf000,4096
17773,victim1,1,READ,0x100001b7000,4096
17802,victim2,2,WRITE,0x200001c0000,4096
17811,victim3,3,READ,0x300001bf000,4096
17827,victim1,1,READ,0x100001b8000,4096
17854,victim2,2,READ,0x200001c1000,4096
17859,victim3,3,READ,0x300001c0000,4096
17881,victim2,2,READ,0x200001c2000,4096
17882,victim1,1,READ,0x100001b9000,4096
17907,victim2,2,READ,0x200001c3000,4096
17917,victim3,3,READ,0x300001c1000,4096
17918,victim1,1,READ,0x100001ba000,4096
17959,victim3,3,READ,0x300001c2000,4096
17961,victim2,2,READ,0x200001c4000,4096
17973,victim1,1,WRITE,0x100001bb000,4096
17987,victim2,2,READ,0x200001c5000,4096
17994,victim1,1,READ,0x100001bc000,4096
18013,victim3,3,READ,0x300001c3000,4096
18020,victim2,2,READ,0x200001c6000,4096
18035,victim1,1,READ,0x100001bd000,4096
18056,victim3,3,READ,0x300001c4000,4096
18076,victim2,2,READ,0x200001c7000,4096
18089,victim1,1,READ,0x100001be000,4096
18100,victim3,3,READ,0x300001c5000,4096
18103,victim2,2,READ,0x200001c8000,4096
18110,victim1,1,READ,0x100001bf000,4096
18132,victim3,3,READ,0x300001c6000,4096
18155,victim2,2,READ,0x200001c9000,4096
18157,victim1,1,READ,0x100001c0000,4096
18161,victim3,3,READ,0x300001c7000,4096
18184,victim1,1,READ,0x100001c1000,4096
18197,victim3,3,READ,0x300001c8000,4096
18202,victim2,2,READ,0x200001ca000,4096
18228,victim1,1,READ,0x100001c2000,4096
18235,victim3,3,READ,0x300001c9000,4096
18251,victim2,2,READ,0x200001cb000,4096
18255,victim3,3,READ,0x300001ca000,4096
18272,victim2,2,READ,0x200001cc000,4096
18281,victim1,1,READ,0x100001c3000,4096
18296,victim3,3,READ,0x300001cb000,4096
18297,victim2,2,READ,0x200001cd000,4096
18327,victim2,2,READ,0x200001ce000,4096
18328,victim1,1,READ,0x100001c4000,4096
18349,victim3,3,READ,0x300001cc000,4096
18370,victim3,3,READ,0x300001cd000,4096
18375,victim1,1,READ,0x100001c5000,4096
18379,victim2,2,WRITE,0x200001cf000,4096
18407,victim3,3,READ,0x300001ce000,4096
18413,victim2,2,READ,0x200001d0000,4096
18431,victim1,1,READ,0x100001c6000,4096
18444,victim2,2,READ,0x200001d1000,4096
18462,victim3,3,READ,0x300001cf000,4096
18473,victim2,2,READ,0x200001d2000,4096
18474,victim1,1,READ,0x100001c7000,4096
18491,victim3,3,READ,0x300001d0000,4096
18509,victim1,1,READ,0x100001c8000,4096
18524,victim3,3,READ,0x300001d1000,4096
18529,victim2,2,READ,0x200001d3000,4096
18553,victim3,3,READ,0x300001d2000,4096
18555,victim2,2,READ,0x200001d4000,4096
18559,victim1,1,READ,0x100001c9000,4096
18588,victim3,3,READ,0x300001d3000,4096
18589,victim1,1,READ,0x100001ca000,4096
18590,victim2,2,WRITE,0x200001d5000,4096
18618,victim1,1,WRITE,0x100001cb000,4096
18637,victim3,3,READ,0x300001d4000,4096
18644,victim2,2,READ,0x200001d6000,4096
18669,victim1,1,READ,0x100001cc000,4096
18676,victim2,2,READ,0x200001d7000,4096
18692,victim3,3,READ,0x300001d5000,4096
18696,victim1,1,WRITE,0x100001cd000,4096
18702,victim2,2,READ,0x200001d8000,4096
18720,victim3,3,WRITE,0x300001d6000,4096
18725,victim2,2,READ,0x200001d9000,4096
18752,victim1,1,READ,0x100001ce000,4096
18771,victim3,3,READ,0x300001d7000,4096
18776,victim2,2,READ,0x200001da000,4096
18812,victim1,1,READ,0x100001cf000,4096
18823,victim2,2,READ,0x200001db000,4096
18827,victim3,3,READ,0x300001d8000,4096
18853,victim1,1,READ,0x100001d0000,4096
18879,victim2,2,READ,0x200001dc000,4096
18885,victim3,3,READ,0x300001d9000,4096
18904,victim1,1,READ,0x100001d1000,4096
18904,victim2,2,READ,0x200001dd000,4096
18907,victim3,3,WRITE,0x300001da000,4096
18937,victim1,1,READ,0x100001d2000,4096
18940,victim2,2,READ,0x200001de000,4096
18942,victim3,3,WRITE,0x300001db000,4096
18968,victim1,1,READ,0x100001d3000,4096
18968,victim3,3,READ,0x300001dc000,4096
18988,victim3,3,READ,0x300001dd000,4096
18990,victim1,1,READ,0x100001d4000,4096
18991,victim2,2,READ,0x200001df000,4096
19018,victim3,3,READ,0x300001de000,4096
19020,victim2,2,READ,0x200001e0000,4096
19042,victim2,2,READ,0x200001e1000,4096
19048,victim1,1,READ,0x100001d5000,4096
19061,victim3,3,READ,0x300001df000,4096
19077,victim2,2,WRITE,0x200001e2000,4096
19085,victim3,3,READ,0x300001e0000,4096
19098,victim1,1,READ,0x100001d6000,4096
19100,victim2,2,READ,0x200001e3000,4096
19124,victim1,1,WRITE,0x100001d7000,4096
19136,victim3,3,READ,0x300001e1000,4096
19158,victim2,2,READ,0x200001e4000,4096
19171,victim1,1,READ,0x100001d8000,4096
19183,victim3,3,READ,0x300001e2000,4096
19185,victim2,2,READ,0x200001e5000,4096
19219,victim3,3,READ,0x300001e3000,4096
19221,victim1,1,READ,0x100001d9000,4096
19225,victim2,2,READ,0x200001e6000,4096
19241,victim1,1,READ,0x100001da000,4096
19261,victim1,1,READ,0x100001db000,4096
19275,victim2,2,READ,0x200001e7000,4096
19278,victim3,3,READ,0x300001e4000,4096
19293,victim1,1,READ,0x100001dc000,4096
19313,victim3,3,READ,0x300001e5000,4096
19316,victim2,2,READ,0x200001e8000,4096
19320,victim1,1,READ,0x100001dd000,4096
19342,victim1,1,WRITE,0x100001de000,4096
19347,victim2,2,READ,0x200001e9000,4096
19368,victim3,3,READ,0x300001e6000,4096
19369,victim2,2,READ,0x200001ea000,4096
19395,victim1,1,READ,0x100001df000,4096
19404,victim3,3,READ,0x300001e7000,4096
19413,victim2,2,READ,0x200001eb000,4096
19435,victim1,1,WRITE,0x100001e0000,4096
19442,victim3,3,READ,0x300001e8000,4096
19444,victim2,2,READ,0x200001ec000,4096
19470,victim1,1,READ,0x100001e1000,4096
19494,victim3,3,READ,0x300001e9000,4096
19496,victim2,2,READ,0x200001ed000,4096
19519,victim1,1,READ,0x100001e2000,4096
19529,victim2,2,READ,0x200001ee000,4096
19544,victim3,3,READ,0x300001ea000,4096
19570,victim1,1,READ,0x100001e3000,4096
19575,victim2,2,READ,0x200001ef000,4096
19594,victim1,1,READ,0x100001e4000,4096
19603,victim3,3,READ,0x300001eb000,4096
19618,victim2,2,READ,0x200001f0000,4096
19631,victim1,1,READ,0x100001e5000,4096
19642,victim3,3,READ,0x300001ec000,4096
19662,victim3,3,READ,0x300001ed000,4096
19669,victim2,2,READ,0x200001f1000,4096
19689,victim1,1,READ,0x100001e6000,4096
19693,victim3,3,READ,0x300001ee000,4096
19723,victim1,1,READ,0x100001e7000,4096
19727,victim2,2,READ,0x200001f2000,4096
19737,victim3,3,READ,0x300001ef000,4096
19769,victim2,2,READ,0x200001f3000,4096
19772,victim3,3,WRITE,0x300001f0000,4096
19783,victim1,1,READ,0x100001e8000,4096
19790,victim2,2,READ,0x200001f4000,4096
19804,victim3,3,READ,0x300001f1000,4096
19817,victim2,2,READ,0x200001f5000,4096
19824,victim3,3,WRITE,0x300001f2000,4096
19828,victim1,1,READ,0x100001e9000,4096
19856,victim3,3,WRITE,0x300001f3000,4096
19864,victim1,1,READ,0x100001ea000,4096
19874,victim2,2,READ,0x200001f6000,4096
19877,victim3,3,READ,0x300001f4000,4096
19902,victim3,3,READ,0x300001f5000,4096
19905,victim1,1,READ,0x100001eb000,4096
19929,victim2,2,READ,0x200001f7000,4096
19955,victim2,2,READ,0x200001f8000,4096
19962,victim3,3,READ,0x300001f6000,4096
19965,victim1,1,READ,0x100001ec000,4096
19980,victim2,2,READ,0x200001f9000,4096
20001,victim1,1,READ,0x100001ed000,4096
20009,victim2,2,WRITE,0x200001fa000,4096
20018,victim3,3,READ,0x300001f7000,4096
20025,victim1,1,READ,0x100001ee000,4096
20044,victim2,2,READ,0x200001fb000,4096
20073,victim2,2,READ,0x200001fc000,4096
20076,victim1,1,READ,0x100001ef000,4096
20078,victim3,3,READ,0x300001f8000,4096
20099,victim2,2,READ,0x200001fd000,4096
20110,victim1,1,READ,0x100001f0000,4096
20123,victim2,2,READ,0x200001fe000,4096
20124,victim3,3,READ,0x300001f9000,4096
20143,victim2,2,READ,0x200001ff000,4096
20152,victim1,1,WRITE,0x100001f1000,4096
20154,victim3,3,WRITE,0x300001fa000,4096
20174,victim3,3,READ,0x300001fb000,4096
20187,victim2,2,READ,0x20000200000,4096
20194,victim1,1,READ,0x100001f2000,4096
20213,victim2,2,READ,0x20000201000,4096
20213,victim3,3,READ,0x300001fc000,4096
20233,victim3,3,READ,0x300001fd000,4096
20235,victim1,1,READ,0x100001f3000,4096
20259,victim2,2,READ,0x20000202000,4096
20268,victim3,3,READ,0x300001fe000,4096
20287,victim1,1,READ,0x100001f4000,4096
20290,victim2,2,READ,0x20000203000,4096
20310,victim3,3,READ,0x300001ff000,4096
20325,victim1,1,READ,0x100001f5000,4096
20337,victim2,2,READ,0x20000204000,4096
20353,victim1,1,READ,0x100001f6000,4096
20360,victim3,3,READ,0x30000200000,4096
20385,victim2,2,READ,0x20000205000,4096
20397,victim3,3,READ,0x30000201000,4096
20411,victim1,1,WRITE,0x100001f7000,4096
20425,victim2,2,READ,0x20000206000,4096
20444,victim3,3,READ,0x30000202000,4096
20456,victim1,1,READ,0x100001f8000,4096
20468,victim2,2,READ,0x20000207000,4096
20488,victim2,2,READ,0x20000208000,4096
20502,victim3,3,WRITE,0x30000203000,4096
20511,victim1,1,READ,0x100001f9000,4096
20532,victim2,2,READ,0x20000209000,4096
20558,victim1,1,READ,0x100001fa000,4096
20558,victim3,3,READ,0x30000204000,4096
20575,victim2,2,READ,0x2000020a000,4096
20578,victim1,1,READ,0x100001fb000,4096
20597,victim2,2,READ,0x2000020b000,4096
20606,victim3,3,READ,0x30000205000,4096
20628,victim1,1,READ,0x100001fc000,4096
20640,victim3,3,READ,0x30000206000,4096
20644,victim2,2,READ,0x2000020c000,4096
20658,victim1,1,READ,0x100001fd000,4096
20688,victim1,1,READ,0x100001fe000,4096
20690,victim3,3,READ,0x30000207000,4096
20693,victim2,2,READ,0x2000020d000,4096
20725,victim3,3,WRITE,0x30000208000,4096
20730,victim1,1,READ,0x100001ff000,4096
20737,victim2,2,READ,0x2000020e000,4096
20759,victim3,3,READ,0x30000209000,4096
20771,victim1,1,READ,0x10000200000,4096
20787,victim2,2,READ,0x2000020f000,4096
20792,victim3,3,READ,0x3000020a000,4096
20805,victim1,1,READ,0x10000201000,4096
20819,victim3,3,READ,0x3000020b000,4096
20822,victim2,2,READ,0x20000210000,4096
20832,victim1,1,WRITE,0x10000202000,4096
20839,victim3,3,READ,0x3000020c000,4096
20850,victim2,2,READ,0x20000211000,4096
20858,victim1,1,READ,0x10000203000,4096
20878,victim3,3,WRITE,0x3000020d000,4096
20900,victim2,2,READ,0x20000212000,4096
20913,victim1,1,READ,0x10000204000,4096
20914,victim3,3,READ,0x3000020e000,4096
20950,victim2,2,READ,0x20000213000,4096
20951,victim1,1,WRITE,0x10000205000,4096
20967,victim3,3,READ,0x3000020f000,4096
20989,victim2,2,READ,0x20000214000,4096
21000,victim3,3,READ,0x30000210000,4096
21010,victim1,1,READ,0x10000206000,4096
21022,victim3,3,READ,0x30000211000,4096
21036,victim2,2,READ,0x20000215000,4096
21044,victim1,1,READ,0x10000207000,4096
21076,victim2,2,READ,0x20000216000,4096
21077,victim3,3,READ,0x30000212000,4096
21080,victim1,1,READ,0x10000208000,4096
21128,victim2,2,READ,0x20000217000,4096
21131,victim3,3,WRITE,0x30000213000,4096
21137,victim1,1,READ,0x10000209000,4096
21158,victim2,2,READ,0x20000218000,4096
21177,victim1,1,READ,0x1000020a000,4096
21186,victim3,3,READ,0x30000214000,4096
21212,victim2,2,READ,0x20000219000,4096
21212,victim3,3,READ,0x30000215000,4096
21216,victim1,1,READ,0x1000020b000,4096
21253,victim2,2,READ,0x2000021a000,4096
21270,victim3,3,READ,0x30000216000,4096
21275,victim1,1,READ,0x1000020c000,4096
21311,victim2,2,READ,0x2000021b000,4096
21316,victim3,3,READ,0x30000217000,4096
21318,victim1,1,READ,0x1000020d000,4096
21338,victim3,3,READ,0x30000218000,4096
21351,victim2,2,READ,0x2000021c000,4096
21368,victim1,1,READ,0x1000020e000,4096
21382,victim2,2,READ,0x2000021d000,4096
21398,victim3,3,READ,0x30000219000,4096
21419,victim1,1,READ,0x1000020f000,4096
21431,victim2,2,READ,0x2000021e000,4096
21453,victim3,3,READ,0x3000021a000,4096
21455,victim2,2,READ,0x2000021f000,4096
21466,victim1,1,READ,0x10000210000,4096
21479,victim2,2,READ,0x20000220000,4096
21513,victim3,3,READ,0x3000021b000,4096
21519,victim1,1,WRITE,0x10000211000,4096
21527,victim2,2,READ,0x20000221000,4096
21560,victim3,3,READ,0x3000021c000,4096
21575,victim1,1,READ,0x10000212000,4096
21579,victim2,2,WRITE,0x20000222000,4096
21583,victim3,3,READ,0x3000021d000,4096
21596,victim1,1,READ,0x10000213000,4096
21608,victim2,2,READ,0x20000223000,4096
21619,victim1,1,READ,0x10000214000,4096
21627,victim3,3,READ,0x3000021e000,4096
21650,victim2,2,READ,0x20000224000,4096
21678,victim1,1,READ,0x10000215000,4096
21683,victim3,3,WRITE,0x3000021f000,4096
21684,victim2,2,READ,0x20000225000,4096
21715,victim2,2,READ,0x20000226000,4096
21716,victim3,3,READ,0x30000220000,4096
21721,victim1,1,READ,0x10000216000,4096
21751,victim1,1,READ,0x10000217000,4096
21772,victim2,2,READ,0x20000227000,4096
21772,victim3,3,READ,0x30000221000,4096
21798,victim1,1,READ,0x10000218000,4096
21814,victim2,2,READ,0x20000228000,4096
21815,victim3,3,READ,0x30000222000,4096
21856,victim1,1,READ,0x10000219000,4096
21861,victim3,3,READ,0x30000223000,4096
21873,victim2,2,READ,0x20000229000,4096
21892,victim3,3,READ,0x30000224000,4096
21895,victim2,2,READ,0x2000022a000,4096
21905,victim1,1,WRITE,0x1000021a000,4096
21918,victim2,2,READ,0x2000022b000,4096
21946,victim3,3,READ,0x30000225000,4096
21965,victim1,1,READ,0x1000021b000,4096
21968,victim2,2,READ,0x2000022c000,4096
21986,victim3,3,READ,0x30000226000,4096
22016,victim1,1,READ,0x1000021c000,4096
22017,victim2,2,READ,0x2000022d000,4096
22038,victim3,3,READ,0x30000227000,4096
22041,victim2,2,READ,0x2000022e000,4096
22044,victim1,1,READ,0x1000021d000,4096
22070,victim3,3,READ,0x30000228000,4096
22079,victim1,1,READ,0x1000021e000,4096
22084,victim2,2,READ,0x2000022f000,4096
22117,victim3,3,READ,0x30000229000,4096
22136,victim2,2,READ,0x20000230000,4096
22138,victim1,1,READ,0x1000021f000,4096
22138,victim3,3,READ,0x3000022a000,4096
22185,victim1,1,READ,0x10000220000,4096
22190,victim3,3,READ,0x3000022b000,4096
22191,victim2,2,READ,0x20000231000,4096
22223,victim1,1,READ,0x10000221000,4096
22229,victim3,3,WRITE,0x3000022c000,4096
22243,victim2,2,READ,0x20000232000,4096
22254,victim1,1,READ,0x10000222000,4096
22265,victim3,3,READ,0x3000022d000,4096
22281,victim1,1,READ,0x10000223000,4096
22287,victim2,2,READ,0x20000233000,4096
22318,victim3,3,READ,0x3000022e000,4096
22323,victim2,2,READ,0x20000234000,4096
22338,victim1,1,READ,0x10000224000,4096
22344,victim2,2,READ,0x20000235000,4096
22355,victim3,3,READ,0x3000022f000,4096
22387,victim1,1,READ,0x10000225000,4096
22396,victim2,2,READ,0x20000236000,4096
22408,victim3,3,READ,0x30000230000,4096
22426,victim1,1,WRITE,0x10000226000,4096
22431,victim2,2,READ,0x20000237000,4096
22442,victim3,3,READ,0x30000231000,4096
22458,victim1,1,READ,0x10000227000,4096
22472,victim3,3,READ,0x30000232000,4096
22480,victim2,2,READ,0x20000238000,4096
22513,victim2,2,READ,0x20000239000,4096
22516,victim1,1,READ,0x10000228000,4096
22527,victim3,3,READ,0x30000233000,4096
22553,victim2,2,READ,0x2000023a000,4096
22560,victim1,1,READ,0x10000229000,4096
22565,victim3,3,READ,0x30000234000,4096
22594,victim2,2,READ,0x2000023b000,4096
22603,victim1,1,READ,0x1000022a000,4096
22603,victim3,3,READ,0x30000235000,4096
22624,victim1,1,READ,0x1000022b000,4096
22627,victim3,3,READ,0x30000236000,4096
22631,victim2,2,READ,0x2000023c000,4096
22649,victim1,1,READ,0x1000022c000,4096
22660,victim3,3,READ,0x30000237000,4096
22665,victim2,2,READ,0x2000023d000,4096
22682,victim1,1,WRITE,0x1000022d000,4096
22697,victim3,3,WRITE,0x30000238000,4096
22703,victim2,2,READ,0x2000023e000,4096
22720,victim3,3,READ,0x30000239000,4096
22725,victim2,2,READ,0x2000023f000,4096
22727,victim1,1,READ,0x1000022e000,4096
22748,victim1,1,READ,0x1000022f000,4096
22749,victim2,2,READ,0x20000240000,4096
22774,victim1,1,READ,0x10000230000,4096
22774,victim3,3,READ,0x3000023a000,4096
22777,victim2,2,READ,0x20000241000,4096
22799,victim3,3,READ,0x3000023b000,4096
22820,victim2,2,READ,0x20000242000,4096
22821,victim3,3,READ,0x3000023c000,4096
22829,victim1,1,READ,0x10000231000,4096
22852,victim2,2,READ,0x20000243000,4096
22858,victim1,1,READ,0x10000232000,4096
22876,victim3,3,READ,0x3000023d000,4096
22893,victim1,1,READ,0x10000233000,4096
22903,victim2,2,READ,0x20000244000,4096
22915,victim3,3,READ,0x3000023e000,4096
22948,victim1,1,READ,0x10000234000,4096
22955,victim2,2,READ,0x20000245000,4096
22968,victim1,1,READ,0x10000235000,4096
22969,victim3,3,READ,0x3000023f000,4096
23001,victim2,2,READ,0x20000246000,4096
23008,victim1,1,READ,0x10000236000,4096
23029,victim3,3,READ,0x30000240000,4096
23032,victim2,2,READ,0x20000247000,4096
23047,victim1,1,READ,0x10000237000,4096
23061,victim3,3,READ,0x30000241000,4096
23078,victim2,2,READ,0x20000248000,4096
23087,victim1,1,READ,0x10000238000,4096
23096,victim3,3,READ,0x30000242000,4096
23134,victim2,2,READ,0x20000249000,4096
23140,victim1,1,READ,0x10000239000,4096
23152,victim3,3,WRITE,0x30000243000,4096
23176,victim3,3,READ,0x30000244000,4096
23188,victim1,1,READ,0x1000023a000,4096
23192,victim2,2,READ,0x2000024a000,4096
23217,victim2,2,READ,0x2000024b000,4096
23223,victim1,1,READ,0x1000023b000,4096
23236,victim3,3,WRITE,0x30000245000,4096
23249,victim1,1,READ,0x1000023c000,4096
23267,victim2,2,READ,0x2000024c000,4096
23285,victim3,3,READ,0x30000246000,4096
23287,victim1,1,READ,0x1000023d000,4096
23303,victim2,2,READ,0x2000024d000,4096
23315,victim1,1,READ,0x1000023e000,4096
23328,victim2,2,READ,0x2000024e000,4096
23335,victim3,3,READ,0x30000247000,4096
23346,victim1,1,READ,0x1000023f000,4096
23372,victim2,2,WRITE,0x2000024f000,4096
23380,victim3,3,WRITE,0x30000248000,4096
23391,victim1,1,READ,0x10000240000,4096
23400,victim2,2,READ,0x20000250000,4096
23426,victim1,1,READ,0x10000241000,4096
23433,victim3,3,READ,0x30000249000,4096
23447,victim2,2,READ,0x20000251000,4096
23472,victim1,1,READ,0x10000242000,4096
23480,victim2,2,READ,0x20000252000,4096
23483,victim3,3,READ,0x3000024a000,4096
23501,victim2,2,READ,0x20000253000,4096
23504,victim1,1,READ,0x10000243000,4096
23510,victim3,3,READ,0x3000024b000,4096
23546,victim2,2,READ,0x20000254000,4096
23551,victim3,3,WRITE,0x3000024c000,4096
23561,victim1,1,READ,0x10000244000,4096
23596,victim2,2,READ,0x20000255000,4096
23601,victim1,1,READ,0x10000245000,4096
23608,victim3,3,READ,0x3000024d000,4096
23633,victim2,2,WRITE,0x20000256000,4096
23639,victim1,1,READ,0x10000246000,4096
23660,victim1,1,READ,0x10000247000,4096
23663,victim3,3,READ,0x3000024e000,4096
23675,victim2,2,READ,0x20000257000,4096
23698,victim1,1,READ,0x10000248000,4096
23699,victim3,3,READ,0x3000024f000,4096
23704,victim2,2,READ,0x20000258000,4096
23722,victim1,1,READ,0x10000249000,4096
23724,victim3,3,READ,0x30000250000,4096
23739,victim2,2,READ,0x20000259000,4096
23755,victim1,1,READ,0x1000024a000,4096
23784,victim3,3,READ,0x30000251000,4096
23790,victim2,2,READ,0x2000025a000,4096
23797,victim1,1,READ,0x1000024b000,4096
23844,victim3,3,READ,0x30000252000,4096
23845,victim2,2,READ,0x2000025b000,4096
23846,victim1,1,READ,0x1000024c000,4096
23874,victim3,3,READ,0x30000253000,4096
23880,victim1,1,READ,0x1000024d000,4096
23885,victim2,2,READ,0x2000025c000,4096
23919,victim1,1,READ,0x1000024e000,4096
23920,victim2,2,READ,0x2000025d000,4096
23934,victim3,3,READ,0x30000254000,4096
23959,victim3,3,READ,0x30000255000,4096
23960,victim1,1,READ,0x1000024f000,4096
23980,victim2,2,READ,0x2000025e000,4096
24003,victim1,1,READ,0x10000250000,4096
24005,victim2,2,READ,0x2000025f000,4096
24015,victim3,3,READ,0x30000256000,4096
24031,victim1,1,READ,0x10000251000,4096
24045,victim2,2,READ,0x20000260000,4096
24045,victim3,3,READ,0x30000257000,4096
24057,victim1,1,READ,0x10000252000,4096
24079,victim3,3,READ,0x30000258000,4096
24099,victim3,3,READ,0x30000259000,4096
24105,victim2,2,READ,0x20000261000,4096
24117,victim1,1,WRITE,0x10000253000,4096
24134,victim2,2,READ,0x20000262000,4096
24143,victim1,1,READ,0x10000254000,4096
24151,victim3,3,READ,0x3000025a000,4096
24182,victim1,1,READ,0x10000255000,4096
24183,victim2,2,WRITE,0x20000263000,4096
24198,victim3,3,READ,0x3000025b000,4096
24217,victim1,1,READ,0x10000256000,4096
24222,victim2,2,READ,0x20000264000,4096
24258,victim3,3,READ,0x3000025c000,4096
24260,victim1,1,READ,0x10000257000,4096
24280,victim2,2,READ,0x20000265000,4096
24284,victim3,3,WRITE,0x3000025d000,4096
24303,victim2,2,READ,0x20000266000,4096
24309,victim3,3,READ,0x3000025e000,4096
24316,victim1,1,READ,0x10000258000,4096
24339,victim3,3,READ,0x3000025f000,4096
24345,victim2,2,READ,0x20000267000,4096
24361,victim1,1,READ,0x10000259000,4096
24369,victim3,3,READ,0x30000260000,4096
24373,victim2,2,READ,0x20000268000,4096
24390,victim1,1,READ,0x1000025a000,4096
24418,victim2,2,READ,0x20000269000,4096
24424,victim3,3,READ,0x30000261000,4096
24425,victim1,1,READ,0x1000025b000,4096
24452,victim3,3,READ,0x30000262000,4096
24462,victim1,1,READ,0x1000025c000,4096
24472,victim2,2,READ,0x2000026a000,4096
24491,victim1,1,READ,0x1000025d000,4096
24508,victim3,3,READ,0x30000263000,4096
24520,victim2,2,READ,0x2000026b000,4096
24533,victim1,1,READ,0x1000025e000,4096
24545,victim2,2,READ,0x2000026c000,4096
24545,victim3,3,READ,0x30000264000,4096
24568,victim1,1,READ,0x1000025f000,4096
24594,victim1,1,WRITE,0x10000260000,4096
24601,victim3,3,READ,0x30000265000,4096
24603,victim2,2,READ,0x2000026d000,4096
24627,victim1,1,READ,0x10000261000,4096
24649,victim3,3,READ,0x30000266000,4096
24655,victim1,1,READ,0x10000262000,4096
24656,victim2,2,READ,0x2000026e000,4096
24673,victim3,3,READ,0x30000267000,4096
24714,victim2,2,READ,0x2000026f000,4096
24715,victim1,1,READ,0x10000263000,4096
24724,victim3,3,WRITE,0x30000268000,4096
24736,victim1,1,WRITE,0x10000264000,4096
24744,victim3,3,READ,0x30000269000,4096
24762,victim1,1,READ,0x10000265000,4096
24764,victim2,2,READ,0x20000270000,4096
24784,victim3,3,READ,0x3000026a000,4096
24800,victim1,1,READ,0x10000266000,4096
24805,victim2,2,READ,0x20000271000,4096
24823,victim3,3,READ,0x3000026b000,4096
24839,victim1,1,READ,0x10000267000,4096
24845,victim3,3,READ,0x3000026c000,4096
24848,victim2,2,READ,0x20000272000,4096
24874,victim1,1,READ,0x10000268000,4096
24886,victim2,2,READ,0x20000273000,4096
24897,victim3,3,READ,0x3000026d000,4096
24911,victim1,1,READ,0x10000269000,4096
24922,victim2,2,READ,0x20000274000,4096
24935,victim3,3,READ,0x3000026e000,4096
24960,victim1,1,READ,0x1000026a000,4096
24963,victim3,3,READ,0x3000026f000,4096
24964,victim2,2,WRITE,0x20000275000,4096
24989,victim1,1,READ,0x1000026b000,4096
24993,victim3,3,READ,0x30000270000,4096
25000,victim2,2,WRITE,0x20000276000,4096
25017,victim1,1,READ,0x1000026c000,4096
25032,victim3,3,READ,0x30000271000,4096
25054,victim2,2,WRITE,0x20000277000,4096
25073,victim1,1,READ,0x1000026d000,4096
25074,victim3,3,READ,0x30000272000,4096
25097,victim3,3,READ,0x30000273000,4096
25106,victim2,2,READ,0x20000278000,4096
25119,victim1,1,WRITE,0x1000026e000,4096
25122,victim3,3,READ,0x30000274000,4096
25138,victim2,2,READ,0x20000279000,4096
25145,victim1,1,READ,0x1000026f000,4096
25173,victim3,3,READ,0x30000275000,4096
25176,victim2,2,READ,0x2000027a000,4096
25197,victim1,1,READ,0x10000270000,4096
25221,victim1,1,READ,0x10000271000,4096
25227,victim3,3,READ,0x30000276000,4096
25236,victim2,2,READ,0x2000027b000,4096
25252,victim3,3,READ,0x30000277000,4096
25266,victim1,1,READ,0x10000272000,4096
25279,victim2,2,READ,0x2000027c000,4096
25311,victim3,3,READ,0x30000278000,4096
25313,victim2,2,READ,0x2000027d000,4096
25324,victim1,1,READ,0x10000273000,4096
25348,victim1,1,READ,0x10000274000,4096
25359,victim2,2,READ,0x2000027e000,4096
25362,victim3,3,READ,0x30000279000,4096
25382,victim2,2,READ,0x2000027f000,4096
25384,victim1,1,READ,0x10000275000,4096
25385,victim3,3,READ,0x3000027a000,4096
25421,victim1,1,READ,0x10000276000,4096
25427,victim3,3,READ,0x3000027b000,4096
25430,victim2,2,READ,0x20000280000,4096
25447,victim1,1,READ,0x10000277000,4096
25450,victim3,3,READ,0x3000027c000,4096
25478,victim2,2,READ,0x20000281000,4096
25483,victim1,1,READ,0x10000278000,4096
25485,victim3,3,READ,0x3000027d000,4096
25505,victim1,1,READ,0x10000279000,4096
25514,victim2,2,READ,0x20000282000,4096
25527,victim3,3,READ,0x3000027e000,4096
25529,victim1,1,READ,0x1000027a000,4096
25559,victim2,2,READ,0x20000283000,4096
25562,victim3,3,READ,0x3000027f000,4096
25580,victim2,2,READ,0x20000284000,4096
25588,victim1,1,READ,0x1000027b000,4096
25603,victim2,2,READ,0x20000285000,4096
25622,victim3,3,READ,0x30000280000,4096
25626,victim1,1,READ,0x1000027c000,4096
25644,victim2,2,READ,0x20000286000,4096
25655,victim1,1,READ,0x1000027d000,4096
25671,victim2,2,WRITE,0x20000287000,4096
25676,victim3,3,READ,0x30000281000,4096
25680,victim1,1,READ,0x1000027e000,4096
25706,victim1,1,READ,0x1000027f000,4096
25709,victim2,2,READ,0x20000288000,4096
25725,victim3,3,READ,0x30000282000,4096
25731,victim1,1,READ,0x10000280000,4096
25732,victim2,2,READ,0x20000289000,4096
25771,victim1,1,READ,0x10000281000,4096
25780,victim3,3,READ,0x30000283000,4096
25781,victim2,2,READ,0x2000028a000,4096
25801,victim1,1,READ,0x10000282000,4096
25822,victim3,3,READ,0x30000284000,4096
25825,victim2,2,READ,0x2000028b000,4096
25838,victim1,1,READ,0x10000283000,4096
25850,victim3,3,WRITE,0x30000285000,4096
25861,victim1,1,READ,0x10000284000,4096
25881,victim2,2,READ,0x2000028c000,4096
25883,victim3,3,WRITE,0x30000286000,4096
25892,victim1,1,READ,0x10000285000,4096
25937,victim2,2,READ,0x2000028d000,4096
25937,victim3,3,WRITE,0x30000287000,4096
25947,victim1,1,READ,0x10000286000,4096
25982,victim2,2,READ,0x2000028e000,4096
25989,victim3,3,READ,0x30000288000,4096
25994,victim1,1,READ,0x10000287000,4096
26007,victim2,2,READ,0x2000028f000,4096
26019,victim3,3,READ,0x30000289000,4096
26024,victim1,1,READ,0x10000288000,4096
26033,victim2,2,READ,0x20000290000,4096
26047,victim1,1,READ,0x10000289000,4096
26063,victim3,3,READ,0x3000028a000,4096
26089,victim2,2,READ,0x20000291000,4096
26094,victim1,1,READ,0x1000028a000,4096
26106,victim3,3,READ,0x3000028b000,4096
26123,victim2,2,READ,0x20000292000,4096
26136,victim3,3,READ,0x3000028c000,4096
26151,victim1,1,READ,0x1000028b000,4096
26155,victim2,2,READ,0x20000293000,4096
26174,victim1,1,READ,0x1000028c000,4096
26177,victim3,3,READ,0x3000028d000,4096
26203,victim2,2,READ,0x20000294000,4096
26206,victim1,1,WRITE,0x1000028d000,4096
26233,victim3,3,READ,0x3000028e000,4096
26253,victim2,2,READ,0x20000295000,4096
26260,victim3,3,READ,0x3000028f000,4096
26262,victim1,1,READ,0x1000028e000,4096
26293,victim3,3,WRITE,0x30000290000,4096
26305,victim2,2,READ,0x20000296000,4096
26315,victim3,3,READ,0x30000291000,4096
26316,victim1,1,READ,0x1000028f000,4096
26328,victim2,2,READ,0x20000297000,4096
26336,victim1,1,READ,0x10000290000,4096
26339,victim3,3,READ,0x30000292000,4096
26363,victim3,3,READ,0x30000293000,4096
26371,victim1,1,READ,0x10000291000,4096
26384,victim2,2,READ,0x20000298000,4096
26402,victim3,3,READ,0x30000294000,4096
26407,victim2,2,READ,0x20000299000,4096
26418,victim1,1,READ,0x10000292000,4096
26436,victim2,2,READ,0x2000029a000,4096
26443,victim1,1,READ,0x10000293000,4096
26456,victim3,3,READ,0x30000295000,4096
26465,victim2,2,READ,0x2000029b000,4096
26476,victim3,3,READ,0x30000296000,4096
26485,victim1,1,READ,0x10000294000,4096
26509,victim2,2,READ,0x2000029c000,4096
26510,victim3,3,READ,0x30000297000,4096
26530,victim1,1,READ,0x10000295000,4096
26535,victim3,3,READ,0x30000298000,4096
26566,victim2,2,READ,0x2000029d000,4096
26572,victim1,1,READ,0x10000296000,4096
26572,victim3,3,READ,0x30000299000,4096
26606,victim2,2,READ,0x2000029e000,4096
26617,victim1,1,READ,0x10000297000,4096
26619,victim3,3,READ,0x3000029a000,4096
26644,victim2,2,READ,0x2000029f000,4096
26666,victim3,3,READ,0x3000029b000,4096
26671,victim2,2,READ,0x200002a0000,4096
26676,victim1,1,WRITE,0x10000298000,4096
26700,victim1,1,READ,0x10000299000,4096
26709,victim2,2,READ,0x200002a1000,4096
26726,victim3,3,READ,0x3000029c000,4096
26732,victim2,2,READ,0x200002a2000,4096
26750,victim1,1,WRITE,0x1000029a000,4096
26767,victim3,3,READ,0x3000029d000,4096
26791,victim3,3,READ,0x3000029e000,4096
26792,victim2,2,READ,0x200002a3000,4096
26810,victim1,1,READ,0x1000029b000,4096
26813,victim2,2,READ,0x200002a4000,4096
26826,victim3,3,READ,0x3000029f000,4096
26846,victim1,1,READ,0x1000029c000,4096
26849,victim2,2,READ,0x200002a5000,4096
26849,victim3,3,READ,0x300002a0000,4096
26874,victim2,2,READ,0x200002a6000,4096
26884,victim1,1,READ,0x1000029d000,4096
26885,victim3,3,READ,0x300002a1000,4096
26901,victim2,2,WRITE,0x200002a7000,4096
26919,victim1,1,READ,0x1000029e000,4096
26929,victim3,3,READ,0x300002a2000,4096
26946,victim2,2,READ,0x200002a8000,4096
26954,victim3,3,WRITE,0x300002a3000,4096
26972,victim1,1,READ,0x1000029f000,4096
26985,victim2,2,READ,0x200002a9000,4096
26987,victim3,3,READ,0x300002a4000,4096
27017,victim1,1,READ,0x100002a0000,4096
27017,victim2,2,WRITE,0x200002aa000,4096
27019,victim3,3,READ,0x300002a5000,4096
27044,victim3,3,READ,0x300002a6000,4096
27071,victim1,1,READ,0x100002a1000,4096
27074,victim2,2,WRITE,0x200002ab000,4096
27095,victim2,2,READ,0x200002ac000,4096
27099,victim3,3,READ,0x300002a7000,4096
27111,victim1,1,WRITE,0x100002a2000,4096
27128,victim2,2,READ,0x200002ad000,4096
27148,victim1,1,READ,0x100002a3000,4096
27153,victim3,3,READ,0x300002a8000,4096
27170,victim1,1,READ,0x100002a4000,4096
27177,victim3,3,READ,0x300002a9000,4096
27184,victim2,2,READ,0x200002ae000,4096
27214,victim2,2,READ,0x200002af000,4096
27222,victim1,1,READ,0x100002a5000,4096
27234,victim3,3,READ,0x300002aa000,4096
27246,victim1,1,READ,0x100002a6000,4096
27266,victim2,2,READ,0x200002b0000,4096
27291,victim1,1,READ,0x100002a7000,4096
27291,victim3,3,READ,0x300002ab000,4096
27306,victim2,2,READ,0x200002b1000,4096
27311,victim1,1,READ,0x100002a8000,4096
27339,victim1,1,WRITE,0x100002a9000,4096
27346,victim3,3,READ,0x300002ac000,4096
27358,victim2,2,READ,0x200002b2000,4096
27360,victim1,1,READ,0x100002aa000,4096
27387,victim3,3,WRITE,0x300002ad000,4096
27408,victim1,1,READ,0x100002ab000,4096
27417,victim2,2,READ,0x200002b3000,4096
27423,victim3,3,READ,0x300002ae000,4096
27439,victim1,1,READ,0x100002ac000,4096
27462,victim3,3,READ,0x300002af000,4096
27464,victim1,1,READ,0x100002ad000,4096
27465,victim2,2,READ,0x200002b4000,4096
27511,victim2,2,READ,0x200002b5000,4096
27518,victim1,1,READ,0x100002ae000,4096
27519,victim3,3,READ,0x300002b0000,4096
27549,victim2,2,READ,0x200002b6000,4096
27552,victim1,1,READ,0x100002af000,4096
27556,victim3,3,READ,0x300002b1000,4096
27579,victim1,1,READ,0x100002b0000,4096
27591,victim3,3,READ,0x300002b2000,4096
27595,victim2,2,WRITE,0x200002b7000,4096
27624,victim2,2,READ,0x200002b8000,4096
27627,victim1,1,READ,0x100002b1000,4096
27643,victim3,3,READ,0x300002b3000,4096
27664,victim1,1,READ,0x100002b2000,4096
27674,victim2,2,READ,0x200002b9000,4096
27674,victim3,3,READ,0x300002b4000,4096
27698,victim1,1,WRITE,0x100002b3000,4096
27710,victim3,3,READ,0x300002b5000,4096
27712,victim2,2,READ,0x200002ba000,4096
27743,victim2,2,READ,0x200002bb000,4096
27752,victim1,1,READ,0x100002b4000,4096
27764,victim3,3,READ,0x300002b6000,4096
27789,victim2,2,WRITE,0x200002bc000,4096
27790,victim1,1,READ,0x100002b5000,4096
27822,victim3,3,READ,0x300002b7000,4096
27824,victim2,2,READ,0x200002bd000,4096
27836,victim1,1,READ,0x100002b6000,4096
27869,victim1,1,READ,0x100002b7000,4096
27879,victim2,2,READ,0x200002be000,4096
27880,victim3,3,READ,0x300002b8000,4096
27893,victim1,1,READ,0x100002b8000,4096
27909,victim2,2,READ,0x200002bf000,4096
27928,victim3,3,READ,0x300002b9000,4096
27935,victim2,2,READ,0x200002c0000,4096
27948,victim1,1,READ,0x100002b9000,4096
27970,victim3,3,READ,0x300002ba000,4096
27971,victim2,2,READ,0x200002c1000,4096
27989,victim1,1,READ,0x100002ba000,4096
27992,victim2,2,READ,0x200002c2000,4096
28009,victim1,1,READ,0x100002bb000,4096
28010,victim3,3,READ,0x300002bb000,4096
28031,victim2,2,READ,0x200002c3000,4096
28052,victim1,1,READ,0x100002bc000,4096
28060,victim3,3,READ,0x300002bc000,4096
28072,victim2,2,READ,0x200002c4000,4096
28107,victim1,1,READ,0x100002bd000,4096
28112,victim2,2,WRITE,0x200002c5000,4096
28118,victim3,3,READ,0x300002bd000,4096
28134,victim1,1,READ,0x100002be000,4096
28135,victim2,2,READ,0x200002c6000,4096
28139,victim3,3,READ,0x300002be000,4096
28158,victim2,2,READ,0x200002c7000,4096
28190,victim1,1,READ,0x100002bf000,4096
28195,victim3,3,WRITE,0x300002bf000,4096
28218,victim2,2,WRITE,0x200002c8000,4096
28224,victim1,1,READ,0x100002c0000,4096
28246,victim1,1,WRITE,0x100002c1000,4096
28252,victim3,3,READ,0x300002c0000,4096
28262,victim2,2,READ,0x200002c9000,4096
28288,victim2,2,READ,0x200002ca000,4096
28289,victim1,1,READ,0x100002c2000,4096
28311,victim3,3,READ,0x300002c1000,4096
28323,victim2,2,READ,0x200002cb000,4096
28346,victim1,1,WRITE,0x100002c3000,4096
28349,victim3,3,READ,0x300002c2000,4096
28355,victim2,2,READ,0x200002cc000,4096
28377,victim2,2,READ,0x200002cd000,4096
28385,victim1,1,READ,0x100002c4000,4096
28385,victim3,3,READ,0x300002c3000,4096
28408,victim3,3,READ,0x300002c4000,4096
28415,victim2,2,WRITE,0x200002ce000,4096
28445,victim1,1,READ,0x100002c5000,4096
28451,victim3,3,READ,0x300002c5000,4096
28456,victim2,2,READ,0x200002cf000,4096
28493,victim3,3,READ,0x300002c6000,4096
28500,victim2,2,READ,0x200002d0000,4096
28501,victim1,1,READ,0x100002c6000,4096
28530,victim2,2,READ,0x200002d1000,4096
28545,victim1,1,WRITE,0x100002c7000,4096
28552,victim3,3,READ,0x300002c7000,4096
28574,victim2,2,READ,0x200002d2000,4096
28576,victim1,1,READ,0x100002c8000,4096
28579,victim3,3,READ,0x300002c8000,4096
28598,victim2,2,READ,0x200002d3000,4096
28605,victim3,3,READ,0x300002c9000,4096
28606,victim1,1,WRITE,0x100002c9000,4096
28619,victim2,2,READ,0x200002d4000,4096
28633,victim3,3,READ,0x300002ca000,4096
28636,victim1,1,READ,0x100002ca000,4096
28655,victim2,2,READ,0x200002d5000,4096
28660,victim3,3,READ,0x300002cb000,4096
28672,victim1,1,READ,0x100002cb000,4096
28679,victim2,2,READ,0x200002d6000,4096
28681,victim3,3,READ,0x300002cc000,4096
28705,victim1,1,READ,0x100002cc000,4096
28718,victim2,2,READ,0x200002d7000,4096
28730,victim1,1,READ,0x100002cd000,4096
28735,victim3,3,READ,0x300002cd000,4096
28763,victim1,1,READ,0x100002ce000,4096
28764,victim2,2,READ,0x200002d8000,4096
28778,victim3,3,READ,0x300002ce000,4096
28811,victim2,2,READ,0x200002d9000,4096
28813,victim1,1,READ,0x100002cf000,4096
28829,victim3,3,READ,0x300002cf000,4096
28836,victim2,2,READ,0x200002da000,4096
28841,victim1,1,READ,0x100002d0000,4096
28856,victim2,2,READ,0x200002db000,4096
28879,victim2,2,READ,0x200002dc000,4096
28883,victim3,3,READ,0x300002d0000,4096
28889,victim1,1,READ,0x100002d1000,4096
28918,victim2,2,READ,0x200002dd000,4096
28934,victim3,3,READ,0x300002d1000,4096
28946,victim1,1,READ,0x100002d2000,4096
28960,victim2,2,READ,0x200002de000,4096
28964,victim3,3,READ,0x300002d2000,4096
28995,victim2,2,READ,0x200002df000,4096
29002,victim1,1,READ,0x100002d3000,4096
29017,victim3,3,READ,0x300002d3000,4096
29025,victim1,1,READ,0x100002d4000,4096
29050,victim2,2,READ,0x200002e0000,4096
29054,victim3,3,READ,0x300002d4000,4096
29082,victim3,3,READ,0x300002d5000,4096
29083,victim1,1,READ,0x100002d5000,4096
29093,victim2,2,WRITE,0x200002e1000,4096
29110,victim3,3,READ,0x300002d6000,4096
29118,victim2,2,READ,0x200002e2000,4096
29138,victim1,1,READ,0x100002d6000,4096
29147,victim3,3,READ,0x300002d7000,4096
29176,victim2,2,READ,0x200002e3000,4096
29181,victim1,1,READ,0x100002d7000,4096
29206,victim3,3,READ,0x300002d8000,4096
29209,victim1,1,READ,0x100002d8000,4096
29211,victim2,2,READ,0x200002e4000,4096
29235,victim3,3,READ,0x300002d9000,4096
29251,victim2,2,READ,0x200002e5000,4096
29264,victim3,3,READ,0x300002da000,4096
29265,victim1,1,READ,0x100002d9000,4096
29286,victim2,2,READ,0x200002e6000,4096
29288,victim3,3,WRITE,0x300002db000,4096
29320,victim2,2,READ,0x200002e7000,4096
29323,victim1,1,READ,0x100002da000,4096
29343,victim3,3,READ,0x300002dc000,4096
29377,victim1,1,WRITE,0x100002db000,4096
29378,victim2,2,READ,0x200002e8000,4096
29382,victim3,3,WRITE,0x300002dd000,4096
29398,victim2,2,WRITE,0x200002e9000,4096
29420,victim1,1,READ,0x100002dc000,4096
29432,victim3,3,READ,0x300002de000,4096
29439,victim2,2,READ,0x200002ea000,4096
29450,victim1,1,READ,0x100002dd000,4096
29479,victim3,3,WRITE,0x300002df000,4096
29484,victim1,1,READ,0x100002de000,4096
29499,victim2,2,READ,0x200002eb000,4096
29512,victim3,3,READ,0x300002e0000,4096
29528,victim2,2,READ,0x200002ec000,4096
29537,victim1,1,READ,0x100002df000,4096
29556,victim3,3,READ,0x300002e1000,4096
29571,victim1,1,READ,0x100002e0000,4096
29571,victim2,2,READ,0x200002ed000,4096
29591,victim1,1,READ,0x100002e1000,4096
29601,victim2,2,READ,0x200002ee000,4096
29602,victim3,3,READ,0x300002e2000,4096
29615,victim1,1,READ,0x100002e2000,4096
29639,victim2,2,READ,0x200002ef000,4096
29649,victim1,1,READ,0x100002e3000,4096
29656,victim3,3,READ,0x300002e3000,4096
29665,victim2,2,READ,0x200002f0000,4096
29692,victim2,2,READ,0x200002f1000,4096
29702,victim1,1,READ,0x100002e4000,4096
29715,victim3,3,READ,0x300002e4000,4096
29721,victim2,2,READ,0x200002f2000,4096
29741,victim2,2,READ,0x200002f3000,4096
29752,victim3,3,WRITE,0x300002e5000,4096
29758,victim1,1,READ,0x100002e5000,4096
29789,victim1,1,READ,0x100002e6000,4096
29799,victim3,3,READ,0x300002e6000,4096
29801,victim2,2,READ,0x200002f4000,4096
29836,victim1,1,READ,0x100002e7000,4096
29844,victim3,3,READ,0x300002e7000,4096
29861,victim2,2,READ,0x200002f5000,4096
29889,victim1,1,READ,0x100002e8000,4096
29901,victim2,2,READ,0x200002f6000,4096
29903,victim3,3,READ,0x300002e8000,4096
29940,victim2,2,READ,0x200002f7000,4096
29940,victim3,3,READ,0x300002e9000,4096
29945,victim1,1,READ,0x100002e9000,4096
29965,victim2,2,READ,0x200002f8000,4096
29969,victim3,3,READ,0x300002ea000,4096
29993,victim2,2,READ,0x200002f9000,4096
29994,victim1,1,READ,0x100002ea000,4096
29998,victim3,3,READ,0x300002eb000,4096
30016,victim1,1,READ,0x100002eb000,4096
30016,victim2,2,READ,0x200002fa000,4096
30023,victim3,3,READ,0x300002ec000,4096
30041,victim1,1,READ,0x100002ec000,4096
30050,victim3,3,WRITE,0x300002ed000,4096
30066,victim2,2,READ,0x200002fb000,4096
30089,victim1,1,READ,0x100002ed000,4096
30090,victim3,3,READ,0x300002ee000,4096
30120,victim2,2,READ,0x200002fc000,4096
30140,victim1,1,READ,0x100002ee000,4096
30146,victim3,3,READ,0x300002ef000,4096
30149,victim2,2,READ,0x200002fd000,4096
30178,victim3,3,READ,0x300002f0000,4096
30191,victim2,2,READ,0x200002fe000,4096
30192,victim1,1,READ,0x100002ef000,4096
30198,victim3,3,READ,0x300002f1000,4096
30220,victim2,2,WRITE,0x200002ff000,4096
30228,victim1,1,READ,0x100002f0000,4096
30240,victim3,3,WRITE,0x300002f2000,4096
30258,victim2,2,READ,0x20000300000,4096
30260,victim3,3,READ,0x300002f3000,4096
30275,victim1,1,READ,0x100002f1000,4096
30311,victim2,2,READ,0x20000301000,4096
30318,victim3,3,READ,0x300002f4000,4096
30330,victim1,1,WRITE,0x100002f2000,4096
30353,victim2,2,READ,0x20000302000,4096
30364,victim3,3,READ,0x300002f5000,4096
30372,victim1,1,READ,0x100002f3000,4096
30393,victim3,3,READ,0x300002f6000,4096
30400,victim2,2,READ,0x20000303000,4096
30429,victim3,3,READ,0x300002f7000,4096
30430,victim1,1,READ,0x100002f4000,4096
30454,victim1,1,READ,0x100002f5000,4096
30457,victim2,2,READ,0x20000304000,4096
30486,victim2,2,READ,0x20000305000,4096
30488,victim3,3,READ,0x300002f8000,4096
30509,victim1,1,READ,0x100002f6000,4096
30510,victim2,2,WRITE,0x20000306000,4096
30540,victim2,2,READ,0x20000307000,4096
30548,victim3,3,READ,0x300002f9000,4096
30551,victim1,1,READ,0x100002f7000,4096
30590,victim3,3,READ,0x300002fa000,4096
30593,victim2,2,READ,0x20000308000,4096
30601,victim1,1,READ,0x100002f8000,4096
30621,victim1,1,READ,0x100002f9000,4096
30636,victim3,3,READ,0x300002fb000,4096
30642,victim2,2,READ,0x20000309000,4096
30675,victim1,1,READ,0x100002fa000,4096
30688,victim2,2,READ,0x2000030a000,4096
30691,victim3,3,WRITE,0x300002fc000,4096
30733,victim1,1,READ,0x100002fb000,4096
30736,victim3,3,READ,0x300002fd000,4096
30737,victim2,2,READ,0x2000030b000,4096
30762,victim2,2,WRITE,0x2000030c000,4096
30763,victim1,1,READ,0x100002fc000,4096
30771,victim3,3,READ,0x300002fe000,4096
30788,victim2,2,READ,0x2000030d000,4096
30810,victim3,3,READ,0x300002ff000,4096
30817,victim1,1,READ,0x100002fd000,4096
30833,victim3,3,WRITE,0x30000300000,4096
30840,victim2,2,READ,0x2000030e000,4096
30876,victim1,1,READ,0x100002fe000,4096
30882,victim3,3,READ,0x30000301000,4096
30891,victim2,2,READ,0x2000030f000,4096
30901,victim1,1,READ,0x100002ff000,4096
30915,victim3,3,READ,0x30000302000,4096
30930,victim2,2,READ,0x20000310000,4096
30956,victim2,2,READ,0x20000311000,4096
30956,victim3,3,READ,0x30000303000,4096
30961,victim1,1,READ,0x10000300000,4096
30995,victim2,2,READ,0x20000312000,4096
30995,victim3,3,READ,0x30000304000,4096
31006,victim1,1,READ,0x10000301000,4096
31031,victim2,2,READ,0x20000313000,4096
31033,victim3,3,READ,0x30000305000,4096
31054,victim1,1,READ,0x10000302000,4096
31056,victim3,3,READ,0x30000306000,4096
31071,victim2,2,READ,0x20000314000,4096
31109,victim1,1,READ,0x10000303000,4096
31110,victim2,2,WRITE,0x20000315000,4096
31113,victim3,3,READ,0x30000307000,4096
31155,victim2,2,READ,0x20000316000,4096
31165,victim3,3,READ,0x30000308000,4096
31168,victim1,1,READ,0x10000304000,4096
31180,victim2,2,READ,0x20000317000,4096
31203,victim2,2,READ,0x20000318000,4096
31217,victim1,1,READ,0x10000305000,4096
31219,victim3,3,READ,0x30000309000,4096
31249,victim1,1,READ,0x10000306000,4096
31257,victim2,2,READ,0x20000319000,4096
31264,victim3,3,READ,0x3000030a000,4096
31270,victim1,1,READ,0x10000307000,4096
31301,victim3,3,READ,0x3000030b000,4096
31311,victim1,1,READ,0x10000308000,4096
31314,victim2,2,READ,0x2000031a000,4096
31326,victim3,3,READ,0x3000030c000,4096
31334,victim2,2,READ,0x2000031b000,4096
31350,victim1,1,READ,0x10000309000,4096
31357,victim3,3,READ,0x3000030d000,4096
31371,victim2,2,READ,0x2000031c000,4096
31376,victim1,1,READ,0x1000030a000,4096
31398,victim1,1,READ,0x1000030b000,4096
31414,victim3,3,READ,0x3000030e000,4096
31425,victim2,2,WRITE,0x2000031d000,4096
31450,victim1,1,WRITE,0x1000030c000,4096
31453,victim3,3,READ,0x3000030f000,4096
31457,victim2,2,READ,0x2000031e000,4096
31493,victim3,3,READ,0x30000310000,4096
31507,victim1,1,READ,0x1000030d000,4096
31507,victim2,2,READ,0x2000031f000,4096
31538,victim1,1,READ,0x1000030e000,4096
31548,victim3,3,READ,0x30000311000,4096
31549,victim2,2,READ,0x20000320000,4096
31559,victim1,1,WRITE,0x1000030f000,4096
31594,victim2,2,READ,0x20000321000,4096
31600,victim1,1,READ,0x10000310000,4096
31606,victim3,3,READ,0x30000312000,4096
31623,victim1,1,READ,0x10000311000,4096
31626,victim3,3,READ,0x30000313000,4096
31631,victim2,2,READ,0x20000322000,4096
31665,victim1,1,READ,0x10000312000,4096
31682,victim2,2,READ,0x20000323000,4096
31685,victim3,3,READ,0x30000314000,4096
31703,victim1,1,WRITE,0x10000313000,4096
31736,victim2,2,READ,0x20000324000,4096
31743,victim3,3,READ,0x30000315000,4096
31756,victim1,1,READ,0x10000314000,4096
31762,victim2,2,READ,0x20000325000,4096
31789,victim3,3,READ,0x30000316000,4096
31800,victim2,2,READ,0x20000326000,4096
31802,victim1,1,READ,0x10000315000,4096
31817,victim3,3,WRITE,0x30000317000,4096
31843,victim1,1,READ,0x10000316000,4096
31848,victim2,2,READ,0x20000327000,4096
31856,victim3,3,READ,0x30000318000,4096
31865,victim1,1,READ,0x10000317000,4096
31875,victim2,2,READ,0x20000328000,4096
31876,victim3,3,READ,0x30000319000,4096
31889,victim1,1,READ,0x10000318000,4096
31906,victim2,2,READ,0x20000329000,4096
31913,victim1,1,READ,0x10000319000,4096
31928,victim3,3,READ,0x3000031a000,4096
31944,victim2,2,READ,0x2000032a000,4096
31961,victim3,3,READ,0x3000031b000,4096
31965,victim1,1,READ,0x1000031a000,4096
31981,victim2,2,READ,0x2000032b000,4096
32001,victim1,1,READ,0x1000031b000,4096
32005,victim3,3,READ,0x3000031c000,4096
32006,victim2,2,READ,0x2000032c000,4096
32036,victim2,2,READ,0x2000032d000,4096
32050,victim1,1,READ,0x1000031c000,4096
32065,victim3,3,READ,0x3000031d000,4096
32076,victim1,1,READ,0x1000031d000,4096
32084,victim2,2,READ,0x2000032e000,4096
32095,victim3,3,READ,0x3000031e000,4096
32105,victim1,1,READ,0x1000031e000,4096
32130,victim3,3,READ,0x3000031f000,4096
32134,victim2,2,READ,0x2000032f000,4096
32156,victim3,3,READ,0x30000320000,4096
32159,victim1,1,READ,0x1000031f000,4096
32193,victim2,2,READ,0x20000330000,4096
32200,victim1,1,READ,0x10000320000,4096
32205,victim3,3,READ,0x30000321000,4096
32228,victim2,2,READ,0x20000331000,4096
32244,victim3,3,READ,0x30000322000,4096
32259,victim1,1,READ,0x10000321000,4096
32282,victim1,1,READ,0x10000322000,4096
32282,victim2,2,READ,0x20000332000,4096
32304,victim3,3,READ,0x30000323000,4096
32326,victim1,1,READ,0x10000323000,4096
32334,victim2,2,READ,0x20000333000,4096
32335,victim3,3,WRITE,0x30000324000,4096
32350,victim1,1,READ,0x10000324000,4096
32365,victim2,2,READ,0x20000334000,4096
32372,victim3,3,READ,0x30000325000,4096
32389,victim2,2,READ,0x20000335000,4096
32398,victim3,3,READ,0x30000326000,4096
32408,victim1,1,READ,0x10000325000,4096
32437,victim2,2,READ,0x20000336000,4096
32455,victim1,1,READ,0x10000326000,4096
32456,victim3,3,READ,0x30000327000,4096
32464,victim2,2,READ,0x20000337000,4096
32499,victim2,2,READ,0x20000338000,4096
32504,victim3,3,READ,0x30000328000,4096
32506,victim1,1,READ,0x10000327000,4096
32537,victim2,2,READ,0x20000339000,4096
32540,victim3,3,READ,0x30000329000,4096
32545,victim1,1,READ,0x10000328000,4096
32566,victim1,1,READ,0x10000329000,4096
32579,victim3,3,READ,0x3000032a000,4096
32582,victim2,2,READ,0x2000033a000,4096
32587,victim1,1,READ,0x1000032a000,4096
32611,victim3,3,READ,0x3000032b000,4096
32622,victim2,2,READ,0x2000033b000,4096
32645,victim1,1,READ,0x1000032b000,4096
32646,victim3,3,READ,0x3000032c000,4096
32650,victim2,2,READ,0x2000033c000,4096
32671,victim3,3,READ,0x3000032d000,4096
32680,victim1,1,READ,0x1000032c000,4096
32700,victim2,2,READ,0x2000033d000,4096
32709,victim3,3,READ,0x3000032e000,4096
32723,victim1,1,READ,0x1000032d000,4096
32733,victim2,2,READ,0x2000033e000,4096
32748,victim3,3,READ,0x3000032f000,4096
32775,victim1,1,READ,0x1000032e000,4096
32786,victim2,2,READ,0x2000033f000,4096
32792,victim3,3,READ,0x30000330000,4096
32807,victim2,2,READ,0x20000340000,4096
32828,victim1,1,READ,0x1000032f000,4096
32833,victim2,2,READ,0x20000341000,4096
32833,victim3,3,WRITE,0x30000331000,4096
32856,victim1,1,READ,0x10000330000,4096
32872,victim3,3,READ,0x30000332000,4096
32884,victim2,2,WRITE,0x20000342000,4096
32898,victim3,3,READ,0x30000333000,4096
32904,victim1,1,READ,0x10000331000,4096
32919,victim2,2,READ,0x20000343000,4096
32936,victim3,3,READ,0x30000334000,4096
32961,victim1,1,READ,0x10000332000,4096
32973,victim2,2,READ,0x20000344000,4096
32981,victim3,3,READ,0x30000335000,4096
33001,victim3,3,READ,0x30000336000,4096
33016,victim1,1,READ,0x10000333000,4096
33016,victim2,2,READ,0x20000345000,4096
33048,victim3,3,READ,0x30000337000,4096
33055,victim1,1,READ,0x10000334000,4096
33072,victim2,2,READ,0x20000346000,4096
33075,victim3,3,READ,0x30000338000,4096
33092,victim1,1,WRITE,0x10000335000,4096
33102,victim3,3,READ,0x30000339000,4096
33111,victim2,2,READ,0x20000347000,4096
33137,victim2,2,READ,0x20000348000,4096
33141,victim1,1,READ,0x10000336000,4096
33143,victim3,3,WRITE,0x3000033a000,4096
33173,victim3,3,READ,0x3000033b000,4096
33180,victim2,2,READ,0x20000349000,4096
33200,victim1,1,READ,0x10000337000,4096
33205,victim2,2,READ,0x2000034a000,4096
33217,victim3,3,READ,0x3000033c000,4096
33235,victim2,2,WRITE,0x2000034b000,4096
33246,victim3,3,READ,0x3000033d000,4096
33257,victim2,2,READ,0x2000034c000,4096
33259,victim1,1,READ,0x10000338000,4096
33305,victim3,3,READ,0x3000033e000,4096
33309,victim2,2,READ,0x2000034d000,4096
33315,victim1,1,READ,0x10000339000,4096
33343,victim3,3,READ,0x3000033f000,4096
33360,victim2,2,READ,0x2000034e000,4096
33361,victim1,1,READ,0x1000033a000,4096
33382,victim2,2,READ,0x2000034f000,4096
33400,victim3,3,READ,0x30000340000,4096
33411,victim2,2,READ,0x20000350000,4096
33414,victim1,1,WRITE,0x1000033b000,4096
33433,victim2,2,READ,0x20000351000,4096
33437,victim1,1,READ,0x1000033c000,4096
33454,victim3,3,READ,0x30000341000,4096
33475,victim2,2,READ,0x20000352000,4096
33475,victim3,3,READ,0x30000342000,4096
33478,victim1,1,READ,0x1000033d000,4096
33506,victim1,1,READ,0x1000033e000,4096
33506,victim2,2,READ,0x20000353000,4096
33526,victim3,3,READ,0x30000343000,4096
33535,victim2,2,WRITE,0x20000354000,4096
33536,victim1,1,READ,0x1000033f000,4096
33546,victim3,3,READ,0x30000344000,4096
33556,victim1,1,READ,0x10000340000,4096
33569,victim2,2,READ,0x20000355000,4096
33591,victim3,3,READ,0x30000345000,4096
33595,victim1,1,READ,0x10000341000,4096
33628,victim2,2,READ,0x20000356000,4096
33643,victim3,3,READ,0x30000346000,4096
33645,victim1,1,READ,0x10000342000,4096
33650,victim2,2,READ,0x20000357000,4096
33666,victim1,1,READ,0x10000343000,4096
33677,victim3,3,READ,0x30000347000,4096
33691,victim1,1,READ,0x10000344000,4096
33703,victim2,2,READ,0x20000358000,4096
33718,victim3,3,READ,0x30000348000,4096
33731,victim1,1,READ,0x10000345000,4096
33743,victim3,3,READ,0x30000349000,4096
33744,victim2,2,READ,0x20000359000,4096
33756,victim1,1,READ,0x10000346000,4096
33774,victim3,3,READ,0x3000034a000,4096
33783,victim2,2,READ,0x2000035a000,4096
33792,victim1,1,READ,0x10000347000,4096
33813,victim2,2,READ,0x2000035b000,4096
33828,victim3,3,READ,0x3000034b000,4096
33835,victim2,2,READ,0x2000035c000,4096
33847,victim1,1,READ,0x10000348000,4096
33856,victim3,3,READ,0x3000034c000,4096
33869,victim2,2,READ,0x2000035d000,4096
33879,victim1,1,READ,0x10000349000,4096
33909,victim2,2,READ,0x2000035e000,4096
33911,victim3,3,READ,0x3000034d000,4096
33924,victim1,1,READ,0x1000034a000,4096
33941,victim2,2,READ,0x2000035f000,4096
33964,victim3,3,WRITE,0x3000034e000,4096
33965,victim1,1,READ,0x1000034b000,4096
33968,victim2,2,READ,0x20000360000,4096
34000,victim3,3,READ,0x3000034f000,4096
34023,victim1,1,READ,0x1000034c000,4096
34024,victim2,2,READ,0x20000361000,4096
34048,victim3,3,WRITE,0x30000350000,4096
34062,victim1,1,READ,0x1000034d000,4096
34077,victim2,2,READ,0x20000362000,4096
34087,victim1,1,READ,0x1000034e000,4096
34092,victim3,3,READ,0x30000351000,4096
34107,victim2,2,READ,0x20000363000,4096
34140,victim2,2,READ,0x20000364000,4096
34141,victim3,3,READ,0x30000352000,4096
34146,victim1,1,READ,0x1000034f000,4096
34171,victim1,1,READ,0x10000350000,4096
34190,victim2,2,READ,0x20000365000,4096
34193,victim3,3,READ,0x30000353000,4096
34214,victim3,3,READ,0x30000354000,4096
34220,victim1,1,READ,0x10000351000,4096
34229,victim2,2,READ,0x20000366000,4096
34255,victim1,1,READ,0x10000352000,4096
34261,victim2,2,READ,0x20000367000,4096
34271,victim3,3,READ,0x30000355000,4096
34290,victim1,1,READ,0x10000353000,4096
34300,victim3,3,READ,0x30000356000,4096
34321,victim2,2,READ,0x20000368000,4096
34334,victim1,1,READ,0x10000354000,4096
34339,victim3,3,READ,0x30000357000,4096
34352,victim2,2,READ,0x20000369000,4096
34368,victim3,3,READ,0x30000358000,4096
34384,victim1,1,READ,0x10000355000,4096
34409,victim2,2,READ,0x2000036a000,4096
34410,victim1,1,READ,0x10000356000,4096
34420,victim3,3,WRITE,0x30000359000,4096
34437,victim2,2,READ,0x2000036b000,4096
34453,victim3,3,READ,0x3000035a000,4096
34457,victim1,1,READ,0x10000357000,4096
34485,victim2,2,WRITE,0x2000036c000,4096
34489,victim3,3,READ,0x3000035b000,4096
34512,victim2,2,READ,0x2000036d000,4096
34515,victim3,3,WRITE,0x3000035c000,4096
34517,victim1,1,READ,0x10000358000,4096
34535,victim2,2,READ,0x2000036e000,4096
34565,victim1,1,READ,0x10000359000,4096
34567,victim3,3,READ,0x3000035d000,4096
34573,victim2,2,READ,0x2000036f000,4096
34589,victim1,1,READ,0x1000035a000,4096
34601,victim3,3,READ,0x3000035e000,4096
34617,victim1,1,READ,0x1000035b000,4096
34623,victim2,2,READ,0x20000370000,4096
34642,victim3,3,WRITE,0x3000035f000,4096
34648,victim1,1,READ,0x1000035c000,4096
34680,victim2,2,READ,0x20000371000,4096
34702,victim1,1,READ,0x1000035d000,4096
34702,victim3,3,READ,0x30000360000,4096
34715,victim2,2,READ,0x20000372000,4096
34741,victim1,1,READ,0x1000035e000,4096
34746,victim3,3,READ,0x30000361000,4096
34760,victim2,2,READ,0x20000373000,4096
34783,victim2,2,READ,0x20000374000,4096
34788,victim1,1,READ,0x1000035f000,4096
34799,victim3,3,READ,0x30000362000,4096
34804,victim2,2,READ,0x20000375000,4096
34811,victim1,1,READ,0x10000360000,4096
34826,victim2,2,READ,0x20000376000,4096
34832,victim1,1,READ,0x10000361000,4096
34852,victim3,3,READ,0x30000363000,4096
34865,victim2,2,READ,0x20000377000,4096
34886,victim1,1,READ,0x10000362000,4096
34899,victim2,2,READ,0x20000378000,4096
34899,victim3,3,READ,0x30000364000,4096
34930,victim2,2,READ,0x20000379000,4096
34937,victim1,1,READ,0x10000363000,4096
34950,victim3,3,READ,0x30000365000,4096
34987,victim2,2,READ,0x2000037a000,4096
34988,victim3,3,READ,0x30000366000,4096
34995,victim1,1,READ,0x10000364000,4096
35014,victim2,2,WRITE,0x2000037b000,4096
35015,victim1,1,READ,0x10000365000,4096
35042,victim2,2,READ,0x2000037c000,4096
35046,victim3,3,WRITE,0x30000367000,4096
35057,victim1,1,READ,0x10000366000,4096
35088,victim3,3,READ,0x30000368000,4096
35091,victim1,1,WRITE,0x10000367000,4096
35092,victim2,2,READ,0x2000037d000,4096
35121,victim3,3,READ,0x30000369000,4096
35127,victim2,2,READ,0x2000037e000,4096
35141,victim1,1,READ,0x10000368000,4096
35168,victim3,3,READ,0x3000036a000,4096
35183,victim1,1,READ,0x10000369000,4096
35185,victim2,2,READ,0x2000037f000,4096
35226,victim3,3,READ,0x3000036b000,4096
35227,victim1,1,READ,0x1000036a000,4096
35242,victim2,2,READ,0x20000380000,4096
35251,victim1,1,READ,0x1000036b000,4096
35267,victim3,3,READ,0x3000036c000,4096
35274,victim2,2,READ,0x20000381000,4096
35306,victim2,2,READ,0x20000382000,4096
35309,victim1,1,READ,0x1000036c000,4096
35322,victim3,3,READ,0x3000036d000,4096
35332,victim2,2,READ,0x20000383000,4096
35335,victim1,1,READ,0x1000036d000,4096
35369,victim1,1,READ,0x1000036e000,4096
35370,victim3,3,READ,0x3000036e000,4096
35390,victim1,1,READ,0x1000036f000,4096
35391,victim2,2,READ,0x20000384000,4096
35403,victim3,3,READ,0x3000036f000,4096
35410,victim1,1,READ,0x10000370000,4096
35429,victim3,3,WRITE,0x30000370000,4096
35441,victim2,2,READ,0x20000385000,4096
35444,victim1,1,WRITE,0x10000371000,4096
35466,victim2,2,WRITE,0x20000386000,4096
35482,victim1,1,READ,0x10000372000,4096
35482,victim3,3,READ,0x30000371000,4096
35497,victim2,2,READ,0x20000387000,4096
35531,victim1,1,READ,0x10000373000,4096
35540,victim2,2,READ,0x20000388000,4096
35540,victim3,3,READ,0x30000372000,4096
35560,victim1,1,READ,0x10000374000,4096
35570,victim3,3,READ,0x30000373000,4096
35580,victim2,2,READ,0x20000389000,4096
35599,victim1,1,READ,0x10000375000,4096
35612,victim2,2,READ,0x2000038a000,4096
35617,victim3,3,READ,0x30000374000,4096
35633,victim1,1,READ,0x10000376000,4096
35657,victim3,3,WRITE,0x30000375000,4096
35663,victim2,2,READ,0x2000038b000,4096
35679,victim3,3,READ,0x30000376000,4096
35690,victim1,1,READ,0x10000377000,4096
35696,victim2,2,READ,0x2000038c000,4096
35722,victim3,3,READ,0x30000377000,4096
35727,victim2,2,WRITE,0x2000038d000,4096
35743,victim1,1,READ,0x10000378000,4096
35749,victim3,3,READ,0x30000378000,4096
35759,victim2,2,READ,0x2000038e000,4096
35775,victim3,3,READ,0x30000379000,4096
35798,victim1,1,READ,0x10000379000,4096
35805,victim3,3,READ,0x3000037a000,4096
35811,victim2,2,READ,0x2000038f000,4096
35842,victim2,2,READ,0x20000390000,4096
35850,victim1,1,READ,0x1000037a000,4096
35854,victim3,3,WRITE,0x3000037b000,4096
35883,victim2,2,WRITE,0x20000391000,4096
35888,victim3,3,READ,0x3000037c000,4096
35909,victim1,1,READ,0x1000037b000,4096
35920,victim3,3,READ,0x3000037d000,4096
35940,victim2,2,READ,0x20000392000,4096
35949,victim1,1,READ,0x1000037c000,4096
35973,victim3,3,READ,0x3000037e000,4096
35993,victim2,2,READ,0x20000393000,4096
36003,victim1,1,READ,0x1000037d000,4096
36020,victim3,3,READ,0x3000037f000,4096
36031,victim2,2,READ,0x20000394000,4096
36046,victim1,1,READ,0x1000037e000,4096
36046,victim3,3,READ,0x30000380000,4096
36055,victim2,2,READ,0x20000395000,4096
36082,victim1,1,READ,0x1000037f000,4096
36088,victim3,3,READ,0x30000381000,4096
36113,victim2,2,READ,0x20000396000,4096
36117,victim3,3,READ,0x30000382000,4096
36141,victim1,1,READ,0x10000380000,4096
36161,victim2,2,READ,0x20000397000,4096
36170,victim3,3,READ,0x30000383000,4096
36174,victim1,1,READ,0x10000381000,4096
36206,victim2,2,READ,0x20000398000,4096
36220,victim1,1,READ,0x10000382000,4096
36220,victim3,3,READ,0x30000384000,4096
36236,victim2,2,WRITE,0x20000399000,4096
36240,victim3,3,READ,0x30000385000,4096
36272,victim1,1,READ,0x10000383000,4096
36285,victim2,2,READ,0x2000039a000,4096
36287,victim3,3,READ,0x30000386000,4096
36316,victim1,1,READ,0x10000384000,4096
36317,victim3,3,READ,0x30000387000,4096
36330,victim2,2,WRITE,0x2000039b000,4096
36351,victim2,2,READ,0x2000039c000,4096
36354,victim3,3,READ,0x30000388000,4096
36374,victim1,1,READ,0x10000385000,4096
36410,victim2,2,READ,0x2000039d000,4096
36410,victim3,3,READ,0x30000389000,4096
36422,victim1,1,READ,0x10000386000,4096
36445,victim2,2,READ,0x2000039e000,4096
36453,victim1,1,WRITE,0x10000387000,4096
36458,victim3,3,READ,0x3000038a000,4096
36479,victim2,2,READ,0x2000039f000,4096
36502,victim1,1,READ,0x10000388000,4096
36512,victim3,3,READ,0x3000038b000,4096
36530,victim2,2,READ,0x200003a0000,4096
36544,victim1,1,READ,0x10000389000,4096
36550,victim2,2,READ,0x200003a1000,4096
36556,victim3,3,READ,0x3000038c000,4096
36568,victim1,1,WRITE,0x1000038a000,4096
36576,victim3,3,READ,0x3000038d000,4096
36589,victim1,1,READ,0x1000038b000,4096
36607,victim2,2,READ,0x200003a2000,4096
36619,victim1,1,READ,0x1000038c000,4096
36629,victim3,3,READ,0x3000038e000,4096
36636,victim2,2,READ,0x200003a3000,4096
36651,victim3,3,READ,0x3000038f000,4096
36655,victim1,1,READ,0x1000038d000,4096
36669,victim2,2,READ,0x200003a4000,4096
36686,victim3,3,READ,0x30000390000,4096
36688,victim1,1,READ,0x1000038e000,4096
36698,victim2,2,WRITE,0x200003a5000,4096
36729,victim3,3,WRITE,0x30000391000,4096
36734,victim1,1,READ,0x1000038f000,4096
36750,victim2,2,READ,0x200003a6000,4096
36754,victim1,1,READ,0x10000390000,4096
36772,victim3,3,READ,0x30000392000,4096
36789,victim1,1,READ,0x10000391000,4096
36805,victim2,2,READ,0x200003a7000,4096
36817,victim3,3,READ,0x30000393000,4096
36830,victim2,2,READ,0x200003a8000,4096
36838,victim1,1,READ,0x10000392000,4096
36847,victim3,3,READ,0x30000394000,4096
36850,victim2,2,READ,0x200003a9000,4096
36880,victim2,2,READ,0x200003aa000,4096
36884,victim1,1,READ,0x10000393000,4096
36904,victim3,3,READ,0x30000395000,4096
36915,victim2,2,READ,0x200003ab000,4096
36931,victim1,1,READ,0x10000394000,4096
36947,victim2,2,READ,0x200003ac000,4096
36947,victim3,3,WRITE,0x30000396000,4096
36971,victim1,1,READ,0x10000395000,4096
36978,victim2,2,READ,0x200003ad000,4096
36983,victim3,3,READ,0x30000397000,4096
37003,victim3,3,READ,0x30000398000,4096
37008,victim1,1,READ,0x10000396000,4096
37025,victim2,2,WRITE,0x200003ae000,4096
37041,victim1,1,WRITE,0x10000397000,4096
37056,victim3,3,READ,0x30000399000,4096
37082,victim1,1,READ,0x10000398000,4096
37082,victim2,2,READ,0x200003af000,4096
37105,victim2,2,READ,0x200003b0000,4096
37107,victim3,3,READ,0x3000039a000,4096
37113,victim1,1,READ,0x10000399000,4096
37137,victim2,2,READ,0x200003b1000,4096
37144,victim3,3,READ,0x3000039b000,4096
37161,victim1,1,READ,0x1000039a000,4096
37166,victim3,3,READ,0x3000039c000,4096
37181,victim2,2,WRITE,0x200003b2000,4096
37198,victim1,1,READ,0x1000039b000,4096
37202,victim2,2,READ,0x200003b3000,4096
37203,victim3,3,READ,0x3000039d000,4096
37253,victim1,1,READ,0x1000039c000,4096
37256,victim3,3,READ,0x3000039e000,4096
37262,victim2,2,READ,0x200003b4000,4096
37291,victim2,2,READ,0x200003b5000,4096
37302,victim1,1,READ,0x1000039d000,4096
37312,victim2,2,READ,0x200003b6000,4096
37314,victim3,3,READ,0x3000039f000,4096
37325,victim1,1,READ,0x1000039e000,4096
37359,victim3,3,READ,0x300003a0000,4096
37362,victim2,2,READ,0x200003b7000,4096
37366,victim1,1,READ,0x1000039f000,4096
37389,victim1,1,READ,0x100003a0000,4096
37403,victim2,2,READ,0x200003b8000,4096
37403,victim3,3,READ,0x300003a1000,4096
37418,victim1,1,READ,0x100003a1000,4096
37435,victim3,3,READ,0x300003a2000,4096
37447,victim1,1,WRITE,0x100003a2000,4096
37449,victim2,2,READ,0x200003b9000,4096
37467,victim3,3,READ,0x300003a3000,4096
37475,victim2,2,READ,0x200003ba000,4096
37490,victim1,1,READ,0x100003a3000,4096
37496,victim3,3,READ,0x300003a4000,4096
37506,victim2,2,READ,0x200003bb000,4096
37520,victim3,3,READ,0x300003a5000,4096
37531,victim2,2,READ,0x200003bc000,4096
37534,victim1,1,READ,0x100003a4000,4096
37543,victim3,3,READ,0x300003a6000,4096
37555,victim1,1,READ,0x100003a5000,4096
37569,victim2,2,READ,0x200003bd000,4096
37579,victim1,1,WRITE,0x100003a6000,4096
37579,victim3,3,READ,0x300003a7000,4096
37593,victim2,2,READ,0x200003be000,4096
37604,victim3,3,READ,0x300003a8000,4096
37639,victim1,1,READ,0x100003a7000,4096
37645,victim2,2,READ,0x200003bf000,4096
37650,victim3,3,READ,0x300003a9000,4096
37688,victim1,1,READ,0x100003a8000,4096
37696,victim2,2,READ,0x200003c0000,4096
37704,victim3,3,READ,0x300003aa000,4096
37740,victim2,2,WRITE,0x200003c1000,4096
37745,victim1,1,READ,0x100003a9000,4096
37760,victim3,3,READ,0x300003ab000,4096
37790,victim3,3,READ,0x300003ac000,4096
37794,victim2,2,READ,0x200003c2000,4096
37797,victim1,1,READ,0x100003aa000,4096
37816,victim3,3,READ,0x300003ad000,4096
37827,victim2,2,READ,0x200003c3000,4096
37847,victim1,1,READ,0x100003ab000,4096
37859,victim2,2,READ,0x200003c4000,4096
37859,victim3,3,READ,0x300003ae000,4096
37874,victim1,1,WRITE,0x100003ac000,4096
37884,victim2,2,READ,0x200003c5000,4096
37890,victim3,3,READ,0x300003af000,4096
37919,victim2,2,READ,0x200003c6000,4096
37921,victim1,1,READ,0x100003ad000,4096
37926,victim3,3,READ,0x300003b0000,4096
37973,victim1,1,READ,0x100003ae000,4096
37973,victim2,2,READ,0x200003c7000,4096
37986,victim3,3,READ,0x300003b1000,4096
37997,victim1,1,READ,0x100003af000,4096
38012,victim2,2,READ,0x200003c8000,4096
38015,victim3,3,READ,0x300003b2000,4096
38017,victim1,1,READ,0x100003b0000,4096
38033,victim2,2,READ,0x200003c9000,4096
38037,victim1,1,READ,0x100003b1000,4096
38065,victim2,2,READ,0x200003ca000,4096
38071,victim1,1,READ,0x100003b2000,4096
38071,victim3,3,READ,0x300003b3000,4096
38098,victim3,3,READ,0x300003b4000,4096
38100,victim2,2,READ,0x200003cb000,4096
38118,victim1,1,READ,0x100003b3000,4096
38128,victim2,2,READ,0x200003cc000,4096
38150,victim3,3,READ,0x300003b5000,4096
38165,victim1,1,READ,0x100003b4000,4096
38183,victim2,2,WRITE,0x200003cd000,4096
38190,victim1,1,READ,0x100003b5000,4096
38196,victim3,3,READ,0x300003b6000,4096
38206,victim2,2,READ,0x200003ce000,4096
38224,victim1,1,READ,0x100003b6000,4096
38233,victim2,2,READ,0x200003cf000,4096
38237,victim3,3,READ,0x300003b7000,4096
38262,victim1,1,READ,0x100003b7000,4096
38275,victim2,2,READ,0x200003d0000,4096
38295,victim3,3,READ,0x300003b8000,4096
38320,victim1,1,WRITE,0x100003b8000,4096
38322,victim2,2,READ,0x200003d1000,4096
38325,victim3,3,READ,0x300003b9000,4096
38351,victim1,1,READ,0x100003b9000,4096
38352,victim2,2,READ,0x200003d2000,4096
38365,victim3,3,READ,0x300003ba000,4096
38379,victim2,2,READ,0x200003d3000,4096
38387,victim1,1,READ,0x100003ba000,4096
38387,victim3,3,WRITE,0x300003bb000,4096
38432,victim2,2,READ,0x200003d4000,4096
38443,victim3,3,READ,0x300003bc000,4096
38445,victim1,1,READ,0x100003bb000,4096
38467,victim2,2,READ,0x200003d5000,4096
38480,victim3,3,READ,0x300003bd000,4096
38494,victim2,2,READ,0x200003d6000,4096
38502,victim1,1,READ,0x100003bc000,4096
38527,victim1,1,READ,0x100003bd000,4096
38533,victim3,3,READ,0x300003be000,4096
38539,victim2,2,READ,0x200003d7000,4096
38560,victim3,3,READ,0x300003bf000,4096
38572,victim1,1,READ,0x100003be000,4096
38577,victim2,2,READ,0x200003d8000,4096
38602,victim1,1,READ,0x100003bf000,4096
38605,victim3,3,READ,0x300003c0000,4096
38628,victim3,3,READ,0x300003c1000,4096
38630,victim2,2,READ,0x200003d9000,4096
38643,victim1,1,READ,0x100003c0000,4096
38657,victim3,3,READ,0x300003c2000,4096
38675,victim2,2,READ,0x200003da000,4096
38683,victim1,1,READ,0x100003c1000,4096
38715,victim3,3,READ,0x300003c3000,4096
38720,victim2,2,READ,0x200003db000,4096
38741,victim1,1,READ,0x100003c2000,4096
38750,victim2,2,READ,0x200003dc000,4096
38766,victim3,3,READ,0x300003c4000,4096
38773,victim2,2,READ,0x200003dd000,4096
38776,victim1,1,READ,0x100003c3000,4096
38804,victim3,3,READ,0x300003c5000,4096
38810,victim1,1,READ,0x100003c4000,4096
38826,victim2,2,READ,0x200003de000,4096
38828,victim3,3,READ,0x300003c6000,4096
38847,victim1,1,READ,0x100003c5000,4096
38850,victim2,2,WRITE,0x200003df000,4096
38852,victim3,3,READ,0x300003c7000,4096
38872,victim3,3,READ,0x300003c8000,4096
38875,victim2,2,READ,0x200003e0000,4096
38890,victim1,1,READ,0x100003c6000,4096
38893,victim3,3,READ,0x300003c9000,4096
38912,victim2,2,WRITE,0x200003e1000,4096
38922,victim1,1,READ,0x100003c7000,4096
38934,victim3,3,READ,0x300003ca000,4096
38955,victim2,2,READ,0x200003e2000,4096
38977,victim1,1,READ,0x100003c8000,4096
38991,victim3,3,READ,0x300003cb000,4096
39001,victim2,2,READ,0x200003e3000,4096
39010,victim1,1,READ,0x100003c9000,4096
39036,victim1,1,READ,0x100003ca000,4096
39043,victim3,3,READ,0x300003cc000,4096
39044,victim2,2,READ,0x200003e4000,4096
39072,victim1,1,READ,0x100003cb000,4096
39080,victim3,3,WRITE,0x300003cd000,4096
39093,victim2,2,READ,0x200003e5000,4096
39113,victim2,2,READ,0x200003e6000,4096
39124,victim3,3,READ,0x300003ce000,4096
39125,victim1,1,READ,0x100003cc000,4096
39134,victim2,2,READ,0x200003e7000,4096
39155,victim2,2,WRITE,0x200003e8000,4096
39161,victim3,3,READ,0x300003cf000,4096
39172,victim1,1,READ,0x100003cd000,4096
39191,victim3,3,READ,0x300003d0000,4096
39207,victim2,2,READ,0x200003e9000,4096
39213,victim1,1,READ,0x100003ce000,4096
39216,victim3,3,READ,0x300003d1000,4096
39240,victim3,3,WRITE,0x300003d2000,4096
39249,victim2,2,READ,0x200003ea000,4096
39250,victim1,1,READ,0x100003cf000,4096
39280,victim3,3,WRITE,0x300003d3000,4096
39289,victim1,1,READ,0x100003d0000,4096
39291,victim2,2,READ,0x200003eb000,4096
39328,victim1,1,READ,0x100003d1000,4096
39331,victim3,3,READ,0x300003d4000,4096
39343,victim2,2,READ,0x200003ec000,4096
39376,victim2,2,READ,0x200003ed000,4096
39384,victim3,3,READ,0x300003d5000,4096
39385,victim1,1,READ,0x100003d2000,4096
39406,victim1,1,READ,0x100003d3000,4096
39417,victim3,3,READ,0x300003d6000,4096
39430,victim2,2,READ,0x200003ee000,4096
39436,victim1,1,READ,0x100003d4000,4096
39459,victim1,1,READ,0x100003d5000,4096
39463,victim3,3,READ,0x300003d7000,4096
39483,victim2,2,READ,0x200003ef000,4096
39501,victim3,3,READ,0x300003d8000,4096
39511,victim2,2,READ,0x200003f0000,4096
39517,victim1,1,READ,0x100003d6000,4096
39540,victim1,1,READ,0x100003d7000,4096
39541,victim2,2,READ,0x200003f1000,4096
39549,victim3,3,READ,0x300003d9000,4096
39586,victim1,1,READ,0x100003d8000,4096
39596,victim3,3,READ,0x300003da000,4096
39598,victim2,2,READ,0x200003f2000,4096
39630,victim1,1,READ,0x100003d9000,4096
39641,victim3,3,READ,0x300003db000,4096
39652,victim2,2,READ,0x200003f3000,4096
39662,victim3,3,READ,0x300003dc000,4096
39669,victim1,1,READ,0x100003da000,4096
39693,victim1,1,READ,0x100003db000,4096
39697,victim2,2,READ,0x200003f4000,4096
39715,victim3,3,READ,0x300003dd000,4096
39718,victim2,2,READ,0x200003f5000,4096
39740,victim2,2,READ,0x200003f6000,4096
39743,victim1,1,READ,0x100003dc000,4096
39768,victim3,3,READ,0x300003de000,4096
39779,victim2,2,READ,0x200003f7000,4096
39781,victim1,1,READ,0x100003dd000,4096
39788,victim3,3,READ,0x300003df000,4096
39814,victim1,1,WRITE,0x100003de000,4096
39821,victim2,2,WRITE,0x200003f8000,4096
39821,victim3,3,READ,0x300003e0000,4096
39863,victim1,1,WRITE,0x100003df000,4096
39880,victim2,2,READ,0x200003f9000,4096
39880,victim3,3,READ,0x300003e1000,4096
39890,victim1,1,READ,0x100003e0000,4096
39915,victim1,1,READ,0x100003e1000,4096
39918,victim3,3,READ,0x300003e2000,4096
39922,victim2,2,READ,0x200003fa000,4096
39956,victim3,3,READ,0x300003e3000,4096
39966,victim1,1,READ,0x100003e2000,4096
39981,victim2,2,READ,0x200003fb000,4096
39987,victim3,3,READ,0x300003e4000,4096
40009,victim1,1,READ,0x100003e3000,4096
40024,victim2,2,WRITE,0x200003fc000,4096
40043,victim3,3,READ,0x300003e5000,4096
40066,victim1,1,READ,0x100003e4000,4096
40075,victim3,3,READ,0x300003e6000,4096
40083,victim2,2,READ,0x200003fd000,4096
40111,victim1,1,READ,0x100003e5000,4096
40116,victim3,3,READ,0x300003e7000,4096
40128,victim2,2,READ,0x200003fe000,4096
40152,victim2,2,WRITE,0x200003ff000,4096
40152,victim3,3,READ,0x300003e8000,4096
40160,victim1,1,READ,0x100003e6000,4096
40192,victim2,2,READ,0x20000400000,4096
40193,victim1,1,WRITE,0x100003e7000,4096
40198,victim3,3,READ,0x300003e9000,4096
40220,victim3,3,READ,0x300003ea000,4096
40240,victim1,1,WRITE,0x100003e8000,4096
40242,victim2,2,READ,0x20000401000,4096
40250,victim3,3,WRITE,0x300003eb000,4096
40265,victim1,1,READ,0x100003e9000,4096
40281,victim3,3,READ,0x300003ec000,4096
40292,victim2,2,READ,0x20000402000,4096
40314,victim1,1,READ,0x100003ea000,4096
40319,victim3,3,READ,0x300003ed000,4096
40350,victim2,2,READ,0x20000403000,4096
40351,victim1,1,READ,0x100003eb000,4096
40352,victim3,3,READ,0x300003ee000,4096
40370,victim2,2,READ,0x20000404000,4096
40381,victim1,1,READ,0x100003ec000,4096
40389,victim3,3,READ,0x300003ef000,4096
40413,victim3,3,READ,0x300003f0000,4096
40414,victim2,2,READ,0x20000405000,4096
40440,victim1,1,READ,0x100003ed000,4096
40451,victim3,3,READ,0x300003f1000,4096
40465,victim2,2,READ,0x20000406000,4096
40475,victim3,3,READ,0x300003f2000,4096
40476,victim1,1,READ,0x100003ee000,4096
40499,victim1,1,READ,0x100003ef000,4096
40505,victim2,2,READ,0x20000407000,4096
40511,victim3,3,READ,0x300003f3000,4096
40538,victim3,3,READ,0x300003f4000,4096
40552,victim1,1,READ,0x100003f0000,4096
40558,victim2,2,READ,0x20000408000,4096
40579,victim3,3,WRITE,0x300003f5000,4096
40590,victim2,2,READ,0x20000409000,4096
40596,victim1,1,READ,0x100003f1000,4096
40612,victim2,2,READ,0x2000040a000,4096
40622,victim1,1,READ,0x100003f2000,4096
40628,victim3,3,READ,0x300003f6000,4096
40644,victim2,2,READ,0x2000040b000,4096
40659,victim1,1,READ,0x100003f3000,4096
40669,victim3,3,READ,0x300003f7000,4096
40673,victim2,2,READ,0x2000040c000,4096
40698,victim3,3,READ,0x300003f8000,4096
40714,victim1,1,WRITE,0x100003f4000,4096
40725,victim2,2,READ,0x2000040d000,4096
40740,victim3,3,READ,0x300003f9000,4096
40773,victim1,1,READ,0x100003f5000,4096
40775,victim2,2,READ,0x2000040e000,4096
40787,victim3,3,READ,0x300003fa000,4096
40819,victim1,1,READ,0x100003f6000,4096
40829,victim2,2,READ,0x2000040f000,4096
40834,victim3,3,READ,0x300003fb000,4096
40856,victim1,1,WRITE,0x100003f7000,4096
40863,victim3,3,READ,0x300003fc000,4096
40871,victim2,2,READ,0x20000410000,4096
40881,victim1,1,READ,0x100003f8000,4096
40912,victim1,1,READ,0x100003f9000,4096
40917,victim3,3,READ,0x300003fd000,4096
40931,victim2,2,READ,0x20000411000,4096
40934,victim1,1,WRITE,0x100003fa000,4096
40959,victim1,1,READ,0x100003fb000,4096
40968,victim3,3,READ,0x300003fe000,4096
40973,victim2,2,READ,0x20000412000,4096
40982,victim1,1,READ,0x100003fc000,4096
40996,victim2,2,READ,0x20000413000,4096
41015,victim3,3,READ,0x300003ff000,4096
41034,victim1,1,READ,0x100003fd000,4096
41049,victim3,3,READ,0x30000400000,4096
41054,victim2,2,READ,0x20000414000,4096
41073,victim3,3,READ,0x30000401000,4096
41076,victim1,1,READ,0x100003fe000,4096
41104,victim3,3,READ,0x30000402000,4096
41113,victim2,2,READ,0x20000415000,4096
41115,victim1,1,READ,0x100003ff000,4096
41134,victim3,3,READ,0x30000403000,4096
41142,victim1,1,READ,0x10000400000,4096
41164,victim2,2,READ,0x20000416000,4096
41173,victim1,1,READ,0x10000401000,4096
41188,victim3,3,READ,0x30000404000,4096
41206,victim2,2,WRITE,0x20000417000,4096
41207,victim1,1,READ,0x10000402000,4096
41214,victim3,3,READ,0x30000405000,4096
41234,victim2,2,WRITE,0x20000418000,4096
41236,victim1,1,READ,0x10000403000,4096
41257,victim2,2,READ,0x20000419000,4096
41269,victim1,1,READ,0x10000404000,4096
41274,victim3,3,READ,0x30000406000,4096
41286,victim2,2,READ,0x2000041a000,4096
41300,victim3,3,READ,0x30000407000,4096
41305,victim1,1,READ,0x10000405000,4096
41329,victim2,2,READ,0x2000041b000,4096
41330,victim1,1,READ,0x10000406000,4096
41357,victim3,3,READ,0x30000408000,4096
41366,victim1,1,READ,0x10000407000,4096
41377,victim2,2,READ,0x2000041c000,4096
41378,victim3,3,WRITE,0x30000409000,4096
41413,victim1,1,READ,0x10000408000,4096
41430,victim2,2,WRITE,0x2000041d000,4096
41437,victim3,3,READ,0x3000040a000,4096
41442,victim1,1,READ,0x10000409000,4096
41471,victim2,2,READ,0x2000041e000,4096
41492,victim1,1,READ,0x1000040a000,4096
41497,victim3,3,READ,0x3000040b000,4096
41524,victim2,2,READ,0x2000041f000,4096
41531,victim1,1,READ,0x1000040b000,4096
41531,victim3,3,READ,0x3000040c000,4096
41550,victim2,2,READ,0x20000420000,4096
41560,victim1,1,READ,0x1000040c000,4096
41582,victim2,2,READ,0x20000421000,4096
41586,victim3,3,READ,0x3000040d000,4096
41607,victim2,2,READ,0x20000422000,4096
41607,victim3,3,READ,0x3000040e000,4096
41619,victim1,1,READ,0x1000040d000,4096
41651,victim1,1,READ,0x1000040e000,4096
41657,victim2,2,READ,0x20000423000,4096
41660,victim3,3,READ,0x3000040f000,4096
41687,victim2,2,READ,0x20000424000,4096
41699,victim1,1,READ,0x1000040f000,4096
41717,victim3,3,READ,0x30000410000,4096
41738,victim2,2,READ,0x20000425000,4096
41754,victim1,1,READ,0x10000410000,4096
41760,victim2,2,READ,0x20000426000,4096
41767,victim3,3,READ,0x30000411000,4096
41809,victim1,1,READ,0x10000411000,4096
41811,victim2,2,WRITE,0x20000427000,4096
41827,victim3,3,READ,0x30000412000,4096
41857,victim1,1,READ,0x10000412000,4096
41858,victim2,2,READ,0x20000428000,4096
41870,victim3,3,READ,0x30000413000,4096
41893,victim1,1,READ,0x10000413000,4096
41907,victim2,2,READ,0x20000429000,4096
41911,victim3,3,READ,0x30000414000,4096
41940,victim1,1,READ,0x10000414000,4096
41941,victim2,2,READ,0x2000042a000,4096
41962,victim3,3,READ,0x30000415000,4096
41995,victim2,2,WRITE,0x2000042b000,4096
41996,victim3,3,READ,0x30000416000,4096
42000,victim1,1,READ,0x10000415000,4096
42022,victim1,1,READ,0x10000416000,4096
42039,victim3,3,READ,0x30000417000,4096
42042,victim1,1,WRITE,0x10000417000,4096
42052,victim2,2,READ,0x2000042c000,4096
42088,victim2,2,READ,0x2000042d000,4096
42090,victim3,3,READ,0x30000418000,4096
42094,victim1,1,READ,0x10000418000,4096
42110,victim3,3,READ,0x30000419000,4096
42124,victim2,2,READ,0x2000042e000,4096
42143,victim3,3,READ,0x3000041a000,4096
42148,victim1,1,READ,0x10000419000,4096
42153,victim2,2,READ,0x2000042f000,4096
42169,victim1,1,READ,0x1000041a000,4096
42175,victim3,3,READ,0x3000041b000,4096
42193,victim1,1,READ,0x1000041b000,4096
42205,victim2,2,READ,0x20000430000,4096
42213,victim3,3,READ,0x3000041c000,4096
42228,victim1,1,READ,0x1000041c000,4096
42242,victim2,2,READ,0x20000431000,4096
42249,victim3,3,READ,0x3000041d000,4096
42260,victim1,1,READ,0x1000041d000,4096
42268,victim2,2,WRITE,0x20000432000,4096
42276,victim3,3,READ,0x3000041e000,4096
42296,victim2,2,READ,0x20000433000,4096
42319,victim1,1,READ,0x1000041e000,4096
42320,victim3,3,READ,0x3000041f000,4096
42348,victim2,2,READ,0x20000434000,4096
42361,victim1,1,READ,0x1000041f000,4096
42370,victim3,3,READ,0x30000420000,4096
42386,victim1,1,READ,0x10000420000,4096
42393,victim3,3,READ,0x30000421000,4096
42402,victim2,2,READ,0x20000435000,4096
42428,victim3,3,READ,0x30000422000,4096
42441,victim1,1,READ,0x10000421000,4096
42443,victim2,2,READ,0x20000436000,4096
42465,victim2,2,WRITE,0x20000437000,4096
42466,victim1,1,READ,0x10000422000,4096
42470,victim3,3,READ,0x30000423000,4096
42496,victim2,2,WRITE,0x20000438000,4096
42499,victim1,1,WRITE,0x10000423000,4096
42522,victim3,3,READ,0x30000424000,4096
42533,victim2,2,READ,0x20000439000,4096
42553,victim3,3,WRITE,0x30000425000,4096
42557,victim1,1,WRITE,0x10000424000,4096
42580,victim1,1,WRITE,0x10000425000,4096
42591,victim2,2,READ,0x2000043a000,4096
42592,victim3,3,READ,0x30000426000,4096
42614,victim2,2,READ,0x2000043b000,4096
42621,victim3,3,READ,0x30000427000,4096
42622,victim1,1,READ,0x10000426000,4096
42636,victim2,2,READ,0x2000043c000,4096
42643,victim1,1,READ,0x10000427000,4096
42668,victim3,3,READ,0x30000428000,4096
42688,victim1,1,READ,0x10000428000,4096
42688,victim3,3,WRITE,0x30000429000,4096
42689,victim2,2,READ,0x2000043d000,4096
42711,victim2,2,READ,0x2000043e000,4096
42718,victim3,3,READ,0x3000042a000,4096
42743,victim2,2,READ,0x2000043f000,4096
42744,victim1,1,READ,0x10000429000,4096
42749,victim3,3,READ,0x3000042b000,4096
42787,victim2,2,READ,0x20000440000,4096
42801,victim1,1,READ,0x1000042a000,4096
42806,victim3,3,READ,0x3000042c000,4096
42838,victim2,2,READ,0x20000441000,4096
42842,victim3,3,READ,0x3000042d000,4096
42857,victim1,1,READ,0x1000042b000,4096
42881,victim3,3,READ,0x3000042e000,4096
42887,victim2,2,WRITE,0x20000442000,4096
42890,victim1,1,READ,0x1000042c000,4096
42910,victim3,3,READ,0x3000042f000,4096
42918,victim2,2,READ,0x20000443000,4096
42932,victim3,3,READ,0x30000430000,4096
42944,victim1,1,WRITE,0x1000042d000,4096
42952,victim3,3,READ,0x30000431000,4096
42967,victim2,2,READ,0x20000444000,4096
42984,victim3,3,WRITE,0x30000432000,4096
42986,victim1,1,WRITE,0x1000042e000,4096
42995,victim2,2,WRITE,0x20000445000,4096
43005,victim3,3,WRITE,0x30000433000,4096
43017,victim2,2,READ,0x20000446000,4096
43034,victim1,1,READ,0x1000042f000,4096
43040,victim2,2,READ,0x20000447000,4096
43050,victim3,3,WRITE,0x30000434000,4096
43054,victim1,1,READ,0x10000430000,4096
43079,victim1,1,READ,0x10000431000,4096
43083,victim2,2,READ,0x20000448000,4096
43085,victim3,3,READ,0x30000435000,4096
43109,victim3,3,READ,0x30000436000,4096
43123,victim1,1,WRITE,0x10000432000,4096
43126,victim2,2,READ,0x20000449000,4096
43149,victim1,1,READ,0x10000433000,4096
43163,victim3,3,READ,0x30000437000,4096
43176,victim2,2,READ,0x2000044a000,4096
43184,victim3,3,READ,0x30000438000,4096
43205,victim1,1,READ,0x10000434000,4096
43209,victim3,3,READ,0x30000439000,4096
43223,victim2,2,READ,0x2000044b000,4096
43245,victim2,2,READ,0x2000044c000,4096
43246,victim1,1,READ,0x10000435000,4096
43252,victim3,3,READ,0x3000043a000,4096
43276,victim3,3,READ,0x3000043b000,4096
43301,victim2,2,READ,0x2000044d000,4096
43303,victim1,1,READ,0x10000436000,4096
43332,victim2,2,READ,0x2000044e000,4096
43333,victim3,3,WRITE,0x3000043c000,4096
43334,victim1,1,READ,0x10000437000,4096
43354,victim2,2,READ,0x2000044f000,4096
43371,victim1,1,READ,0x10000438000,4096
43379,victim2,2,READ,0x20000450000,4096
43380,victim3,3,READ,0x3000043d000,4096
43395,victim1,1,READ,0x10000439000,4096
43404,victim2,2,READ,0x20000451000,4096
43430,victim3,3,WRITE,0x3000043e000,4096
43443,victim2,2,READ,0x20000452000,4096
43451,victim1,1,READ,0x1000043a000,4096
43479,victim1,1,READ,0x1000043b000,4096
43489,victim3,3,READ,0x3000043f000,4096
43500,victim2,2,READ,0x20000453000,4096
43514,victim3,3,WRITE,0x30000440000,4096
43515,victim1,1,READ,0x1000043c000,4096
43548,victim3,3,READ,0x30000441000,4096
43555,victim2,2,READ,0x20000454000,4096
43568,victim1,1,READ,0x1000043d000,4096
43590,victim3,3,WRITE,0x30000442000,4096
43612,victim2,2,READ,0x20000455000,4096
43619,victim1,1,READ,0x1000043e000,4096
43635,victim3,3,READ,0x30000443000,4096
43643,victim1,1,WRITE,0x1000043f000,4096
43658,victim2,2,READ,0x20000456000,4096
43670,victim1,1,READ,0x10000440000,4096
43681,victim2,2,READ,0x20000457000,4096
43692,victim1,1,READ,0x10000441000,4096
43694,victim3,3,READ,0x30000444000,4096
43714,victim1,1,READ,0x10000442000,4096
43740,victim2,2,READ,0x20000458000,4096
43747,victim3,3,READ,0x30000445000,4096
43764,victim2,2,READ,0x20000459000,4096
43765,victim1,1,READ,0x10000443000,4096
43775,victim3,3,READ,0x30000446000,4096
43797,victim1,1,READ,0x10000444000,4096
43818,victim1,1,READ,0x10000445000,4096
43818,victim2,2,READ,0x2000045a000,4096
43826,victim3,3,READ,0x30000447000,4096
43848,victim3,3,READ,0x30000448000,4096
43857,victim2,2,READ,0x2000045b000,4096
43861,victim1,1,READ,0x10000446000,4096
43882,victim3,3,READ,0x30000449000,4096
43905,victim2,2,READ,0x2000045c000,4096
43911,victim1,1,READ,0x10000447000,4096
43920,victim3,3,READ,0x3000044a000,4096
43932,victim2,2,READ,0x2000045d000,4096
43958,victim2,2,READ,0x2000045e000,4096
43960,victim1,1,READ,0x10000448000,4096
43960,victim3,3,READ,0x3000044b000,4096
43995,victim1,1,READ,0x10000449000,4096
44000,victim2,2,READ,0x2000045f000,4096
44016,victim3,3,READ,0x3000044c000,4096
44022,victim1,1,READ,0x1000044a000,4096
44037,victim3,3,READ,0x3000044d000,4096
44046,victim1,1,READ,0x1000044b000,4096
44058,victim2,2,READ,0x20000460000,4096
44065,victim3,3,READ,0x3000044e000,4096
44081,victim1,1,READ,0x1000044c000,4096
44105,victim1,1,READ,0x1000044d000,4096
44109,victim2,2,WRITE,0x20000461000,4096
44123,victim3,3,READ,0x3000044f000,4096
44144,victim3,3,READ,0x30000450000,4096
44145,victim2,2,READ,0x20000462000,4096
44150,victim1,1,WRITE,0x1000044e000,4096
44171,victim2,2,READ,0x20000463000,4096
44191,victim2,2,READ,0x20000464000,4096
44193,victim3,3,READ,0x30000451000,4096
44202,victim1,1,READ,0x1000044f000,4096
44229,victim3,3,WRITE,0x30000452000,4096
44238,victim1,1,READ,0x10000450000,4096
44244,victim2,2,READ,0x20000465000,4096
44277,victim2,2,READ,0x20000466000,4096
44283,victim3,3,WRITE,0x30000453000,4096
44296,victim1,1,READ,0x10000451000,4096
44302,victim2,2,READ,0x20000467000,4096
44321,victim1,1,READ,0x10000452000,4096
44322,victim3,3,READ,0x30000454000,4096
44327,victim2,2,READ,0x20000468000,4096
44364,victim2,2,READ,0x20000469000,4096
44365,victim1,1,READ,0x10000453000,4096
44368,victim3,3,READ,0x30000455000,4096
44391,victim1,1,READ,0x10000454000,4096
44415,victim3,3,READ,0x30000456000,4096
44422,victim2,2,READ,0x2000046a000,4096
44445,victim3,3,READ,0x30000457000,4096
44451,victim1,1,READ,0x10000455000,4096
44461,victim2,2,READ,0x2000046b000,4096
44466,victim3,3,READ,0x30000458000,4096
44479,victim1,1,READ,0x10000456000,4096
44488,victim2,2,READ,0x2000046c000,4096
44515,victim1,1,READ,0x10000457000,4096
44518,victim3,3,READ,0x30000459000,4096
44523,victim2,2,READ,0x2000046d000,4096
44539,victim3,3,READ,0x3000045a000,4096
44555,victim1,1,READ,0x10000458000,4096
44572,victim2,2,READ,0x2000046e000,4096
44589,victim3,3,READ,0x3000045b000,4096
44602,victim1,1,READ,0x10000459000,4096
44622,victim3,3,READ,0x3000045c000,4096
44628,victim2,2,READ,0x2000046f000,4096
44647,victim1,1,READ,0x1000045a000,4096
44657,victim2,2,READ,0x20000470000,4096
44666,victim3,3,WRITE,0x3000045d000,4096
44679,victim1,1,READ,0x1000045b000,4096
44695,victim2,2,READ,0x20000471000,4096
44702,victim3,3,READ,0x3000045e000,4096
44726,victim1,1,READ,0x1000045c000,4096
44727,victim2,2,WRITE,0x20000472000,4096
44748,victim3,3,READ,0x3000045f000,4096
44768,victim1,1,READ,0x1000045d000,4096
44776,victim2,2,READ,0x20000473000,4096
44804,victim3,3,READ,0x30000460000,4096
44808,victim2,2,WRITE,0x20000474000,4096
44810,victim1,1,READ,0x1000045e000,4096
44834,victim1,1,READ,0x1000045f000,4096
44840,victim2,2,READ,0x20000475000,4096
44863,victim3,3,WRITE,0x30000461000,4096
44869,victim1,1,READ,0x10000460000,4096
44894,victim2,2,READ,0x20000476000,4096
44907,victim1,1,READ,0x10000461000,4096
44919,victim3,3,READ,0x30000462000,4096
44936,victim2,2,READ,0x20000477000,4096
44962,victim3,3,READ,0x30000463000,4096
44966,victim1,1,READ,0x10000462000,4096
44975,victim2,2,WRITE,0x20000478000,4096
44990,victim1,1,WRITE,0x10000463000,4096
44993,victim3,3,READ,0x30000464000,4096
45023,victim3,3,READ,0x30000465000,4096
45032,victim2,2,READ,0x20000479000,4096
45046,victim1,1,READ,0x10000464000,4096
45072,victim3,3,READ,0x30000466000,4096
45073,victim1,1,READ,0x10000465000,4096
45077,victim2,2,READ,0x2000047a000,4096
45104,victim1,1,READ,0x10000466000,4096
45115,victim3,3,READ,0x30000467000,4096
45125,victim1,1,READ,0x10000467000,4096
45136,victim2,2,READ,0x2000047b000,4096
45144,victim3,3,READ,0x30000468000,4096
45152,victim1,1,READ,0x10000468000,4096
45164,victim3,3,READ,0x30000469000,4096
45184,victim2,2,READ,0x2000047c000,4096
45212,victim1,1,WRITE,0x10000469000,4096
45214,victim3,3,WRITE,0x3000046a000,4096
45227,victim2,2,READ,0x2000047d000,4096
45236,victim3,3,READ,0x3000046b000,4096
45261,victim2,2,READ,0x2000047e000,4096
45263,victim1,1,WRITE,0x1000046a000,4096
45287,victim3,3,READ,0x3000046c000,4096
45290,victim1,1,READ,0x1000046b000,4096
45302,victim2,2,WRITE,0x2000047f000,4096
45323,victim3,3,READ,0x3000046d000,4096
45348,victim1,1,READ,0x1000046c000,4096
45348,victim2,2,READ,0x20000480000,4096
45357,victim3,3,READ,0x3000046e000,4096
45370,victim2,2,READ,0x20000481000,4096
45377,victim1,1,READ,0x1000046d000,4096
45409,victim3,3,READ,0x3000046f000,4096
45417,victim2,2,READ,0x20000482000,4096
45422,victim1,1,READ,0x1000046e000,4096
45450,victim1,1,READ,0x1000046f000,4096
45450,victim3,3,READ,0x30000470000,4096
45464,victim2,2,READ,0x20000483000,4096
45479,victim3,3,READ,0x30000471000,4096
45500,victim2,2,READ,0x20000484000,4096
45502,victim1,1,READ,0x10000470000,4096
45522,victim1,1,READ,0x10000471000,4096
45531,victim3,3,READ,0x30000472000,4096
45537,victim2,2,READ,0x20000485000,4096
45560,victim1,1,READ,0x10000472000,4096
45569,victim3,3,READ,0x30000473000,4096
45589,victim3,3,READ,0x30000474000,4096
45594,victim2,2,READ,0x20000486000,4096
45599,victim1,1,READ,0x10000473000,4096
45632,victim2,2,READ,0x20000487000,4096
45636,victim1,1,READ,0x10000474000,4096
45649,victim3,3,READ,0x30000475000,4096
45676,victim2,2,WRITE,0x20000488000,4096
45681,victim1,1,READ,0x10000475000,4096
45699,victim2,2,READ,0x20000489000,4096
45706,victim3,3,READ,0x30000476000,4096
45717,victim1,1,READ,0x10000476000,4096
45744,victim2,2,READ,0x2000048a000,4096
45760,victim3,3,READ,0x30000477000,4096
45764,victim1,1,READ,0x10000477000,4096
45781,victim2,2,READ,0x2000048b000,4096
45794,victim1,1,READ,0x10000478000,4096
45808,victim3,3,WRITE,0x30000478000,4096
45821,victim2,2,READ,0x2000048c000,4096
45841,victim1,1,READ,0x10000479000,4096
45854,victim3,3,READ,0x30000479000,4096
45861,victim2,2,READ,0x2000048d000,4096
45876,victim3,3,READ,0x3000047a000,4096
45878,victim1,1,READ,0x1000047a000,4096
45900,victim1,1,READ,0x1000047b000,4096
45910,victim3,3,READ,0x3000047b000,4096
45914,victim2,2,READ,0x2000048e000,4096
45936,victim3,3,READ,0x3000047c000,4096
45956,victim1,1,READ,0x1000047c000,4096
45964,victim2,2,READ,0x2000048f000,4096
45969,victim3,3,WRITE,0x3000047d000,4096
46007,victim2,2,READ,0x20000490000,4096
46007,victim3,3,READ,0x3000047e000,4096
46008,victim1,1,READ,0x1000047d000,4096
46043,victim1,1,READ,0x1000047e000,4096
46054,victim3,3,READ,0x3000047f000,4096
46065,victim2,2,READ,0x20000491000,4096
46079,victim1,1,READ,0x1000047f000,4096
46095,victim2,2,READ,0x20000492000,4096
46099,victim3,3,READ,0x30000480000,4096
46107,victim1,1,READ,0x10000480000,4096
46148,victim1,1,READ,0x10000481000,4096
46151,victim2,2,READ,0x20000493000,4096
46151,victim3,3,READ,0x30000481000,4096
46184,victim1,1,READ,0x10000482000,4096
46190,victim2,2,READ,0x20000494000,4096
46200,victim3,3,READ,0x30000482000,4096
46206,victim1,1,READ,0x10000483000,4096
46232,victim1,1,READ,0x10000484000,4096
46238,victim3,3,READ,0x30000483000,4096
46249,victim2,2,READ,0x20000495000,4096
46277,victim1,1,READ,0x10000485000,4096
46291,victim2,2,READ,0x20000496000,4096
46297,victim3,3,READ,0x30000484000,4096
46316,victim1,1,READ,0x10000486000,4096
46336,victim2,2,READ,0x20000497000,4096
46339,victim3,3,READ,0x30000485000,4096
46340,victim1,1,READ,0x10000487000,4096
46364,victim1,1,READ,0x10000488000,4096
46370,victim2,2,READ,0x20000498000,4096
46392,victim3,3,READ,0x30000486000,4096
46408,victim1,1,READ,0x10000489000,4096
46423,victim2,2,READ,0x20000499000,4096
46437,victim1,1,READ,0x1000048a000,4096
46451,victim3,3,READ,0x30000487000,4096
46470,victim2,2,READ,0x2000049a000,4096
46492,victim3,3,READ,0x30000488000,4096
46493,victim1,1,READ,0x1000048b000,4096
46506,victim2,2,READ,0x2000049b000,4096
46517,victim3,3,READ,0x30000489000,4096
46541,victim3,3,WRITE,0x3000048a000,4096
46546,victim1,1,READ,0x1000048c000,4096
46559,victim2,2,WRITE,0x2000049c000,4096
46578,victim3,3,READ,0x3000048b000,4096
46604,victim1,1,READ,0x1000048d000,4096
46610,victim2,2,READ,0x2000049d000,4096
46633,victim3,3,READ,0x3000048c000,4096
46636,victim1,1,READ,0x1000048e000,4096
46640,victim2,2,READ,0x2000049e000,4096
46670,victim3,3,READ,0x3000048d000,4096
46680,victim2,2,READ,0x2000049f000,4096
46691,victim1,1,READ,0x1000048f000,4096
46723,victim1,1,READ,0x10000490000,4096
46723,victim3,3,READ,0x3000048e000,4096
46734,victim2,2,READ,0x200004a0000,4096
46756,victim2,2,READ,0x200004a1000,4096
46771,victim3,3,READ,0x3000048f000,4096
46779,victim2,2,READ,0x200004a2000,4096
46782,victim1,1,READ,0x10000491000,4096
46804,victim3,3,READ,0x30000490000,4096
46813,victim2,2,WRITE,0x200004a3000,4096
46828,victim3,3,READ,0x30000491000,4096
46839,victim1,1,READ,0x10000492000,4096
46852,victim3,3,READ,0x30000492000,4096
46856,victim2,2,READ,0x200004a4000,4096
46875,victim1,1,WRITE,0x10000493000,4096
46878,victim3,3,READ,0x30000493000,4096
46885,victim2,2,READ,0x200004a5000,4096
46905,victim3,3,READ,0x30000494000,4096
46923,victim2,2,READ,0x200004a6000,4096
46931,victim1,1,WRITE,0x10000494000,4096
46942,victim3,3,READ,0x30000495000,4096
46969,victim2,2,READ,0x200004a7000,4096
46975,victim3,3,READ,0x30000496000,4096
46985,victim1,1,READ,0x10000495000,4096
46997,victim3,3,READ,0x30000497000,4096
47004,victim2,2,READ,0x200004a8000,4096
47027,victim1,1,READ,0x10000496000,4096
47029,victim2,2,READ,0x200004a9000,4096
47047,victim3,3,READ,0x30000498000,4096
47051,victim2,2,READ,0x200004aa000,4096
47055,victim1,1,READ,0x10000497000,4096
47083,victim2,2,READ,0x200004ab000,4096
47093,victim3,3,READ,0x30000499000,4096
47107,victim1,1,READ,0x10000498000,4096
47128,victim2,2,READ,0x200004ac000,4096
47137,victim1,1,READ,0x10000499000,4096
47141,victim3,3,READ,0x3000049a000,4096
47177,victim2,2,READ,0x200004ad000,4096
47182,victim1,1,READ,0x1000049a000,4096
47188,victim3,3,READ,0x3000049b000,4096
47208,victim1,1,READ,0x1000049b000,4096
47226,victim2,2,READ,0x200004ae000,4096
47229,victim1,1,READ,0x1000049c000,4096
47247,victim3,3,READ,0x3000049c000,4096
47272,victim2,2,READ,0x200004af000,4096
47277,victim1,1,READ,0x1000049d000,4096
47305,victim1,1,READ,0x1000049e000,4096
47307,victim3,3,READ,0x3000049d000,4096
47326,victim2,2,READ,0x200004b0000,4096
47345,victim1,1,READ,0x1000049f000,4096
47348,victim3,3,READ,0x3000049e000,4096
47369,victim3,3,WRITE,0x3000049f000,4096
47370,victim2,2,READ,0x200004b1000,4096
47377,victim1,1,WRITE,0x100004a0000,4096
47409,victim3,3,WRITE,0x300004a0000,4096
47428,victim2,2,WRITE,0x200004b2000,4096
47436,victim1,1,READ,0x100004a1000,4096
47443,victim3,3,READ,0x300004a1000,4096
47475,victim3,3,READ,0x300004a2000,4096
47477,victim2,2,WRITE,0x200004b3000,4096
47485,victim1,1,READ,0x100004a2000,4096
47507,victim3,3,READ,0x300004a3000,4096
47509,victim2,2,READ,0x200004b4000,4096
47533,victim1,1,READ,0x100004a3000,4096
47553,victim3,3,READ,0x300004a4000,4096
47566,victim1,1,READ,0x100004a4000,4096
47567,victim2,2,READ,0x200004b5000,4096
47601,victim2,2,READ,0x200004b6000,4096
47603,victim1,1,READ,0x100004a5000,4096
47607,victim3,3,READ,0x300004a5000,4096
47632,victim2,2,WRITE,0x200004b7000,4096
47642,victim3,3,READ,0x300004a6000,4096
47643,victim1,1,WRITE,0x100004a6000,4096
47675,victim1,1,READ,0x100004a7000,4096
47678,victim2,2,READ,0x200004b8000,4096
47697,victim3,3,READ,0x300004a7000,4096
47711,victim1,1,READ,0x100004a8000,4096
47728,victim2,2,WRITE,0x200004b9000,4096
47756,victim3,3,READ,0x300004a8000,4096
47759,victim2,2,READ,0x200004ba000,4096
47766,victim1,1,READ,0x100004a9000,4096
47777,victim3,3,WRITE,0x300004a9000,4096
47804,victim2,2,READ,0x200004bb000,4096
47817,victim1,1,READ,0x100004aa000,4096
47822,victim3,3,READ,0x300004aa000,4096
47833,victim2,2,READ,0x200004bc000,4096
47848,victim1,1,READ,0x100004ab000,4096
47866,victim2,2,READ,0x200004bd000,4096
47877,victim3,3,READ,0x300004ab000,4096
47898,victim1,1,READ,0x100004ac000,4096
47922,victim2,2,READ,0x200004be000,4096
47923,victim1,1,READ,0x100004ad000,4096
47937,victim3,3,READ,0x300004ac000,4096
47942,victim2,2,READ,0x200004bf000,4096
47965,victim1,1,READ,0x100004ae000,4096
47982,victim3,3,READ,0x300004ad000,4096
47989,victim2,2,READ,0x200004c0000,4096
48021,victim1,1,READ,0x100004af000,4096
48041,victim3,3,READ,0x300004ae000,4096
48044,victim2,2,READ,0x200004c1000,4096
48068,victim2,2,READ,0x200004c2000,4096
48069,victim3,3,READ,0x300004af000,4096
48076,victim1,1,READ,0x100004b0000,4096
48091,victim3,3,READ,0x300004b0000,4096
48108,victim2,2,READ,0x200004c3000,4096
48116,victim3,3,WRITE,0x300004b1000,4096
48120,victim1,1,READ,0x100004b1000,4096
48137,victim3,3,READ,0x300004b2000,4096
48156,victim2,2,READ,0x200004c4000,4096
48170,victim1,1,READ,0x100004b2000,4096
48192,victim2,2,READ,0x200004c5000,4096
48196,victim3,3,READ,0x300004b3000,4096
48211,victim1,1,READ,0x100004b3000,4096
48247,victim3,3,READ,0x300004b4000,4096
48250,victim2,2,READ,0x200004c6000,4096
48261,victim1,1,READ,0x100004b4000,4096
48283,victim3,3,READ,0x300004b5000,4096
48309,victim2,2,READ,0x200004c7000,4096
48320,victim1,1,READ,0x100004b5000,4096
48331,victim3,3,WRITE,0x300004b6000,4096
48355,victim2,2,READ,0x200004c8000,4096
48359,victim3,3,READ,0x300004b7000,4096
48365,victim1,1,READ,0x100004b6000,4096
48379,victim2,2,READ,0x200004c9000,4096
48385,victim3,3,READ,0x300004b8000,4096
48413,victim1,1,READ,0x100004b7000,4096
48422,victim3,3,READ,0x300004b9000,4096
48433,victim2,2,READ,0x200004ca000,4096
48451,victim3,3,READ,0x300004ba000,4096
48456,victim2,2,READ,0x200004cb000,4096
48465,victim1,1,READ,0x100004b8000,4096
48483,victim3,3,READ,0x300004bb000,4096
48485,victim2,2,READ,0x200004cc000,4096
48500,victim1,1,READ,0x100004b9000,4096
48516,victim3,3,WRITE,0x300004bc000,4096
48527,victim2,2,READ,0x200004cd000,4096
48542,victim1,1,WRITE,0x100004ba000,4096
48547,victim2,2,READ,0x200004ce000,4096
48556,victim3,3,READ,0x300004bd000,4096
48571,victim1,1,READ,0x100004bb000,4096
48592,victim2,2,READ,0x200004cf000,4096
48606,victim3,3,READ,0x300004be000,4096
48615,victim2,2,READ,0x200004d0000,4096
48630,victim1,1,WRITE,0x100004bc000,4096
48649,victim2,2,READ,0x200004d1000,4096
48652,victim3,3,READ,0x300004bf000,4096
48675,victim2,2,READ,0x200004d2000,4096
48688,victim3,3,READ,0x300004c0000,4096
48689,victim1,1,READ,0x100004bd000,4096
48703,victim2,2,READ,0x200004d3000,4096
48723,victim3,3,READ,0x300004c1000,4096
48738,victim1,1,READ,0x100004be000,4096
48751,victim2,2,READ,0x200004d4000,4096
48758,victim3,3,READ,0x300004c2000,4096
48774,victim2,2,READ,0x200004d5000,4096
48777,victim1,1,READ,0x100004bf000,4096
48800,victim3,3,READ,0x300004c3000,4096
48805,victim2,2,READ,0x200004d6000,4096
48830,victim1,1,READ,0x100004c0000,4096
48833,victim3,3,WRITE,0x300004c4000,4096
48852,victim2,2,READ,0x200004d7000,4096
48859,victim1,1,READ,0x100004c1000,4096
48891,victim3,3,READ,0x300004c5000,4096
48894,victim2,2,READ,0x200004d8000,4096
48902,victim1,1,READ,0x100004c2000,4096
48921,victim3,3,READ,0x300004c6000,4096
48933,victim2,2,READ,0x200004d9000,4096
48940,victim1,1,READ,0x100004c3000,4096
48966,victim3,3,WRITE,0x300004c7000,4096
48979,victim1,1,READ,0x100004c4000,4096
48991,victim3,3,READ,0x300004c8000,4096
48992,victim2,2,READ,0x200004da000,4096
49020,victim1,1,READ,0x100004c5000,4096
49022,victim3,3,WRITE,0x300004c9000,4096
49036,victim2,2,READ,0x200004db000,4096
49056,victim3,3,READ,0x300004ca000,4096
49080,victim1,1,WRITE,0x100004c6000,4096
49081,victim2,2,READ,0x200004dc000,4096
49100,victim3,3,READ,0x300004cb000,4096
49102,victim1,1,READ,0x100004c7000,4096
49106,victim2,2,READ,0x200004dd000,4096
49127,victim3,3,READ,0x300004cc000,4096
49148,victim2,2,READ,0x200004de000,4096
49158,victim1,1,READ,0x100004c8000,4096
49183,victim3,3,READ,0x300004cd000,4096
49195,victim2,2,READ,0x200004df000,4096
49203,victim1,1,READ,0x100004c9000,4096
49226,victim2,2,READ,0x200004e0000,4096
49226,victim3,3,READ,0x300004ce000,4096
49239,victim1,1,READ,0x100004ca000,4096
49271,victim3,3,READ,0x300004cf000,4096
49282,victim2,2,READ,0x200004e1000,4096
49291,victim3,3,READ,0x300004d0000,4096
49297,victim1,1,WRITE,0x100004cb000,4096
49317,victim1,1,WRITE,0x100004cc000,4096
49325,victim3,3,READ,0x300004d1000,4096
49326,victim2,2,READ,0x200004e2000,4096
49360,victim2,2,READ,0x200004e3000,4096
49363,victim3,3,READ,0x300004d2000,4096
49366,victim1,1,READ,0x100004cd000,4096
49409,victim3,3,READ,0x300004d3000,4096
49416,victim1,1,READ,0x100004ce000,4096
49417,victim2,2,READ,0x200004e4000,4096
49440,victim3,3,READ,0x300004d4000,4096
49451,victim2,2,WRITE,0x200004e5000,4096
49460,victim3,3,READ,0x300004d5000,4096
49464,victim1,1,READ,0x100004cf000,4096
49497,victim2,2,READ,0x200004e6000,4096
49501,victim1,1,READ,0x100004d0000,4096
49501,victim3,3,WRITE,0x300004d6000,4096
49522,victim2,2,READ,0x200004e7000,4096
49534,victim3,3,READ,0x300004d7000,4096
49538,victim1,1,READ,0x100004d1000,4096
49565,victim2,2,READ,0x200004e8000,4096
49580,victim1,1,READ,0x100004d2000,4096
49585,victim3,3,READ,0x300004d8000,4096
49602,victim1,1,READ,0x100004d3000,4096
49615,victim2,2,READ,0x200004e9000,4096
49633,victim1,1,READ,0x100004d4000,4096
49635,victim3,3,READ,0x300004d9000,4096
49659,victim2,2,READ,0x200004ea000,4096
49663,victim3,3,READ,0x300004da000,4096
49685,victim1,1,READ,0x100004d5000,4096
49709,victim2,2,READ,0x200004eb000,4096
49712,victim3,3,READ,0x300004db000,4096
49736,victim3,3,WRITE,0x300004dc000,4096
49743,victim1,1,READ,0x100004d6000,4096
49763,victim2,2,WRITE,0x200004ec000,4096
49766,victim3,3,READ,0x300004dd000,4096
49784,victim1,1,READ,0x100004d7000,4096
49789,victim3,3,READ,0x300004de000,4096
49805,victim2,2,READ,0x200004ed000,4096
49822,victim1,1,READ,0x100004d8000,4096
49829,victim2,2,WRITE,0x200004ee000,4096
49845,victim3,3,READ,0x300004df000,4096
49846,victim1,1,READ,0x100004d9000,4096
49854,victim2,2,WRITE,0x200004ef000,4096
49896,victim2,2,READ,0x200004f0000,4096
49898,victim1,1,READ,0x100004da000,4096
49905,victim3,3,READ,0x300004e0000,4096
49935,victim2,2,READ,0x200004f1000,4096
49945,victim1,1,READ,0x100004db000,4096
49958,victim3,3,READ,0x300004e1000,4096
49972,victim2,2,READ,0x200004f2000,4096
49996,victim1,1,READ,0x100004dc000,4096
50008,victim3,3,READ,0x300004e2000,4096
50016,victim1,1,READ,0x100004dd000,4096
50029,victim2,2,READ,0x200004f3000,4096
50052,victim2,2,WRITE,0x200004f4000,4096
50063,victim3,3,READ,0x300004e3000,4096
50065,victim1,1,READ,0x100004de000,4096
50073,victim2,2,READ,0x200004f5000,4096
50091,victim1,1,READ,0x100004df000,4096
50106,victim2,2,READ,0x200004f6000,4096
50109,victim3,3,READ,0x300004e4000,4096
50127,victim2,2,READ,0x200004f7000,4096
50143,victim1,1,READ,0x100004e0000,4096
50150,victim2,2,READ,0x200004f8000,4096
50159,victim3,3,READ,0x300004e5000,4096
50188,victim2,2,READ,0x200004f9000,4096
50189,victim1,1,READ,0x100004e1000,4096
50202,victim3,3,READ,0x300004e6000,4096
50224,victim3,3,READ,0x300004e7000,4096
50228,victim1,1,READ,0x100004e2000,4096
50243,victim2,2,READ,0x200004fa000,4096
50251,victim3,3,READ,0x300004e8000,4096
50273,victim1,1,READ,0x100004e3000,4096
50292,victim2,2,READ,0x200004fb000,4096
50297,victim3,3,READ,0x300004e9000,4096
50307,victim1,1,READ,0x100004e4000,4096
50348,victim2,2,READ,0x200004fc000,4096
50348,victim3,3,READ,0x300004ea000,4096
50361,victim1,1,READ,0x100004e5000,4096
50371,victim2,2,READ,0x200004fd000,4096
50389,victim1,1,READ,0x100004e6000,4096
50404,victim2,2,READ,0x200004fe000,4096
50408,victim3,3,READ,0x300004eb000,4096
50414,victim1,1,READ,0x100004e7000,4096
50449,victim3,3,READ,0x300004ec000,4096
50464,victim2,2,READ,0x200004ff000,4096
50469,victim3,3,WRITE,0x300004ed000,4096
50472,victim1,1,READ,0x100004e8000,4096
50509,victim2,2,READ,0x20000500000,4096
50511,victim3,3,WRITE,0x300004ee000,4096
50525,victim1,1,READ,0x100004e9000,4096
50555,victim1,1,READ,0x100004ea000,4096
50556,victim2,2,READ,0x20000501000,4096
50569,victim3,3,READ,0x300004ef000,4096
50603,victim1,1,READ,0x100004eb000,4096
50611,victim3,3,READ,0x300004f0000,4096
50613,victim2,2,READ,0x20000502000,4096
50647,victim2,2,WRITE,0x20000503000,4096
50657,victim1,1,READ,0x100004ec000,4096
50671,victim3,3,WRITE,0x300004f1000,4096
50679,victim1,1,READ,0x100004ed000,4096
50698,victim2,2,READ,0x20000504000,4096
50702,victim1,1,READ,0x100004ee000,4096
50719,victim2,2,READ,0x20000505000,4096
50723,victim1,1,READ,0x100004ef000,4096
50730,victim3,3,READ,0x300004f2000,4096
50756,victim3,3,READ,0x300004f3000,4096
50766,victim1,1,READ,0x100004f0000,4096
50773,victim2,2,READ,0x20000506000,4096
50793,victim3,3,READ,0x300004f4000,4096
50816,victim1,1,READ,0x100004f1000,4096
50818,victim2,2,READ,0x20000507000,4096
50842,victim3,3,READ,0x300004f5000,4096
50854,victim1,1,READ,0x100004f2000,4096
50877,victim2,2,WRITE,0x20000508000,4096
50889,victim3,3,READ,0x300004f6000,4096
50904,victim1,1,READ,0x100004f3000,4096
50906,victim2,2,READ,0x20000509000,4096
50926,victim1,1,READ,0x100004f4000,4096
50927,victim3,3,READ,0x300004f7000,4096
50929,victim2,2,READ,0x2000050a000,4096
50963,victim3,3,READ,0x300004f8000,4096
50964,victim2,2,READ,0x2000050b000,4096
50973,victim1,1,READ,0x100004f5000,4096
51010,victim1,1,READ,0x100004f6000,4096
51019,victim2,2,READ,0x2000050c000,4096
51023,victim3,3,READ,0x300004f9000,4096
51044,victim1,1,READ,0x100004f7000,4096
51058,victim2,2,READ,0x2000050d000,4096
51072,victim1,1,WRITE,0x100004f8000,4096
51072,victim3,3,WRITE,0x300004fa000,4096
51087,victim2,2,READ,0x2000050e000,4096
51100,victim3,3,READ,0x300004fb000,4096
51121,victim1,1,READ,0x100004f9000,4096
51125,victim3,3,READ,0x300004fc000,4096
51134,victim2,2,READ,0x2000050f000,4096
51161,victim2,2,READ,0x20000510000,4096
51164,victim3,3,READ,0x300004fd000,4096
51174,victim1,1,READ,0x100004fa000,4096
51196,victim2,2,READ,0x20000511000,4096
51197,victim3,3,READ,0x300004fe000,4096
51224,victim1,1,READ,0x100004fb000,4096
51236,victim3,3,READ,0x300004ff000,4096
51250,victim2,2,WRITE,0x20000512000,4096
51281,victim1,1,READ,0x100004fc000,4096
51296,victim3,3,READ,0x30000500000,4096
51302,victim2,2,READ,0x20000513000,4096
51325,victim1,1,WRITE,0x100004fd000,4096
51340,victim3,3,READ,0x30000501000,4096
51350,victim2,2,READ,0x20000514000,4096
51354,victim1,1,READ,0x100004fe000,4096
51371,victim3,3,READ,0x30000502000,4096
51378,victim2,2,READ,0x20000515000,4096
51403,victim1,1,READ,0x100004ff000,4096
51420,victim3,3,READ,0x30000503000,4096
51430,victim2,2,READ,0x20000516000,4096
51436,victim1,1,READ,0x10000500000,4096
51449,victim3,3,READ,0x30000504000,4096
51464,victim1,1,READ,0x10000501000,4096
51490,victim2,2,READ,0x20000517000,4096
51508,victim3,3,READ,0x30000505000,4096
51511,victim1,1,READ,0x10000502000,4096
51531,victim2,2,READ,0x20000518000,4096
51537,victim1,1,READ,0x10000503000,4096
51559,victim1,1,READ,0x10000504000,4096
51562,victim3,3,READ,0x30000506000,4096
51584,victim2,2,WRITE,0x20000519000,4096
51607,victim1,1,READ,0x10000505000,4096
51619,victim3,3,READ,0x30000507000,4096
51628,victim2,2,READ,0x2000051a000,4096
51645,victim3,3,READ,0x30000508000,4096
51649,victim1,1,WRITE,0x10000506000,4096
51684,victim2,2,READ,0x2000051b000,4096
51687,victim3,3,READ,0x30000509000,4096
51700,victim1,1,READ,0x10000507000,4096
51712,victim2,2,READ,0x2000051c000,4096
51745,victim3,3,READ,0x3000050a000,4096
51753,victim2,2,READ,0x2000051d000,4096
51756,victim1,1,READ,0x10000508000,4096
51784,victim1,1,READ,0x10000509000,4096
51793,victim2,2,READ,0x2000051e000,4096
51795,victim3,3,READ,0x3000050b000,4096
51824,victim1,1,READ,0x1000050a000,4096
51833,victim2,2,READ,0x2000051f000,4096
51840,victim3,3,WRITE,0x3000050c000,4096
51848,victim1,1,READ,0x1000050b000,4096
51860,victim3,3,READ,0x3000050d000,4096
51887,victim3,3,READ,0x3000050e000,4096
51891,victim2,2,READ,0x20000520000,4096
51897,victim1,1,READ,0x1000050c000,4096
51940,victim3,3,READ,0x3000050f000,4096
51944,victim2,2,WRITE,0x20000521000,4096
51952,victim1,1,READ,0x1000050d000,4096
51966,victim3,3,READ,0x30000510000,4096
51985,victim2,2,WRITE,0x20000522000,4096
52001,victim1,1,READ,0x1000050e000,4096
52014,victim3,3,READ,0x30000511000,4096
52020,victim2,2,READ,0x20000523000,4096
52035,victim3,3,READ,0x30000512000,4096
52037,victim1,1,READ,0x1000050f000,4096
52068,victim1,1,READ,0x10000510000,4096
52075,victim2,2,READ,0x20000524000,4096
52094,victim3,3,READ,0x30000513000,4096
52120,victim2,2,READ,0x20000525000,4096
52121,victim1,1,WRITE,0x10000511000,4096
52124,victim3,3,READ,0x30000514000,4096
52145,victim1,1,READ,0x10000512000,4096
52165,victim3,3,READ,0x30000515000,4096
52170,victim2,2,READ,0x20000526000,4096
52195,victim1,1,WRITE,0x10000513000,4096
52199,victim2,2,READ,0x20000527000,4096
52217,victim3,3,READ,0x30000516000,4096
52221,victim1,1,READ,0x10000514000,4096
52247,victim1,1,READ,0x10000515000,4096
52254,victim2,2,READ,0x20000528000,4096
52256,victim3,3,READ,0x30000517000,4096
52276,victim3,3,READ,0x30000518000,4096
52280,victim2,2,READ,0x20000529000,4096
52304,victim1,1,READ,0x10000516000,4096
52321,victim2,2,READ,0x2000052a000,4096
52323,victim3,3,READ,0x30000519000,4096
52352,victim1,1,READ,0x10000517000,4096
52353,victim3,3,READ,0x3000051a000,4096
52378,victim2,2,READ,0x2000052b000,4096
52381,victim3,3,READ,0x3000051b000,4096
52398,victim1,1,READ,0x10000518000,4096
52423,victim2,2,READ,0x2000052c000,4096
52428,victim3,3,READ,0x3000051c000,4096
52432,victim1,1,READ,0x10000519000,4096
52466,victim2,2,READ,0x2000052d000,4096
52466,victim3,3,READ,0x3000051d000,4096
52482,victim1,1,READ,0x1000051a000,4096
52498,victim2,2,READ,0x2000052e000,4096
52518,victim3,3,READ,0x3000051e000,4096
52524,victim1,1,READ,0x1000051b000,4096
52550,victim2,2,READ,0x2000052f000,4096
52555,victim3,3,READ,0x3000051f000,4096
52571,victim1,1,READ,0x1000051c000,4096
52596,victim3,3,WRITE,0x30000520000,4096
52606,victim2,2,READ,0x20000530000,4096
52626,victim1,1,WRITE,0x1000051d000,4096
52646,victim2,2,READ,0x20000531000,4096
52650,victim3,3,READ,0x30000521000,4096
52667,victim2,2,READ,0x20000532000,4096
52672,victim1,1,READ,0x1000051e000,4096
52692,victim3,3,READ,0x30000522000,4096
52693,victim2,2,READ,0x20000533000,4096
52710,victim1,1,READ,0x1000051f000,4096
52736,victim3,3,READ,0x30000523000,4096
52742,victim2,2,READ,0x20000534000,4096
52755,victim1,1,READ,0x10000520000,4096
52785,victim2,2,READ,0x20000535000,4096
52791,victim3,3,READ,0x30000524000,4096
52804,victim1,1,READ,0x10000521000,4096
52821,victim3,3,READ,0x30000525000,4096
52822,victim2,2,READ,0x20000536000,4096
52832,victim1,1,READ,0x10000522000,4096
52844,victim2,2,READ,0x20000537000,4096
52855,victim1,1,READ,0x10000523000,4096
52864,victim3,3,READ,0x30000526000,4096
52894,victim3,3,READ,0x30000527000,4096
52897,victim2,2,READ,0x20000538000,4096
52908,victim1,1,READ,0x10000524000,4096
52933,victim3,3,READ,0x30000528000,4096
52950,victim2,2,WRITE,0x20000539000,4096
52967,victim1,1,READ,0x10000525000,4096
52981,victim3,3,READ,0x30000529000,4096
52986,victim2,2,READ,0x2000053a000,4096
53022,victim1,1,READ,0x10000526000,4096
53024,victim3,3,READ,0x3000052a000,4096
53045,victim2,2,READ,0x2000053b000,4096
53064,victim1,1,WRITE,0x10000527000,4096
53076,victim2,2,READ,0x2000053c000,4096
53076,victim3,3,READ,0x3000052b000,4096
53104,victim3,3,READ,0x3000052c000,4096
53115,victim1,1,READ,0x10000528000,4096
53122,victim2,2,READ,0x2000053d000,4096
53138,victim1,1,READ,0x10000529000,4096
53152,victim2,2,READ,0x2000053e000,4096
53153,victim3,3,READ,0x3000052d000,4096
53159,victim1,1,READ,0x1000052a000,4096
53173,victim3,3,READ,0x3000052e000,4096
53196,victim2,2,READ,0x2000053f000,4096
53203,victim3,3,READ,0x3000052f000,4096
53207,victim1,1,WRITE,0x1000052b000,4096
53238,victim1,1,READ,0x1000052c000,4096
53256,victim2,2,READ,0x20000540000,4096
53259,victim3,3,WRITE,0x30000530000,4096
53273,victim1,1,READ,0x1000052d000,4096
53287,victim2,2,READ,0x20000541000,4096
53300,victim3,3,READ,0x30000531000,4096
53301,victim1,1,READ,0x1000052e000,4096
53325,victim3,3,WRITE,0x30000532000,4096
53341,victim2,2,READ,0x20000542000,4096
53356,victim1,1,READ,0x1000052f000,4096
53361,victim3,3,READ,0x30000533000,4096
53363,victim2,2,READ,0x20000543000,4096
53381,victim1,1,READ,0x10000530000,4096
53398,victim2,2,READ,0x20000544000,4096
53413,victim3,3,READ,0x30000534000,4096
53419,victim2,2,READ,0x20000545000,4096
53436,victim1,1,READ,0x10000531000,4096
53457,victim3,3,READ,0x30000535000,4096
53461,victim2,2,READ,0x20000546000,4096
53485,victim1,1,WRITE,0x10000532000,4096
53496,victim3,3,READ,0x30000536000,4096
53503,victim2,2,READ,0x20000547000,4096
53508,victim1,1,READ,0x10000533000,4096
53533,victim3,3,READ,0x30000537000,4096
53536,victim2,2,READ,0x20000548000,4096
53545,victim1,1,READ,0x10000534000,4096
53562,victim3,3,READ,0x30000538000,4096
53591,victim2,2,READ,0x20000549000,4096
53605,victim1,1,WRITE,0x10000535000,4096
53613,victim3,3,READ,0x30000539000,4096
53643,victim2,2,READ,0x2000054a000,4096
53643,victim3,3,READ,0x3000053a000,4096
53654,victim1,1,WRITE,0x10000536000,4096
53669,victim3,3,READ,0x3000053b000,4096
53684,victim2,2,READ,0x2000054b000,4096
53686,victim1,1,READ,0x10000537000,4096
53715,victim3,3,READ,0x3000053c000,4096
53720,victim1,1,READ,0x10000538000,4096
53743,victim2,2,READ,0x2000054c000,4096
53762,victim1,1,READ,0x10000539000,4096
53764,victim3,3,READ,0x3000053d000,4096
53776,victim2,2,READ,0x2000054d000,4096
53795,victim3,3,READ,0x3000053e000,4096
53802,victim1,1,WRITE,0x1000053a000,4096
53818,victim2,2,READ,0x2000054e000,4096
53836,victim3,3,READ,0x3000053f000,4096
53842,victim1,1,READ,0x1000053b000,4096
53874,victim2,2,READ,0x2000054f000,4096
53890,victim3,3,WRITE,0x30000540000,4096
53897,victim1,1,READ,0x1000053c000,4096
53914,victim3,3,READ,0x30000541000,4096
53917,victim2,2,READ,0x20000550000,4096
53942,victim1,1,READ,0x1000053d000,4096
53953,victim3,3,READ,0x30000542000,4096
53969,victim2,2,READ,0x20000551000,4096
53974,victim1,1,READ,0x1000053e000,4096
54002,victim3,3,READ,0x30000543000,4096
54013,victim2,2,READ,0x20000552000,4096
54030,victim1,1,READ,0x1000053f000,4096
54038,victim3,3,READ,0x30000544000,4096
54052,victim1,1,READ,0x10000540000,4096
54055,victim2,2,READ,0x20000553000,4096
54080,victim2,2,READ,0x20000554000,4096
54086,victim3,3,READ,0x30000545000,4096
54097,victim1,1,READ,0x10000541000,4096
54119,victim3,3,READ,0x30000546000,4096
54138,victim2,2,READ,0x20000555000,4096
54141,victim3,3,READ,0x30000547000,4096
54143,victim1,1,READ,0x10000542000,4096
54161,victim3,3,READ,0x30000548000,4096
54173,victim2,2,READ,0x20000556000,4096
54188,victim3,3,READ,0x30000549000,4096
54194,victim1,1,READ,0x10000543000,4096
54215,victim2,2,READ,0x20000557000,4096
54238,victim3,3,READ,0x3000054a000,4096
54240,victim1,1,READ,0x10000544000,4096
54254,victim2,2,READ,0x20000558000,4096
54284,victim2,2,READ,0x20000559000,4096
54284,victim3,3,READ,0x3000054b000,4096
54285,victim1,1,READ,0x10000545000,4096
54318,victim3,3,READ,0x3000054c000,4096
54334,victim2,2,WRITE,0x2000055a000,4096
54341,victim1,1,READ,0x10000546000,4096
54350,victim3,3,READ,0x3000054d000,4096
54376,victim1,1,READ,0x10000547000,4096
54383,victim2,2,READ,0x2000055b000,4096
54396,victim3,3,READ,0x3000054e000,4096
54398,victim1,1,READ,0x10000548000,4096
54415,victim2,2,WRITE,0x2000055c000,4096
54419,victim1,1,READ,0x10000549000,4096
54446,victim3,3,READ,0x3000054f000,4096
54460,victim2,2,READ,0x2000055d000,4096
54466,victim1,1,READ,0x1000054a000,4096
54480,victim3,3,READ,0x30000550000,4096
54495,victim2,2,READ,0x2000055e000,4096
54500,victim1,1,READ,0x1000054b000,4096
54508,victim3,3,WRITE,0x30000551000,4096
54532,victim2,2,READ,0x2000055f000,4096
54537,victim1,1,READ,0x1000054c000,4096
54544,victim3,3,READ,0x30000552000,4096
54560,victim2,2,READ,0x20000560000,4096
54590,victim2,2,READ,0x20000561000,4096
54592,victim1,1,READ,0x1000054d000,4096
54592,victim3,3,READ,0x30000553000,4096
54615,victim1,1,READ,0x1000054e000,4096
54641,victim1,1,READ,0x1000054f000,4096
54648,victim3,3,READ,0x30000554000,4096
54649,victim2,2,READ,0x20000562000,4096
54676,victim1,1,READ,0x10000550000,4096
54683,victim2,2,WRITE,0x20000563000,4096
54692,victim3,3,WRITE,0x30000555000,4096
54726,victim1,1,READ,0x10000551000,4096
54726,victim3,3,READ,0x30000556000,4096
54741,victim2,2,READ,0x20000564000,4096
54772,victim3,3,READ,0x30000557000,4096
54775,victim1,1,READ,0x10000552000,4096
54788,victim2,2,READ,0x20000565000,4096
54815,victim3,3,READ,0x30000558000,4096
54830,victim1,1,WRITE,0x10000553000,4096
54841,victim2,2,READ,0x20000566000,4096
54859,victim3,3,READ,0x30000559000,4096
54862,victim2,2,READ,0x20000567000,4096
54867,victim1,1,READ,0x10000554000,4096
54882,victim2,2,READ,0x20000568000,4096
54904,victim2,2,READ,0x20000569000,4096
54915,victim3,3,READ,0x3000055a000,4096
54920,victim1,1,READ,0x10000555000,4096
54936,victim2,2,READ,0x2000056a000,4096
54945,victim1,1,READ,0x10000556000,4096
54960,victim3,3,READ,0x3000055b000,4096
54967,victim2,2,READ,0x2000056b000,4096
54996,victim1,1,READ,0x10000557000,4096
55001,victim3,3,READ,0x3000055c000,4096
55011,victim2,2,READ,0x2000056c000,4096
55043,victim1,1,READ,0x10000558000,4096
55060,victim3,3,READ,0x3000055d000,4096
55070,victim2,2,READ,0x2000056d000,4096
55084,victim1,1,READ,0x10000559000,4096
55097,victim2,2,READ,0x2000056e000,4096
55112,victim3,3,READ,0x3000055e000,4096
55120,victim1,1,READ,0x1000055a000,4096
55136,victim2,2,READ,0x2000056f000,4096
55137,victim3,3,READ,0x3000055f000,4096
55147,victim1,1,READ,0x1000055b000,4096
55163,victim3,3,READ,0x30000560000,4096
55183,victim2,2,READ,0x20000570000,4096
55191,victim1,1,READ,0x1000055c000,4096
55210,victim3,3,READ,0x30000561000,4096
55214,victim2,2,READ,0x20000571000,4096
55227,victim1,1,READ,0x1000055d000,4096
55238,victim3,3,READ,0x30000562000,4096
55245,victim2,2,READ,0x20000572000,4096
55274,victim1,1,READ,0x1000055e000,4096
55281,victim3,3,READ,0x30000563000,4096
55287,victim2,2,READ,0x20000573000,4096
55304,victim3,3,READ,0x30000564000,4096
55326,victim1,1,READ,0x1000055f000,4096
55331,victim2,2,READ,0x20000574000,4096
55342,victim3,3,READ,0x30000565000,4096
55368,victim1,1,READ,0x10000560000,4096
55371,victim3,3,READ,0x30000566000,4096
55375,victim2,2,READ,0x20000575000,4096
55408,victim1,1,READ,0x10000561000,4096
55416,victim2,2,READ,0x20000576000,4096
55423,victim3,3,READ,0x30000567000,4096
55436,victim2,2,READ,0x20000577000,4096
55466,victim1,1,READ,0x10000562000,4096
55468,victim2,2,READ,0x20000578000,4096
55476,victim3,3,READ,0x30000568000,4096
55491,victim1,1,READ,0x10000563000,4096
55507,victim2,2,READ,0x20000579000,4096
55512,victim3,3,WRITE,0x30000569000,4096
55528,victim2,2,WRITE,0x2000057a000,4096
55534,victim3,3,READ,0x3000056a000,4096
55535,victim1,1,READ,0x10000564000,4096
55567,victim2,2,READ,0x2000057b000,4096
55571,victim3,3,READ,0x3000056b000,4096
55591,victim1,1,READ,0x10000565000,4096
55597,victim3,3,READ,0x3000056c000,4096
55615,victim2,2,READ,0x2000057c000,4096
55642,victim1,1,READ,0x10000566000,4096
55648,victim3,3,READ,0x3000056d000,4096
55657,victim2,2,READ,0x2000057d000,4096
55681,victim3,3,READ,0x3000056e000,4096
55686,victim1,1,READ,0x10000567000,4096
55687,victim2,2,READ,0x2000057e000,4096
55721,victim1,1,READ,0x10000568000,4096
55733,victim2,2,READ,0x2000057f000,4096
55737,victim3,3,READ,0x3000056f000,4096
55752,victim1,1,READ,0x10000569000,4096
55771,victim3,3,READ,0x30000570000,4096
55788,victim2,2,READ,0x20000580000,4096
55797,victim1,1,READ,0x1000056a000,4096
55817,victim2,2,READ,0x20000581000,4096
55820,victim3,3,READ,0x30000571000,4096
55828,victim1,1,READ,0x1000056b000,4096
55851,victim2,2,READ,0x20000582000,4096
55861,victim3,3,READ,0x30000572000,4096
55869,victim1,1,READ,0x1000056c000,4096
55882,victim2,2,READ,0x20000583000,4096
55889,victim3,3,READ,0x30000573000,4096
55926,victim1,1,READ,0x1000056d000,4096
55928,victim2,2,READ,0x20000584000,4096
55930,victim3,3,READ,0x30000574000,4096
55975,victim1,1,READ,0x1000056e000,4096
55982,victim2,2,READ,0x20000585000,4096
55982,victim3,3,READ,0x30000575000,4096
56001,victim1,1,WRITE,0x1000056f000,4096
56021,victim2,2,READ,0x20000586000,4096
56029,victim1,1,WRITE,0x10000570000,4096
56033,victim3,3,READ,0x30000576000,4096
56053,victim3,3,READ,0x30000577000,4096
56067,victim2,2,READ,0x20000587000,4096
56075,victim1,1,READ,0x10000571000,4096
56078,victim3,3,READ,0x30000578000,4096
56115,victim1,1,READ,0x10000572000,4096
56117,victim2,2,READ,0x20000588000,4096
56123,victim3,3,READ,0x30000579000,4096
56152,victim2,2,READ,0x20000589000,4096
56156,victim3,3,READ,0x3000057a000,4096
56165,victim1,1,READ,0x10000573000,4096
56177,victim2,2,READ,0x2000058a000,4096
56200,victim3,3,READ,0x3000057b000,4096
56221,victim1,1,READ,0x10000574000,4096
56224,victim3,3,READ,0x3000057c000,4096
56230,victim2,2,READ,0x2000058b000,4096
56265,victim3,3,READ,0x3000057d000,4096
56267,victim2,2,READ,0x2000058c000,4096
56271,victim1,1,READ,0x10000575000,4096
56303,victim3,3,READ,0x3000057e000,4096
56322,victim1,1,READ,0x10000576000,4096
56326,victim2,2,READ,0x2000058d000,4096
56349,victim2,2,READ,0x2000058e000,4096
56358,victim3,3,READ,0x3000057f000,4096
56382,victim1,1,READ,0x10000577000,4096
56383,victim3,3,READ,0x30000580000,4096
56387,victim2,2,READ,0x2000058f000,4096
56413,victim1,1,READ,0x10000578000,4096
56418,victim2,2,READ,0x20000590000,4096
56423,victim3,3,WRITE,0x30000581000,4096
56447,victim1,1,READ,0x10000579000,4096
56459,victim2,2,READ,0x20000591000,4096
56476,victim3,3,READ,0x30000582000,4096
56480,victim1,1,READ,0x1000057a000,4096
56482,victim2,2,READ,0x20000592000,4096
56506,victim2,2,READ,0x20000593000,4096
56509,victim3,3,READ,0x30000583000,4096
56532,victim1,1,READ,0x1000057b000,4096
56533,victim3,3,READ,0x30000584000,4096
56561,victim2,2,READ,0x20000594000,4096
56566,victim3,3,READ,0x30000585000,4096
56579,victim1,1,READ,0x1000057c000,4096
56611,victim2,2,READ,0x20000595000,4096
56612,victim1,1,READ,0x1000057d000,4096
56614,victim3,3,READ,0x30000586000,4096
56635,victim3,3,READ,0x30000587000,4096
56637,victim1,1,READ,0x1000057e000,4096
56639,victim2,2,READ,0x20000596000,4096
56676,victim3,3,READ,0x30000588000,4096
56689,victim1,1,READ,0x1000057f000,4096
56699,victim2,2,READ,0x20000597000,4096
56709,victim1,1,WRITE,0x10000580000,4096
56715,victim3,3,READ,0x30000589000,4096
56733,victim2,2,READ,0x20000598000,4096
56754,victim1,1,READ,0x10000581000,4096
56757,victim3,3,READ,0x3000058a000,4096
56767,victim2,2,READ,0x20000599000,4096
56796,victim1,1,READ,0x10000582000,4096
56803,victim3,3,READ,0x3000058b000,4096
56817,victim1,1,READ,0x10000583000,4096
56817,victim2,2,READ,0x2000059a000,4096
56827,victim3,3,READ,0x3000058c000,4096
56852,victim2,2,READ,0x2000059b000,4096
56877,victim1,1,READ,0x10000584000,4096
56886,victim3,3,READ,0x3000058d000,4096
56908,victim1,1,WRITE,0x10000585000,4096
56908,victim2,2,WRITE,0x2000059c000,4096
56931,victim1,1,READ,0x10000586000,4096
56945,victim3,3,READ,0x3000058e000,4096
56952,victim2,2,READ,0x2000059d000,4096
56956,victim1,1,READ,0x10000587000,4096
56977,victim2,2,READ,0x2000059e000,4096
56998,victim3,3,READ,0x3000058f000,4096
57010,victim1,1,WRITE,0x10000588000,4096
57028,victim3,3,READ,0x30000590000,4096
57030,victim2,2,READ,0x2000059f000,4096
57056,victim1,1,READ,0x10000589000,4096
57057,victim2,2,READ,0x200005a0000,4096
57076,victim3,3,WRITE,0x30000591000,4096
57097,victim1,1,READ,0x1000058a000,4096
57102,victim3,3,READ,0x30000592000,4096
57111,victim2,2,READ,0x200005a1000,4096
57144,victim3,3,READ,0x30000593000,4096
57150,victim2,2,READ,0x200005a2000,4096
57151,victim1,1,WRITE,0x1000058b000,4096
57182,victim2,2,READ,0x200005a3000,4096
57194,victim3,3,READ,0x30000594000,4096
57199,victim1,1,READ,0x1000058c000,4096
57231,victim1,1,READ,0x1000058d000,4096
57235,victim3,3,READ,0x30000595000,4096
57237,victim2,2,READ,0x200005a4000,4096
57270,victim2,2,READ,0x200005a5000,4096
57283,victim1,1,READ,0x1000058e000,4096
57283,victim3,3,READ,0x30000596000,4096
57310,victim2,2,WRITE,0x200005a6000,4096
57339,victim1,1,WRITE,0x1000058f000,4096
57340,victim3,3,READ,0x30000597000,4096
57348,victim2,2,READ,0x200005a7000,4096
57389,victim1,1,READ,0x10000590000,4096
57389,victim2,2,READ,0x200005a8000,4096
57393,victim3,3,READ,0x30000598000,4096
57419,victim3,3,READ,0x30000599000,4096
57434,victim1,1,READ,0x10000591000,4096
57446,victim2,2,READ,0x200005a9000,4096
57476,victim3,3,READ,0x3000059a000,4096
57484,victim1,1,READ,0x10000592000,4096
57500,victim2,2,READ,0x200005aa000,4096
57504,victim1,1,READ,0x10000593000,4096
57534,victim3,3,READ,0x3000059b000,4096
57536,victim2,2,READ,0x200005ab000,4096
57546,victim1,1,READ,0x10000594000,4096
57568,victim2,2,READ,0x200005ac000,4096
57573,victim3,3,READ,0x3000059c000,4096
57576,victim1,1,READ,0x10000595000,4096
57615,victim2,2,READ,0x200005ad000,4096
57624,victim3,3,READ,0x3000059d000,4096
57625,victim1,1,WRITE,0x10000596000,4096
57668,victim3,3,WRITE,0x3000059e000,4096
57670,victim2,2,READ,0x200005ae000,4096
57683,victim1,1,READ,0x10000597000,4096
57704,victim1,1,READ,0x10000598000,4096
57727,victim3,3,READ,0x3000059f000,4096
57728,victim2,2,READ,0x200005af000,4096
57754,victim1,1,READ,0x10000599000,4096
57774,victim2,2,READ,0x200005b0000,4096
57775,victim3,3,READ,0x300005a0000,4096
57789,victim1,1,READ,0x1000059a000,4096
57806,victim3,3,READ,0x300005a1000,4096
57809,victim2,2,READ,0x200005b1000,4096
57822,victim1,1,READ,0x1000059b000,4096
57837,victim3,3,READ,0x300005a2000,4096
57845,victim2,2,READ,0x200005b2000,4096
57872,victim1,1,READ,0x1000059c000,4096
57883,victim2,2,READ,0x200005b3000,4096
57886,victim3,3,READ,0x300005a3000,4096
57906,victim2,2,READ,0x200005b4000,4096
57931,victim1,1,READ,0x1000059d000,4096
57936,victim3,3,READ,0x300005a4000,4096
57958,victim1,1,WRITE,0x1000059e000,4096
57961,victim2,2,READ,0x200005b5000,4096
57971,victim3,3,WRITE,0x300005a5000,4096
57993,victim1,1,READ,0x1000059f000,4096
58005,victim3,3,READ,0x300005a6000,4096
58007,victim2,2,READ,0x200005b6000,4096
58028,victim2,2,READ,0x200005b7000,4096
58047,victim1,1,READ,0x100005a0000,4096
58052,victim3,3,READ,0x300005a7000,4096
58077,victim2,2,READ,0x200005b8000,4096
58091,victim1,1,READ,0x100005a1000,4096
58103,victim3,3,READ,0x300005a8000,4096
58122,victim2,2,READ,0x200005b9000,4096
58146,victim1,1,READ,0x100005a2000,4096
58149,victim3,3,READ,0x300005a9000,4096
58158,victim2,2,READ,0x200005ba000,4096
58183,victim1,1,WRITE,0x100005a3000,4096
58197,victim3,3,READ,0x300005aa000,4096
58211,victim2,2,READ,0x200005bb000,4096
58212,victim1,1,READ,0x100005a4000,4096
58247,victim3,3,READ,0x300005ab000,4096
58255,victim2,2,READ,0x200005bc000,4096
58264,victim1,1,WRITE,0x100005a5000,4096
58289,victim2,2,READ,0x200005bd000,4096
58289,victim3,3,WRITE,0x300005ac000,4096
58319,victim1,1,WRITE,0x100005a6000,4096
58339,victim3,3,READ,0x300005ad000,4096
58348,victim2,2,READ,0x200005be000,4096
58365,victim1,1,READ,0x100005a7000,4096
58368,victim2,2,READ,0x200005bf000,4096
58392,victim3,3,READ,0x300005ae000,4096
58394,victim2,2,READ,0x200005c0000,4096
58404,victim1,1,READ,0x100005a8000,4096
58443,victim2,2,READ,0x200005c1000,4096
58447,victim3,3,READ,0x300005af000,4096
58454,victim1,1,READ,0x100005a9000,4096
58469,victim3,3,READ,0x300005b0000,4096
58481,victim1,1,READ,0x100005aa000,4096
58499,victim2,2,READ,0x200005c2000,4096
58523,victim3,3,READ,0x300005b1000,4096
58536,victim1,1,READ,0x100005ab000,4096
58538,victim2,2,READ,0x200005c3000,4096
58559,victim1,1,READ,0x100005ac000,4096
58563,victim2,2,READ,0x200005c4000,4096
58575,victim3,3,WRITE,0x300005b2000,4096
58594,victim1,1,READ,0x100005ad000,4096
58603,victim2,2,READ,0x200005c5000,4096
58625,victim1,1,READ,0x100005ae000,4096
58626,victim3,3,READ,0x300005b3000,4096
58647,victim2,2,READ,0x200005c6000,4096
58677,victim3,3,READ,0x300005b4000,4096
58679,victim1,1,READ,0x100005af000,4096
58697,victim2,2,READ,0x200005c7000,4096
58705,victim1,1,READ,0x100005b0000,4096
58717,victim3,3,READ,0x300005b5000,4096
58751,victim2,2,READ,0x200005c8000,4096
58756,victim1,1,READ,0x100005b1000,4096
58761,victim3,3,READ,0x300005b6000,4096
58784,victim1,1,READ,0x100005b2000,4096
58799,victim2,2,WRITE,0x200005c9000,4096
58817,victim3,3,READ,0x300005b7000,4096
58832,victim1,1,READ,0x100005b3000,4096
58840,victim2,2,READ,0x200005ca000,4096
58847,victim3,3,READ,0x300005b8000,4096
58858,victim1,1,READ,0x100005b4000,4096
58869,victim2,2,READ,0x200005cb000,4096
58894,victim2,2,READ,0x200005cc000,4096
58898,victim1,1,READ,0x100005b5000,4096
58905,victim3,3,READ,0x300005b9000,4096
58935,victim2,2,READ,0x200005cd000,4096
58946,victim1,1,READ,0x100005b6000,4096
58952,victim3,3,READ,0x300005ba000,4096
58956,victim2,2,READ,0x200005ce000,4096
58991,victim3,3,READ,0x300005bb000,4096
58996,victim2,2,READ,0x200005cf000,4096
58998,victim1,1,READ,0x100005b7000,4096
59025,victim2,2,READ,0x200005d0000,4096
59037,victim1,1,READ,0x100005b8000,4096
59044,victim3,3,READ,0x300005bc000,4096
59063,victim2,2,READ,0x200005d1000,4096
59083,victim1,1,READ,0x100005b9000,4096
59098,victim3,3,READ,0x300005bd000,4096
59105,victim2,2,READ,0x200005d2000,4096
59109,victim1,1,READ,0x100005ba000,4096
59123,victim3,3,READ,0x300005be000,4096
59156,victim2,2,READ,0x200005d3000,4096
59167,victim3,3,READ,0x300005bf000,4096
59168,victim1,1,READ,0x100005bb000,4096
59191,victim2,2,READ,0x200005d4000,4096
59197,victim3,3,READ,0x300005c0000,4096
59202,victim1,1,READ,0x100005bc000,4096
59233,victim2,2,WRITE,0x200005d5000,4096
59242,victim1,1,READ,0x100005bd000,4096
59248,victim3,3,READ,0x300005c1000,4096
59271,victim1,1,READ,0x100005be000,4096
59283,victim2,2,READ,0x200005d6000,4096
59307,victim3,3,READ,0x300005c2000,4096
59327,victim1,1,READ,0x100005bf000,4096
59333,victim3,3,READ,0x300005c3000,4096
59337,victim2,2,READ,0x200005d7000,4096
59359,victim2,2,READ,0x200005d8000,4096
59374,victim1,1,READ,0x100005c0000,4096
59383,victim3,3,READ,0x300005c4000,4096
59402,victim2,2,READ,0x200005d9000,4096
59423,victim3,3,WRITE,0x300005c5000,4096
59430,victim1,1,READ,0x100005c1000,4096
59435,victim2,2,READ,0x200005da000,4096
59461,victim2,2,READ,0x200005db000,4096
59465,victim3,3,READ,0x300005c6000,4096
59466,victim1,1,READ,0x100005c2000,4096
59485,victim2,2,READ,0x200005dc000,4096
59499,victim3,3,READ,0x300005c7000,4096
59518,victim1,1,READ,0x100005c3000,4096
59518,victim2,2,READ,0x200005dd000,4096
59532,victim3,3,WRITE,0x300005c8000,4096
59569,victim2,2,READ,0x200005de000,4096
59574,victim1,1,READ,0x100005c4000,4096
59582,victim3,3,READ,0x300005c9000,4096
59605,victim1,1,READ,0x100005c5000,4096
59605,victim2,2,READ,0x200005df000,4096
59635,victim1,1,READ,0x100005c6000,4096
59638,victim3,3,READ,0x300005ca000,4096
59655,victim2,2,READ,0x200005e0000,4096
59675,victim3,3,READ,0x300005cb000,4096
59687,victim1,1,WRITE,0x100005c7000,4096
59694,victim2,2,WRITE,0x200005e1000,4096
59707,victim3,3,READ,0x300005cc000,4096
59712,victim1,1,READ,0x100005c8000,4096
59741,victim2,2,READ,0x200005e2000,4096
59744,victim1,1,READ,0x100005c9000,4096
59753,victim3,3,READ,0x300005cd000,4096
59774,victim1,1,READ,0x100005ca000,4096
59775,victim3,3,READ,0x300005ce000,4096
59776,victim2,2,READ,0x200005e3000,4096
59801,victim3,3,READ,0x300005cf000,4096
59807,victim1,1,READ,0x100005cb000,4096
59834,victim2,2,READ,0x200005e4000,4096
59836,victim1,1,READ,0x100005cc000,4096
59852,victim3,3,READ,0x300005d0000,4096
59855,victim2,2,READ,0x200005e5000,4096
59875,victim3,3,READ,0x300005d1000,4096
59885,victim1,1,READ,0x100005cd000,4096
59887,victim2,2,READ,0x200005e6000,4096
59909,victim2,2,READ,0x200005e7000,4096
59915,victim3,3,READ,0x300005d2000,4096
59939,victim1,1,READ,0x100005ce000,4096
59943,victim2,2,READ,0x200005e8000,4096
59975,victim3,3,READ,0x300005d3000,4096
59990,victim1,1,READ,0x100005cf000,4096
60000,victim3,3,READ,0x300005d4000,4096
60003,victim2,2,READ,0x200005e9000,4096
60024,victim1,1,READ,0x100005d0000,4096
60044,victim1,1,READ,0x100005d1000,4096
60051,victim3,3,READ,0x300005d5000,4096
60053,victim2,2,READ,0x200005ea000,4096
60094,victim1,1,READ,0x100005d2000,4096
60102,victim2,2,WRITE,0x200005eb000,4096
60108,victim3,3,READ,0x300005d6000,4096
60129,victim1,1,WRITE,0x100005d3000,4096
60130,victim2,2,READ,0x200005ec000,4096
60135,victim3,3,WRITE,0x300005d7000,4096
60170,victim1,1,READ,0x100005d4000,4096
60170,victim3,3,READ,0x300005d8000,4096
60185,victim2,2,READ,0x200005ed000,4096
60191,victim1,1,WRITE,0x100005d5000,4096
60205,victim3,3,WRITE,0x300005d9000,4096
60223,victim1,1,READ,0x100005d6000,4096
60223,victim2,2,READ,0x200005ee000,4096
60250,victim2,2,READ,0x200005ef000,4096
60257,victim3,3,READ,0x300005da000,4096
60271,victim1,1,READ,0x100005d7000,4096
60272,victim2,2,READ,0x200005f0000,4096
60312,victim3,3,READ,0x300005db000,4096
60323,victim1,1,WRITE,0x100005d8000,4096
60323,victim2,2,READ,0x200005f1000,4096
60357,victim1,1,READ,0x100005d9000,4096
60362,victim3,3,READ,0x300005dc000,4096
60382,victim2,2,READ,0x200005f2000,4096
60386,victim3,3,READ,0x300005dd000,4096
60393,victim1,1,READ,0x100005da000,4096
60439,victim2,2,READ,0x200005f3000,4096
60440,victim3,3,READ,0x300005de000,4096
60442,victim1,1,READ,0x100005db000,4096
60471,victim2,2,READ,0x200005f4000,4096
60498,victim3,3,READ,0x300005df000,4096
60500,victim1,1,READ,0x100005dc000,4096
60512,victim2,2,READ,0x200005f5000,4096
60527,victim3,3,READ,0x300005e0000,4096
60547,victim3,3,READ,0x300005e1000,4096
60552,victim1,1,READ,0x100005dd000,4096
60557,victim2,2,READ,0x200005f6000,4096
60591,victim2,2,READ,0x200005f7000,4096
60597,victim1,1,READ,0x100005de000,4096
60602,victim3,3,READ,0x300005e2000,4096
60623,victim1,1,READ,0x100005df000,4096
60644,victim2,2,READ,0x200005f8000,4096
60659,victim3,3,READ,0x300005e3000,4096
60673,victim2,2,READ,0x200005f9000,4096
60676,victim1,1,READ,0x100005e0000,4096
60716,victim3,3,WRITE,0x300005e4000,4096
60726,victim1,1,READ,0x100005e1000,4096
60726,victim2,2,WRITE,0x200005fa000,4096
60758,victim1,1,READ,0x100005e2000,4096
60758,victim2,2,READ,0x200005fb000,4096
60771,victim3,3,READ,0x300005e5000,4096
60781,victim1,1,READ,0x100005e3000,4096
60811,victim2,2,READ,0x200005fc000,4096
60824,victim3,3,WRITE,0x300005e6000,4096
60838,victim1,1,READ,0x100005e4000,4096
60845,victim2,2,READ,0x200005fd000,4096
60872,victim3,3,READ,0x300005e7000,4096
60878,victim2,2,READ,0x200005fe000,4096
60887,victim1,1,READ,0x100005e5000,4096
60907,victim2,2,WRITE,0x200005ff000,4096
60909,victim1,1,WRITE,0x100005e6000,4096
60917,victim3,3,READ,0x300005e8000,4096
60956,victim3,3,READ,0x300005e9000,4096
60959,victim2,2,WRITE,0x20000600000,4096
60960,victim1,1,READ,0x100005e7000,4096
60980,victim1,1,READ,0x100005e8000,4096
60982,victim2,2,READ,0x20000601000,4096
60997,victim3,3,READ,0x300005ea000,4096
61003,victim2,2,READ,0x20000602000,4096
61030,victim1,1,READ,0x100005e9000,4096
61034,victim3,3,READ,0x300005eb000,4096
61061,victim2,2,READ,0x20000603000,4096
61085,victim1,1,READ,0x100005ea000,4096
61089,victim3,3,READ,0x300005ec000,4096
61094,victim2,2,READ,0x20000604000,4096
61139,victim1,1,READ,0x100005eb000,4096
61140,victim2,2,READ,0x20000605000,4096
61148,victim3,3,READ,0x300005ed000,4096
61165,victim2,2,READ,0x20000606000,4096
61171,victim1,1,READ,0x100005ec000,4096
61176,victim3,3,READ,0x300005ee000,4096
61191,victim1,1,READ,0x100005ed000,4096
61204,victim2,2,READ,0x20000607000,4096
61212,victim1,1,READ,0x100005ee000,4096
61236,victim3,3,READ,0x300005ef000,4096
61237,victim2,2,READ,0x20000608000,4096
61252,victim1,1,READ,0x100005ef000,4096
61265,victim2,2,READ,0x20000609000,4096
61269,victim3,3,READ,0x300005f0000,4096
61294,victim1,1,READ,0x100005f0000,4096
61310,victim2,2,READ,0x2000060a000,4096
61315,victim3,3,READ,0x300005f1000,4096
61318,victim1,1,READ,0x100005f1000,4096
61342,victim2,2,READ,0x2000060b000,4096
61349,victim1,1,READ,0x100005f2000,4096
61369,victim1,1,READ,0x100005f3000,4096
61370,victim3,3,READ,0x300005f2000,4096
61396,victim1,1,READ,0x100005f4000,4096
61398,victim2,2,READ,0x2000060c000,4096
61400,victim3,3,READ,0x300005f3000,4096
61422,victim1,1,READ,0x100005f5000,4096
61432,victim2,2,READ,0x2000060d000,4096
61452,victim2,2,READ,0x2000060e000,4096
61454,victim3,3,READ,0x300005f4000,4096
61475,victim1,1,READ,0x100005f6000,4096
61488,victim2,2,READ,0x2000060f000,4096
61499,victim3,3,READ,0x300005f5000,4096
61504,victim1,1,READ,0x100005f7000,4096
61528,victim1,1,READ,0x100005f8000,4096
61530,victim2,2,WRITE,0x20000610000,4096
61555,victim3,3,READ,0x300005f6000,4096
61563,victim1,1,WRITE,0x100005f9000,4096
61572,victim2,2,READ,0x20000611000,4096
61592,victim3,3,READ,0x300005f7000,4096
61608,victim2,2,WRITE,0x20000612000,4096
61615,victim1,1,READ,0x100005fa000,4096
61616,victim3,3,READ,0x300005f8000,4096
61641,victim2,2,READ,0x20000613000,4096
61657,victim3,3,READ,0x300005f9000,4096
61670,victim1,1,READ,0x100005fb000,4096
61692,victim2,2,READ,0x20000614000,4096
61700,victim1,1,READ,0x100005fc000,4096
61711,victim3,3,READ,0x300005fa000,4096
61744,victim1,1,READ,0x100005fd000,4096
61752,victim2,2,READ,0x20000615000,4096
61753,victim3,3,READ,0x300005fb000,4096
61774,victim1,1,READ,0x100005fe000,4096
61775,victim2,2,READ,0x20000616000,4096
61783,victim3,3,READ,0x300005fc000,4096
61803,victim2,2,READ,0x20000617000,4096
61806,victim1,1,READ,0x100005ff000,4096
61832,victim1,1,READ,0x10000600000,4096
61842,victim3,3,READ,0x300005fd000,4096
61860,victim2,2,READ,0x20000618000,4096
61863,victim1,1,READ,0x10000601000,4096
61892,victim3,3,READ,0x300005fe000,4096
61908,victim2,2,READ,0x20000619000,4096
61911,victim1,1,READ,0x10000602000,4096
61938,victim3,3,READ,0x300005ff000,4096
61953,victim1,1,READ,0x10000603000,4096
61958,victim2,2,READ,0x2000061a000,4096
61990,victim3,3,WRITE,0x30000600000,4096
62005,victim2,2,READ,0x2000061b000,4096
62007,victim1,1,READ,0x10000604000,4096
62040,victim1,1,READ,0x10000605000,4096
62047,victim3,3,READ,0x30000601000,4096
62048,victim2,2,READ,0x2000061c000,4096
62067,victim3,3,READ,0x30000602000,4096
62080,victim1,1,READ,0x10000606000,4096
62086,victim2,2,READ,0x2000061d000,4096
62100,victim3,3,READ,0x30000603000,4096
62131,victim2,2,READ,0x2000061e000,4096
62132,victim3,3,WRITE,0x30000604000,4096
62139,victim1,1,READ,0x10000607000,4096
62162,victim2,2,READ,0x2000061f000,4096
62168,victim3,3,READ,0x30000605000,4096
62174,victim1,1,READ,0x10000608000,4096
62182,victim2,2,READ,0x20000620000,4096
62214,victim2,2,READ,0x20000621000,4096
62216,victim3,3,READ,0x30000606000,4096
62219,victim1,1,READ,0x10000609000,4096
62272,victim2,2,WRITE,0x20000622000,4096
62275,victim3,3,READ,0x30000607000,4096
62278,victim1,1,READ,0x1000060a000,4096
62305,victim3,3,READ,0x30000608000,4096
62313,victim1,1,READ,0x1000060b000,4096
62313,victim2,2,READ,0x20000623000,4096
62352,victim3,3,READ,0x30000609000,4096
62355,victim2,2,READ,0x20000624000,4096
62368,victim1,1,READ,0x1000060c000,4096
62408,victim2,2,READ,0x20000625000,4096
62409,victim1,1,READ,0x1000060d000,4096
62410,victim3,3,READ,0x3000060a000,4096
62435,victim3,3,READ,0x3000060b000,4096
62437,victim1,1,READ,0x1000060e000,4096
62439,victim2,2,READ,0x20000626000,4096
62473,victim1,1,READ,0x1000060f000,4096
62473,victim3,3,READ,0x3000060c000,4096
62496,victim2,2,READ,0x20000627000,4096
62507,victim3,3,WRITE,0x3000060d000,4096
62527,victim2,2,READ,0x20000628000,4096
62529,victim1,1,READ,0x10000610000,4096
62548,victim3,3,READ,0x3000060e000,4096
62555,victim2,2,READ,0x20000629000,4096
62573,victim3,3,READ,0x3000060f000,4096
62578,victim2,2,READ,0x2000062a000,4096
62587,victim1,1,READ,0x10000611000,4096
62612,victim2,2,READ,0x2000062b000,4096
62622,victim3,3,READ,0x30000610000,4096
62642,victim1,1,READ,0x10000612000,4096
62657,victim2,2,READ,0x2000062c000,4096
62668,victim3,3,WRITE,0x30000611000,4096
62675,victim1,1,READ,0x10000613000,4096
62677,victim2,2,READ,0x2000062d000,4096
62697,victim1,1,READ,0x10000614000,4096
62703,victim2,2,READ,0x2000062e000,4096
62727,victim3,3,READ,0x30000612000,4096
62749,victim2,2,READ,0x2000062f000,4096
62752,victim1,1,READ,0x10000615000,4096
62765,victim3,3,READ,0x30000613000,4096
62788,victim1,1,READ,0x10000616000,4096
62796,victim3,3,READ,0x30000614000,4096
62808,victim2,2,READ,0x20000630000,4096
62817,victim1,1,READ,0x10000617000,4096
62819,victim3,3,READ,0x30000615000,4096
62856,victim2,2,READ,0x20000631000,4096
62860,victim1,1,READ,0x10000618000,4096
62865,victim3,3,READ,0x30000616000,4096
62891,victim2,2,READ,0x20000632000,4096
62892,victim3,3,READ,0x30000617000,4096
62896,victim1,1,READ,0x10000619000,4096
62923,victim1,1,READ,0x1000061a000,4096
62945,victim2,2,READ,0x20000633000,4096
62949,victim3,3,READ,0x30000618000,4096
62960,victim1,1,READ,0x1000061b000,4096
62971,victim3,3,READ,0x30000619000,4096
62987,victim2,2,WRITE,0x20000634000,4096
63005,victim3,3,READ,0x3000061a000,4096
63012,victim1,1,READ,0x1000061c000,4096
63029,victim2,2,READ,0x20000635000,4096
63034,victim3,3,WRITE,0x3000061b000,4096
63039,victim1,1,READ,0x1000061d000,4096
63057,victim3,3,READ,0x3000061c000,4096
63084,victim2,2,WRITE,0x20000636000,4096
63091,victim1,1,READ,0x1000061e000,4096
63117,victim3,3,READ,0x3000061d000,4096
63129,victim1,1,READ,0x1000061f000,4096
63131,victim2,2,READ,0x20000637000,4096
63150,victim3,3,WRITE,0x3000061e000,4096
63166,victim2,2,READ,0x20000638000,4096
63174,victim3,3,READ,0x3000061f000,4096
63184,victim1,1,READ,0x10000620000,4096
63203,victim3,3,READ,0x30000620000,4096
63219,victim2,2,READ,0x20000639000,4096
63236,victim1,1,READ,0x10000621000,4096
63239,victim3,3,READ,0x30000621000,4096
63256,victim1,1,READ,0x10000622000,4096
63262,victim2,2,READ,0x2000063a000,4096
63265,victim3,3,READ,0x30000622000,4096
63278,victim1,1,READ,0x10000623000,4096
63285,victim2,2,READ,0x2000063b000,4096
63303,victim1,1,READ,0x10000624000,4096
63308,victim3,3,WRITE,0x30000623000,4096
63333,victim2,2,READ,0x2000063c000,4096
63339,victim1,1,READ,0x10000625000,4096
63362,victim3,3,READ,0x30000624000,4096
63367,victim1,1,READ,0x10000626000,4096
63389,victim2,2,READ,0x2000063d000,4096
63404,victim3,3,READ,0x30000625000,4096
63411,victim2,2,READ,0x2000063e000,4096
63422,victim1,1,WRITE,0x10000627000,4096
63433,victim3,3,READ,0x30000626000,4096
63455,victim1,1,READ,0x10000628000,4096
63468,victim2,2,READ,0x2000063f000,4096
63479,victim1,1,READ,0x10000629000,4096
63490,victim2,2,READ,0x20000640000,4096
63491,victim3,3,READ,0x30000627000,4096
63518,victim3,3,WRITE,0x30000628000,4096
63530,victim1,1,READ,0x1000062a000,4096
63539,victim2,2,WRITE,0x20000641000,4096
63572,victim3,3,READ,0x30000629000,4096
63573,victim1,1,READ,0x1000062b000,4096
63593,victim2,2,WRITE,0x20000642000,4096
63595,victim3,3,WRITE,0x3000062a000,4096
63623,victim3,3,READ,0x3000062b000,4096
63624,victim1,1,READ,0x1000062c000,4096
63652,victim2,2,READ,0x20000643000,4096
63652,victim3,3,READ,0x3000062c000,4096
63674,victim1,1,READ,0x1000062d000,4096
63689,victim3,3,READ,0x3000062d000,4096
63704,victim2,2,READ,0x20000644000,4096
63706,victim1,1,READ,0x1000062e000,4096
63727,victim3,3,READ,0x3000062e000,4096
63733,victim2,2,READ,0x20000645000,4096
63758,victim1,1,READ,0x1000062f000,4096
63781,victim3,3,READ,0x3000062f000,4096
63784,victim1,1,READ,0x10000630000,4096
63789,victim2,2,READ,0x20000646000,4096
63806,victim1,1,READ,0x10000631000,4096
63821,victim2,2,READ,0x20000647000,4096
63833,victim3,3,READ,0x30000630000,4096
63851,victim1,1,READ,0x10000632000,4096
63874,victim2,2,READ,0x20000648000,4096
63886,victim3,3,WRITE,0x30000631000,4096
63904,victim1,1,READ,0x10000633000,4096
63914,victim3,3,READ,0x30000632000,4096
63921,victim2,2,READ,0x20000649000,4096
63935,victim1,1,READ,0x10000634000,4096
63956,victim1,1,READ,0x10000635000,4096
63956,victim3,3,READ,0x30000633000,4096
63977,victim2,2,READ,0x2000064a000,4096
63989,victim3,3,READ,0x30000634000,4096
63999,victim1,1,WRITE,0x10000636000,4096
64015,victim2,2,READ,0x2000064b000,4096
64037,victim1,1,READ,0x10000637000,4096
64046,victim3,3,WRITE,0x30000635000,4096
64052,victim2,2,READ,0x2000064c000,4096
64064,victim1,1,READ,0x10000638000,4096
64088,victim2,2,READ,0x2000064d000,4096
64094,victim1,1,READ,0x10000639000,4096
64095,victim3,3,READ,0x30000636000,4096
64130,victim3,3,READ,0x30000637000,4096
64144,victim1,1,READ,0x1000063a000,4096
64144,victim2,2,READ,0x2000064e000,4096
64151,victim3,3,READ,0x30000638000,4096
64173,victim2,2,WRITE,0x2000064f000,4096
64179,victim1,1,READ,0x1000063b000,4096
64193,victim3,3,READ,0x30000639000,4096
64205,victim1,1,READ,0x1000063c000,4096
64215,victim2,2,READ,0x20000650000,4096
64229,victim1,1,READ,0x1000063d000,4096
64234,victim3,3,READ,0x3000063a000,4096
64257,victim2,2,WRITE,0x20000651000,4096
64264,victim1,1,READ,0x1000063e000,4096
64293,victim3,3,READ,0x3000063b000,4096
64300,victim2,2,READ,0x20000652000,4096
64309,victim1,1,READ,0x1000063f000,4096
64339,victim3,3,READ,0x3000063c000,4096
64344,victim1,1,READ,0x10000640000,4096
64355,victim2,2,READ,0x20000653000,4096
64384,victim2,2,READ,0x20000654000,4096
64393,victim3,3,READ,0x3000063d000,4096
64394,victim1,1,READ,0x10000641000,4096
64419,victim1,1,READ,0x10000642000,4096
64420,victim3,3,READ,0x3000063e000,4096
64435,victim2,2,READ,0x20000655000,4096
64441,victim3,3,WRITE,0x3000063f000,4096
64453,victim1,1,READ,0x10000643000,4096
64470,victim2,2,READ,0x20000656000,4096
64479,victim3,3,READ,0x30000640000,4096
64487,victim1,1,READ,0x10000644000,4096
64501,victim2,2,READ,0x20000657000,4096
64509,victim3,3,WRITE,0x30000641000,4096
64532,victim1,1,READ,0x10000645000,4096
64539,victim3,3,WRITE,0x30000642000,4096
64556,victim1,1,READ,0x10000646000,4096
64556,victim2,2,READ,0x20000658000,4096
64592,victim3,3,READ,0x30000643000,4096
64594,victim1,1,READ,0x10000647000,4096
64599,victim2,2,READ,0x20000659000,4096
64621,victim1,1,WRITE,0x10000648000,4096
64640,victim3,3,WRITE,0x30000644000,4096
64646,victim2,2,WRITE,0x2000065a000,4096
64660,victim1,1,READ,0x10000649000,4096
64687,victim3,3,WRITE,0x30000645000,4096
64689,victim1,1,READ,0x1000064a000,4096
64706,victim2,2,READ,0x2000065b000,4096
64721,victim3,3,READ,0x30000646000,4096
64722,victim1,1,READ,0x1000064b000,4096
64746,victim2,2,READ,0x2000065c000,4096
64779,victim1,1,READ,0x1000064c000,4096
64780,victim3,3,READ,0x30000647000,4096
64786,victim2,2,READ,0x2000065d000,4096
64817,victim1,1,READ,0x1000064d000,4096
64823,victim2,2,READ,0x2000065e000,4096
64825,victim3,3,READ,0x30000648000,4096
64849,victim3,3,READ,0x30000649000,4096
64854,victim1,1,READ,0x1000064e000,4096
64867,victim2,2,READ,0x2000065f000,4096
64892,victim3,3,WRITE,0x3000064a000,4096
64905,victim1,1,WRITE,0x1000064f000,4096
64916,victim3,3,READ,0x3000064b000,4096
64924,victim2,2,READ,0x20000660000,4096
64955,victim1,1,READ,0x10000650000,4096
64965,victim3,3,READ,0x3000064c000,4096
64975,victim2,2,READ,0x20000661000,4096
64985,victim1,1,READ,0x10000651000,4096
64992,victim3,3,READ,0x3000064d000,4096
64999,victim2,2,READ,0x20000662000,4096
65008,victim1,1,READ,0x10000652000,4096
65025,victim3,3,READ,0x3000064e000,4096
65036,victim1,1,READ,0x10000653000,4096
65045,victim2,2,READ,0x20000663000,4096
65069,victim3,3,READ,0x3000064f000,4096
65075,victim1,1,READ,0x10000654000,4096
65079,victim2,2,READ,0x20000664000,4096
65127,victim3,3,READ,0x30000650000,4096
65135,victim1,1,READ,0x10000655000,4096
65135,victim2,2,READ,0x20000665000,4096
65176,victim2,2,READ,0x20000666000,4096
65176,victim3,3,READ,0x30000651000,4096
65191,victim1,1,READ,0x10000656000,4096
65229,victim3,3,READ,0x30000652000,4096
65236,victim2,2,WRITE,0x20000667000,4096
65237,victim1,1,READ,0x10000657000,4096
65276,victim2,2,READ,0x20000668000,4096
65279,victim3,3,READ,0x30000653000,4096
65292,victim1,1,READ,0x10000658000,4096
65302,victim3,3,READ,0x30000654000,4096
65323,victim3,3,READ,0x30000655000,4096
65328,victim2,2,READ,0x20000669000,4096
65329,victim1,1,READ,0x10000659000,4096
65362,victim1,1,WRITE,0x1000065a000,4096
65367,victim2,2,READ,0x2000066a000,4096
65380,victim3,3,READ,0x30000656000,4096
65404,victim3,3,READ,0x30000657000,4096
65407,victim1,1,READ,0x1000065b000,4096
65426,victim2,2,WRITE,0x2000066b000,4096
65435,victim3,3,WRITE,0x30000658000,4096
65453,victim1,1,READ,0x1000065c000,4096
65454,victim2,2,READ,0x2000066c000,4096
65461,victim3,3,WRITE,0x30000659000,4096
65486,victim2,2,READ,0x2000066d000,4096
65507,victim3,3,READ,0x3000065a000,4096
65513,victim1,1,READ,0x1000065d000,4096
65518,victim2,2,READ,0x2000066e000,4096
65539,victim3,3,WRITE,0x3000065b000,4096
65552,victim2,2,READ,0x2000066f000,4096
65565,victim3,3,READ,0x3000065c000,4096
65568,victim1,1,READ,0x1000065e000,4096
65577,victim2,2,WRITE,0x20000670000,4096
65595,victim3,3,READ,0x3000065d000,4096
65601,victim2,2,READ,0x20000671000,4096
65621,victim1,1,READ,0x1000065f000,4096
65625,victim3,3,READ,0x3000065e000,4096
65643,victim2,2,READ,0x20000672000,4096
65646,victim1,1,READ,0x10000660000,4096
65665,victim2,2,READ,0x20000673000,4096
65670,victim1,1,READ,0x10000661000,4096
65678,victim3,3,READ,0x3000065f000,4096
65708,victim3,3,READ,0x30000660000,4096
65710,victim1,1,READ,0x10000662000,4096
65715,victim2,2,READ,0x20000674000,4096
65735,victim1,1,READ,0x10000663000,4096
65742,victim3,3,READ,0x30000661000,4096
65766,victim1,1,READ,0x10000664000,4096
65768,victim3,3,READ,0x30000662000,4096
65771,victim2,2,READ,0x20000675000,4096
65799,victim2,2,READ,0x20000676000,4096
65811,victim3,3,READ,0x30000663000,4096
65821,victim1,1,READ,0x10000665000,4096
65845,victim1,1,READ,0x10000666000,4096
65846,victim2,2,READ,0x20000677000,4096
65858,victim3,3,READ,0x30000664000,4096
65879,victim1,1,READ,0x10000667000,4096
65883,victim2,2,READ,0x20000678000,4096
65895,victim3,3,READ,0x30000665000,4096
65908,victim1,1,READ,0x10000668000,4096
65933,victim2,2,WRITE,0x20000679000,4096
65945,victim3,3,WRITE,0x30000666000,4096
65968,victim1,1,READ,0x10000669000,4096
65969,victim2,2,READ,0x2000067a000,4096
65970,victim3,3,READ,0x30000667000,4096
66006,victim2,2,READ,0x2000067b000,4096
66012,victim1,1,READ,0x1000066a000,4096
66030,victim3,3,READ,0x30000668000,4096
66061,victim2,2,READ,0x2000067c000,4096
66062,victim1,1,READ,0x1000066b000,4096
66082,victim3,3,READ,0x30000669000,4096
66116,victim2,2,READ,0x2000067d000,4096
66120,victim1,1,READ,0x1000066c000,4096
66123,victim3,3,READ,0x3000066a000,4096
66143,victim1,1,WRITE,0x1000066d000,4096
66160,victim2,2,READ,0x2000067e000,4096
66163,victim1,1,READ,0x1000066e000,4096
66172,victim3,3,READ,0x3000066b000,4096
66182,victim2,2,READ,0x2000067f000,4096
66206,victim3,3,READ,0x3000066c000,4096
66216,victim1,1,READ,0x1000066f000,4096
66222,victim2,2,READ,0x20000680000,4096
66260,victim3,3,READ,0x3000066d000,4096
66264,victim1,1,READ,0x10000670000,4096
66282,victim2,2,WRITE,0x20000681000,4096
66296,victim1,1,READ,0x10000671000,4096
66318,victim3,3,READ,0x3000066e000,4096
66339,victim1,1,READ,0x10000672000,4096
66340,victim2,2,READ,0x20000682000,4096
66368,victim3,3,READ,0x3000066f000,4096
66377,victim2,2,READ,0x20000683000,4096
66391,victim3,3,READ,0x30000670000,4096
66398,victim1,1,READ,0x10000673000,4096
66416,victim2,2,READ,0x20000684000,4096
66423,victim3,3,READ,0x30000671000,4096
66446,victim1,1,READ,0x10000674000,4096
66459,victim2,2,READ,0x20000685000,4096
66465,victim3,3,READ,0x30000672000,4096
66482,victim1,1,READ,0x10000675000,4096
66509,victim2,2,READ,0x20000686000,4096
66511,victim3,3,READ,0x30000673000,4096
66529,victim1,1,READ,0x10000676000,4096
66555,victim1,1,WRITE,0x10000677000,4096
66557,victim3,3,WRITE,0x30000674000,4096
66562,victim2,2,READ,0x20000687000,4096
66579,victim1,1,READ,0x10000678000,4096
66597,victim2,2,READ,0x20000688000,4096
66600,victim3,3,READ,0x30000675000,4096
66604,victim1,1,READ,0x10000679000,4096
66623,victim3,3,READ,0x30000676000,4096
66627,victim1,1,READ,0x1000067a000,4096
66636,victim2,2,READ,0x20000689000,4096
66658,victim3,3,READ,0x30000677000,4096
66660,victim2,2,READ,0x2000068a000,4096
66671,victim1,1,READ,0x1000067b000,4096
66697,victim2,2,READ,0x2000068b000,4096
66701,victim3,3,READ,0x30000678000,4096
66709,victim1,1,READ,0x1000067c000,4096
66742,victim3,3,READ,0x30000679000,4096
66757,victim2,2,READ,0x2000068c000,4096
66759,victim1,1,READ,0x1000067d000,4096
66780,victim3,3,READ,0x3000067a000,4096
66792,victim1,1,WRITE,0x1000067e000,4096
66805,victim2,2,READ,0x2000068d000,4096
66825,victim2,2,READ,0x2000068e000,4096
66836,victim3,3,READ,0x3000067b000,4096
66848,victim2,2,READ,0x2000068f000,4096
66850,victim1,1,READ,0x1000067f000,4096
66889,victim1,1,READ,0x10000680000,4096
66890,victim3,3,READ,0x3000067c000,4096
66905,victim2,2,READ,0x20000690000,4096
66934,victim1,1,READ,0x10000681000,4096
66947,victim3,3,READ,0x3000067d000,4096
66959,victim2,2,READ,0x20000691000,4096
66968,victim1,1,READ,0x10000682000,4096
66987,victim3,3,READ,0x3000067e000,4096
66999,victim2,2,WRITE,0x20000692000,4096
67015,victim1,1,READ,0x10000683000,4096
67031,victim2,2,WRITE,0x20000693000,4096
67046,victim3,3,READ,0x3000067f000,4096
67056,victim2,2,READ,0x20000694000,4096
67073,victim1,1,READ,0x10000684000,4096
67086,victim3,3,READ,0x30000680000,4096
67103,victim2,2,WRITE,0x20000695000,4096
67115,victim1,1,READ,0x10000685000,4096
67128,victim2,2,READ,0x20000696000,4096
67146,victim3,3,READ,0x30000681000,4096
67154,victim2,2,READ,0x20000697000,4096
67155,victim1,1,READ,0x10000686000,4096
67170,victim3,3,READ,0x30000682000,4096
67191,victim2,2,READ,0x20000698000,4096
67204,victim1,1,READ,0x10000687000,4096
67222,victim2,2,READ,0x20000699000,4096
67222,victim3,3,READ,0x30000683000,4096
67243,victim1,1,READ,0x10000688000,4096
67243,victim2,2,READ,0x2000069a000,4096
67279,victim3,3,READ,0x30000684000,4096
67288,victim2,2,READ,0x2000069b000,4096
67289,victim1,1,READ,0x10000689000,4096
67308,victim3,3,READ,0x30000685000,4096
67313,victim1,1,READ,0x1000068a000,4096
67330,victim3,3,READ,0x30000686000,4096
67345,victim1,1,READ,0x1000068b000,4096
67348,victim2,2,READ,0x2000069c000,4096
67373,victim3,3,READ,0x30000687000,4096
67395,victim3,3,READ,0x30000688000,4096
67402,victim2,2,WRITE,0x2000069d000,4096
67405,victim1,1,READ,0x1000068c000,4096
67420,victim3,3,READ,0x30000689000,4096
67437,victim1,1,READ,0x1000068d000,4096
67451,victim2,2,WRITE,0x2000069e000,4096
67463,victim1,1,READ,0x1000068e000,4096
67471,victim3,3,READ,0x3000068a000,4096
67493,victim3,3,READ,0x3000068b000,4096
67507,victim2,2,READ,0x2000069f000,4096
67513,victim1,1,READ,0x1000068f000,4096
67531,victim2,2,READ,0x200006a0000,4096
67534,victim3,3,READ,0x3000068c000,4096
67557,victim1,1,READ,0x10000690000,4096
67572,victim2,2,READ,0x200006a1000,4096
67579,victim3,3,READ,0x3000068d000,4096
67604,victim1,1,READ,0x10000691000,4096
67615,victim3,3,READ,0x3000068e000,4096
67619,victim2,2,READ,0x200006a2000,4096
67625,victim1,1,READ,0x10000692000,4096
67642,victim3,3,READ,0x3000068f000,4096
67653,victim2,2,READ,0x200006a3000,4096
67671,victim1,1,READ,0x10000693000,4096
67691,victim1,1,READ,0x10000694000,4096
67696,victim3,3,READ,0x30000690000,4096
67709,victim2,2,READ,0x200006a4000,4096
67718,victim3,3,READ,0x30000691000,4096
67748,victim1,1,READ,0x10000695000,4096
67764,victim2,2,READ,0x200006a5000,4096
67770,victim3,3,READ,0x30000692000,4096
67778,victim1,1,READ,0x10000696000,4096
67808,victim3,3,WRITE,0x30000693000,4096
67818,victim2,2,READ,0x200006a6000,4096
67827,victim1,1,READ,0x10000697000,4096
67836,victim3,3,READ,0x30000694000,4096
67839,victim2,2,READ,0x200006a7000,4096
67851,victim1,1,READ,0x10000698000,4096
67869,victim2,2,READ,0x200006a8000,4096
67873,victim1,1,READ,0x10000699000,4096
67890,victim3,3,READ,0x30000695000,4096
67897,victim2,2,READ,0x200006a9000,4096
67917,victim1,1,READ,0x1000069a000,4096
67942,victim3,3,READ,0x30000696000,4096
67947,victim2,2,READ,0x200006aa000,4096
67956,victim1,1,READ,0x1000069b000,4096
67985,victim2,2,READ,0x200006ab000,4096
67989,victim3,3,READ,0x30000697000,4096
68007,victim1,1,READ,0x1000069c000,4096
68016,victim2,2,READ,0x200006ac000,4096
68025,victim3,3,READ,0x30000698000,4096
68031,victim1,1,READ,0x1000069d000,4096
68066,victim3,3,READ,0x30000699000,4096
68073,victim2,2,READ,0x200006ad000,4096
68089,victim1,1,READ,0x1000069e000,4096
68105,victim2,2,READ,0x200006ae000,4096
68110,victim3,3,READ,0x3000069a000,4096
68125,victim1,1,READ,0x1000069f000,4096
68136,victim3,3,READ,0x3000069b000,4096
68150,victim1,1,READ,0x100006a0000,4096
68165,victim2,2,READ,0x200006af000,4096
68190,victim1,1,READ,0x100006a1000,4096
68191,victim3,3,READ,0x3000069c000,4096
68224,victim2,2,READ,0x200006b0000,4096
68227,victim1,1,READ,0x100006a2000,4096
68236,victim3,3,READ,0x3000069d000,4096
68263,victim1,1,READ,0x100006a3000,4096
68272,victim3,3,READ,0x3000069e000,4096
68278,victim2,2,READ,0x200006b1000,4096
68303,victim3,3,READ,0x3000069f000,4096
68321,victim1,1,READ,0x100006a4000,4096
68331,victim2,2,READ,0x200006b2000,4096
68342,victim3,3,READ,0x300006a0000,4096
68372,victim2,2,READ,0x200006b3000,4096
68374,victim1,1,READ,0x100006a5000,4096
68385,victim3,3,WRITE,0x300006a1000,4096
68420,victim2,2,READ,0x200006b4000,4096
68425,victim1,1,READ,0x100006a6000,4096
68425,victim3,3,READ,0x300006a2000,4096
68450,victim3,3,READ,0x300006a3000,4096
68466,victim2,2,READ,0x200006b5000,4096
68477,victim1,1,READ,0x100006a7000,4096
68497,victim2,2,READ,0x200006b6000,4096
68508,victim3,3,READ,0x300006a4000,4096
68519,victim2,2,READ,0x200006b7000,4096
68532,victim1,1,READ,0x100006a8000,4096
68549,victim3,3,READ,0x300006a5000,4096
68557,victim1,1,READ,0x100006a9000,4096
68569,victim2,2,READ,0x200006b8000,4096
68592,victim3,3,READ,0x300006a6000,4096
68601,victim2,2,READ,0x200006b9000,4096
68606,victim1,1,WRITE,0x100006aa000,4096
68623,victim3,3,READ,0x300006a7000,4096
68640,victim2,2,READ,0x200006ba000,4096
68652,victim3,3,READ,0x300006a8000,4096
68664,victim1,1,READ,0x100006ab000,4096
68670,victim2,2,READ,0x200006bb000,4096
68696,victim1,1,READ,0x100006ac000,4096
68697,victim2,2,READ,0x200006bc000,4096
68707,victim3,3,READ,0x300006a9000,4096
68724,victim2,2,READ,0x200006bd000,4096
68725,victim1,1,READ,0x100006ad000,4096
68736,victim3,3,READ,0x300006aa000,4096
68749,victim2,2,READ,0x200006be000,4096
68757,victim1,1,READ,0x100006ae000,4096
68790,victim1,1,READ,0x100006af000,4096
68791,victim3,3,READ,0x300006ab000,4096
68807,victim2,2,READ,0x200006bf000,4096
68823,victim3,3,WRITE,0x300006ac000,4096
68827,victim2,2,READ,0x200006c0000,4096
68828,victim1,1,READ,0x100006b0000,4096
68860,victim2,2,READ,0x200006c1000,4096
68862,victim1,1,READ,0x100006b1000,4096
68865,victim3,3,READ,0x300006ad000,4096
68902,victim1,1,READ,0x100006b2000,4096
68908,victim2,2,READ,0x200006c2000,4096
68917,victim3,3,READ,0x300006ae000,4096
68940,victim3,3,READ,0x300006af000,4096
68941,victim1,1,READ,0x100006b3000,4096
68964,victim2,2,READ,0x200006c3000,4096
68976,victim1,1,READ,0x100006b4000,4096
68989,victim3,3,READ,0x300006b0000,4096
68996,victim1,1,READ,0x100006b5000,4096
69008,victim2,2,READ,0x200006c4000,4096
69016,victim3,3,READ,0x300006b1000,4096
69035,victim2,2,READ,0x200006c5000,4096
69041,victim1,1,READ,0x100006b6000,4096
69063,victim2,2,READ,0x200006c6000,4096
69064,victim3,3,READ,0x300006b2000,4096
69094,victim1,1,READ,0x100006b7000,4096
69094,victim2,2,WRITE,0x200006c7000,4096
69109,victim3,3,WRITE,0x300006b3000,4096
69141,victim1,1,READ,0x100006b8000,4096
69148,victim2,2,READ,0x200006c8000,4096
69159,victim3,3,READ,0x300006b4000,4096
69170,victim1,1,WRITE,0x100006b9000,4096
69176,victim2,2,READ,0x200006c9000,4096
69210,victim3,3,READ,0x300006b5000,4096
69214,victim1,1,READ,0x100006ba000,4096
69233,victim2,2,WRITE,0x200006ca000,4096
69236,victim3,3,READ,0x300006b6000,4096
69245,victim1,1,READ,0x100006bb000,4096
69265,victim1,1,WRITE,0x100006bc000,4096
69286,victim2,2,READ,0x200006cb000,4096
69286,victim3,3,READ,0x300006b7000,4096
69317,victim1,1,READ,0x100006bd000,4096
69337,victim2,2,READ,0x200006cc000,4096
69337,victim3,3,READ,0x300006b8000,4096
69360,victim1,1,WRITE,0x100006be000,4096
69361,victim2,2,READ,0x200006cd000,4096
69379,victim3,3,READ,0x300006b9000,4096
69382,victim2,2,READ,0x200006ce000,4096
69390,victim1,1,READ,0x100006bf000,4096
69399,victim3,3,READ,0x300006ba000,4096
69424,victim1,1,READ,0x100006c0000,4096
69430,victim2,2,READ,0x200006cf000,4096
69457,victim3,3,READ,0x300006bb000,4096
69476,victim1,1,READ,0x100006c1000,4096
69489,victim2,2,READ,0x200006d0000,4096
69501,victim3,3,READ,0x300006bc000,4096
69520,victim1,1,READ,0x100006c2000,4096
69539,victim2,2,READ,0x200006d1000,4096
69545,victim3,3,READ,0x300006bd000,4096
69554,victim1,1,READ,0x100006c3000,4096
69567,victim3,3,READ,0x300006be000,4096
69579,victim1,1,READ,0x100006c4000,4096
69588,victim2,2,READ,0x200006d2000,4096
69617,victim3,3,READ,0x300006bf000,4096
69629,victim1,1,READ,0x100006c5000,4096
69637,victim3,3,READ,0x300006c0000,4096
69640,victim2,2,READ,0x200006d3000,4096
69657,victim1,1,READ,0x100006c6000,4096
69681,victim3,3,READ,0x300006c1000,4096
69693,victim1,1,READ,0x100006c7000,4096
69698,victim2,2,READ,0x200006d4000,4096
69710,victim3,3,READ,0x300006c2000,4096
69749,victim2,2,READ,0x200006d5000,4096
69750,victim1,1,READ,0x100006c8000,4096
69756,victim3,3,READ,0x300006c3000,4096
69793,victim2,2,READ,0x200006d6000,4096
69804,victim1,1,READ,0x100006c9000,4096
69804,victim3,3,READ,0x300006c4000,4096
69842,victim2,2,READ,0x200006d7000,4096
69845,victim3,3,READ,0x300006c5000,4096
69859,victim1,1,READ,0x100006ca000,4096
69881,victim3,3,READ,0x300006c6000,4096
69890,victim2,2,READ,0x200006d8000,4096
69894,victim1,1,READ,0x100006cb000,4096
69922,victim2,2,READ,0x200006d9000,4096
69939,victim3,3,READ,0x300006c7000,4096
69946,victim1,1,READ,0x100006cc000,4096
69963,victim2,2,WRITE,0x200006da000,4096
69984,victim1,1,READ,0x100006cd000,4096
69990,victim3,3,READ,0x300006c8000,4096
70012,victim2,2,READ,0x200006db000,4096
70030,victim1,1,READ,0x100006ce000,4096
70038,victim3,3,WRITE,0x300006c9000,4096
70049,victim2,2,READ,0x200006dc000,4096
70073,victim1,1,READ,0x100006cf000,4096
70093,victim3,3,WRITE,0x300006ca000,4096
70102,victim2,2,READ,0x200006dd000,4096
70111,victim1,1,READ,0x100006d0000,4096
70139,victim3,3,READ,0x300006cb000,4096
70145,victim2,2,READ,0x200006de000,4096
70159,victim3,3,READ,0x300006cc000,4096
70166,victim1,1,WRITE,0x100006d1000,4096
70192,victim3,3,READ,0x300006cd000,4096
70204,victim2,2,READ,0x200006df000,4096
70209,victim1,1,READ,0x100006d2000,4096
70252,victim3,3,READ,0x300006ce000,4096
70259,victim1,1,READ,0x100006d3000,4096
70259,victim2,2,READ,0x200006e0000,4096
70280,victim1,1,READ,0x100006d4000,4096
70303,victim3,3,READ,0x300006cf000,4096
70305,victim2,2,READ,0x200006e1000,4096
70310,victim1,1,READ,0x100006d5000,4096
70350,victim3,3,READ,0x300006d0000,4096
70363,victim1,1,READ,0x100006d6000,4096
70365,victim2,2,READ,0x200006e2000,4096
70396,victim3,3,READ,0x300006d1000,4096
70410,victim1,1,READ,0x100006d7000,4096
70418,victim2,2,READ,0x200006e3000,4096
70445,victim2,2,READ,0x200006e4000,4096
70453,victim3,3,READ,0x300006d2000,4096
70468,victim1,1,READ,0x100006d8000,4096
70488,victim2,2,READ,0x200006e5000,4096
70490,victim3,3,READ,0x300006d3000,4096
70520,victim2,2,READ,0x200006e6000,4096
70526,victim1,1,READ,0x100006d9000,4096
70544,victim2,2,READ,0x200006e7000,4096
70546,victim3,3,READ,0x300006d4000,4096
70562,victim1,1,READ,0x100006da000,4096
70578,victim3,3,READ,0x300006d5000,4096
70579,victim2,2,READ,0x200006e8000,4096
70602,victim3,3,READ,0x300006d6000,4096
70606,victim1,1,READ,0x100006db000,4096
70630,victim3,3,READ,0x300006d7000,4096
70635,victim2,2,READ,0x200006e9000,4096
70638,victim1,1,READ,0x100006dc000,4096
70653,victim3,3,READ,0x300006d8000,4096
70658,victim2,2,READ,0x200006ea000,4096
70678,victim1,1,READ,0x100006dd000,4096
70679,victim3,3,READ,0x300006d9000,4096
70702,victim3,3,WRITE,0x300006da000,4096
70704,victim2,2,READ,0x200006eb000,4096
70709,victim1,1,READ,0x100006de000,4096
70723,victim3,3,READ,0x300006db000,4096
70749,victim1,1,READ,0x100006df000,4096
70757,victim2,2,READ,0x200006ec000,4096
70762,victim3,3,WRITE,0x300006dc000,4096
70780,victim1,1,READ,0x100006e0000,4096
70795,victim3,3,READ,0x300006dd000,4096
70806,victim1,1,READ,0x100006e1000,4096
70816,victim2,2,READ,0x200006ed000,4096
70828,victim3,3,READ,0x300006de000,4096
70846,victim1,1,READ,0x100006e2000,4096
70857,victim3,3,READ,0x300006df000,4096
70862,victim2,2,READ,0x200006ee000,4096
70884,victim3,3,READ,0x300006e0000,4096
70890,victim2,2,READ,0x200006ef000,4096
70893,victim1,1,READ,0x100006e3000,4096
70915,victim1,1,READ,0x100006e4000,4096
70933,victim3,3,READ,0x300006e1000,4096
70941,victim2,2,READ,0x200006f0000,4096
70970,victim1,1,READ,0x100006e5000,4096
70993,victim3,3,READ,0x300006e2000,4096
70996,victim2,2,READ,0x200006f1000,4096
71016,victim3,3,READ,0x300006e3000,4096
71030,victim1,1,READ,0x100006e6000,4096
71036,victim3,3,READ,0x300006e4000,4096
71053,victim1,1,READ,0x100006e7000,4096
71056,victim2,2,READ,0x200006f2000,4096
71082,victim3,3,READ,0x300006e5000,4096
71093,victim1,1,READ,0x100006e8000,4096
71101,victim2,2,READ,0x200006f3000,4096
71132,victim3,3,READ,0x300006e6000,4096
71133,victim2,2,READ,0x200006f4000,4096
71137,victim1,1,READ,0x100006e9000,4096
71170,victim1,1,READ,0x100006ea000,4096
71174,victim3,3,READ,0x300006e7000,4096
71191,victim2,2,READ,0x200006f5000,4096
71198,victim1,1,READ,0x100006eb000,4096
71206,victim3,3,READ,0x300006e8000,4096
71222,victim2,2,WRITE,0x200006f6000,4096
71236,victim1,1,READ,0x100006ec000,4096
71252,victim3,3,READ,0x300006e9000,4096
71271,victim2,2,READ,0x200006f7000,4096
71288,victim3,3,READ,0x300006ea000,4096
71294,victim1,1,READ,0x100006ed000,4096
71313,victim3,3,READ,0x300006eb000,4096
71315,victim1,1,READ,0x100006ee000,4096
71315,victim2,2,READ,0x200006f8000,4096
71346,victim3,3,READ,0x300006ec000,4096
71351,victim1,1,READ,0x100006ef000,4096
71368,victim2,2,READ,0x200006f9000,4096
71388,victim2,2,READ,0x200006fa000,4096
71396,victim1,1,WRITE,0x100006f0000,4096
71404,victim3,3,READ,0x300006ed000,4096
71409,victim2,2,READ,0x200006fb000,4096
71432,victim1,1,WRITE,0x100006f1000,4096
71436,victim2,2,READ,0x200006fc000,4096
71436,victim3,3,READ,0x300006ee000,4096
71460,victim2,2,READ,0x200006fd000,4096
71489,victim3,3,READ,0x300006ef000,4096
71490,victim1,1,READ,0x100006f2000,4096
71492,victim2,2,READ,0x200006fe000,4096
71521,victim2,2,READ,0x200006ff000,4096
71526,victim3,3,READ,0x300006f0000,4096
71537,victim1,1,READ,0x100006f3000,4096
71567,victim2,2,READ,0x20000700000,4096
71583,victim3,3,READ,0x300006f1000,4096
71591,victim1,1,READ,0x100006f4000,4096
71593,victim2,2,READ,0x20000701000,4096
71623,victim3,3,WRITE,0x300006f2000,4096
71640,victim1,1,READ,0x100006f5000,4096
71645,victim2,2,READ,0x20000702000,4096
71656,victim3,3,READ,0x300006f3000,4096
71674,victim1,1,READ,0x100006f6000,4096
71685,victim2,2,READ,0x20000703000,4096
71711,victim3,3,READ,0x300006f4000,4096
71714,victim2,2,READ,0x20000704000,4096
71730,victim1,1,READ,0x100006f7000,4096
71749,victim3,3,READ,0x300006f5000,4096
71759,victim2,2,READ,0x20000705000,4096
71773,victim3,3,READ,0x300006f6000,4096
71788,victim2,2,READ,0x20000706000,4096
71790,victim1,1,READ,0x100006f8000,4096
71808,victim2,2,READ,0x20000707000,4096
71823,victim1,1,READ,0x100006f9000,4096
71828,victim2,2,WRITE,0x20000708000,4096
71832,victim3,3,READ,0x300006f7000,4096
71867,victim1,1,READ,0x100006fa000,4096
71873,victim3,3,READ,0x300006f8000,4096
71882,victim2,2,READ,0x20000709000,4096
71894,victim1,1,READ,0x100006fb000,4096
71921,victim3,3,READ,0x300006f9000,4096
71931,victim1,1,READ,0x100006fc000,4096
71936,victim2,2,READ,0x2000070a000,4096
71946,victim3,3,READ,0x300006fa000,4096
71956,victim1,1,READ,0x100006fd000,4096
71987,victim1,1,READ,0x100006fe000,4096
71994,victim2,2,READ,0x2000070b000,4096
72003,victim3,3,READ,0x300006fb000,4096
72030,victim1,1,READ,0x100006ff000,4096
72046,victim3,3,READ,0x300006fc000,4096
72048,victim2,2,READ,0x2000070c000,4096
72056,victim1,1,READ,0x10000700000,4096
72084,victim3,3,READ,0x300006fd000,4096
72101,victim1,1,READ,0x10000701000,4096
72107,victim2,2,WRITE,0x2000070d000,4096
72113,victim3,3,READ,0x300006fe000,4096
72144,victim3,3,READ,0x300006ff000,4096
72150,victim2,2,READ,0x2000070e000,4096
72152,victim1,1,READ,0x10000702000,4096
72177,victim1,1,READ,0x10000703000,4096
72188,victim3,3,READ,0x30000700000,4096
72203,victim2,2,READ,0x2000070f000,4096
72224,victim2,2,READ,0x20000710000,4096
72229,victim1,1,READ,0x10000704000,4096
72229,victim3,3,WRITE,0x30000701000,4096
72244,victim2,2,READ,0x20000711000,4096
72266,victim1,1,READ,0x10000705000,4096
72276,victim3,3,READ,0x30000702000,4096
72287,victim2,2,READ,0x20000712000,4096
72310,victim2,2,READ,0x20000713000,4096
72322,victim3,3,READ,0x30000703000,4096
72326,victim1,1,READ,0x10000706000,4096
72346,victim1,1,READ,0x10000707000,4096
72346,victim2,2,READ,0x20000714000,4096
72366,victim1,1,WRITE,0x10000708000,4096
72382,victim3,3,READ,0x30000704000,4096
72394,victim1,1,READ,0x10000709000,4096
72403,victim2,2,READ,0x20000715000,4096
72414,victim3,3,READ,0x30000705000,4096
72435,victim2,2,READ,0x20000716000,4096
72449,victim1,1,READ,0x1000070a000,4096
72458,victim3,3,READ,0x30000706000,4096
72462,victim2,2,READ,0x20000717000,4096
72479,victim3,3,READ,0x30000707000,4096
72492,victim1,1,READ,0x1000070b000,4096
72507,victim2,2,READ,0x20000718000,4096
72516,victim3,3,READ,0x30000708000,4096
72525,victim1,1,READ,0x1000070c000,4096
72540,victim3,3,READ,0x30000709000,4096
72566,victim2,2,READ,0x20000719000,4096
72568,victim3,3,READ,0x3000070a000,4096
72579,victim1,1,READ,0x1000070d000,4096
72621,victim3,3,READ,0x3000070b000,4096
72625,victim2,2,READ,0x2000071a000,4096
72635,victim1,1,READ,0x1000070e000,4096
72672,victim1,1,READ,0x1000070f000,4096
72676,victim2,2,READ,0x2000071b000,4096
72678,victim3,3,READ,0x3000070c000,4096
72703,victim3,3,READ,0x3000070d000,4096
72705,victim2,2,READ,0x2000071c000,4096
72730,victim1,1,READ,0x10000710000,4096
72733,victim3,3,READ,0x3000070e000,4096
72748,victim2,2,READ,0x2000071d000,4096
72767,victim1,1,READ,0x10000711000,4096
72784,victim3,3,READ,0x3000070f000,4096
72804,victim2,2,READ,0x2000071e000,4096
72808,victim1,1,WRITE,0x10000712000,4096
72832,victim3,3,READ,0x30000710000,4096
72854,victim1,1,READ,0x10000713000,4096
72864,victim2,2,READ,0x2000071f000,4096
72876,victim3,3,READ,0x30000711000,4096
72887,victim2,2,READ,0x20000720000,4096
72898,victim1,1,READ,0x10000714000,4096
72908,victim3,3,READ,0x30000712000,4096
72920,victim2,2,READ,0x20000721000,4096
72929,victim3,3,READ,0x30000713000,4096
72941,victim1,1,READ,0x10000715000,4096
72954,victim3,3,WRITE,0x30000714000,4096
72970,victim1,1,READ,0x10000716000,4096
72976,victim2,2,READ,0x20000722000,4096
72984,victim3,3,READ,0x30000715000,4096
73016,victim1,1,READ,0x10000717000,4096
73032,victim2,2,READ,0x20000723000,4096
73040,victim3,3,WRITE,0x30000716000,4096
73067,victim2,2,WRITE,0x20000724000,4096
73074,victim1,1,READ,0x10000718000,4096
73084,victim3,3,READ,0x30000717000,4096
73092,victim2,2,READ,0x20000725000,4096
73106,victim3,3,READ,0x30000718000,4096
73113,victim1,1,READ,0x10000719000,4096
73113,victim2,2,READ,0x20000726000,4096
73163,victim3,3,READ,0x30000719000,4096
73165,victim1,1,READ,0x1000071a000,4096
73170,victim2,2,READ,0x20000727000,4096
73192,victim3,3,READ,0x3000071a000,4096
73201,victim1,1,READ,0x1000071b000,4096
73215,victim2,2,READ,0x20000728000,4096
73232,victim3,3,READ,0x3000071b000,4096
73237,victim1,1,READ,0x1000071c000,4096
73258,victim2,2,READ,0x20000729000,4096
73264,victim3,3,READ,0x3000071c000,4096
73288,victim1,1,READ,0x1000071d000,4096
73294,victim3,3,READ,0x3000071d000,4096
73318,victim2,2,READ,0x2000072a000,4096
73326,victim1,1,WRITE,0x1000071e000,4096
73338,victim3,3,READ,0x3000071e000,4096
73349,victim1,1,READ,0x1000071f000,4096
73365,victim3,3,READ,0x3000071f000,4096
73372,victim2,2,READ,0x2000072b000,4096
73391,victim3,3,READ,0x30000720000,4096
73392,victim1,1,WRITE,0x10000720000,4096
73424,victim1,1,READ,0x10000721000,4096
73425,victim2,2,READ,0x2000072c000,4096
73447,victim3,3,WRITE,0x30000721000,4096
73477,victim1,1,READ,0x10000722000,4096
73482,victim2,2,READ,0x2000072d000,4096
73483,victim3,3,WRITE,0x30000722000,4096
73527,victim1,1,READ,0x10000723000,4096
73530,victim3,3,READ,0x30000723000,4096
73541,victim2,2,READ,0x2000072e000,4096
73551,victim3,3,READ,0x30000724000,4096
73573,victim1,1,READ,0x10000724000,4096
73576,victim2,2,READ,0x2000072f000,4096
73577,victim3,3,READ,0x30000725000,4096
73608,victim2,2,READ,0x20000730000,4096
73611,victim3,3,READ,0x30000726000,4096
73618,victim1,1,READ,0x10000725000,4096
73633,victim3,3,READ,0x30000727000,4096
73660,victim2,2,READ,0x20000731000,4096
73671,victim1,1,READ,0x10000726000,4096
73672,victim3,3,READ,0x30000728000,4096
73694,victim3,3,READ,0x30000729000,4096
73701,victim2,2,READ,0x20000732000,4096
73722,victim3,3,READ,0x3000072a000,4096
73723,victim2,2,READ,0x20000733000,4096
73730,victim1,1,READ,0x10000727000,4096
73753,victim1,1,READ,0x10000728000,4096
73761,victim3,3,READ,0x3000072b000,4096
73777,victim2,2,READ,0x20000734000,4096
73782,victim3,3,READ,0x3000072c000,4096
73787,victim1,1,READ,0x10000729000,4096
73820,victim3,3,READ,0x3000072d000,4096
73833,victim2,2,READ,0x20000735000,4096
73837,victim1,1,READ,0x1000072a000,4096
73840,victim3,3,READ,0x3000072e000,4096
73863,victim2,2,READ,0x20000736000,4096
73874,victim3,3,READ,0x3000072f000,4096
73881,victim1,1,READ,0x1000072b000,4096
73910,victim2,2,READ,0x20000737000,4096
73928,victim3,3,READ,0x30000730000,4096
73940,victim1,1,READ,0x1000072c000,4096
73951,victim3,3,READ,0x30000731000,4096
73964,victim2,2,READ,0x20000738000,4096
73974,victim3,3,READ,0x30000732000,4096
73980,victim1,1,READ,0x1000072d000,4096
73995,victim2,2,READ,0x20000739000,4096
74022,victim1,1,READ,0x1000072e000,4096
74029,victim2,2,READ,0x2000073a000,4096
74032,victim3,3,READ,0x30000733000,4096
74048,victim1,1,READ,0x1000072f000,4096
74079,victim3,3,READ,0x30000734000,4096
74088,victim2,2,READ,0x2000073b000,4096
74105,victim1,1,READ,0x10000730000,4096
74132,victim3,3,READ,0x30000735000,4096
74133,victim2,2,READ,0x2000073c000,4096
74145,victim1,1,READ,0x10000731000,4096
74168,victim3,3,READ,0x30000736000,4096
74178,victim2,2,READ,0x2000073d000,4096
74179,victim1,1,READ,0x10000732000,4096
74207,victim3,3,READ,0x30000737000,4096
74220,victim2,2,READ,0x2000073e000,4096
74223,victim1,1,WRITE,0x10000733000,4096
74247,victim3,3,READ,0x30000738000,4096
74260,victim2,2,READ,0x2000073f000,4096
74272,victim1,1,READ,0x10000734000,4096
74298,victim2,2,READ,0x20000740000,4096
74306,victim3,3,READ,0x30000739000,4096
74322,victim1,1,READ,0x10000735000,4096
74328,victim2,2,READ,0x20000741000,4096
74348,victim3,3,READ,0x3000073a000,4096
74371,victim1,1,READ,0x10000736000,4096
74386,victim2,2,READ,0x20000742000,4096
74407,victim3,3,READ,0x3000073b000,4096
74414,victim1,1,READ,0x10000737000,4096
74439,victim2,2,READ,0x20000743000,4096
74459,victim3,3,WRITE,0x3000073c000,4096
74465,victim1,1,READ,0x10000738000,4096
74488,victim1,1,READ,0x10000739000,4096
74494,victim2,2,READ,0x20000744000,4096
74501,victim3,3,READ,0x3000073d000,4096
74511,victim1,1,READ,0x1000073a000,4096
74514,victim2,2,READ,0x20000745000,4096
74540,victim3,3,READ,0x3000073e000,4096
74558,victim1,1,READ,0x1000073b000,4096
74571,victim2,2,READ,0x20000746000,4096
74578,victim3,3,READ,0x3000073f000,4096
74606,victim2,2,READ,0x20000747000,4096
74608,victim1,1,WRITE,0x1000073c000,4096
74621,victim3,3,READ,0x30000740000,4096
74637,victim1,1,WRITE,0x1000073d000,4096
74653,victim2,2,READ,0x20000748000,4096
74679,victim3,3,READ,0x30000741000,4096
74686,victim1,1,READ,0x1000073e000,4096
74700,victim3,3,READ,0x30000742000,4096
74709,victim2,2,READ,0x20000749000,4096
74746,victim1,1,READ,0x1000073f000,4096
74750,victim3,3,WRITE,0x30000743000,4096
74758,victim2,2,READ,0x2000074a000,4096
74787,victim3,3,WRITE,0x30000744000,4096
74805,victim2,2,READ,0x2000074b000,4096
74806,victim1,1,READ,0x10000740000,4096
74829,victim3,3,WRITE,0x30000745000,4096
74843,victim1,1,READ,0x10000741000,4096
74853,victim3,3,READ,0x30000746000,4096
74855,victim2,2,READ,0x2000074c000,4096
74883,victim2,2,READ,0x2000074d000,4096
74894,victim1,1,READ,0x10000742000,4096
74900,victim3,3,READ,0x30000747000,4096
74918,victim1,1,READ,0x10000743000,4096
74923,victim2,2,READ,0x2000074e000,4096
74952,victim3,3,READ,0x30000748000,4096
74967,victim2,2,READ,0x2000074f000,4096
74969,victim1,1,READ,0x10000744000,4096
74976,victim3,3,READ,0x30000749000,4096
75009,victim2,2,READ,0x20000750000,4096
75010,victim1,1,READ,0x10000745000,4096
75015,victim3,3,READ,0x3000074a000,4096
75038,victim3,3,READ,0x3000074b000,4096
75043,victim1,1,READ,0x10000746000,4096
75063,victim2,2,READ,0x20000751000,4096
75070,victim1,1,READ,0x10000747000,4096
75077,victim3,3,READ,0x3000074c000,4096
75091,victim1,1,READ,0x10000748000,4096
75107,victim2,2,READ,0x20000752000,4096
75108,victim3,3,READ,0x3000074d000,4096
75145,victim2,2,READ,0x20000753000,4096
75149,victim1,1,WRITE,0x10000749000,4096
75150,victim3,3,READ,0x3000074e000,4096
75169,victim1,1,READ,0x1000074a000,4096
75178,victim3,3,READ,0x3000074f000,4096
75188,victim2,2,READ,0x20000754000,4096
75202,victim3,3,READ,0x30000750000,4096
75221,victim1,1,READ,0x1000074b000,4096
75237,victim3,3,READ,0x30000751000,4096
75240,victim2,2,READ,0x20000755000,4096
75251,victim1,1,READ,0x1000074c000,4096
75257,victim3,3,READ,0x30000752000,4096
75273,victim1,1,WRITE,0x1000074d000,4096
75290,victim3,3,READ,0x30000753000,4096
75292,victim2,2,READ,0x20000756000,4096
75299,victim1,1,READ,0x1000074e000,4096
75329,victim1,1,READ,0x1000074f000,4096
75329,victim2,2,READ,0x20000757000,4096
75339,victim3,3,READ,0x30000754000,4096
75386,victim1,1,READ,0x10000750000,4096
75389,victim2,2,READ,0x20000758000,4096
75395,victim3,3,READ,0x30000755000,4096
75415,victim2,2,READ,0x20000759000,4096
75435,victim3,3,READ,0x30000756000,4096
75439,victim1,1,READ,0x10000751000,4096
75464,victim3,3,READ,0x30000757000,4096
75469,victim1,1,READ,0x10000752000,4096
75472,victim2,2,READ,0x2000075a000,4096
75498,victim3,3,READ,0x30000758000,4096
75503,victim2,2,READ,0x2000075b000,4096
75523,victim1,1,READ,0x10000753000,4096
75545,victim3,3,READ,0x30000759000,4096
75552,victim2,2,READ,0x2000075c000,4096
75556,victim1,1,READ,0x10000754000,4096
75579,victim3,3,READ,0x3000075a000,4096
75597,victim1,1,READ,0x10000755000,4096
75598,victim2,2,WRITE,0x2000075d000,4096
75628,victim3,3,READ,0x3000075b000,4096
75632,victim1,1,READ,0x10000756000,4096
75652,victim3,3,READ,0x3000075c000,4096
75654,victim2,2,READ,0x2000075e000,4096
75675,victim1,1,READ,0x10000757000,4096
75692,victim3,3,READ,0x3000075d000,4096
75712,victim2,2,WRITE,0x2000075f000,4096
75719,victim1,1,READ,0x10000758000,4096
75739,victim2,2,READ,0x20000760000,4096
75750,victim3,3,READ,0x3000075e000,4096
75762,victim1,1,READ,0x10000759000,4096
75769,victim2,2,READ,0x20000761000,4096
75784,victim1,1,READ,0x1000075a000,4096
75799,victim2,2,WRITE,0x20000762000,4096
75809,victim3,3,READ,0x3000075f000,4096
75812,victim1,1,READ,0x1000075b000,4096
75836,victim1,1,READ,0x1000075c000,4096
75844,victim3,3,READ,0x30000760000,4096
75859,victim2,2,READ,0x20000763000,4096
75885,victim2,2,READ,0x20000764000,4096
75886,victim3,3,READ,0x30000761000,4096
75890,victim1,1,READ,0x1000075d000,4096
75924,victim3,3,WRITE,0x30000762000,4096
75930,victim1,1,READ,0x1000075e000,4096
75932,victim2,2,READ,0x20000765000,4096
75962,victim2,2,READ,0x20000766000,4096
75964,victim1,1,READ,0x1000075f000,4096
75971,victim3,3,READ,0x30000763000,4096
75984,victim1,1,READ,0x10000760000,4096
75995,victim2,2,READ,0x20000767000,4096
76011,victim3,3,READ,0x30000764000,4096
76028,victim1,1,READ,0x10000761000,4096
76034,victim2,2,READ,0x20000768000,4096
76051,victim1,1,READ,0x10000762000,4096
76061,victim3,3,READ,0x30000765000,4096
76075,victim2,2,READ,0x20000769000,4096
76104,victim3,3,READ,0x30000766000,4096
76109,victim1,1,READ,0x10000763000,4096
76129,victim2,2,READ,0x2000076a000,4096
76149,victim3,3,READ,0x30000767000,4096
76150,victim2,2,WRITE,0x2000076b000,4096
76165,victim1,1,READ,0x10000764000,4096
76174,victim3,3,READ,0x30000768000,4096
76194,victim3,3,READ,0x30000769000,4096
76195,victim2,2,READ,0x2000076c000,4096
76206,victim1,1,WRITE,0x10000765000,4096
76223,victim3,3,READ,0x3000076a000,4096
76237,victim2,2,READ,0x2000076d000,4096
76246,victim1,1,READ,0x10000766000,4096
76278,victim3,3,READ,0x3000076b000,4096
76281,victim2,2,READ,0x2000076e000,4096
76285,victim1,1,READ,0x10000767000,4096
76333,victim2,2,READ,0x2000076f000,4096
76333,victim3,3,READ,0x3000076c000,4096
76344,victim1,1,READ,0x10000768000,4096
76364,victim1,1,READ,0x10000769000,4096
76367,victim2,2,READ,0x20000770000,4096
76392,victim3,3,READ,0x3000076d000,4096
76394,victim2,2,READ,0x20000771000,4096
76408,victim1,1,READ,0x1000076a000,4096
76442,victim3,3,READ,0x3000076e000,4096
76453,victim2,2,READ,0x20000772000,4096
76455,victim1,1,READ,0x1000076b000,4096
76477,victim1,1,WRITE,0x1000076c000,4096
76496,victim3,3,READ,0x3000076f000,4096
76505,victim2,2,READ,0x20000773000,4096
76524,victim1,1,READ,0x1000076d000,4096
76545,victim3,3,WRITE,0x30000770000,4096
76565,victim2,2,READ,0x20000774000,4096
76581,victim1,1,READ,0x1000076e000,4096
76598,victim2,2,WRITE,0x20000775000,4096
76600,victim3,3,READ,0x30000771000,4096
76612,victim1,1,READ,0x1000076f000,4096
76622,victim3,3,READ,0x30000772000,4096
76649,victim2,2,READ,0x20000776000,4096
76655,victim1,1,READ,0x10000770000,4096
76659,victim3,3,READ,0x30000773000,4096
76684,victim3,3,READ,0x30000774000,4096
76692,victim1,1,READ,0x10000771000,4096
76704,victim2,2,READ,0x20000777000,4096
76724,victim3,3,READ,0x30000775000,4096
76729,victim1,1,READ,0x10000772000,4096
76748,victim2,2,READ,0x20000778000,4096
76750,victim1,1,READ,0x10000773000,4096
76778,victim2,2,READ,0x20000779000,4096
76778,victim3,3,READ,0x30000776000,4096
76798,victim1,1,READ,0x10000774000,4096
76800,victim3,3,WRITE,0x30000777000,4096
76803,victim2,2,READ,0x2000077a000,4096
76829,victim2,2,READ,0x2000077b000,4096
76843,victim1,1,READ,0x10000775000,4096
76852,victim2,2,READ,0x2000077c000,4096
76855,victim3,3,READ,0x30000778000,4096
76878,victim1,1,READ,0x10000776000,4096
76888,victim3,3,READ,0x30000779000,4096
76891,victim2,2,READ,0x2000077d000,4096
76899,victim1,1,READ,0x10000777000,4096
76915,victim3,3,READ,0x3000077a000,4096
76919,victim1,1,READ,0x10000778000,4096
76919,victim2,2,READ,0x2000077e000,4096
76938,victim3,3,READ,0x3000077b000,4096
76944,victim2,2,READ,0x2000077f000,4096
76959,victim1,1,READ,0x10000779000,4096
76968,victim3,3,READ,0x3000077c000,4096
76991,victim2,2,READ,0x20000780000,4096
77010,victim1,1,READ,0x1000077a000,4096
77013,victim2,2,READ,0x20000781000,4096
77016,victim3,3,READ,0x3000077d000,4096
77040,victim2,2,READ,0x20000782000,4096
77050,victim3,3,READ,0x3000077e000,4096
77064,victim1,1,READ,0x1000077b000,4096
77066,victim2,2,READ,0x20000783000,4096
77090,victim3,3,READ,0x3000077f000,4096
77093,victim1,1,READ,0x1000077c000,4096
77103,victim2,2,READ,0x20000784000,4096
77130,victim1,1,READ,0x1000077d000,4096
77141,victim2,2,READ,0x20000785000,4096
77148,victim3,3,WRITE,0x30000780000,4096
77172,victim2,2,WRITE,0x20000786000,4096
77173,victim3,3,READ,0x30000781000,4096
77188,victim1,1,READ,0x1000077e000,4096
77213,victim2,2,READ,0x20000787000,4096
77231,victim3,3,READ,0x30000782000,4096
77232,victim1,1,READ,0x1000077f000,4096
77246,victim2,2,READ,0x20000788000,4096
77261,victim1,1,WRITE,0x10000780000,4096
77263,victim3,3,READ,0x30000783000,4096
77299,victim2,2,READ,0x20000789000,4096
77314,victim3,3,READ,0x30000784000,4096
77320,victim1,1,READ,0x10000781000,4096
77324,victim2,2,READ,0x2000078a000,4096
77361,victim1,1,READ,0x10000782000,4096
77366,victim3,3,READ,0x30000785000,4096
77367,victim2,2,READ,0x2000078b000,4096
77398,victim2,2,WRITE,0x2000078c000,4096
77399,victim3,3,READ,0x30000786000,4096
77404,victim1,1,READ,0x10000783000,4096
77427,victim2,2,READ,0x2000078d000,4096
77436,victim1,1,READ,0x10000784000,4096
77452,victim3,3,READ,0x30000787000,4096
77466,victim1,1,READ,0x10000785000,4096
77481,victim2,2,READ,0x2000078e000,4096
77506,victim3,3,READ,0x30000788000,4096
77507,victim2,2,READ,0x2000078f000,4096
77508,victim1,1,READ,0x10000786000,4096
77539,victim1,1,READ,0x10000787000,4096
77563,victim2,2,READ,0x20000790000,4096
77563,victim3,3,READ,0x30000789000,4096
77572,victim1,1,READ,0x10000788000,4096
77590,victim3,3,READ,0x3000078a000,4096
77594,victim1,1,READ,0x10000789000,4096
77598,victim2,2,WRITE,0x20000791000,4096
77625,victim1,1,READ,0x1000078a000,4096
77648,victim3,3,READ,0x3000078b000,4096
77651,victim1,1,READ,0x1000078b000,4096
77656,victim2,2,READ,0x20000792000,4096
77668,victim3,3,READ,0x3000078c000,4096
77688,victim2,2,READ,0x20000793000,4096
77696,victim1,1,WRITE,0x1000078c000,4096
77699,victim3,3,READ,0x3000078d000,4096
77718,victim1,1,READ,0x1000078d000,4096
77718,victim2,2,READ,0x20000794000,4096
77741,victim2,2,WRITE,0x20000795000,4096
77747,victim3,3,READ,0x3000078e000,4096
77757,victim1,1,READ,0x1000078e000,4096
77771,victim2,2,READ,0x20000796000,4096
77794,victim2,2,READ,0x20000797000,4096
77794,victim3,3,READ,0x3000078f000,4096
77817,victim1,1,WRITE,0x1000078f000,4096
77830,victim3,3,READ,0x30000790000,4096
77842,victim2,2,READ,0x20000798000,4096
77860,victim3,3,READ,0x30000791000,4096
77868,victim2,2,READ,0x20000799000,4096
77872,victim1,1,READ,0x10000790000,4096
77880,victim3,3,READ,0x30000792000,4096
77921,victim2,2,WRITE,0x2000079a000,4096
77931,victim1,1,READ,0x10000791000,4096
77938,victim3,3,WRITE,0x30000793000,4096
77953,victim1,1,READ,0x10000792000,4096
77963,victim3,3,READ,0x30000794000,4096
77976,victim2,2,WRITE,0x2000079b000,4096
77977,victim1,1,READ,0x10000793000,4096
78007,victim3,3,READ,0x30000795000,4096
78016,victim2,2,READ,0x2000079c000,4096
78021,victim1,1,READ,0x10000794000,4096
78047,victim2,2,READ,0x2000079d000,4096
78059,victim3,3,WRITE,0x30000796000,4096
78072,victim1,1,READ,0x10000795000,4096
78078,victim2,2,READ,0x2000079e000,4096
78084,victim3,3,WRITE,0x30000797000,4096
78111,victim3,3,READ,0x30000798000,4096
78117,victim2,2,READ,0x2000079f000,4096
78129,victim1,1,WRITE,0x10000796000,4096
78165,victim1,1,READ,0x10000797000,4096
78166,victim2,2,READ,0x200007a0000,4096
78167,victim3,3,READ,0x30000799000,4096
78207,victim3,3,READ,0x3000079a000,4096
78213,victim2,2,READ,0x200007a1000,4096
78224,victim1,1,READ,0x10000798000,4096
78258,victim3,3,READ,0x3000079b000,4096
78262,victim1,1,READ,0x10000799000,4096
78272,victim2,2,READ,0x200007a2000,4096
78290,victim3,3,READ,0x3000079c000,4096
78293,victim2,2,READ,0x200007a3000,4096
78308,victim1,1,READ,0x1000079a000,4096
78331,victim2,2,READ,0x200007a4000,4096
78336,victim3,3,READ,0x3000079d000,4096
78351,victim1,1,READ,0x1000079b000,4096
78358,victim3,3,WRITE,0x3000079e000,4096
78365,victim2,2,READ,0x200007a5000,4096
78377,victim1,1,READ,0x1000079c000,4096
78380,victim3,3,READ,0x3000079f000,4096
78412,victim2,2,READ,0x200007a6000,4096
78427,victim3,3,READ,0x300007a0000,4096
78432,victim1,1,READ,0x1000079d000,4096
78433,victim2,2,READ,0x200007a7000,4096
78475,victim1,1,WRITE,0x1000079e000,4096
78480,victim3,3,WRITE,0x300007a1000,4096
78486,victim2,2,READ,0x200007a8000,4096
78523,victim1,1,READ,0x1000079f000,4096
78528,victim3,3,READ,0x300007a2000,4096
78534,victim2,2,READ,0x200007a9000,4096
78562,victim2,2,READ,0x200007aa000,4096
78581,victim1,1,READ,0x100007a0000,4096
78587,victim3,3,READ,0x300007a3000,4096
78607,victim2,2,READ,0x200007ab000,4096
78625,victim1,1,READ,0x100007a1000,4096
78639,victim2,2,READ,0x200007ac000,4096
78640,victim3,3,READ,0x300007a4000,4096
78666,victim2,2,WRITE,0x200007ad000,4096
78667,victim1,1,READ,0x100007a2000,4096
78668,victim3,3,READ,0x300007a5000,4096
78687,victim1,1,READ,0x100007a3000,4096
78695,victim3,3,READ,0x300007a6000,4096
78710,victim1,1,READ,0x100007a4000,4096
78724,victim2,2,READ,0x200007ae000,4096
78735,victim1,1,WRITE,0x100007a5000,4096
78742,victim3,3,READ,0x300007a7000,4096
78771,victim1,1,WRITE,0x100007a6000,4096
78771,victim3,3,READ,0x300007a8000,4096
78773,victim2,2,READ,0x200007af000,4096
78804,victim3,3,READ,0x300007a9000,4096
78807,victim2,2,READ,0x200007b0000,4096
78823,victim1,1,WRITE,0x100007a7000,4096
78841,victim3,3,READ,0x300007aa000,4096
78843,victim2,2,READ,0x200007b1000,4096
78844,victim1,1,READ,0x100007a8000,4096
78865,victim2,2,READ,0x200007b2000,4096
78877,victim3,3,WRITE,0x300007ab000,4096
78897,victim1,1,READ,0x100007a9000,4096
78903,victim2,2,READ,0x200007b3000,4096
78912,victim3,3,WRITE,0x300007ac000,4096
78929,victim2,2,READ,0x200007b4000,4096
78933,victim3,3,WRITE,0x300007ad000,4096
78945,victim1,1,READ,0x100007aa000,4096
78985,victim2,2,READ,0x200007b5000,4096
78986,victim3,3,READ,0x300007ae000,4096
78989,victim1,1,WRITE,0x100007ab000,4096
79010,victim1,1,READ,0x100007ac000,4096
79034,victim1,1,READ,0x100007ad000,4096
79034,victim3,3,READ,0x300007af000,4096
79044,victim2,2,READ,0x200007b6000,4096
79060,victim3,3,READ,0x300007b0000,4096
79078,victim1,1,READ,0x100007ae000,4096
79102,victim3,3,READ,0x300007b1000,4096
79104,victim2,2,READ,0x200007b7000,4096
79135,victim1,1,READ,0x100007af000,4096
79150,victim3,3,WRITE,0x300007b2000,4096
79164,victim2,2,READ,0x200007b8000,4096
79168,victim1,1,READ,0x100007b0000,4096
79191,victim3,3,READ,0x300007b3000,4096
79193,victim1,1,READ,0x100007b1000,4096
79202,victim2,2,READ,0x200007b9000,4096
79228,victim1,1,READ,0x100007b2000,4096
79228,victim2,2,READ,0x200007ba000,4096
79237,victim3,3,READ,0x300007b4000,4096
79263,victim3,3,READ,0x300007b5000,4096
79273,victim2,2,READ,0x200007bb000,4096
79286,victim1,1,READ,0x100007b3000,4096
79292,victim3,3,READ,0x300007b6000,4096
79316,victim2,2,READ,0x200007bc000,4096
79319,victim1,1,READ,0x100007b4000,4096
79344,victim1,1,READ,0x100007b5000,4096
79352,victim3,3,READ,0x300007b7000,4096
79374,victim2,2,READ,0x200007bd000,4096
79378,victim3,3,READ,0x300007b8000,4096
79387,victim1,1,READ,0x100007b6000,4096
79411,victim2,2,READ,0x200007be000,4096
79423,victim1,1,READ,0x100007b7000,4096
79431,victim2,2,READ,0x200007bf000,4096
79434,victim3,3,READ,0x300007b9000,4096
79465,victim2,2,READ,0x200007c0000,4096
79473,victim1,1,READ,0x100007b8000,4096
79480,victim3,3,READ,0x300007ba000,4096
79503,victim1,1,READ,0x100007b9000,4096
79507,victim2,2,READ,0x200007c1000,4096
79528,victim3,3,READ,0x300007bb000,4096
79557,victim1,1,READ,0x100007ba000,4096
79563,victim2,2,READ,0x200007c2000,4096
79576,victim3,3,WRITE,0x300007bc000,4096
79596,victim3,3,READ,0x300007bd000,4096
79597,victim1,1,READ,0x100007bb000,4096
79618,victim1,1,WRITE,0x100007bc000,4096
79622,victim2,2,WRITE,0x200007c3000,4096
79639,victim3,3,READ,0x300007be000,4096
79647,victim1,1,READ,0x100007bd000,4096
79676,victim2,2,READ,0x200007c4000,4096
79681,victim3,3,READ,0x300007bf000,4096
79691,victim1,1,READ,0x100007be000,4096
79698,victim2,2,READ,0x200007c5000,4096
79729,victim2,2,READ,0x200007c6000,4096
79740,victim3,3,READ,0x300007c0000,4096
79744,victim1,1,READ,0x100007bf000,4096
79773,victim2,2,READ,0x200007c7000,4096
79797,victim3,3,READ,0x300007c1000,4096
79804,victim1,1,READ,0x100007c0000,4096
79804,victim2,2,READ,0x200007c8000,4096
79830,victim3,3,READ,0x300007c2000,4096
79835,victim2,2,READ,0x200007c9000,4096
79856,victim1,1,READ,0x100007c1000,4096
79862,victim3,3,READ,0x300007c3000,4096
79885,victim3,3,READ,0x300007c4000,4096
79890,victim2,2,READ,0x200007ca000,4096
79893,victim1,1,READ,0x100007c2000,4096
79911,victim3,3,READ,0x300007c5000,4096
79946,victim2,2,READ,0x200007cb000,4096
79951,victim1,1,READ,0x100007c3000,4096
79966,victim3,3,READ,0x300007c6000,4096
79987,victim2,2,READ,0x200007cc000,4096
80006,victim1,1,READ,0x100007c4000,4096
80016,victim3,3,READ,0x300007c7000,4096
80044,victim2,2,READ,0x200007cd000,4096
80045,victim3,3,WRITE,0x300007c8000,4096
80048,victim1,1,READ,0x100007c5000,4096
80077,victim2,2,READ,0x200007ce000,4096
80085,victim3,3,READ,0x300007c9000,4096
80106,victim1,1,READ,0x100007c6000,4096
80118,victim2,2,READ,0x200007cf000,4096
80129,victim1,1,READ,0x100007c7000,4096
80138,victim2,2,READ,0x200007d0000,4096
80139,victim3,3,WRITE,0x300007ca000,4096
80162,victim1,1,READ,0x100007c8000,4096
80166,victim3,3,READ,0x300007cb000,4096
80186,victim2,2,WRITE,0x200007d1000,4096
80214,victim3,3,READ,0x300007cc000,4096
80217,victim1,1,READ,0x100007c9000,4096
80222,victim2,2,READ,0x200007d2000,4096
80236,victim3,3,READ,0x300007cd000,4096
80244,victim1,1,WRITE,0x100007ca000,4096
80262,victim2,2,WRITE,0x200007d3000,4096
80274,victim1,1,READ,0x100007cb000,4096
80274,victim3,3,READ,0x300007ce000,4096
80306,victim3,3,READ,0x300007cf000,4096
80315,victim2,2,READ,0x200007d4000,4096
80330,victim1,1,READ,0x100007cc000,4096
80348,victim2,2,READ,0x200007d5000,4096
80357,victim3,3,READ,0x300007d0000,4096
80384,victim2,2,READ,0x200007d6000,4096
80389,victim1,1,READ,0x100007cd000,4096
80395,victim3,3,READ,0x300007d1000,4096
80418,victim3,3,READ,0x300007d2000,4096
80421,victim2,2,READ,0x200007d7000,4096
80430,victim1,1,READ,0x100007ce000,4096
80454,victim3,3,READ,0x300007d3000,4096
80467,victim1,1,READ,0x100007cf000,4096
80468,victim2,2,READ,0x200007d8000,4096
80487,victim1,1,READ,0x100007d0000,4096
80488,victim3,3,READ,0x300007d4000,4096
80492,victim2,2,READ,0x200007d9000,4096
80527,victim3,3,READ,0x300007d5000,4096
80528,victim2,2,READ,0x200007da000,4096
80534,victim1,1,READ,0x100007d1000,4096
80562,victim2,2,READ,0x200007db000,4096
80569,victim3,3,READ,0x300007d6000,4096
80572,victim1,1,READ,0x100007d2000,4096
80583,victim2,2,READ,0x200007dc000,4096
80594,victim1,1,READ,0x100007d3000,4096
80627,victim3,3,READ,0x300007d7000,4096
80639,victim2,2,READ,0x200007dd000,4096
80649,victim1,1,WRITE,0x100007d4000,4096
80676,victim2,2,READ,0x200007de000,4096
80685,victim3,3,READ,0x300007d8000,4096
80693,victim1,1,READ,0x100007d5000,4096
80712,victim2,2,READ,0x200007df000,4096
80719,victim3,3,READ,0x300007d9000,4096
80738,victim1,1,READ,0x100007d6000,4096
80762,victim1,1,READ,0x100007d7000,4096
80766,victim3,3,READ,0x300007da000,4096
80767,victim2,2,READ,0x200007e0000,4096
80808,victim1,1,READ,0x100007d8000,4096
80809,victim3,3,READ,0x300007db000,4096
80816,victim2,2,READ,0x200007e1000,4096
80843,victim3,3,READ,0x300007dc000,4096
80845,victim1,1,READ,0x100007d9000,4096
80853,victim2,2,READ,0x200007e2000,4096
80874,victim3,3,READ,0x300007dd000,4096
80896,victim1,1,READ,0x100007da000,4096
80912,victim2,2,READ,0x200007e3000,4096
80914,victim3,3,READ,0x300007de000,4096
80937,victim3,3,READ,0x300007df000,4096
80952,victim2,2,READ,0x200007e4000,4096
80953,victim1,1,READ,0x100007db000,4096
80959,victim3,3,READ,0x300007e0000,4096
80973,victim1,1,READ,0x100007dc000,4096
80982,victim2,2,READ,0x200007e5000,4096
81001,victim1,1,READ,0x100007dd000,4096
81008,victim3,3,READ,0x300007e1000,4096
81026,victim1,1,READ,0x100007de000,4096
81036,victim2,2,READ,0x200007e6000,4096
81047,victim3,3,READ,0x300007e2000,4096
81061,victim2,2,READ,0x200007e7000,4096
81074,victim1,1,READ,0x100007df000,4096
81093,victim3,3,READ,0x300007e3000,4096
81109,victim1,1,READ,0x100007e0000,4096
81120,victim2,2,READ,0x200007e8000,4096
81130,victim3,3,READ,0x300007e4000,4096
81159,victim1,1,READ,0x100007e1000,4096
81163,victim2,2,READ,0x200007e9000,4096
81183,victim3,3,READ,0x300007e5000,4096
81187,victim2,2,READ,0x200007ea000,4096
81188,victim1,1,READ,0x100007e2000,4096
81207,victim2,2,READ,0x200007eb000,4096
81233,victim2,2,READ,0x200007ec000,4096
81236,victim3,3,READ,0x300007e6000,4096
81248,victim1,1,READ,0x100007e3000,4096
81283,victim2,2,READ,0x200007ed000,4096
81292,victim3,3,WRITE,0x300007e7000,4096
81298,victim1,1,READ,0x100007e4000,4096
81334,victim3,3,READ,0x300007e8000,4096
81337,victim2,2,READ,0x200007ee000,4096
81346,victim1,1,READ,0x100007e5000,4096
81375,victim2,2,READ,0x200007ef000,4096
81378,victim1,1,READ,0x100007e6000,4096
81390,victim3,3,READ,0x300007e9000,4096
81404,victim1,1,READ,0x100007e7000,4096
81414,victim3,3,READ,0x300007ea000,4096
81420,victim2,2,READ,0x200007f0000,4096
81457,victim1,1,READ,0x100007e8000,4096
81464,victim2,2,READ,0x200007f1000,4096
81468,victim3,3,READ,0x300007eb000,4096
81508,victim1,1,READ,0x100007e9000,4096
81517,victim2,2,READ,0x200007f2000,4096
81524,victim3,3,READ,0x300007ec000,4096
81549,victim1,1,READ,0x100007ea000,4096
81551,victim3,3,READ,0x300007ed000,4096
81576,victim2,2,READ,0x200007f3000,4096
81592,victim3,3,WRITE,0x300007ee000,4096
81598,victim1,1,READ,0x100007eb000,4096
81615,victim2,2,READ,0x200007f4000,4096
81627,victim3,3,READ,0x300007ef000,4096
81639,victim2,2,READ,0x200007f5000,4096
81646,victim1,1,READ,0x100007ec000,4096
81671,victim1,1,READ,0x100007ed000,4096
81677,victim3,3,READ,0x300007f0000,4096
81690,victim2,2,READ,0x200007f6000,4096
81711,victim3,3,READ,0x300007f1000,4096
81716,victim1,1,READ,0x100007ee000,4096
81730,victim2,2,READ,0x200007f7000,4096
81737,victim3,3,READ,0x300007f2000,4096
81744,victim1,1,READ,0x100007ef000,4096
81766,victim2,2,READ,0x200007f8000,4096
81792,victim1,1,READ,0x100007f0000,4096
81795,victim3,3,READ,0x300007f3000,4096
81824,victim2,2,READ,0x200007f9000,4096
81835,victim3,3,READ,0x300007f4000,4096
81847,victim1,1,READ,0x100007f1000,4096
81854,victim2,2,READ,0x200007fa000,4096
81885,victim3,3,READ,0x300007f5000,4096
81888,victim1,1,READ,0x100007f2000,4096
81914,victim2,2,READ,0x200007fb000,4096
81939,victim3,3,READ,0x300007f6000,4096
81948,victim1,1,READ,0x100007f3000,4096
81959,victim2,2,READ,0x200007fc000,4096
81960,victim3,3,READ,0x300007f7000,4096
81973,victim1,1,READ,0x100007f4000,4096
81981,victim2,2,READ,0x200007fd000,4096
82009,victim3,3,READ,0x300007f8000,4096
82024,victim2,2,READ,0x200007fe000,4096
82025,victim1,1,READ,0x100007f5000,4096
82047,victim1,1,READ,0x100007f6000,4096
82051,victim3,3,READ,0x300007f9000,4096
82076,victim1,1,READ,0x100007f7000,4096
82077,victim2,2,READ,0x200007ff000,4096
82090,victim3,3,READ,0x300007fa000,4096
82111,victim1,1,READ,0x100007f8000,4096
82118,victim2,2,READ,0x20000800000,4096
82131,victim3,3,READ,0x300007fb000,4096
82149,victim2,2,READ,0x20000801000,4096
82162,victim3,3,READ,0x300007fc000,4096
82169,victim1,1,READ,0x100007f9000,4096
82189,victim3,3,READ,0x300007fd000,4096
82195,victim2,2,READ,0x20000802000,4096
82196,victim1,1,READ,0x100007fa000,4096
82216,victim1,1,READ,0x100007fb000,4096
82238,victim3,3,READ,0x300007fe000,4096
82252,victim2,2,READ,0x20000803000,4096
82267,victim1,1,READ,0x100007fc000,4096
82292,victim2,2,READ,0x20000804000,4096
82298,victim3,3,READ,0x300007ff000,4096
82313,victim2,2,READ,0x20000805000,4096
82323,victim1,1,READ,0x100007fd000,4096
82341,victim3,3,WRITE,0x30000800000,4096
82371,victim2,2,READ,0x20000806000,4096
82381,victim3,3,READ,0x30000801000,4096
82382,victim1,1,READ,0x100007fe000,4096
82403,victim3,3,READ,0x30000802000,4096
82412,victim1,1,READ,0x100007ff000,4096
82414,victim2,2,WRITE,0x20000807000,4096
82439,victim1,1,READ,0x10000800000,4096
82451,victim3,3,READ,0x30000803000,4096
82464,victim1,1,READ,0x10000801000,4096
82467,victim2,2,READ,0x20000808000,4096
82479,victim3,3,READ,0x30000804000,4096
82502,victim1,1,READ,0x10000802000,4096
82512,victim3,3,READ,0x30000805000,4096
82525,victim2,2,READ,0x20000809000,4096
82560,victim1,1,READ,0x10000803000,4096
82561,victim2,2,WRITE,0x2000080a000,4096
82568,victim3,3,READ,0x30000806000,4096
82590,victim3,3,READ,0x30000807000,4096
82611,victim2,2,READ,0x2000080b000,4096
82619,victim1,1,READ,0x10000804000,4096
82649,victim2,2,READ,0x2000080c000,4096
82650,victim3,3,READ,0x30000808000,4096
82670,victim1,1,READ,0x10000805000,4096
82671,victim2,2,READ,0x2000080d000,4096
82691,victim1,1,READ,0x10000806000,4096
82692,victim3,3,READ,0x30000809000,4096
82723,victim2,2,WRITE,0x2000080e000,4096
82739,victim1,1,WRITE,0x10000807000,4096
82751,victim3,3,READ,0x3000080a000,4096
82766,victim2,2,READ,0x2000080f000,4096
82770,victim1,1,READ,0x10000808000,4096
82772,victim3,3,READ,0x3000080b000,4096
82801,victim1,1,READ,0x10000809000,4096
82801,victim2,2,READ,0x20000810000,4096
82805,victim3,3,WRITE,0x3000080c000,4096
82824,victim2,2,WRITE,0x20000811000,4096
82826,victim1,1,WRITE,0x1000080a000,4096
82846,victim3,3,READ,0x3000080d000,4096
82858,victim2,2,WRITE,0x20000812000,4096
82866,victim1,1,READ,0x1000080b000,4096
82895,victim3,3,READ,0x3000080e000,4096
82906,victim2,2,WRITE,0x20000813000,4096
82916,victim3,3,READ,0x3000080f000,4096
82920,victim1,1,READ,0x1000080c000,4096
82933,victim2,2,READ,0x20000814000,4096
82950,victim3,3,READ,0x30000810000,4096
82969,victim1,1,READ,0x1000080d000,4096
82983,victim2,2,READ,0x20000815000,4096
83007,victim2,2,READ,0x20000816000,4096
83007,victim3,3,READ,0x30000811000,4096
83025,victim1,1,READ,0x1000080e000,4096
83030,victim3,3,READ,0x30000812000,4096
83057,victim2,2,READ,0x20000817000,4096
83066,victim3,3,READ,0x30000813000,4096
83071,victim1,1,READ,0x1000080f000,4096
83078,victim2,2,READ,0x20000818000,4096
83098,victim2,2,READ,0x20000819000,4096
83116,victim3,3,READ,0x30000814000,4096
83119,victim1,1,READ,0x10000810000,4096
83121,victim2,2,READ,0x2000081a000,4096
83172,victim1,1,READ,0x10000811000,4096
83175,victim3,3,READ,0x30000815000,4096
83176,victim2,2,READ,0x2000081b000,4096
83207,victim2,2,READ,0x2000081c000,4096
83210,victim1,1,READ,0x10000812000,4096
83217,victim3,3,READ,0x30000816000,4096
83251,victim1,1,READ,0x10000813000,4096
83256,victim3,3,READ,0x30000817000,4096
83257,victim2,2,READ,0x2000081d000,4096
83277,victim3,3,READ,0x30000818000,4096
83287,victim1,1,READ,0x10000814000,4096
83305,victim2,2,WRITE,0x2000081e000,4096
83318,victim1,1,READ,0x10000815000,4096
83326,victim3,3,WRITE,0x30000819000,4096
83341,victim1,1,READ,0x10000816000,4096
83357,victim3,3,READ,0x3000081a000,4096
83361,victim2,2,READ,0x2000081f000,4096
83367,victim1,1,READ,0x10000817000,4096
83393,victim2,2,READ,0x20000820000,4096
83401,victim3,3,READ,0x3000081b000,4096
83410,victim1,1,READ,0x10000818000,4096
83414,victim2,2,READ,0x20000821000,4096
83432,victim1,1,READ,0x10000819000,4096
83449,victim3,3,WRITE,0x3000081c000,4096
83451,victim2,2,READ,0x20000822000,4096
83487,victim1,1,READ,0x1000081a000,4096
83508,victim3,3,READ,0x3000081d000,4096
83511,victim2,2,READ,0x20000823000,4096
83534,victim1,1,READ,0x1000081b000,4096
83544,victim2,2,WRITE,0x20000824000,4096
83547,victim3,3,READ,0x3000081e000,4096
83563,victim1,1,READ,0x1000081c000,4096
83570,victim3,3,READ,0x3000081f000,4096
83579,victim2,2,WRITE,0x20000825000,4096
83598,victim1,1,READ,0x1000081d000,4096
83624,victim2,2,READ,0x20000826000,4096
83625,victim3,3,READ,0x30000820000,4096
83656,victim1,1,READ,0x1000081e000,4096
83673,victim3,3,READ,0x30000821000,4096
83677,victim2,2,READ,0x20000827000,4096
83688,victim1,1,READ,0x1000081f000,4096
83724,victim2,2,READ,0x20000828000,4096
83726,victim3,3,READ,0x30000822000,4096
83735,victim1,1,READ,0x10000820000,4096
83744,victim2,2,READ,0x20000829000,4096
83746,victim3,3,WRITE,0x30000823000,4096
83779,victim2,2,READ,0x2000082a000,4096
83786,victim1,1,READ,0x10000821000,4096
83800,victim3,3,READ,0x30000824000,4096
83809,victim2,2,READ,0x2000082b000,4096
83820,victim1,1,WRITE,0x10000822000,4096
83843,victim2,2,READ,0x2000082c000,4096
83849,victim3,3,READ,0x30000825000,4096
83853,victim1,1,WRITE,0x10000823000,4096
83876,victim2,2,READ,0x2000082d000,4096
83888,victim3,3,READ,0x30000826000,4096
83903,victim2,2,READ,0x2000082e000,4096
83910,victim1,1,READ,0x10000824000,4096
83929,victim3,3,READ,0x30000827000,4096
83937,victim2,2,READ,0x2000082f000,4096
83956,victim3,3,READ,0x30000828000,4096
83966,victim1,1,READ,0x10000825000,4096
83983,victim2,2,READ,0x20000830000,4096
83985,victim3,3,READ,0x30000829000,4096
84026,victim1,1,WRITE,0x10000826000,4096
84038,victim2,2,WRITE,0x20000831000,4096
84042,victim3,3,WRITE,0x3000082a000,4096
84064,victim2,2,READ,0x20000832000,4096
84068,victim1,1,READ,0x10000827000,4096
84079,victim3,3,READ,0x3000082b000,4096
84091,victim2,2,READ,0x20000833000,4096
84111,victim2,2,READ,0x20000834000,4096
84113,victim1,1,READ,0x10000828000,4096
84124,victim3,3,READ,0x3000082c000,4096
84142,victim1,1,READ,0x10000829000,4096
84148,victim2,2,READ,0x20000835000,4096
84178,victim3,3,READ,0x3000082d000,4096
84181,victim1,1,READ,0x1000082a000,4096
84195,victim2,2,READ,0x20000836000,4096
84218,victim3,3,READ,0x3000082e000,4096
84236,victim1,1,READ,0x1000082b000,4096
84245,victim2,2,READ,0x20000837000,4096
84259,victim1,1,WRITE,0x1000082c000,4096
84266,victim3,3,READ,0x3000082f000,4096
84275,victim2,2,READ,0x20000838000,4096
84298,victim2,2,READ,0x20000839000,4096
84307,victim1,1,READ,0x1000082d000,4096
84323,victim3,3,READ,0x30000830000,4096
84329,victim2,2,READ,0x2000083a000,4096
84349,victim2,2,READ,0x2000083b000,4096
84351,victim3,3,READ,0x30000831000,4096
84354,victim1,1,WRITE,0x1000082e000,4096
84390,victim2,2,READ,0x2000083c000,4096
84396,victim1,1,READ,0x1000082f000,4096
84405,victim3,3,READ,0x30000832000,4096
84421,victim1,1,READ,0x10000830000,4096
84431,victim3,3,READ,0x30000833000,4096
84447,victim2,2,READ,0x2000083d000,4096
84469,victim1,1,READ,0x10000831000,4096
84478,victim3,3,READ,0x30000834000,4096
84500,victim2,2,WRITE,0x2000083e000,4096
84505,victim1,1,READ,0x10000832000,4096
84527,victim3,3,READ,0x30000835000,4096
84530,victim2,2,WRITE,0x2000083f000,4096
84555,victim1,1,READ,0x10000833000,4096
84560,victim2,2,READ,0x20000840000,4096
84571,victim3,3,READ,0x30000836000,4096
84600,victim2,2,READ,0x20000841000,4096
84614,victim1,1,READ,0x10000834000,4096
84621,victim3,3,READ,0x30000837000,4096
84638,victim1,1,READ,0x10000835000,4096
84655,victim2,2,READ,0x20000842000,4096
84665,victim1,1,READ,0x10000836000,4096
84677,victim3,3,READ,0x30000838000,4096
84693,victim2,2,READ,0x20000843000,4096
84707,victim1,1,READ,0x10000837000,4096
84717,victim3,3,READ,0x30000839000,4096
84728,victim1,1,WRITE,0x10000838000,4096
84747,victim2,2,READ,0x20000844000,4096
84769,victim3,3,READ,0x3000083a000,4096
84770,victim1,1,READ,0x10000839000,4096
84779,victim2,2,READ,0x20000845000,4096
84818,victim1,1,READ,0x1000083a000,4096
84822,victim2,2,READ,0x20000846000,4096
84822,victim3,3,READ,0x3000083b000,4096
84853,victim3,3,READ,0x3000083c000,4096
84856,victim1,1,READ,0x1000083b000,4096
84856,victim2,2,READ,0x20000847000,4096
84880,victim2,2,READ,0x20000848000,4096
84896,victim1,1,READ,0x1000083c000,4096
84900,victim3,3,READ,0x3000083d000,4096
84917,victim1,1,READ,0x1000083d000,4096
84920,victim2,2,READ,0x20000849000,4096
84939,victim1,1,READ,0x1000083e000,4096
84948,victim3,3,READ,0x3000083e000,4096
84957,victim2,2,READ,0x2000084a000,4096
84994,victim3,3,READ,0x3000083f000,4096
84999,victim1,1,READ,0x1000083f000,4096
85010,victim2,2,READ,0x2000084b000,4096
85029,victim1,1,READ,0x10000840000,4096
85041,victim2,2,READ,0x2000084c000,4096
85049,victim3,3,READ,0x30000840000,4096
85079,victim2,2,READ,0x2000084d000,4096
85086,victim1,1,READ,0x10000841000,4096
85100,victim3,3,WRITE,0x30000841000,4096
85132,victim2,2,READ,0x2000084e000,4096
85141,victim3,3,READ,0x30000842000,4096
85146,victim1,1,READ,0x10000842000,4096
85168,victim1,1,READ,0x10000843000,4096
85168,victim2,2,READ,0x2000084f000,4096
85194,victim3,3,READ,0x30000843000,4096
85214,victim1,1,WRITE,0x10000844000,4096
85217,victim2,2,READ,0x20000850000,4096
85231,victim3,3,READ,0x30000844000,4096
85258,victim1,1,READ,0x10000845000,4096
85262,victim3,3,READ,0x30000845000,4096
85271,victim2,2,READ,0x20000851000,4096
85303,victim3,3,READ,0x30000846000,4096
85305,victim2,2,READ,0x20000852000,4096
85316,victim1,1,READ,0x10000846000,4096
85325,victim3,3,READ,0x30000847000,4096
85331,victim2,2,READ,0x20000853000,4096
85356,victim2,2,READ,0x20000854000,4096
85363,victim1,1,READ,0x10000847000,4096
85379,victim3,3,READ,0x30000848000,4096
85386,victim2,2,READ,0x20000855000,4096
85401,victim1,1,READ,0x10000848000,4096
85403,victim3,3,READ,0x30000849000,4096
85437,victim2,2,READ,0x20000856000,4096
85437,victim3,3,READ,0x3000084a000,4096
85460,victim1,1,READ,0x10000849000,4096
85467,victim3,3,READ,0x3000084b000,4096
85477,victim2,2,READ,0x20000857000,4096
85491,victim3,3,READ,0x3000084c000,4096
85513,victim1,1,READ,0x1000084a000,4096
85532,victim3,3,READ,0x3000084d000,4096
85535,victim2,2,READ,0x20000858000,4096
85555,victim1,1,READ,0x1000084b000,4096
85559,victim3,3,READ,0x3000084e000,4096
85575,victim2,2,READ,0x20000859000,4096
85594,victim1,1,READ,0x1000084c000,4096
85614,victim3,3,READ,0x3000084f000,4096
85620,victim2,2,READ,0x2000085a000,4096
85647,victim1,1,READ,0x1000084d000,4096
85659,victim3,3,WRITE,0x30000850000,4096
85664,victim2,2,READ,0x2000085b000,4096
85674,victim1,1,WRITE,0x1000084e000,4096
85689,victim2,2,READ,0x2000085c000,4096
85697,victim1,1,READ,0x1000084f000,4096
85707,victim3,3,READ,0x30000851000,4096
85725,victim2,2,READ,0x2000085d000,4096
85741,victim1,1,READ,0x10000850000,4096
85754,victim3,3,READ,0x30000852000,4096
85763,victim2,2,READ,0x2000085e000,4096
85788,victim1,1,WRITE,0x10000851000,4096
85810,victim3,3,READ,0x30000853000,4096
85813,victim2,2,READ,0x2000085f000,4096
85822,victim1,1,READ,0x10000852000,4096
85849,victim3,3,WRITE,0x30000854000,4096
85862,victim2,2,WRITE,0x20000860000,4096
85863,victim1,1,READ,0x10000853000,4096
85898,victim1,1,READ,0x10000854000,4096
85899,victim3,3,WRITE,0x30000855000,4096
85907,victim2,2,READ,0x20000861000,4096
85934,victim1,1,READ,0x10000855000,4096
85947,victim2,2,READ,0x20000862000,4096
85949,victim3,3,READ,0x30000856000,4096
85954,victim1,1,WRITE,0x10000856000,4096
85985,victim2,2,READ,0x20000863000,4096
85997,victim1,1,WRITE,0x10000857000,4096
86007,victim3,3,READ,0x30000857000,4096
86026,victim1,1,READ,0x10000858000,4096
86032,victim2,2,READ,0x20000864000,4096
86040,victim3,3,READ,0x30000858000,4096
86060,victim2,2,READ,0x20000865000,4096
86068,victim1,1,READ,0x10000859000,4096
86088,victim3,3,READ,0x30000859000,4096
86090,victim2,2,READ,0x20000866000,4096
86107,victim1,1,READ,0x1000085a000,4096
86108,victim3,3,READ,0x3000085a000,4096
86136,victim3,3,READ,0x3000085b000,4096
86142,victim2,2,READ,0x20000867000,4096
86163,victim1,1,READ,0x1000085b000,4096
86182,victim2,2,READ,0x20000868000,4096
86191,victim1,1,READ,0x1000085c000,4096
86193,victim3,3,READ,0x3000085c000,4096
86207,victim2,2,READ,0x20000869000,4096
86228,victim1,1,READ,0x1000085d000,4096
86238,victim3,3,READ,0x3000085d000,4096
86242,victim2,2,READ,0x2000086a000,4096
86273,victim1,1,READ,0x1000085e000,4096
86273,victim2,2,READ,0x2000086b000,4096
86287,victim3,3,READ,0x3000085e000,4096
86295,victim1,1,READ,0x1000085f000,4096
86322,victim3,3,READ,0x3000085f000,4096
86328,victim2,2,READ,0x2000086c000,4096
86344,victim1,1,READ,0x10000860000,4096
86344,victim3,3,READ,0x30000860000,4096
86360,victim2,2,READ,0x2000086d000,4096
86385,victim1,1,READ,0x10000861000,4096
86386,victim2,2,READ,0x2000086e000,4096
86387,victim3,3,READ,0x30000861000,4096
86406,victim1,1,READ,0x10000862000,4096
86406,victim2,2,READ,0x2000086f000,4096
86416,victim3,3,READ,0x30000862000,4096
86440,victim3,3,READ,0x30000863000,4096
86448,victim2,2,READ,0x20000870000,4096
86460,victim1,1,READ,0x10000863000,4096
86478,victim2,2,READ,0x20000871000,4096
86494,victim3,3,READ,0x30000864000,4096
86500,victim1,1,READ,0x10000864000,4096
86515,victim2,2,READ,0x20000872000,4096
86525,victim3,3,READ,0x30000865000,4096
86527,victim1,1,READ,0x10000865000,4096
86540,victim2,2,READ,0x20000873000,4096
86547,victim1,1,WRITE,0x10000866000,4096
86579,victim3,3,WRITE,0x30000866000,4096
86588,victim1,1,READ,0x10000867000,4096
86599,victim2,2,READ,0x20000874000,4096
86608,victim1,1,READ,0x10000868000,4096
86623,victim3,3,READ,0x30000867000,4096
86644,victim2,2,READ,0x20000875000,4096
86651,victim1,1,READ,0x10000869000,4096
86670,victim3,3,WRITE,0x30000868000,4096
86676,victim1,1,READ,0x1000086a000,4096
86679,victim2,2,READ,0x20000876000,4096
86709,victim1,1,READ,0x1000086b000,4096
86715,victim2,2,READ,0x20000877000,4096
86723,victim3,3,READ,0x30000869000,4096
86745,victim2,2,READ,0x20000878000,4096
86747,victim1,1,READ,0x1000086c000,4096
86765,victim3,3,WRITE,0x3000086a000,4096
86773,victim2,2,READ,0x20000879000,4096
86786,victim1,1,READ,0x1000086d000,4096
86795,victim3,3,WRITE,0x3000086b000,4096
86815,victim2,2,READ,0x2000087a000,4096
86816,victim3,3,READ,0x3000086c000,4096
86846,victim1,1,READ,0x1000086e000,4096
86847,victim2,2,READ,0x2000087b000,4096
86855,victim3,3,READ,0x3000086d000,4096
86874,victim1,1,READ,0x1000086f000,4096
86885,victim3,3,READ,0x3000086e000,4096
86894,victim2,2,READ,0x2000087c000,4096
86903,victim1,1,READ,0x10000870000,4096
86915,victim2,2,READ,0x2000087d000,4096
86940,victim3,3,READ,0x3000086f000,4096
86945,victim1,1,READ,0x10000871000,4096
86961,victim2,2,READ,0x2000087e000,4096
86967,victim3,3,READ,0x30000870000,4096
86985,victim2,2,READ,0x2000087f000,4096
86993,victim1,1,READ,0x10000872000,4096
86994,victim3,3,WRITE,0x30000871000,4096
87023,victim1,1,READ,0x10000873000,4096
87034,victim2,2,READ,0x20000880000,4096
87041,victim3,3,READ,0x30000872000,4096
87062,victim3,3,READ,0x30000873000,4096
87078,victim2,2,READ,0x20000881000,4096
87083,victim1,1,READ,0x10000874000,4096
87101,victim3,3,READ,0x30000874000,4096
87114,victim2,2,READ,0x20000882000,4096
87131,victim1,1,READ,0x10000875000,4096
87144,victim2,2,READ,0x20000883000,4096
87154,victim3,3,READ,0x30000875000,4096
87158,victim1,1,READ,0x10000876000,4096
87179,victim2,2,READ,0x20000884000,4096
87189,victim3,3,READ,0x30000876000,4096
87218,victim1,1,READ,0x10000877000,4096
87222,victim3,3,READ,0x30000877000,4096
87239,victim1,1,READ,0x10000878000,4096
87239,victim2,2,READ,0x20000885000,4096
87254,victim3,3,READ,0x30000878000,4096
87267,victim1,1,READ,0x10000879000,4096
87267,victim2,2,READ,0x20000886000,4096
87295,victim2,2,READ,0x20000887000,4096
87302,victim3,3,READ,0x30000879000,4096
87310,victim1,1,WRITE,0x1000087a000,4096
87350,victim3,3,READ,0x3000087a000,4096
87351,victim2,2,READ,0x20000888000,4096
87354,victim1,1,READ,0x1000087b000,4096
87394,victim1,1,READ,0x1000087c000,4096
87394,victim2,2,WRITE,0x20000889000,4096
87406,victim3,3,READ,0x3000087b000,4096
87418,victim1,1,READ,0x1000087d000,4096
87426,victim2,2,READ,0x2000088a000,4096
87441,victim3,3,READ,0x3000087c000,4096
87453,victim1,1,READ,0x1000087e000,4096
87484,victim2,2,WRITE,0x2000088b000,4096
87492,victim3,3,READ,0x3000087d000,4096
87497,victim1,1,READ,0x1000087f000,4096
87522,victim1,1,READ,0x10000880000,4096
87541,victim2,2,READ,0x2000088c000,4096
87545,victim3,3,READ,0x3000087e000,4096
87577,victim1,1,READ,0x10000881000,4096
87583,victim3,3,READ,0x3000087f000,4096
87601,victim2,2,READ,0x2000088d000,4096
87636,victim1,1,READ,0x10000882000,4096
87640,victim2,2,READ,0x2000088e000,4096
87642,victim3,3,READ,0x30000880000,4096
87664,victim3,3,READ,0x30000881000,4096
87685,victim1,1,READ,0x10000883000,4096
87690,victim2,2,READ,0x2000088f000,4096
87699,victim3,3,READ,0x30000882000,4096
87712,victim2,2,READ,0x20000890000,4096
87728,victim1,1,READ,0x10000884000,4096
87736,victim2,2,READ,0x20000891000,4096
87757,victim3,3,READ,0x30000883000,4096
87771,victim2,2,READ,0x20000892000,4096
87786,victim1,1,READ,0x10000885000,4096
87788,victim3,3,READ,0x30000884000,4096
87802,victim2,2,READ,0x20000893000,4096
87821,victim3,3,READ,0x30000885000,4096
87826,victim1,1,READ,0x10000886000,4096
87847,victim2,2,READ,0x20000894000,4096
87854,victim1,1,READ,0x10000887000,4096
87865,victim3,3,READ,0x30000886000,4096
87873,victim2,2,READ,0x20000895000,4096
87882,victim1,1,READ,0x10000888000,4096
87894,victim3,3,READ,0x30000887000,4096
87921,victim3,3,READ,0x30000888000,4096
87923,victim1,1,READ,0x10000889000,4096
87930,victim2,2,READ,0x20000896000,4096
87952,victim3,3,READ,0x30000889000,4096
87955,victim1,1,READ,0x1000088a000,4096
87974,victim3,3,READ,0x3000088a000,4096
87980,victim2,2,READ,0x20000897000,4096
87992,victim1,1,READ,0x1000088b000,4096
88009,victim3,3,READ,0x3000088b000,4096
88013,victim1,1,READ,0x1000088c000,4096
88039,victim2,2,READ,0x20000898000,4096
88060,victim1,1,READ,0x1000088d000,4096
88063,victim3,3,WRITE,0x3000088c000,4096
88081,victim2,2,READ,0x20000899000,4096
88096,victim1,1,WRITE,0x1000088e000,4096
88111,victim2,2,READ,0x2000089a000,4096
88115,victim3,3,WRITE,0x3000088d000,4096
88147,victim1,1,READ,0x1000088f000,4096
88159,victim3,3,READ,0x3000088e000,4096
88171,victim2,2,READ,0x2000089b000,4096
88196,victim1,1,READ,0x10000890000,4096
88211,victim2,2,READ,0x2000089c000,4096
88217,victim3,3,READ,0x3000088f000,4096
88232,victim2,2,READ,0x2000089d000,4096
88243,victim1,1,READ,0x10000891000,4096
88255,victim3,3,READ,0x30000890000,4096
88259,victim2,2,READ,0x2000089e000,4096
88289,victim3,3,WRITE,0x30000891000,4096
88302,victim1,1,READ,0x10000892000,4096
88305,victim2,2,READ,0x2000089f000,4096
88321,victim3,3,READ,0x30000892000,4096
88333,victim1,1,READ,0x10000893000,4096
88351,victim2,2,READ,0x200008a0000,4096
88360,victim3,3,READ,0x30000893000,4096
88388,victim3,3,READ,0x30000894000,4096
88390,victim1,1,READ,0x10000894000,4096
88406,victim2,2,READ,0x200008a1000,4096
88416,victim1,1,READ,0x10000895000,4096
88440,victim3,3,READ,0x30000895000,4096
88441,victim2,2,READ,0x200008a2000,4096
88473,victim1,1,WRITE,0x10000896000,4096
88479,victim2,2,READ,0x200008a3000,4096
88491,victim3,3,WRITE,0x30000896000,4096
88518,victim1,1,READ,0x10000897000,4096
88529,victim2,2,READ,0x200008a4000,4096
88550,victim3,3,READ,0x30000897000,4096
88554,victim2,2,READ,0x200008a5000,4096
88558,victim1,1,READ,0x10000898000,4096
88573,victim3,3,READ,0x30000898000,4096
88575,victim2,2,READ,0x200008a6000,4096
88599,victim1,1,READ,0x10000899000,4096
88609,victim2,2,READ,0x200008a7000,4096
88619,victim3,3,READ,0x30000899000,4096
88634,victim1,1,READ,0x1000089a000,4096
88654,victim3,3,READ,0x3000089a000,4096
88658,victim2,2,READ,0x200008a8000,4096
88659,victim1,1,READ,0x1000089b000,4096
88679,victim3,3,WRITE,0x3000089b000,4096
88685,victim1,1,READ,0x1000089c000,4096
88695,victim2,2,READ,0x200008a9000,4096
88722,victim1,1,WRITE,0x1000089d000,4096
88723,victim2,2,READ,0x200008aa000,4096
88724,victim3,3,READ,0x3000089c000,4096
88746,victim2,2,READ,0x200008ab000,4096
88764,victim3,3,READ,0x3000089d000,4096
88778,victim2,2,READ,0x200008ac000,4096
88780,victim1,1,READ,0x1000089e000,4096
88799,victim3,3,READ,0x3000089e000,4096
88811,victim1,1,READ,0x1000089f000,4096
88832,victim2,2,READ,0x200008ad000,4096
88838,victim3,3,READ,0x3000089f000,4096
88849,victim1,1,READ,0x100008a0000,4096
88858,victim2,2,READ,0x200008ae000,4096
88874,victim1,1,READ,0x100008a1000,4096
88886,victim3,3,READ,0x300008a0000,4096
88901,victim1,1,READ,0x100008a2000,4096
88914,victim2,2,WRITE,0x200008af000,4096
88923,victim3,3,READ,0x300008a1000,4096
88947,victim2,2,READ,0x200008b0000,4096
88948,victim1,1,READ,0x100008a3000,4096
88968,victim3,3,READ,0x300008a2000,4096
88998,victim3,3,READ,0x300008a3000,4096
89001,victim1,1,READ,0x100008a4000,4096
89003,victim2,2,WRITE,0x200008b1000,4096
89036,victim3,3,READ,0x300008a4000,4096
89050,victim1,1,READ,0x100008a5000,4096
89057,victim2,2,READ,0x200008b2000,4096
89061,victim3,3,READ,0x300008a5000,4096
89097,victim1,1,WRITE,0x100008a6000,4096
89106,victim3,3,READ,0x300008a6000,4096
89108,victim2,2,READ,0x200008b3000,4096
89138,victim2,2,READ,0x200008b4000,4096
89152,victim1,1,READ,0x100008a7000,4096
89153,victim3,3,READ,0x300008a7000,4096
89164,victim2,2,READ,0x200008b5000,4096
89175,victim1,1,READ,0x100008a8000,4096
89193,victim3,3,READ,0x300008a8000,4096
89213,victim1,1,READ,0x100008a9000,4096
89217,victim2,2,WRITE,0x200008b6000,4096
89229,victim3,3,READ,0x300008a9000,4096
89242,victim2,2,READ,0x200008b7000,4096
89255,victim3,3,READ,0x300008aa000,4096
89258,victim1,1,READ,0x100008aa000,4096
89279,victim2,2,WRITE,0x200008b8000,4096
89285,victim1,1,READ,0x100008ab000,4096
89288,victim3,3,READ,0x300008ab000,4096
89301,victim2,2,READ,0x200008b9000,4096
89317,victim1,1,READ,0x100008ac000,4096
89334,victim2,2,READ,0x200008ba000,4096
89346,victim3,3,READ,0x300008ac000,4096
89352,victim1,1,READ,0x100008ad000,4096
89380,victim2,2,WRITE,0x200008bb000,4096
89383,victim3,3,READ,0x300008ad000,4096
89396,victim1,1,READ,0x100008ae000,4096
89410,victim3,3,READ,0x300008ae000,4096
89436,victim2,2,WRITE,0x200008bc000,4096
89437,victim3,3,READ,0x300008af000,4096
89456,victim1,1,READ,0x100008af000,4096
89473,victim2,2,READ,0x200008bd000,4096
89488,victim1,1,WRITE,0x100008b0000,4096
89489,victim3,3,READ,0x300008b0000,4096
89508,victim1,1,WRITE,0x100008b1000,4096
89516,victim3,3,WRITE,0x300008b1000,4096
89523,victim2,2,READ,0x200008be000,4096
89544,victim1,1,READ,0x100008b2000,4096
89548,victim2,2,READ,0x200008bf000,4096
89549,victim3,3,WRITE,0x300008b2000,4096
89572,victim1,1,READ,0x100008b3000,4096
89579,victim3,3,READ,0x300008b3000,4096
89600,victim2,2,READ,0x200008c0000,4096
89613,victim3,3,READ,0x300008b4000,4096
89632,victim1,1,WRITE,0x100008b4000,4096
89635,victim2,2,READ,0x200008c1000,4096
89646,victim3,3,READ,0x300008b5000,4096
89666,victim2,2,READ,0x200008c2000,4096
89672,victim3,3,READ,0x300008b6000,4096
89675,victim1,1,READ,0x100008b5000,4096
89709,victim3,3,READ,0x300008b7000,4096
89716,victim2,2,READ,0x200008c3000,4096
89720,victim1,1,READ,0x100008b6000,4096
89741,victim3,3,READ,0x300008b8000,4096
89744,victim1,1,READ,0x100008b7000,4096
89746,victim2,2,READ,0x200008c4000,4096
89771,victim3,3,READ,0x300008b9000,4096
89774,victim1,1,READ,0x100008b8000,4096
89790,victim2,2,READ,0x200008c5000,4096
89798,victim3,3,READ,0x300008ba000,4096
89799,victim1,1,READ,0x100008b9000,4096
89825,victim2,2,READ,0x200008c6000,4096
89828,victim3,3,READ,0x300008bb000,4096
89833,victim1,1,READ,0x100008ba000,4096
89867,victim3,3,WRITE,0x300008bc000,4096
89874,victim1,1,READ,0x100008bb000,4096
89876,victim2,2,READ,0x200008c7000,4096
89899,victim1,1,WRITE,0x100008bc000,4096
89909,victim2,2,WRITE,0x200008c8000,4096
89916,victim3,3,READ,0x300008bd000,4096
89937,victim2,2,READ,0x200008c9000,4096
89942,victim1,1,READ,0x100008bd000,4096
89958,victim3,3,READ,0x300008be000,4096
89978,victim2,2,READ,0x200008ca000,4096
89985,victim1,1,READ,0x100008be000,4096
90002,victim3,3,READ,0x300008bf000,4096
90017,victim1,1,READ,0x100008bf000,4096
90022,victim2,2,READ,0x200008cb000,4096
90045,victim1,1,READ,0x100008c0000,4096
90060,victim2,2,WRITE,0x200008cc000,4096
90061,victim3,3,READ,0x300008c0000,4096
90078,victim1,1,READ,0x100008c1000,4096
90098,victim3,3,READ,0x300008c1000,4096
90118,victim2,2,READ,0x200008cd000,4096
90125,victim3,3,READ,0x300008c2000,4096
90132,victim1,1,READ,0x100008c2000,4096
90151,victim3,3,READ,0x300008c3000,4096
90163,victim2,2,READ,0x200008ce000,4096
90165,victim1,1,READ,0x100008c3000,4096
90178,victim3,3,READ,0x300008c4000,4096
90193,victim2,2,WRITE,0x200008cf000,4096
90211,victim3,3,READ,0x300008c5000,4096
90213,victim1,1,READ,0x100008c4000,4096
90238,victim2,2,READ,0x200008d0000,4096
90240,victim3,3,READ,0x300008c6000,4096
90260,victim1,1,READ,0x100008c5000,4096
90282,victim3,3,READ,0x300008c7000,4096
90292,victim1,1,READ,0x100008c6000,4096
90298,victim2,2,READ,0x200008d1000,4096
90325,victim3,3,READ,0x300008c8000,4096
90338,victim2,2,READ,0x200008d2000,4096
90342,victim1,1,READ,0x100008c7000,4096
90346,victim3,3,READ,0x300008c9000,4096
90370,victim1,1,READ,0x100008c8000,4096
90387,victim3,3,READ,0x300008ca000,4096
90394,victim2,2,READ,0x200008d3000,4096
90403,victim1,1,READ,0x100008c9000,4096
90409,victim3,3,READ,0x300008cb000,4096
90414,victim2,2,READ,0x200008d4000,4096
90434,victim2,2,READ,0x200008d5000,4096
90440,victim1,1,READ,0x100008ca000,4096
90447,victim3,3,READ,0x300008cc000,4096
90480,victim1,1,READ,0x100008cb000,4096
90488,victim2,2,WRITE,0x200008d6000,4096
90489,victim3,3,READ,0x300008cd000,4096
90525,victim3,3,WRITE,0x300008ce000,4096
90536,victim1,1,READ,0x100008cc000,4096
90542,victim2,2,READ,0x200008d7000,4096
90556,victim1,1,READ,0x100008cd000,4096
90579,victim3,3,READ,0x300008cf000,4096
90586,victim1,1,READ,0x100008ce000,4096
90599,victim2,2,READ,0x200008d8000,4096
90626,victim2,2,WRITE,0x200008d9000,4096
90630,victim3,3,READ,0x300008d0000,4096
90644,victim1,1,READ,0x100008cf000,4096
90667,victim3,3,READ,0x300008d1000,4096
90677,victim2,2,READ,0x200008da000,4096
90689,victim1,1,READ,0x100008d0000,4096
90704,victim3,3,READ,0x300008d2000,4096
90711,victim2,2,READ,0x200008db000,4096
90739,victim2,2,READ,0x200008dc000,4096
90745,victim1,1,WRITE,0x100008d1000,4096
90762,victim3,3,READ,0x300008d3000,4096
90765,victim2,2,WRITE,0x200008dd000,4096
90792,victim2,2,READ,0x200008de000,4096
90795,victim1,1,READ,0x100008d2000,4096
90807,victim3,3,READ,0x300008d4000,4096
90817,victim1,1,READ,0x100008d3000,4096
90835,victim3,3,READ,0x300008d5000,4096
90837,victim2,2,READ,0x200008df000,4096
90859,victim3,3,READ,0x300008d6000,4096
90863,victim1,1,READ,0x100008d4000,4096
90868,victim2,2,READ,0x200008e0000,4096
90899,victim2,2,READ,0x200008e1000,4096
90917,victim1,1,WRITE,0x100008d5000,4096
90917,victim3,3,READ,0x300008d7000,4096
90922,victim2,2,READ,0x200008e2000,4096
90938,victim3,3,READ,0x300008d8000,4096
90950,victim2,2,READ,0x200008e3000,4096
90967,victim1,1,READ,0x100008d6000,4096
90990,victim3,3,WRITE,0x300008d9000,4096
90996,victim1,1,READ,0x100008d7000,4096
91004,victim2,2,READ,0x200008e4000,4096
91021,victim1,1,READ,0x100008d8000,4096
91028,victim3,3,WRITE,0x300008da000,4096
91029,victim2,2,WRITE,0x200008e5000,4096
91053,victim1,1,READ,0x100008d9000,4096
91067,victim2,2,WRITE,0x200008e6000,4096
91082,victim3,3,READ,0x300008db000,4096
91084,victim1,1,READ,0x100008da000,4096
91118,victim1,1,READ,0x100008db000,4096
91118,victim3,3,READ,0x300008dc000,4096
91120,victim2,2,READ,0x200008e7000,4096
91142,victim1,1,WRITE,0x100008dc000,4096
91142,victim3,3,READ,0x300008dd000,4096
91171,victim2,2,READ,0x200008e8000,4096
91174,victim1,1,READ,0x100008dd000,4096
91193,victim3,3,WRITE,0x300008de000,4096
91221,victim3,3,READ,0x300008df000,4096
91223,victim1,1,READ,0x100008de000,4096
91229,victim2,2,READ,0x200008e9000,4096
91252,victim1,1,WRITE,0x100008df000,4096
91263,victim2,2,READ,0x200008ea000,4096
91274,victim3,3,READ,0x300008e0000,4096
91301,victim3,3,READ,0x300008e1000,4096
91310,victim1,1,WRITE,0x100008e0000,4096
91314,victim2,2,READ,0x200008eb000,4096
91341,victim3,3,READ,0x300008e2000,4096
91345,victim2,2,READ,0x200008ec000,4096
91357,victim1,1,READ,0x100008e1000,4096
91373,victim3,3,READ,0x300008e3000,4096
91376,victim2,2,READ,0x200008ed000,4096
91395,victim1,1,WRITE,0x100008e2000,4096
91417,victim2,2,READ,0x200008ee000,4096
91417,victim3,3,READ,0x300008e4000,4096
91451,victim1,1,WRITE,0x100008e3000,4096
91463,victim2,2,READ,0x200008ef000,4096
91477,victim3,3,READ,0x300008e5000,4096
91489,victim1,1,READ,0x100008e4000,4096
91501,victim2,2,READ,0x200008f0000,4096
91513,victim1,1,READ,0x100008e5000,4096
91517,victim3,3,READ,0x300008e6000,4096
91535,victim1,1,READ,0x100008e6000,4096
91550,victim2,2,READ,0x200008f1000,4096
91564,victim1,1,WRITE,0x100008e7000,4096
91573,victim3,3,READ,0x300008e7000,4096
91596,victim2,2,READ,0x200008f2000,4096
91606,victim3,3,READ,0x300008e8000,4096
91610,victim1,1,READ,0x100008e8000,4096
91637,victim2,2,READ,0x200008f3000,4096
91641,victim1,1,READ,0x100008e9000,4096
91660,victim3,3,READ,0x300008e9000,4096
91676,victim1,1,READ,0x100008ea000,4096
91683,victim2,2,READ,0x200008f4000,4096
91707,victim3,3,READ,0x300008ea000,4096
91720,victim2,2,READ,0x200008f5000,4096
91723,victim1,1,READ,0x100008eb000,4096
91767,victim3,3,READ,0x300008eb000,4096
91768,victim1,1,READ,0x100008ec000,4096
91774,victim2,2,READ,0x200008f6000,4096
91792,victim3,3,READ,0x300008ec000,4096
91794,victim1,1,READ,0x100008ed000,4096
91799,victim2,2,READ,0x200008f7000,4096
91823,victim3,3,READ,0x300008ed000,4096
91831,victim1,1,WRITE,0x100008ee000,4096
91833,victim2,2,READ,0x200008f8000,4096
91844,victim3,3,READ,0x300008ee000,4096
91874,victim3,3,READ,0x300008ef000,4096
91879,victim2,2,READ,0x200008f9000,4096
91886,victim1,1,READ,0x100008ef000,4096
91916,victim2,2,READ,0x200008fa000,4096
91917,victim1,1,READ,0x100008f0000,4096
91924,victim3,3,READ,0x300008f0000,4096
91962,victim1,1,READ,0x100008f1000,4096
91963,victim3,3,READ,0x300008f1000,4096
91971,victim2,2,READ,0x200008fb000,4096
91983,victim3,3,READ,0x300008f2000,4096
91993,victim1,1,WRITE,0x100008f2000,4096
92012,victim2,2,READ,0x200008fc000,4096
92013,victim3,3,READ,0x300008f3000,4096
92039,victim3,3,READ,0x300008f4000,4096
92044,victim2,2,READ,0x200008fd000,4096
92045,victim1,1,READ,0x100008f3000,4096
92078,victim2,2,READ,0x200008fe000,4096
92091,victim3,3,READ,0x300008f5000,4096
92098,victim1,1,READ,0x100008f4000,4096
92118,victim3,3,READ,0x300008f6000,4096
92129,victim2,2,READ,0x200008ff000,4096
92145,victim3,3,READ,0x300008f7000,4096
92158,victim1,1,READ,0x100008f5000,4096
92167,victim3,3,READ,0x300008f8000,4096
92181,victim1,1,READ,0x100008f6000,4096
92189,victim2,2,READ,0x20000900000,4096
92209,victim2,2,READ,0x20000901000,4096
92222,victim1,1,READ,0x100008f7000,4096
92224,victim3,3,WRITE,0x300008f9000,4096
92244,victim1,1,READ,0x100008f8000,4096
92266,victim2,2,READ,0x20000902000,4096
92280,victim3,3,READ,0x300008fa000,4096
92304,victim1,1,READ,0x100008f9000,4096
92326,victim2,2,READ,0x20000903000,4096
92327,victim3,3,READ,0x300008fb000,4096
92332,victim1,1,READ,0x100008fa000,4096
92354,victim1,1,READ,0x100008fb000,4096
92362,victim2,2,READ,0x20000904000,4096
92367,victim3,3,READ,0x300008fc000,4096
92380,victim1,1,READ,0x100008fc000,4096
92411,victim1,1,READ,0x100008fd000,4096
92411,victim3,3,READ,0x300008fd000,4096
92416,victim2,2,READ,0x20000905000,4096
92440,victim2,2,READ,0x20000906000,4096
92443,victim3,3,READ,0x300008fe000,4096
92466,victim1,1,READ,0x100008fe000,4096
92491,victim1,1,READ,0x100008ff000,4096
92493,victim3,3,READ,0x300008ff000,4096
92499,victim2,2,READ,0x20000907000,4096
92537,victim2,2,READ,0x20000908000,4096
92543,victim1,1,READ,0x10000900000,4096
92551,victim3,3,WRITE,0x30000900000,4096
92567,victim1,1,READ,0x10000901000,4096
92578,victim3,3,READ,0x30000901000,4096
92590,victim2,2,READ,0x20000909000,4096
92621,victim1,1,READ,0x10000902000,4096
92628,victim3,3,READ,0x30000902000,4096
92640,victim2,2,WRITE,0x2000090a000,4096
92651,victim1,1,READ,0x10000903000,4096
92673,victim3,3,READ,0x30000903000,4096
92674,victim2,2,READ,0x2000090b000,4096
92700,victim1,1,READ,0x10000904000,4096
92713,victim2,2,READ,0x2000090c000,4096
92723,victim3,3,READ,0x30000904000,4096
92732,victim1,1,READ,0x10000905000,4096
92740,victim2,2,READ,0x2000090d000,4096
92745,victim3,3,READ,0x30000905000,4096
92753,victim1,1,READ,0x10000906000,4096
92786,victim1,1,READ,0x10000907000,4096
92793,victim3,3,READ,0x30000906000,4096
92798,victim2,2,READ,0x2000090e000,4096
92829,victim1,1,READ,0x10000908000,4096
92844,victim2,2,READ,0x2000090f000,4096
92845,victim3,3,READ,0x30000907000,4096
92878,victim2,2,READ,0x20000910000,4096
92880,victim1,1,READ,0x10000909000,4096
92893,victim3,3,READ,0x30000908000,4096
92914,victim2,2,WRITE,0x20000911000,4096
92917,victim1,1,READ,0x1000090a000,4096
92925,victim3,3,READ,0x30000909000,4096
92949,victim3,3,READ,0x3000090a000,4096
92953,victim2,2,READ,0x20000912000,4096
92956,victim1,1,READ,0x1000090b000,4096
92988,victim1,1,WRITE,0x1000090c000,4096
92995,victim2,2,READ,0x20000913000,4096
93001,victim3,3,READ,0x3000090b000,4096
93030,victim1,1,READ,0x1000090d000,4096
93042,victim2,2,READ,0x20000914000,4096
93046,victim3,3,READ,0x3000090c000,4096
93069,victim2,2,READ,0x20000915000,4096
93072,victim1,1,READ,0x1000090e000,4096
93077,victim3,3,READ,0x3000090d000,4096
93097,victim1,1,READ,0x1000090f000,4096
93123,victim3,3,READ,0x3000090e000,4096
93127,victim1,1,READ,0x10000910000,4096
93129,victim2,2,READ,0x20000916000,4096
93156,victim1,1,READ,0x10000911000,4096
93162,victim2,2,READ,0x20000917000,4096
93173,victim3,3,READ,0x3000090f000,4096
93189,victim1,1,READ,0x10000912000,4096
93213,victim3,3,WRITE,0x30000910000,4096
93217,victim2,2,READ,0x20000918000,4096
93242,victim3,3,READ,0x30000911000,4096
93249,victim1,1,READ,0x10000913000,4096
93267,victim2,2,READ,0x20000919000,4096
93285,victim1,1,READ,0x10000914000,4096
93299,victim3,3,READ,0x30000912000,4096
93309,victim1,1,READ,0x10000915000,4096
93312,victim2,2,READ,0x2000091a000,4096
93332,victim2,2,READ,0x2000091b000,4096
93349,victim3,3,READ,0x30000913000,4096
93355,victim1,1,READ,0x10000916000,4096
93372,victim2,2,READ,0x2000091c000,4096
93395,victim3,3,READ,0x30000914000,4096
93415,victim1,1,READ,0x10000917000,4096
93425,victim2,2,READ,0x2000091d000,4096
93435,victim3,3,READ,0x30000915000,4096
93448,victim2,2,READ,0x2000091e000,4096
93452,victim1,1,READ,0x10000918000,4096
93483,victim3,3,READ,0x30000916000,4096
93486,victim1,1,READ,0x10000919000,4096
93506,victim2,2,READ,0x2000091f000,4096
93528,victim3,3,READ,0x30000917000,4096
93533,victim1,1,READ,0x1000091a000,4096
93552,victim2,2,READ,0x20000920000,4096
93560,victim1,1,READ,0x1000091b000,4096
93573,victim3,3,READ,0x30000918000,4096
93599,victim2,2,READ,0x20000921000,4096
93599,victim3,3,READ,0x30000919000,4096
93602,victim1,1,READ,0x1000091c000,4096
93621,victim3,3,READ,0x3000091a000,4096
93630,victim2,2,READ,0x20000922000,4096
93650,victim1,1,READ,0x1000091d000,4096
93651,victim3,3,READ,0x3000091b000,4096
93659,victim2,2,READ,0x20000923000,4096
93671,victim1,1,READ,0x1000091e000,4096
93677,victim3,3,READ,0x3000091c000,4096
93693,victim2,2,READ,0x20000924000,4096
93698,victim3,3,READ,0x3000091d000,4096
93703,victim1,1,READ,0x1000091f000,4096
93718,victim2,2,WRITE,0x20000925000,4096
93722,victim3,3,READ,0x3000091e000,4096
93748,victim1,1,READ,0x10000920000,4096
93769,victim3,3,READ,0x3000091f000,4096
93777,victim2,2,WRITE,0x20000926000,4096
93791,victim1,1,READ,0x10000921000,4096
93791,victim3,3,READ,0x30000920000,4096
93800,victim2,2,READ,0x20000927000,4096
93839,victim3,3,READ,0x30000921000,4096
93850,victim1,1,READ,0x10000922000,4096
93857,victim2,2,READ,0x20000928000,4096
93881,victim1,1,READ,0x10000923000,4096
93892,victim3,3,READ,0x30000922000,4096
93897,victim2,2,WRITE,0x20000929000,4096
93901,victim1,1,WRITE,0x10000924000,4096
93925,victim2,2,WRITE,0x2000092a000,4096
93947,victim3,3,READ,0x30000923000,4096
93954,victim1,1,READ,0x10000925000,4096
93962,victim2,2,READ,0x2000092b000,4096
93969,victim3,3,READ,0x30000924000,4096
94008,victim3,3,READ,0x30000925000,4096
94010,victim1,1,READ,0x10000926000,4096
94021,victim2,2,READ,0x2000092c000,4096
94028,victim3,3,READ,0x30000926000,4096
94048,victim1,1,READ,0x10000927000,4096
94052,victim2,2,READ,0x2000092d000,4096
94067,victim3,3,READ,0x30000927000,4096
94072,victim1,1,READ,0x10000928000,4096
94076,victim2,2,READ,0x2000092e000,4096
94115,victim1,1,READ,0x10000929000,4096
94118,victim3,3,READ,0x30000928000,4096
94134,victim2,2,WRITE,0x2000092f000,4096
94156,victim2,2,READ,0x20000930000,4096
94157,victim3,3,READ,0x30000929000,4096
94158,victim1,1,READ,0x1000092a000,4096
94177,victim2,2,READ,0x20000931000,4096
94201,victim3,3,READ,0x3000092a000,4096
94209,victim1,1,READ,0x1000092b000,4096
94212,victim2,2,READ,0x20000932000,4096
94244,victim3,3,READ,0x3000092b000,4096
94255,victim2,2,WRITE,0x20000933000,4096
94257,victim1,1,READ,0x1000092c000,4096
94279,victim2,2,READ,0x20000934000,4096
94294,victim1,1,WRITE,0x1000092d000,4096
94300,victim3,3,READ,0x3000092c000,4096
94308,victim2,2,READ,0x20000935000,4096
94321,victim1,1,WRITE,0x1000092e000,4096
94331,victim2,2,READ,0x20000936000,4096
94355,victim3,3,READ,0x3000092d000,4096
94365,victim1,1,WRITE,0x1000092f000,4096
94380,victim2,2,READ,0x20000937000,4096
94410,victim2,2,READ,0x20000938000,4096
94410,victim3,3,READ,0x3000092e000,4096
94413,victim1,1,READ,0x10000930000,4096
94433,victim3,3,READ,0x3000092f000,4096
94455,victim3,3,READ,0x30000930000,4096
94459,victim2,2,READ,0x20000939000,4096
94464,victim1,1,READ,0x10000931000,4096
94479,victim2,2,READ,0x2000093a000,4096
94489,victim1,1,READ,0x10000932000,4096
94505,victim2,2,READ,0x2000093b000,4096
94513,victim3,3,READ,0x30000931000,4096
94535,victim1,1,READ,0x10000933000,4096
94557,victim2,2,READ,0x2000093c000,4096
94558,victim3,3,READ,0x30000932000,4096
94582,victim1,1,READ,0x10000934000,4096
94589,victim2,2,READ,0x2000093d000,4096
94612,victim3,3,READ,0x30000933000,4096
94632,victim2,2,READ,0x2000093e000,4096
94640,victim1,1,WRITE,0x10000935000,4096
94641,victim3,3,READ,0x30000934000,4096
94653,victim2,2,READ,0x2000093f000,4096
94664,victim3,3,READ,0x30000935000,4096
94677,victim1,1,READ,0x10000936000,4096
94688,victim2,2,READ,0x20000940000,4096
94709,victim1,1,READ,0x10000937000,4096
94715,victim3,3,READ,0x30000936000,4096
94722,victim2,2,READ,0x20000941000,4096
94732,victim1,1,READ,0x10000938000,4096
94763,victim2,2,READ,0x20000942000,4096
94770,victim1,1,READ,0x10000939000,4096
94772,victim3,3,READ,0x30000937000,4096
94798,victim3,3,READ,0x30000938000,4096
94806,victim2,2,READ,0x20000943000,4096
94818,victim1,1,READ,0x1000093a000,4096
94827,victim2,2,READ,0x20000944000,4096
94846,victim3,3,READ,0x30000939000,4096
94847,victim1,1,READ,0x1000093b000,4096
94858,victim2,2,READ,0x20000945000,4096
94867,victim1,1,READ,0x1000093c000,4096
94882,victim3,3,READ,0x3000093a000,4096
94892,victim2,2,READ,0x20000946000,4096
94900,victim1,1,READ,0x1000093d000,4096
94914,victim2,2,READ,0x20000947000,4096
94925,victim3,3,READ,0x3000093b000,4096
94940,victim2,2,READ,0x20000948000,4096
94956,victim1,1,READ,0x1000093e000,4096
94958,victim3,3,READ,0x3000093c000,4096
94975,victim2,2,READ,0x20000949000,4096
94993,victim1,1,READ,0x1000093f000,4096
95001,victim3,3,READ,0x3000093d000,4096
95011,victim2,2,READ,0x2000094a000,4096
95026,victim3,3,READ,0x3000093e000,4096
95043,victim1,1,READ,0x10000940000,4096
95058,victim2,2,READ,0x2000094b000,4096
95059,victim3,3,READ,0x3000093f000,4096
95079,victim1,1,READ,0x10000941000,4096
95081,victim2,2,READ,0x2000094c000,4096
95096,victim3,3,READ,0x30000940000,4096
95104,victim2,2,READ,0x2000094d000,4096
95116,victim1,1,READ,0x10000942000,4096
95139,victim3,3,READ,0x30000941000,4096
95144,victim2,2,READ,0x2000094e000,4096
95151,victim1,1,READ,0x10000943000,4096
95168,victim3,3,READ,0x30000942000,4096
95188,victim2,2,WRITE,0x2000094f000,4096
95197,victim1,1,READ,0x10000944000,4096
95199,victim3,3,READ,0x30000943000,4096
95235,victim2,2,READ,0x20000950000,4096
95235,victim3,3,READ,0x30000944000,4096
95246,victim1,1,READ,0x10000945000,4096
95283,victim3,3,READ,0x30000945000,4096
95285,victim2,2,WRITE,0x20000951000,4096
95305,victim1,1,READ,0x10000946000,4096
95322,victim2,2,READ,0x20000952000,4096
95326,victim1,1,READ,0x10000947000,4096
95336,victim3,3,WRITE,0x30000946000,4096
95347,victim1,1,READ,0x10000948000,4096
95356,victim2,2,READ,0x20000953000,4096
95376,victim1,1,READ,0x10000949000,4096
95380,victim3,3,READ,0x30000947000,4096
95400,victim2,2,READ,0x20000954000,4096
95409,victim3,3,READ,0x30000948000,4096
95422,victim2,2,READ,0x20000955000,4096
95430,victim1,1,READ,0x1000094a000,4096
95451,victim2,2,READ,0x20000956000,4096
95468,victim3,3,READ,0x30000949000,4096
95478,victim1,1,READ,0x1000094b000,4096
95497,victim3,3,READ,0x3000094a000,4096
95507,victim2,2,READ,0x20000957000,4096
95520,victim1,1,READ,0x1000094c000,4096
95534,victim3,3,READ,0x3000094b000,4096
95550,victim2,2,READ,0x20000958000,4096
95551,victim1,1,READ,0x1000094d000,4096
95573,victim3,3,READ,0x3000094c000,4096
95598,victim2,2,READ,0x20000959000,4096
95605,victim1,1,READ,0x1000094e000,4096
95632,victim3,3,READ,0x3000094d000,4096
95648,victim1,1,READ,0x1000094f000,4096
95658,victim2,2,READ,0x2000095a000,4096
95686,victim3,3,READ,0x3000094e000,4096
95695,victim2,2,READ,0x2000095b000,4096
95708,victim1,1,READ,0x10000950000,4096
95719,victim2,2,READ,0x2000095c000,4096
95735,victim3,3,WRITE,0x3000094f000,4096
95742,victim1,1,READ,0x10000951000,4096
95752,victim2,2,READ,0x2000095d000,4096
95778,victim2,2,READ,0x2000095e000,4096
95782,victim3,3,READ,0x30000950000,4096
95799,victim1,1,READ,0x10000952000,4096
95802,victim3,3,READ,0x30000951000,4096
95822,victim1,1,READ,0x10000953000,4096
95835,victim2,2,READ,0x2000095f000,4096
95836,victim3,3,READ,0x30000952000,4096
95859,victim1,1,READ,0x10000954000,4096
95863,victim2,2,READ,0x20000960000,4096
95879,victim3,3,WRITE,0x30000953000,4096
95883,victim1,1,READ,0x10000955000,4096
95894,victim2,2,READ,0x20000961000,4096
95910,victim3,3,READ,0x30000954000,4096
95931,victim2,2,READ,0x20000962000,4096
95936,victim1,1,WRITE,0x10000956000,4096
95958,victim2,2,READ,0x20000963000,4096
95969,victim3,3,READ,0x30000955000,4096
95985,victim1,1,READ,0x10000957000,4096
96009,victim2,2,READ,0x20000964000,4096
96014,victim1,1,READ,0x10000958000,4096
96028,victim3,3,READ,0x30000956000,4096
96031,victim2,2,READ,0x20000965000,4096
96037,victim1,1,READ,0x10000959000,4096
96066,victim1,1,READ,0x1000095a000,4096
96085,victim3,3,READ,0x30000957000,4096
96090,victim2,2,READ,0x20000966000,4096
96094,victim1,1,READ,0x1000095b000,4096
96114,victim2,2,READ,0x20000967000,4096
96128,victim1,1,READ,0x1000095c000,4096
96131,victim3,3,READ,0x30000958000,4096
96145,victim2,2,READ,0x20000968000,4096
96171,victim2,2,READ,0x20000969000,4096
96177,victim3,3,READ,0x30000959000,4096
96186,victim1,1,READ,0x1000095d000,4096
96208,victim2,2,READ,0x2000096a000,4096
96211,victim3,3,READ,0x3000095a000,4096
96225,victim1,1,READ,0x1000095e000,4096
96262,victim3,3,READ,0x3000095b000,4096
96265,victim2,2,READ,0x2000096b000,4096
96269,victim1,1,READ,0x1000095f000,4096
96294,victim3,3,WRITE,0x3000095c000,4096
96296,victim1,1,READ,0x10000960000,4096
96312,victim2,2,READ,0x2000096c000,4096
96318,victim3,3,READ,0x3000095d000,4096
96341,victim1,1,READ,0x10000961000,4096
96344,victim3,3,READ,0x3000095e000,4096
96365,victim1,1,READ,0x10000962000,4096
96372,victim2,2,READ,0x2000096d000,4096
96399,victim2,2,READ,0x2000096e000,4096
96399,victim3,3,READ,0x3000095f000,4096
96408,victim1,1,READ,0x10000963000,4096
96446,victim3,3,READ,0x30000960000,4096
96456,victim2,2,READ,0x2000096f000,4096
96458,victim1,1,READ,0x10000964000,4096
96489,victim2,2,READ,0x20000970000,4096
96505,victim3,3,READ,0x30000961000,4096
96508,victim1,1,READ,0x10000965000,4096
96539,victim2,2,READ,0x20000971000,4096
96554,victim1,1,READ,0x10000966000,4096
96557,victim3,3,READ,0x30000962000,4096
96573,victim2,2,WRITE,0x20000972000,4096
96579,victim3,3,READ,0x30000963000,4096
96603,victim3,3,READ,0x30000964000,4096
96605,victim1,1,READ,0x10000967000,4096
96605,victim2,2,READ,0x20000973000,4096
96633,victim1,1,WRITE,0x10000968000,4096
96648,victim2,2,READ,0x20000974000,4096
96656,victim3,3,READ,0x30000965000,4096
96658,victim1,1,READ,0x10000969000,4096
96694,victim2,2,READ,0x20000975000,4096
96698,victim3,3,READ,0x30000966000,4096
96702,victim1,1,READ,0x1000096a000,4096
96721,victim3,3,READ,0x30000967000,4096
96725,victim2,2,WRITE,0x20000976000,4096
96740,victim1,1,READ,0x1000096b000,4096
96762,victim2,2,READ,0x20000977000,4096
96770,victim3,3,READ,0x30000968000,4096
96780,victim1,1,READ,0x1000096c000,4096
96808,victim3,3,READ,0x30000969000,4096
96820,victim2,2,READ,0x20000978000,4096
96825,victim1,1,READ,0x1000096d000,4096
96855,victim2,2,READ,0x20000979000,4096
96857,victim3,3,READ,0x3000096a000,4096
96867,victim1,1,READ,0x1000096e000,4096
96893,victim1,1,READ,0x1000096f000,4096
96906,victim2,2,READ,0x2000097a000,4096
96912,victim3,3,READ,0x3000096b000,4096
96937,victim1,1,READ,0x10000970000,4096
96945,victim2,2,READ,0x2000097b000,4096
96957,victim3,3,READ,0x3000096c000,4096
96972,victim1,1,READ,0x10000971000,4096
96991,victim2,2,READ,0x2000097c000,4096
96993,victim3,3,READ,0x3000096d000,4096
97020,victim1,1,READ,0x10000972000,4096
97022,victim2,2,READ,0x2000097d000,4096
97038,victim3,3,READ,0x3000096e000,4096
97047,victim2,2,READ,0x2000097e000,4096
97065,victim1,1,READ,0x10000973000,4096
97077,victim2,2,READ,0x2000097f000,4096
97086,victim3,3,READ,0x3000096f000,4096
97097,victim1,1,READ,0x10000974000,4096
97103,victim2,2,READ,0x20000980000,4096
97117,victim3,3,READ,0x30000970000,4096
97144,victim2,2,READ,0x20000981000,4096
97153,victim1,1,READ,0x10000975000,4096
97168,victim3,3,READ,0x30000971000,4096
97172,victim2,2,READ,0x20000982000,4096
97207,victim1,1,READ,0x10000976000,4096
97209,victim2,2,READ,0x20000983000,4096
97225,victim3,3,READ,0x30000972000,4096
97243,victim2,2,WRITE,0x20000984000,4096
97251,victim3,3,READ,0x30000973000,4096
97253,victim1,1,READ,0x10000977000,4096
97279,victim2,2,READ,0x20000985000,4096
97296,victim3,3,READ,0x30000974000,4096
97302,victim1,1,READ,0x10000978000,4096
97314,victim2,2,READ,0x20000986000,4096
97335,victim2,2,READ,0x20000987000,4096
97338,victim1,1,WRITE,0x10000979000,4096
97342,victim3,3,READ,0x30000975000,4096
97367,victim2,2,READ,0x20000988000,4096
97394,victim3,3,READ,0x30000976000,4096
97395,victim1,1,READ,0x1000097a000,4096
97413,victim2,2,READ,0x20000989000,4096
97448,victim3,3,READ,0x30000977000,4096
97453,victim1,1,READ,0x1000097b000,4096
97467,victim2,2,READ,0x2000098a000,4096
97473,victim3,3,READ,0x30000978000,4096
97494,victim2,2,READ,0x2000098b000,4096
97501,victim1,1,READ,0x1000097c000,4096
97523,victim2,2,READ,0x2000098c000,4096
97531,victim1,1,READ,0x1000097d000,4096
97533,victim3,3,READ,0x30000979000,4096
97554,victim3,3,READ,0x3000097a000,4096
97581,victim2,2,READ,0x2000098d000,4096
97588,victim1,1,READ,0x1000097e000,4096
97603,victim2,2,READ,0x2000098e000,4096
97614,victim3,3,READ,0x3000097b000,4096
97615,victim1,1,READ,0x1000097f000,4096
97646,victim3,3,READ,0x3000097c000,4096
97663,victim2,2,READ,0x2000098f000,4096
97674,victim1,1,READ,0x10000980000,4096
97702,victim3,3,READ,0x3000097d000,4096
97707,victim2,2,READ,0x20000990000,4096
97723,victim3,3,READ,0x3000097e000,4096
97730,victim1,1,READ,0x10000981000,4096
97732,victim2,2,READ,0x20000991000,4096
97752,victim2,2,READ,0x20000992000,4096
97754,victim3,3,READ,0x3000097f000,4096
97781,victim1,1,READ,0x10000982000,4096
97801,victim2,2,READ,0x20000993000,4096
97805,victim3,3,READ,0x30000980000,4096
97814,victim1,1,READ,0x10000983000,4096
97832,victim2,2,READ,0x20000994000,4096
97855,victim3,3,READ,0x30000981000,4096
97860,victim2,2,READ,0x20000995000,4096
97866,victim1,1,READ,0x10000984000,4096
97876,victim3,3,READ,0x30000982000,4096
97898,victim3,3,READ,0x30000983000,4096
97903,victim1,1,READ,0x10000985000,4096
97917,victim2,2,READ,0x20000996000,4096
97934,victim1,1,READ,0x10000986000,4096
97942,victim3,3,READ,0x30000984000,4096
97961,victim2,2,READ,0x20000997000,4096
97977,victim1,1,READ,0x10000987000,4096
97977,victim3,3,READ,0x30000985000,4096
98007,victim1,1,READ,0x10000988000,4096
98017,victim2,2,READ,0x20000998000,4096
98024,victim3,3,READ,0x30000986000,4096
98045,victim3,3,READ,0x30000987000,4096
98061,victim1,1,READ,0x10000989000,4096
98068,victim2,2,READ,0x20000999000,4096
98084,victim3,3,READ,0x30000988000,4096
98105,victim1,1,READ,0x1000098a000,4096
98126,victim2,2,READ,0x2000099a000,4096
98140,victim3,3,READ,0x30000989000,4096
98154,victim1,1,READ,0x1000098b000,4096
98160,victim2,2,READ,0x2000099b000,4096
98182,victim1,1,READ,0x1000098c000,4096
98191,victim2,2,READ,0x2000099c000,4096
98195,victim3,3,READ,0x3000098a000,4096
98218,victim2,2,READ,0x2000099d000,4096
98218,victim3,3,READ,0x3000098b000,4096
98235,victim1,1,READ,0x1000098d000,4096
98251,victim3,3,READ,0x3000098c000,4096
98264,victim2,2,READ,0x2000099e000,4096
98276,victim3,3,READ,0x3000098d000,4096
98285,victim1,1,READ,0x1000098e000,4096
98297,victim2,2,READ,0x2000099f000,4096
98322,victim2,2,READ,0x200009a0000,4096
98324,victim1,1,READ,0x1000098f000,4096
98329,victim3,3,READ,0x3000098e000,4096
98359,victim3,3,READ,0x3000098f000,4096
98360,victim2,2,READ,0x200009a1000,4096
98362,victim1,1,READ,0x10000990000,4096
98385,victim2,2,READ,0x200009a2000,4096
98385,victim3,3,READ,0x30000990000,4096
98397,victim1,1,READ,0x10000991000,4096
98412,victim3,3,WRITE,0x30000991000,4096
98441,victim2,2,READ,0x200009a3000,4096
98444,victim1,1,WRITE,0x10000992000,4096
98446,victim3,3,READ,0x30000992000,4096
98465,victim2,2,READ,0x200009a4000,4096
98488,victim3,3,READ,0x30000993000,4096
98496,victim1,1,READ,0x10000993000,4096
98511,victim2,2,READ,0x200009a5000,4096
98548,victim1,1,READ,0x10000994000,4096
98548,victim3,3,WRITE,0x30000994000,4096
98561,victim2,2,READ,0x200009a6000,4096
98571,victim1,1,READ,0x10000995000,4096
98576,victim3,3,READ,0x30000995000,4096
98600,victim2,2,READ,0x200009a7000,4096
98619,victim1,1,READ,0x10000996000,4096
98634,victim3,3,READ,0x30000996000,4096
98641,victim1,1,READ,0x10000997000,4096
98655,victim2,2,READ,0x200009a8000,4096
98690,victim1,1,READ,0x10000998000,4096
98694,victim3,3,READ,0x30000997000,4096
98713,victim2,2,READ,0x200009a9000,4096
98734,victim1,1,READ,0x10000999000,4096
98738,victim2,2,READ,0x200009aa000,4096
98742,victim3,3,READ,0x30000998000,4096
98776,victim2,2,READ,0x200009ab000,4096
98783,victim3,3,READ,0x30000999000,4096
98789,victim1,1,READ,0x1000099a000,4096
98807,victim2,2,READ,0x200009ac000,4096
98821,victim1,1,READ,0x1000099b000,4096
98828,victim2,2,READ,0x200009ad000,4096
98836,victim3,3,READ,0x3000099a000,4096
98865,victim1,1,READ,0x1000099c000,4096
98867,victim3,3,READ,0x3000099b000,4096
98870,victim2,2,READ,0x200009ae000,4096
98897,victim2,2,READ,0x200009af000,4096
98903,victim1,1,READ,0x1000099d000,4096
98917,victim3,3,READ,0x3000099c000,4096
98925,victim2,2,WRITE,0x200009b0000,4096
98940,victim1,1,READ,0x1000099e000,4096
98971,victim2,2,READ,0x200009b1000,4096
98974,victim3,3,READ,0x3000099d000,4096
98994,victim1,1,READ,0x1000099f000,4096
99000,victim2,2,READ,0x200009b2000,4096
99017,victim3,3,READ,0x3000099e000,4096
99024,victim1,1,READ,0x100009a0000,4096
99026,victim2,2,READ,0x200009b3000,4096
99058,victim1,1,READ,0x100009a1000,4096
99071,victim3,3,READ,0x3000099f000,4096
99083,victim2,2,READ,0x200009b4000,4096
99118,victim1,1,READ,0x100009a2000,4096
99122,victim3,3,READ,0x300009a0000,4096
99132,victim2,2,READ,0x200009b5000,4096
99138,victim1,1,READ,0x100009a3000,4096
99148,victim3,3,READ,0x300009a1000,4096
99158,victim1,1,READ,0x100009a4000,4096
99168,victim3,3,READ,0x300009a2000,4096
99174,victim2,2,READ,0x200009b6000,4096
99194,victim2,2,READ,0x200009b7000,4096
99199,victim1,1,WRITE,0x100009a5000,4096
99210,victim3,3,READ,0x300009a3000,4096
99218,victim2,2,READ,0x200009b8000,4096
99229,victim1,1,READ,0x100009a6000,4096
99250,victim3,3,READ,0x300009a4000,4096
99265,victim1,1,WRITE,0x100009a7000,4096
99273,victim2,2,READ,0x200009b9000,4096
99307,victim3,3,READ,0x300009a5000,4096
99311,victim1,1,WRITE,0x100009a8000,4096
99321,victim2,2,READ,0x200009ba000,4096
99343,victim1,1,READ,0x100009a9000,4096
99347,victim3,3,READ,0x300009a6000,4096
99362,victim2,2,WRITE,0x200009bb000,4096
99364,victim1,1,READ,0x100009aa000,4096
99370,victim3,3,READ,0x300009a7000,4096
99403,victim3,3,READ,0x300009a8000,4096
99406,victim1,1,READ,0x100009ab000,4096
99422,victim2,2,READ,0x200009bc000,4096
99430,victim3,3,READ,0x300009a9000,4096
99444,victim1,1,READ,0x100009ac000,4096
99456,victim2,2,READ,0x200009bd000,4096
99467,victim3,3,READ,0x300009aa000,4096
99486,victim1,1,READ,0x100009ad000,4096
99495,victim3,3,READ,0x300009ab000,4096
99508,victim1,1,READ,0x100009ae000,4096
99510,victim2,2,READ,0x200009be000,4096
99537,victim3,3,READ,0x300009ac000,4096
99540,victim2,2,WRITE,0x200009bf000,4096
99568,victim1,1,READ,0x100009af000,4096
99575,victim3,3,WRITE,0x300009ad000,4096
99591,victim2,2,READ,0x200009c0000,4096
99595,victim3,3,READ,0x300009ae000,4096
99600,victim1,1,READ,0x100009b0000,4096
99614,victim2,2,READ,0x200009c1000,4096
99633,victim3,3,WRITE,0x300009af000,4096
99659,victim2,2,READ,0x200009c2000,4096
99660,victim1,1,WRITE,0x100009b1000,4096
99684,victim1,1,READ,0x100009b2000,4096
99690,victim3,3,WRITE,0x300009b0000,4096
99712,victim1,1,READ,0x100009b3000,4096
99714,victim2,2,WRITE,0x200009c3000,4096
99725,victim3,3,READ,0x300009b1000,4096
99768,victim1,1,READ,0x100009b4000,4096
99773,victim2,2,READ,0x200009c4000,4096
99773,victim3,3,READ,0x300009b2000,4096
99802,victim2,2,READ,0x200009c5000,4096
99814,victim3,3,READ,0x300009b3000,4096
99820,victim1,1,READ,0x100009b5000,4096
99850,victim2,2,READ,0x200009c6000,4096
99851,victim1,1,READ,0x100009b6000,4096
99857,victim3,3,READ,0x300009b4000,4096
99876,victim1,1,READ,0x100009b7000,4096
99887,victim3,3,READ,0x300009b5000,4096
99892,victim2,2,READ,0x200009c7000,4096
99896,victim1,1,READ,0x100009b8000,4096
99926,victim2,2,READ,0x200009c8000,4096
99935,victim3,3,READ,0x300009b6000,4096
99938,victim1,1,READ,0x100009b9000,4096
99956,victim2,2,READ,0x200009c9000,4096
99963,victim1,1,READ,0x100009ba000,4096
99979,victim3,3,WRITE,0x300009b7000,4096
99992,victim1,1,READ,0x100009bb000,4096
100011,victim2,2,READ,0x200009ca000,4096
100022,victim1,1,READ,0x100009bc000,4096
100029,victim3,3,READ,0x300009b8000,4096
100049,victim2,2,WRITE,0x200009cb000,4096
100074,victim1,1,READ,0x100009bd000,4096
100081,victim3,3,READ,0x300009b9000,4096
100103,victim2,2,READ,0x200009cc000,4096
100121,victim3,3,READ,0x300009ba000,4096
100129,victim1,1,READ,0x100009be000,4096
100131,victim2,2,READ,0x200009cd000,4096
100151,victim1,1,READ,0x100009bf000,4096
100158,victim3,3,WRITE,0x300009bb000,4096
100184,victim2,2,READ,0x200009ce000,4096
100192,victim3,3,READ,0x300009bc000,4096
100208,victim2,2,READ,0x200009cf000,4096
100209,victim1,1,READ,0x100009c0000,4096
100225,victim3,3,READ,0x300009bd000,4096
100237,victim2,2,READ,0x200009d0000,4096
100267,victim1,1,WRITE,0x100009c1000,4096
100279,victim3,3,READ,0x300009be000,4096
100289,victim2,2,WRITE,0x200009d1000,4096
100311,victim3,3,WRITE,0x300009bf000,4096
100312,victim1,1,READ,0x100009c2000,4096
100346,victim2,2,READ,0x200009d2000,4096
100370,victim1,1,READ,0x100009c3000,4096
100370,victim3,3,READ,0x300009c0000,4096
100372,victim2,2,READ,0x200009d3000,4096
100393,victim1,1,READ,0x100009c4000,4096
100415,victim1,1,READ,0x100009c5000,4096
100417,victim2,2,READ,0x200009d4000,4096
100427,victim3,3,READ,0x300009c1000,4096
100446,victim2,2,READ,0x200009d5000,4096
100461,victim3,3,READ,0x300009c2000,4096
100472,victim1,1,READ,0x100009c6000,4096
100476,victim2,2,READ,0x200009d6000,4096
100497,victim1,1,READ,0x100009c7000,4096
100497,victim3,3,READ,0x300009c3000,4096
100524,victim1,1,READ,0x100009c8000,4096
100531,victim2,2,READ,0x200009d7000,4096
100541,victim3,3,READ,0x300009c4000,4096
100544,victim1,1,READ,0x100009c9000,4096
100573,victim2,2,READ,0x200009d8000,4096
100584,victim3,3,WRITE,0x300009c5000,4096
100595,victim1,1,WRITE,0x100009ca000,4096
100624,victim1,1,READ,0x100009cb000,4096
100628,victim3,3,READ,0x300009c6000,4096
100630,victim2,2,READ,0x200009d9000,4096
100651,victim3,3,READ,0x300009c7000,4096
100658,victim1,1,READ,0x100009cc000,4096
100666,victim2,2,READ,0x200009da000,4096
100687,victim2,2,READ,0x200009db000,4096
100699,victim1,1,READ,0x100009cd000,4096
100702,victim3,3,READ,0x300009c8000,4096
100716,victim2,2,READ,0x200009dc000,4096
100742,victim3,3,READ,0x300009c9000,4096
100750,victim1,1,READ,0x100009ce000,4096
100759,victim2,2,READ,0x200009dd000,4096
100768,victim3,3,READ,0x300009ca000,4096
100796,victim2,2,READ,0x200009de000,4096
100798,victim3,3,READ,0x300009cb000,4096
100802,victim1,1,READ,0x100009cf000,4096
100825,victim2,2,WRITE,0x200009df000,4096
100846,victim1,1,READ,0x100009d0000,4096
100854,victim3,3,READ,0x300009cc000,4096
100868,victim1,1,READ,0x100009d1000,4096
100876,victim2,2,READ,0x200009e0000,4096
100880,victim3,3,WRITE,0x300009cd000,4096
100902,victim2,2,WRITE,0x200009e1000,4096
100912,victim1,1,WRITE,0x100009d2000,4096
100917,victim3,3,READ,0x300009ce000,4096
100936,victim2,2,READ,0x200009e2000,4096
100949,victim1,1,READ,0x100009d3000,4096
100955,victim3,3,READ,0x300009cf000,4096
100969,victim1,1,READ,0x100009d4000,4096
100986,victim3,3,READ,0x300009d0000,4096
100989,victim2,2,READ,0x200009e3000,4096
101006,victim3,3,READ,0x300009d1000,4096
101007,victim1,1,READ,0x100009d5000,4096
101014,victim2,2,READ,0x200009e4000,4096
101058,victim1,1,READ,0x100009d6000,4096
101066,victim3,3,READ,0x300009d2000,4096
101069,victim2,2,READ,0x200009e5000,4096
101108,victim1,1,READ,0x100009d7000,4096
101112,victim3,3,WRITE,0x300009d3000,4096
101125,victim2,2,READ,0x200009e6000,4096
101145,victim1,1,READ,0x100009d8000,4096
101149,victim2,2,READ,0x200009e7000,4096
101170,victim3,3,READ,0x300009d4000,4096
101172,victim1,1,READ,0x100009d9000,4096
101195,victim2,2,READ,0x200009e8000,4096
101197,victim3,3,READ,0x300009d5000,4096
101216,victim1,1,READ,0x100009da000,4096
101219,victim3,3,READ,0x300009d6000,4096
101239,victim2,2,WRITE,0x200009e9000,4096
101246,victim1,1,READ,0x100009db000,4096
101270,victim3,3,READ,0x300009d7000,4096
101292,victim3,3,READ,0x300009d8000,4096
101298,victim1,1,READ,0x100009dc000,4096
101298,victim2,2,WRITE,0x200009ea000,4096
101323,victim3,3,READ,0x300009d9000,4096
101337,victim1,1,READ,0x100009dd000,4096
101346,victim3,3,READ,0x300009da000,4096
101356,victim2,2,WRITE,0x200009eb000,4096
101365,victim1,1,READ,0x100009de000,4096
101377,victim2,2,READ,0x200009ec000,4096
101387,victim1,1,READ,0x100009df000,4096
101395,victim3,3,READ,0x300009db000,4096
101422,victim1,1,READ,0x100009e0000,4096
101435,victim2,2,READ,0x200009ed000,4096
101444,victim3,3,READ,0x300009dc000,4096
101459,victim2,2,READ,0x200009ee000,4096
101473,victim1,1,READ,0x100009e1000,4096
101473,victim3,3,READ,0x300009dd000,4096
101482,victim2,2,READ,0x200009ef000,4096
101501,victim3,3,READ,0x300009de000,4096
101520,victim1,1,READ,0x100009e2000,4096
101521,victim2,2,READ,0x200009f0000,4096
101538,victim3,3,READ,0x300009df000,4096
101543,victim2,2,WRITE,0x200009f1000,4096
101563,victim3,3,READ,0x300009e0000,4096
101574,victim1,1,READ,0x100009e3000,4096
101592,victim3,3,READ,0x300009e1000,4096
101602,victim1,1,READ,0x100009e4000,4096
101602,victim2,2,READ,0x200009f2000,4096
101626,victim1,1,READ,0x100009e5000,4096
101627,victim3,3,READ,0x300009e2000,4096
101632,victim2,2,WRITE,0x200009f3000,4096
101663,victim3,3,READ,0x300009e3000,4096
101670,victim1,1,READ,0x100009e6000,4096
101680,victim2,2,READ,0x200009f4000,4096
101696,victim3,3,WRITE,0x300009e4000,4096
101699,victim1,1,READ,0x100009e7000,4096
101723,victim3,3,READ,0x300009e5000,4096
101725,victim2,2,WRITE,0x200009f5000,4096
101756,victim1,1,READ,0x100009e8000,4096
101760,victim2,2,READ,0x200009f6000,4096
101760,victim3,3,READ,0x300009e6000,4096
101798,victim2,2,READ,0x200009f7000,4096
101808,victim1,1,READ,0x100009e9000,4096
101810,victim3,3,READ,0x300009e7000,4096
101851,victim1,1,READ,0x100009ea000,4096
101855,victim3,3,READ,0x300009e8000,4096
101858,victim2,2,READ,0x200009f8000,4096
101877,victim1,1,READ,0x100009eb000,4096
101880,victim2,2,READ,0x200009f9000,4096
101902,victim3,3,READ,0x300009e9000,4096
101915,victim1,1,READ,0x100009ec000,4096
101917,victim2,2,READ,0x200009fa000,4096
101948,victim3,3,READ,0x300009ea000,4096
101951,victim2,2,READ,0x200009fb000,4096
101961,victim1,1,WRITE,0x100009ed000,4096
101989,victim3,3,READ,0x300009eb000,4096
102004,victim1,1,READ,0x100009ee000,4096
102007,victim2,2,READ,0x200009fc000,4096
102026,victim1,1,READ,0x100009ef000,4096
102033,victim2,2,READ,0x200009fd000,4096
102035,victim3,3,READ,0x300009ec000,4096
102057,victim1,1,READ,0x100009f0000,4096
102070,victim2,2,READ,0x200009fe000,4096
102076,victim3,3,READ,0x300009ed000,4096
102101,victim1,1,READ,0x100009f1000,4096
102102,victim2,2,READ,0x200009ff000,4096
102104,victim3,3,READ,0x300009ee000,4096
102134,victim1,1,READ,0x100009f2000,4096
102142,victim2,2,READ,0x20000a00000,4096
102158,victim3,3,READ,0x300009ef000,4096
102181,victim2,2,READ,0x20000a01000,4096
102182,victim1,1,READ,0x100009f3000,4096
102185,victim3,3,READ,0x300009f0000,4096
102211,victim3,3,WRITE,0x300009f1000,4096
102228,victim2,2,READ,0x20000a02000,4096
102241,victim3,3,READ,0x300009f2000,4096
102242,victim1,1,READ,0x100009f4000,4096
102251,victim2,2,READ,0x20000a03000,4096
102270,victim3,3,READ,0x300009f3000,4096
102281,victim1,1,READ,0x100009f5000,4096
102306,victim2,2,WRITE,0x20000a04000,4096
102313,victim3,3,READ,0x300009f4000,4096
102317,victim1,1,READ,0x100009f6000,4096
102341,victim1,1,READ,0x100009f7000,4096
102346,victim2,2,READ,0x20000a05000,4096
102361,victim3,3,READ,0x300009f5000,4096
102381,victim2,2,READ,0x20000a06000,4096
102386,victim3,3,READ,0x300009f6000,4096
102389,victim1,1,READ,0x100009f8000,4096
102413,victim2,2,WRITE,0x20000a07000,4096
102425,victim1,1,READ,0x100009f9000,4096
102437,victim2,2,READ,0x20000a08000,4096
102444,victim3,3,READ,0x300009f7000,4096
102477,victim2,2,READ,0x20000a09000,4096
102482,victim1,1,READ,0x100009fa000,4096
102498,victim3,3,READ,0x300009f8000,4096
102511,victim1,1,READ,0x100009fb000,4096
102533,victim2,2,READ,0x20000a0a000,4096
102537,victim1,1,READ,0x100009fc000,4096
102555,victim3,3,READ,0x300009f9000,4096
102587,victim2,2,READ,0x20000a0b000,4096
102588,victim3,3,READ,0x300009fa000,4096
102592,victim1,1,READ,0x100009fd000,4096
102607,victim2,2,READ,0x20000a0c000,4096
102630,victim3,3,READ,0x300009fb000,4096
102633,victim1,1,READ,0x100009fe000,4096
102657,victim2,2,READ,0x20000a0d000,4096
102675,victim3,3,READ,0x300009fc000,4096
102685,victim1,1,READ,0x100009ff000,4096
102711,victim2,2,READ,0x20000a0e000,4096
102719,victim1,1,READ,0x10000a00000,4096
102720,victim3,3,READ,0x300009fd000,4096
102746,victim1,1,READ,0x10000a01000,4096
102746,victim2,2,READ,0x20000a0f000,4096
102751,victim3,3,READ,0x300009fe000,4096
102793,victim3,3,READ,0x300009ff000,4096
102798,victim2,2,READ,0x20000a10000,4096
102799,victim1,1,READ,0x10000a02000,4096
102825,victim3,3,READ,0x30000a00000,4096
102837,victim2,2,READ,0x20000a11000,4096
102848,victim1,1,READ,0x10000a03000,4096
102870,victim3,3,READ,0x30000a01000,4096
102884,victim1,1,READ,0x10000a04000,4096
102887,victim2,2,READ,0x20000a12000,4096
102910,victim1,1,READ,0x10000a05000,4096
102920,victim3,3,WRITE,0x30000a02000,4096
102936,victim2,2,READ,0x20000a13000,4096
102942,victim1,1,WRITE,0x10000a06000,4096
102962,victim2,2,READ,0x20000a14000,4096
102971,victim3,3,READ,0x30000a03000,4096
103000,victim1,1,READ,0x10000a07000,4096
103004,victim2,2,READ,0x20000a15000,4096
103010,victim3,3,READ,0x30000a04000,4096
103030,victim1,1,READ,0x10000a08000,4096
103037,victim2,2,READ,0x20000a16000,4096
103054,victim1,1,READ,0x10000a09000,4096
103068,victim3,3,READ,0x30000a05000,4096
103091,victim2,2,READ,0x20000a17000,4096
103102,victim3,3,READ,0x30000a06000,4096
103106,victim1,1,READ,0x10000a0a000,4096
103115,victim2,2,READ,0x20000a18000,4096
103126,victim3,3,READ,0x30000a07000,4096
103145,victim1,1,READ,0x10000a0b000,4096
103161,victim2,2,READ,0x20000a19000,4096
103163,victim3,3,READ,0x30000a08000,4096
103171,victim1,1,READ,0x10000a0c000,4096
103203,victim2,2,READ,0x20000a1a000,4096
103221,victim3,3,READ,0x30000a09000,4096
103228,victim1,1,READ,0x10000a0d000,4096
103252,victim2,2,READ,0x20000a1b000,4096
103279,victim3,3,READ,0x30000a0a000,4096
103281,victim1,1,READ,0x10000a0e000,4096
103298,victim2,2,READ,0x20000a1c000,4096
103318,victim3,3,READ,0x30000a0b000,4096
103338,victim1,1,READ,0x10000a0f000,4096
103341,victim2,2,READ,0x20000a1d000,4096
103350,victim3,3,READ,0x30000a0c000,4096
103375,victim3,3,WRITE,0x30000a0d000,4096
103390,victim2,2,READ,0x20000a1e000,4096
103391,victim1,1,READ,0x10000a10000,4096
103396,victim3,3,READ,0x30000a0e000,4096
103414,victim2,2,READ,0x20000a1f000,4096
103428,victim3,3,READ,0x30000a0f000,4096
103445,victim2,2,READ,0x20000a20000,4096
103448,victim1,1,READ,0x10000a11000,4096
103449,victim3,3,READ,0x30000a10000,4096
103479,victim2,2,READ,0x20000a21000,4096
103490,victim3,3,READ,0x30000a11000,4096
103504,victim1,1,READ,0x10000a12000,4096
103517,victim3,3,READ,0x30000a12000,4096
103531,victim2,2,READ,0x20000a22000,4096
103541,victim1,1,READ,0x10000a13000,4096
103552,victim3,3,READ,0x30000a13000,4096
103561,victim2,2,READ,0x20000a23000,4096
103574,victim1,1,READ,0x10000a14000,4096
103612,victim3,3,READ,0x30000a14000,4096
103617,victim2,2,READ,0x20000a24000,4096
103623,victim1,1,READ,0x10000a15000,4096
103653,victim3,3,READ,0x30000a15000,4096
103661,victim2,2,READ,0x20000a25000,4096
103663,victim1,1,WRITE,0x10000a16000,4096
103685,victim3,3,READ,0x30000a16000,4096
103713,victim1,1,READ,0x10000a17000,4096
103715,victim3,3,READ,0x30000a17000,4096
103719,victim2,2,READ,0x20000a26000,4096
103747,victim1,1,READ,0x10000a18000,4096
103771,victim3,3,READ,0x30000a18000,4096
103776,victim2,2,READ,0x20000a27000,4096
103786,victim1,1,READ,0x10000a19000,4096
103817,victim3,3,READ,0x30000a19000,4096
103823,victim1,1,READ,0x10000a1a000,4096
103836,victim2,2,READ,0x20000a28000,4096
103871,victim3,3,READ,0x30000a1a000,4096
103872,victim2,2,READ,0x20000a29000,4096
103883,victim1,1,READ,0x10000a1b000,4096
103898,victim3,3,READ,0x30000a1b000,4096
103922,victim3,3,READ,0x30000a1c000,4096
103925,victim2,2,READ,0x20000a2a000,4096
103943,victim1,1,READ,0x10000a1c000,4096
103969,victim3,3,READ,0x30000a1d000,4096
103977,victim2,2,READ,0x20000a2b000,4096
103986,victim1,1,READ,0x10000a1d000,4096
104010,victim3,3,READ,0x30000a1e000,4096
104012,victim1,1,WRITE,0x10000a1e000,4096
104024,victim2,2,READ,0x20000a2c000,4096
104046,victim3,3,READ,0x30000a1f000,4096
104049,victim1,1,WRITE,0x10000a1f000,4096
104053,victim2,2,READ,0x20000a2d000,4096
104089,victim3,3,READ,0x30000a20000,4096
104094,victim1,1,READ,0x10000a20000,4096
104100,victim2,2,READ,0x20000a2e000,4096
104120,victim3,3,READ,0x30000a21000,4096
104130,victim1,1,READ,0x10000a21000,4096
104130,victim2,2,READ,0x20000a2f000,4096
104159,victim1,1,READ,0x10000a22000,4096
104177,victim3,3,READ,0x30000a22000,4096
104186,victim2,2,READ,0x20000a30000,4096
104215,victim3,3,READ,0x30000a23000,4096
104216,victim1,1,READ,0x10000a23000,4096
104227,victim2,2,WRITE,0x20000a31000,4096
104251,victim2,2,WRITE,0x20000a32000,4096
104263,victim3,3,READ,0x30000a24000,4096
104268,victim1,1,READ,0x10000a24000,4096
104283,victim2,2,READ,0x20000a33000,4096
104297,victim1,1,WRITE,0x10000a25000,4096
104315,victim3,3,READ,0x30000a25000,4096
104326,victim1,1,READ,0x10000a26000,4096
104340,victim2,2,READ,0x20000a34000,4096
104350,victim3,3,READ,0x30000a26000,4096
104365,victim1,1,READ,0x10000a27000,4096
104387,victim2,2,READ,0x20000a35000,4096
104388,victim3,3,WRITE,0x30000a27000,4096
104395,victim1,1,READ,0x10000a28000,4096
104417,victim3,3,READ,0x30000a28000,4096
104434,victim1,1,READ,0x10000a29000,4096
104439,victim3,3,READ,0x30000a29000,4096
104440,victim2,2,READ,0x20000a36000,4096
104464,victim3,3,READ,0x30000a2a000,4096
104486,victim2,2,READ,0x20000a37000,4096
104491,victim3,3,WRITE,0x30000a2b000,4096
104493,victim1,1,WRITE,0x10000a2a000,4096
104520,victim3,3,READ,0x30000a2c000,4096
104525,victim1,1,READ,0x10000a2b000,4096
104532,victim2,2,READ,0x20000a38000,4096
104542,victim3,3,READ,0x30000a2d000,4096
104552,victim2,2,READ,0x20000a39000,4096
104576,victim3,3,READ,0x30000a2e000,4096
104580,victim1,1,WRITE,0x10000a2c000,4096
104598,victim3,3,READ,0x30000a2f000,4096
104603,victim2,2,READ,0x20000a3a000,4096
104608,victim1,1,READ,0x10000a2d000,4096
104622,victim3,3,READ,0x30000a30000,4096
104642,victim2,2,READ,0x20000a3b000,4096
104668,victim1,1,READ,0x10000a2e000,4096
104668,victim2,2,READ,0x20000a3c000,4096
104680,victim3,3,READ,0x30000a31000,4096
104706,victim2,2,READ,0x20000a3d000,4096
104722,victim1,1,READ,0x10000a2f000,4096
104725,victim3,3,READ,0x30000a32000,4096
104747,victim1,1,READ,0x10000a30000,4096
104751,victim2,2,READ,0x20000a3e000,4096
104785,victim3,3,READ,0x30000a33000,4096
104792,victim2,2,READ,0x20000a3f000,4096
104802,victim1,1,READ,0x10000a31000,4096
104828,victim2,2,WRITE,0x20000a40000,4096
104839,victim3,3,READ,0x30000a34000,4096
104852,victim1,1,READ,0x10000a32000,4096
104873,victim2,2,READ,0x20000a41000,4096
104881,victim3,3,READ,0x30000a35000,4096
104900,victim1,1,WRITE,0x10000a33000,4096
104903,victim3,3,READ,0x30000a36000,4096
104917,victim2,2,READ,0x20000a42000,4096
104923,victim1,1,READ,0x10000a34000,4096
104943,victim3,3,READ,0x30000a37000,4096
104946,victim2,2,READ,0x20000a43000,4096
104977,victim1,1,READ,0x10000a35000,4096
104990,victim2,2,READ,0x20000a44000,4096
105002,victim3,3,READ,0x30000a38000,4096
105020,victim1,1,READ,0x10000a36000,4096
105037,victim3,3,READ,0x30000a39000,4096
105042,victim2,2,READ,0x20000a45000,4096
105061,victim3,3,READ,0x30000a3a000,4096
105062,victim1,1,WRITE,0x10000a37000,4096
105062,victim2,2,READ,0x20000a46000,4096
105086,victim1,1,WRITE,0x10000a38000,4096
105102,victim3,3,READ,0x30000a3b000,4096
105107,victim2,2,READ,0x20000a47000,4096
105119,victim1,1,READ,0x10000a39000,4096
105140,victim3,3,WRITE,0x30000a3c000,4096
105147,victim2,2,READ,0x20000a48000,4096
105151,victim1,1,READ,0x10000a3a000,4096
105180,victim2,2,READ,0x20000a49000,4096
105181,victim1,1,READ,0x10000a3b000,4096
105182,victim3,3,WRITE,0x30000a3d000,4096
105207,victim3,3,READ,0x30000a3e000,4096
105213,victim1,1,READ,0x10000a3c000,4096
105229,victim2,2,WRITE,0x20000a4a000,4096
105251,victim3,3,READ,0x30000a3f000,4096
105260,victim1,1,READ,0x10000a3d000,4096
105265,victim2,2,READ,0x20000a4b000,4096
105300,victim1,1,READ,0x10000a3e000,4096
105300,victim3,3,READ,0x30000a40000,4096
105325,victim2,2,READ,0x20000a4c000,4096
105337,victim3,3,READ,0x30000a41000,4096
105346,victim1,1,READ,0x10000a3f000,4096
105352,victim2,2,WRITE,0x20000a4d000,4096
105365,victim3,3,READ,0x30000a42000,4096
105395,victim1,1,READ,0x10000a40000,4096
105403,victim3,3,READ,0x30000a43000,4096
105405,victim2,2,READ,0x20000a4e000,4096
105430,victim2,2,READ,0x20000a4f000,4096
105438,victim3,3,WRITE,0x30000a44000,4096
105454,victim1,1,WRITE,0x10000a41000,4096
105484,victim1,1,READ,0x10000a42000,4096
105484,victim2,2,READ,0x20000a50000,4096
105491,victim3,3,READ,0x30000a45000,4096
105506,victim1,1,READ,0x10000a43000,4096
105540,victim2,2,READ,0x20000a51000,4096
105549,victim3,3,READ,0x30000a46000,4096
105562,victim2,2,WRITE,0x20000a52000,4096
105566,victim1,1,READ,0x10000a44000,4096
105586,victim2,2,READ,0x20000a53000,4096
105591,victim3,3,READ,0x30000a47000,4096
105592,victim1,1,READ,0x10000a45000,4096
105612,victim3,3,READ,0x30000a48000,4096
105621,victim2,2,READ,0x20000a54000,4096
105630,victim1,1,READ,0x10000a46000,4096
105632,victim3,3,READ,0x30000a49000,4096
105664,victim1,1,READ,0x10000a47000,4096
105665,victim3,3,READ,0x30000a4a000,4096
105672,victim2,2,READ,0x20000a55000,4096
105707,victim1,1,READ,0x10000a48000,4096
105714,victim3,3,READ,0x30000a4b000,4096
105715,victim2,2,READ,0x20000a56000,4096
105735,victim2,2,READ,0x20000a57000,4096
105749,victim1,1,READ,0x10000a49000,4096
105751,victim3,3,READ,0x30000a4c000,4096
105785,victim1,1,READ,0x10000a4a000,4096
105795,victim2,2,READ,0x20000a58000,4096
105802,victim3,3,READ,0x30000a4d000,4096
105823,victim2,2,READ,0x20000a59000,4096
105845,victim1,1,READ,0x10000a4b000,4096
105857,victim2,2,WRITE,0x20000a5a000,4096
105859,victim3,3,READ,0x30000a4e000,4096
105880,victim2,2,READ,0x20000a5b000,4096
105889,victim3,3,READ,0x30000a4f000,4096
105899,victim1,1,READ,0x10000a4c000,4096
105904,victim2,2,READ,0x20000a5c000,4096
105923,victim1,1,READ,0x10000a4d000,4096
105934,victim2,2,READ,0x20000a5d000,4096
105936,victim3,3,READ,0x30000a50000,4096
105951,victim1,1,READ,0x10000a4e000,4096
105962,victim3,3,READ,0x30000a51000,4096
105988,victim1,1,READ,0x10000a4f000,4096
105989,victim2,2,READ,0x20000a5e000,4096
105999,victim3,3,READ,0x30000a52000,4096
106042,victim2,2,READ,0x20000a5f000,4096
106043,victim1,1,WRITE,0x10000a50000,4096
106045,victim3,3,READ,0x30000a53000,4096
106071,victim2,2,READ,0x20000a60000,4096
106076,victim1,1,READ,0x10000a51000,4096
106090,victim3,3,READ,0x30000a54000,4096
106099,victim2,2,READ,0x20000a61000,4096
106117,victim1,1,READ,0x10000a52000,4096
106120,victim3,3,READ,0x30000a55000,4096
106141,victim2,2,READ,0x20000a62000,4096
106160,victim3,3,READ,0x30000a56000,4096
106166,victim1,1,READ,0x10000a53000,4096
106192,victim3,3,READ,0x30000a57000,4096
106195,victim2,2,READ,0x20000a63000,4096
106198,victim1,1,READ,0x10000a54000,4096
106238,victim1,1,READ,0x10000a55000,4096
106240,victim2,2,READ,0x20000a64000,4096
106244,victim3,3,READ,0x30000a58000,4096
106268,victim3,3,READ,0x30000a59000,4096
106274,victim1,1,READ,0x10000a56000,4096
106292,victim2,2,READ,0x20000a65000,4096
106310,victim1,1,READ,0x10000a57000,4096
106310,victim3,3,READ,0x30000a5a000,4096
106332,victim3,3,READ,0x30000a5b000,4096
106335,victim2,2,READ,0x20000a66000,4096
106367,victim1,1,READ,0x10000a58000,4096
106392,victim3,3,READ,0x30000a5c000,4096
106395,victim2,2,READ,0x20000a67000,4096
106408,victim1,1,READ,0x10000a59000,4096
106436,victim3,3,READ,0x30000a5d000,4096
106439,victim2,2,READ,0x20000a68000,4096
106463,victim2,2,READ,0x20000a69000,4096
106466,victim1,1,READ,0x10000a5a000,4096
106466,victim3,3,READ,0x30000a5e000,4096
106492,victim2,2,READ,0x20000a6a000,4096
106497,victim3,3,READ,0x30000a5f000,4096
106510,victim1,1,READ,0x10000a5b000,4096
106537,victim1,1,READ,0x10000a5c000,4096
106545,victim2,2,READ,0x20000a6b000,4096
106550,victim3,3,READ,0x30000a60000,4096
106565,victim2,2,WRITE,0x20000a6c000,4096
106582,victim1,1,READ,0x10000a5d000,4096
106599,victim3,3,READ,0x30000a61000,4096
106615,victim1,1,READ,0x10000a5e000,4096
106620,victim2,2,READ,0x20000a6d000,4096
106639,victim3,3,WRITE,0x30000a62000,4096
106645,victim1,1,READ,0x10000a5f000,4096
106651,victim2,2,READ,0x20000a6e000,4096
106675,victim1,1,READ,0x10000a60000,4096
106684,victim3,3,READ,0x30000a63000,4096
106686,victim2,2,READ,0x20000a6f000,4096
106703,victim1,1,READ,0x10000a61000,4096
106706,victim2,2,READ,0x20000a70000,4096
106721,victim3,3,READ,0x30000a64000,4096
106730,victim2,2,READ,0x20000a71000,4096
106748,victim1,1,READ,0x10000a62000,4096
106766,victim3,3,READ,0x30000a65000,4096
106768,victim2,2,WRITE,0x20000a72000,4096
106791,victim3,3,READ,0x30000a66000,4096
106799,victim1,1,READ,0x10000a63000,4096
106815,victim2,2,READ,0x20000a73000,4096
106815,victim3,3,READ,0x30000a67000,4096
106823,victim1,1,READ,0x10000a64000,4096
106838,victim3,3,READ,0x30000a68000,4096
106856,victim2,2,READ,0x20000a74000,4096
106858,victim3,3,READ,0x30000a69000,4096
106869,victim1,1,READ,0x10000a65000,4096
106882,victim3,3,READ,0x30000a6a000,4096
106893,victim2,2,READ,0x20000a75000,4096
106904,victim1,1,WRITE,0x10000a66000,4096
106912,victim3,3,READ,0x30000a6b000,4096
106940,victim2,2,READ,0x20000a76000,4096
106947,victim3,3,READ,0x30000a6c000,4096
106955,victim1,1,READ,0x10000a67000,4096
106969,victim2,2,READ,0x20000a77000,4096
106982,victim1,1,READ,0x10000a68000,4096
106996,victim3,3,READ,0x30000a6d000,4096
107005,victim2,2,READ,0x20000a78000,4096
107029,victim1,1,READ,0x10000a69000,4096
107036,victim2,2,READ,0x20000a79000,4096
107054,victim3,3,READ,0x30000a6e000,4096
107068,victim1,1,READ,0x10000a6a000,4096
107086,victim3,3,READ,0x30000a6f000,4096
107089,victim2,2,READ,0x20000a7a000,4096
107105,victim1,1,READ,0x10000a6b000,4096
107113,victim3,3,READ,0x30000a70000,4096
107124,victim2,2,READ,0x20000a7b000,4096
107150,victim3,3,READ,0x30000a71000,4096
107151,victim1,1,READ,0x10000a6c000,4096
107173,victim3,3,READ,0x30000a72000,4096
107184,victim2,2,WRITE,0x20000a7c000,4096
107202,victim3,3,READ,0x30000a73000,4096
107207,victim1,1,READ,0x10000a6d000,4096
107233,victim2,2,READ,0x20000a7d000,4096
107254,victim3,3,READ,0x30000a74000,4096
107255,victim1,1,READ,0x10000a6e000,4096
107275,victim1,1,WRITE,0x10000a6f000,4096
107292,victim2,2,READ,0x20000a7e000,4096
107295,victim1,1,READ,0x10000a70000,4096
107304,victim3,3,READ,0x30000a75000,4096
107313,victim2,2,READ,0x20000a7f000,4096
107318,victim1,1,READ,0x10000a71000,4096
107325,victim3,3,READ,0x30000a76000,4096
107350,victim1,1,READ,0x10000a72000,4096
107352,victim3,3,READ,0x30000a77000,4096
107362,victim2,2,READ,0x20000a80000,4096
107397,victim2,2,READ,0x20000a81000,4096
107406,victim1,1,READ,0x10000a73000,4096
107410,victim3,3,READ,0x30000a78000,4096
107436,victim3,3,READ,0x30000a79000,4096
107451,victim1,1,READ,0x10000a74000,4096
107453,victim2,2,WRITE,0x20000a82000,4096
107479,victim2,2,READ,0x20000a83000,4096
107486,victim3,3,READ,0x30000a7a000,4096
107495,victim1,1,READ,0x10000a75000,4096
107523,victim1,1,READ,0x10000a76000,4096
107530,victim3,3,WRITE,0x30000a7b000,4096
107534,victim2,2,READ,0x20000a84000,4096
107545,victim1,1,READ,0x10000a77000,4096
107558,victim2,2,READ,0x20000a85000,4096
107580,victim3,3,READ,0x30000a7c000,4096
107591,victim2,2,READ,0x20000a86000,4096
107601,victim3,3,READ,0x30000a7d000,4096
107604,victim1,1,WRITE,0x10000a78000,4096
107622,victim2,2,READ,0x20000a87000,4096
107626,victim3,3,READ,0x30000a7e000,4096
107645,victim1,1,READ,0x10000a79000,4096
107651,victim2,2,READ,0x20000a88000,4096
107680,victim3,3,READ,0x30000a7f000,4096
107697,victim1,1,READ,0x10000a7a000,4096
107705,victim2,2,WRITE,0x20000a89000,4096
107711,victim3,3,READ,0x30000a80000,4096
107729,victim1,1,READ,0x10000a7b000,4096
107732,victim2,2,READ,0x20000a8a000,4096
107745,victim3,3,READ,0x30000a81000,4096
107760,victim2,2,READ,0x20000a8b000,4096
107776,victim3,3,READ,0x30000a82000,4096
107779,victim1,1,READ,0x10000a7c000,4096
107798,victim2,2,READ,0x20000a8c000,4096
107801,victim1,1,READ,0x10000a7d000,4096
107817,victim3,3,READ,0x30000a83000,4096
107840,victim2,2,READ,0x20000a8d000,4096
107859,victim3,3,READ,0x30000a84000,4096
107861,victim1,1,READ,0x10000a7e000,4096
107882,victim3,3,READ,0x30000a85000,4096
107887,victim2,2,READ,0x20000a8e000,4096
107898,victim1,1,READ,0x10000a7f000,4096
107906,victim3,3,READ,0x30000a86000,4096
107924,victim2,2,READ,0x20000a8f000,4096
107949,victim1,1,READ,0x10000a80000,4096
107955,victim3,3,READ,0x30000a87000,4096
107977,victim2,2,READ,0x20000a90000,4096
107996,victim3,3,READ,0x30000a88000,4096
108005,victim1,1,READ,0x10000a81000,4096
108035,victim2,2,READ,0x20000a91000,4096
108036,victim3,3,READ,0x30000a89000,4096
108040,victim1,1,READ,0x10000a82000,4096
108057,victim3,3,READ,0x30000a8a000,4096
108087,victim2,2,READ,0x20000a92000,4096
108089,victim1,1,READ,0x10000a83000,4096
108115,victim3,3,READ,0x30000a8b000,4096
108125,victim1,1,READ,0x10000a84000,4096
108135,victim2,2,READ,0x20000a93000,4096
108161,victim2,2,READ,0x20000a94000,4096
108165,victim3,3,WRITE,0x30000a8c000,4096
108167,victim1,1,WRITE,0x10000a85000,4096
108195,victim1,1,READ,0x10000a86000,4096
108200,victim3,3,READ,0x30000a8d000,4096
108202,victim2,2,READ,0x20000a95000,4096
108223,victim1,1,READ,0x10000a87000,4096
108224,victim2,2,READ,0x20000a96000,4096
108251,victim2,2,READ,0x20000a97000,4096
108255,victim3,3,READ,0x30000a8e000,4096
108258,victim1,1,READ,0x10000a88000,4096
108283,victim3,3,READ,0x30000a8f000,4096
108285,victim2,2,READ,0x20000a98000,4096
108300,victim1,1,READ,0x10000a89000,4096
108335,victim2,2,READ,0x20000a99000,4096
108343,victim3,3,READ,0x30000a90000,4096
108352,victim1,1,READ,0x10000a8a000,4096
108364,victim2,2,READ,0x20000a9a000,4096
108369,victim3,3,READ,0x30000a91000,4096
108395,victim2,2,READ,0x20000a9b000,4096
108397,victim3,3,READ,0x30000a92000,4096
108403,victim1,1,WRITE,0x10000a8b000,4096
108424,victim1,1,READ,0x10000a8c000,4096
108449,victim3,3,READ,0x30000a93000,4096
108451,victim2,2,READ,0x20000a9c000,4096
108457,victim1,1,READ,0x10000a8d000,4096
108479,victim1,1,READ,0x10000a8e000,4096
108483,victim3,3,READ,0x30000a94000,4096
108500,victim1,1,READ,0x10000a8f000,4096
108505,victim2,2,READ,0x20000a9d000,4096
108542,victim3,3,READ,0x30000a95000,4096
108546,victim1,1,READ,0x10000a90000,4096
108547,victim2,2,READ,0x20000a9e000,4096
108583,victim3,3,READ,0x30000a96000,4096
108587,victim2,2,READ,0x20000a9f000,4096
108602,victim1,1,READ,0x10000a91000,4096
108612,victim2,2,READ,0x20000aa0000,4096
108625,victim1,1,READ,0x10000a92000,4096
108632,victim3,3,READ,0x30000a97000,4096
108644,victim2,2,READ,0x20000aa1000,4096
108672,victim3,3,READ,0x30000a98000,4096
108677,victim1,1,READ,0x10000a93000,4096
108693,victim2,2,WRITE,0x20000aa2000,4096
108710,victim3,3,WRITE,0x30000a99000,4096
108737,victim1,1,READ,0x10000a94000,4096
108742,victim3,3,READ,0x30000a9a000,4096
108752,victim2,2,READ,0x20000aa3000,4096
108777,victim1,1,READ,0x10000a95000,4096
108785,victim3,3,READ,0x30000a9b000,4096
108803,victim2,2,READ,0x20000aa4000,4096
108809,victim1,1,READ,0x10000a96000,4096
108837,victim3,3,READ,0x30000a9c000,4096
108846,victim1,1,WRITE,0x10000a97000,4096
108852,victim2,2,READ,0x20000aa5000,4096
108858,victim3,3,READ,0x30000a9d000,4096
108888,victim3,3,READ,0x30000a9e000,4096
108889,victim1,1,READ,0x10000a98000,4096
108889,victim2,2,READ,0x20000aa6000,4096
108920,victim2,2,READ,0x20000aa7000,4096
108924,victim3,3,READ,0x30000a9f000,4096
108925,victim1,1,READ,0x10000a99000,4096
108950,victim3,3,READ,0x30000aa0000,4096
108965,victim2,2,READ,0x20000aa8000,4096
108975,victim1,1,READ,0x10000a9a000,4096
108999,victim3,3,WRITE,0x30000aa1000,4096
109001,victim2,2,READ,0x20000aa9000,4096
109024,victim1,1,READ,0x10000a9b000,4096
109050,victim3,3,READ,0x30000aa2000,4096
109053,victim2,2,READ,0x20000aaa000,4096
109054,victim1,1,READ,0x10000a9c000,4096
109099,victim3,3,READ,0x30000aa3000,4096
109101,victim1,1,READ,0x10000a9d000,4096
109106,victim2,2,READ,0x20000aab000,4096
109119,victim3,3,WRITE,0x30000aa4000,4096
109143,victim3,3,READ,0x30000aa5000,4096
109156,victim1,1,READ,0x10000a9e000,4096
109164,victim2,2,READ,0x20000aac000,4096
109177,victim1,1,READ,0x10000a9f000,4096
109195,victim3,3,READ,0x30000aa6000,4096
109196,victim2,2,READ,0x20000aad000,4096
109197,victim1,1,READ,0x10000aa0000,4096
109237,victim1,1,READ,0x10000aa1000,4096
109246,victim2,2,READ,0x20000aae000,4096
109249,victim3,3,READ,0x30000aa7000,4096
109278,victim1,1,READ,0x10000aa2000,4096
109287,victim3,3,READ,0x30000aa8000,4096
109288,victim2,2,READ,0x20000aaf000,4096
109315,victim1,1,READ,0x10000aa3000,4096
109323,victim2,2,READ,0x20000ab0000,4096
109327,victim3,3,READ,0x30000aa9000,4096
109343,victim2,2,READ,0x20000ab1000,4096
109345,victim1,1,READ,0x10000aa4000,4096
109347,victim3,3,WRITE,0x30000aaa000,4096
109372,victim2,2,READ,0x20000ab2000,4096
109376,victim3,3,READ,0x30000aab000,4096
109386,victim1,1,READ,0x10000aa5000,4096
109402,victim2,2,READ,0x20000ab3000,4096
109413,victim1,1,READ,0x10000aa6000,4096
109420,victim3,3,READ,0x30000aac000,4096
109426,victim2,2,READ,0x20000ab4000,4096
109457,victim3,3,READ,0x30000aad000,4096
109462,victim1,1,READ,0x10000aa7000,4096
109483,victim2,2,READ,0x20000ab5000,4096
109502,victim1,1,READ,0x10000aa8000,4096
109507,victim3,3,READ,0x30000aae000,4096
109514,victim2,2,READ,0x20000ab6000,4096
109522,victim1,1,READ,0x10000aa9000,4096
109546,victim2,2,READ,0x20000ab7000,4096
109553,victim1,1,READ,0x10000aaa000,4096
109563,victim3,3,WRITE,0x30000aaf000,4096
109593,victim2,2,READ,0x20000ab8000,4096
109594,victim3,3,READ,0x30000ab0000,4096
109605,victim1,1,READ,0x10000aab000,4096
109626,victim2,2,READ,0x20000ab9000,4096
109643,victim1,1,READ,0x10000aac000,4096
109651,victim3,3,READ,0x30000ab1000,4096
109663,victim2,2,READ,0x20000aba000,4096
109670,victim1,1,READ,0x10000aad000,4096
109680,victim3,3,READ,0x30000ab2000,4096
109701,victim1,1,READ,0x10000aae000,4096
109711,victim2,2,READ,0x20000abb000,4096
109733,victim1,1,READ,0x10000aaf000,4096
109739,victim3,3,READ,0x30000ab3000,4096
109755,victim2,2,READ,0x20000abc000,4096
109764,victim3,3,READ,0x30000ab4000,4096
109786,victim1,1,READ,0x10000ab0000,4096
109788,victim2,2,READ,0x20000abd000,4096
109791,victim3,3,READ,0x30000ab5000,4096
109835,victim1,1,READ,0x10000ab1000,4096
109842,victim3,3,READ,0x30000ab6000,4096
109848,victim2,2,READ,0x20000abe000,4096
109864,victim1,1,READ,0x10000ab2000,4096
109867,victim3,3,READ,0x30000ab7000,4096
109877,victim2,2,READ,0x20000abf000,4096
109896,victim1,1,READ,0x10000ab3000,4096
109916,victim1,1,READ,0x10000ab4000,4096
109920,victim3,3,WRITE,0x30000ab8000,4096
109924,victim2,2,READ,0x20000ac0000,4096
109944,victim2,2,READ,0x20000ac1000,4096
109946,victim3,3,READ,0x30000ab9000,4096
109956,victim1,1,READ,0x10000ab5000,4096
109992,victim2,2,READ,0x20000ac2000,4096
109995,victim1,1,READ,0x10000ab6000,4096
109998,victim3,3,READ,0x30000aba000,4096
110025,victim1,1,READ,0x10000ab7000,4096
110025,victim2,2,READ,0x20000ac3000,4096
110040,victim3,3,READ,0x30000abb000,4096
110046,victim1,1,READ,0x10000ab8000,4096
110067,victim2,2,READ,0x20000ac4000,4096
110068,victim3,3,READ,0x30000abc000,4096
110077,victim1,1,WRITE,0x10000ab9000,4096
110113,victim3,3,READ,0x30000abd000,4096
110116,victim2,2,READ,0x20000ac5000,4096
110117,victim1,1,READ,0x10000aba000,4096
110144,victim2,2,READ,0x20000ac6000,4096
110171,victim3,3,READ,0x30000abe000,4096
110172,victim1,1,READ,0x10000abb000,4096
110192,victim2,2,READ,0x20000ac7000,4096
110205,victim3,3,READ,0x30000abf000,4096
110222,victim1,1,READ,0x10000abc000,4096
110224,victim2,2,READ,0x20000ac8000,4096
110264,victim3,3,READ,0x30000ac0000,4096
110265,victim2,2,READ,0x20000ac9000,4096
110270,victim1,1,READ,0x10000abd000,4096
110293,victim1,1,READ,0x10000abe000,4096
110312,victim3,3,READ,0x30000ac1000,4096
110316,victim1,1,READ,0x10000abf000,4096
110317,victim2,2,READ,0x20000aca000,4096
110350,victim3,3,READ,0x30000ac2000,4096
110353,victim1,1,READ,0x10000ac0000,4096
110374,victim2,2,READ,0x20000acb000,4096
110398,victim3,3,READ,0x30000ac3000,4096
110402,victim1,1,READ,0x10000ac1000,4096
110428,victim2,2,WRITE,0x20000acc000,4096
110435,victim1,1,READ,0x10000ac2000,4096
110441,victim3,3,READ,0x30000ac4000,4096
110471,victim2,2,WRITE,0x20000acd000,4096
110480,victim1,1,READ,0x10000ac3000,4096
110488,victim3,3,WRITE,0x30000ac5000,4096
110509,victim1,1,READ,0x10000ac4000,4096
110513,victim3,3,READ,0x30000ac6000,4096
110531,victim2,2,READ,0x20000ace000,4096
110534,victim1,1,WRITE,0x10000ac5000,4096
110555,victim1,1,WRITE,0x10000ac6000,4096
110564,victim3,3,WRITE,0x30000ac7000,4096
110574,victim2,2,READ,0x20000acf000,4096
110580,victim1,1,WRITE,0x10000ac7000,4096
110604,victim2,2,READ,0x20000ad0000,4096
110613,victim3,3,READ,0x30000ac8000,4096
110617,victim1,1,WRITE,0x10000ac8000,4096
110626,victim2,2,READ,0x20000ad1000,4096
110638,victim3,3,READ,0x30000ac9000,4096
110659,victim2,2,READ,0x20000ad2000,4096
110672,victim1,1,READ,0x10000ac9000,4096
110682,victim2,2,READ,0x20000ad3000,4096
110685,victim3,3,READ,0x30000aca000,4096
110711,victim1,1,WRITE,0x10000aca000,4096
110731,victim2,2,READ,0x20000ad4000,4096
110735,victim1,1,WRITE,0x10000acb000,4096
110741,victim3,3,READ,0x30000acb000,4096
110758,victim2,2,READ,0x20000ad5000,4096
110763,victim1,1,READ,0x10000acc000,4096
110770,victim3,3,READ,0x30000acc000,4096
110786,victim2,2,READ,0x20000ad6000,4096
110790,victim3,3,WRITE,0x30000acd000,4096
110815,victim1,1,READ,0x10000acd000,4096
110826,victim2,2,WRITE,0x20000ad7000,4096
110832,victim3,3,READ,0x30000ace000,4096
110867,victim1,1,READ,0x10000ace000,4096
110877,victim2,2,READ,0x20000ad8000,4096
110882,victim3,3,READ,0x30000acf000,4096
110899,victim1,1,READ,0x10000acf000,4096
110925,victim3,3,READ,0x30000ad0000,4096
110932,victim2,2,READ,0x20000ad9000,4096
110935,victim1,1,READ,0x10000ad0000,4096
110958,victim3,3,WRITE,0x30000ad1000,4096
110961,victim2,2,READ,0x20000ada000,4096
110968,victim1,1,READ,0x10000ad1000,4096
110987,victim3,3,READ,0x30000ad2000,4096
110991,victim1,1,READ,0x10000ad2000,4096
111006,victim2,2,READ,0x20000adb000,4096
111036,victim1,1,READ,0x10000ad3000,4096
111036,victim3,3,READ,0x30000ad3000,4096
111061,victim2,2,READ,0x20000adc000,4096
111063,victim1,1,READ,0x10000ad4000,4096
111082,victim2,2,READ,0x20000add000,4096
111086,victim3,3,READ,0x30000ad4000,4096
111092,victim1,1,READ,0x10000ad5000,4096
111124,victim3,3,READ,0x30000ad5000,4096
111128,victim1,1,READ,0x10000ad6000,4096
111136,victim2,2,READ,0x20000ade000,4096
111152,victim3,3,READ,0x30000ad6000,4096
111153,victim1,1,READ,0x10000ad7000,4096
111170,victim2,2,READ,0x20000adf000,4096
111180,victim3,3,READ,0x30000ad7000,4096
111202,victim3,3,READ,0x30000ad8000,4096
111210,victim1,1,READ,0x10000ad8000,4096
111229,victim2,2,READ,0x20000ae0000,4096
111246,victim3,3,READ,0x30000ad9000,4096
111260,victim1,1,READ,0x10000ad9000,4096
111277,victim2,2,READ,0x20000ae1000,4096
111301,victim3,3,READ,0x30000ada000,4096
111307,victim2,2,READ,0x20000ae2000,4096
111317,victim1,1,READ,0x10000ada000,4096
111327,victim3,3,READ,0x30000adb000,4096
111337,victim2,2,READ,0x20000ae3000,4096
111359,victim1,1,READ,0x10000adb000,4096
111382,victim3,3,READ,0x30000adc000,4096
111384,victim2,2,READ,0x20000ae4000,4096
111393,victim1,1,READ,0x10000adc000,4096
111414,victim1,1,READ,0x10000add000,4096
111429,victim2,2,READ,0x20000ae5000,4096
111435,victim3,3,WRITE,0x30000add000,4096
111461,victim1,1,READ,0x10000ade000,4096
111467,victim2,2,READ,0x20000ae6000,4096
111488,victim3,3,READ,0x30000ade000,4096
111518,victim1,1,READ,0x10000adf000,4096
111520,victim3,3,READ,0x30000adf000,4096
111522,victim2,2,READ,0x20000ae7000,4096
111540,victim1,1,READ,0x10000ae0000,4096
111563,victim2,2,READ,0x20000ae8000,4096
111574,victim3,3,READ,0x30000ae0000,4096
111591,victim1,1,READ,0x10000ae1000,4096
111592,victim2,2,READ,0x20000ae9000,4096
111619,victim3,3,READ,0x30000ae1000,4096
111625,victim1,1,READ,0x10000ae2000,4096
111626,victim2,2,READ,0x20000aea000,4096
111650,victim1,1,READ,0x10000ae3000,4096
111675,victim3,3,READ,0x30000ae2000,4096
111678,victim2,2,READ,0x20000aeb000,4096
111680,victim1,1,WRITE,0x10000ae4000,4096
111711,victim3,3,READ,0x30000ae3000,4096
111720,victim1,1,READ,0x10000ae5000,4096
111731,victim2,2,READ,0x20000aec000,4096
111738,victim3,3,READ,0x30000ae4000,4096
111757,victim1,1,READ,0x10000ae6000,4096
111758,victim2,2,READ,0x20000aed000,4096
111784,victim3,3,READ,0x30000ae5000,4096
111795,victim2,2,READ,0x20000aee000,4096
111813,victim3,3,READ,0x30000ae6000,4096
111817,victim1,1,READ,0x10000ae7000,4096
111842,victim3,3,READ,0x30000ae7000,4096
111853,victim2,2,READ,0x20000aef000,4096
111866,victim3,3,READ,0x30000ae8000,4096
111870,victim1,1,READ,0x10000ae8000,4096
111895,victim2,2,READ,0x20000af0000,4096
111896,victim3,3,READ,0x30000ae9000,4096
111919,victim1,1,READ,0x10000ae9000,4096
111931,victim2,2,READ,0x20000af1000,4096
111937,victim3,3,READ,0x30000aea000,4096
111960,victim3,3,READ,0x30000aeb000,4096
111965,victim2,2,READ,0x20000af2000,4096
111974,victim1,1,READ,0x10000aea000,4096
111999,victim2,2,READ,0x20000af3000,4096
112002,victim3,3,READ,0x30000aec000,4096
112022,victim1,1,READ,0x10000aeb000,4096
112041,victim2,2,READ,0x20000af4000,4096
112045,victim3,3,READ,0x30000aed000,4096
112049,victim1,1,READ,0x10000aec000,4096
112076,victim2,2,READ,0x20000af5000,4096
112082,victim1,1,READ,0x10000aed000,4096
112096,victim3,3,READ,0x30000aee000,4096
112116,victim2,2,WRITE,0x20000af6000,4096
112136,victim1,1,READ,0x10000aee000,4096
112141,victim3,3,READ,0x30000aef000,4096
112163,victim2,2,READ,0x20000af7000,4096
112172,victim1,1,READ,0x10000aef000,4096
112193,victim3,3,READ,0x30000af0000,4096
112199,victim1,1,READ,0x10000af0000,4096
112206,victim2,2,READ,0x20000af8000,4096
112235,victim2,2,READ,0x20000af9000,4096
112238,victim3,3,READ,0x30000af1000,4096
112254,victim1,1,READ,0x10000af1000,4096
112266,victim2,2,READ,0x20000afa000,4096
112275,victim1,1,READ,0x10000af2000,4096
112286,victim3,3,READ,0x30000af2000,4096
112302,victim1,1,READ,0x10000af3000,4096
112308,victim2,2,READ,0x20000afb000,4096
112338,victim2,2,READ,0x20000afc000,4096
112342,victim3,3,READ,0x30000af3000,4096
112361,victim1,1,READ,0x10000af4000,4096
112380,victim2,2,READ,0x20000afd000,4096
112384,victim1,1,READ,0x10000af5000,4096
112398,victim3,3,READ,0x30000af4000,4096
112430,victim3,3,READ,0x30000af5000,4096
112436,victim2,2,READ,0x20000afe000,4096
112444,victim1,1,READ,0x10000af6000,4096
112461,victim3,3,READ,0x30000af6000,4096
112465,victim1,1,READ,0x10000af7000,4096
112465,victim2,2,READ,0x20000aff000,4096
112487,victim1,1,WRITE,0x10000af8000,4096
112506,victim2,2,READ,0x20000b00000,4096
112514,victim3,3,READ,0x30000af7000,4096
112517,victim1,1,READ,0x10000af9000,4096
112528,victim2,2,READ,0x20000b01000,4096
112543,victim3,3,READ,0x30000af8000,4096
112548,victim2,2,READ,0x20000b02000,4096
112565,victim1,1,READ,0x10000afa000,4096
112596,victim2,2,READ,0x20000b03000,4096
112598,victim3,3,READ,0x30000af9000,4096
112621,victim1,1,READ,0x10000afb000,4096
112631,victim3,3,READ,0x30000afa000,4096
112645,victim1,1,READ,0x10000afc000,4096
112651,victim2,2,READ,0x20000b04000,4096
112674,victim2,2,READ,0x20000b05000,4096
112683,victim3,3,READ,0x30000afb000,4096
112698,victim1,1,READ,0x10000afd000,4096
112716,victim2,2,WRITE,0x20000b06000,4096
112729,victim1,1,READ,0x10000afe000,4096
112740,victim3,3,READ,0x30000afc000,4096
112767,victim1,1,WRITE,0x10000aff000,4096
112768,victim2,2,READ,0x20000b07000,4096
112793,victim3,3,READ,0x30000afd000,4096
112801,victim1,1,READ,0x10000b00000,4096
112822,victim3,3,READ,0x30000afe000,4096
112825,victim2,2,READ,0x20000b08000,4096
112834,victim1,1,READ,0x10000b01000,4096
112850,victim2,2,READ,0x20000b09000,4096
112858,victim3,3,READ,0x30000aff000,4096
112880,victim3,3,READ,0x30000b00000,4096
112894,victim1,1,READ,0x10000b02000,4096
112895,victim2,2,READ,0x20000b0a000,4096
112913,victim3,3,READ,0x30000b01000,4096
112943,victim2,2,READ,0x20000b0b000,4096
112952,victim3,3,READ,0x30000b02000,4096
112954,victim1,1,READ,0x10000b03000,4096
112979,victim1,1,READ,0x10000b04000,4096
112981,victim2,2,WRITE,0x20000b0c000,4096
112988,victim3,3,READ,0x30000b03000,4096
113016,victim2,2,READ,0x20000b0d000,4096
113023,victim1,1,READ,0x10000b05000,4096
113036,victim2,2,READ,0x20000b0e000,4096
113042,victim3,3,READ,0x30000b04000,4096
113051,victim1,1,READ,0x10000b06000,4096
113076,victim2,2,READ,0x20000b0f000,4096
113086,victim1,1,READ,0x10000b07000,4096
113089,victim3,3,READ,0x30000b05000,4096
113112,victim2,2,READ,0x20000b10000,4096
113114,victim1,1,READ,0x10000b08000,4096
113147,victim3,3,WRITE,0x30000b06000,4096
113150,victim2,2,READ,0x20000b11000,4096
113162,victim1,1,READ,0x10000b09000,4096
113177,victim3,3,READ,0x30000b07000,4096
113196,victim1,1,READ,0x10000b0a000,4096
113206,victim3,3,READ,0x30000b08000,4096
113207,victim2,2,WRITE,0x20000b12000,4096
113242,victim1,1,READ,0x10000b0b000,4096
113257,victim3,3,READ,0x30000b09000,4096
113258,victim2,2,WRITE,0x20000b13000,4096
113271,victim1,1,READ,0x10000b0c000,4096
113289,victim3,3,READ,0x30000b0a000,4096
113295,victim2,2,READ,0x20000b14000,4096
113299,victim1,1,READ,0x10000b0d000,4096
113325,victim3,3,READ,0x30000b0b000,4096
113350,victim2,2,READ,0x20000b15000,4096
113356,victim1,1,READ,0x10000b0e000,4096
113380,victim3,3,READ,0x30000b0c000,4096
113386,victim2,2,READ,0x20000b16000,4096
113387,victim1,1,READ,0x10000b0f000,4096
113408,victim1,1,READ,0x10000b10000,4096
113419,victim3,3,READ,0x30000b0d000,4096
113428,victim2,2,READ,0x20000b17000,4096
113437,victim1,1,READ,0x10000b11000,4096
113469,victim1,1,READ,0x10000b12000,4096
113472,victim3,3,READ,0x30000b0e000,4096
113477,victim2,2,READ,0x20000b18000,4096
113501,victim2,2,READ,0x20000b19000,4096
113510,victim3,3,READ,0x30000b0f000,4096
113519,victim1,1,READ,0x10000b13000,4096
113543,victim3,3,READ,0x30000b10000,4096
113548,victim2,2,READ,0x20000b1a000,4096
113555,victim1,1,READ,0x10000b14000,4096
113573,victim3,3,WRITE,0x30000b11000,4096
113585,victim2,2,READ,0x20000b1b000,4096
113603,victim1,1,READ,0x10000b15000,4096
113606,victim3,3,READ,0x30000b12000,4096
113638,victim3,3,READ,0x30000b13000,4096
113641,victim1,1,READ,0x10000b16000,4096
113642,victim2,2,WRITE,0x20000b1c000,4096
113671,victim1,1,READ,0x10000b17000,4096
113680,victim2,2,READ,0x20000b1d000,4096
113688,victim3,3,READ,0x30000b14000,4096
113693,victim1,1,READ,0x10000b18000,4096
113708,victim3,3,READ,0x30000b15000,4096
113722,victim1,1,READ,0x10000b19000,4096
113737,victim2,2,READ,0x20000b1e000,4096
113764,victim3,3,READ,0x30000b16000,4096
113772,victim1,1,READ,0x10000b1a000,4096
113773,victim2,2,READ,0x20000b1f000,4096
113794,victim3,3,READ,0x30000b17000,4096
113815,victim2,2,READ,0x20000b20000,4096
113825,victim1,1,READ,0x10000b1b000,4096
113835,victim3,3,READ,0x30000b18000,4096
113842,victim2,2,READ,0x20000b21000,4096
113878,victim1,1,READ,0x10000b1c000,4096
113885,victim3,3,READ,0x30000b19000,4096
113889,victim2,2,READ,0x20000b22000,4096
113910,victim3,3,READ,0x30000b1a000,4096
113916,victim1,1,READ,0x10000b1d000,4096
113931,victim2,2,READ,0x20000b23000,4096
113961,victim1,1,READ,0x10000b1e000,4096
113962,victim3,3,READ,0x30000b1b000,4096
113968,victim2,2,READ,0x20000b24000,4096
114011,victim3,3,READ,0x30000b1c000,4096
114013,victim2,2,READ,0x20000b25000,4096
114018,victim1,1,READ,0x10000b1f000,4096
114035,victim3,3,WRITE,0x30000b1d000,4096
114039,victim2,2,READ,0x20000b26000,4096
114067,victim1,1,READ,0x10000b20000,4096
114071,victim3,3,READ,0x30000b1e000,4096
114090,victim1,1,READ,0x10000b21000,4096
114094,victim2,2,READ,0x20000b27000,4096
114126,victim3,3,READ,0x30000b1f000,4096
114143,victim1,1,READ,0x10000b22000,4096
114147,victim2,2,READ,0x20000b28000,4096
114166,victim1,1,READ,0x10000b23000,4096
114168,victim3,3,READ,0x30000b20000,4096
114172,victim2,2,WRITE,0x20000b29000,4096
114191,victim3,3,READ,0x30000b21000,4096
114195,victim2,2,READ,0x20000b2a000,4096
114204,victim1,1,READ,0x10000b24000,4096
114237,victim3,3,READ,0x30000b22000,4096
114243,victim2,2,READ,0x20000b2b000,4096
114247,victim1,1,READ,0x10000b25000,4096
114258,victim3,3,READ,0x30000b23000,4096
114267,victim2,2,READ,0x20000b2c000,4096
114303,victim1,1,READ,0x10000b26000,4096
114307,victim3,3,READ,0x30000b24000,4096
114320,victim2,2,WRITE,0x20000b2d000,4096
114349,victim3,3,READ,0x30000b25000,4096
114357,victim1,1,READ,0x10000b27000,4096
114372,victim2,2,READ,0x20000b2e000,4096
114372,victim3,3,READ,0x30000b26000,4096
114401,victim1,1,READ,0x10000b28000,4096
114411,victim2,2,READ,0x20000b2f000,4096
114432,victim3,3,READ,0x30000b27000,4096
114451,victim1,1,READ,0x10000b29000,4096
114467,victim2,2,READ,0x20000b30000,4096
114469,victim3,3,READ,0x30000b28000,4096
114474,victim1,1,READ,0x10000b2a000,4096
114492,victim3,3,READ,0x30000b29000,4096
114510,victim2,2,READ,0x20000b31000,4096
114512,victim1,1,WRITE,0x10000b2b000,4096
114534,victim3,3,READ,0x30000b2a000,4096
114541,victim2,2,READ,0x20000b32000,4096
114557,victim1,1,READ,0x10000b2c000,4096
114586,victim1,1,READ,0x10000b2d000,4096
114586,victim2,2,READ,0x20000b33000,4096
114594,victim3,3,READ,0x30000b2b000,4096
114607,victim1,1,READ,0x10000b2e000,4096
114627,victim3,3,READ,0x30000b2c000,4096
114629,victim2,2,READ,0x20000b34000,4096
114648,victim1,1,READ,0x10000b2f000,4096
114655,victim3,3,READ,0x30000b2d000,4096
114662,victim2,2,READ,0x20000b35000,4096
114704,victim1,1,READ,0x10000b30000,4096
114705,victim2,2,WRITE,0x20000b36000,4096
114713,victim3,3,READ,0x30000b2e000,4096
114725,victim2,2,READ,0x20000b37000,4096
114743,victim3,3,READ,0x30000b2f000,4096
114759,victim1,1,READ,0x10000b31000,4096
114759,victim2,2,READ,0x20000b38000,4096
114779,victim2,2,READ,0x20000b39000,4096
114792,victim3,3,READ,0x30000b30000,4096
114806,victim1,1,READ,0x10000b32000,4096
114810,victim2,2,READ,0x20000b3a000,4096
114822,victim3,3,READ,0x30000b31000,4096
114833,victim1,1,READ,0x10000b33000,4096
114849,victim2,2,WRITE,0x20000b3b000,4096
114851,victim3,3,READ,0x30000b32000,4096
114858,victim1,1,READ,0x10000b34000,4096
114879,victim3,3,READ,0x30000b33000,4096
114894,victim2,2,READ,0x20000b3c000,4096
114904,victim1,1,READ,0x10000b35000,4096
114914,victim3,3,READ,0x30000b34000,4096
114928,victim2,2,READ,0x20000b3d000,4096
114946,victim1,1,READ,0x10000b36000,4096
114966,victim1,1,WRITE,0x10000b37000,4096
114974,victim3,3,READ,0x30000b35000,4096
114980,victim2,2,READ,0x20000b3e000,4096
115007,victim2,2,WRITE,0x20000b3f000,4096
115013,victim1,1,READ,0x10000b38000,4096
115022,victim3,3,READ,0x30000b36000,4096
115043,victim1,1,READ,0x10000b39000,4096
115060,victim2,2,WRITE,0x20000b40000,4096
115066,victim3,3,READ,0x30000b37000,4096
115101,victim1,1,READ,0x10000b3a000,4096
115108,victim3,3,WRITE,0x30000b38000,4096
115116,victim2,2,READ,0x20000b41000,4096
115132,victim1,1,READ,0x10000b3b000,4096
115139,victim2,2,READ,0x20000b42000,4096
115140,victim3,3,READ,0x30000b39000,4096
115161,victim3,3,READ,0x30000b3a000,4096
115171,victim2,2,READ,0x20000b43000,4096
115181,victim1,1,WRITE,0x10000b3c000,4096
115206,victim3,3,READ,0x30000b3b000,4096
115215,victim1,1,READ,0x10000b3d000,4096
115229,victim2,2,READ,0x20000b44000,4096
115229,victim3,3,READ,0x30000b3c000,4096
115270,victim2,2,READ,0x20000b45000,4096
115273,victim1,1,READ,0x10000b3e000,4096
115282,victim3,3,READ,0x30000b3d000,4096
115303,victim1,1,WRITE,0x10000b3f000,4096
115319,victim2,2,READ,0x20000b46000,4096
115322,victim3,3,READ,0x30000b3e000,4096
115327,victim1,1,READ,0x10000b40000,4096
115352,victim2,2,READ,0x20000b47000,4096
115371,victim1,1,READ,0x10000b41000,4096
115379,victim3,3,READ,0x30000b3f000,4096
115395,victim2,2,READ,0x20000b48000,4096
115399,victim1,1,READ,0x10000b42000,4096
115433,victim1,1,READ,0x10000b43000,4096
115435,victim3,3,READ,0x30000b40000,4096
115452,victim2,2,READ,0x20000b49000,4096
115459,victim1,1,WRITE,0x10000b44000,4096
115459,victim3,3,READ,0x30000b41000,4096
115500,victim3,3,READ,0x30000b42000,4096
115506,victim1,1,READ,0x10000b45000,4096
115509,victim2,2,READ,0x20000b4a000,4096
115533,victim1,1,READ,0x10000b46000,4096
115547,victim3,3,READ,0x30000b43000,4096
115548,victim2,2,READ,0x20000b4b000,4096
115589,victim1,1,READ,0x10000b47000,4096
115596,victim3,3,READ,0x30000b44000,4096
115597,victim2,2,READ,0x20000b4c000,4096
115619,victim3,3,READ,0x30000b45000,4096
115627,victim1,1,READ,0x10000b48000,4096
115647,victim2,2,READ,0x20000b4d000,4096
115659,victim3,3,READ,0x30000b46000,4096
115666,victim1,1,READ,0x10000b49000,4096
115696,victim2,2,READ,0x20000b4e000,4096
115715,victim3,3,READ,0x30000b47000,4096
115716,victim1,1,READ,0x10000b4a000,4096
115718,victim2,2,READ,0x20000b4f000,4096
115739,victim1,1,READ,0x10000b4b000,4096
115762,victim2,2,READ,0x20000b50000,4096
115763,victim3,3,READ,0x30000b48000,4096
115765,victim1,1,READ,0x10000b4c000,4096
115782,victim2,2,READ,0x20000b51000,4096
115796,victim3,3,READ,0x30000b49000,4096
115811,victim2,2,READ,0x20000b52000,4096
115815,victim1,1,READ,0x10000b4d000,4096
115825,victim3,3,READ,0x30000b4a000,4096
115836,victim2,2,READ,0x20000b53000,4096
115848,victim1,1,READ,0x10000b4e000,4096
115858,victim2,2,READ,0x20000b54000,4096
115858,victim3,3,READ,0x30000b4b000,4096
115880,victim3,3,READ,0x30000b4c000,4096
115882,victim1,1,READ,0x10000b4f000,4096
115902,victim2,2,READ,0x20000b55000,4096
115932,victim1,1,WRITE,0x10000b50000,4096
115936,victim3,3,READ,0x30000b4d000,4096
115946,victim2,2,READ,0x20000b56000,4096
115986,victim3,3,READ,0x30000b4e000,4096
115991,victim1,1,WRITE,0x10000b51000,4096
115992,victim2,2,READ,0x20000b57000,4096
116025,victim2,2,READ,0x20000b58000,4096
116036,victim3,3,READ,0x30000b4f000,4096
116048,victim1,1,READ,0x10000b52000,4096
116058,victim2,2,READ,0x20000b59000,4096
116084,victim3,3,WRITE,0x30000b50000,4096
116085,victim1,1,READ,0x10000b53000,4096
116101,victim2,2,READ,0x20000b5a000,4096
116125,victim1,1,READ,0x10000b54000,4096
116133,victim3,3,READ,0x30000b51000,4096
116151,victim2,2,READ,0x20000b5b000,4096
116159,victim1,1,READ,0x10000b55000,4096
116176,victim3,3,READ,0x30000b52000,4096
116196,victim3,3,READ,0x30000b53000,4096
116199,victim2,2,READ,0x20000b5c000,4096
116202,victim1,1,READ,0x10000b56000,4096
116231,victim3,3,WRITE,0x30000b54000,4096
116249,victim2,2,READ,0x20000b5d000,4096
116252,victim1,1,READ,0x10000b57000,4096
116257,victim3,3,READ,0x30000b55000,4096
116274,victim2,2,READ,0x20000b5e000,4096
116287,victim1,1,READ,0x10000b58000,4096
116304,victim3,3,READ,0x30000b56000,4096
116310,victim1,1,READ,0x10000b59000,4096
116315,victim2,2,READ,0x20000b5f000,4096
116339,victim3,3,WRITE,0x30000b57000,4096
116340,victim2,2,READ,0x20000b60000,4096
116356,victim1,1,READ,0x10000b5a000,4096
116370,victim2,2,READ,0x20000b61000,4096
116374,victim3,3,READ,0x30000b58000,4096
116398,victim3,3,READ,0x30000b59000,4096
116404,victim1,1,READ,0x10000b5b000,4096
116419,victim2,2,READ,0x20000b62000,4096
116439,victim1,1,READ,0x10000b5c000,4096
116443,victim3,3,READ,0x30000b5a000,4096
116445,victim2,2,READ,0x20000b63000,4096
116468,victim1,1,READ,0x10000b5d000,4096
116472,victim3,3,READ,0x30000b5b000,4096
116490,victim2,2,READ,0x20000b64000,4096
116519,victim2,2,READ,0x20000b65000,4096
116520,victim1,1,READ,0x10000b5e000,4096
116530,victim3,3,READ,0x30000b5c000,4096
116553,victim2,2,READ,0x20000b66000,4096
116560,victim3,3,READ,0x30000b5d000,4096
116576,victim1,1,READ,0x10000b5f000,4096
116585,victim2,2,READ,0x20000b67000,4096
116592,victim3,3,READ,0x30000b5e000,4096
116619,victim3,3,WRITE,0x30000b5f000,4096
116627,victim2,2,READ,0x20000b68000,4096
116630,victim1,1,READ,0x10000b60000,4096
116672,victim1,1,READ,0x10000b61000,4096
116674,victim2,2,READ,0x20000b69000,4096
116679,victim3,3,READ,0x30000b60000,4096
116706,victim3,3,READ,0x30000b61000,4096
116712,victim1,1,READ,0x10000b62000,4096
116728,victim2,2,READ,0x20000b6a000,4096
116745,victim3,3,READ,0x30000b62000,4096
116751,victim1,1,WRITE,0x10000b63000,4096
116756,victim2,2,READ,0x20000b6b000,4096
116777,victim1,1,READ,0x10000b64000,4096
116783,victim3,3,READ,0x30000b63000,4096
116793,victim2,2,READ,0x20000b6c000,4096
116820,victim3,3,READ,0x30000b64000,4096
116832,victim1,1,READ,0x10000b65000,4096
116833,victim2,2,READ,0x20000b6d000,4096
116855,victim2,2,READ,0x20000b6e000,4096
116857,victim3,3,READ,0x30000b65000,4096
116886,victim3,3,WRITE,0x30000b66000,4096
116890,victim1,1,READ,0x10000b66000,4096
116902,victim2,2,READ,0x20000b6f000,4096
116911,victim1,1,READ,0x10000b67000,4096
116936,victim2,2,READ,0x20000b70000,4096
116946,victim3,3,READ,0x30000b67000,4096
116963,victim1,1,READ,0x10000b68000,4096
116978,victim3,3,READ,0x30000b68000,4096
116982,victim2,2,READ,0x20000b71000,4096
117007,victim1,1,READ,0x10000b69000,4096
117030,victim2,2,READ,0x20000b72000,4096
117038,victim3,3,READ,0x30000b69000,4096
117052,victim1,1,READ,0x10000b6a000,4096
117068,victim2,2,READ,0x20000b73000,4096
117077,victim3,3,WRITE,0x30000b6a000,4096
117089,victim2,2,READ,0x20000b74000,4096
117110,victim1,1,WRITE,0x10000b6b000,4096
117122,victim3,3,READ,0x30000b6b000,4096
117137,victim2,2,READ,0x20000b75000,4096
117141,victim1,1,READ,0x10000b6c000,4096
117148,victim3,3,READ,0x30000b6c000,4096
117176,victim2,2,READ,0x20000b76000,4096
117177,victim1,1,READ,0x10000b6d000,4096
117199,victim3,3,READ,0x30000b6d000,4096
117211,victim1,1,WRITE,0x10000b6e000,4096
117213,victim2,2,READ,0x20000b77000,4096
117239,victim1,1,READ,0x10000b6f000,4096
117241,victim3,3,READ,0x30000b6e000,4096
117257,victim2,2,READ,0x20000b78000,4096
117281,victim2,2,READ,0x20000b79000,4096
117286,victim3,3,READ,0x30000b6f000,4096
117294,victim1,1,READ,0x10000b70000,4096
117329,victim3,3,READ,0x30000b70000,4096
117332,victim2,2,READ,0x20000b7a000,4096
117335,victim1,1,READ,0x10000b71000,4096
117359,victim2,2,READ,0x20000b7b000,4096
117376,victim3,3,READ,0x30000b71000,4096
117393,victim1,1,READ,0x10000b72000,4096
117415,victim2,2,READ,0x20000b7c000,4096
117415,victim3,3,READ,0x30000b72000,4096
117438,victim1,1,READ,0x10000b73000,4096
117451,victim3,3,READ,0x30000b73000,4096
117460,victim2,2,READ,0x20000b7d000,4096
117473,victim3,3,READ,0x30000b74000,4096
117476,victim1,1,READ,0x10000b74000,4096
117483,victim2,2,WRITE,0x20000b7e000,4096
117506,victim3,3,READ,0x30000b75000,4096
117528,victim1,1,WRITE,0x10000b75000,4096
117533,victim3,3,READ,0x30000b76000,4096
117535,victim2,2,WRITE,0x20000b7f000,4096
117563,victim3,3,READ,0x30000b77000,4096
117578,victim2,2,READ,0x20000b80000,4096
117584,victim1,1,READ,0x10000b76000,4096
117604,victim1,1,READ,0x10000b77000,4096
117614,victim3,3,WRITE,0x30000b78000,4096
117620,victim2,2,READ,0x20000b81000,4096
117636,victim1,1,WRITE,0x10000b78000,4096
117666,victim3,3,READ,0x30000b79000,4096
117672,victim1,1,READ,0x10000b79000,4096
117679,victim2,2,READ,0x20000b82000,4096
117709,victim1,1,WRITE,0x10000b7a000,4096
117726,victim3,3,READ,0x30000b7a000,4096
117732,victim2,2,READ,0x20000b83000,4096
117748,victim3,3,READ,0x30000b7b000,4096
117760,victim1,1,READ,0x10000b7b000,4096
117761,victim2,2,READ,0x20000b84000,4096
117786,victim3,3,READ,0x30000b7c000,4096
117808,victim2,2,READ,0x20000b85000,4096
117811,victim1,1,READ,0x10000b7c000,4096
117825,victim3,3,READ,0x30000b7d000,4096
117862,victim2,2,READ,0x20000b86000,4096
117864,victim1,1,READ,0x10000b7d000,4096
117874,victim3,3,WRITE,0x30000b7e000,4096
117895,victim2,2,READ,0x20000b87000,4096
117900,victim3,3,READ,0x30000b7f000,4096
117916,victim1,1,READ,0x10000b7e000,4096
117925,victim2,2,READ,0x20000b88000,4096
117945,victim1,1,READ,0x10000b7f000,4096
117949,victim3,3,READ,0x30000b80000,4096
117952,victim2,2,READ,0x20000b89000,4096
117985,victim3,3,READ,0x30000b81000,4096
117989,victim2,2,WRITE,0x20000b8a000,4096
117998,victim1,1,READ,0x10000b80000,4096
118009,victim2,2,READ,0x20000b8b000,4096
118031,victim3,3,READ,0x30000b82000,4096
118036,victim1,1,READ,0x10000b81000,4096
118059,victim2,2,READ,0x20000b8c000,4096
118063,victim1,1,READ,0x10000b82000,4096
118091,victim3,3,READ,0x30000b83000,4096
118100,victim2,2,READ,0x20000b8d000,4096
118111,victim1,1,READ,0x10000b83000,4096
118126,victim2,2,READ,0x20000b8e000,4096
118127,victim3,3,READ,0x30000b84000,4096
118161,victim1,1,READ,0x10000b84000,4096
118171,victim3,3,READ,0x30000b85000,4096
118175,victim2,2,READ,0x20000b8f000,4096
118183,victim1,1,WRITE,0x10000b85000,4096
118216,victim3,3,READ,0x30000b86000,4096
118218,victim2,2,READ,0x20000b90000,4096
118242,victim1,1,READ,0x10000b86000,4096
118249,victim3,3,READ,0x30000b87000,4096
118255,victim2,2,READ,0x20000b91000,4096
118285,victim1,1,READ,0x10000b87000,4096
118302,victim3,3,WRITE,0x30000b88000,4096
118314,victim2,2,READ,0x20000b92000,4096
118327,victim3,3,WRITE,0x30000b89000,4096
118334,victim2,2,READ,0x20000b93000,4096
118345,victim1,1,READ,0x10000b88000,4096
118359,victim3,3,READ,0x30000b8a000,4096
118367,victim2,2,READ,0x20000b94000,4096
118400,victim1,1,READ,0x10000b89000,4096
118409,victim3,3,READ,0x30000b8b000,4096
118412,victim2,2,READ,0x20000b95000,4096
118435,victim1,1,READ,0x10000b8a000,4096
118440,victim2,2,READ,0x20000b96000,4096
118447,victim3,3,READ,0x30000b8c000,4096
118469,victim1,1,READ,0x10000b8b000,4096
118484,victim3,3,WRITE,0x30000b8d000,4096
118496,victim2,2,WRITE,0x20000b97000,4096
118498,victim1,1,READ,0x10000b8c000,4096
118519,victim3,3,WRITE,0x30000b8e000,4096
118542,victim2,2,READ,0x20000b98000,4096
118549,victim1,1,READ,0x10000b8d000,4096
118572,victim1,1,READ,0x10000b8e000,4096
118575,victim3,3,READ,0x30000b8f000,4096
118592,victim2,2,READ,0x20000b99000,4096
118622,victim1,1,READ,0x10000b8f000,4096
118627,victim3,3,READ,0x30000b90000,4096
118649,victim2,2,READ,0x20000b9a000,4096
118663,victim3,3,READ,0x30000b91000,4096
118681,victim1,1,READ,0x10000b90000,4096
118684,victim2,2,READ,0x20000b9b000,4096
118700,victim3,3,READ,0x30000b92000,4096
118712,victim1,1,READ,0x10000b91000,4096
118734,victim2,2,READ,0x20000b9c000,4096
118737,victim3,3,READ,0x30000b93000,4096
118753,victim1,1,READ,0x10000b92000,4096
118768,victim3,3,READ,0x30000b94000,4096
118788,victim2,2,READ,0x20000b9d000,4096
118809,victim1,1,WRITE,0x10000b93000,4096
118816,victim3,3,READ,0x30000b95000,4096
118840,victim2,2,WRITE,0x20000b9e000,4096
118845,victim1,1,WRITE,0x10000b94000,4096
118851,victim3,3,READ,0x30000b96000,4096
118874,victim3,3,READ,0x30000b97000,4096
118893,victim2,2,WRITE,0x20000b9f000,4096
118899,victim1,1,READ,0x10000b95000,4096
118921,victim2,2,READ,0x20000ba0000,4096
118928,victim3,3,READ,0x30000b98000,4096
118951,victim1,1,READ,0x10000b96000,4096
118955,victim3,3,READ,0x30000b99000,4096
118980,victim2,2,READ,0x20000ba1000,4096
118996,victim1,1,READ,0x10000b97000,4096
118998,victim3,3,READ,0x30000b9a000,4096
119003,victim2,2,WRITE,0x20000ba2000,4096
119032,victim2,2,READ,0x20000ba3000,4096
119050,victim3,3,READ,0x30000b9b000,4096
119052,victim1,1,READ,0x10000b98000,4096
119084,victim2,2,READ,0x20000ba4000,4096
119089,victim3,3,READ,0x30000b9c000,4096
119111,victim1,1,READ,0x10000b99000,4096
119114,victim3,3,READ,0x30000b9d000,4096
119122,victim2,2,READ,0x20000ba5000,4096
119152,victim2,2,READ,0x20000ba6000,4096
119157,victim3,3,READ,0x30000b9e000,4096
119159,victim1,1,READ,0x10000b9a000,4096
119195,victim1,1,READ,0x10000b9b000,4096
119198,victim2,2,READ,0x20000ba7000,4096
119211,victim3,3,WRITE,0x30000b9f000,4096
119234,victim2,2,READ,0x20000ba8000,4096
119242,victim3,3,READ,0x30000ba0000,4096
119255,victim1,1,READ,0x10000b9c000,4096
119279,victim2,2,READ,0x20000ba9000,4096
119292,victim1,1,READ,0x10000b9d000,4096
119297,victim3,3,READ,0x30000ba1000,4096
119326,victim2,2,READ,0x20000baa000,4096
119326,victim3,3,READ,0x30000ba2000,4096
119340,victim1,1,READ,0x10000b9e000,4096
119347,victim3,3,READ,0x30000ba3000,4096
119360,victim1,1,READ,0x10000b9f000,4096
119378,victim2,2,READ,0x20000bab000,4096
119389,victim3,3,READ,0x30000ba4000,4096
119400,victim2,2,READ,0x20000bac000,4096
119407,victim1,1,READ,0x10000ba0000,4096
119435,victim3,3,READ,0x30000ba5000,4096
119437,victim1,1,WRITE,0x10000ba1000,4096
119451,victim2,2,READ,0x20000bad000,4096
119474,victim2,2,READ,0x20000bae000,4096
119481,victim3,3,READ,0x30000ba6000,4096
119487,victim1,1,READ,0x10000ba2000,4096
119516,victim1,1,READ,0x10000ba3000,4096
119519,victim3,3,READ,0x30000ba7000,4096
119528,victim2,2,READ,0x20000baf000,4096
119560,victim2,2,READ,0x20000bb0000,4096
119574,victim1,1,READ,0x10000ba4000,4096
119575,victim3,3,READ,0x30000ba8000,4096
119586,victim2,2,READ,0x20000bb1000,4096
119595,victim3,3,READ,0x30000ba9000,4096
119598,victim1,1,READ,0x10000ba5000,4096
119626,victim3,3,READ,0x30000baa000,4096
119636,victim1,1,READ,0x10000ba6000,4096
119637,victim2,2,READ,0x20000bb2000,4096
119646,victim3,3,READ,0x30000bab000,4096
119670,victim1,1,READ,0x10000ba7000,4096
119672,victim2,2,READ,0x20000bb3000,4096
119698,victim3,3,READ,0x30000bac000,4096
119701,victim2,2,READ,0x20000bb4000,4096
119722,victim2,2,WRITE,0x20000bb5000,4096
119727,victim1,1,READ,0x10000ba8000,4096
119737,victim3,3,READ,0x30000bad000,4096
119769,victim3,3,READ,0x30000bae000,4096
119771,victim1,1,READ,0x10000ba9000,4096
119772,victim2,2,READ,0x20000bb6000,4096
119805,victim2,2,READ,0x20000bb7000,4096
119811,victim3,3,READ,0x30000baf000,4096
119827,victim1,1,READ,0x10000baa000,4096
119854,victim3,3,READ,0x30000bb0000,4096
119870,victim1,1,READ,0x10000bab000,4096
119875,victim3,3,READ,0x30000bb1000,4096
119909,victim1,1,READ,0x10000bac000,4096
119933,victim3,3,READ,0x30000bb2000,4096
119957,victim1,1,READ,0x10000bad000,4096
119976,victim3,3,READ,0x30000bb3000,4096
120003,victim1,1,READ,0x10000bae000,4096
120012,victim3,3,READ,0x30000bb4000,4096
120032,victim3,3,READ,0x30000bb5000,4096
120046,victim1,1,READ,0x10000baf000,4096
120058,victim3,3,READ,0x30000bb6000,4096
120068,victim1,1,READ,0x10000bb0000,4096
120085,victim3,3,READ,0x30000bb7000,4096
120107,victim1,1,READ,0x10000bb1000,4096
120143,victim1,1,WRITE,0x10000bb2000,4096
120167,victim1,1,READ,0x10000bb3000,4096
120207,victim1,1,READ,0x10000bb4000,4096
120263,victim1,1,READ,0x10000bb5000,4096
120301,victim1,1,READ,0x10000bb6000,4096
120356,victim1,1,READ,0x10000bb7000,4096
