timestamp,process_id,user_id,type,address,size
0,burst_user0,0,WRITE,0x0,8192
0,burst_user0,0,READ,0x2000,8192
0,burst_user0,0,READ,0x4000,8192
0,burst_user0,0,WRITE,0x6000,8192
0,burst_user0,0,READ,0x8000,8192
0,burst_user0,0,READ,0xa000,8192
0,burst_user0,0,WRITE,0xc000,8192
0,burst_user0,0,READ,0xe000,8192
0,burst_user0,0,READ,0x10000,8192
0,burst_user0,0,WRITE,0x12000,8192
0,burst_user0,0,READ,0x14000,8192
0,burst_user0,0,READ,0x16000,8192
0,burst_user0,0,WRITE,0x18000,8192
0,burst_user0,0,READ,0x1a000,8192
0,burst_user0,0,READ,0x1c000,8192
0,burst_user0,0,WRITE,0x1e000,8192
0,burst_user0,0,READ,0x20000,8192
0,burst_user0,0,READ,0x22000,8192
0,burst_user0,0,WRITE,0x24000,8192
0,burst_user0,0,READ,0x26000,8192
0,burst_user0,0,READ,0x28000,8192
0,burst_user0,0,WRITE,0x2a000,8192
0,burst_user0,0,READ,0x2c000,8192
0,burst_user0,0,READ,0x2e000,8192
0,burst_user0,0,WRITE,0x30000,8192
0,burst_user0,0,READ,0x32000,8192
0,burst_user0,0,READ,0x34000,8192
0,burst_user0,0,WRITE,0x36000,8192
0,burst_user0,0,READ,0x38000,8192
0,burst_user0,0,READ,0x3a000,8192
0,burst_user0,0,WRITE,0x3c000,8192
0,burst_user0,0,READ,0x3e000,8192
0,burst_user0,0,READ,0x40000,8192
0,burst_user0,0,WRITE,0x42000,8192
0,burst_user0,0,READ,0x44000,8192
0,burst_user0,0,READ,0x46000,8192
0,burst_user0,0,WRITE,0x48000,8192
0,burst_user0,0,READ,0x4a000,8192
0,burst_user0,0,READ,0x4c000,8192
0,burst_user0,0,WRITE,0x4e000,8192
0,burst_user0,0,READ,0x50000,8192
0,burst_user0,0,READ,0x52000,8192
0,burst_user0,0,WRITE,0x54000,8192
0,burst_user0,0,READ,0x56000,8192
0,burst_user0,0,READ,0x58000,8192
0,burst_user0,0,WRITE,0x5a000,8192
0,burst_user0,0,READ,0x5c000,8192
0,burst_user0,0,READ,0x5e000,8192
0,burst_user0,0,WRITE,0x60000,8192
0,burst_user0,0,READ,0x62000,8192
0,burst_user0,0,READ,0x64000,8192
0,burst_user0,0,WRITE,0x66000,8192
0,burst_user0,0,READ,0x68000,8192
0,burst_user0,0,READ,0x6a000,8192
0,burst_user0,0,WRITE,0x6c000,8192
0,burst_user0,0,READ,0x6e000,8192
0,burst_user0,0,READ,0x70000,8192
0,burst_user0,0,WRITE,0x72000,8192
0,burst_user0,0,READ,0x74000,8192
0,burst_user0,0,READ,0x76000,8192
0,burst_user0,0,WRITE,0x78000,8192
0,burst_user0,0,READ,0x7a000,8192
0,burst_user0,0,READ,0x7c000,8192
0,burst_user0,0,WRITE,0x7e000,8192
0,burst_user0,0,READ,0x80000,8192
0,burst_user0,0,READ,0x82000,8192
0,burst_user0,0,WRITE,0x84000,8192
0,burst_user0,0,READ,0x86000,8192
0,burst_user0,0,READ,0x88000,8192
0,burst_user0,0,WRITE,0x8a000,8192
0,burst_user0,0,READ,0x8c000,8192
0,burst_user0,0,READ,0x8e000,8192
0,burst_user0,0,WRITE,0x90000,8192
0,burst_user0,0,READ,0x92000,8192
0,burst_user0,0,READ,0x94000,8192
0,burst_user0,0,WRITE,0x96000,8192
0,burst_user0,0,READ,0x98000,8192
0,burst_user0,0,READ,0x9a000,8192
0,burst_user0,0,WRITE,0x9c000,8192
0,burst_user0,0,READ,0x9e000,8192
0,burst_user0,0,READ,0xa0000,8192
0,burst_user0,0,WRITE,0xa2000,8192
0,burst_user0,0,READ,0xa4000,8192
0,burst_user0,0,READ,0xa6000,8192
0,burst_user0,0,WRITE,0xa8000,8192
0,burst_user0,0,READ,0xaa000,8192
0,burst_user0,0,READ,0xac000,8192
0,burst_user0,0,WRITE,0xae000,8192
0,burst_user0,0,READ,0xb0000,8192
0,burst_user0,0,READ,0xb2000,8192
0,burst_user0,0,WRITE,0xb4000,8192
0,burst_user0,0,READ,0xb6000,8192
0,burst_user0,0,READ,0xb8000,8192
0,burst_user0,0,WRITE,0xba000,8192
0,burst_user0,0,READ,0xbc000,8192
0,burst_user0,0,READ,0xbe000,8192
0,burst_user0,0,WRITE,0xc0000,8192
0,burst_user0,0,READ,0xc2000,8192
0,burst_user0,0,READ,0xc4000,8192
0,burst_user0,0,WRITE,0xc6000,8192
0,burst_user0,0,READ,0xc8000,8192
0,burst_user0,0,READ,0xca000,8192
0,burst_user0,0,WRITE,0xcc000,8192
0,burst_user0,0,READ,0xce000,8192
0,burst_user0,0,READ,0xd0000,8192
0,burst_user0,0,WRITE,0xd2000,8192
0,burst_user0,0,READ,0xd4000,8192
0,burst_user0,0,READ,0xd6000,8192
0,burst_user0,0,WRITE,0xd8000,8192
0,burst_user0,0,READ,0xda000,8192
0,burst_user0,0,READ,0xdc000,8192
0,burst_user0,0,WRITE,0xde000,8192
0,burst_user0,0,READ,0xe0000,8192
0,burst_user0,0,READ,0xe2000,8192
0,burst_user0,0,WRITE,0xe4000,8192
0,burst_user0,0,READ,0xe6000,8192
0,burst_user0,0,READ,0xe8000,8192
0,burst_user0,0,WRITE,0xea000,8192
0,burst_user0,0,READ,0xec000,8192
0,burst_user0,0,READ,0xee000,8192
0,burst_user0,0,WRITE,0xf0000,8192
0,burst_user0,0,READ,0xf2000,8192
0,burst_user0,0,READ,0xf4000,8192
0,burst_user0,0,WRITE,0xf6000,8192
0,burst_user0,0,READ,0xf8000,8192
0,burst_user0,0,READ,0xfa000,8192
0,burst_user0,0,WRITE,0xfc000,8192
0,burst_user0,0,READ,0xfe000,8192
0,burst_user0,0,READ,0x100000,8192
0,burst_user0,0,WRITE,0x102000,8192
0,burst_user0,0,READ,0x104000,8192
0,burst_user0,0,READ,0x106000,8192
0,burst_user0,0,WRITE,0x108000,8192
0,burst_user0,0,READ,0x10a000,8192
0,burst_user0,0,READ,0x10c000,8192
0,burst_user0,0,WRITE,0x10e000,8192
0,burst_user0,0,READ,0x110000,8192
0,burst_user0,0,READ,0x112000,8192
0,burst_user0,0,WRITE,0x114000,8192
0,burst_user0,0,READ,0x116000,8192
0,burst_user0,0,READ,0x118000,8192
0,burst_user0,0,WRITE,0x11a000,8192
0,burst_user0,0,READ,0x11c000,8192
0,burst_user0,0,READ,0x11e000,8192
0,burst_user0,0,WRITE,0x120000,8192
0,burst_user0,0,READ,0x122000,8192
0,burst_user0,0,READ,0x124000,8192
0,burst_user0,0,WRITE,0x126000,8192
0,burst_user0,0,READ,0x128000,8192
0,burst_user0,0,READ,0x12a000,8192
0,burst_user0,0,WRITE,0x12c000,8192
0,burst_user0,0,READ,0x12e000,8192
0,burst_user0,0,READ,0x130000,8192
0,burst_user0,0,WRITE,0x132000,8192
0,burst_user0,0,READ,0x134000,8192
0,burst_user0,0,READ,0x136000,8192
0,burst_user0,0,WRITE,0x138000,8192
0,burst_user0,0,READ,0x13a000,8192
0,burst_user0,0,READ,0x13c000,8192
0,burst_user0,0,WRITE,0x13e000,8192
0,burst_user0,0,READ,0x140000,8192
0,burst_user0,0,READ,0x142000,8192
0,burst_user0,0,WRITE,0x144000,8192
0,burst_user0,0,READ,0x146000,8192
0,burst_user0,0,READ,0x148000,8192
0,burst_user0,0,WRITE,0x14a000,8192
0,burst_user0,0,READ,0x14c000,8192
0,burst_user0,0,READ,0x14e000,8192
0,burst_user0,0,WRITE,0x150000,8192
0,burst_user0,0,READ,0x152000,8192
0,burst_user0,0,READ,0x154000,8192
0,burst_user0,0,WRITE,0x156000,8192
0,burst_user0,0,READ,0x158000,8192
0,burst_user0,0,READ,0x15a000,8192
0,burst_user0,0,WRITE,0x15c000,8192
0,burst_user0,0,READ,0x15e000,8192
0,burst_user0,0,READ,0x160000,8192
0,burst_user0,0,WRITE,0x162000,8192
0,burst_user0,0,READ,0x164000,8192
0,burst_user0,0,READ,0x166000,8192
0,burst_user0,0,WRITE,0x168000,8192
0,burst_user0,0,READ,0x16a000,8192
0,burst_user0,0,READ,0x16c000,8192
0,burst_user0,0,WRITE,0x16e000,8192
0,burst_user0,0,READ,0x170000,8192
0,burst_user0,0,READ,0x172000,8192
0,burst_user0,0,WRITE,0x174000,8192
0,burst_user0,0,READ,0x176000,8192
0,burst_user0,0,READ,0x178000,8192
0,burst_user0,0,WRITE,0x17a000,8192
0,burst_user0,0,READ,0x17c000,8192
0,burst_user0,0,READ,0x17e000,8192
0,burst_user0,0,WRITE,0x180000,8192
0,burst_user0,0,READ,0x182000,8192
0,burst_user0,0,READ,0x184000,8192
0,burst_user0,0,WRITE,0x186000,8192
0,burst_user0,0,READ,0x188000,8192
0,burst_user0,0,READ,0x18a000,8192
0,burst_user0,0,WRITE,0x18c000,8192
0,burst_user0,0,READ,0x18e000,8192
0,burst_user0,0,READ,0x190000,8192
0,burst_user0,0,WRITE,0x192000,8192
0,burst_user0,0,READ,0x194000,8192
0,burst_user0,0,READ,0x196000,8192
0,burst_user0,0,WRITE,0x198000,8192
0,burst_user0,0,READ,0x19a000,8192
0,burst_user0,0,READ,0x19c000,8192
0,burst_user0,0,WRITE,0x19e000,8192
0,burst_user0,0,READ,0x1a0000,8192
0,burst_user0,0,READ,0x1a2000,8192
0,burst_user0,0,WRITE,0x1a4000,8192
0,burst_user0,0,READ,0x1a6000,8192
0,burst_user0,0,READ,0x1a8000,8192
0,burst_user0,0,WRITE,0x1aa000,8192
0,burst_user0,0,READ,0x1ac000,8192
0,burst_user0,0,READ,0x1ae000,8192
0,burst_user0,0,WRITE,0x1b0000,8192
0,burst_user0,0,READ,0x1b2000,8192
0,burst_user0,0,READ,0x1b4000,8192
0,burst_user0,0,WRITE,0x1b6000,8192
0,burst_user0,0,READ,0x1b8000,8192
0,burst_user0,0,READ,0x1ba000,8192
0,burst_user0,0,WRITE,0x1bc000,8192
0,burst_user0,0,READ,0x1be000,8192
0,burst_user0,0,READ,0x1c0000,8192
0,burst_user0,0,WRITE,0x1c2000,8192
0,burst_user0,0,READ,0x1c4000,8192
0,burst_user0,0,READ,0x1c6000,8192
0,burst_user0,0,WRITE,0x1c8000,8192
0,burst_user0,0,READ,0x1ca000,8192
0,burst_user0,0,READ,0x1cc000,8192
0,burst_user0,0,WRITE,0x1ce000,8192
0,burst_user0,0,READ,0x1d0000,8192
0,burst_user0,0,READ,0x1d2000,8192
0,burst_user0,0,WRITE,0x1d4000,8192
0,burst_user0,0,READ,0x1d6000,8192
0,burst_user0,0,READ,0x1d8000,8192
0,burst_user0,0,WRITE,0x1da000,8192
0,burst_user0,0,READ,0x1dc000,8192
0,burst_user0,0,READ,0x1de000,8192
0,burst_user0,0,WRITE,0x1e0000,8192
0,burst_user0,0,READ,0x1e2000,8192
0,burst_user0,0,READ,0x1e4000,8192
0,burst_user0,0,WRITE,0x1e6000,8192
0,burst_user0,0,READ,0x1e8000,8192
0,burst_user0,0,READ,0x1ea000,8192
0,burst_user0,0,WRITE,0x1ec000,8192
0,burst_user0,0,READ,0x1ee000,8192
0,burst_user0,0,READ,0x1f0000,8192
0,burst_user0,0,WRITE,0x1f2000,8192
0,burst_user0,0,READ,0x1f4000,8192
0,burst_user0,0,READ,0x1f6000,8192
0,burst_user0,0,WRITE,0x1f8000,8192
0,burst_user0,0,READ,0x1fa000,8192
0,burst_user0,0,READ,0x1fc000,8192
0,burst_user0,0,WRITE,0x1fe000,8192
0,burst_user0,0,READ,0x200000,8192
0,burst_user0,0,READ,0x202000,8192
0,burst_user0,0,WRITE,0x204000,8192
0,burst_user0,0,READ,0x206000,8192
0,burst_user0,0,READ,0x208000,8192
0,burst_user0,0,WRITE,0x20a000,8192
0,burst_user0,0,READ,0x20c000,8192
0,burst_user0,0,READ,0x20e000,8192
0,burst_user0,0,WRITE,0x210000,8192
0,burst_user0,0,READ,0x212000,8192
0,burst_user0,0,READ,0x214000,8192
0,burst_user0,0,WRITE,0x216000,8192
0,burst_user0,0,READ,0x218000,8192
0,burst_user0,0,READ,0x21a000,8192
0,burst_user0,0,WRITE,0x21c000,8192
0,burst_user0,0,READ,0x21e000,8192
0,burst_user0,0,READ,0x220000,8192
0,burst_user0,0,WRITE,0x222000,8192
0,burst_user0,0,READ,0x224000,8192
0,burst_user0,0,READ,0x226000,8192
0,burst_user0,0,WRITE,0x228000,8192
0,burst_user0,0,READ,0x22a000,8192
0,burst_user0,0,READ,0x22c000,8192
0,burst_user0,0,WRITE,0x22e000,8192
0,burst_user0,0,READ,0x230000,8192
0,burst_user0,0,READ,0x232000,8192
0,burst_user0,0,WRITE,0x234000,8192
0,burst_user0,0,READ,0x236000,8192
0,burst_user0,0,READ,0x238000,8192
0,burst_user0,0,WRITE,0x23a000,8192
0,burst_user0,0,READ,0x23c000,8192
0,burst_user0,0,READ,0x23e000,8192
0,burst_user0,0,WRITE,0x240000,8192
0,burst_user0,0,READ,0x242000,8192
0,burst_user0,0,READ,0x244000,8192
0,burst_user0,0,WRITE,0x246000,8192
0,burst_user0,0,READ,0x248000,8192
0,burst_user0,0,READ,0x24a000,8192
0,burst_user0,0,WRITE,0x24c000,8192
0,burst_user0,0,READ,0x24e000,8192
0,burst_user0,0,READ,0x250000,8192
0,burst_user0,0,WRITE,0x252000,8192
0,burst_user0,0,READ,0x254000,8192
0,burst_user0,0,READ,0x256000,8192
0,burst_user0,0,WRITE,0x258000,8192
0,burst_user0,0,READ,0x25a000,8192
0,burst_user0,0,READ,0x25c000,8192
0,burst_user0,0,WRITE,0x25e000,8192
0,burst_user0,0,READ,0x260000,8192
0,burst_user0,0,READ,0x262000,8192
0,burst_user0,0,WRITE,0x264000,8192
0,burst_user0,0,READ,0x266000,8192
0,burst_user0,0,READ,0x268000,8192
0,burst_user0,0,WRITE,0x26a000,8192
0,burst_user0,0,READ,0x26c000,8192
0,burst_user0,0,READ,0x26e000,8192
0,burst_user0,0,WRITE,0x270000,8192
0,burst_user0,0,READ,0x272000,8192
0,burst_user0,0,READ,0x274000,8192
0,burst_user0,0,WRITE,0x276000,8192
0,burst_user0,0,READ,0x278000,8192
0,burst_user0,0,READ,0x27a000,8192
0,burst_user0,0,WRITE,0x27c000,8192
0,burst_user0,0,READ,0x27e000,8192
0,burst_user0,0,READ,0x280000,8192
0,burst_user0,0,WRITE,0x282000,8192
0,burst_user0,0,READ,0x284000,8192
0,burst_user0,0,READ,0x286000,8192
0,burst_user0,0,WRITE,0x288000,8192
0,burst_user0,0,READ,0x28a000,8192
0,burst_user0,0,READ,0x28c000,8192
0,burst_user0,0,WRITE,0x28e000,8192
0,burst_user0,0,READ,0x290000,8192
0,burst_user0,0,READ,0x292000,8192
0,burst_user0,0,WRITE,0x294000,8192
0,burst_user0,0,READ,0x296000,8192
0,burst_user0,0,READ,0x298000,8192
0,burst_user0,0,WRITE,0x29a000,8192
0,burst_user0,0,READ,0x29c000,8192
0,burst_user0,0,READ,0x29e000,8192
0,burst_user0,0,WRITE,0x2a0000,8192
0,burst_user0,0,READ,0x2a2000,8192
0,burst_user0,0,READ,0x2a4000,8192
0,burst_user0,0,WRITE,0x2a6000,8192
0,burst_user0,0,READ,0x2a8000,8192
0,burst_user0,0,READ,0x2aa000,8192
0,burst_user0,0,WRITE,0x2ac000,8192
0,burst_user0,0,READ,0x2ae000,8192
0,burst_user0,0,READ,0x2b0000,8192
0,burst_user0,0,WRITE,0x2b2000,8192
0,burst_user0,0,READ,0x2b4000,8192
0,burst_user0,0,READ,0x2b6000,8192
0,burst_user0,0,WRITE,0x2b8000,8192
0,burst_user0,0,READ,0x2ba000,8192
0,burst_user0,0,READ,0x2bc000,8192
0,burst_user0,0,WRITE,0x2be000,8192
0,burst_user0,0,READ,0x2c0000,8192
0,burst_user0,0,READ,0x2c2000,8192
0,burst_user0,0,WRITE,0x2c4000,8192
0,burst_user0,0,READ,0x2c6000,8192
0,burst_user0,0,READ,0x2c8000,8192
0,burst_user0,0,WRITE,0x2ca000,8192
0,burst_user0,0,READ,0x2cc000,8192
0,burst_user0,0,READ,0x2ce000,8192
0,burst_user0,0,WRITE,0x2d0000,8192
0,burst_user0,0,READ,0x2d2000,8192
0,burst_user0,0,READ,0x2d4000,8192
0,burst_user0,0,WRITE,0x2d6000,8192
0,burst_user0,0,READ,0x2d8000,8192
0,burst_user0,0,READ,0x2da000,8192
0,burst_user0,0,WRITE,0x2dc000,8192
0,burst_user0,0,READ,0x2de000,8192
0,burst_user0,0,READ,0x2e0000,8192
0,burst_user0,0,WRITE,0x2e2000,8192
0,burst_user0,0,READ,0x2e4000,8192
0,burst_user0,0,READ,0x2e6000,8192
0,burst_user0,0,WRITE,0x2e8000,8192
0,burst_user0,0,READ,0x2ea000,8192
0,burst_user0,0,READ,0x2ec000,8192
0,burst_user0,0,WRITE,0x2ee000,8192
0,burst_user0,0,READ,0x2f0000,8192
0,burst_user0,0,READ,0x2f2000,8192
0,burst_user0,0,WRITE,0x2f4000,8192
0,burst_user0,0,READ,0x2f6000,8192
0,burst_user0,0,READ,0x2f8000,8192
0,burst_user0,0,WRITE,0x2fa000,8192
0,burst_user0,0,READ,0x2fc000,8192
0,burst_user0,0,READ,0x2fe000,8192
0,burst_user0,0,WRITE,0x300000,8192
0,burst_user0,0,READ,0x302000,8192
0,burst_user0,0,READ,0x304000,8192
0,burst_user0,0,WRITE,0x306000,8192
0,burst_user0,0,READ,0x308000,8192
0,burst_user0,0,READ,0x30a000,8192
0,burst_user0,0,WRITE,0x30c000,8192
0,burst_user0,0,READ,0x30e000,8192
0,burst_user0,0,READ,0x310000,8192
0,burst_user0,0,WRITE,0x312000,8192
0,burst_user0,0,READ,0x314000,8192
0,burst_user0,0,READ,0x316000,8192
0,burst_user0,0,WRITE,0x318000,8192
0,burst_user0,0,READ,0x31a000,8192
0,burst_user0,0,READ,0x31c000,8192
0,burst_user0,0,WRITE,0x31e000,8192
0,burst_user0,0,READ,0x320000,8192
0,burst_user0,0,READ,0x322000,8192
0,burst_user0,0,WRITE,0x324000,8192
0,burst_user0,0,READ,0x326000,8192
0,burst_user0,0,READ,0x328000,8192
0,burst_user0,0,WRITE,0x32a000,8192
0,burst_user0,0,READ,0x32c000,8192
0,burst_user0,0,READ,0x32e000,8192
0,burst_user0,0,WRITE,0x330000,8192
0,burst_user0,0,READ,0x332000,8192
0,burst_user0,0,READ,0x334000,8192
0,burst_user0,0,WRITE,0x336000,8192
0,burst_user0,0,READ,0x338000,8192
0,burst_user0,0,READ,0x33a000,8192
0,burst_user0,0,WRITE,0x33c000,8192
0,burst_user0,0,READ,0x33e000,8192
0,burst_user0,0,READ,0x340000,8192
0,burst_user0,0,WRITE,0x342000,8192
0,burst_user0,0,READ,0x344000,8192
0,burst_user0,0,READ,0x346000,8192
0,burst_user0,0,WRITE,0x348000,8192
0,burst_user0,0,READ,0x34a000,8192
0,burst_user0,0,READ,0x34c000,8192
0,burst_user0,0,WRITE,0x34e000,8192
0,burst_user0,0,READ,0x350000,8192
0,burst_user0,0,READ,0x352000,8192
0,burst_user0,0,WRITE,0x354000,8192
0,burst_user0,0,READ,0x356000,8192
0,burst_user0,0,READ,0x358000,8192
0,burst_user0,0,WRITE,0x35a000,8192
0,burst_user0,0,READ,0x35c000,8192
0,burst_user0,0,READ,0x35e000,8192
0,burst_user0,0,WRITE,0x360000,8192
0,burst_user0,0,READ,0x362000,8192
0,burst_user0,0,READ,0x364000,8192
0,burst_user0,0,WRITE,0x366000,8192
0,burst_user0,0,READ,0x368000,8192
0,burst_user0,0,READ,0x36a000,8192
0,burst_user0,0,WRITE,0x36c000,8192
0,burst_user0,0,READ,0x36e000,8192
0,burst_user0,0,READ,0x370000,8192
0,burst_user0,0,WRITE,0x372000,8192
0,burst_user0,0,READ,0x374000,8192
0,burst_user0,0,READ,0x376000,8192
0,burst_user0,0,WRITE,0x378000,8192
0,burst_user0,0,READ,0x37a000,8192
0,burst_user0,0,READ,0x37c000,8192
0,burst_user0,0,WRITE,0x37e000,8192
0,burst_user0,0,READ,0x380000,8192
0,burst_user0,0,READ,0x382000,8192
0,burst_user0,0,WRITE,0x384000,8192
0,burst_user0,0,READ,0x386000,8192
0,burst_user0,0,READ,0x388000,8192
0,burst_user0,0,WRITE,0x38a000,8192
0,burst_user0,0,READ,0x38c000,8192
0,burst_user0,0,READ,0x38e000,8192
0,burst_user0,0,WRITE,0x390000,8192
0,burst_user0,0,READ,0x392000,8192
0,burst_user0,0,READ,0x394000,8192
0,burst_user0,0,WRITE,0x396000,8192
0,burst_user0,0,READ,0x398000,8192
0,burst_user0,0,READ,0x39a000,8192
0,burst_user0,0,WRITE,0x39c000,8192
0,burst_user0,0,READ,0x39e000,8192
0,burst_user0,0,READ,0x3a0000,8192
0,burst_user0,0,WRITE,0x3a2000,8192
0,burst_user0,0,READ,0x3a4000,8192
0,burst_user0,0,READ,0x3a6000,8192
0,burst_user0,0,WRITE,0x3a8000,8192
0,burst_user0,0,READ,0x3aa000,8192
0,burst_user0,0,READ,0x3ac000,8192
0,burst_user0,0,WRITE,0x3ae000,8192
0,burst_user0,0,READ,0x3b0000,8192
0,burst_user0,0,READ,0x3b2000,8192
0,burst_user0,0,WRITE,0x3b4000,8192
0,burst_user0,0,READ,0x3b6000,8192
0,burst_user0,0,READ,0x3b8000,8192
0,burst_user0,0,WRITE,0x3ba000,8192
0,burst_user0,0,READ,0x3bc000,8192
0,burst_user0,0,READ,0x3be000,8192
0,burst_user0,0,WRITE,0x3c0000,8192
0,burst_user0,0,READ,0x3c2000,8192
0,burst_user0,0,READ,0x3c4000,8192
0,burst_user0,0,WRITE,0x3c6000,8192
0,burst_user0,0,READ,0x3c8000,8192
0,burst_user0,0,READ,0x3ca000,8192
0,burst_user0,0,WRITE,0x3cc000,8192
0,burst_user0,0,READ,0x3ce000,8192
0,burst_user0,0,READ,0x3d0000,8192
0,burst_user0,0,WRITE,0x3d2000,8192
0,burst_user0,0,READ,0x3d4000,8192
0,burst_user0,0,READ,0x3d6000,8192
0,burst_user0,0,WRITE,0x3d8000,8192
0,burst_user0,0,READ,0x3da000,8192
0,burst_user0,0,READ,0x3dc000,8192
0,burst_user0,0,WRITE,0x3de000,8192
0,burst_user0,0,READ,0x3e0000,8192
0,burst_user0,0,READ,0x3e2000,8192
0,burst_user0,0,WRITE,0x3e4000,8192
0,burst_user0,0,READ,0x3e6000,8192
0,burst_user0,0,READ,0x3e8000,8192
0,burst_user0,0,WRITE,0x3ea000,8192
0,burst_user0,0,READ,0x3ec000,8192
0,burst_user0,0,READ,0x3ee000,8192
0,burst_user0,0,WRITE,0x3f0000,8192
0,burst_user0,0,READ,0x3f2000,8192
0,burst_user0,0,READ,0x3f4000,8192
0,burst_user0,0,WRITE,0x3f6000,8192
0,burst_user0,0,READ,0x3f8000,8192
0,burst_user0,0,READ,0x3fa000,8192
0,burst_user0,0,WRITE,0x3fc000,8192
0,burst_user0,0,READ,0x3fe000,8192
0,burst_user0,0,READ,0x400000,8192
0,burst_user0,0,WRITE,0x402000,8192
0,burst_user0,0,READ,0x404000,8192
0,burst_user0,0,READ,0x406000,8192
0,burst_user0,0,WRITE,0x408000,8192
0,burst_user0,0,READ,0x40a000,8192
0,burst_user0,0,READ,0x40c000,8192
0,burst_user0,0,WRITE,0x40e000,8192
0,burst_user0,0,READ,0x410000,8192
0,burst_user0,0,READ,0x412000,8192
0,burst_user0,0,WRITE,0x414000,8192
0,burst_user0,0,READ,0x416000,8192
0,burst_user0,0,READ,0x418000,8192
0,burst_user0,0,WRITE,0x41a000,8192
0,burst_user0,0,READ,0x41c000,8192
0,burst_user0,0,READ,0x41e000,8192
0,burst_user0,0,WRITE,0x420000,8192
0,burst_user0,0,READ,0x422000,8192
0,burst_user0,0,READ,0x424000,8192
0,burst_user0,0,WRITE,0x426000,8192
0,burst_user0,0,READ,0x428000,8192
0,burst_user0,0,READ,0x42a000,8192
0,burst_user0,0,WRITE,0x42c000,8192
0,burst_user0,0,READ,0x42e000,8192
0,burst_user0,0,READ,0x430000,8192
0,burst_user0,0,WRITE,0x432000,8192
0,burst_user0,0,READ,0x434000,8192
0,burst_user0,0,READ,0x436000,8192
0,burst_user0,0,WRITE,0x438000,8192
0,burst_user0,0,READ,0x43a000,8192
0,burst_user0,0,READ,0x43c000,8192
0,burst_user0,0,WRITE,0x43e000,8192
0,burst_user0,0,READ,0x440000,8192
0,burst_user0,0,READ,0x442000,8192
0,burst_user0,0,WRITE,0x444000,8192
0,burst_user0,0,READ,0x446000,8192
0,burst_user0,0,READ,0x448000,8192
0,burst_user0,0,WRITE,0x44a000,8192
0,burst_user0,0,READ,0x44c000,8192
0,burst_user0,0,READ,0x44e000,8192
0,burst_user0,0,WRITE,0x450000,8192
0,burst_user0,0,READ,0x452000,8192
0,burst_user0,0,READ,0x454000,8192
0,burst_user0,0,WRITE,0x456000,8192
0,burst_user0,0,READ,0x458000,8192
0,burst_user0,0,READ,0x45a000,8192
0,burst_user0,0,WRITE,0x45c000,8192
0,burst_user0,0,READ,0x45e000,8192
0,burst_user0,0,READ,0x460000,8192
0,burst_user0,0,WRITE,0x462000,8192
0,burst_user0,0,READ,0x464000,8192
0,burst_user0,0,READ,0x466000,8192
0,burst_user0,0,WRITE,0x468000,8192
0,burst_user0,0,READ,0x46a000,8192
0,burst_user0,0,READ,0x46c000,8192
0,burst_user0,0,WRITE,0x46e000,8192
0,burst_user0,0,READ,0x470000,8192
0,burst_user0,0,READ,0x472000,8192
0,burst_user0,0,WRITE,0x474000,8192
0,burst_user0,0,READ,0x476000,8192
0,burst_user0,0,READ,0x478000,8192
0,burst_user0,0,WRITE,0x47a000,8192
0,burst_user0,0,READ,0x47c000,8192
0,burst_user0,0,READ,0x47e000,8192
0,burst_user0,0,WRITE,0x480000,8192
0,burst_user0,0,READ,0x482000,8192
0,burst_user0,0,READ,0x484000,8192
0,burst_user0,0,WRITE,0x486000,8192
0,burst_user0,0,READ,0x488000,8192
0,burst_user0,0,READ,0x48a000,8192
0,burst_user0,0,WRITE,0x48c000,8192
0,burst_user0,0,READ,0x48e000,8192
0,burst_user0,0,READ,0x490000,8192
0,burst_user0,0,WRITE,0x492000,8192
0,burst_user0,0,READ,0x494000,8192
0,burst_user0,0,READ,0x496000,8192
0,burst_user0,0,WRITE,0x498000,8192
0,burst_user0,0,READ,0x49a000,8192
0,burst_user0,0,READ,0x49c000,8192
0,burst_user0,0,WRITE,0x49e000,8192
0,burst_user0,0,READ,0x4a0000,8192
0,burst_user0,0,READ,0x4a2000,8192
0,burst_user0,0,WRITE,0x4a4000,8192
0,burst_user0,0,READ,0x4a6000,8192
0,burst_user0,0,READ,0x4a8000,8192
0,burst_user0,0,WRITE,0x4aa000,8192
0,burst_user0,0,READ,0x4ac000,8192
0,burst_user0,0,READ,0x4ae000,8192
0,burst_user0,0,WRITE,0x4b0000,8192
0,burst_user0,0,READ,0x4b2000,8192
0,burst_user0,0,READ,0x4b4000,8192
0,burst_user0,0,WRITE,0x4b6000,8192
0,burst_user0,0,READ,0x4b8000,8192
0,burst_user0,0,READ,0x4ba000,8192
0,burst_user0,0,WRITE,0x4bc000,8192
0,burst_user0,0,READ,0x4be000,8192
0,burst_user0,0,READ,0x4c0000,8192
0,burst_user0,0,WRITE,0x4c2000,8192
0,burst_user0,0,READ,0x4c4000,8192
0,burst_user0,0,READ,0x4c6000,8192
0,burst_user0,0,WRITE,0x4c8000,8192
0,burst_user0,0,READ,0x4ca000,8192
0,burst_user0,0,READ,0x4cc000,8192
0,burst_user0,0,WRITE,0x4ce000,8192
0,burst_user0,0,READ,0x4d0000,8192
0,burst_user0,0,READ,0x4d2000,8192
0,burst_user0,0,WRITE,0x4d4000,8192
0,burst_user0,0,READ,0x4d6000,8192
0,burst_user0,0,READ,0x4d8000,8192
0,burst_user0,0,WRITE,0x4da000,8192
0,burst_user0,0,READ,0x4dc000,8192
0,burst_user0,0,READ,0x4de000,8192
0,burst_user0,0,WRITE,0x4e0000,8192
0,burst_user0,0,READ,0x4e2000,8192
0,burst_user0,0,READ,0x4e4000,8192
0,burst_user0,0,WRITE,0x4e6000,8192
0,burst_user0,0,READ,0x4e8000,8192
0,burst_user0,0,READ,0x4ea000,8192
0,burst_user0,0,WRITE,0x4ec000,8192
0,burst_user0,0,READ,0x4ee000,8192
0,burst_user0,0,READ,0x4f0000,8192
0,burst_user0,0,WRITE,0x4f2000,8192
0,burst_user0,0,READ,0x4f4000,8192
0,burst_user0,0,READ,0x4f6000,8192
0,burst_user0,0,WRITE,0x4f8000,8192
0,burst_user0,0,READ,0x4fa000,8192
0,burst_user0,0,READ,0x4fc000,8192
0,burst_user0,0,WRITE,0x4fe000,8192
0,burst_user0,0,READ,0x500000,8192
0,burst_user0,0,READ,0x502000,8192
0,burst_user0,0,WRITE,0x504000,8192
0,burst_user0,0,READ,0x506000,8192
0,burst_user0,0,READ,0x508000,8192
0,burst_user0,0,WRITE,0x50a000,8192
0,burst_user0,0,READ,0x50c000,8192
0,burst_user0,0,READ,0x50e000,8192
0,burst_user0,0,WRITE,0x510000,8192
0,burst_user0,0,READ,0x512000,8192
0,burst_user0,0,READ,0x514000,8192
0,burst_user0,0,WRITE,0x516000,8192
0,burst_user0,0,READ,0x518000,8192
0,burst_user0,0,READ,0x51a000,8192
0,burst_user0,0,WRITE,0x51c000,8192
0,burst_user0,0,READ,0x51e000,8192
0,burst_user0,0,READ,0x520000,8192
0,burst_user0,0,WRITE,0x522000,8192
0,burst_user0,0,READ,0x524000,8192
0,burst_user0,0,READ,0x526000,8192
0,burst_user0,0,WRITE,0x528000,8192
0,burst_user0,0,READ,0x52a000,8192
0,burst_user0,0,READ,0x52c000,8192
0,burst_user0,0,WRITE,0x52e000,8192
0,burst_user0,0,READ,0x530000,8192
0,burst_user0,0,READ,0x532000,8192
0,burst_user0,0,WRITE,0x534000,8192
0,burst_user0,0,READ,0x536000,8192
0,burst_user0,0,READ,0x538000,8192
0,burst_user0,0,WRITE,0x53a000,8192
0,burst_user0,0,READ,0x53c000,8192
0,burst_user0,0,READ,0x53e000,8192
0,burst_user0,0,WRITE,0x540000,8192
0,burst_user0,0,READ,0x542000,8192
0,burst_user0,0,READ,0x544000,8192
0,burst_user0,0,WRITE,0x546000,8192
0,burst_user0,0,READ,0x548000,8192
0,burst_user0,0,READ,0x54a000,8192
0,burst_user0,0,WRITE,0x54c000,8192
0,burst_user0,0,READ,0x54e000,8192
0,burst_user0,0,READ,0x550000,8192
0,burst_user0,0,WRITE,0x552000,8192
0,burst_user0,0,READ,0x554000,8192
0,burst_user0,0,READ,0x556000,8192
0,burst_user0,0,WRITE,0x558000,8192
0,burst_user0,0,READ,0x55a000,8192
0,burst_user0,0,READ,0x55c000,8192
0,burst_user0,0,WRITE,0x55e000,8192
0,burst_user0,0,READ,0x560000,8192
0,burst_user0,0,READ,0x562000,8192
0,burst_user0,0,WRITE,0x564000,8192
0,burst_user0,0,READ,0x566000,8192
0,burst_user0,0,READ,0x568000,8192
0,burst_user0,0,WRITE,0x56a000,8192
0,burst_user0,0,READ,0x56c000,8192
0,burst_user0,0,READ,0x56e000,8192
0,burst_user0,0,WRITE,0x570000,8192
0,burst_user0,0,READ,0x572000,8192
0,burst_user0,0,READ,0x574000,8192
0,burst_user0,0,WRITE,0x576000,8192
0,burst_user0,0,READ,0x578000,8192
0,burst_user0,0,READ,0x57a000,8192
0,burst_user0,0,WRITE,0x57c000,8192
0,burst_user0,0,READ,0x57e000,8192
0,burst_user0,0,READ,0x580000,8192
0,burst_user0,0,WRITE,0x582000,8192
0,burst_user0,0,READ,0x584000,8192
0,burst_user0,0,READ,0x586000,8192
0,burst_user0,0,WRITE,0x588000,8192
0,burst_user0,0,READ,0x58a000,8192
0,burst_user0,0,READ,0x58c000,8192
0,burst_user0,0,WRITE,0x58e000,8192
0,burst_user0,0,READ,0x590000,8192
0,burst_user0,0,READ,0x592000,8192
0,burst_user0,0,WRITE,0x594000,8192
0,burst_user0,0,READ,0x596000,8192
0,burst_user0,0,READ,0x598000,8192
0,burst_user0,0,WRITE,0x59a000,8192
0,burst_user0,0,READ,0x59c000,8192
0,burst_user0,0,READ,0x59e000,8192
0,burst_user0,0,WRITE,0x5a0000,8192
0,burst_user0,0,READ,0x5a2000,8192
0,burst_user0,0,READ,0x5a4000,8192
0,burst_user0,0,WRITE,0x5a6000,8192
0,burst_user0,0,READ,0x5a8000,8192
0,burst_user0,0,READ,0x5aa000,8192
0,burst_user0,0,WRITE,0x5ac000,8192
0,burst_user0,0,READ,0x5ae000,8192
0,burst_user0,0,READ,0x5b0000,8192
0,burst_user0,0,WRITE,0x5b2000,8192
0,burst_user0,0,READ,0x5b4000,8192
0,burst_user0,0,READ,0x5b6000,8192
0,burst_user0,0,WRITE,0x5b8000,8192
0,burst_user0,0,READ,0x5ba000,8192
0,burst_user0,0,READ,0x5bc000,8192
0,burst_user0,0,WRITE,0x5be000,8192
0,burst_user0,0,READ,0x5c0000,8192
0,burst_user0,0,READ,0x5c2000,8192
0,burst_user0,0,WRITE,0x5c4000,8192
0,burst_user0,0,READ,0x5c6000,8192
0,burst_user0,0,READ,0x5c8000,8192
0,burst_user0,0,WRITE,0x5ca000,8192
0,burst_user0,0,READ,0x5cc000,8192
0,burst_user0,0,READ,0x5ce000,8192
0,burst_user0,0,WRITE,0x5d0000,8192
0,burst_user0,0,READ,0x5d2000,8192
0,burst_user0,0,READ,0x5d4000,8192
0,burst_user0,0,WRITE,0x5d6000,8192
0,burst_user0,0,READ,0x5d8000,8192
0,burst_user0,0,READ,0x5da000,8192
0,burst_user0,0,WRITE,0x5dc000,8192
0,burst_user0,0,READ,0x5de000,8192
0,burst_user0,0,READ,0x5e0000,8192
0,burst_user0,0,WRITE,0x5e2000,8192
0,burst_user0,0,READ,0x5e4000,8192
0,burst_user0,0,READ,0x5e6000,8192
0,burst_user0,0,WRITE,0x5e8000,8192
0,burst_user0,0,READ,0x5ea000,8192
0,burst_user0,0,READ,0x5ec000,8192
0,burst_user0,0,WRITE,0x5ee000,8192
0,burst_user0,0,READ,0x5f0000,8192
0,burst_user0,0,READ,0x5f2000,8192
0,burst_user0,0,WRITE,0x5f4000,8192
0,burst_user0,0,READ,0x5f6000,8192
0,burst_user0,0,READ,0x5f8000,8192
0,burst_user0,0,WRITE,0x5fa000,8192
0,burst_user0,0,READ,0x5fc000,8192
0,burst_user0,0,READ,0x5fe000,8192
0,burst_user0,0,WRITE,0x600000,8192
0,burst_user0,0,READ,0x602000,8192
0,burst_user0,0,READ,0x604000,8192
0,burst_user0,0,WRITE,0x606000,8192
0,burst_user0,0,READ,0x608000,8192
0,burst_user0,0,READ,0x60a000,8192
0,burst_user0,0,WRITE,0x60c000,8192
0,burst_user0,0,READ,0x60e000,8192
0,burst_user0,0,READ,0x610000,8192
0,burst_user0,0,WRITE,0x612000,8192
0,burst_user0,0,READ,0x614000,8192
0,burst_user0,0,READ,0x616000,8192
0,burst_user0,0,WRITE,0x618000,8192
0,burst_user0,0,READ,0x61a000,8192
0,burst_user0,0,READ,0x61c000,8192
0,burst_user0,0,WRITE,0x61e000,8192
0,burst_user0,0,READ,0x620000,8192
0,burst_user0,0,READ,0x622000,8192
0,burst_user0,0,WRITE,0x624000,8192
0,burst_user0,0,READ,0x626000,8192
0,burst_user0,0,READ,0x628000,8192
0,burst_user0,0,WRITE,0x62a000,8192
0,burst_user0,0,READ,0x62c000,8192
0,burst_user0,0,READ,0x62e000,8192
0,burst_user0,0,WRITE,0x630000,8192
0,burst_user0,0,READ,0x632000,8192
0,burst_user0,0,READ,0x634000,8192
0,burst_user0,0,WRITE,0x636000,8192
0,burst_user0,0,READ,0x638000,8192
0,burst_user0,0,READ,0x63a000,8192
0,burst_user0,0,WRITE,0x63c000,8192
0,burst_user0,0,READ,0x63e000,8192
0,burst_user0,0,READ,0x640000,8192
0,burst_user0,0,WRITE,0x642000,8192
0,burst_user0,0,READ,0x644000,8192
0,burst_user0,0,READ,0x646000,8192
0,burst_user0,0,WRITE,0x648000,8192
0,burst_user0,0,READ,0x64a000,8192
0,burst_user0,0,READ,0x64c000,8192
0,burst_user0,0,WRITE,0x64e000,8192
0,burst_user0,0,READ,0x650000,8192
0,burst_user0,0,READ,0x652000,8192
0,burst_user0,0,WRITE,0x654000,8192
0,burst_user0,0,READ,0x656000,8192
0,burst_user0,0,READ,0x658000,8192
0,burst_user0,0,WRITE,0x65a000,8192
0,burst_user0,0,READ,0x65c000,8192
0,burst_user0,0,READ,0x65e000,8192
0,burst_user0,0,WRITE,0x660000,8192
0,burst_user0,0,READ,0x662000,8192
0,burst_user0,0,READ,0x664000,8192
0,burst_user0,0,WRITE,0x666000,8192
0,burst_user0,0,READ,0x668000,8192
0,burst_user0,0,READ,0x66a000,8192
0,burst_user0,0,WRITE,0x66c000,8192
0,burst_user0,0,READ,0x66e000,8192
0,burst_user0,0,READ,0x670000,8192
0,burst_user0,0,WRITE,0x672000,8192
0,burst_user0,0,READ,0x674000,8192
0,burst_user0,0,READ,0x676000,8192
0,burst_user0,0,WRITE,0x678000,8192
0,burst_user0,0,READ,0x67a000,8192
0,burst_user0,0,READ,0x67c000,8192
0,burst_user0,0,WRITE,0x67e000,8192
0,burst_user0,0,READ,0x680000,8192
0,burst_user0,0,READ,0x682000,8192
0,burst_user0,0,WRITE,0x684000,8192
0,burst_user0,0,READ,0x686000,8192
0,burst_user0,0,READ,0x688000,8192
0,burst_user0,0,WRITE,0x68a000,8192
0,burst_user0,0,READ,0x68c000,8192
0,burst_user0,0,READ,0x68e000,8192
0,burst_user0,0,WRITE,0x690000,8192
0,burst_user0,0,READ,0x692000,8192
0,burst_user0,0,READ,0x694000,8192
0,burst_user0,0,WRITE,0x696000,8192
0,burst_user0,0,READ,0x698000,8192
0,burst_user0,0,READ,0x69a000,8192
0,burst_user0,0,WRITE,0x69c000,8192
0,burst_user0,0,READ,0x69e000,8192
0,burst_user0,0,READ,0x6a0000,8192
0,burst_user0,0,WRITE,0x6a2000,8192
0,burst_user0,0,READ,0x6a4000,8192
0,burst_user0,0,READ,0x6a6000,8192
0,burst_user0,0,WRITE,0x6a8000,8192
0,burst_user0,0,READ,0x6aa000,8192
0,burst_user0,0,READ,0x6ac000,8192
0,burst_user0,0,WRITE,0x6ae000,8192
0,burst_user0,0,READ,0x6b0000,8192
0,burst_user0,0,READ,0x6b2000,8192
0,burst_user0,0,WRITE,0x6b4000,8192
0,burst_user0,0,READ,0x6b6000,8192
0,burst_user0,0,READ,0x6b8000,8192
0,burst_user0,0,WRITE,0x6ba000,8192
0,burst_user0,0,READ,0x6bc000,8192
0,burst_user0,0,READ,0x6be000,8192
0,burst_user0,0,WRITE,0x6c0000,8192
0,burst_user0,0,READ,0x6c2000,8192
0,burst_user0,0,READ,0x6c4000,8192
0,burst_user0,0,WRITE,0x6c6000,8192
0,burst_user0,0,READ,0x6c8000,8192
0,burst_user0,0,READ,0x6ca000,8192
0,burst_user0,0,WRITE,0x6cc000,8192
0,burst_user0,0,READ,0x6ce000,8192
0,burst_user0,0,READ,0x6d0000,8192
0,burst_user0,0,WRITE,0x6d2000,8192
0,burst_user0,0,READ,0x6d4000,8192
0,burst_user0,0,READ,0x6d6000,8192
0,burst_user0,0,WRITE,0x6d8000,8192
0,burst_user0,0,READ,0x6da000,8192
0,burst_user0,0,READ,0x6dc000,8192
0,burst_user0,0,WRITE,0x6de000,8192
0,burst_user0,0,READ,0x6e0000,8192
0,burst_user0,0,READ,0x6e2000,8192
0,burst_user0,0,WRITE,0x6e4000,8192
0,burst_user0,0,READ,0x6e6000,8192
0,burst_user0,0,READ,0x6e8000,8192
0,burst_user0,0,WRITE,0x6ea000,8192
0,burst_user0,0,READ,0x6ec000,8192
0,burst_user0,0,READ,0x6ee000,8192
0,burst_user0,0,WRITE,0x6f0000,8192
0,burst_user0,0,READ,0x6f2000,8192
0,burst_user0,0,READ,0x6f4000,8192
0,burst_user0,0,WRITE,0x6f6000,8192
0,burst_user0,0,READ,0x6f8000,8192
0,burst_user0,0,READ,0x6fa000,8192
0,burst_user0,0,WRITE,0x6fc000,8192
0,burst_user0,0,READ,0x6fe000,8192
0,burst_user0,0,READ,0x700000,8192
0,burst_user0,0,WRITE,0x702000,8192
0,burst_user0,0,READ,0x704000,8192
0,burst_user0,0,READ,0x706000,8192
0,burst_user0,0,WRITE,0x708000,8192
0,burst_user0,0,READ,0x70a000,8192
0,burst_user0,0,READ,0x70c000,8192
0,burst_user0,0,WRITE,0x70e000,8192
0,burst_user0,0,READ,0x710000,8192
0,burst_user0,0,READ,0x712000,8192
0,burst_user0,0,WRITE,0x714000,8192
0,burst_user0,0,READ,0x716000,8192
0,burst_user0,0,READ,0x718000,8192
0,burst_user0,0,WRITE,0x71a000,8192
0,burst_user0,0,READ,0x71c000,8192
0,burst_user0,0,READ,0x71e000,8192
0,burst_user0,0,WRITE,0x720000,8192
0,burst_user0,0,READ,0x722000,8192
0,burst_user0,0,READ,0x724000,8192
0,burst_user0,0,WRITE,0x726000,8192
0,burst_user0,0,READ,0x728000,8192
0,burst_user0,0,READ,0x72a000,8192
0,burst_user0,0,WRITE,0x72c000,8192
0,burst_user0,0,READ,0x72e000,8192
0,burst_user0,0,READ,0x730000,8192
0,burst_user0,0,WRITE,0x732000,8192
0,burst_user0,0,READ,0x734000,8192
0,burst_user0,0,READ,0x736000,8192
0,burst_user0,0,WRITE,0x738000,8192
0,burst_user0,0,READ,0x73a000,8192
0,burst_user0,0,READ,0x73c000,8192
0,burst_user0,0,WRITE,0x73e000,8192
0,burst_user0,0,READ,0x740000,8192
0,burst_user0,0,READ,0x742000,8192
0,burst_user0,0,WRITE,0x744000,8192
0,burst_user0,0,READ,0x746000,8192
0,burst_user0,0,READ,0x748000,8192
0,burst_user0,0,WRITE,0x74a000,8192
0,burst_user0,0,READ,0x74c000,8192
0,burst_user0,0,READ,0x74e000,8192
0,burst_user0,0,WRITE,0x750000,8192
0,burst_user0,0,READ,0x752000,8192
0,burst_user0,0,READ,0x754000,8192
0,burst_user0,0,WRITE,0x756000,8192
0,burst_user0,0,READ,0x758000,8192
0,burst_user0,0,READ,0x75a000,8192
0,burst_user0,0,WRITE,0x75c000,8192
0,burst_user0,0,READ,0x75e000,8192
0,burst_user0,0,READ,0x760000,8192
0,burst_user0,0,WRITE,0x762000,8192
0,burst_user0,0,READ,0x764000,8192
0,burst_user0,0,READ,0x766000,8192
0,burst_user0,0,WRITE,0x768000,8192
0,burst_user0,0,READ,0x76a000,8192
0,burst_user0,0,READ,0x76c000,8192
0,burst_user0,0,WRITE,0x76e000,8192
0,burst_user0,0,READ,0x770000,8192
0,burst_user0,0,READ,0x772000,8192
0,burst_user0,0,WRITE,0x774000,8192
0,burst_user0,0,READ,0x776000,8192
0,burst_user0,0,READ,0x778000,8192
0,burst_user0,0,WRITE,0x77a000,8192
0,burst_user0,0,READ,0x77c000,8192
0,burst_user0,0,READ,0x77e000,8192
0,burst_user0,0,WRITE,0x780000,8192
0,burst_user0,0,READ,0x782000,8192
0,burst_user0,0,READ,0x784000,8192
0,burst_user0,0,WRITE,0x786000,8192
0,burst_user0,0,READ,0x788000,8192
0,burst_user0,0,READ,0x78a000,8192
0,burst_user0,0,WRITE,0x78c000,8192
0,burst_user0,0,READ,0x78e000,8192
0,burst_user0,0,READ,0x790000,8192
0,burst_user0,0,WRITE,0x792000,8192
0,burst_user0,0,READ,0x794000,8192
0,burst_user0,0,READ,0x796000,8192
0,burst_user0,0,WRITE,0x798000,8192
0,burst_user0,0,READ,0x79a000,8192
0,burst_user0,0,READ,0x79c000,8192
0,burst_user0,0,WRITE,0x79e000,8192
0,burst_user0,0,READ,0x7a0000,8192
0,burst_user0,0,READ,0x7a2000,8192
0,burst_user0,0,WRITE,0x7a4000,8192
0,burst_user0,0,READ,0x7a6000,8192
0,burst_user0,0,READ,0x7a8000,8192
0,burst_user0,0,WRITE,0x7aa000,8192
0,burst_user0,0,READ,0x7ac000,8192
0,burst_user0,0,READ,0x7ae000,8192
0,burst_user0,0,WRITE,0x7b0000,8192
0,burst_user0,0,READ,0x7b2000,8192
0,burst_user0,0,READ,0x7b4000,8192
0,burst_user0,0,WRITE,0x7b6000,8192
0,burst_user0,0,READ,0x7b8000,8192
0,burst_user0,0,READ,0x7ba000,8192
0,burst_user0,0,WRITE,0x7bc000,8192
0,burst_user0,0,READ,0x7be000,8192
0,burst_user0,0,READ,0x7c0000,8192
0,burst_user0,0,WRITE,0x7c2000,8192
0,burst_user0,0,READ,0x7c4000,8192
0,burst_user0,0,READ,0x7c6000,8192
0,burst_user0,0,WRITE,0x7c8000,8192
0,burst_user0,0,READ,0x7ca000,8192
0,burst_user0,0,READ,0x7cc000,8192
0,burst_user0,0,WRITE,0x7ce000,8192
0,burst_user0,0,READ,0x7d0000,8192
0,burst_user0,0,READ,0x7d2000,8192
0,burst_user0,0,WRITE,0x7d4000,8192
0,burst_user0,0,READ,0x7d6000,8192
0,burst_user0,0,READ,0x7d8000,8192
0,burst_user0,0,WRITE,0x7da000,8192
0,burst_user0,0,READ,0x7dc000,8192
0,burst_user0,0,READ,0x7de000,8192
0,burst_user0,0,WRITE,0x7e0000,8192
0,burst_user0,0,READ,0x7e2000,8192
0,burst_user0,0,READ,0x7e4000,8192
0,burst_user0,0,WRITE,0x7e6000,8192
0,burst_user0,0,READ,0x7e8000,8192
0,burst_user0,0,READ,0x7ea000,8192
0,burst_user0,0,WRITE,0x7ec000,8192
0,burst_user0,0,READ,0x7ee000,8192
0,burst_user0,0,READ,0x7f0000,8192
0,burst_user0,0,WRITE,0x7f2000,8192
0,burst_user0,0,READ,0x7f4000,8192
0,burst_user0,0,READ,0x7f6000,8192
0,burst_user0,0,WRITE,0x7f8000,8192
0,burst_user0,0,READ,0x7fa000,8192
0,burst_user0,0,READ,0x7fc000,8192
0,burst_user0,0,WRITE,0x7fe000,8192
0,burst_user0,0,READ,0x800000,8192
0,burst_user0,0,READ,0x802000,8192
0,burst_user0,0,WRITE,0x804000,8192
0,burst_user0,0,READ,0x806000,8192
0,burst_user0,0,READ,0x808000,8192
0,burst_user0,0,WRITE,0x80a000,8192
0,burst_user0,0,READ,0x80c000,8192
0,burst_user0,0,READ,0x80e000,8192
0,burst_user0,0,WRITE,0x810000,8192
0,burst_user0,0,READ,0x812000,8192
0,burst_user0,0,READ,0x814000,8192
0,burst_user0,0,WRITE,0x816000,8192
0,burst_user0,0,READ,0x818000,8192
0,burst_user0,0,READ,0x81a000,8192
0,burst_user0,0,WRITE,0x81c000,8192
0,burst_user0,0,READ,0x81e000,8192
0,burst_user0,0,READ,0x820000,8192
0,burst_user0,0,WRITE,0x822000,8192
0,burst_user0,0,READ,0x824000,8192
0,burst_user0,0,READ,0x826000,8192
0,burst_user0,0,WRITE,0x828000,8192
0,burst_user0,0,READ,0x82a000,8192
0,burst_user0,0,READ,0x82c000,8192
0,burst_user0,0,WRITE,0x82e000,8192
0,burst_user0,0,READ,0x830000,8192
0,burst_user0,0,READ,0x832000,8192
0,burst_user0,0,WRITE,0x834000,8192
0,burst_user0,0,READ,0x836000,8192
0,burst_user0,0,READ,0x838000,8192
0,burst_user0,0,WRITE,0x83a000,8192
0,burst_user0,0,READ,0x83c000,8192
0,burst_user0,0,READ,0x83e000,8192
0,burst_user0,0,WRITE,0x840000,8192
0,burst_user0,0,READ,0x842000,8192
0,burst_user0,0,READ,0x844000,8192
0,burst_user0,0,WRITE,0x846000,8192
0,burst_user0,0,READ,0x848000,8192
0,burst_user0,0,READ,0x84a000,8192
0,burst_user0,0,WRITE,0x84c000,8192
0,burst_user0,0,READ,0x84e000,8192
0,burst_user0,0,READ,0x850000,8192
0,burst_user0,0,WRITE,0x852000,8192
0,burst_user0,0,READ,0x854000,8192
0,burst_user0,0,READ,0x856000,8192
0,burst_user0,0,WRITE,0x858000,8192
0,burst_user0,0,READ,0x85a000,8192
0,burst_user0,0,READ,0x85c000,8192
0,burst_user0,0,WRITE,0x85e000,8192
0,burst_user0,0,READ,0x860000,8192
0,burst_user0,0,READ,0x862000,8192
0,burst_user0,0,WRITE,0x864000,8192
0,burst_user0,0,READ,0x866000,8192
0,burst_user0,0,READ,0x868000,8192
0,burst_user0,0,WRITE,0x86a000,8192
0,burst_user0,0,READ,0x86c000,8192
0,burst_user0,0,READ,0x86e000,8192
0,burst_user0,0,WRITE,0x870000,8192
0,burst_user0,0,READ,0x872000,8192
0,burst_user0,0,READ,0x874000,8192
0,burst_user0,0,WRITE,0x876000,8192
0,burst_user0,0,READ,0x878000,8192
0,burst_user0,0,READ,0x87a000,8192
0,burst_user0,0,WRITE,0x87c000,8192
0,burst_user0,0,READ,0x87e000,8192
0,burst_user0,0,READ,0x880000,8192
0,burst_user0,0,WRITE,0x882000,8192
0,burst_user0,0,READ,0x884000,8192
0,burst_user0,0,READ,0x886000,8192
0,burst_user0,0,WRITE,0x888000,8192
0,burst_user0,0,READ,0x88a000,8192
0,burst_user0,0,READ,0x88c000,8192
0,burst_user0,0,WRITE,0x88e000,8192
0,burst_user0,0,READ,0x890000,8192
0,burst_user0,0,READ,0x892000,8192
0,burst_user0,0,WRITE,0x894000,8192
0,burst_user0,0,READ,0x896000,8192
0,burst_user0,0,READ,0x898000,8192
0,burst_user0,0,WRITE,0x89a000,8192
0,burst_user0,0,READ,0x89c000,8192
0,burst_user0,0,READ,0x89e000,8192
0,burst_user0,0,WRITE,0x8a0000,8192
0,burst_user0,0,READ,0x8a2000,8192
0,burst_user0,0,READ,0x8a4000,8192
0,burst_user0,0,WRITE,0x8a6000,8192
0,burst_user0,0,READ,0x8a8000,8192
0,burst_user0,0,READ,0x8aa000,8192
0,burst_user0,0,WRITE,0x8ac000,8192
0,burst_user0,0,READ,0x8ae000,8192
0,burst_user0,0,READ,0x8b0000,8192
0,burst_user0,0,WRITE,0x8b2000,8192
0,burst_user0,0,READ,0x8b4000,8192
0,burst_user0,0,READ,0x8b6000,8192
0,burst_user0,0,WRITE,0x8b8000,8192
0,burst_user0,0,READ,0x8ba000,8192
0,burst_user0,0,READ,0x8bc000,8192
0,burst_user0,0,WRITE,0x8be000,8192
0,burst_user0,0,READ,0x8c0000,8192
0,burst_user0,0,READ,0x8c2000,8192
0,burst_user0,0,WRITE,0x8c4000,8192
0,burst_user0,0,READ,0x8c6000,8192
0,burst_user0,0,READ,0x8c8000,8192
0,burst_user0,0,WRITE,0x8ca000,8192
0,burst_user0,0,READ,0x8cc000,8192
0,burst_user0,0,READ,0x8ce000,8192
0,burst_user0,0,WRITE,0x8d0000,8192
0,burst_user0,0,READ,0x8d2000,8192
0,burst_user0,0,READ,0x8d4000,8192
0,burst_user0,0,WRITE,0x8d6000,8192
0,burst_user0,0,READ,0x8d8000,8192
0,burst_user0,0,READ,0x8da000,8192
0,burst_user0,0,WRITE,0x8dc000,8192
0,burst_user0,0,READ,0x8de000,8192
0,burst_user0,0,READ,0x8e0000,8192
0,burst_user0,0,WRITE,0x8e2000,8192
0,burst_user0,0,READ,0x8e4000,8192
0,burst_user0,0,READ,0x8e6000,8192
0,burst_user0,0,WRITE,0x8e8000,8192
0,burst_user0,0,READ,0x8ea000,8192
0,burst_user0,0,READ,0x8ec000,8192
0,burst_user0,0,WRITE,0x8ee000,8192
0,burst_user0,0,READ,0x8f0000,8192
0,burst_user0,0,READ,0x8f2000,8192
0,burst_user0,0,WRITE,0x8f4000,8192
0,burst_user0,0,READ,0x8f6000,8192
0,burst_user0,0,READ,0x8f8000,8192
0,burst_user0,0,WRITE,0x8fa000,8192
0,burst_user0,0,READ,0x8fc000,8192
0,burst_user0,0,READ,0x8fe000,8192
0,burst_user0,0,WRITE,0x900000,8192
0,burst_user0,0,READ,0x902000,8192
0,burst_user0,0,READ,0x904000,8192
0,burst_user0,0,WRITE,0x906000,8192
0,burst_user0,0,READ,0x908000,8192
0,burst_user0,0,READ,0x90a000,8192
0,burst_user0,0,WRITE,0x90c000,8192
0,burst_user0,0,READ,0x90e000,8192
0,burst_user0,0,READ,0x910000,8192
0,burst_user0,0,WRITE,0x912000,8192
0,burst_user0,0,READ,0x914000,8192
0,burst_user0,0,READ,0x916000,8192
0,burst_user0,0,WRITE,0x918000,8192
0,burst_user0,0,READ,0x91a000,8192
0,burst_user0,0,READ,0x91c000,8192
0,burst_user0,0,WRITE,0x91e000,8192
0,burst_user0,0,READ,0x920000,8192
0,burst_user0,0,READ,0x922000,8192
0,burst_user0,0,WRITE,0x924000,8192
0,burst_user0,0,READ,0x926000,8192
0,burst_user0,0,READ,0x928000,8192
0,burst_user0,0,WRITE,0x92a000,8192
0,burst_user0,0,READ,0x92c000,8192
0,burst_user0,0,READ,0x92e000,8192
0,burst_user0,0,WRITE,0x930000,8192
0,burst_user0,0,READ,0x932000,8192
0,burst_user0,0,READ,0x934000,8192
0,burst_user0,0,WRITE,0x936000,8192
0,burst_user0,0,READ,0x938000,8192
0,burst_user0,0,READ,0x93a000,8192
0,burst_user0,0,WRITE,0x93c000,8192
0,burst_user0,0,READ,0x93e000,8192
0,burst_user0,0,READ,0x940000,8192
0,burst_user0,0,WRITE,0x942000,8192
0,burst_user0,0,READ,0x944000,8192
0,burst_user0,0,READ,0x946000,8192
0,burst_user0,0,WRITE,0x948000,8192
0,burst_user0,0,READ,0x94a000,8192
0,burst_user0,0,READ,0x94c000,8192
0,burst_user0,0,WRITE,0x94e000,8192
0,burst_user0,0,READ,0x950000,8192
0,burst_user0,0,READ,0x952000,8192
0,burst_user0,0,WRITE,0x954000,8192
0,burst_user0,0,READ,0x956000,8192
0,burst_user0,0,READ,0x958000,8192
0,burst_user0,0,WRITE,0x95a000,8192
0,burst_user0,0,READ,0x95c000,8192
0,burst_user0,0,READ,0x95e000,8192
0,burst_user0,0,WRITE,0x960000,8192
0,burst_user0,0,READ,0x962000,8192
0,burst_user0,0,READ,0x964000,8192
0,burst_user0,0,WRITE,0x966000,8192
0,burst_user0,0,READ,0x968000,8192
0,burst_user0,0,READ,0x96a000,8192
0,burst_user0,0,WRITE,0x96c000,8192
0,burst_user0,0,READ,0x96e000,8192
0,burst_user0,0,READ,0x970000,8192
0,burst_user0,0,WRITE,0x972000,8192
0,burst_user0,0,READ,0x974000,8192
0,burst_user0,0,READ,0x976000,8192
0,burst_user0,0,WRITE,0x978000,8192
0,burst_user0,0,READ,0x97a000,8192
0,burst_user0,0,READ,0x97c000,8192
0,burst_user0,0,WRITE,0x97e000,8192
0,burst_user0,0,READ,0x980000,8192
0,burst_user0,0,READ,0x982000,8192
0,burst_user0,0,WRITE,0x984000,8192
0,burst_user0,0,READ,0x986000,8192
0,burst_user0,0,READ,0x988000,8192
0,burst_user0,0,WRITE,0x98a000,8192
0,burst_user0,0,READ,0x98c000,8192
0,burst_user0,0,READ,0x98e000,8192
0,burst_user0,0,WRITE,0x990000,8192
0,burst_user0,0,READ,0x992000,8192
0,burst_user0,0,READ,0x994000,8192
0,burst_user0,0,WRITE,0x996000,8192
0,burst_user0,0,READ,0x998000,8192
0,burst_user0,0,READ,0x99a000,8192
0,burst_user0,0,WRITE,0x99c000,8192
0,burst_user0,0,READ,0x99e000,8192
0,burst_user0,0,READ,0x9a0000,8192
0,burst_user0,0,WRITE,0x9a2000,8192
0,burst_user0,0,READ,0x9a4000,8192
0,burst_user0,0,READ,0x9a6000,8192
0,burst_user0,0,WRITE,0x9a8000,8192
0,burst_user0,0,READ,0x9aa000,8192
0,burst_user0,0,READ,0x9ac000,8192
0,burst_user0,0,WRITE,0x9ae000,8192
0,burst_user0,0,READ,0x9b0000,8192
0,burst_user0,0,READ,0x9b2000,8192
0,burst_user0,0,WRITE,0x9b4000,8192
0,burst_user0,0,READ,0x9b6000,8192
0,burst_user0,0,READ,0x9b8000,8192
0,burst_user0,0,WRITE,0x9ba000,8192
0,burst_user0,0,READ,0x9bc000,8192
0,burst_user0,0,READ,0x9be000,8192
0,burst_user0,0,WRITE,0x9c0000,8192
0,burst_user0,0,READ,0x9c2000,8192
0,burst_user0,0,READ,0x9c4000,8192
0,burst_user0,0,WRITE,0x9c6000,8192
0,burst_user0,0,READ,0x9c8000,8192
0,burst_user0,0,READ,0x9ca000,8192
0,burst_user0,0,WRITE,0x9cc000,8192
0,burst_user0,0,READ,0x9ce000,8192
0,burst_user0,0,READ,0x9d0000,8192
0,burst_user0,0,WRITE,0x9d2000,8192
0,burst_user0,0,READ,0x9d4000,8192
0,burst_user0,0,READ,0x9d6000,8192
0,burst_user0,0,WRITE,0x9d8000,8192
0,burst_user0,0,READ,0x9da000,8192
0,burst_user0,0,READ,0x9dc000,8192
0,burst_user0,0,WRITE,0x9de000,8192
0,burst_user0,0,READ,0x9e0000,8192
0,burst_user0,0,READ,0x9e2000,8192
0,burst_user0,0,WRITE,0x9e4000,8192
0,burst_user0,0,READ,0x9e6000,8192
0,burst_user0,0,READ,0x9e8000,8192
0,burst_user0,0,WRITE,0x9ea000,8192
0,burst_user0,0,READ,0x9ec000,8192
0,burst_user0,0,READ,0x9ee000,8192
0,burst_user0,0,WRITE,0x9f0000,8192
0,burst_user0,0,READ,0x9f2000,8192
0,burst_user0,0,READ,0x9f4000,8192
0,burst_user0,0,WRITE,0x9f6000,8192
0,burst_user0,0,READ,0x9f8000,8192
0,burst_user0,0,READ,0x9fa000,8192
0,burst_user0,0,WRITE,0x9fc000,8192
0,burst_user0,0,READ,0x9fe000,8192
0,burst_user0,0,READ,0xa00000,8192
0,burst_user0,0,WRITE,0xa02000,8192
0,burst_user0,0,READ,0xa04000,8192
0,burst_user0,0,READ,0xa06000,8192
0,burst_user0,0,WRITE,0xa08000,8192
0,burst_user0,0,READ,0xa0a000,8192
0,burst_user0,0,READ,0xa0c000,8192
0,burst_user0,0,WRITE,0xa0e000,8192
0,burst_user0,0,READ,0xa10000,8192
0,burst_user0,0,READ,0xa12000,8192
0,burst_user0,0,WRITE,0xa14000,8192
0,burst_user0,0,READ,0xa16000,8192
0,burst_user0,0,READ,0xa18000,8192
0,burst_user0,0,WRITE,0xa1a000,8192
0,burst_user0,0,READ,0xa1c000,8192
0,burst_user0,0,READ,0xa1e000,8192
0,burst_user0,0,WRITE,0xa20000,8192
0,burst_user0,0,READ,0xa22000,8192
0,burst_user0,0,READ,0xa24000,8192
0,burst_user0,0,WRITE,0xa26000,8192
0,burst_user0,0,READ,0xa28000,8192
0,burst_user0,0,READ,0xa2a000,8192
0,burst_user0,0,WRITE,0xa2c000,8192
0,burst_user0,0,READ,0xa2e000,8192
0,burst_user0,0,READ,0xa30000,8192
0,burst_user0,0,WRITE,0xa32000,8192
0,burst_user0,0,READ,0xa34000,8192
0,burst_user0,0,READ,0xa36000,8192
0,burst_user0,0,WRITE,0xa38000,8192
0,burst_user0,0,READ,0xa3a000,8192
0,burst_user0,0,READ,0xa3c000,8192
0,burst_user0,0,WRITE,0xa3e000,8192
0,burst_user0,0,READ,0xa40000,8192
0,burst_user0,0,READ,0xa42000,8192
0,burst_user0,0,WRITE,0xa44000,8192
0,burst_user0,0,READ,0xa46000,8192
0,burst_user0,0,READ,0xa48000,8192
0,burst_user0,0,WRITE,0xa4a000,8192
0,burst_user0,0,READ,0xa4c000,8192
0,burst_user0,0,READ,0xa4e000,8192
0,burst_user0,0,WRITE,0xa50000,8192
0,burst_user0,0,READ,0xa52000,8192
0,burst_user0,0,READ,0xa54000,8192
0,burst_user0,0,WRITE,0xa56000,8192
0,burst_user0,0,READ,0xa58000,8192
0,burst_user0,0,READ,0xa5a000,8192
0,burst_user0,0,WRITE,0xa5c000,8192
0,burst_user0,0,READ,0xa5e000,8192
0,burst_user0,0,READ,0xa60000,8192
0,burst_user0,0,WRITE,0xa62000,8192
0,burst_user0,0,READ,0xa64000,8192
0,burst_user0,0,READ,0xa66000,8192
0,burst_user0,0,WRITE,0xa68000,8192
0,burst_user0,0,READ,0xa6a000,8192
0,burst_user0,0,READ,0xa6c000,8192
0,burst_user0,0,WRITE,0xa6e000,8192
0,burst_user0,0,READ,0xa70000,8192
0,burst_user0,0,READ,0xa72000,8192
0,burst_user0,0,WRITE,0xa74000,8192
0,burst_user0,0,READ,0xa76000,8192
0,burst_user0,0,READ,0xa78000,8192
0,burst_user0,0,WRITE,0xa7a000,8192
0,burst_user0,0,READ,0xa7c000,8192
0,burst_user0,0,READ,0xa7e000,8192
0,burst_user0,0,WRITE,0xa80000,8192
0,burst_user0,0,READ,0xa82000,8192
0,burst_user0,0,READ,0xa84000,8192
0,burst_user0,0,WRITE,0xa86000,8192
0,burst_user0,0,READ,0xa88000,8192
0,burst_user0,0,READ,0xa8a000,8192
0,burst_user0,0,WRITE,0xa8c000,8192
0,burst_user0,0,READ,0xa8e000,8192
0,burst_user0,0,READ,0xa90000,8192
0,burst_user0,0,WRITE,0xa92000,8192
0,burst_user0,0,READ,0xa94000,8192
0,burst_user0,0,READ,0xa96000,8192
0,burst_user0,0,WRITE,0xa98000,8192
0,burst_user0,0,READ,0xa9a000,8192
0,burst_user0,0,READ,0xa9c000,8192
0,burst_user0,0,WRITE,0xa9e000,8192
0,burst_user0,0,READ,0xaa0000,8192
0,burst_user0,0,READ,0xaa2000,8192
0,burst_user0,0,WRITE,0xaa4000,8192
0,burst_user0,0,READ,0xaa6000,8192
0,burst_user0,0,READ,0xaa8000,8192
0,burst_user0,0,WRITE,0xaaa000,8192
0,burst_user0,0,READ,0xaac000,8192
0,burst_user0,0,READ,0xaae000,8192
0,burst_user0,0,WRITE,0xab0000,8192
0,burst_user0,0,READ,0xab2000,8192
0,burst_user0,0,READ,0xab4000,8192
0,burst_user0,0,WRITE,0xab6000,8192
0,burst_user0,0,READ,0xab8000,8192
0,burst_user0,0,READ,0xaba000,8192
0,burst_user0,0,WRITE,0xabc000,8192
0,burst_user0,0,READ,0xabe000,8192
0,burst_user0,0,READ,0xac0000,8192
0,burst_user0,0,WRITE,0xac2000,8192
0,burst_user0,0,READ,0xac4000,8192
0,burst_user0,0,READ,0xac6000,8192
0,burst_user0,0,WRITE,0xac8000,8192
0,burst_user0,0,READ,0xaca000,8192
0,burst_user0,0,READ,0xacc000,8192
0,burst_user0,0,WRITE,0xace000,8192
0,burst_user0,0,READ,0xad0000,8192
0,burst_user0,0,READ,0xad2000,8192
0,burst_user0,0,WRITE,0xad4000,8192
0,burst_user0,0,READ,0xad6000,8192
0,burst_user0,0,READ,0xad8000,8192
0,burst_user0,0,WRITE,0xada000,8192
0,burst_user0,0,READ,0xadc000,8192
0,burst_user0,0,READ,0xade000,8192
0,burst_user0,0,WRITE,0xae0000,8192
0,burst_user0,0,READ,0xae2000,8192
0,burst_user0,0,READ,0xae4000,8192
0,burst_user0,0,WRITE,0xae6000,8192
0,burst_user0,0,READ,0xae8000,8192
0,burst_user0,0,READ,0xaea000,8192
0,burst_user0,0,WRITE,0xaec000,8192
0,burst_user0,0,READ,0xaee000,8192
0,burst_user0,0,READ,0xaf0000,8192
0,burst_user0,0,WRITE,0xaf2000,8192
0,burst_user0,0,READ,0xaf4000,8192
0,burst_user0,0,READ,0xaf6000,8192
0,burst_user0,0,WRITE,0xaf8000,8192
0,burst_user0,0,READ,0xafa000,8192
0,burst_user0,0,READ,0xafc000,8192
0,burst_user0,0,WRITE,0xafe000,8192
0,burst_user0,0,READ,0xb00000,8192
0,burst_user0,0,READ,0xb02000,8192
0,burst_user0,0,WRITE,0xb04000,8192
0,burst_user0,0,READ,0xb06000,8192
0,burst_user0,0,READ,0xb08000,8192
0,burst_user0,0,WRITE,0xb0a000,8192
0,burst_user0,0,READ,0xb0c000,8192
0,burst_user0,0,READ,0xb0e000,8192
0,burst_user0,0,WRITE,0xb10000,8192
0,burst_user0,0,READ,0xb12000,8192
0,burst_user0,0,READ,0xb14000,8192
0,burst_user0,0,WRITE,0xb16000,8192
0,burst_user0,0,READ,0xb18000,8192
0,burst_user0,0,READ,0xb1a000,8192
0,burst_user0,0,WRITE,0xb1c000,8192
0,burst_user0,0,READ,0xb1e000,8192
0,burst_user0,0,READ,0xb20000,8192
0,burst_user0,0,WRITE,0xb22000,8192
0,burst_user0,0,READ,0xb24000,8192
0,burst_user0,0,READ,0xb26000,8192
0,burst_user0,0,WRITE,0xb28000,8192
0,burst_user0,0,READ,0xb2a000,8192
0,burst_user0,0,READ,0xb2c000,8192
0,burst_user0,0,WRITE,0xb2e000,8192
0,burst_user0,0,READ,0xb30000,8192
0,burst_user0,0,READ,0xb32000,8192
0,burst_user0,0,WRITE,0xb34000,8192
0,burst_user0,0,READ,0xb36000,8192
0,burst_user0,0,READ,0xb38000,8192
0,burst_user0,0,WRITE,0xb3a000,8192
0,burst_user0,0,READ,0xb3c000,8192
0,burst_user0,0,READ,0xb3e000,8192
0,burst_user0,0,WRITE,0xb40000,8192
0,burst_user0,0,READ,0xb42000,8192
0,burst_user0,0,READ,0xb44000,8192
0,burst_user0,0,WRITE,0xb46000,8192
0,burst_user0,0,READ,0xb48000,8192
0,burst_user0,0,READ,0xb4a000,8192
0,burst_user0,0,WRITE,0xb4c000,8192
0,burst_user0,0,READ,0xb4e000,8192
0,burst_user0,0,READ,0xb50000,8192
0,burst_user0,0,WRITE,0xb52000,8192
0,burst_user0,0,READ,0xb54000,8192
0,burst_user0,0,READ,0xb56000,8192
0,burst_user0,0,WRITE,0xb58000,8192
0,burst_user0,0,READ,0xb5a000,8192
0,burst_user0,0,READ,0xb5c000,8192
0,burst_user0,0,WRITE,0xb5e000,8192
0,burst_user0,0,READ,0xb60000,8192
0,burst_user0,0,READ,0xb62000,8192
0,burst_user0,0,WRITE,0xb64000,8192
0,burst_user0,0,READ,0xb66000,8192
0,burst_user0,0,READ,0xb68000,8192
0,burst_user0,0,WRITE,0xb6a000,8192
0,burst_user0,0,READ,0xb6c000,8192
0,burst_user0,0,READ,0xb6e000,8192
0,burst_user0,0,WRITE,0xb70000,8192
0,burst_user0,0,READ,0xb72000,8192
0,burst_user0,0,READ,0xb74000,8192
0,burst_user0,0,WRITE,0xb76000,8192
0,burst_user0,0,READ,0xb78000,8192
0,burst_user0,0,READ,0xb7a000,8192
0,burst_user0,0,WRITE,0xb7c000,8192
0,burst_user0,0,READ,0xb7e000,8192
0,burst_user0,0,READ,0xb80000,8192
0,burst_user0,0,WRITE,0xb82000,8192
0,burst_user0,0,READ,0xb84000,8192
0,burst_user0,0,READ,0xb86000,8192
0,burst_user0,0,WRITE,0xb88000,8192
0,burst_user0,0,READ,0xb8a000,8192
0,burst_user0,0,READ,0xb8c000,8192
0,burst_user0,0,WRITE,0xb8e000,8192
0,burst_user0,0,READ,0xb90000,8192
0,burst_user0,0,READ,0xb92000,8192
0,burst_user0,0,WRITE,0xb94000,8192
0,burst_user0,0,READ,0xb96000,8192
0,burst_user0,0,READ,0xb98000,8192
0,burst_user0,0,WRITE,0xb9a000,8192
0,burst_user0,0,READ,0xb9c000,8192
0,burst_user0,0,READ,0xb9e000,8192
0,burst_user0,0,WRITE,0xba0000,8192
0,burst_user0,0,READ,0xba2000,8192
0,burst_user0,0,READ,0xba4000,8192
0,burst_user0,0,WRITE,0xba6000,8192
0,burst_user0,0,READ,0xba8000,8192
0,burst_user0,0,READ,0xbaa000,8192
0,burst_user0,0,WRITE,0xbac000,8192
0,burst_user0,0,READ,0xbae000,8192
0,burst_user0,0,READ,0xbb0000,8192
0,burst_user0,0,WRITE,0xbb2000,8192
0,burst_user0,0,READ,0xbb4000,8192
0,burst_user0,0,READ,0xbb6000,8192
0,burst_user0,0,WRITE,0xbb8000,8192
0,burst_user0,0,READ,0xbba000,8192
0,burst_user0,0,READ,0xbbc000,8192
0,burst_user0,0,WRITE,0xbbe000,8192
0,burst_user0,0,READ,0xbc0000,8192
0,burst_user0,0,READ,0xbc2000,8192
0,burst_user0,0,WRITE,0xbc4000,8192
0,burst_user0,0,READ,0xbc6000,8192
0,burst_user0,0,READ,0xbc8000,8192
0,burst_user0,0,WRITE,0xbca000,8192
0,burst_user0,0,READ,0xbcc000,8192
0,burst_user0,0,READ,0xbce000,8192
0,burst_user0,0,WRITE,0xbd0000,8192
0,burst_user0,0,READ,0xbd2000,8192
0,burst_user0,0,READ,0xbd4000,8192
0,burst_user0,0,WRITE,0xbd6000,8192
0,burst_user0,0,READ,0xbd8000,8192
0,burst_user0,0,READ,0xbda000,8192
0,burst_user0,0,WRITE,0xbdc000,8192
0,burst_user0,0,READ,0xbde000,8192
0,burst_user0,0,READ,0xbe0000,8192
0,burst_user0,0,WRITE,0xbe2000,8192
0,burst_user0,0,READ,0xbe4000,8192
0,burst_user0,0,READ,0xbe6000,8192
0,burst_user0,0,WRITE,0xbe8000,8192
0,burst_user0,0,READ,0xbea000,8192
0,burst_user0,0,READ,0xbec000,8192
0,burst_user0,0,WRITE,0xbee000,8192
0,burst_user0,0,READ,0xbf0000,8192
0,burst_user0,0,READ,0xbf2000,8192
0,burst_user0,0,WRITE,0xbf4000,8192
0,burst_user0,0,READ,0xbf6000,8192
0,burst_user0,0,READ,0xbf8000,8192
0,burst_user0,0,WRITE,0xbfa000,8192
0,burst_user0,0,READ,0xbfc000,8192
0,burst_user0,0,READ,0xbfe000,8192
0,burst_user0,0,WRITE,0xc00000,8192
0,burst_user0,0,READ,0xc02000,8192
0,burst_user0,0,READ,0xc04000,8192
0,burst_user0,0,WRITE,0xc06000,8192
0,burst_user0,0,READ,0xc08000,8192
0,burst_user0,0,READ,0xc0a000,8192
0,burst_user0,0,WRITE,0xc0c000,8192
0,burst_user0,0,READ,0xc0e000,8192
0,burst_user0,0,READ,0xc10000,8192
0,burst_user0,0,WRITE,0xc12000,8192
0,burst_user0,0,READ,0xc14000,8192
0,burst_user0,0,READ,0xc16000,8192
0,burst_user0,0,WRITE,0xc18000,8192
0,burst_user0,0,READ,0xc1a000,8192
0,burst_user0,0,READ,0xc1c000,8192
0,burst_user0,0,WRITE,0xc1e000,8192
0,burst_user0,0,READ,0xc20000,8192
0,burst_user0,0,READ,0xc22000,8192
0,burst_user0,0,WRITE,0xc24000,8192
0,burst_user0,0,READ,0xc26000,8192
0,burst_user0,0,READ,0xc28000,8192
0,burst_user0,0,WRITE,0xc2a000,8192
0,burst_user0,0,READ,0xc2c000,8192
0,burst_user0,0,READ,0xc2e000,8192
0,burst_user0,0,WRITE,0xc30000,8192
0,burst_user0,0,READ,0xc32000,8192
0,burst_user0,0,READ,0xc34000,8192
0,burst_user0,0,WRITE,0xc36000,8192
0,burst_user0,0,READ,0xc38000,8192
0,burst_user0,0,READ,0xc3a000,8192
0,burst_user0,0,WRITE,0xc3c000,8192
0,burst_user0,0,READ,0xc3e000,8192
0,burst_user0,0,READ,0xc40000,8192
0,burst_user0,0,WRITE,0xc42000,8192
0,burst_user0,0,READ,0xc44000,8192
0,burst_user0,0,READ,0xc46000,8192
0,burst_user0,0,WRITE,0xc48000,8192
0,burst_user0,0,READ,0xc4a000,8192
0,burst_user0,0,READ,0xc4c000,8192
0,burst_user0,0,WRITE,0xc4e000,8192
0,burst_user0,0,READ,0xc50000,8192
0,burst_user0,0,READ,0xc52000,8192
0,burst_user0,0,WRITE,0xc54000,8192
0,burst_user0,0,READ,0xc56000,8192
0,burst_user0,0,READ,0xc58000,8192
0,burst_user0,0,WRITE,0xc5a000,8192
0,burst_user0,0,READ,0xc5c000,8192
0,burst_user0,0,READ,0xc5e000,8192
0,burst_user0,0,WRITE,0xc60000,8192
0,burst_user0,0,READ,0xc62000,8192
0,burst_user0,0,READ,0xc64000,8192
0,burst_user0,0,WRITE,0xc66000,8192
0,burst_user0,0,READ,0xc68000,8192
0,burst_user0,0,READ,0xc6a000,8192
0,burst_user0,0,WRITE,0xc6c000,8192
0,burst_user0,0,READ,0xc6e000,8192
0,burst_user0,0,READ,0xc70000,8192
0,burst_user0,0,WRITE,0xc72000,8192
0,burst_user0,0,READ,0xc74000,8192
0,burst_user0,0,READ,0xc76000,8192
0,burst_user0,0,WRITE,0xc78000,8192
0,burst_user0,0,READ,0xc7a000,8192
0,burst_user0,0,READ,0xc7c000,8192
0,burst_user0,0,WRITE,0xc7e000,8192
0,burst_user0,0,READ,0xc80000,8192
0,burst_user0,0,READ,0xc82000,8192
0,burst_user0,0,WRITE,0xc84000,8192
0,burst_user0,0,READ,0xc86000,8192
0,burst_user0,0,READ,0xc88000,8192
0,burst_user0,0,WRITE,0xc8a000,8192
0,burst_user0,0,READ,0xc8c000,8192
0,burst_user0,0,READ,0xc8e000,8192
0,burst_user0,0,WRITE,0xc90000,8192
0,burst_user0,0,READ,0xc92000,8192
0,burst_user0,0,READ,0xc94000,8192
0,burst_user0,0,WRITE,0xc96000,8192
0,burst_user0,0,READ,0xc98000,8192
0,burst_user0,0,READ,0xc9a000,8192
0,burst_user0,0,WRITE,0xc9c000,8192
0,burst_user0,0,READ,0xc9e000,8192
0,burst_user0,0,READ,0xca0000,8192
0,burst_user0,0,WRITE,0xca2000,8192
0,burst_user0,0,READ,0xca4000,8192
0,burst_user0,0,READ,0xca6000,8192
0,burst_user0,0,WRITE,0xca8000,8192
0,burst_user0,0,READ,0xcaa000,8192
0,burst_user0,0,READ,0xcac000,8192
0,burst_user0,0,WRITE,0xcae000,8192
0,burst_user0,0,READ,0xcb0000,8192
0,burst_user0,0,READ,0xcb2000,8192
0,burst_user0,0,WRITE,0xcb4000,8192
0,burst_user0,0,READ,0xcb6000,8192
0,burst_user0,0,READ,0xcb8000,8192
0,burst_user0,0,WRITE,0xcba000,8192
0,burst_user0,0,READ,0xcbc000,8192
0,burst_user0,0,READ,0xcbe000,8192
0,burst_user0,0,WRITE,0xcc0000,8192
0,burst_user0,0,READ,0xcc2000,8192
0,burst_user0,0,READ,0xcc4000,8192
0,burst_user0,0,WRITE,0xcc6000,8192
0,burst_user0,0,READ,0xcc8000,8192
0,burst_user0,0,READ,0xcca000,8192
0,burst_user0,0,WRITE,0xccc000,8192
0,burst_user0,0,READ,0xcce000,8192
0,burst_user0,0,READ,0xcd0000,8192
0,burst_user0,0,WRITE,0xcd2000,8192
0,burst_user0,0,READ,0xcd4000,8192
0,burst_user0,0,READ,0xcd6000,8192
0,burst_user0,0,WRITE,0xcd8000,8192
0,burst_user0,0,READ,0xcda000,8192
0,burst_user0,0,READ,0xcdc000,8192
0,burst_user0,0,WRITE,0xcde000,8192
0,burst_user0,0,READ,0xce0000,8192
0,burst_user0,0,READ,0xce2000,8192
0,burst_user0,0,WRITE,0xce4000,8192
0,burst_user0,0,READ,0xce6000,8192
0,burst_user0,0,READ,0xce8000,8192
0,burst_user0,0,WRITE,0xcea000,8192
0,burst_user0,0,READ,0xcec000,8192
0,burst_user0,0,READ,0xcee000,8192
0,burst_user0,0,WRITE,0xcf0000,8192
0,burst_user0,0,READ,0xcf2000,8192
0,burst_user0,0,READ,0xcf4000,8192
0,burst_user0,0,WRITE,0xcf6000,8192
0,burst_user0,0,READ,0xcf8000,8192
0,burst_user0,0,READ,0xcfa000,8192
0,burst_user0,0,WRITE,0xcfc000,8192
0,burst_user0,0,READ,0xcfe000,8192
0,burst_user0,0,READ,0xd00000,8192
0,burst_user0,0,WRITE,0xd02000,8192
0,burst_user0,0,READ,0xd04000,8192
0,burst_user0,0,READ,0xd06000,8192
0,burst_user0,0,WRITE,0xd08000,8192
0,burst_user0,0,READ,0xd0a000,8192
0,burst_user0,0,READ,0xd0c000,8192
0,burst_user0,0,WRITE,0xd0e000,8192
0,burst_user0,0,READ,0xd10000,8192
0,burst_user0,0,READ,0xd12000,8192
0,burst_user0,0,WRITE,0xd14000,8192
0,burst_user0,0,READ,0xd16000,8192
0,burst_user0,0,READ,0xd18000,8192
0,burst_user0,0,WRITE,0xd1a000,8192
0,burst_user0,0,READ,0xd1c000,8192
0,burst_user0,0,READ,0xd1e000,8192
0,burst_user0,0,WRITE,0xd20000,8192
0,burst_user0,0,READ,0xd22000,8192
0,burst_user0,0,READ,0xd24000,8192
0,burst_user0,0,WRITE,0xd26000,8192
0,burst_user0,0,READ,0xd28000,8192
0,burst_user0,0,READ,0xd2a000,8192
0,burst_user0,0,WRITE,0xd2c000,8192
0,burst_user0,0,READ,0xd2e000,8192
0,burst_user0,0,READ,0xd30000,8192
0,burst_user0,0,WRITE,0xd32000,8192
0,burst_user0,0,READ,0xd34000,8192
0,burst_user0,0,READ,0xd36000,8192
0,burst_user0,0,WRITE,0xd38000,8192
0,burst_user0,0,READ,0xd3a000,8192
0,burst_user0,0,READ,0xd3c000,8192
0,burst_user0,0,WRITE,0xd3e000,8192
0,burst_user0,0,READ,0xd40000,8192
0,burst_user0,0,READ,0xd42000,8192
0,burst_user0,0,WRITE,0xd44000,8192
0,burst_user0,0,READ,0xd46000,8192
0,burst_user0,0,READ,0xd48000,8192
0,burst_user0,0,WRITE,0xd4a000,8192
0,burst_user0,0,READ,0xd4c000,8192
0,burst_user0,0,READ,0xd4e000,8192
0,burst_user0,0,WRITE,0xd50000,8192
0,burst_user0,0,READ,0xd52000,8192
0,burst_user0,0,READ,0xd54000,8192
0,burst_user0,0,WRITE,0xd56000,8192
0,burst_user0,0,READ,0xd58000,8192
0,burst_user0,0,READ,0xd5a000,8192
0,burst_user0,0,WRITE,0xd5c000,8192
0,burst_user0,0,READ,0xd5e000,8192
0,burst_user0,0,READ,0xd60000,8192
0,burst_user0,0,WRITE,0xd62000,8192
0,burst_user0,0,READ,0xd64000,8192
0,burst_user0,0,READ,0xd66000,8192
0,burst_user0,0,WRITE,0xd68000,8192
0,burst_user0,0,READ,0xd6a000,8192
0,burst_user0,0,READ,0xd6c000,8192
0,burst_user0,0,WRITE,0xd6e000,8192
0,burst_user0,0,READ,0xd70000,8192
0,burst_user0,0,READ,0xd72000,8192
0,burst_user0,0,WRITE,0xd74000,8192
0,burst_user0,0,READ,0xd76000,8192
0,burst_user0,0,READ,0xd78000,8192
0,burst_user0,0,WRITE,0xd7a000,8192
0,burst_user0,0,READ,0xd7c000,8192
0,burst_user0,0,READ,0xd7e000,8192
0,burst_user0,0,WRITE,0xd80000,8192
0,burst_user0,0,READ,0xd82000,8192
0,burst_user0,0,READ,0xd84000,8192
0,burst_user0,0,WRITE,0xd86000,8192
0,burst_user0,0,READ,0xd88000,8192
0,burst_user0,0,READ,0xd8a000,8192
0,burst_user0,0,WRITE,0xd8c000,8192
0,burst_user0,0,READ,0xd8e000,8192
0,burst_user0,0,READ,0xd90000,8192
0,burst_user0,0,WRITE,0xd92000,8192
0,burst_user0,0,READ,0xd94000,8192
0,burst_user0,0,READ,0xd96000,8192
0,burst_user0,0,WRITE,0xd98000,8192
0,burst_user0,0,READ,0xd9a000,8192
0,burst_user0,0,READ,0xd9c000,8192
0,burst_user0,0,WRITE,0xd9e000,8192
0,burst_user0,0,READ,0xda0000,8192
0,burst_user0,0,READ,0xda2000,8192
0,burst_user0,0,WRITE,0xda4000,8192
0,burst_user0,0,READ,0xda6000,8192
0,burst_user0,0,READ,0xda8000,8192
0,burst_user0,0,WRITE,0xdaa000,8192
0,burst_user0,0,READ,0xdac000,8192
0,burst_user0,0,READ,0xdae000,8192
0,burst_user0,0,WRITE,0xdb0000,8192
0,burst_user0,0,READ,0xdb2000,8192
0,burst_user0,0,READ,0xdb4000,8192
0,burst_user0,0,WRITE,0xdb6000,8192
0,burst_user0,0,READ,0xdb8000,8192
0,burst_user0,0,READ,0xdba000,8192
0,burst_user0,0,WRITE,0xdbc000,8192
0,burst_user0,0,READ,0xdbe000,8192
0,burst_user0,0,READ,0xdc0000,8192
0,burst_user0,0,WRITE,0xdc2000,8192
0,burst_user0,0,READ,0xdc4000,8192
0,burst_user0,0,READ,0xdc6000,8192
0,burst_user0,0,WRITE,0xdc8000,8192
0,burst_user0,0,READ,0xdca000,8192
0,burst_user0,0,READ,0xdcc000,8192
0,burst_user0,0,WRITE,0xdce000,8192
0,burst_user0,0,READ,0xdd0000,8192
0,burst_user0,0,READ,0xdd2000,8192
0,burst_user0,0,WRITE,0xdd4000,8192
0,burst_user0,0,READ,0xdd6000,8192
0,burst_user0,0,READ,0xdd8000,8192
0,burst_user0,0,WRITE,0xdda000,8192
0,burst_user0,0,READ,0xddc000,8192
0,burst_user0,0,READ,0xdde000,8192
0,burst_user0,0,WRITE,0xde0000,8192
0,burst_user0,0,READ,0xde2000,8192
0,burst_user0,0,READ,0xde4000,8192
0,burst_user0,0,WRITE,0xde6000,8192
0,burst_user0,0,READ,0xde8000,8192
0,burst_user0,0,READ,0xdea000,8192
0,burst_user0,0,WRITE,0xdec000,8192
0,burst_user0,0,READ,0xdee000,8192
0,burst_user0,0,READ,0xdf0000,8192
0,burst_user0,0,WRITE,0xdf2000,8192
0,burst_user0,0,READ,0xdf4000,8192
0,burst_user0,0,READ,0xdf6000,8192
0,burst_user0,0,WRITE,0xdf8000,8192
0,burst_user0,0,READ,0xdfa000,8192
0,burst_user0,0,READ,0xdfc000,8192
0,burst_user0,0,WRITE,0xdfe000,8192
0,burst_user0,0,READ,0xe00000,8192
0,burst_user0,0,READ,0xe02000,8192
0,burst_user0,0,WRITE,0xe04000,8192
0,burst_user0,0,READ,0xe06000,8192
0,burst_user0,0,READ,0xe08000,8192
0,burst_user0,0,WRITE,0xe0a000,8192
0,burst_user0,0,READ,0xe0c000,8192
0,burst_user0,0,READ,0xe0e000,8192
0,burst_user0,0,WRITE,0xe10000,8192
0,burst_user0,0,READ,0xe12000,8192
0,burst_user0,0,READ,0xe14000,8192
0,burst_user0,0,WRITE,0xe16000,8192
0,burst_user0,0,READ,0xe18000,8192
0,burst_user0,0,READ,0xe1a000,8192
0,burst_user0,0,WRITE,0xe1c000,8192
0,burst_user0,0,READ,0xe1e000,8192
0,burst_user0,0,READ,0xe20000,8192
0,burst_user0,0,WRITE,0xe22000,8192
0,burst_user0,0,READ,0xe24000,8192
0,burst_user0,0,READ,0xe26000,8192
0,burst_user0,0,WRITE,0xe28000,8192
0,burst_user0,0,READ,0xe2a000,8192
0,burst_user0,0,READ,0xe2c000,8192
0,burst_user0,0,WRITE,0xe2e000,8192
0,burst_user0,0,READ,0xe30000,8192
0,burst_user0,0,READ,0xe32000,8192
0,burst_user0,0,WRITE,0xe34000,8192
0,burst_user0,0,READ,0xe36000,8192
0,burst_user0,0,READ,0xe38000,8192
0,burst_user0,0,WRITE,0xe3a000,8192
0,burst_user0,0,READ,0xe3c000,8192
0,burst_user0,0,READ,0xe3e000,8192
0,burst_user0,0,WRITE,0xe40000,8192
0,burst_user0,0,READ,0xe42000,8192
0,burst_user0,0,READ,0xe44000,8192
0,burst_user0,0,WRITE,0xe46000,8192
0,burst_user0,0,READ,0xe48000,8192
0,burst_user0,0,READ,0xe4a000,8192
0,burst_user0,0,WRITE,0xe4c000,8192
0,burst_user0,0,READ,0xe4e000,8192
0,burst_user0,0,READ,0xe50000,8192
0,burst_user0,0,WRITE,0xe52000,8192
0,burst_user0,0,READ,0xe54000,8192
0,burst_user0,0,READ,0xe56000,8192
0,burst_user0,0,WRITE,0xe58000,8192
0,burst_user0,0,READ,0xe5a000,8192
0,burst_user0,0,READ,0xe5c000,8192
0,burst_user0,0,WRITE,0xe5e000,8192
0,burst_user0,0,READ,0xe60000,8192
0,burst_user0,0,READ,0xe62000,8192
0,burst_user0,0,WRITE,0xe64000,8192
0,burst_user0,0,READ,0xe66000,8192
0,burst_user0,0,READ,0xe68000,8192
0,burst_user0,0,WRITE,0xe6a000,8192
0,burst_user0,0,READ,0xe6c000,8192
0,burst_user0,0,READ,0xe6e000,8192
0,burst_user0,0,WRITE,0xe70000,8192
0,burst_user0,0,READ,0xe72000,8192
0,burst_user0,0,READ,0xe74000,8192
0,burst_user0,0,WRITE,0xe76000,8192
0,burst_user0,0,READ,0xe78000,8192
0,burst_user0,0,READ,0xe7a000,8192
0,burst_user0,0,WRITE,0xe7c000,8192
0,burst_user0,0,READ,0xe7e000,8192
0,burst_user0,0,READ,0xe80000,8192
0,burst_user0,0,WRITE,0xe82000,8192
0,burst_user0,0,READ,0xe84000,8192
0,burst_user0,0,READ,0xe86000,8192
0,burst_user0,0,WRITE,0xe88000,8192
0,burst_user0,0,READ,0xe8a000,8192
0,burst_user0,0,READ,0xe8c000,8192
0,burst_user0,0,WRITE,0xe8e000,8192
0,burst_user0,0,READ,0xe90000,8192
0,burst_user0,0,READ,0xe92000,8192
0,burst_user0,0,WRITE,0xe94000,8192
0,burst_user0,0,READ,0xe96000,8192
0,burst_user0,0,READ,0xe98000,8192
0,burst_user0,0,WRITE,0xe9a000,8192
0,burst_user0,0,READ,0xe9c000,8192
0,burst_user0,0,READ,0xe9e000,8192
0,burst_user0,0,WRITE,0xea0000,8192
0,burst_user0,0,READ,0xea2000,8192
0,burst_user0,0,READ,0xea4000,8192
0,burst_user0,0,WRITE,0xea6000,8192
0,burst_user0,0,READ,0xea8000,8192
0,burst_user0,0,READ,0xeaa000,8192
0,burst_user0,0,WRITE,0xeac000,8192
0,burst_user0,0,READ,0xeae000,8192
0,burst_user0,0,READ,0xeb0000,8192
0,burst_user0,0,WRITE,0xeb2000,8192
0,burst_user0,0,READ,0xeb4000,8192
0,burst_user0,0,READ,0xeb6000,8192
0,burst_user0,0,WRITE,0xeb8000,8192
0,burst_user0,0,READ,0xeba000,8192
0,burst_user0,0,READ,0xebc000,8192
0,burst_user0,0,WRITE,0xebe000,8192
0,burst_user0,0,READ,0xec0000,8192
0,burst_user0,0,READ,0xec2000,8192
0,burst_user0,0,WRITE,0xec4000,8192
0,burst_user0,0,READ,0xec6000,8192
0,burst_user0,0,READ,0xec8000,8192
0,burst_user0,0,WRITE,0xeca000,8192
0,burst_user0,0,READ,0xecc000,8192
0,burst_user0,0,READ,0xece000,8192
0,burst_user0,0,WRITE,0xed0000,8192
0,burst_user0,0,READ,0xed2000,8192
0,burst_user0,0,READ,0xed4000,8192
0,burst_user0,0,WRITE,0xed6000,8192
0,burst_user0,0,READ,0xed8000,8192
0,burst_user0,0,READ,0xeda000,8192
0,burst_user0,0,WRITE,0xedc000,8192
0,burst_user0,0,READ,0xede000,8192
0,burst_user0,0,READ,0xee0000,8192
0,burst_user0,0,WRITE,0xee2000,8192
0,burst_user0,0,READ,0xee4000,8192
0,burst_user0,0,READ,0xee6000,8192
0,burst_user0,0,WRITE,0xee8000,8192
0,burst_user0,0,READ,0xeea000,8192
0,burst_user0,0,READ,0xeec000,8192
0,burst_user0,0,WRITE,0xeee000,8192
0,burst_user0,0,READ,0xef0000,8192
0,burst_user0,0,READ,0xef2000,8192
0,burst_user0,0,WRITE,0xef4000,8192
0,burst_user0,0,READ,0xef6000,8192
0,burst_user0,0,READ,0xef8000,8192
0,burst_user0,0,WRITE,0xefa000,8192
0,burst_user0,0,READ,0xefc000,8192
0,burst_user0,0,READ,0xefe000,8192
0,burst_user0,0,WRITE,0xf00000,8192
0,burst_user0,0,READ,0xf02000,8192
0,burst_user0,0,READ,0xf04000,8192
0,burst_user0,0,WRITE,0xf06000,8192
0,burst_user0,0,READ,0xf08000,8192
0,burst_user0,0,READ,0xf0a000,8192
0,burst_user0,0,WRITE,0xf0c000,8192
0,burst_user0,0,READ,0xf0e000,8192
0,burst_user0,0,READ,0xf10000,8192
0,burst_user0,0,WRITE,0xf12000,8192
0,burst_user0,0,READ,0xf14000,8192
0,burst_user0,0,READ,0xf16000,8192
0,burst_user0,0,WRITE,0xf18000,8192
0,burst_user0,0,READ,0xf1a000,8192
0,burst_user0,0,READ,0xf1c000,8192
0,burst_user0,0,WRITE,0xf1e000,8192
0,burst_user0,0,READ,0xf20000,8192
0,burst_user0,0,READ,0xf22000,8192
0,burst_user0,0,WRITE,0xf24000,8192
0,burst_user0,0,READ,0xf26000,8192
0,burst_user0,0,READ,0xf28000,8192
0,burst_user0,0,WRITE,0xf2a000,8192
0,burst_user0,0,READ,0xf2c000,8192
0,burst_user0,0,READ,0xf2e000,8192
0,burst_user0,0,WRITE,0xf30000,8192
0,burst_user0,0,READ,0xf32000,8192
0,burst_user0,0,READ,0xf34000,8192
0,burst_user0,0,WRITE,0xf36000,8192
0,burst_user0,0,READ,0xf38000,8192
0,burst_user0,0,READ,0xf3a000,8192
0,burst_user0,0,WRITE,0xf3c000,8192
0,burst_user0,0,READ,0xf3e000,8192
0,burst_user0,0,READ,0xf40000,8192
0,burst_user0,0,WRITE,0xf42000,8192
0,burst_user0,0,READ,0xf44000,8192
0,burst_user0,0,READ,0xf46000,8192
0,burst_user0,0,WRITE,0xf48000,8192
0,burst_user0,0,READ,0xf4a000,8192
0,burst_user0,0,READ,0xf4c000,8192
0,burst_user0,0,WRITE,0xf4e000,8192
0,burst_user0,0,READ,0xf50000,8192
0,burst_user0,0,READ,0xf52000,8192
0,burst_user0,0,WRITE,0xf54000,8192
0,burst_user0,0,READ,0xf56000,8192
0,burst_user0,0,READ,0xf58000,8192
0,burst_user0,0,WRITE,0xf5a000,8192
0,burst_user0,0,READ,0xf5c000,8192
0,burst_user0,0,READ,0xf5e000,8192
0,burst_user0,0,WRITE,0xf60000,8192
0,burst_user0,0,READ,0xf62000,8192
0,burst_user0,0,READ,0xf64000,8192
0,burst_user0,0,WRITE,0xf66000,8192
0,burst_user0,0,READ,0xf68000,8192
0,burst_user0,0,READ,0xf6a000,8192
0,burst_user0,0,WRITE,0xf6c000,8192
0,burst_user0,0,READ,0xf6e000,8192
0,burst_user0,0,READ,0xf70000,8192
0,burst_user0,0,WRITE,0xf72000,8192
0,burst_user0,0,READ,0xf74000,8192
0,burst_user0,0,READ,0xf76000,8192
0,burst_user0,0,WRITE,0xf78000,8192
0,burst_user0,0,READ,0xf7a000,8192
0,burst_user0,0,READ,0xf7c000,8192
0,burst_user0,0,WRITE,0xf7e000,8192
0,burst_user0,0,READ,0xf80000,8192
0,burst_user0,0,READ,0xf82000,8192
0,burst_user0,0,WRITE,0xf84000,8192
0,burst_user0,0,READ,0xf86000,8192
0,burst_user0,0,READ,0xf88000,8192
0,burst_user0,0,WRITE,0xf8a000,8192
0,burst_user0,0,READ,0xf8c000,8192
0,burst_user0,0,READ,0xf8e000,8192
0,burst_user0,0,WRITE,0xf90000,8192
0,burst_user0,0,READ,0xf92000,8192
0,burst_user0,0,READ,0xf94000,8192
0,burst_user0,0,WRITE,0xf96000,8192
0,burst_user0,0,READ,0xf98000,8192
0,burst_user0,0,READ,0xf9a000,8192
0,burst_user0,0,WRITE,0xf9c000,8192
0,burst_user0,0,READ,0xf9e000,8192
0,burst_user1,1,WRITE,0x10000000000,8192
0,burst_user1,1,READ,0x10000002000,8192
0,burst_user1,1,READ,0x10000004000,8192
0,burst_user1,1,WRITE,0x10000006000,8192
0,burst_user1,1,READ,0x10000008000,8192
0,burst_user1,1,READ,0x1000000a000,8192
0,burst_user1,1,WRITE,0x1000000c000,8192
0,burst_user1,1,READ,0x1000000e000,8192
0,burst_user1,1,READ,0x10000010000,8192
0,burst_user1,1,WRITE,0x10000012000,8192
0,burst_user1,1,READ,0x10000014000,8192
0,burst_user1,1,READ,0x10000016000,8192
0,burst_user1,1,WRITE,0x10000018000,8192
0,burst_user1,1,READ,0x1000001a000,8192
0,burst_user1,1,READ,0x1000001c000,8192
0,burst_user1,1,WRITE,0x1000001e000,8192
0,burst_user1,1,READ,0x10000020000,8192
0,burst_user1,1,READ,0x10000022000,8192
0,burst_user1,1,WRITE,0x10000024000,8192
0,burst_user1,1,READ,0x10000026000,8192
0,burst_user1,1,READ,0x10000028000,8192
0,burst_user1,1,WRITE,0x1000002a000,8192
0,burst_user1,1,READ,0x1000002c000,8192
0,burst_user1,1,READ,0x1000002e000,8192
0,burst_user1,1,WRITE,0x10000030000,8192
0,burst_user1,1,READ,0x10000032000,8192
0,burst_user1,1,READ,0x10000034000,8192
0,burst_user1,1,WRITE,0x10000036000,8192
0,burst_user1,1,READ,0x10000038000,8192
0,burst_user1,1,READ,0x1000003a000,8192
0,burst_user1,1,WRITE,0x1000003c000,8192
0,burst_user1,1,READ,0x1000003e000,8192
0,burst_user1,1,READ,0x10000040000,8192
0,burst_user1,1,WRITE,0x10000042000,8192
0,burst_user1,1,READ,0x10000044000,8192
0,burst_user1,1,READ,0x10000046000,8192
0,burst_user1,1,WRITE,0x10000048000,8192
0,burst_user1,1,READ,0x1000004a000,8192
0,burst_user1,1,READ,0x1000004c000,8192
0,burst_user1,1,WRITE,0x1000004e000,8192
0,burst_user1,1,READ,0x10000050000,8192
0,burst_user1,1,READ,0x10000052000,8192
0,burst_user1,1,WRITE,0x10000054000,8192
0,burst_user1,1,READ,0x10000056000,8192
0,burst_user1,1,READ,0x10000058000,8192
0,burst_user1,1,WRITE,0x1000005a000,8192
0,burst_user1,1,READ,0x1000005c000,8192
0,burst_user1,1,READ,0x1000005e000,8192
0,burst_user1,1,WRITE,0x10000060000,8192
0,burst_user1,1,READ,0x10000062000,8192
0,burst_user1,1,READ,0x10000064000,8192
0,burst_user1,1,WRITE,0x10000066000,8192
0,burst_user1,1,READ,0x10000068000,8192
0,burst_user1,1,READ,0x1000006a000,8192
0,burst_user1,1,WRITE,0x1000006c000,8192
0,burst_user1,1,READ,0x1000006e000,8192
0,burst_user1,1,READ,0x10000070000,8192
0,burst_user1,1,WRITE,0x10000072000,8192
0,burst_user1,1,READ,0x10000074000,8192
0,burst_user1,1,READ,0x10000076000,8192
0,burst_user1,1,WRITE,0x10000078000,8192
0,burst_user1,1,READ,0x1000007a000,8192
0,burst_user1,1,READ,0x1000007c000,8192
0,burst_user1,1,WRITE,0x1000007e000,8192
0,burst_user1,1,READ,0x10000080000,8192
0,burst_user1,1,READ,0x10000082000,8192
0,burst_user1,1,WRITE,0x10000084000,8192
0,burst_user1,1,READ,0x10000086000,8192
0,burst_user1,1,READ,0x10000088000,8192
0,burst_user1,1,WRITE,0x1000008a000,8192
0,burst_user1,1,READ,0x1000008c000,8192
0,burst_user1,1,READ,0x1000008e000,8192
0,burst_user1,1,WRITE,0x10000090000,8192
0,burst_user1,1,READ,0x10000092000,8192
0,burst_user1,1,READ,0x10000094000,8192
0,burst_user1,1,WRITE,0x10000096000,8192
0,burst_user1,1,READ,0x10000098000,8192
0,burst_user1,1,READ,0x1000009a000,8192
0,burst_user1,1,WRITE,0x1000009c000,8192
0,burst_user1,1,READ,0x1000009e000,8192
0,burst_user1,1,READ,0x100000a0000,8192
0,burst_user1,1,WRITE,0x100000a2000,8192
0,burst_user1,1,READ,0x100000a4000,8192
0,burst_user1,1,READ,0x100000a6000,8192
0,burst_user1,1,WRITE,0x100000a8000,8192
0,burst_user1,1,READ,0x100000aa000,8192
0,burst_user1,1,READ,0x100000ac000,8192
0,burst_user1,1,WRITE,0x100000ae000,8192
0,burst_user1,1,READ,0x100000b0000,8192
0,burst_user1,1,READ,0x100000b2000,8192
0,burst_user1,1,WRITE,0x100000b4000,8192
0,burst_user1,1,READ,0x100000b6000,8192
0,burst_user1,1,READ,0x100000b8000,8192
0,burst_user1,1,WRITE,0x100000ba000,8192
0,burst_user1,1,READ,0x100000bc000,8192
0,burst_user1,1,READ,0x100000be000,8192
0,burst_user1,1,WRITE,0x100000c0000,8192
0,burst_user1,1,READ,0x100000c2000,8192
0,burst_user1,1,READ,0x100000c4000,8192
0,burst_user1,1,WRITE,0x100000c6000,8192
0,burst_user1,1,READ,0x100000c8000,8192
0,burst_user1,1,READ,0x100000ca000,8192
0,burst_user1,1,WRITE,0x100000cc000,8192
0,burst_user1,1,READ,0x100000ce000,8192
0,burst_user1,1,READ,0x100000d0000,8192
0,burst_user1,1,WRITE,0x100000d2000,8192
0,burst_user1,1,READ,0x100000d4000,8192
0,burst_user1,1,READ,0x100000d6000,8192
0,burst_user1,1,WRITE,0x100000d8000,8192
0,burst_user1,1,READ,0x100000da000,8192
0,burst_user1,1,READ,0x100000dc000,8192
0,burst_user1,1,WRITE,0x100000de000,8192
0,burst_user1,1,READ,0x100000e0000,8192
0,burst_user1,1,READ,0x100000e2000,8192
0,burst_user1,1,WRITE,0x100000e4000,8192
0,burst_user1,1,READ,0x100000e6000,8192
0,burst_user1,1,READ,0x100000e8000,8192
0,burst_user1,1,WRITE,0x100000ea000,8192
0,burst_user1,1,READ,0x100000ec000,8192
0,burst_user1,1,READ,0x100000ee000,8192
0,burst_user1,1,WRITE,0x100000f0000,8192
0,burst_user1,1,READ,0x100000f2000,8192
0,burst_user1,1,READ,0x100000f4000,8192
0,burst_user1,1,WRITE,0x100000f6000,8192
0,burst_user1,1,READ,0x100000f8000,8192
0,burst_user1,1,READ,0x100000fa000,8192
0,burst_user1,1,WRITE,0x100000fc000,8192
0,burst_user1,1,READ,0x100000fe000,8192
0,burst_user1,1,READ,0x10000100000,8192
0,burst_user1,1,WRITE,0x10000102000,8192
0,burst_user1,1,READ,0x10000104000,8192
0,burst_user1,1,READ,0x10000106000,8192
0,burst_user1,1,WRITE,0x10000108000,8192
0,burst_user1,1,READ,0x1000010a000,8192
0,burst_user1,1,READ,0x1000010c000,8192
0,burst_user1,1,WRITE,0x1000010e000,8192
0,burst_user1,1,READ,0x10000110000,8192
0,burst_user1,1,READ,0x10000112000,8192
0,burst_user1,1,WRITE,0x10000114000,8192
0,burst_user1,1,READ,0x10000116000,8192
0,burst_user1,1,READ,0x10000118000,8192
0,burst_user1,1,WRITE,0x1000011a000,8192
0,burst_user1,1,READ,0x1000011c000,8192
0,burst_user1,1,READ,0x1000011e000,8192
0,burst_user1,1,WRITE,0x10000120000,8192
0,burst_user1,1,READ,0x10000122000,8192
0,burst_user1,1,READ,0x10000124000,8192
0,burst_user1,1,WRITE,0x10000126000,8192
0,burst_user1,1,READ,0x10000128000,8192
0,burst_user1,1,READ,0x1000012a000,8192
0,burst_user1,1,WRITE,0x1000012c000,8192
0,burst_user1,1,READ,0x1000012e000,8192
0,burst_user1,1,READ,0x10000130000,8192
0,burst_user1,1,WRITE,0x10000132000,8192
0,burst_user1,1,READ,0x10000134000,8192
0,burst_user1,1,READ,0x10000136000,8192
0,burst_user1,1,WRITE,0x10000138000,8192
0,burst_user1,1,READ,0x1000013a000,8192
0,burst_user1,1,READ,0x1000013c000,8192
0,burst_user1,1,WRITE,0x1000013e000,8192
0,burst_user1,1,READ,0x10000140000,8192
0,burst_user1,1,READ,0x10000142000,8192
0,burst_user1,1,WRITE,0x10000144000,8192
0,burst_user1,1,READ,0x10000146000,8192
0,burst_user1,1,READ,0x10000148000,8192
0,burst_user1,1,WRITE,0x1000014a000,8192
0,burst_user1,1,READ,0x1000014c000,8192
0,burst_user1,1,READ,0x1000014e000,8192
0,burst_user1,1,WRITE,0x10000150000,8192
0,burst_user1,1,READ,0x10000152000,8192
0,burst_user1,1,READ,0x10000154000,8192
0,burst_user1,1,WRITE,0x10000156000,8192
0,burst_user1,1,READ,0x10000158000,8192
0,burst_user1,1,READ,0x1000015a000,8192
0,burst_user1,1,WRITE,0x1000015c000,8192
0,burst_user1,1,READ,0x1000015e000,8192
0,burst_user1,1,READ,0x10000160000,8192
0,burst_user1,1,WRITE,0x10000162000,8192
0,burst_user1,1,READ,0x10000164000,8192
0,burst_user1,1,READ,0x10000166000,8192
0,burst_user1,1,WRITE,0x10000168000,8192
0,burst_user1,1,READ,0x1000016a000,8192
0,burst_user1,1,READ,0x1000016c000,8192
0,burst_user1,1,WRITE,0x1000016e000,8192
0,burst_user1,1,READ,0x10000170000,8192
0,burst_user1,1,READ,0x10000172000,8192
0,burst_user1,1,WRITE,0x10000174000,8192
0,burst_user1,1,READ,0x10000176000,8192
0,burst_user1,1,READ,0x10000178000,8192
0,burst_user1,1,WRITE,0x1000017a000,8192
0,burst_user1,1,READ,0x1000017c000,8192
0,burst_user1,1,READ,0x1000017e000,8192
0,burst_user1,1,WRITE,0x10000180000,8192
0,burst_user1,1,READ,0x10000182000,8192
0,burst_user1,1,READ,0x10000184000,8192
0,burst_user1,1,WRITE,0x10000186000,8192
0,burst_user1,1,READ,0x10000188000,8192
0,burst_user1,1,READ,0x1000018a000,8192
0,burst_user1,1,WRITE,0x1000018c000,8192
0,burst_user1,1,READ,0x1000018e000,8192
0,burst_user1,1,READ,0x10000190000,8192
0,burst_user1,1,WRITE,0x10000192000,8192
0,burst_user1,1,READ,0x10000194000,8192
0,burst_user1,1,READ,0x10000196000,8192
0,burst_user1,1,WRITE,0x10000198000,8192
0,burst_user1,1,READ,0x1000019a000,8192
0,burst_user1,1,READ,0x1000019c000,8192
0,burst_user1,1,WRITE,0x1000019e000,8192
0,burst_user1,1,READ,0x100001a0000,8192
0,burst_user1,1,READ,0x100001a2000,8192
0,burst_user1,1,WRITE,0x100001a4000,8192
0,burst_user1,1,READ,0x100001a6000,8192
0,burst_user1,1,READ,0x100001a8000,8192
0,burst_user1,1,WRITE,0x100001aa000,8192
0,burst_user1,1,READ,0x100001ac000,8192
0,burst_user1,1,READ,0x100001ae000,8192
0,burst_user1,1,WRITE,0x100001b0000,8192
0,burst_user1,1,READ,0x100001b2000,8192
0,burst_user1,1,READ,0x100001b4000,8192
0,burst_user1,1,WRITE,0x100001b6000,8192
0,burst_user1,1,READ,0x100001b8000,8192
0,burst_user1,1,READ,0x100001ba000,8192
0,burst_user1,1,WRITE,0x100001bc000,8192
0,burst_user1,1,READ,0x100001be000,8192
0,burst_user1,1,READ,0x100001c0000,8192
0,burst_user1,1,WRITE,0x100001c2000,8192
0,burst_user1,1,READ,0x100001c4000,8192
0,burst_user1,1,READ,0x100001c6000,8192
0,burst_user1,1,WRITE,0x100001c8000,8192
0,burst_user1,1,READ,0x100001ca000,8192
0,burst_user1,1,READ,0x100001cc000,8192
0,burst_user1,1,WRITE,0x100001ce000,8192
0,burst_user1,1,READ,0x100001d0000,8192
0,burst_user1,1,READ,0x100001d2000,8192
0,burst_user1,1,WRITE,0x100001d4000,8192
0,burst_user1,1,READ,0x100001d6000,8192
0,burst_user1,1,READ,0x100001d8000,8192
0,burst_user1,1,WRITE,0x100001da000,8192
0,burst_user1,1,READ,0x100001dc000,8192
0,burst_user1,1,READ,0x100001de000,8192
0,burst_user1,1,WRITE,0x100001e0000,8192
0,burst_user1,1,READ,0x100001e2000,8192
0,burst_user1,1,READ,0x100001e4000,8192
0,burst_user1,1,WRITE,0x100001e6000,8192
0,burst_user1,1,READ,0x100001e8000,8192
0,burst_user1,1,READ,0x100001ea000,8192
0,burst_user1,1,WRITE,0x100001ec000,8192
0,burst_user1,1,READ,0x100001ee000,8192
0,burst_user1,1,READ,0x100001f0000,8192
0,burst_user1,1,WRITE,0x100001f2000,8192
0,burst_user1,1,READ,0x100001f4000,8192
0,burst_user1,1,READ,0x100001f6000,8192
0,burst_user1,1,WRITE,0x100001f8000,8192
0,burst_user1,1,READ,0x100001fa000,8192
0,burst_user1,1,READ,0x100001fc000,8192
0,burst_user1,1,WRITE,0x100001fe000,8192
0,burst_user1,1,READ,0x10000200000,8192
0,burst_user1,1,READ,0x10000202000,8192
0,burst_user1,1,WRITE,0x10000204000,8192
0,burst_user1,1,READ,0x10000206000,8192
0,burst_user1,1,READ,0x10000208000,8192
0,burst_user1,1,WRITE,0x1000020a000,8192
0,burst_user1,1,READ,0x1000020c000,8192
0,burst_user1,1,READ,0x1000020e000,8192
0,burst_user1,1,WRITE,0x10000210000,8192
0,burst_user1,1,READ,0x10000212000,8192
0,burst_user1,1,READ,0x10000214000,8192
0,burst_user1,1,WRITE,0x10000216000,8192
0,burst_user1,1,READ,0x10000218000,8192
0,burst_user1,1,READ,0x1000021a000,8192
0,burst_user1,1,WRITE,0x1000021c000,8192
0,burst_user1,1,READ,0x1000021e000,8192
0,burst_user1,1,READ,0x10000220000,8192
0,burst_user1,1,WRITE,0x10000222000,8192
0,burst_user1,1,READ,0x10000224000,8192
0,burst_user1,1,READ,0x10000226000,8192
0,burst_user1,1,WRITE,0x10000228000,8192
0,burst_user1,1,READ,0x1000022a000,8192
0,burst_user1,1,READ,0x1000022c000,8192
0,burst_user1,1,WRITE,0x1000022e000,8192
0,burst_user1,1,READ,0x10000230000,8192
0,burst_user1,1,READ,0x10000232000,8192
0,burst_user1,1,WRITE,0x10000234000,8192
0,burst_user1,1,READ,0x10000236000,8192
0,burst_user1,1,READ,0x10000238000,8192
0,burst_user1,1,WRITE,0x1000023a000,8192
0,burst_user1,1,READ,0x1000023c000,8192
0,burst_user1,1,READ,0x1000023e000,8192
0,burst_user1,1,WRITE,0x10000240000,8192
0,burst_user1,1,READ,0x10000242000,8192
0,burst_user1,1,READ,0x10000244000,8192
0,burst_user1,1,WRITE,0x10000246000,8192
0,burst_user1,1,READ,0x10000248000,8192
0,burst_user1,1,READ,0x1000024a000,8192
0,burst_user1,1,WRITE,0x1000024c000,8192
0,burst_user1,1,READ,0x1000024e000,8192
0,burst_user1,1,READ,0x10000250000,8192
0,burst_user1,1,WRITE,0x10000252000,8192
0,burst_user1,1,READ,0x10000254000,8192
0,burst_user1,1,READ,0x10000256000,8192
0,burst_user1,1,WRITE,0x10000258000,8192
0,burst_user1,1,READ,0x1000025a000,8192
0,burst_user1,1,READ,0x1000025c000,8192
0,burst_user1,1,WRITE,0x1000025e000,8192
0,burst_user1,1,READ,0x10000260000,8192
0,burst_user1,1,READ,0x10000262000,8192
0,burst_user1,1,WRITE,0x10000264000,8192
0,burst_user1,1,READ,0x10000266000,8192
0,burst_user1,1,READ,0x10000268000,8192
0,burst_user1,1,WRITE,0x1000026a000,8192
0,burst_user1,1,READ,0x1000026c000,8192
0,burst_user1,1,READ,0x1000026e000,8192
0,burst_user1,1,WRITE,0x10000270000,8192
0,burst_user1,1,READ,0x10000272000,8192
0,burst_user1,1,READ,0x10000274000,8192
0,burst_user1,1,WRITE,0x10000276000,8192
0,burst_user1,1,READ,0x10000278000,8192
0,burst_user1,1,READ,0x1000027a000,8192
0,burst_user1,1,WRITE,0x1000027c000,8192
0,burst_user1,1,READ,0x1000027e000,8192
0,burst_user1,1,READ,0x10000280000,8192
0,burst_user1,1,WRITE,0x10000282000,8192
0,burst_user1,1,READ,0x10000284000,8192
0,burst_user1,1,READ,0x10000286000,8192
0,burst_user1,1,WRITE,0x10000288000,8192
0,burst_user1,1,READ,0x1000028a000,8192
0,burst_user1,1,READ,0x1000028c000,8192
0,burst_user1,1,WRITE,0x1000028e000,8192
0,burst_user1,1,READ,0x10000290000,8192
0,burst_user1,1,READ,0x10000292000,8192
0,burst_user1,1,WRITE,0x10000294000,8192
0,burst_user1,1,READ,0x10000296000,8192
0,burst_user1,1,READ,0x10000298000,8192
0,burst_user1,1,WRITE,0x1000029a000,8192
0,burst_user1,1,READ,0x1000029c000,8192
0,burst_user1,1,READ,0x1000029e000,8192
0,burst_user1,1,WRITE,0x100002a0000,8192
0,burst_user1,1,READ,0x100002a2000,8192
0,burst_user1,1,READ,0x100002a4000,8192
0,burst_user1,1,WRITE,0x100002a6000,8192
0,burst_user1,1,READ,0x100002a8000,8192
0,burst_user1,1,READ,0x100002aa000,8192
0,burst_user1,1,WRITE,0x100002ac000,8192
0,burst_user1,1,READ,0x100002ae000,8192
0,burst_user1,1,READ,0x100002b0000,8192
0,burst_user1,1,WRITE,0x100002b2000,8192
0,burst_user1,1,READ,0x100002b4000,8192
0,burst_user1,1,READ,0x100002b6000,8192
0,burst_user1,1,WRITE,0x100002b8000,8192
0,burst_user1,1,READ,0x100002ba000,8192
0,burst_user1,1,READ,0x100002bc000,8192
0,burst_user1,1,WRITE,0x100002be000,8192
0,burst_user1,1,READ,0x100002c0000,8192
0,burst_user1,1,READ,0x100002c2000,8192
0,burst_user1,1,WRITE,0x100002c4000,8192
0,burst_user1,1,READ,0x100002c6000,8192
0,burst_user1,1,READ,0x100002c8000,8192
0,burst_user1,1,WRITE,0x100002ca000,8192
0,burst_user1,1,READ,0x100002cc000,8192
0,burst_user1,1,READ,0x100002ce000,8192
0,burst_user1,1,WRITE,0x100002d0000,8192
0,burst_user1,1,READ,0x100002d2000,8192
0,burst_user1,1,READ,0x100002d4000,8192
0,burst_user1,1,WRITE,0x100002d6000,8192
0,burst_user1,1,READ,0x100002d8000,8192
0,burst_user1,1,READ,0x100002da000,8192
0,burst_user1,1,WRITE,0x100002dc000,8192
0,burst_user1,1,READ,0x100002de000,8192
0,burst_user1,1,READ,0x100002e0000,8192
0,burst_user1,1,WRITE,0x100002e2000,8192
0,burst_user1,1,READ,0x100002e4000,8192
0,burst_user1,1,READ,0x100002e6000,8192
0,burst_user1,1,WRITE,0x100002e8000,8192
0,burst_user1,1,READ,0x100002ea000,8192
0,burst_user1,1,READ,0x100002ec000,8192
0,burst_user1,1,WRITE,0x100002ee000,8192
0,burst_user1,1,READ,0x100002f0000,8192
0,burst_user1,1,READ,0x100002f2000,8192
0,burst_user1,1,WRITE,0x100002f4000,8192
0,burst_user1,1,READ,0x100002f6000,8192
0,burst_user1,1,READ,0x100002f8000,8192
0,burst_user1,1,WRITE,0x100002fa000,8192
0,burst_user1,1,READ,0x100002fc000,8192
0,burst_user1,1,READ,0x100002fe000,8192
0,burst_user1,1,WRITE,0x10000300000,8192
0,burst_user1,1,READ,0x10000302000,8192
0,burst_user1,1,READ,0x10000304000,8192
0,burst_user1,1,WRITE,0x10000306000,8192
0,burst_user1,1,READ,0x10000308000,8192
0,burst_user1,1,READ,0x1000030a000,8192
0,burst_user1,1,WRITE,0x1000030c000,8192
0,burst_user1,1,READ,0x1000030e000,8192
0,burst_user1,1,READ,0x10000310000,8192
0,burst_user1,1,WRITE,0x10000312000,8192
0,burst_user1,1,READ,0x10000314000,8192
0,burst_user1,1,READ,0x10000316000,8192
0,burst_user1,1,WRITE,0x10000318000,8192
0,burst_user1,1,READ,0x1000031a000,8192
0,burst_user1,1,READ,0x1000031c000,8192
0,burst_user1,1,WRITE,0x1000031e000,8192
0,burst_user1,1,READ,0x10000320000,8192
0,burst_user1,1,READ,0x10000322000,8192
0,burst_user1,1,WRITE,0x10000324000,8192
0,burst_user1,1,READ,0x10000326000,8192
0,burst_user1,1,READ,0x10000328000,8192
0,burst_user1,1,WRITE,0x1000032a000,8192
0,burst_user1,1,READ,0x1000032c000,8192
0,burst_user1,1,READ,0x1000032e000,8192
0,burst_user1,1,WRITE,0x10000330000,8192
0,burst_user1,1,READ,0x10000332000,8192
0,burst_user1,1,READ,0x10000334000,8192
0,burst_user1,1,WRITE,0x10000336000,8192
0,burst_user1,1,READ,0x10000338000,8192
0,burst_user1,1,READ,0x1000033a000,8192
0,burst_user1,1,WRITE,0x1000033c000,8192
0,burst_user1,1,READ,0x1000033e000,8192
0,burst_user1,1,READ,0x10000340000,8192
0,burst_user1,1,WRITE,0x10000342000,8192
0,burst_user1,1,READ,0x10000344000,8192
0,burst_user1,1,READ,0x10000346000,8192
0,burst_user1,1,WRITE,0x10000348000,8192
0,burst_user1,1,READ,0x1000034a000,8192
0,burst_user1,1,READ,0x1000034c000,8192
0,burst_user1,1,WRITE,0x1000034e000,8192
0,burst_user1,1,READ,0x10000350000,8192
0,burst_user1,1,READ,0x10000352000,8192
0,burst_user1,1,WRITE,0x10000354000,8192
0,burst_user1,1,READ,0x10000356000,8192
0,burst_user1,1,READ,0x10000358000,8192
0,burst_user1,1,WRITE,0x1000035a000,8192
0,burst_user1,1,READ,0x1000035c000,8192
0,burst_user1,1,READ,0x1000035e000,8192
0,burst_user1,1,WRITE,0x10000360000,8192
0,burst_user1,1,READ,0x10000362000,8192
0,burst_user1,1,READ,0x10000364000,8192
0,burst_user1,1,WRITE,0x10000366000,8192
0,burst_user1,1,READ,0x10000368000,8192
0,burst_user1,1,READ,0x1000036a000,8192
0,burst_user1,1,WRITE,0x1000036c000,8192
0,burst_user1,1,READ,0x1000036e000,8192
0,burst_user1,1,READ,0x10000370000,8192
0,burst_user1,1,WRITE,0x10000372000,8192
0,burst_user1,1,READ,0x10000374000,8192
0,burst_user1,1,READ,0x10000376000,8192
0,burst_user1,1,WRITE,0x10000378000,8192
0,burst_user1,1,READ,0x1000037a000,8192
0,burst_user1,1,READ,0x1000037c000,8192
0,burst_user1,1,WRITE,0x1000037e000,8192
0,burst_user1,1,READ,0x10000380000,8192
0,burst_user1,1,READ,0x10000382000,8192
0,burst_user1,1,WRITE,0x10000384000,8192
0,burst_user1,1,READ,0x10000386000,8192
0,burst_user1,1,READ,0x10000388000,8192
0,burst_user1,1,WRITE,0x1000038a000,8192
0,burst_user1,1,READ,0x1000038c000,8192
0,burst_user1,1,READ,0x1000038e000,8192
0,burst_user1,1,WRITE,0x10000390000,8192
0,burst_user1,1,READ,0x10000392000,8192
0,burst_user1,1,READ,0x10000394000,8192
0,burst_user1,1,WRITE,0x10000396000,8192
0,burst_user1,1,READ,0x10000398000,8192
0,burst_user1,1,READ,0x1000039a000,8192
0,burst_user1,1,WRITE,0x1000039c000,8192
0,burst_user1,1,READ,0x1000039e000,8192
0,burst_user1,1,READ,0x100003a0000,8192
0,burst_user1,1,WRITE,0x100003a2000,8192
0,burst_user1,1,READ,0x100003a4000,8192
0,burst_user1,1,READ,0x100003a6000,8192
0,burst_user1,1,WRITE,0x100003a8000,8192
0,burst_user1,1,READ,0x100003aa000,8192
0,burst_user1,1,READ,0x100003ac000,8192
0,burst_user1,1,WRITE,0x100003ae000,8192
0,burst_user1,1,READ,0x100003b0000,8192
0,burst_user1,1,READ,0x100003b2000,8192
0,burst_user1,1,WRITE,0x100003b4000,8192
0,burst_user1,1,READ,0x100003b6000,8192
0,burst_user1,1,READ,0x100003b8000,8192
0,burst_user1,1,WRITE,0x100003ba000,8192
0,burst_user1,1,READ,0x100003bc000,8192
0,burst_user1,1,READ,0x100003be000,8192
0,burst_user1,1,WRITE,0x100003c0000,8192
0,burst_user1,1,READ,0x100003c2000,8192
0,burst_user1,1,READ,0x100003c4000,8192
0,burst_user1,1,WRITE,0x100003c6000,8192
0,burst_user1,1,READ,0x100003c8000,8192
0,burst_user1,1,READ,0x100003ca000,8192
0,burst_user1,1,WRITE,0x100003cc000,8192
0,burst_user1,1,READ,0x100003ce000,8192
0,burst_user1,1,READ,0x100003d0000,8192
0,burst_user1,1,WRITE,0x100003d2000,8192
0,burst_user1,1,READ,0x100003d4000,8192
0,burst_user1,1,READ,0x100003d6000,8192
0,burst_user1,1,WRITE,0x100003d8000,8192
0,burst_user1,1,READ,0x100003da000,8192
0,burst_user1,1,READ,0x100003dc000,8192
0,burst_user1,1,WRITE,0x100003de000,8192
0,burst_user1,1,READ,0x100003e0000,8192
0,burst_user1,1,READ,0x100003e2000,8192
0,burst_user1,1,WRITE,0x100003e4000,8192
0,burst_user1,1,READ,0x100003e6000,8192
0,burst_user1,1,READ,0x100003e8000,8192
0,burst_user1,1,WRITE,0x100003ea000,8192
0,burst_user1,1,READ,0x100003ec000,8192
0,burst_user1,1,READ,0x100003ee000,8192
0,burst_user1,1,WRITE,0x100003f0000,8192
0,burst_user1,1,READ,0x100003f2000,8192
0,burst_user1,1,READ,0x100003f4000,8192
0,burst_user1,1,WRITE,0x100003f6000,8192
0,burst_user1,1,READ,0x100003f8000,8192
0,burst_user1,1,READ,0x100003fa000,8192
0,burst_user1,1,WRITE,0x100003fc000,8192
0,burst_user1,1,READ,0x100003fe000,8192
0,burst_user1,1,READ,0x10000400000,8192
0,burst_user1,1,WRITE,0x10000402000,8192
0,burst_user1,1,READ,0x10000404000,8192
0,burst_user1,1,READ,0x10000406000,8192
0,burst_user1,1,WRITE,0x10000408000,8192
0,burst_user1,1,READ,0x1000040a000,8192
0,burst_user1,1,READ,0x1000040c000,8192
0,burst_user1,1,WRITE,0x1000040e000,8192
0,burst_user1,1,READ,0x10000410000,8192
0,burst_user1,1,READ,0x10000412000,8192
0,burst_user1,1,WRITE,0x10000414000,8192
0,burst_user1,1,READ,0x10000416000,8192
0,burst_user1,1,READ,0x10000418000,8192
0,burst_user1,1,WRITE,0x1000041a000,8192
0,burst_user1,1,READ,0x1000041c000,8192
0,burst_user1,1,READ,0x1000041e000,8192
0,burst_user1,1,WRITE,0x10000420000,8192
0,burst_user1,1,READ,0x10000422000,8192
0,burst_user1,1,READ,0x10000424000,8192
0,burst_user1,1,WRITE,0x10000426000,8192
0,burst_user1,1,READ,0x10000428000,8192
0,burst_user1,1,READ,0x1000042a000,8192
0,burst_user1,1,WRITE,0x1000042c000,8192
0,burst_user1,1,READ,0x1000042e000,8192
0,burst_user1,1,READ,0x10000430000,8192
0,burst_user1,1,WRITE,0x10000432000,8192
0,burst_user1,1,READ,0x10000434000,8192
0,burst_user1,1,READ,0x10000436000,8192
0,burst_user1,1,WRITE,0x10000438000,8192
0,burst_user1,1,READ,0x1000043a000,8192
0,burst_user1,1,READ,0x1000043c000,8192
0,burst_user1,1,WRITE,0x1000043e000,8192
0,burst_user1,1,READ,0x10000440000,8192
0,burst_user1,1,READ,0x10000442000,8192
0,burst_user1,1,WRITE,0x10000444000,8192
0,burst_user1,1,READ,0x10000446000,8192
0,burst_user1,1,READ,0x10000448000,8192
0,burst_user1,1,WRITE,0x1000044a000,8192
0,burst_user1,1,READ,0x1000044c000,8192
0,burst_user1,1,READ,0x1000044e000,8192
0,burst_user1,1,WRITE,0x10000450000,8192
0,burst_user1,1,READ,0x10000452000,8192
0,burst_user1,1,READ,0x10000454000,8192
0,burst_user1,1,WRITE,0x10000456000,8192
0,burst_user1,1,READ,0x10000458000,8192
0,burst_user1,1,READ,0x1000045a000,8192
0,burst_user1,1,WRITE,0x1000045c000,8192
0,burst_user1,1,READ,0x1000045e000,8192
0,burst_user1,1,READ,0x10000460000,8192
0,burst_user1,1,WRITE,0x10000462000,8192
0,burst_user1,1,READ,0x10000464000,8192
0,burst_user1,1,READ,0x10000466000,8192
0,burst_user1,1,WRITE,0x10000468000,8192
0,burst_user1,1,READ,0x1000046a000,8192
0,burst_user1,1,READ,0x1000046c000,8192
0,burst_user1,1,WRITE,0x1000046e000,8192
0,burst_user1,1,READ,0x10000470000,8192
0,burst_user1,1,READ,0x10000472000,8192
0,burst_user1,1,WRITE,0x10000474000,8192
0,burst_user1,1,READ,0x10000476000,8192
0,burst_user1,1,READ,0x10000478000,8192
0,burst_user1,1,WRITE,0x1000047a000,8192
0,burst_user1,1,READ,0x1000047c000,8192
0,burst_user1,1,READ,0x1000047e000,8192
0,burst_user1,1,WRITE,0x10000480000,8192
0,burst_user1,1,READ,0x10000482000,8192
0,burst_user1,1,READ,0x10000484000,8192
0,burst_user1,1,WRITE,0x10000486000,8192
0,burst_user1,1,READ,0x10000488000,8192
0,burst_user1,1,READ,0x1000048a000,8192
0,burst_user1,1,WRITE,0x1000048c000,8192
0,burst_user1,1,READ,0x1000048e000,8192
0,burst_user1,1,READ,0x10000490000,8192
0,burst_user1,1,WRITE,0x10000492000,8192
0,burst_user1,1,READ,0x10000494000,8192
0,burst_user1,1,READ,0x10000496000,8192
0,burst_user1,1,WRITE,0x10000498000,8192
0,burst_user1,1,READ,0x1000049a000,8192
0,burst_user1,1,READ,0x1000049c000,8192
0,burst_user1,1,WRITE,0x1000049e000,8192
0,burst_user1,1,READ,0x100004a0000,8192
0,burst_user1,1,READ,0x100004a2000,8192
0,burst_user1,1,WRITE,0x100004a4000,8192
0,burst_user1,1,READ,0x100004a6000,8192
0,burst_user1,1,READ,0x100004a8000,8192
0,burst_user1,1,WRITE,0x100004aa000,8192
0,burst_user1,1,READ,0x100004ac000,8192
0,burst_user1,1,READ,0x100004ae000,8192
0,burst_user1,1,WRITE,0x100004b0000,8192
0,burst_user1,1,READ,0x100004b2000,8192
0,burst_user1,1,READ,0x100004b4000,8192
0,burst_user1,1,WRITE,0x100004b6000,8192
0,burst_user1,1,READ,0x100004b8000,8192
0,burst_user1,1,READ,0x100004ba000,8192
0,burst_user1,1,WRITE,0x100004bc000,8192
0,burst_user1,1,READ,0x100004be000,8192
0,burst_user1,1,READ,0x100004c0000,8192
0,burst_user1,1,WRITE,0x100004c2000,8192
0,burst_user1,1,READ,0x100004c4000,8192
0,burst_user1,1,READ,0x100004c6000,8192
0,burst_user1,1,WRITE,0x100004c8000,8192
0,burst_user1,1,READ,0x100004ca000,8192
0,burst_user1,1,READ,0x100004cc000,8192
0,burst_user1,1,WRITE,0x100004ce000,8192
0,burst_user1,1,READ,0x100004d0000,8192
0,burst_user1,1,READ,0x100004d2000,8192
0,burst_user1,1,WRITE,0x100004d4000,8192
0,burst_user1,1,READ,0x100004d6000,8192
0,burst_user1,1,READ,0x100004d8000,8192
0,burst_user1,1,WRITE,0x100004da000,8192
0,burst_user1,1,READ,0x100004dc000,8192
0,burst_user1,1,READ,0x100004de000,8192
0,burst_user1,1,WRITE,0x100004e0000,8192
0,burst_user1,1,READ,0x100004e2000,8192
0,burst_user1,1,READ,0x100004e4000,8192
0,burst_user1,1,WRITE,0x100004e6000,8192
0,burst_user1,1,READ,0x100004e8000,8192
0,burst_user1,1,READ,0x100004ea000,8192
0,burst_user1,1,WRITE,0x100004ec000,8192
0,burst_user1,1,READ,0x100004ee000,8192
0,burst_user1,1,READ,0x100004f0000,8192
0,burst_user1,1,WRITE,0x100004f2000,8192
0,burst_user1,1,READ,0x100004f4000,8192
0,burst_user1,1,READ,0x100004f6000,8192
0,burst_user1,1,WRITE,0x100004f8000,8192
0,burst_user1,1,READ,0x100004fa000,8192
0,burst_user1,1,READ,0x100004fc000,8192
0,burst_user1,1,WRITE,0x100004fe000,8192
0,burst_user1,1,READ,0x10000500000,8192
0,burst_user1,1,READ,0x10000502000,8192
0,burst_user1,1,WRITE,0x10000504000,8192
0,burst_user1,1,READ,0x10000506000,8192
0,burst_user1,1,READ,0x10000508000,8192
0,burst_user1,1,WRITE,0x1000050a000,8192
0,burst_user1,1,READ,0x1000050c000,8192
0,burst_user1,1,READ,0x1000050e000,8192
0,burst_user1,1,WRITE,0x10000510000,8192
0,burst_user1,1,READ,0x10000512000,8192
0,burst_user1,1,READ,0x10000514000,8192
0,burst_user1,1,WRITE,0x10000516000,8192
0,burst_user1,1,READ,0x10000518000,8192
0,burst_user1,1,READ,0x1000051a000,8192
0,burst_user1,1,WRITE,0x1000051c000,8192
0,burst_user1,1,READ,0x1000051e000,8192
0,burst_user1,1,READ,0x10000520000,8192
0,burst_user1,1,WRITE,0x10000522000,8192
0,burst_user1,1,READ,0x10000524000,8192
0,burst_user1,1,READ,0x10000526000,8192
0,burst_user1,1,WRITE,0x10000528000,8192
0,burst_user1,1,READ,0x1000052a000,8192
0,burst_user1,1,READ,0x1000052c000,8192
0,burst_user1,1,WRITE,0x1000052e000,8192
0,burst_user1,1,READ,0x10000530000,8192
0,burst_user1,1,READ,0x10000532000,8192
0,burst_user1,1,WRITE,0x10000534000,8192
0,burst_user1,1,READ,0x10000536000,8192
0,burst_user1,1,READ,0x10000538000,8192
0,burst_user1,1,WRITE,0x1000053a000,8192
0,burst_user1,1,READ,0x1000053c000,8192
0,burst_user1,1,READ,0x1000053e000,8192
0,burst_user1,1,WRITE,0x10000540000,8192
0,burst_user1,1,READ,0x10000542000,8192
0,burst_user1,1,READ,0x10000544000,8192
0,burst_user1,1,WRITE,0x10000546000,8192
0,burst_user1,1,READ,0x10000548000,8192
0,burst_user1,1,READ,0x1000054a000,8192
0,burst_user1,1,WRITE,0x1000054c000,8192
0,burst_user1,1,READ,0x1000054e000,8192
0,burst_user1,1,READ,0x10000550000,8192
0,burst_user1,1,WRITE,0x10000552000,8192
0,burst_user1,1,READ,0x10000554000,8192
0,burst_user1,1,READ,0x10000556000,8192
0,burst_user1,1,WRITE,0x10000558000,8192
0,burst_user1,1,READ,0x1000055a000,8192
0,burst_user1,1,READ,0x1000055c000,8192
0,burst_user1,1,WRITE,0x1000055e000,8192
0,burst_user1,1,READ,0x10000560000,8192
0,burst_user1,1,READ,0x10000562000,8192
0,burst_user1,1,WRITE,0x10000564000,8192
0,burst_user1,1,READ,0x10000566000,8192
0,burst_user1,1,READ,0x10000568000,8192
0,burst_user1,1,WRITE,0x1000056a000,8192
0,burst_user1,1,READ,0x1000056c000,8192
0,burst_user1,1,READ,0x1000056e000,8192
0,burst_user1,1,WRITE,0x10000570000,8192
0,burst_user1,1,READ,0x10000572000,8192
0,burst_user1,1,READ,0x10000574000,8192
0,burst_user1,1,WRITE,0x10000576000,8192
0,burst_user1,1,READ,0x10000578000,8192
0,burst_user1,1,READ,0x1000057a000,8192
0,burst_user1,1,WRITE,0x1000057c000,8192
0,burst_user1,1,READ,0x1000057e000,8192
0,burst_user1,1,READ,0x10000580000,8192
0,burst_user1,1,WRITE,0x10000582000,8192
0,burst_user1,1,READ,0x10000584000,8192
0,burst_user1,1,READ,0x10000586000,8192
0,burst_user1,1,WRITE,0x10000588000,8192
0,burst_user1,1,READ,0x1000058a000,8192
0,burst_user1,1,READ,0x1000058c000,8192
0,burst_user1,1,WRITE,0x1000058e000,8192
0,burst_user1,1,READ,0x10000590000,8192
0,burst_user1,1,READ,0x10000592000,8192
0,burst_user1,1,WRITE,0x10000594000,8192
0,burst_user1,1,READ,0x10000596000,8192
0,burst_user1,1,READ,0x10000598000,8192
0,burst_user1,1,WRITE,0x1000059a000,8192
0,burst_user1,1,READ,0x1000059c000,8192
0,burst_user1,1,READ,0x1000059e000,8192
0,burst_user1,1,WRITE,0x100005a0000,8192
0,burst_user1,1,READ,0x100005a2000,8192
0,burst_user1,1,READ,0x100005a4000,8192
0,burst_user1,1,WRITE,0x100005a6000,8192
0,burst_user1,1,READ,0x100005a8000,8192
0,burst_user1,1,READ,0x100005aa000,8192
0,burst_user1,1,WRITE,0x100005ac000,8192
0,burst_user1,1,READ,0x100005ae000,8192
0,burst_user1,1,READ,0x100005b0000,8192
0,burst_user1,1,WRITE,0x100005b2000,8192
0,burst_user1,1,READ,0x100005b4000,8192
0,burst_user1,1,READ,0x100005b6000,8192
0,burst_user1,1,WRITE,0x100005b8000,8192
0,burst_user1,1,READ,0x100005ba000,8192
0,burst_user1,1,READ,0x100005bc000,8192
0,burst_user1,1,WRITE,0x100005be000,8192
0,burst_user1,1,READ,0x100005c0000,8192
0,burst_user1,1,READ,0x100005c2000,8192
0,burst_user1,1,WRITE,0x100005c4000,8192
0,burst_user1,1,READ,0x100005c6000,8192
0,burst_user1,1,READ,0x100005c8000,8192
0,burst_user1,1,WRITE,0x100005ca000,8192
0,burst_user1,1,READ,0x100005cc000,8192
0,burst_user1,1,READ,0x100005ce000,8192
0,burst_user1,1,WRITE,0x100005d0000,8192
0,burst_user1,1,READ,0x100005d2000,8192
0,burst_user1,1,READ,0x100005d4000,8192
0,burst_user1,1,WRITE,0x100005d6000,8192
0,burst_user1,1,READ,0x100005d8000,8192
0,burst_user1,1,READ,0x100005da000,8192
0,burst_user1,1,WRITE,0x100005dc000,8192
0,burst_user1,1,READ,0x100005de000,8192
0,burst_user1,1,READ,0x100005e0000,8192
0,burst_user1,1,WRITE,0x100005e2000,8192
0,burst_user1,1,READ,0x100005e4000,8192
0,burst_user1,1,READ,0x100005e6000,8192
0,burst_user1,1,WRITE,0x100005e8000,8192
0,burst_user1,1,READ,0x100005ea000,8192
0,burst_user1,1,READ,0x100005ec000,8192
0,burst_user1,1,WRITE,0x100005ee000,8192
0,burst_user1,1,READ,0x100005f0000,8192
0,burst_user1,1,READ,0x100005f2000,8192
0,burst_user1,1,WRITE,0x100005f4000,8192
0,burst_user1,1,READ,0x100005f6000,8192
0,burst_user1,1,READ,0x100005f8000,8192
0,burst_user1,1,WRITE,0x100005fa000,8192
0,burst_user1,1,READ,0x100005fc000,8192
0,burst_user1,1,READ,0x100005fe000,8192
0,burst_user1,1,WRITE,0x10000600000,8192
0,burst_user1,1,READ,0x10000602000,8192
0,burst_user1,1,READ,0x10000604000,8192
0,burst_user1,1,WRITE,0x10000606000,8192
0,burst_user1,1,READ,0x10000608000,8192
0,burst_user1,1,READ,0x1000060a000,8192
0,burst_user1,1,WRITE,0x1000060c000,8192
0,burst_user1,1,READ,0x1000060e000,8192
0,burst_user1,1,READ,0x10000610000,8192
0,burst_user1,1,WRITE,0x10000612000,8192
0,burst_user1,1,READ,0x10000614000,8192
0,burst_user1,1,READ,0x10000616000,8192
0,burst_user1,1,WRITE,0x10000618000,8192
0,burst_user1,1,READ,0x1000061a000,8192
0,burst_user1,1,READ,0x1000061c000,8192
0,burst_user1,1,WRITE,0x1000061e000,8192
0,burst_user1,1,READ,0x10000620000,8192
0,burst_user1,1,READ,0x10000622000,8192
0,burst_user1,1,WRITE,0x10000624000,8192
0,burst_user1,1,READ,0x10000626000,8192
0,burst_user1,1,READ,0x10000628000,8192
0,burst_user1,1,WRITE,0x1000062a000,8192
0,burst_user1,1,READ,0x1000062c000,8192
0,burst_user1,1,READ,0x1000062e000,8192
0,burst_user1,1,WRITE,0x10000630000,8192
0,burst_user1,1,READ,0x10000632000,8192
0,burst_user1,1,READ,0x10000634000,8192
0,burst_user1,1,WRITE,0x10000636000,8192
0,burst_user1,1,READ,0x10000638000,8192
0,burst_user1,1,READ,0x1000063a000,8192
0,burst_user1,1,WRITE,0x1000063c000,8192
0,burst_user1,1,READ,0x1000063e000,8192
0,burst_user1,1,READ,0x10000640000,8192
0,burst_user1,1,WRITE,0x10000642000,8192
0,burst_user1,1,READ,0x10000644000,8192
0,burst_user1,1,READ,0x10000646000,8192
0,burst_user1,1,WRITE,0x10000648000,8192
0,burst_user1,1,READ,0x1000064a000,8192
0,burst_user1,1,READ,0x1000064c000,8192
0,burst_user1,1,WRITE,0x1000064e000,8192
0,burst_user1,1,READ,0x10000650000,8192
0,burst_user1,1,READ,0x10000652000,8192
0,burst_user1,1,WRITE,0x10000654000,8192
0,burst_user1,1,READ,0x10000656000,8192
0,burst_user1,1,READ,0x10000658000,8192
0,burst_user1,1,WRITE,0x1000065a000,8192
0,burst_user1,1,READ,0x1000065c000,8192
0,burst_user1,1,READ,0x1000065e000,8192
0,burst_user1,1,WRITE,0x10000660000,8192
0,burst_user1,1,READ,0x10000662000,8192
0,burst_user1,1,READ,0x10000664000,8192
0,burst_user1,1,WRITE,0x10000666000,8192
0,burst_user1,1,READ,0x10000668000,8192
0,burst_user1,1,READ,0x1000066a000,8192
0,burst_user1,1,WRITE,0x1000066c000,8192
0,burst_user1,1,READ,0x1000066e000,8192
0,burst_user1,1,READ,0x10000670000,8192
0,burst_user1,1,WRITE,0x10000672000,8192
0,burst_user1,1,READ,0x10000674000,8192
0,burst_user1,1,READ,0x10000676000,8192
0,burst_user1,1,WRITE,0x10000678000,8192
0,burst_user1,1,READ,0x1000067a000,8192
0,burst_user1,1,READ,0x1000067c000,8192
0,burst_user1,1,WRITE,0x1000067e000,8192
0,burst_user1,1,READ,0x10000680000,8192
0,burst_user1,1,READ,0x10000682000,8192
0,burst_user1,1,WRITE,0x10000684000,8192
0,burst_user1,1,READ,0x10000686000,8192
0,burst_user1,1,READ,0x10000688000,8192
0,burst_user1,1,WRITE,0x1000068a000,8192
0,burst_user1,1,READ,0x1000068c000,8192
0,burst_user1,1,READ,0x1000068e000,8192
0,burst_user1,1,WRITE,0x10000690000,8192
0,burst_user1,1,READ,0x10000692000,8192
0,burst_user1,1,READ,0x10000694000,8192
0,burst_user1,1,WRITE,0x10000696000,8192
0,burst_user1,1,READ,0x10000698000,8192
0,burst_user1,1,READ,0x1000069a000,8192
0,burst_user1,1,WRITE,0x1000069c000,8192
0,burst_user1,1,READ,0x1000069e000,8192
0,burst_user1,1,READ,0x100006a0000,8192
0,burst_user1,1,WRITE,0x100006a2000,8192
0,burst_user1,1,READ,0x100006a4000,8192
0,burst_user1,1,READ,0x100006a6000,8192
0,burst_user1,1,WRITE,0x100006a8000,8192
0,burst_user1,1,READ,0x100006aa000,8192
0,burst_user1,1,READ,0x100006ac000,8192
0,burst_user1,1,WRITE,0x100006ae000,8192
0,burst_user1,1,READ,0x100006b0000,8192
0,burst_user1,1,READ,0x100006b2000,8192
0,burst_user1,1,WRITE,0x100006b4000,8192
0,burst_user1,1,READ,0x100006b6000,8192
0,burst_user1,1,READ,0x100006b8000,8192
0,burst_user1,1,WRITE,0x100006ba000,8192
0,burst_user1,1,READ,0x100006bc000,8192
0,burst_user1,1,READ,0x100006be000,8192
0,burst_user1,1,WRITE,0x100006c0000,8192
0,burst_user1,1,READ,0x100006c2000,8192
0,burst_user1,1,READ,0x100006c4000,8192
0,burst_user1,1,WRITE,0x100006c6000,8192
0,burst_user1,1,READ,0x100006c8000,8192
0,burst_user1,1,READ,0x100006ca000,8192
0,burst_user1,1,WRITE,0x100006cc000,8192
0,burst_user1,1,READ,0x100006ce000,8192
0,burst_user1,1,READ,0x100006d0000,8192
0,burst_user1,1,WRITE,0x100006d2000,8192
0,burst_user1,1,READ,0x100006d4000,8192
0,burst_user1,1,READ,0x100006d6000,8192
0,burst_user1,1,WRITE,0x100006d8000,8192
0,burst_user1,1,READ,0x100006da000,8192
0,burst_user1,1,READ,0x100006dc000,8192
0,burst_user1,1,WRITE,0x100006de000,8192
0,burst_user1,1,READ,0x100006e0000,8192
0,burst_user1,1,READ,0x100006e2000,8192
0,burst_user1,1,WRITE,0x100006e4000,8192
0,burst_user1,1,READ,0x100006e6000,8192
0,burst_user1,1,READ,0x100006e8000,8192
0,burst_user1,1,WRITE,0x100006ea000,8192
0,burst_user1,1,READ,0x100006ec000,8192
0,burst_user1,1,READ,0x100006ee000,8192
0,burst_user1,1,WRITE,0x100006f0000,8192
0,burst_user1,1,READ,0x100006f2000,8192
0,burst_user1,1,READ,0x100006f4000,8192
0,burst_user1,1,WRITE,0x100006f6000,8192
0,burst_user1,1,READ,0x100006f8000,8192
0,burst_user1,1,READ,0x100006fa000,8192
0,burst_user1,1,WRITE,0x100006fc000,8192
0,burst_user1,1,READ,0x100006fe000,8192
0,burst_user1,1,READ,0x10000700000,8192
0,burst_user1,1,WRITE,0x10000702000,8192
0,burst_user1,1,READ,0x10000704000,8192
0,burst_user1,1,READ,0x10000706000,8192
0,burst_user1,1,WRITE,0x10000708000,8192
0,burst_user1,1,READ,0x1000070a000,8192
0,burst_user1,1,READ,0x1000070c000,8192
0,burst_user1,1,WRITE,0x1000070e000,8192
0,burst_user1,1,READ,0x10000710000,8192
0,burst_user1,1,READ,0x10000712000,8192
0,burst_user1,1,WRITE,0x10000714000,8192
0,burst_user1,1,READ,0x10000716000,8192
0,burst_user1,1,READ,0x10000718000,8192
0,burst_user1,1,WRITE,0x1000071a000,8192
0,burst_user1,1,READ,0x1000071c000,8192
0,burst_user1,1,READ,0x1000071e000,8192
0,burst_user1,1,WRITE,0x10000720000,8192
0,burst_user1,1,READ,0x10000722000,8192
0,burst_user1,1,READ,0x10000724000,8192
0,burst_user1,1,WRITE,0x10000726000,8192
0,burst_user1,1,READ,0x10000728000,8192
0,burst_user1,1,READ,0x1000072a000,8192
0,burst_user1,1,WRITE,0x1000072c000,8192
0,burst_user1,1,READ,0x1000072e000,8192
0,burst_user1,1,READ,0x10000730000,8192
0,burst_user1,1,WRITE,0x10000732000,8192
0,burst_user1,1,READ,0x10000734000,8192
0,burst_user1,1,READ,0x10000736000,8192
0,burst_user1,1,WRITE,0x10000738000,8192
0,burst_user1,1,READ,0x1000073a000,8192
0,burst_user1,1,READ,0x1000073c000,8192
0,burst_user1,1,WRITE,0x1000073e000,8192
0,burst_user1,1,READ,0x10000740000,8192
0,burst_user1,1,READ,0x10000742000,8192
0,burst_user1,1,WRITE,0x10000744000,8192
0,burst_user1,1,READ,0x10000746000,8192
0,burst_user1,1,READ,0x10000748000,8192
0,burst_user1,1,WRITE,0x1000074a000,8192
0,burst_user1,1,READ,0x1000074c000,8192
0,burst_user1,1,READ,0x1000074e000,8192
0,burst_user1,1,WRITE,0x10000750000,8192
0,burst_user1,1,READ,0x10000752000,8192
0,burst_user1,1,READ,0x10000754000,8192
0,burst_user1,1,WRITE,0x10000756000,8192
0,burst_user1,1,READ,0x10000758000,8192
0,burst_user1,1,READ,0x1000075a000,8192
0,burst_user1,1,WRITE,0x1000075c000,8192
0,burst_user1,1,READ,0x1000075e000,8192
0,burst_user1,1,READ,0x10000760000,8192
0,burst_user1,1,WRITE,0x10000762000,8192
0,burst_user1,1,READ,0x10000764000,8192
0,burst_user1,1,READ,0x10000766000,8192
0,burst_user1,1,WRITE,0x10000768000,8192
0,burst_user1,1,READ,0x1000076a000,8192
0,burst_user1,1,READ,0x1000076c000,8192
0,burst_user1,1,WRITE,0x1000076e000,8192
0,burst_user1,1,READ,0x10000770000,8192
0,burst_user1,1,READ,0x10000772000,8192
0,burst_user1,1,WRITE,0x10000774000,8192
0,burst_user1,1,READ,0x10000776000,8192
0,burst_user1,1,READ,0x10000778000,8192
0,burst_user1,1,WRITE,0x1000077a000,8192
0,burst_user1,1,READ,0x1000077c000,8192
0,burst_user1,1,READ,0x1000077e000,8192
0,burst_user1,1,WRITE,0x10000780000,8192
0,burst_user1,1,READ,0x10000782000,8192
0,burst_user1,1,READ,0x10000784000,8192
0,burst_user1,1,WRITE,0x10000786000,8192
0,burst_user1,1,READ,0x10000788000,8192
0,burst_user1,1,READ,0x1000078a000,8192
0,burst_user1,1,WRITE,0x1000078c000,8192
0,burst_user1,1,READ,0x1000078e000,8192
0,burst_user1,1,READ,0x10000790000,8192
0,burst_user1,1,WRITE,0x10000792000,8192
0,burst_user1,1,READ,0x10000794000,8192
0,burst_user1,1,READ,0x10000796000,8192
0,burst_user1,1,WRITE,0x10000798000,8192
0,burst_user1,1,READ,0x1000079a000,8192
0,burst_user1,1,READ,0x1000079c000,8192
0,burst_user1,1,WRITE,0x1000079e000,8192
0,burst_user1,1,READ,0x100007a0000,8192
0,burst_user1,1,READ,0x100007a2000,8192
0,burst_user1,1,WRITE,0x100007a4000,8192
0,burst_user1,1,READ,0x100007a6000,8192
0,burst_user1,1,READ,0x100007a8000,8192
0,burst_user1,1,WRITE,0x100007aa000,8192
0,burst_user1,1,READ,0x100007ac000,8192
0,burst_user1,1,READ,0x100007ae000,8192
0,burst_user1,1,WRITE,0x100007b0000,8192
0,burst_user1,1,READ,0x100007b2000,8192
0,burst_user1,1,READ,0x100007b4000,8192
0,burst_user1,1,WRITE,0x100007b6000,8192
0,burst_user1,1,READ,0x100007b8000,8192
0,burst_user1,1,READ,0x100007ba000,8192
0,burst_user1,1,WRITE,0x100007bc000,8192
0,burst_user1,1,READ,0x100007be000,8192
0,burst_user1,1,READ,0x100007c0000,8192
0,burst_user1,1,WRITE,0x100007c2000,8192
0,burst_user1,1,READ,0x100007c4000,8192
0,burst_user1,1,READ,0x100007c6000,8192
0,burst_user1,1,WRITE,0x100007c8000,8192
0,burst_user1,1,READ,0x100007ca000,8192
0,burst_user1,1,READ,0x100007cc000,8192
0,burst_user1,1,WRITE,0x100007ce000,8192
0,burst_user1,1,READ,0x100007d0000,8192
0,burst_user1,1,READ,0x100007d2000,8192
0,burst_user1,1,WRITE,0x100007d4000,8192
0,burst_user1,1,READ,0x100007d6000,8192
0,burst_user1,1,READ,0x100007d8000,8192
0,burst_user1,1,WRITE,0x100007da000,8192
0,burst_user1,1,READ,0x100007dc000,8192
0,burst_user1,1,READ,0x100007de000,8192
0,burst_user1,1,WRITE,0x100007e0000,8192
0,burst_user1,1,READ,0x100007e2000,8192
0,burst_user1,1,READ,0x100007e4000,8192
0,burst_user1,1,WRITE,0x100007e6000,8192
0,burst_user1,1,READ,0x100007e8000,8192
0,burst_user1,1,READ,0x100007ea000,8192
0,burst_user1,1,WRITE,0x100007ec000,8192
0,burst_user1,1,READ,0x100007ee000,8192
0,burst_user1,1,READ,0x100007f0000,8192
0,burst_user1,1,WRITE,0x100007f2000,8192
0,burst_user1,1,READ,0x100007f4000,8192
0,burst_user1,1,READ,0x100007f6000,8192
0,burst_user1,1,WRITE,0x100007f8000,8192
0,burst_user1,1,READ,0x100007fa000,8192
0,burst_user1,1,READ,0x100007fc000,8192
0,burst_user1,1,WRITE,0x100007fe000,8192
0,burst_user1,1,READ,0x10000800000,8192
0,burst_user1,1,READ,0x10000802000,8192
0,burst_user1,1,WRITE,0x10000804000,8192
0,burst_user1,1,READ,0x10000806000,8192
0,burst_user1,1,READ,0x10000808000,8192
0,burst_user1,1,WRITE,0x1000080a000,8192
0,burst_user1,1,READ,0x1000080c000,8192
0,burst_user1,1,READ,0x1000080e000,8192
0,burst_user1,1,WRITE,0x10000810000,8192
0,burst_user1,1,READ,0x10000812000,8192
0,burst_user1,1,READ,0x10000814000,8192
0,burst_user1,1,WRITE,0x10000816000,8192
0,burst_user1,1,READ,0x10000818000,8192
0,burst_user1,1,READ,0x1000081a000,8192
0,burst_user1,1,WRITE,0x1000081c000,8192
0,burst_user1,1,READ,0x1000081e000,8192
0,burst_user1,1,READ,0x10000820000,8192
0,burst_user1,1,WRITE,0x10000822000,8192
0,burst_user1,1,READ,0x10000824000,8192
0,burst_user1,1,READ,0x10000826000,8192
0,burst_user1,1,WRITE,0x10000828000,8192
0,burst_user1,1,READ,0x1000082a000,8192
0,burst_user1,1,READ,0x1000082c000,8192
0,burst_user1,1,WRITE,0x1000082e000,8192
0,burst_user1,1,READ,0x10000830000,8192
0,burst_user1,1,READ,0x10000832000,8192
0,burst_user1,1,WRITE,0x10000834000,8192
0,burst_user1,1,READ,0x10000836000,8192
0,burst_user1,1,READ,0x10000838000,8192
0,burst_user1,1,WRITE,0x1000083a000,8192
0,burst_user1,1,READ,0x1000083c000,8192
0,burst_user1,1,READ,0x1000083e000,8192
0,burst_user1,1,WRITE,0x10000840000,8192
0,burst_user1,1,READ,0x10000842000,8192
0,burst_user1,1,READ,0x10000844000,8192
0,burst_user1,1,WRITE,0x10000846000,8192
0,burst_user1,1,READ,0x10000848000,8192
0,burst_user1,1,READ,0x1000084a000,8192
0,burst_user1,1,WRITE,0x1000084c000,8192
0,burst_user1,1,READ,0x1000084e000,8192
0,burst_user1,1,READ,0x10000850000,8192
0,burst_user1,1,WRITE,0x10000852000,8192
0,burst_user1,1,READ,0x10000854000,8192
0,burst_user1,1,READ,0x10000856000,8192
0,burst_user1,1,WRITE,0x10000858000,8192
0,burst_user1,1,READ,0x1000085a000,8192
0,burst_user1,1,READ,0x1000085c000,8192
0,burst_user1,1,WRITE,0x1000085e000,8192
0,burst_user1,1,READ,0x10000860000,8192
0,burst_user1,1,READ,0x10000862000,8192
0,burst_user1,1,WRITE,0x10000864000,8192
0,burst_user1,1,READ,0x10000866000,8192
0,burst_user1,1,READ,0x10000868000,8192
0,burst_user1,1,WRITE,0x1000086a000,8192
0,burst_user1,1,READ,0x1000086c000,8192
0,burst_user1,1,READ,0x1000086e000,8192
0,burst_user1,1,WRITE,0x10000870000,8192
0,burst_user1,1,READ,0x10000872000,8192
0,burst_user1,1,READ,0x10000874000,8192
0,burst_user1,1,WRITE,0x10000876000,8192
0,burst_user1,1,READ,0x10000878000,8192
0,burst_user1,1,READ,0x1000087a000,8192
0,burst_user1,1,WRITE,0x1000087c000,8192
0,burst_user1,1,READ,0x1000087e000,8192
0,burst_user1,1,READ,0x10000880000,8192
0,burst_user1,1,WRITE,0x10000882000,8192
0,burst_user1,1,READ,0x10000884000,8192
0,burst_user1,1,READ,0x10000886000,8192
0,burst_user1,1,WRITE,0x10000888000,8192
0,burst_user1,1,READ,0x1000088a000,8192
0,burst_user1,1,READ,0x1000088c000,8192
0,burst_user1,1,WRITE,0x1000088e000,8192
0,burst_user1,1,READ,0x10000890000,8192
0,burst_user1,1,READ,0x10000892000,8192
0,burst_user1,1,WRITE,0x10000894000,8192
0,burst_user1,1,READ,0x10000896000,8192
0,burst_user1,1,READ,0x10000898000,8192
0,burst_user1,1,WRITE,0x1000089a000,8192
0,burst_user1,1,READ,0x1000089c000,8192
0,burst_user1,1,READ,0x1000089e000,8192
0,burst_user1,1,WRITE,0x100008a0000,8192
0,burst_user1,1,READ,0x100008a2000,8192
0,burst_user1,1,READ,0x100008a4000,8192
0,burst_user1,1,WRITE,0x100008a6000,8192
0,burst_user1,1,READ,0x100008a8000,8192
0,burst_user1,1,READ,0x100008aa000,8192
0,burst_user1,1,WRITE,0x100008ac000,8192
0,burst_user1,1,READ,0x100008ae000,8192
0,burst_user1,1,READ,0x100008b0000,8192
0,burst_user1,1,WRITE,0x100008b2000,8192
0,burst_user1,1,READ,0x100008b4000,8192
0,burst_user1,1,READ,0x100008b6000,8192
0,burst_user1,1,WRITE,0x100008b8000,8192
0,burst_user1,1,READ,0x100008ba000,8192
0,burst_user1,1,READ,0x100008bc000,8192
0,burst_user1,1,WRITE,0x100008be000,8192
0,burst_user1,1,READ,0x100008c0000,8192
0,burst_user1,1,READ,0x100008c2000,8192
0,burst_user1,1,WRITE,0x100008c4000,8192
0,burst_user1,1,READ,0x100008c6000,8192
0,burst_user1,1,READ,0x100008c8000,8192
0,burst_user1,1,WRITE,0x100008ca000,8192
0,burst_user1,1,READ,0x100008cc000,8192
0,burst_user1,1,READ,0x100008ce000,8192
0,burst_user1,1,WRITE,0x100008d0000,8192
0,burst_user1,1,READ,0x100008d2000,8192
0,burst_user1,1,READ,0x100008d4000,8192
0,burst_user1,1,WRITE,0x100008d6000,8192
0,burst_user1,1,READ,0x100008d8000,8192
0,burst_user1,1,READ,0x100008da000,8192
0,burst_user1,1,WRITE,0x100008dc000,8192
0,burst_user1,1,READ,0x100008de000,8192
0,burst_user1,1,READ,0x100008e0000,8192
0,burst_user1,1,WRITE,0x100008e2000,8192
0,burst_user1,1,READ,0x100008e4000,8192
0,burst_user1,1,READ,0x100008e6000,8192
0,burst_user1,1,WRITE,0x100008e8000,8192
0,burst_user1,1,READ,0x100008ea000,8192
0,burst_user1,1,READ,0x100008ec000,8192
0,burst_user1,1,WRITE,0x100008ee000,8192
0,burst_user1,1,READ,0x100008f0000,8192
0,burst_user1,1,READ,0x100008f2000,8192
0,burst_user1,1,WRITE,0x100008f4000,8192
0,burst_user1,1,READ,0x100008f6000,8192
0,burst_user1,1,READ,0x100008f8000,8192
0,burst_user1,1,WRITE,0x100008fa000,8192
0,burst_user1,1,READ,0x100008fc000,8192
0,burst_user1,1,READ,0x100008fe000,8192
0,burst_user1,1,WRITE,0x10000900000,8192
0,burst_user1,1,READ,0x10000902000,8192
0,burst_user1,1,READ,0x10000904000,8192
0,burst_user1,1,WRITE,0x10000906000,8192
0,burst_user1,1,READ,0x10000908000,8192
0,burst_user1,1,READ,0x1000090a000,8192
0,burst_user1,1,WRITE,0x1000090c000,8192
0,burst_user1,1,READ,0x1000090e000,8192
0,burst_user1,1,READ,0x10000910000,8192
0,burst_user1,1,WRITE,0x10000912000,8192
0,burst_user1,1,READ,0x10000914000,8192
0,burst_user1,1,READ,0x10000916000,8192
0,burst_user1,1,WRITE,0x10000918000,8192
0,burst_user1,1,READ,0x1000091a000,8192
0,burst_user1,1,READ,0x1000091c000,8192
0,burst_user1,1,WRITE,0x1000091e000,8192
0,burst_user1,1,READ,0x10000920000,8192
0,burst_user1,1,READ,0x10000922000,8192
0,burst_user1,1,WRITE,0x10000924000,8192
0,burst_user1,1,READ,0x10000926000,8192
0,burst_user1,1,READ,0x10000928000,8192
0,burst_user1,1,WRITE,0x1000092a000,8192
0,burst_user1,1,READ,0x1000092c000,8192
0,burst_user1,1,READ,0x1000092e000,8192
0,burst_user1,1,WRITE,0x10000930000,8192
0,burst_user1,1,READ,0x10000932000,8192
0,burst_user1,1,READ,0x10000934000,8192
0,burst_user1,1,WRITE,0x10000936000,8192
0,burst_user1,1,READ,0x10000938000,8192
0,burst_user1,1,READ,0x1000093a000,8192
0,burst_user1,1,WRITE,0x1000093c000,8192
0,burst_user1,1,READ,0x1000093e000,8192
0,burst_user1,1,READ,0x10000940000,8192
0,burst_user1,1,WRITE,0x10000942000,8192
0,burst_user1,1,READ,0x10000944000,8192
0,burst_user1,1,READ,0x10000946000,8192
0,burst_user1,1,WRITE,0x10000948000,8192
0,burst_user1,1,READ,0x1000094a000,8192
0,burst_user1,1,READ,0x1000094c000,8192
0,burst_user1,1,WRITE,0x1000094e000,8192
0,burst_user1,1,READ,0x10000950000,8192
0,burst_user1,1,READ,0x10000952000,8192
0,burst_user1,1,WRITE,0x10000954000,8192
0,burst_user1,1,READ,0x10000956000,8192
0,burst_user1,1,READ,0x10000958000,8192
0,burst_user1,1,WRITE,0x1000095a000,8192
0,burst_user1,1,READ,0x1000095c000,8192
0,burst_user1,1,READ,0x1000095e000,8192
0,burst_user1,1,WRITE,0x10000960000,8192
0,burst_user1,1,READ,0x10000962000,8192
0,burst_user1,1,READ,0x10000964000,8192
0,burst_user1,1,WRITE,0x10000966000,8192
0,burst_user1,1,READ,0x10000968000,8192
0,burst_user1,1,READ,0x1000096a000,8192
0,burst_user1,1,WRITE,0x1000096c000,8192
0,burst_user1,1,READ,0x1000096e000,8192
0,burst_user1,1,READ,0x10000970000,8192
0,burst_user1,1,WRITE,0x10000972000,8192
0,burst_user1,1,READ,0x10000974000,8192
0,burst_user1,1,READ,0x10000976000,8192
0,burst_user1,1,WRITE,0x10000978000,8192
0,burst_user1,1,READ,0x1000097a000,8192
0,burst_user1,1,READ,0x1000097c000,8192
0,burst_user1,1,WRITE,0x1000097e000,8192
0,burst_user1,1,READ,0x10000980000,8192
0,burst_user1,1,READ,0x10000982000,8192
0,burst_user1,1,WRITE,0x10000984000,8192
0,burst_user1,1,READ,0x10000986000,8192
0,burst_user1,1,READ,0x10000988000,8192
0,burst_user1,1,WRITE,0x1000098a000,8192
0,burst_user1,1,READ,0x1000098c000,8192
0,burst_user1,1,READ,0x1000098e000,8192
0,burst_user1,1,WRITE,0x10000990000,8192
0,burst_user1,1,READ,0x10000992000,8192
0,burst_user1,1,READ,0x10000994000,8192
0,burst_user1,1,WRITE,0x10000996000,8192
0,burst_user1,1,READ,0x10000998000,8192
0,burst_user1,1,READ,0x1000099a000,8192
0,burst_user1,1,WRITE,0x1000099c000,8192
0,burst_user1,1,READ,0x1000099e000,8192
0,burst_user1,1,READ,0x100009a0000,8192
0,burst_user1,1,WRITE,0x100009a2000,8192
0,burst_user1,1,READ,0x100009a4000,8192
0,burst_user1,1,READ,0x100009a6000,8192
0,burst_user1,1,WRITE,0x100009a8000,8192
0,burst_user1,1,READ,0x100009aa000,8192
0,burst_user1,1,READ,0x100009ac000,8192
0,burst_user1,1,WRITE,0x100009ae000,8192
0,burst_user1,1,READ,0x100009b0000,8192
0,burst_user1,1,READ,0x100009b2000,8192
0,burst_user1,1,WRITE,0x100009b4000,8192
0,burst_user1,1,READ,0x100009b6000,8192
0,burst_user1,1,READ,0x100009b8000,8192
0,burst_user1,1,WRITE,0x100009ba000,8192
0,burst_user1,1,READ,0x100009bc000,8192
0,burst_user1,1,READ,0x100009be000,8192
0,burst_user1,1,WRITE,0x100009c0000,8192
0,burst_user1,1,READ,0x100009c2000,8192
0,burst_user1,1,READ,0x100009c4000,8192
0,burst_user1,1,WRITE,0x100009c6000,8192
0,burst_user1,1,READ,0x100009c8000,8192
0,burst_user1,1,READ,0x100009ca000,8192
0,burst_user1,1,WRITE,0x100009cc000,8192
0,burst_user1,1,READ,0x100009ce000,8192
0,burst_user1,1,READ,0x100009d0000,8192
0,burst_user1,1,WRITE,0x100009d2000,8192
0,burst_user1,1,READ,0x100009d4000,8192
0,burst_user1,1,READ,0x100009d6000,8192
0,burst_user1,1,WRITE,0x100009d8000,8192
0,burst_user1,1,READ,0x100009da000,8192
0,burst_user1,1,READ,0x100009dc000,8192
0,burst_user1,1,WRITE,0x100009de000,8192
0,burst_user1,1,READ,0x100009e0000,8192
0,burst_user1,1,READ,0x100009e2000,8192
0,burst_user1,1,WRITE,0x100009e4000,8192
0,burst_user1,1,READ,0x100009e6000,8192
0,burst_user1,1,READ,0x100009e8000,8192
0,burst_user1,1,WRITE,0x100009ea000,8192
0,burst_user1,1,READ,0x100009ec000,8192
0,burst_user1,1,READ,0x100009ee000,8192
0,burst_user1,1,WRITE,0x100009f0000,8192
0,burst_user1,1,READ,0x100009f2000,8192
0,burst_user1,1,READ,0x100009f4000,8192
0,burst_user1,1,WRITE,0x100009f6000,8192
0,burst_user1,1,READ,0x100009f8000,8192
0,burst_user1,1,READ,0x100009fa000,8192
0,burst_user1,1,WRITE,0x100009fc000,8192
0,burst_user1,1,READ,0x100009fe000,8192
0,burst_user1,1,READ,0x10000a00000,8192
0,burst_user1,1,WRITE,0x10000a02000,8192
0,burst_user1,1,READ,0x10000a04000,8192
0,burst_user1,1,READ,0x10000a06000,8192
0,burst_user1,1,WRITE,0x10000a08000,8192
0,burst_user1,1,READ,0x10000a0a000,8192
0,burst_user1,1,READ,0x10000a0c000,8192
0,burst_user1,1,WRITE,0x10000a0e000,8192
0,burst_user1,1,READ,0x10000a10000,8192
0,burst_user1,1,READ,0x10000a12000,8192
0,burst_user1,1,WRITE,0x10000a14000,8192
0,burst_user1,1,READ,0x10000a16000,8192
0,burst_user1,1,READ,0x10000a18000,8192
0,burst_user1,1,WRITE,0x10000a1a000,8192
0,burst_user1,1,READ,0x10000a1c000,8192
0,burst_user1,1,READ,0x10000a1e000,8192
0,burst_user1,1,WRITE,0x10000a20000,8192
0,burst_user1,1,READ,0x10000a22000,8192
0,burst_user1,1,READ,0x10000a24000,8192
0,burst_user1,1,WRITE,0x10000a26000,8192
0,burst_user1,1,READ,0x10000a28000,8192
0,burst_user1,1,READ,0x10000a2a000,8192
0,burst_user1,1,WRITE,0x10000a2c000,8192
0,burst_user1,1,READ,0x10000a2e000,8192
0,burst_user1,1,READ,0x10000a30000,8192
0,burst_user1,1,WRITE,0x10000a32000,8192
0,burst_user1,1,READ,0x10000a34000,8192
0,burst_user1,1,READ,0x10000a36000,8192
0,burst_user1,1,WRITE,0x10000a38000,8192
0,burst_user1,1,READ,0x10000a3a000,8192
0,burst_user1,1,READ,0x10000a3c000,8192
0,burst_user1,1,WRITE,0x10000a3e000,8192
0,burst_user1,1,READ,0x10000a40000,8192
0,burst_user1,1,READ,0x10000a42000,8192
0,burst_user1,1,WRITE,0x10000a44000,8192
0,burst_user1,1,READ,0x10000a46000,8192
0,burst_user1,1,READ,0x10000a48000,8192
0,burst_user1,1,WRITE,0x10000a4a000,8192
0,burst_user1,1,READ,0x10000a4c000,8192
0,burst_user1,1,READ,0x10000a4e000,8192
0,burst_user1,1,WRITE,0x10000a50000,8192
0,burst_user1,1,READ,0x10000a52000,8192
0,burst_user1,1,READ,0x10000a54000,8192
0,burst_user1,1,WRITE,0x10000a56000,8192
0,burst_user1,1,READ,0x10000a58000,8192
0,burst_user1,1,READ,0x10000a5a000,8192
0,burst_user1,1,WRITE,0x10000a5c000,8192
0,burst_user1,1,READ,0x10000a5e000,8192
0,burst_user1,1,READ,0x10000a60000,8192
0,burst_user1,1,WRITE,0x10000a62000,8192
0,burst_user1,1,READ,0x10000a64000,8192
0,burst_user1,1,READ,0x10000a66000,8192
0,burst_user1,1,WRITE,0x10000a68000,8192
0,burst_user1,1,READ,0x10000a6a000,8192
0,burst_user1,1,READ,0x10000a6c000,8192
0,burst_user1,1,WRITE,0x10000a6e000,8192
0,burst_user1,1,READ,0x10000a70000,8192
0,burst_user1,1,READ,0x10000a72000,8192
0,burst_user1,1,WRITE,0x10000a74000,8192
0,burst_user1,1,READ,0x10000a76000,8192
0,burst_user1,1,READ,0x10000a78000,8192
0,burst_user1,1,WRITE,0x10000a7a000,8192
0,burst_user1,1,READ,0x10000a7c000,8192
0,burst_user1,1,READ,0x10000a7e000,8192
0,burst_user1,1,WRITE,0x10000a80000,8192
0,burst_user1,1,READ,0x10000a82000,8192
0,burst_user1,1,READ,0x10000a84000,8192
0,burst_user1,1,WRITE,0x10000a86000,8192
0,burst_user1,1,READ,0x10000a88000,8192
0,burst_user1,1,READ,0x10000a8a000,8192
0,burst_user1,1,WRITE,0x10000a8c000,8192
0,burst_user1,1,READ,0x10000a8e000,8192
0,burst_user1,1,READ,0x10000a90000,8192
0,burst_user1,1,WRITE,0x10000a92000,8192
0,burst_user1,1,READ,0x10000a94000,8192
0,burst_user1,1,READ,0x10000a96000,8192
0,burst_user1,1,WRITE,0x10000a98000,8192
0,burst_user1,1,READ,0x10000a9a000,8192
0,burst_user1,1,READ,0x10000a9c000,8192
0,burst_user1,1,WRITE,0x10000a9e000,8192
0,burst_user1,1,READ,0x10000aa0000,8192
0,burst_user1,1,READ,0x10000aa2000,8192
0,burst_user1,1,WRITE,0x10000aa4000,8192
0,burst_user1,1,READ,0x10000aa6000,8192
0,burst_user1,1,READ,0x10000aa8000,8192
0,burst_user1,1,WRITE,0x10000aaa000,8192
0,burst_user1,1,READ,0x10000aac000,8192
0,burst_user1,1,READ,0x10000aae000,8192
0,burst_user1,1,WRITE,0x10000ab0000,8192
0,burst_user1,1,READ,0x10000ab2000,8192
0,burst_user1,1,READ,0x10000ab4000,8192
0,burst_user1,1,WRITE,0x10000ab6000,8192
0,burst_user1,1,READ,0x10000ab8000,8192
0,burst_user1,1,READ,0x10000aba000,8192
0,burst_user1,1,WRITE,0x10000abc000,8192
0,burst_user1,1,READ,0x10000abe000,8192
0,burst_user1,1,READ,0x10000ac0000,8192
0,burst_user1,1,WRITE,0x10000ac2000,8192
0,burst_user1,1,READ,0x10000ac4000,8192
0,burst_user1,1,READ,0x10000ac6000,8192
0,burst_user1,1,WRITE,0x10000ac8000,8192
0,burst_user1,1,READ,0x10000aca000,8192
0,burst_user1,1,READ,0x10000acc000,8192
0,burst_user1,1,WRITE,0x10000ace000,8192
0,burst_user1,1,READ,0x10000ad0000,8192
0,burst_user1,1,READ,0x10000ad2000,8192
0,burst_user1,1,WRITE,0x10000ad4000,8192
0,burst_user1,1,READ,0x10000ad6000,8192
0,burst_user1,1,READ,0x10000ad8000,8192
0,burst_user1,1,WRITE,0x10000ada000,8192
0,burst_user1,1,READ,0x10000adc000,8192
0,burst_user1,1,READ,0x10000ade000,8192
0,burst_user1,1,WRITE,0x10000ae0000,8192
0,burst_user1,1,READ,0x10000ae2000,8192
0,burst_user1,1,READ,0x10000ae4000,8192
0,burst_user1,1,WRITE,0x10000ae6000,8192
0,burst_user1,1,READ,0x10000ae8000,8192
0,burst_user1,1,READ,0x10000aea000,8192
0,burst_user1,1,WRITE,0x10000aec000,8192
0,burst_user1,1,READ,0x10000aee000,8192
0,burst_user1,1,READ,0x10000af0000,8192
0,burst_user1,1,WRITE,0x10000af2000,8192
0,burst_user1,1,READ,0x10000af4000,8192
0,burst_user1,1,READ,0x10000af6000,8192
0,burst_user1,1,WRITE,0x10000af8000,8192
0,burst_user1,1,READ,0x10000afa000,8192
0,burst_user1,1,READ,0x10000afc000,8192
0,burst_user1,1,WRITE,0x10000afe000,8192
0,burst_user1,1,READ,0x10000b00000,8192
0,burst_user1,1,READ,0x10000b02000,8192
0,burst_user1,1,WRITE,0x10000b04000,8192
0,burst_user1,1,READ,0x10000b06000,8192
0,burst_user1,1,READ,0x10000b08000,8192
0,burst_user1,1,WRITE,0x10000b0a000,8192
0,burst_user1,1,READ,0x10000b0c000,8192
0,burst_user1,1,READ,0x10000b0e000,8192
0,burst_user1,1,WRITE,0x10000b10000,8192
0,burst_user1,1,READ,0x10000b12000,8192
0,burst_user1,1,READ,0x10000b14000,8192
0,burst_user1,1,WRITE,0x10000b16000,8192
0,burst_user1,1,READ,0x10000b18000,8192
0,burst_user1,1,READ,0x10000b1a000,8192
0,burst_user1,1,WRITE,0x10000b1c000,8192
0,burst_user1,1,READ,0x10000b1e000,8192
0,burst_user1,1,READ,0x10000b20000,8192
0,burst_user1,1,WRITE,0x10000b22000,8192
0,burst_user1,1,READ,0x10000b24000,8192
0,burst_user1,1,READ,0x10000b26000,8192
0,burst_user1,1,WRITE,0x10000b28000,8192
0,burst_user1,1,READ,0x10000b2a000,8192
0,burst_user1,1,READ,0x10000b2c000,8192
0,burst_user1,1,WRITE,0x10000b2e000,8192
0,burst_user1,1,READ,0x10000b30000,8192
0,burst_user1,1,READ,0x10000b32000,8192
0,burst_user1,1,WRITE,0x10000b34000,8192
0,burst_user1,1,READ,0x10000b36000,8192
0,burst_user1,1,READ,0x10000b38000,8192
0,burst_user1,1,WRITE,0x10000b3a000,8192
0,burst_user1,1,READ,0x10000b3c000,8192
0,burst_user1,1,READ,0x10000b3e000,8192
0,burst_user1,1,WRITE,0x10000b40000,8192
0,burst_user1,1,READ,0x10000b42000,8192
0,burst_user1,1,READ,0x10000b44000,8192
0,burst_user1,1,WRITE,0x10000b46000,8192
0,burst_user1,1,READ,0x10000b48000,8192
0,burst_user1,1,READ,0x10000b4a000,8192
0,burst_user1,1,WRITE,0x10000b4c000,8192
0,burst_user1,1,READ,0x10000b4e000,8192
0,burst_user1,1,READ,0x10000b50000,8192
0,burst_user1,1,WRITE,0x10000b52000,8192
0,burst_user1,1,READ,0x10000b54000,8192
0,burst_user1,1,READ,0x10000b56000,8192
0,burst_user1,1,WRITE,0x10000b58000,8192
0,burst_user1,1,READ,0x10000b5a000,8192
0,burst_user1,1,READ,0x10000b5c000,8192
0,burst_user1,1,WRITE,0x10000b5e000,8192
0,burst_user1,1,READ,0x10000b60000,8192
0,burst_user1,1,READ,0x10000b62000,8192
0,burst_user1,1,WRITE,0x10000b64000,8192
0,burst_user1,1,READ,0x10000b66000,8192
0,burst_user1,1,READ,0x10000b68000,8192
0,burst_user1,1,WRITE,0x10000b6a000,8192
0,burst_user1,1,READ,0x10000b6c000,8192
0,burst_user1,1,READ,0x10000b6e000,8192
0,burst_user1,1,WRITE,0x10000b70000,8192
0,burst_user1,1,READ,0x10000b72000,8192
0,burst_user1,1,READ,0x10000b74000,8192
0,burst_user1,1,WRITE,0x10000b76000,8192
0,burst_user1,1,READ,0x10000b78000,8192
0,burst_user1,1,READ,0x10000b7a000,8192
0,burst_user1,1,WRITE,0x10000b7c000,8192
0,burst_user1,1,READ,0x10000b7e000,8192
0,burst_user1,1,READ,0x10000b80000,8192
0,burst_user1,1,WRITE,0x10000b82000,8192
0,burst_user1,1,READ,0x10000b84000,8192
0,burst_user1,1,READ,0x10000b86000,8192
0,burst_user1,1,WRITE,0x10000b88000,8192
0,burst_user1,1,READ,0x10000b8a000,8192
0,burst_user1,1,READ,0x10000b8c000,8192
0,burst_user1,1,WRITE,0x10000b8e000,8192
0,burst_user1,1,READ,0x10000b90000,8192
0,burst_user1,1,READ,0x10000b92000,8192
0,burst_user1,1,WRITE,0x10000b94000,8192
0,burst_user1,1,READ,0x10000b96000,8192
0,burst_user1,1,READ,0x10000b98000,8192
0,burst_user1,1,WRITE,0x10000b9a000,8192
0,burst_user1,1,READ,0x10000b9c000,8192
0,burst_user1,1,READ,0x10000b9e000,8192
0,burst_user1,1,WRITE,0x10000ba0000,8192
0,burst_user1,1,READ,0x10000ba2000,8192
0,burst_user1,1,READ,0x10000ba4000,8192
0,burst_user1,1,WRITE,0x10000ba6000,8192
0,burst_user1,1,READ,0x10000ba8000,8192
0,burst_user1,1,READ,0x10000baa000,8192
0,burst_user1,1,WRITE,0x10000bac000,8192
0,burst_user1,1,READ,0x10000bae000,8192
0,burst_user1,1,READ,0x10000bb0000,8192
0,burst_user1,1,WRITE,0x10000bb2000,8192
0,burst_user1,1,READ,0x10000bb4000,8192
0,burst_user1,1,READ,0x10000bb6000,8192
0,burst_user1,1,WRITE,0x10000bb8000,8192
0,burst_user1,1,READ,0x10000bba000,8192
0,burst_user1,1,READ,0x10000bbc000,8192
0,burst_user1,1,WRITE,0x10000bbe000,8192
0,burst_user1,1,READ,0x10000bc0000,8192
0,burst_user1,1,READ,0x10000bc2000,8192
0,burst_user1,1,WRITE,0x10000bc4000,8192
0,burst_user1,1,READ,0x10000bc6000,8192
0,burst_user1,1,READ,0x10000bc8000,8192
0,burst_user1,1,WRITE,0x10000bca000,8192
0,burst_user1,1,READ,0x10000bcc000,8192
0,burst_user1,1,READ,0x10000bce000,8192
0,burst_user1,1,WRITE,0x10000bd0000,8192
0,burst_user1,1,READ,0x10000bd2000,8192
0,burst_user1,1,READ,0x10000bd4000,8192
0,burst_user1,1,WRITE,0x10000bd6000,8192
0,burst_user1,1,READ,0x10000bd8000,8192
0,burst_user1,1,READ,0x10000bda000,8192
0,burst_user1,1,WRITE,0x10000bdc000,8192
0,burst_user1,1,READ,0x10000bde000,8192
0,burst_user1,1,READ,0x10000be0000,8192
0,burst_user1,1,WRITE,0x10000be2000,8192
0,burst_user1,1,READ,0x10000be4000,8192
0,burst_user1,1,READ,0x10000be6000,8192
0,burst_user1,1,WRITE,0x10000be8000,8192
0,burst_user1,1,READ,0x10000bea000,8192
0,burst_user1,1,READ,0x10000bec000,8192
0,burst_user1,1,WRITE,0x10000bee000,8192
0,burst_user1,1,READ,0x10000bf0000,8192
0,burst_user1,1,READ,0x10000bf2000,8192
0,burst_user1,1,WRITE,0x10000bf4000,8192
0,burst_user1,1,READ,0x10000bf6000,8192
0,burst_user1,1,READ,0x10000bf8000,8192
0,burst_user1,1,WRITE,0x10000bfa000,8192
0,burst_user1,1,READ,0x10000bfc000,8192
0,burst_user1,1,READ,0x10000bfe000,8192
0,burst_user1,1,WRITE,0x10000c00000,8192
0,burst_user1,1,READ,0x10000c02000,8192
0,burst_user1,1,READ,0x10000c04000,8192
0,burst_user1,1,WRITE,0x10000c06000,8192
0,burst_user1,1,READ,0x10000c08000,8192
0,burst_user1,1,READ,0x10000c0a000,8192
0,burst_user1,1,WRITE,0x10000c0c000,8192
0,burst_user1,1,READ,0x10000c0e000,8192
0,burst_user1,1,READ,0x10000c10000,8192
0,burst_user1,1,WRITE,0x10000c12000,8192
0,burst_user1,1,READ,0x10000c14000,8192
0,burst_user1,1,READ,0x10000c16000,8192
0,burst_user1,1,WRITE,0x10000c18000,8192
0,burst_user1,1,READ,0x10000c1a000,8192
0,burst_user1,1,READ,0x10000c1c000,8192
0,burst_user1,1,WRITE,0x10000c1e000,8192
0,burst_user1,1,READ,0x10000c20000,8192
0,burst_user1,1,READ,0x10000c22000,8192
0,burst_user1,1,WRITE,0x10000c24000,8192
0,burst_user1,1,READ,0x10000c26000,8192
0,burst_user1,1,READ,0x10000c28000,8192
0,burst_user1,1,WRITE,0x10000c2a000,8192
0,burst_user1,1,READ,0x10000c2c000,8192
0,burst_user1,1,READ,0x10000c2e000,8192
0,burst_user1,1,WRITE,0x10000c30000,8192
0,burst_user1,1,READ,0x10000c32000,8192
0,burst_user1,1,READ,0x10000c34000,8192
0,burst_user1,1,WRITE,0x10000c36000,8192
0,burst_user1,1,READ,0x10000c38000,8192
0,burst_user1,1,READ,0x10000c3a000,8192
0,burst_user1,1,WRITE,0x10000c3c000,8192
0,burst_user1,1,READ,0x10000c3e000,8192
0,burst_user1,1,READ,0x10000c40000,8192
0,burst_user1,1,WRITE,0x10000c42000,8192
0,burst_user1,1,READ,0x10000c44000,8192
0,burst_user1,1,READ,0x10000c46000,8192
0,burst_user1,1,WRITE,0x10000c48000,8192
0,burst_user1,1,READ,0x10000c4a000,8192
0,burst_user1,1,READ,0x10000c4c000,8192
0,burst_user1,1,WRITE,0x10000c4e000,8192
0,burst_user1,1,READ,0x10000c50000,8192
0,burst_user1,1,READ,0x10000c52000,8192
0,burst_user1,1,WRITE,0x10000c54000,8192
0,burst_user1,1,READ,0x10000c56000,8192
0,burst_user1,1,READ,0x10000c58000,8192
0,burst_user1,1,WRITE,0x10000c5a000,8192
0,burst_user1,1,READ,0x10000c5c000,8192
0,burst_user1,1,READ,0x10000c5e000,8192
0,burst_user1,1,WRITE,0x10000c60000,8192
0,burst_user1,1,READ,0x10000c62000,8192
0,burst_user1,1,READ,0x10000c64000,8192
0,burst_user1,1,WRITE,0x10000c66000,8192
0,burst_user1,1,READ,0x10000c68000,8192
0,burst_user1,1,READ,0x10000c6a000,8192
0,burst_user1,1,WRITE,0x10000c6c000,8192
0,burst_user1,1,READ,0x10000c6e000,8192
0,burst_user1,1,READ,0x10000c70000,8192
0,burst_user1,1,WRITE,0x10000c72000,8192
0,burst_user1,1,READ,0x10000c74000,8192
0,burst_user1,1,READ,0x10000c76000,8192
0,burst_user1,1,WRITE,0x10000c78000,8192
0,burst_user1,1,READ,0x10000c7a000,8192
0,burst_user1,1,READ,0x10000c7c000,8192
0,burst_user1,1,WRITE,0x10000c7e000,8192
0,burst_user1,1,READ,0x10000c80000,8192
0,burst_user1,1,READ,0x10000c82000,8192
0,burst_user1,1,WRITE,0x10000c84000,8192
0,burst_user1,1,READ,0x10000c86000,8192
0,burst_user1,1,READ,0x10000c88000,8192
0,burst_user1,1,WRITE,0x10000c8a000,8192
0,burst_user1,1,READ,0x10000c8c000,8192
0,burst_user1,1,READ,0x10000c8e000,8192
0,burst_user1,1,WRITE,0x10000c90000,8192
0,burst_user1,1,READ,0x10000c92000,8192
0,burst_user1,1,READ,0x10000c94000,8192
0,burst_user1,1,WRITE,0x10000c96000,8192
0,burst_user1,1,READ,0x10000c98000,8192
0,burst_user1,1,READ,0x10000c9a000,8192
0,burst_user1,1,WRITE,0x10000c9c000,8192
0,burst_user1,1,READ,0x10000c9e000,8192
0,burst_user1,1,READ,0x10000ca0000,8192
0,burst_user1,1,WRITE,0x10000ca2000,8192
0,burst_user1,1,READ,0x10000ca4000,8192
0,burst_user1,1,READ,0x10000ca6000,8192
0,burst_user1,1,WRITE,0x10000ca8000,8192
0,burst_user1,1,READ,0x10000caa000,8192
0,burst_user1,1,READ,0x10000cac000,8192
0,burst_user1,1,WRITE,0x10000cae000,8192
0,burst_user1,1,READ,0x10000cb0000,8192
0,burst_user1,1,READ,0x10000cb2000,8192
0,burst_user1,1,WRITE,0x10000cb4000,8192
0,burst_user1,1,READ,0x10000cb6000,8192
0,burst_user1,1,READ,0x10000cb8000,8192
0,burst_user1,1,WRITE,0x10000cba000,8192
0,burst_user1,1,READ,0x10000cbc000,8192
0,burst_user1,1,READ,0x10000cbe000,8192
0,burst_user1,1,WRITE,0x10000cc0000,8192
0,burst_user1,1,READ,0x10000cc2000,8192
0,burst_user1,1,READ,0x10000cc4000,8192
0,burst_user1,1,WRITE,0x10000cc6000,8192
0,burst_user1,1,READ,0x10000cc8000,8192
0,burst_user1,1,READ,0x10000cca000,8192
0,burst_user1,1,WRITE,0x10000ccc000,8192
0,burst_user1,1,READ,0x10000cce000,8192
0,burst_user1,1,READ,0x10000cd0000,8192
0,burst_user1,1,WRITE,0x10000cd2000,8192
0,burst_user1,1,READ,0x10000cd4000,8192
0,burst_user1,1,READ,0x10000cd6000,8192
0,burst_user1,1,WRITE,0x10000cd8000,8192
0,burst_user1,1,READ,0x10000cda000,8192
0,burst_user1,1,READ,0x10000cdc000,8192
0,burst_user1,1,WRITE,0x10000cde000,8192
0,burst_user1,1,READ,0x10000ce0000,8192
0,burst_user1,1,READ,0x10000ce2000,8192
0,burst_user1,1,WRITE,0x10000ce4000,8192
0,burst_user1,1,READ,0x10000ce6000,8192
0,burst_user1,1,READ,0x10000ce8000,8192
0,burst_user1,1,WRITE,0x10000cea000,8192
0,burst_user1,1,READ,0x10000cec000,8192
0,burst_user1,1,READ,0x10000cee000,8192
0,burst_user1,1,WRITE,0x10000cf0000,8192
0,burst_user1,1,READ,0x10000cf2000,8192
0,burst_user1,1,READ,0x10000cf4000,8192
0,burst_user1,1,WRITE,0x10000cf6000,8192
0,burst_user1,1,READ,0x10000cf8000,8192
0,burst_user1,1,READ,0x10000cfa000,8192
0,burst_user1,1,WRITE,0x10000cfc000,8192
0,burst_user1,1,READ,0x10000cfe000,8192
0,burst_user1,1,READ,0x10000d00000,8192
0,burst_user1,1,WRITE,0x10000d02000,8192
0,burst_user1,1,READ,0x10000d04000,8192
0,burst_user1,1,READ,0x10000d06000,8192
0,burst_user1,1,WRITE,0x10000d08000,8192
0,burst_user1,1,READ,0x10000d0a000,8192
0,burst_user1,1,READ,0x10000d0c000,8192
0,burst_user1,1,WRITE,0x10000d0e000,8192
0,burst_user1,1,READ,0x10000d10000,8192
0,burst_user1,1,READ,0x10000d12000,8192
0,burst_user1,1,WRITE,0x10000d14000,8192
0,burst_user1,1,READ,0x10000d16000,8192
0,burst_user1,1,READ,0x10000d18000,8192
0,burst_user1,1,WRITE,0x10000d1a000,8192
0,burst_user1,1,READ,0x10000d1c000,8192
0,burst_user1,1,READ,0x10000d1e000,8192
0,burst_user1,1,WRITE,0x10000d20000,8192
0,burst_user1,1,READ,0x10000d22000,8192
0,burst_user1,1,READ,0x10000d24000,8192
0,burst_user1,1,WRITE,0x10000d26000,8192
0,burst_user1,1,READ,0x10000d28000,8192
0,burst_user1,1,READ,0x10000d2a000,8192
0,burst_user1,1,WRITE,0x10000d2c000,8192
0,burst_user1,1,READ,0x10000d2e000,8192
0,burst_user1,1,READ,0x10000d30000,8192
0,burst_user1,1,WRITE,0x10000d32000,8192
0,burst_user1,1,READ,0x10000d34000,8192
0,burst_user1,1,READ,0x10000d36000,8192
0,burst_user1,1,WRITE,0x10000d38000,8192
0,burst_user1,1,READ,0x10000d3a000,8192
0,burst_user1,1,READ,0x10000d3c000,8192
0,burst_user1,1,WRITE,0x10000d3e000,8192
0,burst_user1,1,READ,0x10000d40000,8192
0,burst_user1,1,READ,0x10000d42000,8192
0,burst_user1,1,WRITE,0x10000d44000,8192
0,burst_user1,1,READ,0x10000d46000,8192
0,burst_user1,1,READ,0x10000d48000,8192
0,burst_user1,1,WRITE,0x10000d4a000,8192
0,burst_user1,1,READ,0x10000d4c000,8192
0,burst_user1,1,READ,0x10000d4e000,8192
0,burst_user1,1,WRITE,0x10000d50000,8192
0,burst_user1,1,READ,0x10000d52000,8192
0,burst_user1,1,READ,0x10000d54000,8192
0,burst_user1,1,WRITE,0x10000d56000,8192
0,burst_user1,1,READ,0x10000d58000,8192
0,burst_user1,1,READ,0x10000d5a000,8192
0,burst_user1,1,WRITE,0x10000d5c000,8192
0,burst_user1,1,READ,0x10000d5e000,8192
0,burst_user1,1,READ,0x10000d60000,8192
0,burst_user1,1,WRITE,0x10000d62000,8192
0,burst_user1,1,READ,0x10000d64000,8192
0,burst_user1,1,READ,0x10000d66000,8192
0,burst_user1,1,WRITE,0x10000d68000,8192
0,burst_user1,1,READ,0x10000d6a000,8192
0,burst_user1,1,READ,0x10000d6c000,8192
0,burst_user1,1,WRITE,0x10000d6e000,8192
0,burst_user1,1,READ,0x10000d70000,8192
0,burst_user1,1,READ,0x10000d72000,8192
0,burst_user1,1,WRITE,0x10000d74000,8192
0,burst_user1,1,READ,0x10000d76000,8192
0,burst_user1,1,READ,0x10000d78000,8192
0,burst_user1,1,WRITE,0x10000d7a000,8192
0,burst_user1,1,READ,0x10000d7c000,8192
0,burst_user1,1,READ,0x10000d7e000,8192
0,burst_user1,1,WRITE,0x10000d80000,8192
0,burst_user1,1,READ,0x10000d82000,8192
0,burst_user1,1,READ,0x10000d84000,8192
0,burst_user1,1,WRITE,0x10000d86000,8192
0,burst_user1,1,READ,0x10000d88000,8192
0,burst_user1,1,READ,0x10000d8a000,8192
0,burst_user1,1,WRITE,0x10000d8c000,8192
0,burst_user1,1,READ,0x10000d8e000,8192
0,burst_user1,1,READ,0x10000d90000,8192
0,burst_user1,1,WRITE,0x10000d92000,8192
0,burst_user1,1,READ,0x10000d94000,8192
0,burst_user1,1,READ,0x10000d96000,8192
0,burst_user1,1,WRITE,0x10000d98000,8192
0,burst_user1,1,READ,0x10000d9a000,8192
0,burst_user1,1,READ,0x10000d9c000,8192
0,burst_user1,1,WRITE,0x10000d9e000,8192
0,burst_user1,1,READ,0x10000da0000,8192
0,burst_user1,1,READ,0x10000da2000,8192
0,burst_user1,1,WRITE,0x10000da4000,8192
0,burst_user1,1,READ,0x10000da6000,8192
0,burst_user1,1,READ,0x10000da8000,8192
0,burst_user1,1,WRITE,0x10000daa000,8192
0,burst_user1,1,READ,0x10000dac000,8192
0,burst_user1,1,READ,0x10000dae000,8192
0,burst_user1,1,WRITE,0x10000db0000,8192
0,burst_user1,1,READ,0x10000db2000,8192
0,burst_user1,1,READ,0x10000db4000,8192
0,burst_user1,1,WRITE,0x10000db6000,8192
0,burst_user1,1,READ,0x10000db8000,8192
0,burst_user1,1,READ,0x10000dba000,8192
0,burst_user1,1,WRITE,0x10000dbc000,8192
0,burst_user1,1,READ,0x10000dbe000,8192
0,burst_user1,1,READ,0x10000dc0000,8192
0,burst_user1,1,WRITE,0x10000dc2000,8192
0,burst_user1,1,READ,0x10000dc4000,8192
0,burst_user1,1,READ,0x10000dc6000,8192
0,burst_user1,1,WRITE,0x10000dc8000,8192
0,burst_user1,1,READ,0x10000dca000,8192
0,burst_user1,1,READ,0x10000dcc000,8192
0,burst_user1,1,WRITE,0x10000dce000,8192
0,burst_user1,1,READ,0x10000dd0000,8192
0,burst_user1,1,READ,0x10000dd2000,8192
0,burst_user1,1,WRITE,0x10000dd4000,8192
0,burst_user1,1,READ,0x10000dd6000,8192
0,burst_user1,1,READ,0x10000dd8000,8192
0,burst_user1,1,WRITE,0x10000dda000,8192
0,burst_user1,1,READ,0x10000ddc000,8192
0,burst_user1,1,READ,0x10000dde000,8192
0,burst_user1,1,WRITE,0x10000de0000,8192
0,burst_user1,1,READ,0x10000de2000,8192
0,burst_user1,1,READ,0x10000de4000,8192
0,burst_user1,1,WRITE,0x10000de6000,8192
0,burst_user1,1,READ,0x10000de8000,8192
0,burst_user1,1,READ,0x10000dea000,8192
0,burst_user1,1,WRITE,0x10000dec000,8192
0,burst_user1,1,READ,0x10000dee000,8192
0,burst_user1,1,READ,0x10000df0000,8192
0,burst_user1,1,WRITE,0x10000df2000,8192
0,burst_user1,1,READ,0x10000df4000,8192
0,burst_user1,1,READ,0x10000df6000,8192
0,burst_user1,1,WRITE,0x10000df8000,8192
0,burst_user1,1,READ,0x10000dfa000,8192
0,burst_user1,1,READ,0x10000dfc000,8192
0,burst_user1,1,WRITE,0x10000dfe000,8192
0,burst_user1,1,READ,0x10000e00000,8192
0,burst_user1,1,READ,0x10000e02000,8192
0,burst_user1,1,WRITE,0x10000e04000,8192
0,burst_user1,1,READ,0x10000e06000,8192
0,burst_user1,1,READ,0x10000e08000,8192
0,burst_user1,1,WRITE,0x10000e0a000,8192
0,burst_user1,1,READ,0x10000e0c000,8192
0,burst_user1,1,READ,0x10000e0e000,8192
0,burst_user1,1,WRITE,0x10000e10000,8192
0,burst_user1,1,READ,0x10000e12000,8192
0,burst_user1,1,READ,0x10000e14000,8192
0,burst_user1,1,WRITE,0x10000e16000,8192
0,burst_user1,1,READ,0x10000e18000,8192
0,burst_user1,1,READ,0x10000e1a000,8192
0,burst_user1,1,WRITE,0x10000e1c000,8192
0,burst_user1,1,READ,0x10000e1e000,8192
0,burst_user1,1,READ,0x10000e20000,8192
0,burst_user1,1,WRITE,0x10000e22000,8192
0,burst_user1,1,READ,0x10000e24000,8192
0,burst_user1,1,READ,0x10000e26000,8192
0,burst_user1,1,WRITE,0x10000e28000,8192
0,burst_user1,1,READ,0x10000e2a000,8192
0,burst_user1,1,READ,0x10000e2c000,8192
0,burst_user1,1,WRITE,0x10000e2e000,8192
0,burst_user1,1,READ,0x10000e30000,8192
0,burst_user1,1,READ,0x10000e32000,8192
0,burst_user1,1,WRITE,0x10000e34000,8192
0,burst_user1,1,READ,0x10000e36000,8192
0,burst_user1,1,READ,0x10000e38000,8192
0,burst_user1,1,WRITE,0x10000e3a000,8192
0,burst_user1,1,READ,0x10000e3c000,8192
0,burst_user1,1,READ,0x10000e3e000,8192
0,burst_user1,1,WRITE,0x10000e40000,8192
0,burst_user1,1,READ,0x10000e42000,8192
0,burst_user1,1,READ,0x10000e44000,8192
0,burst_user1,1,WRITE,0x10000e46000,8192
0,burst_user1,1,READ,0x10000e48000,8192
0,burst_user1,1,READ,0x10000e4a000,8192
0,burst_user1,1,WRITE,0x10000e4c000,8192
0,burst_user1,1,READ,0x10000e4e000,8192
0,burst_user1,1,READ,0x10000e50000,8192
0,burst_user1,1,WRITE,0x10000e52000,8192
0,burst_user1,1,READ,0x10000e54000,8192
0,burst_user1,1,READ,0x10000e56000,8192
0,burst_user1,1,WRITE,0x10000e58000,8192
0,burst_user1,1,READ,0x10000e5a000,8192
0,burst_user1,1,READ,0x10000e5c000,8192
0,burst_user1,1,WRITE,0x10000e5e000,8192
0,burst_user1,1,READ,0x10000e60000,8192
0,burst_user1,1,READ,0x10000e62000,8192
0,burst_user1,1,WRITE,0x10000e64000,8192
0,burst_user1,1,READ,0x10000e66000,8192
0,burst_user1,1,READ,0x10000e68000,8192
0,burst_user1,1,WRITE,0x10000e6a000,8192
0,burst_user1,1,READ,0x10000e6c000,8192
0,burst_user1,1,READ,0x10000e6e000,8192
0,burst_user1,1,WRITE,0x10000e70000,8192
0,burst_user1,1,READ,0x10000e72000,8192
0,burst_user1,1,READ,0x10000e74000,8192
0,burst_user1,1,WRITE,0x10000e76000,8192
0,burst_user1,1,READ,0x10000e78000,8192
0,burst_user1,1,READ,0x10000e7a000,8192
0,burst_user1,1,WRITE,0x10000e7c000,8192
0,burst_user1,1,READ,0x10000e7e000,8192
0,burst_user1,1,READ,0x10000e80000,8192
0,burst_user1,1,WRITE,0x10000e82000,8192
0,burst_user1,1,READ,0x10000e84000,8192
0,burst_user1,1,READ,0x10000e86000,8192
0,burst_user1,1,WRITE,0x10000e88000,8192
0,burst_user1,1,READ,0x10000e8a000,8192
0,burst_user1,1,READ,0x10000e8c000,8192
0,burst_user1,1,WRITE,0x10000e8e000,8192
0,burst_user1,1,READ,0x10000e90000,8192
0,burst_user1,1,READ,0x10000e92000,8192
0,burst_user1,1,WRITE,0x10000e94000,8192
0,burst_user1,1,READ,0x10000e96000,8192
0,burst_user1,1,READ,0x10000e98000,8192
0,burst_user1,1,WRITE,0x10000e9a000,8192
0,burst_user1,1,READ,0x10000e9c000,8192
0,burst_user1,1,READ,0x10000e9e000,8192
0,burst_user1,1,WRITE,0x10000ea0000,8192
0,burst_user1,1,READ,0x10000ea2000,8192
0,burst_user1,1,READ,0x10000ea4000,8192
0,burst_user1,1,WRITE,0x10000ea6000,8192
0,burst_user1,1,READ,0x10000ea8000,8192
0,burst_user1,1,READ,0x10000eaa000,8192
0,burst_user1,1,WRITE,0x10000eac000,8192
0,burst_user1,1,READ,0x10000eae000,8192
0,burst_user1,1,READ,0x10000eb0000,8192
0,burst_user1,1,WRITE,0x10000eb2000,8192
0,burst_user1,1,READ,0x10000eb4000,8192
0,burst_user1,1,READ,0x10000eb6000,8192
0,burst_user1,1,WRITE,0x10000eb8000,8192
0,burst_user1,1,READ,0x10000eba000,8192
0,burst_user1,1,READ,0x10000ebc000,8192
0,burst_user1,1,WRITE,0x10000ebe000,8192
0,burst_user1,1,READ,0x10000ec0000,8192
0,burst_user1,1,READ,0x10000ec2000,8192
0,burst_user1,1,WRITE,0x10000ec4000,8192
0,burst_user1,1,READ,0x10000ec6000,8192
0,burst_user1,1,READ,0x10000ec8000,8192
0,burst_user1,1,WRITE,0x10000eca000,8192
0,burst_user1,1,READ,0x10000ecc000,8192
0,burst_user1,1,READ,0x10000ece000,8192
0,burst_user1,1,WRITE,0x10000ed0000,8192
0,burst_user1,1,READ,0x10000ed2000,8192
0,burst_user1,1,READ,0x10000ed4000,8192
0,burst_user1,1,WRITE,0x10000ed6000,8192
0,burst_user1,1,READ,0x10000ed8000,8192
0,burst_user1,1,READ,0x10000eda000,8192
0,burst_user1,1,WRITE,0x10000edc000,8192
0,burst_user1,1,READ,0x10000ede000,8192
0,burst_user1,1,READ,0x10000ee0000,8192
0,burst_user1,1,WRITE,0x10000ee2000,8192
0,burst_user1,1,READ,0x10000ee4000,8192
0,burst_user1,1,READ,0x10000ee6000,8192
0,burst_user1,1,WRITE,0x10000ee8000,8192
0,burst_user1,1,READ,0x10000eea000,8192
0,burst_user1,1,READ,0x10000eec000,8192
0,burst_user1,1,WRITE,0x10000eee000,8192
0,burst_user1,1,READ,0x10000ef0000,8192
0,burst_user1,1,READ,0x10000ef2000,8192
0,burst_user1,1,WRITE,0x10000ef4000,8192
0,burst_user1,1,READ,0x10000ef6000,8192
0,burst_user1,1,READ,0x10000ef8000,8192
0,burst_user1,1,WRITE,0x10000efa000,8192
0,burst_user1,1,READ,0x10000efc000,8192
0,burst_user1,1,READ,0x10000efe000,8192
0,burst_user1,1,WRITE,0x10000f00000,8192
0,burst_user1,1,READ,0x10000f02000,8192
0,burst_user1,1,READ,0x10000f04000,8192
0,burst_user1,1,WRITE,0x10000f06000,8192
0,burst_user1,1,READ,0x10000f08000,8192
0,burst_user1,1,READ,0x10000f0a000,8192
0,burst_user1,1,WRITE,0x10000f0c000,8192
0,burst_user1,1,READ,0x10000f0e000,8192
0,burst_user1,1,READ,0x10000f10000,8192
0,burst_user1,1,WRITE,0x10000f12000,8192
0,burst_user1,1,READ,0x10000f14000,8192
0,burst_user1,1,READ,0x10000f16000,8192
0,burst_user1,1,WRITE,0x10000f18000,8192
0,burst_user1,1,READ,0x10000f1a000,8192
0,burst_user1,1,READ,0x10000f1c000,8192
0,burst_user1,1,WRITE,0x10000f1e000,8192
0,burst_user1,1,READ,0x10000f20000,8192
0,burst_user1,1,READ,0x10000f22000,8192
0,burst_user1,1,WRITE,0x10000f24000,8192
0,burst_user1,1,READ,0x10000f26000,8192
0,burst_user1,1,READ,0x10000f28000,8192
0,burst_user1,1,WRITE,0x10000f2a000,8192
0,burst_user1,1,READ,0x10000f2c000,8192
0,burst_user1,1,READ,0x10000f2e000,8192
0,burst_user1,1,WRITE,0x10000f30000,8192
0,burst_user1,1,READ,0x10000f32000,8192
0,burst_user1,1,READ,0x10000f34000,8192
0,burst_user1,1,WRITE,0x10000f36000,8192
0,burst_user1,1,READ,0x10000f38000,8192
0,burst_user1,1,READ,0x10000f3a000,8192
0,burst_user1,1,WRITE,0x10000f3c000,8192
0,burst_user1,1,READ,0x10000f3e000,8192
0,burst_user1,1,READ,0x10000f40000,8192
0,burst_user1,1,WRITE,0x10000f42000,8192
0,burst_user1,1,READ,0x10000f44000,8192
0,burst_user1,1,READ,0x10000f46000,8192
0,burst_user1,1,WRITE,0x10000f48000,8192
0,burst_user1,1,READ,0x10000f4a000,8192
0,burst_user1,1,READ,0x10000f4c000,8192
0,burst_user1,1,WRITE,0x10000f4e000,8192
0,burst_user1,1,READ,0x10000f50000,8192
0,burst_user1,1,READ,0x10000f52000,8192
0,burst_user1,1,WRITE,0x10000f54000,8192
0,burst_user1,1,READ,0x10000f56000,8192
0,burst_user1,1,READ,0x10000f58000,8192
0,burst_user1,1,WRITE,0x10000f5a000,8192
0,burst_user1,1,READ,0x10000f5c000,8192
0,burst_user1,1,READ,0x10000f5e000,8192
0,burst_user1,1,WRITE,0x10000f60000,8192
0,burst_user1,1,READ,0x10000f62000,8192
0,burst_user1,1,READ,0x10000f64000,8192
0,burst_user1,1,WRITE,0x10000f66000,8192
0,burst_user1,1,READ,0x10000f68000,8192
0,burst_user1,1,READ,0x10000f6a000,8192
0,burst_user1,1,WRITE,0x10000f6c000,8192
0,burst_user1,1,READ,0x10000f6e000,8192
0,burst_user1,1,READ,0x10000f70000,8192
0,burst_user1,1,WRITE,0x10000f72000,8192
0,burst_user1,1,READ,0x10000f74000,8192
0,burst_user1,1,READ,0x10000f76000,8192
0,burst_user1,1,WRITE,0x10000f78000,8192
0,burst_user1,1,READ,0x10000f7a000,8192
0,burst_user1,1,READ,0x10000f7c000,8192
0,burst_user1,1,WRITE,0x10000f7e000,8192
0,burst_user1,1,READ,0x10000f80000,8192
0,burst_user1,1,READ,0x10000f82000,8192
0,burst_user1,1,WRITE,0x10000f84000,8192
0,burst_user1,1,READ,0x10000f86000,8192
0,burst_user1,1,READ,0x10000f88000,8192
0,burst_user1,1,WRITE,0x10000f8a000,8192
0,burst_user1,1,READ,0x10000f8c000,8192
0,burst_user1,1,READ,0x10000f8e000,8192
0,burst_user1,1,WRITE,0x10000f90000,8192
0,burst_user1,1,READ,0x10000f92000,8192
0,burst_user1,1,READ,0x10000f94000,8192
0,burst_user1,1,WRITE,0x10000f96000,8192
0,burst_user1,1,READ,0x10000f98000,8192
0,burst_user1,1,READ,0x10000f9a000,8192
0,burst_user1,1,WRITE,0x10000f9c000,8192
0,burst_user1,1,READ,0x10000f9e000,8192
0,burst_user2,2,WRITE,0x20000000000,8192
0,burst_user2,2,READ,0x20000002000,8192
0,burst_user2,2,READ,0x20000004000,8192
0,burst_user2,2,WRITE,0x20000006000,8192
0,burst_user2,2,READ,0x20000008000,8192
0,burst_user2,2,READ,0x2000000a000,8192
0,burst_user2,2,WRITE,0x2000000c000,8192
0,burst_user2,2,READ,0x2000000e000,8192
0,burst_user2,2,READ,0x20000010000,8192
0,burst_user2,2,WRITE,0x20000012000,8192
0,burst_user2,2,READ,0x20000014000,8192
0,burst_user2,2,READ,0x20000016000,8192
0,burst_user2,2,WRITE,0x20000018000,8192
0,burst_user2,2,READ,0x2000001a000,8192
0,burst_user2,2,READ,0x2000001c000,8192
0,burst_user2,2,WRITE,0x2000001e000,8192
0,burst_user2,2,READ,0x20000020000,8192
0,burst_user2,2,READ,0x20000022000,8192
0,burst_user2,2,WRITE,0x20000024000,8192
0,burst_user2,2,READ,0x20000026000,8192
0,burst_user2,2,READ,0x20000028000,8192
0,burst_user2,2,WRITE,0x2000002a000,8192
0,burst_user2,2,READ,0x2000002c000,8192
0,burst_user2,2,READ,0x2000002e000,8192
0,burst_user2,2,WRITE,0x20000030000,8192
0,burst_user2,2,READ,0x20000032000,8192
0,burst_user2,2,READ,0x20000034000,8192
0,burst_user2,2,WRITE,0x20000036000,8192
0,burst_user2,2,READ,0x20000038000,8192
0,burst_user2,2,READ,0x2000003a000,8192
0,burst_user2,2,WRITE,0x2000003c000,8192
0,burst_user2,2,READ,0x2000003e000,8192
0,burst_user2,2,READ,0x20000040000,8192
0,burst_user2,2,WRITE,0x20000042000,8192
0,burst_user2,2,READ,0x20000044000,8192
0,burst_user2,2,READ,0x20000046000,8192
0,burst_user2,2,WRITE,0x20000048000,8192
0,burst_user2,2,READ,0x2000004a000,8192
0,burst_user2,2,READ,0x2000004c000,8192
0,burst_user2,2,WRITE,0x2000004e000,8192
0,burst_user2,2,READ,0x20000050000,8192
0,burst_user2,2,READ,0x20000052000,8192
0,burst_user2,2,WRITE,0x20000054000,8192
0,burst_user2,2,READ,0x20000056000,8192
0,burst_user2,2,READ,0x20000058000,8192
0,burst_user2,2,WRITE,0x2000005a000,8192
0,burst_user2,2,READ,0x2000005c000,8192
0,burst_user2,2,READ,0x2000005e000,8192
0,burst_user2,2,WRITE,0x20000060000,8192
0,burst_user2,2,READ,0x20000062000,8192
0,burst_user2,2,READ,0x20000064000,8192
0,burst_user2,2,WRITE,0x20000066000,8192
0,burst_user2,2,READ,0x20000068000,8192
0,burst_user2,2,READ,0x2000006a000,8192
0,burst_user2,2,WRITE,0x2000006c000,8192
0,burst_user2,2,READ,0x2000006e000,8192
0,burst_user2,2,READ,0x20000070000,8192
0,burst_user2,2,WRITE,0x20000072000,8192
0,burst_user2,2,READ,0x20000074000,8192
0,burst_user2,2,READ,0x20000076000,8192
0,burst_user2,2,WRITE,0x20000078000,8192
0,burst_user2,2,READ,0x2000007a000,8192
0,burst_user2,2,READ,0x2000007c000,8192
0,burst_user2,2,WRITE,0x2000007e000,8192
0,burst_user2,2,READ,0x20000080000,8192
0,burst_user2,2,READ,0x20000082000,8192
0,burst_user2,2,WRITE,0x20000084000,8192
0,burst_user2,2,READ,0x20000086000,8192
0,burst_user2,2,READ,0x20000088000,8192
0,burst_user2,2,WRITE,0x2000008a000,8192
0,burst_user2,2,READ,0x2000008c000,8192
0,burst_user2,2,READ,0x2000008e000,8192
0,burst_user2,2,WRITE,0x20000090000,8192
0,burst_user2,2,READ,0x20000092000,8192
0,burst_user2,2,READ,0x20000094000,8192
0,burst_user2,2,WRITE,0x20000096000,8192
0,burst_user2,2,READ,0x20000098000,8192
0,burst_user2,2,READ,0x2000009a000,8192
0,burst_user2,2,WRITE,0x2000009c000,8192
0,burst_user2,2,READ,0x2000009e000,8192
0,burst_user2,2,READ,0x200000a0000,8192
0,burst_user2,2,WRITE,0x200000a2000,8192
0,burst_user2,2,READ,0x200000a4000,8192
0,burst_user2,2,READ,0x200000a6000,8192
0,burst_user2,2,WRITE,0x200000a8000,8192
0,burst_user2,2,READ,0x200000aa000,8192
0,burst_user2,2,READ,0x200000ac000,8192
0,burst_user2,2,WRITE,0x200000ae000,8192
0,burst_user2,2,READ,0x200000b0000,8192
0,burst_user2,2,READ,0x200000b2000,8192
0,burst_user2,2,WRITE,0x200000b4000,8192
0,burst_user2,2,READ,0x200000b6000,8192
0,burst_user2,2,READ,0x200000b8000,8192
0,burst_user2,2,WRITE,0x200000ba000,8192
0,burst_user2,2,READ,0x200000bc000,8192
0,burst_user2,2,READ,0x200000be000,8192
0,burst_user2,2,WRITE,0x200000c0000,8192
0,burst_user2,2,READ,0x200000c2000,8192
0,burst_user2,2,READ,0x200000c4000,8192
0,burst_user2,2,WRITE,0x200000c6000,8192
0,burst_user2,2,READ,0x200000c8000,8192
0,burst_user2,2,READ,0x200000ca000,8192
0,burst_user2,2,WRITE,0x200000cc000,8192
0,burst_user2,2,READ,0x200000ce000,8192
0,burst_user2,2,READ,0x200000d0000,8192
0,burst_user2,2,WRITE,0x200000d2000,8192
0,burst_user2,2,READ,0x200000d4000,8192
0,burst_user2,2,READ,0x200000d6000,8192
0,burst_user2,2,WRITE,0x200000d8000,8192
0,burst_user2,2,READ,0x200000da000,8192
0,burst_user2,2,READ,0x200000dc000,8192
0,burst_user2,2,WRITE,0x200000de000,8192
0,burst_user2,2,READ,0x200000e0000,8192
0,burst_user2,2,READ,0x200000e2000,8192
0,burst_user2,2,WRITE,0x200000e4000,8192
0,burst_user2,2,READ,0x200000e6000,8192
0,burst_user2,2,READ,0x200000e8000,8192
0,burst_user2,2,WRITE,0x200000ea000,8192
0,burst_user2,2,READ,0x200000ec000,8192
0,burst_user2,2,READ,0x200000ee000,8192
0,burst_user2,2,WRITE,0x200000f0000,8192
0,burst_user2,2,READ,0x200000f2000,8192
0,burst_user2,2,READ,0x200000f4000,8192
0,burst_user2,2,WRITE,0x200000f6000,8192
0,burst_user2,2,READ,0x200000f8000,8192
0,burst_user2,2,READ,0x200000fa000,8192
0,burst_user2,2,WRITE,0x200000fc000,8192
0,burst_user2,2,READ,0x200000fe000,8192
0,burst_user2,2,READ,0x20000100000,8192
0,burst_user2,2,WRITE,0x20000102000,8192
0,burst_user2,2,READ,0x20000104000,8192
0,burst_user2,2,READ,0x20000106000,8192
0,burst_user2,2,WRITE,0x20000108000,8192
0,burst_user2,2,READ,0x2000010a000,8192
0,burst_user2,2,READ,0x2000010c000,8192
0,burst_user2,2,WRITE,0x2000010e000,8192
0,burst_user2,2,READ,0x20000110000,8192
0,burst_user2,2,READ,0x20000112000,8192
0,burst_user2,2,WRITE,0x20000114000,8192
0,burst_user2,2,READ,0x20000116000,8192
0,burst_user2,2,READ,0x20000118000,8192
0,burst_user2,2,WRITE,0x2000011a000,8192
0,burst_user2,2,READ,0x2000011c000,8192
0,burst_user2,2,READ,0x2000011e000,8192
0,burst_user2,2,WRITE,0x20000120000,8192
0,burst_user2,2,READ,0x20000122000,8192
0,burst_user2,2,READ,0x20000124000,8192
0,burst_user2,2,WRITE,0x20000126000,8192
0,burst_user2,2,READ,0x20000128000,8192
0,burst_user2,2,READ,0x2000012a000,8192
0,burst_user2,2,WRITE,0x2000012c000,8192
0,burst_user2,2,READ,0x2000012e000,8192
0,burst_user2,2,READ,0x20000130000,8192
0,burst_user2,2,WRITE,0x20000132000,8192
0,burst_user2,2,READ,0x20000134000,8192
0,burst_user2,2,READ,0x20000136000,8192
0,burst_user2,2,WRITE,0x20000138000,8192
0,burst_user2,2,READ,0x2000013a000,8192
0,burst_user2,2,READ,0x2000013c000,8192
0,burst_user2,2,WRITE,0x2000013e000,8192
0,burst_user2,2,READ,0x20000140000,8192
0,burst_user2,2,READ,0x20000142000,8192
0,burst_user2,2,WRITE,0x20000144000,8192
0,burst_user2,2,READ,0x20000146000,8192
0,burst_user2,2,READ,0x20000148000,8192
0,burst_user2,2,WRITE,0x2000014a000,8192
0,burst_user2,2,READ,0x2000014c000,8192
0,burst_user2,2,READ,0x2000014e000,8192
0,burst_user2,2,WRITE,0x20000150000,8192
0,burst_user2,2,READ,0x20000152000,8192
0,burst_user2,2,READ,0x20000154000,8192
0,burst_user2,2,WRITE,0x20000156000,8192
0,burst_user2,2,READ,0x20000158000,8192
0,burst_user2,2,READ,0x2000015a000,8192
0,burst_user2,2,WRITE,0x2000015c000,8192
0,burst_user2,2,READ,0x2000015e000,8192
0,burst_user2,2,READ,0x20000160000,8192
0,burst_user2,2,WRITE,0x20000162000,8192
0,burst_user2,2,READ,0x20000164000,8192
0,burst_user2,2,READ,0x20000166000,8192
0,burst_user2,2,WRITE,0x20000168000,8192
0,burst_user2,2,READ,0x2000016a000,8192
0,burst_user2,2,READ,0x2000016c000,8192
0,burst_user2,2,WRITE,0x2000016e000,8192
0,burst_user2,2,READ,0x20000170000,8192
0,burst_user2,2,READ,0x20000172000,8192
0,burst_user2,2,WRITE,0x20000174000,8192
0,burst_user2,2,READ,0x20000176000,8192
0,burst_user2,2,READ,0x20000178000,8192
0,burst_user2,2,WRITE,0x2000017a000,8192
0,burst_user2,2,READ,0x2000017c000,8192
0,burst_user2,2,READ,0x2000017e000,8192
0,burst_user2,2,WRITE,0x20000180000,8192
0,burst_user2,2,READ,0x20000182000,8192
0,burst_user2,2,READ,0x20000184000,8192
0,burst_user2,2,WRITE,0x20000186000,8192
0,burst_user2,2,READ,0x20000188000,8192
0,burst_user2,2,READ,0x2000018a000,8192
0,burst_user2,2,WRITE,0x2000018c000,8192
0,burst_user2,2,READ,0x2000018e000,8192
0,burst_user2,2,READ,0x20000190000,8192
0,burst_user2,2,WRITE,0x20000192000,8192
0,burst_user2,2,READ,0x20000194000,8192
0,burst_user2,2,READ,0x20000196000,8192
0,burst_user2,2,WRITE,0x20000198000,8192
0,burst_user2,2,READ,0x2000019a000,8192
0,burst_user2,2,READ,0x2000019c000,8192
0,burst_user2,2,WRITE,0x2000019e000,8192
0,burst_user2,2,READ,0x200001a0000,8192
0,burst_user2,2,READ,0x200001a2000,8192
0,burst_user2,2,WRITE,0x200001a4000,8192
0,burst_user2,2,READ,0x200001a6000,8192
0,burst_user2,2,READ,0x200001a8000,8192
0,burst_user2,2,WRITE,0x200001aa000,8192
0,burst_user2,2,READ,0x200001ac000,8192
0,burst_user2,2,READ,0x200001ae000,8192
0,burst_user2,2,WRITE,0x200001b0000,8192
0,burst_user2,2,READ,0x200001b2000,8192
0,burst_user2,2,READ,0x200001b4000,8192
0,burst_user2,2,WRITE,0x200001b6000,8192
0,burst_user2,2,READ,0x200001b8000,8192
0,burst_user2,2,READ,0x200001ba000,8192
0,burst_user2,2,WRITE,0x200001bc000,8192
0,burst_user2,2,READ,0x200001be000,8192
0,burst_user2,2,READ,0x200001c0000,8192
0,burst_user2,2,WRITE,0x200001c2000,8192
0,burst_user2,2,READ,0x200001c4000,8192
0,burst_user2,2,READ,0x200001c6000,8192
0,burst_user2,2,WRITE,0x200001c8000,8192
0,burst_user2,2,READ,0x200001ca000,8192
0,burst_user2,2,READ,0x200001cc000,8192
0,burst_user2,2,WRITE,0x200001ce000,8192
0,burst_user2,2,READ,0x200001d0000,8192
0,burst_user2,2,READ,0x200001d2000,8192
0,burst_user2,2,WRITE,0x200001d4000,8192
0,burst_user2,2,READ,0x200001d6000,8192
0,burst_user2,2,READ,0x200001d8000,8192
0,burst_user2,2,WRITE,0x200001da000,8192
0,burst_user2,2,READ,0x200001dc000,8192
0,burst_user2,2,READ,0x200001de000,8192
0,burst_user2,2,WRITE,0x200001e0000,8192
0,burst_user2,2,READ,0x200001e2000,8192
0,burst_user2,2,READ,0x200001e4000,8192
0,burst_user2,2,WRITE,0x200001e6000,8192
0,burst_user2,2,READ,0x200001e8000,8192
0,burst_user2,2,READ,0x200001ea000,8192
0,burst_user2,2,WRITE,0x200001ec000,8192
0,burst_user2,2,READ,0x200001ee000,8192
0,burst_user2,2,READ,0x200001f0000,8192
0,burst_user2,2,WRITE,0x200001f2000,8192
0,burst_user2,2,READ,0x200001f4000,8192
0,burst_user2,2,READ,0x200001f6000,8192
0,burst_user2,2,WRITE,0x200001f8000,8192
0,burst_user2,2,READ,0x200001fa000,8192
0,burst_user2,2,READ,0x200001fc000,8192
0,burst_user2,2,WRITE,0x200001fe000,8192
0,burst_user2,2,READ,0x20000200000,8192
0,burst_user2,2,READ,0x20000202000,8192
0,burst_user2,2,WRITE,0x20000204000,8192
0,burst_user2,2,READ,0x20000206000,8192
0,burst_user2,2,READ,0x20000208000,8192
0,burst_user2,2,WRITE,0x2000020a000,8192
0,burst_user2,2,READ,0x2000020c000,8192
0,burst_user2,2,READ,0x2000020e000,8192
0,burst_user2,2,WRITE,0x20000210000,8192
0,burst_user2,2,READ,0x20000212000,8192
0,burst_user2,2,READ,0x20000214000,8192
0,burst_user2,2,WRITE,0x20000216000,8192
0,burst_user2,2,READ,0x20000218000,8192
0,burst_user2,2,READ,0x2000021a000,8192
0,burst_user2,2,WRITE,0x2000021c000,8192
0,burst_user2,2,READ,0x2000021e000,8192
0,burst_user2,2,READ,0x20000220000,8192
0,burst_user2,2,WRITE,0x20000222000,8192
0,burst_user2,2,READ,0x20000224000,8192
0,burst_user2,2,READ,0x20000226000,8192
0,burst_user2,2,WRITE,0x20000228000,8192
0,burst_user2,2,READ,0x2000022a000,8192
0,burst_user2,2,READ,0x2000022c000,8192
0,burst_user2,2,WRITE,0x2000022e000,8192
0,burst_user2,2,READ,0x20000230000,8192
0,burst_user2,2,READ,0x20000232000,8192
0,burst_user2,2,WRITE,0x20000234000,8192
0,burst_user2,2,READ,0x20000236000,8192
0,burst_user2,2,READ,0x20000238000,8192
0,burst_user2,2,WRITE,0x2000023a000,8192
0,burst_user2,2,READ,0x2000023c000,8192
0,burst_user2,2,READ,0x2000023e000,8192
0,burst_user2,2,WRITE,0x20000240000,8192
0,burst_user2,2,READ,0x20000242000,8192
0,burst_user2,2,READ,0x20000244000,8192
0,burst_user2,2,WRITE,0x20000246000,8192
0,burst_user2,2,READ,0x20000248000,8192
0,burst_user2,2,READ,0x2000024a000,8192
0,burst_user2,2,WRITE,0x2000024c000,8192
0,burst_user2,2,READ,0x2000024e000,8192
0,burst_user2,2,READ,0x20000250000,8192
0,burst_user2,2,WRITE,0x20000252000,8192
0,burst_user2,2,READ,0x20000254000,8192
0,burst_user2,2,READ,0x20000256000,8192
0,burst_user2,2,WRITE,0x20000258000,8192
0,burst_user2,2,READ,0x2000025a000,8192
0,burst_user2,2,READ,0x2000025c000,8192
0,burst_user2,2,WRITE,0x2000025e000,8192
0,burst_user2,2,READ,0x20000260000,8192
0,burst_user2,2,READ,0x20000262000,8192
0,burst_user2,2,WRITE,0x20000264000,8192
0,burst_user2,2,READ,0x20000266000,8192
0,burst_user2,2,READ,0x20000268000,8192
0,burst_user2,2,WRITE,0x2000026a000,8192
0,burst_user2,2,READ,0x2000026c000,8192
0,burst_user2,2,READ,0x2000026e000,8192
0,burst_user2,2,WRITE,0x20000270000,8192
0,burst_user2,2,READ,0x20000272000,8192
0,burst_user2,2,READ,0x20000274000,8192
0,burst_user2,2,WRITE,0x20000276000,8192
0,burst_user2,2,READ,0x20000278000,8192
0,burst_user2,2,READ,0x2000027a000,8192
0,burst_user2,2,WRITE,0x2000027c000,8192
0,burst_user2,2,READ,0x2000027e000,8192
0,burst_user2,2,READ,0x20000280000,8192
0,burst_user2,2,WRITE,0x20000282000,8192
0,burst_user2,2,READ,0x20000284000,8192
0,burst_user2,2,READ,0x20000286000,8192
0,burst_user2,2,WRITE,0x20000288000,8192
0,burst_user2,2,READ,0x2000028a000,8192
0,burst_user2,2,READ,0x2000028c000,8192
0,burst_user2,2,WRITE,0x2000028e000,8192
0,burst_user2,2,READ,0x20000290000,8192
0,burst_user2,2,READ,0x20000292000,8192
0,burst_user2,2,WRITE,0x20000294000,8192
0,burst_user2,2,READ,0x20000296000,8192
0,burst_user2,2,READ,0x20000298000,8192
0,burst_user2,2,WRITE,0x2000029a000,8192
0,burst_user2,2,READ,0x2000029c000,8192
0,burst_user2,2,READ,0x2000029e000,8192
0,burst_user2,2,WRITE,0x200002a0000,8192
0,burst_user2,2,READ,0x200002a2000,8192
0,burst_user2,2,READ,0x200002a4000,8192
0,burst_user2,2,WRITE,0x200002a6000,8192
0,burst_user2,2,READ,0x200002a8000,8192
0,burst_user2,2,READ,0x200002aa000,8192
0,burst_user2,2,WRITE,0x200002ac000,8192
0,burst_user2,2,READ,0x200002ae000,8192
0,burst_user2,2,READ,0x200002b0000,8192
0,burst_user2,2,WRITE,0x200002b2000,8192
0,burst_user2,2,READ,0x200002b4000,8192
0,burst_user2,2,READ,0x200002b6000,8192
0,burst_user2,2,WRITE,0x200002b8000,8192
0,burst_user2,2,READ,0x200002ba000,8192
0,burst_user2,2,READ,0x200002bc000,8192
0,burst_user2,2,WRITE,0x200002be000,8192
0,burst_user2,2,READ,0x200002c0000,8192
0,burst_user2,2,READ,0x200002c2000,8192
0,burst_user2,2,WRITE,0x200002c4000,8192
0,burst_user2,2,READ,0x200002c6000,8192
0,burst_user2,2,READ,0x200002c8000,8192
0,burst_user2,2,WRITE,0x200002ca000,8192
0,burst_user2,2,READ,0x200002cc000,8192
0,burst_user2,2,READ,0x200002ce000,8192
0,burst_user2,2,WRITE,0x200002d0000,8192
0,burst_user2,2,READ,0x200002d2000,8192
0,burst_user2,2,READ,0x200002d4000,8192
0,burst_user2,2,WRITE,0x200002d6000,8192
0,burst_user2,2,READ,0x200002d8000,8192
0,burst_user2,2,READ,0x200002da000,8192
0,burst_user2,2,WRITE,0x200002dc000,8192
0,burst_user2,2,READ,0x200002de000,8192
0,burst_user2,2,READ,0x200002e0000,8192
0,burst_user2,2,WRITE,0x200002e2000,8192
0,burst_user2,2,READ,0x200002e4000,8192
0,burst_user2,2,READ,0x200002e6000,8192
0,burst_user2,2,WRITE,0x200002e8000,8192
0,burst_user2,2,READ,0x200002ea000,8192
0,burst_user2,2,READ,0x200002ec000,8192
0,burst_user2,2,WRITE,0x200002ee000,8192
0,burst_user2,2,READ,0x200002f0000,8192
0,burst_user2,2,READ,0x200002f2000,8192
0,burst_user2,2,WRITE,0x200002f4000,8192
0,burst_user2,2,READ,0x200002f6000,8192
0,burst_user2,2,READ,0x200002f8000,8192
0,burst_user2,2,WRITE,0x200002fa000,8192
0,burst_user2,2,READ,0x200002fc000,8192
0,burst_user2,2,READ,0x200002fe000,8192
0,burst_user2,2,WRITE,0x20000300000,8192
0,burst_user2,2,READ,0x20000302000,8192
0,burst_user2,2,READ,0x20000304000,8192
0,burst_user2,2,WRITE,0x20000306000,8192
0,burst_user2,2,READ,0x20000308000,8192
0,burst_user2,2,READ,0x2000030a000,8192
0,burst_user2,2,WRITE,0x2000030c000,8192
0,burst_user2,2,READ,0x2000030e000,8192
0,burst_user2,2,READ,0x20000310000,8192
0,burst_user2,2,WRITE,0x20000312000,8192
0,burst_user2,2,READ,0x20000314000,8192
0,burst_user2,2,READ,0x20000316000,8192
0,burst_user2,2,WRITE,0x20000318000,8192
0,burst_user2,2,READ,0x2000031a000,8192
0,burst_user2,2,READ,0x2000031c000,8192
0,burst_user2,2,WRITE,0x2000031e000,8192
0,burst_user2,2,READ,0x20000320000,8192
0,burst_user2,2,READ,0x20000322000,8192
0,burst_user2,2,WRITE,0x20000324000,8192
0,burst_user2,2,READ,0x20000326000,8192
0,burst_user2,2,READ,0x20000328000,8192
0,burst_user2,2,WRITE,0x2000032a000,8192
0,burst_user2,2,READ,0x2000032c000,8192
0,burst_user2,2,READ,0x2000032e000,8192
0,burst_user2,2,WRITE,0x20000330000,8192
0,burst_user2,2,READ,0x20000332000,8192
0,burst_user2,2,READ,0x20000334000,8192
0,burst_user2,2,WRITE,0x20000336000,8192
0,burst_user2,2,READ,0x20000338000,8192
0,burst_user2,2,READ,0x2000033a000,8192
0,burst_user2,2,WRITE,0x2000033c000,8192
0,burst_user2,2,READ,0x2000033e000,8192
0,burst_user2,2,READ,0x20000340000,8192
0,burst_user2,2,WRITE,0x20000342000,8192
0,burst_user2,2,READ,0x20000344000,8192
0,burst_user2,2,READ,0x20000346000,8192
0,burst_user2,2,WRITE,0x20000348000,8192
0,burst_user2,2,READ,0x2000034a000,8192
0,burst_user2,2,READ,0x2000034c000,8192
0,burst_user2,2,WRITE,0x2000034e000,8192
0,burst_user2,2,READ,0x20000350000,8192
0,burst_user2,2,READ,0x20000352000,8192
0,burst_user2,2,WRITE,0x20000354000,8192
0,burst_user2,2,READ,0x20000356000,8192
0,burst_user2,2,READ,0x20000358000,8192
0,burst_user2,2,WRITE,0x2000035a000,8192
0,burst_user2,2,READ,0x2000035c000,8192
0,burst_user2,2,READ,0x2000035e000,8192
0,burst_user2,2,WRITE,0x20000360000,8192
0,burst_user2,2,READ,0x20000362000,8192
0,burst_user2,2,READ,0x20000364000,8192
0,burst_user2,2,WRITE,0x20000366000,8192
0,burst_user2,2,READ,0x20000368000,8192
0,burst_user2,2,READ,0x2000036a000,8192
0,burst_user2,2,WRITE,0x2000036c000,8192
0,burst_user2,2,READ,0x2000036e000,8192
0,burst_user2,2,READ,0x20000370000,8192
0,burst_user2,2,WRITE,0x20000372000,8192
0,burst_user2,2,READ,0x20000374000,8192
0,burst_user2,2,READ,0x20000376000,8192
0,burst_user2,2,WRITE,0x20000378000,8192
0,burst_user2,2,READ,0x2000037a000,8192
0,burst_user2,2,READ,0x2000037c000,8192
0,burst_user2,2,WRITE,0x2000037e000,8192
0,burst_user2,2,READ,0x20000380000,8192
0,burst_user2,2,READ,0x20000382000,8192
0,burst_user2,2,WRITE,0x20000384000,8192
0,burst_user2,2,READ,0x20000386000,8192
0,burst_user2,2,READ,0x20000388000,8192
0,burst_user2,2,WRITE,0x2000038a000,8192
0,burst_user2,2,READ,0x2000038c000,8192
0,burst_user2,2,READ,0x2000038e000,8192
0,burst_user2,2,WRITE,0x20000390000,8192
0,burst_user2,2,READ,0x20000392000,8192
0,burst_user2,2,READ,0x20000394000,8192
0,burst_user2,2,WRITE,0x20000396000,8192
0,burst_user2,2,READ,0x20000398000,8192
0,burst_user2,2,READ,0x2000039a000,8192
0,burst_user2,2,WRITE,0x2000039c000,8192
0,burst_user2,2,READ,0x2000039e000,8192
0,burst_user2,2,READ,0x200003a0000,8192
0,burst_user2,2,WRITE,0x200003a2000,8192
0,burst_user2,2,READ,0x200003a4000,8192
0,burst_user2,2,READ,0x200003a6000,8192
0,burst_user2,2,WRITE,0x200003a8000,8192
0,burst_user2,2,READ,0x200003aa000,8192
0,burst_user2,2,READ,0x200003ac000,8192
0,burst_user2,2,WRITE,0x200003ae000,8192
0,burst_user2,2,READ,0x200003b0000,8192
0,burst_user2,2,READ,0x200003b2000,8192
0,burst_user2,2,WRITE,0x200003b4000,8192
0,burst_user2,2,READ,0x200003b6000,8192
0,burst_user2,2,READ,0x200003b8000,8192
0,burst_user2,2,WRITE,0x200003ba000,8192
0,burst_user2,2,READ,0x200003bc000,8192
0,burst_user2,2,READ,0x200003be000,8192
0,burst_user2,2,WRITE,0x200003c0000,8192
0,burst_user2,2,READ,0x200003c2000,8192
0,burst_user2,2,READ,0x200003c4000,8192
0,burst_user2,2,WRITE,0x200003c6000,8192
0,burst_user2,2,READ,0x200003c8000,8192
0,burst_user2,2,READ,0x200003ca000,8192
0,burst_user2,2,WRITE,0x200003cc000,8192
0,burst_user2,2,READ,0x200003ce000,8192
0,burst_user2,2,READ,0x200003d0000,8192
0,burst_user2,2,WRITE,0x200003d2000,8192
0,burst_user2,2,READ,0x200003d4000,8192
0,burst_user2,2,READ,0x200003d6000,8192
0,burst_user2,2,WRITE,0x200003d8000,8192
0,burst_user2,2,READ,0x200003da000,8192
0,burst_user2,2,READ,0x200003dc000,8192
0,burst_user2,2,WRITE,0x200003de000,8192
0,burst_user2,2,READ,0x200003e0000,8192
0,burst_user2,2,READ,0x200003e2000,8192
0,burst_user2,2,WRITE,0x200003e4000,8192
0,burst_user2,2,READ,0x200003e6000,8192
0,burst_user2,2,READ,0x200003e8000,8192
0,burst_user2,2,WRITE,0x200003ea000,8192
0,burst_user2,2,READ,0x200003ec000,8192
0,burst_user2,2,READ,0x200003ee000,8192
0,burst_user2,2,WRITE,0x200003f0000,8192
0,burst_user2,2,READ,0x200003f2000,8192
0,burst_user2,2,READ,0x200003f4000,8192
0,burst_user2,2,WRITE,0x200003f6000,8192
0,burst_user2,2,READ,0x200003f8000,8192
0,burst_user2,2,READ,0x200003fa000,8192
0,burst_user2,2,WRITE,0x200003fc000,8192
0,burst_user2,2,READ,0x200003fe000,8192
0,burst_user2,2,READ,0x20000400000,8192
0,burst_user2,2,WRITE,0x20000402000,8192
0,burst_user2,2,READ,0x20000404000,8192
0,burst_user2,2,READ,0x20000406000,8192
0,burst_user2,2,WRITE,0x20000408000,8192
0,burst_user2,2,READ,0x2000040a000,8192
0,burst_user2,2,READ,0x2000040c000,8192
0,burst_user2,2,WRITE,0x2000040e000,8192
0,burst_user2,2,READ,0x20000410000,8192
0,burst_user2,2,READ,0x20000412000,8192
0,burst_user2,2,WRITE,0x20000414000,8192
0,burst_user2,2,READ,0x20000416000,8192
0,burst_user2,2,READ,0x20000418000,8192
0,burst_user2,2,WRITE,0x2000041a000,8192
0,burst_user2,2,READ,0x2000041c000,8192
0,burst_user2,2,READ,0x2000041e000,8192
0,burst_user2,2,WRITE,0x20000420000,8192
0,burst_user2,2,READ,0x20000422000,8192
0,burst_user2,2,READ,0x20000424000,8192
0,burst_user2,2,WRITE,0x20000426000,8192
0,burst_user2,2,READ,0x20000428000,8192
0,burst_user2,2,READ,0x2000042a000,8192
0,burst_user2,2,WRITE,0x2000042c000,8192
0,burst_user2,2,READ,0x2000042e000,8192
0,burst_user2,2,READ,0x20000430000,8192
0,burst_user2,2,WRITE,0x20000432000,8192
0,burst_user2,2,READ,0x20000434000,8192
0,burst_user2,2,READ,0x20000436000,8192
0,burst_user2,2,WRITE,0x20000438000,8192
0,burst_user2,2,READ,0x2000043a000,8192
0,burst_user2,2,READ,0x2000043c000,8192
0,burst_user2,2,WRITE,0x2000043e000,8192
0,burst_user2,2,READ,0x20000440000,8192
0,burst_user2,2,READ,0x20000442000,8192
0,burst_user2,2,WRITE,0x20000444000,8192
0,burst_user2,2,READ,0x20000446000,8192
0,burst_user2,2,READ,0x20000448000,8192
0,burst_user2,2,WRITE,0x2000044a000,8192
0,burst_user2,2,READ,0x2000044c000,8192
0,burst_user2,2,READ,0x2000044e000,8192
0,burst_user2,2,WRITE,0x20000450000,8192
0,burst_user2,2,READ,0x20000452000,8192
0,burst_user2,2,READ,0x20000454000,8192
0,burst_user2,2,WRITE,0x20000456000,8192
0,burst_user2,2,READ,0x20000458000,8192
0,burst_user2,2,READ,0x2000045a000,8192
0,burst_user2,2,WRITE,0x2000045c000,8192
0,burst_user2,2,READ,0x2000045e000,8192
0,burst_user2,2,READ,0x20000460000,8192
0,burst_user2,2,WRITE,0x20000462000,8192
0,burst_user2,2,READ,0x20000464000,8192
0,burst_user2,2,READ,0x20000466000,8192
0,burst_user2,2,WRITE,0x20000468000,8192
0,burst_user2,2,READ,0x2000046a000,8192
0,burst_user2,2,READ,0x2000046c000,8192
0,burst_user2,2,WRITE,0x2000046e000,8192
0,burst_user2,2,READ,0x20000470000,8192
0,burst_user2,2,READ,0x20000472000,8192
0,burst_user2,2,WRITE,0x20000474000,8192
0,burst_user2,2,READ,0x20000476000,8192
0,burst_user2,2,READ,0x20000478000,8192
0,burst_user2,2,WRITE,0x2000047a000,8192
0,burst_user2,2,READ,0x2000047c000,8192
0,burst_user2,2,READ,0x2000047e000,8192
0,burst_user2,2,WRITE,0x20000480000,8192
0,burst_user2,2,READ,0x20000482000,8192
0,burst_user2,2,READ,0x20000484000,8192
0,burst_user2,2,WRITE,0x20000486000,8192
0,burst_user2,2,READ,0x20000488000,8192
0,burst_user2,2,READ,0x2000048a000,8192
0,burst_user2,2,WRITE,0x2000048c000,8192
0,burst_user2,2,READ,0x2000048e000,8192
0,burst_user2,2,READ,0x20000490000,8192
0,burst_user2,2,WRITE,0x20000492000,8192
0,burst_user2,2,READ,0x20000494000,8192
0,burst_user2,2,READ,0x20000496000,8192
0,burst_user2,2,WRITE,0x20000498000,8192
0,burst_user2,2,READ,0x2000049a000,8192
0,burst_user2,2,READ,0x2000049c000,8192
0,burst_user2,2,WRITE,0x2000049e000,8192
0,burst_user2,2,READ,0x200004a0000,8192
0,burst_user2,2,READ,0x200004a2000,8192
0,burst_user2,2,WRITE,0x200004a4000,8192
0,burst_user2,2,READ,0x200004a6000,8192
0,burst_user2,2,READ,0x200004a8000,8192
0,burst_user2,2,WRITE,0x200004aa000,8192
0,burst_user2,2,READ,0x200004ac000,8192
0,burst_user2,2,READ,0x200004ae000,8192
0,burst_user2,2,WRITE,0x200004b0000,8192
0,burst_user2,2,READ,0x200004b2000,8192
0,burst_user2,2,READ,0x200004b4000,8192
0,burst_user2,2,WRITE,0x200004b6000,8192
0,burst_user2,2,READ,0x200004b8000,8192
0,burst_user2,2,READ,0x200004ba000,8192
0,burst_user2,2,WRITE,0x200004bc000,8192
0,burst_user2,2,READ,0x200004be000,8192
0,burst_user2,2,READ,0x200004c0000,8192
0,burst_user2,2,WRITE,0x200004c2000,8192
0,burst_user2,2,READ,0x200004c4000,8192
0,burst_user2,2,READ,0x200004c6000,8192
0,burst_user2,2,WRITE,0x200004c8000,8192
0,burst_user2,2,READ,0x200004ca000,8192
0,burst_user2,2,READ,0x200004cc000,8192
0,burst_user2,2,WRITE,0x200004ce000,8192
0,burst_user2,2,READ,0x200004d0000,8192
0,burst_user2,2,READ,0x200004d2000,8192
0,burst_user2,2,WRITE,0x200004d4000,8192
0,burst_user2,2,READ,0x200004d6000,8192
0,burst_user2,2,READ,0x200004d8000,8192
0,burst_user2,2,WRITE,0x200004da000,8192
0,burst_user2,2,READ,0x200004dc000,8192
0,burst_user2,2,READ,0x200004de000,8192
0,burst_user2,2,WRITE,0x200004e0000,8192
0,burst_user2,2,READ,0x200004e2000,8192
0,burst_user2,2,READ,0x200004e4000,8192
0,burst_user2,2,WRITE,0x200004e6000,8192
0,burst_user2,2,READ,0x200004e8000,8192
0,burst_user2,2,READ,0x200004ea000,8192
0,burst_user2,2,WRITE,0x200004ec000,8192
0,burst_user2,2,READ,0x200004ee000,8192
0,burst_user2,2,READ,0x200004f0000,8192
0,burst_user2,2,WRITE,0x200004f2000,8192
0,burst_user2,2,READ,0x200004f4000,8192
0,burst_user2,2,READ,0x200004f6000,8192
0,burst_user2,2,WRITE,0x200004f8000,8192
0,burst_user2,2,READ,0x200004fa000,8192
0,burst_user2,2,READ,0x200004fc000,8192
0,burst_user2,2,WRITE,0x200004fe000,8192
0,burst_user2,2,READ,0x20000500000,8192
0,burst_user2,2,READ,0x20000502000,8192
0,burst_user2,2,WRITE,0x20000504000,8192
0,burst_user2,2,READ,0x20000506000,8192
0,burst_user2,2,READ,0x20000508000,8192
0,burst_user2,2,WRITE,0x2000050a000,8192
0,burst_user2,2,READ,0x2000050c000,8192
0,burst_user2,2,READ,0x2000050e000,8192
0,burst_user2,2,WRITE,0x20000510000,8192
0,burst_user2,2,READ,0x20000512000,8192
0,burst_user2,2,READ,0x20000514000,8192
0,burst_user2,2,WRITE,0x20000516000,8192
0,burst_user2,2,READ,0x20000518000,8192
0,burst_user2,2,READ,0x2000051a000,8192
0,burst_user2,2,WRITE,0x2000051c000,8192
0,burst_user2,2,READ,0x2000051e000,8192
0,burst_user2,2,READ,0x20000520000,8192
0,burst_user2,2,WRITE,0x20000522000,8192
0,burst_user2,2,READ,0x20000524000,8192
0,burst_user2,2,READ,0x20000526000,8192
0,burst_user2,2,WRITE,0x20000528000,8192
0,burst_user2,2,READ,0x2000052a000,8192
0,burst_user2,2,READ,0x2000052c000,8192
0,burst_user2,2,WRITE,0x2000052e000,8192
0,burst_user2,2,READ,0x20000530000,8192
0,burst_user2,2,READ,0x20000532000,8192
0,burst_user2,2,WRITE,0x20000534000,8192
0,burst_user2,2,READ,0x20000536000,8192
0,burst_user2,2,READ,0x20000538000,8192
0,burst_user2,2,WRITE,0x2000053a000,8192
0,burst_user2,2,READ,0x2000053c000,8192
0,burst_user2,2,READ,0x2000053e000,8192
0,burst_user2,2,WRITE,0x20000540000,8192
0,burst_user2,2,READ,0x20000542000,8192
0,burst_user2,2,READ,0x20000544000,8192
0,burst_user2,2,WRITE,0x20000546000,8192
0,burst_user2,2,READ,0x20000548000,8192
0,burst_user2,2,READ,0x2000054a000,8192
0,burst_user2,2,WRITE,0x2000054c000,8192
0,burst_user2,2,READ,0x2000054e000,8192
0,burst_user2,2,READ,0x20000550000,8192
0,burst_user2,2,WRITE,0x20000552000,8192
0,burst_user2,2,READ,0x20000554000,8192
0,burst_user2,2,READ,0x20000556000,8192
0,burst_user2,2,WRITE,0x20000558000,8192
0,burst_user2,2,READ,0x2000055a000,8192
0,burst_user2,2,READ,0x2000055c000,8192
0,burst_user2,2,WRITE,0x2000055e000,8192
0,burst_user2,2,READ,0x20000560000,8192
0,burst_user2,2,READ,0x20000562000,8192
0,burst_user2,2,WRITE,0x20000564000,8192
0,burst_user2,2,READ,0x20000566000,8192
0,burst_user2,2,READ,0x20000568000,8192
0,burst_user2,2,WRITE,0x2000056a000,8192
0,burst_user2,2,READ,0x2000056c000,8192
0,burst_user2,2,READ,0x2000056e000,8192
0,burst_user2,2,WRITE,0x20000570000,8192
0,burst_user2,2,READ,0x20000572000,8192
0,burst_user2,2,READ,0x20000574000,8192
0,burst_user2,2,WRITE,0x20000576000,8192
0,burst_user2,2,READ,0x20000578000,8192
0,burst_user2,2,READ,0x2000057a000,8192
0,burst_user2,2,WRITE,0x2000057c000,8192
0,burst_user2,2,READ,0x2000057e000,8192
0,burst_user2,2,READ,0x20000580000,8192
0,burst_user2,2,WRITE,0x20000582000,8192
0,burst_user2,2,READ,0x20000584000,8192
0,burst_user2,2,READ,0x20000586000,8192
0,burst_user2,2,WRITE,0x20000588000,8192
0,burst_user2,2,READ,0x2000058a000,8192
0,burst_user2,2,READ,0x2000058c000,8192
0,burst_user2,2,WRITE,0x2000058e000,8192
0,burst_user2,2,READ,0x20000590000,8192
0,burst_user2,2,READ,0x20000592000,8192
0,burst_user2,2,WRITE,0x20000594000,8192
0,burst_user2,2,READ,0x20000596000,8192
0,burst_user2,2,READ,0x20000598000,8192
0,burst_user2,2,WRITE,0x2000059a000,8192
0,burst_user2,2,READ,0x2000059c000,8192
0,burst_user2,2,READ,0x2000059e000,8192
0,burst_user2,2,WRITE,0x200005a0000,8192
0,burst_user2,2,READ,0x200005a2000,8192
0,burst_user2,2,READ,0x200005a4000,8192
0,burst_user2,2,WRITE,0x200005a6000,8192
0,burst_user2,2,READ,0x200005a8000,8192
0,burst_user2,2,READ,0x200005aa000,8192
0,burst_user2,2,WRITE,0x200005ac000,8192
0,burst_user2,2,READ,0x200005ae000,8192
0,burst_user2,2,READ,0x200005b0000,8192
0,burst_user2,2,WRITE,0x200005b2000,8192
0,burst_user2,2,READ,0x200005b4000,8192
0,burst_user2,2,READ,0x200005b6000,8192
0,burst_user2,2,WRITE,0x200005b8000,8192
0,burst_user2,2,READ,0x200005ba000,8192
0,burst_user2,2,READ,0x200005bc000,8192
0,burst_user2,2,WRITE,0x200005be000,8192
0,burst_user2,2,READ,0x200005c0000,8192
0,burst_user2,2,READ,0x200005c2000,8192
0,burst_user2,2,WRITE,0x200005c4000,8192
0,burst_user2,2,READ,0x200005c6000,8192
0,burst_user2,2,READ,0x200005c8000,8192
0,burst_user2,2,WRITE,0x200005ca000,8192
0,burst_user2,2,READ,0x200005cc000,8192
0,burst_user2,2,READ,0x200005ce000,8192
0,burst_user2,2,WRITE,0x200005d0000,8192
0,burst_user2,2,READ,0x200005d2000,8192
0,burst_user2,2,READ,0x200005d4000,8192
0,burst_user2,2,WRITE,0x200005d6000,8192
0,burst_user2,2,READ,0x200005d8000,8192
0,burst_user2,2,READ,0x200005da000,8192
0,burst_user2,2,WRITE,0x200005dc000,8192
0,burst_user2,2,READ,0x200005de000,8192
0,burst_user2,2,READ,0x200005e0000,8192
0,burst_user2,2,WRITE,0x200005e2000,8192
0,burst_user2,2,READ,0x200005e4000,8192
0,burst_user2,2,READ,0x200005e6000,8192
0,burst_user2,2,WRITE,0x200005e8000,8192
0,burst_user2,2,READ,0x200005ea000,8192
0,burst_user2,2,READ,0x200005ec000,8192
0,burst_user2,2,WRITE,0x200005ee000,8192
0,burst_user2,2,READ,0x200005f0000,8192
0,burst_user2,2,READ,0x200005f2000,8192
0,burst_user2,2,WRITE,0x200005f4000,8192
0,burst_user2,2,READ,0x200005f6000,8192
0,burst_user2,2,READ,0x200005f8000,8192
0,burst_user2,2,WRITE,0x200005fa000,8192
0,burst_user2,2,READ,0x200005fc000,8192
0,burst_user2,2,READ,0x200005fe000,8192
0,burst_user2,2,WRITE,0x20000600000,8192
0,burst_user2,2,READ,0x20000602000,8192
0,burst_user2,2,READ,0x20000604000,8192
0,burst_user2,2,WRITE,0x20000606000,8192
0,burst_user2,2,READ,0x20000608000,8192
0,burst_user2,2,READ,0x2000060a000,8192
0,burst_user2,2,WRITE,0x2000060c000,8192
0,burst_user2,2,READ,0x2000060e000,8192
0,burst_user2,2,READ,0x20000610000,8192
0,burst_user2,2,WRITE,0x20000612000,8192
0,burst_user2,2,READ,0x20000614000,8192
0,burst_user2,2,READ,0x20000616000,8192
0,burst_user2,2,WRITE,0x20000618000,8192
0,burst_user2,2,READ,0x2000061a000,8192
0,burst_user2,2,READ,0x2000061c000,8192
0,burst_user2,2,WRITE,0x2000061e000,8192
0,burst_user2,2,READ,0x20000620000,8192
0,burst_user2,2,READ,0x20000622000,8192
0,burst_user2,2,WRITE,0x20000624000,8192
0,burst_user2,2,READ,0x20000626000,8192
0,burst_user2,2,READ,0x20000628000,8192
0,burst_user2,2,WRITE,0x2000062a000,8192
0,burst_user2,2,READ,0x2000062c000,8192
0,burst_user2,2,READ,0x2000062e000,8192
0,burst_user2,2,WRITE,0x20000630000,8192
0,burst_user2,2,READ,0x20000632000,8192
0,burst_user2,2,READ,0x20000634000,8192
0,burst_user2,2,WRITE,0x20000636000,8192
0,burst_user2,2,READ,0x20000638000,8192
0,burst_user2,2,READ,0x2000063a000,8192
0,burst_user2,2,WRITE,0x2000063c000,8192
0,burst_user2,2,READ,0x2000063e000,8192
0,burst_user2,2,READ,0x20000640000,8192
0,burst_user2,2,WRITE,0x20000642000,8192
0,burst_user2,2,READ,0x20000644000,8192
0,burst_user2,2,READ,0x20000646000,8192
0,burst_user2,2,WRITE,0x20000648000,8192
0,burst_user2,2,READ,0x2000064a000,8192
0,burst_user2,2,READ,0x2000064c000,8192
0,burst_user2,2,WRITE,0x2000064e000,8192
0,burst_user2,2,READ,0x20000650000,8192
0,burst_user2,2,READ,0x20000652000,8192
0,burst_user2,2,WRITE,0x20000654000,8192
0,burst_user2,2,READ,0x20000656000,8192
0,burst_user2,2,READ,0x20000658000,8192
0,burst_user2,2,WRITE,0x2000065a000,8192
0,burst_user2,2,READ,0x2000065c000,8192
0,burst_user2,2,READ,0x2000065e000,8192
0,burst_user2,2,WRITE,0x20000660000,8192
0,burst_user2,2,READ,0x20000662000,8192
0,burst_user2,2,READ,0x20000664000,8192
0,burst_user2,2,WRITE,0x20000666000,8192
0,burst_user2,2,READ,0x20000668000,8192
0,burst_user2,2,READ,0x2000066a000,8192
0,burst_user2,2,WRITE,0x2000066c000,8192
0,burst_user2,2,READ,0x2000066e000,8192
0,burst_user2,2,READ,0x20000670000,8192
0,burst_user2,2,WRITE,0x20000672000,8192
0,burst_user2,2,READ,0x20000674000,8192
0,burst_user2,2,READ,0x20000676000,8192
0,burst_user2,2,WRITE,0x20000678000,8192
0,burst_user2,2,READ,0x2000067a000,8192
0,burst_user2,2,READ,0x2000067c000,8192
0,burst_user2,2,WRITE,0x2000067e000,8192
0,burst_user2,2,READ,0x20000680000,8192
0,burst_user2,2,READ,0x20000682000,8192
0,burst_user2,2,WRITE,0x20000684000,8192
0,burst_user2,2,READ,0x20000686000,8192
0,burst_user2,2,READ,0x20000688000,8192
0,burst_user2,2,WRITE,0x2000068a000,8192
0,burst_user2,2,READ,0x2000068c000,8192
0,burst_user2,2,READ,0x2000068e000,8192
0,burst_user2,2,WRITE,0x20000690000,8192
0,burst_user2,2,READ,0x20000692000,8192
0,burst_user2,2,READ,0x20000694000,8192
0,burst_user2,2,WRITE,0x20000696000,8192
0,burst_user2,2,READ,0x20000698000,8192
0,burst_user2,2,READ,0x2000069a000,8192
0,burst_user2,2,WRITE,0x2000069c000,8192
0,burst_user2,2,READ,0x2000069e000,8192
0,burst_user2,2,READ,0x200006a0000,8192
0,burst_user2,2,WRITE,0x200006a2000,8192
0,burst_user2,2,READ,0x200006a4000,8192
0,burst_user2,2,READ,0x200006a6000,8192
0,burst_user2,2,WRITE,0x200006a8000,8192
0,burst_user2,2,READ,0x200006aa000,8192
0,burst_user2,2,READ,0x200006ac000,8192
0,burst_user2,2,WRITE,0x200006ae000,8192
0,burst_user2,2,READ,0x200006b0000,8192
0,burst_user2,2,READ,0x200006b2000,8192
0,burst_user2,2,WRITE,0x200006b4000,8192
0,burst_user2,2,READ,0x200006b6000,8192
0,burst_user2,2,READ,0x200006b8000,8192
0,burst_user2,2,WRITE,0x200006ba000,8192
0,burst_user2,2,READ,0x200006bc000,8192
0,burst_user2,2,READ,0x200006be000,8192
0,burst_user2,2,WRITE,0x200006c0000,8192
0,burst_user2,2,READ,0x200006c2000,8192
0,burst_user2,2,READ,0x200006c4000,8192
0,burst_user2,2,WRITE,0x200006c6000,8192
0,burst_user2,2,READ,0x200006c8000,8192
0,burst_user2,2,READ,0x200006ca000,8192
0,burst_user2,2,WRITE,0x200006cc000,8192
0,burst_user2,2,READ,0x200006ce000,8192
0,burst_user2,2,READ,0x200006d0000,8192
0,burst_user2,2,WRITE,0x200006d2000,8192
0,burst_user2,2,READ,0x200006d4000,8192
0,burst_user2,2,READ,0x200006d6000,8192
0,burst_user2,2,WRITE,0x200006d8000,8192
0,burst_user2,2,READ,0x200006da000,8192
0,burst_user2,2,READ,0x200006dc000,8192
0,burst_user2,2,WRITE,0x200006de000,8192
0,burst_user2,2,READ,0x200006e0000,8192
0,burst_user2,2,READ,0x200006e2000,8192
0,burst_user2,2,WRITE,0x200006e4000,8192
0,burst_user2,2,READ,0x200006e6000,8192
0,burst_user2,2,READ,0x200006e8000,8192
0,burst_user2,2,WRITE,0x200006ea000,8192
0,burst_user2,2,READ,0x200006ec000,8192
0,burst_user2,2,READ,0x200006ee000,8192
0,burst_user2,2,WRITE,0x200006f0000,8192
0,burst_user2,2,READ,0x200006f2000,8192
0,burst_user2,2,READ,0x200006f4000,8192
0,burst_user2,2,WRITE,0x200006f6000,8192
0,burst_user2,2,READ,0x200006f8000,8192
0,burst_user2,2,READ,0x200006fa000,8192
0,burst_user2,2,WRITE,0x200006fc000,8192
0,burst_user2,2,READ,0x200006fe000,8192
0,burst_user2,2,READ,0x20000700000,8192
0,burst_user2,2,WRITE,0x20000702000,8192
0,burst_user2,2,READ,0x20000704000,8192
0,burst_user2,2,READ,0x20000706000,8192
0,burst_user2,2,WRITE,0x20000708000,8192
0,burst_user2,2,READ,0x2000070a000,8192
0,burst_user2,2,READ,0x2000070c000,8192
0,burst_user2,2,WRITE,0x2000070e000,8192
0,burst_user2,2,READ,0x20000710000,8192
0,burst_user2,2,READ,0x20000712000,8192
0,burst_user2,2,WRITE,0x20000714000,8192
0,burst_user2,2,READ,0x20000716000,8192
0,burst_user2,2,READ,0x20000718000,8192
0,burst_user2,2,WRITE,0x2000071a000,8192
0,burst_user2,2,READ,0x2000071c000,8192
0,burst_user2,2,READ,0x2000071e000,8192
0,burst_user2,2,WRITE,0x20000720000,8192
0,burst_user2,2,READ,0x20000722000,8192
0,burst_user2,2,READ,0x20000724000,8192
0,burst_user2,2,WRITE,0x20000726000,8192
0,burst_user2,2,READ,0x20000728000,8192
0,burst_user2,2,READ,0x2000072a000,8192
0,burst_user2,2,WRITE,0x2000072c000,8192
0,burst_user2,2,READ,0x2000072e000,8192
0,burst_user2,2,READ,0x20000730000,8192
0,burst_user2,2,WRITE,0x20000732000,8192
0,burst_user2,2,READ,0x20000734000,8192
0,burst_user2,2,READ,0x20000736000,8192
0,burst_user2,2,WRITE,0x20000738000,8192
0,burst_user2,2,READ,0x2000073a000,8192
0,burst_user2,2,READ,0x2000073c000,8192
0,burst_user2,2,WRITE,0x2000073e000,8192
0,burst_user2,2,READ,0x20000740000,8192
0,burst_user2,2,READ,0x20000742000,8192
0,burst_user2,2,WRITE,0x20000744000,8192
0,burst_user2,2,READ,0x20000746000,8192
0,burst_user2,2,READ,0x20000748000,8192
0,burst_user2,2,WRITE,0x2000074a000,8192
0,burst_user2,2,READ,0x2000074c000,8192
0,burst_user2,2,READ,0x2000074e000,8192
0,burst_user2,2,WRITE,0x20000750000,8192
0,burst_user2,2,READ,0x20000752000,8192
0,burst_user2,2,READ,0x20000754000,8192
0,burst_user2,2,WRITE,0x20000756000,8192
0,burst_user2,2,READ,0x20000758000,8192
0,burst_user2,2,READ,0x2000075a000,8192
0,burst_user2,2,WRITE,0x2000075c000,8192
0,burst_user2,2,READ,0x2000075e000,8192
0,burst_user2,2,READ,0x20000760000,8192
0,burst_user2,2,WRITE,0x20000762000,8192
0,burst_user2,2,READ,0x20000764000,8192
0,burst_user2,2,READ,0x20000766000,8192
0,burst_user2,2,WRITE,0x20000768000,8192
0,burst_user2,2,READ,0x2000076a000,8192
0,burst_user2,2,READ,0x2000076c000,8192
0,burst_user2,2,WRITE,0x2000076e000,8192
0,burst_user2,2,READ,0x20000770000,8192
0,burst_user2,2,READ,0x20000772000,8192
0,burst_user2,2,WRITE,0x20000774000,8192
0,burst_user2,2,READ,0x20000776000,8192
0,burst_user2,2,READ,0x20000778000,8192
0,burst_user2,2,WRITE,0x2000077a000,8192
0,burst_user2,2,READ,0x2000077c000,8192
0,burst_user2,2,READ,0x2000077e000,8192
0,burst_user2,2,WRITE,0x20000780000,8192
0,burst_user2,2,READ,0x20000782000,8192
0,burst_user2,2,READ,0x20000784000,8192
0,burst_user2,2,WRITE,0x20000786000,8192
0,burst_user2,2,READ,0x20000788000,8192
0,burst_user2,2,READ,0x2000078a000,8192
0,burst_user2,2,WRITE,0x2000078c000,8192
0,burst_user2,2,READ,0x2000078e000,8192
0,burst_user2,2,READ,0x20000790000,8192
0,burst_user2,2,WRITE,0x20000792000,8192
0,burst_user2,2,READ,0x20000794000,8192
0,burst_user2,2,READ,0x20000796000,8192
0,burst_user2,2,WRITE,0x20000798000,8192
0,burst_user2,2,READ,0x2000079a000,8192
0,burst_user2,2,READ,0x2000079c000,8192
0,burst_user2,2,WRITE,0x2000079e000,8192
0,burst_user2,2,READ,0x200007a0000,8192
0,burst_user2,2,READ,0x200007a2000,8192
0,burst_user2,2,WRITE,0x200007a4000,8192
0,burst_user2,2,READ,0x200007a6000,8192
0,burst_user2,2,READ,0x200007a8000,8192
0,burst_user2,2,WRITE,0x200007aa000,8192
0,burst_user2,2,READ,0x200007ac000,8192
0,burst_user2,2,READ,0x200007ae000,8192
0,burst_user2,2,WRITE,0x200007b0000,8192
0,burst_user2,2,READ,0x200007b2000,8192
0,burst_user2,2,READ,0x200007b4000,8192
0,burst_user2,2,WRITE,0x200007b6000,8192
0,burst_user2,2,READ,0x200007b8000,8192
0,burst_user2,2,READ,0x200007ba000,8192
0,burst_user2,2,WRITE,0x200007bc000,8192
0,burst_user2,2,READ,0x200007be000,8192
0,burst_user2,2,READ,0x200007c0000,8192
0,burst_user2,2,WRITE,0x200007c2000,8192
0,burst_user2,2,READ,0x200007c4000,8192
0,burst_user2,2,READ,0x200007c6000,8192
0,burst_user2,2,WRITE,0x200007c8000,8192
0,burst_user2,2,READ,0x200007ca000,8192
0,burst_user2,2,READ,0x200007cc000,8192
0,burst_user2,2,WRITE,0x200007ce000,8192
0,burst_user2,2,READ,0x200007d0000,8192
0,burst_user2,2,READ,0x200007d2000,8192
0,burst_user2,2,WRITE,0x200007d4000,8192
0,burst_user2,2,READ,0x200007d6000,8192
0,burst_user2,2,READ,0x200007d8000,8192
0,burst_user2,2,WRITE,0x200007da000,8192
0,burst_user2,2,READ,0x200007dc000,8192
0,burst_user2,2,READ,0x200007de000,8192
0,burst_user2,2,WRITE,0x200007e0000,8192
0,burst_user2,2,READ,0x200007e2000,8192
0,burst_user2,2,READ,0x200007e4000,8192
0,burst_user2,2,WRITE,0x200007e6000,8192
0,burst_user2,2,READ,0x200007e8000,8192
0,burst_user2,2,READ,0x200007ea000,8192
0,burst_user2,2,WRITE,0x200007ec000,8192
0,burst_user2,2,READ,0x200007ee000,8192
0,burst_user2,2,READ,0x200007f0000,8192
0,burst_user2,2,WRITE,0x200007f2000,8192
0,burst_user2,2,READ,0x200007f4000,8192
0,burst_user2,2,READ,0x200007f6000,8192
0,burst_user2,2,WRITE,0x200007f8000,8192
0,burst_user2,2,READ,0x200007fa000,8192
0,burst_user2,2,READ,0x200007fc000,8192
0,burst_user2,2,WRITE,0x200007fe000,8192
0,burst_user2,2,READ,0x20000800000,8192
0,burst_user2,2,READ,0x20000802000,8192
0,burst_user2,2,WRITE,0x20000804000,8192
0,burst_user2,2,READ,0x20000806000,8192
0,burst_user2,2,READ,0x20000808000,8192
0,burst_user2,2,WRITE,0x2000080a000,8192
0,burst_user2,2,READ,0x2000080c000,8192
0,burst_user2,2,READ,0x2000080e000,8192
0,burst_user2,2,WRITE,0x20000810000,8192
0,burst_user2,2,READ,0x20000812000,8192
0,burst_user2,2,READ,0x20000814000,8192
0,burst_user2,2,WRITE,0x20000816000,8192
0,burst_user2,2,READ,0x20000818000,8192
0,burst_user2,2,READ,0x2000081a000,8192
0,burst_user2,2,WRITE,0x2000081c000,8192
0,burst_user2,2,READ,0x2000081e000,8192
0,burst_user2,2,READ,0x20000820000,8192
0,burst_user2,2,WRITE,0x20000822000,8192
0,burst_user2,2,READ,0x20000824000,8192
0,burst_user2,2,READ,0x20000826000,8192
0,burst_user2,2,WRITE,0x20000828000,8192
0,burst_user2,2,READ,0x2000082a000,8192
0,burst_user2,2,READ,0x2000082c000,8192
0,burst_user2,2,WRITE,0x2000082e000,8192
0,burst_user2,2,READ,0x20000830000,8192
0,burst_user2,2,READ,0x20000832000,8192
0,burst_user2,2,WRITE,0x20000834000,8192
0,burst_user2,2,READ,0x20000836000,8192
0,burst_user2,2,READ,0x20000838000,8192
0,burst_user2,2,WRITE,0x2000083a000,8192
0,burst_user2,2,READ,0x2000083c000,8192
0,burst_user2,2,READ,0x2000083e000,8192
0,burst_user2,2,WRITE,0x20000840000,8192
0,burst_user2,2,READ,0x20000842000,8192
0,burst_user2,2,READ,0x20000844000,8192
0,burst_user2,2,WRITE,0x20000846000,8192
0,burst_user2,2,READ,0x20000848000,8192
0,burst_user2,2,READ,0x2000084a000,8192
0,burst_user2,2,WRITE,0x2000084c000,8192
0,burst_user2,2,READ,0x2000084e000,8192
0,burst_user2,2,READ,0x20000850000,8192
0,burst_user2,2,WRITE,0x20000852000,8192
0,burst_user2,2,READ,0x20000854000,8192
0,burst_user2,2,READ,0x20000856000,8192
0,burst_user2,2,WRITE,0x20000858000,8192
0,burst_user2,2,READ,0x2000085a000,8192
0,burst_user2,2,READ,0x2000085c000,8192
0,burst_user2,2,WRITE,0x2000085e000,8192
0,burst_user2,2,READ,0x20000860000,8192
0,burst_user2,2,READ,0x20000862000,8192
0,burst_user2,2,WRITE,0x20000864000,8192
0,burst_user2,2,READ,0x20000866000,8192
0,burst_user2,2,READ,0x20000868000,8192
0,burst_user2,2,WRITE,0x2000086a000,8192
0,burst_user2,2,READ,0x2000086c000,8192
0,burst_user2,2,READ,0x2000086e000,8192
0,burst_user2,2,WRITE,0x20000870000,8192
0,burst_user2,2,READ,0x20000872000,8192
0,burst_user2,2,READ,0x20000874000,8192
0,burst_user2,2,WRITE,0x20000876000,8192
0,burst_user2,2,READ,0x20000878000,8192
0,burst_user2,2,READ,0x2000087a000,8192
0,burst_user2,2,WRITE,0x2000087c000,8192
0,burst_user2,2,READ,0x2000087e000,8192
0,burst_user2,2,READ,0x20000880000,8192
0,burst_user2,2,WRITE,0x20000882000,8192
0,burst_user2,2,READ,0x20000884000,8192
0,burst_user2,2,READ,0x20000886000,8192
0,burst_user2,2,WRITE,0x20000888000,8192
0,burst_user2,2,READ,0x2000088a000,8192
0,burst_user2,2,READ,0x2000088c000,8192
0,burst_user2,2,WRITE,0x2000088e000,8192
0,burst_user2,2,READ,0x20000890000,8192
0,burst_user2,2,READ,0x20000892000,8192
0,burst_user2,2,WRITE,0x20000894000,8192
0,burst_user2,2,READ,0x20000896000,8192
0,burst_user2,2,READ,0x20000898000,8192
0,burst_user2,2,WRITE,0x2000089a000,8192
0,burst_user2,2,READ,0x2000089c000,8192
0,burst_user2,2,READ,0x2000089e000,8192
0,burst_user2,2,WRITE,0x200008a0000,8192
0,burst_user2,2,READ,0x200008a2000,8192
0,burst_user2,2,READ,0x200008a4000,8192
0,burst_user2,2,WRITE,0x200008a6000,8192
0,burst_user2,2,READ,0x200008a8000,8192
0,burst_user2,2,READ,0x200008aa000,8192
0,burst_user2,2,WRITE,0x200008ac000,8192
0,burst_user2,2,READ,0x200008ae000,8192
0,burst_user2,2,READ,0x200008b0000,8192
0,burst_user2,2,WRITE,0x200008b2000,8192
0,burst_user2,2,READ,0x200008b4000,8192
0,burst_user2,2,READ,0x200008b6000,8192
0,burst_user2,2,WRITE,0x200008b8000,8192
0,burst_user2,2,READ,0x200008ba000,8192
0,burst_user2,2,READ,0x200008bc000,8192
0,burst_user2,2,WRITE,0x200008be000,8192
0,burst_user2,2,READ,0x200008c0000,8192
0,burst_user2,2,READ,0x200008c2000,8192
0,burst_user2,2,WRITE,0x200008c4000,8192
0,burst_user2,2,READ,0x200008c6000,8192
0,burst_user2,2,READ,0x200008c8000,8192
0,burst_user2,2,WRITE,0x200008ca000,8192
0,burst_user2,2,READ,0x200008cc000,8192
0,burst_user2,2,READ,0x200008ce000,8192
0,burst_user2,2,WRITE,0x200008d0000,8192
0,burst_user2,2,READ,0x200008d2000,8192
0,burst_user2,2,READ,0x200008d4000,8192
0,burst_user2,2,WRITE,0x200008d6000,8192
0,burst_user2,2,READ,0x200008d8000,8192
0,burst_user2,2,READ,0x200008da000,8192
0,burst_user2,2,WRITE,0x200008dc000,8192
0,burst_user2,2,READ,0x200008de000,8192
0,burst_user2,2,READ,0x200008e0000,8192
0,burst_user2,2,WRITE,0x200008e2000,8192
0,burst_user2,2,READ,0x200008e4000,8192
0,burst_user2,2,READ,0x200008e6000,8192
0,burst_user2,2,WRITE,0x200008e8000,8192
0,burst_user2,2,READ,0x200008ea000,8192
0,burst_user2,2,READ,0x200008ec000,8192
0,burst_user2,2,WRITE,0x200008ee000,8192
0,burst_user2,2,READ,0x200008f0000,8192
0,burst_user2,2,READ,0x200008f2000,8192
0,burst_user2,2,WRITE,0x200008f4000,8192
0,burst_user2,2,READ,0x200008f6000,8192
0,burst_user2,2,READ,0x200008f8000,8192
0,burst_user2,2,WRITE,0x200008fa000,8192
0,burst_user2,2,READ,0x200008fc000,8192
0,burst_user2,2,READ,0x200008fe000,8192
0,burst_user2,2,WRITE,0x20000900000,8192
0,burst_user2,2,READ,0x20000902000,8192
0,burst_user2,2,READ,0x20000904000,8192
0,burst_user2,2,WRITE,0x20000906000,8192
0,burst_user2,2,READ,0x20000908000,8192
0,burst_user2,2,READ,0x2000090a000,8192
0,burst_user2,2,WRITE,0x2000090c000,8192
0,burst_user2,2,READ,0x2000090e000,8192
0,burst_user2,2,READ,0x20000910000,8192
0,burst_user2,2,WRITE,0x20000912000,8192
0,burst_user2,2,READ,0x20000914000,8192
0,burst_user2,2,READ,0x20000916000,8192
0,burst_user2,2,WRITE,0x20000918000,8192
0,burst_user2,2,READ,0x2000091a000,8192
0,burst_user2,2,READ,0x2000091c000,8192
0,burst_user2,2,WRITE,0x2000091e000,8192
0,burst_user2,2,READ,0x20000920000,8192
0,burst_user2,2,READ,0x20000922000,8192
0,burst_user2,2,WRITE,0x20000924000,8192
0,burst_user2,2,READ,0x20000926000,8192
0,burst_user2,2,READ,0x20000928000,8192
0,burst_user2,2,WRITE,0x2000092a000,8192
0,burst_user2,2,READ,0x2000092c000,8192
0,burst_user2,2,READ,0x2000092e000,8192
0,burst_user2,2,WRITE,0x20000930000,8192
0,burst_user2,2,READ,0x20000932000,8192
0,burst_user2,2,READ,0x20000934000,8192
0,burst_user2,2,WRITE,0x20000936000,8192
0,burst_user2,2,READ,0x20000938000,8192
0,burst_user2,2,READ,0x2000093a000,8192
0,burst_user2,2,WRITE,0x2000093c000,8192
0,burst_user2,2,READ,0x2000093e000,8192
0,burst_user2,2,READ,0x20000940000,8192
0,burst_user2,2,WRITE,0x20000942000,8192
0,burst_user2,2,READ,0x20000944000,8192
0,burst_user2,2,READ,0x20000946000,8192
0,burst_user2,2,WRITE,0x20000948000,8192
0,burst_user2,2,READ,0x2000094a000,8192
0,burst_user2,2,READ,0x2000094c000,8192
0,burst_user2,2,WRITE,0x2000094e000,8192
0,burst_user2,2,READ,0x20000950000,8192
0,burst_user2,2,READ,0x20000952000,8192
0,burst_user2,2,WRITE,0x20000954000,8192
0,burst_user2,2,READ,0x20000956000,8192
0,burst_user2,2,READ,0x20000958000,8192
0,burst_user2,2,WRITE,0x2000095a000,8192
0,burst_user2,2,READ,0x2000095c000,8192
0,burst_user2,2,READ,0x2000095e000,8192
0,burst_user2,2,WRITE,0x20000960000,8192
0,burst_user2,2,READ,0x20000962000,8192
0,burst_user2,2,READ,0x20000964000,8192
0,burst_user2,2,WRITE,0x20000966000,8192
0,burst_user2,2,READ,0x20000968000,8192
0,burst_user2,2,READ,0x2000096a000,8192
0,burst_user2,2,WRITE,0x2000096c000,8192
0,burst_user2,2,READ,0x2000096e000,8192
0,burst_user2,2,READ,0x20000970000,8192
0,burst_user2,2,WRITE,0x20000972000,8192
0,burst_user2,2,READ,0x20000974000,8192
0,burst_user2,2,READ,0x20000976000,8192
0,burst_user2,2,WRITE,0x20000978000,8192
0,burst_user2,2,READ,0x2000097a000,8192
0,burst_user2,2,READ,0x2000097c000,8192
0,burst_user2,2,WRITE,0x2000097e000,8192
0,burst_user2,2,READ,0x20000980000,8192
0,burst_user2,2,READ,0x20000982000,8192
0,burst_user2,2,WRITE,0x20000984000,8192
0,burst_user2,2,READ,0x20000986000,8192
0,burst_user2,2,READ,0x20000988000,8192
0,burst_user2,2,WRITE,0x2000098a000,8192
0,burst_user2,2,READ,0x2000098c000,8192
0,burst_user2,2,READ,0x2000098e000,8192
0,burst_user2,2,WRITE,0x20000990000,8192
0,burst_user2,2,READ,0x20000992000,8192
0,burst_user2,2,READ,0x20000994000,8192
0,burst_user2,2,WRITE,0x20000996000,8192
0,burst_user2,2,READ,0x20000998000,8192
0,burst_user2,2,READ,0x2000099a000,8192
0,burst_user2,2,WRITE,0x2000099c000,8192
0,burst_user2,2,READ,0x2000099e000,8192
0,burst_user2,2,READ,0x200009a0000,8192
0,burst_user2,2,WRITE,0x200009a2000,8192
0,burst_user2,2,READ,0x200009a4000,8192
0,burst_user2,2,READ,0x200009a6000,8192
0,burst_user2,2,WRITE,0x200009a8000,8192
0,burst_user2,2,READ,0x200009aa000,8192
0,burst_user2,2,READ,0x200009ac000,8192
0,burst_user2,2,WRITE,0x200009ae000,8192
0,burst_user2,2,READ,0x200009b0000,8192
0,burst_user2,2,READ,0x200009b2000,8192
0,burst_user2,2,WRITE,0x200009b4000,8192
0,burst_user2,2,READ,0x200009b6000,8192
0,burst_user2,2,READ,0x200009b8000,8192
0,burst_user2,2,WRITE,0x200009ba000,8192
0,burst_user2,2,READ,0x200009bc000,8192
0,burst_user2,2,READ,0x200009be000,8192
0,burst_user2,2,WRITE,0x200009c0000,8192
0,burst_user2,2,READ,0x200009c2000,8192
0,burst_user2,2,READ,0x200009c4000,8192
0,burst_user2,2,WRITE,0x200009c6000,8192
0,burst_user2,2,READ,0x200009c8000,8192
0,burst_user2,2,READ,0x200009ca000,8192
0,burst_user2,2,WRITE,0x200009cc000,8192
0,burst_user2,2,READ,0x200009ce000,8192
0,burst_user2,2,READ,0x200009d0000,8192
0,burst_user2,2,WRITE,0x200009d2000,8192
0,burst_user2,2,READ,0x200009d4000,8192
0,burst_user2,2,READ,0x200009d6000,8192
0,burst_user2,2,WRITE,0x200009d8000,8192
0,burst_user2,2,READ,0x200009da000,8192
0,burst_user2,2,READ,0x200009dc000,8192
0,burst_user2,2,WRITE,0x200009de000,8192
0,burst_user2,2,READ,0x200009e0000,8192
0,burst_user2,2,READ,0x200009e2000,8192
0,burst_user2,2,WRITE,0x200009e4000,8192
0,burst_user2,2,READ,0x200009e6000,8192
0,burst_user2,2,READ,0x200009e8000,8192
0,burst_user2,2,WRITE,0x200009ea000,8192
0,burst_user2,2,READ,0x200009ec000,8192
0,burst_user2,2,READ,0x200009ee000,8192
0,burst_user2,2,WRITE,0x200009f0000,8192
0,burst_user2,2,READ,0x200009f2000,8192
0,burst_user2,2,READ,0x200009f4000,8192
0,burst_user2,2,WRITE,0x200009f6000,8192
0,burst_user2,2,READ,0x200009f8000,8192
0,burst_user2,2,READ,0x200009fa000,8192
0,burst_user2,2,WRITE,0x200009fc000,8192
0,burst_user2,2,READ,0x200009fe000,8192
0,burst_user2,2,READ,0x20000a00000,8192
0,burst_user2,2,WRITE,0x20000a02000,8192
0,burst_user2,2,READ,0x20000a04000,8192
0,burst_user2,2,READ,0x20000a06000,8192
0,burst_user2,2,WRITE,0x20000a08000,8192
0,burst_user2,2,READ,0x20000a0a000,8192
0,burst_user2,2,READ,0x20000a0c000,8192
0,burst_user2,2,WRITE,0x20000a0e000,8192
0,burst_user2,2,READ,0x20000a10000,8192
0,burst_user2,2,READ,0x20000a12000,8192
0,burst_user2,2,WRITE,0x20000a14000,8192
0,burst_user2,2,READ,0x20000a16000,8192
0,burst_user2,2,READ,0x20000a18000,8192
0,burst_user2,2,WRITE,0x20000a1a000,8192
0,burst_user2,2,READ,0x20000a1c000,8192
0,burst_user2,2,READ,0x20000a1e000,8192
0,burst_user2,2,WRITE,0x20000a20000,8192
0,burst_user2,2,READ,0x20000a22000,8192
0,burst_user2,2,READ,0x20000a24000,8192
0,burst_user2,2,WRITE,0x20000a26000,8192
0,burst_user2,2,READ,0x20000a28000,8192
0,burst_user2,2,READ,0x20000a2a000,8192
0,burst_user2,2,WRITE,0x20000a2c000,8192
0,burst_user2,2,READ,0x20000a2e000,8192
0,burst_user2,2,READ,0x20000a30000,8192
0,burst_user2,2,WRITE,0x20000a32000,8192
0,burst_user2,2,READ,0x20000a34000,8192
0,burst_user2,2,READ,0x20000a36000,8192
0,burst_user2,2,WRITE,0x20000a38000,8192
0,burst_user2,2,READ,0x20000a3a000,8192
0,burst_user2,2,READ,0x20000a3c000,8192
0,burst_user2,2,WRITE,0x20000a3e000,8192
0,burst_user2,2,READ,0x20000a40000,8192
0,burst_user2,2,READ,0x20000a42000,8192
0,burst_user2,2,WRITE,0x20000a44000,8192
0,burst_user2,2,READ,0x20000a46000,8192
0,burst_user2,2,READ,0x20000a48000,8192
0,burst_user2,2,WRITE,0x20000a4a000,8192
0,burst_user2,2,READ,0x20000a4c000,8192
0,burst_user2,2,READ,0x20000a4e000,8192
0,burst_user2,2,WRITE,0x20000a50000,8192
0,burst_user2,2,READ,0x20000a52000,8192
0,burst_user2,2,READ,0x20000a54000,8192
0,burst_user2,2,WRITE,0x20000a56000,8192
0,burst_user2,2,READ,0x20000a58000,8192
0,burst_user2,2,READ,0x20000a5a000,8192
0,burst_user2,2,WRITE,0x20000a5c000,8192
0,burst_user2,2,READ,0x20000a5e000,8192
0,burst_user2,2,READ,0x20000a60000,8192
0,burst_user2,2,WRITE,0x20000a62000,8192
0,burst_user2,2,READ,0x20000a64000,8192
0,burst_user2,2,READ,0x20000a66000,8192
0,burst_user2,2,WRITE,0x20000a68000,8192
0,burst_user2,2,READ,0x20000a6a000,8192
0,burst_user2,2,READ,0x20000a6c000,8192
0,burst_user2,2,WRITE,0x20000a6e000,8192
0,burst_user2,2,READ,0x20000a70000,8192
0,burst_user2,2,READ,0x20000a72000,8192
0,burst_user2,2,WRITE,0x20000a74000,8192
0,burst_user2,2,READ,0x20000a76000,8192
0,burst_user2,2,READ,0x20000a78000,8192
0,burst_user2,2,WRITE,0x20000a7a000,8192
0,burst_user2,2,READ,0x20000a7c000,8192
0,burst_user2,2,READ,0x20000a7e000,8192
0,burst_user2,2,WRITE,0x20000a80000,8192
0,burst_user2,2,READ,0x20000a82000,8192
0,burst_user2,2,READ,0x20000a84000,8192
0,burst_user2,2,WRITE,0x20000a86000,8192
0,burst_user2,2,READ,0x20000a88000,8192
0,burst_user2,2,READ,0x20000a8a000,8192
0,burst_user2,2,WRITE,0x20000a8c000,8192
0,burst_user2,2,READ,0x20000a8e000,8192
0,burst_user2,2,READ,0x20000a90000,8192
0,burst_user2,2,WRITE,0x20000a92000,8192
0,burst_user2,2,READ,0x20000a94000,8192
0,burst_user2,2,READ,0x20000a96000,8192
0,burst_user2,2,WRITE,0x20000a98000,8192
0,burst_user2,2,READ,0x20000a9a000,8192
0,burst_user2,2,READ,0x20000a9c000,8192
0,burst_user2,2,WRITE,0x20000a9e000,8192
0,burst_user2,2,READ,0x20000aa0000,8192
0,burst_user2,2,READ,0x20000aa2000,8192
0,burst_user2,2,WRITE,0x20000aa4000,8192
0,burst_user2,2,READ,0x20000aa6000,8192
0,burst_user2,2,READ,0x20000aa8000,8192
0,burst_user2,2,WRITE,0x20000aaa000,8192
0,burst_user2,2,READ,0x20000aac000,8192
0,burst_user2,2,READ,0x20000aae000,8192
0,burst_user2,2,WRITE,0x20000ab0000,8192
0,burst_user2,2,READ,0x20000ab2000,8192
0,burst_user2,2,READ,0x20000ab4000,8192
0,burst_user2,2,WRITE,0x20000ab6000,8192
0,burst_user2,2,READ,0x20000ab8000,8192
0,burst_user2,2,READ,0x20000aba000,8192
0,burst_user2,2,WRITE,0x20000abc000,8192
0,burst_user2,2,READ,0x20000abe000,8192
0,burst_user2,2,READ,0x20000ac0000,8192
0,burst_user2,2,WRITE,0x20000ac2000,8192
0,burst_user2,2,READ,0x20000ac4000,8192
0,burst_user2,2,READ,0x20000ac6000,8192
0,burst_user2,2,WRITE,0x20000ac8000,8192
0,burst_user2,2,READ,0x20000aca000,8192
0,burst_user2,2,READ,0x20000acc000,8192
0,burst_user2,2,WRITE,0x20000ace000,8192
0,burst_user2,2,READ,0x20000ad0000,8192
0,burst_user2,2,READ,0x20000ad2000,8192
0,burst_user2,2,WRITE,0x20000ad4000,8192
0,burst_user2,2,READ,0x20000ad6000,8192
0,burst_user2,2,READ,0x20000ad8000,8192
0,burst_user2,2,WRITE,0x20000ada000,8192
0,burst_user2,2,READ,0x20000adc000,8192
0,burst_user2,2,READ,0x20000ade000,8192
0,burst_user2,2,WRITE,0x20000ae0000,8192
0,burst_user2,2,READ,0x20000ae2000,8192
0,burst_user2,2,READ,0x20000ae4000,8192
0,burst_user2,2,WRITE,0x20000ae6000,8192
0,burst_user2,2,READ,0x20000ae8000,8192
0,burst_user2,2,READ,0x20000aea000,8192
0,burst_user2,2,WRITE,0x20000aec000,8192
0,burst_user2,2,READ,0x20000aee000,8192
0,burst_user2,2,READ,0x20000af0000,8192
0,burst_user2,2,WRITE,0x20000af2000,8192
0,burst_user2,2,READ,0x20000af4000,8192
0,burst_user2,2,READ,0x20000af6000,8192
0,burst_user2,2,WRITE,0x20000af8000,8192
0,burst_user2,2,READ,0x20000afa000,8192
0,burst_user2,2,READ,0x20000afc000,8192
0,burst_user2,2,WRITE,0x20000afe000,8192
0,burst_user2,2,READ,0x20000b00000,8192
0,burst_user2,2,READ,0x20000b02000,8192
0,burst_user2,2,WRITE,0x20000b04000,8192
0,burst_user2,2,READ,0x20000b06000,8192
0,burst_user2,2,READ,0x20000b08000,8192
0,burst_user2,2,WRITE,0x20000b0a000,8192
0,burst_user2,2,READ,0x20000b0c000,8192
0,burst_user2,2,READ,0x20000b0e000,8192
0,burst_user2,2,WRITE,0x20000b10000,8192
0,burst_user2,2,READ,0x20000b12000,8192
0,burst_user2,2,READ,0x20000b14000,8192
0,burst_user2,2,WRITE,0x20000b16000,8192
0,burst_user2,2,READ,0x20000b18000,8192
0,burst_user2,2,READ,0x20000b1a000,8192
0,burst_user2,2,WRITE,0x20000b1c000,8192
0,burst_user2,2,READ,0x20000b1e000,8192
0,burst_user2,2,READ,0x20000b20000,8192
0,burst_user2,2,WRITE,0x20000b22000,8192
0,burst_user2,2,READ,0x20000b24000,8192
0,burst_user2,2,READ,0x20000b26000,8192
0,burst_user2,2,WRITE,0x20000b28000,8192
0,burst_user2,2,READ,0x20000b2a000,8192
0,burst_user2,2,READ,0x20000b2c000,8192
0,burst_user2,2,WRITE,0x20000b2e000,8192
0,burst_user2,2,READ,0x20000b30000,8192
0,burst_user2,2,READ,0x20000b32000,8192
0,burst_user2,2,WRITE,0x20000b34000,8192
0,burst_user2,2,READ,0x20000b36000,8192
0,burst_user2,2,READ,0x20000b38000,8192
0,burst_user2,2,WRITE,0x20000b3a000,8192
0,burst_user2,2,READ,0x20000b3c000,8192
0,burst_user2,2,READ,0x20000b3e000,8192
0,burst_user2,2,WRITE,0x20000b40000,8192
0,burst_user2,2,READ,0x20000b42000,8192
0,burst_user2,2,READ,0x20000b44000,8192
0,burst_user2,2,WRITE,0x20000b46000,8192
0,burst_user2,2,READ,0x20000b48000,8192
0,burst_user2,2,READ,0x20000b4a000,8192
0,burst_user2,2,WRITE,0x20000b4c000,8192
0,burst_user2,2,READ,0x20000b4e000,8192
0,burst_user2,2,READ,0x20000b50000,8192
0,burst_user2,2,WRITE,0x20000b52000,8192
0,burst_user2,2,READ,0x20000b54000,8192
0,burst_user2,2,READ,0x20000b56000,8192
0,burst_user2,2,WRITE,0x20000b58000,8192
0,burst_user2,2,READ,0x20000b5a000,8192
0,burst_user2,2,READ,0x20000b5c000,8192
0,burst_user2,2,WRITE,0x20000b5e000,8192
0,burst_user2,2,READ,0x20000b60000,8192
0,burst_user2,2,READ,0x20000b62000,8192
0,burst_user2,2,WRITE,0x20000b64000,8192
0,burst_user2,2,READ,0x20000b66000,8192
0,burst_user2,2,READ,0x20000b68000,8192
0,burst_user2,2,WRITE,0x20000b6a000,8192
0,burst_user2,2,READ,0x20000b6c000,8192
0,burst_user2,2,READ,0x20000b6e000,8192
0,burst_user2,2,WRITE,0x20000b70000,8192
0,burst_user2,2,READ,0x20000b72000,8192
0,burst_user2,2,READ,0x20000b74000,8192
0,burst_user2,2,WRITE,0x20000b76000,8192
0,burst_user2,2,READ,0x20000b78000,8192
0,burst_user2,2,READ,0x20000b7a000,8192
0,burst_user2,2,WRITE,0x20000b7c000,8192
0,burst_user2,2,READ,0x20000b7e000,8192
0,burst_user2,2,READ,0x20000b80000,8192
0,burst_user2,2,WRITE,0x20000b82000,8192
0,burst_user2,2,READ,0x20000b84000,8192
0,burst_user2,2,READ,0x20000b86000,8192
0,burst_user2,2,WRITE,0x20000b88000,8192
0,burst_user2,2,READ,0x20000b8a000,8192
0,burst_user2,2,READ,0x20000b8c000,8192
0,burst_user2,2,WRITE,0x20000b8e000,8192
0,burst_user2,2,READ,0x20000b90000,8192
0,burst_user2,2,READ,0x20000b92000,8192
0,burst_user2,2,WRITE,0x20000b94000,8192
0,burst_user2,2,READ,0x20000b96000,8192
0,burst_user2,2,READ,0x20000b98000,8192
0,burst_user2,2,WRITE,0x20000b9a000,8192
0,burst_user2,2,READ,0x20000b9c000,8192
0,burst_user2,2,READ,0x20000b9e000,8192
0,burst_user2,2,WRITE,0x20000ba0000,8192
0,burst_user2,2,READ,0x20000ba2000,8192
0,burst_user2,2,READ,0x20000ba4000,8192
0,burst_user2,2,WRITE,0x20000ba6000,8192
0,burst_user2,2,READ,0x20000ba8000,8192
0,burst_user2,2,READ,0x20000baa000,8192
0,burst_user2,2,WRITE,0x20000bac000,8192
0,burst_user2,2,READ,0x20000bae000,8192
0,burst_user2,2,READ,0x20000bb0000,8192
0,burst_user2,2,WRITE,0x20000bb2000,8192
0,burst_user2,2,READ,0x20000bb4000,8192
0,burst_user2,2,READ,0x20000bb6000,8192
0,burst_user2,2,WRITE,0x20000bb8000,8192
0,burst_user2,2,READ,0x20000bba000,8192
0,burst_user2,2,READ,0x20000bbc000,8192
0,burst_user2,2,WRITE,0x20000bbe000,8192
0,burst_user2,2,READ,0x20000bc0000,8192
0,burst_user2,2,READ,0x20000bc2000,8192
0,burst_user2,2,WRITE,0x20000bc4000,8192
0,burst_user2,2,READ,0x20000bc6000,8192
0,burst_user2,2,READ,0x20000bc8000,8192
0,burst_user2,2,WRITE,0x20000bca000,8192
0,burst_user2,2,READ,0x20000bcc000,8192
0,burst_user2,2,READ,0x20000bce000,8192
0,burst_user2,2,WRITE,0x20000bd0000,8192
0,burst_user2,2,READ,0x20000bd2000,8192
0,burst_user2,2,READ,0x20000bd4000,8192
0,burst_user2,2,WRITE,0x20000bd6000,8192
0,burst_user2,2,READ,0x20000bd8000,8192
0,burst_user2,2,READ,0x20000bda000,8192
0,burst_user2,2,WRITE,0x20000bdc000,8192
0,burst_user2,2,READ,0x20000bde000,8192
0,burst_user2,2,READ,0x20000be0000,8192
0,burst_user2,2,WRITE,0x20000be2000,8192
0,burst_user2,2,READ,0x20000be4000,8192
0,burst_user2,2,READ,0x20000be6000,8192
0,burst_user2,2,WRITE,0x20000be8000,8192
0,burst_user2,2,READ,0x20000bea000,8192
0,burst_user2,2,READ,0x20000bec000,8192
0,burst_user2,2,WRITE,0x20000bee000,8192
0,burst_user2,2,READ,0x20000bf0000,8192
0,burst_user2,2,READ,0x20000bf2000,8192
0,burst_user2,2,WRITE,0x20000bf4000,8192
0,burst_user2,2,READ,0x20000bf6000,8192
0,burst_user2,2,READ,0x20000bf8000,8192
0,burst_user2,2,WRITE,0x20000bfa000,8192
0,burst_user2,2,READ,0x20000bfc000,8192
0,burst_user2,2,READ,0x20000bfe000,8192
0,burst_user2,2,WRITE,0x20000c00000,8192
0,burst_user2,2,READ,0x20000c02000,8192
0,burst_user2,2,READ,0x20000c04000,8192
0,burst_user2,2,WRITE,0x20000c06000,8192
0,burst_user2,2,READ,0x20000c08000,8192
0,burst_user2,2,READ,0x20000c0a000,8192
0,burst_user2,2,WRITE,0x20000c0c000,8192
0,burst_user2,2,READ,0x20000c0e000,8192
0,burst_user2,2,READ,0x20000c10000,8192
0,burst_user2,2,WRITE,0x20000c12000,8192
0,burst_user2,2,READ,0x20000c14000,8192
0,burst_user2,2,READ,0x20000c16000,8192
0,burst_user2,2,WRITE,0x20000c18000,8192
0,burst_user2,2,READ,0x20000c1a000,8192
0,burst_user2,2,READ,0x20000c1c000,8192
0,burst_user2,2,WRITE,0x20000c1e000,8192
0,burst_user2,2,READ,0x20000c20000,8192
0,burst_user2,2,READ,0x20000c22000,8192
0,burst_user2,2,WRITE,0x20000c24000,8192
0,burst_user2,2,READ,0x20000c26000,8192
0,burst_user2,2,READ,0x20000c28000,8192
0,burst_user2,2,WRITE,0x20000c2a000,8192
0,burst_user2,2,READ,0x20000c2c000,8192
0,burst_user2,2,READ,0x20000c2e000,8192
0,burst_user2,2,WRITE,0x20000c30000,8192
0,burst_user2,2,READ,0x20000c32000,8192
0,burst_user2,2,READ,0x20000c34000,8192
0,burst_user2,2,WRITE,0x20000c36000,8192
0,burst_user2,2,READ,0x20000c38000,8192
0,burst_user2,2,READ,0x20000c3a000,8192
0,burst_user2,2,WRITE,0x20000c3c000,8192
0,burst_user2,2,READ,0x20000c3e000,8192
0,burst_user2,2,READ,0x20000c40000,8192
0,burst_user2,2,WRITE,0x20000c42000,8192
0,burst_user2,2,READ,0x20000c44000,8192
0,burst_user2,2,READ,0x20000c46000,8192
0,burst_user2,2,WRITE,0x20000c48000,8192
0,burst_user2,2,READ,0x20000c4a000,8192
0,burst_user2,2,READ,0x20000c4c000,8192
0,burst_user2,2,WRITE,0x20000c4e000,8192
0,burst_user2,2,READ,0x20000c50000,8192
0,burst_user2,2,READ,0x20000c52000,8192
0,burst_user2,2,WRITE,0x20000c54000,8192
0,burst_user2,2,READ,0x20000c56000,8192
0,burst_user2,2,READ,0x20000c58000,8192
0,burst_user2,2,WRITE,0x20000c5a000,8192
0,burst_user2,2,READ,0x20000c5c000,8192
0,burst_user2,2,READ,0x20000c5e000,8192
0,burst_user2,2,WRITE,0x20000c60000,8192
0,burst_user2,2,READ,0x20000c62000,8192
0,burst_user2,2,READ,0x20000c64000,8192
0,burst_user2,2,WRITE,0x20000c66000,8192
0,burst_user2,2,READ,0x20000c68000,8192
0,burst_user2,2,READ,0x20000c6a000,8192
0,burst_user2,2,WRITE,0x20000c6c000,8192
0,burst_user2,2,READ,0x20000c6e000,8192
0,burst_user2,2,READ,0x20000c70000,8192
0,burst_user2,2,WRITE,0x20000c72000,8192
0,burst_user2,2,READ,0x20000c74000,8192
0,burst_user2,2,READ,0x20000c76000,8192
0,burst_user2,2,WRITE,0x20000c78000,8192
0,burst_user2,2,READ,0x20000c7a000,8192
0,burst_user2,2,READ,0x20000c7c000,8192
0,burst_user2,2,WRITE,0x20000c7e000,8192
0,burst_user2,2,READ,0x20000c80000,8192
0,burst_user2,2,READ,0x20000c82000,8192
0,burst_user2,2,WRITE,0x20000c84000,8192
0,burst_user2,2,READ,0x20000c86000,8192
0,burst_user2,2,READ,0x20000c88000,8192
0,burst_user2,2,WRITE,0x20000c8a000,8192
0,burst_user2,2,READ,0x20000c8c000,8192
0,burst_user2,2,READ,0x20000c8e000,8192
0,burst_user2,2,WRITE,0x20000c90000,8192
0,burst_user2,2,READ,0x20000c92000,8192
0,burst_user2,2,READ,0x20000c94000,8192
0,burst_user2,2,WRITE,0x20000c96000,8192
0,burst_user2,2,READ,0x20000c98000,8192
0,burst_user2,2,READ,0x20000c9a000,8192
0,burst_user2,2,WRITE,0x20000c9c000,8192
0,burst_user2,2,READ,0x20000c9e000,8192
0,burst_user2,2,READ,0x20000ca0000,8192
0,burst_user2,2,WRITE,0x20000ca2000,8192
0,burst_user2,2,READ,0x20000ca4000,8192
0,burst_user2,2,READ,0x20000ca6000,8192
0,burst_user2,2,WRITE,0x20000ca8000,8192
0,burst_user2,2,READ,0x20000caa000,8192
0,burst_user2,2,READ,0x20000cac000,8192
0,burst_user2,2,WRITE,0x20000cae000,8192
0,burst_user2,2,READ,0x20000cb0000,8192
0,burst_user2,2,READ,0x20000cb2000,8192
0,burst_user2,2,WRITE,0x20000cb4000,8192
0,burst_user2,2,READ,0x20000cb6000,8192
0,burst_user2,2,READ,0x20000cb8000,8192
0,burst_user2,2,WRITE,0x20000cba000,8192
0,burst_user2,2,READ,0x20000cbc000,8192
0,burst_user2,2,READ,0x20000cbe000,8192
0,burst_user2,2,WRITE,0x20000cc0000,8192
0,burst_user2,2,READ,0x20000cc2000,8192
0,burst_user2,2,READ,0x20000cc4000,8192
0,burst_user2,2,WRITE,0x20000cc6000,8192
0,burst_user2,2,READ,0x20000cc8000,8192
0,burst_user2,2,READ,0x20000cca000,8192
0,burst_user2,2,WRITE,0x20000ccc000,8192
0,burst_user2,2,READ,0x20000cce000,8192
0,burst_user2,2,READ,0x20000cd0000,8192
0,burst_user2,2,WRITE,0x20000cd2000,8192
0,burst_user2,2,READ,0x20000cd4000,8192
0,burst_user2,2,READ,0x20000cd6000,8192
0,burst_user2,2,WRITE,0x20000cd8000,8192
0,burst_user2,2,READ,0x20000cda000,8192
0,burst_user2,2,READ,0x20000cdc000,8192
0,burst_user2,2,WRITE,0x20000cde000,8192
0,burst_user2,2,READ,0x20000ce0000,8192
0,burst_user2,2,READ,0x20000ce2000,8192
0,burst_user2,2,WRITE,0x20000ce4000,8192
0,burst_user2,2,READ,0x20000ce6000,8192
0,burst_user2,2,READ,0x20000ce8000,8192
0,burst_user2,2,WRITE,0x20000cea000,8192
0,burst_user2,2,READ,0x20000cec000,8192
0,burst_user2,2,READ,0x20000cee000,8192
0,burst_user2,2,WRITE,0x20000cf0000,8192
0,burst_user2,2,READ,0x20000cf2000,8192
0,burst_user2,2,READ,0x20000cf4000,8192
0,burst_user2,2,WRITE,0x20000cf6000,8192
0,burst_user2,2,READ,0x20000cf8000,8192
0,burst_user2,2,READ,0x20000cfa000,8192
0,burst_user2,2,WRITE,0x20000cfc000,8192
0,burst_user2,2,READ,0x20000cfe000,8192
0,burst_user2,2,READ,0x20000d00000,8192
0,burst_user2,2,WRITE,0x20000d02000,8192
0,burst_user2,2,READ,0x20000d04000,8192
0,burst_user2,2,READ,0x20000d06000,8192
0,burst_user2,2,WRITE,0x20000d08000,8192
0,burst_user2,2,READ,0x20000d0a000,8192
0,burst_user2,2,READ,0x20000d0c000,8192
0,burst_user2,2,WRITE,0x20000d0e000,8192
0,burst_user2,2,READ,0x20000d10000,8192
0,burst_user2,2,READ,0x20000d12000,8192
0,burst_user2,2,WRITE,0x20000d14000,8192
0,burst_user2,2,READ,0x20000d16000,8192
0,burst_user2,2,READ,0x20000d18000,8192
0,burst_user2,2,WRITE,0x20000d1a000,8192
0,burst_user2,2,READ,0x20000d1c000,8192
0,burst_user2,2,READ,0x20000d1e000,8192
0,burst_user2,2,WRITE,0x20000d20000,8192
0,burst_user2,2,READ,0x20000d22000,8192
0,burst_user2,2,READ,0x20000d24000,8192
0,burst_user2,2,WRITE,0x20000d26000,8192
0,burst_user2,2,READ,0x20000d28000,8192
0,burst_user2,2,READ,0x20000d2a000,8192
0,burst_user2,2,WRITE,0x20000d2c000,8192
0,burst_user2,2,READ,0x20000d2e000,8192
0,burst_user2,2,READ,0x20000d30000,8192
0,burst_user2,2,WRITE,0x20000d32000,8192
0,burst_user2,2,READ,0x20000d34000,8192
0,burst_user2,2,READ,0x20000d36000,8192
0,burst_user2,2,WRITE,0x20000d38000,8192
0,burst_user2,2,READ,0x20000d3a000,8192
0,burst_user2,2,READ,0x20000d3c000,8192
0,burst_user2,2,WRITE,0x20000d3e000,8192
0,burst_user2,2,READ,0x20000d40000,8192
0,burst_user2,2,READ,0x20000d42000,8192
0,burst_user2,2,WRITE,0x20000d44000,8192
0,burst_user2,2,READ,0x20000d46000,8192
0,burst_user2,2,READ,0x20000d48000,8192
0,burst_user2,2,WRITE,0x20000d4a000,8192
0,burst_user2,2,READ,0x20000d4c000,8192
0,burst_user2,2,READ,0x20000d4e000,8192
0,burst_user2,2,WRITE,0x20000d50000,8192
0,burst_user2,2,READ,0x20000d52000,8192
0,burst_user2,2,READ,0x20000d54000,8192
0,burst_user2,2,WRITE,0x20000d56000,8192
0,burst_user2,2,READ,0x20000d58000,8192
0,burst_user2,2,READ,0x20000d5a000,8192
0,burst_user2,2,WRITE,0x20000d5c000,8192
0,burst_user2,2,READ,0x20000d5e000,8192
0,burst_user2,2,READ,0x20000d60000,8192
0,burst_user2,2,WRITE,0x20000d62000,8192
0,burst_user2,2,READ,0x20000d64000,8192
0,burst_user2,2,READ,0x20000d66000,8192
0,burst_user2,2,WRITE,0x20000d68000,8192
0,burst_user2,2,READ,0x20000d6a000,8192
0,burst_user2,2,READ,0x20000d6c000,8192
0,burst_user2,2,WRITE,0x20000d6e000,8192
0,burst_user2,2,READ,0x20000d70000,8192
0,burst_user2,2,READ,0x20000d72000,8192
0,burst_user2,2,WRITE,0x20000d74000,8192
0,burst_user2,2,READ,0x20000d76000,8192
0,burst_user2,2,READ,0x20000d78000,8192
0,burst_user2,2,WRITE,0x20000d7a000,8192
0,burst_user2,2,READ,0x20000d7c000,8192
0,burst_user2,2,READ,0x20000d7e000,8192
0,burst_user2,2,WRITE,0x20000d80000,8192
0,burst_user2,2,READ,0x20000d82000,8192
0,burst_user2,2,READ,0x20000d84000,8192
0,burst_user2,2,WRITE,0x20000d86000,8192
0,burst_user2,2,READ,0x20000d88000,8192
0,burst_user2,2,READ,0x20000d8a000,8192
0,burst_user2,2,WRITE,0x20000d8c000,8192
0,burst_user2,2,READ,0x20000d8e000,8192
0,burst_user2,2,READ,0x20000d90000,8192
0,burst_user2,2,WRITE,0x20000d92000,8192
0,burst_user2,2,READ,0x20000d94000,8192
0,burst_user2,2,READ,0x20000d96000,8192
0,burst_user2,2,WRITE,0x20000d98000,8192
0,burst_user2,2,READ,0x20000d9a000,8192
0,burst_user2,2,READ,0x20000d9c000,8192
0,burst_user2,2,WRITE,0x20000d9e000,8192
0,burst_user2,2,READ,0x20000da0000,8192
0,burst_user2,2,READ,0x20000da2000,8192
0,burst_user2,2,WRITE,0x20000da4000,8192
0,burst_user2,2,READ,0x20000da6000,8192
0,burst_user2,2,READ,0x20000da8000,8192
0,burst_user2,2,WRITE,0x20000daa000,8192
0,burst_user2,2,READ,0x20000dac000,8192
0,burst_user2,2,READ,0x20000dae000,8192
0,burst_user2,2,WRITE,0x20000db0000,8192
0,burst_user2,2,READ,0x20000db2000,8192
0,burst_user2,2,READ,0x20000db4000,8192
0,burst_user2,2,WRITE,0x20000db6000,8192
0,burst_user2,2,READ,0x20000db8000,8192
0,burst_user2,2,READ,0x20000dba000,8192
0,burst_user2,2,WRITE,0x20000dbc000,8192
0,burst_user2,2,READ,0x20000dbe000,8192
0,burst_user2,2,READ,0x20000dc0000,8192
0,burst_user2,2,WRITE,0x20000dc2000,8192
0,burst_user2,2,READ,0x20000dc4000,8192
0,burst_user2,2,READ,0x20000dc6000,8192
0,burst_user2,2,WRITE,0x20000dc8000,8192
0,burst_user2,2,READ,0x20000dca000,8192
0,burst_user2,2,READ,0x20000dcc000,8192
0,burst_user2,2,WRITE,0x20000dce000,8192
0,burst_user2,2,READ,0x20000dd0000,8192
0,burst_user2,2,READ,0x20000dd2000,8192
0,burst_user2,2,WRITE,0x20000dd4000,8192
0,burst_user2,2,READ,0x20000dd6000,8192
0,burst_user2,2,READ,0x20000dd8000,8192
0,burst_user2,2,WRITE,0x20000dda000,8192
0,burst_user2,2,READ,0x20000ddc000,8192
0,burst_user2,2,READ,0x20000dde000,8192
0,burst_user2,2,WRITE,0x20000de0000,8192
0,burst_user2,2,READ,0x20000de2000,8192
0,burst_user2,2,READ,0x20000de4000,8192
0,burst_user2,2,WRITE,0x20000de6000,8192
0,burst_user2,2,READ,0x20000de8000,8192
0,burst_user2,2,READ,0x20000dea000,8192
0,burst_user2,2,WRITE,0x20000dec000,8192
0,burst_user2,2,READ,0x20000dee000,8192
0,burst_user2,2,READ,0x20000df0000,8192
0,burst_user2,2,WRITE,0x20000df2000,8192
0,burst_user2,2,READ,0x20000df4000,8192
0,burst_user2,2,READ,0x20000df6000,8192
0,burst_user2,2,WRITE,0x20000df8000,8192
0,burst_user2,2,READ,0x20000dfa000,8192
0,burst_user2,2,READ,0x20000dfc000,8192
0,burst_user2,2,WRITE,0x20000dfe000,8192
0,burst_user2,2,READ,0x20000e00000,8192
0,burst_user2,2,READ,0x20000e02000,8192
0,burst_user2,2,WRITE,0x20000e04000,8192
0,burst_user2,2,READ,0x20000e06000,8192
0,burst_user2,2,READ,0x20000e08000,8192
0,burst_user2,2,WRITE,0x20000e0a000,8192
0,burst_user2,2,READ,0x20000e0c000,8192
0,burst_user2,2,READ,0x20000e0e000,8192
0,burst_user2,2,WRITE,0x20000e10000,8192
0,burst_user2,2,READ,0x20000e12000,8192
0,burst_user2,2,READ,0x20000e14000,8192
0,burst_user2,2,WRITE,0x20000e16000,8192
0,burst_user2,2,READ,0x20000e18000,8192
0,burst_user2,2,READ,0x20000e1a000,8192
0,burst_user2,2,WRITE,0x20000e1c000,8192
0,burst_user2,2,READ,0x20000e1e000,8192
0,burst_user2,2,READ,0x20000e20000,8192
0,burst_user2,2,WRITE,0x20000e22000,8192
0,burst_user2,2,READ,0x20000e24000,8192
0,burst_user2,2,READ,0x20000e26000,8192
0,burst_user2,2,WRITE,0x20000e28000,8192
0,burst_user2,2,READ,0x20000e2a000,8192
0,burst_user2,2,READ,0x20000e2c000,8192
0,burst_user2,2,WRITE,0x20000e2e000,8192
0,burst_user2,2,READ,0x20000e30000,8192
0,burst_user2,2,READ,0x20000e32000,8192
0,burst_user2,2,WRITE,0x20000e34000,8192
0,burst_user2,2,READ,0x20000e36000,8192
0,burst_user2,2,READ,0x20000e38000,8192
0,burst_user2,2,WRITE,0x20000e3a000,8192
0,burst_user2,2,READ,0x20000e3c000,8192
0,burst_user2,2,READ,0x20000e3e000,8192
0,burst_user2,2,WRITE,0x20000e40000,8192
0,burst_user2,2,READ,0x20000e42000,8192
0,burst_user2,2,READ,0x20000e44000,8192
0,burst_user2,2,WRITE,0x20000e46000,8192
0,burst_user2,2,READ,0x20000e48000,8192
0,burst_user2,2,READ,0x20000e4a000,8192
0,burst_user2,2,WRITE,0x20000e4c000,8192
0,burst_user2,2,READ,0x20000e4e000,8192
0,burst_user2,2,READ,0x20000e50000,8192
0,burst_user2,2,WRITE,0x20000e52000,8192
0,burst_user2,2,READ,0x20000e54000,8192
0,burst_user2,2,READ,0x20000e56000,8192
0,burst_user2,2,WRITE,0x20000e58000,8192
0,burst_user2,2,READ,0x20000e5a000,8192
0,burst_user2,2,READ,0x20000e5c000,8192
0,burst_user2,2,WRITE,0x20000e5e000,8192
0,burst_user2,2,READ,0x20000e60000,8192
0,burst_user2,2,READ,0x20000e62000,8192
0,burst_user2,2,WRITE,0x20000e64000,8192
0,burst_user2,2,READ,0x20000e66000,8192
0,burst_user2,2,READ,0x20000e68000,8192
0,burst_user2,2,WRITE,0x20000e6a000,8192
0,burst_user2,2,READ,0x20000e6c000,8192
0,burst_user2,2,READ,0x20000e6e000,8192
0,burst_user2,2,WRITE,0x20000e70000,8192
0,burst_user2,2,READ,0x20000e72000,8192
0,burst_user2,2,READ,0x20000e74000,8192
0,burst_user2,2,WRITE,0x20000e76000,8192
0,burst_user2,2,READ,0x20000e78000,8192
0,burst_user2,2,READ,0x20000e7a000,8192
0,burst_user2,2,WRITE,0x20000e7c000,8192
0,burst_user2,2,READ,0x20000e7e000,8192
0,burst_user2,2,READ,0x20000e80000,8192
0,burst_user2,2,WRITE,0x20000e82000,8192
0,burst_user2,2,READ,0x20000e84000,8192
0,burst_user2,2,READ,0x20000e86000,8192
0,burst_user2,2,WRITE,0x20000e88000,8192
0,burst_user2,2,READ,0x20000e8a000,8192
0,burst_user2,2,READ,0x20000e8c000,8192
0,burst_user2,2,WRITE,0x20000e8e000,8192
0,burst_user2,2,READ,0x20000e90000,8192
0,burst_user2,2,READ,0x20000e92000,8192
0,burst_user2,2,WRITE,0x20000e94000,8192
0,burst_user2,2,READ,0x20000e96000,8192
0,burst_user2,2,READ,0x20000e98000,8192
0,burst_user2,2,WRITE,0x20000e9a000,8192
0,burst_user2,2,READ,0x20000e9c000,8192
0,burst_user2,2,READ,0x20000e9e000,8192
0,burst_user2,2,WRITE,0x20000ea0000,8192
0,burst_user2,2,READ,0x20000ea2000,8192
0,burst_user2,2,READ,0x20000ea4000,8192
0,burst_user2,2,WRITE,0x20000ea6000,8192
0,burst_user2,2,READ,0x20000ea8000,8192
0,burst_user2,2,READ,0x20000eaa000,8192
0,burst_user2,2,WRITE,0x20000eac000,8192
0,burst_user2,2,READ,0x20000eae000,8192
0,burst_user2,2,READ,0x20000eb0000,8192
0,burst_user2,2,WRITE,0x20000eb2000,8192
0,burst_user2,2,READ,0x20000eb4000,8192
0,burst_user2,2,READ,0x20000eb6000,8192
0,burst_user2,2,WRITE,0x20000eb8000,8192
0,burst_user2,2,READ,0x20000eba000,8192
0,burst_user2,2,READ,0x20000ebc000,8192
0,burst_user2,2,WRITE,0x20000ebe000,8192
0,burst_user2,2,READ,0x20000ec0000,8192
0,burst_user2,2,READ,0x20000ec2000,8192
0,burst_user2,2,WRITE,0x20000ec4000,8192
0,burst_user2,2,READ,0x20000ec6000,8192
0,burst_user2,2,READ,0x20000ec8000,8192
0,burst_user2,2,WRITE,0x20000eca000,8192
0,burst_user2,2,READ,0x20000ecc000,8192
0,burst_user2,2,READ,0x20000ece000,8192
0,burst_user2,2,WRITE,0x20000ed0000,8192
0,burst_user2,2,READ,0x20000ed2000,8192
0,burst_user2,2,READ,0x20000ed4000,8192
0,burst_user2,2,WRITE,0x20000ed6000,8192
0,burst_user2,2,READ,0x20000ed8000,8192
0,burst_user2,2,READ,0x20000eda000,8192
0,burst_user2,2,WRITE,0x20000edc000,8192
0,burst_user2,2,READ,0x20000ede000,8192
0,burst_user2,2,READ,0x20000ee0000,8192
0,burst_user2,2,WRITE,0x20000ee2000,8192
0,burst_user2,2,READ,0x20000ee4000,8192
0,burst_user2,2,READ,0x20000ee6000,8192
0,burst_user2,2,WRITE,0x20000ee8000,8192
0,burst_user2,2,READ,0x20000eea000,8192
0,burst_user2,2,READ,0x20000eec000,8192
0,burst_user2,2,WRITE,0x20000eee000,8192
0,burst_user2,2,READ,0x20000ef0000,8192
0,burst_user2,2,READ,0x20000ef2000,8192
0,burst_user2,2,WRITE,0x20000ef4000,8192
0,burst_user2,2,READ,0x20000ef6000,8192
0,burst_user2,2,READ,0x20000ef8000,8192
0,burst_user2,2,WRITE,0x20000efa000,8192
0,burst_user2,2,READ,0x20000efc000,8192
0,burst_user2,2,READ,0x20000efe000,8192
0,burst_user2,2,WRITE,0x20000f00000,8192
0,burst_user2,2,READ,0x20000f02000,8192
0,burst_user2,2,READ,0x20000f04000,8192
0,burst_user2,2,WRITE,0x20000f06000,8192
0,burst_user2,2,READ,0x20000f08000,8192
0,burst_user2,2,READ,0x20000f0a000,8192
0,burst_user2,2,WRITE,0x20000f0c000,8192
0,burst_user2,2,READ,0x20000f0e000,8192
0,burst_user2,2,READ,0x20000f10000,8192
0,burst_user2,2,WRITE,0x20000f12000,8192
0,burst_user2,2,READ,0x20000f14000,8192
0,burst_user2,2,READ,0x20000f16000,8192
0,burst_user2,2,WRITE,0x20000f18000,8192
0,burst_user2,2,READ,0x20000f1a000,8192
0,burst_user2,2,READ,0x20000f1c000,8192
0,burst_user2,2,WRITE,0x20000f1e000,8192
0,burst_user2,2,READ,0x20000f20000,8192
0,burst_user2,2,READ,0x20000f22000,8192
0,burst_user2,2,WRITE,0x20000f24000,8192
0,burst_user2,2,READ,0x20000f26000,8192
0,burst_user2,2,READ,0x20000f28000,8192
0,burst_user2,2,WRITE,0x20000f2a000,8192
0,burst_user2,2,READ,0x20000f2c000,8192
0,burst_user2,2,READ,0x20000f2e000,8192
0,burst_user2,2,WRITE,0x20000f30000,8192
0,burst_user2,2,READ,0x20000f32000,8192
0,burst_user2,2,READ,0x20000f34000,8192
0,burst_user2,2,WRITE,0x20000f36000,8192
0,burst_user2,2,READ,0x20000f38000,8192
0,burst_user2,2,READ,0x20000f3a000,8192
0,burst_user2,2,WRITE,0x20000f3c000,8192
0,burst_user2,2,READ,0x20000f3e000,8192
0,burst_user2,2,READ,0x20000f40000,8192
0,burst_user2,2,WRITE,0x20000f42000,8192
0,burst_user2,2,READ,0x20000f44000,8192
0,burst_user2,2,READ,0x20000f46000,8192
0,burst_user2,2,WRITE,0x20000f48000,8192
0,burst_user2,2,READ,0x20000f4a000,8192
0,burst_user2,2,READ,0x20000f4c000,8192
0,burst_user2,2,WRITE,0x20000f4e000,8192
0,burst_user2,2,READ,0x20000f50000,8192
0,burst_user2,2,READ,0x20000f52000,8192
0,burst_user2,2,WRITE,0x20000f54000,8192
0,burst_user2,2,READ,0x20000f56000,8192
0,burst_user2,2,READ,0x20000f58000,8192
0,burst_user2,2,WRITE,0x20000f5a000,8192
0,burst_user2,2,READ,0x20000f5c000,8192
0,burst_user2,2,READ,0x20000f5e000,8192
0,burst_user2,2,WRITE,0x20000f60000,8192
0,burst_user2,2,READ,0x20000f62000,8192
0,burst_user2,2,READ,0x20000f64000,8192
0,burst_user2,2,WRITE,0x20000f66000,8192
0,burst_user2,2,READ,0x20000f68000,8192
0,burst_user2,2,READ,0x20000f6a000,8192
0,burst_user2,2,WRITE,0x20000f6c000,8192
0,burst_user2,2,READ,0x20000f6e000,8192
0,burst_user2,2,READ,0x20000f70000,8192
0,burst_user2,2,WRITE,0x20000f72000,8192
0,burst_user2,2,READ,0x20000f74000,8192
0,burst_user2,2,READ,0x20000f76000,8192
0,burst_user2,2,WRITE,0x20000f78000,8192
0,burst_user2,2,READ,0x20000f7a000,8192
0,burst_user2,2,READ,0x20000f7c000,8192
0,burst_user2,2,WRITE,0x20000f7e000,8192
0,burst_user2,2,READ,0x20000f80000,8192
0,burst_user2,2,READ,0x20000f82000,8192
0,burst_user2,2,WRITE,0x20000f84000,8192
0,burst_user2,2,READ,0x20000f86000,8192
0,burst_user2,2,READ,0x20000f88000,8192
0,burst_user2,2,WRITE,0x20000f8a000,8192
0,burst_user2,2,READ,0x20000f8c000,8192
0,burst_user2,2,READ,0x20000f8e000,8192
0,burst_user2,2,WRITE,0x20000f90000,8192
0,burst_user2,2,READ,0x20000f92000,8192
0,burst_user2,2,READ,0x20000f94000,8192
0,burst_user2,2,WRITE,0x20000f96000,8192
0,burst_user2,2,READ,0x20000f98000,8192
0,burst_user2,2,READ,0x20000f9a000,8192
0,burst_user2,2,WRITE,0x20000f9c000,8192
0,burst_user2,2,READ,0x20000f9e000,8192
0,burst_user3,3,WRITE,0x30000000000,8192
0,burst_user3,3,READ,0x30000002000,8192
0,burst_user3,3,READ,0x30000004000,8192
0,burst_user3,3,WRITE,0x30000006000,8192
0,burst_user3,3,READ,0x30000008000,8192
0,burst_user3,3,READ,0x3000000a000,8192
0,burst_user3,3,WRITE,0x3000000c000,8192
0,burst_user3,3,READ,0x3000000e000,8192
0,burst_user3,3,READ,0x30000010000,8192
0,burst_user3,3,WRITE,0x30000012000,8192
0,burst_user3,3,READ,0x30000014000,8192
0,burst_user3,3,READ,0x30000016000,8192
0,burst_user3,3,WRITE,0x30000018000,8192
0,burst_user3,3,READ,0x3000001a000,8192
0,burst_user3,3,READ,0x3000001c000,8192
0,burst_user3,3,WRITE,0x3000001e000,8192
0,burst_user3,3,READ,0x30000020000,8192
0,burst_user3,3,READ,0x30000022000,8192
0,burst_user3,3,WRITE,0x30000024000,8192
0,burst_user3,3,READ,0x30000026000,8192
0,burst_user3,3,READ,0x30000028000,8192
0,burst_user3,3,WRITE,0x3000002a000,8192
0,burst_user3,3,READ,0x3000002c000,8192
0,burst_user3,3,READ,0x3000002e000,8192
0,burst_user3,3,WRITE,0x30000030000,8192
0,burst_user3,3,READ,0x30000032000,8192
0,burst_user3,3,READ,0x30000034000,8192
0,burst_user3,3,WRITE,0x30000036000,8192
0,burst_user3,3,READ,0x30000038000,8192
0,burst_user3,3,READ,0x3000003a000,8192
0,burst_user3,3,WRITE,0x3000003c000,8192
0,burst_user3,3,READ,0x3000003e000,8192
0,burst_user3,3,READ,0x30000040000,8192
0,burst_user3,3,WRITE,0x30000042000,8192
0,burst_user3,3,READ,0x30000044000,8192
0,burst_user3,3,READ,0x30000046000,8192
0,burst_user3,3,WRITE,0x30000048000,8192
0,burst_user3,3,READ,0x3000004a000,8192
0,burst_user3,3,READ,0x3000004c000,8192
0,burst_user3,3,WRITE,0x3000004e000,8192
0,burst_user3,3,READ,0x30000050000,8192
0,burst_user3,3,READ,0x30000052000,8192
0,burst_user3,3,WRITE,0x30000054000,8192
0,burst_user3,3,READ,0x30000056000,8192
0,burst_user3,3,READ,0x30000058000,8192
0,burst_user3,3,WRITE,0x3000005a000,8192
0,burst_user3,3,READ,0x3000005c000,8192
0,burst_user3,3,READ,0x3000005e000,8192
0,burst_user3,3,WRITE,0x30000060000,8192
0,burst_user3,3,READ,0x30000062000,8192
0,burst_user3,3,READ,0x30000064000,8192
0,burst_user3,3,WRITE,0x30000066000,8192
0,burst_user3,3,READ,0x30000068000,8192
0,burst_user3,3,READ,0x3000006a000,8192
0,burst_user3,3,WRITE,0x3000006c000,8192
0,burst_user3,3,READ,0x3000006e000,8192
0,burst_user3,3,READ,0x30000070000,8192
0,burst_user3,3,WRITE,0x30000072000,8192
0,burst_user3,3,READ,0x30000074000,8192
0,burst_user3,3,READ,0x30000076000,8192
0,burst_user3,3,WRITE,0x30000078000,8192
0,burst_user3,3,READ,0x3000007a000,8192
0,burst_user3,3,READ,0x3000007c000,8192
0,burst_user3,3,WRITE,0x3000007e000,8192
0,burst_user3,3,READ,0x30000080000,8192
0,burst_user3,3,READ,0x30000082000,8192
0,burst_user3,3,WRITE,0x30000084000,8192
0,burst_user3,3,READ,0x30000086000,8192
0,burst_user3,3,READ,0x30000088000,8192
0,burst_user3,3,WRITE,0x3000008a000,8192
0,burst_user3,3,READ,0x3000008c000,8192
0,burst_user3,3,READ,0x3000008e000,8192
0,burst_user3,3,WRITE,0x30000090000,8192
0,burst_user3,3,READ,0x30000092000,8192
0,burst_user3,3,READ,0x30000094000,8192
0,burst_user3,3,WRITE,0x30000096000,8192
0,burst_user3,3,READ,0x30000098000,8192
0,burst_user3,3,READ,0x3000009a000,8192
0,burst_user3,3,WRITE,0x3000009c000,8192
0,burst_user3,3,READ,0x3000009e000,8192
0,burst_user3,3,READ,0x300000a0000,8192
0,burst_user3,3,WRITE,0x300000a2000,8192
0,burst_user3,3,READ,0x300000a4000,8192
0,burst_user3,3,READ,0x300000a6000,8192
0,burst_user3,3,WRITE,0x300000a8000,8192
0,burst_user3,3,READ,0x300000aa000,8192
0,burst_user3,3,READ,0x300000ac000,8192
0,burst_user3,3,WRITE,0x300000ae000,8192
0,burst_user3,3,READ,0x300000b0000,8192
0,burst_user3,3,READ,0x300000b2000,8192
0,burst_user3,3,WRITE,0x300000b4000,8192
0,burst_user3,3,READ,0x300000b6000,8192
0,burst_user3,3,READ,0x300000b8000,8192
0,burst_user3,3,WRITE,0x300000ba000,8192
0,burst_user3,3,READ,0x300000bc000,8192
0,burst_user3,3,READ,0x300000be000,8192
0,burst_user3,3,WRITE,0x300000c0000,8192
0,burst_user3,3,READ,0x300000c2000,8192
0,burst_user3,3,READ,0x300000c4000,8192
0,burst_user3,3,WRITE,0x300000c6000,8192
0,burst_user3,3,READ,0x300000c8000,8192
0,burst_user3,3,READ,0x300000ca000,8192
0,burst_user3,3,WRITE,0x300000cc000,8192
0,burst_user3,3,READ,0x300000ce000,8192
0,burst_user3,3,READ,0x300000d0000,8192
0,burst_user3,3,WRITE,0x300000d2000,8192
0,burst_user3,3,READ,0x300000d4000,8192
0,burst_user3,3,READ,0x300000d6000,8192
0,burst_user3,3,WRITE,0x300000d8000,8192
0,burst_user3,3,READ,0x300000da000,8192
0,burst_user3,3,READ,0x300000dc000,8192
0,burst_user3,3,WRITE,0x300000de000,8192
0,burst_user3,3,READ,0x300000e0000,8192
0,burst_user3,3,READ,0x300000e2000,8192
0,burst_user3,3,WRITE,0x300000e4000,8192
0,burst_user3,3,READ,0x300000e6000,8192
0,burst_user3,3,READ,0x300000e8000,8192
0,burst_user3,3,WRITE,0x300000ea000,8192
0,burst_user3,3,READ,0x300000ec000,8192
0,burst_user3,3,READ,0x300000ee000,8192
0,burst_user3,3,WRITE,0x300000f0000,8192
0,burst_user3,3,READ,0x300000f2000,8192
0,burst_user3,3,READ,0x300000f4000,8192
0,burst_user3,3,WRITE,0x300000f6000,8192
0,burst_user3,3,READ,0x300000f8000,8192
0,burst_user3,3,READ,0x300000fa000,8192
0,burst_user3,3,WRITE,0x300000fc000,8192
0,burst_user3,3,READ,0x300000fe000,8192
0,burst_user3,3,READ,0x30000100000,8192
0,burst_user3,3,WRITE,0x30000102000,8192
0,burst_user3,3,READ,0x30000104000,8192
0,burst_user3,3,READ,0x30000106000,8192
0,burst_user3,3,WRITE,0x30000108000,8192
0,burst_user3,3,READ,0x3000010a000,8192
0,burst_user3,3,READ,0x3000010c000,8192
0,burst_user3,3,WRITE,0x3000010e000,8192
0,burst_user3,3,READ,0x30000110000,8192
0,burst_user3,3,READ,0x30000112000,8192
0,burst_user3,3,WRITE,0x30000114000,8192
0,burst_user3,3,READ,0x30000116000,8192
0,burst_user3,3,READ,0x30000118000,8192
0,burst_user3,3,WRITE,0x3000011a000,8192
0,burst_user3,3,READ,0x3000011c000,8192
0,burst_user3,3,READ,0x3000011e000,8192
0,burst_user3,3,WRITE,0x30000120000,8192
0,burst_user3,3,READ,0x30000122000,8192
0,burst_user3,3,READ,0x30000124000,8192
0,burst_user3,3,WRITE,0x30000126000,8192
0,burst_user3,3,READ,0x30000128000,8192
0,burst_user3,3,READ,0x3000012a000,8192
0,burst_user3,3,WRITE,0x3000012c000,8192
0,burst_user3,3,READ,0x3000012e000,8192
0,burst_user3,3,READ,0x30000130000,8192
0,burst_user3,3,WRITE,0x30000132000,8192
0,burst_user3,3,READ,0x30000134000,8192
0,burst_user3,3,READ,0x30000136000,8192
0,burst_user3,3,WRITE,0x30000138000,8192
0,burst_user3,3,READ,0x3000013a000,8192
0,burst_user3,3,READ,0x3000013c000,8192
0,burst_user3,3,WRITE,0x3000013e000,8192
0,burst_user3,3,READ,0x30000140000,8192
0,burst_user3,3,READ,0x30000142000,8192
0,burst_user3,3,WRITE,0x30000144000,8192
0,burst_user3,3,READ,0x30000146000,8192
0,burst_user3,3,READ,0x30000148000,8192
0,burst_user3,3,WRITE,0x3000014a000,8192
0,burst_user3,3,READ,0x3000014c000,8192
0,burst_user3,3,READ,0x3000014e000,8192
0,burst_user3,3,WRITE,0x30000150000,8192
0,burst_user3,3,READ,0x30000152000,8192
0,burst_user3,3,READ,0x30000154000,8192
0,burst_user3,3,WRITE,0x30000156000,8192
0,burst_user3,3,READ,0x30000158000,8192
0,burst_user3,3,READ,0x3000015a000,8192
0,burst_user3,3,WRITE,0x3000015c000,8192
0,burst_user3,3,READ,0x3000015e000,8192
0,burst_user3,3,READ,0x30000160000,8192
0,burst_user3,3,WRITE,0x30000162000,8192
0,burst_user3,3,READ,0x30000164000,8192
0,burst_user3,3,READ,0x30000166000,8192
0,burst_user3,3,WRITE,0x30000168000,8192
0,burst_user3,3,READ,0x3000016a000,8192
0,burst_user3,3,READ,0x3000016c000,8192
0,burst_user3,3,WRITE,0x3000016e000,8192
0,burst_user3,3,READ,0x30000170000,8192
0,burst_user3,3,READ,0x30000172000,8192
0,burst_user3,3,WRITE,0x30000174000,8192
0,burst_user3,3,READ,0x30000176000,8192
0,burst_user3,3,READ,0x30000178000,8192
0,burst_user3,3,WRITE,0x3000017a000,8192
0,burst_user3,3,READ,0x3000017c000,8192
0,burst_user3,3,READ,0x3000017e000,8192
0,burst_user3,3,WRITE,0x30000180000,8192
0,burst_user3,3,READ,0x30000182000,8192
0,burst_user3,3,READ,0x30000184000,8192
0,burst_user3,3,WRITE,0x30000186000,8192
0,burst_user3,3,READ,0x30000188000,8192
0,burst_user3,3,READ,0x3000018a000,8192
0,burst_user3,3,WRITE,0x3000018c000,8192
0,burst_user3,3,READ,0x3000018e000,8192
0,burst_user3,3,READ,0x30000190000,8192
0,burst_user3,3,WRITE,0x30000192000,8192
0,burst_user3,3,READ,0x30000194000,8192
0,burst_user3,3,READ,0x30000196000,8192
0,burst_user3,3,WRITE,0x30000198000,8192
0,burst_user3,3,READ,0x3000019a000,8192
0,burst_user3,3,READ,0x3000019c000,8192
0,burst_user3,3,WRITE,0x3000019e000,8192
0,burst_user3,3,READ,0x300001a0000,8192
0,burst_user3,3,READ,0x300001a2000,8192
0,burst_user3,3,WRITE,0x300001a4000,8192
0,burst_user3,3,READ,0x300001a6000,8192
0,burst_user3,3,READ,0x300001a8000,8192
0,burst_user3,3,WRITE,0x300001aa000,8192
0,burst_user3,3,READ,0x300001ac000,8192
0,burst_user3,3,READ,0x300001ae000,8192
0,burst_user3,3,WRITE,0x300001b0000,8192
0,burst_user3,3,READ,0x300001b2000,8192
0,burst_user3,3,READ,0x300001b4000,8192
0,burst_user3,3,WRITE,0x300001b6000,8192
0,burst_user3,3,READ,0x300001b8000,8192
0,burst_user3,3,READ,0x300001ba000,8192
0,burst_user3,3,WRITE,0x300001bc000,8192
0,burst_user3,3,READ,0x300001be000,8192
0,burst_user3,3,READ,0x300001c0000,8192
0,burst_user3,3,WRITE,0x300001c2000,8192
0,burst_user3,3,READ,0x300001c4000,8192
0,burst_user3,3,READ,0x300001c6000,8192
0,burst_user3,3,WRITE,0x300001c8000,8192
0,burst_user3,3,READ,0x300001ca000,8192
0,burst_user3,3,READ,0x300001cc000,8192
0,burst_user3,3,WRITE,0x300001ce000,8192
0,burst_user3,3,READ,0x300001d0000,8192
0,burst_user3,3,READ,0x300001d2000,8192
0,burst_user3,3,WRITE,0x300001d4000,8192
0,burst_user3,3,READ,0x300001d6000,8192
0,burst_user3,3,READ,0x300001d8000,8192
0,burst_user3,3,WRITE,0x300001da000,8192
0,burst_user3,3,READ,0x300001dc000,8192
0,burst_user3,3,READ,0x300001de000,8192
0,burst_user3,3,WRITE,0x300001e0000,8192
0,burst_user3,3,READ,0x300001e2000,8192
0,burst_user3,3,READ,0x300001e4000,8192
0,burst_user3,3,WRITE,0x300001e6000,8192
0,burst_user3,3,READ,0x300001e8000,8192
0,burst_user3,3,READ,0x300001ea000,8192
0,burst_user3,3,WRITE,0x300001ec000,8192
0,burst_user3,3,READ,0x300001ee000,8192
0,burst_user3,3,READ,0x300001f0000,8192
0,burst_user3,3,WRITE,0x300001f2000,8192
0,burst_user3,3,READ,0x300001f4000,8192
0,burst_user3,3,READ,0x300001f6000,8192
0,burst_user3,3,WRITE,0x300001f8000,8192
0,burst_user3,3,READ,0x300001fa000,8192
0,burst_user3,3,READ,0x300001fc000,8192
0,burst_user3,3,WRITE,0x300001fe000,8192
0,burst_user3,3,READ,0x30000200000,8192
0,burst_user3,3,READ,0x30000202000,8192
0,burst_user3,3,WRITE,0x30000204000,8192
0,burst_user3,3,READ,0x30000206000,8192
0,burst_user3,3,READ,0x30000208000,8192
0,burst_user3,3,WRITE,0x3000020a000,8192
0,burst_user3,3,READ,0x3000020c000,8192
0,burst_user3,3,READ,0x3000020e000,8192
0,burst_user3,3,WRITE,0x30000210000,8192
0,burst_user3,3,READ,0x30000212000,8192
0,burst_user3,3,READ,0x30000214000,8192
0,burst_user3,3,WRITE,0x30000216000,8192
0,burst_user3,3,READ,0x30000218000,8192
0,burst_user3,3,READ,0x3000021a000,8192
0,burst_user3,3,WRITE,0x3000021c000,8192
0,burst_user3,3,READ,0x3000021e000,8192
0,burst_user3,3,READ,0x30000220000,8192
0,burst_user3,3,WRITE,0x30000222000,8192
0,burst_user3,3,READ,0x30000224000,8192
0,burst_user3,3,READ,0x30000226000,8192
0,burst_user3,3,WRITE,0x30000228000,8192
0,burst_user3,3,READ,0x3000022a000,8192
0,burst_user3,3,READ,0x3000022c000,8192
0,burst_user3,3,WRITE,0x3000022e000,8192
0,burst_user3,3,READ,0x30000230000,8192
0,burst_user3,3,READ,0x30000232000,8192
0,burst_user3,3,WRITE,0x30000234000,8192
0,burst_user3,3,READ,0x30000236000,8192
0,burst_user3,3,READ,0x30000238000,8192
0,burst_user3,3,WRITE,0x3000023a000,8192
0,burst_user3,3,READ,0x3000023c000,8192
0,burst_user3,3,READ,0x3000023e000,8192
0,burst_user3,3,WRITE,0x30000240000,8192
0,burst_user3,3,READ,0x30000242000,8192
0,burst_user3,3,READ,0x30000244000,8192
0,burst_user3,3,WRITE,0x30000246000,8192
0,burst_user3,3,READ,0x30000248000,8192
0,burst_user3,3,READ,0x3000024a000,8192
0,burst_user3,3,WRITE,0x3000024c000,8192
0,burst_user3,3,READ,0x3000024e000,8192
0,burst_user3,3,READ,0x30000250000,8192
0,burst_user3,3,WRITE,0x30000252000,8192
0,burst_user3,3,READ,0x30000254000,8192
0,burst_user3,3,READ,0x30000256000,8192
0,burst_user3,3,WRITE,0x30000258000,8192
0,burst_user3,3,READ,0x3000025a000,8192
0,burst_user3,3,READ,0x3000025c000,8192
0,burst_user3,3,WRITE,0x3000025e000,8192
0,burst_user3,3,READ,0x30000260000,8192
0,burst_user3,3,READ,0x30000262000,8192
0,burst_user3,3,WRITE,0x30000264000,8192
0,burst_user3,3,READ,0x30000266000,8192
0,burst_user3,3,READ,0x30000268000,8192
0,burst_user3,3,WRITE,0x3000026a000,8192
0,burst_user3,3,READ,0x3000026c000,8192
0,burst_user3,3,READ,0x3000026e000,8192
0,burst_user3,3,WRITE,0x30000270000,8192
0,burst_user3,3,READ,0x30000272000,8192
0,burst_user3,3,READ,0x30000274000,8192
0,burst_user3,3,WRITE,0x30000276000,8192
0,burst_user3,3,READ,0x30000278000,8192
0,burst_user3,3,READ,0x3000027a000,8192
0,burst_user3,3,WRITE,0x3000027c000,8192
0,burst_user3,3,READ,0x3000027e000,8192
0,burst_user3,3,READ,0x30000280000,8192
0,burst_user3,3,WRITE,0x30000282000,8192
0,burst_user3,3,READ,0x30000284000,8192
0,burst_user3,3,READ,0x30000286000,8192
0,burst_user3,3,WRITE,0x30000288000,8192
0,burst_user3,3,READ,0x3000028a000,8192
0,burst_user3,3,READ,0x3000028c000,8192
0,burst_user3,3,WRITE,0x3000028e000,8192
0,burst_user3,3,READ,0x30000290000,8192
0,burst_user3,3,READ,0x30000292000,8192
0,burst_user3,3,WRITE,0x30000294000,8192
0,burst_user3,3,READ,0x30000296000,8192
0,burst_user3,3,READ,0x30000298000,8192
0,burst_user3,3,WRITE,0x3000029a000,8192
0,burst_user3,3,READ,0x3000029c000,8192
0,burst_user3,3,READ,0x3000029e000,8192
0,burst_user3,3,WRITE,0x300002a0000,8192
0,burst_user3,3,READ,0x300002a2000,8192
0,burst_user3,3,READ,0x300002a4000,8192
0,burst_user3,3,WRITE,0x300002a6000,8192
0,burst_user3,3,READ,0x300002a8000,8192
0,burst_user3,3,READ,0x300002aa000,8192
0,burst_user3,3,WRITE,0x300002ac000,8192
0,burst_user3,3,READ,0x300002ae000,8192
0,burst_user3,3,READ,0x300002b0000,8192
0,burst_user3,3,WRITE,0x300002b2000,8192
0,burst_user3,3,READ,0x300002b4000,8192
0,burst_user3,3,READ,0x300002b6000,8192
0,burst_user3,3,WRITE,0x300002b8000,8192
0,burst_user3,3,READ,0x300002ba000,8192
0,burst_user3,3,READ,0x300002bc000,8192
0,burst_user3,3,WRITE,0x300002be000,8192
0,burst_user3,3,READ,0x300002c0000,8192
0,burst_user3,3,READ,0x300002c2000,8192
0,burst_user3,3,WRITE,0x300002c4000,8192
0,burst_user3,3,READ,0x300002c6000,8192
0,burst_user3,3,READ,0x300002c8000,8192
0,burst_user3,3,WRITE,0x300002ca000,8192
0,burst_user3,3,READ,0x300002cc000,8192
0,burst_user3,3,READ,0x300002ce000,8192
0,burst_user3,3,WRITE,0x300002d0000,8192
0,burst_user3,3,READ,0x300002d2000,8192
0,burst_user3,3,READ,0x300002d4000,8192
0,burst_user3,3,WRITE,0x300002d6000,8192
0,burst_user3,3,READ,0x300002d8000,8192
0,burst_user3,3,READ,0x300002da000,8192
0,burst_user3,3,WRITE,0x300002dc000,8192
0,burst_user3,3,READ,0x300002de000,8192
0,burst_user3,3,READ,0x300002e0000,8192
0,burst_user3,3,WRITE,0x300002e2000,8192
0,burst_user3,3,READ,0x300002e4000,8192
0,burst_user3,3,READ,0x300002e6000,8192
0,burst_user3,3,WRITE,0x300002e8000,8192
0,burst_user3,3,READ,0x300002ea000,8192
0,burst_user3,3,READ,0x300002ec000,8192
0,burst_user3,3,WRITE,0x300002ee000,8192
0,burst_user3,3,READ,0x300002f0000,8192
0,burst_user3,3,READ,0x300002f2000,8192
0,burst_user3,3,WRITE,0x300002f4000,8192
0,burst_user3,3,READ,0x300002f6000,8192
0,burst_user3,3,READ,0x300002f8000,8192
0,burst_user3,3,WRITE,0x300002fa000,8192
0,burst_user3,3,READ,0x300002fc000,8192
0,burst_user3,3,READ,0x300002fe000,8192
0,burst_user3,3,WRITE,0x30000300000,8192
0,burst_user3,3,READ,0x30000302000,8192
0,burst_user3,3,READ,0x30000304000,8192
0,burst_user3,3,WRITE,0x30000306000,8192
0,burst_user3,3,READ,0x30000308000,8192
0,burst_user3,3,READ,0x3000030a000,8192
0,burst_user3,3,WRITE,0x3000030c000,8192
0,burst_user3,3,READ,0x3000030e000,8192
0,burst_user3,3,READ,0x30000310000,8192
0,burst_user3,3,WRITE,0x30000312000,8192
0,burst_user3,3,READ,0x30000314000,8192
0,burst_user3,3,READ,0x30000316000,8192
0,burst_user3,3,WRITE,0x30000318000,8192
0,burst_user3,3,READ,0x3000031a000,8192
0,burst_user3,3,READ,0x3000031c000,8192
0,burst_user3,3,WRITE,0x3000031e000,8192
0,burst_user3,3,READ,0x30000320000,8192
0,burst_user3,3,READ,0x30000322000,8192
0,burst_user3,3,WRITE,0x30000324000,8192
0,burst_user3,3,READ,0x30000326000,8192
0,burst_user3,3,READ,0x30000328000,8192
0,burst_user3,3,WRITE,0x3000032a000,8192
0,burst_user3,3,READ,0x3000032c000,8192
0,burst_user3,3,READ,0x3000032e000,8192
0,burst_user3,3,WRITE,0x30000330000,8192
0,burst_user3,3,READ,0x30000332000,8192
0,burst_user3,3,READ,0x30000334000,8192
0,burst_user3,3,WRITE,0x30000336000,8192
0,burst_user3,3,READ,0x30000338000,8192
0,burst_user3,3,READ,0x3000033a000,8192
0,burst_user3,3,WRITE,0x3000033c000,8192
0,burst_user3,3,READ,0x3000033e000,8192
0,burst_user3,3,READ,0x30000340000,8192
0,burst_user3,3,WRITE,0x30000342000,8192
0,burst_user3,3,READ,0x30000344000,8192
0,burst_user3,3,READ,0x30000346000,8192
0,burst_user3,3,WRITE,0x30000348000,8192
0,burst_user3,3,READ,0x3000034a000,8192
0,burst_user3,3,READ,0x3000034c000,8192
0,burst_user3,3,WRITE,0x3000034e000,8192
0,burst_user3,3,READ,0x30000350000,8192
0,burst_user3,3,READ,0x30000352000,8192
0,burst_user3,3,WRITE,0x30000354000,8192
0,burst_user3,3,READ,0x30000356000,8192
0,burst_user3,3,READ,0x30000358000,8192
0,burst_user3,3,WRITE,0x3000035a000,8192
0,burst_user3,3,READ,0x3000035c000,8192
0,burst_user3,3,READ,0x3000035e000,8192
0,burst_user3,3,WRITE,0x30000360000,8192
0,burst_user3,3,READ,0x30000362000,8192
0,burst_user3,3,READ,0x30000364000,8192
0,burst_user3,3,WRITE,0x30000366000,8192
0,burst_user3,3,READ,0x30000368000,8192
0,burst_user3,3,READ,0x3000036a000,8192
0,burst_user3,3,WRITE,0x3000036c000,8192
0,burst_user3,3,READ,0x3000036e000,8192
0,burst_user3,3,READ,0x30000370000,8192
0,burst_user3,3,WRITE,0x30000372000,8192
0,burst_user3,3,READ,0x30000374000,8192
0,burst_user3,3,READ,0x30000376000,8192
0,burst_user3,3,WRITE,0x30000378000,8192
0,burst_user3,3,READ,0x3000037a000,8192
0,burst_user3,3,READ,0x3000037c000,8192
0,burst_user3,3,WRITE,0x3000037e000,8192
0,burst_user3,3,READ,0x30000380000,8192
0,burst_user3,3,READ,0x30000382000,8192
0,burst_user3,3,WRITE,0x30000384000,8192
0,burst_user3,3,READ,0x30000386000,8192
0,burst_user3,3,READ,0x30000388000,8192
0,burst_user3,3,WRITE,0x3000038a000,8192
0,burst_user3,3,READ,0x3000038c000,8192
0,burst_user3,3,READ,0x3000038e000,8192
0,burst_user3,3,WRITE,0x30000390000,8192
0,burst_user3,3,READ,0x30000392000,8192
0,burst_user3,3,READ,0x30000394000,8192
0,burst_user3,3,WRITE,0x30000396000,8192
0,burst_user3,3,READ,0x30000398000,8192
0,burst_user3,3,READ,0x3000039a000,8192
0,burst_user3,3,WRITE,0x3000039c000,8192
0,burst_user3,3,READ,0x3000039e000,8192
0,burst_user3,3,READ,0x300003a0000,8192
0,burst_user3,3,WRITE,0x300003a2000,8192
0,burst_user3,3,READ,0x300003a4000,8192
0,burst_user3,3,READ,0x300003a6000,8192
0,burst_user3,3,WRITE,0x300003a8000,8192
0,burst_user3,3,READ,0x300003aa000,8192
0,burst_user3,3,READ,0x300003ac000,8192
0,burst_user3,3,WRITE,0x300003ae000,8192
0,burst_user3,3,READ,0x300003b0000,8192
0,burst_user3,3,READ,0x300003b2000,8192
0,burst_user3,3,WRITE,0x300003b4000,8192
0,burst_user3,3,READ,0x300003b6000,8192
0,burst_user3,3,READ,0x300003b8000,8192
0,burst_user3,3,WRITE,0x300003ba000,8192
0,burst_user3,3,READ,0x300003bc000,8192
0,burst_user3,3,READ,0x300003be000,8192
0,burst_user3,3,WRITE,0x300003c0000,8192
0,burst_user3,3,READ,0x300003c2000,8192
0,burst_user3,3,READ,0x300003c4000,8192
0,burst_user3,3,WRITE,0x300003c6000,8192
0,burst_user3,3,READ,0x300003c8000,8192
0,burst_user3,3,READ,0x300003ca000,8192
0,burst_user3,3,WRITE,0x300003cc000,8192
0,burst_user3,3,READ,0x300003ce000,8192
0,burst_user3,3,READ,0x300003d0000,8192
0,burst_user3,3,WRITE,0x300003d2000,8192
0,burst_user3,3,READ,0x300003d4000,8192
0,burst_user3,3,READ,0x300003d6000,8192
0,burst_user3,3,WRITE,0x300003d8000,8192
0,burst_user3,3,READ,0x300003da000,8192
0,burst_user3,3,READ,0x300003dc000,8192
0,burst_user3,3,WRITE,0x300003de000,8192
0,burst_user3,3,READ,0x300003e0000,8192
0,burst_user3,3,READ,0x300003e2000,8192
0,burst_user3,3,WRITE,0x300003e4000,8192
0,burst_user3,3,READ,0x300003e6000,8192
0,burst_user3,3,READ,0x300003e8000,8192
0,burst_user3,3,WRITE,0x300003ea000,8192
0,burst_user3,3,READ,0x300003ec000,8192
0,burst_user3,3,READ,0x300003ee000,8192
0,burst_user3,3,WRITE,0x300003f0000,8192
0,burst_user3,3,READ,0x300003f2000,8192
0,burst_user3,3,READ,0x300003f4000,8192
0,burst_user3,3,WRITE,0x300003f6000,8192
0,burst_user3,3,READ,0x300003f8000,8192
0,burst_user3,3,READ,0x300003fa000,8192
0,burst_user3,3,WRITE,0x300003fc000,8192
0,burst_user3,3,READ,0x300003fe000,8192
0,burst_user3,3,READ,0x30000400000,8192
0,burst_user3,3,WRITE,0x30000402000,8192
0,burst_user3,3,READ,0x30000404000,8192
0,burst_user3,3,READ,0x30000406000,8192
0,burst_user3,3,WRITE,0x30000408000,8192
0,burst_user3,3,READ,0x3000040a000,8192
0,burst_user3,3,READ,0x3000040c000,8192
0,burst_user3,3,WRITE,0x3000040e000,8192
0,burst_user3,3,READ,0x30000410000,8192
0,burst_user3,3,READ,0x30000412000,8192
0,burst_user3,3,WRITE,0x30000414000,8192
0,burst_user3,3,READ,0x30000416000,8192
0,burst_user3,3,READ,0x30000418000,8192
0,burst_user3,3,WRITE,0x3000041a000,8192
0,burst_user3,3,READ,0x3000041c000,8192
0,burst_user3,3,READ,0x3000041e000,8192
0,burst_user3,3,WRITE,0x30000420000,8192
0,burst_user3,3,READ,0x30000422000,8192
0,burst_user3,3,READ,0x30000424000,8192
0,burst_user3,3,WRITE,0x30000426000,8192
0,burst_user3,3,READ,0x30000428000,8192
0,burst_user3,3,READ,0x3000042a000,8192
0,burst_user3,3,WRITE,0x3000042c000,8192
0,burst_user3,3,READ,0x3000042e000,8192
0,burst_user3,3,READ,0x30000430000,8192
0,burst_user3,3,WRITE,0x30000432000,8192
0,burst_user3,3,READ,0x30000434000,8192
0,burst_user3,3,READ,0x30000436000,8192
0,burst_user3,3,WRITE,0x30000438000,8192
0,burst_user3,3,READ,0x3000043a000,8192
0,burst_user3,3,READ,0x3000043c000,8192
0,burst_user3,3,WRITE,0x3000043e000,8192
0,burst_user3,3,READ,0x30000440000,8192
0,burst_user3,3,READ,0x30000442000,8192
0,burst_user3,3,WRITE,0x30000444000,8192
0,burst_user3,3,READ,0x30000446000,8192
0,burst_user3,3,READ,0x30000448000,8192
0,burst_user3,3,WRITE,0x3000044a000,8192
0,burst_user3,3,READ,0x3000044c000,8192
0,burst_user3,3,READ,0x3000044e000,8192
0,burst_user3,3,WRITE,0x30000450000,8192
0,burst_user3,3,READ,0x30000452000,8192
0,burst_user3,3,READ,0x30000454000,8192
0,burst_user3,3,WRITE,0x30000456000,8192
0,burst_user3,3,READ,0x30000458000,8192
0,burst_user3,3,READ,0x3000045a000,8192
0,burst_user3,3,WRITE,0x3000045c000,8192
0,burst_user3,3,READ,0x3000045e000,8192
0,burst_user3,3,READ,0x30000460000,8192
0,burst_user3,3,WRITE,0x30000462000,8192
0,burst_user3,3,READ,0x30000464000,8192
0,burst_user3,3,READ,0x30000466000,8192
0,burst_user3,3,WRITE,0x30000468000,8192
0,burst_user3,3,READ,0x3000046a000,8192
0,burst_user3,3,READ,0x3000046c000,8192
0,burst_user3,3,WRITE,0x3000046e000,8192
0,burst_user3,3,READ,0x30000470000,8192
0,burst_user3,3,READ,0x30000472000,8192
0,burst_user3,3,WRITE,0x30000474000,8192
0,burst_user3,3,READ,0x30000476000,8192
0,burst_user3,3,READ,0x30000478000,8192
0,burst_user3,3,WRITE,0x3000047a000,8192
0,burst_user3,3,READ,0x3000047c000,8192
0,burst_user3,3,READ,0x3000047e000,8192
0,burst_user3,3,WRITE,0x30000480000,8192
0,burst_user3,3,READ,0x30000482000,8192
0,burst_user3,3,READ,0x30000484000,8192
0,burst_user3,3,WRITE,0x30000486000,8192
0,burst_user3,3,READ,0x30000488000,8192
0,burst_user3,3,READ,0x3000048a000,8192
0,burst_user3,3,WRITE,0x3000048c000,8192
0,burst_user3,3,READ,0x3000048e000,8192
0,burst_user3,3,READ,0x30000490000,8192
0,burst_user3,3,WRITE,0x30000492000,8192
0,burst_user3,3,READ,0x30000494000,8192
0,burst_user3,3,READ,0x30000496000,8192
0,burst_user3,3,WRITE,0x30000498000,8192
0,burst_user3,3,READ,0x3000049a000,8192
0,burst_user3,3,READ,0x3000049c000,8192
0,burst_user3,3,WRITE,0x3000049e000,8192
0,burst_user3,3,READ,0x300004a0000,8192
0,burst_user3,3,READ,0x300004a2000,8192
0,burst_user3,3,WRITE,0x300004a4000,8192
0,burst_user3,3,READ,0x300004a6000,8192
0,burst_user3,3,READ,0x300004a8000,8192
0,burst_user3,3,WRITE,0x300004aa000,8192
0,burst_user3,3,READ,0x300004ac000,8192
0,burst_user3,3,READ,0x300004ae000,8192
0,burst_user3,3,WRITE,0x300004b0000,8192
0,burst_user3,3,READ,0x300004b2000,8192
0,burst_user3,3,READ,0x300004b4000,8192
0,burst_user3,3,WRITE,0x300004b6000,8192
0,burst_user3,3,READ,0x300004b8000,8192
0,burst_user3,3,READ,0x300004ba000,8192
0,burst_user3,3,WRITE,0x300004bc000,8192
0,burst_user3,3,READ,0x300004be000,8192
0,burst_user3,3,READ,0x300004c0000,8192
0,burst_user3,3,WRITE,0x300004c2000,8192
0,burst_user3,3,READ,0x300004c4000,8192
0,burst_user3,3,READ,0x300004c6000,8192
0,burst_user3,3,WRITE,0x300004c8000,8192
0,burst_user3,3,READ,0x300004ca000,8192
0,burst_user3,3,READ,0x300004cc000,8192
0,burst_user3,3,WRITE,0x300004ce000,8192
0,burst_user3,3,READ,0x300004d0000,8192
0,burst_user3,3,READ,0x300004d2000,8192
0,burst_user3,3,WRITE,0x300004d4000,8192
0,burst_user3,3,READ,0x300004d6000,8192
0,burst_user3,3,READ,0x300004d8000,8192
0,burst_user3,3,WRITE,0x300004da000,8192
0,burst_user3,3,READ,0x300004dc000,8192
0,burst_user3,3,READ,0x300004de000,8192
0,burst_user3,3,WRITE,0x300004e0000,8192
0,burst_user3,3,READ,0x300004e2000,8192
0,burst_user3,3,READ,0x300004e4000,8192
0,burst_user3,3,WRITE,0x300004e6000,8192
0,burst_user3,3,READ,0x300004e8000,8192
0,burst_user3,3,READ,0x300004ea000,8192
0,burst_user3,3,WRITE,0x300004ec000,8192
0,burst_user3,3,READ,0x300004ee000,8192
0,burst_user3,3,READ,0x300004f0000,8192
0,burst_user3,3,WRITE,0x300004f2000,8192
0,burst_user3,3,READ,0x300004f4000,8192
0,burst_user3,3,READ,0x300004f6000,8192
0,burst_user3,3,WRITE,0x300004f8000,8192
0,burst_user3,3,READ,0x300004fa000,8192
0,burst_user3,3,READ,0x300004fc000,8192
0,burst_user3,3,WRITE,0x300004fe000,8192
0,burst_user3,3,READ,0x30000500000,8192
0,burst_user3,3,READ,0x30000502000,8192
0,burst_user3,3,WRITE,0x30000504000,8192
0,burst_user3,3,READ,0x30000506000,8192
0,burst_user3,3,READ,0x30000508000,8192
0,burst_user3,3,WRITE,0x3000050a000,8192
0,burst_user3,3,READ,0x3000050c000,8192
0,burst_user3,3,READ,0x3000050e000,8192
0,burst_user3,3,WRITE,0x30000510000,8192
0,burst_user3,3,READ,0x30000512000,8192
0,burst_user3,3,READ,0x30000514000,8192
0,burst_user3,3,WRITE,0x30000516000,8192
0,burst_user3,3,READ,0x30000518000,8192
0,burst_user3,3,READ,0x3000051a000,8192
0,burst_user3,3,WRITE,0x3000051c000,8192
0,burst_user3,3,READ,0x3000051e000,8192
0,burst_user3,3,READ,0x30000520000,8192
0,burst_user3,3,WRITE,0x30000522000,8192
0,burst_user3,3,READ,0x30000524000,8192
0,burst_user3,3,READ,0x30000526000,8192
0,burst_user3,3,WRITE,0x30000528000,8192
0,burst_user3,3,READ,0x3000052a000,8192
0,burst_user3,3,READ,0x3000052c000,8192
0,burst_user3,3,WRITE,0x3000052e000,8192
0,burst_user3,3,READ,0x30000530000,8192
0,burst_user3,3,READ,0x30000532000,8192
0,burst_user3,3,WRITE,0x30000534000,8192
0,burst_user3,3,READ,0x30000536000,8192
0,burst_user3,3,READ,0x30000538000,8192
0,burst_user3,3,WRITE,0x3000053a000,8192
0,burst_user3,3,READ,0x3000053c000,8192
0,burst_user3,3,READ,0x3000053e000,8192
0,burst_user3,3,WRITE,0x30000540000,8192
0,burst_user3,3,READ,0x30000542000,8192
0,burst_user3,3,READ,0x30000544000,8192
0,burst_user3,3,WRITE,0x30000546000,8192
0,burst_user3,3,READ,0x30000548000,8192
0,burst_user3,3,READ,0x3000054a000,8192
0,burst_user3,3,WRITE,0x3000054c000,8192
0,burst_user3,3,READ,0x3000054e000,8192
0,burst_user3,3,READ,0x30000550000,8192
0,burst_user3,3,WRITE,0x30000552000,8192
0,burst_user3,3,READ,0x30000554000,8192
0,burst_user3,3,READ,0x30000556000,8192
0,burst_user3,3,WRITE,0x30000558000,8192
0,burst_user3,3,READ,0x3000055a000,8192
0,burst_user3,3,READ,0x3000055c000,8192
0,burst_user3,3,WRITE,0x3000055e000,8192
0,burst_user3,3,READ,0x30000560000,8192
0,burst_user3,3,READ,0x30000562000,8192
0,burst_user3,3,WRITE,0x30000564000,8192
0,burst_user3,3,READ,0x30000566000,8192
0,burst_user3,3,READ,0x30000568000,8192
0,burst_user3,3,WRITE,0x3000056a000,8192
0,burst_user3,3,READ,0x3000056c000,8192
0,burst_user3,3,READ,0x3000056e000,8192
0,burst_user3,3,WRITE,0x30000570000,8192
0,burst_user3,3,READ,0x30000572000,8192
0,burst_user3,3,READ,0x30000574000,8192
0,burst_user3,3,WRITE,0x30000576000,8192
0,burst_user3,3,READ,0x30000578000,8192
0,burst_user3,3,READ,0x3000057a000,8192
0,burst_user3,3,WRITE,0x3000057c000,8192
0,burst_user3,3,READ,0x3000057e000,8192
0,burst_user3,3,READ,0x30000580000,8192
0,burst_user3,3,WRITE,0x30000582000,8192
0,burst_user3,3,READ,0x30000584000,8192
0,burst_user3,3,READ,0x30000586000,8192
0,burst_user3,3,WRITE,0x30000588000,8192
0,burst_user3,3,READ,0x3000058a000,8192
0,burst_user3,3,READ,0x3000058c000,8192
0,burst_user3,3,WRITE,0x3000058e000,8192
0,burst_user3,3,READ,0x30000590000,8192
0,burst_user3,3,READ,0x30000592000,8192
0,burst_user3,3,WRITE,0x30000594000,8192
0,burst_user3,3,READ,0x30000596000,8192
0,burst_user3,3,READ,0x30000598000,8192
0,burst_user3,3,WRITE,0x3000059a000,8192
0,burst_user3,3,READ,0x3000059c000,8192
0,burst_user3,3,READ,0x3000059e000,8192
0,burst_user3,3,WRITE,0x300005a0000,8192
0,burst_user3,3,READ,0x300005a2000,8192
0,burst_user3,3,READ,0x300005a4000,8192
0,burst_user3,3,WRITE,0x300005a6000,8192
0,burst_user3,3,READ,0x300005a8000,8192
0,burst_user3,3,READ,0x300005aa000,8192
0,burst_user3,3,WRITE,0x300005ac000,8192
0,burst_user3,3,READ,0x300005ae000,8192
0,burst_user3,3,READ,0x300005b0000,8192
0,burst_user3,3,WRITE,0x300005b2000,8192
0,burst_user3,3,READ,0x300005b4000,8192
0,burst_user3,3,READ,0x300005b6000,8192
0,burst_user3,3,WRITE,0x300005b8000,8192
0,burst_user3,3,READ,0x300005ba000,8192
0,burst_user3,3,READ,0x300005bc000,8192
0,burst_user3,3,WRITE,0x300005be000,8192
0,burst_user3,3,READ,0x300005c0000,8192
0,burst_user3,3,READ,0x300005c2000,8192
0,burst_user3,3,WRITE,0x300005c4000,8192
0,burst_user3,3,READ,0x300005c6000,8192
0,burst_user3,3,READ,0x300005c8000,8192
0,burst_user3,3,WRITE,0x300005ca000,8192
0,burst_user3,3,READ,0x300005cc000,8192
0,burst_user3,3,READ,0x300005ce000,8192
0,burst_user3,3,WRITE,0x300005d0000,8192
0,burst_user3,3,READ,0x300005d2000,8192
0,burst_user3,3,READ,0x300005d4000,8192
0,burst_user3,3,WRITE,0x300005d6000,8192
0,burst_user3,3,READ,0x300005d8000,8192
0,burst_user3,3,READ,0x300005da000,8192
0,burst_user3,3,WRITE,0x300005dc000,8192
0,burst_user3,3,READ,0x300005de000,8192
0,burst_user3,3,READ,0x300005e0000,8192
0,burst_user3,3,WRITE,0x300005e2000,8192
0,burst_user3,3,READ,0x300005e4000,8192
0,burst_user3,3,READ,0x300005e6000,8192
0,burst_user3,3,WRITE,0x300005e8000,8192
0,burst_user3,3,READ,0x300005ea000,8192
0,burst_user3,3,READ,0x300005ec000,8192
0,burst_user3,3,WRITE,0x300005ee000,8192
0,burst_user3,3,READ,0x300005f0000,8192
0,burst_user3,3,READ,0x300005f2000,8192
0,burst_user3,3,WRITE,0x300005f4000,8192
0,burst_user3,3,READ,0x300005f6000,8192
0,burst_user3,3,READ,0x300005f8000,8192
0,burst_user3,3,WRITE,0x300005fa000,8192
0,burst_user3,3,READ,0x300005fc000,8192
0,burst_user3,3,READ,0x300005fe000,8192
0,burst_user3,3,WRITE,0x30000600000,8192
0,burst_user3,3,READ,0x30000602000,8192
0,burst_user3,3,READ,0x30000604000,8192
0,burst_user3,3,WRITE,0x30000606000,8192
0,burst_user3,3,READ,0x30000608000,8192
0,burst_user3,3,READ,0x3000060a000,8192
0,burst_user3,3,WRITE,0x3000060c000,8192
0,burst_user3,3,READ,0x3000060e000,8192
0,burst_user3,3,READ,0x30000610000,8192
0,burst_user3,3,WRITE,0x30000612000,8192
0,burst_user3,3,READ,0x30000614000,8192
0,burst_user3,3,READ,0x30000616000,8192
0,burst_user3,3,WRITE,0x30000618000,8192
0,burst_user3,3,READ,0x3000061a000,8192
0,burst_user3,3,READ,0x3000061c000,8192
0,burst_user3,3,WRITE,0x3000061e000,8192
0,burst_user3,3,READ,0x30000620000,8192
0,burst_user3,3,READ,0x30000622000,8192
0,burst_user3,3,WRITE,0x30000624000,8192
0,burst_user3,3,READ,0x30000626000,8192
0,burst_user3,3,READ,0x30000628000,8192
0,burst_user3,3,WRITE,0x3000062a000,8192
0,burst_user3,3,READ,0x3000062c000,8192
0,burst_user3,3,READ,0x3000062e000,8192
0,burst_user3,3,WRITE,0x30000630000,8192
0,burst_user3,3,READ,0x30000632000,8192
0,burst_user3,3,READ,0x30000634000,8192
0,burst_user3,3,WRITE,0x30000636000,8192
0,burst_user3,3,READ,0x30000638000,8192
0,burst_user3,3,READ,0x3000063a000,8192
0,burst_user3,3,WRITE,0x3000063c000,8192
0,burst_user3,3,READ,0x3000063e000,8192
0,burst_user3,3,READ,0x30000640000,8192
0,burst_user3,3,WRITE,0x30000642000,8192
0,burst_user3,3,READ,0x30000644000,8192
0,burst_user3,3,READ,0x30000646000,8192
0,burst_user3,3,WRITE,0x30000648000,8192
0,burst_user3,3,READ,0x3000064a000,8192
0,burst_user3,3,READ,0x3000064c000,8192
0,burst_user3,3,WRITE,0x3000064e000,8192
0,burst_user3,3,READ,0x30000650000,8192
0,burst_user3,3,READ,0x30000652000,8192
0,burst_user3,3,WRITE,0x30000654000,8192
0,burst_user3,3,READ,0x30000656000,8192
0,burst_user3,3,READ,0x30000658000,8192
0,burst_user3,3,WRITE,0x3000065a000,8192
0,burst_user3,3,READ,0x3000065c000,8192
0,burst_user3,3,READ,0x3000065e000,8192
0,burst_user3,3,WRITE,0x30000660000,8192
0,burst_user3,3,READ,0x30000662000,8192
0,burst_user3,3,READ,0x30000664000,8192
0,burst_user3,3,WRITE,0x30000666000,8192
0,burst_user3,3,READ,0x30000668000,8192
0,burst_user3,3,READ,0x3000066a000,8192
0,burst_user3,3,WRITE,0x3000066c000,8192
0,burst_user3,3,READ,0x3000066e000,8192
0,burst_user3,3,READ,0x30000670000,8192
0,burst_user3,3,WRITE,0x30000672000,8192
0,burst_user3,3,READ,0x30000674000,8192
0,burst_user3,3,READ,0x30000676000,8192
0,burst_user3,3,WRITE,0x30000678000,8192
0,burst_user3,3,READ,0x3000067a000,8192
0,burst_user3,3,READ,0x3000067c000,8192
0,burst_user3,3,WRITE,0x3000067e000,8192
0,burst_user3,3,READ,0x30000680000,8192
0,burst_user3,3,READ,0x30000682000,8192
0,burst_user3,3,WRITE,0x30000684000,8192
0,burst_user3,3,READ,0x30000686000,8192
0,burst_user3,3,READ,0x30000688000,8192
0,burst_user3,3,WRITE,0x3000068a000,8192
0,burst_user3,3,READ,0x3000068c000,8192
0,burst_user3,3,READ,0x3000068e000,8192
0,burst_user3,3,WRITE,0x30000690000,8192
0,burst_user3,3,READ,0x30000692000,8192
0,burst_user3,3,READ,0x30000694000,8192
0,burst_user3,3,WRITE,0x30000696000,8192
0,burst_user3,3,READ,0x30000698000,8192
0,burst_user3,3,READ,0x3000069a000,8192
0,burst_user3,3,WRITE,0x3000069c000,8192
0,burst_user3,3,READ,0x3000069e000,8192
0,burst_user3,3,READ,0x300006a0000,8192
0,burst_user3,3,WRITE,0x300006a2000,8192
0,burst_user3,3,READ,0x300006a4000,8192
0,burst_user3,3,READ,0x300006a6000,8192
0,burst_user3,3,WRITE,0x300006a8000,8192
0,burst_user3,3,READ,0x300006aa000,8192
0,burst_user3,3,READ,0x300006ac000,8192
0,burst_user3,3,WRITE,0x300006ae000,8192
0,burst_user3,3,READ,0x300006b0000,8192
0,burst_user3,3,READ,0x300006b2000,8192
0,burst_user3,3,WRITE,0x300006b4000,8192
0,burst_user3,3,READ,0x300006b6000,8192
0,burst_user3,3,READ,0x300006b8000,8192
0,burst_user3,3,WRITE,0x300006ba000,8192
0,burst_user3,3,READ,0x300006bc000,8192
0,burst_user3,3,READ,0x300006be000,8192
0,burst_user3,3,WRITE,0x300006c0000,8192
0,burst_user3,3,READ,0x300006c2000,8192
0,burst_user3,3,READ,0x300006c4000,8192
0,burst_user3,3,WRITE,0x300006c6000,8192
0,burst_user3,3,READ,0x300006c8000,8192
0,burst_user3,3,READ,0x300006ca000,8192
0,burst_user3,3,WRITE,0x300006cc000,8192
0,burst_user3,3,READ,0x300006ce000,8192
0,burst_user3,3,READ,0x300006d0000,8192
0,burst_user3,3,WRITE,0x300006d2000,8192
0,burst_user3,3,READ,0x300006d4000,8192
0,burst_user3,3,READ,0x300006d6000,8192
0,burst_user3,3,WRITE,0x300006d8000,8192
0,burst_user3,3,READ,0x300006da000,8192
0,burst_user3,3,READ,0x300006dc000,8192
0,burst_user3,3,WRITE,0x300006de000,8192
0,burst_user3,3,READ,0x300006e0000,8192
0,burst_user3,3,READ,0x300006e2000,8192
0,burst_user3,3,WRITE,0x300006e4000,8192
0,burst_user3,3,READ,0x300006e6000,8192
0,burst_user3,3,READ,0x300006e8000,8192
0,burst_user3,3,WRITE,0x300006ea000,8192
0,burst_user3,3,READ,0x300006ec000,8192
0,burst_user3,3,READ,0x300006ee000,8192
0,burst_user3,3,WRITE,0x300006f0000,8192
0,burst_user3,3,READ,0x300006f2000,8192
0,burst_user3,3,READ,0x300006f4000,8192
0,burst_user3,3,WRITE,0x300006f6000,8192
0,burst_user3,3,READ,0x300006f8000,8192
0,burst_user3,3,READ,0x300006fa000,8192
0,burst_user3,3,WRITE,0x300006fc000,8192
0,burst_user3,3,READ,0x300006fe000,8192
0,burst_user3,3,READ,0x30000700000,8192
0,burst_user3,3,WRITE,0x30000702000,8192
0,burst_user3,3,READ,0x30000704000,8192
0,burst_user3,3,READ,0x30000706000,8192
0,burst_user3,3,WRITE,0x30000708000,8192
0,burst_user3,3,READ,0x3000070a000,8192
0,burst_user3,3,READ,0x3000070c000,8192
0,burst_user3,3,WRITE,0x3000070e000,8192
0,burst_user3,3,READ,0x30000710000,8192
0,burst_user3,3,READ,0x30000712000,8192
0,burst_user3,3,WRITE,0x30000714000,8192
0,burst_user3,3,READ,0x30000716000,8192
0,burst_user3,3,READ,0x30000718000,8192
0,burst_user3,3,WRITE,0x3000071a000,8192
0,burst_user3,3,READ,0x3000071c000,8192
0,burst_user3,3,READ,0x3000071e000,8192
0,burst_user3,3,WRITE,0x30000720000,8192
0,burst_user3,3,READ,0x30000722000,8192
0,burst_user3,3,READ,0x30000724000,8192
0,burst_user3,3,WRITE,0x30000726000,8192
0,burst_user3,3,READ,0x30000728000,8192
0,burst_user3,3,READ,0x3000072a000,8192
0,burst_user3,3,WRITE,0x3000072c000,8192
0,burst_user3,3,READ,0x3000072e000,8192
0,burst_user3,3,READ,0x30000730000,8192
0,burst_user3,3,WRITE,0x30000732000,8192
0,burst_user3,3,READ,0x30000734000,8192
0,burst_user3,3,READ,0x30000736000,8192
0,burst_user3,3,WRITE,0x30000738000,8192
0,burst_user3,3,READ,0x3000073a000,8192
0,burst_user3,3,READ,0x3000073c000,8192
0,burst_user3,3,WRITE,0x3000073e000,8192
0,burst_user3,3,READ,0x30000740000,8192
0,burst_user3,3,READ,0x30000742000,8192
0,burst_user3,3,WRITE,0x30000744000,8192
0,burst_user3,3,READ,0x30000746000,8192
0,burst_user3,3,READ,0x30000748000,8192
0,burst_user3,3,WRITE,0x3000074a000,8192
0,burst_user3,3,READ,0x3000074c000,8192
0,burst_user3,3,READ,0x3000074e000,8192
0,burst_user3,3,WRITE,0x30000750000,8192
0,burst_user3,3,READ,0x30000752000,8192
0,burst_user3,3,READ,0x30000754000,8192
0,burst_user3,3,WRITE,0x30000756000,8192
0,burst_user3,3,READ,0x30000758000,8192
0,burst_user3,3,READ,0x3000075a000,8192
0,burst_user3,3,WRITE,0x3000075c000,8192
0,burst_user3,3,READ,0x3000075e000,8192
0,burst_user3,3,READ,0x30000760000,8192
0,burst_user3,3,WRITE,0x30000762000,8192
0,burst_user3,3,READ,0x30000764000,8192
0,burst_user3,3,READ,0x30000766000,8192
0,burst_user3,3,WRITE,0x30000768000,8192
0,burst_user3,3,READ,0x3000076a000,8192
0,burst_user3,3,READ,0x3000076c000,8192
0,burst_user3,3,WRITE,0x3000076e000,8192
0,burst_user3,3,READ,0x30000770000,8192
0,burst_user3,3,READ,0x30000772000,8192
0,burst_user3,3,WRITE,0x30000774000,8192
0,burst_user3,3,READ,0x30000776000,8192
0,burst_user3,3,READ,0x30000778000,8192
0,burst_user3,3,WRITE,0x3000077a000,8192
0,burst_user3,3,READ,0x3000077c000,8192
0,burst_user3,3,READ,0x3000077e000,8192
0,burst_user3,3,WRITE,0x30000780000,8192
0,burst_user3,3,READ,0x30000782000,8192
0,burst_user3,3,READ,0x30000784000,8192
0,burst_user3,3,WRITE,0x30000786000,8192
0,burst_user3,3,READ,0x30000788000,8192
0,burst_user3,3,READ,0x3000078a000,8192
0,burst_user3,3,WRITE,0x3000078c000,8192
0,burst_user3,3,READ,0x3000078e000,8192
0,burst_user3,3,READ,0x30000790000,8192
0,burst_user3,3,WRITE,0x30000792000,8192
0,burst_user3,3,READ,0x30000794000,8192
0,burst_user3,3,READ,0x30000796000,8192
0,burst_user3,3,WRITE,0x30000798000,8192
0,burst_user3,3,READ,0x3000079a000,8192
0,burst_user3,3,READ,0x3000079c000,8192
0,burst_user3,3,WRITE,0x3000079e000,8192
0,burst_user3,3,READ,0x300007a0000,8192
0,burst_user3,3,READ,0x300007a2000,8192
0,burst_user3,3,WRITE,0x300007a4000,8192
0,burst_user3,3,READ,0x300007a6000,8192
0,burst_user3,3,READ,0x300007a8000,8192
0,burst_user3,3,WRITE,0x300007aa000,8192
0,burst_user3,3,READ,0x300007ac000,8192
0,burst_user3,3,READ,0x300007ae000,8192
0,burst_user3,3,WRITE,0x300007b0000,8192
0,burst_user3,3,READ,0x300007b2000,8192
0,burst_user3,3,READ,0x300007b4000,8192
0,burst_user3,3,WRITE,0x300007b6000,8192
0,burst_user3,3,READ,0x300007b8000,8192
0,burst_user3,3,READ,0x300007ba000,8192
0,burst_user3,3,WRITE,0x300007bc000,8192
0,burst_user3,3,READ,0x300007be000,8192
0,burst_user3,3,READ,0x300007c0000,8192
0,burst_user3,3,WRITE,0x300007c2000,8192
0,burst_user3,3,READ,0x300007c4000,8192
0,burst_user3,3,READ,0x300007c6000,8192
0,burst_user3,3,WRITE,0x300007c8000,8192
0,burst_user3,3,READ,0x300007ca000,8192
0,burst_user3,3,READ,0x300007cc000,8192
0,burst_user3,3,WRITE,0x300007ce000,8192
0,burst_user3,3,READ,0x300007d0000,8192
0,burst_user3,3,READ,0x300007d2000,8192
0,burst_user3,3,WRITE,0x300007d4000,8192
0,burst_user3,3,READ,0x300007d6000,8192
0,burst_user3,3,READ,0x300007d8000,8192
0,burst_user3,3,WRITE,0x300007da000,8192
0,burst_user3,3,READ,0x300007dc000,8192
0,burst_user3,3,READ,0x300007de000,8192
0,burst_user3,3,WRITE,0x300007e0000,8192
0,burst_user3,3,READ,0x300007e2000,8192
0,burst_user3,3,READ,0x300007e4000,8192
0,burst_user3,3,WRITE,0x300007e6000,8192
0,burst_user3,3,READ,0x300007e8000,8192
0,burst_user3,3,READ,0x300007ea000,8192
0,burst_user3,3,WRITE,0x300007ec000,8192
0,burst_user3,3,READ,0x300007ee000,8192
0,burst_user3,3,READ,0x300007f0000,8192
0,burst_user3,3,WRITE,0x300007f2000,8192
0,burst_user3,3,READ,0x300007f4000,8192
0,burst_user3,3,READ,0x300007f6000,8192
0,burst_user3,3,WRITE,0x300007f8000,8192
0,burst_user3,3,READ,0x300007fa000,8192
0,burst_user3,3,READ,0x300007fc000,8192
0,burst_user3,3,WRITE,0x300007fe000,8192
0,burst_user3,3,READ,0x30000800000,8192
0,burst_user3,3,READ,0x30000802000,8192
0,burst_user3,3,WRITE,0x30000804000,8192
0,burst_user3,3,READ,0x30000806000,8192
0,burst_user3,3,READ,0x30000808000,8192
0,burst_user3,3,WRITE,0x3000080a000,8192
0,burst_user3,3,READ,0x3000080c000,8192
0,burst_user3,3,READ,0x3000080e000,8192
0,burst_user3,3,WRITE,0x30000810000,8192
0,burst_user3,3,READ,0x30000812000,8192
0,burst_user3,3,READ,0x30000814000,8192
0,burst_user3,3,WRITE,0x30000816000,8192
0,burst_user3,3,READ,0x30000818000,8192
0,burst_user3,3,READ,0x3000081a000,8192
0,burst_user3,3,WRITE,0x3000081c000,8192
0,burst_user3,3,READ,0x3000081e000,8192
0,burst_user3,3,READ,0x30000820000,8192
0,burst_user3,3,WRITE,0x30000822000,8192
0,burst_user3,3,READ,0x30000824000,8192
0,burst_user3,3,READ,0x30000826000,8192
0,burst_user3,3,WRITE,0x30000828000,8192
0,burst_user3,3,READ,0x3000082a000,8192
0,burst_user3,3,READ,0x3000082c000,8192
0,burst_user3,3,WRITE,0x3000082e000,8192
0,burst_user3,3,READ,0x30000830000,8192
0,burst_user3,3,READ,0x30000832000,8192
0,burst_user3,3,WRITE,0x30000834000,8192
0,burst_user3,3,READ,0x30000836000,8192
0,burst_user3,3,READ,0x30000838000,8192
0,burst_user3,3,WRITE,0x3000083a000,8192
0,burst_user3,3,READ,0x3000083c000,8192
0,burst_user3,3,READ,0x3000083e000,8192
0,burst_user3,3,WRITE,0x30000840000,8192
0,burst_user3,3,READ,0x30000842000,8192
0,burst_user3,3,READ,0x30000844000,8192
0,burst_user3,3,WRITE,0x30000846000,8192
0,burst_user3,3,READ,0x30000848000,8192
0,burst_user3,3,READ,0x3000084a000,8192
0,burst_user3,3,WRITE,0x3000084c000,8192
0,burst_user3,3,READ,0x3000084e000,8192
0,burst_user3,3,READ,0x30000850000,8192
0,burst_user3,3,WRITE,0x30000852000,8192
0,burst_user3,3,READ,0x30000854000,8192
0,burst_user3,3,READ,0x30000856000,8192
0,burst_user3,3,WRITE,0x30000858000,8192
0,burst_user3,3,READ,0x3000085a000,8192
0,burst_user3,3,READ,0x3000085c000,8192
0,burst_user3,3,WRITE,0x3000085e000,8192
0,burst_user3,3,READ,0x30000860000,8192
0,burst_user3,3,READ,0x30000862000,8192
0,burst_user3,3,WRITE,0x30000864000,8192
0,burst_user3,3,READ,0x30000866000,8192
0,burst_user3,3,READ,0x30000868000,8192
0,burst_user3,3,WRITE,0x3000086a000,8192
0,burst_user3,3,READ,0x3000086c000,8192
0,burst_user3,3,READ,0x3000086e000,8192
0,burst_user3,3,WRITE,0x30000870000,8192
0,burst_user3,3,READ,0x30000872000,8192
0,burst_user3,3,READ,0x30000874000,8192
0,burst_user3,3,WRITE,0x30000876000,8192
0,burst_user3,3,READ,0x30000878000,8192
0,burst_user3,3,READ,0x3000087a000,8192
0,burst_user3,3,WRITE,0x3000087c000,8192
0,burst_user3,3,READ,0x3000087e000,8192
0,burst_user3,3,READ,0x30000880000,8192
0,burst_user3,3,WRITE,0x30000882000,8192
0,burst_user3,3,READ,0x30000884000,8192
0,burst_user3,3,READ,0x30000886000,8192
0,burst_user3,3,WRITE,0x30000888000,8192
0,burst_user3,3,READ,0x3000088a000,8192
0,burst_user3,3,READ,0x3000088c000,8192
0,burst_user3,3,WRITE,0x3000088e000,8192
0,burst_user3,3,READ,0x30000890000,8192
0,burst_user3,3,READ,0x30000892000,8192
0,burst_user3,3,WRITE,0x30000894000,8192
0,burst_user3,3,READ,0x30000896000,8192
0,burst_user3,3,READ,0x30000898000,8192
0,burst_user3,3,WRITE,0x3000089a000,8192
0,burst_user3,3,READ,0x3000089c000,8192
0,burst_user3,3,READ,0x3000089e000,8192
0,burst_user3,3,WRITE,0x300008a0000,8192
0,burst_user3,3,READ,0x300008a2000,8192
0,burst_user3,3,READ,0x300008a4000,8192
0,burst_user3,3,WRITE,0x300008a6000,8192
0,burst_user3,3,READ,0x300008a8000,8192
0,burst_user3,3,READ,0x300008aa000,8192
0,burst_user3,3,WRITE,0x300008ac000,8192
0,burst_user3,3,READ,0x300008ae000,8192
0,burst_user3,3,READ,0x300008b0000,8192
0,burst_user3,3,WRITE,0x300008b2000,8192
0,burst_user3,3,READ,0x300008b4000,8192
0,burst_user3,3,READ,0x300008b6000,8192
0,burst_user3,3,WRITE,0x300008b8000,8192
0,burst_user3,3,READ,0x300008ba000,8192
0,burst_user3,3,READ,0x300008bc000,8192
0,burst_user3,3,WRITE,0x300008be000,8192
0,burst_user3,3,READ,0x300008c0000,8192
0,burst_user3,3,READ,0x300008c2000,8192
0,burst_user3,3,WRITE,0x300008c4000,8192
0,burst_user3,3,READ,0x300008c6000,8192
0,burst_user3,3,READ,0x300008c8000,8192
0,burst_user3,3,WRITE,0x300008ca000,8192
0,burst_user3,3,READ,0x300008cc000,8192
0,burst_user3,3,READ,0x300008ce000,8192
0,burst_user3,3,WRITE,0x300008d0000,8192
0,burst_user3,3,READ,0x300008d2000,8192
0,burst_user3,3,READ,0x300008d4000,8192
0,burst_user3,3,WRITE,0x300008d6000,8192
0,burst_user3,3,READ,0x300008d8000,8192
0,burst_user3,3,READ,0x300008da000,8192
0,burst_user3,3,WRITE,0x300008dc000,8192
0,burst_user3,3,READ,0x300008de000,8192
0,burst_user3,3,READ,0x300008e0000,8192
0,burst_user3,3,WRITE,0x300008e2000,8192
0,burst_user3,3,READ,0x300008e4000,8192
0,burst_user3,3,READ,0x300008e6000,8192
0,burst_user3,3,WRITE,0x300008e8000,8192
0,burst_user3,3,READ,0x300008ea000,8192
0,burst_user3,3,READ,0x300008ec000,8192
0,burst_user3,3,WRITE,0x300008ee000,8192
0,burst_user3,3,READ,0x300008f0000,8192
0,burst_user3,3,READ,0x300008f2000,8192
0,burst_user3,3,WRITE,0x300008f4000,8192
0,burst_user3,3,READ,0x300008f6000,8192
0,burst_user3,3,READ,0x300008f8000,8192
0,burst_user3,3,WRITE,0x300008fa000,8192
0,burst_user3,3,READ,0x300008fc000,8192
0,burst_user3,3,READ,0x300008fe000,8192
0,burst_user3,3,WRITE,0x30000900000,8192
0,burst_user3,3,READ,0x30000902000,8192
0,burst_user3,3,READ,0x30000904000,8192
0,burst_user3,3,WRITE,0x30000906000,8192
0,burst_user3,3,READ,0x30000908000,8192
0,burst_user3,3,READ,0x3000090a000,8192
0,burst_user3,3,WRITE,0x3000090c000,8192
0,burst_user3,3,READ,0x3000090e000,8192
0,burst_user3,3,READ,0x30000910000,8192
0,burst_user3,3,WRITE,0x30000912000,8192
0,burst_user3,3,READ,0x30000914000,8192
0,burst_user3,3,READ,0x30000916000,8192
0,burst_user3,3,WRITE,0x30000918000,8192
0,burst_user3,3,READ,0x3000091a000,8192
0,burst_user3,3,READ,0x3000091c000,8192
0,burst_user3,3,WRITE,0x3000091e000,8192
0,burst_user3,3,READ,0x30000920000,8192
0,burst_user3,3,READ,0x30000922000,8192
0,burst_user3,3,WRITE,0x30000924000,8192
0,burst_user3,3,READ,0x30000926000,8192
0,burst_user3,3,READ,0x30000928000,8192
0,burst_user3,3,WRITE,0x3000092a000,8192
0,burst_user3,3,READ,0x3000092c000,8192
0,burst_user3,3,READ,0x3000092e000,8192
0,burst_user3,3,WRITE,0x30000930000,8192
0,burst_user3,3,READ,0x30000932000,8192
0,burst_user3,3,READ,0x30000934000,8192
0,burst_user3,3,WRITE,0x30000936000,8192
0,burst_user3,3,READ,0x30000938000,8192
0,burst_user3,3,READ,0x3000093a000,8192
0,burst_user3,3,WRITE,0x3000093c000,8192
0,burst_user3,3,READ,0x3000093e000,8192
0,burst_user3,3,READ,0x30000940000,8192
0,burst_user3,3,WRITE,0x30000942000,8192
0,burst_user3,3,READ,0x30000944000,8192
0,burst_user3,3,READ,0x30000946000,8192
0,burst_user3,3,WRITE,0x30000948000,8192
0,burst_user3,3,READ,0x3000094a000,8192
0,burst_user3,3,READ,0x3000094c000,8192
0,burst_user3,3,WRITE,0x3000094e000,8192
0,burst_user3,3,READ,0x30000950000,8192
0,burst_user3,3,READ,0x30000952000,8192
0,burst_user3,3,WRITE,0x30000954000,8192
0,burst_user3,3,READ,0x30000956000,8192
0,burst_user3,3,READ,0x30000958000,8192
0,burst_user3,3,WRITE,0x3000095a000,8192
0,burst_user3,3,READ,0x3000095c000,8192
0,burst_user3,3,READ,0x3000095e000,8192
0,burst_user3,3,WRITE,0x30000960000,8192
0,burst_user3,3,READ,0x30000962000,8192
0,burst_user3,3,READ,0x30000964000,8192
0,burst_user3,3,WRITE,0x30000966000,8192
0,burst_user3,3,READ,0x30000968000,8192
0,burst_user3,3,READ,0x3000096a000,8192
0,burst_user3,3,WRITE,0x3000096c000,8192
0,burst_user3,3,READ,0x3000096e000,8192
0,burst_user3,3,READ,0x30000970000,8192
0,burst_user3,3,WRITE,0x30000972000,8192
0,burst_user3,3,READ,0x30000974000,8192
0,burst_user3,3,READ,0x30000976000,8192
0,burst_user3,3,WRITE,0x30000978000,8192
0,burst_user3,3,READ,0x3000097a000,8192
0,burst_user3,3,READ,0x3000097c000,8192
0,burst_user3,3,WRITE,0x3000097e000,8192
0,burst_user3,3,READ,0x30000980000,8192
0,burst_user3,3,READ,0x30000982000,8192
0,burst_user3,3,WRITE,0x30000984000,8192
0,burst_user3,3,READ,0x30000986000,8192
0,burst_user3,3,READ,0x30000988000,8192
0,burst_user3,3,WRITE,0x3000098a000,8192
0,burst_user3,3,READ,0x3000098c000,8192
0,burst_user3,3,READ,0x3000098e000,8192
0,burst_user3,3,WRITE,0x30000990000,8192
0,burst_user3,3,READ,0x30000992000,8192
0,burst_user3,3,READ,0x30000994000,8192
0,burst_user3,3,WRITE,0x30000996000,8192
0,burst_user3,3,READ,0x30000998000,8192
0,burst_user3,3,READ,0x3000099a000,8192
0,burst_user3,3,WRITE,0x3000099c000,8192
0,burst_user3,3,READ,0x3000099e000,8192
0,burst_user3,3,READ,0x300009a0000,8192
0,burst_user3,3,WRITE,0x300009a2000,8192
0,burst_user3,3,READ,0x300009a4000,8192
0,burst_user3,3,READ,0x300009a6000,8192
0,burst_user3,3,WRITE,0x300009a8000,8192
0,burst_user3,3,READ,0x300009aa000,8192
0,burst_user3,3,READ,0x300009ac000,8192
0,burst_user3,3,WRITE,0x300009ae000,8192
0,burst_user3,3,READ,0x300009b0000,8192
0,burst_user3,3,READ,0x300009b2000,8192
0,burst_user3,3,WRITE,0x300009b4000,8192
0,burst_user3,3,READ,0x300009b6000,8192
0,burst_user3,3,READ,0x300009b8000,8192
0,burst_user3,3,WRITE,0x300009ba000,8192
0,burst_user3,3,READ,0x300009bc000,8192
0,burst_user3,3,READ,0x300009be000,8192
0,burst_user3,3,WRITE,0x300009c0000,8192
0,burst_user3,3,READ,0x300009c2000,8192
0,burst_user3,3,READ,0x300009c4000,8192
0,burst_user3,3,WRITE,0x300009c6000,8192
0,burst_user3,3,READ,0x300009c8000,8192
0,burst_user3,3,READ,0x300009ca000,8192
0,burst_user3,3,WRITE,0x300009cc000,8192
0,burst_user3,3,READ,0x300009ce000,8192
0,burst_user3,3,READ,0x300009d0000,8192
0,burst_user3,3,WRITE,0x300009d2000,8192
0,burst_user3,3,READ,0x300009d4000,8192
0,burst_user3,3,READ,0x300009d6000,8192
0,burst_user3,3,WRITE,0x300009d8000,8192
0,burst_user3,3,READ,0x300009da000,8192
0,burst_user3,3,READ,0x300009dc000,8192
0,burst_user3,3,WRITE,0x300009de000,8192
0,burst_user3,3,READ,0x300009e0000,8192
0,burst_user3,3,READ,0x300009e2000,8192
0,burst_user3,3,WRITE,0x300009e4000,8192
0,burst_user3,3,READ,0x300009e6000,8192
0,burst_user3,3,READ,0x300009e8000,8192
0,burst_user3,3,WRITE,0x300009ea000,8192
0,burst_user3,3,READ,0x300009ec000,8192
0,burst_user3,3,READ,0x300009ee000,8192
0,burst_user3,3,WRITE,0x300009f0000,8192
0,burst_user3,3,READ,0x300009f2000,8192
0,burst_user3,3,READ,0x300009f4000,8192
0,burst_user3,3,WRITE,0x300009f6000,8192
0,burst_user3,3,READ,0x300009f8000,8192
0,burst_user3,3,READ,0x300009fa000,8192
0,burst_user3,3,WRITE,0x300009fc000,8192
0,burst_user3,3,READ,0x300009fe000,8192
0,burst_user3,3,READ,0x30000a00000,8192
0,burst_user3,3,WRITE,0x30000a02000,8192
0,burst_user3,3,READ,0x30000a04000,8192
0,burst_user3,3,READ,0x30000a06000,8192
0,burst_user3,3,WRITE,0x30000a08000,8192
0,burst_user3,3,READ,0x30000a0a000,8192
0,burst_user3,3,READ,0x30000a0c000,8192
0,burst_user3,3,WRITE,0x30000a0e000,8192
0,burst_user3,3,READ,0x30000a10000,8192
0,burst_user3,3,READ,0x30000a12000,8192
0,burst_user3,3,WRITE,0x30000a14000,8192
0,burst_user3,3,READ,0x30000a16000,8192
0,burst_user3,3,READ,0x30000a18000,8192
0,burst_user3,3,WRITE,0x30000a1a000,8192
0,burst_user3,3,READ,0x30000a1c000,8192
0,burst_user3,3,READ,0x30000a1e000,8192
0,burst_user3,3,WRITE,0x30000a20000,8192
0,burst_user3,3,READ,0x30000a22000,8192
0,burst_user3,3,READ,0x30000a24000,8192
0,burst_user3,3,WRITE,0x30000a26000,8192
0,burst_user3,3,READ,0x30000a28000,8192
0,burst_user3,3,READ,0x30000a2a000,8192
0,burst_user3,3,WRITE,0x30000a2c000,8192
0,burst_user3,3,READ,0x30000a2e000,8192
0,burst_user3,3,READ,0x30000a30000,8192
0,burst_user3,3,WRITE,0x30000a32000,8192
0,burst_user3,3,READ,0x30000a34000,8192
0,burst_user3,3,READ,0x30000a36000,8192
0,burst_user3,3,WRITE,0x30000a38000,8192
0,burst_user3,3,READ,0x30000a3a000,8192
0,burst_user3,3,READ,0x30000a3c000,8192
0,burst_user3,3,WRITE,0x30000a3e000,8192
0,burst_user3,3,READ,0x30000a40000,8192
0,burst_user3,3,READ,0x30000a42000,8192
0,burst_user3,3,WRITE,0x30000a44000,8192
0,burst_user3,3,READ,0x30000a46000,8192
0,burst_user3,3,READ,0x30000a48000,8192
0,burst_user3,3,WRITE,0x30000a4a000,8192
0,burst_user3,3,READ,0x30000a4c000,8192
0,burst_user3,3,READ,0x30000a4e000,8192
0,burst_user3,3,WRITE,0x30000a50000,8192
0,burst_user3,3,READ,0x30000a52000,8192
0,burst_user3,3,READ,0x30000a54000,8192
0,burst_user3,3,WRITE,0x30000a56000,8192
0,burst_user3,3,READ,0x30000a58000,8192
0,burst_user3,3,READ,0x30000a5a000,8192
0,burst_user3,3,WRITE,0x30000a5c000,8192
0,burst_user3,3,READ,0x30000a5e000,8192
0,burst_user3,3,READ,0x30000a60000,8192
0,burst_user3,3,WRITE,0x30000a62000,8192
0,burst_user3,3,READ,0x30000a64000,8192
0,burst_user3,3,READ,0x30000a66000,8192
0,burst_user3,3,WRITE,0x30000a68000,8192
0,burst_user3,3,READ,0x30000a6a000,8192
0,burst_user3,3,READ,0x30000a6c000,8192
0,burst_user3,3,WRITE,0x30000a6e000,8192
0,burst_user3,3,READ,0x30000a70000,8192
0,burst_user3,3,READ,0x30000a72000,8192
0,burst_user3,3,WRITE,0x30000a74000,8192
0,burst_user3,3,READ,0x30000a76000,8192
0,burst_user3,3,READ,0x30000a78000,8192
0,burst_user3,3,WRITE,0x30000a7a000,8192
0,burst_user3,3,READ,0x30000a7c000,8192
0,burst_user3,3,READ,0x30000a7e000,8192
0,burst_user3,3,WRITE,0x30000a80000,8192
0,burst_user3,3,READ,0x30000a82000,8192
0,burst_user3,3,READ,0x30000a84000,8192
0,burst_user3,3,WRITE,0x30000a86000,8192
0,burst_user3,3,READ,0x30000a88000,8192
0,burst_user3,3,READ,0x30000a8a000,8192
0,burst_user3,3,WRITE,0x30000a8c000,8192
0,burst_user3,3,READ,0x30000a8e000,8192
0,burst_user3,3,READ,0x30000a90000,8192
0,burst_user3,3,WRITE,0x30000a92000,8192
0,burst_user3,3,READ,0x30000a94000,8192
0,burst_user3,3,READ,0x30000a96000,8192
0,burst_user3,3,WRITE,0x30000a98000,8192
0,burst_user3,3,READ,0x30000a9a000,8192
0,burst_user3,3,READ,0x30000a9c000,8192
0,burst_user3,3,WRITE,0x30000a9e000,8192
0,burst_user3,3,READ,0x30000aa0000,8192
0,burst_user3,3,READ,0x30000aa2000,8192
0,burst_user3,3,WRITE,0x30000aa4000,8192
0,burst_user3,3,READ,0x30000aa6000,8192
0,burst_user3,3,READ,0x30000aa8000,8192
0,burst_user3,3,WRITE,0x30000aaa000,8192
0,burst_user3,3,READ,0x30000aac000,8192
0,burst_user3,3,READ,0x30000aae000,8192
0,burst_user3,3,WRITE,0x30000ab0000,8192
0,burst_user3,3,READ,0x30000ab2000,8192
0,burst_user3,3,READ,0x30000ab4000,8192
0,burst_user3,3,WRITE,0x30000ab6000,8192
0,burst_user3,3,READ,0x30000ab8000,8192
0,burst_user3,3,READ,0x30000aba000,8192
0,burst_user3,3,WRITE,0x30000abc000,8192
0,burst_user3,3,READ,0x30000abe000,8192
0,burst_user3,3,READ,0x30000ac0000,8192
0,burst_user3,3,WRITE,0x30000ac2000,8192
0,burst_user3,3,READ,0x30000ac4000,8192
0,burst_user3,3,READ,0x30000ac6000,8192
0,burst_user3,3,WRITE,0x30000ac8000,8192
0,burst_user3,3,READ,0x30000aca000,8192
0,burst_user3,3,READ,0x30000acc000,8192
0,burst_user3,3,WRITE,0x30000ace000,8192
0,burst_user3,3,READ,0x30000ad0000,8192
0,burst_user3,3,READ,0x30000ad2000,8192
0,burst_user3,3,WRITE,0x30000ad4000,8192
0,burst_user3,3,READ,0x30000ad6000,8192
0,burst_user3,3,READ,0x30000ad8000,8192
0,burst_user3,3,WRITE,0x30000ada000,8192
0,burst_user3,3,READ,0x30000adc000,8192
0,burst_user3,3,READ,0x30000ade000,8192
0,burst_user3,3,WRITE,0x30000ae0000,8192
0,burst_user3,3,READ,0x30000ae2000,8192
0,burst_user3,3,READ,0x30000ae4000,8192
0,burst_user3,3,WRITE,0x30000ae6000,8192
0,burst_user3,3,READ,0x30000ae8000,8192
0,burst_user3,3,READ,0x30000aea000,8192
0,burst_user3,3,WRITE,0x30000aec000,8192
0,burst_user3,3,READ,0x30000aee000,8192
0,burst_user3,3,READ,0x30000af0000,8192
0,burst_user3,3,WRITE,0x30000af2000,8192
0,burst_user3,3,READ,0x30000af4000,8192
0,burst_user3,3,READ,0x30000af6000,8192
0,burst_user3,3,WRITE,0x30000af8000,8192
0,burst_user3,3,READ,0x30000afa000,8192
0,burst_user3,3,READ,0x30000afc000,8192
0,burst_user3,3,WRITE,0x30000afe000,8192
0,burst_user3,3,READ,0x30000b00000,8192
0,burst_user3,3,READ,0x30000b02000,8192
0,burst_user3,3,WRITE,0x30000b04000,8192
0,burst_user3,3,READ,0x30000b06000,8192
0,burst_user3,3,READ,0x30000b08000,8192
0,burst_user3,3,WRITE,0x30000b0a000,8192
0,burst_user3,3,READ,0x30000b0c000,8192
0,burst_user3,3,READ,0x30000b0e000,8192
0,burst_user3,3,WRITE,0x30000b10000,8192
0,burst_user3,3,READ,0x30000b12000,8192
0,burst_user3,3,READ,0x30000b14000,8192
0,burst_user3,3,WRITE,0x30000b16000,8192
0,burst_user3,3,READ,0x30000b18000,8192
0,burst_user3,3,READ,0x30000b1a000,8192
0,burst_user3,3,WRITE,0x30000b1c000,8192
0,burst_user3,3,READ,0x30000b1e000,8192
0,burst_user3,3,READ,0x30000b20000,8192
0,burst_user3,3,WRITE,0x30000b22000,8192
0,burst_user3,3,READ,0x30000b24000,8192
0,burst_user3,3,READ,0x30000b26000,8192
0,burst_user3,3,WRITE,0x30000b28000,8192
0,burst_user3,3,READ,0x30000b2a000,8192
0,burst_user3,3,READ,0x30000b2c000,8192
0,burst_user3,3,WRITE,0x30000b2e000,8192
0,burst_user3,3,READ,0x30000b30000,8192
0,burst_user3,3,READ,0x30000b32000,8192
0,burst_user3,3,WRITE,0x30000b34000,8192
0,burst_user3,3,READ,0x30000b36000,8192
0,burst_user3,3,READ,0x30000b38000,8192
0,burst_user3,3,WRITE,0x30000b3a000,8192
0,burst_user3,3,READ,0x30000b3c000,8192
0,burst_user3,3,READ,0x30000b3e000,8192
0,burst_user3,3,WRITE,0x30000b40000,8192
0,burst_user3,3,READ,0x30000b42000,8192
0,burst_user3,3,READ,0x30000b44000,8192
0,burst_user3,3,WRITE,0x30000b46000,8192
0,burst_user3,3,READ,0x30000b48000,8192
0,burst_user3,3,READ,0x30000b4a000,8192
0,burst_user3,3,WRITE,0x30000b4c000,8192
0,burst_user3,3,READ,0x30000b4e000,8192
0,burst_user3,3,READ,0x30000b50000,8192
0,burst_user3,3,WRITE,0x30000b52000,8192
0,burst_user3,3,READ,0x30000b54000,8192
0,burst_user3,3,READ,0x30000b56000,8192
0,burst_user3,3,WRITE,0x30000b58000,8192
0,burst_user3,3,READ,0x30000b5a000,8192
0,burst_user3,3,READ,0x30000b5c000,8192
0,burst_user3,3,WRITE,0x30000b5e000,8192
0,burst_user3,3,READ,0x30000b60000,8192
0,burst_user3,3,READ,0x30000b62000,8192
0,burst_user3,3,WRITE,0x30000b64000,8192
0,burst_user3,3,READ,0x30000b66000,8192
0,burst_user3,3,READ,0x30000b68000,8192
0,burst_user3,3,WRITE,0x30000b6a000,8192
0,burst_user3,3,READ,0x30000b6c000,8192
0,burst_user3,3,READ,0x30000b6e000,8192
0,burst_user3,3,WRITE,0x30000b70000,8192
0,burst_user3,3,READ,0x30000b72000,8192
0,burst_user3,3,READ,0x30000b74000,8192
0,burst_user3,3,WRITE,0x30000b76000,8192
0,burst_user3,3,READ,0x30000b78000,8192
0,burst_user3,3,READ,0x30000b7a000,8192
0,burst_user3,3,WRITE,0x30000b7c000,8192
0,burst_user3,3,READ,0x30000b7e000,8192
0,burst_user3,3,READ,0x30000b80000,8192
0,burst_user3,3,WRITE,0x30000b82000,8192
0,burst_user3,3,READ,0x30000b84000,8192
0,burst_user3,3,READ,0x30000b86000,8192
0,burst_user3,3,WRITE,0x30000b88000,8192
0,burst_user3,3,READ,0x30000b8a000,8192
0,burst_user3,3,READ,0x30000b8c000,8192
0,burst_user3,3,WRITE,0x30000b8e000,8192
0,burst_user3,3,READ,0x30000b90000,8192
0,burst_user3,3,READ,0x30000b92000,8192
0,burst_user3,3,WRITE,0x30000b94000,8192
0,burst_user3,3,READ,0x30000b96000,8192
0,burst_user3,3,READ,0x30000b98000,8192
0,burst_user3,3,WRITE,0x30000b9a000,8192
0,burst_user3,3,READ,0x30000b9c000,8192
0,burst_user3,3,READ,0x30000b9e000,8192
0,burst_user3,3,WRITE,0x30000ba0000,8192
0,burst_user3,3,READ,0x30000ba2000,8192
0,burst_user3,3,READ,0x30000ba4000,8192
0,burst_user3,3,WRITE,0x30000ba6000,8192
0,burst_user3,3,READ,0x30000ba8000,8192
0,burst_user3,3,READ,0x30000baa000,8192
0,burst_user3,3,WRITE,0x30000bac000,8192
0,burst_user3,3,READ,0x30000bae000,8192
0,burst_user3,3,READ,0x30000bb0000,8192
0,burst_user3,3,WRITE,0x30000bb2000,8192
0,burst_user3,3,READ,0x30000bb4000,8192
0,burst_user3,3,READ,0x30000bb6000,8192
0,burst_user3,3,WRITE,0x30000bb8000,8192
0,burst_user3,3,READ,0x30000bba000,8192
0,burst_user3,3,READ,0x30000bbc000,8192
0,burst_user3,3,WRITE,0x30000bbe000,8192
0,burst_user3,3,READ,0x30000bc0000,8192
0,burst_user3,3,READ,0x30000bc2000,8192
0,burst_user3,3,WRITE,0x30000bc4000,8192
0,burst_user3,3,READ,0x30000bc6000,8192
0,burst_user3,3,READ,0x30000bc8000,8192
0,burst_user3,3,WRITE,0x30000bca000,8192
0,burst_user3,3,READ,0x30000bcc000,8192
0,burst_user3,3,READ,0x30000bce000,8192
0,burst_user3,3,WRITE,0x30000bd0000,8192
0,burst_user3,3,READ,0x30000bd2000,8192
0,burst_user3,3,READ,0x30000bd4000,8192
0,burst_user3,3,WRITE,0x30000bd6000,8192
0,burst_user3,3,READ,0x30000bd8000,8192
0,burst_user3,3,READ,0x30000bda000,8192
0,burst_user3,3,WRITE,0x30000bdc000,8192
0,burst_user3,3,READ,0x30000bde000,8192
0,burst_user3,3,READ,0x30000be0000,8192
0,burst_user3,3,WRITE,0x30000be2000,8192
0,burst_user3,3,READ,0x30000be4000,8192
0,burst_user3,3,READ,0x30000be6000,8192
0,burst_user3,3,WRITE,0x30000be8000,8192
0,burst_user3,3,READ,0x30000bea000,8192
0,burst_user3,3,READ,0x30000bec000,8192
0,burst_user3,3,WRITE,0x30000bee000,8192
0,burst_user3,3,READ,0x30000bf0000,8192
0,burst_user3,3,READ,0x30000bf2000,8192
0,burst_user3,3,WRITE,0x30000bf4000,8192
0,burst_user3,3,READ,0x30000bf6000,8192
0,burst_user3,3,READ,0x30000bf8000,8192
0,burst_user3,3,WRITE,0x30000bfa000,8192
0,burst_user3,3,READ,0x30000bfc000,8192
0,burst_user3,3,READ,0x30000bfe000,8192
0,burst_user3,3,WRITE,0x30000c00000,8192
0,burst_user3,3,READ,0x30000c02000,8192
0,burst_user3,3,READ,0x30000c04000,8192
0,burst_user3,3,WRITE,0x30000c06000,8192
0,burst_user3,3,READ,0x30000c08000,8192
0,burst_user3,3,READ,0x30000c0a000,8192
0,burst_user3,3,WRITE,0x30000c0c000,8192
0,burst_user3,3,READ,0x30000c0e000,8192
0,burst_user3,3,READ,0x30000c10000,8192
0,burst_user3,3,WRITE,0x30000c12000,8192
0,burst_user3,3,READ,0x30000c14000,8192
0,burst_user3,3,READ,0x30000c16000,8192
0,burst_user3,3,WRITE,0x30000c18000,8192
0,burst_user3,3,READ,0x30000c1a000,8192
0,burst_user3,3,READ,0x30000c1c000,8192
0,burst_user3,3,WRITE,0x30000c1e000,8192
0,burst_user3,3,READ,0x30000c20000,8192
0,burst_user3,3,READ,0x30000c22000,8192
0,burst_user3,3,WRITE,0x30000c24000,8192
0,burst_user3,3,READ,0x30000c26000,8192
0,burst_user3,3,READ,0x30000c28000,8192
0,burst_user3,3,WRITE,0x30000c2a000,8192
0,burst_user3,3,READ,0x30000c2c000,8192
0,burst_user3,3,READ,0x30000c2e000,8192
0,burst_user3,3,WRITE,0x30000c30000,8192
0,burst_user3,3,READ,0x30000c32000,8192
0,burst_user3,3,READ,0x30000c34000,8192
0,burst_user3,3,WRITE,0x30000c36000,8192
0,burst_user3,3,READ,0x30000c38000,8192
0,burst_user3,3,READ,0x30000c3a000,8192
0,burst_user3,3,WRITE,0x30000c3c000,8192
0,burst_user3,3,READ,0x30000c3e000,8192
0,burst_user3,3,READ,0x30000c40000,8192
0,burst_user3,3,WRITE,0x30000c42000,8192
0,burst_user3,3,READ,0x30000c44000,8192
0,burst_user3,3,READ,0x30000c46000,8192
0,burst_user3,3,WRITE,0x30000c48000,8192
0,burst_user3,3,READ,0x30000c4a000,8192
0,burst_user3,3,READ,0x30000c4c000,8192
0,burst_user3,3,WRITE,0x30000c4e000,8192
0,burst_user3,3,READ,0x30000c50000,8192
0,burst_user3,3,READ,0x30000c52000,8192
0,burst_user3,3,WRITE,0x30000c54000,8192
0,burst_user3,3,READ,0x30000c56000,8192
0,burst_user3,3,READ,0x30000c58000,8192
0,burst_user3,3,WRITE,0x30000c5a000,8192
0,burst_user3,3,READ,0x30000c5c000,8192
0,burst_user3,3,READ,0x30000c5e000,8192
0,burst_user3,3,WRITE,0x30000c60000,8192
0,burst_user3,3,READ,0x30000c62000,8192
0,burst_user3,3,READ,0x30000c64000,8192
0,burst_user3,3,WRITE,0x30000c66000,8192
0,burst_user3,3,READ,0x30000c68000,8192
0,burst_user3,3,READ,0x30000c6a000,8192
0,burst_user3,3,WRITE,0x30000c6c000,8192
0,burst_user3,3,READ,0x30000c6e000,8192
0,burst_user3,3,READ,0x30000c70000,8192
0,burst_user3,3,WRITE,0x30000c72000,8192
0,burst_user3,3,READ,0x30000c74000,8192
0,burst_user3,3,READ,0x30000c76000,8192
0,burst_user3,3,WRITE,0x30000c78000,8192
0,burst_user3,3,READ,0x30000c7a000,8192
0,burst_user3,3,READ,0x30000c7c000,8192
0,burst_user3,3,WRITE,0x30000c7e000,8192
0,burst_user3,3,READ,0x30000c80000,8192
0,burst_user3,3,READ,0x30000c82000,8192
0,burst_user3,3,WRITE,0x30000c84000,8192
0,burst_user3,3,READ,0x30000c86000,8192
0,burst_user3,3,READ,0x30000c88000,8192
0,burst_user3,3,WRITE,0x30000c8a000,8192
0,burst_user3,3,READ,0x30000c8c000,8192
0,burst_user3,3,READ,0x30000c8e000,8192
0,burst_user3,3,WRITE,0x30000c90000,8192
0,burst_user3,3,READ,0x30000c92000,8192
0,burst_user3,3,READ,0x30000c94000,8192
0,burst_user3,3,WRITE,0x30000c96000,8192
0,burst_user3,3,READ,0x30000c98000,8192
0,burst_user3,3,READ,0x30000c9a000,8192
0,burst_user3,3,WRITE,0x30000c9c000,8192
0,burst_user3,3,READ,0x30000c9e000,8192
0,burst_user3,3,READ,0x30000ca0000,8192
0,burst_user3,3,WRITE,0x30000ca2000,8192
0,burst_user3,3,READ,0x30000ca4000,8192
0,burst_user3,3,READ,0x30000ca6000,8192
0,burst_user3,3,WRITE,0x30000ca8000,8192
0,burst_user3,3,READ,0x30000caa000,8192
0,burst_user3,3,READ,0x30000cac000,8192
0,burst_user3,3,WRITE,0x30000cae000,8192
0,burst_user3,3,READ,0x30000cb0000,8192
0,burst_user3,3,READ,0x30000cb2000,8192
0,burst_user3,3,WRITE,0x30000cb4000,8192
0,burst_user3,3,READ,0x30000cb6000,8192
0,burst_user3,3,READ,0x30000cb8000,8192
0,burst_user3,3,WRITE,0x30000cba000,8192
0,burst_user3,3,READ,0x30000cbc000,8192
0,burst_user3,3,READ,0x30000cbe000,8192
0,burst_user3,3,WRITE,0x30000cc0000,8192
0,burst_user3,3,READ,0x30000cc2000,8192
0,burst_user3,3,READ,0x30000cc4000,8192
0,burst_user3,3,WRITE,0x30000cc6000,8192
0,burst_user3,3,READ,0x30000cc8000,8192
0,burst_user3,3,READ,0x30000cca000,8192
0,burst_user3,3,WRITE,0x30000ccc000,8192
0,burst_user3,3,READ,0x30000cce000,8192
0,burst_user3,3,READ,0x30000cd0000,8192
0,burst_user3,3,WRITE,0x30000cd2000,8192
0,burst_user3,3,READ,0x30000cd4000,8192
0,burst_user3,3,READ,0x30000cd6000,8192
0,burst_user3,3,WRITE,0x30000cd8000,8192
0,burst_user3,3,READ,0x30000cda000,8192
0,burst_user3,3,READ,0x30000cdc000,8192
0,burst_user3,3,WRITE,0x30000cde000,8192
0,burst_user3,3,READ,0x30000ce0000,8192
0,burst_user3,3,READ,0x30000ce2000,8192
0,burst_user3,3,WRITE,0x30000ce4000,8192
0,burst_user3,3,READ,0x30000ce6000,8192
0,burst_user3,3,READ,0x30000ce8000,8192
0,burst_user3,3,WRITE,0x30000cea000,8192
0,burst_user3,3,READ,0x30000cec000,8192
0,burst_user3,3,READ,0x30000cee000,8192
0,burst_user3,3,WRITE,0x30000cf0000,8192
0,burst_user3,3,READ,0x30000cf2000,8192
0,burst_user3,3,READ,0x30000cf4000,8192
0,burst_user3,3,WRITE,0x30000cf6000,8192
0,burst_user3,3,READ,0x30000cf8000,8192
0,burst_user3,3,READ,0x30000cfa000,8192
0,burst_user3,3,WRITE,0x30000cfc000,8192
0,burst_user3,3,READ,0x30000cfe000,8192
0,burst_user3,3,READ,0x30000d00000,8192
0,burst_user3,3,WRITE,0x30000d02000,8192
0,burst_user3,3,READ,0x30000d04000,8192
0,burst_user3,3,READ,0x30000d06000,8192
0,burst_user3,3,WRITE,0x30000d08000,8192
0,burst_user3,3,READ,0x30000d0a000,8192
0,burst_user3,3,READ,0x30000d0c000,8192
0,burst_user3,3,WRITE,0x30000d0e000,8192
0,burst_user3,3,READ,0x30000d10000,8192
0,burst_user3,3,READ,0x30000d12000,8192
0,burst_user3,3,WRITE,0x30000d14000,8192
0,burst_user3,3,READ,0x30000d16000,8192
0,burst_user3,3,READ,0x30000d18000,8192
0,burst_user3,3,WRITE,0x30000d1a000,8192
0,burst_user3,3,READ,0x30000d1c000,8192
0,burst_user3,3,READ,0x30000d1e000,8192
0,burst_user3,3,WRITE,0x30000d20000,8192
0,burst_user3,3,READ,0x30000d22000,8192
0,burst_user3,3,READ,0x30000d24000,8192
0,burst_user3,3,WRITE,0x30000d26000,8192
0,burst_user3,3,READ,0x30000d28000,8192
0,burst_user3,3,READ,0x30000d2a000,8192
0,burst_user3,3,WRITE,0x30000d2c000,8192
0,burst_user3,3,READ,0x30000d2e000,8192
0,burst_user3,3,READ,0x30000d30000,8192
0,burst_user3,3,WRITE,0x30000d32000,8192
0,burst_user3,3,READ,0x30000d34000,8192
0,burst_user3,3,READ,0x30000d36000,8192
0,burst_user3,3,WRITE,0x30000d38000,8192
0,burst_user3,3,READ,0x30000d3a000,8192
0,burst_user3,3,READ,0x30000d3c000,8192
0,burst_user3,3,WRITE,0x30000d3e000,8192
0,burst_user3,3,READ,0x30000d40000,8192
0,burst_user3,3,READ,0x30000d42000,8192
0,burst_user3,3,WRITE,0x30000d44000,8192
0,burst_user3,3,READ,0x30000d46000,8192
0,burst_user3,3,READ,0x30000d48000,8192
0,burst_user3,3,WRITE,0x30000d4a000,8192
0,burst_user3,3,READ,0x30000d4c000,8192
0,burst_user3,3,READ,0x30000d4e000,8192
0,burst_user3,3,WRITE,0x30000d50000,8192
0,burst_user3,3,READ,0x30000d52000,8192
0,burst_user3,3,READ,0x30000d54000,8192
0,burst_user3,3,WRITE,0x30000d56000,8192
0,burst_user3,3,READ,0x30000d58000,8192
0,burst_user3,3,READ,0x30000d5a000,8192
0,burst_user3,3,WRITE,0x30000d5c000,8192
0,burst_user3,3,READ,0x30000d5e000,8192
0,burst_user3,3,READ,0x30000d60000,8192
0,burst_user3,3,WRITE,0x30000d62000,8192
0,burst_user3,3,READ,0x30000d64000,8192
0,burst_user3,3,READ,0x30000d66000,8192
0,burst_user3,3,WRITE,0x30000d68000,8192
0,burst_user3,3,READ,0x30000d6a000,8192
0,burst_user3,3,READ,0x30000d6c000,8192
0,burst_user3,3,WRITE,0x30000d6e000,8192
0,burst_user3,3,READ,0x30000d70000,8192
0,burst_user3,3,READ,0x30000d72000,8192
0,burst_user3,3,WRITE,0x30000d74000,8192
0,burst_user3,3,READ,0x30000d76000,8192
0,burst_user3,3,READ,0x30000d78000,8192
0,burst_user3,3,WRITE,0x30000d7a000,8192
0,burst_user3,3,READ,0x30000d7c000,8192
0,burst_user3,3,READ,0x30000d7e000,8192
0,burst_user3,3,WRITE,0x30000d80000,8192
0,burst_user3,3,READ,0x30000d82000,8192
0,burst_user3,3,READ,0x30000d84000,8192
0,burst_user3,3,WRITE,0x30000d86000,8192
0,burst_user3,3,READ,0x30000d88000,8192
0,burst_user3,3,READ,0x30000d8a000,8192
0,burst_user3,3,WRITE,0x30000d8c000,8192
0,burst_user3,3,READ,0x30000d8e000,8192
0,burst_user3,3,READ,0x30000d90000,8192
0,burst_user3,3,WRITE,0x30000d92000,8192
0,burst_user3,3,READ,0x30000d94000,8192
0,burst_user3,3,READ,0x30000d96000,8192
0,burst_user3,3,WRITE,0x30000d98000,8192
0,burst_user3,3,READ,0x30000d9a000,8192
0,burst_user3,3,READ,0x30000d9c000,8192
0,burst_user3,3,WRITE,0x30000d9e000,8192
0,burst_user3,3,READ,0x30000da0000,8192
0,burst_user3,3,READ,0x30000da2000,8192
0,burst_user3,3,WRITE,0x30000da4000,8192
0,burst_user3,3,READ,0x30000da6000,8192
0,burst_user3,3,READ,0x30000da8000,8192
0,burst_user3,3,WRITE,0x30000daa000,8192
0,burst_user3,3,READ,0x30000dac000,8192
0,burst_user3,3,READ,0x30000dae000,8192
0,burst_user3,3,WRITE,0x30000db0000,8192
0,burst_user3,3,READ,0x30000db2000,8192
0,burst_user3,3,READ,0x30000db4000,8192
0,burst_user3,3,WRITE,0x30000db6000,8192
0,burst_user3,3,READ,0x30000db8000,8192
0,burst_user3,3,READ,0x30000dba000,8192
0,burst_user3,3,WRITE,0x30000dbc000,8192
0,burst_user3,3,READ,0x30000dbe000,8192
0,burst_user3,3,READ,0x30000dc0000,8192
0,burst_user3,3,WRITE,0x30000dc2000,8192
0,burst_user3,3,READ,0x30000dc4000,8192
0,burst_user3,3,READ,0x30000dc6000,8192
0,burst_user3,3,WRITE,0x30000dc8000,8192
0,burst_user3,3,READ,0x30000dca000,8192
0,burst_user3,3,READ,0x30000dcc000,8192
0,burst_user3,3,WRITE,0x30000dce000,8192
0,burst_user3,3,READ,0x30000dd0000,8192
0,burst_user3,3,READ,0x30000dd2000,8192
0,burst_user3,3,WRITE,0x30000dd4000,8192
0,burst_user3,3,READ,0x30000dd6000,8192
0,burst_user3,3,READ,0x30000dd8000,8192
0,burst_user3,3,WRITE,0x30000dda000,8192
0,burst_user3,3,READ,0x30000ddc000,8192
0,burst_user3,3,READ,0x30000dde000,8192
0,burst_user3,3,WRITE,0x30000de0000,8192
0,burst_user3,3,READ,0x30000de2000,8192
0,burst_user3,3,READ,0x30000de4000,8192
0,burst_user3,3,WRITE,0x30000de6000,8192
0,burst_user3,3,READ,0x30000de8000,8192
0,burst_user3,3,READ,0x30000dea000,8192
0,burst_user3,3,WRITE,0x30000dec000,8192
0,burst_user3,3,READ,0x30000dee000,8192
0,burst_user3,3,READ,0x30000df0000,8192
0,burst_user3,3,WRITE,0x30000df2000,8192
0,burst_user3,3,READ,0x30000df4000,8192
0,burst_user3,3,READ,0x30000df6000,8192
0,burst_user3,3,WRITE,0x30000df8000,8192
0,burst_user3,3,READ,0x30000dfa000,8192
0,burst_user3,3,READ,0x30000dfc000,8192
0,burst_user3,3,WRITE,0x30000dfe000,8192
0,burst_user3,3,READ,0x30000e00000,8192
0,burst_user3,3,READ,0x30000e02000,8192
0,burst_user3,3,WRITE,0x30000e04000,8192
0,burst_user3,3,READ,0x30000e06000,8192
0,burst_user3,3,READ,0x30000e08000,8192
0,burst_user3,3,WRITE,0x30000e0a000,8192
0,burst_user3,3,READ,0x30000e0c000,8192
0,burst_user3,3,READ,0x30000e0e000,8192
0,burst_user3,3,WRITE,0x30000e10000,8192
0,burst_user3,3,READ,0x30000e12000,8192
0,burst_user3,3,READ,0x30000e14000,8192
0,burst_user3,3,WRITE,0x30000e16000,8192
0,burst_user3,3,READ,0x30000e18000,8192
0,burst_user3,3,READ,0x30000e1a000,8192
0,burst_user3,3,WRITE,0x30000e1c000,8192
0,burst_user3,3,READ,0x30000e1e000,8192
0,burst_user3,3,READ,0x30000e20000,8192
0,burst_user3,3,WRITE,0x30000e22000,8192
0,burst_user3,3,READ,0x30000e24000,8192
0,burst_user3,3,READ,0x30000e26000,8192
0,burst_user3,3,WRITE,0x30000e28000,8192
0,burst_user3,3,READ,0x30000e2a000,8192
0,burst_user3,3,READ,0x30000e2c000,8192
0,burst_user3,3,WRITE,0x30000e2e000,8192
0,burst_user3,3,READ,0x30000e30000,8192
0,burst_user3,3,READ,0x30000e32000,8192
0,burst_user3,3,WRITE,0x30000e34000,8192
0,burst_user3,3,READ,0x30000e36000,8192
0,burst_user3,3,READ,0x30000e38000,8192
0,burst_user3,3,WRITE,0x30000e3a000,8192
0,burst_user3,3,READ,0x30000e3c000,8192
0,burst_user3,3,READ,0x30000e3e000,8192
0,burst_user3,3,WRITE,0x30000e40000,8192
0,burst_user3,3,READ,0x30000e42000,8192
0,burst_user3,3,READ,0x30000e44000,8192
0,burst_user3,3,WRITE,0x30000e46000,8192
0,burst_user3,3,READ,0x30000e48000,8192
0,burst_user3,3,READ,0x30000e4a000,8192
0,burst_user3,3,WRITE,0x30000e4c000,8192
0,burst_user3,3,READ,0x30000e4e000,8192
0,burst_user3,3,READ,0x30000e50000,8192
0,burst_user3,3,WRITE,0x30000e52000,8192
0,burst_user3,3,READ,0x30000e54000,8192
0,burst_user3,3,READ,0x30000e56000,8192
0,burst_user3,3,WRITE,0x30000e58000,8192
0,burst_user3,3,READ,0x30000e5a000,8192
0,burst_user3,3,READ,0x30000e5c000,8192
0,burst_user3,3,WRITE,0x30000e5e000,8192
0,burst_user3,3,READ,0x30000e60000,8192
0,burst_user3,3,READ,0x30000e62000,8192
0,burst_user3,3,WRITE,0x30000e64000,8192
0,burst_user3,3,READ,0x30000e66000,8192
0,burst_user3,3,READ,0x30000e68000,8192
0,burst_user3,3,WRITE,0x30000e6a000,8192
0,burst_user3,3,READ,0x30000e6c000,8192
0,burst_user3,3,READ,0x30000e6e000,8192
0,burst_user3,3,WRITE,0x30000e70000,8192
0,burst_user3,3,READ,0x30000e72000,8192
0,burst_user3,3,READ,0x30000e74000,8192
0,burst_user3,3,WRITE,0x30000e76000,8192
0,burst_user3,3,READ,0x30000e78000,8192
0,burst_user3,3,READ,0x30000e7a000,8192
0,burst_user3,3,WRITE,0x30000e7c000,8192
0,burst_user3,3,READ,0x30000e7e000,8192
0,burst_user3,3,READ,0x30000e80000,8192
0,burst_user3,3,WRITE,0x30000e82000,8192
0,burst_user3,3,READ,0x30000e84000,8192
0,burst_user3,3,READ,0x30000e86000,8192
0,burst_user3,3,WRITE,0x30000e88000,8192
0,burst_user3,3,READ,0x30000e8a000,8192
0,burst_user3,3,READ,0x30000e8c000,8192
0,burst_user3,3,WRITE,0x30000e8e000,8192
0,burst_user3,3,READ,0x30000e90000,8192
0,burst_user3,3,READ,0x30000e92000,8192
0,burst_user3,3,WRITE,0x30000e94000,8192
0,burst_user3,3,READ,0x30000e96000,8192
0,burst_user3,3,READ,0x30000e98000,8192
0,burst_user3,3,WRITE,0x30000e9a000,8192
0,burst_user3,3,READ,0x30000e9c000,8192
0,burst_user3,3,READ,0x30000e9e000,8192
0,burst_user3,3,WRITE,0x30000ea0000,8192
0,burst_user3,3,READ,0x30000ea2000,8192
0,burst_user3,3,READ,0x30000ea4000,8192
0,burst_user3,3,WRITE,0x30000ea6000,8192
0,burst_user3,3,READ,0x30000ea8000,8192
0,burst_user3,3,READ,0x30000eaa000,8192
0,burst_user3,3,WRITE,0x30000eac000,8192
0,burst_user3,3,READ,0x30000eae000,8192
0,burst_user3,3,READ,0x30000eb0000,8192
0,burst_user3,3,WRITE,0x30000eb2000,8192
0,burst_user3,3,READ,0x30000eb4000,8192
0,burst_user3,3,READ,0x30000eb6000,8192
0,burst_user3,3,WRITE,0x30000eb8000,8192
0,burst_user3,3,READ,0x30000eba000,8192
0,burst_user3,3,READ,0x30000ebc000,8192
0,burst_user3,3,WRITE,0x30000ebe000,8192
0,burst_user3,3,READ,0x30000ec0000,8192
0,burst_user3,3,READ,0x30000ec2000,8192
0,burst_user3,3,WRITE,0x30000ec4000,8192
0,burst_user3,3,READ,0x30000ec6000,8192
0,burst_user3,3,READ,0x30000ec8000,8192
0,burst_user3,3,WRITE,0x30000eca000,8192
0,burst_user3,3,READ,0x30000ecc000,8192
0,burst_user3,3,READ,0x30000ece000,8192
0,burst_user3,3,WRITE,0x30000ed0000,8192
0,burst_user3,3,READ,0x30000ed2000,8192
0,burst_user3,3,READ,0x30000ed4000,8192
0,burst_user3,3,WRITE,0x30000ed6000,8192
0,burst_user3,3,READ,0x30000ed8000,8192
0,burst_user3,3,READ,0x30000eda000,8192
0,burst_user3,3,WRITE,0x30000edc000,8192
0,burst_user3,3,READ,0x30000ede000,8192
0,burst_user3,3,READ,0x30000ee0000,8192
0,burst_user3,3,WRITE,0x30000ee2000,8192
0,burst_user3,3,READ,0x30000ee4000,8192
0,burst_user3,3,READ,0x30000ee6000,8192
0,burst_user3,3,WRITE,0x30000ee8000,8192
0,burst_user3,3,READ,0x30000eea000,8192
0,burst_user3,3,READ,0x30000eec000,8192
0,burst_user3,3,WRITE,0x30000eee000,8192
0,burst_user3,3,READ,0x30000ef0000,8192
0,burst_user3,3,READ,0x30000ef2000,8192
0,burst_user3,3,WRITE,0x30000ef4000,8192
0,burst_user3,3,READ,0x30000ef6000,8192
0,burst_user3,3,READ,0x30000ef8000,8192
0,burst_user3,3,WRITE,0x30000efa000,8192
0,burst_user3,3,READ,0x30000efc000,8192
0,burst_user3,3,READ,0x30000efe000,8192
0,burst_user3,3,WRITE,0x30000f00000,8192
0,burst_user3,3,READ,0x30000f02000,8192
0,burst_user3,3,READ,0x30000f04000,8192
0,burst_user3,3,WRITE,0x30000f06000,8192
0,burst_user3,3,READ,0x30000f08000,8192
0,burst_user3,3,READ,0x30000f0a000,8192
0,burst_user3,3,WRITE,0x30000f0c000,8192
0,burst_user3,3,READ,0x30000f0e000,8192
0,burst_user3,3,READ,0x30000f10000,8192
0,burst_user3,3,WRITE,0x30000f12000,8192
0,burst_user3,3,READ,0x30000f14000,8192
0,burst_user3,3,READ,0x30000f16000,8192
0,burst_user3,3,WRITE,0x30000f18000,8192
0,burst_user3,3,READ,0x30000f1a000,8192
0,burst_user3,3,READ,0x30000f1c000,8192
0,burst_user3,3,WRITE,0x30000f1e000,8192
0,burst_user3,3,READ,0x30000f20000,8192
0,burst_user3,3,READ,0x30000f22000,8192
0,burst_user3,3,WRITE,0x30000f24000,8192
0,burst_user3,3,READ,0x30000f26000,8192
0,burst_user3,3,READ,0x30000f28000,8192
0,burst_user3,3,WRITE,0x30000f2a000,8192
0,burst_user3,3,READ,0x30000f2c000,8192
0,burst_user3,3,READ,0x30000f2e000,8192
0,burst_user3,3,WRITE,0x30000f30000,8192
0,burst_user3,3,READ,0x30000f32000,8192
0,burst_user3,3,READ,0x30000f34000,8192
0,burst_user3,3,WRITE,0x30000f36000,8192
0,burst_user3,3,READ,0x30000f38000,8192
0,burst_user3,3,READ,0x30000f3a000,8192
0,burst_user3,3,WRITE,0x30000f3c000,8192
0,burst_user3,3,READ,0x30000f3e000,8192
0,burst_user3,3,READ,0x30000f40000,8192
0,burst_user3,3,WRITE,0x30000f42000,8192
0,burst_user3,3,READ,0x30000f44000,8192
0,burst_user3,3,READ,0x30000f46000,8192
0,burst_user3,3,WRITE,0x30000f48000,8192
0,burst_user3,3,READ,0x30000f4a000,8192
0,burst_user3,3,READ,0x30000f4c000,8192
0,burst_user3,3,WRITE,0x30000f4e000,8192
0,burst_user3,3,READ,0x30000f50000,8192
0,burst_user3,3,READ,0x30000f52000,8192
0,burst_user3,3,WRITE,0x30000f54000,8192
0,burst_user3,3,READ,0x30000f56000,8192
0,burst_user3,3,READ,0x30000f58000,8192
0,burst_user3,3,WRITE,0x30000f5a000,8192
0,burst_user3,3,READ,0x30000f5c000,8192
0,burst_user3,3,READ,0x30000f5e000,8192
0,burst_user3,3,WRITE,0x30000f60000,8192
0,burst_user3,3,READ,0x30000f62000,8192
0,burst_user3,3,READ,0x30000f64000,8192
0,burst_user3,3,WRITE,0x30000f66000,8192
0,burst_user3,3,READ,0x30000f68000,8192
0,burst_user3,3,READ,0x30000f6a000,8192
0,burst_user3,3,WRITE,0x30000f6c000,8192
0,burst_user3,3,READ,0x30000f6e000,8192
0,burst_user3,3,READ,0x30000f70000,8192
0,burst_user3,3,WRITE,0x30000f72000,8192
0,burst_user3,3,READ,0x30000f74000,8192
0,burst_user3,3,READ,0x30000f76000,8192
0,burst_user3,3,WRITE,0x30000f78000,8192
0,burst_user3,3,READ,0x30000f7a000,8192
0,burst_user3,3,READ,0x30000f7c000,8192
0,burst_user3,3,WRITE,0x30000f7e000,8192
0,burst_user3,3,READ,0x30000f80000,8192
0,burst_user3,3,READ,0x30000f82000,8192
0,burst_user3,3,WRITE,0x30000f84000,8192
0,burst_user3,3,READ,0x30000f86000,8192
0,burst_user3,3,READ,0x30000f88000,8192
0,burst_user3,3,WRITE,0x30000f8a000,8192
0,burst_user3,3,READ,0x30000f8c000,8192
0,burst_user3,3,READ,0x30000f8e000,8192
0,burst_user3,3,WRITE,0x30000f90000,8192
0,burst_user3,3,READ,0x30000f92000,8192
0,burst_user3,3,READ,0x30000f94000,8192
0,burst_user3,3,WRITE,0x30000f96000,8192
0,burst_user3,3,READ,0x30000f98000,8192
0,burst_user3,3,READ,0x30000f9a000,8192
0,burst_user3,3,WRITE,0x30000f9c000,8192
0,burst_user3,3,READ,0x30000f9e000,8192
0,burst_user4,4,WRITE,0x40000000000,8192
0,burst_user4,4,READ,0x40000002000,8192
0,burst_user4,4,READ,0x40000004000,8192
0,burst_user4,4,WRITE,0x40000006000,8192
0,burst_user4,4,READ,0x40000008000,8192
0,burst_user4,4,READ,0x4000000a000,8192
0,burst_user4,4,WRITE,0x4000000c000,8192
0,burst_user4,4,READ,0x4000000e000,8192
0,burst_user4,4,READ,0x40000010000,8192
0,burst_user4,4,WRITE,0x40000012000,8192
0,burst_user4,4,READ,0x40000014000,8192
0,burst_user4,4,READ,0x40000016000,8192
0,burst_user4,4,WRITE,0x40000018000,8192
0,burst_user4,4,READ,0x4000001a000,8192
0,burst_user4,4,READ,0x4000001c000,8192
0,burst_user4,4,WRITE,0x4000001e000,8192
0,burst_user4,4,READ,0x40000020000,8192
0,burst_user4,4,READ,0x40000022000,8192
0,burst_user4,4,WRITE,0x40000024000,8192
0,burst_user4,4,READ,0x40000026000,8192
0,burst_user4,4,READ,0x40000028000,8192
0,burst_user4,4,WRITE,0x4000002a000,8192
0,burst_user4,4,READ,0x4000002c000,8192
0,burst_user4,4,READ,0x4000002e000,8192
0,burst_user4,4,WRITE,0x40000030000,8192
0,burst_user4,4,READ,0x40000032000,8192
0,burst_user4,4,READ,0x40000034000,8192
0,burst_user4,4,WRITE,0x40000036000,8192
0,burst_user4,4,READ,0x40000038000,8192
0,burst_user4,4,READ,0x4000003a000,8192
0,burst_user4,4,WRITE,0x4000003c000,8192
0,burst_user4,4,READ,0x4000003e000,8192
0,burst_user4,4,READ,0x40000040000,8192
0,burst_user4,4,WRITE,0x40000042000,8192
0,burst_user4,4,READ,0x40000044000,8192
0,burst_user4,4,READ,0x40000046000,8192
0,burst_user4,4,WRITE,0x40000048000,8192
0,burst_user4,4,READ,0x4000004a000,8192
0,burst_user4,4,READ,0x4000004c000,8192
0,burst_user4,4,WRITE,0x4000004e000,8192
0,burst_user4,4,READ,0x40000050000,8192
0,burst_user4,4,READ,0x40000052000,8192
0,burst_user4,4,WRITE,0x40000054000,8192
0,burst_user4,4,READ,0x40000056000,8192
0,burst_user4,4,READ,0x40000058000,8192
0,burst_user4,4,WRITE,0x4000005a000,8192
0,burst_user4,4,READ,0x4000005c000,8192
0,burst_user4,4,READ,0x4000005e000,8192
0,burst_user4,4,WRITE,0x40000060000,8192
0,burst_user4,4,READ,0x40000062000,8192
0,burst_user4,4,READ,0x40000064000,8192
0,burst_user4,4,WRITE,0x40000066000,8192
0,burst_user4,4,READ,0x40000068000,8192
0,burst_user4,4,READ,0x4000006a000,8192
0,burst_user4,4,WRITE,0x4000006c000,8192
0,burst_user4,4,READ,0x4000006e000,8192
0,burst_user4,4,READ,0x40000070000,8192
0,burst_user4,4,WRITE,0x40000072000,8192
0,burst_user4,4,READ,0x40000074000,8192
0,burst_user4,4,READ,0x40000076000,8192
0,burst_user4,4,WRITE,0x40000078000,8192
0,burst_user4,4,READ,0x4000007a000,8192
0,burst_user4,4,READ,0x4000007c000,8192
0,burst_user4,4,WRITE,0x4000007e000,8192
0,burst_user4,4,READ,0x40000080000,8192
0,burst_user4,4,READ,0x40000082000,8192
0,burst_user4,4,WRITE,0x40000084000,8192
0,burst_user4,4,READ,0x40000086000,8192
0,burst_user4,4,READ,0x40000088000,8192
0,burst_user4,4,WRITE,0x4000008a000,8192
0,burst_user4,4,READ,0x4000008c000,8192
0,burst_user4,4,READ,0x4000008e000,8192
0,burst_user4,4,WRITE,0x40000090000,8192
0,burst_user4,4,READ,0x40000092000,8192
0,burst_user4,4,READ,0x40000094000,8192
0,burst_user4,4,WRITE,0x40000096000,8192
0,burst_user4,4,READ,0x40000098000,8192
0,burst_user4,4,READ,0x4000009a000,8192
0,burst_user4,4,WRITE,0x4000009c000,8192
0,burst_user4,4,READ,0x4000009e000,8192
0,burst_user4,4,READ,0x400000a0000,8192
0,burst_user4,4,WRITE,0x400000a2000,8192
0,burst_user4,4,READ,0x400000a4000,8192
0,burst_user4,4,READ,0x400000a6000,8192
0,burst_user4,4,WRITE,0x400000a8000,8192
0,burst_user4,4,READ,0x400000aa000,8192
0,burst_user4,4,READ,0x400000ac000,8192
0,burst_user4,4,WRITE,0x400000ae000,8192
0,burst_user4,4,READ,0x400000b0000,8192
0,burst_user4,4,READ,0x400000b2000,8192
0,burst_user4,4,WRITE,0x400000b4000,8192
0,burst_user4,4,READ,0x400000b6000,8192
0,burst_user4,4,READ,0x400000b8000,8192
0,burst_user4,4,WRITE,0x400000ba000,8192
0,burst_user4,4,READ,0x400000bc000,8192
0,burst_user4,4,READ,0x400000be000,8192
0,burst_user4,4,WRITE,0x400000c0000,8192
0,burst_user4,4,READ,0x400000c2000,8192
0,burst_user4,4,READ,0x400000c4000,8192
0,burst_user4,4,WRITE,0x400000c6000,8192
0,burst_user4,4,READ,0x400000c8000,8192
0,burst_user4,4,READ,0x400000ca000,8192
0,burst_user4,4,WRITE,0x400000cc000,8192
0,burst_user4,4,READ,0x400000ce000,8192
0,burst_user4,4,READ,0x400000d0000,8192
0,burst_user4,4,WRITE,0x400000d2000,8192
0,burst_user4,4,READ,0x400000d4000,8192
0,burst_user4,4,READ,0x400000d6000,8192
0,burst_user4,4,WRITE,0x400000d8000,8192
0,burst_user4,4,READ,0x400000da000,8192
0,burst_user4,4,READ,0x400000dc000,8192
0,burst_user4,4,WRITE,0x400000de000,8192
0,burst_user4,4,READ,0x400000e0000,8192
0,burst_user4,4,READ,0x400000e2000,8192
0,burst_user4,4,WRITE,0x400000e4000,8192
0,burst_user4,4,READ,0x400000e6000,8192
0,burst_user4,4,READ,0x400000e8000,8192
0,burst_user4,4,WRITE,0x400000ea000,8192
0,burst_user4,4,READ,0x400000ec000,8192
0,burst_user4,4,READ,0x400000ee000,8192
0,burst_user4,4,WRITE,0x400000f0000,8192
0,burst_user4,4,READ,0x400000f2000,8192
0,burst_user4,4,READ,0x400000f4000,8192
0,burst_user4,4,WRITE,0x400000f6000,8192
0,burst_user4,4,READ,0x400000f8000,8192
0,burst_user4,4,READ,0x400000fa000,8192
0,burst_user4,4,WRITE,0x400000fc000,8192
0,burst_user4,4,READ,0x400000fe000,8192
0,burst_user4,4,READ,0x40000100000,8192
0,burst_user4,4,WRITE,0x40000102000,8192
0,burst_user4,4,READ,0x40000104000,8192
0,burst_user4,4,READ,0x40000106000,8192
0,burst_user4,4,WRITE,0x40000108000,8192
0,burst_user4,4,READ,0x4000010a000,8192
0,burst_user4,4,READ,0x4000010c000,8192
0,burst_user4,4,WRITE,0x4000010e000,8192
0,burst_user4,4,READ,0x40000110000,8192
0,burst_user4,4,READ,0x40000112000,8192
0,burst_user4,4,WRITE,0x40000114000,8192
0,burst_user4,4,READ,0x40000116000,8192
0,burst_user4,4,READ,0x40000118000,8192
0,burst_user4,4,WRITE,0x4000011a000,8192
0,burst_user4,4,READ,0x4000011c000,8192
0,burst_user4,4,READ,0x4000011e000,8192
0,burst_user4,4,WRITE,0x40000120000,8192
0,burst_user4,4,READ,0x40000122000,8192
0,burst_user4,4,READ,0x40000124000,8192
0,burst_user4,4,WRITE,0x40000126000,8192
0,burst_user4,4,READ,0x40000128000,8192
0,burst_user4,4,READ,0x4000012a000,8192
0,burst_user4,4,WRITE,0x4000012c000,8192
0,burst_user4,4,READ,0x4000012e000,8192
0,burst_user4,4,READ,0x40000130000,8192
0,burst_user4,4,WRITE,0x40000132000,8192
0,burst_user4,4,READ,0x40000134000,8192
0,burst_user4,4,READ,0x40000136000,8192
0,burst_user4,4,WRITE,0x40000138000,8192
0,burst_user4,4,READ,0x4000013a000,8192
0,burst_user4,4,READ,0x4000013c000,8192
0,burst_user4,4,WRITE,0x4000013e000,8192
0,burst_user4,4,READ,0x40000140000,8192
0,burst_user4,4,READ,0x40000142000,8192
0,burst_user4,4,WRITE,0x40000144000,8192
0,burst_user4,4,READ,0x40000146000,8192
0,burst_user4,4,READ,0x40000148000,8192
0,burst_user4,4,WRITE,0x4000014a000,8192
0,burst_user4,4,READ,0x4000014c000,8192
0,burst_user4,4,READ,0x4000014e000,8192
0,burst_user4,4,WRITE,0x40000150000,8192
0,burst_user4,4,READ,0x40000152000,8192
0,burst_user4,4,READ,0x40000154000,8192
0,burst_user4,4,WRITE,0x40000156000,8192
0,burst_user4,4,READ,0x40000158000,8192
0,burst_user4,4,READ,0x4000015a000,8192
0,burst_user4,4,WRITE,0x4000015c000,8192
0,burst_user4,4,READ,0x4000015e000,8192
0,burst_user4,4,READ,0x40000160000,8192
0,burst_user4,4,WRITE,0x40000162000,8192
0,burst_user4,4,READ,0x40000164000,8192
0,burst_user4,4,READ,0x40000166000,8192
0,burst_user4,4,WRITE,0x40000168000,8192
0,burst_user4,4,READ,0x4000016a000,8192
0,burst_user4,4,READ,0x4000016c000,8192
0,burst_user4,4,WRITE,0x4000016e000,8192
0,burst_user4,4,READ,0x40000170000,8192
0,burst_user4,4,READ,0x40000172000,8192
0,burst_user4,4,WRITE,0x40000174000,8192
0,burst_user4,4,READ,0x40000176000,8192
0,burst_user4,4,READ,0x40000178000,8192
0,burst_user4,4,WRITE,0x4000017a000,8192
0,burst_user4,4,READ,0x4000017c000,8192
0,burst_user4,4,READ,0x4000017e000,8192
0,burst_user4,4,WRITE,0x40000180000,8192
0,burst_user4,4,READ,0x40000182000,8192
0,burst_user4,4,READ,0x40000184000,8192
0,burst_user4,4,WRITE,0x40000186000,8192
0,burst_user4,4,READ,0x40000188000,8192
0,burst_user4,4,READ,0x4000018a000,8192
0,burst_user4,4,WRITE,0x4000018c000,8192
0,burst_user4,4,READ,0x4000018e000,8192
0,burst_user4,4,READ,0x40000190000,8192
0,burst_user4,4,WRITE,0x40000192000,8192
0,burst_user4,4,READ,0x40000194000,8192
0,burst_user4,4,READ,0x40000196000,8192
0,burst_user4,4,WRITE,0x40000198000,8192
0,burst_user4,4,READ,0x4000019a000,8192
0,burst_user4,4,READ,0x4000019c000,8192
0,burst_user4,4,WRITE,0x4000019e000,8192
0,burst_user4,4,READ,0x400001a0000,8192
0,burst_user4,4,READ,0x400001a2000,8192
0,burst_user4,4,WRITE,0x400001a4000,8192
0,burst_user4,4,READ,0x400001a6000,8192
0,burst_user4,4,READ,0x400001a8000,8192
0,burst_user4,4,WRITE,0x400001aa000,8192
0,burst_user4,4,READ,0x400001ac000,8192
0,burst_user4,4,READ,0x400001ae000,8192
0,burst_user4,4,WRITE,0x400001b0000,8192
0,burst_user4,4,READ,0x400001b2000,8192
0,burst_user4,4,READ,0x400001b4000,8192
0,burst_user4,4,WRITE,0x400001b6000,8192
0,burst_user4,4,READ,0x400001b8000,8192
0,burst_user4,4,READ,0x400001ba000,8192
0,burst_user4,4,WRITE,0x400001bc000,8192
0,burst_user4,4,READ,0x400001be000,8192
0,burst_user4,4,READ,0x400001c0000,8192
0,burst_user4,4,WRITE,0x400001c2000,8192
0,burst_user4,4,READ,0x400001c4000,8192
0,burst_user4,4,READ,0x400001c6000,8192
0,burst_user4,4,WRITE,0x400001c8000,8192
0,burst_user4,4,READ,0x400001ca000,8192
0,burst_user4,4,READ,0x400001cc000,8192
0,burst_user4,4,WRITE,0x400001ce000,8192
0,burst_user4,4,READ,0x400001d0000,8192
0,burst_user4,4,READ,0x400001d2000,8192
0,burst_user4,4,WRITE,0x400001d4000,8192
0,burst_user4,4,READ,0x400001d6000,8192
0,burst_user4,4,READ,0x400001d8000,8192
0,burst_user4,4,WRITE,0x400001da000,8192
0,burst_user4,4,READ,0x400001dc000,8192
0,burst_user4,4,READ,0x400001de000,8192
0,burst_user4,4,WRITE,0x400001e0000,8192
0,burst_user4,4,READ,0x400001e2000,8192
0,burst_user4,4,READ,0x400001e4000,8192
0,burst_user4,4,WRITE,0x400001e6000,8192
0,burst_user4,4,READ,0x400001e8000,8192
0,burst_user4,4,READ,0x400001ea000,8192
0,burst_user4,4,WRITE,0x400001ec000,8192
0,burst_user4,4,READ,0x400001ee000,8192
0,burst_user4,4,READ,0x400001f0000,8192
0,burst_user4,4,WRITE,0x400001f2000,8192
0,burst_user4,4,READ,0x400001f4000,8192
0,burst_user4,4,READ,0x400001f6000,8192
0,burst_user4,4,WRITE,0x400001f8000,8192
0,burst_user4,4,READ,0x400001fa000,8192
0,burst_user4,4,READ,0x400001fc000,8192
0,burst_user4,4,WRITE,0x400001fe000,8192
0,burst_user4,4,READ,0x40000200000,8192
0,burst_user4,4,READ,0x40000202000,8192
0,burst_user4,4,WRITE,0x40000204000,8192
0,burst_user4,4,READ,0x40000206000,8192
0,burst_user4,4,READ,0x40000208000,8192
0,burst_user4,4,WRITE,0x4000020a000,8192
0,burst_user4,4,READ,0x4000020c000,8192
0,burst_user4,4,READ,0x4000020e000,8192
0,burst_user4,4,WRITE,0x40000210000,8192
0,burst_user4,4,READ,0x40000212000,8192
0,burst_user4,4,READ,0x40000214000,8192
0,burst_user4,4,WRITE,0x40000216000,8192
0,burst_user4,4,READ,0x40000218000,8192
0,burst_user4,4,READ,0x4000021a000,8192
0,burst_user4,4,WRITE,0x4000021c000,8192
0,burst_user4,4,READ,0x4000021e000,8192
0,burst_user4,4,READ,0x40000220000,8192
0,burst_user4,4,WRITE,0x40000222000,8192
0,burst_user4,4,READ,0x40000224000,8192
0,burst_user4,4,READ,0x40000226000,8192
0,burst_user4,4,WRITE,0x40000228000,8192
0,burst_user4,4,READ,0x4000022a000,8192
0,burst_user4,4,READ,0x4000022c000,8192
0,burst_user4,4,WRITE,0x4000022e000,8192
0,burst_user4,4,READ,0x40000230000,8192
0,burst_user4,4,READ,0x40000232000,8192
0,burst_user4,4,WRITE,0x40000234000,8192
0,burst_user4,4,READ,0x40000236000,8192
0,burst_user4,4,READ,0x40000238000,8192
0,burst_user4,4,WRITE,0x4000023a000,8192
0,burst_user4,4,READ,0x4000023c000,8192
0,burst_user4,4,READ,0x4000023e000,8192
0,burst_user4,4,WRITE,0x40000240000,8192
0,burst_user4,4,READ,0x40000242000,8192
0,burst_user4,4,READ,0x40000244000,8192
0,burst_user4,4,WRITE,0x40000246000,8192
0,burst_user4,4,READ,0x40000248000,8192
0,burst_user4,4,READ,0x4000024a000,8192
0,burst_user4,4,WRITE,0x4000024c000,8192
0,burst_user4,4,READ,0x4000024e000,8192
0,burst_user4,4,READ,0x40000250000,8192
0,burst_user4,4,WRITE,0x40000252000,8192
0,burst_user4,4,READ,0x40000254000,8192
0,burst_user4,4,READ,0x40000256000,8192
0,burst_user4,4,WRITE,0x40000258000,8192
0,burst_user4,4,READ,0x4000025a000,8192
0,burst_user4,4,READ,0x4000025c000,8192
0,burst_user4,4,WRITE,0x4000025e000,8192
0,burst_user4,4,READ,0x40000260000,8192
0,burst_user4,4,READ,0x40000262000,8192
0,burst_user4,4,WRITE,0x40000264000,8192
0,burst_user4,4,READ,0x40000266000,8192
0,burst_user4,4,READ,0x40000268000,8192
0,burst_user4,4,WRITE,0x4000026a000,8192
0,burst_user4,4,READ,0x4000026c000,8192
0,burst_user4,4,READ,0x4000026e000,8192
0,burst_user4,4,WRITE,0x40000270000,8192
0,burst_user4,4,READ,0x40000272000,8192
0,burst_user4,4,READ,0x40000274000,8192
0,burst_user4,4,WRITE,0x40000276000,8192
0,burst_user4,4,READ,0x40000278000,8192
0,burst_user4,4,READ,0x4000027a000,8192
0,burst_user4,4,WRITE,0x4000027c000,8192
0,burst_user4,4,READ,0x4000027e000,8192
0,burst_user4,4,READ,0x40000280000,8192
0,burst_user4,4,WRITE,0x40000282000,8192
0,burst_user4,4,READ,0x40000284000,8192
0,burst_user4,4,READ,0x40000286000,8192
0,burst_user4,4,WRITE,0x40000288000,8192
0,burst_user4,4,READ,0x4000028a000,8192
0,burst_user4,4,READ,0x4000028c000,8192
0,burst_user4,4,WRITE,0x4000028e000,8192
0,burst_user4,4,READ,0x40000290000,8192
0,burst_user4,4,READ,0x40000292000,8192
0,burst_user4,4,WRITE,0x40000294000,8192
0,burst_user4,4,READ,0x40000296000,8192
0,burst_user4,4,READ,0x40000298000,8192
0,burst_user4,4,WRITE,0x4000029a000,8192
0,burst_user4,4,READ,0x4000029c000,8192
0,burst_user4,4,READ,0x4000029e000,8192
0,burst_user4,4,WRITE,0x400002a0000,8192
0,burst_user4,4,READ,0x400002a2000,8192
0,burst_user4,4,READ,0x400002a4000,8192
0,burst_user4,4,WRITE,0x400002a6000,8192
0,burst_user4,4,READ,0x400002a8000,8192
0,burst_user4,4,READ,0x400002aa000,8192
0,burst_user4,4,WRITE,0x400002ac000,8192
0,burst_user4,4,READ,0x400002ae000,8192
0,burst_user4,4,READ,0x400002b0000,8192
0,burst_user4,4,WRITE,0x400002b2000,8192
0,burst_user4,4,READ,0x400002b4000,8192
0,burst_user4,4,READ,0x400002b6000,8192
0,burst_user4,4,WRITE,0x400002b8000,8192
0,burst_user4,4,READ,0x400002ba000,8192
0,burst_user4,4,READ,0x400002bc000,8192
0,burst_user4,4,WRITE,0x400002be000,8192
0,burst_user4,4,READ,0x400002c0000,8192
0,burst_user4,4,READ,0x400002c2000,8192
0,burst_user4,4,WRITE,0x400002c4000,8192
0,burst_user4,4,READ,0x400002c6000,8192
0,burst_user4,4,READ,0x400002c8000,8192
0,burst_user4,4,WRITE,0x400002ca000,8192
0,burst_user4,4,READ,0x400002cc000,8192
0,burst_user4,4,READ,0x400002ce000,8192
0,burst_user4,4,WRITE,0x400002d0000,8192
0,burst_user4,4,READ,0x400002d2000,8192
0,burst_user4,4,READ,0x400002d4000,8192
0,burst_user4,4,WRITE,0x400002d6000,8192
0,burst_user4,4,READ,0x400002d8000,8192
0,burst_user4,4,READ,0x400002da000,8192
0,burst_user4,4,WRITE,0x400002dc000,8192
0,burst_user4,4,READ,0x400002de000,8192
0,burst_user4,4,READ,0x400002e0000,8192
0,burst_user4,4,WRITE,0x400002e2000,8192
0,burst_user4,4,READ,0x400002e4000,8192
0,burst_user4,4,READ,0x400002e6000,8192
0,burst_user4,4,WRITE,0x400002e8000,8192
0,burst_user4,4,READ,0x400002ea000,8192
0,burst_user4,4,READ,0x400002ec000,8192
0,burst_user4,4,WRITE,0x400002ee000,8192
0,burst_user4,4,READ,0x400002f0000,8192
0,burst_user4,4,READ,0x400002f2000,8192
0,burst_user4,4,WRITE,0x400002f4000,8192
0,burst_user4,4,READ,0x400002f6000,8192
0,burst_user4,4,READ,0x400002f8000,8192
0,burst_user4,4,WRITE,0x400002fa000,8192
0,burst_user4,4,READ,0x400002fc000,8192
0,burst_user4,4,READ,0x400002fe000,8192
0,burst_user4,4,WRITE,0x40000300000,8192
0,burst_user4,4,READ,0x40000302000,8192
0,burst_user4,4,READ,0x40000304000,8192
0,burst_user4,4,WRITE,0x40000306000,8192
0,burst_user4,4,READ,0x40000308000,8192
0,burst_user4,4,READ,0x4000030a000,8192
0,burst_user4,4,WRITE,0x4000030c000,8192
0,burst_user4,4,READ,0x4000030e000,8192
0,burst_user4,4,READ,0x40000310000,8192
0,burst_user4,4,WRITE,0x40000312000,8192
0,burst_user4,4,READ,0x40000314000,8192
0,burst_user4,4,READ,0x40000316000,8192
0,burst_user4,4,WRITE,0x40000318000,8192
0,burst_user4,4,READ,0x4000031a000,8192
0,burst_user4,4,READ,0x4000031c000,8192
0,burst_user4,4,WRITE,0x4000031e000,8192
0,burst_user4,4,READ,0x40000320000,8192
0,burst_user4,4,READ,0x40000322000,8192
0,burst_user4,4,WRITE,0x40000324000,8192
0,burst_user4,4,READ,0x40000326000,8192
0,burst_user4,4,READ,0x40000328000,8192
0,burst_user4,4,WRITE,0x4000032a000,8192
0,burst_user4,4,READ,0x4000032c000,8192
0,burst_user4,4,READ,0x4000032e000,8192
0,burst_user4,4,WRITE,0x40000330000,8192
0,burst_user4,4,READ,0x40000332000,8192
0,burst_user4,4,READ,0x40000334000,8192
0,burst_user4,4,WRITE,0x40000336000,8192
0,burst_user4,4,READ,0x40000338000,8192
0,burst_user4,4,READ,0x4000033a000,8192
0,burst_user4,4,WRITE,0x4000033c000,8192
0,burst_user4,4,READ,0x4000033e000,8192
0,burst_user4,4,READ,0x40000340000,8192
0,burst_user4,4,WRITE,0x40000342000,8192
0,burst_user4,4,READ,0x40000344000,8192
0,burst_user4,4,READ,0x40000346000,8192
0,burst_user4,4,WRITE,0x40000348000,8192
0,burst_user4,4,READ,0x4000034a000,8192
0,burst_user4,4,READ,0x4000034c000,8192
0,burst_user4,4,WRITE,0x4000034e000,8192
0,burst_user4,4,READ,0x40000350000,8192
0,burst_user4,4,READ,0x40000352000,8192
0,burst_user4,4,WRITE,0x40000354000,8192
0,burst_user4,4,READ,0x40000356000,8192
0,burst_user4,4,READ,0x40000358000,8192
0,burst_user4,4,WRITE,0x4000035a000,8192
0,burst_user4,4,READ,0x4000035c000,8192
0,burst_user4,4,READ,0x4000035e000,8192
0,burst_user4,4,WRITE,0x40000360000,8192
0,burst_user4,4,READ,0x40000362000,8192
0,burst_user4,4,READ,0x40000364000,8192
0,burst_user4,4,WRITE,0x40000366000,8192
0,burst_user4,4,READ,0x40000368000,8192
0,burst_user4,4,READ,0x4000036a000,8192
0,burst_user4,4,WRITE,0x4000036c000,8192
0,burst_user4,4,READ,0x4000036e000,8192
0,burst_user4,4,READ,0x40000370000,8192
0,burst_user4,4,WRITE,0x40000372000,8192
0,burst_user4,4,READ,0x40000374000,8192
0,burst_user4,4,READ,0x40000376000,8192
0,burst_user4,4,WRITE,0x40000378000,8192
0,burst_user4,4,READ,0x4000037a000,8192
0,burst_user4,4,READ,0x4000037c000,8192
0,burst_user4,4,WRITE,0x4000037e000,8192
0,burst_user4,4,READ,0x40000380000,8192
0,burst_user4,4,READ,0x40000382000,8192
0,burst_user4,4,WRITE,0x40000384000,8192
0,burst_user4,4,READ,0x40000386000,8192
0,burst_user4,4,READ,0x40000388000,8192
0,burst_user4,4,WRITE,0x4000038a000,8192
0,burst_user4,4,READ,0x4000038c000,8192
0,burst_user4,4,READ,0x4000038e000,8192
0,burst_user4,4,WRITE,0x40000390000,8192
0,burst_user4,4,READ,0x40000392000,8192
0,burst_user4,4,READ,0x40000394000,8192
0,burst_user4,4,WRITE,0x40000396000,8192
0,burst_user4,4,READ,0x40000398000,8192
0,burst_user4,4,READ,0x4000039a000,8192
0,burst_user4,4,WRITE,0x4000039c000,8192
0,burst_user4,4,READ,0x4000039e000,8192
0,burst_user4,4,READ,0x400003a0000,8192
0,burst_user4,4,WRITE,0x400003a2000,8192
0,burst_user4,4,READ,0x400003a4000,8192
0,burst_user4,4,READ,0x400003a6000,8192
0,burst_user4,4,WRITE,0x400003a8000,8192
0,burst_user4,4,READ,0x400003aa000,8192
0,burst_user4,4,READ,0x400003ac000,8192
0,burst_user4,4,WRITE,0x400003ae000,8192
0,burst_user4,4,READ,0x400003b0000,8192
0,burst_user4,4,READ,0x400003b2000,8192
0,burst_user4,4,WRITE,0x400003b4000,8192
0,burst_user4,4,READ,0x400003b6000,8192
0,burst_user4,4,READ,0x400003b8000,8192
0,burst_user4,4,WRITE,0x400003ba000,8192
0,burst_user4,4,READ,0x400003bc000,8192
0,burst_user4,4,READ,0x400003be000,8192
0,burst_user4,4,WRITE,0x400003c0000,8192
0,burst_user4,4,READ,0x400003c2000,8192
0,burst_user4,4,READ,0x400003c4000,8192
0,burst_user4,4,WRITE,0x400003c6000,8192
0,burst_user4,4,READ,0x400003c8000,8192
0,burst_user4,4,READ,0x400003ca000,8192
0,burst_user4,4,WRITE,0x400003cc000,8192
0,burst_user4,4,READ,0x400003ce000,8192
0,burst_user4,4,READ,0x400003d0000,8192
0,burst_user4,4,WRITE,0x400003d2000,8192
0,burst_user4,4,READ,0x400003d4000,8192
0,burst_user4,4,READ,0x400003d6000,8192
0,burst_user4,4,WRITE,0x400003d8000,8192
0,burst_user4,4,READ,0x400003da000,8192
0,burst_user4,4,READ,0x400003dc000,8192
0,burst_user4,4,WRITE,0x400003de000,8192
0,burst_user4,4,READ,0x400003e0000,8192
0,burst_user4,4,READ,0x400003e2000,8192
0,burst_user4,4,WRITE,0x400003e4000,8192
0,burst_user4,4,READ,0x400003e6000,8192
0,burst_user4,4,READ,0x400003e8000,8192
0,burst_user4,4,WRITE,0x400003ea000,8192
0,burst_user4,4,READ,0x400003ec000,8192
0,burst_user4,4,READ,0x400003ee000,8192
0,burst_user4,4,WRITE,0x400003f0000,8192
0,burst_user4,4,READ,0x400003f2000,8192
0,burst_user4,4,READ,0x400003f4000,8192
0,burst_user4,4,WRITE,0x400003f6000,8192
0,burst_user4,4,READ,0x400003f8000,8192
0,burst_user4,4,READ,0x400003fa000,8192
0,burst_user4,4,WRITE,0x400003fc000,8192
0,burst_user4,4,READ,0x400003fe000,8192
0,burst_user4,4,READ,0x40000400000,8192
0,burst_user4,4,WRITE,0x40000402000,8192
0,burst_user4,4,READ,0x40000404000,8192
0,burst_user4,4,READ,0x40000406000,8192
0,burst_user4,4,WRITE,0x40000408000,8192
0,burst_user4,4,READ,0x4000040a000,8192
0,burst_user4,4,READ,0x4000040c000,8192
0,burst_user4,4,WRITE,0x4000040e000,8192
0,burst_user4,4,READ,0x40000410000,8192
0,burst_user4,4,READ,0x40000412000,8192
0,burst_user4,4,WRITE,0x40000414000,8192
0,burst_user4,4,READ,0x40000416000,8192
0,burst_user4,4,READ,0x40000418000,8192
0,burst_user4,4,WRITE,0x4000041a000,8192
0,burst_user4,4,READ,0x4000041c000,8192
0,burst_user4,4,READ,0x4000041e000,8192
0,burst_user4,4,WRITE,0x40000420000,8192
0,burst_user4,4,READ,0x40000422000,8192
0,burst_user4,4,READ,0x40000424000,8192
0,burst_user4,4,WRITE,0x40000426000,8192
0,burst_user4,4,READ,0x40000428000,8192
0,burst_user4,4,READ,0x4000042a000,8192
0,burst_user4,4,WRITE,0x4000042c000,8192
0,burst_user4,4,READ,0x4000042e000,8192
0,burst_user4,4,READ,0x40000430000,8192
0,burst_user4,4,WRITE,0x40000432000,8192
0,burst_user4,4,READ,0x40000434000,8192
0,burst_user4,4,READ,0x40000436000,8192
0,burst_user4,4,WRITE,0x40000438000,8192
0,burst_user4,4,READ,0x4000043a000,8192
0,burst_user4,4,READ,0x4000043c000,8192
0,burst_user4,4,WRITE,0x4000043e000,8192
0,burst_user4,4,READ,0x40000440000,8192
0,burst_user4,4,READ,0x40000442000,8192
0,burst_user4,4,WRITE,0x40000444000,8192
0,burst_user4,4,READ,0x40000446000,8192
0,burst_user4,4,READ,0x40000448000,8192
0,burst_user4,4,WRITE,0x4000044a000,8192
0,burst_user4,4,READ,0x4000044c000,8192
0,burst_user4,4,READ,0x4000044e000,8192
0,burst_user4,4,WRITE,0x40000450000,8192
0,burst_user4,4,READ,0x40000452000,8192
0,burst_user4,4,READ,0x40000454000,8192
0,burst_user4,4,WRITE,0x40000456000,8192
0,burst_user4,4,READ,0x40000458000,8192
0,burst_user4,4,READ,0x4000045a000,8192
0,burst_user4,4,WRITE,0x4000045c000,8192
0,burst_user4,4,READ,0x4000045e000,8192
0,burst_user4,4,READ,0x40000460000,8192
0,burst_user4,4,WRITE,0x40000462000,8192
0,burst_user4,4,READ,0x40000464000,8192
0,burst_user4,4,READ,0x40000466000,8192
0,burst_user4,4,WRITE,0x40000468000,8192
0,burst_user4,4,READ,0x4000046a000,8192
0,burst_user4,4,READ,0x4000046c000,8192
0,burst_user4,4,WRITE,0x4000046e000,8192
0,burst_user4,4,READ,0x40000470000,8192
0,burst_user4,4,READ,0x40000472000,8192
0,burst_user4,4,WRITE,0x40000474000,8192
0,burst_user4,4,READ,0x40000476000,8192
0,burst_user4,4,READ,0x40000478000,8192
0,burst_user4,4,WRITE,0x4000047a000,8192
0,burst_user4,4,READ,0x4000047c000,8192
0,burst_user4,4,READ,0x4000047e000,8192
0,burst_user4,4,WRITE,0x40000480000,8192
0,burst_user4,4,READ,0x40000482000,8192
0,burst_user4,4,READ,0x40000484000,8192
0,burst_user4,4,WRITE,0x40000486000,8192
0,burst_user4,4,READ,0x40000488000,8192
0,burst_user4,4,READ,0x4000048a000,8192
0,burst_user4,4,WRITE,0x4000048c000,8192
0,burst_user4,4,READ,0x4000048e000,8192
0,burst_user4,4,READ,0x40000490000,8192
0,burst_user4,4,WRITE,0x40000492000,8192
0,burst_user4,4,READ,0x40000494000,8192
0,burst_user4,4,READ,0x40000496000,8192
0,burst_user4,4,WRITE,0x40000498000,8192
0,burst_user4,4,READ,0x4000049a000,8192
0,burst_user4,4,READ,0x4000049c000,8192
0,burst_user4,4,WRITE,0x4000049e000,8192
0,burst_user4,4,READ,0x400004a0000,8192
0,burst_user4,4,READ,0x400004a2000,8192
0,burst_user4,4,WRITE,0x400004a4000,8192
0,burst_user4,4,READ,0x400004a6000,8192
0,burst_user4,4,READ,0x400004a8000,8192
0,burst_user4,4,WRITE,0x400004aa000,8192
0,burst_user4,4,READ,0x400004ac000,8192
0,burst_user4,4,READ,0x400004ae000,8192
0,burst_user4,4,WRITE,0x400004b0000,8192
0,burst_user4,4,READ,0x400004b2000,8192
0,burst_user4,4,READ,0x400004b4000,8192
0,burst_user4,4,WRITE,0x400004b6000,8192
0,burst_user4,4,READ,0x400004b8000,8192
0,burst_user4,4,READ,0x400004ba000,8192
0,burst_user4,4,WRITE,0x400004bc000,8192
0,burst_user4,4,READ,0x400004be000,8192
0,burst_user4,4,READ,0x400004c0000,8192
0,burst_user4,4,WRITE,0x400004c2000,8192
0,burst_user4,4,READ,0x400004c4000,8192
0,burst_user4,4,READ,0x400004c6000,8192
0,burst_user4,4,WRITE,0x400004c8000,8192
0,burst_user4,4,READ,0x400004ca000,8192
0,burst_user4,4,READ,0x400004cc000,8192
0,burst_user4,4,WRITE,0x400004ce000,8192
0,burst_user4,4,READ,0x400004d0000,8192
0,burst_user4,4,READ,0x400004d2000,8192
0,burst_user4,4,WRITE,0x400004d4000,8192
0,burst_user4,4,READ,0x400004d6000,8192
0,burst_user4,4,READ,0x400004d8000,8192
0,burst_user4,4,WRITE,0x400004da000,8192
0,burst_user4,4,READ,0x400004dc000,8192
0,burst_user4,4,READ,0x400004de000,8192
0,burst_user4,4,WRITE,0x400004e0000,8192
0,burst_user4,4,READ,0x400004e2000,8192
0,burst_user4,4,READ,0x400004e4000,8192
0,burst_user4,4,WRITE,0x400004e6000,8192
0,burst_user4,4,READ,0x400004e8000,8192
0,burst_user4,4,READ,0x400004ea000,8192
0,burst_user4,4,WRITE,0x400004ec000,8192
0,burst_user4,4,READ,0x400004ee000,8192
0,burst_user4,4,READ,0x400004f0000,8192
0,burst_user4,4,WRITE,0x400004f2000,8192
0,burst_user4,4,READ,0x400004f4000,8192
0,burst_user4,4,READ,0x400004f6000,8192
0,burst_user4,4,WRITE,0x400004f8000,8192
0,burst_user4,4,READ,0x400004fa000,8192
0,burst_user4,4,READ,0x400004fc000,8192
0,burst_user4,4,WRITE,0x400004fe000,8192
0,burst_user4,4,READ,0x40000500000,8192
0,burst_user4,4,READ,0x40000502000,8192
0,burst_user4,4,WRITE,0x40000504000,8192
0,burst_user4,4,READ,0x40000506000,8192
0,burst_user4,4,READ,0x40000508000,8192
0,burst_user4,4,WRITE,0x4000050a000,8192
0,burst_user4,4,READ,0x4000050c000,8192
0,burst_user4,4,READ,0x4000050e000,8192
0,burst_user4,4,WRITE,0x40000510000,8192
0,burst_user4,4,READ,0x40000512000,8192
0,burst_user4,4,READ,0x40000514000,8192
0,burst_user4,4,WRITE,0x40000516000,8192
0,burst_user4,4,READ,0x40000518000,8192
0,burst_user4,4,READ,0x4000051a000,8192
0,burst_user4,4,WRITE,0x4000051c000,8192
0,burst_user4,4,READ,0x4000051e000,8192
0,burst_user4,4,READ,0x40000520000,8192
0,burst_user4,4,WRITE,0x40000522000,8192
0,burst_user4,4,READ,0x40000524000,8192
0,burst_user4,4,READ,0x40000526000,8192
0,burst_user4,4,WRITE,0x40000528000,8192
0,burst_user4,4,READ,0x4000052a000,8192
0,burst_user4,4,READ,0x4000052c000,8192
0,burst_user4,4,WRITE,0x4000052e000,8192
0,burst_user4,4,READ,0x40000530000,8192
0,burst_user4,4,READ,0x40000532000,8192
0,burst_user4,4,WRITE,0x40000534000,8192
0,burst_user4,4,READ,0x40000536000,8192
0,burst_user4,4,READ,0x40000538000,8192
0,burst_user4,4,WRITE,0x4000053a000,8192
0,burst_user4,4,READ,0x4000053c000,8192
0,burst_user4,4,READ,0x4000053e000,8192
0,burst_user4,4,WRITE,0x40000540000,8192
0,burst_user4,4,READ,0x40000542000,8192
0,burst_user4,4,READ,0x40000544000,8192
0,burst_user4,4,WRITE,0x40000546000,8192
0,burst_user4,4,READ,0x40000548000,8192
0,burst_user4,4,READ,0x4000054a000,8192
0,burst_user4,4,WRITE,0x4000054c000,8192
0,burst_user4,4,READ,0x4000054e000,8192
0,burst_user4,4,READ,0x40000550000,8192
0,burst_user4,4,WRITE,0x40000552000,8192
0,burst_user4,4,READ,0x40000554000,8192
0,burst_user4,4,READ,0x40000556000,8192
0,burst_user4,4,WRITE,0x40000558000,8192
0,burst_user4,4,READ,0x4000055a000,8192
0,burst_user4,4,READ,0x4000055c000,8192
0,burst_user4,4,WRITE,0x4000055e000,8192
0,burst_user4,4,READ,0x40000560000,8192
0,burst_user4,4,READ,0x40000562000,8192
0,burst_user4,4,WRITE,0x40000564000,8192
0,burst_user4,4,READ,0x40000566000,8192
0,burst_user4,4,READ,0x40000568000,8192
0,burst_user4,4,WRITE,0x4000056a000,8192
0,burst_user4,4,READ,0x4000056c000,8192
0,burst_user4,4,READ,0x4000056e000,8192
0,burst_user4,4,WRITE,0x40000570000,8192
0,burst_user4,4,READ,0x40000572000,8192
0,burst_user4,4,READ,0x40000574000,8192
0,burst_user4,4,WRITE,0x40000576000,8192
0,burst_user4,4,READ,0x40000578000,8192
0,burst_user4,4,READ,0x4000057a000,8192
0,burst_user4,4,WRITE,0x4000057c000,8192
0,burst_user4,4,READ,0x4000057e000,8192
0,burst_user4,4,READ,0x40000580000,8192
0,burst_user4,4,WRITE,0x40000582000,8192
0,burst_user4,4,READ,0x40000584000,8192
0,burst_user4,4,READ,0x40000586000,8192
0,burst_user4,4,WRITE,0x40000588000,8192
0,burst_user4,4,READ,0x4000058a000,8192
0,burst_user4,4,READ,0x4000058c000,8192
0,burst_user4,4,WRITE,0x4000058e000,8192
0,burst_user4,4,READ,0x40000590000,8192
0,burst_user4,4,READ,0x40000592000,8192
0,burst_user4,4,WRITE,0x40000594000,8192
0,burst_user4,4,READ,0x40000596000,8192
0,burst_user4,4,READ,0x40000598000,8192
0,burst_user4,4,WRITE,0x4000059a000,8192
0,burst_user4,4,READ,0x4000059c000,8192
0,burst_user4,4,READ,0x4000059e000,8192
0,burst_user4,4,WRITE,0x400005a0000,8192
0,burst_user4,4,READ,0x400005a2000,8192
0,burst_user4,4,READ,0x400005a4000,8192
0,burst_user4,4,WRITE,0x400005a6000,8192
0,burst_user4,4,READ,0x400005a8000,8192
0,burst_user4,4,READ,0x400005aa000,8192
0,burst_user4,4,WRITE,0x400005ac000,8192
0,burst_user4,4,READ,0x400005ae000,8192
0,burst_user4,4,READ,0x400005b0000,8192
0,burst_user4,4,WRITE,0x400005b2000,8192
0,burst_user4,4,READ,0x400005b4000,8192
0,burst_user4,4,READ,0x400005b6000,8192
0,burst_user4,4,WRITE,0x400005b8000,8192
0,burst_user4,4,READ,0x400005ba000,8192
0,burst_user4,4,READ,0x400005bc000,8192
0,burst_user4,4,WRITE,0x400005be000,8192
0,burst_user4,4,READ,0x400005c0000,8192
0,burst_user4,4,READ,0x400005c2000,8192
0,burst_user4,4,WRITE,0x400005c4000,8192
0,burst_user4,4,READ,0x400005c6000,8192
0,burst_user4,4,READ,0x400005c8000,8192
0,burst_user4,4,WRITE,0x400005ca000,8192
0,burst_user4,4,READ,0x400005cc000,8192
0,burst_user4,4,READ,0x400005ce000,8192
0,burst_user4,4,WRITE,0x400005d0000,8192
0,burst_user4,4,READ,0x400005d2000,8192
0,burst_user4,4,READ,0x400005d4000,8192
0,burst_user4,4,WRITE,0x400005d6000,8192
0,burst_user4,4,READ,0x400005d8000,8192
0,burst_user4,4,READ,0x400005da000,8192
0,burst_user4,4,WRITE,0x400005dc000,8192
0,burst_user4,4,READ,0x400005de000,8192
0,burst_user4,4,READ,0x400005e0000,8192
0,burst_user4,4,WRITE,0x400005e2000,8192
0,burst_user4,4,READ,0x400005e4000,8192
0,burst_user4,4,READ,0x400005e6000,8192
0,burst_user4,4,WRITE,0x400005e8000,8192
0,burst_user4,4,READ,0x400005ea000,8192
0,burst_user4,4,READ,0x400005ec000,8192
0,burst_user4,4,WRITE,0x400005ee000,8192
0,burst_user4,4,READ,0x400005f0000,8192
0,burst_user4,4,READ,0x400005f2000,8192
0,burst_user4,4,WRITE,0x400005f4000,8192
0,burst_user4,4,READ,0x400005f6000,8192
0,burst_user4,4,READ,0x400005f8000,8192
0,burst_user4,4,WRITE,0x400005fa000,8192
0,burst_user4,4,READ,0x400005fc000,8192
0,burst_user4,4,READ,0x400005fe000,8192
0,burst_user4,4,WRITE,0x40000600000,8192
0,burst_user4,4,READ,0x40000602000,8192
0,burst_user4,4,READ,0x40000604000,8192
0,burst_user4,4,WRITE,0x40000606000,8192
0,burst_user4,4,READ,0x40000608000,8192
0,burst_user4,4,READ,0x4000060a000,8192
0,burst_user4,4,WRITE,0x4000060c000,8192
0,burst_user4,4,READ,0x4000060e000,8192
0,burst_user4,4,READ,0x40000610000,8192
0,burst_user4,4,WRITE,0x40000612000,8192
0,burst_user4,4,READ,0x40000614000,8192
0,burst_user4,4,READ,0x40000616000,8192
0,burst_user4,4,WRITE,0x40000618000,8192
0,burst_user4,4,READ,0x4000061a000,8192
0,burst_user4,4,READ,0x4000061c000,8192
0,burst_user4,4,WRITE,0x4000061e000,8192
0,burst_user4,4,READ,0x40000620000,8192
0,burst_user4,4,READ,0x40000622000,8192
0,burst_user4,4,WRITE,0x40000624000,8192
0,burst_user4,4,READ,0x40000626000,8192
0,burst_user4,4,READ,0x40000628000,8192
0,burst_user4,4,WRITE,0x4000062a000,8192
0,burst_user4,4,READ,0x4000062c000,8192
0,burst_user4,4,READ,0x4000062e000,8192
0,burst_user4,4,WRITE,0x40000630000,8192
0,burst_user4,4,READ,0x40000632000,8192
0,burst_user4,4,READ,0x40000634000,8192
0,burst_user4,4,WRITE,0x40000636000,8192
0,burst_user4,4,READ,0x40000638000,8192
0,burst_user4,4,READ,0x4000063a000,8192
0,burst_user4,4,WRITE,0x4000063c000,8192
0,burst_user4,4,READ,0x4000063e000,8192
0,burst_user4,4,READ,0x40000640000,8192
0,burst_user4,4,WRITE,0x40000642000,8192
0,burst_user4,4,READ,0x40000644000,8192
0,burst_user4,4,READ,0x40000646000,8192
0,burst_user4,4,WRITE,0x40000648000,8192
0,burst_user4,4,READ,0x4000064a000,8192
0,burst_user4,4,READ,0x4000064c000,8192
0,burst_user4,4,WRITE,0x4000064e000,8192
0,burst_user4,4,READ,0x40000650000,8192
0,burst_user4,4,READ,0x40000652000,8192
0,burst_user4,4,WRITE,0x40000654000,8192
0,burst_user4,4,READ,0x40000656000,8192
0,burst_user4,4,READ,0x40000658000,8192
0,burst_user4,4,WRITE,0x4000065a000,8192
0,burst_user4,4,READ,0x4000065c000,8192
0,burst_user4,4,READ,0x4000065e000,8192
0,burst_user4,4,WRITE,0x40000660000,8192
0,burst_user4,4,READ,0x40000662000,8192
0,burst_user4,4,READ,0x40000664000,8192
0,burst_user4,4,WRITE,0x40000666000,8192
0,burst_user4,4,READ,0x40000668000,8192
0,burst_user4,4,READ,0x4000066a000,8192
0,burst_user4,4,WRITE,0x4000066c000,8192
0,burst_user4,4,READ,0x4000066e000,8192
0,burst_user4,4,READ,0x40000670000,8192
0,burst_user4,4,WRITE,0x40000672000,8192
0,burst_user4,4,READ,0x40000674000,8192
0,burst_user4,4,READ,0x40000676000,8192
0,burst_user4,4,WRITE,0x40000678000,8192
0,burst_user4,4,READ,0x4000067a000,8192
0,burst_user4,4,READ,0x4000067c000,8192
0,burst_user4,4,WRITE,0x4000067e000,8192
0,burst_user4,4,READ,0x40000680000,8192
0,burst_user4,4,READ,0x40000682000,8192
0,burst_user4,4,WRITE,0x40000684000,8192
0,burst_user4,4,READ,0x40000686000,8192
0,burst_user4,4,READ,0x40000688000,8192
0,burst_user4,4,WRITE,0x4000068a000,8192
0,burst_user4,4,READ,0x4000068c000,8192
0,burst_user4,4,READ,0x4000068e000,8192
0,burst_user4,4,WRITE,0x40000690000,8192
0,burst_user4,4,READ,0x40000692000,8192
0,burst_user4,4,READ,0x40000694000,8192
0,burst_user4,4,WRITE,0x40000696000,8192
0,burst_user4,4,READ,0x40000698000,8192
0,burst_user4,4,READ,0x4000069a000,8192
0,burst_user4,4,WRITE,0x4000069c000,8192
0,burst_user4,4,READ,0x4000069e000,8192
0,burst_user4,4,READ,0x400006a0000,8192
0,burst_user4,4,WRITE,0x400006a2000,8192
0,burst_user4,4,READ,0x400006a4000,8192
0,burst_user4,4,READ,0x400006a6000,8192
0,burst_user4,4,WRITE,0x400006a8000,8192
0,burst_user4,4,READ,0x400006aa000,8192
0,burst_user4,4,READ,0x400006ac000,8192
0,burst_user4,4,WRITE,0x400006ae000,8192
0,burst_user4,4,READ,0x400006b0000,8192
0,burst_user4,4,READ,0x400006b2000,8192
0,burst_user4,4,WRITE,0x400006b4000,8192
0,burst_user4,4,READ,0x400006b6000,8192
0,burst_user4,4,READ,0x400006b8000,8192
0,burst_user4,4,WRITE,0x400006ba000,8192
0,burst_user4,4,READ,0x400006bc000,8192
0,burst_user4,4,READ,0x400006be000,8192
0,burst_user4,4,WRITE,0x400006c0000,8192
0,burst_user4,4,READ,0x400006c2000,8192
0,burst_user4,4,READ,0x400006c4000,8192
0,burst_user4,4,WRITE,0x400006c6000,8192
0,burst_user4,4,READ,0x400006c8000,8192
0,burst_user4,4,READ,0x400006ca000,8192
0,burst_user4,4,WRITE,0x400006cc000,8192
0,burst_user4,4,READ,0x400006ce000,8192
0,burst_user4,4,READ,0x400006d0000,8192
0,burst_user4,4,WRITE,0x400006d2000,8192
0,burst_user4,4,READ,0x400006d4000,8192
0,burst_user4,4,READ,0x400006d6000,8192
0,burst_user4,4,WRITE,0x400006d8000,8192
0,burst_user4,4,READ,0x400006da000,8192
0,burst_user4,4,READ,0x400006dc000,8192
0,burst_user4,4,WRITE,0x400006de000,8192
0,burst_user4,4,READ,0x400006e0000,8192
0,burst_user4,4,READ,0x400006e2000,8192
0,burst_user4,4,WRITE,0x400006e4000,8192
0,burst_user4,4,READ,0x400006e6000,8192
0,burst_user4,4,READ,0x400006e8000,8192
0,burst_user4,4,WRITE,0x400006ea000,8192
0,burst_user4,4,READ,0x400006ec000,8192
0,burst_user4,4,READ,0x400006ee000,8192
0,burst_user4,4,WRITE,0x400006f0000,8192
0,burst_user4,4,READ,0x400006f2000,8192
0,burst_user4,4,READ,0x400006f4000,8192
0,burst_user4,4,WRITE,0x400006f6000,8192
0,burst_user4,4,READ,0x400006f8000,8192
0,burst_user4,4,READ,0x400006fa000,8192
0,burst_user4,4,WRITE,0x400006fc000,8192
0,burst_user4,4,READ,0x400006fe000,8192
0,burst_user4,4,READ,0x40000700000,8192
0,burst_user4,4,WRITE,0x40000702000,8192
0,burst_user4,4,READ,0x40000704000,8192
0,burst_user4,4,READ,0x40000706000,8192
0,burst_user4,4,WRITE,0x40000708000,8192
0,burst_user4,4,READ,0x4000070a000,8192
0,burst_user4,4,READ,0x4000070c000,8192
0,burst_user4,4,WRITE,0x4000070e000,8192
0,burst_user4,4,READ,0x40000710000,8192
0,burst_user4,4,READ,0x40000712000,8192
0,burst_user4,4,WRITE,0x40000714000,8192
0,burst_user4,4,READ,0x40000716000,8192
0,burst_user4,4,READ,0x40000718000,8192
0,burst_user4,4,WRITE,0x4000071a000,8192
0,burst_user4,4,READ,0x4000071c000,8192
0,burst_user4,4,READ,0x4000071e000,8192
0,burst_user4,4,WRITE,0x40000720000,8192
0,burst_user4,4,READ,0x40000722000,8192
0,burst_user4,4,READ,0x40000724000,8192
0,burst_user4,4,WRITE,0x40000726000,8192
0,burst_user4,4,READ,0x40000728000,8192
0,burst_user4,4,READ,0x4000072a000,8192
0,burst_user4,4,WRITE,0x4000072c000,8192
0,burst_user4,4,READ,0x4000072e000,8192
0,burst_user4,4,READ,0x40000730000,8192
0,burst_user4,4,WRITE,0x40000732000,8192
0,burst_user4,4,READ,0x40000734000,8192
0,burst_user4,4,READ,0x40000736000,8192
0,burst_user4,4,WRITE,0x40000738000,8192
0,burst_user4,4,READ,0x4000073a000,8192
0,burst_user4,4,READ,0x4000073c000,8192
0,burst_user4,4,WRITE,0x4000073e000,8192
0,burst_user4,4,READ,0x40000740000,8192
0,burst_user4,4,READ,0x40000742000,8192
0,burst_user4,4,WRITE,0x40000744000,8192
0,burst_user4,4,READ,0x40000746000,8192
0,burst_user4,4,READ,0x40000748000,8192
0,burst_user4,4,WRITE,0x4000074a000,8192
0,burst_user4,4,READ,0x4000074c000,8192
0,burst_user4,4,READ,0x4000074e000,8192
0,burst_user4,4,WRITE,0x40000750000,8192
0,burst_user4,4,READ,0x40000752000,8192
0,burst_user4,4,READ,0x40000754000,8192
0,burst_user4,4,WRITE,0x40000756000,8192
0,burst_user4,4,READ,0x40000758000,8192
0,burst_user4,4,READ,0x4000075a000,8192
0,burst_user4,4,WRITE,0x4000075c000,8192
0,burst_user4,4,READ,0x4000075e000,8192
0,burst_user4,4,READ,0x40000760000,8192
0,burst_user4,4,WRITE,0x40000762000,8192
0,burst_user4,4,READ,0x40000764000,8192
0,burst_user4,4,READ,0x40000766000,8192
0,burst_user4,4,WRITE,0x40000768000,8192
0,burst_user4,4,READ,0x4000076a000,8192
0,burst_user4,4,READ,0x4000076c000,8192
0,burst_user4,4,WRITE,0x4000076e000,8192
0,burst_user4,4,READ,0x40000770000,8192
0,burst_user4,4,READ,0x40000772000,8192
0,burst_user4,4,WRITE,0x40000774000,8192
0,burst_user4,4,READ,0x40000776000,8192
0,burst_user4,4,READ,0x40000778000,8192
0,burst_user4,4,WRITE,0x4000077a000,8192
0,burst_user4,4,READ,0x4000077c000,8192
0,burst_user4,4,READ,0x4000077e000,8192
0,burst_user4,4,WRITE,0x40000780000,8192
0,burst_user4,4,READ,0x40000782000,8192
0,burst_user4,4,READ,0x40000784000,8192
0,burst_user4,4,WRITE,0x40000786000,8192
0,burst_user4,4,READ,0x40000788000,8192
0,burst_user4,4,READ,0x4000078a000,8192
0,burst_user4,4,WRITE,0x4000078c000,8192
0,burst_user4,4,READ,0x4000078e000,8192
0,burst_user4,4,READ,0x40000790000,8192
0,burst_user4,4,WRITE,0x40000792000,8192
0,burst_user4,4,READ,0x40000794000,8192
0,burst_user4,4,READ,0x40000796000,8192
0,burst_user4,4,WRITE,0x40000798000,8192
0,burst_user4,4,READ,0x4000079a000,8192
0,burst_user4,4,READ,0x4000079c000,8192
0,burst_user4,4,WRITE,0x4000079e000,8192
0,burst_user4,4,READ,0x400007a0000,8192
0,burst_user4,4,READ,0x400007a2000,8192
0,burst_user4,4,WRITE,0x400007a4000,8192
0,burst_user4,4,READ,0x400007a6000,8192
0,burst_user4,4,READ,0x400007a8000,8192
0,burst_user4,4,WRITE,0x400007aa000,8192
0,burst_user4,4,READ,0x400007ac000,8192
0,burst_user4,4,READ,0x400007ae000,8192
0,burst_user4,4,WRITE,0x400007b0000,8192
0,burst_user4,4,READ,0x400007b2000,8192
0,burst_user4,4,READ,0x400007b4000,8192
0,burst_user4,4,WRITE,0x400007b6000,8192
0,burst_user4,4,READ,0x400007b8000,8192
0,burst_user4,4,READ,0x400007ba000,8192
0,burst_user4,4,WRITE,0x400007bc000,8192
0,burst_user4,4,READ,0x400007be000,8192
0,burst_user4,4,READ,0x400007c0000,8192
0,burst_user4,4,WRITE,0x400007c2000,8192
0,burst_user4,4,READ,0x400007c4000,8192
0,burst_user4,4,READ,0x400007c6000,8192
0,burst_user4,4,WRITE,0x400007c8000,8192
0,burst_user4,4,READ,0x400007ca000,8192
0,burst_user4,4,READ,0x400007cc000,8192
0,burst_user4,4,WRITE,0x400007ce000,8192
0,burst_user4,4,READ,0x400007d0000,8192
0,burst_user4,4,READ,0x400007d2000,8192
0,burst_user4,4,WRITE,0x400007d4000,8192
0,burst_user4,4,READ,0x400007d6000,8192
0,burst_user4,4,READ,0x400007d8000,8192
0,burst_user4,4,WRITE,0x400007da000,8192
0,burst_user4,4,READ,0x400007dc000,8192
0,burst_user4,4,READ,0x400007de000,8192
0,burst_user4,4,WRITE,0x400007e0000,8192
0,burst_user4,4,READ,0x400007e2000,8192
0,burst_user4,4,READ,0x400007e4000,8192
0,burst_user4,4,WRITE,0x400007e6000,8192
0,burst_user4,4,READ,0x400007e8000,8192
0,burst_user4,4,READ,0x400007ea000,8192
0,burst_user4,4,WRITE,0x400007ec000,8192
0,burst_user4,4,READ,0x400007ee000,8192
0,burst_user4,4,READ,0x400007f0000,8192
0,burst_user4,4,WRITE,0x400007f2000,8192
0,burst_user4,4,READ,0x400007f4000,8192
0,burst_user4,4,READ,0x400007f6000,8192
0,burst_user4,4,WRITE,0x400007f8000,8192
0,burst_user4,4,READ,0x400007fa000,8192
0,burst_user4,4,READ,0x400007fc000,8192
0,burst_user4,4,WRITE,0x400007fe000,8192
0,burst_user4,4,READ,0x40000800000,8192
0,burst_user4,4,READ,0x40000802000,8192
0,burst_user4,4,WRITE,0x40000804000,8192
0,burst_user4,4,READ,0x40000806000,8192
0,burst_user4,4,READ,0x40000808000,8192
0,burst_user4,4,WRITE,0x4000080a000,8192
0,burst_user4,4,READ,0x4000080c000,8192
0,burst_user4,4,READ,0x4000080e000,8192
0,burst_user4,4,WRITE,0x40000810000,8192
0,burst_user4,4,READ,0x40000812000,8192
0,burst_user4,4,READ,0x40000814000,8192
0,burst_user4,4,WRITE,0x40000816000,8192
0,burst_user4,4,READ,0x40000818000,8192
0,burst_user4,4,READ,0x4000081a000,8192
0,burst_user4,4,WRITE,0x4000081c000,8192
0,burst_user4,4,READ,0x4000081e000,8192
0,burst_user4,4,READ,0x40000820000,8192
0,burst_user4,4,WRITE,0x40000822000,8192
0,burst_user4,4,READ,0x40000824000,8192
0,burst_user4,4,READ,0x40000826000,8192
0,burst_user4,4,WRITE,0x40000828000,8192
0,burst_user4,4,READ,0x4000082a000,8192
0,burst_user4,4,READ,0x4000082c000,8192
0,burst_user4,4,WRITE,0x4000082e000,8192
0,burst_user4,4,READ,0x40000830000,8192
0,burst_user4,4,READ,0x40000832000,8192
0,burst_user4,4,WRITE,0x40000834000,8192
0,burst_user4,4,READ,0x40000836000,8192
0,burst_user4,4,READ,0x40000838000,8192
0,burst_user4,4,WRITE,0x4000083a000,8192
0,burst_user4,4,READ,0x4000083c000,8192
0,burst_user4,4,READ,0x4000083e000,8192
0,burst_user4,4,WRITE,0x40000840000,8192
0,burst_user4,4,READ,0x40000842000,8192
0,burst_user4,4,READ,0x40000844000,8192
0,burst_user4,4,WRITE,0x40000846000,8192
0,burst_user4,4,READ,0x40000848000,8192
0,burst_user4,4,READ,0x4000084a000,8192
0,burst_user4,4,WRITE,0x4000084c000,8192
0,burst_user4,4,READ,0x4000084e000,8192
0,burst_user4,4,READ,0x40000850000,8192
0,burst_user4,4,WRITE,0x40000852000,8192
0,burst_user4,4,READ,0x40000854000,8192
0,burst_user4,4,READ,0x40000856000,8192
0,burst_user4,4,WRITE,0x40000858000,8192
0,burst_user4,4,READ,0x4000085a000,8192
0,burst_user4,4,READ,0x4000085c000,8192
0,burst_user4,4,WRITE,0x4000085e000,8192
0,burst_user4,4,READ,0x40000860000,8192
0,burst_user4,4,READ,0x40000862000,8192
0,burst_user4,4,WRITE,0x40000864000,8192
0,burst_user4,4,READ,0x40000866000,8192
0,burst_user4,4,READ,0x40000868000,8192
0,burst_user4,4,WRITE,0x4000086a000,8192
0,burst_user4,4,READ,0x4000086c000,8192
0,burst_user4,4,READ,0x4000086e000,8192
0,burst_user4,4,WRITE,0x40000870000,8192
0,burst_user4,4,READ,0x40000872000,8192
0,burst_user4,4,READ,0x40000874000,8192
0,burst_user4,4,WRITE,0x40000876000,8192
0,burst_user4,4,READ,0x40000878000,8192
0,burst_user4,4,READ,0x4000087a000,8192
0,burst_user4,4,WRITE,0x4000087c000,8192
0,burst_user4,4,READ,0x4000087e000,8192
0,burst_user4,4,READ,0x40000880000,8192
0,burst_user4,4,WRITE,0x40000882000,8192
0,burst_user4,4,READ,0x40000884000,8192
0,burst_user4,4,READ,0x40000886000,8192
0,burst_user4,4,WRITE,0x40000888000,8192
0,burst_user4,4,READ,0x4000088a000,8192
0,burst_user4,4,READ,0x4000088c000,8192
0,burst_user4,4,WRITE,0x4000088e000,8192
0,burst_user4,4,READ,0x40000890000,8192
0,burst_user4,4,READ,0x40000892000,8192
0,burst_user4,4,WRITE,0x40000894000,8192
0,burst_user4,4,READ,0x40000896000,8192
0,burst_user4,4,READ,0x40000898000,8192
0,burst_user4,4,WRITE,0x4000089a000,8192
0,burst_user4,4,READ,0x4000089c000,8192
0,burst_user4,4,READ,0x4000089e000,8192
0,burst_user4,4,WRITE,0x400008a0000,8192
0,burst_user4,4,READ,0x400008a2000,8192
0,burst_user4,4,READ,0x400008a4000,8192
0,burst_user4,4,WRITE,0x400008a6000,8192
0,burst_user4,4,READ,0x400008a8000,8192
0,burst_user4,4,READ,0x400008aa000,8192
0,burst_user4,4,WRITE,0x400008ac000,8192
0,burst_user4,4,READ,0x400008ae000,8192
0,burst_user4,4,READ,0x400008b0000,8192
0,burst_user4,4,WRITE,0x400008b2000,8192
0,burst_user4,4,READ,0x400008b4000,8192
0,burst_user4,4,READ,0x400008b6000,8192
0,burst_user4,4,WRITE,0x400008b8000,8192
0,burst_user4,4,READ,0x400008ba000,8192
0,burst_user4,4,READ,0x400008bc000,8192
0,burst_user4,4,WRITE,0x400008be000,8192
0,burst_user4,4,READ,0x400008c0000,8192
0,burst_user4,4,READ,0x400008c2000,8192
0,burst_user4,4,WRITE,0x400008c4000,8192
0,burst_user4,4,READ,0x400008c6000,8192
0,burst_user4,4,READ,0x400008c8000,8192
0,burst_user4,4,WRITE,0x400008ca000,8192
0,burst_user4,4,READ,0x400008cc000,8192
0,burst_user4,4,READ,0x400008ce000,8192
0,burst_user4,4,WRITE,0x400008d0000,8192
0,burst_user4,4,READ,0x400008d2000,8192
0,burst_user4,4,READ,0x400008d4000,8192
0,burst_user4,4,WRITE,0x400008d6000,8192
0,burst_user4,4,READ,0x400008d8000,8192
0,burst_user4,4,READ,0x400008da000,8192
0,burst_user4,4,WRITE,0x400008dc000,8192
0,burst_user4,4,READ,0x400008de000,8192
0,burst_user4,4,READ,0x400008e0000,8192
0,burst_user4,4,WRITE,0x400008e2000,8192
0,burst_user4,4,READ,0x400008e4000,8192
0,burst_user4,4,READ,0x400008e6000,8192
0,burst_user4,4,WRITE,0x400008e8000,8192
0,burst_user4,4,READ,0x400008ea000,8192
0,burst_user4,4,READ,0x400008ec000,8192
0,burst_user4,4,WRITE,0x400008ee000,8192
0,burst_user4,4,READ,0x400008f0000,8192
0,burst_user4,4,READ,0x400008f2000,8192
0,burst_user4,4,WRITE,0x400008f4000,8192
0,burst_user4,4,READ,0x400008f6000,8192
0,burst_user4,4,READ,0x400008f8000,8192
0,burst_user4,4,WRITE,0x400008fa000,8192
0,burst_user4,4,READ,0x400008fc000,8192
0,burst_user4,4,READ,0x400008fe000,8192
0,burst_user4,4,WRITE,0x40000900000,8192
0,burst_user4,4,READ,0x40000902000,8192
0,burst_user4,4,READ,0x40000904000,8192
0,burst_user4,4,WRITE,0x40000906000,8192
0,burst_user4,4,READ,0x40000908000,8192
0,burst_user4,4,READ,0x4000090a000,8192
0,burst_user4,4,WRITE,0x4000090c000,8192
0,burst_user4,4,READ,0x4000090e000,8192
0,burst_user4,4,READ,0x40000910000,8192
0,burst_user4,4,WRITE,0x40000912000,8192
0,burst_user4,4,READ,0x40000914000,8192
0,burst_user4,4,READ,0x40000916000,8192
0,burst_user4,4,WRITE,0x40000918000,8192
0,burst_user4,4,READ,0x4000091a000,8192
0,burst_user4,4,READ,0x4000091c000,8192
0,burst_user4,4,WRITE,0x4000091e000,8192
0,burst_user4,4,READ,0x40000920000,8192
0,burst_user4,4,READ,0x40000922000,8192
0,burst_user4,4,WRITE,0x40000924000,8192
0,burst_user4,4,READ,0x40000926000,8192
0,burst_user4,4,READ,0x40000928000,8192
0,burst_user4,4,WRITE,0x4000092a000,8192
0,burst_user4,4,READ,0x4000092c000,8192
0,burst_user4,4,READ,0x4000092e000,8192
0,burst_user4,4,WRITE,0x40000930000,8192
0,burst_user4,4,READ,0x40000932000,8192
0,burst_user4,4,READ,0x40000934000,8192
0,burst_user4,4,WRITE,0x40000936000,8192
0,burst_user4,4,READ,0x40000938000,8192
0,burst_user4,4,READ,0x4000093a000,8192
0,burst_user4,4,WRITE,0x4000093c000,8192
0,burst_user4,4,READ,0x4000093e000,8192
0,burst_user4,4,READ,0x40000940000,8192
0,burst_user4,4,WRITE,0x40000942000,8192
0,burst_user4,4,READ,0x40000944000,8192
0,burst_user4,4,READ,0x40000946000,8192
0,burst_user4,4,WRITE,0x40000948000,8192
0,burst_user4,4,READ,0x4000094a000,8192
0,burst_user4,4,READ,0x4000094c000,8192
0,burst_user4,4,WRITE,0x4000094e000,8192
0,burst_user4,4,READ,0x40000950000,8192
0,burst_user4,4,READ,0x40000952000,8192
0,burst_user4,4,WRITE,0x40000954000,8192
0,burst_user4,4,READ,0x40000956000,8192
0,burst_user4,4,READ,0x40000958000,8192
0,burst_user4,4,WRITE,0x4000095a000,8192
0,burst_user4,4,READ,0x4000095c000,8192
0,burst_user4,4,READ,0x4000095e000,8192
0,burst_user4,4,WRITE,0x40000960000,8192
0,burst_user4,4,READ,0x40000962000,8192
0,burst_user4,4,READ,0x40000964000,8192
0,burst_user4,4,WRITE,0x40000966000,8192
0,burst_user4,4,READ,0x40000968000,8192
0,burst_user4,4,READ,0x4000096a000,8192
0,burst_user4,4,WRITE,0x4000096c000,8192
0,burst_user4,4,READ,0x4000096e000,8192
0,burst_user4,4,READ,0x40000970000,8192
0,burst_user4,4,WRITE,0x40000972000,8192
0,burst_user4,4,READ,0x40000974000,8192
0,burst_user4,4,READ,0x40000976000,8192
0,burst_user4,4,WRITE,0x40000978000,8192
0,burst_user4,4,READ,0x4000097a000,8192
0,burst_user4,4,READ,0x4000097c000,8192
0,burst_user4,4,WRITE,0x4000097e000,8192
0,burst_user4,4,READ,0x40000980000,8192
0,burst_user4,4,READ,0x40000982000,8192
0,burst_user4,4,WRITE,0x40000984000,8192
0,burst_user4,4,READ,0x40000986000,8192
0,burst_user4,4,READ,0x40000988000,8192
0,burst_user4,4,WRITE,0x4000098a000,8192
0,burst_user4,4,READ,0x4000098c000,8192
0,burst_user4,4,READ,0x4000098e000,8192
0,burst_user4,4,WRITE,0x40000990000,8192
0,burst_user4,4,READ,0x40000992000,8192
0,burst_user4,4,READ,0x40000994000,8192
0,burst_user4,4,WRITE,0x40000996000,8192
0,burst_user4,4,READ,0x40000998000,8192
0,burst_user4,4,READ,0x4000099a000,8192
0,burst_user4,4,WRITE,0x4000099c000,8192
0,burst_user4,4,READ,0x4000099e000,8192
0,burst_user4,4,READ,0x400009a0000,8192
0,burst_user4,4,WRITE,0x400009a2000,8192
0,burst_user4,4,READ,0x400009a4000,8192
0,burst_user4,4,READ,0x400009a6000,8192
0,burst_user4,4,WRITE,0x400009a8000,8192
0,burst_user4,4,READ,0x400009aa000,8192
0,burst_user4,4,READ,0x400009ac000,8192
0,burst_user4,4,WRITE,0x400009ae000,8192
0,burst_user4,4,READ,0x400009b0000,8192
0,burst_user4,4,READ,0x400009b2000,8192
0,burst_user4,4,WRITE,0x400009b4000,8192
0,burst_user4,4,READ,0x400009b6000,8192
0,burst_user4,4,READ,0x400009b8000,8192
0,burst_user4,4,WRITE,0x400009ba000,8192
0,burst_user4,4,READ,0x400009bc000,8192
0,burst_user4,4,READ,0x400009be000,8192
0,burst_user4,4,WRITE,0x400009c0000,8192
0,burst_user4,4,READ,0x400009c2000,8192
0,burst_user4,4,READ,0x400009c4000,8192
0,burst_user4,4,WRITE,0x400009c6000,8192
0,burst_user4,4,READ,0x400009c8000,8192
0,burst_user4,4,READ,0x400009ca000,8192
0,burst_user4,4,WRITE,0x400009cc000,8192
0,burst_user4,4,READ,0x400009ce000,8192
0,burst_user4,4,READ,0x400009d0000,8192
0,burst_user4,4,WRITE,0x400009d2000,8192
0,burst_user4,4,READ,0x400009d4000,8192
0,burst_user4,4,READ,0x400009d6000,8192
0,burst_user4,4,WRITE,0x400009d8000,8192
0,burst_user4,4,READ,0x400009da000,8192
0,burst_user4,4,READ,0x400009dc000,8192
0,burst_user4,4,WRITE,0x400009de000,8192
0,burst_user4,4,READ,0x400009e0000,8192
0,burst_user4,4,READ,0x400009e2000,8192
0,burst_user4,4,WRITE,0x400009e4000,8192
0,burst_user4,4,READ,0x400009e6000,8192
0,burst_user4,4,READ,0x400009e8000,8192
0,burst_user4,4,WRITE,0x400009ea000,8192
0,burst_user4,4,READ,0x400009ec000,8192
0,burst_user4,4,READ,0x400009ee000,8192
0,burst_user4,4,WRITE,0x400009f0000,8192
0,burst_user4,4,READ,0x400009f2000,8192
0,burst_user4,4,READ,0x400009f4000,8192
0,burst_user4,4,WRITE,0x400009f6000,8192
0,burst_user4,4,READ,0x400009f8000,8192
0,burst_user4,4,READ,0x400009fa000,8192
0,burst_user4,4,WRITE,0x400009fc000,8192
0,burst_user4,4,READ,0x400009fe000,8192
0,burst_user4,4,READ,0x40000a00000,8192
0,burst_user4,4,WRITE,0x40000a02000,8192
0,burst_user4,4,READ,0x40000a04000,8192
0,burst_user4,4,READ,0x40000a06000,8192
0,burst_user4,4,WRITE,0x40000a08000,8192
0,burst_user4,4,READ,0x40000a0a000,8192
0,burst_user4,4,READ,0x40000a0c000,8192
0,burst_user4,4,WRITE,0x40000a0e000,8192
0,burst_user4,4,READ,0x40000a10000,8192
0,burst_user4,4,READ,0x40000a12000,8192
0,burst_user4,4,WRITE,0x40000a14000,8192
0,burst_user4,4,READ,0x40000a16000,8192
0,burst_user4,4,READ,0x40000a18000,8192
0,burst_user4,4,WRITE,0x40000a1a000,8192
0,burst_user4,4,READ,0x40000a1c000,8192
0,burst_user4,4,READ,0x40000a1e000,8192
0,burst_user4,4,WRITE,0x40000a20000,8192
0,burst_user4,4,READ,0x40000a22000,8192
0,burst_user4,4,READ,0x40000a24000,8192
0,burst_user4,4,WRITE,0x40000a26000,8192
0,burst_user4,4,READ,0x40000a28000,8192
0,burst_user4,4,READ,0x40000a2a000,8192
0,burst_user4,4,WRITE,0x40000a2c000,8192
0,burst_user4,4,READ,0x40000a2e000,8192
0,burst_user4,4,READ,0x40000a30000,8192
0,burst_user4,4,WRITE,0x40000a32000,8192
0,burst_user4,4,READ,0x40000a34000,8192
0,burst_user4,4,READ,0x40000a36000,8192
0,burst_user4,4,WRITE,0x40000a38000,8192
0,burst_user4,4,READ,0x40000a3a000,8192
0,burst_user4,4,READ,0x40000a3c000,8192
0,burst_user4,4,WRITE,0x40000a3e000,8192
0,burst_user4,4,READ,0x40000a40000,8192
0,burst_user4,4,READ,0x40000a42000,8192
0,burst_user4,4,WRITE,0x40000a44000,8192
0,burst_user4,4,READ,0x40000a46000,8192
0,burst_user4,4,READ,0x40000a48000,8192
0,burst_user4,4,WRITE,0x40000a4a000,8192
0,burst_user4,4,READ,0x40000a4c000,8192
0,burst_user4,4,READ,0x40000a4e000,8192
0,burst_user4,4,WRITE,0x40000a50000,8192
0,burst_user4,4,READ,0x40000a52000,8192
0,burst_user4,4,READ,0x40000a54000,8192
0,burst_user4,4,WRITE,0x40000a56000,8192
0,burst_user4,4,READ,0x40000a58000,8192
0,burst_user4,4,READ,0x40000a5a000,8192
0,burst_user4,4,WRITE,0x40000a5c000,8192
0,burst_user4,4,READ,0x40000a5e000,8192
0,burst_user4,4,READ,0x40000a60000,8192
0,burst_user4,4,WRITE,0x40000a62000,8192
0,burst_user4,4,READ,0x40000a64000,8192
0,burst_user4,4,READ,0x40000a66000,8192
0,burst_user4,4,WRITE,0x40000a68000,8192
0,burst_user4,4,READ,0x40000a6a000,8192
0,burst_user4,4,READ,0x40000a6c000,8192
0,burst_user4,4,WRITE,0x40000a6e000,8192
0,burst_user4,4,READ,0x40000a70000,8192
0,burst_user4,4,READ,0x40000a72000,8192
0,burst_user4,4,WRITE,0x40000a74000,8192
0,burst_user4,4,READ,0x40000a76000,8192
0,burst_user4,4,READ,0x40000a78000,8192
0,burst_user4,4,WRITE,0x40000a7a000,8192
0,burst_user4,4,READ,0x40000a7c000,8192
0,burst_user4,4,READ,0x40000a7e000,8192
0,burst_user4,4,WRITE,0x40000a80000,8192
0,burst_user4,4,READ,0x40000a82000,8192
0,burst_user4,4,READ,0x40000a84000,8192
0,burst_user4,4,WRITE,0x40000a86000,8192
0,burst_user4,4,READ,0x40000a88000,8192
0,burst_user4,4,READ,0x40000a8a000,8192
0,burst_user4,4,WRITE,0x40000a8c000,8192
0,burst_user4,4,READ,0x40000a8e000,8192
0,burst_user4,4,READ,0x40000a90000,8192
0,burst_user4,4,WRITE,0x40000a92000,8192
0,burst_user4,4,READ,0x40000a94000,8192
0,burst_user4,4,READ,0x40000a96000,8192
0,burst_user4,4,WRITE,0x40000a98000,8192
0,burst_user4,4,READ,0x40000a9a000,8192
0,burst_user4,4,READ,0x40000a9c000,8192
0,burst_user4,4,WRITE,0x40000a9e000,8192
0,burst_user4,4,READ,0x40000aa0000,8192
0,burst_user4,4,READ,0x40000aa2000,8192
0,burst_user4,4,WRITE,0x40000aa4000,8192
0,burst_user4,4,READ,0x40000aa6000,8192
0,burst_user4,4,READ,0x40000aa8000,8192
0,burst_user4,4,WRITE,0x40000aaa000,8192
0,burst_user4,4,READ,0x40000aac000,8192
0,burst_user4,4,READ,0x40000aae000,8192
0,burst_user4,4,WRITE,0x40000ab0000,8192
0,burst_user4,4,READ,0x40000ab2000,8192
0,burst_user4,4,READ,0x40000ab4000,8192
0,burst_user4,4,WRITE,0x40000ab6000,8192
0,burst_user4,4,READ,0x40000ab8000,8192
0,burst_user4,4,READ,0x40000aba000,8192
0,burst_user4,4,WRITE,0x40000abc000,8192
0,burst_user4,4,READ,0x40000abe000,8192
0,burst_user4,4,READ,0x40000ac0000,8192
0,burst_user4,4,WRITE,0x40000ac2000,8192
0,burst_user4,4,READ,0x40000ac4000,8192
0,burst_user4,4,READ,0x40000ac6000,8192
0,burst_user4,4,WRITE,0x40000ac8000,8192
0,burst_user4,4,READ,0x40000aca000,8192
0,burst_user4,4,READ,0x40000acc000,8192
0,burst_user4,4,WRITE,0x40000ace000,8192
0,burst_user4,4,READ,0x40000ad0000,8192
0,burst_user4,4,READ,0x40000ad2000,8192
0,burst_user4,4,WRITE,0x40000ad4000,8192
0,burst_user4,4,READ,0x40000ad6000,8192
0,burst_user4,4,READ,0x40000ad8000,8192
0,burst_user4,4,WRITE,0x40000ada000,8192
0,burst_user4,4,READ,0x40000adc000,8192
0,burst_user4,4,READ,0x40000ade000,8192
0,burst_user4,4,WRITE,0x40000ae0000,8192
0,burst_user4,4,READ,0x40000ae2000,8192
0,burst_user4,4,READ,0x40000ae4000,8192
0,burst_user4,4,WRITE,0x40000ae6000,8192
0,burst_user4,4,READ,0x40000ae8000,8192
0,burst_user4,4,READ,0x40000aea000,8192
0,burst_user4,4,WRITE,0x40000aec000,8192
0,burst_user4,4,READ,0x40000aee000,8192
0,burst_user4,4,READ,0x40000af0000,8192
0,burst_user4,4,WRITE,0x40000af2000,8192
0,burst_user4,4,READ,0x40000af4000,8192
0,burst_user4,4,READ,0x40000af6000,8192
0,burst_user4,4,WRITE,0x40000af8000,8192
0,burst_user4,4,READ,0x40000afa000,8192
0,burst_user4,4,READ,0x40000afc000,8192
0,burst_user4,4,WRITE,0x40000afe000,8192
0,burst_user4,4,READ,0x40000b00000,8192
0,burst_user4,4,READ,0x40000b02000,8192
0,burst_user4,4,WRITE,0x40000b04000,8192
0,burst_user4,4,READ,0x40000b06000,8192
0,burst_user4,4,READ,0x40000b08000,8192
0,burst_user4,4,WRITE,0x40000b0a000,8192
0,burst_user4,4,READ,0x40000b0c000,8192
0,burst_user4,4,READ,0x40000b0e000,8192
0,burst_user4,4,WRITE,0x40000b10000,8192
0,burst_user4,4,READ,0x40000b12000,8192
0,burst_user4,4,READ,0x40000b14000,8192
0,burst_user4,4,WRITE,0x40000b16000,8192
0,burst_user4,4,READ,0x40000b18000,8192
0,burst_user4,4,READ,0x40000b1a000,8192
0,burst_user4,4,WRITE,0x40000b1c000,8192
0,burst_user4,4,READ,0x40000b1e000,8192
0,burst_user4,4,READ,0x40000b20000,8192
0,burst_user4,4,WRITE,0x40000b22000,8192
0,burst_user4,4,READ,0x40000b24000,8192
0,burst_user4,4,READ,0x40000b26000,8192
0,burst_user4,4,WRITE,0x40000b28000,8192
0,burst_user4,4,READ,0x40000b2a000,8192
0,burst_user4,4,READ,0x40000b2c000,8192
0,burst_user4,4,WRITE,0x40000b2e000,8192
0,burst_user4,4,READ,0x40000b30000,8192
0,burst_user4,4,READ,0x40000b32000,8192
0,burst_user4,4,WRITE,0x40000b34000,8192
0,burst_user4,4,READ,0x40000b36000,8192
0,burst_user4,4,READ,0x40000b38000,8192
0,burst_user4,4,WRITE,0x40000b3a000,8192
0,burst_user4,4,READ,0x40000b3c000,8192
0,burst_user4,4,READ,0x40000b3e000,8192
0,burst_user4,4,WRITE,0x40000b40000,8192
0,burst_user4,4,READ,0x40000b42000,8192
0,burst_user4,4,READ,0x40000b44000,8192
0,burst_user4,4,WRITE,0x40000b46000,8192
0,burst_user4,4,READ,0x40000b48000,8192
0,burst_user4,4,READ,0x40000b4a000,8192
0,burst_user4,4,WRITE,0x40000b4c000,8192
0,burst_user4,4,READ,0x40000b4e000,8192
0,burst_user4,4,READ,0x40000b50000,8192
0,burst_user4,4,WRITE,0x40000b52000,8192
0,burst_user4,4,READ,0x40000b54000,8192
0,burst_user4,4,READ,0x40000b56000,8192
0,burst_user4,4,WRITE,0x40000b58000,8192
0,burst_user4,4,READ,0x40000b5a000,8192
0,burst_user4,4,READ,0x40000b5c000,8192
0,burst_user4,4,WRITE,0x40000b5e000,8192
0,burst_user4,4,READ,0x40000b60000,8192
0,burst_user4,4,READ,0x40000b62000,8192
0,burst_user4,4,WRITE,0x40000b64000,8192
0,burst_user4,4,READ,0x40000b66000,8192
0,burst_user4,4,READ,0x40000b68000,8192
0,burst_user4,4,WRITE,0x40000b6a000,8192
0,burst_user4,4,READ,0x40000b6c000,8192
0,burst_user4,4,READ,0x40000b6e000,8192
0,burst_user4,4,WRITE,0x40000b70000,8192
0,burst_user4,4,READ,0x40000b72000,8192
0,burst_user4,4,READ,0x40000b74000,8192
0,burst_user4,4,WRITE,0x40000b76000,8192
0,burst_user4,4,READ,0x40000b78000,8192
0,burst_user4,4,READ,0x40000b7a000,8192
0,burst_user4,4,WRITE,0x40000b7c000,8192
0,burst_user4,4,READ,0x40000b7e000,8192
0,burst_user4,4,READ,0x40000b80000,8192
0,burst_user4,4,WRITE,0x40000b82000,8192
0,burst_user4,4,READ,0x40000b84000,8192
0,burst_user4,4,READ,0x40000b86000,8192
0,burst_user4,4,WRITE,0x40000b88000,8192
0,burst_user4,4,READ,0x40000b8a000,8192
0,burst_user4,4,READ,0x40000b8c000,8192
0,burst_user4,4,WRITE,0x40000b8e000,8192
0,burst_user4,4,READ,0x40000b90000,8192
0,burst_user4,4,READ,0x40000b92000,8192
0,burst_user4,4,WRITE,0x40000b94000,8192
0,burst_user4,4,READ,0x40000b96000,8192
0,burst_user4,4,READ,0x40000b98000,8192
0,burst_user4,4,WRITE,0x40000b9a000,8192
0,burst_user4,4,READ,0x40000b9c000,8192
0,burst_user4,4,READ,0x40000b9e000,8192
0,burst_user4,4,WRITE,0x40000ba0000,8192
0,burst_user4,4,READ,0x40000ba2000,8192
0,burst_user4,4,READ,0x40000ba4000,8192
0,burst_user4,4,WRITE,0x40000ba6000,8192
0,burst_user4,4,READ,0x40000ba8000,8192
0,burst_user4,4,READ,0x40000baa000,8192
0,burst_user4,4,WRITE,0x40000bac000,8192
0,burst_user4,4,READ,0x40000bae000,8192
0,burst_user4,4,READ,0x40000bb0000,8192
0,burst_user4,4,WRITE,0x40000bb2000,8192
0,burst_user4,4,READ,0x40000bb4000,8192
0,burst_user4,4,READ,0x40000bb6000,8192
0,burst_user4,4,WRITE,0x40000bb8000,8192
0,burst_user4,4,READ,0x40000bba000,8192
0,burst_user4,4,READ,0x40000bbc000,8192
0,burst_user4,4,WRITE,0x40000bbe000,8192
0,burst_user4,4,READ,0x40000bc0000,8192
0,burst_user4,4,READ,0x40000bc2000,8192
0,burst_user4,4,WRITE,0x40000bc4000,8192
0,burst_user4,4,READ,0x40000bc6000,8192
0,burst_user4,4,READ,0x40000bc8000,8192
0,burst_user4,4,WRITE,0x40000bca000,8192
0,burst_user4,4,READ,0x40000bcc000,8192
0,burst_user4,4,READ,0x40000bce000,8192
0,burst_user4,4,WRITE,0x40000bd0000,8192
0,burst_user4,4,READ,0x40000bd2000,8192
0,burst_user4,4,READ,0x40000bd4000,8192
0,burst_user4,4,WRITE,0x40000bd6000,8192
0,burst_user4,4,READ,0x40000bd8000,8192
0,burst_user4,4,READ,0x40000bda000,8192
0,burst_user4,4,WRITE,0x40000bdc000,8192
0,burst_user4,4,READ,0x40000bde000,8192
0,burst_user4,4,READ,0x40000be0000,8192
0,burst_user4,4,WRITE,0x40000be2000,8192
0,burst_user4,4,READ,0x40000be4000,8192
0,burst_user4,4,READ,0x40000be6000,8192
0,burst_user4,4,WRITE,0x40000be8000,8192
0,burst_user4,4,READ,0x40000bea000,8192
0,burst_user4,4,READ,0x40000bec000,8192
0,burst_user4,4,WRITE,0x40000bee000,8192
0,burst_user4,4,READ,0x40000bf0000,8192
0,burst_user4,4,READ,0x40000bf2000,8192
0,burst_user4,4,WRITE,0x40000bf4000,8192
0,burst_user4,4,READ,0x40000bf6000,8192
0,burst_user4,4,READ,0x40000bf8000,8192
0,burst_user4,4,WRITE,0x40000bfa000,8192
0,burst_user4,4,READ,0x40000bfc000,8192
0,burst_user4,4,READ,0x40000bfe000,8192
0,burst_user4,4,WRITE,0x40000c00000,8192
0,burst_user4,4,READ,0x40000c02000,8192
0,burst_user4,4,READ,0x40000c04000,8192
0,burst_user4,4,WRITE,0x40000c06000,8192
0,burst_user4,4,READ,0x40000c08000,8192
0,burst_user4,4,READ,0x40000c0a000,8192
0,burst_user4,4,WRITE,0x40000c0c000,8192
0,burst_user4,4,READ,0x40000c0e000,8192
0,burst_user4,4,READ,0x40000c10000,8192
0,burst_user4,4,WRITE,0x40000c12000,8192
0,burst_user4,4,READ,0x40000c14000,8192
0,burst_user4,4,READ,0x40000c16000,8192
0,burst_user4,4,WRITE,0x40000c18000,8192
0,burst_user4,4,READ,0x40000c1a000,8192
0,burst_user4,4,READ,0x40000c1c000,8192
0,burst_user4,4,WRITE,0x40000c1e000,8192
0,burst_user4,4,READ,0x40000c20000,8192
0,burst_user4,4,READ,0x40000c22000,8192
0,burst_user4,4,WRITE,0x40000c24000,8192
0,burst_user4,4,READ,0x40000c26000,8192
0,burst_user4,4,READ,0x40000c28000,8192
0,burst_user4,4,WRITE,0x40000c2a000,8192
0,burst_user4,4,READ,0x40000c2c000,8192
0,burst_user4,4,READ,0x40000c2e000,8192
0,burst_user4,4,WRITE,0x40000c30000,8192
0,burst_user4,4,READ,0x40000c32000,8192
0,burst_user4,4,READ,0x40000c34000,8192
0,burst_user4,4,WRITE,0x40000c36000,8192
0,burst_user4,4,READ,0x40000c38000,8192
0,burst_user4,4,READ,0x40000c3a000,8192
0,burst_user4,4,WRITE,0x40000c3c000,8192
0,burst_user4,4,READ,0x40000c3e000,8192
0,burst_user4,4,READ,0x40000c40000,8192
0,burst_user4,4,WRITE,0x40000c42000,8192
0,burst_user4,4,READ,0x40000c44000,8192
0,burst_user4,4,READ,0x40000c46000,8192
0,burst_user4,4,WRITE,0x40000c48000,8192
0,burst_user4,4,READ,0x40000c4a000,8192
0,burst_user4,4,READ,0x40000c4c000,8192
0,burst_user4,4,WRITE,0x40000c4e000,8192
0,burst_user4,4,READ,0x40000c50000,8192
0,burst_user4,4,READ,0x40000c52000,8192
0,burst_user4,4,WRITE,0x40000c54000,8192
0,burst_user4,4,READ,0x40000c56000,8192
0,burst_user4,4,READ,0x40000c58000,8192
0,burst_user4,4,WRITE,0x40000c5a000,8192
0,burst_user4,4,READ,0x40000c5c000,8192
0,burst_user4,4,READ,0x40000c5e000,8192
0,burst_user4,4,WRITE,0x40000c60000,8192
0,burst_user4,4,READ,0x40000c62000,8192
0,burst_user4,4,READ,0x40000c64000,8192
0,burst_user4,4,WRITE,0x40000c66000,8192
0,burst_user4,4,READ,0x40000c68000,8192
0,burst_user4,4,READ,0x40000c6a000,8192
0,burst_user4,4,WRITE,0x40000c6c000,8192
0,burst_user4,4,READ,0x40000c6e000,8192
0,burst_user4,4,READ,0x40000c70000,8192
0,burst_user4,4,WRITE,0x40000c72000,8192
0,burst_user4,4,READ,0x40000c74000,8192
0,burst_user4,4,READ,0x40000c76000,8192
0,burst_user4,4,WRITE,0x40000c78000,8192
0,burst_user4,4,READ,0x40000c7a000,8192
0,burst_user4,4,READ,0x40000c7c000,8192
0,burst_user4,4,WRITE,0x40000c7e000,8192
0,burst_user4,4,READ,0x40000c80000,8192
0,burst_user4,4,READ,0x40000c82000,8192
0,burst_user4,4,WRITE,0x40000c84000,8192
0,burst_user4,4,READ,0x40000c86000,8192
0,burst_user4,4,READ,0x40000c88000,8192
0,burst_user4,4,WRITE,0x40000c8a000,8192
0,burst_user4,4,READ,0x40000c8c000,8192
0,burst_user4,4,READ,0x40000c8e000,8192
0,burst_user4,4,WRITE,0x40000c90000,8192
0,burst_user4,4,READ,0x40000c92000,8192
0,burst_user4,4,READ,0x40000c94000,8192
0,burst_user4,4,WRITE,0x40000c96000,8192
0,burst_user4,4,READ,0x40000c98000,8192
0,burst_user4,4,READ,0x40000c9a000,8192
0,burst_user4,4,WRITE,0x40000c9c000,8192
0,burst_user4,4,READ,0x40000c9e000,8192
0,burst_user4,4,READ,0x40000ca0000,8192
0,burst_user4,4,WRITE,0x40000ca2000,8192
0,burst_user4,4,READ,0x40000ca4000,8192
0,burst_user4,4,READ,0x40000ca6000,8192
0,burst_user4,4,WRITE,0x40000ca8000,8192
0,burst_user4,4,READ,0x40000caa000,8192
0,burst_user4,4,READ,0x40000cac000,8192
0,burst_user4,4,WRITE,0x40000cae000,8192
0,burst_user4,4,READ,0x40000cb0000,8192
0,burst_user4,4,READ,0x40000cb2000,8192
0,burst_user4,4,WRITE,0x40000cb4000,8192
0,burst_user4,4,READ,0x40000cb6000,8192
0,burst_user4,4,READ,0x40000cb8000,8192
0,burst_user4,4,WRITE,0x40000cba000,8192
0,burst_user4,4,READ,0x40000cbc000,8192
0,burst_user4,4,READ,0x40000cbe000,8192
0,burst_user4,4,WRITE,0x40000cc0000,8192
0,burst_user4,4,READ,0x40000cc2000,8192
0,burst_user4,4,READ,0x40000cc4000,8192
0,burst_user4,4,WRITE,0x40000cc6000,8192
0,burst_user4,4,READ,0x40000cc8000,8192
0,burst_user4,4,READ,0x40000cca000,8192
0,burst_user4,4,WRITE,0x40000ccc000,8192
0,burst_user4,4,READ,0x40000cce000,8192
0,burst_user4,4,READ,0x40000cd0000,8192
0,burst_user4,4,WRITE,0x40000cd2000,8192
0,burst_user4,4,READ,0x40000cd4000,8192
0,burst_user4,4,READ,0x40000cd6000,8192
0,burst_user4,4,WRITE,0x40000cd8000,8192
0,burst_user4,4,READ,0x40000cda000,8192
0,burst_user4,4,READ,0x40000cdc000,8192
0,burst_user4,4,WRITE,0x40000cde000,8192
0,burst_user4,4,READ,0x40000ce0000,8192
0,burst_user4,4,READ,0x40000ce2000,8192
0,burst_user4,4,WRITE,0x40000ce4000,8192
0,burst_user4,4,READ,0x40000ce6000,8192
0,burst_user4,4,READ,0x40000ce8000,8192
0,burst_user4,4,WRITE,0x40000cea000,8192
0,burst_user4,4,READ,0x40000cec000,8192
0,burst_user4,4,READ,0x40000cee000,8192
0,burst_user4,4,WRITE,0x40000cf0000,8192
0,burst_user4,4,READ,0x40000cf2000,8192
0,burst_user4,4,READ,0x40000cf4000,8192
0,burst_user4,4,WRITE,0x40000cf6000,8192
0,burst_user4,4,READ,0x40000cf8000,8192
0,burst_user4,4,READ,0x40000cfa000,8192
0,burst_user4,4,WRITE,0x40000cfc000,8192
0,burst_user4,4,READ,0x40000cfe000,8192
0,burst_user4,4,READ,0x40000d00000,8192
0,burst_user4,4,WRITE,0x40000d02000,8192
0,burst_user4,4,READ,0x40000d04000,8192
0,burst_user4,4,READ,0x40000d06000,8192
0,burst_user4,4,WRITE,0x40000d08000,8192
0,burst_user4,4,READ,0x40000d0a000,8192
0,burst_user4,4,READ,0x40000d0c000,8192
0,burst_user4,4,WRITE,0x40000d0e000,8192
0,burst_user4,4,READ,0x40000d10000,8192
0,burst_user4,4,READ,0x40000d12000,8192
0,burst_user4,4,WRITE,0x40000d14000,8192
0,burst_user4,4,READ,0x40000d16000,8192
0,burst_user4,4,READ,0x40000d18000,8192
0,burst_user4,4,WRITE,0x40000d1a000,8192
0,burst_user4,4,READ,0x40000d1c000,8192
0,burst_user4,4,READ,0x40000d1e000,8192
0,burst_user4,4,WRITE,0x40000d20000,8192
0,burst_user4,4,READ,0x40000d22000,8192
0,burst_user4,4,READ,0x40000d24000,8192
0,burst_user4,4,WRITE,0x40000d26000,8192
0,burst_user4,4,READ,0x40000d28000,8192
0,burst_user4,4,READ,0x40000d2a000,8192
0,burst_user4,4,WRITE,0x40000d2c000,8192
0,burst_user4,4,READ,0x40000d2e000,8192
0,burst_user4,4,READ,0x40000d30000,8192
0,burst_user4,4,WRITE,0x40000d32000,8192
0,burst_user4,4,READ,0x40000d34000,8192
0,burst_user4,4,READ,0x40000d36000,8192
0,burst_user4,4,WRITE,0x40000d38000,8192
0,burst_user4,4,READ,0x40000d3a000,8192
0,burst_user4,4,READ,0x40000d3c000,8192
0,burst_user4,4,WRITE,0x40000d3e000,8192
0,burst_user4,4,READ,0x40000d40000,8192
0,burst_user4,4,READ,0x40000d42000,8192
0,burst_user4,4,WRITE,0x40000d44000,8192
0,burst_user4,4,READ,0x40000d46000,8192
0,burst_user4,4,READ,0x40000d48000,8192
0,burst_user4,4,WRITE,0x40000d4a000,8192
0,burst_user4,4,READ,0x40000d4c000,8192
0,burst_user4,4,READ,0x40000d4e000,8192
0,burst_user4,4,WRITE,0x40000d50000,8192
0,burst_user4,4,READ,0x40000d52000,8192
0,burst_user4,4,READ,0x40000d54000,8192
0,burst_user4,4,WRITE,0x40000d56000,8192
0,burst_user4,4,READ,0x40000d58000,8192
0,burst_user4,4,READ,0x40000d5a000,8192
0,burst_user4,4,WRITE,0x40000d5c000,8192
0,burst_user4,4,READ,0x40000d5e000,8192
0,burst_user4,4,READ,0x40000d60000,8192
0,burst_user4,4,WRITE,0x40000d62000,8192
0,burst_user4,4,READ,0x40000d64000,8192
0,burst_user4,4,READ,0x40000d66000,8192
0,burst_user4,4,WRITE,0x40000d68000,8192
0,burst_user4,4,READ,0x40000d6a000,8192
0,burst_user4,4,READ,0x40000d6c000,8192
0,burst_user4,4,WRITE,0x40000d6e000,8192
0,burst_user4,4,READ,0x40000d70000,8192
0,burst_user4,4,READ,0x40000d72000,8192
0,burst_user4,4,WRITE,0x40000d74000,8192
0,burst_user4,4,READ,0x40000d76000,8192
0,burst_user4,4,READ,0x40000d78000,8192
0,burst_user4,4,WRITE,0x40000d7a000,8192
0,burst_user4,4,READ,0x40000d7c000,8192
0,burst_user4,4,READ,0x40000d7e000,8192
0,burst_user4,4,WRITE,0x40000d80000,8192
0,burst_user4,4,READ,0x40000d82000,8192
0,burst_user4,4,READ,0x40000d84000,8192
0,burst_user4,4,WRITE,0x40000d86000,8192
0,burst_user4,4,READ,0x40000d88000,8192
0,burst_user4,4,READ,0x40000d8a000,8192
0,burst_user4,4,WRITE,0x40000d8c000,8192
0,burst_user4,4,READ,0x40000d8e000,8192
0,burst_user4,4,READ,0x40000d90000,8192
0,burst_user4,4,WRITE,0x40000d92000,8192
0,burst_user4,4,READ,0x40000d94000,8192
0,burst_user4,4,READ,0x40000d96000,8192
0,burst_user4,4,WRITE,0x40000d98000,8192
0,burst_user4,4,READ,0x40000d9a000,8192
0,burst_user4,4,READ,0x40000d9c000,8192
0,burst_user4,4,WRITE,0x40000d9e000,8192
0,burst_user4,4,READ,0x40000da0000,8192
0,burst_user4,4,READ,0x40000da2000,8192
0,burst_user4,4,WRITE,0x40000da4000,8192
0,burst_user4,4,READ,0x40000da6000,8192
0,burst_user4,4,READ,0x40000da8000,8192
0,burst_user4,4,WRITE,0x40000daa000,8192
0,burst_user4,4,READ,0x40000dac000,8192
0,burst_user4,4,READ,0x40000dae000,8192
0,burst_user4,4,WRITE,0x40000db0000,8192
0,burst_user4,4,READ,0x40000db2000,8192
0,burst_user4,4,READ,0x40000db4000,8192
0,burst_user4,4,WRITE,0x40000db6000,8192
0,burst_user4,4,READ,0x40000db8000,8192
0,burst_user4,4,READ,0x40000dba000,8192
0,burst_user4,4,WRITE,0x40000dbc000,8192
0,burst_user4,4,READ,0x40000dbe000,8192
0,burst_user4,4,READ,0x40000dc0000,8192
0,burst_user4,4,WRITE,0x40000dc2000,8192
0,burst_user4,4,READ,0x40000dc4000,8192
0,burst_user4,4,READ,0x40000dc6000,8192
0,burst_user4,4,WRITE,0x40000dc8000,8192
0,burst_user4,4,READ,0x40000dca000,8192
0,burst_user4,4,READ,0x40000dcc000,8192
0,burst_user4,4,WRITE,0x40000dce000,8192
0,burst_user4,4,READ,0x40000dd0000,8192
0,burst_user4,4,READ,0x40000dd2000,8192
0,burst_user4,4,WRITE,0x40000dd4000,8192
0,burst_user4,4,READ,0x40000dd6000,8192
0,burst_user4,4,READ,0x40000dd8000,8192
0,burst_user4,4,WRITE,0x40000dda000,8192
0,burst_user4,4,READ,0x40000ddc000,8192
0,burst_user4,4,READ,0x40000dde000,8192
0,burst_user4,4,WRITE,0x40000de0000,8192
0,burst_user4,4,READ,0x40000de2000,8192
0,burst_user4,4,READ,0x40000de4000,8192
0,burst_user4,4,WRITE,0x40000de6000,8192
0,burst_user4,4,READ,0x40000de8000,8192
0,burst_user4,4,READ,0x40000dea000,8192
0,burst_user4,4,WRITE,0x40000dec000,8192
0,burst_user4,4,READ,0x40000dee000,8192
0,burst_user4,4,READ,0x40000df0000,8192
0,burst_user4,4,WRITE,0x40000df2000,8192
0,burst_user4,4,READ,0x40000df4000,8192
0,burst_user4,4,READ,0x40000df6000,8192
0,burst_user4,4,WRITE,0x40000df8000,8192
0,burst_user4,4,READ,0x40000dfa000,8192
0,burst_user4,4,READ,0x40000dfc000,8192
0,burst_user4,4,WRITE,0x40000dfe000,8192
0,burst_user4,4,READ,0x40000e00000,8192
0,burst_user4,4,READ,0x40000e02000,8192
0,burst_user4,4,WRITE,0x40000e04000,8192
0,burst_user4,4,READ,0x40000e06000,8192
0,burst_user4,4,READ,0x40000e08000,8192
0,burst_user4,4,WRITE,0x40000e0a000,8192
0,burst_user4,4,READ,0x40000e0c000,8192
0,burst_user4,4,READ,0x40000e0e000,8192
0,burst_user4,4,WRITE,0x40000e10000,8192
0,burst_user4,4,READ,0x40000e12000,8192
0,burst_user4,4,READ,0x40000e14000,8192
0,burst_user4,4,WRITE,0x40000e16000,8192
0,burst_user4,4,READ,0x40000e18000,8192
0,burst_user4,4,READ,0x40000e1a000,8192
0,burst_user4,4,WRITE,0x40000e1c000,8192
0,burst_user4,4,READ,0x40000e1e000,8192
0,burst_user4,4,READ,0x40000e20000,8192
0,burst_user4,4,WRITE,0x40000e22000,8192
0,burst_user4,4,READ,0x40000e24000,8192
0,burst_user4,4,READ,0x40000e26000,8192
0,burst_user4,4,WRITE,0x40000e28000,8192
0,burst_user4,4,READ,0x40000e2a000,8192
0,burst_user4,4,READ,0x40000e2c000,8192
0,burst_user4,4,WRITE,0x40000e2e000,8192
0,burst_user4,4,READ,0x40000e30000,8192
0,burst_user4,4,READ,0x40000e32000,8192
0,burst_user4,4,WRITE,0x40000e34000,8192
0,burst_user4,4,READ,0x40000e36000,8192
0,burst_user4,4,READ,0x40000e38000,8192
0,burst_user4,4,WRITE,0x40000e3a000,8192
0,burst_user4,4,READ,0x40000e3c000,8192
0,burst_user4,4,READ,0x40000e3e000,8192
0,burst_user4,4,WRITE,0x40000e40000,8192
0,burst_user4,4,READ,0x40000e42000,8192
0,burst_user4,4,READ,0x40000e44000,8192
0,burst_user4,4,WRITE,0x40000e46000,8192
0,burst_user4,4,READ,0x40000e48000,8192
0,burst_user4,4,READ,0x40000e4a000,8192
0,burst_user4,4,WRITE,0x40000e4c000,8192
0,burst_user4,4,READ,0x40000e4e000,8192
0,burst_user4,4,READ,0x40000e50000,8192
0,burst_user4,4,WRITE,0x40000e52000,8192
0,burst_user4,4,READ,0x40000e54000,8192
0,burst_user4,4,READ,0x40000e56000,8192
0,burst_user4,4,WRITE,0x40000e58000,8192
0,burst_user4,4,READ,0x40000e5a000,8192
0,burst_user4,4,READ,0x40000e5c000,8192
0,burst_user4,4,WRITE,0x40000e5e000,8192
0,burst_user4,4,READ,0x40000e60000,8192
0,burst_user4,4,READ,0x40000e62000,8192
0,burst_user4,4,WRITE,0x40000e64000,8192
0,burst_user4,4,READ,0x40000e66000,8192
0,burst_user4,4,READ,0x40000e68000,8192
0,burst_user4,4,WRITE,0x40000e6a000,8192
0,burst_user4,4,READ,0x40000e6c000,8192
0,burst_user4,4,READ,0x40000e6e000,8192
0,burst_user4,4,WRITE,0x40000e70000,8192
0,burst_user4,4,READ,0x40000e72000,8192
0,burst_user4,4,READ,0x40000e74000,8192
0,burst_user4,4,WRITE,0x40000e76000,8192
0,burst_user4,4,READ,0x40000e78000,8192
0,burst_user4,4,READ,0x40000e7a000,8192
0,burst_user4,4,WRITE,0x40000e7c000,8192
0,burst_user4,4,READ,0x40000e7e000,8192
0,burst_user4,4,READ,0x40000e80000,8192
0,burst_user4,4,WRITE,0x40000e82000,8192
0,burst_user4,4,READ,0x40000e84000,8192
0,burst_user4,4,READ,0x40000e86000,8192
0,burst_user4,4,WRITE,0x40000e88000,8192
0,burst_user4,4,READ,0x40000e8a000,8192
0,burst_user4,4,READ,0x40000e8c000,8192
0,burst_user4,4,WRITE,0x40000e8e000,8192
0,burst_user4,4,READ,0x40000e90000,8192
0,burst_user4,4,READ,0x40000e92000,8192
0,burst_user4,4,WRITE,0x40000e94000,8192
0,burst_user4,4,READ,0x40000e96000,8192
0,burst_user4,4,READ,0x40000e98000,8192
0,burst_user4,4,WRITE,0x40000e9a000,8192
0,burst_user4,4,READ,0x40000e9c000,8192
0,burst_user4,4,READ,0x40000e9e000,8192
0,burst_user4,4,WRITE,0x40000ea0000,8192
0,burst_user4,4,READ,0x40000ea2000,8192
0,burst_user4,4,READ,0x40000ea4000,8192
0,burst_user4,4,WRITE,0x40000ea6000,8192
0,burst_user4,4,READ,0x40000ea8000,8192
0,burst_user4,4,READ,0x40000eaa000,8192
0,burst_user4,4,WRITE,0x40000eac000,8192
0,burst_user4,4,READ,0x40000eae000,8192
0,burst_user4,4,READ,0x40000eb0000,8192
0,burst_user4,4,WRITE,0x40000eb2000,8192
0,burst_user4,4,READ,0x40000eb4000,8192
0,burst_user4,4,READ,0x40000eb6000,8192
0,burst_user4,4,WRITE,0x40000eb8000,8192
0,burst_user4,4,READ,0x40000eba000,8192
0,burst_user4,4,READ,0x40000ebc000,8192
0,burst_user4,4,WRITE,0x40000ebe000,8192
0,burst_user4,4,READ,0x40000ec0000,8192
0,burst_user4,4,READ,0x40000ec2000,8192
0,burst_user4,4,WRITE,0x40000ec4000,8192
0,burst_user4,4,READ,0x40000ec6000,8192
0,burst_user4,4,READ,0x40000ec8000,8192
0,burst_user4,4,WRITE,0x40000eca000,8192
0,burst_user4,4,READ,0x40000ecc000,8192
0,burst_user4,4,READ,0x40000ece000,8192
0,burst_user4,4,WRITE,0x40000ed0000,8192
0,burst_user4,4,READ,0x40000ed2000,8192
0,burst_user4,4,READ,0x40000ed4000,8192
0,burst_user4,4,WRITE,0x40000ed6000,8192
0,burst_user4,4,READ,0x40000ed8000,8192
0,burst_user4,4,READ,0x40000eda000,8192
0,burst_user4,4,WRITE,0x40000edc000,8192
0,burst_user4,4,READ,0x40000ede000,8192
0,burst_user4,4,READ,0x40000ee0000,8192
0,burst_user4,4,WRITE,0x40000ee2000,8192
0,burst_user4,4,READ,0x40000ee4000,8192
0,burst_user4,4,READ,0x40000ee6000,8192
0,burst_user4,4,WRITE,0x40000ee8000,8192
0,burst_user4,4,READ,0x40000eea000,8192
0,burst_user4,4,READ,0x40000eec000,8192
0,burst_user4,4,WRITE,0x40000eee000,8192
0,burst_user4,4,READ,0x40000ef0000,8192
0,burst_user4,4,READ,0x40000ef2000,8192
0,burst_user4,4,WRITE,0x40000ef4000,8192
0,burst_user4,4,READ,0x40000ef6000,8192
0,burst_user4,4,READ,0x40000ef8000,8192
0,burst_user4,4,WRITE,0x40000efa000,8192
0,burst_user4,4,READ,0x40000efc000,8192
0,burst_user4,4,READ,0x40000efe000,8192
0,burst_user4,4,WRITE,0x40000f00000,8192
0,burst_user4,4,READ,0x40000f02000,8192
0,burst_user4,4,READ,0x40000f04000,8192
0,burst_user4,4,WRITE,0x40000f06000,8192
0,burst_user4,4,READ,0x40000f08000,8192
0,burst_user4,4,READ,0x40000f0a000,8192
0,burst_user4,4,WRITE,0x40000f0c000,8192
0,burst_user4,4,READ,0x40000f0e000,8192
0,burst_user4,4,READ,0x40000f10000,8192
0,burst_user4,4,WRITE,0x40000f12000,8192
0,burst_user4,4,READ,0x40000f14000,8192
0,burst_user4,4,READ,0x40000f16000,8192
0,burst_user4,4,WRITE,0x40000f18000,8192
0,burst_user4,4,READ,0x40000f1a000,8192
0,burst_user4,4,READ,0x40000f1c000,8192
0,burst_user4,4,WRITE,0x40000f1e000,8192
0,burst_user4,4,READ,0x40000f20000,8192
0,burst_user4,4,READ,0x40000f22000,8192
0,burst_user4,4,WRITE,0x40000f24000,8192
0,burst_user4,4,READ,0x40000f26000,8192
0,burst_user4,4,READ,0x40000f28000,8192
0,burst_user4,4,WRITE,0x40000f2a000,8192
0,burst_user4,4,READ,0x40000f2c000,8192
0,burst_user4,4,READ,0x40000f2e000,8192
0,burst_user4,4,WRITE,0x40000f30000,8192
0,burst_user4,4,READ,0x40000f32000,8192
0,burst_user4,4,READ,0x40000f34000,8192
0,burst_user4,4,WRITE,0x40000f36000,8192
0,burst_user4,4,READ,0x40000f38000,8192
0,burst_user4,4,READ,0x40000f3a000,8192
0,burst_user4,4,WRITE,0x40000f3c000,8192
0,burst_user4,4,READ,0x40000f3e000,8192
0,burst_user4,4,READ,0x40000f40000,8192
0,burst_user4,4,WRITE,0x40000f42000,8192
0,burst_user4,4,READ,0x40000f44000,8192
0,burst_user4,4,READ,0x40000f46000,8192
0,burst_user4,4,WRITE,0x40000f48000,8192
0,burst_user4,4,READ,0x40000f4a000,8192
0,burst_user4,4,READ,0x40000f4c000,8192
0,burst_user4,4,WRITE,0x40000f4e000,8192
0,burst_user4,4,READ,0x40000f50000,8192
0,burst_user4,4,READ,0x40000f52000,8192
0,burst_user4,4,WRITE,0x40000f54000,8192
0,burst_user4,4,READ,0x40000f56000,8192
0,burst_user4,4,READ,0x40000f58000,8192
0,burst_user4,4,WRITE,0x40000f5a000,8192
0,burst_user4,4,READ,0x40000f5c000,8192
0,burst_user4,4,READ,0x40000f5e000,8192
0,burst_user4,4,WRITE,0x40000f60000,8192
0,burst_user4,4,READ,0x40000f62000,8192
0,burst_user4,4,READ,0x40000f64000,8192
0,burst_user4,4,WRITE,0x40000f66000,8192
0,burst_user4,4,READ,0x40000f68000,8192
0,burst_user4,4,READ,0x40000f6a000,8192
0,burst_user4,4,WRITE,0x40000f6c000,8192
0,burst_user4,4,READ,0x40000f6e000,8192
0,burst_user4,4,READ,0x40000f70000,8192
0,burst_user4,4,WRITE,0x40000f72000,8192
0,burst_user4,4,READ,0x40000f74000,8192
0,burst_user4,4,READ,0x40000f76000,8192
0,burst_user4,4,WRITE,0x40000f78000,8192
0,burst_user4,4,READ,0x40000f7a000,8192
0,burst_user4,4,READ,0x40000f7c000,8192
0,burst_user4,4,WRITE,0x40000f7e000,8192
0,burst_user4,4,READ,0x40000f80000,8192
0,burst_user4,4,READ,0x40000f82000,8192
0,burst_user4,4,WRITE,0x40000f84000,8192
0,burst_user4,4,READ,0x40000f86000,8192
0,burst_user4,4,READ,0x40000f88000,8192
0,burst_user4,4,WRITE,0x40000f8a000,8192
0,burst_user4,4,READ,0x40000f8c000,8192
0,burst_user4,4,READ,0x40000f8e000,8192
0,burst_user4,4,WRITE,0x40000f90000,8192
0,burst_user4,4,READ,0x40000f92000,8192
0,burst_user4,4,READ,0x40000f94000,8192
0,burst_user4,4,WRITE,0x40000f96000,8192
0,burst_user4,4,READ,0x40000f98000,8192
0,burst_user4,4,READ,0x40000f9a000,8192
0,burst_user4,4,WRITE,0x40000f9c000,8192
0,burst_user4,4,READ,0x40000f9e000,8192
0,burst_user5,5,WRITE,0x50000000000,8192
0,burst_user5,5,READ,0x50000002000,8192
0,burst_user5,5,READ,0x50000004000,8192
0,burst_user5,5,WRITE,0x50000006000,8192
0,burst_user5,5,READ,0x50000008000,8192
0,burst_user5,5,READ,0x5000000a000,8192
0,burst_user5,5,WRITE,0x5000000c000,8192
0,burst_user5,5,READ,0x5000000e000,8192
0,burst_user5,5,READ,0x50000010000,8192
0,burst_user5,5,WRITE,0x50000012000,8192
0,burst_user5,5,READ,0x50000014000,8192
0,burst_user5,5,READ,0x50000016000,8192
0,burst_user5,5,WRITE,0x50000018000,8192
0,burst_user5,5,READ,0x5000001a000,8192
0,burst_user5,5,READ,0x5000001c000,8192
0,burst_user5,5,WRITE,0x5000001e000,8192
0,burst_user5,5,READ,0x50000020000,8192
0,burst_user5,5,READ,0x50000022000,8192
0,burst_user5,5,WRITE,0x50000024000,8192
0,burst_user5,5,READ,0x50000026000,8192
0,burst_user5,5,READ,0x50000028000,8192
0,burst_user5,5,WRITE,0x5000002a000,8192
0,burst_user5,5,READ,0x5000002c000,8192
0,burst_user5,5,READ,0x5000002e000,8192
0,burst_user5,5,WRITE,0x50000030000,8192
0,burst_user5,5,READ,0x50000032000,8192
0,burst_user5,5,READ,0x50000034000,8192
0,burst_user5,5,WRITE,0x50000036000,8192
0,burst_user5,5,READ,0x50000038000,8192
0,burst_user5,5,READ,0x5000003a000,8192
0,burst_user5,5,WRITE,0x5000003c000,8192
0,burst_user5,5,READ,0x5000003e000,8192
0,burst_user5,5,READ,0x50000040000,8192
0,burst_user5,5,WRITE,0x50000042000,8192
0,burst_user5,5,READ,0x50000044000,8192
0,burst_user5,5,READ,0x50000046000,8192
0,burst_user5,5,WRITE,0x50000048000,8192
0,burst_user5,5,READ,0x5000004a000,8192
0,burst_user5,5,READ,0x5000004c000,8192
0,burst_user5,5,WRITE,0x5000004e000,8192
0,burst_user5,5,READ,0x50000050000,8192
0,burst_user5,5,READ,0x50000052000,8192
0,burst_user5,5,WRITE,0x50000054000,8192
0,burst_user5,5,READ,0x50000056000,8192
0,burst_user5,5,READ,0x50000058000,8192
0,burst_user5,5,WRITE,0x5000005a000,8192
0,burst_user5,5,READ,0x5000005c000,8192
0,burst_user5,5,READ,0x5000005e000,8192
0,burst_user5,5,WRITE,0x50000060000,8192
0,burst_user5,5,READ,0x50000062000,8192
0,burst_user5,5,READ,0x50000064000,8192
0,burst_user5,5,WRITE,0x50000066000,8192
0,burst_user5,5,READ,0x50000068000,8192
0,burst_user5,5,READ,0x5000006a000,8192
0,burst_user5,5,WRITE,0x5000006c000,8192
0,burst_user5,5,READ,0x5000006e000,8192
0,burst_user5,5,READ,0x50000070000,8192
0,burst_user5,5,WRITE,0x50000072000,8192
0,burst_user5,5,READ,0x50000074000,8192
0,burst_user5,5,READ,0x50000076000,8192
0,burst_user5,5,WRITE,0x50000078000,8192
0,burst_user5,5,READ,0x5000007a000,8192
0,burst_user5,5,READ,0x5000007c000,8192
0,burst_user5,5,WRITE,0x5000007e000,8192
0,burst_user5,5,READ,0x50000080000,8192
0,burst_user5,5,READ,0x50000082000,8192
0,burst_user5,5,WRITE,0x50000084000,8192
0,burst_user5,5,READ,0x50000086000,8192
0,burst_user5,5,READ,0x50000088000,8192
0,burst_user5,5,WRITE,0x5000008a000,8192
0,burst_user5,5,READ,0x5000008c000,8192
0,burst_user5,5,READ,0x5000008e000,8192
0,burst_user5,5,WRITE,0x50000090000,8192
0,burst_user5,5,READ,0x50000092000,8192
0,burst_user5,5,READ,0x50000094000,8192
0,burst_user5,5,WRITE,0x50000096000,8192
0,burst_user5,5,READ,0x50000098000,8192
0,burst_user5,5,READ,0x5000009a000,8192
0,burst_user5,5,WRITE,0x5000009c000,8192
0,burst_user5,5,READ,0x5000009e000,8192
0,burst_user5,5,READ,0x500000a0000,8192
0,burst_user5,5,WRITE,0x500000a2000,8192
0,burst_user5,5,READ,0x500000a4000,8192
0,burst_user5,5,READ,0x500000a6000,8192
0,burst_user5,5,WRITE,0x500000a8000,8192
0,burst_user5,5,READ,0x500000aa000,8192
0,burst_user5,5,READ,0x500000ac000,8192
0,burst_user5,5,WRITE,0x500000ae000,8192
0,burst_user5,5,READ,0x500000b0000,8192
0,burst_user5,5,READ,0x500000b2000,8192
0,burst_user5,5,WRITE,0x500000b4000,8192
0,burst_user5,5,READ,0x500000b6000,8192
0,burst_user5,5,READ,0x500000b8000,8192
0,burst_user5,5,WRITE,0x500000ba000,8192
0,burst_user5,5,READ,0x500000bc000,8192
0,burst_user5,5,READ,0x500000be000,8192
0,burst_user5,5,WRITE,0x500000c0000,8192
0,burst_user5,5,READ,0x500000c2000,8192
0,burst_user5,5,READ,0x500000c4000,8192
0,burst_user5,5,WRITE,0x500000c6000,8192
0,burst_user5,5,READ,0x500000c8000,8192
0,burst_user5,5,READ,0x500000ca000,8192
0,burst_user5,5,WRITE,0x500000cc000,8192
0,burst_user5,5,READ,0x500000ce000,8192
0,burst_user5,5,READ,0x500000d0000,8192
0,burst_user5,5,WRITE,0x500000d2000,8192
0,burst_user5,5,READ,0x500000d4000,8192
0,burst_user5,5,READ,0x500000d6000,8192
0,burst_user5,5,WRITE,0x500000d8000,8192
0,burst_user5,5,READ,0x500000da000,8192
0,burst_user5,5,READ,0x500000dc000,8192
0,burst_user5,5,WRITE,0x500000de000,8192
0,burst_user5,5,READ,0x500000e0000,8192
0,burst_user5,5,READ,0x500000e2000,8192
0,burst_user5,5,WRITE,0x500000e4000,8192
0,burst_user5,5,READ,0x500000e6000,8192
0,burst_user5,5,READ,0x500000e8000,8192
0,burst_user5,5,WRITE,0x500000ea000,8192
0,burst_user5,5,READ,0x500000ec000,8192
0,burst_user5,5,READ,0x500000ee000,8192
0,burst_user5,5,WRITE,0x500000f0000,8192
0,burst_user5,5,READ,0x500000f2000,8192
0,burst_user5,5,READ,0x500000f4000,8192
0,burst_user5,5,WRITE,0x500000f6000,8192
0,burst_user5,5,READ,0x500000f8000,8192
0,burst_user5,5,READ,0x500000fa000,8192
0,burst_user5,5,WRITE,0x500000fc000,8192
0,burst_user5,5,READ,0x500000fe000,8192
0,burst_user5,5,READ,0x50000100000,8192
0,burst_user5,5,WRITE,0x50000102000,8192
0,burst_user5,5,READ,0x50000104000,8192
0,burst_user5,5,READ,0x50000106000,8192
0,burst_user5,5,WRITE,0x50000108000,8192
0,burst_user5,5,READ,0x5000010a000,8192
0,burst_user5,5,READ,0x5000010c000,8192
0,burst_user5,5,WRITE,0x5000010e000,8192
0,burst_user5,5,READ,0x50000110000,8192
0,burst_user5,5,READ,0x50000112000,8192
0,burst_user5,5,WRITE,0x50000114000,8192
0,burst_user5,5,READ,0x50000116000,8192
0,burst_user5,5,READ,0x50000118000,8192
0,burst_user5,5,WRITE,0x5000011a000,8192
0,burst_user5,5,READ,0x5000011c000,8192
0,burst_user5,5,READ,0x5000011e000,8192
0,burst_user5,5,WRITE,0x50000120000,8192
0,burst_user5,5,READ,0x50000122000,8192
0,burst_user5,5,READ,0x50000124000,8192
0,burst_user5,5,WRITE,0x50000126000,8192
0,burst_user5,5,READ,0x50000128000,8192
0,burst_user5,5,READ,0x5000012a000,8192
0,burst_user5,5,WRITE,0x5000012c000,8192
0,burst_user5,5,READ,0x5000012e000,8192
0,burst_user5,5,READ,0x50000130000,8192
0,burst_user5,5,WRITE,0x50000132000,8192
0,burst_user5,5,READ,0x50000134000,8192
0,burst_user5,5,READ,0x50000136000,8192
0,burst_user5,5,WRITE,0x50000138000,8192
0,burst_user5,5,READ,0x5000013a000,8192
0,burst_user5,5,READ,0x5000013c000,8192
0,burst_user5,5,WRITE,0x5000013e000,8192
0,burst_user5,5,READ,0x50000140000,8192
0,burst_user5,5,READ,0x50000142000,8192
0,burst_user5,5,WRITE,0x50000144000,8192
0,burst_user5,5,READ,0x50000146000,8192
0,burst_user5,5,READ,0x50000148000,8192
0,burst_user5,5,WRITE,0x5000014a000,8192
0,burst_user5,5,READ,0x5000014c000,8192
0,burst_user5,5,READ,0x5000014e000,8192
0,burst_user5,5,WRITE,0x50000150000,8192
0,burst_user5,5,READ,0x50000152000,8192
0,burst_user5,5,READ,0x50000154000,8192
0,burst_user5,5,WRITE,0x50000156000,8192
0,burst_user5,5,READ,0x50000158000,8192
0,burst_user5,5,READ,0x5000015a000,8192
0,burst_user5,5,WRITE,0x5000015c000,8192
0,burst_user5,5,READ,0x5000015e000,8192
0,burst_user5,5,READ,0x50000160000,8192
0,burst_user5,5,WRITE,0x50000162000,8192
0,burst_user5,5,READ,0x50000164000,8192
0,burst_user5,5,READ,0x50000166000,8192
0,burst_user5,5,WRITE,0x50000168000,8192
0,burst_user5,5,READ,0x5000016a000,8192
0,burst_user5,5,READ,0x5000016c000,8192
0,burst_user5,5,WRITE,0x5000016e000,8192
0,burst_user5,5,READ,0x50000170000,8192
0,burst_user5,5,READ,0x50000172000,8192
0,burst_user5,5,WRITE,0x50000174000,8192
0,burst_user5,5,READ,0x50000176000,8192
0,burst_user5,5,READ,0x50000178000,8192
0,burst_user5,5,WRITE,0x5000017a000,8192
0,burst_user5,5,READ,0x5000017c000,8192
0,burst_user5,5,READ,0x5000017e000,8192
0,burst_user5,5,WRITE,0x50000180000,8192
0,burst_user5,5,READ,0x50000182000,8192
0,burst_user5,5,READ,0x50000184000,8192
0,burst_user5,5,WRITE,0x50000186000,8192
0,burst_user5,5,READ,0x50000188000,8192
0,burst_user5,5,READ,0x5000018a000,8192
0,burst_user5,5,WRITE,0x5000018c000,8192
0,burst_user5,5,READ,0x5000018e000,8192
0,burst_user5,5,READ,0x50000190000,8192
0,burst_user5,5,WRITE,0x50000192000,8192
0,burst_user5,5,READ,0x50000194000,8192
0,burst_user5,5,READ,0x50000196000,8192
0,burst_user5,5,WRITE,0x50000198000,8192
0,burst_user5,5,READ,0x5000019a000,8192
0,burst_user5,5,READ,0x5000019c000,8192
0,burst_user5,5,WRITE,0x5000019e000,8192
0,burst_user5,5,READ,0x500001a0000,8192
0,burst_user5,5,READ,0x500001a2000,8192
0,burst_user5,5,WRITE,0x500001a4000,8192
0,burst_user5,5,READ,0x500001a6000,8192
0,burst_user5,5,READ,0x500001a8000,8192
0,burst_user5,5,WRITE,0x500001aa000,8192
0,burst_user5,5,READ,0x500001ac000,8192
0,burst_user5,5,READ,0x500001ae000,8192
0,burst_user5,5,WRITE,0x500001b0000,8192
0,burst_user5,5,READ,0x500001b2000,8192
0,burst_user5,5,READ,0x500001b4000,8192
0,burst_user5,5,WRITE,0x500001b6000,8192
0,burst_user5,5,READ,0x500001b8000,8192
0,burst_user5,5,READ,0x500001ba000,8192
0,burst_user5,5,WRITE,0x500001bc000,8192
0,burst_user5,5,READ,0x500001be000,8192
0,burst_user5,5,READ,0x500001c0000,8192
0,burst_user5,5,WRITE,0x500001c2000,8192
0,burst_user5,5,READ,0x500001c4000,8192
0,burst_user5,5,READ,0x500001c6000,8192
0,burst_user5,5,WRITE,0x500001c8000,8192
0,burst_user5,5,READ,0x500001ca000,8192
0,burst_user5,5,READ,0x500001cc000,8192
0,burst_user5,5,WRITE,0x500001ce000,8192
0,burst_user5,5,READ,0x500001d0000,8192
0,burst_user5,5,READ,0x500001d2000,8192
0,burst_user5,5,WRITE,0x500001d4000,8192
0,burst_user5,5,READ,0x500001d6000,8192
0,burst_user5,5,READ,0x500001d8000,8192
0,burst_user5,5,WRITE,0x500001da000,8192
0,burst_user5,5,READ,0x500001dc000,8192
0,burst_user5,5,READ,0x500001de000,8192
0,burst_user5,5,WRITE,0x500001e0000,8192
0,burst_user5,5,READ,0x500001e2000,8192
0,burst_user5,5,READ,0x500001e4000,8192
0,burst_user5,5,WRITE,0x500001e6000,8192
0,burst_user5,5,READ,0x500001e8000,8192
0,burst_user5,5,READ,0x500001ea000,8192
0,burst_user5,5,WRITE,0x500001ec000,8192
0,burst_user5,5,READ,0x500001ee000,8192
0,burst_user5,5,READ,0x500001f0000,8192
0,burst_user5,5,WRITE,0x500001f2000,8192
0,burst_user5,5,READ,0x500001f4000,8192
0,burst_user5,5,READ,0x500001f6000,8192
0,burst_user5,5,WRITE,0x500001f8000,8192
0,burst_user5,5,READ,0x500001fa000,8192
0,burst_user5,5,READ,0x500001fc000,8192
0,burst_user5,5,WRITE,0x500001fe000,8192
0,burst_user5,5,READ,0x50000200000,8192
0,burst_user5,5,READ,0x50000202000,8192
0,burst_user5,5,WRITE,0x50000204000,8192
0,burst_user5,5,READ,0x50000206000,8192
0,burst_user5,5,READ,0x50000208000,8192
0,burst_user5,5,WRITE,0x5000020a000,8192
0,burst_user5,5,READ,0x5000020c000,8192
0,burst_user5,5,READ,0x5000020e000,8192
0,burst_user5,5,WRITE,0x50000210000,8192
0,burst_user5,5,READ,0x50000212000,8192
0,burst_user5,5,READ,0x50000214000,8192
0,burst_user5,5,WRITE,0x50000216000,8192
0,burst_user5,5,READ,0x50000218000,8192
0,burst_user5,5,READ,0x5000021a000,8192
0,burst_user5,5,WRITE,0x5000021c000,8192
0,burst_user5,5,READ,0x5000021e000,8192
0,burst_user5,5,READ,0x50000220000,8192
0,burst_user5,5,WRITE,0x50000222000,8192
0,burst_user5,5,READ,0x50000224000,8192
0,burst_user5,5,READ,0x50000226000,8192
0,burst_user5,5,WRITE,0x50000228000,8192
0,burst_user5,5,READ,0x5000022a000,8192
0,burst_user5,5,READ,0x5000022c000,8192
0,burst_user5,5,WRITE,0x5000022e000,8192
0,burst_user5,5,READ,0x50000230000,8192
0,burst_user5,5,READ,0x50000232000,8192
0,burst_user5,5,WRITE,0x50000234000,8192
0,burst_user5,5,READ,0x50000236000,8192
0,burst_user5,5,READ,0x50000238000,8192
0,burst_user5,5,WRITE,0x5000023a000,8192
0,burst_user5,5,READ,0x5000023c000,8192
0,burst_user5,5,READ,0x5000023e000,8192
0,burst_user5,5,WRITE,0x50000240000,8192
0,burst_user5,5,READ,0x50000242000,8192
0,burst_user5,5,READ,0x50000244000,8192
0,burst_user5,5,WRITE,0x50000246000,8192
0,burst_user5,5,READ,0x50000248000,8192
0,burst_user5,5,READ,0x5000024a000,8192
0,burst_user5,5,WRITE,0x5000024c000,8192
0,burst_user5,5,READ,0x5000024e000,8192
0,burst_user5,5,READ,0x50000250000,8192
0,burst_user5,5,WRITE,0x50000252000,8192
0,burst_user5,5,READ,0x50000254000,8192
0,burst_user5,5,READ,0x50000256000,8192
0,burst_user5,5,WRITE,0x50000258000,8192
0,burst_user5,5,READ,0x5000025a000,8192
0,burst_user5,5,READ,0x5000025c000,8192
0,burst_user5,5,WRITE,0x5000025e000,8192
0,burst_user5,5,READ,0x50000260000,8192
0,burst_user5,5,READ,0x50000262000,8192
0,burst_user5,5,WRITE,0x50000264000,8192
0,burst_user5,5,READ,0x50000266000,8192
0,burst_user5,5,READ,0x50000268000,8192
0,burst_user5,5,WRITE,0x5000026a000,8192
0,burst_user5,5,READ,0x5000026c000,8192
0,burst_user5,5,READ,0x5000026e000,8192
0,burst_user5,5,WRITE,0x50000270000,8192
0,burst_user5,5,READ,0x50000272000,8192
0,burst_user5,5,READ,0x50000274000,8192
0,burst_user5,5,WRITE,0x50000276000,8192
0,burst_user5,5,READ,0x50000278000,8192
0,burst_user5,5,READ,0x5000027a000,8192
0,burst_user5,5,WRITE,0x5000027c000,8192
0,burst_user5,5,READ,0x5000027e000,8192
0,burst_user5,5,READ,0x50000280000,8192
0,burst_user5,5,WRITE,0x50000282000,8192
0,burst_user5,5,READ,0x50000284000,8192
0,burst_user5,5,READ,0x50000286000,8192
0,burst_user5,5,WRITE,0x50000288000,8192
0,burst_user5,5,READ,0x5000028a000,8192
0,burst_user5,5,READ,0x5000028c000,8192
0,burst_user5,5,WRITE,0x5000028e000,8192
0,burst_user5,5,READ,0x50000290000,8192
0,burst_user5,5,READ,0x50000292000,8192
0,burst_user5,5,WRITE,0x50000294000,8192
0,burst_user5,5,READ,0x50000296000,8192
0,burst_user5,5,READ,0x50000298000,8192
0,burst_user5,5,WRITE,0x5000029a000,8192
0,burst_user5,5,READ,0x5000029c000,8192
0,burst_user5,5,READ,0x5000029e000,8192
0,burst_user5,5,WRITE,0x500002a0000,8192
0,burst_user5,5,READ,0x500002a2000,8192
0,burst_user5,5,READ,0x500002a4000,8192
0,burst_user5,5,WRITE,0x500002a6000,8192
0,burst_user5,5,READ,0x500002a8000,8192
0,burst_user5,5,READ,0x500002aa000,8192
0,burst_user5,5,WRITE,0x500002ac000,8192
0,burst_user5,5,READ,0x500002ae000,8192
0,burst_user5,5,READ,0x500002b0000,8192
0,burst_user5,5,WRITE,0x500002b2000,8192
0,burst_user5,5,READ,0x500002b4000,8192
0,burst_user5,5,READ,0x500002b6000,8192
0,burst_user5,5,WRITE,0x500002b8000,8192
0,burst_user5,5,READ,0x500002ba000,8192
0,burst_user5,5,READ,0x500002bc000,8192
0,burst_user5,5,WRITE,0x500002be000,8192
0,burst_user5,5,READ,0x500002c0000,8192
0,burst_user5,5,READ,0x500002c2000,8192
0,burst_user5,5,WRITE,0x500002c4000,8192
0,burst_user5,5,READ,0x500002c6000,8192
0,burst_user5,5,READ,0x500002c8000,8192
0,burst_user5,5,WRITE,0x500002ca000,8192
0,burst_user5,5,READ,0x500002cc000,8192
0,burst_user5,5,READ,0x500002ce000,8192
0,burst_user5,5,WRITE,0x500002d0000,8192
0,burst_user5,5,READ,0x500002d2000,8192
0,burst_user5,5,READ,0x500002d4000,8192
0,burst_user5,5,WRITE,0x500002d6000,8192
0,burst_user5,5,READ,0x500002d8000,8192
0,burst_user5,5,READ,0x500002da000,8192
0,burst_user5,5,WRITE,0x500002dc000,8192
0,burst_user5,5,READ,0x500002de000,8192
0,burst_user5,5,READ,0x500002e0000,8192
0,burst_user5,5,WRITE,0x500002e2000,8192
0,burst_user5,5,READ,0x500002e4000,8192
0,burst_user5,5,READ,0x500002e6000,8192
0,burst_user5,5,WRITE,0x500002e8000,8192
0,burst_user5,5,READ,0x500002ea000,8192
0,burst_user5,5,READ,0x500002ec000,8192
0,burst_user5,5,WRITE,0x500002ee000,8192
0,burst_user5,5,READ,0x500002f0000,8192
0,burst_user5,5,READ,0x500002f2000,8192
0,burst_user5,5,WRITE,0x500002f4000,8192
0,burst_user5,5,READ,0x500002f6000,8192
0,burst_user5,5,READ,0x500002f8000,8192
0,burst_user5,5,WRITE,0x500002fa000,8192
0,burst_user5,5,READ,0x500002fc000,8192
0,burst_user5,5,READ,0x500002fe000,8192
0,burst_user5,5,WRITE,0x50000300000,8192
0,burst_user5,5,READ,0x50000302000,8192
0,burst_user5,5,READ,0x50000304000,8192
0,burst_user5,5,WRITE,0x50000306000,8192
0,burst_user5,5,READ,0x50000308000,8192
0,burst_user5,5,READ,0x5000030a000,8192
0,burst_user5,5,WRITE,0x5000030c000,8192
0,burst_user5,5,READ,0x5000030e000,8192
0,burst_user5,5,READ,0x50000310000,8192
0,burst_user5,5,WRITE,0x50000312000,8192
0,burst_user5,5,READ,0x50000314000,8192
0,burst_user5,5,READ,0x50000316000,8192
0,burst_user5,5,WRITE,0x50000318000,8192
0,burst_user5,5,READ,0x5000031a000,8192
0,burst_user5,5,READ,0x5000031c000,8192
0,burst_user5,5,WRITE,0x5000031e000,8192
0,burst_user5,5,READ,0x50000320000,8192
0,burst_user5,5,READ,0x50000322000,8192
0,burst_user5,5,WRITE,0x50000324000,8192
0,burst_user5,5,READ,0x50000326000,8192
0,burst_user5,5,READ,0x50000328000,8192
0,burst_user5,5,WRITE,0x5000032a000,8192
0,burst_user5,5,READ,0x5000032c000,8192
0,burst_user5,5,READ,0x5000032e000,8192
0,burst_user5,5,WRITE,0x50000330000,8192
0,burst_user5,5,READ,0x50000332000,8192
0,burst_user5,5,READ,0x50000334000,8192
0,burst_user5,5,WRITE,0x50000336000,8192
0,burst_user5,5,READ,0x50000338000,8192
0,burst_user5,5,READ,0x5000033a000,8192
0,burst_user5,5,WRITE,0x5000033c000,8192
0,burst_user5,5,READ,0x5000033e000,8192
0,burst_user5,5,READ,0x50000340000,8192
0,burst_user5,5,WRITE,0x50000342000,8192
0,burst_user5,5,READ,0x50000344000,8192
0,burst_user5,5,READ,0x50000346000,8192
0,burst_user5,5,WRITE,0x50000348000,8192
0,burst_user5,5,READ,0x5000034a000,8192
0,burst_user5,5,READ,0x5000034c000,8192
0,burst_user5,5,WRITE,0x5000034e000,8192
0,burst_user5,5,READ,0x50000350000,8192
0,burst_user5,5,READ,0x50000352000,8192
0,burst_user5,5,WRITE,0x50000354000,8192
0,burst_user5,5,READ,0x50000356000,8192
0,burst_user5,5,READ,0x50000358000,8192
0,burst_user5,5,WRITE,0x5000035a000,8192
0,burst_user5,5,READ,0x5000035c000,8192
0,burst_user5,5,READ,0x5000035e000,8192
0,burst_user5,5,WRITE,0x50000360000,8192
0,burst_user5,5,READ,0x50000362000,8192
0,burst_user5,5,READ,0x50000364000,8192
0,burst_user5,5,WRITE,0x50000366000,8192
0,burst_user5,5,READ,0x50000368000,8192
0,burst_user5,5,READ,0x5000036a000,8192
0,burst_user5,5,WRITE,0x5000036c000,8192
0,burst_user5,5,READ,0x5000036e000,8192
0,burst_user5,5,READ,0x50000370000,8192
0,burst_user5,5,WRITE,0x50000372000,8192
0,burst_user5,5,READ,0x50000374000,8192
0,burst_user5,5,READ,0x50000376000,8192
0,burst_user5,5,WRITE,0x50000378000,8192
0,burst_user5,5,READ,0x5000037a000,8192
0,burst_user5,5,READ,0x5000037c000,8192
0,burst_user5,5,WRITE,0x5000037e000,8192
0,burst_user5,5,READ,0x50000380000,8192
0,burst_user5,5,READ,0x50000382000,8192
0,burst_user5,5,WRITE,0x50000384000,8192
0,burst_user5,5,READ,0x50000386000,8192
0,burst_user5,5,READ,0x50000388000,8192
0,burst_user5,5,WRITE,0x5000038a000,8192
0,burst_user5,5,READ,0x5000038c000,8192
0,burst_user5,5,READ,0x5000038e000,8192
0,burst_user5,5,WRITE,0x50000390000,8192
0,burst_user5,5,READ,0x50000392000,8192
0,burst_user5,5,READ,0x50000394000,8192
0,burst_user5,5,WRITE,0x50000396000,8192
0,burst_user5,5,READ,0x50000398000,8192
0,burst_user5,5,READ,0x5000039a000,8192
0,burst_user5,5,WRITE,0x5000039c000,8192
0,burst_user5,5,READ,0x5000039e000,8192
0,burst_user5,5,READ,0x500003a0000,8192
0,burst_user5,5,WRITE,0x500003a2000,8192
0,burst_user5,5,READ,0x500003a4000,8192
0,burst_user5,5,READ,0x500003a6000,8192
0,burst_user5,5,WRITE,0x500003a8000,8192
0,burst_user5,5,READ,0x500003aa000,8192
0,burst_user5,5,READ,0x500003ac000,8192
0,burst_user5,5,WRITE,0x500003ae000,8192
0,burst_user5,5,READ,0x500003b0000,8192
0,burst_user5,5,READ,0x500003b2000,8192
0,burst_user5,5,WRITE,0x500003b4000,8192
0,burst_user5,5,READ,0x500003b6000,8192
0,burst_user5,5,READ,0x500003b8000,8192
0,burst_user5,5,WRITE,0x500003ba000,8192
0,burst_user5,5,READ,0x500003bc000,8192
0,burst_user5,5,READ,0x500003be000,8192
0,burst_user5,5,WRITE,0x500003c0000,8192
0,burst_user5,5,READ,0x500003c2000,8192
0,burst_user5,5,READ,0x500003c4000,8192
0,burst_user5,5,WRITE,0x500003c6000,8192
0,burst_user5,5,READ,0x500003c8000,8192
0,burst_user5,5,READ,0x500003ca000,8192
0,burst_user5,5,WRITE,0x500003cc000,8192
0,burst_user5,5,READ,0x500003ce000,8192
0,burst_user5,5,READ,0x500003d0000,8192
0,burst_user5,5,WRITE,0x500003d2000,8192
0,burst_user5,5,READ,0x500003d4000,8192
0,burst_user5,5,READ,0x500003d6000,8192
0,burst_user5,5,WRITE,0x500003d8000,8192
0,burst_user5,5,READ,0x500003da000,8192
0,burst_user5,5,READ,0x500003dc000,8192
0,burst_user5,5,WRITE,0x500003de000,8192
0,burst_user5,5,READ,0x500003e0000,8192
0,burst_user5,5,READ,0x500003e2000,8192
0,burst_user5,5,WRITE,0x500003e4000,8192
0,burst_user5,5,READ,0x500003e6000,8192
0,burst_user5,5,READ,0x500003e8000,8192
0,burst_user5,5,WRITE,0x500003ea000,8192
0,burst_user5,5,READ,0x500003ec000,8192
0,burst_user5,5,READ,0x500003ee000,8192
0,burst_user5,5,WRITE,0x500003f0000,8192
0,burst_user5,5,READ,0x500003f2000,8192
0,burst_user5,5,READ,0x500003f4000,8192
0,burst_user5,5,WRITE,0x500003f6000,8192
0,burst_user5,5,READ,0x500003f8000,8192
0,burst_user5,5,READ,0x500003fa000,8192
0,burst_user5,5,WRITE,0x500003fc000,8192
0,burst_user5,5,READ,0x500003fe000,8192
0,burst_user5,5,READ,0x50000400000,8192
0,burst_user5,5,WRITE,0x50000402000,8192
0,burst_user5,5,READ,0x50000404000,8192
0,burst_user5,5,READ,0x50000406000,8192
0,burst_user5,5,WRITE,0x50000408000,8192
0,burst_user5,5,READ,0x5000040a000,8192
0,burst_user5,5,READ,0x5000040c000,8192
0,burst_user5,5,WRITE,0x5000040e000,8192
0,burst_user5,5,READ,0x50000410000,8192
0,burst_user5,5,READ,0x50000412000,8192
0,burst_user5,5,WRITE,0x50000414000,8192
0,burst_user5,5,READ,0x50000416000,8192
0,burst_user5,5,READ,0x50000418000,8192
0,burst_user5,5,WRITE,0x5000041a000,8192
0,burst_user5,5,READ,0x5000041c000,8192
0,burst_user5,5,READ,0x5000041e000,8192
0,burst_user5,5,WRITE,0x50000420000,8192
0,burst_user5,5,READ,0x50000422000,8192
0,burst_user5,5,READ,0x50000424000,8192
0,burst_user5,5,WRITE,0x50000426000,8192
0,burst_user5,5,READ,0x50000428000,8192
0,burst_user5,5,READ,0x5000042a000,8192
0,burst_user5,5,WRITE,0x5000042c000,8192
0,burst_user5,5,READ,0x5000042e000,8192
0,burst_user5,5,READ,0x50000430000,8192
0,burst_user5,5,WRITE,0x50000432000,8192
0,burst_user5,5,READ,0x50000434000,8192
0,burst_user5,5,READ,0x50000436000,8192
0,burst_user5,5,WRITE,0x50000438000,8192
0,burst_user5,5,READ,0x5000043a000,8192
0,burst_user5,5,READ,0x5000043c000,8192
0,burst_user5,5,WRITE,0x5000043e000,8192
0,burst_user5,5,READ,0x50000440000,8192
0,burst_user5,5,READ,0x50000442000,8192
0,burst_user5,5,WRITE,0x50000444000,8192
0,burst_user5,5,READ,0x50000446000,8192
0,burst_user5,5,READ,0x50000448000,8192
0,burst_user5,5,WRITE,0x5000044a000,8192
0,burst_user5,5,READ,0x5000044c000,8192
0,burst_user5,5,READ,0x5000044e000,8192
0,burst_user5,5,WRITE,0x50000450000,8192
0,burst_user5,5,READ,0x50000452000,8192
0,burst_user5,5,READ,0x50000454000,8192
0,burst_user5,5,WRITE,0x50000456000,8192
0,burst_user5,5,READ,0x50000458000,8192
0,burst_user5,5,READ,0x5000045a000,8192
0,burst_user5,5,WRITE,0x5000045c000,8192
0,burst_user5,5,READ,0x5000045e000,8192
0,burst_user5,5,READ,0x50000460000,8192
0,burst_user5,5,WRITE,0x50000462000,8192
0,burst_user5,5,READ,0x50000464000,8192
0,burst_user5,5,READ,0x50000466000,8192
0,burst_user5,5,WRITE,0x50000468000,8192
0,burst_user5,5,READ,0x5000046a000,8192
0,burst_user5,5,READ,0x5000046c000,8192
0,burst_user5,5,WRITE,0x5000046e000,8192
0,burst_user5,5,READ,0x50000470000,8192
0,burst_user5,5,READ,0x50000472000,8192
0,burst_user5,5,WRITE,0x50000474000,8192
0,burst_user5,5,READ,0x50000476000,8192
0,burst_user5,5,READ,0x50000478000,8192
0,burst_user5,5,WRITE,0x5000047a000,8192
0,burst_user5,5,READ,0x5000047c000,8192
0,burst_user5,5,READ,0x5000047e000,8192
0,burst_user5,5,WRITE,0x50000480000,8192
0,burst_user5,5,READ,0x50000482000,8192
0,burst_user5,5,READ,0x50000484000,8192
0,burst_user5,5,WRITE,0x50000486000,8192
0,burst_user5,5,READ,0x50000488000,8192
0,burst_user5,5,READ,0x5000048a000,8192
0,burst_user5,5,WRITE,0x5000048c000,8192
0,burst_user5,5,READ,0x5000048e000,8192
0,burst_user5,5,READ,0x50000490000,8192
0,burst_user5,5,WRITE,0x50000492000,8192
0,burst_user5,5,READ,0x50000494000,8192
0,burst_user5,5,READ,0x50000496000,8192
0,burst_user5,5,WRITE,0x50000498000,8192
0,burst_user5,5,READ,0x5000049a000,8192
0,burst_user5,5,READ,0x5000049c000,8192
0,burst_user5,5,WRITE,0x5000049e000,8192
0,burst_user5,5,READ,0x500004a0000,8192
0,burst_user5,5,READ,0x500004a2000,8192
0,burst_user5,5,WRITE,0x500004a4000,8192
0,burst_user5,5,READ,0x500004a6000,8192
0,burst_user5,5,READ,0x500004a8000,8192
0,burst_user5,5,WRITE,0x500004aa000,8192
0,burst_user5,5,READ,0x500004ac000,8192
0,burst_user5,5,READ,0x500004ae000,8192
0,burst_user5,5,WRITE,0x500004b0000,8192
0,burst_user5,5,READ,0x500004b2000,8192
0,burst_user5,5,READ,0x500004b4000,8192
0,burst_user5,5,WRITE,0x500004b6000,8192
0,burst_user5,5,READ,0x500004b8000,8192
0,burst_user5,5,READ,0x500004ba000,8192
0,burst_user5,5,WRITE,0x500004bc000,8192
0,burst_user5,5,READ,0x500004be000,8192
0,burst_user5,5,READ,0x500004c0000,8192
0,burst_user5,5,WRITE,0x500004c2000,8192
0,burst_user5,5,READ,0x500004c4000,8192
0,burst_user5,5,READ,0x500004c6000,8192
0,burst_user5,5,WRITE,0x500004c8000,8192
0,burst_user5,5,READ,0x500004ca000,8192
0,burst_user5,5,READ,0x500004cc000,8192
0,burst_user5,5,WRITE,0x500004ce000,8192
0,burst_user5,5,READ,0x500004d0000,8192
0,burst_user5,5,READ,0x500004d2000,8192
0,burst_user5,5,WRITE,0x500004d4000,8192
0,burst_user5,5,READ,0x500004d6000,8192
0,burst_user5,5,READ,0x500004d8000,8192
0,burst_user5,5,WRITE,0x500004da000,8192
0,burst_user5,5,READ,0x500004dc000,8192
0,burst_user5,5,READ,0x500004de000,8192
0,burst_user5,5,WRITE,0x500004e0000,8192
0,burst_user5,5,READ,0x500004e2000,8192
0,burst_user5,5,READ,0x500004e4000,8192
0,burst_user5,5,WRITE,0x500004e6000,8192
0,burst_user5,5,READ,0x500004e8000,8192
0,burst_user5,5,READ,0x500004ea000,8192
0,burst_user5,5,WRITE,0x500004ec000,8192
0,burst_user5,5,READ,0x500004ee000,8192
0,burst_user5,5,READ,0x500004f0000,8192
0,burst_user5,5,WRITE,0x500004f2000,8192
0,burst_user5,5,READ,0x500004f4000,8192
0,burst_user5,5,READ,0x500004f6000,8192
0,burst_user5,5,WRITE,0x500004f8000,8192
0,burst_user5,5,READ,0x500004fa000,8192
0,burst_user5,5,READ,0x500004fc000,8192
0,burst_user5,5,WRITE,0x500004fe000,8192
0,burst_user5,5,READ,0x50000500000,8192
0,burst_user5,5,READ,0x50000502000,8192
0,burst_user5,5,WRITE,0x50000504000,8192
0,burst_user5,5,READ,0x50000506000,8192
0,burst_user5,5,READ,0x50000508000,8192
0,burst_user5,5,WRITE,0x5000050a000,8192
0,burst_user5,5,READ,0x5000050c000,8192
0,burst_user5,5,READ,0x5000050e000,8192
0,burst_user5,5,WRITE,0x50000510000,8192
0,burst_user5,5,READ,0x50000512000,8192
0,burst_user5,5,READ,0x50000514000,8192
0,burst_user5,5,WRITE,0x50000516000,8192
0,burst_user5,5,READ,0x50000518000,8192
0,burst_user5,5,READ,0x5000051a000,8192
0,burst_user5,5,WRITE,0x5000051c000,8192
0,burst_user5,5,READ,0x5000051e000,8192
0,burst_user5,5,READ,0x50000520000,8192
0,burst_user5,5,WRITE,0x50000522000,8192
0,burst_user5,5,READ,0x50000524000,8192
0,burst_user5,5,READ,0x50000526000,8192
0,burst_user5,5,WRITE,0x50000528000,8192
0,burst_user5,5,READ,0x5000052a000,8192
0,burst_user5,5,READ,0x5000052c000,8192
0,burst_user5,5,WRITE,0x5000052e000,8192
0,burst_user5,5,READ,0x50000530000,8192
0,burst_user5,5,READ,0x50000532000,8192
0,burst_user5,5,WRITE,0x50000534000,8192
0,burst_user5,5,READ,0x50000536000,8192
0,burst_user5,5,READ,0x50000538000,8192
0,burst_user5,5,WRITE,0x5000053a000,8192
0,burst_user5,5,READ,0x5000053c000,8192
0,burst_user5,5,READ,0x5000053e000,8192
0,burst_user5,5,WRITE,0x50000540000,8192
0,burst_user5,5,READ,0x50000542000,8192
0,burst_user5,5,READ,0x50000544000,8192
0,burst_user5,5,WRITE,0x50000546000,8192
0,burst_user5,5,READ,0x50000548000,8192
0,burst_user5,5,READ,0x5000054a000,8192
0,burst_user5,5,WRITE,0x5000054c000,8192
0,burst_user5,5,READ,0x5000054e000,8192
0,burst_user5,5,READ,0x50000550000,8192
0,burst_user5,5,WRITE,0x50000552000,8192
0,burst_user5,5,READ,0x50000554000,8192
0,burst_user5,5,READ,0x50000556000,8192
0,burst_user5,5,WRITE,0x50000558000,8192
0,burst_user5,5,READ,0x5000055a000,8192
0,burst_user5,5,READ,0x5000055c000,8192
0,burst_user5,5,WRITE,0x5000055e000,8192
0,burst_user5,5,READ,0x50000560000,8192
0,burst_user5,5,READ,0x50000562000,8192
0,burst_user5,5,WRITE,0x50000564000,8192
0,burst_user5,5,READ,0x50000566000,8192
0,burst_user5,5,READ,0x50000568000,8192
0,burst_user5,5,WRITE,0x5000056a000,8192
0,burst_user5,5,READ,0x5000056c000,8192
0,burst_user5,5,READ,0x5000056e000,8192
0,burst_user5,5,WRITE,0x50000570000,8192
0,burst_user5,5,READ,0x50000572000,8192
0,burst_user5,5,READ,0x50000574000,8192
0,burst_user5,5,WRITE,0x50000576000,8192
0,burst_user5,5,READ,0x50000578000,8192
0,burst_user5,5,READ,0x5000057a000,8192
0,burst_user5,5,WRITE,0x5000057c000,8192
0,burst_user5,5,READ,0x5000057e000,8192
0,burst_user5,5,READ,0x50000580000,8192
0,burst_user5,5,WRITE,0x50000582000,8192
0,burst_user5,5,READ,0x50000584000,8192
0,burst_user5,5,READ,0x50000586000,8192
0,burst_user5,5,WRITE,0x50000588000,8192
0,burst_user5,5,READ,0x5000058a000,8192
0,burst_user5,5,READ,0x5000058c000,8192
0,burst_user5,5,WRITE,0x5000058e000,8192
0,burst_user5,5,READ,0x50000590000,8192
0,burst_user5,5,READ,0x50000592000,8192
0,burst_user5,5,WRITE,0x50000594000,8192
0,burst_user5,5,READ,0x50000596000,8192
0,burst_user5,5,READ,0x50000598000,8192
0,burst_user5,5,WRITE,0x5000059a000,8192
0,burst_user5,5,READ,0x5000059c000,8192
0,burst_user5,5,READ,0x5000059e000,8192
0,burst_user5,5,WRITE,0x500005a0000,8192
0,burst_user5,5,READ,0x500005a2000,8192
0,burst_user5,5,READ,0x500005a4000,8192
0,burst_user5,5,WRITE,0x500005a6000,8192
0,burst_user5,5,READ,0x500005a8000,8192
0,burst_user5,5,READ,0x500005aa000,8192
0,burst_user5,5,WRITE,0x500005ac000,8192
0,burst_user5,5,READ,0x500005ae000,8192
0,burst_user5,5,READ,0x500005b0000,8192
0,burst_user5,5,WRITE,0x500005b2000,8192
0,burst_user5,5,READ,0x500005b4000,8192
0,burst_user5,5,READ,0x500005b6000,8192
0,burst_user5,5,WRITE,0x500005b8000,8192
0,burst_user5,5,READ,0x500005ba000,8192
0,burst_user5,5,READ,0x500005bc000,8192
0,burst_user5,5,WRITE,0x500005be000,8192
0,burst_user5,5,READ,0x500005c0000,8192
0,burst_user5,5,READ,0x500005c2000,8192
0,burst_user5,5,WRITE,0x500005c4000,8192
0,burst_user5,5,READ,0x500005c6000,8192
0,burst_user5,5,READ,0x500005c8000,8192
0,burst_user5,5,WRITE,0x500005ca000,8192
0,burst_user5,5,READ,0x500005cc000,8192
0,burst_user5,5,READ,0x500005ce000,8192
0,burst_user5,5,WRITE,0x500005d0000,8192
0,burst_user5,5,READ,0x500005d2000,8192
0,burst_user5,5,READ,0x500005d4000,8192
0,burst_user5,5,WRITE,0x500005d6000,8192
0,burst_user5,5,READ,0x500005d8000,8192
0,burst_user5,5,READ,0x500005da000,8192
0,burst_user5,5,WRITE,0x500005dc000,8192
0,burst_user5,5,READ,0x500005de000,8192
0,burst_user5,5,READ,0x500005e0000,8192
0,burst_user5,5,WRITE,0x500005e2000,8192
0,burst_user5,5,READ,0x500005e4000,8192
0,burst_user5,5,READ,0x500005e6000,8192
0,burst_user5,5,WRITE,0x500005e8000,8192
0,burst_user5,5,READ,0x500005ea000,8192
0,burst_user5,5,READ,0x500005ec000,8192
0,burst_user5,5,WRITE,0x500005ee000,8192
0,burst_user5,5,READ,0x500005f0000,8192
0,burst_user5,5,READ,0x500005f2000,8192
0,burst_user5,5,WRITE,0x500005f4000,8192
0,burst_user5,5,READ,0x500005f6000,8192
0,burst_user5,5,READ,0x500005f8000,8192
0,burst_user5,5,WRITE,0x500005fa000,8192
0,burst_user5,5,READ,0x500005fc000,8192
0,burst_user5,5,READ,0x500005fe000,8192
0,burst_user5,5,WRITE,0x50000600000,8192
0,burst_user5,5,READ,0x50000602000,8192
0,burst_user5,5,READ,0x50000604000,8192
0,burst_user5,5,WRITE,0x50000606000,8192
0,burst_user5,5,READ,0x50000608000,8192
0,burst_user5,5,READ,0x5000060a000,8192
0,burst_user5,5,WRITE,0x5000060c000,8192
0,burst_user5,5,READ,0x5000060e000,8192
0,burst_user5,5,READ,0x50000610000,8192
0,burst_user5,5,WRITE,0x50000612000,8192
0,burst_user5,5,READ,0x50000614000,8192
0,burst_user5,5,READ,0x50000616000,8192
0,burst_user5,5,WRITE,0x50000618000,8192
0,burst_user5,5,READ,0x5000061a000,8192
0,burst_user5,5,READ,0x5000061c000,8192
0,burst_user5,5,WRITE,0x5000061e000,8192
0,burst_user5,5,READ,0x50000620000,8192
0,burst_user5,5,READ,0x50000622000,8192
0,burst_user5,5,WRITE,0x50000624000,8192
0,burst_user5,5,READ,0x50000626000,8192
0,burst_user5,5,READ,0x50000628000,8192
0,burst_user5,5,WRITE,0x5000062a000,8192
0,burst_user5,5,READ,0x5000062c000,8192
0,burst_user5,5,READ,0x5000062e000,8192
0,burst_user5,5,WRITE,0x50000630000,8192
0,burst_user5,5,READ,0x50000632000,8192
0,burst_user5,5,READ,0x50000634000,8192
0,burst_user5,5,WRITE,0x50000636000,8192
0,burst_user5,5,READ,0x50000638000,8192
0,burst_user5,5,READ,0x5000063a000,8192
0,burst_user5,5,WRITE,0x5000063c000,8192
0,burst_user5,5,READ,0x5000063e000,8192
0,burst_user5,5,READ,0x50000640000,8192
0,burst_user5,5,WRITE,0x50000642000,8192
0,burst_user5,5,READ,0x50000644000,8192
0,burst_user5,5,READ,0x50000646000,8192
0,burst_user5,5,WRITE,0x50000648000,8192
0,burst_user5,5,READ,0x5000064a000,8192
0,burst_user5,5,READ,0x5000064c000,8192
0,burst_user5,5,WRITE,0x5000064e000,8192
0,burst_user5,5,READ,0x50000650000,8192
0,burst_user5,5,READ,0x50000652000,8192
0,burst_user5,5,WRITE,0x50000654000,8192
0,burst_user5,5,READ,0x50000656000,8192
0,burst_user5,5,READ,0x50000658000,8192
0,burst_user5,5,WRITE,0x5000065a000,8192
0,burst_user5,5,READ,0x5000065c000,8192
0,burst_user5,5,READ,0x5000065e000,8192
0,burst_user5,5,WRITE,0x50000660000,8192
0,burst_user5,5,READ,0x50000662000,8192
0,burst_user5,5,READ,0x50000664000,8192
0,burst_user5,5,WRITE,0x50000666000,8192
0,burst_user5,5,READ,0x50000668000,8192
0,burst_user5,5,READ,0x5000066a000,8192
0,burst_user5,5,WRITE,0x5000066c000,8192
0,burst_user5,5,READ,0x5000066e000,8192
0,burst_user5,5,READ,0x50000670000,8192
0,burst_user5,5,WRITE,0x50000672000,8192
0,burst_user5,5,READ,0x50000674000,8192
0,burst_user5,5,READ,0x50000676000,8192
0,burst_user5,5,WRITE,0x50000678000,8192
0,burst_user5,5,READ,0x5000067a000,8192
0,burst_user5,5,READ,0x5000067c000,8192
0,burst_user5,5,WRITE,0x5000067e000,8192
0,burst_user5,5,READ,0x50000680000,8192
0,burst_user5,5,READ,0x50000682000,8192
0,burst_user5,5,WRITE,0x50000684000,8192
0,burst_user5,5,READ,0x50000686000,8192
0,burst_user5,5,READ,0x50000688000,8192
0,burst_user5,5,WRITE,0x5000068a000,8192
0,burst_user5,5,READ,0x5000068c000,8192
0,burst_user5,5,READ,0x5000068e000,8192
0,burst_user5,5,WRITE,0x50000690000,8192
0,burst_user5,5,READ,0x50000692000,8192
0,burst_user5,5,READ,0x50000694000,8192
0,burst_user5,5,WRITE,0x50000696000,8192
0,burst_user5,5,READ,0x50000698000,8192
0,burst_user5,5,READ,0x5000069a000,8192
0,burst_user5,5,WRITE,0x5000069c000,8192
0,burst_user5,5,READ,0x5000069e000,8192
0,burst_user5,5,READ,0x500006a0000,8192
0,burst_user5,5,WRITE,0x500006a2000,8192
0,burst_user5,5,READ,0x500006a4000,8192
0,burst_user5,5,READ,0x500006a6000,8192
0,burst_user5,5,WRITE,0x500006a8000,8192
0,burst_user5,5,READ,0x500006aa000,8192
0,burst_user5,5,READ,0x500006ac000,8192
0,burst_user5,5,WRITE,0x500006ae000,8192
0,burst_user5,5,READ,0x500006b0000,8192
0,burst_user5,5,READ,0x500006b2000,8192
0,burst_user5,5,WRITE,0x500006b4000,8192
0,burst_user5,5,READ,0x500006b6000,8192
0,burst_user5,5,READ,0x500006b8000,8192
0,burst_user5,5,WRITE,0x500006ba000,8192
0,burst_user5,5,READ,0x500006bc000,8192
0,burst_user5,5,READ,0x500006be000,8192
0,burst_user5,5,WRITE,0x500006c0000,8192
0,burst_user5,5,READ,0x500006c2000,8192
0,burst_user5,5,READ,0x500006c4000,8192
0,burst_user5,5,WRITE,0x500006c6000,8192
0,burst_user5,5,READ,0x500006c8000,8192
0,burst_user5,5,READ,0x500006ca000,8192
0,burst_user5,5,WRITE,0x500006cc000,8192
0,burst_user5,5,READ,0x500006ce000,8192
0,burst_user5,5,READ,0x500006d0000,8192
0,burst_user5,5,WRITE,0x500006d2000,8192
0,burst_user5,5,READ,0x500006d4000,8192
0,burst_user5,5,READ,0x500006d6000,8192
0,burst_user5,5,WRITE,0x500006d8000,8192
0,burst_user5,5,READ,0x500006da000,8192
0,burst_user5,5,READ,0x500006dc000,8192
0,burst_user5,5,WRITE,0x500006de000,8192
0,burst_user5,5,READ,0x500006e0000,8192
0,burst_user5,5,READ,0x500006e2000,8192
0,burst_user5,5,WRITE,0x500006e4000,8192
0,burst_user5,5,READ,0x500006e6000,8192
0,burst_user5,5,READ,0x500006e8000,8192
0,burst_user5,5,WRITE,0x500006ea000,8192
0,burst_user5,5,READ,0x500006ec000,8192
0,burst_user5,5,READ,0x500006ee000,8192
0,burst_user5,5,WRITE,0x500006f0000,8192
0,burst_user5,5,READ,0x500006f2000,8192
0,burst_user5,5,READ,0x500006f4000,8192
0,burst_user5,5,WRITE,0x500006f6000,8192
0,burst_user5,5,READ,0x500006f8000,8192
0,burst_user5,5,READ,0x500006fa000,8192
0,burst_user5,5,WRITE,0x500006fc000,8192
0,burst_user5,5,READ,0x500006fe000,8192
0,burst_user5,5,READ,0x50000700000,8192
0,burst_user5,5,WRITE,0x50000702000,8192
0,burst_user5,5,READ,0x50000704000,8192
0,burst_user5,5,READ,0x50000706000,8192
0,burst_user5,5,WRITE,0x50000708000,8192
0,burst_user5,5,READ,0x5000070a000,8192
0,burst_user5,5,READ,0x5000070c000,8192
0,burst_user5,5,WRITE,0x5000070e000,8192
0,burst_user5,5,READ,0x50000710000,8192
0,burst_user5,5,READ,0x50000712000,8192
0,burst_user5,5,WRITE,0x50000714000,8192
0,burst_user5,5,READ,0x50000716000,8192
0,burst_user5,5,READ,0x50000718000,8192
0,burst_user5,5,WRITE,0x5000071a000,8192
0,burst_user5,5,READ,0x5000071c000,8192
0,burst_user5,5,READ,0x5000071e000,8192
0,burst_user5,5,WRITE,0x50000720000,8192
0,burst_user5,5,READ,0x50000722000,8192
0,burst_user5,5,READ,0x50000724000,8192
0,burst_user5,5,WRITE,0x50000726000,8192
0,burst_user5,5,READ,0x50000728000,8192
0,burst_user5,5,READ,0x5000072a000,8192
0,burst_user5,5,WRITE,0x5000072c000,8192
0,burst_user5,5,READ,0x5000072e000,8192
0,burst_user5,5,READ,0x50000730000,8192
0,burst_user5,5,WRITE,0x50000732000,8192
0,burst_user5,5,READ,0x50000734000,8192
0,burst_user5,5,READ,0x50000736000,8192
0,burst_user5,5,WRITE,0x50000738000,8192
0,burst_user5,5,READ,0x5000073a000,8192
0,burst_user5,5,READ,0x5000073c000,8192
0,burst_user5,5,WRITE,0x5000073e000,8192
0,burst_user5,5,READ,0x50000740000,8192
0,burst_user5,5,READ,0x50000742000,8192
0,burst_user5,5,WRITE,0x50000744000,8192
0,burst_user5,5,READ,0x50000746000,8192
0,burst_user5,5,READ,0x50000748000,8192
0,burst_user5,5,WRITE,0x5000074a000,8192
0,burst_user5,5,READ,0x5000074c000,8192
0,burst_user5,5,READ,0x5000074e000,8192
0,burst_user5,5,WRITE,0x50000750000,8192
0,burst_user5,5,READ,0x50000752000,8192
0,burst_user5,5,READ,0x50000754000,8192
0,burst_user5,5,WRITE,0x50000756000,8192
0,burst_user5,5,READ,0x50000758000,8192
0,burst_user5,5,READ,0x5000075a000,8192
0,burst_user5,5,WRITE,0x5000075c000,8192
0,burst_user5,5,READ,0x5000075e000,8192
0,burst_user5,5,READ,0x50000760000,8192
0,burst_user5,5,WRITE,0x50000762000,8192
0,burst_user5,5,READ,0x50000764000,8192
0,burst_user5,5,READ,0x50000766000,8192
0,burst_user5,5,WRITE,0x50000768000,8192
0,burst_user5,5,READ,0x5000076a000,8192
0,burst_user5,5,READ,0x5000076c000,8192
0,burst_user5,5,WRITE,0x5000076e000,8192
0,burst_user5,5,READ,0x50000770000,8192
0,burst_user5,5,READ,0x50000772000,8192
0,burst_user5,5,WRITE,0x50000774000,8192
0,burst_user5,5,READ,0x50000776000,8192
0,burst_user5,5,READ,0x50000778000,8192
0,burst_user5,5,WRITE,0x5000077a000,8192
0,burst_user5,5,READ,0x5000077c000,8192
0,burst_user5,5,READ,0x5000077e000,8192
0,burst_user5,5,WRITE,0x50000780000,8192
0,burst_user5,5,READ,0x50000782000,8192
0,burst_user5,5,READ,0x50000784000,8192
0,burst_user5,5,WRITE,0x50000786000,8192
0,burst_user5,5,READ,0x50000788000,8192
0,burst_user5,5,READ,0x5000078a000,8192
0,burst_user5,5,WRITE,0x5000078c000,8192
0,burst_user5,5,READ,0x5000078e000,8192
0,burst_user5,5,READ,0x50000790000,8192
0,burst_user5,5,WRITE,0x50000792000,8192
0,burst_user5,5,READ,0x50000794000,8192
0,burst_user5,5,READ,0x50000796000,8192
0,burst_user5,5,WRITE,0x50000798000,8192
0,burst_user5,5,READ,0x5000079a000,8192
0,burst_user5,5,READ,0x5000079c000,8192
0,burst_user5,5,WRITE,0x5000079e000,8192
0,burst_user5,5,READ,0x500007a0000,8192
0,burst_user5,5,READ,0x500007a2000,8192
0,burst_user5,5,WRITE,0x500007a4000,8192
0,burst_user5,5,READ,0x500007a6000,8192
0,burst_user5,5,READ,0x500007a8000,8192
0,burst_user5,5,WRITE,0x500007aa000,8192
0,burst_user5,5,READ,0x500007ac000,8192
0,burst_user5,5,READ,0x500007ae000,8192
0,burst_user5,5,WRITE,0x500007b0000,8192
0,burst_user5,5,READ,0x500007b2000,8192
0,burst_user5,5,READ,0x500007b4000,8192
0,burst_user5,5,WRITE,0x500007b6000,8192
0,burst_user5,5,READ,0x500007b8000,8192
0,burst_user5,5,READ,0x500007ba000,8192
0,burst_user5,5,WRITE,0x500007bc000,8192
0,burst_user5,5,READ,0x500007be000,8192
0,burst_user5,5,READ,0x500007c0000,8192
0,burst_user5,5,WRITE,0x500007c2000,8192
0,burst_user5,5,READ,0x500007c4000,8192
0,burst_user5,5,READ,0x500007c6000,8192
0,burst_user5,5,WRITE,0x500007c8000,8192
0,burst_user5,5,READ,0x500007ca000,8192
0,burst_user5,5,READ,0x500007cc000,8192
0,burst_user5,5,WRITE,0x500007ce000,8192
0,burst_user5,5,READ,0x500007d0000,8192
0,burst_user5,5,READ,0x500007d2000,8192
0,burst_user5,5,WRITE,0x500007d4000,8192
0,burst_user5,5,READ,0x500007d6000,8192
0,burst_user5,5,READ,0x500007d8000,8192
0,burst_user5,5,WRITE,0x500007da000,8192
0,burst_user5,5,READ,0x500007dc000,8192
0,burst_user5,5,READ,0x500007de000,8192
0,burst_user5,5,WRITE,0x500007e0000,8192
0,burst_user5,5,READ,0x500007e2000,8192
0,burst_user5,5,READ,0x500007e4000,8192
0,burst_user5,5,WRITE,0x500007e6000,8192
0,burst_user5,5,READ,0x500007e8000,8192
0,burst_user5,5,READ,0x500007ea000,8192
0,burst_user5,5,WRITE,0x500007ec000,8192
0,burst_user5,5,READ,0x500007ee000,8192
0,burst_user5,5,READ,0x500007f0000,8192
0,burst_user5,5,WRITE,0x500007f2000,8192
0,burst_user5,5,READ,0x500007f4000,8192
0,burst_user5,5,READ,0x500007f6000,8192
0,burst_user5,5,WRITE,0x500007f8000,8192
0,burst_user5,5,READ,0x500007fa000,8192
0,burst_user5,5,READ,0x500007fc000,8192
0,burst_user5,5,WRITE,0x500007fe000,8192
0,burst_user5,5,READ,0x50000800000,8192
0,burst_user5,5,READ,0x50000802000,8192
0,burst_user5,5,WRITE,0x50000804000,8192
0,burst_user5,5,READ,0x50000806000,8192
0,burst_user5,5,READ,0x50000808000,8192
0,burst_user5,5,WRITE,0x5000080a000,8192
0,burst_user5,5,READ,0x5000080c000,8192
0,burst_user5,5,READ,0x5000080e000,8192
0,burst_user5,5,WRITE,0x50000810000,8192
0,burst_user5,5,READ,0x50000812000,8192
0,burst_user5,5,READ,0x50000814000,8192
0,burst_user5,5,WRITE,0x50000816000,8192
0,burst_user5,5,READ,0x50000818000,8192
0,burst_user5,5,READ,0x5000081a000,8192
0,burst_user5,5,WRITE,0x5000081c000,8192
0,burst_user5,5,READ,0x5000081e000,8192
0,burst_user5,5,READ,0x50000820000,8192
0,burst_user5,5,WRITE,0x50000822000,8192
0,burst_user5,5,READ,0x50000824000,8192
0,burst_user5,5,READ,0x50000826000,8192
0,burst_user5,5,WRITE,0x50000828000,8192
0,burst_user5,5,READ,0x5000082a000,8192
0,burst_user5,5,READ,0x5000082c000,8192
0,burst_user5,5,WRITE,0x5000082e000,8192
0,burst_user5,5,READ,0x50000830000,8192
0,burst_user5,5,READ,0x50000832000,8192
0,burst_user5,5,WRITE,0x50000834000,8192
0,burst_user5,5,READ,0x50000836000,8192
0,burst_user5,5,READ,0x50000838000,8192
0,burst_user5,5,WRITE,0x5000083a000,8192
0,burst_user5,5,READ,0x5000083c000,8192
0,burst_user5,5,READ,0x5000083e000,8192
0,burst_user5,5,WRITE,0x50000840000,8192
0,burst_user5,5,READ,0x50000842000,8192
0,burst_user5,5,READ,0x50000844000,8192
0,burst_user5,5,WRITE,0x50000846000,8192
0,burst_user5,5,READ,0x50000848000,8192
0,burst_user5,5,READ,0x5000084a000,8192
0,burst_user5,5,WRITE,0x5000084c000,8192
0,burst_user5,5,READ,0x5000084e000,8192
0,burst_user5,5,READ,0x50000850000,8192
0,burst_user5,5,WRITE,0x50000852000,8192
0,burst_user5,5,READ,0x50000854000,8192
0,burst_user5,5,READ,0x50000856000,8192
0,burst_user5,5,WRITE,0x50000858000,8192
0,burst_user5,5,READ,0x5000085a000,8192
0,burst_user5,5,READ,0x5000085c000,8192
0,burst_user5,5,WRITE,0x5000085e000,8192
0,burst_user5,5,READ,0x50000860000,8192
0,burst_user5,5,READ,0x50000862000,8192
0,burst_user5,5,WRITE,0x50000864000,8192
0,burst_user5,5,READ,0x50000866000,8192
0,burst_user5,5,READ,0x50000868000,8192
0,burst_user5,5,WRITE,0x5000086a000,8192
0,burst_user5,5,READ,0x5000086c000,8192
0,burst_user5,5,READ,0x5000086e000,8192
0,burst_user5,5,WRITE,0x50000870000,8192
0,burst_user5,5,READ,0x50000872000,8192
0,burst_user5,5,READ,0x50000874000,8192
0,burst_user5,5,WRITE,0x50000876000,8192
0,burst_user5,5,READ,0x50000878000,8192
0,burst_user5,5,READ,0x5000087a000,8192
0,burst_user5,5,WRITE,0x5000087c000,8192
0,burst_user5,5,READ,0x5000087e000,8192
0,burst_user5,5,READ,0x50000880000,8192
0,burst_user5,5,WRITE,0x50000882000,8192
0,burst_user5,5,READ,0x50000884000,8192
0,burst_user5,5,READ,0x50000886000,8192
0,burst_user5,5,WRITE,0x50000888000,8192
0,burst_user5,5,READ,0x5000088a000,8192
0,burst_user5,5,READ,0x5000088c000,8192
0,burst_user5,5,WRITE,0x5000088e000,8192
0,burst_user5,5,READ,0x50000890000,8192
0,burst_user5,5,READ,0x50000892000,8192
0,burst_user5,5,WRITE,0x50000894000,8192
0,burst_user5,5,READ,0x50000896000,8192
0,burst_user5,5,READ,0x50000898000,8192
0,burst_user5,5,WRITE,0x5000089a000,8192
0,burst_user5,5,READ,0x5000089c000,8192
0,burst_user5,5,READ,0x5000089e000,8192
0,burst_user5,5,WRITE,0x500008a0000,8192
0,burst_user5,5,READ,0x500008a2000,8192
0,burst_user5,5,READ,0x500008a4000,8192
0,burst_user5,5,WRITE,0x500008a6000,8192
0,burst_user5,5,READ,0x500008a8000,8192
0,burst_user5,5,READ,0x500008aa000,8192
0,burst_user5,5,WRITE,0x500008ac000,8192
0,burst_user5,5,READ,0x500008ae000,8192
0,burst_user5,5,READ,0x500008b0000,8192
0,burst_user5,5,WRITE,0x500008b2000,8192
0,burst_user5,5,READ,0x500008b4000,8192
0,burst_user5,5,READ,0x500008b6000,8192
0,burst_user5,5,WRITE,0x500008b8000,8192
0,burst_user5,5,READ,0x500008ba000,8192
0,burst_user5,5,READ,0x500008bc000,8192
0,burst_user5,5,WRITE,0x500008be000,8192
0,burst_user5,5,READ,0x500008c0000,8192
0,burst_user5,5,READ,0x500008c2000,8192
0,burst_user5,5,WRITE,0x500008c4000,8192
0,burst_user5,5,READ,0x500008c6000,8192
0,burst_user5,5,READ,0x500008c8000,8192
0,burst_user5,5,WRITE,0x500008ca000,8192
0,burst_user5,5,READ,0x500008cc000,8192
0,burst_user5,5,READ,0x500008ce000,8192
0,burst_user5,5,WRITE,0x500008d0000,8192
0,burst_user5,5,READ,0x500008d2000,8192
0,burst_user5,5,READ,0x500008d4000,8192
0,burst_user5,5,WRITE,0x500008d6000,8192
0,burst_user5,5,READ,0x500008d8000,8192
0,burst_user5,5,READ,0x500008da000,8192
0,burst_user5,5,WRITE,0x500008dc000,8192
0,burst_user5,5,READ,0x500008de000,8192
0,burst_user5,5,READ,0x500008e0000,8192
0,burst_user5,5,WRITE,0x500008e2000,8192
0,burst_user5,5,READ,0x500008e4000,8192
0,burst_user5,5,READ,0x500008e6000,8192
0,burst_user5,5,WRITE,0x500008e8000,8192
0,burst_user5,5,READ,0x500008ea000,8192
0,burst_user5,5,READ,0x500008ec000,8192
0,burst_user5,5,WRITE,0x500008ee000,8192
0,burst_user5,5,READ,0x500008f0000,8192
0,burst_user5,5,READ,0x500008f2000,8192
0,burst_user5,5,WRITE,0x500008f4000,8192
0,burst_user5,5,READ,0x500008f6000,8192
0,burst_user5,5,READ,0x500008f8000,8192
0,burst_user5,5,WRITE,0x500008fa000,8192
0,burst_user5,5,READ,0x500008fc000,8192
0,burst_user5,5,READ,0x500008fe000,8192
0,burst_user5,5,WRITE,0x50000900000,8192
0,burst_user5,5,READ,0x50000902000,8192
0,burst_user5,5,READ,0x50000904000,8192
0,burst_user5,5,WRITE,0x50000906000,8192
0,burst_user5,5,READ,0x50000908000,8192
0,burst_user5,5,READ,0x5000090a000,8192
0,burst_user5,5,WRITE,0x5000090c000,8192
0,burst_user5,5,READ,0x5000090e000,8192
0,burst_user5,5,READ,0x50000910000,8192
0,burst_user5,5,WRITE,0x50000912000,8192
0,burst_user5,5,READ,0x50000914000,8192
0,burst_user5,5,READ,0x50000916000,8192
0,burst_user5,5,WRITE,0x50000918000,8192
0,burst_user5,5,READ,0x5000091a000,8192
0,burst_user5,5,READ,0x5000091c000,8192
0,burst_user5,5,WRITE,0x5000091e000,8192
0,burst_user5,5,READ,0x50000920000,8192
0,burst_user5,5,READ,0x50000922000,8192
0,burst_user5,5,WRITE,0x50000924000,8192
0,burst_user5,5,READ,0x50000926000,8192
0,burst_user5,5,READ,0x50000928000,8192
0,burst_user5,5,WRITE,0x5000092a000,8192
0,burst_user5,5,READ,0x5000092c000,8192
0,burst_user5,5,READ,0x5000092e000,8192
0,burst_user5,5,WRITE,0x50000930000,8192
0,burst_user5,5,READ,0x50000932000,8192
0,burst_user5,5,READ,0x50000934000,8192
0,burst_user5,5,WRITE,0x50000936000,8192
0,burst_user5,5,READ,0x50000938000,8192
0,burst_user5,5,READ,0x5000093a000,8192
0,burst_user5,5,WRITE,0x5000093c000,8192
0,burst_user5,5,READ,0x5000093e000,8192
0,burst_user5,5,READ,0x50000940000,8192
0,burst_user5,5,WRITE,0x50000942000,8192
0,burst_user5,5,READ,0x50000944000,8192
0,burst_user5,5,READ,0x50000946000,8192
0,burst_user5,5,WRITE,0x50000948000,8192
0,burst_user5,5,READ,0x5000094a000,8192
0,burst_user5,5,READ,0x5000094c000,8192
0,burst_user5,5,WRITE,0x5000094e000,8192
0,burst_user5,5,READ,0x50000950000,8192
0,burst_user5,5,READ,0x50000952000,8192
0,burst_user5,5,WRITE,0x50000954000,8192
0,burst_user5,5,READ,0x50000956000,8192
0,burst_user5,5,READ,0x50000958000,8192
0,burst_user5,5,WRITE,0x5000095a000,8192
0,burst_user5,5,READ,0x5000095c000,8192
0,burst_user5,5,READ,0x5000095e000,8192
0,burst_user5,5,WRITE,0x50000960000,8192
0,burst_user5,5,READ,0x50000962000,8192
0,burst_user5,5,READ,0x50000964000,8192
0,burst_user5,5,WRITE,0x50000966000,8192
0,burst_user5,5,READ,0x50000968000,8192
0,burst_user5,5,READ,0x5000096a000,8192
0,burst_user5,5,WRITE,0x5000096c000,8192
0,burst_user5,5,READ,0x5000096e000,8192
0,burst_user5,5,READ,0x50000970000,8192
0,burst_user5,5,WRITE,0x50000972000,8192
0,burst_user5,5,READ,0x50000974000,8192
0,burst_user5,5,READ,0x50000976000,8192
0,burst_user5,5,WRITE,0x50000978000,8192
0,burst_user5,5,READ,0x5000097a000,8192
0,burst_user5,5,READ,0x5000097c000,8192
0,burst_user5,5,WRITE,0x5000097e000,8192
0,burst_user5,5,READ,0x50000980000,8192
0,burst_user5,5,READ,0x50000982000,8192
0,burst_user5,5,WRITE,0x50000984000,8192
0,burst_user5,5,READ,0x50000986000,8192
0,burst_user5,5,READ,0x50000988000,8192
0,burst_user5,5,WRITE,0x5000098a000,8192
0,burst_user5,5,READ,0x5000098c000,8192
0,burst_user5,5,READ,0x5000098e000,8192
0,burst_user5,5,WRITE,0x50000990000,8192
0,burst_user5,5,READ,0x50000992000,8192
0,burst_user5,5,READ,0x50000994000,8192
0,burst_user5,5,WRITE,0x50000996000,8192
0,burst_user5,5,READ,0x50000998000,8192
0,burst_user5,5,READ,0x5000099a000,8192
0,burst_user5,5,WRITE,0x5000099c000,8192
0,burst_user5,5,READ,0x5000099e000,8192
0,burst_user5,5,READ,0x500009a0000,8192
0,burst_user5,5,WRITE,0x500009a2000,8192
0,burst_user5,5,READ,0x500009a4000,8192
0,burst_user5,5,READ,0x500009a6000,8192
0,burst_user5,5,WRITE,0x500009a8000,8192
0,burst_user5,5,READ,0x500009aa000,8192
0,burst_user5,5,READ,0x500009ac000,8192
0,burst_user5,5,WRITE,0x500009ae000,8192
0,burst_user5,5,READ,0x500009b0000,8192
0,burst_user5,5,READ,0x500009b2000,8192
0,burst_user5,5,WRITE,0x500009b4000,8192
0,burst_user5,5,READ,0x500009b6000,8192
0,burst_user5,5,READ,0x500009b8000,8192
0,burst_user5,5,WRITE,0x500009ba000,8192
0,burst_user5,5,READ,0x500009bc000,8192
0,burst_user5,5,READ,0x500009be000,8192
0,burst_user5,5,WRITE,0x500009c0000,8192
0,burst_user5,5,READ,0x500009c2000,8192
0,burst_user5,5,READ,0x500009c4000,8192
0,burst_user5,5,WRITE,0x500009c6000,8192
0,burst_user5,5,READ,0x500009c8000,8192
0,burst_user5,5,READ,0x500009ca000,8192
0,burst_user5,5,WRITE,0x500009cc000,8192
0,burst_user5,5,READ,0x500009ce000,8192
0,burst_user5,5,READ,0x500009d0000,8192
0,burst_user5,5,WRITE,0x500009d2000,8192
0,burst_user5,5,READ,0x500009d4000,8192
0,burst_user5,5,READ,0x500009d6000,8192
0,burst_user5,5,WRITE,0x500009d8000,8192
0,burst_user5,5,READ,0x500009da000,8192
0,burst_user5,5,READ,0x500009dc000,8192
0,burst_user5,5,WRITE,0x500009de000,8192
0,burst_user5,5,READ,0x500009e0000,8192
0,burst_user5,5,READ,0x500009e2000,8192
0,burst_user5,5,WRITE,0x500009e4000,8192
0,burst_user5,5,READ,0x500009e6000,8192
0,burst_user5,5,READ,0x500009e8000,8192
0,burst_user5,5,WRITE,0x500009ea000,8192
0,burst_user5,5,READ,0x500009ec000,8192
0,burst_user5,5,READ,0x500009ee000,8192
0,burst_user5,5,WRITE,0x500009f0000,8192
0,burst_user5,5,READ,0x500009f2000,8192
0,burst_user5,5,READ,0x500009f4000,8192
0,burst_user5,5,WRITE,0x500009f6000,8192
0,burst_user5,5,READ,0x500009f8000,8192
0,burst_user5,5,READ,0x500009fa000,8192
0,burst_user5,5,WRITE,0x500009fc000,8192
0,burst_user5,5,READ,0x500009fe000,8192
0,burst_user5,5,READ,0x50000a00000,8192
0,burst_user5,5,WRITE,0x50000a02000,8192
0,burst_user5,5,READ,0x50000a04000,8192
0,burst_user5,5,READ,0x50000a06000,8192
0,burst_user5,5,WRITE,0x50000a08000,8192
0,burst_user5,5,READ,0x50000a0a000,8192
0,burst_user5,5,READ,0x50000a0c000,8192
0,burst_user5,5,WRITE,0x50000a0e000,8192
0,burst_user5,5,READ,0x50000a10000,8192
0,burst_user5,5,READ,0x50000a12000,8192
0,burst_user5,5,WRITE,0x50000a14000,8192
0,burst_user5,5,READ,0x50000a16000,8192
0,burst_user5,5,READ,0x50000a18000,8192
0,burst_user5,5,WRITE,0x50000a1a000,8192
0,burst_user5,5,READ,0x50000a1c000,8192
0,burst_user5,5,READ,0x50000a1e000,8192
0,burst_user5,5,WRITE,0x50000a20000,8192
0,burst_user5,5,READ,0x50000a22000,8192
0,burst_user5,5,READ,0x50000a24000,8192
0,burst_user5,5,WRITE,0x50000a26000,8192
0,burst_user5,5,READ,0x50000a28000,8192
0,burst_user5,5,READ,0x50000a2a000,8192
0,burst_user5,5,WRITE,0x50000a2c000,8192
0,burst_user5,5,READ,0x50000a2e000,8192
0,burst_user5,5,READ,0x50000a30000,8192
0,burst_user5,5,WRITE,0x50000a32000,8192
0,burst_user5,5,READ,0x50000a34000,8192
0,burst_user5,5,READ,0x50000a36000,8192
0,burst_user5,5,WRITE,0x50000a38000,8192
0,burst_user5,5,READ,0x50000a3a000,8192
0,burst_user5,5,READ,0x50000a3c000,8192
0,burst_user5,5,WRITE,0x50000a3e000,8192
0,burst_user5,5,READ,0x50000a40000,8192
0,burst_user5,5,READ,0x50000a42000,8192
0,burst_user5,5,WRITE,0x50000a44000,8192
0,burst_user5,5,READ,0x50000a46000,8192
0,burst_user5,5,READ,0x50000a48000,8192
0,burst_user5,5,WRITE,0x50000a4a000,8192
0,burst_user5,5,READ,0x50000a4c000,8192
0,burst_user5,5,READ,0x50000a4e000,8192
0,burst_user5,5,WRITE,0x50000a50000,8192
0,burst_user5,5,READ,0x50000a52000,8192
0,burst_user5,5,READ,0x50000a54000,8192
0,burst_user5,5,WRITE,0x50000a56000,8192
0,burst_user5,5,READ,0x50000a58000,8192
0,burst_user5,5,READ,0x50000a5a000,8192
0,burst_user5,5,WRITE,0x50000a5c000,8192
0,burst_user5,5,READ,0x50000a5e000,8192
0,burst_user5,5,READ,0x50000a60000,8192
0,burst_user5,5,WRITE,0x50000a62000,8192
0,burst_user5,5,READ,0x50000a64000,8192
0,burst_user5,5,READ,0x50000a66000,8192
0,burst_user5,5,WRITE,0x50000a68000,8192
0,burst_user5,5,READ,0x50000a6a000,8192
0,burst_user5,5,READ,0x50000a6c000,8192
0,burst_user5,5,WRITE,0x50000a6e000,8192
0,burst_user5,5,READ,0x50000a70000,8192
0,burst_user5,5,READ,0x50000a72000,8192
0,burst_user5,5,WRITE,0x50000a74000,8192
0,burst_user5,5,READ,0x50000a76000,8192
0,burst_user5,5,READ,0x50000a78000,8192
0,burst_user5,5,WRITE,0x50000a7a000,8192
0,burst_user5,5,READ,0x50000a7c000,8192
0,burst_user5,5,READ,0x50000a7e000,8192
0,burst_user5,5,WRITE,0x50000a80000,8192
0,burst_user5,5,READ,0x50000a82000,8192
0,burst_user5,5,READ,0x50000a84000,8192
0,burst_user5,5,WRITE,0x50000a86000,8192
0,burst_user5,5,READ,0x50000a88000,8192
0,burst_user5,5,READ,0x50000a8a000,8192
0,burst_user5,5,WRITE,0x50000a8c000,8192
0,burst_user5,5,READ,0x50000a8e000,8192
0,burst_user5,5,READ,0x50000a90000,8192
0,burst_user5,5,WRITE,0x50000a92000,8192
0,burst_user5,5,READ,0x50000a94000,8192
0,burst_user5,5,READ,0x50000a96000,8192
0,burst_user5,5,WRITE,0x50000a98000,8192
0,burst_user5,5,READ,0x50000a9a000,8192
0,burst_user5,5,READ,0x50000a9c000,8192
0,burst_user5,5,WRITE,0x50000a9e000,8192
0,burst_user5,5,READ,0x50000aa0000,8192
0,burst_user5,5,READ,0x50000aa2000,8192
0,burst_user5,5,WRITE,0x50000aa4000,8192
0,burst_user5,5,READ,0x50000aa6000,8192
0,burst_user5,5,READ,0x50000aa8000,8192
0,burst_user5,5,WRITE,0x50000aaa000,8192
0,burst_user5,5,READ,0x50000aac000,8192
0,burst_user5,5,READ,0x50000aae000,8192
0,burst_user5,5,WRITE,0x50000ab0000,8192
0,burst_user5,5,READ,0x50000ab2000,8192
0,burst_user5,5,READ,0x50000ab4000,8192
0,burst_user5,5,WRITE,0x50000ab6000,8192
0,burst_user5,5,READ,0x50000ab8000,8192
0,burst_user5,5,READ,0x50000aba000,8192
0,burst_user5,5,WRITE,0x50000abc000,8192
0,burst_user5,5,READ,0x50000abe000,8192
0,burst_user5,5,READ,0x50000ac0000,8192
0,burst_user5,5,WRITE,0x50000ac2000,8192
0,burst_user5,5,READ,0x50000ac4000,8192
0,burst_user5,5,READ,0x50000ac6000,8192
0,burst_user5,5,WRITE,0x50000ac8000,8192
0,burst_user5,5,READ,0x50000aca000,8192
0,burst_user5,5,READ,0x50000acc000,8192
0,burst_user5,5,WRITE,0x50000ace000,8192
0,burst_user5,5,READ,0x50000ad0000,8192
0,burst_user5,5,READ,0x50000ad2000,8192
0,burst_user5,5,WRITE,0x50000ad4000,8192
0,burst_user5,5,READ,0x50000ad6000,8192
0,burst_user5,5,READ,0x50000ad8000,8192
0,burst_user5,5,WRITE,0x50000ada000,8192
0,burst_user5,5,READ,0x50000adc000,8192
0,burst_user5,5,READ,0x50000ade000,8192
0,burst_user5,5,WRITE,0x50000ae0000,8192
0,burst_user5,5,READ,0x50000ae2000,8192
0,burst_user5,5,READ,0x50000ae4000,8192
0,burst_user5,5,WRITE,0x50000ae6000,8192
0,burst_user5,5,READ,0x50000ae8000,8192
0,burst_user5,5,READ,0x50000aea000,8192
0,burst_user5,5,WRITE,0x50000aec000,8192
0,burst_user5,5,READ,0x50000aee000,8192
0,burst_user5,5,READ,0x50000af0000,8192
0,burst_user5,5,WRITE,0x50000af2000,8192
0,burst_user5,5,READ,0x50000af4000,8192
0,burst_user5,5,READ,0x50000af6000,8192
0,burst_user5,5,WRITE,0x50000af8000,8192
0,burst_user5,5,READ,0x50000afa000,8192
0,burst_user5,5,READ,0x50000afc000,8192
0,burst_user5,5,WRITE,0x50000afe000,8192
0,burst_user5,5,READ,0x50000b00000,8192
0,burst_user5,5,READ,0x50000b02000,8192
0,burst_user5,5,WRITE,0x50000b04000,8192
0,burst_user5,5,READ,0x50000b06000,8192
0,burst_user5,5,READ,0x50000b08000,8192
0,burst_user5,5,WRITE,0x50000b0a000,8192
0,burst_user5,5,READ,0x50000b0c000,8192
0,burst_user5,5,READ,0x50000b0e000,8192
0,burst_user5,5,WRITE,0x50000b10000,8192
0,burst_user5,5,READ,0x50000b12000,8192
0,burst_user5,5,READ,0x50000b14000,8192
0,burst_user5,5,WRITE,0x50000b16000,8192
0,burst_user5,5,READ,0x50000b18000,8192
0,burst_user5,5,READ,0x50000b1a000,8192
0,burst_user5,5,WRITE,0x50000b1c000,8192
0,burst_user5,5,READ,0x50000b1e000,8192
0,burst_user5,5,READ,0x50000b20000,8192
0,burst_user5,5,WRITE,0x50000b22000,8192
0,burst_user5,5,READ,0x50000b24000,8192
0,burst_user5,5,READ,0x50000b26000,8192
0,burst_user5,5,WRITE,0x50000b28000,8192
0,burst_user5,5,READ,0x50000b2a000,8192
0,burst_user5,5,READ,0x50000b2c000,8192
0,burst_user5,5,WRITE,0x50000b2e000,8192
0,burst_user5,5,READ,0x50000b30000,8192
0,burst_user5,5,READ,0x50000b32000,8192
0,burst_user5,5,WRITE,0x50000b34000,8192
0,burst_user5,5,READ,0x50000b36000,8192
0,burst_user5,5,READ,0x50000b38000,8192
0,burst_user5,5,WRITE,0x50000b3a000,8192
0,burst_user5,5,READ,0x50000b3c000,8192
0,burst_user5,5,READ,0x50000b3e000,8192
0,burst_user5,5,WRITE,0x50000b40000,8192
0,burst_user5,5,READ,0x50000b42000,8192
0,burst_user5,5,READ,0x50000b44000,8192
0,burst_user5,5,WRITE,0x50000b46000,8192
0,burst_user5,5,READ,0x50000b48000,8192
0,burst_user5,5,READ,0x50000b4a000,8192
0,burst_user5,5,WRITE,0x50000b4c000,8192
0,burst_user5,5,READ,0x50000b4e000,8192
0,burst_user5,5,READ,0x50000b50000,8192
0,burst_user5,5,WRITE,0x50000b52000,8192
0,burst_user5,5,READ,0x50000b54000,8192
0,burst_user5,5,READ,0x50000b56000,8192
0,burst_user5,5,WRITE,0x50000b58000,8192
0,burst_user5,5,READ,0x50000b5a000,8192
0,burst_user5,5,READ,0x50000b5c000,8192
0,burst_user5,5,WRITE,0x50000b5e000,8192
0,burst_user5,5,READ,0x50000b60000,8192
0,burst_user5,5,READ,0x50000b62000,8192
0,burst_user5,5,WRITE,0x50000b64000,8192
0,burst_user5,5,READ,0x50000b66000,8192
0,burst_user5,5,READ,0x50000b68000,8192
0,burst_user5,5,WRITE,0x50000b6a000,8192
0,burst_user5,5,READ,0x50000b6c000,8192
0,burst_user5,5,READ,0x50000b6e000,8192
0,burst_user5,5,WRITE,0x50000b70000,8192
0,burst_user5,5,READ,0x50000b72000,8192
0,burst_user5,5,READ,0x50000b74000,8192
0,burst_user5,5,WRITE,0x50000b76000,8192
0,burst_user5,5,READ,0x50000b78000,8192
0,burst_user5,5,READ,0x50000b7a000,8192
0,burst_user5,5,WRITE,0x50000b7c000,8192
0,burst_user5,5,READ,0x50000b7e000,8192
0,burst_user5,5,READ,0x50000b80000,8192
0,burst_user5,5,WRITE,0x50000b82000,8192
0,burst_user5,5,READ,0x50000b84000,8192
0,burst_user5,5,READ,0x50000b86000,8192
0,burst_user5,5,WRITE,0x50000b88000,8192
0,burst_user5,5,READ,0x50000b8a000,8192
0,burst_user5,5,READ,0x50000b8c000,8192
0,burst_user5,5,WRITE,0x50000b8e000,8192
0,burst_user5,5,READ,0x50000b90000,8192
0,burst_user5,5,READ,0x50000b92000,8192
0,burst_user5,5,WRITE,0x50000b94000,8192
0,burst_user5,5,READ,0x50000b96000,8192
0,burst_user5,5,READ,0x50000b98000,8192
0,burst_user5,5,WRITE,0x50000b9a000,8192
0,burst_user5,5,READ,0x50000b9c000,8192
0,burst_user5,5,READ,0x50000b9e000,8192
0,burst_user5,5,WRITE,0x50000ba0000,8192
0,burst_user5,5,READ,0x50000ba2000,8192
0,burst_user5,5,READ,0x50000ba4000,8192
0,burst_user5,5,WRITE,0x50000ba6000,8192
0,burst_user5,5,READ,0x50000ba8000,8192
0,burst_user5,5,READ,0x50000baa000,8192
0,burst_user5,5,WRITE,0x50000bac000,8192
0,burst_user5,5,READ,0x50000bae000,8192
0,burst_user5,5,READ,0x50000bb0000,8192
0,burst_user5,5,WRITE,0x50000bb2000,8192
0,burst_user5,5,READ,0x50000bb4000,8192
0,burst_user5,5,READ,0x50000bb6000,8192
0,burst_user5,5,WRITE,0x50000bb8000,8192
0,burst_user5,5,READ,0x50000bba000,8192
0,burst_user5,5,READ,0x50000bbc000,8192
0,burst_user5,5,WRITE,0x50000bbe000,8192
0,burst_user5,5,READ,0x50000bc0000,8192
0,burst_user5,5,READ,0x50000bc2000,8192
0,burst_user5,5,WRITE,0x50000bc4000,8192
0,burst_user5,5,READ,0x50000bc6000,8192
0,burst_user5,5,READ,0x50000bc8000,8192
0,burst_user5,5,WRITE,0x50000bca000,8192
0,burst_user5,5,READ,0x50000bcc000,8192
0,burst_user5,5,READ,0x50000bce000,8192
0,burst_user5,5,WRITE,0x50000bd0000,8192
0,burst_user5,5,READ,0x50000bd2000,8192
0,burst_user5,5,READ,0x50000bd4000,8192
0,burst_user5,5,WRITE,0x50000bd6000,8192
0,burst_user5,5,READ,0x50000bd8000,8192
0,burst_user5,5,READ,0x50000bda000,8192
0,burst_user5,5,WRITE,0x50000bdc000,8192
0,burst_user5,5,READ,0x50000bde000,8192
0,burst_user5,5,READ,0x50000be0000,8192
0,burst_user5,5,WRITE,0x50000be2000,8192
0,burst_user5,5,READ,0x50000be4000,8192
0,burst_user5,5,READ,0x50000be6000,8192
0,burst_user5,5,WRITE,0x50000be8000,8192
0,burst_user5,5,READ,0x50000bea000,8192
0,burst_user5,5,READ,0x50000bec000,8192
0,burst_user5,5,WRITE,0x50000bee000,8192
0,burst_user5,5,READ,0x50000bf0000,8192
0,burst_user5,5,READ,0x50000bf2000,8192
0,burst_user5,5,WRITE,0x50000bf4000,8192
0,burst_user5,5,READ,0x50000bf6000,8192
0,burst_user5,5,READ,0x50000bf8000,8192
0,burst_user5,5,WRITE,0x50000bfa000,8192
0,burst_user5,5,READ,0x50000bfc000,8192
0,burst_user5,5,READ,0x50000bfe000,8192
0,burst_user5,5,WRITE,0x50000c00000,8192
0,burst_user5,5,READ,0x50000c02000,8192
0,burst_user5,5,READ,0x50000c04000,8192
0,burst_user5,5,WRITE,0x50000c06000,8192
0,burst_user5,5,READ,0x50000c08000,8192
0,burst_user5,5,READ,0x50000c0a000,8192
0,burst_user5,5,WRITE,0x50000c0c000,8192
0,burst_user5,5,READ,0x50000c0e000,8192
0,burst_user5,5,READ,0x50000c10000,8192
0,burst_user5,5,WRITE,0x50000c12000,8192
0,burst_user5,5,READ,0x50000c14000,8192
0,burst_user5,5,READ,0x50000c16000,8192
0,burst_user5,5,WRITE,0x50000c18000,8192
0,burst_user5,5,READ,0x50000c1a000,8192
0,burst_user5,5,READ,0x50000c1c000,8192
0,burst_user5,5,WRITE,0x50000c1e000,8192
0,burst_user5,5,READ,0x50000c20000,8192
0,burst_user5,5,READ,0x50000c22000,8192
0,burst_user5,5,WRITE,0x50000c24000,8192
0,burst_user5,5,READ,0x50000c26000,8192
0,burst_user5,5,READ,0x50000c28000,8192
0,burst_user5,5,WRITE,0x50000c2a000,8192
0,burst_user5,5,READ,0x50000c2c000,8192
0,burst_user5,5,READ,0x50000c2e000,8192
0,burst_user5,5,WRITE,0x50000c30000,8192
0,burst_user5,5,READ,0x50000c32000,8192
0,burst_user5,5,READ,0x50000c34000,8192
0,burst_user5,5,WRITE,0x50000c36000,8192
0,burst_user5,5,READ,0x50000c38000,8192
0,burst_user5,5,READ,0x50000c3a000,8192
0,burst_user5,5,WRITE,0x50000c3c000,8192
0,burst_user5,5,READ,0x50000c3e000,8192
0,burst_user5,5,READ,0x50000c40000,8192
0,burst_user5,5,WRITE,0x50000c42000,8192
0,burst_user5,5,READ,0x50000c44000,8192
0,burst_user5,5,READ,0x50000c46000,8192
0,burst_user5,5,WRITE,0x50000c48000,8192
0,burst_user5,5,READ,0x50000c4a000,8192
0,burst_user5,5,READ,0x50000c4c000,8192
0,burst_user5,5,WRITE,0x50000c4e000,8192
0,burst_user5,5,READ,0x50000c50000,8192
0,burst_user5,5,READ,0x50000c52000,8192
0,burst_user5,5,WRITE,0x50000c54000,8192
0,burst_user5,5,READ,0x50000c56000,8192
0,burst_user5,5,READ,0x50000c58000,8192
0,burst_user5,5,WRITE,0x50000c5a000,8192
0,burst_user5,5,READ,0x50000c5c000,8192
0,burst_user5,5,READ,0x50000c5e000,8192
0,burst_user5,5,WRITE,0x50000c60000,8192
0,burst_user5,5,READ,0x50000c62000,8192
0,burst_user5,5,READ,0x50000c64000,8192
0,burst_user5,5,WRITE,0x50000c66000,8192
0,burst_user5,5,READ,0x50000c68000,8192
0,burst_user5,5,READ,0x50000c6a000,8192
0,burst_user5,5,WRITE,0x50000c6c000,8192
0,burst_user5,5,READ,0x50000c6e000,8192
0,burst_user5,5,READ,0x50000c70000,8192
0,burst_user5,5,WRITE,0x50000c72000,8192
0,burst_user5,5,READ,0x50000c74000,8192
0,burst_user5,5,READ,0x50000c76000,8192
0,burst_user5,5,WRITE,0x50000c78000,8192
0,burst_user5,5,READ,0x50000c7a000,8192
0,burst_user5,5,READ,0x50000c7c000,8192
0,burst_user5,5,WRITE,0x50000c7e000,8192
0,burst_user5,5,READ,0x50000c80000,8192
0,burst_user5,5,READ,0x50000c82000,8192
0,burst_user5,5,WRITE,0x50000c84000,8192
0,burst_user5,5,READ,0x50000c86000,8192
0,burst_user5,5,READ,0x50000c88000,8192
0,burst_user5,5,WRITE,0x50000c8a000,8192
0,burst_user5,5,READ,0x50000c8c000,8192
0,burst_user5,5,READ,0x50000c8e000,8192
0,burst_user5,5,WRITE,0x50000c90000,8192
0,burst_user5,5,READ,0x50000c92000,8192
0,burst_user5,5,READ,0x50000c94000,8192
0,burst_user5,5,WRITE,0x50000c96000,8192
0,burst_user5,5,READ,0x50000c98000,8192
0,burst_user5,5,READ,0x50000c9a000,8192
0,burst_user5,5,WRITE,0x50000c9c000,8192
0,burst_user5,5,READ,0x50000c9e000,8192
0,burst_user5,5,READ,0x50000ca0000,8192
0,burst_user5,5,WRITE,0x50000ca2000,8192
0,burst_user5,5,READ,0x50000ca4000,8192
0,burst_user5,5,READ,0x50000ca6000,8192
0,burst_user5,5,WRITE,0x50000ca8000,8192
0,burst_user5,5,READ,0x50000caa000,8192
0,burst_user5,5,READ,0x50000cac000,8192
0,burst_user5,5,WRITE,0x50000cae000,8192
0,burst_user5,5,READ,0x50000cb0000,8192
0,burst_user5,5,READ,0x50000cb2000,8192
0,burst_user5,5,WRITE,0x50000cb4000,8192
0,burst_user5,5,READ,0x50000cb6000,8192
0,burst_user5,5,READ,0x50000cb8000,8192
0,burst_user5,5,WRITE,0x50000cba000,8192
0,burst_user5,5,READ,0x50000cbc000,8192
0,burst_user5,5,READ,0x50000cbe000,8192
0,burst_user5,5,WRITE,0x50000cc0000,8192
0,burst_user5,5,READ,0x50000cc2000,8192
0,burst_user5,5,READ,0x50000cc4000,8192
0,burst_user5,5,WRITE,0x50000cc6000,8192
0,burst_user5,5,READ,0x50000cc8000,8192
0,burst_user5,5,READ,0x50000cca000,8192
0,burst_user5,5,WRITE,0x50000ccc000,8192
0,burst_user5,5,READ,0x50000cce000,8192
0,burst_user5,5,READ,0x50000cd0000,8192
0,burst_user5,5,WRITE,0x50000cd2000,8192
0,burst_user5,5,READ,0x50000cd4000,8192
0,burst_user5,5,READ,0x50000cd6000,8192
0,burst_user5,5,WRITE,0x50000cd8000,8192
0,burst_user5,5,READ,0x50000cda000,8192
0,burst_user5,5,READ,0x50000cdc000,8192
0,burst_user5,5,WRITE,0x50000cde000,8192
0,burst_user5,5,READ,0x50000ce0000,8192
0,burst_user5,5,READ,0x50000ce2000,8192
0,burst_user5,5,WRITE,0x50000ce4000,8192
0,burst_user5,5,READ,0x50000ce6000,8192
0,burst_user5,5,READ,0x50000ce8000,8192
0,burst_user5,5,WRITE,0x50000cea000,8192
0,burst_user5,5,READ,0x50000cec000,8192
0,burst_user5,5,READ,0x50000cee000,8192
0,burst_user5,5,WRITE,0x50000cf0000,8192
0,burst_user5,5,READ,0x50000cf2000,8192
0,burst_user5,5,READ,0x50000cf4000,8192
0,burst_user5,5,WRITE,0x50000cf6000,8192
0,burst_user5,5,READ,0x50000cf8000,8192
0,burst_user5,5,READ,0x50000cfa000,8192
0,burst_user5,5,WRITE,0x50000cfc000,8192
0,burst_user5,5,READ,0x50000cfe000,8192
0,burst_user5,5,READ,0x50000d00000,8192
0,burst_user5,5,WRITE,0x50000d02000,8192
0,burst_user5,5,READ,0x50000d04000,8192
0,burst_user5,5,READ,0x50000d06000,8192
0,burst_user5,5,WRITE,0x50000d08000,8192
0,burst_user5,5,READ,0x50000d0a000,8192
0,burst_user5,5,READ,0x50000d0c000,8192
0,burst_user5,5,WRITE,0x50000d0e000,8192
0,burst_user5,5,READ,0x50000d10000,8192
0,burst_user5,5,READ,0x50000d12000,8192
0,burst_user5,5,WRITE,0x50000d14000,8192
0,burst_user5,5,READ,0x50000d16000,8192
0,burst_user5,5,READ,0x50000d18000,8192
0,burst_user5,5,WRITE,0x50000d1a000,8192
0,burst_user5,5,READ,0x50000d1c000,8192
0,burst_user5,5,READ,0x50000d1e000,8192
0,burst_user5,5,WRITE,0x50000d20000,8192
0,burst_user5,5,READ,0x50000d22000,8192
0,burst_user5,5,READ,0x50000d24000,8192
0,burst_user5,5,WRITE,0x50000d26000,8192
0,burst_user5,5,READ,0x50000d28000,8192
0,burst_user5,5,READ,0x50000d2a000,8192
0,burst_user5,5,WRITE,0x50000d2c000,8192
0,burst_user5,5,READ,0x50000d2e000,8192
0,burst_user5,5,READ,0x50000d30000,8192
0,burst_user5,5,WRITE,0x50000d32000,8192
0,burst_user5,5,READ,0x50000d34000,8192
0,burst_user5,5,READ,0x50000d36000,8192
0,burst_user5,5,WRITE,0x50000d38000,8192
0,burst_user5,5,READ,0x50000d3a000,8192
0,burst_user5,5,READ,0x50000d3c000,8192
0,burst_user5,5,WRITE,0x50000d3e000,8192
0,burst_user5,5,READ,0x50000d40000,8192
0,burst_user5,5,READ,0x50000d42000,8192
0,burst_user5,5,WRITE,0x50000d44000,8192
0,burst_user5,5,READ,0x50000d46000,8192
0,burst_user5,5,READ,0x50000d48000,8192
0,burst_user5,5,WRITE,0x50000d4a000,8192
0,burst_user5,5,READ,0x50000d4c000,8192
0,burst_user5,5,READ,0x50000d4e000,8192
0,burst_user5,5,WRITE,0x50000d50000,8192
0,burst_user5,5,READ,0x50000d52000,8192
0,burst_user5,5,READ,0x50000d54000,8192
0,burst_user5,5,WRITE,0x50000d56000,8192
0,burst_user5,5,READ,0x50000d58000,8192
0,burst_user5,5,READ,0x50000d5a000,8192
0,burst_user5,5,WRITE,0x50000d5c000,8192
0,burst_user5,5,READ,0x50000d5e000,8192
0,burst_user5,5,READ,0x50000d60000,8192
0,burst_user5,5,WRITE,0x50000d62000,8192
0,burst_user5,5,READ,0x50000d64000,8192
0,burst_user5,5,READ,0x50000d66000,8192
0,burst_user5,5,WRITE,0x50000d68000,8192
0,burst_user5,5,READ,0x50000d6a000,8192
0,burst_user5,5,READ,0x50000d6c000,8192
0,burst_user5,5,WRITE,0x50000d6e000,8192
0,burst_user5,5,READ,0x50000d70000,8192
0,burst_user5,5,READ,0x50000d72000,8192
0,burst_user5,5,WRITE,0x50000d74000,8192
0,burst_user5,5,READ,0x50000d76000,8192
0,burst_user5,5,READ,0x50000d78000,8192
0,burst_user5,5,WRITE,0x50000d7a000,8192
0,burst_user5,5,READ,0x50000d7c000,8192
0,burst_user5,5,READ,0x50000d7e000,8192
0,burst_user5,5,WRITE,0x50000d80000,8192
0,burst_user5,5,READ,0x50000d82000,8192
0,burst_user5,5,READ,0x50000d84000,8192
0,burst_user5,5,WRITE,0x50000d86000,8192
0,burst_user5,5,READ,0x50000d88000,8192
0,burst_user5,5,READ,0x50000d8a000,8192
0,burst_user5,5,WRITE,0x50000d8c000,8192
0,burst_user5,5,READ,0x50000d8e000,8192
0,burst_user5,5,READ,0x50000d90000,8192
0,burst_user5,5,WRITE,0x50000d92000,8192
0,burst_user5,5,READ,0x50000d94000,8192
0,burst_user5,5,READ,0x50000d96000,8192
0,burst_user5,5,WRITE,0x50000d98000,8192
0,burst_user5,5,READ,0x50000d9a000,8192
0,burst_user5,5,READ,0x50000d9c000,8192
0,burst_user5,5,WRITE,0x50000d9e000,8192
0,burst_user5,5,READ,0x50000da0000,8192
0,burst_user5,5,READ,0x50000da2000,8192
0,burst_user5,5,WRITE,0x50000da4000,8192
0,burst_user5,5,READ,0x50000da6000,8192
0,burst_user5,5,READ,0x50000da8000,8192
0,burst_user5,5,WRITE,0x50000daa000,8192
0,burst_user5,5,READ,0x50000dac000,8192
0,burst_user5,5,READ,0x50000dae000,8192
0,burst_user5,5,WRITE,0x50000db0000,8192
0,burst_user5,5,READ,0x50000db2000,8192
0,burst_user5,5,READ,0x50000db4000,8192
0,burst_user5,5,WRITE,0x50000db6000,8192
0,burst_user5,5,READ,0x50000db8000,8192
0,burst_user5,5,READ,0x50000dba000,8192
0,burst_user5,5,WRITE,0x50000dbc000,8192
0,burst_user5,5,READ,0x50000dbe000,8192
0,burst_user5,5,READ,0x50000dc0000,8192
0,burst_user5,5,WRITE,0x50000dc2000,8192
0,burst_user5,5,READ,0x50000dc4000,8192
0,burst_user5,5,READ,0x50000dc6000,8192
0,burst_user5,5,WRITE,0x50000dc8000,8192
0,burst_user5,5,READ,0x50000dca000,8192
0,burst_user5,5,READ,0x50000dcc000,8192
0,burst_user5,5,WRITE,0x50000dce000,8192
0,burst_user5,5,READ,0x50000dd0000,8192
0,burst_user5,5,READ,0x50000dd2000,8192
0,burst_user5,5,WRITE,0x50000dd4000,8192
0,burst_user5,5,READ,0x50000dd6000,8192
0,burst_user5,5,READ,0x50000dd8000,8192
0,burst_user5,5,WRITE,0x50000dda000,8192
0,burst_user5,5,READ,0x50000ddc000,8192
0,burst_user5,5,READ,0x50000dde000,8192
0,burst_user5,5,WRITE,0x50000de0000,8192
0,burst_user5,5,READ,0x50000de2000,8192
0,burst_user5,5,READ,0x50000de4000,8192
0,burst_user5,5,WRITE,0x50000de6000,8192
0,burst_user5,5,READ,0x50000de8000,8192
0,burst_user5,5,READ,0x50000dea000,8192
0,burst_user5,5,WRITE,0x50000dec000,8192
0,burst_user5,5,READ,0x50000dee000,8192
0,burst_user5,5,READ,0x50000df0000,8192
0,burst_user5,5,WRITE,0x50000df2000,8192
0,burst_user5,5,READ,0x50000df4000,8192
0,burst_user5,5,READ,0x50000df6000,8192
0,burst_user5,5,WRITE,0x50000df8000,8192
0,burst_user5,5,READ,0x50000dfa000,8192
0,burst_user5,5,READ,0x50000dfc000,8192
0,burst_user5,5,WRITE,0x50000dfe000,8192
0,burst_user5,5,READ,0x50000e00000,8192
0,burst_user5,5,READ,0x50000e02000,8192
0,burst_user5,5,WRITE,0x50000e04000,8192
0,burst_user5,5,READ,0x50000e06000,8192
0,burst_user5,5,READ,0x50000e08000,8192
0,burst_user5,5,WRITE,0x50000e0a000,8192
0,burst_user5,5,READ,0x50000e0c000,8192
0,burst_user5,5,READ,0x50000e0e000,8192
0,burst_user5,5,WRITE,0x50000e10000,8192
0,burst_user5,5,READ,0x50000e12000,8192
0,burst_user5,5,READ,0x50000e14000,8192
0,burst_user5,5,WRITE,0x50000e16000,8192
0,burst_user5,5,READ,0x50000e18000,8192
0,burst_user5,5,READ,0x50000e1a000,8192
0,burst_user5,5,WRITE,0x50000e1c000,8192
0,burst_user5,5,READ,0x50000e1e000,8192
0,burst_user5,5,READ,0x50000e20000,8192
0,burst_user5,5,WRITE,0x50000e22000,8192
0,burst_user5,5,READ,0x50000e24000,8192
0,burst_user5,5,READ,0x50000e26000,8192
0,burst_user5,5,WRITE,0x50000e28000,8192
0,burst_user5,5,READ,0x50000e2a000,8192
0,burst_user5,5,READ,0x50000e2c000,8192
0,burst_user5,5,WRITE,0x50000e2e000,8192
0,burst_user5,5,READ,0x50000e30000,8192
0,burst_user5,5,READ,0x50000e32000,8192
0,burst_user5,5,WRITE,0x50000e34000,8192
0,burst_user5,5,READ,0x50000e36000,8192
0,burst_user5,5,READ,0x50000e38000,8192
0,burst_user5,5,WRITE,0x50000e3a000,8192
0,burst_user5,5,READ,0x50000e3c000,8192
0,burst_user5,5,READ,0x50000e3e000,8192
0,burst_user5,5,WRITE,0x50000e40000,8192
0,burst_user5,5,READ,0x50000e42000,8192
0,burst_user5,5,READ,0x50000e44000,8192
0,burst_user5,5,WRITE,0x50000e46000,8192
0,burst_user5,5,READ,0x50000e48000,8192
0,burst_user5,5,READ,0x50000e4a000,8192
0,burst_user5,5,WRITE,0x50000e4c000,8192
0,burst_user5,5,READ,0x50000e4e000,8192
0,burst_user5,5,READ,0x50000e50000,8192
0,burst_user5,5,WRITE,0x50000e52000,8192
0,burst_user5,5,READ,0x50000e54000,8192
0,burst_user5,5,READ,0x50000e56000,8192
0,burst_user5,5,WRITE,0x50000e58000,8192
0,burst_user5,5,READ,0x50000e5a000,8192
0,burst_user5,5,READ,0x50000e5c000,8192
0,burst_user5,5,WRITE,0x50000e5e000,8192
0,burst_user5,5,READ,0x50000e60000,8192
0,burst_user5,5,READ,0x50000e62000,8192
0,burst_user5,5,WRITE,0x50000e64000,8192
0,burst_user5,5,READ,0x50000e66000,8192
0,burst_user5,5,READ,0x50000e68000,8192
0,burst_user5,5,WRITE,0x50000e6a000,8192
0,burst_user5,5,READ,0x50000e6c000,8192
0,burst_user5,5,READ,0x50000e6e000,8192
0,burst_user5,5,WRITE,0x50000e70000,8192
0,burst_user5,5,READ,0x50000e72000,8192
0,burst_user5,5,READ,0x50000e74000,8192
0,burst_user5,5,WRITE,0x50000e76000,8192
0,burst_user5,5,READ,0x50000e78000,8192
0,burst_user5,5,READ,0x50000e7a000,8192
0,burst_user5,5,WRITE,0x50000e7c000,8192
0,burst_user5,5,READ,0x50000e7e000,8192
0,burst_user5,5,READ,0x50000e80000,8192
0,burst_user5,5,WRITE,0x50000e82000,8192
0,burst_user5,5,READ,0x50000e84000,8192
0,burst_user5,5,READ,0x50000e86000,8192
0,burst_user5,5,WRITE,0x50000e88000,8192
0,burst_user5,5,READ,0x50000e8a000,8192
0,burst_user5,5,READ,0x50000e8c000,8192
0,burst_user5,5,WRITE,0x50000e8e000,8192
0,burst_user5,5,READ,0x50000e90000,8192
0,burst_user5,5,READ,0x50000e92000,8192
0,burst_user5,5,WRITE,0x50000e94000,8192
0,burst_user5,5,READ,0x50000e96000,8192
0,burst_user5,5,READ,0x50000e98000,8192
0,burst_user5,5,WRITE,0x50000e9a000,8192
0,burst_user5,5,READ,0x50000e9c000,8192
0,burst_user5,5,READ,0x50000e9e000,8192
0,burst_user5,5,WRITE,0x50000ea0000,8192
0,burst_user5,5,READ,0x50000ea2000,8192
0,burst_user5,5,READ,0x50000ea4000,8192
0,burst_user5,5,WRITE,0x50000ea6000,8192
0,burst_user5,5,READ,0x50000ea8000,8192
0,burst_user5,5,READ,0x50000eaa000,8192
0,burst_user5,5,WRITE,0x50000eac000,8192
0,burst_user5,5,READ,0x50000eae000,8192
0,burst_user5,5,READ,0x50000eb0000,8192
0,burst_user5,5,WRITE,0x50000eb2000,8192
0,burst_user5,5,READ,0x50000eb4000,8192
0,burst_user5,5,READ,0x50000eb6000,8192
0,burst_user5,5,WRITE,0x50000eb8000,8192
0,burst_user5,5,READ,0x50000eba000,8192
0,burst_user5,5,READ,0x50000ebc000,8192
0,burst_user5,5,WRITE,0x50000ebe000,8192
0,burst_user5,5,READ,0x50000ec0000,8192
0,burst_user5,5,READ,0x50000ec2000,8192
0,burst_user5,5,WRITE,0x50000ec4000,8192
0,burst_user5,5,READ,0x50000ec6000,8192
0,burst_user5,5,READ,0x50000ec8000,8192
0,burst_user5,5,WRITE,0x50000eca000,8192
0,burst_user5,5,READ,0x50000ecc000,8192
0,burst_user5,5,READ,0x50000ece000,8192
0,burst_user5,5,WRITE,0x50000ed0000,8192
0,burst_user5,5,READ,0x50000ed2000,8192
0,burst_user5,5,READ,0x50000ed4000,8192
0,burst_user5,5,WRITE,0x50000ed6000,8192
0,burst_user5,5,READ,0x50000ed8000,8192
0,burst_user5,5,READ,0x50000eda000,8192
0,burst_user5,5,WRITE,0x50000edc000,8192
0,burst_user5,5,READ,0x50000ede000,8192
0,burst_user5,5,READ,0x50000ee0000,8192
0,burst_user5,5,WRITE,0x50000ee2000,8192
0,burst_user5,5,READ,0x50000ee4000,8192
0,burst_user5,5,READ,0x50000ee6000,8192
0,burst_user5,5,WRITE,0x50000ee8000,8192
0,burst_user5,5,READ,0x50000eea000,8192
0,burst_user5,5,READ,0x50000eec000,8192
0,burst_user5,5,WRITE,0x50000eee000,8192
0,burst_user5,5,READ,0x50000ef0000,8192
0,burst_user5,5,READ,0x50000ef2000,8192
0,burst_user5,5,WRITE,0x50000ef4000,8192
0,burst_user5,5,READ,0x50000ef6000,8192
0,burst_user5,5,READ,0x50000ef8000,8192
0,burst_user5,5,WRITE,0x50000efa000,8192
0,burst_user5,5,READ,0x50000efc000,8192
0,burst_user5,5,READ,0x50000efe000,8192
0,burst_user5,5,WRITE,0x50000f00000,8192
0,burst_user5,5,READ,0x50000f02000,8192
0,burst_user5,5,READ,0x50000f04000,8192
0,burst_user5,5,WRITE,0x50000f06000,8192
0,burst_user5,5,READ,0x50000f08000,8192
0,burst_user5,5,READ,0x50000f0a000,8192
0,burst_user5,5,WRITE,0x50000f0c000,8192
0,burst_user5,5,READ,0x50000f0e000,8192
0,burst_user5,5,READ,0x50000f10000,8192
0,burst_user5,5,WRITE,0x50000f12000,8192
0,burst_user5,5,READ,0x50000f14000,8192
0,burst_user5,5,READ,0x50000f16000,8192
0,burst_user5,5,WRITE,0x50000f18000,8192
0,burst_user5,5,READ,0x50000f1a000,8192
0,burst_user5,5,READ,0x50000f1c000,8192
0,burst_user5,5,WRITE,0x50000f1e000,8192
0,burst_user5,5,READ,0x50000f20000,8192
0,burst_user5,5,READ,0x50000f22000,8192
0,burst_user5,5,WRITE,0x50000f24000,8192
0,burst_user5,5,READ,0x50000f26000,8192
0,burst_user5,5,READ,0x50000f28000,8192
0,burst_user5,5,WRITE,0x50000f2a000,8192
0,burst_user5,5,READ,0x50000f2c000,8192
0,burst_user5,5,READ,0x50000f2e000,8192
0,burst_user5,5,WRITE,0x50000f30000,8192
0,burst_user5,5,READ,0x50000f32000,8192
0,burst_user5,5,READ,0x50000f34000,8192
0,burst_user5,5,WRITE,0x50000f36000,8192
0,burst_user5,5,READ,0x50000f38000,8192
0,burst_user5,5,READ,0x50000f3a000,8192
0,burst_user5,5,WRITE,0x50000f3c000,8192
0,burst_user5,5,READ,0x50000f3e000,8192
0,burst_user5,5,READ,0x50000f40000,8192
0,burst_user5,5,WRITE,0x50000f42000,8192
0,burst_user5,5,READ,0x50000f44000,8192
0,burst_user5,5,READ,0x50000f46000,8192
0,burst_user5,5,WRITE,0x50000f48000,8192
0,burst_user5,5,READ,0x50000f4a000,8192
0,burst_user5,5,READ,0x50000f4c000,8192
0,burst_user5,5,WRITE,0x50000f4e000,8192
0,burst_user5,5,READ,0x50000f50000,8192
0,burst_user5,5,READ,0x50000f52000,8192
0,burst_user5,5,WRITE,0x50000f54000,8192
0,burst_user5,5,READ,0x50000f56000,8192
0,burst_user5,5,READ,0x50000f58000,8192
0,burst_user5,5,WRITE,0x50000f5a000,8192
0,burst_user5,5,READ,0x50000f5c000,8192
0,burst_user5,5,READ,0x50000f5e000,8192
0,burst_user5,5,WRITE,0x50000f60000,8192
0,burst_user5,5,READ,0x50000f62000,8192
0,burst_user5,5,READ,0x50000f64000,8192
0,burst_user5,5,WRITE,0x50000f66000,8192
0,burst_user5,5,READ,0x50000f68000,8192
0,burst_user5,5,READ,0x50000f6a000,8192
0,burst_user5,5,WRITE,0x50000f6c000,8192
0,burst_user5,5,READ,0x50000f6e000,8192
0,burst_user5,5,READ,0x50000f70000,8192
0,burst_user5,5,WRITE,0x50000f72000,8192
0,burst_user5,5,READ,0x50000f74000,8192
0,burst_user5,5,READ,0x50000f76000,8192
0,burst_user5,5,WRITE,0x50000f78000,8192
0,burst_user5,5,READ,0x50000f7a000,8192
0,burst_user5,5,READ,0x50000f7c000,8192
0,burst_user5,5,WRITE,0x50000f7e000,8192
0,burst_user5,5,READ,0x50000f80000,8192
0,burst_user5,5,READ,0x50000f82000,8192
0,burst_user5,5,WRITE,0x50000f84000,8192
0,burst_user5,5,READ,0x50000f86000,8192
0,burst_user5,5,READ,0x50000f88000,8192
0,burst_user5,5,WRITE,0x50000f8a000,8192
0,burst_user5,5,READ,0x50000f8c000,8192
0,burst_user5,5,READ,0x50000f8e000,8192
0,burst_user5,5,WRITE,0x50000f90000,8192
0,burst_user5,5,READ,0x50000f92000,8192
0,burst_user5,5,READ,0x50000f94000,8192
0,burst_user5,5,WRITE,0x50000f96000,8192
0,burst_user5,5,READ,0x50000f98000,8192
0,burst_user5,5,READ,0x50000f9a000,8192
0,burst_user5,5,WRITE,0x50000f9c000,8192
0,burst_user5,5,READ,0x50000f9e000,8192
0,burst_user6,6,WRITE,0x60000000000,8192
0,burst_user6,6,READ,0x60000002000,8192
0,burst_user6,6,READ,0x60000004000,8192
0,burst_user6,6,WRITE,0x60000006000,8192
0,burst_user6,6,READ,0x60000008000,8192
0,burst_user6,6,READ,0x6000000a000,8192
0,burst_user6,6,WRITE,0x6000000c000,8192
0,burst_user6,6,READ,0x6000000e000,8192
0,burst_user6,6,READ,0x60000010000,8192
0,burst_user6,6,WRITE,0x60000012000,8192
0,burst_user6,6,READ,0x60000014000,8192
0,burst_user6,6,READ,0x60000016000,8192
0,burst_user6,6,WRITE,0x60000018000,8192
0,burst_user6,6,READ,0x6000001a000,8192
0,burst_user6,6,READ,0x6000001c000,8192
0,burst_user6,6,WRITE,0x6000001e000,8192
0,burst_user6,6,READ,0x60000020000,8192
0,burst_user6,6,READ,0x60000022000,8192
0,burst_user6,6,WRITE,0x60000024000,8192
0,burst_user6,6,READ,0x60000026000,8192
0,burst_user6,6,READ,0x60000028000,8192
0,burst_user6,6,WRITE,0x6000002a000,8192
0,burst_user6,6,READ,0x6000002c000,8192
0,burst_user6,6,READ,0x6000002e000,8192
0,burst_user6,6,WRITE,0x60000030000,8192
0,burst_user6,6,READ,0x60000032000,8192
0,burst_user6,6,READ,0x60000034000,8192
0,burst_user6,6,WRITE,0x60000036000,8192
0,burst_user6,6,READ,0x60000038000,8192
0,burst_user6,6,READ,0x6000003a000,8192
0,burst_user6,6,WRITE,0x6000003c000,8192
0,burst_user6,6,READ,0x6000003e000,8192
0,burst_user6,6,READ,0x60000040000,8192
0,burst_user6,6,WRITE,0x60000042000,8192
0,burst_user6,6,READ,0x60000044000,8192
0,burst_user6,6,READ,0x60000046000,8192
0,burst_user6,6,WRITE,0x60000048000,8192
0,burst_user6,6,READ,0x6000004a000,8192
0,burst_user6,6,READ,0x6000004c000,8192
0,burst_user6,6,WRITE,0x6000004e000,8192
0,burst_user6,6,READ,0x60000050000,8192
0,burst_user6,6,READ,0x60000052000,8192
0,burst_user6,6,WRITE,0x60000054000,8192
0,burst_user6,6,READ,0x60000056000,8192
0,burst_user6,6,READ,0x60000058000,8192
0,burst_user6,6,WRITE,0x6000005a000,8192
0,burst_user6,6,READ,0x6000005c000,8192
0,burst_user6,6,READ,0x6000005e000,8192
0,burst_user6,6,WRITE,0x60000060000,8192
0,burst_user6,6,READ,0x60000062000,8192
0,burst_user6,6,READ,0x60000064000,8192
0,burst_user6,6,WRITE,0x60000066000,8192
0,burst_user6,6,READ,0x60000068000,8192
0,burst_user6,6,READ,0x6000006a000,8192
0,burst_user6,6,WRITE,0x6000006c000,8192
0,burst_user6,6,READ,0x6000006e000,8192
0,burst_user6,6,READ,0x60000070000,8192
0,burst_user6,6,WRITE,0x60000072000,8192
0,burst_user6,6,READ,0x60000074000,8192
0,burst_user6,6,READ,0x60000076000,8192
0,burst_user6,6,WRITE,0x60000078000,8192
0,burst_user6,6,READ,0x6000007a000,8192
0,burst_user6,6,READ,0x6000007c000,8192
0,burst_user6,6,WRITE,0x6000007e000,8192
0,burst_user6,6,READ,0x60000080000,8192
0,burst_user6,6,READ,0x60000082000,8192
0,burst_user6,6,WRITE,0x60000084000,8192
0,burst_user6,6,READ,0x60000086000,8192
0,burst_user6,6,READ,0x60000088000,8192
0,burst_user6,6,WRITE,0x6000008a000,8192
0,burst_user6,6,READ,0x6000008c000,8192
0,burst_user6,6,READ,0x6000008e000,8192
0,burst_user6,6,WRITE,0x60000090000,8192
0,burst_user6,6,READ,0x60000092000,8192
0,burst_user6,6,READ,0x60000094000,8192
0,burst_user6,6,WRITE,0x60000096000,8192
0,burst_user6,6,READ,0x60000098000,8192
0,burst_user6,6,READ,0x6000009a000,8192
0,burst_user6,6,WRITE,0x6000009c000,8192
0,burst_user6,6,READ,0x6000009e000,8192
0,burst_user6,6,READ,0x600000a0000,8192
0,burst_user6,6,WRITE,0x600000a2000,8192
0,burst_user6,6,READ,0x600000a4000,8192
0,burst_user6,6,READ,0x600000a6000,8192
0,burst_user6,6,WRITE,0x600000a8000,8192
0,burst_user6,6,READ,0x600000aa000,8192
0,burst_user6,6,READ,0x600000ac000,8192
0,burst_user6,6,WRITE,0x600000ae000,8192
0,burst_user6,6,READ,0x600000b0000,8192
0,burst_user6,6,READ,0x600000b2000,8192
0,burst_user6,6,WRITE,0x600000b4000,8192
0,burst_user6,6,READ,0x600000b6000,8192
0,burst_user6,6,READ,0x600000b8000,8192
0,burst_user6,6,WRITE,0x600000ba000,8192
0,burst_user6,6,READ,0x600000bc000,8192
0,burst_user6,6,READ,0x600000be000,8192
0,burst_user6,6,WRITE,0x600000c0000,8192
0,burst_user6,6,READ,0x600000c2000,8192
0,burst_user6,6,READ,0x600000c4000,8192
0,burst_user6,6,WRITE,0x600000c6000,8192
0,burst_user6,6,READ,0x600000c8000,8192
0,burst_user6,6,READ,0x600000ca000,8192
0,burst_user6,6,WRITE,0x600000cc000,8192
0,burst_user6,6,READ,0x600000ce000,8192
0,burst_user6,6,READ,0x600000d0000,8192
0,burst_user6,6,WRITE,0x600000d2000,8192
0,burst_user6,6,READ,0x600000d4000,8192
0,burst_user6,6,READ,0x600000d6000,8192
0,burst_user6,6,WRITE,0x600000d8000,8192
0,burst_user6,6,READ,0x600000da000,8192
0,burst_user6,6,READ,0x600000dc000,8192
0,burst_user6,6,WRITE,0x600000de000,8192
0,burst_user6,6,READ,0x600000e0000,8192
0,burst_user6,6,READ,0x600000e2000,8192
0,burst_user6,6,WRITE,0x600000e4000,8192
0,burst_user6,6,READ,0x600000e6000,8192
0,burst_user6,6,READ,0x600000e8000,8192
0,burst_user6,6,WRITE,0x600000ea000,8192
0,burst_user6,6,READ,0x600000ec000,8192
0,burst_user6,6,READ,0x600000ee000,8192
0,burst_user6,6,WRITE,0x600000f0000,8192
0,burst_user6,6,READ,0x600000f2000,8192
0,burst_user6,6,READ,0x600000f4000,8192
0,burst_user6,6,WRITE,0x600000f6000,8192
0,burst_user6,6,READ,0x600000f8000,8192
0,burst_user6,6,READ,0x600000fa000,8192
0,burst_user6,6,WRITE,0x600000fc000,8192
0,burst_user6,6,READ,0x600000fe000,8192
0,burst_user6,6,READ,0x60000100000,8192
0,burst_user6,6,WRITE,0x60000102000,8192
0,burst_user6,6,READ,0x60000104000,8192
0,burst_user6,6,READ,0x60000106000,8192
0,burst_user6,6,WRITE,0x60000108000,8192
0,burst_user6,6,READ,0x6000010a000,8192
0,burst_user6,6,READ,0x6000010c000,8192
0,burst_user6,6,WRITE,0x6000010e000,8192
0,burst_user6,6,READ,0x60000110000,8192
0,burst_user6,6,READ,0x60000112000,8192
0,burst_user6,6,WRITE,0x60000114000,8192
0,burst_user6,6,READ,0x60000116000,8192
0,burst_user6,6,READ,0x60000118000,8192
0,burst_user6,6,WRITE,0x6000011a000,8192
0,burst_user6,6,READ,0x6000011c000,8192
0,burst_user6,6,READ,0x6000011e000,8192
0,burst_user6,6,WRITE,0x60000120000,8192
0,burst_user6,6,READ,0x60000122000,8192
0,burst_user6,6,READ,0x60000124000,8192
0,burst_user6,6,WRITE,0x60000126000,8192
0,burst_user6,6,READ,0x60000128000,8192
0,burst_user6,6,READ,0x6000012a000,8192
0,burst_user6,6,WRITE,0x6000012c000,8192
0,burst_user6,6,READ,0x6000012e000,8192
0,burst_user6,6,READ,0x60000130000,8192
0,burst_user6,6,WRITE,0x60000132000,8192
0,burst_user6,6,READ,0x60000134000,8192
0,burst_user6,6,READ,0x60000136000,8192
0,burst_user6,6,WRITE,0x60000138000,8192
0,burst_user6,6,READ,0x6000013a000,8192
0,burst_user6,6,READ,0x6000013c000,8192
0,burst_user6,6,WRITE,0x6000013e000,8192
0,burst_user6,6,READ,0x60000140000,8192
0,burst_user6,6,READ,0x60000142000,8192
0,burst_user6,6,WRITE,0x60000144000,8192
0,burst_user6,6,READ,0x60000146000,8192
0,burst_user6,6,READ,0x60000148000,8192
0,burst_user6,6,WRITE,0x6000014a000,8192
0,burst_user6,6,READ,0x6000014c000,8192
0,burst_user6,6,READ,0x6000014e000,8192
0,burst_user6,6,WRITE,0x60000150000,8192
0,burst_user6,6,READ,0x60000152000,8192
0,burst_user6,6,READ,0x60000154000,8192
0,burst_user6,6,WRITE,0x60000156000,8192
0,burst_user6,6,READ,0x60000158000,8192
0,burst_user6,6,READ,0x6000015a000,8192
0,burst_user6,6,WRITE,0x6000015c000,8192
0,burst_user6,6,READ,0x6000015e000,8192
0,burst_user6,6,READ,0x60000160000,8192
0,burst_user6,6,WRITE,0x60000162000,8192
0,burst_user6,6,READ,0x60000164000,8192
0,burst_user6,6,READ,0x60000166000,8192
0,burst_user6,6,WRITE,0x60000168000,8192
0,burst_user6,6,READ,0x6000016a000,8192
0,burst_user6,6,READ,0x6000016c000,8192
0,burst_user6,6,WRITE,0x6000016e000,8192
0,burst_user6,6,READ,0x60000170000,8192
0,burst_user6,6,READ,0x60000172000,8192
0,burst_user6,6,WRITE,0x60000174000,8192
0,burst_user6,6,READ,0x60000176000,8192
0,burst_user6,6,READ,0x60000178000,8192
0,burst_user6,6,WRITE,0x6000017a000,8192
0,burst_user6,6,READ,0x6000017c000,8192
0,burst_user6,6,READ,0x6000017e000,8192
0,burst_user6,6,WRITE,0x60000180000,8192
0,burst_user6,6,READ,0x60000182000,8192
0,burst_user6,6,READ,0x60000184000,8192
0,burst_user6,6,WRITE,0x60000186000,8192
0,burst_user6,6,READ,0x60000188000,8192
0,burst_user6,6,READ,0x6000018a000,8192
0,burst_user6,6,WRITE,0x6000018c000,8192
0,burst_user6,6,READ,0x6000018e000,8192
0,burst_user6,6,READ,0x60000190000,8192
0,burst_user6,6,WRITE,0x60000192000,8192
0,burst_user6,6,READ,0x60000194000,8192
0,burst_user6,6,READ,0x60000196000,8192
0,burst_user6,6,WRITE,0x60000198000,8192
0,burst_user6,6,READ,0x6000019a000,8192
0,burst_user6,6,READ,0x6000019c000,8192
0,burst_user6,6,WRITE,0x6000019e000,8192
0,burst_user6,6,READ,0x600001a0000,8192
0,burst_user6,6,READ,0x600001a2000,8192
0,burst_user6,6,WRITE,0x600001a4000,8192
0,burst_user6,6,READ,0x600001a6000,8192
0,burst_user6,6,READ,0x600001a8000,8192
0,burst_user6,6,WRITE,0x600001aa000,8192
0,burst_user6,6,READ,0x600001ac000,8192
0,burst_user6,6,READ,0x600001ae000,8192
0,burst_user6,6,WRITE,0x600001b0000,8192
0,burst_user6,6,READ,0x600001b2000,8192
0,burst_user6,6,READ,0x600001b4000,8192
0,burst_user6,6,WRITE,0x600001b6000,8192
0,burst_user6,6,READ,0x600001b8000,8192
0,burst_user6,6,READ,0x600001ba000,8192
0,burst_user6,6,WRITE,0x600001bc000,8192
0,burst_user6,6,READ,0x600001be000,8192
0,burst_user6,6,READ,0x600001c0000,8192
0,burst_user6,6,WRITE,0x600001c2000,8192
0,burst_user6,6,READ,0x600001c4000,8192
0,burst_user6,6,READ,0x600001c6000,8192
0,burst_user6,6,WRITE,0x600001c8000,8192
0,burst_user6,6,READ,0x600001ca000,8192
0,burst_user6,6,READ,0x600001cc000,8192
0,burst_user6,6,WRITE,0x600001ce000,8192
0,burst_user6,6,READ,0x600001d0000,8192
0,burst_user6,6,READ,0x600001d2000,8192
0,burst_user6,6,WRITE,0x600001d4000,8192
0,burst_user6,6,READ,0x600001d6000,8192
0,burst_user6,6,READ,0x600001d8000,8192
0,burst_user6,6,WRITE,0x600001da000,8192
0,burst_user6,6,READ,0x600001dc000,8192
0,burst_user6,6,READ,0x600001de000,8192
0,burst_user6,6,WRITE,0x600001e0000,8192
0,burst_user6,6,READ,0x600001e2000,8192
0,burst_user6,6,READ,0x600001e4000,8192
0,burst_user6,6,WRITE,0x600001e6000,8192
0,burst_user6,6,READ,0x600001e8000,8192
0,burst_user6,6,READ,0x600001ea000,8192
0,burst_user6,6,WRITE,0x600001ec000,8192
0,burst_user6,6,READ,0x600001ee000,8192
0,burst_user6,6,READ,0x600001f0000,8192
0,burst_user6,6,WRITE,0x600001f2000,8192
0,burst_user6,6,READ,0x600001f4000,8192
0,burst_user6,6,READ,0x600001f6000,8192
0,burst_user6,6,WRITE,0x600001f8000,8192
0,burst_user6,6,READ,0x600001fa000,8192
0,burst_user6,6,READ,0x600001fc000,8192
0,burst_user6,6,WRITE,0x600001fe000,8192
0,burst_user6,6,READ,0x60000200000,8192
0,burst_user6,6,READ,0x60000202000,8192
0,burst_user6,6,WRITE,0x60000204000,8192
0,burst_user6,6,READ,0x60000206000,8192
0,burst_user6,6,READ,0x60000208000,8192
0,burst_user6,6,WRITE,0x6000020a000,8192
0,burst_user6,6,READ,0x6000020c000,8192
0,burst_user6,6,READ,0x6000020e000,8192
0,burst_user6,6,WRITE,0x60000210000,8192
0,burst_user6,6,READ,0x60000212000,8192
0,burst_user6,6,READ,0x60000214000,8192
0,burst_user6,6,WRITE,0x60000216000,8192
0,burst_user6,6,READ,0x60000218000,8192
0,burst_user6,6,READ,0x6000021a000,8192
0,burst_user6,6,WRITE,0x6000021c000,8192
0,burst_user6,6,READ,0x6000021e000,8192
0,burst_user6,6,READ,0x60000220000,8192
0,burst_user6,6,WRITE,0x60000222000,8192
0,burst_user6,6,READ,0x60000224000,8192
0,burst_user6,6,READ,0x60000226000,8192
0,burst_user6,6,WRITE,0x60000228000,8192
0,burst_user6,6,READ,0x6000022a000,8192
0,burst_user6,6,READ,0x6000022c000,8192
0,burst_user6,6,WRITE,0x6000022e000,8192
0,burst_user6,6,READ,0x60000230000,8192
0,burst_user6,6,READ,0x60000232000,8192
0,burst_user6,6,WRITE,0x60000234000,8192
0,burst_user6,6,READ,0x60000236000,8192
0,burst_user6,6,READ,0x60000238000,8192
0,burst_user6,6,WRITE,0x6000023a000,8192
0,burst_user6,6,READ,0x6000023c000,8192
0,burst_user6,6,READ,0x6000023e000,8192
0,burst_user6,6,WRITE,0x60000240000,8192
0,burst_user6,6,READ,0x60000242000,8192
0,burst_user6,6,READ,0x60000244000,8192
0,burst_user6,6,WRITE,0x60000246000,8192
0,burst_user6,6,READ,0x60000248000,8192
0,burst_user6,6,READ,0x6000024a000,8192
0,burst_user6,6,WRITE,0x6000024c000,8192
0,burst_user6,6,READ,0x6000024e000,8192
0,burst_user6,6,READ,0x60000250000,8192
0,burst_user6,6,WRITE,0x60000252000,8192
0,burst_user6,6,READ,0x60000254000,8192
0,burst_user6,6,READ,0x60000256000,8192
0,burst_user6,6,WRITE,0x60000258000,8192
0,burst_user6,6,READ,0x6000025a000,8192
0,burst_user6,6,READ,0x6000025c000,8192
0,burst_user6,6,WRITE,0x6000025e000,8192
0,burst_user6,6,READ,0x60000260000,8192
0,burst_user6,6,READ,0x60000262000,8192
0,burst_user6,6,WRITE,0x60000264000,8192
0,burst_user6,6,READ,0x60000266000,8192
0,burst_user6,6,READ,0x60000268000,8192
0,burst_user6,6,WRITE,0x6000026a000,8192
0,burst_user6,6,READ,0x6000026c000,8192
0,burst_user6,6,READ,0x6000026e000,8192
0,burst_user6,6,WRITE,0x60000270000,8192
0,burst_user6,6,READ,0x60000272000,8192
0,burst_user6,6,READ,0x60000274000,8192
0,burst_user6,6,WRITE,0x60000276000,8192
0,burst_user6,6,READ,0x60000278000,8192
0,burst_user6,6,READ,0x6000027a000,8192
0,burst_user6,6,WRITE,0x6000027c000,8192
0,burst_user6,6,READ,0x6000027e000,8192
0,burst_user6,6,READ,0x60000280000,8192
0,burst_user6,6,WRITE,0x60000282000,8192
0,burst_user6,6,READ,0x60000284000,8192
0,burst_user6,6,READ,0x60000286000,8192
0,burst_user6,6,WRITE,0x60000288000,8192
0,burst_user6,6,READ,0x6000028a000,8192
0,burst_user6,6,READ,0x6000028c000,8192
0,burst_user6,6,WRITE,0x6000028e000,8192
0,burst_user6,6,READ,0x60000290000,8192
0,burst_user6,6,READ,0x60000292000,8192
0,burst_user6,6,WRITE,0x60000294000,8192
0,burst_user6,6,READ,0x60000296000,8192
0,burst_user6,6,READ,0x60000298000,8192
0,burst_user6,6,WRITE,0x6000029a000,8192
0,burst_user6,6,READ,0x6000029c000,8192
0,burst_user6,6,READ,0x6000029e000,8192
0,burst_user6,6,WRITE,0x600002a0000,8192
0,burst_user6,6,READ,0x600002a2000,8192
0,burst_user6,6,READ,0x600002a4000,8192
0,burst_user6,6,WRITE,0x600002a6000,8192
0,burst_user6,6,READ,0x600002a8000,8192
0,burst_user6,6,READ,0x600002aa000,8192
0,burst_user6,6,WRITE,0x600002ac000,8192
0,burst_user6,6,READ,0x600002ae000,8192
0,burst_user6,6,READ,0x600002b0000,8192
0,burst_user6,6,WRITE,0x600002b2000,8192
0,burst_user6,6,READ,0x600002b4000,8192
0,burst_user6,6,READ,0x600002b6000,8192
0,burst_user6,6,WRITE,0x600002b8000,8192
0,burst_user6,6,READ,0x600002ba000,8192
0,burst_user6,6,READ,0x600002bc000,8192
0,burst_user6,6,WRITE,0x600002be000,8192
0,burst_user6,6,READ,0x600002c0000,8192
0,burst_user6,6,READ,0x600002c2000,8192
0,burst_user6,6,WRITE,0x600002c4000,8192
0,burst_user6,6,READ,0x600002c6000,8192
0,burst_user6,6,READ,0x600002c8000,8192
0,burst_user6,6,WRITE,0x600002ca000,8192
0,burst_user6,6,READ,0x600002cc000,8192
0,burst_user6,6,READ,0x600002ce000,8192
0,burst_user6,6,WRITE,0x600002d0000,8192
0,burst_user6,6,READ,0x600002d2000,8192
0,burst_user6,6,READ,0x600002d4000,8192
0,burst_user6,6,WRITE,0x600002d6000,8192
0,burst_user6,6,READ,0x600002d8000,8192
0,burst_user6,6,READ,0x600002da000,8192
0,burst_user6,6,WRITE,0x600002dc000,8192
0,burst_user6,6,READ,0x600002de000,8192
0,burst_user6,6,READ,0x600002e0000,8192
0,burst_user6,6,WRITE,0x600002e2000,8192
0,burst_user6,6,READ,0x600002e4000,8192
0,burst_user6,6,READ,0x600002e6000,8192
0,burst_user6,6,WRITE,0x600002e8000,8192
0,burst_user6,6,READ,0x600002ea000,8192
0,burst_user6,6,READ,0x600002ec000,8192
0,burst_user6,6,WRITE,0x600002ee000,8192
0,burst_user6,6,READ,0x600002f0000,8192
0,burst_user6,6,READ,0x600002f2000,8192
0,burst_user6,6,WRITE,0x600002f4000,8192
0,burst_user6,6,READ,0x600002f6000,8192
0,burst_user6,6,READ,0x600002f8000,8192
0,burst_user6,6,WRITE,0x600002fa000,8192
0,burst_user6,6,READ,0x600002fc000,8192
0,burst_user6,6,READ,0x600002fe000,8192
0,burst_user6,6,WRITE,0x60000300000,8192
0,burst_user6,6,READ,0x60000302000,8192
0,burst_user6,6,READ,0x60000304000,8192
0,burst_user6,6,WRITE,0x60000306000,8192
0,burst_user6,6,READ,0x60000308000,8192
0,burst_user6,6,READ,0x6000030a000,8192
0,burst_user6,6,WRITE,0x6000030c000,8192
0,burst_user6,6,READ,0x6000030e000,8192
0,burst_user6,6,READ,0x60000310000,8192
0,burst_user6,6,WRITE,0x60000312000,8192
0,burst_user6,6,READ,0x60000314000,8192
0,burst_user6,6,READ,0x60000316000,8192
0,burst_user6,6,WRITE,0x60000318000,8192
0,burst_user6,6,READ,0x6000031a000,8192
0,burst_user6,6,READ,0x6000031c000,8192
0,burst_user6,6,WRITE,0x6000031e000,8192
0,burst_user6,6,READ,0x60000320000,8192
0,burst_user6,6,READ,0x60000322000,8192
0,burst_user6,6,WRITE,0x60000324000,8192
0,burst_user6,6,READ,0x60000326000,8192
0,burst_user6,6,READ,0x60000328000,8192
0,burst_user6,6,WRITE,0x6000032a000,8192
0,burst_user6,6,READ,0x6000032c000,8192
0,burst_user6,6,READ,0x6000032e000,8192
0,burst_user6,6,WRITE,0x60000330000,8192
0,burst_user6,6,READ,0x60000332000,8192
0,burst_user6,6,READ,0x60000334000,8192
0,burst_user6,6,WRITE,0x60000336000,8192
0,burst_user6,6,READ,0x60000338000,8192
0,burst_user6,6,READ,0x6000033a000,8192
0,burst_user6,6,WRITE,0x6000033c000,8192
0,burst_user6,6,READ,0x6000033e000,8192
0,burst_user6,6,READ,0x60000340000,8192
0,burst_user6,6,WRITE,0x60000342000,8192
0,burst_user6,6,READ,0x60000344000,8192
0,burst_user6,6,READ,0x60000346000,8192
0,burst_user6,6,WRITE,0x60000348000,8192
0,burst_user6,6,READ,0x6000034a000,8192
0,burst_user6,6,READ,0x6000034c000,8192
0,burst_user6,6,WRITE,0x6000034e000,8192
0,burst_user6,6,READ,0x60000350000,8192
0,burst_user6,6,READ,0x60000352000,8192
0,burst_user6,6,WRITE,0x60000354000,8192
0,burst_user6,6,READ,0x60000356000,8192
0,burst_user6,6,READ,0x60000358000,8192
0,burst_user6,6,WRITE,0x6000035a000,8192
0,burst_user6,6,READ,0x6000035c000,8192
0,burst_user6,6,READ,0x6000035e000,8192
0,burst_user6,6,WRITE,0x60000360000,8192
0,burst_user6,6,READ,0x60000362000,8192
0,burst_user6,6,READ,0x60000364000,8192
0,burst_user6,6,WRITE,0x60000366000,8192
0,burst_user6,6,READ,0x60000368000,8192
0,burst_user6,6,READ,0x6000036a000,8192
0,burst_user6,6,WRITE,0x6000036c000,8192
0,burst_user6,6,READ,0x6000036e000,8192
0,burst_user6,6,READ,0x60000370000,8192
0,burst_user6,6,WRITE,0x60000372000,8192
0,burst_user6,6,READ,0x60000374000,8192
0,burst_user6,6,READ,0x60000376000,8192
0,burst_user6,6,WRITE,0x60000378000,8192
0,burst_user6,6,READ,0x6000037a000,8192
0,burst_user6,6,READ,0x6000037c000,8192
0,burst_user6,6,WRITE,0x6000037e000,8192
0,burst_user6,6,READ,0x60000380000,8192
0,burst_user6,6,READ,0x60000382000,8192
0,burst_user6,6,WRITE,0x60000384000,8192
0,burst_user6,6,READ,0x60000386000,8192
0,burst_user6,6,READ,0x60000388000,8192
0,burst_user6,6,WRITE,0x6000038a000,8192
0,burst_user6,6,READ,0x6000038c000,8192
0,burst_user6,6,READ,0x6000038e000,8192
0,burst_user6,6,WRITE,0x60000390000,8192
0,burst_user6,6,READ,0x60000392000,8192
0,burst_user6,6,READ,0x60000394000,8192
0,burst_user6,6,WRITE,0x60000396000,8192
0,burst_user6,6,READ,0x60000398000,8192
0,burst_user6,6,READ,0x6000039a000,8192
0,burst_user6,6,WRITE,0x6000039c000,8192
0,burst_user6,6,READ,0x6000039e000,8192
0,burst_user6,6,READ,0x600003a0000,8192
0,burst_user6,6,WRITE,0x600003a2000,8192
0,burst_user6,6,READ,0x600003a4000,8192
0,burst_user6,6,READ,0x600003a6000,8192
0,burst_user6,6,WRITE,0x600003a8000,8192
0,burst_user6,6,READ,0x600003aa000,8192
0,burst_user6,6,READ,0x600003ac000,8192
0,burst_user6,6,WRITE,0x600003ae000,8192
0,burst_user6,6,READ,0x600003b0000,8192
0,burst_user6,6,READ,0x600003b2000,8192
0,burst_user6,6,WRITE,0x600003b4000,8192
0,burst_user6,6,READ,0x600003b6000,8192
0,burst_user6,6,READ,0x600003b8000,8192
0,burst_user6,6,WRITE,0x600003ba000,8192
0,burst_user6,6,READ,0x600003bc000,8192
0,burst_user6,6,READ,0x600003be000,8192
0,burst_user6,6,WRITE,0x600003c0000,8192
0,burst_user6,6,READ,0x600003c2000,8192
0,burst_user6,6,READ,0x600003c4000,8192
0,burst_user6,6,WRITE,0x600003c6000,8192
0,burst_user6,6,READ,0x600003c8000,8192
0,burst_user6,6,READ,0x600003ca000,8192
0,burst_user6,6,WRITE,0x600003cc000,8192
0,burst_user6,6,READ,0x600003ce000,8192
0,burst_user6,6,READ,0x600003d0000,8192
0,burst_user6,6,WRITE,0x600003d2000,8192
0,burst_user6,6,READ,0x600003d4000,8192
0,burst_user6,6,READ,0x600003d6000,8192
0,burst_user6,6,WRITE,0x600003d8000,8192
0,burst_user6,6,READ,0x600003da000,8192
0,burst_user6,6,READ,0x600003dc000,8192
0,burst_user6,6,WRITE,0x600003de000,8192
0,burst_user6,6,READ,0x600003e0000,8192
0,burst_user6,6,READ,0x600003e2000,8192
0,burst_user6,6,WRITE,0x600003e4000,8192
0,burst_user6,6,READ,0x600003e6000,8192
0,burst_user6,6,READ,0x600003e8000,8192
0,burst_user6,6,WRITE,0x600003ea000,8192
0,burst_user6,6,READ,0x600003ec000,8192
0,burst_user6,6,READ,0x600003ee000,8192
0,burst_user6,6,WRITE,0x600003f0000,8192
0,burst_user6,6,READ,0x600003f2000,8192
0,burst_user6,6,READ,0x600003f4000,8192
0,burst_user6,6,WRITE,0x600003f6000,8192
0,burst_user6,6,READ,0x600003f8000,8192
0,burst_user6,6,READ,0x600003fa000,8192
0,burst_user6,6,WRITE,0x600003fc000,8192
0,burst_user6,6,READ,0x600003fe000,8192
0,burst_user6,6,READ,0x60000400000,8192
0,burst_user6,6,WRITE,0x60000402000,8192
0,burst_user6,6,READ,0x60000404000,8192
0,burst_user6,6,READ,0x60000406000,8192
0,burst_user6,6,WRITE,0x60000408000,8192
0,burst_user6,6,READ,0x6000040a000,8192
0,burst_user6,6,READ,0x6000040c000,8192
0,burst_user6,6,WRITE,0x6000040e000,8192
0,burst_user6,6,READ,0x60000410000,8192
0,burst_user6,6,READ,0x60000412000,8192
0,burst_user6,6,WRITE,0x60000414000,8192
0,burst_user6,6,READ,0x60000416000,8192
0,burst_user6,6,READ,0x60000418000,8192
0,burst_user6,6,WRITE,0x6000041a000,8192
0,burst_user6,6,READ,0x6000041c000,8192
0,burst_user6,6,READ,0x6000041e000,8192
0,burst_user6,6,WRITE,0x60000420000,8192
0,burst_user6,6,READ,0x60000422000,8192
0,burst_user6,6,READ,0x60000424000,8192
0,burst_user6,6,WRITE,0x60000426000,8192
0,burst_user6,6,READ,0x60000428000,8192
0,burst_user6,6,READ,0x6000042a000,8192
0,burst_user6,6,WRITE,0x6000042c000,8192
0,burst_user6,6,READ,0x6000042e000,8192
0,burst_user6,6,READ,0x60000430000,8192
0,burst_user6,6,WRITE,0x60000432000,8192
0,burst_user6,6,READ,0x60000434000,8192
0,burst_user6,6,READ,0x60000436000,8192
0,burst_user6,6,WRITE,0x60000438000,8192
0,burst_user6,6,READ,0x6000043a000,8192
0,burst_user6,6,READ,0x6000043c000,8192
0,burst_user6,6,WRITE,0x6000043e000,8192
0,burst_user6,6,READ,0x60000440000,8192
0,burst_user6,6,READ,0x60000442000,8192
0,burst_user6,6,WRITE,0x60000444000,8192
0,burst_user6,6,READ,0x60000446000,8192
0,burst_user6,6,READ,0x60000448000,8192
0,burst_user6,6,WRITE,0x6000044a000,8192
0,burst_user6,6,READ,0x6000044c000,8192
0,burst_user6,6,READ,0x6000044e000,8192
0,burst_user6,6,WRITE,0x60000450000,8192
0,burst_user6,6,READ,0x60000452000,8192
0,burst_user6,6,READ,0x60000454000,8192
0,burst_user6,6,WRITE,0x60000456000,8192
0,burst_user6,6,READ,0x60000458000,8192
0,burst_user6,6,READ,0x6000045a000,8192
0,burst_user6,6,WRITE,0x6000045c000,8192
0,burst_user6,6,READ,0x6000045e000,8192
0,burst_user6,6,READ,0x60000460000,8192
0,burst_user6,6,WRITE,0x60000462000,8192
0,burst_user6,6,READ,0x60000464000,8192
0,burst_user6,6,READ,0x60000466000,8192
0,burst_user6,6,WRITE,0x60000468000,8192
0,burst_user6,6,READ,0x6000046a000,8192
0,burst_user6,6,READ,0x6000046c000,8192
0,burst_user6,6,WRITE,0x6000046e000,8192
0,burst_user6,6,READ,0x60000470000,8192
0,burst_user6,6,READ,0x60000472000,8192
0,burst_user6,6,WRITE,0x60000474000,8192
0,burst_user6,6,READ,0x60000476000,8192
0,burst_user6,6,READ,0x60000478000,8192
0,burst_user6,6,WRITE,0x6000047a000,8192
0,burst_user6,6,READ,0x6000047c000,8192
0,burst_user6,6,READ,0x6000047e000,8192
0,burst_user6,6,WRITE,0x60000480000,8192
0,burst_user6,6,READ,0x60000482000,8192
0,burst_user6,6,READ,0x60000484000,8192
0,burst_user6,6,WRITE,0x60000486000,8192
0,burst_user6,6,READ,0x60000488000,8192
0,burst_user6,6,READ,0x6000048a000,8192
0,burst_user6,6,WRITE,0x6000048c000,8192
0,burst_user6,6,READ,0x6000048e000,8192
0,burst_user6,6,READ,0x60000490000,8192
0,burst_user6,6,WRITE,0x60000492000,8192
0,burst_user6,6,READ,0x60000494000,8192
0,burst_user6,6,READ,0x60000496000,8192
0,burst_user6,6,WRITE,0x60000498000,8192
0,burst_user6,6,READ,0x6000049a000,8192
0,burst_user6,6,READ,0x6000049c000,8192
0,burst_user6,6,WRITE,0x6000049e000,8192
0,burst_user6,6,READ,0x600004a0000,8192
0,burst_user6,6,READ,0x600004a2000,8192
0,burst_user6,6,WRITE,0x600004a4000,8192
0,burst_user6,6,READ,0x600004a6000,8192
0,burst_user6,6,READ,0x600004a8000,8192
0,burst_user6,6,WRITE,0x600004aa000,8192
0,burst_user6,6,READ,0x600004ac000,8192
0,burst_user6,6,READ,0x600004ae000,8192
0,burst_user6,6,WRITE,0x600004b0000,8192
0,burst_user6,6,READ,0x600004b2000,8192
0,burst_user6,6,READ,0x600004b4000,8192
0,burst_user6,6,WRITE,0x600004b6000,8192
0,burst_user6,6,READ,0x600004b8000,8192
0,burst_user6,6,READ,0x600004ba000,8192
0,burst_user6,6,WRITE,0x600004bc000,8192
0,burst_user6,6,READ,0x600004be000,8192
0,burst_user6,6,READ,0x600004c0000,8192
0,burst_user6,6,WRITE,0x600004c2000,8192
0,burst_user6,6,READ,0x600004c4000,8192
0,burst_user6,6,READ,0x600004c6000,8192
0,burst_user6,6,WRITE,0x600004c8000,8192
0,burst_user6,6,READ,0x600004ca000,8192
0,burst_user6,6,READ,0x600004cc000,8192
0,burst_user6,6,WRITE,0x600004ce000,8192
0,burst_user6,6,READ,0x600004d0000,8192
0,burst_user6,6,READ,0x600004d2000,8192
0,burst_user6,6,WRITE,0x600004d4000,8192
0,burst_user6,6,READ,0x600004d6000,8192
0,burst_user6,6,READ,0x600004d8000,8192
0,burst_user6,6,WRITE,0x600004da000,8192
0,burst_user6,6,READ,0x600004dc000,8192
0,burst_user6,6,READ,0x600004de000,8192
0,burst_user6,6,WRITE,0x600004e0000,8192
0,burst_user6,6,READ,0x600004e2000,8192
0,burst_user6,6,READ,0x600004e4000,8192
0,burst_user6,6,WRITE,0x600004e6000,8192
0,burst_user6,6,READ,0x600004e8000,8192
0,burst_user6,6,READ,0x600004ea000,8192
0,burst_user6,6,WRITE,0x600004ec000,8192
0,burst_user6,6,READ,0x600004ee000,8192
0,burst_user6,6,READ,0x600004f0000,8192
0,burst_user6,6,WRITE,0x600004f2000,8192
0,burst_user6,6,READ,0x600004f4000,8192
0,burst_user6,6,READ,0x600004f6000,8192
0,burst_user6,6,WRITE,0x600004f8000,8192
0,burst_user6,6,READ,0x600004fa000,8192
0,burst_user6,6,READ,0x600004fc000,8192
0,burst_user6,6,WRITE,0x600004fe000,8192
0,burst_user6,6,READ,0x60000500000,8192
0,burst_user6,6,READ,0x60000502000,8192
0,burst_user6,6,WRITE,0x60000504000,8192
0,burst_user6,6,READ,0x60000506000,8192
0,burst_user6,6,READ,0x60000508000,8192
0,burst_user6,6,WRITE,0x6000050a000,8192
0,burst_user6,6,READ,0x6000050c000,8192
0,burst_user6,6,READ,0x6000050e000,8192
0,burst_user6,6,WRITE,0x60000510000,8192
0,burst_user6,6,READ,0x60000512000,8192
0,burst_user6,6,READ,0x60000514000,8192
0,burst_user6,6,WRITE,0x60000516000,8192
0,burst_user6,6,READ,0x60000518000,8192
0,burst_user6,6,READ,0x6000051a000,8192
0,burst_user6,6,WRITE,0x6000051c000,8192
0,burst_user6,6,READ,0x6000051e000,8192
0,burst_user6,6,READ,0x60000520000,8192
0,burst_user6,6,WRITE,0x60000522000,8192
0,burst_user6,6,READ,0x60000524000,8192
0,burst_user6,6,READ,0x60000526000,8192
0,burst_user6,6,WRITE,0x60000528000,8192
0,burst_user6,6,READ,0x6000052a000,8192
0,burst_user6,6,READ,0x6000052c000,8192
0,burst_user6,6,WRITE,0x6000052e000,8192
0,burst_user6,6,READ,0x60000530000,8192
0,burst_user6,6,READ,0x60000532000,8192
0,burst_user6,6,WRITE,0x60000534000,8192
0,burst_user6,6,READ,0x60000536000,8192
0,burst_user6,6,READ,0x60000538000,8192
0,burst_user6,6,WRITE,0x6000053a000,8192
0,burst_user6,6,READ,0x6000053c000,8192
0,burst_user6,6,READ,0x6000053e000,8192
0,burst_user6,6,WRITE,0x60000540000,8192
0,burst_user6,6,READ,0x60000542000,8192
0,burst_user6,6,READ,0x60000544000,8192
0,burst_user6,6,WRITE,0x60000546000,8192
0,burst_user6,6,READ,0x60000548000,8192
0,burst_user6,6,READ,0x6000054a000,8192
0,burst_user6,6,WRITE,0x6000054c000,8192
0,burst_user6,6,READ,0x6000054e000,8192
0,burst_user6,6,READ,0x60000550000,8192
0,burst_user6,6,WRITE,0x60000552000,8192
0,burst_user6,6,READ,0x60000554000,8192
0,burst_user6,6,READ,0x60000556000,8192
0,burst_user6,6,WRITE,0x60000558000,8192
0,burst_user6,6,READ,0x6000055a000,8192
0,burst_user6,6,READ,0x6000055c000,8192
0,burst_user6,6,WRITE,0x6000055e000,8192
0,burst_user6,6,READ,0x60000560000,8192
0,burst_user6,6,READ,0x60000562000,8192
0,burst_user6,6,WRITE,0x60000564000,8192
0,burst_user6,6,READ,0x60000566000,8192
0,burst_user6,6,READ,0x60000568000,8192
0,burst_user6,6,WRITE,0x6000056a000,8192
0,burst_user6,6,READ,0x6000056c000,8192
0,burst_user6,6,READ,0x6000056e000,8192
0,burst_user6,6,WRITE,0x60000570000,8192
0,burst_user6,6,READ,0x60000572000,8192
0,burst_user6,6,READ,0x60000574000,8192
0,burst_user6,6,WRITE,0x60000576000,8192
0,burst_user6,6,READ,0x60000578000,8192
0,burst_user6,6,READ,0x6000057a000,8192
0,burst_user6,6,WRITE,0x6000057c000,8192
0,burst_user6,6,READ,0x6000057e000,8192
0,burst_user6,6,READ,0x60000580000,8192
0,burst_user6,6,WRITE,0x60000582000,8192
0,burst_user6,6,READ,0x60000584000,8192
0,burst_user6,6,READ,0x60000586000,8192
0,burst_user6,6,WRITE,0x60000588000,8192
0,burst_user6,6,READ,0x6000058a000,8192
0,burst_user6,6,READ,0x6000058c000,8192
0,burst_user6,6,WRITE,0x6000058e000,8192
0,burst_user6,6,READ,0x60000590000,8192
0,burst_user6,6,READ,0x60000592000,8192
0,burst_user6,6,WRITE,0x60000594000,8192
0,burst_user6,6,READ,0x60000596000,8192
0,burst_user6,6,READ,0x60000598000,8192
0,burst_user6,6,WRITE,0x6000059a000,8192
0,burst_user6,6,READ,0x6000059c000,8192
0,burst_user6,6,READ,0x6000059e000,8192
0,burst_user6,6,WRITE,0x600005a0000,8192
0,burst_user6,6,READ,0x600005a2000,8192
0,burst_user6,6,READ,0x600005a4000,8192
0,burst_user6,6,WRITE,0x600005a6000,8192
0,burst_user6,6,READ,0x600005a8000,8192
0,burst_user6,6,READ,0x600005aa000,8192
0,burst_user6,6,WRITE,0x600005ac000,8192
0,burst_user6,6,READ,0x600005ae000,8192
0,burst_user6,6,READ,0x600005b0000,8192
0,burst_user6,6,WRITE,0x600005b2000,8192
0,burst_user6,6,READ,0x600005b4000,8192
0,burst_user6,6,READ,0x600005b6000,8192
0,burst_user6,6,WRITE,0x600005b8000,8192
0,burst_user6,6,READ,0x600005ba000,8192
0,burst_user6,6,READ,0x600005bc000,8192
0,burst_user6,6,WRITE,0x600005be000,8192
0,burst_user6,6,READ,0x600005c0000,8192
0,burst_user6,6,READ,0x600005c2000,8192
0,burst_user6,6,WRITE,0x600005c4000,8192
0,burst_user6,6,READ,0x600005c6000,8192
0,burst_user6,6,READ,0x600005c8000,8192
0,burst_user6,6,WRITE,0x600005ca000,8192
0,burst_user6,6,READ,0x600005cc000,8192
0,burst_user6,6,READ,0x600005ce000,8192
0,burst_user6,6,WRITE,0x600005d0000,8192
0,burst_user6,6,READ,0x600005d2000,8192
0,burst_user6,6,READ,0x600005d4000,8192
0,burst_user6,6,WRITE,0x600005d6000,8192
0,burst_user6,6,READ,0x600005d8000,8192
0,burst_user6,6,READ,0x600005da000,8192
0,burst_user6,6,WRITE,0x600005dc000,8192
0,burst_user6,6,READ,0x600005de000,8192
0,burst_user6,6,READ,0x600005e0000,8192
0,burst_user6,6,WRITE,0x600005e2000,8192
0,burst_user6,6,READ,0x600005e4000,8192
0,burst_user6,6,READ,0x600005e6000,8192
0,burst_user6,6,WRITE,0x600005e8000,8192
0,burst_user6,6,READ,0x600005ea000,8192
0,burst_user6,6,READ,0x600005ec000,8192
0,burst_user6,6,WRITE,0x600005ee000,8192
0,burst_user6,6,READ,0x600005f0000,8192
0,burst_user6,6,READ,0x600005f2000,8192
0,burst_user6,6,WRITE,0x600005f4000,8192
0,burst_user6,6,READ,0x600005f6000,8192
0,burst_user6,6,READ,0x600005f8000,8192
0,burst_user6,6,WRITE,0x600005fa000,8192
0,burst_user6,6,READ,0x600005fc000,8192
0,burst_user6,6,READ,0x600005fe000,8192
0,burst_user6,6,WRITE,0x60000600000,8192
0,burst_user6,6,READ,0x60000602000,8192
0,burst_user6,6,READ,0x60000604000,8192
0,burst_user6,6,WRITE,0x60000606000,8192
0,burst_user6,6,READ,0x60000608000,8192
0,burst_user6,6,READ,0x6000060a000,8192
0,burst_user6,6,WRITE,0x6000060c000,8192
0,burst_user6,6,READ,0x6000060e000,8192
0,burst_user6,6,READ,0x60000610000,8192
0,burst_user6,6,WRITE,0x60000612000,8192
0,burst_user6,6,READ,0x60000614000,8192
0,burst_user6,6,READ,0x60000616000,8192
0,burst_user6,6,WRITE,0x60000618000,8192
0,burst_user6,6,READ,0x6000061a000,8192
0,burst_user6,6,READ,0x6000061c000,8192
0,burst_user6,6,WRITE,0x6000061e000,8192
0,burst_user6,6,READ,0x60000620000,8192
0,burst_user6,6,READ,0x60000622000,8192
0,burst_user6,6,WRITE,0x60000624000,8192
0,burst_user6,6,READ,0x60000626000,8192
0,burst_user6,6,READ,0x60000628000,8192
0,burst_user6,6,WRITE,0x6000062a000,8192
0,burst_user6,6,READ,0x6000062c000,8192
0,burst_user6,6,READ,0x6000062e000,8192
0,burst_user6,6,WRITE,0x60000630000,8192
0,burst_user6,6,READ,0x60000632000,8192
0,burst_user6,6,READ,0x60000634000,8192
0,burst_user6,6,WRITE,0x60000636000,8192
0,burst_user6,6,READ,0x60000638000,8192
0,burst_user6,6,READ,0x6000063a000,8192
0,burst_user6,6,WRITE,0x6000063c000,8192
0,burst_user6,6,READ,0x6000063e000,8192
0,burst_user6,6,READ,0x60000640000,8192
0,burst_user6,6,WRITE,0x60000642000,8192
0,burst_user6,6,READ,0x60000644000,8192
0,burst_user6,6,READ,0x60000646000,8192
0,burst_user6,6,WRITE,0x60000648000,8192
0,burst_user6,6,READ,0x6000064a000,8192
0,burst_user6,6,READ,0x6000064c000,8192
0,burst_user6,6,WRITE,0x6000064e000,8192
0,burst_user6,6,READ,0x60000650000,8192
0,burst_user6,6,READ,0x60000652000,8192
0,burst_user6,6,WRITE,0x60000654000,8192
0,burst_user6,6,READ,0x60000656000,8192
0,burst_user6,6,READ,0x60000658000,8192
0,burst_user6,6,WRITE,0x6000065a000,8192
0,burst_user6,6,READ,0x6000065c000,8192
0,burst_user6,6,READ,0x6000065e000,8192
0,burst_user6,6,WRITE,0x60000660000,8192
0,burst_user6,6,READ,0x60000662000,8192
0,burst_user6,6,READ,0x60000664000,8192
0,burst_user6,6,WRITE,0x60000666000,8192
0,burst_user6,6,READ,0x60000668000,8192
0,burst_user6,6,READ,0x6000066a000,8192
0,burst_user6,6,WRITE,0x6000066c000,8192
0,burst_user6,6,READ,0x6000066e000,8192
0,burst_user6,6,READ,0x60000670000,8192
0,burst_user6,6,WRITE,0x60000672000,8192
0,burst_user6,6,READ,0x60000674000,8192
0,burst_user6,6,READ,0x60000676000,8192
0,burst_user6,6,WRITE,0x60000678000,8192
0,burst_user6,6,READ,0x6000067a000,8192
0,burst_user6,6,READ,0x6000067c000,8192
0,burst_user6,6,WRITE,0x6000067e000,8192
0,burst_user6,6,READ,0x60000680000,8192
0,burst_user6,6,READ,0x60000682000,8192
0,burst_user6,6,WRITE,0x60000684000,8192
0,burst_user6,6,READ,0x60000686000,8192
0,burst_user6,6,READ,0x60000688000,8192
0,burst_user6,6,WRITE,0x6000068a000,8192
0,burst_user6,6,READ,0x6000068c000,8192
0,burst_user6,6,READ,0x6000068e000,8192
0,burst_user6,6,WRITE,0x60000690000,8192
0,burst_user6,6,READ,0x60000692000,8192
0,burst_user6,6,READ,0x60000694000,8192
0,burst_user6,6,WRITE,0x60000696000,8192
0,burst_user6,6,READ,0x60000698000,8192
0,burst_user6,6,READ,0x6000069a000,8192
0,burst_user6,6,WRITE,0x6000069c000,8192
0,burst_user6,6,READ,0x6000069e000,8192
0,burst_user6,6,READ,0x600006a0000,8192
0,burst_user6,6,WRITE,0x600006a2000,8192
0,burst_user6,6,READ,0x600006a4000,8192
0,burst_user6,6,READ,0x600006a6000,8192
0,burst_user6,6,WRITE,0x600006a8000,8192
0,burst_user6,6,READ,0x600006aa000,8192
0,burst_user6,6,READ,0x600006ac000,8192
0,burst_user6,6,WRITE,0x600006ae000,8192
0,burst_user6,6,READ,0x600006b0000,8192
0,burst_user6,6,READ,0x600006b2000,8192
0,burst_user6,6,WRITE,0x600006b4000,8192
0,burst_user6,6,READ,0x600006b6000,8192
0,burst_user6,6,READ,0x600006b8000,8192
0,burst_user6,6,WRITE,0x600006ba000,8192
0,burst_user6,6,READ,0x600006bc000,8192
0,burst_user6,6,READ,0x600006be000,8192
0,burst_user6,6,WRITE,0x600006c0000,8192
0,burst_user6,6,READ,0x600006c2000,8192
0,burst_user6,6,READ,0x600006c4000,8192
0,burst_user6,6,WRITE,0x600006c6000,8192
0,burst_user6,6,READ,0x600006c8000,8192
0,burst_user6,6,READ,0x600006ca000,8192
0,burst_user6,6,WRITE,0x600006cc000,8192
0,burst_user6,6,READ,0x600006ce000,8192
0,burst_user6,6,READ,0x600006d0000,8192
0,burst_user6,6,WRITE,0x600006d2000,8192
0,burst_user6,6,READ,0x600006d4000,8192
0,burst_user6,6,READ,0x600006d6000,8192
0,burst_user6,6,WRITE,0x600006d8000,8192
0,burst_user6,6,READ,0x600006da000,8192
0,burst_user6,6,READ,0x600006dc000,8192
0,burst_user6,6,WRITE,0x600006de000,8192
0,burst_user6,6,READ,0x600006e0000,8192
0,burst_user6,6,READ,0x600006e2000,8192
0,burst_user6,6,WRITE,0x600006e4000,8192
0,burst_user6,6,READ,0x600006e6000,8192
0,burst_user6,6,READ,0x600006e8000,8192
0,burst_user6,6,WRITE,0x600006ea000,8192
0,burst_user6,6,READ,0x600006ec000,8192
0,burst_user6,6,READ,0x600006ee000,8192
0,burst_user6,6,WRITE,0x600006f0000,8192
0,burst_user6,6,READ,0x600006f2000,8192
0,burst_user6,6,READ,0x600006f4000,8192
0,burst_user6,6,WRITE,0x600006f6000,8192
0,burst_user6,6,READ,0x600006f8000,8192
0,burst_user6,6,READ,0x600006fa000,8192
0,burst_user6,6,WRITE,0x600006fc000,8192
0,burst_user6,6,READ,0x600006fe000,8192
0,burst_user6,6,READ,0x60000700000,8192
0,burst_user6,6,WRITE,0x60000702000,8192
0,burst_user6,6,READ,0x60000704000,8192
0,burst_user6,6,READ,0x60000706000,8192
0,burst_user6,6,WRITE,0x60000708000,8192
0,burst_user6,6,READ,0x6000070a000,8192
0,burst_user6,6,READ,0x6000070c000,8192
0,burst_user6,6,WRITE,0x6000070e000,8192
0,burst_user6,6,READ,0x60000710000,8192
0,burst_user6,6,READ,0x60000712000,8192
0,burst_user6,6,WRITE,0x60000714000,8192
0,burst_user6,6,READ,0x60000716000,8192
0,burst_user6,6,READ,0x60000718000,8192
0,burst_user6,6,WRITE,0x6000071a000,8192
0,burst_user6,6,READ,0x6000071c000,8192
0,burst_user6,6,READ,0x6000071e000,8192
0,burst_user6,6,WRITE,0x60000720000,8192
0,burst_user6,6,READ,0x60000722000,8192
0,burst_user6,6,READ,0x60000724000,8192
0,burst_user6,6,WRITE,0x60000726000,8192
0,burst_user6,6,READ,0x60000728000,8192
0,burst_user6,6,READ,0x6000072a000,8192
0,burst_user6,6,WRITE,0x6000072c000,8192
0,burst_user6,6,READ,0x6000072e000,8192
0,burst_user6,6,READ,0x60000730000,8192
0,burst_user6,6,WRITE,0x60000732000,8192
0,burst_user6,6,READ,0x60000734000,8192
0,burst_user6,6,READ,0x60000736000,8192
0,burst_user6,6,WRITE,0x60000738000,8192
0,burst_user6,6,READ,0x6000073a000,8192
0,burst_user6,6,READ,0x6000073c000,8192
0,burst_user6,6,WRITE,0x6000073e000,8192
0,burst_user6,6,READ,0x60000740000,8192
0,burst_user6,6,READ,0x60000742000,8192
0,burst_user6,6,WRITE,0x60000744000,8192
0,burst_user6,6,READ,0x60000746000,8192
0,burst_user6,6,READ,0x60000748000,8192
0,burst_user6,6,WRITE,0x6000074a000,8192
0,burst_user6,6,READ,0x6000074c000,8192
0,burst_user6,6,READ,0x6000074e000,8192
0,burst_user6,6,WRITE,0x60000750000,8192
0,burst_user6,6,READ,0x60000752000,8192
0,burst_user6,6,READ,0x60000754000,8192
0,burst_user6,6,WRITE,0x60000756000,8192
0,burst_user6,6,READ,0x60000758000,8192
0,burst_user6,6,READ,0x6000075a000,8192
0,burst_user6,6,WRITE,0x6000075c000,8192
0,burst_user6,6,READ,0x6000075e000,8192
0,burst_user6,6,READ,0x60000760000,8192
0,burst_user6,6,WRITE,0x60000762000,8192
0,burst_user6,6,READ,0x60000764000,8192
0,burst_user6,6,READ,0x60000766000,8192
0,burst_user6,6,WRITE,0x60000768000,8192
0,burst_user6,6,READ,0x6000076a000,8192
0,burst_user6,6,READ,0x6000076c000,8192
0,burst_user6,6,WRITE,0x6000076e000,8192
0,burst_user6,6,READ,0x60000770000,8192
0,burst_user6,6,READ,0x60000772000,8192
0,burst_user6,6,WRITE,0x60000774000,8192
0,burst_user6,6,READ,0x60000776000,8192
0,burst_user6,6,READ,0x60000778000,8192
0,burst_user6,6,WRITE,0x6000077a000,8192
0,burst_user6,6,READ,0x6000077c000,8192
0,burst_user6,6,READ,0x6000077e000,8192
0,burst_user6,6,WRITE,0x60000780000,8192
0,burst_user6,6,READ,0x60000782000,8192
0,burst_user6,6,READ,0x60000784000,8192
0,burst_user6,6,WRITE,0x60000786000,8192
0,burst_user6,6,READ,0x60000788000,8192
0,burst_user6,6,READ,0x6000078a000,8192
0,burst_user6,6,WRITE,0x6000078c000,8192
0,burst_user6,6,READ,0x6000078e000,8192
0,burst_user6,6,READ,0x60000790000,8192
0,burst_user6,6,WRITE,0x60000792000,8192
0,burst_user6,6,READ,0x60000794000,8192
0,burst_user6,6,READ,0x60000796000,8192
0,burst_user6,6,WRITE,0x60000798000,8192
0,burst_user6,6,READ,0x6000079a000,8192
0,burst_user6,6,READ,0x6000079c000,8192
0,burst_user6,6,WRITE,0x6000079e000,8192
0,burst_user6,6,READ,0x600007a0000,8192
0,burst_user6,6,READ,0x600007a2000,8192
0,burst_user6,6,WRITE,0x600007a4000,8192
0,burst_user6,6,READ,0x600007a6000,8192
0,burst_user6,6,READ,0x600007a8000,8192
0,burst_user6,6,WRITE,0x600007aa000,8192
0,burst_user6,6,READ,0x600007ac000,8192
0,burst_user6,6,READ,0x600007ae000,8192
0,burst_user6,6,WRITE,0x600007b0000,8192
0,burst_user6,6,READ,0x600007b2000,8192
0,burst_user6,6,READ,0x600007b4000,8192
0,burst_user6,6,WRITE,0x600007b6000,8192
0,burst_user6,6,READ,0x600007b8000,8192
0,burst_user6,6,READ,0x600007ba000,8192
0,burst_user6,6,WRITE,0x600007bc000,8192
0,burst_user6,6,READ,0x600007be000,8192
0,burst_user6,6,READ,0x600007c0000,8192
0,burst_user6,6,WRITE,0x600007c2000,8192
0,burst_user6,6,READ,0x600007c4000,8192
0,burst_user6,6,READ,0x600007c6000,8192
0,burst_user6,6,WRITE,0x600007c8000,8192
0,burst_user6,6,READ,0x600007ca000,8192
0,burst_user6,6,READ,0x600007cc000,8192
0,burst_user6,6,WRITE,0x600007ce000,8192
0,burst_user6,6,READ,0x600007d0000,8192
0,burst_user6,6,READ,0x600007d2000,8192
0,burst_user6,6,WRITE,0x600007d4000,8192
0,burst_user6,6,READ,0x600007d6000,8192
0,burst_user6,6,READ,0x600007d8000,8192
0,burst_user6,6,WRITE,0x600007da000,8192
0,burst_user6,6,READ,0x600007dc000,8192
0,burst_user6,6,READ,0x600007de000,8192
0,burst_user6,6,WRITE,0x600007e0000,8192
0,burst_user6,6,READ,0x600007e2000,8192
0,burst_user6,6,READ,0x600007e4000,8192
0,burst_user6,6,WRITE,0x600007e6000,8192
0,burst_user6,6,READ,0x600007e8000,8192
0,burst_user6,6,READ,0x600007ea000,8192
0,burst_user6,6,WRITE,0x600007ec000,8192
0,burst_user6,6,READ,0x600007ee000,8192
0,burst_user6,6,READ,0x600007f0000,8192
0,burst_user6,6,WRITE,0x600007f2000,8192
0,burst_user6,6,READ,0x600007f4000,8192
0,burst_user6,6,READ,0x600007f6000,8192
0,burst_user6,6,WRITE,0x600007f8000,8192
0,burst_user6,6,READ,0x600007fa000,8192
0,burst_user6,6,READ,0x600007fc000,8192
0,burst_user6,6,WRITE,0x600007fe000,8192
0,burst_user6,6,READ,0x60000800000,8192
0,burst_user6,6,READ,0x60000802000,8192
0,burst_user6,6,WRITE,0x60000804000,8192
0,burst_user6,6,READ,0x60000806000,8192
0,burst_user6,6,READ,0x60000808000,8192
0,burst_user6,6,WRITE,0x6000080a000,8192
0,burst_user6,6,READ,0x6000080c000,8192
0,burst_user6,6,READ,0x6000080e000,8192
0,burst_user6,6,WRITE,0x60000810000,8192
0,burst_user6,6,READ,0x60000812000,8192
0,burst_user6,6,READ,0x60000814000,8192
0,burst_user6,6,WRITE,0x60000816000,8192
0,burst_user6,6,READ,0x60000818000,8192
0,burst_user6,6,READ,0x6000081a000,8192
0,burst_user6,6,WRITE,0x6000081c000,8192
0,burst_user6,6,READ,0x6000081e000,8192
0,burst_user6,6,READ,0x60000820000,8192
0,burst_user6,6,WRITE,0x60000822000,8192
0,burst_user6,6,READ,0x60000824000,8192
0,burst_user6,6,READ,0x60000826000,8192
0,burst_user6,6,WRITE,0x60000828000,8192
0,burst_user6,6,READ,0x6000082a000,8192
0,burst_user6,6,READ,0x6000082c000,8192
0,burst_user6,6,WRITE,0x6000082e000,8192
0,burst_user6,6,READ,0x60000830000,8192
0,burst_user6,6,READ,0x60000832000,8192
0,burst_user6,6,WRITE,0x60000834000,8192
0,burst_user6,6,READ,0x60000836000,8192
0,burst_user6,6,READ,0x60000838000,8192
0,burst_user6,6,WRITE,0x6000083a000,8192
0,burst_user6,6,READ,0x6000083c000,8192
0,burst_user6,6,READ,0x6000083e000,8192
0,burst_user6,6,WRITE,0x60000840000,8192
0,burst_user6,6,READ,0x60000842000,8192
0,burst_user6,6,READ,0x60000844000,8192
0,burst_user6,6,WRITE,0x60000846000,8192
0,burst_user6,6,READ,0x60000848000,8192
0,burst_user6,6,READ,0x6000084a000,8192
0,burst_user6,6,WRITE,0x6000084c000,8192
0,burst_user6,6,READ,0x6000084e000,8192
0,burst_user6,6,READ,0x60000850000,8192
0,burst_user6,6,WRITE,0x60000852000,8192
0,burst_user6,6,READ,0x60000854000,8192
0,burst_user6,6,READ,0x60000856000,8192
0,burst_user6,6,WRITE,0x60000858000,8192
0,burst_user6,6,READ,0x6000085a000,8192
0,burst_user6,6,READ,0x6000085c000,8192
0,burst_user6,6,WRITE,0x6000085e000,8192
0,burst_user6,6,READ,0x60000860000,8192
0,burst_user6,6,READ,0x60000862000,8192
0,burst_user6,6,WRITE,0x60000864000,8192
0,burst_user6,6,READ,0x60000866000,8192
0,burst_user6,6,READ,0x60000868000,8192
0,burst_user6,6,WRITE,0x6000086a000,8192
0,burst_user6,6,READ,0x6000086c000,8192
0,burst_user6,6,READ,0x6000086e000,8192
0,burst_user6,6,WRITE,0x60000870000,8192
0,burst_user6,6,READ,0x60000872000,8192
0,burst_user6,6,READ,0x60000874000,8192
0,burst_user6,6,WRITE,0x60000876000,8192
0,burst_user6,6,READ,0x60000878000,8192
0,burst_user6,6,READ,0x6000087a000,8192
0,burst_user6,6,WRITE,0x6000087c000,8192
0,burst_user6,6,READ,0x6000087e000,8192
0,burst_user6,6,READ,0x60000880000,8192
0,burst_user6,6,WRITE,0x60000882000,8192
0,burst_user6,6,READ,0x60000884000,8192
0,burst_user6,6,READ,0x60000886000,8192
0,burst_user6,6,WRITE,0x60000888000,8192
0,burst_user6,6,READ,0x6000088a000,8192
0,burst_user6,6,READ,0x6000088c000,8192
0,burst_user6,6,WRITE,0x6000088e000,8192
0,burst_user6,6,READ,0x60000890000,8192
0,burst_user6,6,READ,0x60000892000,8192
0,burst_user6,6,WRITE,0x60000894000,8192
0,burst_user6,6,READ,0x60000896000,8192
0,burst_user6,6,READ,0x60000898000,8192
0,burst_user6,6,WRITE,0x6000089a000,8192
0,burst_user6,6,READ,0x6000089c000,8192
0,burst_user6,6,READ,0x6000089e000,8192
0,burst_user6,6,WRITE,0x600008a0000,8192
0,burst_user6,6,READ,0x600008a2000,8192
0,burst_user6,6,READ,0x600008a4000,8192
0,burst_user6,6,WRITE,0x600008a6000,8192
0,burst_user6,6,READ,0x600008a8000,8192
0,burst_user6,6,READ,0x600008aa000,8192
0,burst_user6,6,WRITE,0x600008ac000,8192
0,burst_user6,6,READ,0x600008ae000,8192
0,burst_user6,6,READ,0x600008b0000,8192
0,burst_user6,6,WRITE,0x600008b2000,8192
0,burst_user6,6,READ,0x600008b4000,8192
0,burst_user6,6,READ,0x600008b6000,8192
0,burst_user6,6,WRITE,0x600008b8000,8192
0,burst_user6,6,READ,0x600008ba000,8192
0,burst_user6,6,READ,0x600008bc000,8192
0,burst_user6,6,WRITE,0x600008be000,8192
0,burst_user6,6,READ,0x600008c0000,8192
0,burst_user6,6,READ,0x600008c2000,8192
0,burst_user6,6,WRITE,0x600008c4000,8192
0,burst_user6,6,READ,0x600008c6000,8192
0,burst_user6,6,READ,0x600008c8000,8192
0,burst_user6,6,WRITE,0x600008ca000,8192
0,burst_user6,6,READ,0x600008cc000,8192
0,burst_user6,6,READ,0x600008ce000,8192
0,burst_user6,6,WRITE,0x600008d0000,8192
0,burst_user6,6,READ,0x600008d2000,8192
0,burst_user6,6,READ,0x600008d4000,8192
0,burst_user6,6,WRITE,0x600008d6000,8192
0,burst_user6,6,READ,0x600008d8000,8192
0,burst_user6,6,READ,0x600008da000,8192
0,burst_user6,6,WRITE,0x600008dc000,8192
0,burst_user6,6,READ,0x600008de000,8192
0,burst_user6,6,READ,0x600008e0000,8192
0,burst_user6,6,WRITE,0x600008e2000,8192
0,burst_user6,6,READ,0x600008e4000,8192
0,burst_user6,6,READ,0x600008e6000,8192
0,burst_user6,6,WRITE,0x600008e8000,8192
0,burst_user6,6,READ,0x600008ea000,8192
0,burst_user6,6,READ,0x600008ec000,8192
0,burst_user6,6,WRITE,0x600008ee000,8192
0,burst_user6,6,READ,0x600008f0000,8192
0,burst_user6,6,READ,0x600008f2000,8192
0,burst_user6,6,WRITE,0x600008f4000,8192
0,burst_user6,6,READ,0x600008f6000,8192
0,burst_user6,6,READ,0x600008f8000,8192
0,burst_user6,6,WRITE,0x600008fa000,8192
0,burst_user6,6,READ,0x600008fc000,8192
0,burst_user6,6,READ,0x600008fe000,8192
0,burst_user6,6,WRITE,0x60000900000,8192
0,burst_user6,6,READ,0x60000902000,8192
0,burst_user6,6,READ,0x60000904000,8192
0,burst_user6,6,WRITE,0x60000906000,8192
0,burst_user6,6,READ,0x60000908000,8192
0,burst_user6,6,READ,0x6000090a000,8192
0,burst_user6,6,WRITE,0x6000090c000,8192
0,burst_user6,6,READ,0x6000090e000,8192
0,burst_user6,6,READ,0x60000910000,8192
0,burst_user6,6,WRITE,0x60000912000,8192
0,burst_user6,6,READ,0x60000914000,8192
0,burst_user6,6,READ,0x60000916000,8192
0,burst_user6,6,WRITE,0x60000918000,8192
0,burst_user6,6,READ,0x6000091a000,8192
0,burst_user6,6,READ,0x6000091c000,8192
0,burst_user6,6,WRITE,0x6000091e000,8192
0,burst_user6,6,READ,0x60000920000,8192
0,burst_user6,6,READ,0x60000922000,8192
0,burst_user6,6,WRITE,0x60000924000,8192
0,burst_user6,6,READ,0x60000926000,8192
0,burst_user6,6,READ,0x60000928000,8192
0,burst_user6,6,WRITE,0x6000092a000,8192
0,burst_user6,6,READ,0x6000092c000,8192
0,burst_user6,6,READ,0x6000092e000,8192
0,burst_user6,6,WRITE,0x60000930000,8192
0,burst_user6,6,READ,0x60000932000,8192
0,burst_user6,6,READ,0x60000934000,8192
0,burst_user6,6,WRITE,0x60000936000,8192
0,burst_user6,6,READ,0x60000938000,8192
0,burst_user6,6,READ,0x6000093a000,8192
0,burst_user6,6,WRITE,0x6000093c000,8192
0,burst_user6,6,READ,0x6000093e000,8192
0,burst_user6,6,READ,0x60000940000,8192
0,burst_user6,6,WRITE,0x60000942000,8192
0,burst_user6,6,READ,0x60000944000,8192
0,burst_user6,6,READ,0x60000946000,8192
0,burst_user6,6,WRITE,0x60000948000,8192
0,burst_user6,6,READ,0x6000094a000,8192
0,burst_user6,6,READ,0x6000094c000,8192
0,burst_user6,6,WRITE,0x6000094e000,8192
0,burst_user6,6,READ,0x60000950000,8192
0,burst_user6,6,READ,0x60000952000,8192
0,burst_user6,6,WRITE,0x60000954000,8192
0,burst_user6,6,READ,0x60000956000,8192
0,burst_user6,6,READ,0x60000958000,8192
0,burst_user6,6,WRITE,0x6000095a000,8192
0,burst_user6,6,READ,0x6000095c000,8192
0,burst_user6,6,READ,0x6000095e000,8192
0,burst_user6,6,WRITE,0x60000960000,8192
0,burst_user6,6,READ,0x60000962000,8192
0,burst_user6,6,READ,0x60000964000,8192
0,burst_user6,6,WRITE,0x60000966000,8192
0,burst_user6,6,READ,0x60000968000,8192
0,burst_user6,6,READ,0x6000096a000,8192
0,burst_user6,6,WRITE,0x6000096c000,8192
0,burst_user6,6,READ,0x6000096e000,8192
0,burst_user6,6,READ,0x60000970000,8192
0,burst_user6,6,WRITE,0x60000972000,8192
0,burst_user6,6,READ,0x60000974000,8192
0,burst_user6,6,READ,0x60000976000,8192
0,burst_user6,6,WRITE,0x60000978000,8192
0,burst_user6,6,READ,0x6000097a000,8192
0,burst_user6,6,READ,0x6000097c000,8192
0,burst_user6,6,WRITE,0x6000097e000,8192
0,burst_user6,6,READ,0x60000980000,8192
0,burst_user6,6,READ,0x60000982000,8192
0,burst_user6,6,WRITE,0x60000984000,8192
0,burst_user6,6,READ,0x60000986000,8192
0,burst_user6,6,READ,0x60000988000,8192
0,burst_user6,6,WRITE,0x6000098a000,8192
0,burst_user6,6,READ,0x6000098c000,8192
0,burst_user6,6,READ,0x6000098e000,8192
0,burst_user6,6,WRITE,0x60000990000,8192
0,burst_user6,6,READ,0x60000992000,8192
0,burst_user6,6,READ,0x60000994000,8192
0,burst_user6,6,WRITE,0x60000996000,8192
0,burst_user6,6,READ,0x60000998000,8192
0,burst_user6,6,READ,0x6000099a000,8192
0,burst_user6,6,WRITE,0x6000099c000,8192
0,burst_user6,6,READ,0x6000099e000,8192
0,burst_user6,6,READ,0x600009a0000,8192
0,burst_user6,6,WRITE,0x600009a2000,8192
0,burst_user6,6,READ,0x600009a4000,8192
0,burst_user6,6,READ,0x600009a6000,8192
0,burst_user6,6,WRITE,0x600009a8000,8192
0,burst_user6,6,READ,0x600009aa000,8192
0,burst_user6,6,READ,0x600009ac000,8192
0,burst_user6,6,WRITE,0x600009ae000,8192
0,burst_user6,6,READ,0x600009b0000,8192
0,burst_user6,6,READ,0x600009b2000,8192
0,burst_user6,6,WRITE,0x600009b4000,8192
0,burst_user6,6,READ,0x600009b6000,8192
0,burst_user6,6,READ,0x600009b8000,8192
0,burst_user6,6,WRITE,0x600009ba000,8192
0,burst_user6,6,READ,0x600009bc000,8192
0,burst_user6,6,READ,0x600009be000,8192
0,burst_user6,6,WRITE,0x600009c0000,8192
0,burst_user6,6,READ,0x600009c2000,8192
0,burst_user6,6,READ,0x600009c4000,8192
0,burst_user6,6,WRITE,0x600009c6000,8192
0,burst_user6,6,READ,0x600009c8000,8192
0,burst_user6,6,READ,0x600009ca000,8192
0,burst_user6,6,WRITE,0x600009cc000,8192
0,burst_user6,6,READ,0x600009ce000,8192
0,burst_user6,6,READ,0x600009d0000,8192
0,burst_user6,6,WRITE,0x600009d2000,8192
0,burst_user6,6,READ,0x600009d4000,8192
0,burst_user6,6,READ,0x600009d6000,8192
0,burst_user6,6,WRITE,0x600009d8000,8192
0,burst_user6,6,READ,0x600009da000,8192
0,burst_user6,6,READ,0x600009dc000,8192
0,burst_user6,6,WRITE,0x600009de000,8192
0,burst_user6,6,READ,0x600009e0000,8192
0,burst_user6,6,READ,0x600009e2000,8192
0,burst_user6,6,WRITE,0x600009e4000,8192
0,burst_user6,6,READ,0x600009e6000,8192
0,burst_user6,6,READ,0x600009e8000,8192
0,burst_user6,6,WRITE,0x600009ea000,8192
0,burst_user6,6,READ,0x600009ec000,8192
0,burst_user6,6,READ,0x600009ee000,8192
0,burst_user6,6,WRITE,0x600009f0000,8192
0,burst_user6,6,READ,0x600009f2000,8192
0,burst_user6,6,READ,0x600009f4000,8192
0,burst_user6,6,WRITE,0x600009f6000,8192
0,burst_user6,6,READ,0x600009f8000,8192
0,burst_user6,6,READ,0x600009fa000,8192
0,burst_user6,6,WRITE,0x600009fc000,8192
0,burst_user6,6,READ,0x600009fe000,8192
0,burst_user6,6,READ,0x60000a00000,8192
0,burst_user6,6,WRITE,0x60000a02000,8192
0,burst_user6,6,READ,0x60000a04000,8192
0,burst_user6,6,READ,0x60000a06000,8192
0,burst_user6,6,WRITE,0x60000a08000,8192
0,burst_user6,6,READ,0x60000a0a000,8192
0,burst_user6,6,READ,0x60000a0c000,8192
0,burst_user6,6,WRITE,0x60000a0e000,8192
0,burst_user6,6,READ,0x60000a10000,8192
0,burst_user6,6,READ,0x60000a12000,8192
0,burst_user6,6,WRITE,0x60000a14000,8192
0,burst_user6,6,READ,0x60000a16000,8192
0,burst_user6,6,READ,0x60000a18000,8192
0,burst_user6,6,WRITE,0x60000a1a000,8192
0,burst_user6,6,READ,0x60000a1c000,8192
0,burst_user6,6,READ,0x60000a1e000,8192
0,burst_user6,6,WRITE,0x60000a20000,8192
0,burst_user6,6,READ,0x60000a22000,8192
0,burst_user6,6,READ,0x60000a24000,8192
0,burst_user6,6,WRITE,0x60000a26000,8192
0,burst_user6,6,READ,0x60000a28000,8192
0,burst_user6,6,READ,0x60000a2a000,8192
0,burst_user6,6,WRITE,0x60000a2c000,8192
0,burst_user6,6,READ,0x60000a2e000,8192
0,burst_user6,6,READ,0x60000a30000,8192
0,burst_user6,6,WRITE,0x60000a32000,8192
0,burst_user6,6,READ,0x60000a34000,8192
0,burst_user6,6,READ,0x60000a36000,8192
0,burst_user6,6,WRITE,0x60000a38000,8192
0,burst_user6,6,READ,0x60000a3a000,8192
0,burst_user6,6,READ,0x60000a3c000,8192
0,burst_user6,6,WRITE,0x60000a3e000,8192
0,burst_user6,6,READ,0x60000a40000,8192
0,burst_user6,6,READ,0x60000a42000,8192
0,burst_user6,6,WRITE,0x60000a44000,8192
0,burst_user6,6,READ,0x60000a46000,8192
0,burst_user6,6,READ,0x60000a48000,8192
0,burst_user6,6,WRITE,0x60000a4a000,8192
0,burst_user6,6,READ,0x60000a4c000,8192
0,burst_user6,6,READ,0x60000a4e000,8192
0,burst_user6,6,WRITE,0x60000a50000,8192
0,burst_user6,6,READ,0x60000a52000,8192
0,burst_user6,6,READ,0x60000a54000,8192
0,burst_user6,6,WRITE,0x60000a56000,8192
0,burst_user6,6,READ,0x60000a58000,8192
0,burst_user6,6,READ,0x60000a5a000,8192
0,burst_user6,6,WRITE,0x60000a5c000,8192
0,burst_user6,6,READ,0x60000a5e000,8192
0,burst_user6,6,READ,0x60000a60000,8192
0,burst_user6,6,WRITE,0x60000a62000,8192
0,burst_user6,6,READ,0x60000a64000,8192
0,burst_user6,6,READ,0x60000a66000,8192
0,burst_user6,6,WRITE,0x60000a68000,8192
0,burst_user6,6,READ,0x60000a6a000,8192
0,burst_user6,6,READ,0x60000a6c000,8192
0,burst_user6,6,WRITE,0x60000a6e000,8192
0,burst_user6,6,READ,0x60000a70000,8192
0,burst_user6,6,READ,0x60000a72000,8192
0,burst_user6,6,WRITE,0x60000a74000,8192
0,burst_user6,6,READ,0x60000a76000,8192
0,burst_user6,6,READ,0x60000a78000,8192
0,burst_user6,6,WRITE,0x60000a7a000,8192
0,burst_user6,6,READ,0x60000a7c000,8192
0,burst_user6,6,READ,0x60000a7e000,8192
0,burst_user6,6,WRITE,0x60000a80000,8192
0,burst_user6,6,READ,0x60000a82000,8192
0,burst_user6,6,READ,0x60000a84000,8192
0,burst_user6,6,WRITE,0x60000a86000,8192
0,burst_user6,6,READ,0x60000a88000,8192
0,burst_user6,6,READ,0x60000a8a000,8192
0,burst_user6,6,WRITE,0x60000a8c000,8192
0,burst_user6,6,READ,0x60000a8e000,8192
0,burst_user6,6,READ,0x60000a90000,8192
0,burst_user6,6,WRITE,0x60000a92000,8192
0,burst_user6,6,READ,0x60000a94000,8192
0,burst_user6,6,READ,0x60000a96000,8192
0,burst_user6,6,WRITE,0x60000a98000,8192
0,burst_user6,6,READ,0x60000a9a000,8192
0,burst_user6,6,READ,0x60000a9c000,8192
0,burst_user6,6,WRITE,0x60000a9e000,8192
0,burst_user6,6,READ,0x60000aa0000,8192
0,burst_user6,6,READ,0x60000aa2000,8192
0,burst_user6,6,WRITE,0x60000aa4000,8192
0,burst_user6,6,READ,0x60000aa6000,8192
0,burst_user6,6,READ,0x60000aa8000,8192
0,burst_user6,6,WRITE,0x60000aaa000,8192
0,burst_user6,6,READ,0x60000aac000,8192
0,burst_user6,6,READ,0x60000aae000,8192
0,burst_user6,6,WRITE,0x60000ab0000,8192
0,burst_user6,6,READ,0x60000ab2000,8192
0,burst_user6,6,READ,0x60000ab4000,8192
0,burst_user6,6,WRITE,0x60000ab6000,8192
0,burst_user6,6,READ,0x60000ab8000,8192
0,burst_user6,6,READ,0x60000aba000,8192
0,burst_user6,6,WRITE,0x60000abc000,8192
0,burst_user6,6,READ,0x60000abe000,8192
0,burst_user6,6,READ,0x60000ac0000,8192
0,burst_user6,6,WRITE,0x60000ac2000,8192
0,burst_user6,6,READ,0x60000ac4000,8192
0,burst_user6,6,READ,0x60000ac6000,8192
0,burst_user6,6,WRITE,0x60000ac8000,8192
0,burst_user6,6,READ,0x60000aca000,8192
0,burst_user6,6,READ,0x60000acc000,8192
0,burst_user6,6,WRITE,0x60000ace000,8192
0,burst_user6,6,READ,0x60000ad0000,8192
0,burst_user6,6,READ,0x60000ad2000,8192
0,burst_user6,6,WRITE,0x60000ad4000,8192
0,burst_user6,6,READ,0x60000ad6000,8192
0,burst_user6,6,READ,0x60000ad8000,8192
0,burst_user6,6,WRITE,0x60000ada000,8192
0,burst_user6,6,READ,0x60000adc000,8192
0,burst_user6,6,READ,0x60000ade000,8192
0,burst_user6,6,WRITE,0x60000ae0000,8192
0,burst_user6,6,READ,0x60000ae2000,8192
0,burst_user6,6,READ,0x60000ae4000,8192
0,burst_user6,6,WRITE,0x60000ae6000,8192
0,burst_user6,6,READ,0x60000ae8000,8192
0,burst_user6,6,READ,0x60000aea000,8192
0,burst_user6,6,WRITE,0x60000aec000,8192
0,burst_user6,6,READ,0x60000aee000,8192
0,burst_user6,6,READ,0x60000af0000,8192
0,burst_user6,6,WRITE,0x60000af2000,8192
0,burst_user6,6,READ,0x60000af4000,8192
0,burst_user6,6,READ,0x60000af6000,8192
0,burst_user6,6,WRITE,0x60000af8000,8192
0,burst_user6,6,READ,0x60000afa000,8192
0,burst_user6,6,READ,0x60000afc000,8192
0,burst_user6,6,WRITE,0x60000afe000,8192
0,burst_user6,6,READ,0x60000b00000,8192
0,burst_user6,6,READ,0x60000b02000,8192
0,burst_user6,6,WRITE,0x60000b04000,8192
0,burst_user6,6,READ,0x60000b06000,8192
0,burst_user6,6,READ,0x60000b08000,8192
0,burst_user6,6,WRITE,0x60000b0a000,8192
0,burst_user6,6,READ,0x60000b0c000,8192
0,burst_user6,6,READ,0x60000b0e000,8192
0,burst_user6,6,WRITE,0x60000b10000,8192
0,burst_user6,6,READ,0x60000b12000,8192
0,burst_user6,6,READ,0x60000b14000,8192
0,burst_user6,6,WRITE,0x60000b16000,8192
0,burst_user6,6,READ,0x60000b18000,8192
0,burst_user6,6,READ,0x60000b1a000,8192
0,burst_user6,6,WRITE,0x60000b1c000,8192
0,burst_user6,6,READ,0x60000b1e000,8192
0,burst_user6,6,READ,0x60000b20000,8192
0,burst_user6,6,WRITE,0x60000b22000,8192
0,burst_user6,6,READ,0x60000b24000,8192
0,burst_user6,6,READ,0x60000b26000,8192
0,burst_user6,6,WRITE,0x60000b28000,8192
0,burst_user6,6,READ,0x60000b2a000,8192
0,burst_user6,6,READ,0x60000b2c000,8192
0,burst_user6,6,WRITE,0x60000b2e000,8192
0,burst_user6,6,READ,0x60000b30000,8192
0,burst_user6,6,READ,0x60000b32000,8192
0,burst_user6,6,WRITE,0x60000b34000,8192
0,burst_user6,6,READ,0x60000b36000,8192
0,burst_user6,6,READ,0x60000b38000,8192
0,burst_user6,6,WRITE,0x60000b3a000,8192
0,burst_user6,6,READ,0x60000b3c000,8192
0,burst_user6,6,READ,0x60000b3e000,8192
0,burst_user6,6,WRITE,0x60000b40000,8192
0,burst_user6,6,READ,0x60000b42000,8192
0,burst_user6,6,READ,0x60000b44000,8192
0,burst_user6,6,WRITE,0x60000b46000,8192
0,burst_user6,6,READ,0x60000b48000,8192
0,burst_user6,6,READ,0x60000b4a000,8192
0,burst_user6,6,WRITE,0x60000b4c000,8192
0,burst_user6,6,READ,0x60000b4e000,8192
0,burst_user6,6,READ,0x60000b50000,8192
0,burst_user6,6,WRITE,0x60000b52000,8192
0,burst_user6,6,READ,0x60000b54000,8192
0,burst_user6,6,READ,0x60000b56000,8192
0,burst_user6,6,WRITE,0x60000b58000,8192
0,burst_user6,6,READ,0x60000b5a000,8192
0,burst_user6,6,READ,0x60000b5c000,8192
0,burst_user6,6,WRITE,0x60000b5e000,8192
0,burst_user6,6,READ,0x60000b60000,8192
0,burst_user6,6,READ,0x60000b62000,8192
0,burst_user6,6,WRITE,0x60000b64000,8192
0,burst_user6,6,READ,0x60000b66000,8192
0,burst_user6,6,READ,0x60000b68000,8192
0,burst_user6,6,WRITE,0x60000b6a000,8192
0,burst_user6,6,READ,0x60000b6c000,8192
0,burst_user6,6,READ,0x60000b6e000,8192
0,burst_user6,6,WRITE,0x60000b70000,8192
0,burst_user6,6,READ,0x60000b72000,8192
0,burst_user6,6,READ,0x60000b74000,8192
0,burst_user6,6,WRITE,0x60000b76000,8192
0,burst_user6,6,READ,0x60000b78000,8192
0,burst_user6,6,READ,0x60000b7a000,8192
0,burst_user6,6,WRITE,0x60000b7c000,8192
0,burst_user6,6,READ,0x60000b7e000,8192
0,burst_user6,6,READ,0x60000b80000,8192
0,burst_user6,6,WRITE,0x60000b82000,8192
0,burst_user6,6,READ,0x60000b84000,8192
0,burst_user6,6,READ,0x60000b86000,8192
0,burst_user6,6,WRITE,0x60000b88000,8192
0,burst_user6,6,READ,0x60000b8a000,8192
0,burst_user6,6,READ,0x60000b8c000,8192
0,burst_user6,6,WRITE,0x60000b8e000,8192
0,burst_user6,6,READ,0x60000b90000,8192
0,burst_user6,6,READ,0x60000b92000,8192
0,burst_user6,6,WRITE,0x60000b94000,8192
0,burst_user6,6,READ,0x60000b96000,8192
0,burst_user6,6,READ,0x60000b98000,8192
0,burst_user6,6,WRITE,0x60000b9a000,8192
0,burst_user6,6,READ,0x60000b9c000,8192
0,burst_user6,6,READ,0x60000b9e000,8192
0,burst_user6,6,WRITE,0x60000ba0000,8192
0,burst_user6,6,READ,0x60000ba2000,8192
0,burst_user6,6,READ,0x60000ba4000,8192
0,burst_user6,6,WRITE,0x60000ba6000,8192
0,burst_user6,6,READ,0x60000ba8000,8192
0,burst_user6,6,READ,0x60000baa000,8192
0,burst_user6,6,WRITE,0x60000bac000,8192
0,burst_user6,6,READ,0x60000bae000,8192
0,burst_user6,6,READ,0x60000bb0000,8192
0,burst_user6,6,WRITE,0x60000bb2000,8192
0,burst_user6,6,READ,0x60000bb4000,8192
0,burst_user6,6,READ,0x60000bb6000,8192
0,burst_user6,6,WRITE,0x60000bb8000,8192
0,burst_user6,6,READ,0x60000bba000,8192
0,burst_user6,6,READ,0x60000bbc000,8192
0,burst_user6,6,WRITE,0x60000bbe000,8192
0,burst_user6,6,READ,0x60000bc0000,8192
0,burst_user6,6,READ,0x60000bc2000,8192
0,burst_user6,6,WRITE,0x60000bc4000,8192
0,burst_user6,6,READ,0x60000bc6000,8192
0,burst_user6,6,READ,0x60000bc8000,8192
0,burst_user6,6,WRITE,0x60000bca000,8192
0,burst_user6,6,READ,0x60000bcc000,8192
0,burst_user6,6,READ,0x60000bce000,8192
0,burst_user6,6,WRITE,0x60000bd0000,8192
0,burst_user6,6,READ,0x60000bd2000,8192
0,burst_user6,6,READ,0x60000bd4000,8192
0,burst_user6,6,WRITE,0x60000bd6000,8192
0,burst_user6,6,READ,0x60000bd8000,8192
0,burst_user6,6,READ,0x60000bda000,8192
0,burst_user6,6,WRITE,0x60000bdc000,8192
0,burst_user6,6,READ,0x60000bde000,8192
0,burst_user6,6,READ,0x60000be0000,8192
0,burst_user6,6,WRITE,0x60000be2000,8192
0,burst_user6,6,READ,0x60000be4000,8192
0,burst_user6,6,READ,0x60000be6000,8192
0,burst_user6,6,WRITE,0x60000be8000,8192
0,burst_user6,6,READ,0x60000bea000,8192
0,burst_user6,6,READ,0x60000bec000,8192
0,burst_user6,6,WRITE,0x60000bee000,8192
0,burst_user6,6,READ,0x60000bf0000,8192
0,burst_user6,6,READ,0x60000bf2000,8192
0,burst_user6,6,WRITE,0x60000bf4000,8192
0,burst_user6,6,READ,0x60000bf6000,8192
0,burst_user6,6,READ,0x60000bf8000,8192
0,burst_user6,6,WRITE,0x60000bfa000,8192
0,burst_user6,6,READ,0x60000bfc000,8192
0,burst_user6,6,READ,0x60000bfe000,8192
0,burst_user6,6,WRITE,0x60000c00000,8192
0,burst_user6,6,READ,0x60000c02000,8192
0,burst_user6,6,READ,0x60000c04000,8192
0,burst_user6,6,WRITE,0x60000c06000,8192
0,burst_user6,6,READ,0x60000c08000,8192
0,burst_user6,6,READ,0x60000c0a000,8192
0,burst_user6,6,WRITE,0x60000c0c000,8192
0,burst_user6,6,READ,0x60000c0e000,8192
0,burst_user6,6,READ,0x60000c10000,8192
0,burst_user6,6,WRITE,0x60000c12000,8192
0,burst_user6,6,READ,0x60000c14000,8192
0,burst_user6,6,READ,0x60000c16000,8192
0,burst_user6,6,WRITE,0x60000c18000,8192
0,burst_user6,6,READ,0x60000c1a000,8192
0,burst_user6,6,READ,0x60000c1c000,8192
0,burst_user6,6,WRITE,0x60000c1e000,8192
0,burst_user6,6,READ,0x60000c20000,8192
0,burst_user6,6,READ,0x60000c22000,8192
0,burst_user6,6,WRITE,0x60000c24000,8192
0,burst_user6,6,READ,0x60000c26000,8192
0,burst_user6,6,READ,0x60000c28000,8192
0,burst_user6,6,WRITE,0x60000c2a000,8192
0,burst_user6,6,READ,0x60000c2c000,8192
0,burst_user6,6,READ,0x60000c2e000,8192
0,burst_user6,6,WRITE,0x60000c30000,8192
0,burst_user6,6,READ,0x60000c32000,8192
0,burst_user6,6,READ,0x60000c34000,8192
0,burst_user6,6,WRITE,0x60000c36000,8192
0,burst_user6,6,READ,0x60000c38000,8192
0,burst_user6,6,READ,0x60000c3a000,8192
0,burst_user6,6,WRITE,0x60000c3c000,8192
0,burst_user6,6,READ,0x60000c3e000,8192
0,burst_user6,6,READ,0x60000c40000,8192
0,burst_user6,6,WRITE,0x60000c42000,8192
0,burst_user6,6,READ,0x60000c44000,8192
0,burst_user6,6,READ,0x60000c46000,8192
0,burst_user6,6,WRITE,0x60000c48000,8192
0,burst_user6,6,READ,0x60000c4a000,8192
0,burst_user6,6,READ,0x60000c4c000,8192
0,burst_user6,6,WRITE,0x60000c4e000,8192
0,burst_user6,6,READ,0x60000c50000,8192
0,burst_user6,6,READ,0x60000c52000,8192
0,burst_user6,6,WRITE,0x60000c54000,8192
0,burst_user6,6,READ,0x60000c56000,8192
0,burst_user6,6,READ,0x60000c58000,8192
0,burst_user6,6,WRITE,0x60000c5a000,8192
0,burst_user6,6,READ,0x60000c5c000,8192
0,burst_user6,6,READ,0x60000c5e000,8192
0,burst_user6,6,WRITE,0x60000c60000,8192
0,burst_user6,6,READ,0x60000c62000,8192
0,burst_user6,6,READ,0x60000c64000,8192
0,burst_user6,6,WRITE,0x60000c66000,8192
0,burst_user6,6,READ,0x60000c68000,8192
0,burst_user6,6,READ,0x60000c6a000,8192
0,burst_user6,6,WRITE,0x60000c6c000,8192
0,burst_user6,6,READ,0x60000c6e000,8192
0,burst_user6,6,READ,0x60000c70000,8192
0,burst_user6,6,WRITE,0x60000c72000,8192
0,burst_user6,6,READ,0x60000c74000,8192
0,burst_user6,6,READ,0x60000c76000,8192
0,burst_user6,6,WRITE,0x60000c78000,8192
0,burst_user6,6,READ,0x60000c7a000,8192
0,burst_user6,6,READ,0x60000c7c000,8192
0,burst_user6,6,WRITE,0x60000c7e000,8192
0,burst_user6,6,READ,0x60000c80000,8192
0,burst_user6,6,READ,0x60000c82000,8192
0,burst_user6,6,WRITE,0x60000c84000,8192
0,burst_user6,6,READ,0x60000c86000,8192
0,burst_user6,6,READ,0x60000c88000,8192
0,burst_user6,6,WRITE,0x60000c8a000,8192
0,burst_user6,6,READ,0x60000c8c000,8192
0,burst_user6,6,READ,0x60000c8e000,8192
0,burst_user6,6,WRITE,0x60000c90000,8192
0,burst_user6,6,READ,0x60000c92000,8192
0,burst_user6,6,READ,0x60000c94000,8192
0,burst_user6,6,WRITE,0x60000c96000,8192
0,burst_user6,6,READ,0x60000c98000,8192
0,burst_user6,6,READ,0x60000c9a000,8192
0,burst_user6,6,WRITE,0x60000c9c000,8192
0,burst_user6,6,READ,0x60000c9e000,8192
0,burst_user6,6,READ,0x60000ca0000,8192
0,burst_user6,6,WRITE,0x60000ca2000,8192
0,burst_user6,6,READ,0x60000ca4000,8192
0,burst_user6,6,READ,0x60000ca6000,8192
0,burst_user6,6,WRITE,0x60000ca8000,8192
0,burst_user6,6,READ,0x60000caa000,8192
0,burst_user6,6,READ,0x60000cac000,8192
0,burst_user6,6,WRITE,0x60000cae000,8192
0,burst_user6,6,READ,0x60000cb0000,8192
0,burst_user6,6,READ,0x60000cb2000,8192
0,burst_user6,6,WRITE,0x60000cb4000,8192
0,burst_user6,6,READ,0x60000cb6000,8192
0,burst_user6,6,READ,0x60000cb8000,8192
0,burst_user6,6,WRITE,0x60000cba000,8192
0,burst_user6,6,READ,0x60000cbc000,8192
0,burst_user6,6,READ,0x60000cbe000,8192
0,burst_user6,6,WRITE,0x60000cc0000,8192
0,burst_user6,6,READ,0x60000cc2000,8192
0,burst_user6,6,READ,0x60000cc4000,8192
0,burst_user6,6,WRITE,0x60000cc6000,8192
0,burst_user6,6,READ,0x60000cc8000,8192
0,burst_user6,6,READ,0x60000cca000,8192
0,burst_user6,6,WRITE,0x60000ccc000,8192
0,burst_user6,6,READ,0x60000cce000,8192
0,burst_user6,6,READ,0x60000cd0000,8192
0,burst_user6,6,WRITE,0x60000cd2000,8192
0,burst_user6,6,READ,0x60000cd4000,8192
0,burst_user6,6,READ,0x60000cd6000,8192
0,burst_user6,6,WRITE,0x60000cd8000,8192
0,burst_user6,6,READ,0x60000cda000,8192
0,burst_user6,6,READ,0x60000cdc000,8192
0,burst_user6,6,WRITE,0x60000cde000,8192
0,burst_user6,6,READ,0x60000ce0000,8192
0,burst_user6,6,READ,0x60000ce2000,8192
0,burst_user6,6,WRITE,0x60000ce4000,8192
0,burst_user6,6,READ,0x60000ce6000,8192
0,burst_user6,6,READ,0x60000ce8000,8192
0,burst_user6,6,WRITE,0x60000cea000,8192
0,burst_user6,6,READ,0x60000cec000,8192
0,burst_user6,6,READ,0x60000cee000,8192
0,burst_user6,6,WRITE,0x60000cf0000,8192
0,burst_user6,6,READ,0x60000cf2000,8192
0,burst_user6,6,READ,0x60000cf4000,8192
0,burst_user6,6,WRITE,0x60000cf6000,8192
0,burst_user6,6,READ,0x60000cf8000,8192
0,burst_user6,6,READ,0x60000cfa000,8192
0,burst_user6,6,WRITE,0x60000cfc000,8192
0,burst_user6,6,READ,0x60000cfe000,8192
0,burst_user6,6,READ,0x60000d00000,8192
0,burst_user6,6,WRITE,0x60000d02000,8192
0,burst_user6,6,READ,0x60000d04000,8192
0,burst_user6,6,READ,0x60000d06000,8192
0,burst_user6,6,WRITE,0x60000d08000,8192
0,burst_user6,6,READ,0x60000d0a000,8192
0,burst_user6,6,READ,0x60000d0c000,8192
0,burst_user6,6,WRITE,0x60000d0e000,8192
0,burst_user6,6,READ,0x60000d10000,8192
0,burst_user6,6,READ,0x60000d12000,8192
0,burst_user6,6,WRITE,0x60000d14000,8192
0,burst_user6,6,READ,0x60000d16000,8192
0,burst_user6,6,READ,0x60000d18000,8192
0,burst_user6,6,WRITE,0x60000d1a000,8192
0,burst_user6,6,READ,0x60000d1c000,8192
0,burst_user6,6,READ,0x60000d1e000,8192
0,burst_user6,6,WRITE,0x60000d20000,8192
0,burst_user6,6,READ,0x60000d22000,8192
0,burst_user6,6,READ,0x60000d24000,8192
0,burst_user6,6,WRITE,0x60000d26000,8192
0,burst_user6,6,READ,0x60000d28000,8192
0,burst_user6,6,READ,0x60000d2a000,8192
0,burst_user6,6,WRITE,0x60000d2c000,8192
0,burst_user6,6,READ,0x60000d2e000,8192
0,burst_user6,6,READ,0x60000d30000,8192
0,burst_user6,6,WRITE,0x60000d32000,8192
0,burst_user6,6,READ,0x60000d34000,8192
0,burst_user6,6,READ,0x60000d36000,8192
0,burst_user6,6,WRITE,0x60000d38000,8192
0,burst_user6,6,READ,0x60000d3a000,8192
0,burst_user6,6,READ,0x60000d3c000,8192
0,burst_user6,6,WRITE,0x60000d3e000,8192
0,burst_user6,6,READ,0x60000d40000,8192
0,burst_user6,6,READ,0x60000d42000,8192
0,burst_user6,6,WRITE,0x60000d44000,8192
0,burst_user6,6,READ,0x60000d46000,8192
0,burst_user6,6,READ,0x60000d48000,8192
0,burst_user6,6,WRITE,0x60000d4a000,8192
0,burst_user6,6,READ,0x60000d4c000,8192
0,burst_user6,6,READ,0x60000d4e000,8192
0,burst_user6,6,WRITE,0x60000d50000,8192
0,burst_user6,6,READ,0x60000d52000,8192
0,burst_user6,6,READ,0x60000d54000,8192
0,burst_user6,6,WRITE,0x60000d56000,8192
0,burst_user6,6,READ,0x60000d58000,8192
0,burst_user6,6,READ,0x60000d5a000,8192
0,burst_user6,6,WRITE,0x60000d5c000,8192
0,burst_user6,6,READ,0x60000d5e000,8192
0,burst_user6,6,READ,0x60000d60000,8192
0,burst_user6,6,WRITE,0x60000d62000,8192
0,burst_user6,6,READ,0x60000d64000,8192
0,burst_user6,6,READ,0x60000d66000,8192
0,burst_user6,6,WRITE,0x60000d68000,8192
0,burst_user6,6,READ,0x60000d6a000,8192
0,burst_user6,6,READ,0x60000d6c000,8192
0,burst_user6,6,WRITE,0x60000d6e000,8192
0,burst_user6,6,READ,0x60000d70000,8192
0,burst_user6,6,READ,0x60000d72000,8192
0,burst_user6,6,WRITE,0x60000d74000,8192
0,burst_user6,6,READ,0x60000d76000,8192
0,burst_user6,6,READ,0x60000d78000,8192
0,burst_user6,6,WRITE,0x60000d7a000,8192
0,burst_user6,6,READ,0x60000d7c000,8192
0,burst_user6,6,READ,0x60000d7e000,8192
0,burst_user6,6,WRITE,0x60000d80000,8192
0,burst_user6,6,READ,0x60000d82000,8192
0,burst_user6,6,READ,0x60000d84000,8192
0,burst_user6,6,WRITE,0x60000d86000,8192
0,burst_user6,6,READ,0x60000d88000,8192
0,burst_user6,6,READ,0x60000d8a000,8192
0,burst_user6,6,WRITE,0x60000d8c000,8192
0,burst_user6,6,READ,0x60000d8e000,8192
0,burst_user6,6,READ,0x60000d90000,8192
0,burst_user6,6,WRITE,0x60000d92000,8192
0,burst_user6,6,READ,0x60000d94000,8192
0,burst_user6,6,READ,0x60000d96000,8192
0,burst_user6,6,WRITE,0x60000d98000,8192
0,burst_user6,6,READ,0x60000d9a000,8192
0,burst_user6,6,READ,0x60000d9c000,8192
0,burst_user6,6,WRITE,0x60000d9e000,8192
0,burst_user6,6,READ,0x60000da0000,8192
0,burst_user6,6,READ,0x60000da2000,8192
0,burst_user6,6,WRITE,0x60000da4000,8192
0,burst_user6,6,READ,0x60000da6000,8192
0,burst_user6,6,READ,0x60000da8000,8192
0,burst_user6,6,WRITE,0x60000daa000,8192
0,burst_user6,6,READ,0x60000dac000,8192
0,burst_user6,6,READ,0x60000dae000,8192
0,burst_user6,6,WRITE,0x60000db0000,8192
0,burst_user6,6,READ,0x60000db2000,8192
0,burst_user6,6,READ,0x60000db4000,8192
0,burst_user6,6,WRITE,0x60000db6000,8192
0,burst_user6,6,READ,0x60000db8000,8192
0,burst_user6,6,READ,0x60000dba000,8192
0,burst_user6,6,WRITE,0x60000dbc000,8192
0,burst_user6,6,READ,0x60000dbe000,8192
0,burst_user6,6,READ,0x60000dc0000,8192
0,burst_user6,6,WRITE,0x60000dc2000,8192
0,burst_user6,6,READ,0x60000dc4000,8192
0,burst_user6,6,READ,0x60000dc6000,8192
0,burst_user6,6,WRITE,0x60000dc8000,8192
0,burst_user6,6,READ,0x60000dca000,8192
0,burst_user6,6,READ,0x60000dcc000,8192
0,burst_user6,6,WRITE,0x60000dce000,8192
0,burst_user6,6,READ,0x60000dd0000,8192
0,burst_user6,6,READ,0x60000dd2000,8192
0,burst_user6,6,WRITE,0x60000dd4000,8192
0,burst_user6,6,READ,0x60000dd6000,8192
0,burst_user6,6,READ,0x60000dd8000,8192
0,burst_user6,6,WRITE,0x60000dda000,8192
0,burst_user6,6,READ,0x60000ddc000,8192
0,burst_user6,6,READ,0x60000dde000,8192
0,burst_user6,6,WRITE,0x60000de0000,8192
0,burst_user6,6,READ,0x60000de2000,8192
0,burst_user6,6,READ,0x60000de4000,8192
0,burst_user6,6,WRITE,0x60000de6000,8192
0,burst_user6,6,READ,0x60000de8000,8192
0,burst_user6,6,READ,0x60000dea000,8192
0,burst_user6,6,WRITE,0x60000dec000,8192
0,burst_user6,6,READ,0x60000dee000,8192
0,burst_user6,6,READ,0x60000df0000,8192
0,burst_user6,6,WRITE,0x60000df2000,8192
0,burst_user6,6,READ,0x60000df4000,8192
0,burst_user6,6,READ,0x60000df6000,8192
0,burst_user6,6,WRITE,0x60000df8000,8192
0,burst_user6,6,READ,0x60000dfa000,8192
0,burst_user6,6,READ,0x60000dfc000,8192
0,burst_user6,6,WRITE,0x60000dfe000,8192
0,burst_user6,6,READ,0x60000e00000,8192
0,burst_user6,6,READ,0x60000e02000,8192
0,burst_user6,6,WRITE,0x60000e04000,8192
0,burst_user6,6,READ,0x60000e06000,8192
0,burst_user6,6,READ,0x60000e08000,8192
0,burst_user6,6,WRITE,0x60000e0a000,8192
0,burst_user6,6,READ,0x60000e0c000,8192
0,burst_user6,6,READ,0x60000e0e000,8192
0,burst_user6,6,WRITE,0x60000e10000,8192
0,burst_user6,6,READ,0x60000e12000,8192
0,burst_user6,6,READ,0x60000e14000,8192
0,burst_user6,6,WRITE,0x60000e16000,8192
0,burst_user6,6,READ,0x60000e18000,8192
0,burst_user6,6,READ,0x60000e1a000,8192
0,burst_user6,6,WRITE,0x60000e1c000,8192
0,burst_user6,6,READ,0x60000e1e000,8192
0,burst_user6,6,READ,0x60000e20000,8192
0,burst_user6,6,WRITE,0x60000e22000,8192
0,burst_user6,6,READ,0x60000e24000,8192
0,burst_user6,6,READ,0x60000e26000,8192
0,burst_user6,6,WRITE,0x60000e28000,8192
0,burst_user6,6,READ,0x60000e2a000,8192
0,burst_user6,6,READ,0x60000e2c000,8192
0,burst_user6,6,WRITE,0x60000e2e000,8192
0,burst_user6,6,READ,0x60000e30000,8192
0,burst_user6,6,READ,0x60000e32000,8192
0,burst_user6,6,WRITE,0x60000e34000,8192
0,burst_user6,6,READ,0x60000e36000,8192
0,burst_user6,6,READ,0x60000e38000,8192
0,burst_user6,6,WRITE,0x60000e3a000,8192
0,burst_user6,6,READ,0x60000e3c000,8192
0,burst_user6,6,READ,0x60000e3e000,8192
0,burst_user6,6,WRITE,0x60000e40000,8192
0,burst_user6,6,READ,0x60000e42000,8192
0,burst_user6,6,READ,0x60000e44000,8192
0,burst_user6,6,WRITE,0x60000e46000,8192
0,burst_user6,6,READ,0x60000e48000,8192
0,burst_user6,6,READ,0x60000e4a000,8192
0,burst_user6,6,WRITE,0x60000e4c000,8192
0,burst_user6,6,READ,0x60000e4e000,8192
0,burst_user6,6,READ,0x60000e50000,8192
0,burst_user6,6,WRITE,0x60000e52000,8192
0,burst_user6,6,READ,0x60000e54000,8192
0,burst_user6,6,READ,0x60000e56000,8192
0,burst_user6,6,WRITE,0x60000e58000,8192
0,burst_user6,6,READ,0x60000e5a000,8192
0,burst_user6,6,READ,0x60000e5c000,8192
0,burst_user6,6,WRITE,0x60000e5e000,8192
0,burst_user6,6,READ,0x60000e60000,8192
0,burst_user6,6,READ,0x60000e62000,8192
0,burst_user6,6,WRITE,0x60000e64000,8192
0,burst_user6,6,READ,0x60000e66000,8192
0,burst_user6,6,READ,0x60000e68000,8192
0,burst_user6,6,WRITE,0x60000e6a000,8192
0,burst_user6,6,READ,0x60000e6c000,8192
0,burst_user6,6,READ,0x60000e6e000,8192
0,burst_user6,6,WRITE,0x60000e70000,8192
0,burst_user6,6,READ,0x60000e72000,8192
0,burst_user6,6,READ,0x60000e74000,8192
0,burst_user6,6,WRITE,0x60000e76000,8192
0,burst_user6,6,READ,0x60000e78000,8192
0,burst_user6,6,READ,0x60000e7a000,8192
0,burst_user6,6,WRITE,0x60000e7c000,8192
0,burst_user6,6,READ,0x60000e7e000,8192
0,burst_user6,6,READ,0x60000e80000,8192
0,burst_user6,6,WRITE,0x60000e82000,8192
0,burst_user6,6,READ,0x60000e84000,8192
0,burst_user6,6,READ,0x60000e86000,8192
0,burst_user6,6,WRITE,0x60000e88000,8192
0,burst_user6,6,READ,0x60000e8a000,8192
0,burst_user6,6,READ,0x60000e8c000,8192
0,burst_user6,6,WRITE,0x60000e8e000,8192
0,burst_user6,6,READ,0x60000e90000,8192
0,burst_user6,6,READ,0x60000e92000,8192
0,burst_user6,6,WRITE,0x60000e94000,8192
0,burst_user6,6,READ,0x60000e96000,8192
0,burst_user6,6,READ,0x60000e98000,8192
0,burst_user6,6,WRITE,0x60000e9a000,8192
0,burst_user6,6,READ,0x60000e9c000,8192
0,burst_user6,6,READ,0x60000e9e000,8192
0,burst_user6,6,WRITE,0x60000ea0000,8192
0,burst_user6,6,READ,0x60000ea2000,8192
0,burst_user6,6,READ,0x60000ea4000,8192
0,burst_user6,6,WRITE,0x60000ea6000,8192
0,burst_user6,6,READ,0x60000ea8000,8192
0,burst_user6,6,READ,0x60000eaa000,8192
0,burst_user6,6,WRITE,0x60000eac000,8192
0,burst_user6,6,READ,0x60000eae000,8192
0,burst_user6,6,READ,0x60000eb0000,8192
0,burst_user6,6,WRITE,0x60000eb2000,8192
0,burst_user6,6,READ,0x60000eb4000,8192
0,burst_user6,6,READ,0x60000eb6000,8192
0,burst_user6,6,WRITE,0x60000eb8000,8192
0,burst_user6,6,READ,0x60000eba000,8192
0,burst_user6,6,READ,0x60000ebc000,8192
0,burst_user6,6,WRITE,0x60000ebe000,8192
0,burst_user6,6,READ,0x60000ec0000,8192
0,burst_user6,6,READ,0x60000ec2000,8192
0,burst_user6,6,WRITE,0x60000ec4000,8192
0,burst_user6,6,READ,0x60000ec6000,8192
0,burst_user6,6,READ,0x60000ec8000,8192
0,burst_user6,6,WRITE,0x60000eca000,8192
0,burst_user6,6,READ,0x60000ecc000,8192
0,burst_user6,6,READ,0x60000ece000,8192
0,burst_user6,6,WRITE,0x60000ed0000,8192
0,burst_user6,6,READ,0x60000ed2000,8192
0,burst_user6,6,READ,0x60000ed4000,8192
0,burst_user6,6,WRITE,0x60000ed6000,8192
0,burst_user6,6,READ,0x60000ed8000,8192
0,burst_user6,6,READ,0x60000eda000,8192
0,burst_user6,6,WRITE,0x60000edc000,8192
0,burst_user6,6,READ,0x60000ede000,8192
0,burst_user6,6,READ,0x60000ee0000,8192
0,burst_user6,6,WRITE,0x60000ee2000,8192
0,burst_user6,6,READ,0x60000ee4000,8192
0,burst_user6,6,READ,0x60000ee6000,8192
0,burst_user6,6,WRITE,0x60000ee8000,8192
0,burst_user6,6,READ,0x60000eea000,8192
0,burst_user6,6,READ,0x60000eec000,8192
0,burst_user6,6,WRITE,0x60000eee000,8192
0,burst_user6,6,READ,0x60000ef0000,8192
0,burst_user6,6,READ,0x60000ef2000,8192
0,burst_user6,6,WRITE,0x60000ef4000,8192
0,burst_user6,6,READ,0x60000ef6000,8192
0,burst_user6,6,READ,0x60000ef8000,8192
0,burst_user6,6,WRITE,0x60000efa000,8192
0,burst_user6,6,READ,0x60000efc000,8192
0,burst_user6,6,READ,0x60000efe000,8192
0,burst_user6,6,WRITE,0x60000f00000,8192
0,burst_user6,6,READ,0x60000f02000,8192
0,burst_user6,6,READ,0x60000f04000,8192
0,burst_user6,6,WRITE,0x60000f06000,8192
0,burst_user6,6,READ,0x60000f08000,8192
0,burst_user6,6,READ,0x60000f0a000,8192
0,burst_user6,6,WRITE,0x60000f0c000,8192
0,burst_user6,6,READ,0x60000f0e000,8192
0,burst_user6,6,READ,0x60000f10000,8192
0,burst_user6,6,WRITE,0x60000f12000,8192
0,burst_user6,6,READ,0x60000f14000,8192
0,burst_user6,6,READ,0x60000f16000,8192
0,burst_user6,6,WRITE,0x60000f18000,8192
0,burst_user6,6,READ,0x60000f1a000,8192
0,burst_user6,6,READ,0x60000f1c000,8192
0,burst_user6,6,WRITE,0x60000f1e000,8192
0,burst_user6,6,READ,0x60000f20000,8192
0,burst_user6,6,READ,0x60000f22000,8192
0,burst_user6,6,WRITE,0x60000f24000,8192
0,burst_user6,6,READ,0x60000f26000,8192
0,burst_user6,6,READ,0x60000f28000,8192
0,burst_user6,6,WRITE,0x60000f2a000,8192
0,burst_user6,6,READ,0x60000f2c000,8192
0,burst_user6,6,READ,0x60000f2e000,8192
0,burst_user6,6,WRITE,0x60000f30000,8192
0,burst_user6,6,READ,0x60000f32000,8192
0,burst_user6,6,READ,0x60000f34000,8192
0,burst_user6,6,WRITE,0x60000f36000,8192
0,burst_user6,6,READ,0x60000f38000,8192
0,burst_user6,6,READ,0x60000f3a000,8192
0,burst_user6,6,WRITE,0x60000f3c000,8192
0,burst_user6,6,READ,0x60000f3e000,8192
0,burst_user6,6,READ,0x60000f40000,8192
0,burst_user6,6,WRITE,0x60000f42000,8192
0,burst_user6,6,READ,0x60000f44000,8192
0,burst_user6,6,READ,0x60000f46000,8192
0,burst_user6,6,WRITE,0x60000f48000,8192
0,burst_user6,6,READ,0x60000f4a000,8192
0,burst_user6,6,READ,0x60000f4c000,8192
0,burst_user6,6,WRITE,0x60000f4e000,8192
0,burst_user6,6,READ,0x60000f50000,8192
0,burst_user6,6,READ,0x60000f52000,8192
0,burst_user6,6,WRITE,0x60000f54000,8192
0,burst_user6,6,READ,0x60000f56000,8192
0,burst_user6,6,READ,0x60000f58000,8192
0,burst_user6,6,WRITE,0x60000f5a000,8192
0,burst_user6,6,READ,0x60000f5c000,8192
0,burst_user6,6,READ,0x60000f5e000,8192
0,burst_user6,6,WRITE,0x60000f60000,8192
0,burst_user6,6,READ,0x60000f62000,8192
0,burst_user6,6,READ,0x60000f64000,8192
0,burst_user6,6,WRITE,0x60000f66000,8192
0,burst_user6,6,READ,0x60000f68000,8192
0,burst_user6,6,READ,0x60000f6a000,8192
0,burst_user6,6,WRITE,0x60000f6c000,8192
0,burst_user6,6,READ,0x60000f6e000,8192
0,burst_user6,6,READ,0x60000f70000,8192
0,burst_user6,6,WRITE,0x60000f72000,8192
0,burst_user6,6,READ,0x60000f74000,8192
0,burst_user6,6,READ,0x60000f76000,8192
0,burst_user6,6,WRITE,0x60000f78000,8192
0,burst_user6,6,READ,0x60000f7a000,8192
0,burst_user6,6,READ,0x60000f7c000,8192
0,burst_user6,6,WRITE,0x60000f7e000,8192
0,burst_user6,6,READ,0x60000f80000,8192
0,burst_user6,6,READ,0x60000f82000,8192
0,burst_user6,6,WRITE,0x60000f84000,8192
0,burst_user6,6,READ,0x60000f86000,8192
0,burst_user6,6,READ,0x60000f88000,8192
0,burst_user6,6,WRITE,0x60000f8a000,8192
0,burst_user6,6,READ,0x60000f8c000,8192
0,burst_user6,6,READ,0x60000f8e000,8192
0,burst_user6,6,WRITE,0x60000f90000,8192
0,burst_user6,6,READ,0x60000f92000,8192
0,burst_user6,6,READ,0x60000f94000,8192
0,burst_user6,6,WRITE,0x60000f96000,8192
0,burst_user6,6,READ,0x60000f98000,8192
0,burst_user6,6,READ,0x60000f9a000,8192
0,burst_user6,6,WRITE,0x60000f9c000,8192
0,burst_user6,6,READ,0x60000f9e000,8192
0,burst_user7,7,WRITE,0x70000000000,8192
0,burst_user7,7,READ,0x70000002000,8192
0,burst_user7,7,READ,0x70000004000,8192
0,burst_user7,7,WRITE,0x70000006000,8192
0,burst_user7,7,READ,0x70000008000,8192
0,burst_user7,7,READ,0x7000000a000,8192
0,burst_user7,7,WRITE,0x7000000c000,8192
0,burst_user7,7,READ,0x7000000e000,8192
0,burst_user7,7,READ,0x70000010000,8192
0,burst_user7,7,WRITE,0x70000012000,8192
0,burst_user7,7,READ,0x70000014000,8192
0,burst_user7,7,READ,0x70000016000,8192
0,burst_user7,7,WRITE,0x70000018000,8192
0,burst_user7,7,READ,0x7000001a000,8192
0,burst_user7,7,READ,0x7000001c000,8192
0,burst_user7,7,WRITE,0x7000001e000,8192
0,burst_user7,7,READ,0x70000020000,8192
0,burst_user7,7,READ,0x70000022000,8192
0,burst_user7,7,WRITE,0x70000024000,8192
0,burst_user7,7,READ,0x70000026000,8192
0,burst_user7,7,READ,0x70000028000,8192
0,burst_user7,7,WRITE,0x7000002a000,8192
0,burst_user7,7,READ,0x7000002c000,8192
0,burst_user7,7,READ,0x7000002e000,8192
0,burst_user7,7,WRITE,0x70000030000,8192
0,burst_user7,7,READ,0x70000032000,8192
0,burst_user7,7,READ,0x70000034000,8192
0,burst_user7,7,WRITE,0x70000036000,8192
0,burst_user7,7,READ,0x70000038000,8192
0,burst_user7,7,READ,0x7000003a000,8192
0,burst_user7,7,WRITE,0x7000003c000,8192
0,burst_user7,7,READ,0x7000003e000,8192
0,burst_user7,7,READ,0x70000040000,8192
0,burst_user7,7,WRITE,0x70000042000,8192
0,burst_user7,7,READ,0x70000044000,8192
0,burst_user7,7,READ,0x70000046000,8192
0,burst_user7,7,WRITE,0x70000048000,8192
0,burst_user7,7,READ,0x7000004a000,8192
0,burst_user7,7,READ,0x7000004c000,8192
0,burst_user7,7,WRITE,0x7000004e000,8192
0,burst_user7,7,READ,0x70000050000,8192
0,burst_user7,7,READ,0x70000052000,8192
0,burst_user7,7,WRITE,0x70000054000,8192
0,burst_user7,7,READ,0x70000056000,8192
0,burst_user7,7,READ,0x70000058000,8192
0,burst_user7,7,WRITE,0x7000005a000,8192
0,burst_user7,7,READ,0x7000005c000,8192
0,burst_user7,7,READ,0x7000005e000,8192
0,burst_user7,7,WRITE,0x70000060000,8192
0,burst_user7,7,READ,0x70000062000,8192
0,burst_user7,7,READ,0x70000064000,8192
0,burst_user7,7,WRITE,0x70000066000,8192
0,burst_user7,7,READ,0x70000068000,8192
0,burst_user7,7,READ,0x7000006a000,8192
0,burst_user7,7,WRITE,0x7000006c000,8192
0,burst_user7,7,READ,0x7000006e000,8192
0,burst_user7,7,READ,0x70000070000,8192
0,burst_user7,7,WRITE,0x70000072000,8192
0,burst_user7,7,READ,0x70000074000,8192
0,burst_user7,7,READ,0x70000076000,8192
0,burst_user7,7,WRITE,0x70000078000,8192
0,burst_user7,7,READ,0x7000007a000,8192
0,burst_user7,7,READ,0x7000007c000,8192
0,burst_user7,7,WRITE,0x7000007e000,8192
0,burst_user7,7,READ,0x70000080000,8192
0,burst_user7,7,READ,0x70000082000,8192
0,burst_user7,7,WRITE,0x70000084000,8192
0,burst_user7,7,READ,0x70000086000,8192
0,burst_user7,7,READ,0x70000088000,8192
0,burst_user7,7,WRITE,0x7000008a000,8192
0,burst_user7,7,READ,0x7000008c000,8192
0,burst_user7,7,READ,0x7000008e000,8192
0,burst_user7,7,WRITE,0x70000090000,8192
0,burst_user7,7,READ,0x70000092000,8192
0,burst_user7,7,READ,0x70000094000,8192
0,burst_user7,7,WRITE,0x70000096000,8192
0,burst_user7,7,READ,0x70000098000,8192
0,burst_user7,7,READ,0x7000009a000,8192
0,burst_user7,7,WRITE,0x7000009c000,8192
0,burst_user7,7,READ,0x7000009e000,8192
0,burst_user7,7,READ,0x700000a0000,8192
0,burst_user7,7,WRITE,0x700000a2000,8192
0,burst_user7,7,READ,0x700000a4000,8192
0,burst_user7,7,READ,0x700000a6000,8192
0,burst_user7,7,WRITE,0x700000a8000,8192
0,burst_user7,7,READ,0x700000aa000,8192
0,burst_user7,7,READ,0x700000ac000,8192
0,burst_user7,7,WRITE,0x700000ae000,8192
0,burst_user7,7,READ,0x700000b0000,8192
0,burst_user7,7,READ,0x700000b2000,8192
0,burst_user7,7,WRITE,0x700000b4000,8192
0,burst_user7,7,READ,0x700000b6000,8192
0,burst_user7,7,READ,0x700000b8000,8192
0,burst_user7,7,WRITE,0x700000ba000,8192
0,burst_user7,7,READ,0x700000bc000,8192
0,burst_user7,7,READ,0x700000be000,8192
0,burst_user7,7,WRITE,0x700000c0000,8192
0,burst_user7,7,READ,0x700000c2000,8192
0,burst_user7,7,READ,0x700000c4000,8192
0,burst_user7,7,WRITE,0x700000c6000,8192
0,burst_user7,7,READ,0x700000c8000,8192
0,burst_user7,7,READ,0x700000ca000,8192
0,burst_user7,7,WRITE,0x700000cc000,8192
0,burst_user7,7,READ,0x700000ce000,8192
0,burst_user7,7,READ,0x700000d0000,8192
0,burst_user7,7,WRITE,0x700000d2000,8192
0,burst_user7,7,READ,0x700000d4000,8192
0,burst_user7,7,READ,0x700000d6000,8192
0,burst_user7,7,WRITE,0x700000d8000,8192
0,burst_user7,7,READ,0x700000da000,8192
0,burst_user7,7,READ,0x700000dc000,8192
0,burst_user7,7,WRITE,0x700000de000,8192
0,burst_user7,7,READ,0x700000e0000,8192
0,burst_user7,7,READ,0x700000e2000,8192
0,burst_user7,7,WRITE,0x700000e4000,8192
0,burst_user7,7,READ,0x700000e6000,8192
0,burst_user7,7,READ,0x700000e8000,8192
0,burst_user7,7,WRITE,0x700000ea000,8192
0,burst_user7,7,READ,0x700000ec000,8192
0,burst_user7,7,READ,0x700000ee000,8192
0,burst_user7,7,WRITE,0x700000f0000,8192
0,burst_user7,7,READ,0x700000f2000,8192
0,burst_user7,7,READ,0x700000f4000,8192
0,burst_user7,7,WRITE,0x700000f6000,8192
0,burst_user7,7,READ,0x700000f8000,8192
0,burst_user7,7,READ,0x700000fa000,8192
0,burst_user7,7,WRITE,0x700000fc000,8192
0,burst_user7,7,READ,0x700000fe000,8192
0,burst_user7,7,READ,0x70000100000,8192
0,burst_user7,7,WRITE,0x70000102000,8192
0,burst_user7,7,READ,0x70000104000,8192
0,burst_user7,7,READ,0x70000106000,8192
0,burst_user7,7,WRITE,0x70000108000,8192
0,burst_user7,7,READ,0x7000010a000,8192
0,burst_user7,7,READ,0x7000010c000,8192
0,burst_user7,7,WRITE,0x7000010e000,8192
0,burst_user7,7,READ,0x70000110000,8192
0,burst_user7,7,READ,0x70000112000,8192
0,burst_user7,7,WRITE,0x70000114000,8192
0,burst_user7,7,READ,0x70000116000,8192
0,burst_user7,7,READ,0x70000118000,8192
0,burst_user7,7,WRITE,0x7000011a000,8192
0,burst_user7,7,READ,0x7000011c000,8192
0,burst_user7,7,READ,0x7000011e000,8192
0,burst_user7,7,WRITE,0x70000120000,8192
0,burst_user7,7,READ,0x70000122000,8192
0,burst_user7,7,READ,0x70000124000,8192
0,burst_user7,7,WRITE,0x70000126000,8192
0,burst_user7,7,READ,0x70000128000,8192
0,burst_user7,7,READ,0x7000012a000,8192
0,burst_user7,7,WRITE,0x7000012c000,8192
0,burst_user7,7,READ,0x7000012e000,8192
0,burst_user7,7,READ,0x70000130000,8192
0,burst_user7,7,WRITE,0x70000132000,8192
0,burst_user7,7,READ,0x70000134000,8192
0,burst_user7,7,READ,0x70000136000,8192
0,burst_user7,7,WRITE,0x70000138000,8192
0,burst_user7,7,READ,0x7000013a000,8192
0,burst_user7,7,READ,0x7000013c000,8192
0,burst_user7,7,WRITE,0x7000013e000,8192
0,burst_user7,7,READ,0x70000140000,8192
0,burst_user7,7,READ,0x70000142000,8192
0,burst_user7,7,WRITE,0x70000144000,8192
0,burst_user7,7,READ,0x70000146000,8192
0,burst_user7,7,READ,0x70000148000,8192
0,burst_user7,7,WRITE,0x7000014a000,8192
0,burst_user7,7,READ,0x7000014c000,8192
0,burst_user7,7,READ,0x7000014e000,8192
0,burst_user7,7,WRITE,0x70000150000,8192
0,burst_user7,7,READ,0x70000152000,8192
0,burst_user7,7,READ,0x70000154000,8192
0,burst_user7,7,WRITE,0x70000156000,8192
0,burst_user7,7,READ,0x70000158000,8192
0,burst_user7,7,READ,0x7000015a000,8192
0,burst_user7,7,WRITE,0x7000015c000,8192
0,burst_user7,7,READ,0x7000015e000,8192
0,burst_user7,7,READ,0x70000160000,8192
0,burst_user7,7,WRITE,0x70000162000,8192
0,burst_user7,7,READ,0x70000164000,8192
0,burst_user7,7,READ,0x70000166000,8192
0,burst_user7,7,WRITE,0x70000168000,8192
0,burst_user7,7,READ,0x7000016a000,8192
0,burst_user7,7,READ,0x7000016c000,8192
0,burst_user7,7,WRITE,0x7000016e000,8192
0,burst_user7,7,READ,0x70000170000,8192
0,burst_user7,7,READ,0x70000172000,8192
0,burst_user7,7,WRITE,0x70000174000,8192
0,burst_user7,7,READ,0x70000176000,8192
0,burst_user7,7,READ,0x70000178000,8192
0,burst_user7,7,WRITE,0x7000017a000,8192
0,burst_user7,7,READ,0x7000017c000,8192
0,burst_user7,7,READ,0x7000017e000,8192
0,burst_user7,7,WRITE,0x70000180000,8192
0,burst_user7,7,READ,0x70000182000,8192
0,burst_user7,7,READ,0x70000184000,8192
0,burst_user7,7,WRITE,0x70000186000,8192
0,burst_user7,7,READ,0x70000188000,8192
0,burst_user7,7,READ,0x7000018a000,8192
0,burst_user7,7,WRITE,0x7000018c000,8192
0,burst_user7,7,READ,0x7000018e000,8192
0,burst_user7,7,READ,0x70000190000,8192
0,burst_user7,7,WRITE,0x70000192000,8192
0,burst_user7,7,READ,0x70000194000,8192
0,burst_user7,7,READ,0x70000196000,8192
0,burst_user7,7,WRITE,0x70000198000,8192
0,burst_user7,7,READ,0x7000019a000,8192
0,burst_user7,7,READ,0x7000019c000,8192
0,burst_user7,7,WRITE,0x7000019e000,8192
0,burst_user7,7,READ,0x700001a0000,8192
0,burst_user7,7,READ,0x700001a2000,8192
0,burst_user7,7,WRITE,0x700001a4000,8192
0,burst_user7,7,READ,0x700001a6000,8192
0,burst_user7,7,READ,0x700001a8000,8192
0,burst_user7,7,WRITE,0x700001aa000,8192
0,burst_user7,7,READ,0x700001ac000,8192
0,burst_user7,7,READ,0x700001ae000,8192
0,burst_user7,7,WRITE,0x700001b0000,8192
0,burst_user7,7,READ,0x700001b2000,8192
0,burst_user7,7,READ,0x700001b4000,8192
0,burst_user7,7,WRITE,0x700001b6000,8192
0,burst_user7,7,READ,0x700001b8000,8192
0,burst_user7,7,READ,0x700001ba000,8192
0,burst_user7,7,WRITE,0x700001bc000,8192
0,burst_user7,7,READ,0x700001be000,8192
0,burst_user7,7,READ,0x700001c0000,8192
0,burst_user7,7,WRITE,0x700001c2000,8192
0,burst_user7,7,READ,0x700001c4000,8192
0,burst_user7,7,READ,0x700001c6000,8192
0,burst_user7,7,WRITE,0x700001c8000,8192
0,burst_user7,7,READ,0x700001ca000,8192
0,burst_user7,7,READ,0x700001cc000,8192
0,burst_user7,7,WRITE,0x700001ce000,8192
0,burst_user7,7,READ,0x700001d0000,8192
0,burst_user7,7,READ,0x700001d2000,8192
0,burst_user7,7,WRITE,0x700001d4000,8192
0,burst_user7,7,READ,0x700001d6000,8192
0,burst_user7,7,READ,0x700001d8000,8192
0,burst_user7,7,WRITE,0x700001da000,8192
0,burst_user7,7,READ,0x700001dc000,8192
0,burst_user7,7,READ,0x700001de000,8192
0,burst_user7,7,WRITE,0x700001e0000,8192
0,burst_user7,7,READ,0x700001e2000,8192
0,burst_user7,7,READ,0x700001e4000,8192
0,burst_user7,7,WRITE,0x700001e6000,8192
0,burst_user7,7,READ,0x700001e8000,8192
0,burst_user7,7,READ,0x700001ea000,8192
0,burst_user7,7,WRITE,0x700001ec000,8192
0,burst_user7,7,READ,0x700001ee000,8192
0,burst_user7,7,READ,0x700001f0000,8192
0,burst_user7,7,WRITE,0x700001f2000,8192
0,burst_user7,7,READ,0x700001f4000,8192
0,burst_user7,7,READ,0x700001f6000,8192
0,burst_user7,7,WRITE,0x700001f8000,8192
0,burst_user7,7,READ,0x700001fa000,8192
0,burst_user7,7,READ,0x700001fc000,8192
0,burst_user7,7,WRITE,0x700001fe000,8192
0,burst_user7,7,READ,0x70000200000,8192
0,burst_user7,7,READ,0x70000202000,8192
0,burst_user7,7,WRITE,0x70000204000,8192
0,burst_user7,7,READ,0x70000206000,8192
0,burst_user7,7,READ,0x70000208000,8192
0,burst_user7,7,WRITE,0x7000020a000,8192
0,burst_user7,7,READ,0x7000020c000,8192
0,burst_user7,7,READ,0x7000020e000,8192
0,burst_user7,7,WRITE,0x70000210000,8192
0,burst_user7,7,READ,0x70000212000,8192
0,burst_user7,7,READ,0x70000214000,8192
0,burst_user7,7,WRITE,0x70000216000,8192
0,burst_user7,7,READ,0x70000218000,8192
0,burst_user7,7,READ,0x7000021a000,8192
0,burst_user7,7,WRITE,0x7000021c000,8192
0,burst_user7,7,READ,0x7000021e000,8192
0,burst_user7,7,READ,0x70000220000,8192
0,burst_user7,7,WRITE,0x70000222000,8192
0,burst_user7,7,READ,0x70000224000,8192
0,burst_user7,7,READ,0x70000226000,8192
0,burst_user7,7,WRITE,0x70000228000,8192
0,burst_user7,7,READ,0x7000022a000,8192
0,burst_user7,7,READ,0x7000022c000,8192
0,burst_user7,7,WRITE,0x7000022e000,8192
0,burst_user7,7,READ,0x70000230000,8192
0,burst_user7,7,READ,0x70000232000,8192
0,burst_user7,7,WRITE,0x70000234000,8192
0,burst_user7,7,READ,0x70000236000,8192
0,burst_user7,7,READ,0x70000238000,8192
0,burst_user7,7,WRITE,0x7000023a000,8192
0,burst_user7,7,READ,0x7000023c000,8192
0,burst_user7,7,READ,0x7000023e000,8192
0,burst_user7,7,WRITE,0x70000240000,8192
0,burst_user7,7,READ,0x70000242000,8192
0,burst_user7,7,READ,0x70000244000,8192
0,burst_user7,7,WRITE,0x70000246000,8192
0,burst_user7,7,READ,0x70000248000,8192
0,burst_user7,7,READ,0x7000024a000,8192
0,burst_user7,7,WRITE,0x7000024c000,8192
0,burst_user7,7,READ,0x7000024e000,8192
0,burst_user7,7,READ,0x70000250000,8192
0,burst_user7,7,WRITE,0x70000252000,8192
0,burst_user7,7,READ,0x70000254000,8192
0,burst_user7,7,READ,0x70000256000,8192
0,burst_user7,7,WRITE,0x70000258000,8192
0,burst_user7,7,READ,0x7000025a000,8192
0,burst_user7,7,READ,0x7000025c000,8192
0,burst_user7,7,WRITE,0x7000025e000,8192
0,burst_user7,7,READ,0x70000260000,8192
0,burst_user7,7,READ,0x70000262000,8192
0,burst_user7,7,WRITE,0x70000264000,8192
0,burst_user7,7,READ,0x70000266000,8192
0,burst_user7,7,READ,0x70000268000,8192
0,burst_user7,7,WRITE,0x7000026a000,8192
0,burst_user7,7,READ,0x7000026c000,8192
0,burst_user7,7,READ,0x7000026e000,8192
0,burst_user7,7,WRITE,0x70000270000,8192
0,burst_user7,7,READ,0x70000272000,8192
0,burst_user7,7,READ,0x70000274000,8192
0,burst_user7,7,WRITE,0x70000276000,8192
0,burst_user7,7,READ,0x70000278000,8192
0,burst_user7,7,READ,0x7000027a000,8192
0,burst_user7,7,WRITE,0x7000027c000,8192
0,burst_user7,7,READ,0x7000027e000,8192
0,burst_user7,7,READ,0x70000280000,8192
0,burst_user7,7,WRITE,0x70000282000,8192
0,burst_user7,7,READ,0x70000284000,8192
0,burst_user7,7,READ,0x70000286000,8192
0,burst_user7,7,WRITE,0x70000288000,8192
0,burst_user7,7,READ,0x7000028a000,8192
0,burst_user7,7,READ,0x7000028c000,8192
0,burst_user7,7,WRITE,0x7000028e000,8192
0,burst_user7,7,READ,0x70000290000,8192
0,burst_user7,7,READ,0x70000292000,8192
0,burst_user7,7,WRITE,0x70000294000,8192
0,burst_user7,7,READ,0x70000296000,8192
0,burst_user7,7,READ,0x70000298000,8192
0,burst_user7,7,WRITE,0x7000029a000,8192
0,burst_user7,7,READ,0x7000029c000,8192
0,burst_user7,7,READ,0x7000029e000,8192
0,burst_user7,7,WRITE,0x700002a0000,8192
0,burst_user7,7,READ,0x700002a2000,8192
0,burst_user7,7,READ,0x700002a4000,8192
0,burst_user7,7,WRITE,0x700002a6000,8192
0,burst_user7,7,READ,0x700002a8000,8192
0,burst_user7,7,READ,0x700002aa000,8192
0,burst_user7,7,WRITE,0x700002ac000,8192
0,burst_user7,7,READ,0x700002ae000,8192
0,burst_user7,7,READ,0x700002b0000,8192
0,burst_user7,7,WRITE,0x700002b2000,8192
0,burst_user7,7,READ,0x700002b4000,8192
0,burst_user7,7,READ,0x700002b6000,8192
0,burst_user7,7,WRITE,0x700002b8000,8192
0,burst_user7,7,READ,0x700002ba000,8192
0,burst_user7,7,READ,0x700002bc000,8192
0,burst_user7,7,WRITE,0x700002be000,8192
0,burst_user7,7,READ,0x700002c0000,8192
0,burst_user7,7,READ,0x700002c2000,8192
0,burst_user7,7,WRITE,0x700002c4000,8192
0,burst_user7,7,READ,0x700002c6000,8192
0,burst_user7,7,READ,0x700002c8000,8192
0,burst_user7,7,WRITE,0x700002ca000,8192
0,burst_user7,7,READ,0x700002cc000,8192
0,burst_user7,7,READ,0x700002ce000,8192
0,burst_user7,7,WRITE,0x700002d0000,8192
0,burst_user7,7,READ,0x700002d2000,8192
0,burst_user7,7,READ,0x700002d4000,8192
0,burst_user7,7,WRITE,0x700002d6000,8192
0,burst_user7,7,READ,0x700002d8000,8192
0,burst_user7,7,READ,0x700002da000,8192
0,burst_user7,7,WRITE,0x700002dc000,8192
0,burst_user7,7,READ,0x700002de000,8192
0,burst_user7,7,READ,0x700002e0000,8192
0,burst_user7,7,WRITE,0x700002e2000,8192
0,burst_user7,7,READ,0x700002e4000,8192
0,burst_user7,7,READ,0x700002e6000,8192
0,burst_user7,7,WRITE,0x700002e8000,8192
0,burst_user7,7,READ,0x700002ea000,8192
0,burst_user7,7,READ,0x700002ec000,8192
0,burst_user7,7,WRITE,0x700002ee000,8192
0,burst_user7,7,READ,0x700002f0000,8192
0,burst_user7,7,READ,0x700002f2000,8192
0,burst_user7,7,WRITE,0x700002f4000,8192
0,burst_user7,7,READ,0x700002f6000,8192
0,burst_user7,7,READ,0x700002f8000,8192
0,burst_user7,7,WRITE,0x700002fa000,8192
0,burst_user7,7,READ,0x700002fc000,8192
0,burst_user7,7,READ,0x700002fe000,8192
0,burst_user7,7,WRITE,0x70000300000,8192
0,burst_user7,7,READ,0x70000302000,8192
0,burst_user7,7,READ,0x70000304000,8192
0,burst_user7,7,WRITE,0x70000306000,8192
0,burst_user7,7,READ,0x70000308000,8192
0,burst_user7,7,READ,0x7000030a000,8192
0,burst_user7,7,WRITE,0x7000030c000,8192
0,burst_user7,7,READ,0x7000030e000,8192
0,burst_user7,7,READ,0x70000310000,8192
0,burst_user7,7,WRITE,0x70000312000,8192
0,burst_user7,7,READ,0x70000314000,8192
0,burst_user7,7,READ,0x70000316000,8192
0,burst_user7,7,WRITE,0x70000318000,8192
0,burst_user7,7,READ,0x7000031a000,8192
0,burst_user7,7,READ,0x7000031c000,8192
0,burst_user7,7,WRITE,0x7000031e000,8192
0,burst_user7,7,READ,0x70000320000,8192
0,burst_user7,7,READ,0x70000322000,8192
0,burst_user7,7,WRITE,0x70000324000,8192
0,burst_user7,7,READ,0x70000326000,8192
0,burst_user7,7,READ,0x70000328000,8192
0,burst_user7,7,WRITE,0x7000032a000,8192
0,burst_user7,7,READ,0x7000032c000,8192
0,burst_user7,7,READ,0x7000032e000,8192
0,burst_user7,7,WRITE,0x70000330000,8192
0,burst_user7,7,READ,0x70000332000,8192
0,burst_user7,7,READ,0x70000334000,8192
0,burst_user7,7,WRITE,0x70000336000,8192
0,burst_user7,7,READ,0x70000338000,8192
0,burst_user7,7,READ,0x7000033a000,8192
0,burst_user7,7,WRITE,0x7000033c000,8192
0,burst_user7,7,READ,0x7000033e000,8192
0,burst_user7,7,READ,0x70000340000,8192
0,burst_user7,7,WRITE,0x70000342000,8192
0,burst_user7,7,READ,0x70000344000,8192
0,burst_user7,7,READ,0x70000346000,8192
0,burst_user7,7,WRITE,0x70000348000,8192
0,burst_user7,7,READ,0x7000034a000,8192
0,burst_user7,7,READ,0x7000034c000,8192
0,burst_user7,7,WRITE,0x7000034e000,8192
0,burst_user7,7,READ,0x70000350000,8192
0,burst_user7,7,READ,0x70000352000,8192
0,burst_user7,7,WRITE,0x70000354000,8192
0,burst_user7,7,READ,0x70000356000,8192
0,burst_user7,7,READ,0x70000358000,8192
0,burst_user7,7,WRITE,0x7000035a000,8192
0,burst_user7,7,READ,0x7000035c000,8192
0,burst_user7,7,READ,0x7000035e000,8192
0,burst_user7,7,WRITE,0x70000360000,8192
0,burst_user7,7,READ,0x70000362000,8192
0,burst_user7,7,READ,0x70000364000,8192
0,burst_user7,7,WRITE,0x70000366000,8192
0,burst_user7,7,READ,0x70000368000,8192
0,burst_user7,7,READ,0x7000036a000,8192
0,burst_user7,7,WRITE,0x7000036c000,8192
0,burst_user7,7,READ,0x7000036e000,8192
0,burst_user7,7,READ,0x70000370000,8192
0,burst_user7,7,WRITE,0x70000372000,8192
0,burst_user7,7,READ,0x70000374000,8192
0,burst_user7,7,READ,0x70000376000,8192
0,burst_user7,7,WRITE,0x70000378000,8192
0,burst_user7,7,READ,0x7000037a000,8192
0,burst_user7,7,READ,0x7000037c000,8192
0,burst_user7,7,WRITE,0x7000037e000,8192
0,burst_user7,7,READ,0x70000380000,8192
0,burst_user7,7,READ,0x70000382000,8192
0,burst_user7,7,WRITE,0x70000384000,8192
0,burst_user7,7,READ,0x70000386000,8192
0,burst_user7,7,READ,0x70000388000,8192
0,burst_user7,7,WRITE,0x7000038a000,8192
0,burst_user7,7,READ,0x7000038c000,8192
0,burst_user7,7,READ,0x7000038e000,8192
0,burst_user7,7,WRITE,0x70000390000,8192
0,burst_user7,7,READ,0x70000392000,8192
0,burst_user7,7,READ,0x70000394000,8192
0,burst_user7,7,WRITE,0x70000396000,8192
0,burst_user7,7,READ,0x70000398000,8192
0,burst_user7,7,READ,0x7000039a000,8192
0,burst_user7,7,WRITE,0x7000039c000,8192
0,burst_user7,7,READ,0x7000039e000,8192
0,burst_user7,7,READ,0x700003a0000,8192
0,burst_user7,7,WRITE,0x700003a2000,8192
0,burst_user7,7,READ,0x700003a4000,8192
0,burst_user7,7,READ,0x700003a6000,8192
0,burst_user7,7,WRITE,0x700003a8000,8192
0,burst_user7,7,READ,0x700003aa000,8192
0,burst_user7,7,READ,0x700003ac000,8192
0,burst_user7,7,WRITE,0x700003ae000,8192
0,burst_user7,7,READ,0x700003b0000,8192
0,burst_user7,7,READ,0x700003b2000,8192
0,burst_user7,7,WRITE,0x700003b4000,8192
0,burst_user7,7,READ,0x700003b6000,8192
0,burst_user7,7,READ,0x700003b8000,8192
0,burst_user7,7,WRITE,0x700003ba000,8192
0,burst_user7,7,READ,0x700003bc000,8192
0,burst_user7,7,READ,0x700003be000,8192
0,burst_user7,7,WRITE,0x700003c0000,8192
0,burst_user7,7,READ,0x700003c2000,8192
0,burst_user7,7,READ,0x700003c4000,8192
0,burst_user7,7,WRITE,0x700003c6000,8192
0,burst_user7,7,READ,0x700003c8000,8192
0,burst_user7,7,READ,0x700003ca000,8192
0,burst_user7,7,WRITE,0x700003cc000,8192
0,burst_user7,7,READ,0x700003ce000,8192
0,burst_user7,7,READ,0x700003d0000,8192
0,burst_user7,7,WRITE,0x700003d2000,8192
0,burst_user7,7,READ,0x700003d4000,8192
0,burst_user7,7,READ,0x700003d6000,8192
0,burst_user7,7,WRITE,0x700003d8000,8192
0,burst_user7,7,READ,0x700003da000,8192
0,burst_user7,7,READ,0x700003dc000,8192
0,burst_user7,7,WRITE,0x700003de000,8192
0,burst_user7,7,READ,0x700003e0000,8192
0,burst_user7,7,READ,0x700003e2000,8192
0,burst_user7,7,WRITE,0x700003e4000,8192
0,burst_user7,7,READ,0x700003e6000,8192
0,burst_user7,7,READ,0x700003e8000,8192
0,burst_user7,7,WRITE,0x700003ea000,8192
0,burst_user7,7,READ,0x700003ec000,8192
0,burst_user7,7,READ,0x700003ee000,8192
0,burst_user7,7,WRITE,0x700003f0000,8192
0,burst_user7,7,READ,0x700003f2000,8192
0,burst_user7,7,READ,0x700003f4000,8192
0,burst_user7,7,WRITE,0x700003f6000,8192
0,burst_user7,7,READ,0x700003f8000,8192
0,burst_user7,7,READ,0x700003fa000,8192
0,burst_user7,7,WRITE,0x700003fc000,8192
0,burst_user7,7,READ,0x700003fe000,8192
0,burst_user7,7,READ,0x70000400000,8192
0,burst_user7,7,WRITE,0x70000402000,8192
0,burst_user7,7,READ,0x70000404000,8192
0,burst_user7,7,READ,0x70000406000,8192
0,burst_user7,7,WRITE,0x70000408000,8192
0,burst_user7,7,READ,0x7000040a000,8192
0,burst_user7,7,READ,0x7000040c000,8192
0,burst_user7,7,WRITE,0x7000040e000,8192
0,burst_user7,7,READ,0x70000410000,8192
0,burst_user7,7,READ,0x70000412000,8192
0,burst_user7,7,WRITE,0x70000414000,8192
0,burst_user7,7,READ,0x70000416000,8192
0,burst_user7,7,READ,0x70000418000,8192
0,burst_user7,7,WRITE,0x7000041a000,8192
0,burst_user7,7,READ,0x7000041c000,8192
0,burst_user7,7,READ,0x7000041e000,8192
0,burst_user7,7,WRITE,0x70000420000,8192
0,burst_user7,7,READ,0x70000422000,8192
0,burst_user7,7,READ,0x70000424000,8192
0,burst_user7,7,WRITE,0x70000426000,8192
0,burst_user7,7,READ,0x70000428000,8192
0,burst_user7,7,READ,0x7000042a000,8192
0,burst_user7,7,WRITE,0x7000042c000,8192
0,burst_user7,7,READ,0x7000042e000,8192
0,burst_user7,7,READ,0x70000430000,8192
0,burst_user7,7,WRITE,0x70000432000,8192
0,burst_user7,7,READ,0x70000434000,8192
0,burst_user7,7,READ,0x70000436000,8192
0,burst_user7,7,WRITE,0x70000438000,8192
0,burst_user7,7,READ,0x7000043a000,8192
0,burst_user7,7,READ,0x7000043c000,8192
0,burst_user7,7,WRITE,0x7000043e000,8192
0,burst_user7,7,READ,0x70000440000,8192
0,burst_user7,7,READ,0x70000442000,8192
0,burst_user7,7,WRITE,0x70000444000,8192
0,burst_user7,7,READ,0x70000446000,8192
0,burst_user7,7,READ,0x70000448000,8192
0,burst_user7,7,WRITE,0x7000044a000,8192
0,burst_user7,7,READ,0x7000044c000,8192
0,burst_user7,7,READ,0x7000044e000,8192
0,burst_user7,7,WRITE,0x70000450000,8192
0,burst_user7,7,READ,0x70000452000,8192
0,burst_user7,7,READ,0x70000454000,8192
0,burst_user7,7,WRITE,0x70000456000,8192
0,burst_user7,7,READ,0x70000458000,8192
0,burst_user7,7,READ,0x7000045a000,8192
0,burst_user7,7,WRITE,0x7000045c000,8192
0,burst_user7,7,READ,0x7000045e000,8192
0,burst_user7,7,READ,0x70000460000,8192
0,burst_user7,7,WRITE,0x70000462000,8192
0,burst_user7,7,READ,0x70000464000,8192
0,burst_user7,7,READ,0x70000466000,8192
0,burst_user7,7,WRITE,0x70000468000,8192
0,burst_user7,7,READ,0x7000046a000,8192
0,burst_user7,7,READ,0x7000046c000,8192
0,burst_user7,7,WRITE,0x7000046e000,8192
0,burst_user7,7,READ,0x70000470000,8192
0,burst_user7,7,READ,0x70000472000,8192
0,burst_user7,7,WRITE,0x70000474000,8192
0,burst_user7,7,READ,0x70000476000,8192
0,burst_user7,7,READ,0x70000478000,8192
0,burst_user7,7,WRITE,0x7000047a000,8192
0,burst_user7,7,READ,0x7000047c000,8192
0,burst_user7,7,READ,0x7000047e000,8192
0,burst_user7,7,WRITE,0x70000480000,8192
0,burst_user7,7,READ,0x70000482000,8192
0,burst_user7,7,READ,0x70000484000,8192
0,burst_user7,7,WRITE,0x70000486000,8192
0,burst_user7,7,READ,0x70000488000,8192
0,burst_user7,7,READ,0x7000048a000,8192
0,burst_user7,7,WRITE,0x7000048c000,8192
0,burst_user7,7,READ,0x7000048e000,8192
0,burst_user7,7,READ,0x70000490000,8192
0,burst_user7,7,WRITE,0x70000492000,8192
0,burst_user7,7,READ,0x70000494000,8192
0,burst_user7,7,READ,0x70000496000,8192
0,burst_user7,7,WRITE,0x70000498000,8192
0,burst_user7,7,READ,0x7000049a000,8192
0,burst_user7,7,READ,0x7000049c000,8192
0,burst_user7,7,WRITE,0x7000049e000,8192
0,burst_user7,7,READ,0x700004a0000,8192
0,burst_user7,7,READ,0x700004a2000,8192
0,burst_user7,7,WRITE,0x700004a4000,8192
0,burst_user7,7,READ,0x700004a6000,8192
0,burst_user7,7,READ,0x700004a8000,8192
0,burst_user7,7,WRITE,0x700004aa000,8192
0,burst_user7,7,READ,0x700004ac000,8192
0,burst_user7,7,READ,0x700004ae000,8192
0,burst_user7,7,WRITE,0x700004b0000,8192
0,burst_user7,7,READ,0x700004b2000,8192
0,burst_user7,7,READ,0x700004b4000,8192
0,burst_user7,7,WRITE,0x700004b6000,8192
0,burst_user7,7,READ,0x700004b8000,8192
0,burst_user7,7,READ,0x700004ba000,8192
0,burst_user7,7,WRITE,0x700004bc000,8192
0,burst_user7,7,READ,0x700004be000,8192
0,burst_user7,7,READ,0x700004c0000,8192
0,burst_user7,7,WRITE,0x700004c2000,8192
0,burst_user7,7,READ,0x700004c4000,8192
0,burst_user7,7,READ,0x700004c6000,8192
0,burst_user7,7,WRITE,0x700004c8000,8192
0,burst_user7,7,READ,0x700004ca000,8192
0,burst_user7,7,READ,0x700004cc000,8192
0,burst_user7,7,WRITE,0x700004ce000,8192
0,burst_user7,7,READ,0x700004d0000,8192
0,burst_user7,7,READ,0x700004d2000,8192
0,burst_user7,7,WRITE,0x700004d4000,8192
0,burst_user7,7,READ,0x700004d6000,8192
0,burst_user7,7,READ,0x700004d8000,8192
0,burst_user7,7,WRITE,0x700004da000,8192
0,burst_user7,7,READ,0x700004dc000,8192
0,burst_user7,7,READ,0x700004de000,8192
0,burst_user7,7,WRITE,0x700004e0000,8192
0,burst_user7,7,READ,0x700004e2000,8192
0,burst_user7,7,READ,0x700004e4000,8192
0,burst_user7,7,WRITE,0x700004e6000,8192
0,burst_user7,7,READ,0x700004e8000,8192
0,burst_user7,7,READ,0x700004ea000,8192
0,burst_user7,7,WRITE,0x700004ec000,8192
0,burst_user7,7,READ,0x700004ee000,8192
0,burst_user7,7,READ,0x700004f0000,8192
0,burst_user7,7,WRITE,0x700004f2000,8192
0,burst_user7,7,READ,0x700004f4000,8192
0,burst_user7,7,READ,0x700004f6000,8192
0,burst_user7,7,WRITE,0x700004f8000,8192
0,burst_user7,7,READ,0x700004fa000,8192
0,burst_user7,7,READ,0x700004fc000,8192
0,burst_user7,7,WRITE,0x700004fe000,8192
0,burst_user7,7,READ,0x70000500000,8192
0,burst_user7,7,READ,0x70000502000,8192
0,burst_user7,7,WRITE,0x70000504000,8192
0,burst_user7,7,READ,0x70000506000,8192
0,burst_user7,7,READ,0x70000508000,8192
0,burst_user7,7,WRITE,0x7000050a000,8192
0,burst_user7,7,READ,0x7000050c000,8192
0,burst_user7,7,READ,0x7000050e000,8192
0,burst_user7,7,WRITE,0x70000510000,8192
0,burst_user7,7,READ,0x70000512000,8192
0,burst_user7,7,READ,0x70000514000,8192
0,burst_user7,7,WRITE,0x70000516000,8192
0,burst_user7,7,READ,0x70000518000,8192
0,burst_user7,7,READ,0x7000051a000,8192
0,burst_user7,7,WRITE,0x7000051c000,8192
0,burst_user7,7,READ,0x7000051e000,8192
0,burst_user7,7,READ,0x70000520000,8192
0,burst_user7,7,WRITE,0x70000522000,8192
0,burst_user7,7,READ,0x70000524000,8192
0,burst_user7,7,READ,0x70000526000,8192
0,burst_user7,7,WRITE,0x70000528000,8192
0,burst_user7,7,READ,0x7000052a000,8192
0,burst_user7,7,READ,0x7000052c000,8192
0,burst_user7,7,WRITE,0x7000052e000,8192
0,burst_user7,7,READ,0x70000530000,8192
0,burst_user7,7,READ,0x70000532000,8192
0,burst_user7,7,WRITE,0x70000534000,8192
0,burst_user7,7,READ,0x70000536000,8192
0,burst_user7,7,READ,0x70000538000,8192
0,burst_user7,7,WRITE,0x7000053a000,8192
0,burst_user7,7,READ,0x7000053c000,8192
0,burst_user7,7,READ,0x7000053e000,8192
0,burst_user7,7,WRITE,0x70000540000,8192
0,burst_user7,7,READ,0x70000542000,8192
0,burst_user7,7,READ,0x70000544000,8192
0,burst_user7,7,WRITE,0x70000546000,8192
0,burst_user7,7,READ,0x70000548000,8192
0,burst_user7,7,READ,0x7000054a000,8192
0,burst_user7,7,WRITE,0x7000054c000,8192
0,burst_user7,7,READ,0x7000054e000,8192
0,burst_user7,7,READ,0x70000550000,8192
0,burst_user7,7,WRITE,0x70000552000,8192
0,burst_user7,7,READ,0x70000554000,8192
0,burst_user7,7,READ,0x70000556000,8192
0,burst_user7,7,WRITE,0x70000558000,8192
0,burst_user7,7,READ,0x7000055a000,8192
0,burst_user7,7,READ,0x7000055c000,8192
0,burst_user7,7,WRITE,0x7000055e000,8192
0,burst_user7,7,READ,0x70000560000,8192
0,burst_user7,7,READ,0x70000562000,8192
0,burst_user7,7,WRITE,0x70000564000,8192
0,burst_user7,7,READ,0x70000566000,8192
0,burst_user7,7,READ,0x70000568000,8192
0,burst_user7,7,WRITE,0x7000056a000,8192
0,burst_user7,7,READ,0x7000056c000,8192
0,burst_user7,7,READ,0x7000056e000,8192
0,burst_user7,7,WRITE,0x70000570000,8192
0,burst_user7,7,READ,0x70000572000,8192
0,burst_user7,7,READ,0x70000574000,8192
0,burst_user7,7,WRITE,0x70000576000,8192
0,burst_user7,7,READ,0x70000578000,8192
0,burst_user7,7,READ,0x7000057a000,8192
0,burst_user7,7,WRITE,0x7000057c000,8192
0,burst_user7,7,READ,0x7000057e000,8192
0,burst_user7,7,READ,0x70000580000,8192
0,burst_user7,7,WRITE,0x70000582000,8192
0,burst_user7,7,READ,0x70000584000,8192
0,burst_user7,7,READ,0x70000586000,8192
0,burst_user7,7,WRITE,0x70000588000,8192
0,burst_user7,7,READ,0x7000058a000,8192
0,burst_user7,7,READ,0x7000058c000,8192
0,burst_user7,7,WRITE,0x7000058e000,8192
0,burst_user7,7,READ,0x70000590000,8192
0,burst_user7,7,READ,0x70000592000,8192
0,burst_user7,7,WRITE,0x70000594000,8192
0,burst_user7,7,READ,0x70000596000,8192
0,burst_user7,7,READ,0x70000598000,8192
0,burst_user7,7,WRITE,0x7000059a000,8192
0,burst_user7,7,READ,0x7000059c000,8192
0,burst_user7,7,READ,0x7000059e000,8192
0,burst_user7,7,WRITE,0x700005a0000,8192
0,burst_user7,7,READ,0x700005a2000,8192
0,burst_user7,7,READ,0x700005a4000,8192
0,burst_user7,7,WRITE,0x700005a6000,8192
0,burst_user7,7,READ,0x700005a8000,8192
0,burst_user7,7,READ,0x700005aa000,8192
0,burst_user7,7,WRITE,0x700005ac000,8192
0,burst_user7,7,READ,0x700005ae000,8192
0,burst_user7,7,READ,0x700005b0000,8192
0,burst_user7,7,WRITE,0x700005b2000,8192
0,burst_user7,7,READ,0x700005b4000,8192
0,burst_user7,7,READ,0x700005b6000,8192
0,burst_user7,7,WRITE,0x700005b8000,8192
0,burst_user7,7,READ,0x700005ba000,8192
0,burst_user7,7,READ,0x700005bc000,8192
0,burst_user7,7,WRITE,0x700005be000,8192
0,burst_user7,7,READ,0x700005c0000,8192
0,burst_user7,7,READ,0x700005c2000,8192
0,burst_user7,7,WRITE,0x700005c4000,8192
0,burst_user7,7,READ,0x700005c6000,8192
0,burst_user7,7,READ,0x700005c8000,8192
0,burst_user7,7,WRITE,0x700005ca000,8192
0,burst_user7,7,READ,0x700005cc000,8192
0,burst_user7,7,READ,0x700005ce000,8192
0,burst_user7,7,WRITE,0x700005d0000,8192
0,burst_user7,7,READ,0x700005d2000,8192
0,burst_user7,7,READ,0x700005d4000,8192
0,burst_user7,7,WRITE,0x700005d6000,8192
0,burst_user7,7,READ,0x700005d8000,8192
0,burst_user7,7,READ,0x700005da000,8192
0,burst_user7,7,WRITE,0x700005dc000,8192
0,burst_user7,7,READ,0x700005de000,8192
0,burst_user7,7,READ,0x700005e0000,8192
0,burst_user7,7,WRITE,0x700005e2000,8192
0,burst_user7,7,READ,0x700005e4000,8192
0,burst_user7,7,READ,0x700005e6000,8192
0,burst_user7,7,WRITE,0x700005e8000,8192
0,burst_user7,7,READ,0x700005ea000,8192
0,burst_user7,7,READ,0x700005ec000,8192
0,burst_user7,7,WRITE,0x700005ee000,8192
0,burst_user7,7,READ,0x700005f0000,8192
0,burst_user7,7,READ,0x700005f2000,8192
0,burst_user7,7,WRITE,0x700005f4000,8192
0,burst_user7,7,READ,0x700005f6000,8192
0,burst_user7,7,READ,0x700005f8000,8192
0,burst_user7,7,WRITE,0x700005fa000,8192
0,burst_user7,7,READ,0x700005fc000,8192
0,burst_user7,7,READ,0x700005fe000,8192
0,burst_user7,7,WRITE,0x70000600000,8192
0,burst_user7,7,READ,0x70000602000,8192
0,burst_user7,7,READ,0x70000604000,8192
0,burst_user7,7,WRITE,0x70000606000,8192
0,burst_user7,7,READ,0x70000608000,8192
0,burst_user7,7,READ,0x7000060a000,8192
0,burst_user7,7,WRITE,0x7000060c000,8192
0,burst_user7,7,READ,0x7000060e000,8192
0,burst_user7,7,READ,0x70000610000,8192
0,burst_user7,7,WRITE,0x70000612000,8192
0,burst_user7,7,READ,0x70000614000,8192
0,burst_user7,7,READ,0x70000616000,8192
0,burst_user7,7,WRITE,0x70000618000,8192
0,burst_user7,7,READ,0x7000061a000,8192
0,burst_user7,7,READ,0x7000061c000,8192
0,burst_user7,7,WRITE,0x7000061e000,8192
0,burst_user7,7,READ,0x70000620000,8192
0,burst_user7,7,READ,0x70000622000,8192
0,burst_user7,7,WRITE,0x70000624000,8192
0,burst_user7,7,READ,0x70000626000,8192
0,burst_user7,7,READ,0x70000628000,8192
0,burst_user7,7,WRITE,0x7000062a000,8192
0,burst_user7,7,READ,0x7000062c000,8192
0,burst_user7,7,READ,0x7000062e000,8192
0,burst_user7,7,WRITE,0x70000630000,8192
0,burst_user7,7,READ,0x70000632000,8192
0,burst_user7,7,READ,0x70000634000,8192
0,burst_user7,7,WRITE,0x70000636000,8192
0,burst_user7,7,READ,0x70000638000,8192
0,burst_user7,7,READ,0x7000063a000,8192
0,burst_user7,7,WRITE,0x7000063c000,8192
0,burst_user7,7,READ,0x7000063e000,8192
0,burst_user7,7,READ,0x70000640000,8192
0,burst_user7,7,WRITE,0x70000642000,8192
0,burst_user7,7,READ,0x70000644000,8192
0,burst_user7,7,READ,0x70000646000,8192
0,burst_user7,7,WRITE,0x70000648000,8192
0,burst_user7,7,READ,0x7000064a000,8192
0,burst_user7,7,READ,0x7000064c000,8192
0,burst_user7,7,WRITE,0x7000064e000,8192
0,burst_user7,7,READ,0x70000650000,8192
0,burst_user7,7,READ,0x70000652000,8192
0,burst_user7,7,WRITE,0x70000654000,8192
0,burst_user7,7,READ,0x70000656000,8192
0,burst_user7,7,READ,0x70000658000,8192
0,burst_user7,7,WRITE,0x7000065a000,8192
0,burst_user7,7,READ,0x7000065c000,8192
0,burst_user7,7,READ,0x7000065e000,8192
0,burst_user7,7,WRITE,0x70000660000,8192
0,burst_user7,7,READ,0x70000662000,8192
0,burst_user7,7,READ,0x70000664000,8192
0,burst_user7,7,WRITE,0x70000666000,8192
0,burst_user7,7,READ,0x70000668000,8192
0,burst_user7,7,READ,0x7000066a000,8192
0,burst_user7,7,WRITE,0x7000066c000,8192
0,burst_user7,7,READ,0x7000066e000,8192
0,burst_user7,7,READ,0x70000670000,8192
0,burst_user7,7,WRITE,0x70000672000,8192
0,burst_user7,7,READ,0x70000674000,8192
0,burst_user7,7,READ,0x70000676000,8192
0,burst_user7,7,WRITE,0x70000678000,8192
0,burst_user7,7,READ,0x7000067a000,8192
0,burst_user7,7,READ,0x7000067c000,8192
0,burst_user7,7,WRITE,0x7000067e000,8192
0,burst_user7,7,READ,0x70000680000,8192
0,burst_user7,7,READ,0x70000682000,8192
0,burst_user7,7,WRITE,0x70000684000,8192
0,burst_user7,7,READ,0x70000686000,8192
0,burst_user7,7,READ,0x70000688000,8192
0,burst_user7,7,WRITE,0x7000068a000,8192
0,burst_user7,7,READ,0x7000068c000,8192
0,burst_user7,7,READ,0x7000068e000,8192
0,burst_user7,7,WRITE,0x70000690000,8192
0,burst_user7,7,READ,0x70000692000,8192
0,burst_user7,7,READ,0x70000694000,8192
0,burst_user7,7,WRITE,0x70000696000,8192
0,burst_user7,7,READ,0x70000698000,8192
0,burst_user7,7,READ,0x7000069a000,8192
0,burst_user7,7,WRITE,0x7000069c000,8192
0,burst_user7,7,READ,0x7000069e000,8192
0,burst_user7,7,READ,0x700006a0000,8192
0,burst_user7,7,WRITE,0x700006a2000,8192
0,burst_user7,7,READ,0x700006a4000,8192
0,burst_user7,7,READ,0x700006a6000,8192
0,burst_user7,7,WRITE,0x700006a8000,8192
0,burst_user7,7,READ,0x700006aa000,8192
0,burst_user7,7,READ,0x700006ac000,8192
0,burst_user7,7,WRITE,0x700006ae000,8192
0,burst_user7,7,READ,0x700006b0000,8192
0,burst_user7,7,READ,0x700006b2000,8192
0,burst_user7,7,WRITE,0x700006b4000,8192
0,burst_user7,7,READ,0x700006b6000,8192
0,burst_user7,7,READ,0x700006b8000,8192
0,burst_user7,7,WRITE,0x700006ba000,8192
0,burst_user7,7,READ,0x700006bc000,8192
0,burst_user7,7,READ,0x700006be000,8192
0,burst_user7,7,WRITE,0x700006c0000,8192
0,burst_user7,7,READ,0x700006c2000,8192
0,burst_user7,7,READ,0x700006c4000,8192
0,burst_user7,7,WRITE,0x700006c6000,8192
0,burst_user7,7,READ,0x700006c8000,8192
0,burst_user7,7,READ,0x700006ca000,8192
0,burst_user7,7,WRITE,0x700006cc000,8192
0,burst_user7,7,READ,0x700006ce000,8192
0,burst_user7,7,READ,0x700006d0000,8192
0,burst_user7,7,WRITE,0x700006d2000,8192
0,burst_user7,7,READ,0x700006d4000,8192
0,burst_user7,7,READ,0x700006d6000,8192
0,burst_user7,7,WRITE,0x700006d8000,8192
0,burst_user7,7,READ,0x700006da000,8192
0,burst_user7,7,READ,0x700006dc000,8192
0,burst_user7,7,WRITE,0x700006de000,8192
0,burst_user7,7,READ,0x700006e0000,8192
0,burst_user7,7,READ,0x700006e2000,8192
0,burst_user7,7,WRITE,0x700006e4000,8192
0,burst_user7,7,READ,0x700006e6000,8192
0,burst_user7,7,READ,0x700006e8000,8192
0,burst_user7,7,WRITE,0x700006ea000,8192
0,burst_user7,7,READ,0x700006ec000,8192
0,burst_user7,7,READ,0x700006ee000,8192
0,burst_user7,7,WRITE,0x700006f0000,8192
0,burst_user7,7,READ,0x700006f2000,8192
0,burst_user7,7,READ,0x700006f4000,8192
0,burst_user7,7,WRITE,0x700006f6000,8192
0,burst_user7,7,READ,0x700006f8000,8192
0,burst_user7,7,READ,0x700006fa000,8192
0,burst_user7,7,WRITE,0x700006fc000,8192
0,burst_user7,7,READ,0x700006fe000,8192
0,burst_user7,7,READ,0x70000700000,8192
0,burst_user7,7,WRITE,0x70000702000,8192
0,burst_user7,7,READ,0x70000704000,8192
0,burst_user7,7,READ,0x70000706000,8192
0,burst_user7,7,WRITE,0x70000708000,8192
0,burst_user7,7,READ,0x7000070a000,8192
0,burst_user7,7,READ,0x7000070c000,8192
0,burst_user7,7,WRITE,0x7000070e000,8192
0,burst_user7,7,READ,0x70000710000,8192
0,burst_user7,7,READ,0x70000712000,8192
0,burst_user7,7,WRITE,0x70000714000,8192
0,burst_user7,7,READ,0x70000716000,8192
0,burst_user7,7,READ,0x70000718000,8192
0,burst_user7,7,WRITE,0x7000071a000,8192
0,burst_user7,7,READ,0x7000071c000,8192
0,burst_user7,7,READ,0x7000071e000,8192
0,burst_user7,7,WRITE,0x70000720000,8192
0,burst_user7,7,READ,0x70000722000,8192
0,burst_user7,7,READ,0x70000724000,8192
0,burst_user7,7,WRITE,0x70000726000,8192
0,burst_user7,7,READ,0x70000728000,8192
0,burst_user7,7,READ,0x7000072a000,8192
0,burst_user7,7,WRITE,0x7000072c000,8192
0,burst_user7,7,READ,0x7000072e000,8192
0,burst_user7,7,READ,0x70000730000,8192
0,burst_user7,7,WRITE,0x70000732000,8192
0,burst_user7,7,READ,0x70000734000,8192
0,burst_user7,7,READ,0x70000736000,8192
0,burst_user7,7,WRITE,0x70000738000,8192
0,burst_user7,7,READ,0x7000073a000,8192
0,burst_user7,7,READ,0x7000073c000,8192
0,burst_user7,7,WRITE,0x7000073e000,8192
0,burst_user7,7,READ,0x70000740000,8192
0,burst_user7,7,READ,0x70000742000,8192
0,burst_user7,7,WRITE,0x70000744000,8192
0,burst_user7,7,READ,0x70000746000,8192
0,burst_user7,7,READ,0x70000748000,8192
0,burst_user7,7,WRITE,0x7000074a000,8192
0,burst_user7,7,READ,0x7000074c000,8192
0,burst_user7,7,READ,0x7000074e000,8192
0,burst_user7,7,WRITE,0x70000750000,8192
0,burst_user7,7,READ,0x70000752000,8192
0,burst_user7,7,READ,0x70000754000,8192
0,burst_user7,7,WRITE,0x70000756000,8192
0,burst_user7,7,READ,0x70000758000,8192
0,burst_user7,7,READ,0x7000075a000,8192
0,burst_user7,7,WRITE,0x7000075c000,8192
0,burst_user7,7,READ,0x7000075e000,8192
0,burst_user7,7,READ,0x70000760000,8192
0,burst_user7,7,WRITE,0x70000762000,8192
0,burst_user7,7,READ,0x70000764000,8192
0,burst_user7,7,READ,0x70000766000,8192
0,burst_user7,7,WRITE,0x70000768000,8192
0,burst_user7,7,READ,0x7000076a000,8192
0,burst_user7,7,READ,0x7000076c000,8192
0,burst_user7,7,WRITE,0x7000076e000,8192
0,burst_user7,7,READ,0x70000770000,8192
0,burst_user7,7,READ,0x70000772000,8192
0,burst_user7,7,WRITE,0x70000774000,8192
0,burst_user7,7,READ,0x70000776000,8192
0,burst_user7,7,READ,0x70000778000,8192
0,burst_user7,7,WRITE,0x7000077a000,8192
0,burst_user7,7,READ,0x7000077c000,8192
0,burst_user7,7,READ,0x7000077e000,8192
0,burst_user7,7,WRITE,0x70000780000,8192
0,burst_user7,7,READ,0x70000782000,8192
0,burst_user7,7,READ,0x70000784000,8192
0,burst_user7,7,WRITE,0x70000786000,8192
0,burst_user7,7,READ,0x70000788000,8192
0,burst_user7,7,READ,0x7000078a000,8192
0,burst_user7,7,WRITE,0x7000078c000,8192
0,burst_user7,7,READ,0x7000078e000,8192
0,burst_user7,7,READ,0x70000790000,8192
0,burst_user7,7,WRITE,0x70000792000,8192
0,burst_user7,7,READ,0x70000794000,8192
0,burst_user7,7,READ,0x70000796000,8192
0,burst_user7,7,WRITE,0x70000798000,8192
0,burst_user7,7,READ,0x7000079a000,8192
0,burst_user7,7,READ,0x7000079c000,8192
0,burst_user7,7,WRITE,0x7000079e000,8192
0,burst_user7,7,READ,0x700007a0000,8192
0,burst_user7,7,READ,0x700007a2000,8192
0,burst_user7,7,WRITE,0x700007a4000,8192
0,burst_user7,7,READ,0x700007a6000,8192
0,burst_user7,7,READ,0x700007a8000,8192
0,burst_user7,7,WRITE,0x700007aa000,8192
0,burst_user7,7,READ,0x700007ac000,8192
0,burst_user7,7,READ,0x700007ae000,8192
0,burst_user7,7,WRITE,0x700007b0000,8192
0,burst_user7,7,READ,0x700007b2000,8192
0,burst_user7,7,READ,0x700007b4000,8192
0,burst_user7,7,WRITE,0x700007b6000,8192
0,burst_user7,7,READ,0x700007b8000,8192
0,burst_user7,7,READ,0x700007ba000,8192
0,burst_user7,7,WRITE,0x700007bc000,8192
0,burst_user7,7,READ,0x700007be000,8192
0,burst_user7,7,READ,0x700007c0000,8192
0,burst_user7,7,WRITE,0x700007c2000,8192
0,burst_user7,7,READ,0x700007c4000,8192
0,burst_user7,7,READ,0x700007c6000,8192
0,burst_user7,7,WRITE,0x700007c8000,8192
0,burst_user7,7,READ,0x700007ca000,8192
0,burst_user7,7,READ,0x700007cc000,8192
0,burst_user7,7,WRITE,0x700007ce000,8192
0,burst_user7,7,READ,0x700007d0000,8192
0,burst_user7,7,READ,0x700007d2000,8192
0,burst_user7,7,WRITE,0x700007d4000,8192
0,burst_user7,7,READ,0x700007d6000,8192
0,burst_user7,7,READ,0x700007d8000,8192
0,burst_user7,7,WRITE,0x700007da000,8192
0,burst_user7,7,READ,0x700007dc000,8192
0,burst_user7,7,READ,0x700007de000,8192
0,burst_user7,7,WRITE,0x700007e0000,8192
0,burst_user7,7,READ,0x700007e2000,8192
0,burst_user7,7,READ,0x700007e4000,8192
0,burst_user7,7,WRITE,0x700007e6000,8192
0,burst_user7,7,READ,0x700007e8000,8192
0,burst_user7,7,READ,0x700007ea000,8192
0,burst_user7,7,WRITE,0x700007ec000,8192
0,burst_user7,7,READ,0x700007ee000,8192
0,burst_user7,7,READ,0x700007f0000,8192
0,burst_user7,7,WRITE,0x700007f2000,8192
0,burst_user7,7,READ,0x700007f4000,8192
0,burst_user7,7,READ,0x700007f6000,8192
0,burst_user7,7,WRITE,0x700007f8000,8192
0,burst_user7,7,READ,0x700007fa000,8192
0,burst_user7,7,READ,0x700007fc000,8192
0,burst_user7,7,WRITE,0x700007fe000,8192
0,burst_user7,7,READ,0x70000800000,8192
0,burst_user7,7,READ,0x70000802000,8192
0,burst_user7,7,WRITE,0x70000804000,8192
0,burst_user7,7,READ,0x70000806000,8192
0,burst_user7,7,READ,0x70000808000,8192
0,burst_user7,7,WRITE,0x7000080a000,8192
0,burst_user7,7,READ,0x7000080c000,8192
0,burst_user7,7,READ,0x7000080e000,8192
0,burst_user7,7,WRITE,0x70000810000,8192
0,burst_user7,7,READ,0x70000812000,8192
0,burst_user7,7,READ,0x70000814000,8192
0,burst_user7,7,WRITE,0x70000816000,8192
0,burst_user7,7,READ,0x70000818000,8192
0,burst_user7,7,READ,0x7000081a000,8192
0,burst_user7,7,WRITE,0x7000081c000,8192
0,burst_user7,7,READ,0x7000081e000,8192
0,burst_user7,7,READ,0x70000820000,8192
0,burst_user7,7,WRITE,0x70000822000,8192
0,burst_user7,7,READ,0x70000824000,8192
0,burst_user7,7,READ,0x70000826000,8192
0,burst_user7,7,WRITE,0x70000828000,8192
0,burst_user7,7,READ,0x7000082a000,8192
0,burst_user7,7,READ,0x7000082c000,8192
0,burst_user7,7,WRITE,0x7000082e000,8192
0,burst_user7,7,READ,0x70000830000,8192
0,burst_user7,7,READ,0x70000832000,8192
0,burst_user7,7,WRITE,0x70000834000,8192
0,burst_user7,7,READ,0x70000836000,8192
0,burst_user7,7,READ,0x70000838000,8192
0,burst_user7,7,WRITE,0x7000083a000,8192
0,burst_user7,7,READ,0x7000083c000,8192
0,burst_user7,7,READ,0x7000083e000,8192
0,burst_user7,7,WRITE,0x70000840000,8192
0,burst_user7,7,READ,0x70000842000,8192
0,burst_user7,7,READ,0x70000844000,8192
0,burst_user7,7,WRITE,0x70000846000,8192
0,burst_user7,7,READ,0x70000848000,8192
0,burst_user7,7,READ,0x7000084a000,8192
0,burst_user7,7,WRITE,0x7000084c000,8192
0,burst_user7,7,READ,0x7000084e000,8192
0,burst_user7,7,READ,0x70000850000,8192
0,burst_user7,7,WRITE,0x70000852000,8192
0,burst_user7,7,READ,0x70000854000,8192
0,burst_user7,7,READ,0x70000856000,8192
0,burst_user7,7,WRITE,0x70000858000,8192
0,burst_user7,7,READ,0x7000085a000,8192
0,burst_user7,7,READ,0x7000085c000,8192
0,burst_user7,7,WRITE,0x7000085e000,8192
0,burst_user7,7,READ,0x70000860000,8192
0,burst_user7,7,READ,0x70000862000,8192
0,burst_user7,7,WRITE,0x70000864000,8192
0,burst_user7,7,READ,0x70000866000,8192
0,burst_user7,7,READ,0x70000868000,8192
0,burst_user7,7,WRITE,0x7000086a000,8192
0,burst_user7,7,READ,0x7000086c000,8192
0,burst_user7,7,READ,0x7000086e000,8192
0,burst_user7,7,WRITE,0x70000870000,8192
0,burst_user7,7,READ,0x70000872000,8192
0,burst_user7,7,READ,0x70000874000,8192
0,burst_user7,7,WRITE,0x70000876000,8192
0,burst_user7,7,READ,0x70000878000,8192
0,burst_user7,7,READ,0x7000087a000,8192
0,burst_user7,7,WRITE,0x7000087c000,8192
0,burst_user7,7,READ,0x7000087e000,8192
0,burst_user7,7,READ,0x70000880000,8192
0,burst_user7,7,WRITE,0x70000882000,8192
0,burst_user7,7,READ,0x70000884000,8192
0,burst_user7,7,READ,0x70000886000,8192
0,burst_user7,7,WRITE,0x70000888000,8192
0,burst_user7,7,READ,0x7000088a000,8192
0,burst_user7,7,READ,0x7000088c000,8192
0,burst_user7,7,WRITE,0x7000088e000,8192
0,burst_user7,7,READ,0x70000890000,8192
0,burst_user7,7,READ,0x70000892000,8192
0,burst_user7,7,WRITE,0x70000894000,8192
0,burst_user7,7,READ,0x70000896000,8192
0,burst_user7,7,READ,0x70000898000,8192
0,burst_user7,7,WRITE,0x7000089a000,8192
0,burst_user7,7,READ,0x7000089c000,8192
0,burst_user7,7,READ,0x7000089e000,8192
0,burst_user7,7,WRITE,0x700008a0000,8192
0,burst_user7,7,READ,0x700008a2000,8192
0,burst_user7,7,READ,0x700008a4000,8192
0,burst_user7,7,WRITE,0x700008a6000,8192
0,burst_user7,7,READ,0x700008a8000,8192
0,burst_user7,7,READ,0x700008aa000,8192
0,burst_user7,7,WRITE,0x700008ac000,8192
0,burst_user7,7,READ,0x700008ae000,8192
0,burst_user7,7,READ,0x700008b0000,8192
0,burst_user7,7,WRITE,0x700008b2000,8192
0,burst_user7,7,READ,0x700008b4000,8192
0,burst_user7,7,READ,0x700008b6000,8192
0,burst_user7,7,WRITE,0x700008b8000,8192
0,burst_user7,7,READ,0x700008ba000,8192
0,burst_user7,7,READ,0x700008bc000,8192
0,burst_user7,7,WRITE,0x700008be000,8192
0,burst_user7,7,READ,0x700008c0000,8192
0,burst_user7,7,READ,0x700008c2000,8192
0,burst_user7,7,WRITE,0x700008c4000,8192
0,burst_user7,7,READ,0x700008c6000,8192
0,burst_user7,7,READ,0x700008c8000,8192
0,burst_user7,7,WRITE,0x700008ca000,8192
0,burst_user7,7,READ,0x700008cc000,8192
0,burst_user7,7,READ,0x700008ce000,8192
0,burst_user7,7,WRITE,0x700008d0000,8192
0,burst_user7,7,READ,0x700008d2000,8192
0,burst_user7,7,READ,0x700008d4000,8192
0,burst_user7,7,WRITE,0x700008d6000,8192
0,burst_user7,7,READ,0x700008d8000,8192
0,burst_user7,7,READ,0x700008da000,8192
0,burst_user7,7,WRITE,0x700008dc000,8192
0,burst_user7,7,READ,0x700008de000,8192
0,burst_user7,7,READ,0x700008e0000,8192
0,burst_user7,7,WRITE,0x700008e2000,8192
0,burst_user7,7,READ,0x700008e4000,8192
0,burst_user7,7,READ,0x700008e6000,8192
0,burst_user7,7,WRITE,0x700008e8000,8192
0,burst_user7,7,READ,0x700008ea000,8192
0,burst_user7,7,READ,0x700008ec000,8192
0,burst_user7,7,WRITE,0x700008ee000,8192
0,burst_user7,7,READ,0x700008f0000,8192
0,burst_user7,7,READ,0x700008f2000,8192
0,burst_user7,7,WRITE,0x700008f4000,8192
0,burst_user7,7,READ,0x700008f6000,8192
0,burst_user7,7,READ,0x700008f8000,8192
0,burst_user7,7,WRITE,0x700008fa000,8192
0,burst_user7,7,READ,0x700008fc000,8192
0,burst_user7,7,READ,0x700008fe000,8192
0,burst_user7,7,WRITE,0x70000900000,8192
0,burst_user7,7,READ,0x70000902000,8192
0,burst_user7,7,READ,0x70000904000,8192
0,burst_user7,7,WRITE,0x70000906000,8192
0,burst_user7,7,READ,0x70000908000,8192
0,burst_user7,7,READ,0x7000090a000,8192
0,burst_user7,7,WRITE,0x7000090c000,8192
0,burst_user7,7,READ,0x7000090e000,8192
0,burst_user7,7,READ,0x70000910000,8192
0,burst_user7,7,WRITE,0x70000912000,8192
0,burst_user7,7,READ,0x70000914000,8192
0,burst_user7,7,READ,0x70000916000,8192
0,burst_user7,7,WRITE,0x70000918000,8192
0,burst_user7,7,READ,0x7000091a000,8192
0,burst_user7,7,READ,0x7000091c000,8192
0,burst_user7,7,WRITE,0x7000091e000,8192
0,burst_user7,7,READ,0x70000920000,8192
0,burst_user7,7,READ,0x70000922000,8192
0,burst_user7,7,WRITE,0x70000924000,8192
0,burst_user7,7,READ,0x70000926000,8192
0,burst_user7,7,READ,0x70000928000,8192
0,burst_user7,7,WRITE,0x7000092a000,8192
0,burst_user7,7,READ,0x7000092c000,8192
0,burst_user7,7,READ,0x7000092e000,8192
0,burst_user7,7,WRITE,0x70000930000,8192
0,burst_user7,7,READ,0x70000932000,8192
0,burst_user7,7,READ,0x70000934000,8192
0,burst_user7,7,WRITE,0x70000936000,8192
0,burst_user7,7,READ,0x70000938000,8192
0,burst_user7,7,READ,0x7000093a000,8192
0,burst_user7,7,WRITE,0x7000093c000,8192
0,burst_user7,7,READ,0x7000093e000,8192
0,burst_user7,7,READ,0x70000940000,8192
0,burst_user7,7,WRITE,0x70000942000,8192
0,burst_user7,7,READ,0x70000944000,8192
0,burst_user7,7,READ,0x70000946000,8192
0,burst_user7,7,WRITE,0x70000948000,8192
0,burst_user7,7,READ,0x7000094a000,8192
0,burst_user7,7,READ,0x7000094c000,8192
0,burst_user7,7,WRITE,0x7000094e000,8192
0,burst_user7,7,READ,0x70000950000,8192
0,burst_user7,7,READ,0x70000952000,8192
0,burst_user7,7,WRITE,0x70000954000,8192
0,burst_user7,7,READ,0x70000956000,8192
0,burst_user7,7,READ,0x70000958000,8192
0,burst_user7,7,WRITE,0x7000095a000,8192
0,burst_user7,7,READ,0x7000095c000,8192
0,burst_user7,7,READ,0x7000095e000,8192
0,burst_user7,7,WRITE,0x70000960000,8192
0,burst_user7,7,READ,0x70000962000,8192
0,burst_user7,7,READ,0x70000964000,8192
0,burst_user7,7,WRITE,0x70000966000,8192
0,burst_user7,7,READ,0x70000968000,8192
0,burst_user7,7,READ,0x7000096a000,8192
0,burst_user7,7,WRITE,0x7000096c000,8192
0,burst_user7,7,READ,0x7000096e000,8192
0,burst_user7,7,READ,0x70000970000,8192
0,burst_user7,7,WRITE,0x70000972000,8192
0,burst_user7,7,READ,0x70000974000,8192
0,burst_user7,7,READ,0x70000976000,8192
0,burst_user7,7,WRITE,0x70000978000,8192
0,burst_user7,7,READ,0x7000097a000,8192
0,burst_user7,7,READ,0x7000097c000,8192
0,burst_user7,7,WRITE,0x7000097e000,8192
0,burst_user7,7,READ,0x70000980000,8192
0,burst_user7,7,READ,0x70000982000,8192
0,burst_user7,7,WRITE,0x70000984000,8192
0,burst_user7,7,READ,0x70000986000,8192
0,burst_user7,7,READ,0x70000988000,8192
0,burst_user7,7,WRITE,0x7000098a000,8192
0,burst_user7,7,READ,0x7000098c000,8192
0,burst_user7,7,READ,0x7000098e000,8192
0,burst_user7,7,WRITE,0x70000990000,8192
0,burst_user7,7,READ,0x70000992000,8192
0,burst_user7,7,READ,0x70000994000,8192
0,burst_user7,7,WRITE,0x70000996000,8192
0,burst_user7,7,READ,0x70000998000,8192
0,burst_user7,7,READ,0x7000099a000,8192
0,burst_user7,7,WRITE,0x7000099c000,8192
0,burst_user7,7,READ,0x7000099e000,8192
0,burst_user7,7,READ,0x700009a0000,8192
0,burst_user7,7,WRITE,0x700009a2000,8192
0,burst_user7,7,READ,0x700009a4000,8192
0,burst_user7,7,READ,0x700009a6000,8192
0,burst_user7,7,WRITE,0x700009a8000,8192
0,burst_user7,7,READ,0x700009aa000,8192
0,burst_user7,7,READ,0x700009ac000,8192
0,burst_user7,7,WRITE,0x700009ae000,8192
0,burst_user7,7,READ,0x700009b0000,8192
0,burst_user7,7,READ,0x700009b2000,8192
0,burst_user7,7,WRITE,0x700009b4000,8192
0,burst_user7,7,READ,0x700009b6000,8192
0,burst_user7,7,READ,0x700009b8000,8192
0,burst_user7,7,WRITE,0x700009ba000,8192
0,burst_user7,7,READ,0x700009bc000,8192
0,burst_user7,7,READ,0x700009be000,8192
0,burst_user7,7,WRITE,0x700009c0000,8192
0,burst_user7,7,READ,0x700009c2000,8192
0,burst_user7,7,READ,0x700009c4000,8192
0,burst_user7,7,WRITE,0x700009c6000,8192
0,burst_user7,7,READ,0x700009c8000,8192
0,burst_user7,7,READ,0x700009ca000,8192
0,burst_user7,7,WRITE,0x700009cc000,8192
0,burst_user7,7,READ,0x700009ce000,8192
0,burst_user7,7,READ,0x700009d0000,8192
0,burst_user7,7,WRITE,0x700009d2000,8192
0,burst_user7,7,READ,0x700009d4000,8192
0,burst_user7,7,READ,0x700009d6000,8192
0,burst_user7,7,WRITE,0x700009d8000,8192
0,burst_user7,7,READ,0x700009da000,8192
0,burst_user7,7,READ,0x700009dc000,8192
0,burst_user7,7,WRITE,0x700009de000,8192
0,burst_user7,7,READ,0x700009e0000,8192
0,burst_user7,7,READ,0x700009e2000,8192
0,burst_user7,7,WRITE,0x700009e4000,8192
0,burst_user7,7,READ,0x700009e6000,8192
0,burst_user7,7,READ,0x700009e8000,8192
0,burst_user7,7,WRITE,0x700009ea000,8192
0,burst_user7,7,READ,0x700009ec000,8192
0,burst_user7,7,READ,0x700009ee000,8192
0,burst_user7,7,WRITE,0x700009f0000,8192
0,burst_user7,7,READ,0x700009f2000,8192
0,burst_user7,7,READ,0x700009f4000,8192
0,burst_user7,7,WRITE,0x700009f6000,8192
0,burst_user7,7,READ,0x700009f8000,8192
0,burst_user7,7,READ,0x700009fa000,8192
0,burst_user7,7,WRITE,0x700009fc000,8192
0,burst_user7,7,READ,0x700009fe000,8192
0,burst_user7,7,READ,0x70000a00000,8192
0,burst_user7,7,WRITE,0x70000a02000,8192
0,burst_user7,7,READ,0x70000a04000,8192
0,burst_user7,7,READ,0x70000a06000,8192
0,burst_user7,7,WRITE,0x70000a08000,8192
0,burst_user7,7,READ,0x70000a0a000,8192
0,burst_user7,7,READ,0x70000a0c000,8192
0,burst_user7,7,WRITE,0x70000a0e000,8192
0,burst_user7,7,READ,0x70000a10000,8192
0,burst_user7,7,READ,0x70000a12000,8192
0,burst_user7,7,WRITE,0x70000a14000,8192
0,burst_user7,7,READ,0x70000a16000,8192
0,burst_user7,7,READ,0x70000a18000,8192
0,burst_user7,7,WRITE,0x70000a1a000,8192
0,burst_user7,7,READ,0x70000a1c000,8192
0,burst_user7,7,READ,0x70000a1e000,8192
0,burst_user7,7,WRITE,0x70000a20000,8192
0,burst_user7,7,READ,0x70000a22000,8192
0,burst_user7,7,READ,0x70000a24000,8192
0,burst_user7,7,WRITE,0x70000a26000,8192
0,burst_user7,7,READ,0x70000a28000,8192
0,burst_user7,7,READ,0x70000a2a000,8192
0,burst_user7,7,WRITE,0x70000a2c000,8192
0,burst_user7,7,READ,0x70000a2e000,8192
0,burst_user7,7,READ,0x70000a30000,8192
0,burst_user7,7,WRITE,0x70000a32000,8192
0,burst_user7,7,READ,0x70000a34000,8192
0,burst_user7,7,READ,0x70000a36000,8192
0,burst_user7,7,WRITE,0x70000a38000,8192
0,burst_user7,7,READ,0x70000a3a000,8192
0,burst_user7,7,READ,0x70000a3c000,8192
0,burst_user7,7,WRITE,0x70000a3e000,8192
0,burst_user7,7,READ,0x70000a40000,8192
0,burst_user7,7,READ,0x70000a42000,8192
0,burst_user7,7,WRITE,0x70000a44000,8192
0,burst_user7,7,READ,0x70000a46000,8192
0,burst_user7,7,READ,0x70000a48000,8192
0,burst_user7,7,WRITE,0x70000a4a000,8192
0,burst_user7,7,READ,0x70000a4c000,8192
0,burst_user7,7,READ,0x70000a4e000,8192
0,burst_user7,7,WRITE,0x70000a50000,8192
0,burst_user7,7,READ,0x70000a52000,8192
0,burst_user7,7,READ,0x70000a54000,8192
0,burst_user7,7,WRITE,0x70000a56000,8192
0,burst_user7,7,READ,0x70000a58000,8192
0,burst_user7,7,READ,0x70000a5a000,8192
0,burst_user7,7,WRITE,0x70000a5c000,8192
0,burst_user7,7,READ,0x70000a5e000,8192
0,burst_user7,7,READ,0x70000a60000,8192
0,burst_user7,7,WRITE,0x70000a62000,8192
0,burst_user7,7,READ,0x70000a64000,8192
0,burst_user7,7,READ,0x70000a66000,8192
0,burst_user7,7,WRITE,0x70000a68000,8192
0,burst_user7,7,READ,0x70000a6a000,8192
0,burst_user7,7,READ,0x70000a6c000,8192
0,burst_user7,7,WRITE,0x70000a6e000,8192
0,burst_user7,7,READ,0x70000a70000,8192
0,burst_user7,7,READ,0x70000a72000,8192
0,burst_user7,7,WRITE,0x70000a74000,8192
0,burst_user7,7,READ,0x70000a76000,8192
0,burst_user7,7,READ,0x70000a78000,8192
0,burst_user7,7,WRITE,0x70000a7a000,8192
0,burst_user7,7,READ,0x70000a7c000,8192
0,burst_user7,7,READ,0x70000a7e000,8192
0,burst_user7,7,WRITE,0x70000a80000,8192
0,burst_user7,7,READ,0x70000a82000,8192
0,burst_user7,7,READ,0x70000a84000,8192
0,burst_user7,7,WRITE,0x70000a86000,8192
0,burst_user7,7,READ,0x70000a88000,8192
0,burst_user7,7,READ,0x70000a8a000,8192
0,burst_user7,7,WRITE,0x70000a8c000,8192
0,burst_user7,7,READ,0x70000a8e000,8192
0,burst_user7,7,READ,0x70000a90000,8192
0,burst_user7,7,WRITE,0x70000a92000,8192
0,burst_user7,7,READ,0x70000a94000,8192
0,burst_user7,7,READ,0x70000a96000,8192
0,burst_user7,7,WRITE,0x70000a98000,8192
0,burst_user7,7,READ,0x70000a9a000,8192
0,burst_user7,7,READ,0x70000a9c000,8192
0,burst_user7,7,WRITE,0x70000a9e000,8192
0,burst_user7,7,READ,0x70000aa0000,8192
0,burst_user7,7,READ,0x70000aa2000,8192
0,burst_user7,7,WRITE,0x70000aa4000,8192
0,burst_user7,7,READ,0x70000aa6000,8192
0,burst_user7,7,READ,0x70000aa8000,8192
0,burst_user7,7,WRITE,0x70000aaa000,8192
0,burst_user7,7,READ,0x70000aac000,8192
0,burst_user7,7,READ,0x70000aae000,8192
0,burst_user7,7,WRITE,0x70000ab0000,8192
0,burst_user7,7,READ,0x70000ab2000,8192
0,burst_user7,7,READ,0x70000ab4000,8192
0,burst_user7,7,WRITE,0x70000ab6000,8192
0,burst_user7,7,READ,0x70000ab8000,8192
0,burst_user7,7,READ,0x70000aba000,8192
0,burst_user7,7,WRITE,0x70000abc000,8192
0,burst_user7,7,READ,0x70000abe000,8192
0,burst_user7,7,READ,0x70000ac0000,8192
0,burst_user7,7,WRITE,0x70000ac2000,8192
0,burst_user7,7,READ,0x70000ac4000,8192
0,burst_user7,7,READ,0x70000ac6000,8192
0,burst_user7,7,WRITE,0x70000ac8000,8192
0,burst_user7,7,READ,0x70000aca000,8192
0,burst_user7,7,READ,0x70000acc000,8192
0,burst_user7,7,WRITE,0x70000ace000,8192
0,burst_user7,7,READ,0x70000ad0000,8192
0,burst_user7,7,READ,0x70000ad2000,8192
0,burst_user7,7,WRITE,0x70000ad4000,8192
0,burst_user7,7,READ,0x70000ad6000,8192
0,burst_user7,7,READ,0x70000ad8000,8192
0,burst_user7,7,WRITE,0x70000ada000,8192
0,burst_user7,7,READ,0x70000adc000,8192
0,burst_user7,7,READ,0x70000ade000,8192
0,burst_user7,7,WRITE,0x70000ae0000,8192
0,burst_user7,7,READ,0x70000ae2000,8192
0,burst_user7,7,READ,0x70000ae4000,8192
0,burst_user7,7,WRITE,0x70000ae6000,8192
0,burst_user7,7,READ,0x70000ae8000,8192
0,burst_user7,7,READ,0x70000aea000,8192
0,burst_user7,7,WRITE,0x70000aec000,8192
0,burst_user7,7,READ,0x70000aee000,8192
0,burst_user7,7,READ,0x70000af0000,8192
0,burst_user7,7,WRITE,0x70000af2000,8192
0,burst_user7,7,READ,0x70000af4000,8192
0,burst_user7,7,READ,0x70000af6000,8192
0,burst_user7,7,WRITE,0x70000af8000,8192
0,burst_user7,7,READ,0x70000afa000,8192
0,burst_user7,7,READ,0x70000afc000,8192
0,burst_user7,7,WRITE,0x70000afe000,8192
0,burst_user7,7,READ,0x70000b00000,8192
0,burst_user7,7,READ,0x70000b02000,8192
0,burst_user7,7,WRITE,0x70000b04000,8192
0,burst_user7,7,READ,0x70000b06000,8192
0,burst_user7,7,READ,0x70000b08000,8192
0,burst_user7,7,WRITE,0x70000b0a000,8192
0,burst_user7,7,READ,0x70000b0c000,8192
0,burst_user7,7,READ,0x70000b0e000,8192
0,burst_user7,7,WRITE,0x70000b10000,8192
0,burst_user7,7,READ,0x70000b12000,8192
0,burst_user7,7,READ,0x70000b14000,8192
0,burst_user7,7,WRITE,0x70000b16000,8192
0,burst_user7,7,READ,0x70000b18000,8192
0,burst_user7,7,READ,0x70000b1a000,8192
0,burst_user7,7,WRITE,0x70000b1c000,8192
0,burst_user7,7,READ,0x70000b1e000,8192
0,burst_user7,7,READ,0x70000b20000,8192
0,burst_user7,7,WRITE,0x70000b22000,8192
0,burst_user7,7,READ,0x70000b24000,8192
0,burst_user7,7,READ,0x70000b26000,8192
0,burst_user7,7,WRITE,0x70000b28000,8192
0,burst_user7,7,READ,0x70000b2a000,8192
0,burst_user7,7,READ,0x70000b2c000,8192
0,burst_user7,7,WRITE,0x70000b2e000,8192
0,burst_user7,7,READ,0x70000b30000,8192
0,burst_user7,7,READ,0x70000b32000,8192
0,burst_user7,7,WRITE,0x70000b34000,8192
0,burst_user7,7,READ,0x70000b36000,8192
0,burst_user7,7,READ,0x70000b38000,8192
0,burst_user7,7,WRITE,0x70000b3a000,8192
0,burst_user7,7,READ,0x70000b3c000,8192
0,burst_user7,7,READ,0x70000b3e000,8192
0,burst_user7,7,WRITE,0x70000b40000,8192
0,burst_user7,7,READ,0x70000b42000,8192
0,burst_user7,7,READ,0x70000b44000,8192
0,burst_user7,7,WRITE,0x70000b46000,8192
0,burst_user7,7,READ,0x70000b48000,8192
0,burst_user7,7,READ,0x70000b4a000,8192
0,burst_user7,7,WRITE,0x70000b4c000,8192
0,burst_user7,7,READ,0x70000b4e000,8192
0,burst_user7,7,READ,0x70000b50000,8192
0,burst_user7,7,WRITE,0x70000b52000,8192
0,burst_user7,7,READ,0x70000b54000,8192
0,burst_user7,7,READ,0x70000b56000,8192
0,burst_user7,7,WRITE,0x70000b58000,8192
0,burst_user7,7,READ,0x70000b5a000,8192
0,burst_user7,7,READ,0x70000b5c000,8192
0,burst_user7,7,WRITE,0x70000b5e000,8192
0,burst_user7,7,READ,0x70000b60000,8192
0,burst_user7,7,READ,0x70000b62000,8192
0,burst_user7,7,WRITE,0x70000b64000,8192
0,burst_user7,7,READ,0x70000b66000,8192
0,burst_user7,7,READ,0x70000b68000,8192
0,burst_user7,7,WRITE,0x70000b6a000,8192
0,burst_user7,7,READ,0x70000b6c000,8192
0,burst_user7,7,READ,0x70000b6e000,8192
0,burst_user7,7,WRITE,0x70000b70000,8192
0,burst_user7,7,READ,0x70000b72000,8192
0,burst_user7,7,READ,0x70000b74000,8192
0,burst_user7,7,WRITE,0x70000b76000,8192
0,burst_user7,7,READ,0x70000b78000,8192
0,burst_user7,7,READ,0x70000b7a000,8192
0,burst_user7,7,WRITE,0x70000b7c000,8192
0,burst_user7,7,READ,0x70000b7e000,8192
0,burst_user7,7,READ,0x70000b80000,8192
0,burst_user7,7,WRITE,0x70000b82000,8192
0,burst_user7,7,READ,0x70000b84000,8192
0,burst_user7,7,READ,0x70000b86000,8192
0,burst_user7,7,WRITE,0x70000b88000,8192
0,burst_user7,7,READ,0x70000b8a000,8192
0,burst_user7,7,READ,0x70000b8c000,8192
0,burst_user7,7,WRITE,0x70000b8e000,8192
0,burst_user7,7,READ,0x70000b90000,8192
0,burst_user7,7,READ,0x70000b92000,8192
0,burst_user7,7,WRITE,0x70000b94000,8192
0,burst_user7,7,READ,0x70000b96000,8192
0,burst_user7,7,READ,0x70000b98000,8192
0,burst_user7,7,WRITE,0x70000b9a000,8192
0,burst_user7,7,READ,0x70000b9c000,8192
0,burst_user7,7,READ,0x70000b9e000,8192
0,burst_user7,7,WRITE,0x70000ba0000,8192
0,burst_user7,7,READ,0x70000ba2000,8192
0,burst_user7,7,READ,0x70000ba4000,8192
0,burst_user7,7,WRITE,0x70000ba6000,8192
0,burst_user7,7,READ,0x70000ba8000,8192
0,burst_user7,7,READ,0x70000baa000,8192
0,burst_user7,7,WRITE,0x70000bac000,8192
0,burst_user7,7,READ,0x70000bae000,8192
0,burst_user7,7,READ,0x70000bb0000,8192
0,burst_user7,7,WRITE,0x70000bb2000,8192
0,burst_user7,7,READ,0x70000bb4000,8192
0,burst_user7,7,READ,0x70000bb6000,8192
0,burst_user7,7,WRITE,0x70000bb8000,8192
0,burst_user7,7,READ,0x70000bba000,8192
0,burst_user7,7,READ,0x70000bbc000,8192
0,burst_user7,7,WRITE,0x70000bbe000,8192
0,burst_user7,7,READ,0x70000bc0000,8192
0,burst_user7,7,READ,0x70000bc2000,8192
0,burst_user7,7,WRITE,0x70000bc4000,8192
0,burst_user7,7,READ,0x70000bc6000,8192
0,burst_user7,7,READ,0x70000bc8000,8192
0,burst_user7,7,WRITE,0x70000bca000,8192
0,burst_user7,7,READ,0x70000bcc000,8192
0,burst_user7,7,READ,0x70000bce000,8192
0,burst_user7,7,WRITE,0x70000bd0000,8192
0,burst_user7,7,READ,0x70000bd2000,8192
0,burst_user7,7,READ,0x70000bd4000,8192
0,burst_user7,7,WRITE,0x70000bd6000,8192
0,burst_user7,7,READ,0x70000bd8000,8192
0,burst_user7,7,READ,0x70000bda000,8192
0,burst_user7,7,WRITE,0x70000bdc000,8192
0,burst_user7,7,READ,0x70000bde000,8192
0,burst_user7,7,READ,0x70000be0000,8192
0,burst_user7,7,WRITE,0x70000be2000,8192
0,burst_user7,7,READ,0x70000be4000,8192
0,burst_user7,7,READ,0x70000be6000,8192
0,burst_user7,7,WRITE,0x70000be8000,8192
0,burst_user7,7,READ,0x70000bea000,8192
0,burst_user7,7,READ,0x70000bec000,8192
0,burst_user7,7,WRITE,0x70000bee000,8192
0,burst_user7,7,READ,0x70000bf0000,8192
0,burst_user7,7,READ,0x70000bf2000,8192
0,burst_user7,7,WRITE,0x70000bf4000,8192
0,burst_user7,7,READ,0x70000bf6000,8192
0,burst_user7,7,READ,0x70000bf8000,8192
0,burst_user7,7,WRITE,0x70000bfa000,8192
0,burst_user7,7,READ,0x70000bfc000,8192
0,burst_user7,7,READ,0x70000bfe000,8192
0,burst_user7,7,WRITE,0x70000c00000,8192
0,burst_user7,7,READ,0x70000c02000,8192
0,burst_user7,7,READ,0x70000c04000,8192
0,burst_user7,7,WRITE,0x70000c06000,8192
0,burst_user7,7,READ,0x70000c08000,8192
0,burst_user7,7,READ,0x70000c0a000,8192
0,burst_user7,7,WRITE,0x70000c0c000,8192
0,burst_user7,7,READ,0x70000c0e000,8192
0,burst_user7,7,READ,0x70000c10000,8192
0,burst_user7,7,WRITE,0x70000c12000,8192
0,burst_user7,7,READ,0x70000c14000,8192
0,burst_user7,7,READ,0x70000c16000,8192
0,burst_user7,7,WRITE,0x70000c18000,8192
0,burst_user7,7,READ,0x70000c1a000,8192
0,burst_user7,7,READ,0x70000c1c000,8192
0,burst_user7,7,WRITE,0x70000c1e000,8192
0,burst_user7,7,READ,0x70000c20000,8192
0,burst_user7,7,READ,0x70000c22000,8192
0,burst_user7,7,WRITE,0x70000c24000,8192
0,burst_user7,7,READ,0x70000c26000,8192
0,burst_user7,7,READ,0x70000c28000,8192
0,burst_user7,7,WRITE,0x70000c2a000,8192
0,burst_user7,7,READ,0x70000c2c000,8192
0,burst_user7,7,READ,0x70000c2e000,8192
0,burst_user7,7,WRITE,0x70000c30000,8192
0,burst_user7,7,READ,0x70000c32000,8192
0,burst_user7,7,READ,0x70000c34000,8192
0,burst_user7,7,WRITE,0x70000c36000,8192
0,burst_user7,7,READ,0x70000c38000,8192
0,burst_user7,7,READ,0x70000c3a000,8192
0,burst_user7,7,WRITE,0x70000c3c000,8192
0,burst_user7,7,READ,0x70000c3e000,8192
0,burst_user7,7,READ,0x70000c40000,8192
0,burst_user7,7,WRITE,0x70000c42000,8192
0,burst_user7,7,READ,0x70000c44000,8192
0,burst_user7,7,READ,0x70000c46000,8192
0,burst_user7,7,WRITE,0x70000c48000,8192
0,burst_user7,7,READ,0x70000c4a000,8192
0,burst_user7,7,READ,0x70000c4c000,8192
0,burst_user7,7,WRITE,0x70000c4e000,8192
0,burst_user7,7,READ,0x70000c50000,8192
0,burst_user7,7,READ,0x70000c52000,8192
0,burst_user7,7,WRITE,0x70000c54000,8192
0,burst_user7,7,READ,0x70000c56000,8192
0,burst_user7,7,READ,0x70000c58000,8192
0,burst_user7,7,WRITE,0x70000c5a000,8192
0,burst_user7,7,READ,0x70000c5c000,8192
0,burst_user7,7,READ,0x70000c5e000,8192
0,burst_user7,7,WRITE,0x70000c60000,8192
0,burst_user7,7,READ,0x70000c62000,8192
0,burst_user7,7,READ,0x70000c64000,8192
0,burst_user7,7,WRITE,0x70000c66000,8192
0,burst_user7,7,READ,0x70000c68000,8192
0,burst_user7,7,READ,0x70000c6a000,8192
0,burst_user7,7,WRITE,0x70000c6c000,8192
0,burst_user7,7,READ,0x70000c6e000,8192
0,burst_user7,7,READ,0x70000c70000,8192
0,burst_user7,7,WRITE,0x70000c72000,8192
0,burst_user7,7,READ,0x70000c74000,8192
0,burst_user7,7,READ,0x70000c76000,8192
0,burst_user7,7,WRITE,0x70000c78000,8192
0,burst_user7,7,READ,0x70000c7a000,8192
0,burst_user7,7,READ,0x70000c7c000,8192
0,burst_user7,7,WRITE,0x70000c7e000,8192
0,burst_user7,7,READ,0x70000c80000,8192
0,burst_user7,7,READ,0x70000c82000,8192
0,burst_user7,7,WRITE,0x70000c84000,8192
0,burst_user7,7,READ,0x70000c86000,8192
0,burst_user7,7,READ,0x70000c88000,8192
0,burst_user7,7,WRITE,0x70000c8a000,8192
0,burst_user7,7,READ,0x70000c8c000,8192
0,burst_user7,7,READ,0x70000c8e000,8192
0,burst_user7,7,WRITE,0x70000c90000,8192
0,burst_user7,7,READ,0x70000c92000,8192
0,burst_user7,7,READ,0x70000c94000,8192
0,burst_user7,7,WRITE,0x70000c96000,8192
0,burst_user7,7,READ,0x70000c98000,8192
0,burst_user7,7,READ,0x70000c9a000,8192
0,burst_user7,7,WRITE,0x70000c9c000,8192
0,burst_user7,7,READ,0x70000c9e000,8192
0,burst_user7,7,READ,0x70000ca0000,8192
0,burst_user7,7,WRITE,0x70000ca2000,8192
0,burst_user7,7,READ,0x70000ca4000,8192
0,burst_user7,7,READ,0x70000ca6000,8192
0,burst_user7,7,WRITE,0x70000ca8000,8192
0,burst_user7,7,READ,0x70000caa000,8192
0,burst_user7,7,READ,0x70000cac000,8192
0,burst_user7,7,WRITE,0x70000cae000,8192
0,burst_user7,7,READ,0x70000cb0000,8192
0,burst_user7,7,READ,0x70000cb2000,8192
0,burst_user7,7,WRITE,0x70000cb4000,8192
0,burst_user7,7,READ,0x70000cb6000,8192
0,burst_user7,7,READ,0x70000cb8000,8192
0,burst_user7,7,WRITE,0x70000cba000,8192
0,burst_user7,7,READ,0x70000cbc000,8192
0,burst_user7,7,READ,0x70000cbe000,8192
0,burst_user7,7,WRITE,0x70000cc0000,8192
0,burst_user7,7,READ,0x70000cc2000,8192
0,burst_user7,7,READ,0x70000cc4000,8192
0,burst_user7,7,WRITE,0x70000cc6000,8192
0,burst_user7,7,READ,0x70000cc8000,8192
0,burst_user7,7,READ,0x70000cca000,8192
0,burst_user7,7,WRITE,0x70000ccc000,8192
0,burst_user7,7,READ,0x70000cce000,8192
0,burst_user7,7,READ,0x70000cd0000,8192
0,burst_user7,7,WRITE,0x70000cd2000,8192
0,burst_user7,7,READ,0x70000cd4000,8192
0,burst_user7,7,READ,0x70000cd6000,8192
0,burst_user7,7,WRITE,0x70000cd8000,8192
0,burst_user7,7,READ,0x70000cda000,8192
0,burst_user7,7,READ,0x70000cdc000,8192
0,burst_user7,7,WRITE,0x70000cde000,8192
0,burst_user7,7,READ,0x70000ce0000,8192
0,burst_user7,7,READ,0x70000ce2000,8192
0,burst_user7,7,WRITE,0x70000ce4000,8192
0,burst_user7,7,READ,0x70000ce6000,8192
0,burst_user7,7,READ,0x70000ce8000,8192
0,burst_user7,7,WRITE,0x70000cea000,8192
0,burst_user7,7,READ,0x70000cec000,8192
0,burst_user7,7,READ,0x70000cee000,8192
0,burst_user7,7,WRITE,0x70000cf0000,8192
0,burst_user7,7,READ,0x70000cf2000,8192
0,burst_user7,7,READ,0x70000cf4000,8192
0,burst_user7,7,WRITE,0x70000cf6000,8192
0,burst_user7,7,READ,0x70000cf8000,8192
0,burst_user7,7,READ,0x70000cfa000,8192
0,burst_user7,7,WRITE,0x70000cfc000,8192
0,burst_user7,7,READ,0x70000cfe000,8192
0,burst_user7,7,READ,0x70000d00000,8192
0,burst_user7,7,WRITE,0x70000d02000,8192
0,burst_user7,7,READ,0x70000d04000,8192
0,burst_user7,7,READ,0x70000d06000,8192
0,burst_user7,7,WRITE,0x70000d08000,8192
0,burst_user7,7,READ,0x70000d0a000,8192
0,burst_user7,7,READ,0x70000d0c000,8192
0,burst_user7,7,WRITE,0x70000d0e000,8192
0,burst_user7,7,READ,0x70000d10000,8192
0,burst_user7,7,READ,0x70000d12000,8192
0,burst_user7,7,WRITE,0x70000d14000,8192
0,burst_user7,7,READ,0x70000d16000,8192
0,burst_user7,7,READ,0x70000d18000,8192
0,burst_user7,7,WRITE,0x70000d1a000,8192
0,burst_user7,7,READ,0x70000d1c000,8192
0,burst_user7,7,READ,0x70000d1e000,8192
0,burst_user7,7,WRITE,0x70000d20000,8192
0,burst_user7,7,READ,0x70000d22000,8192
0,burst_user7,7,READ,0x70000d24000,8192
0,burst_user7,7,WRITE,0x70000d26000,8192
0,burst_user7,7,READ,0x70000d28000,8192
0,burst_user7,7,READ,0x70000d2a000,8192
0,burst_user7,7,WRITE,0x70000d2c000,8192
0,burst_user7,7,READ,0x70000d2e000,8192
0,burst_user7,7,READ,0x70000d30000,8192
0,burst_user7,7,WRITE,0x70000d32000,8192
0,burst_user7,7,READ,0x70000d34000,8192
0,burst_user7,7,READ,0x70000d36000,8192
0,burst_user7,7,WRITE,0x70000d38000,8192
0,burst_user7,7,READ,0x70000d3a000,8192
0,burst_user7,7,READ,0x70000d3c000,8192
0,burst_user7,7,WRITE,0x70000d3e000,8192
0,burst_user7,7,READ,0x70000d40000,8192
0,burst_user7,7,READ,0x70000d42000,8192
0,burst_user7,7,WRITE,0x70000d44000,8192
0,burst_user7,7,READ,0x70000d46000,8192
0,burst_user7,7,READ,0x70000d48000,8192
0,burst_user7,7,WRITE,0x70000d4a000,8192
0,burst_user7,7,READ,0x70000d4c000,8192
0,burst_user7,7,READ,0x70000d4e000,8192
0,burst_user7,7,WRITE,0x70000d50000,8192
0,burst_user7,7,READ,0x70000d52000,8192
0,burst_user7,7,READ,0x70000d54000,8192
0,burst_user7,7,WRITE,0x70000d56000,8192
0,burst_user7,7,READ,0x70000d58000,8192
0,burst_user7,7,READ,0x70000d5a000,8192
0,burst_user7,7,WRITE,0x70000d5c000,8192
0,burst_user7,7,READ,0x70000d5e000,8192
0,burst_user7,7,READ,0x70000d60000,8192
0,burst_user7,7,WRITE,0x70000d62000,8192
0,burst_user7,7,READ,0x70000d64000,8192
0,burst_user7,7,READ,0x70000d66000,8192
0,burst_user7,7,WRITE,0x70000d68000,8192
0,burst_user7,7,READ,0x70000d6a000,8192
0,burst_user7,7,READ,0x70000d6c000,8192
0,burst_user7,7,WRITE,0x70000d6e000,8192
0,burst_user7,7,READ,0x70000d70000,8192
0,burst_user7,7,READ,0x70000d72000,8192
0,burst_user7,7,WRITE,0x70000d74000,8192
0,burst_user7,7,READ,0x70000d76000,8192
0,burst_user7,7,READ,0x70000d78000,8192
0,burst_user7,7,WRITE,0x70000d7a000,8192
0,burst_user7,7,READ,0x70000d7c000,8192
0,burst_user7,7,READ,0x70000d7e000,8192
0,burst_user7,7,WRITE,0x70000d80000,8192
0,burst_user7,7,READ,0x70000d82000,8192
0,burst_user7,7,READ,0x70000d84000,8192
0,burst_user7,7,WRITE,0x70000d86000,8192
0,burst_user7,7,READ,0x70000d88000,8192
0,burst_user7,7,READ,0x70000d8a000,8192
0,burst_user7,7,WRITE,0x70000d8c000,8192
0,burst_user7,7,READ,0x70000d8e000,8192
0,burst_user7,7,READ,0x70000d90000,8192
0,burst_user7,7,WRITE,0x70000d92000,8192
0,burst_user7,7,READ,0x70000d94000,8192
0,burst_user7,7,READ,0x70000d96000,8192
0,burst_user7,7,WRITE,0x70000d98000,8192
0,burst_user7,7,READ,0x70000d9a000,8192
0,burst_user7,7,READ,0x70000d9c000,8192
0,burst_user7,7,WRITE,0x70000d9e000,8192
0,burst_user7,7,READ,0x70000da0000,8192
0,burst_user7,7,READ,0x70000da2000,8192
0,burst_user7,7,WRITE,0x70000da4000,8192
0,burst_user7,7,READ,0x70000da6000,8192
0,burst_user7,7,READ,0x70000da8000,8192
0,burst_user7,7,WRITE,0x70000daa000,8192
0,burst_user7,7,READ,0x70000dac000,8192
0,burst_user7,7,READ,0x70000dae000,8192
0,burst_user7,7,WRITE,0x70000db0000,8192
0,burst_user7,7,READ,0x70000db2000,8192
0,burst_user7,7,READ,0x70000db4000,8192
0,burst_user7,7,WRITE,0x70000db6000,8192
0,burst_user7,7,READ,0x70000db8000,8192
0,burst_user7,7,READ,0x70000dba000,8192
0,burst_user7,7,WRITE,0x70000dbc000,8192
0,burst_user7,7,READ,0x70000dbe000,8192
0,burst_user7,7,READ,0x70000dc0000,8192
0,burst_user7,7,WRITE,0x70000dc2000,8192
0,burst_user7,7,READ,0x70000dc4000,8192
0,burst_user7,7,READ,0x70000dc6000,8192
0,burst_user7,7,WRITE,0x70000dc8000,8192
0,burst_user7,7,READ,0x70000dca000,8192
0,burst_user7,7,READ,0x70000dcc000,8192
0,burst_user7,7,WRITE,0x70000dce000,8192
0,burst_user7,7,READ,0x70000dd0000,8192
0,burst_user7,7,READ,0x70000dd2000,8192
0,burst_user7,7,WRITE,0x70000dd4000,8192
0,burst_user7,7,READ,0x70000dd6000,8192
0,burst_user7,7,READ,0x70000dd8000,8192
0,burst_user7,7,WRITE,0x70000dda000,8192
0,burst_user7,7,READ,0x70000ddc000,8192
0,burst_user7,7,READ,0x70000dde000,8192
0,burst_user7,7,WRITE,0x70000de0000,8192
0,burst_user7,7,READ,0x70000de2000,8192
0,burst_user7,7,READ,0x70000de4000,8192
0,burst_user7,7,WRITE,0x70000de6000,8192
0,burst_user7,7,READ,0x70000de8000,8192
0,burst_user7,7,READ,0x70000dea000,8192
0,burst_user7,7,WRITE,0x70000dec000,8192
0,burst_user7,7,READ,0x70000dee000,8192
0,burst_user7,7,READ,0x70000df0000,8192
0,burst_user7,7,WRITE,0x70000df2000,8192
0,burst_user7,7,READ,0x70000df4000,8192
0,burst_user7,7,READ,0x70000df6000,8192
0,burst_user7,7,WRITE,0x70000df8000,8192
0,burst_user7,7,READ,0x70000dfa000,8192
0,burst_user7,7,READ,0x70000dfc000,8192
0,burst_user7,7,WRITE,0x70000dfe000,8192
0,burst_user7,7,READ,0x70000e00000,8192
0,burst_user7,7,READ,0x70000e02000,8192
0,burst_user7,7,WRITE,0x70000e04000,8192
0,burst_user7,7,READ,0x70000e06000,8192
0,burst_user7,7,READ,0x70000e08000,8192
0,burst_user7,7,WRITE,0x70000e0a000,8192
0,burst_user7,7,READ,0x70000e0c000,8192
0,burst_user7,7,READ,0x70000e0e000,8192
0,burst_user7,7,WRITE,0x70000e10000,8192
0,burst_user7,7,READ,0x70000e12000,8192
0,burst_user7,7,READ,0x70000e14000,8192
0,burst_user7,7,WRITE,0x70000e16000,8192
0,burst_user7,7,READ,0x70000e18000,8192
0,burst_user7,7,READ,0x70000e1a000,8192
0,burst_user7,7,WRITE,0x70000e1c000,8192
0,burst_user7,7,READ,0x70000e1e000,8192
0,burst_user7,7,READ,0x70000e20000,8192
0,burst_user7,7,WRITE,0x70000e22000,8192
0,burst_user7,7,READ,0x70000e24000,8192
0,burst_user7,7,READ,0x70000e26000,8192
0,burst_user7,7,WRITE,0x70000e28000,8192
0,burst_user7,7,READ,0x70000e2a000,8192
0,burst_user7,7,READ,0x70000e2c000,8192
0,burst_user7,7,WRITE,0x70000e2e000,8192
0,burst_user7,7,READ,0x70000e30000,8192
0,burst_user7,7,READ,0x70000e32000,8192
0,burst_user7,7,WRITE,0x70000e34000,8192
0,burst_user7,7,READ,0x70000e36000,8192
0,burst_user7,7,READ,0x70000e38000,8192
0,burst_user7,7,WRITE,0x70000e3a000,8192
0,burst_user7,7,READ,0x70000e3c000,8192
0,burst_user7,7,READ,0x70000e3e000,8192
0,burst_user7,7,WRITE,0x70000e40000,8192
0,burst_user7,7,READ,0x70000e42000,8192
0,burst_user7,7,READ,0x70000e44000,8192
0,burst_user7,7,WRITE,0x70000e46000,8192
0,burst_user7,7,READ,0x70000e48000,8192
0,burst_user7,7,READ,0x70000e4a000,8192
0,burst_user7,7,WRITE,0x70000e4c000,8192
0,burst_user7,7,READ,0x70000e4e000,8192
0,burst_user7,7,READ,0x70000e50000,8192
0,burst_user7,7,WRITE,0x70000e52000,8192
0,burst_user7,7,READ,0x70000e54000,8192
0,burst_user7,7,READ,0x70000e56000,8192
0,burst_user7,7,WRITE,0x70000e58000,8192
0,burst_user7,7,READ,0x70000e5a000,8192
0,burst_user7,7,READ,0x70000e5c000,8192
0,burst_user7,7,WRITE,0x70000e5e000,8192
0,burst_user7,7,READ,0x70000e60000,8192
0,burst_user7,7,READ,0x70000e62000,8192
0,burst_user7,7,WRITE,0x70000e64000,8192
0,burst_user7,7,READ,0x70000e66000,8192
0,burst_user7,7,READ,0x70000e68000,8192
0,burst_user7,7,WRITE,0x70000e6a000,8192
0,burst_user7,7,READ,0x70000e6c000,8192
0,burst_user7,7,READ,0x70000e6e000,8192
0,burst_user7,7,WRITE,0x70000e70000,8192
0,burst_user7,7,READ,0x70000e72000,8192
0,burst_user7,7,READ,0x70000e74000,8192
0,burst_user7,7,WRITE,0x70000e76000,8192
0,burst_user7,7,READ,0x70000e78000,8192
0,burst_user7,7,READ,0x70000e7a000,8192
0,burst_user7,7,WRITE,0x70000e7c000,8192
0,burst_user7,7,READ,0x70000e7e000,8192
0,burst_user7,7,READ,0x70000e80000,8192
0,burst_user7,7,WRITE,0x70000e82000,8192
0,burst_user7,7,READ,0x70000e84000,8192
0,burst_user7,7,READ,0x70000e86000,8192
0,burst_user7,7,WRITE,0x70000e88000,8192
0,burst_user7,7,READ,0x70000e8a000,8192
0,burst_user7,7,READ,0x70000e8c000,8192
0,burst_user7,7,WRITE,0x70000e8e000,8192
0,burst_user7,7,READ,0x70000e90000,8192
0,burst_user7,7,READ,0x70000e92000,8192
0,burst_user7,7,WRITE,0x70000e94000,8192
0,burst_user7,7,READ,0x70000e96000,8192
0,burst_user7,7,READ,0x70000e98000,8192
0,burst_user7,7,WRITE,0x70000e9a000,8192
0,burst_user7,7,READ,0x70000e9c000,8192
0,burst_user7,7,READ,0x70000e9e000,8192
0,burst_user7,7,WRITE,0x70000ea0000,8192
0,burst_user7,7,READ,0x70000ea2000,8192
0,burst_user7,7,READ,0x70000ea4000,8192
0,burst_user7,7,WRITE,0x70000ea6000,8192
0,burst_user7,7,READ,0x70000ea8000,8192
0,burst_user7,7,READ,0x70000eaa000,8192
0,burst_user7,7,WRITE,0x70000eac000,8192
0,burst_user7,7,READ,0x70000eae000,8192
0,burst_user7,7,READ,0x70000eb0000,8192
0,burst_user7,7,WRITE,0x70000eb2000,8192
0,burst_user7,7,READ,0x70000eb4000,8192
0,burst_user7,7,READ,0x70000eb6000,8192
0,burst_user7,7,WRITE,0x70000eb8000,8192
0,burst_user7,7,READ,0x70000eba000,8192
0,burst_user7,7,READ,0x70000ebc000,8192
0,burst_user7,7,WRITE,0x70000ebe000,8192
0,burst_user7,7,READ,0x70000ec0000,8192
0,burst_user7,7,READ,0x70000ec2000,8192
0,burst_user7,7,WRITE,0x70000ec4000,8192
0,burst_user7,7,READ,0x70000ec6000,8192
0,burst_user7,7,READ,0x70000ec8000,8192
0,burst_user7,7,WRITE,0x70000eca000,8192
0,burst_user7,7,READ,0x70000ecc000,8192
0,burst_user7,7,READ,0x70000ece000,8192
0,burst_user7,7,WRITE,0x70000ed0000,8192
0,burst_user7,7,READ,0x70000ed2000,8192
0,burst_user7,7,READ,0x70000ed4000,8192
0,burst_user7,7,WRITE,0x70000ed6000,8192
0,burst_user7,7,READ,0x70000ed8000,8192
0,burst_user7,7,READ,0x70000eda000,8192
0,burst_user7,7,WRITE,0x70000edc000,8192
0,burst_user7,7,READ,0x70000ede000,8192
0,burst_user7,7,READ,0x70000ee0000,8192
0,burst_user7,7,WRITE,0x70000ee2000,8192
0,burst_user7,7,READ,0x70000ee4000,8192
0,burst_user7,7,READ,0x70000ee6000,8192
0,burst_user7,7,WRITE,0x70000ee8000,8192
0,burst_user7,7,READ,0x70000eea000,8192
0,burst_user7,7,READ,0x70000eec000,8192
0,burst_user7,7,WRITE,0x70000eee000,8192
0,burst_user7,7,READ,0x70000ef0000,8192
0,burst_user7,7,READ,0x70000ef2000,8192
0,burst_user7,7,WRITE,0x70000ef4000,8192
0,burst_user7,7,READ,0x70000ef6000,8192
0,burst_user7,7,READ,0x70000ef8000,8192
0,burst_user7,7,WRITE,0x70000efa000,8192
0,burst_user7,7,READ,0x70000efc000,8192
0,burst_user7,7,READ,0x70000efe000,8192
0,burst_user7,7,WRITE,0x70000f00000,8192
0,burst_user7,7,READ,0x70000f02000,8192
0,burst_user7,7,READ,0x70000f04000,8192
0,burst_user7,7,WRITE,0x70000f06000,8192
0,burst_user7,7,READ,0x70000f08000,8192
0,burst_user7,7,READ,0x70000f0a000,8192
0,burst_user7,7,WRITE,0x70000f0c000,8192
0,burst_user7,7,READ,0x70000f0e000,8192
0,burst_user7,7,READ,0x70000f10000,8192
0,burst_user7,7,WRITE,0x70000f12000,8192
0,burst_user7,7,READ,0x70000f14000,8192
0,burst_user7,7,READ,0x70000f16000,8192
0,burst_user7,7,WRITE,0x70000f18000,8192
0,burst_user7,7,READ,0x70000f1a000,8192
0,burst_user7,7,READ,0x70000f1c000,8192
0,burst_user7,7,WRITE,0x70000f1e000,8192
0,burst_user7,7,READ,0x70000f20000,8192
0,burst_user7,7,READ,0x70000f22000,8192
0,burst_user7,7,WRITE,0x70000f24000,8192
0,burst_user7,7,READ,0x70000f26000,8192
0,burst_user7,7,READ,0x70000f28000,8192
0,burst_user7,7,WRITE,0x70000f2a000,8192
0,burst_user7,7,READ,0x70000f2c000,8192
0,burst_user7,7,READ,0x70000f2e000,8192
0,burst_user7,7,WRITE,0x70000f30000,8192
0,burst_user7,7,READ,0x70000f32000,8192
0,burst_user7,7,READ,0x70000f34000,8192
0,burst_user7,7,WRITE,0x70000f36000,8192
0,burst_user7,7,READ,0x70000f38000,8192
0,burst_user7,7,READ,0x70000f3a000,8192
0,burst_user7,7,WRITE,0x70000f3c000,8192
0,burst_user7,7,READ,0x70000f3e000,8192
0,burst_user7,7,READ,0x70000f40000,8192
0,burst_user7,7,WRITE,0x70000f42000,8192
0,burst_user7,7,READ,0x70000f44000,8192
0,burst_user7,7,READ,0x70000f46000,8192
0,burst_user7,7,WRITE,0x70000f48000,8192
0,burst_user7,7,READ,0x70000f4a000,8192
0,burst_user7,7,READ,0x70000f4c000,8192
0,burst_user7,7,WRITE,0x70000f4e000,8192
0,burst_user7,7,READ,0x70000f50000,8192
0,burst_user7,7,READ,0x70000f52000,8192
0,burst_user7,7,WRITE,0x70000f54000,8192
0,burst_user7,7,READ,0x70000f56000,8192
0,burst_user7,7,READ,0x70000f58000,8192
0,burst_user7,7,WRITE,0x70000f5a000,8192
0,burst_user7,7,READ,0x70000f5c000,8192
0,burst_user7,7,READ,0x70000f5e000,8192
0,burst_user7,7,WRITE,0x70000f60000,8192
0,burst_user7,7,READ,0x70000f62000,8192
0,burst_user7,7,READ,0x70000f64000,8192
0,burst_user7,7,WRITE,0x70000f66000,8192
0,burst_user7,7,READ,0x70000f68000,8192
0,burst_user7,7,READ,0x70000f6a000,8192
0,burst_user7,7,WRITE,0x70000f6c000,8192
0,burst_user7,7,READ,0x70000f6e000,8192
0,burst_user7,7,READ,0x70000f70000,8192
0,burst_user7,7,WRITE,0x70000f72000,8192
0,burst_user7,7,READ,0x70000f74000,8192
0,burst_user7,7,READ,0x70000f76000,8192
0,burst_user7,7,WRITE,0x70000f78000,8192
0,burst_user7,7,READ,0x70000f7a000,8192
0,burst_user7,7,READ,0x70000f7c000,8192
0,burst_user7,7,WRITE,0x70000f7e000,8192
0,burst_user7,7,READ,0x70000f80000,8192
0,burst_user7,7,READ,0x70000f82000,8192
0,burst_user7,7,WRITE,0x70000f84000,8192
0,burst_user7,7,READ,0x70000f86000,8192
0,burst_user7,7,READ,0x70000f88000,8192
0,burst_user7,7,WRITE,0x70000f8a000,8192
0,burst_user7,7,READ,0x70000f8c000,8192
0,burst_user7,7,READ,0x70000f8e000,8192
0,burst_user7,7,WRITE,0x70000f90000,8192
0,burst_user7,7,READ,0x70000f92000,8192
0,burst_user7,7,READ,0x70000f94000,8192
0,burst_user7,7,WRITE,0x70000f96000,8192
0,burst_user7,7,READ,0x70000f98000,8192
0,burst_user7,7,READ,0x70000f9a000,8192
0,burst_user7,7,WRITE,0x70000f9c000,8192
0,burst_user7,7,READ,0x70000f9e000,8192
