Destroy queue RR_User_Read_TR_Queue@0@3 size=0
Destroy queue RR_User_Read_TR_Queue@0@2 size=0
Destroy queue RR_User_Read_TR_Queue@0@1 size=0
Destroy queue RR_User_Read_TR_Queue@0@0 size=0
Destroy queue RR_User_Write_TR_Queue@0@3 size=0
Destroy queue RR_User_Write_TR_Queue@0@2 size=0
Destroy queue RR_User_Write_TR_Queue@0@1 size=0
Destroy queue RR_User_Write_TR_Queue@0@0 size=0
Destroy queue RR_GC_Read_TR_Queue@0@3 size=0
Destroy queue RR_GC_Read_TR_Queue@0@2 size=0
Destroy queue RR_GC_Read_TR_Queue@0@1 size=0
Destroy queue RR_GC_Read_TR_Queue@0@0 size=0
Destroy queue RR_GC_Write_TR_Queue@0@3 size=0
Destroy queue RR_GC_Write_TR_Queue@0@2 size=0
Destroy queue RR_GC_Write_TR_Queue@0@1 size=0
Destroy queue RR_GC_Write_TR_Queue@0@0 size=0
Destroy queue RR_GC_Erase_TR_Queue@0@3 size=0
Destroy queue RR_GC_Erase_TR_Queue@0@2 size=0
Destroy queue RR_GC_Erase_TR_Queue@0@1 size=0
Destroy queue RR_GC_Erase_TR_Queue@0@0 size=0
Destroy queue RR_Mapping_Read_TR_Queue@0@3 size=0
Destroy queue RR_Mapping_Read_TR_Queue@0@2 size=0
Destroy queue RR_Mapping_Read_TR_Queue@0@1 size=0
Destroy queue RR_Mapping_Read_TR_Queue@0@0 size=0
Destroy queue RR_Mapping_Write_TR_Queue@0@3 size=0
Destroy queue RR_Mapping_Write_TR_Queue@0@2 size=0
Destroy queue RR_Mapping_Write_TR_Queue@0@1 size=0
Destroy queue RR_Mapping_Write_TR_Queue@0@0 size=0
Destroy queue RR_User_Read_TR_Queue@1@3 size=0
Destroy queue RR_User_Read_TR_Queue@1@2 size=0
Destroy queue RR_User_Read_TR_Queue@1@1 size=0
Destroy queue RR_User_Read_TR_Queue@1@0 size=0
Destroy queue RR_User_Write_TR_Queue@1@3 size=0
Destroy queue RR_User_Write_TR_Queue@1@2 size=0
Destroy queue RR_User_Write_TR_Queue@1@1 size=0
Destroy queue RR_User_Write_TR_Queue@1@0 size=0
Destroy queue RR_GC_Read_TR_Queue@1@3 size=0
Destroy queue RR_GC_Read_TR_Queue@1@2 size=0
Destroy queue RR_GC_Read_TR_Queue@1@1 size=0
Destroy queue RR_GC_Read_TR_Queue@1@0 size=0
Destroy queue RR_GC_Write_TR_Queue@1@3 size=0
Destroy queue RR_GC_Write_TR_Queue@1@2 size=0
Destroy queue RR_GC_Write_TR_Queue@1@1 size=0
Destroy queue RR_GC_Write_TR_Queue@1@0 size=0
Destroy queue RR_GC_Erase_TR_Queue@1@3 size=0
Destroy queue RR_GC_Erase_TR_Queue@1@2 size=0
Destroy queue RR_GC_Erase_TR_Queue@1@1 size=0
Destroy queue RR_GC_Erase_TR_Queue@1@0 size=0
Destroy queue RR_Mapping_Read_TR_Queue@1@3 size=0
Destroy queue RR_Mapping_Read_TR_Queue@1@2 size=0
Destroy queue RR_Mapping_Read_TR_Queue@1@1 size=0
Destroy queue RR_Mapping_Read_TR_Queue@1@0 size=0
Destroy queue RR_Mapping_Write_TR_Queue@1@3 size=0
Destroy queue RR_Mapping_Write_TR_Queue@1@2 size=0
Destroy queue RR_Mapping_Write_TR_Queue@1@1 size=0
Destroy queue RR_Mapping_Write_TR_Queue@1@0 size=0
Destroy queue RR_User_Read_TR_Queue@2@3 size=0
Destroy queue RR_User_Read_TR_Queue@2@2 size=0
Destroy queue RR_User_Read_TR_Queue@2@1 size=0
Destroy queue RR_User_Read_TR_Queue@2@0 size=0
Destroy queue RR_User_Write_TR_Queue@2@3 size=0
Destroy queue RR_User_Write_TR_Queue@2@2 size=0
Destroy queue RR_User_Write_TR_Queue@2@1 size=0
Destroy queue RR_User_Write_TR_Queue@2@0 size=0
Destroy queue RR_GC_Read_TR_Queue@2@3 size=0
Destroy queue RR_GC_Read_TR_Queue@2@2 size=0
Destroy queue RR_GC_Read_TR_Queue@2@1 size=0
Destroy queue RR_GC_Read_TR_Queue@2@0 size=0
Destroy queue RR_GC_Write_TR_Queue@2@3 size=0
Destroy queue RR_GC_Write_TR_Queue@2@2 size=0
Destroy queue RR_GC_Write_TR_Queue@2@1 size=0
Destroy queue RR_GC_Write_TR_Queue@2@0 size=0
Destroy queue RR_GC_Erase_TR_Queue@2@3 size=0
Destroy queue RR_GC_Erase_TR_Queue@2@2 size=0
Destroy queue RR_GC_Erase_TR_Queue@2@1 size=0
Destroy queue RR_GC_Erase_TR_Queue@2@0 size=0
Destroy queue RR_Mapping_Read_TR_Queue@2@3 size=0
Destroy queue RR_Mapping_Read_TR_Queue@2@2 size=0
Destroy queue RR_Mapping_Read_TR_Queue@2@1 size=0
Destroy queue RR_Mapping_Read_TR_Queue@2@0 size=0
Destroy queue RR_Mapping_Write_TR_Queue@2@3 size=0
Destroy queue RR_Mapping_Write_TR_Queue@2@2 size=0
Destroy queue RR_Mapping_Write_TR_Queue@2@1 size=0
Destroy queue RR_Mapping_Write_TR_Queue@2@0 size=0
Destroy queue RR_User_Read_TR_Queue@3@3 size=0
Destroy queue RR_User_Read_TR_Queue@3@2 size=0
Destroy queue RR_User_Read_TR_Queue@3@1 size=0
Destroy queue RR_User_Read_TR_Queue@3@0 size=0
Destroy queue RR_User_Write_TR_Queue@3@3 size=0
Destroy queue RR_User_Write_TR_Queue@3@2 size=0
Destroy queue RR_User_Write_TR_Queue@3@1 size=0
Destroy queue RR_User_Write_TR_Queue@3@0 size=0
Destroy queue RR_GC_Read_TR_Queue@3@3 size=0
Destroy queue RR_GC_Read_TR_Queue@3@2 size=0
Destroy queue RR_GC_Read_TR_Queue@3@1 size=0
Destroy queue RR_GC_Read_TR_Queue@3@0 size=0
Destroy queue RR_GC_Write_TR_Queue@3@3 size=0
Destroy queue RR_GC_Write_TR_Queue@3@2 size=0
Destroy queue RR_GC_Write_TR_Queue@3@1 size=0
Destroy queue RR_GC_Write_TR_Queue@3@0 size=0
Destroy queue RR_GC_Erase_TR_Queue@3@3 size=0
Destroy queue RR_GC_Erase_TR_Queue@3@2 size=0
Destroy queue RR_GC_Erase_TR_Queue@3@1 size=0
Destroy queue RR_GC_Erase_TR_Queue@3@0 size=0
Destroy queue RR_Mapping_Read_TR_Queue@3@3 size=0
Destroy queue RR_Mapping_Read_TR_Queue@3@2 size=0
Destroy queue RR_Mapping_Read_TR_Queue@3@1 size=0
Destroy queue RR_Mapping_Read_TR_Queue@3@0 size=0
Destroy queue RR_Mapping_Write_TR_Queue@3@3 size=0
Destroy queue RR_Mapping_Write_TR_Queue@3@2 size=0
Destroy queue RR_Mapping_Write_TR_Queue@3@1 size=0
Destroy queue RR_Mapping_Write_TR_Queue@3@0 size=0
Destroy queue RR_User_Read_TR_Queue@4@3 size=0
Destroy queue RR_User_Read_TR_Queue@4@2 size=0
Destroy queue RR_User_Read_TR_Queue@4@1 size=0
Destroy queue RR_User_Read_TR_Queue@4@0 size=0
Destroy queue RR_User_Write_TR_Queue@4@3 size=0
Destroy queue RR_User_Write_TR_Queue@4@2 size=0
Destroy queue RR_User_Write_TR_Queue@4@1 size=0
Destroy queue RR_User_Write_TR_Queue@4@0 size=0
Destroy queue RR_GC_Read_TR_Queue@4@3 size=0
Destroy queue RR_GC_Read_TR_Queue@4@2 size=0
Destroy queue RR_GC_Read_TR_Queue@4@1 size=0
Destroy queue RR_GC_Read_TR_Queue@4@0 size=0
Destroy queue RR_GC_Write_TR_Queue@4@3 size=0
Destroy queue RR_GC_Write_TR_Queue@4@2 size=0
Destroy queue RR_GC_Write_TR_Queue@4@1 size=0
Destroy queue RR_GC_Write_TR_Queue@4@0 size=0
Destroy queue RR_GC_Erase_TR_Queue@4@3 size=0
Destroy queue RR_GC_Erase_TR_Queue@4@2 size=0
Destroy queue RR_GC_Erase_TR_Queue@4@1 size=0
Destroy queue RR_GC_Erase_TR_Queue@4@0 size=0
Destroy queue RR_Mapping_Read_TR_Queue@4@3 size=0
Destroy queue RR_Mapping_Read_TR_Queue@4@2 size=0
Destroy queue RR_Mapping_Read_TR_Queue@4@1 size=0
Destroy queue RR_Mapping_Read_TR_Queue@4@0 size=0
Destroy queue RR_Mapping_Write_TR_Queue@4@3 size=0
Destroy queue RR_Mapping_Write_TR_Queue@4@2 size=0
Destroy queue RR_Mapping_Write_TR_Queue@4@1 size=0
Destroy queue RR_Mapping_Write_TR_Queue@4@0 size=0
Destroy queue RR_User_Read_TR_Queue@5@3 size=0
Destroy queue RR_User_Read_TR_Queue@5@2 size=0
Destroy queue RR_User_Read_TR_Queue@5@1 size=0
Destroy queue RR_User_Read_TR_Queue@5@0 size=0
Destroy queue RR_User_Write_TR_Queue@5@3 size=0
Destroy queue RR_User_Write_TR_Queue@5@2 size=0
Destroy queue RR_User_Write_TR_Queue@5@1 size=0
Destroy queue RR_User_Write_TR_Queue@5@0 size=0
Destroy queue RR_GC_Read_TR_Queue@5@3 size=0
Destroy queue RR_GC_Read_TR_Queue@5@2 size=0
Destroy queue RR_GC_Read_TR_Queue@5@1 size=0
Destroy queue RR_GC_Read_TR_Queue@5@0 size=0
Destroy queue RR_GC_Write_TR_Queue@5@3 size=0
Destroy queue RR_GC_Write_TR_Queue@5@2 size=0
Destroy queue RR_GC_Write_TR_Queue@5@1 size=0
Destroy queue RR_GC_Write_TR_Queue@5@0 size=0
Destroy queue RR_GC_Erase_TR_Queue@5@3 size=0
Destroy queue RR_GC_Erase_TR_Queue@5@2 size=0
Destroy queue RR_GC_Erase_TR_Queue@5@1 size=0
Destroy queue RR_GC_Erase_TR_Queue@5@0 size=0
Destroy queue RR_Mapping_Read_TR_Queue@5@3 size=0
Destroy queue RR_Mapping_Read_TR_Queue@5@2 size=0
Destroy queue RR_Mapping_Read_TR_Queue@5@1 size=0
Destroy queue RR_Mapping_Read_TR_Queue@5@0 size=0
Destroy queue RR_Mapping_Write_TR_Queue@5@3 size=0
Destroy queue RR_Mapping_Write_TR_Queue@5@2 size=0
Destroy queue RR_Mapping_Write_TR_Queue@5@1 size=0
Destroy queue RR_Mapping_Write_TR_Queue@5@0 size=0
Destroy queue RR_User_Read_TR_Queue@6@3 size=0
Destroy queue RR_User_Read_TR_Queue@6@2 size=0
Destroy queue RR_User_Read_TR_Queue@6@1 size=0
Destroy queue RR_User_Read_TR_Queue@6@0 size=0
Destroy queue RR_User_Write_TR_Queue@6@3 size=0
Destroy queue RR_User_Write_TR_Queue@6@2 size=0
Destroy queue RR_User_Write_TR_Queue@6@1 size=0
Destroy queue RR_User_Write_TR_Queue@6@0 size=0
Destroy queue RR_GC_Read_TR_Queue@6@3 size=0
Destroy queue RR_GC_Read_TR_Queue@6@2 size=0
Destroy queue RR_GC_Read_TR_Queue@6@1 size=0
Destroy queue RR_GC_Read_TR_Queue@6@0 size=0
Destroy queue RR_GC_Write_TR_Queue@6@3 size=0
Destroy queue RR_GC_Write_TR_Queue@6@2 size=0
Destroy queue RR_GC_Write_TR_Queue@6@1 size=0
Destroy queue RR_GC_Write_TR_Queue@6@0 size=0
Destroy queue RR_GC_Erase_TR_Queue@6@3 size=0
Destroy queue RR_GC_Erase_TR_Queue@6@2 size=0
Destroy queue RR_GC_Erase_TR_Queue@6@1 size=0
Destroy queue RR_GC_Erase_TR_Queue@6@0 size=0
Destroy queue RR_Mapping_Read_TR_Queue@6@3 size=0
Destroy queue RR_Mapping_Read_TR_Queue@6@2 size=0
Destroy queue RR_Mapping_Read_TR_Queue@6@1 size=0
Destroy queue RR_Mapping_Read_TR_Queue@6@0 size=0
Destroy queue RR_Mapping_Write_TR_Queue@6@3 size=0
Destroy queue RR_Mapping_Write_TR_Queue@6@2 size=0
Destroy queue RR_Mapping_Write_TR_Queue@6@1 size=0
Destroy queue RR_Mapping_Write_TR_Queue@6@0 size=0
Destroy queue RR_User_Read_TR_Queue@7@3 size=0
Destroy queue RR_User_Read_TR_Queue@7@2 size=0
Destroy queue RR_User_Read_TR_Queue@7@1 size=0
Destroy queue RR_User_Read_TR_Queue@7@0 size=0
Destroy queue RR_User_Write_TR_Queue@7@3 size=0
Destroy queue RR_User_Write_TR_Queue@7@2 size=0
Destroy queue RR_User_Write_TR_Queue@7@1 size=0
Destroy queue RR_User_Write_TR_Queue@7@0 size=0
Destroy queue RR_GC_Read_TR_Queue@7@3 size=0
Destroy queue RR_GC_Read_TR_Queue@7@2 size=0
Destroy queue RR_GC_Read_TR_Queue@7@1 size=0
Destroy queue RR_GC_Read_TR_Queue@7@0 size=0
Destroy queue RR_GC_Write_TR_Queue@7@3 size=0
Destroy queue RR_GC_Write_TR_Queue@7@2 size=0
Destroy queue RR_GC_Write_TR_Queue@7@1 size=0
Destroy queue RR_GC_Write_TR_Queue@7@0 size=0
Destroy queue RR_GC_Erase_TR_Queue@7@3 size=0
Destroy queue RR_GC_Erase_TR_Queue@7@2 size=0
Destroy queue RR_GC_Erase_TR_Queue@7@1 size=0
Destroy queue RR_GC_Erase_TR_Queue@7@0 size=0
Destroy queue RR_Mapping_Read_TR_Queue@7@3 size=0
Destroy queue RR_Mapping_Read_TR_Queue@7@2 size=0
Destroy queue RR_Mapping_Read_TR_Queue@7@1 size=0
Destroy queue RR_Mapping_Read_TR_Queue@7@0 size=0
Destroy queue RR_Mapping_Write_TR_Queue@7@3 size=0
Destroy queue RR_Mapping_Write_TR_Queue@7@2 size=0
Destroy queue RR_Mapping_Write_TR_Queue@7@1 size=0
Destroy queue RR_Mapping_Write_TR_Queue@7@0 size=0
Destroy queue RR_User_Read_TR_Queue@0@3 size=0
Destroy queue RR_User_Read_TR_Queue@0@2 size=0
Destroy queue RR_User_Read_TR_Queue@0@1 size=0
Destroy queue RR_User_Read_TR_Queue@0@0 size=0
Destroy queue RR_User_Write_TR_Queue@0@3 size=0
Destroy queue RR_User_Write_TR_Queue@0@2 size=0
Destroy queue RR_User_Write_TR_Queue@0@1 size=0
Destroy queue RR_User_Write_TR_Queue@0@0 size=0
Destroy queue RR_GC_Read_TR_Queue@0@3 size=0
Destroy queue RR_GC_Read_TR_Queue@0@2 size=0
Destroy queue RR_GC_Read_TR_Queue@0@1 size=0
Destroy queue RR_GC_Read_TR_Queue@0@0 size=0
Destroy queue RR_GC_Write_TR_Queue@0@3 size=0
Destroy queue RR_GC_Write_TR_Queue@0@2 size=0
Destroy queue RR_GC_Write_TR_Queue@0@1 size=0
Destroy queue RR_GC_Write_TR_Queue@0@0 size=0
Destroy queue RR_GC_Erase_TR_Queue@0@3 size=0
Destroy queue RR_GC_Erase_TR_Queue@0@2 size=0
Destroy queue RR_GC_Erase_TR_Queue@0@1 size=0
Destroy queue RR_GC_Erase_TR_Queue@0@0 size=0
Destroy queue RR_Mapping_Read_TR_Queue@0@3 size=0
Destroy queue RR_Mapping_Read_TR_Queue@0@2 size=0
Destroy queue RR_Mapping_Read_TR_Queue@0@1 size=0
Destroy queue RR_Mapping_Read_TR_Queue@0@0 size=0
Destroy queue RR_Mapping_Write_TR_Queue@0@3 size=0
Destroy queue RR_Mapping_Write_TR_Queue@0@2 size=0
Destroy queue RR_Mapping_Write_TR_Queue@0@1 size=0
Destroy queue RR_Mapping_Write_TR_Queue@0@0 size=0
Destroy queue RR_User_Read_TR_Queue@1@3 size=0
Destroy queue RR_User_Read_TR_Queue@1@2 size=0
Destroy queue RR_User_Read_TR_Queue@1@1 size=0
Destroy queue RR_User_Read_TR_Queue@1@0 size=0
Destroy queue RR_User_Write_TR_Queue@1@3 size=0
Destroy queue RR_User_Write_TR_Queue@1@2 size=0
Destroy queue RR_User_Write_TR_Queue@1@1 size=0
Destroy queue RR_User_Write_TR_Queue@1@0 size=0
Destroy queue RR_GC_Read_TR_Queue@1@3 size=0
Destroy queue RR_GC_Read_TR_Queue@1@2 size=0
Destroy queue RR_GC_Read_TR_Queue@1@1 size=0
Destroy queue RR_GC_Read_TR_Queue@1@0 size=0
Destroy queue RR_GC_Write_TR_Queue@1@3 size=0
Destroy queue RR_GC_Write_TR_Queue@1@2 size=0
Destroy queue RR_GC_Write_TR_Queue@1@1 size=0
Destroy queue RR_GC_Write_TR_Queue@1@0 size=0
Destroy queue RR_GC_Erase_TR_Queue@1@3 size=0
Destroy queue RR_GC_Erase_TR_Queue@1@2 size=0
Destroy queue RR_GC_Erase_TR_Queue@1@1 size=0
Destroy queue RR_GC_Erase_TR_Queue@1@0 size=0
Destroy queue RR_Mapping_Read_TR_Queue@1@3 size=0
Destroy queue RR_Mapping_Read_TR_Queue@1@2 size=0
Destroy queue RR_Mapping_Read_TR_Queue@1@1 size=0
Destroy queue RR_Mapping_Read_TR_Queue@1@0 size=0
Destroy queue RR_Mapping_Write_TR_Queue@1@3 size=0
Destroy queue RR_Mapping_Write_TR_Queue@1@2 size=0
Destroy queue RR_Mapping_Write_TR_Queue@1@1 size=0
Destroy queue RR_Mapping_Write_TR_Queue@1@0 size=0
Destroy queue RR_User_Read_TR_Queue@2@3 size=0
Destroy queue RR_User_Read_TR_Queue@2@2 size=0
Destroy queue RR_User_Read_TR_Queue@2@1 size=0
Destroy queue RR_User_Read_TR_Queue@2@0 size=0
Destroy queue RR_User_Write_TR_Queue@2@3 size=0
Destroy queue RR_User_Write_TR_Queue@2@2 size=0
Destroy queue RR_User_Write_TR_Queue@2@1 size=0
Destroy queue RR_User_Write_TR_Queue@2@0 size=0
Destroy queue RR_GC_Read_TR_Queue@2@3 size=0
Destroy queue RR_GC_Read_TR_Queue@2@2 size=0
Destroy queue RR_GC_Read_TR_Queue@2@1 size=0
Destroy queue RR_GC_Read_TR_Queue@2@0 size=0
Destroy queue RR_GC_Write_TR_Queue@2@3 size=0
Destroy queue RR_GC_Write_TR_Queue@2@2 size=0
Destroy queue RR_GC_Write_TR_Queue@2@1 size=0
Destroy queue RR_GC_Write_TR_Queue@2@0 size=0
Destroy queue RR_GC_Erase_TR_Queue@2@3 size=0
Destroy queue RR_GC_Erase_TR_Queue@2@2 size=0
Destroy queue RR_GC_Erase_TR_Queue@2@1 size=0
Destroy queue RR_GC_Erase_TR_Queue@2@0 size=0
Destroy queue RR_Mapping_Read_TR_Queue@2@3 size=0
Destroy queue RR_Mapping_Read_TR_Queue@2@2 size=0
Destroy queue RR_Mapping_Read_TR_Queue@2@1 size=0
Destroy queue RR_Mapping_Read_TR_Queue@2@0 size=0
Destroy queue RR_Mapping_Write_TR_Queue@2@3 size=0
Destroy queue RR_Mapping_Write_TR_Queue@2@2 size=0
Destroy queue RR_Mapping_Write_TR_Queue@2@1 size=0
Destroy queue RR_Mapping_Write_TR_Queue@2@0 size=0
Destroy queue RR_User_Read_TR_Queue@3@3 size=0
Destroy queue RR_User_Read_TR_Queue@3@2 size=0
Destroy queue RR_User_Read_TR_Queue@3@1 size=0
Destroy queue RR_User_Read_TR_Queue@3@0 size=0
Destroy queue RR_User_Write_TR_Queue@3@3 size=0
Destroy queue RR_User_Write_TR_Queue@3@2 size=0
Destroy queue RR_User_Write_TR_Queue@3@1 size=0
Destroy queue RR_User_Write_TR_Queue@3@0 size=0
Destroy queue RR_GC_Read_TR_Queue@3@3 size=0
Destroy queue RR_GC_Read_TR_Queue@3@2 size=0
Destroy queue RR_GC_Read_TR_Queue@3@1 size=0
Destroy queue RR_GC_Read_TR_Queue@3@0 size=0
Destroy queue RR_GC_Write_TR_Queue@3@3 size=0
Destroy queue RR_GC_Write_TR_Queue@3@2 size=0
Destroy queue RR_GC_Write_TR_Queue@3@1 size=0
Destroy queue RR_GC_Write_TR_Queue@3@0 size=0
Destroy queue RR_GC_Erase_TR_Queue@3@3 size=0
Destroy queue RR_GC_Erase_TR_Queue@3@2 size=0
Destroy queue RR_GC_Erase_TR_Queue@3@1 size=0
Destroy queue RR_GC_Erase_TR_Queue@3@0 size=0
Destroy queue RR_Mapping_Read_TR_Queue@3@3 size=0
Destroy queue RR_Mapping_Read_TR_Queue@3@2 size=0
Destroy queue RR_Mapping_Read_TR_Queue@3@1 size=0
Destroy queue RR_Mapping_Read_TR_Queue@3@0 size=0
Destroy queue RR_Mapping_Write_TR_Queue@3@3 size=0
Destroy queue RR_Mapping_Write_TR_Queue@3@2 size=0
Destroy queue RR_Mapping_Write_TR_Queue@3@1 size=0
Destroy queue RR_Mapping_Write_TR_Queue@3@0 size=0
Destroy queue RR_User_Read_TR_Queue@4@3 size=0
Destroy queue RR_User_Read_TR_Queue@4@2 size=0
Destroy queue RR_User_Read_TR_Queue@4@1 size=0
Destroy queue RR_User_Read_TR_Queue@4@0 size=0
Destroy queue RR_User_Write_TR_Queue@4@3 size=0
Destroy queue RR_User_Write_TR_Queue@4@2 size=0
Destroy queue RR_User_Write_TR_Queue@4@1 size=0
Destroy queue RR_User_Write_TR_Queue@4@0 size=0
Destroy queue RR_GC_Read_TR_Queue@4@3 size=0
Destroy queue RR_GC_Read_TR_Queue@4@2 size=0
Destroy queue RR_GC_Read_TR_Queue@4@1 size=0
Destroy queue RR_GC_Read_TR_Queue@4@0 size=0
Destroy queue RR_GC_Write_TR_Queue@4@3 size=0
Destroy queue RR_GC_Write_TR_Queue@4@2 size=0
Destroy queue RR_GC_Write_TR_Queue@4@1 size=0
Destroy queue RR_GC_Write_TR_Queue@4@0 size=0
Destroy queue RR_GC_Erase_TR_Queue@4@3 size=0
Destroy queue RR_GC_Erase_TR_Queue@4@2 size=0
Destroy queue RR_GC_Erase_TR_Queue@4@1 size=0
Destroy queue RR_GC_Erase_TR_Queue@4@0 size=0
Destroy queue RR_Mapping_Read_TR_Queue@4@3 size=0
Destroy queue RR_Mapping_Read_TR_Queue@4@2 size=0
Destroy queue RR_Mapping_Read_TR_Queue@4@1 size=0
Destroy queue RR_Mapping_Read_TR_Queue@4@0 size=0
Destroy queue RR_Mapping_Write_TR_Queue@4@3 size=0
Destroy queue RR_Mapping_Write_TR_Queue@4@2 size=0
Destroy queue RR_Mapping_Write_TR_Queue@4@1 size=0
Destroy queue RR_Mapping_Write_TR_Queue@4@0 size=0
Destroy queue RR_User_Read_TR_Queue@5@3 size=0
Destroy queue RR_User_Read_TR_Queue@5@2 size=0
Destroy queue RR_User_Read_TR_Queue@5@1 size=0
Destroy queue RR_User_Read_TR_Queue@5@0 size=0
Destroy queue RR_User_Write_TR_Queue@5@3 size=0
Destroy queue RR_User_Write_TR_Queue@5@2 size=0
Destroy queue RR_User_Write_TR_Queue@5@1 size=0
Destroy queue RR_User_Write_TR_Queue@5@0 size=0
Destroy queue RR_GC_Read_TR_Queue@5@3 size=0
Destroy queue RR_GC_Read_TR_Queue@5@2 size=0
Destroy queue RR_GC_Read_TR_Queue@5@1 size=0
Destroy queue RR_GC_Read_TR_Queue@5@0 size=0
Destroy queue RR_GC_Write_TR_Queue@5@3 size=0
Destroy queue RR_GC_Write_TR_Queue@5@2 size=0
Destroy queue RR_GC_Write_TR_Queue@5@1 size=0
Destroy queue RR_GC_Write_TR_Queue@5@0 size=0
Destroy queue RR_GC_Erase_TR_Queue@5@3 size=0
Destroy queue RR_GC_Erase_TR_Queue@5@2 size=0
Destroy queue RR_GC_Erase_TR_Queue@5@1 size=0
Destroy queue RR_GC_Erase_TR_Queue@5@0 size=0
Destroy queue RR_Mapping_Read_TR_Queue@5@3 size=0
Destroy queue RR_Mapping_Read_TR_Queue@5@2 size=0
Destroy queue RR_Mapping_Read_TR_Queue@5@1 size=0
Destroy queue RR_Mapping_Read_TR_Queue@5@0 size=0
Destroy queue RR_Mapping_Write_TR_Queue@5@3 size=0
Destroy queue RR_Mapping_Write_TR_Queue@5@2 size=0
Destroy queue RR_Mapping_Write_TR_Queue@5@1 size=0
Destroy queue RR_Mapping_Write_TR_Queue@5@0 size=0
Destroy queue RR_User_Read_TR_Queue@6@3 size=0
Destroy queue RR_User_Read_TR_Queue@6@2 size=0
Destroy queue RR_User_Read_TR_Queue@6@1 size=0
Destroy queue RR_User_Read_TR_Queue@6@0 size=0
Destroy queue RR_User_Write_TR_Queue@6@3 size=0
Destroy queue RR_User_Write_TR_Queue@6@2 size=0
Destroy queue RR_User_Write_TR_Queue@6@1 size=0
Destroy queue RR_User_Write_TR_Queue@6@0 size=0
Destroy queue RR_GC_Read_TR_Queue@6@3 size=0
Destroy queue RR_GC_Read_TR_Queue@6@2 size=0
Destroy queue RR_GC_Read_TR_Queue@6@1 size=0
Destroy queue RR_GC_Read_TR_Queue@6@0 size=0
Destroy queue RR_GC_Write_TR_Queue@6@3 size=0
Destroy queue RR_GC_Write_TR_Queue@6@2 size=0
Destroy queue RR_GC_Write_TR_Queue@6@1 size=0
Destroy queue RR_GC_Write_TR_Queue@6@0 size=0
Destroy queue RR_GC_Erase_TR_Queue@6@3 size=0
Destroy queue RR_GC_Erase_TR_Queue@6@2 size=0
Destroy queue RR_GC_Erase_TR_Queue@6@1 size=0
Destroy queue RR_GC_Erase_TR_Queue@6@0 size=0
Destroy queue RR_Mapping_Read_TR_Queue@6@3 size=0
Destroy queue RR_Mapping_Read_TR_Queue@6@2 size=0
Destroy queue RR_Mapping_Read_TR_Queue@6@1 size=0
Destroy queue RR_Mapping_Read_TR_Queue@6@0 size=0
Destroy queue RR_Mapping_Write_TR_Queue@6@3 size=0
Destroy queue RR_Mapping_Write_TR_Queue@6@2 size=0
Destroy queue RR_Mapping_Write_TR_Queue@6@1 size=0
Destroy queue RR_Mapping_Write_TR_Queue@6@0 size=0
Destroy queue RR_User_Read_TR_Queue@7@3 size=0
Destroy queue RR_User_Read_TR_Queue@7@2 size=0
Destroy queue RR_User_Read_TR_Queue@7@1 size=0
Destroy queue RR_User_Read_TR_Queue@7@0 size=0
Destroy queue RR_User_Write_TR_Queue@7@3 size=0
Destroy queue RR_User_Write_TR_Queue@7@2 size=0
Destroy queue RR_User_Write_TR_Queue@7@1 size=0
Destroy queue RR_User_Write_TR_Queue@7@0 size=0
Destroy queue RR_GC_Read_TR_Queue@7@3 size=0
Destroy queue RR_GC_Read_TR_Queue@7@2 size=0
Destroy queue RR_GC_Read_TR_Queue@7@1 size=0
Destroy queue RR_GC_Read_TR_Queue@7@0 size=0
Destroy queue RR_GC_Write_TR_Queue@7@3 size=0
Destroy queue RR_GC_Write_TR_Queue@7@2 size=0
Destroy queue RR_GC_Write_TR_Queue@7@1 size=0
Destroy queue RR_GC_Write_TR_Queue@7@0 size=0
Destroy queue RR_GC_Erase_TR_Queue@7@3 size=0
Destroy queue RR_GC_Erase_TR_Queue@7@2 size=0
Destroy queue RR_GC_Erase_TR_Queue@7@1 size=0
Destroy queue RR_GC_Erase_TR_Queue@7@0 size=0
Destroy queue RR_Mapping_Read_TR_Queue@7@3 size=0
Destroy queue RR_Mapping_Read_TR_Queue@7@2 size=0
Destroy queue RR_Mapping_Read_TR_Queue@7@1 size=0
Destroy queue RR_Mapping_Read_TR_Queue@7@0 size=0
Destroy queue RR_Mapping_Write_TR_Queue@7@3 size=0
Destroy queue RR_Mapping_Write_TR_Queue@7@2 size=0
Destroy queue RR_Mapping_Write_TR_Queue@7@1 size=0
Destroy queue RR_Mapping_Write_TR_Queue@7@0 size=0
Destroy queue RR_User_Read_TR_Queue@0@3 size=0
Destroy queue RR_User_Read_TR_Queue@0@2 size=0
Destroy queue RR_User_Read_TR_Queue@0@1 size=0
Destroy queue RR_User_Read_TR_Queue@0@0 size=0
Destroy queue RR_User_Write_TR_Queue@0@3 size=0
Destroy queue RR_User_Write_TR_Queue@0@2 size=0
Destroy queue RR_User_Write_TR_Queue@0@1 size=0
Destroy queue RR_User_Write_TR_Queue@0@0 size=0
Destroy queue RR_GC_Read_TR_Queue@0@3 size=0
Destroy queue RR_GC_Read_TR_Queue@0@2 size=0
Destroy queue RR_GC_Read_TR_Queue@0@1 size=0
Destroy queue RR_GC_Read_TR_Queue@0@0 size=0
Destroy queue RR_GC_Write_TR_Queue@0@3 size=0
Destroy queue RR_GC_Write_TR_Queue@0@2 size=0
Destroy queue RR_GC_Write_TR_Queue@0@1 size=0
Destroy queue RR_GC_Write_TR_Queue@0@0 size=0
Destroy queue RR_GC_Erase_TR_Queue@0@3 size=0
Destroy queue RR_GC_Erase_TR_Queue@0@2 size=0
Destroy queue RR_GC_Erase_TR_Queue@0@1 size=0
Destroy queue RR_GC_Erase_TR_Queue@0@0 size=0
Destroy queue RR_Mapping_Read_TR_Queue@0@3 size=0
Destroy queue RR_Mapping_Read_TR_Queue@0@2 size=0
Destroy queue RR_Mapping_Read_TR_Queue@0@1 size=0
Destroy queue RR_Mapping_Read_TR_Queue@0@0 size=0
Destroy queue RR_Mapping_Write_TR_Queue@0@3 size=0
Destroy queue RR_Mapping_Write_TR_Queue@0@2 size=0
Destroy queue RR_Mapping_Write_TR_Queue@0@1 size=0
Destroy queue RR_Mapping_Write_TR_Queue@0@0 size=0
Destroy queue RR_User_Read_TR_Queue@1@3 size=0
Destroy queue RR_User_Read_TR_Queue@1@2 size=0
Destroy queue RR_User_Read_TR_Queue@1@1 size=0
Destroy queue RR_User_Read_TR_Queue@1@0 size=0
Destroy queue RR_User_Write_TR_Queue@1@3 size=0
Destroy queue RR_User_Write_TR_Queue@1@2 size=0
Destroy queue RR_User_Write_TR_Queue@1@1 size=0
Destroy queue RR_User_Write_TR_Queue@1@0 size=0
Destroy queue RR_GC_Read_TR_Queue@1@3 size=0
Destroy queue RR_GC_Read_TR_Queue@1@2 size=0
Destroy queue RR_GC_Read_TR_Queue@1@1 size=0
Destroy queue RR_GC_Read_TR_Queue@1@0 size=0
Destroy queue RR_GC_Write_TR_Queue@1@3 size=0
Destroy queue RR_GC_Write_TR_Queue@1@2 size=0
Destroy queue RR_GC_Write_TR_Queue@1@1 size=0
Destroy queue RR_GC_Write_TR_Queue@1@0 size=0
Destroy queue RR_GC_Erase_TR_Queue@1@3 size=0
Destroy queue RR_GC_Erase_TR_Queue@1@2 size=0
Destroy queue RR_GC_Erase_TR_Queue@1@1 size=0
Destroy queue RR_GC_Erase_TR_Queue@1@0 size=0
Destroy queue RR_Mapping_Read_TR_Queue@1@3 size=0
Destroy queue RR_Mapping_Read_TR_Queue@1@2 size=0
Destroy queue RR_Mapping_Read_TR_Queue@1@1 size=0
Destroy queue RR_Mapping_Read_TR_Queue@1@0 size=0
Destroy queue RR_Mapping_Write_TR_Queue@1@3 size=0
Destroy queue RR_Mapping_Write_TR_Queue@1@2 size=0
Destroy queue RR_Mapping_Write_TR_Queue@1@1 size=0
Destroy queue RR_Mapping_Write_TR_Queue@1@0 size=0
Destroy queue RR_User_Read_TR_Queue@2@3 size=0
Destroy queue RR_User_Read_TR_Queue@2@2 size=0
Destroy queue RR_User_Read_TR_Queue@2@1 size=0
Destroy queue RR_User_Read_TR_Queue@2@0 size=0
Destroy queue RR_User_Write_TR_Queue@2@3 size=0
Destroy queue RR_User_Write_TR_Queue@2@2 size=0
Destroy queue RR_User_Write_TR_Queue@2@1 size=0
Destroy queue RR_User_Write_TR_Queue@2@0 size=0
Destroy queue RR_GC_Read_TR_Queue@2@3 size=0
Destroy queue RR_GC_Read_TR_Queue@2@2 size=0
Destroy queue RR_GC_Read_TR_Queue@2@1 size=0
Destroy queue RR_GC_Read_TR_Queue@2@0 size=0
Destroy queue RR_GC_Write_TR_Queue@2@3 size=0
Destroy queue RR_GC_Write_TR_Queue@2@2 size=0
Destroy queue RR_GC_Write_TR_Queue@2@1 size=0
Destroy queue RR_GC_Write_TR_Queue@2@0 size=0
Destroy queue RR_GC_Erase_TR_Queue@2@3 size=0
Destroy queue RR_GC_Erase_TR_Queue@2@2 size=0
Destroy queue RR_GC_Erase_TR_Queue@2@1 size=0
Destroy queue RR_GC_Erase_TR_Queue@2@0 size=0
Destroy queue RR_Mapping_Read_TR_Queue@2@3 size=0
Destroy queue RR_Mapping_Read_TR_Queue@2@2 size=0
Destroy queue RR_Mapping_Read_TR_Queue@2@1 size=0
Destroy queue RR_Mapping_Read_TR_Queue@2@0 size=0
Destroy queue RR_Mapping_Write_TR_Queue@2@3 size=0
Destroy queue RR_Mapping_Write_TR_Queue@2@2 size=0
Destroy queue RR_Mapping_Write_TR_Queue@2@1 size=0
Destroy queue RR_Mapping_Write_TR_Queue@2@0 size=0
Destroy queue RR_User_Read_TR_Queue@3@3 size=0
Destroy queue RR_User_Read_TR_Queue@3@2 size=0
Destroy queue RR_User_Read_TR_Queue@3@1 size=0
Destroy queue RR_User_Read_TR_Queue@3@0 size=0
Destroy queue RR_User_Write_TR_Queue@3@3 size=0
Destroy queue RR_User_Write_TR_Queue@3@2 size=0
Destroy queue RR_User_Write_TR_Queue@3@1 size=0
Destroy queue RR_User_Write_TR_Queue@3@0 size=0
Destroy queue RR_GC_Read_TR_Queue@3@3 size=0
Destroy queue RR_GC_Read_TR_Queue@3@2 size=0
Destroy queue RR_GC_Read_TR_Queue@3@1 size=0
Destroy queue RR_GC_Read_TR_Queue@3@0 size=0
Destroy queue RR_GC_Write_TR_Queue@3@3 size=0
Destroy queue RR_GC_Write_TR_Queue@3@2 size=0
Destroy queue RR_GC_Write_TR_Queue@3@1 size=0
Destroy queue RR_GC_Write_TR_Queue@3@0 size=0
Destroy queue RR_GC_Erase_TR_Queue@3@3 size=0
Destroy queue RR_GC_Erase_TR_Queue@3@2 size=0
Destroy queue RR_GC_Erase_TR_Queue@3@1 size=0
Destroy queue RR_GC_Erase_TR_Queue@3@0 size=0
Destroy queue RR_Mapping_Read_TR_Queue@3@3 size=0
Destroy queue RR_Mapping_Read_TR_Queue@3@2 size=0
Destroy queue RR_Mapping_Read_TR_Queue@3@1 size=0
Destroy queue RR_Mapping_Read_TR_Queue@3@0 size=0
Destroy queue RR_Mapping_Write_TR_Queue@3@3 size=0
Destroy queue RR_Mapping_Write_TR_Queue@3@2 size=0
Destroy queue RR_Mapping_Write_TR_Queue@3@1 size=0
Destroy queue RR_Mapping_Write_TR_Queue@3@0 size=0
Destroy queue RR_User_Read_TR_Queue@4@3 size=0
Destroy queue RR_User_Read_TR_Queue@4@2 size=0
Destroy queue RR_User_Read_TR_Queue@4@1 size=0
Destroy queue RR_User_Read_TR_Queue@4@0 size=0
Destroy queue RR_User_Write_TR_Queue@4@3 size=0
Destroy queue RR_User_Write_TR_Queue@4@2 size=0
Destroy queue RR_User_Write_TR_Queue@4@1 size=0
Destroy queue RR_User_Write_TR_Queue@4@0 size=0
Destroy queue RR_GC_Read_TR_Queue@4@3 size=0
Destroy queue RR_GC_Read_TR_Queue@4@2 size=0
Destroy queue RR_GC_Read_TR_Queue@4@1 size=0
Destroy queue RR_GC_Read_TR_Queue@4@0 size=0
Destroy queue RR_GC_Write_TR_Queue@4@3 size=0
Destroy queue RR_GC_Write_TR_Queue@4@2 size=0
Destroy queue RR_GC_Write_TR_Queue@4@1 size=0
Destroy queue RR_GC_Write_TR_Queue@4@0 size=0
Destroy queue RR_GC_Erase_TR_Queue@4@3 size=0
Destroy queue RR_GC_Erase_TR_Queue@4@2 size=0
Destroy queue RR_GC_Erase_TR_Queue@4@1 size=0
Destroy queue RR_GC_Erase_TR_Queue@4@0 size=0
Destroy queue RR_Mapping_Read_TR_Queue@4@3 size=0
Destroy queue RR_Mapping_Read_TR_Queue@4@2 size=0
Destroy queue RR_Mapping_Read_TR_Queue@4@1 size=0
Destroy queue RR_Mapping_Read_TR_Queue@4@0 size=0
Destroy queue RR_Mapping_Write_TR_Queue@4@3 size=0
Destroy queue RR_Mapping_Write_TR_Queue@4@2 size=0
Destroy queue RR_Mapping_Write_TR_Queue@4@1 size=0
Destroy queue RR_Mapping_Write_TR_Queue@4@0 size=0
Destroy queue RR_User_Read_TR_Queue@5@3 size=0
Destroy queue RR_User_Read_TR_Queue@5@2 size=0
Destroy queue RR_User_Read_TR_Queue@5@1 size=0
Destroy queue RR_User_Read_TR_Queue@5@0 size=0
Destroy queue RR_User_Write_TR_Queue@5@3 size=0
Destroy queue RR_User_Write_TR_Queue@5@2 size=0
Destroy queue RR_User_Write_TR_Queue@5@1 size=0
Destroy queue RR_User_Write_TR_Queue@5@0 size=0
Destroy queue RR_GC_Read_TR_Queue@5@3 size=0
Destroy queue RR_GC_Read_TR_Queue@5@2 size=0
Destroy queue RR_GC_Read_TR_Queue@5@1 size=0
Destroy queue RR_GC_Read_TR_Queue@5@0 size=0
Destroy queue RR_GC_Write_TR_Queue@5@3 size=0
Destroy queue RR_GC_Write_TR_Queue@5@2 size=0
Destroy queue RR_GC_Write_TR_Queue@5@1 size=0
Destroy queue RR_GC_Write_TR_Queue@5@0 size=0
Destroy queue RR_GC_Erase_TR_Queue@5@3 size=0
Destroy queue RR_GC_Erase_TR_Queue@5@2 size=0
Destroy queue RR_GC_Erase_TR_Queue@5@1 size=0
Destroy queue RR_GC_Erase_TR_Queue@5@0 size=0
Destroy queue RR_Mapping_Read_TR_Queue@5@3 size=0
Destroy queue RR_Mapping_Read_TR_Queue@5@2 size=0
Destroy queue RR_Mapping_Read_TR_Queue@5@1 size=0
Destroy queue RR_Mapping_Read_TR_Queue@5@0 size=0
Destroy queue RR_Mapping_Write_TR_Queue@5@3 size=0
Destroy queue RR_Mapping_Write_TR_Queue@5@2 size=0
Destroy queue RR_Mapping_Write_TR_Queue@5@1 size=0
Destroy queue RR_Mapping_Write_TR_Queue@5@0 size=0
Destroy queue RR_User_Read_TR_Queue@6@3 size=0
Destroy queue RR_User_Read_TR_Queue@6@2 size=0
Destroy queue RR_User_Read_TR_Queue@6@1 size=0
Destroy queue RR_User_Read_TR_Queue@6@0 size=0
Destroy queue RR_User_Write_TR_Queue@6@3 size=0
Destroy queue RR_User_Write_TR_Queue@6@2 size=0
Destroy queue RR_User_Write_TR_Queue@6@1 size=0
Destroy queue RR_User_Write_TR_Queue@6@0 size=0
Destroy queue RR_GC_Read_TR_Queue@6@3 size=0
Destroy queue RR_GC_Read_TR_Queue@6@2 size=0
Destroy queue RR_GC_Read_TR_Queue@6@1 size=0
Destroy queue RR_GC_Read_TR_Queue@6@0 size=0
Destroy queue RR_GC_Write_TR_Queue@6@3 size=0
Destroy queue RR_GC_Write_TR_Queue@6@2 size=0
Destroy queue RR_GC_Write_TR_Queue@6@1 size=0
Destroy queue RR_GC_Write_TR_Queue@6@0 size=0
Destroy queue RR_GC_Erase_TR_Queue@6@3 size=0
Destroy queue RR_GC_Erase_TR_Queue@6@2 size=0
Destroy queue RR_GC_Erase_TR_Queue@6@1 size=0
Destroy queue RR_GC_Erase_TR_Queue@6@0 size=0
Destroy queue RR_Mapping_Read_TR_Queue@6@3 size=0
Destroy queue RR_Mapping_Read_TR_Queue@6@2 size=0
Destroy queue RR_Mapping_Read_TR_Queue@6@1 size=0
Destroy queue RR_Mapping_Read_TR_Queue@6@0 size=0
Destroy queue RR_Mapping_Write_TR_Queue@6@3 size=0
Destroy queue RR_Mapping_Write_TR_Queue@6@2 size=0
Destroy queue RR_Mapping_Write_TR_Queue@6@1 size=0
Destroy queue RR_Mapping_Write_TR_Queue@6@0 size=0
Destroy queue RR_User_Read_TR_Queue@7@3 size=0
Destroy queue RR_User_Read_TR_Queue@7@2 size=0
Destroy queue RR_User_Read_TR_Queue@7@1 size=0
Destroy queue RR_User_Read_TR_Queue@7@0 size=0
Destroy queue RR_User_Write_TR_Queue@7@3 size=0
Destroy queue RR_User_Write_TR_Queue@7@2 size=0
Destroy queue RR_User_Write_TR_Queue@7@1 size=0
Destroy queue RR_User_Write_TR_Queue@7@0 size=0
Destroy queue RR_GC_Read_TR_Queue@7@3 size=0
Destroy queue RR_GC_Read_TR_Queue@7@2 size=0
Destroy queue RR_GC_Read_TR_Queue@7@1 size=0
Destroy queue RR_GC_Read_TR_Queue@7@0 size=0
Destroy queue RR_GC_Write_TR_Queue@7@3 size=0
Destroy queue RR_GC_Write_TR_Queue@7@2 size=0
Destroy queue RR_GC_Write_TR_Queue@7@1 size=0
Destroy queue RR_GC_Write_TR_Queue@7@0 size=0
Destroy queue RR_GC_Erase_TR_Queue@7@3 size=0
Destroy queue RR_GC_Erase_TR_Queue@7@2 size=0
Destroy queue RR_GC_Erase_TR_Queue@7@1 size=0
Destroy queue RR_GC_Erase_TR_Queue@7@0 size=0
Destroy queue RR_Mapping_Read_TR_Queue@7@3 size=0
Destroy queue RR_Mapping_Read_TR_Queue@7@2 size=0
Destroy queue RR_Mapping_Read_TR_Queue@7@1 size=0
Destroy queue RR_Mapping_Read_TR_Queue@7@0 size=0
Destroy queue RR_Mapping_Write_TR_Queue@7@3 size=0
Destroy queue RR_Mapping_Write_TR_Queue@7@2 size=0
Destroy queue RR_Mapping_Write_TR_Queue@7@1 size=0
Destroy queue RR_Mapping_Write_TR_Queue@7@0 size=0
Destroy queue RR_User_Read_TR_Queue@0@3 size=0
Destroy queue RR_User_Read_TR_Queue@0@2 size=0
Destroy queue RR_User_Read_TR_Queue@0@1 size=0
Destroy queue RR_User_Read_TR_Queue@0@0 size=0
Destroy queue RR_User_Write_TR_Queue@0@3 size=0
Destroy queue RR_User_Write_TR_Queue@0@2 size=0
Destroy queue RR_User_Write_TR_Queue@0@1 size=0
Destroy queue RR_User_Write_TR_Queue@0@0 size=0
Destroy queue RR_GC_Read_TR_Queue@0@3 size=0
Destroy queue RR_GC_Read_TR_Queue@0@2 size=0
Destroy queue RR_GC_Read_TR_Queue@0@1 size=0
Destroy queue RR_GC_Read_TR_Queue@0@0 size=0
Destroy queue RR_GC_Write_TR_Queue@0@3 size=0
Destroy queue RR_GC_Write_TR_Queue@0@2 size=0
Destroy queue RR_GC_Write_TR_Queue@0@1 size=0
Destroy queue RR_GC_Write_TR_Queue@0@0 size=0
Destroy queue RR_GC_Erase_TR_Queue@0@3 size=0
Destroy queue RR_GC_Erase_TR_Queue@0@2 size=0
Destroy queue RR_GC_Erase_TR_Queue@0@1 size=0
Destroy queue RR_GC_Erase_TR_Queue@0@0 size=0
Destroy queue RR_Mapping_Read_TR_Queue@0@3 size=0
Destroy queue RR_Mapping_Read_TR_Queue@0@2 size=0
Destroy queue RR_Mapping_Read_TR_Queue@0@1 size=0
Destroy queue RR_Mapping_Read_TR_Queue@0@0 size=0
Destroy queue RR_Mapping_Write_TR_Queue@0@3 size=0
Destroy queue RR_Mapping_Write_TR_Queue@0@2 size=0
Destroy queue RR_Mapping_Write_TR_Queue@0@1 size=0
Destroy queue RR_Mapping_Write_TR_Queue@0@0 size=0
Destroy queue RR_User_Read_TR_Queue@1@3 size=0
Destroy queue RR_User_Read_TR_Queue@1@2 size=0
Destroy queue RR_User_Read_TR_Queue@1@1 size=0
Destroy queue RR_User_Read_TR_Queue@1@0 size=0
Destroy queue RR_User_Write_TR_Queue@1@3 size=0
Destroy queue RR_User_Write_TR_Queue@1@2 size=0
Destroy queue RR_User_Write_TR_Queue@1@1 size=0
Destroy queue RR_User_Write_TR_Queue@1@0 size=0
Destroy queue RR_GC_Read_TR_Queue@1@3 size=0
Destroy queue RR_GC_Read_TR_Queue@1@2 size=0
Destroy queue RR_GC_Read_TR_Queue@1@1 size=0
Destroy queue RR_GC_Read_TR_Queue@1@0 size=0
Destroy queue RR_GC_Write_TR_Queue@1@3 size=0
Destroy queue RR_GC_Write_TR_Queue@1@2 size=0
Destroy queue RR_GC_Write_TR_Queue@1@1 size=0
Destroy queue RR_GC_Write_TR_Queue@1@0 size=0
Destroy queue RR_GC_Erase_TR_Queue@1@3 size=0
Destroy queue RR_GC_Erase_TR_Queue@1@2 size=0
Destroy queue RR_GC_Erase_TR_Queue@1@1 size=0
Destroy queue RR_GC_Erase_TR_Queue@1@0 size=0
Destroy queue RR_Mapping_Read_TR_Queue@1@3 size=0
Destroy queue RR_Mapping_Read_TR_Queue@1@2 size=0
Destroy queue RR_Mapping_Read_TR_Queue@1@1 size=0
Destroy queue RR_Mapping_Read_TR_Queue@1@0 size=0
Destroy queue RR_Mapping_Write_TR_Queue@1@3 size=0
Destroy queue RR_Mapping_Write_TR_Queue@1@2 size=0
Destroy queue RR_Mapping_Write_TR_Queue@1@1 size=0
Destroy queue RR_Mapping_Write_TR_Queue@1@0 size=0
Destroy queue RR_User_Read_TR_Queue@2@3 size=0
Destroy queue RR_User_Read_TR_Queue@2@2 size=0
Destroy queue RR_User_Read_TR_Queue@2@1 size=0
Destroy queue RR_User_Read_TR_Queue@2@0 size=0
Destroy queue RR_User_Write_TR_Queue@2@3 size=0
Destroy queue RR_User_Write_TR_Queue@2@2 size=0
Destroy queue RR_User_Write_TR_Queue@2@1 size=0
Destroy queue RR_User_Write_TR_Queue@2@0 size=0
Destroy queue RR_GC_Read_TR_Queue@2@3 size=0
Destroy queue RR_GC_Read_TR_Queue@2@2 size=0
Destroy queue RR_GC_Read_TR_Queue@2@1 size=0
Destroy queue RR_GC_Read_TR_Queue@2@0 size=0
Destroy queue RR_GC_Write_TR_Queue@2@3 size=0
Destroy queue RR_GC_Write_TR_Queue@2@2 size=0
Destroy queue RR_GC_Write_TR_Queue@2@1 size=0
Destroy queue RR_GC_Write_TR_Queue@2@0 size=0
Destroy queue RR_GC_Erase_TR_Queue@2@3 size=0
Destroy queue RR_GC_Erase_TR_Queue@2@2 size=0
Destroy queue RR_GC_Erase_TR_Queue@2@1 size=0
Destroy queue RR_GC_Erase_TR_Queue@2@0 size=0
Destroy queue RR_Mapping_Read_TR_Queue@2@3 size=0
Destroy queue RR_Mapping_Read_TR_Queue@2@2 size=0
Destroy queue RR_Mapping_Read_TR_Queue@2@1 size=0
Destroy queue RR_Mapping_Read_TR_Queue@2@0 size=0
Destroy queue RR_Mapping_Write_TR_Queue@2@3 size=0
Destroy queue RR_Mapping_Write_TR_Queue@2@2 size=0
Destroy queue RR_Mapping_Write_TR_Queue@2@1 size=0
Destroy queue RR_Mapping_Write_TR_Queue@2@0 size=0
Destroy queue RR_User_Read_TR_Queue@3@3 size=0
Destroy queue RR_User_Read_TR_Queue@3@2 size=0
Destroy queue RR_User_Read_TR_Queue@3@1 size=0
Destroy queue RR_User_Read_TR_Queue@3@0 size=0
Destroy queue RR_User_Write_TR_Queue@3@3 size=0
Destroy queue RR_User_Write_TR_Queue@3@2 size=0
Destroy queue RR_User_Write_TR_Queue@3@1 size=0
Destroy queue RR_User_Write_TR_Queue@3@0 size=0
Destroy queue RR_GC_Read_TR_Queue@3@3 size=0
Destroy queue RR_GC_Read_TR_Queue@3@2 size=0
Destroy queue RR_GC_Read_TR_Queue@3@1 size=0
Destroy queue RR_GC_Read_TR_Queue@3@0 size=0
Destroy queue RR_GC_Write_TR_Queue@3@3 size=0
Destroy queue RR_GC_Write_TR_Queue@3@2 size=0
Destroy queue RR_GC_Write_TR_Queue@3@1 size=0
Destroy queue RR_GC_Write_TR_Queue@3@0 size=0
Destroy queue RR_GC_Erase_TR_Queue@3@3 size=0
Destroy queue RR_GC_Erase_TR_Queue@3@2 size=0
Destroy queue RR_GC_Erase_TR_Queue@3@1 size=0
Destroy queue RR_GC_Erase_TR_Queue@3@0 size=0
Destroy queue RR_Mapping_Read_TR_Queue@3@3 size=0
Destroy queue RR_Mapping_Read_TR_Queue@3@2 size=0
Destroy queue RR_Mapping_Read_TR_Queue@3@1 size=0
Destroy queue RR_Mapping_Read_TR_Queue@3@0 size=0
Destroy queue RR_Mapping_Write_TR_Queue@3@3 size=0
Destroy queue RR_Mapping_Write_TR_Queue@3@2 size=0
Destroy queue RR_Mapping_Write_TR_Queue@3@1 size=0
Destroy queue RR_Mapping_Write_TR_Queue@3@0 size=0
Destroy queue RR_User_Read_TR_Queue@4@3 size=0
Destroy queue RR_User_Read_TR_Queue@4@2 size=0
Destroy queue RR_User_Read_TR_Queue@4@1 size=0
Destroy queue RR_User_Read_TR_Queue@4@0 size=0
Destroy queue RR_User_Write_TR_Queue@4@3 size=0
Destroy queue RR_User_Write_TR_Queue@4@2 size=0
Destroy queue RR_User_Write_TR_Queue@4@1 size=0
Destroy queue RR_User_Write_TR_Queue@4@0 size=0
Destroy queue RR_GC_Read_TR_Queue@4@3 size=0
Destroy queue RR_GC_Read_TR_Queue@4@2 size=0
Destroy queue RR_GC_Read_TR_Queue@4@1 size=0
Destroy queue RR_GC_Read_TR_Queue@4@0 size=0
Destroy queue RR_GC_Write_TR_Queue@4@3 size=0
Destroy queue RR_GC_Write_TR_Queue@4@2 size=0
Destroy queue RR_GC_Write_TR_Queue@4@1 size=0
Destroy queue RR_GC_Write_TR_Queue@4@0 size=0
Destroy queue RR_GC_Erase_TR_Queue@4@3 size=0
Destroy queue RR_GC_Erase_TR_Queue@4@2 size=0
Destroy queue RR_GC_Erase_TR_Queue@4@1 size=0
Destroy queue RR_GC_Erase_TR_Queue@4@0 size=0
Destroy queue RR_Mapping_Read_TR_Queue@4@3 size=0
Destroy queue RR_Mapping_Read_TR_Queue@4@2 size=0
Destroy queue RR_Mapping_Read_TR_Queue@4@1 size=0
Destroy queue RR_Mapping_Read_TR_Queue@4@0 size=0
Destroy queue RR_Mapping_Write_TR_Queue@4@3 size=0
Destroy queue RR_Mapping_Write_TR_Queue@4@2 size=0
Destroy queue RR_Mapping_Write_TR_Queue@4@1 size=0
Destroy queue RR_Mapping_Write_TR_Queue@4@0 size=0
Destroy queue RR_User_Read_TR_Queue@5@3 size=0
Destroy queue RR_User_Read_TR_Queue@5@2 size=0
Destroy queue RR_User_Read_TR_Queue@5@1 size=0
Destroy queue RR_User_Read_TR_Queue@5@0 size=0
Destroy queue RR_User_Write_TR_Queue@5@3 size=0
Destroy queue RR_User_Write_TR_Queue@5@2 size=0
Destroy queue RR_User_Write_TR_Queue@5@1 size=0
Destroy queue RR_User_Write_TR_Queue@5@0 size=0
Destroy queue RR_GC_Read_TR_Queue@5@3 size=0
Destroy queue RR_GC_Read_TR_Queue@5@2 size=0
Destroy queue RR_GC_Read_TR_Queue@5@1 size=0
Destroy queue RR_GC_Read_TR_Queue@5@0 size=0
Destroy queue RR_GC_Write_TR_Queue@5@3 size=0
Destroy queue RR_GC_Write_TR_Queue@5@2 size=0
Destroy queue RR_GC_Write_TR_Queue@5@1 size=0
Destroy queue RR_GC_Write_TR_Queue@5@0 size=0
Destroy queue RR_GC_Erase_TR_Queue@5@3 size=0
Destroy queue RR_GC_Erase_TR_Queue@5@2 size=0
Destroy queue RR_GC_Erase_TR_Queue@5@1 size=0
Destroy queue RR_GC_Erase_TR_Queue@5@0 size=0
Destroy queue RR_Mapping_Read_TR_Queue@5@3 size=0
Destroy queue RR_Mapping_Read_TR_Queue@5@2 size=0
Destroy queue RR_Mapping_Read_TR_Queue@5@1 size=0
Destroy queue RR_Mapping_Read_TR_Queue@5@0 size=0
Destroy queue RR_Mapping_Write_TR_Queue@5@3 size=0
Destroy queue RR_Mapping_Write_TR_Queue@5@2 size=0
Destroy queue RR_Mapping_Write_TR_Queue@5@1 size=0
Destroy queue RR_Mapping_Write_TR_Queue@5@0 size=0
Destroy queue RR_User_Read_TR_Queue@6@3 size=0
Destroy queue RR_User_Read_TR_Queue@6@2 size=0
Destroy queue RR_User_Read_TR_Queue@6@1 size=0
Destroy queue RR_User_Read_TR_Queue@6@0 size=0
Destroy queue RR_User_Write_TR_Queue@6@3 size=0
Destroy queue RR_User_Write_TR_Queue@6@2 size=0
Destroy queue RR_User_Write_TR_Queue@6@1 size=0
Destroy queue RR_User_Write_TR_Queue@6@0 size=0
Destroy queue RR_GC_Read_TR_Queue@6@3 size=0
Destroy queue RR_GC_Read_TR_Queue@6@2 size=0
Destroy queue RR_GC_Read_TR_Queue@6@1 size=0
Destroy queue RR_GC_Read_TR_Queue@6@0 size=0
Destroy queue RR_GC_Write_TR_Queue@6@3 size=0
Destroy queue RR_GC_Write_TR_Queue@6@2 size=0
Destroy queue RR_GC_Write_TR_Queue@6@1 size=0
Destroy queue RR_GC_Write_TR_Queue@6@0 size=0
Destroy queue RR_GC_Erase_TR_Queue@6@3 size=0
Destroy queue RR_GC_Erase_TR_Queue@6@2 size=0
Destroy queue RR_GC_Erase_TR_Queue@6@1 size=0
Destroy queue RR_GC_Erase_TR_Queue@6@0 size=0
Destroy queue RR_Mapping_Read_TR_Queue@6@3 size=0
Destroy queue RR_Mapping_Read_TR_Queue@6@2 size=0
Destroy queue RR_Mapping_Read_TR_Queue@6@1 size=0
Destroy queue RR_Mapping_Read_TR_Queue@6@0 size=0
Destroy queue RR_Mapping_Write_TR_Queue@6@3 size=0
Destroy queue RR_Mapping_Write_TR_Queue@6@2 size=0
Destroy queue RR_Mapping_Write_TR_Queue@6@1 size=0
Destroy queue RR_Mapping_Write_TR_Queue@6@0 size=0
Destroy queue RR_User_Read_TR_Queue@7@3 size=0
Destroy queue RR_User_Read_TR_Queue@7@2 size=0
Destroy queue RR_User_Read_TR_Queue@7@1 size=0
Destroy queue RR_User_Read_TR_Queue@7@0 size=0
Destroy queue RR_User_Write_TR_Queue@7@3 size=0
Destroy queue RR_User_Write_TR_Queue@7@2 size=0
Destroy queue RR_User_Write_TR_Queue@7@1 size=0
Destroy queue RR_User_Write_TR_Queue@7@0 size=0
Destroy queue RR_GC_Read_TR_Queue@7@3 size=0
Destroy queue RR_GC_Read_TR_Queue@7@2 size=0
Destroy queue RR_GC_Read_TR_Queue@7@1 size=0
Destroy queue RR_GC_Read_TR_Queue@7@0 size=0
Destroy queue RR_GC_Write_TR_Queue@7@3 size=0
Destroy queue RR_GC_Write_TR_Queue@7@2 size=0
Destroy queue RR_GC_Write_TR_Queue@7@1 size=0
Destroy queue RR_GC_Write_TR_Queue@7@0 size=0
Destroy queue RR_GC_Erase_TR_Queue@7@3 size=0
Destroy queue RR_GC_Erase_TR_Queue@7@2 size=0
Destroy queue RR_GC_Erase_TR_Queue@7@1 size=0
Destroy queue RR_GC_Erase_TR_Queue@7@0 size=0
Destroy queue RR_Mapping_Read_TR_Queue@7@3 size=0
Destroy queue RR_Mapping_Read_TR_Queue@7@2 size=0
Destroy queue RR_Mapping_Read_TR_Queue@7@1 size=0
Destroy queue RR_Mapping_Read_TR_Queue@7@0 size=0
Destroy queue RR_Mapping_Write_TR_Queue@7@3 size=0
Destroy queue RR_Mapping_Write_TR_Queue@7@2 size=0
Destroy queue RR_Mapping_Write_TR_Queue@7@1 size=0
Destroy queue RR_Mapping_Write_TR_Queue@7@0 size=0
Destroy queue RR_User_Read_TR_Queue@0@3 size=0
Destroy queue RR_User_Read_TR_Queue@0@2 size=0
Destroy queue RR_User_Read_TR_Queue@0@1 size=0
Destroy queue RR_User_Read_TR_Queue@0@0 size=0
Destroy queue RR_User_Write_TR_Queue@0@3 size=0
Destroy queue RR_User_Write_TR_Queue@0@2 size=0
Destroy queue RR_User_Write_TR_Queue@0@1 size=0
Destroy queue RR_User_Write_TR_Queue@0@0 size=0
Destroy queue RR_GC_Read_TR_Queue@0@3 size=0
Destroy queue RR_GC_Read_TR_Queue@0@2 size=0
Destroy queue RR_GC_Read_TR_Queue@0@1 size=0
Destroy queue RR_GC_Read_TR_Queue@0@0 size=0
Destroy queue RR_GC_Write_TR_Queue@0@3 size=0
Destroy queue RR_GC_Write_TR_Queue@0@2 size=0
Destroy queue RR_GC_Write_TR_Queue@0@1 size=0
Destroy queue RR_GC_Write_TR_Queue@0@0 size=0
Destroy queue RR_GC_Erase_TR_Queue@0@3 size=0
Destroy queue RR_GC_Erase_TR_Queue@0@2 size=0
Destroy queue RR_GC_Erase_TR_Queue@0@1 size=0
Destroy queue RR_GC_Erase_TR_Queue@0@0 size=0
Destroy queue RR_Mapping_Read_TR_Queue@0@3 size=0
Destroy queue RR_Mapping_Read_TR_Queue@0@2 size=0
Destroy queue RR_Mapping_Read_TR_Queue@0@1 size=0
Destroy queue RR_Mapping_Read_TR_Queue@0@0 size=0
Destroy queue RR_Mapping_Write_TR_Queue@0@3 size=0
Destroy queue RR_Mapping_Write_TR_Queue@0@2 size=0
Destroy queue RR_Mapping_Write_TR_Queue@0@1 size=0
Destroy queue RR_Mapping_Write_TR_Queue@0@0 size=0
Destroy queue RR_User_Read_TR_Queue@1@3 size=0
Destroy queue RR_User_Read_TR_Queue@1@2 size=0
Destroy queue RR_User_Read_TR_Queue@1@1 size=0
Destroy queue RR_User_Read_TR_Queue@1@0 size=0
Destroy queue RR_User_Write_TR_Queue@1@3 size=0
Destroy queue RR_User_Write_TR_Queue@1@2 size=0
Destroy queue RR_User_Write_TR_Queue@1@1 size=0
Destroy queue RR_User_Write_TR_Queue@1@0 size=0
Destroy queue RR_GC_Read_TR_Queue@1@3 size=0
Destroy queue RR_GC_Read_TR_Queue@1@2 size=0
Destroy queue RR_GC_Read_TR_Queue@1@1 size=0
Destroy queue RR_GC_Read_TR_Queue@1@0 size=0
Destroy queue RR_GC_Write_TR_Queue@1@3 size=0
Destroy queue RR_GC_Write_TR_Queue@1@2 size=0
Destroy queue RR_GC_Write_TR_Queue@1@1 size=0
Destroy queue RR_GC_Write_TR_Queue@1@0 size=0
Destroy queue RR_GC_Erase_TR_Queue@1@3 size=0
Destroy queue RR_GC_Erase_TR_Queue@1@2 size=0
Destroy queue RR_GC_Erase_TR_Queue@1@1 size=0
Destroy queue RR_GC_Erase_TR_Queue@1@0 size=0
Destroy queue RR_Mapping_Read_TR_Queue@1@3 size=0
Destroy queue RR_Mapping_Read_TR_Queue@1@2 size=0
Destroy queue RR_Mapping_Read_TR_Queue@1@1 size=0
Destroy queue RR_Mapping_Read_TR_Queue@1@0 size=0
Destroy queue RR_Mapping_Write_TR_Queue@1@3 size=0
Destroy queue RR_Mapping_Write_TR_Queue@1@2 size=0
Destroy queue RR_Mapping_Write_TR_Queue@1@1 size=0
Destroy queue RR_Mapping_Write_TR_Queue@1@0 size=0
Destroy queue RR_User_Read_TR_Queue@2@3 size=0
Destroy queue RR_User_Read_TR_Queue@2@2 size=0
Destroy queue RR_User_Read_TR_Queue@2@1 size=0
Destroy queue RR_User_Read_TR_Queue@2@0 size=0
Destroy queue RR_User_Write_TR_Queue@2@3 size=0
Destroy queue RR_User_Write_TR_Queue@2@2 size=0
Destroy queue RR_User_Write_TR_Queue@2@1 size=0
Destroy queue RR_User_Write_TR_Queue@2@0 size=0
Destroy queue RR_GC_Read_TR_Queue@2@3 size=0
Destroy queue RR_GC_Read_TR_Queue@2@2 size=0
Destroy queue RR_GC_Read_TR_Queue@2@1 size=0
Destroy queue RR_GC_Read_TR_Queue@2@0 size=0
Destroy queue RR_GC_Write_TR_Queue@2@3 size=0
Destroy queue RR_GC_Write_TR_Queue@2@2 size=0
Destroy queue RR_GC_Write_TR_Queue@2@1 size=0
Destroy queue RR_GC_Write_TR_Queue@2@0 size=0
Destroy queue RR_GC_Erase_TR_Queue@2@3 size=0
Destroy queue RR_GC_Erase_TR_Queue@2@2 size=0
Destroy queue RR_GC_Erase_TR_Queue@2@1 size=0
Destroy queue RR_GC_Erase_TR_Queue@2@0 size=0
Destroy queue RR_Mapping_Read_TR_Queue@2@3 size=0
Destroy queue RR_Mapping_Read_TR_Queue@2@2 size=0
Destroy queue RR_Mapping_Read_TR_Queue@2@1 size=0
Destroy queue RR_Mapping_Read_TR_Queue@2@0 size=0
Destroy queue RR_Mapping_Write_TR_Queue@2@3 size=0
Destroy queue RR_Mapping_Write_TR_Queue@2@2 size=0
Destroy queue RR_Mapping_Write_TR_Queue@2@1 size=0
Destroy queue RR_Mapping_Write_TR_Queue@2@0 size=0
Destroy queue RR_User_Read_TR_Queue@3@3 size=0
Destroy queue RR_User_Read_TR_Queue@3@2 size=0
Destroy queue RR_User_Read_TR_Queue@3@1 size=0
Destroy queue RR_User_Read_TR_Queue@3@0 size=0
Destroy queue RR_User_Write_TR_Queue@3@3 size=0
Destroy queue RR_User_Write_TR_Queue@3@2 size=0
Destroy queue RR_User_Write_TR_Queue@3@1 size=0
Destroy queue RR_User_Write_TR_Queue@3@0 size=0
Destroy queue RR_GC_Read_TR_Queue@3@3 size=0
Destroy queue RR_GC_Read_TR_Queue@3@2 size=0
Destroy queue RR_GC_Read_TR_Queue@3@1 size=0
Destroy queue RR_GC_Read_TR_Queue@3@0 size=0
Destroy queue RR_GC_Write_TR_Queue@3@3 size=0
Destroy queue RR_GC_Write_TR_Queue@3@2 size=0
Destroy queue RR_GC_Write_TR_Queue@3@1 size=0
Destroy queue RR_GC_Write_TR_Queue@3@0 size=0
Destroy queue RR_GC_Erase_TR_Queue@3@3 size=0
Destroy queue RR_GC_Erase_TR_Queue@3@2 size=0
Destroy queue RR_GC_Erase_TR_Queue@3@1 size=0
Destroy queue RR_GC_Erase_TR_Queue@3@0 size=0
Destroy queue RR_Mapping_Read_TR_Queue@3@3 size=0
Destroy queue RR_Mapping_Read_TR_Queue@3@2 size=0
Destroy queue RR_Mapping_Read_TR_Queue@3@1 size=0
Destroy queue RR_Mapping_Read_TR_Queue@3@0 size=0
Destroy queue RR_Mapping_Write_TR_Queue@3@3 size=0
Destroy queue RR_Mapping_Write_TR_Queue@3@2 size=0
Destroy queue RR_Mapping_Write_TR_Queue@3@1 size=0
Destroy queue RR_Mapping_Write_TR_Queue@3@0 size=0
Destroy queue RR_User_Read_TR_Queue@4@3 size=0
Destroy queue RR_User_Read_TR_Queue@4@2 size=0
Destroy queue RR_User_Read_TR_Queue@4@1 size=0
Destroy queue RR_User_Read_TR_Queue@4@0 size=0
Destroy queue RR_User_Write_TR_Queue@4@3 size=0
Destroy queue RR_User_Write_TR_Queue@4@2 size=0
Destroy queue RR_User_Write_TR_Queue@4@1 size=0
Destroy queue RR_User_Write_TR_Queue@4@0 size=0
Destroy queue RR_GC_Read_TR_Queue@4@3 size=0
Destroy queue RR_GC_Read_TR_Queue@4@2 size=0
Destroy queue RR_GC_Read_TR_Queue@4@1 size=0
Destroy queue RR_GC_Read_TR_Queue@4@0 size=0
Destroy queue RR_GC_Write_TR_Queue@4@3 size=0
Destroy queue RR_GC_Write_TR_Queue@4@2 size=0
Destroy queue RR_GC_Write_TR_Queue@4@1 size=0
Destroy queue RR_GC_Write_TR_Queue@4@0 size=0
Destroy queue RR_GC_Erase_TR_Queue@4@3 size=0
Destroy queue RR_GC_Erase_TR_Queue@4@2 size=0
Destroy queue RR_GC_Erase_TR_Queue@4@1 size=0
Destroy queue RR_GC_Erase_TR_Queue@4@0 size=0
Destroy queue RR_Mapping_Read_TR_Queue@4@3 size=0
Destroy queue RR_Mapping_Read_TR_Queue@4@2 size=0
Destroy queue RR_Mapping_Read_TR_Queue@4@1 size=0
Destroy queue RR_Mapping_Read_TR_Queue@4@0 size=0
Destroy queue RR_Mapping_Write_TR_Queue@4@3 size=0
Destroy queue RR_Mapping_Write_TR_Queue@4@2 size=0
Destroy queue RR_Mapping_Write_TR_Queue@4@1 size=0
Destroy queue RR_Mapping_Write_TR_Queue@4@0 size=0
Destroy queue RR_User_Read_TR_Queue@5@3 size=0
Destroy queue RR_User_Read_TR_Queue@5@2 size=0
Destroy queue RR_User_Read_TR_Queue@5@1 size=0
Destroy queue RR_User_Read_TR_Queue@5@0 size=0
Destroy queue RR_User_Write_TR_Queue@5@3 size=0
Destroy queue RR_User_Write_TR_Queue@5@2 size=0
Destroy queue RR_User_Write_TR_Queue@5@1 size=0
Destroy queue RR_User_Write_TR_Queue@5@0 size=0
Destroy queue RR_GC_Read_TR_Queue@5@3 size=0
Destroy queue RR_GC_Read_TR_Queue@5@2 size=0
Destroy queue RR_GC_Read_TR_Queue@5@1 size=0
Destroy queue RR_GC_Read_TR_Queue@5@0 size=0
Destroy queue RR_GC_Write_TR_Queue@5@3 size=0
Destroy queue RR_GC_Write_TR_Queue@5@2 size=0
Destroy queue RR_GC_Write_TR_Queue@5@1 size=0
Destroy queue RR_GC_Write_TR_Queue@5@0 size=0
Destroy queue RR_GC_Erase_TR_Queue@5@3 size=0
Destroy queue RR_GC_Erase_TR_Queue@5@2 size=0
Destroy queue RR_GC_Erase_TR_Queue@5@1 size=0
Destroy queue RR_GC_Erase_TR_Queue@5@0 size=0
Destroy queue RR_Mapping_Read_TR_Queue@5@3 size=0
Destroy queue RR_Mapping_Read_TR_Queue@5@2 size=0
Destroy queue RR_Mapping_Read_TR_Queue@5@1 size=0
Destroy queue RR_Mapping_Read_TR_Queue@5@0 size=0
Destroy queue RR_Mapping_Write_TR_Queue@5@3 size=0
Destroy queue RR_Mapping_Write_TR_Queue@5@2 size=0
Destroy queue RR_Mapping_Write_TR_Queue@5@1 size=0
Destroy queue RR_Mapping_Write_TR_Queue@5@0 size=0
Destroy queue RR_User_Read_TR_Queue@6@3 size=0
Destroy queue RR_User_Read_TR_Queue@6@2 size=0
Destroy queue RR_User_Read_TR_Queue@6@1 size=0
Destroy queue RR_User_Read_TR_Queue@6@0 size=0
Destroy queue RR_User_Write_TR_Queue@6@3 size=0
Destroy queue RR_User_Write_TR_Queue@6@2 size=0
Destroy queue RR_User_Write_TR_Queue@6@1 size=0
Destroy queue RR_User_Write_TR_Queue@6@0 size=0
Destroy queue RR_GC_Read_TR_Queue@6@3 size=0
Destroy queue RR_GC_Read_TR_Queue@6@2 size=0
Destroy queue RR_GC_Read_TR_Queue@6@1 size=0
Destroy queue RR_GC_Read_TR_Queue@6@0 size=0
Destroy queue RR_GC_Write_TR_Queue@6@3 size=0
Destroy queue RR_GC_Write_TR_Queue@6@2 size=0
Destroy queue RR_GC_Write_TR_Queue@6@1 size=0
Destroy queue RR_GC_Write_TR_Queue@6@0 size=0
Destroy queue RR_GC_Erase_TR_Queue@6@3 size=0
Destroy queue RR_GC_Erase_TR_Queue@6@2 size=0
Destroy queue RR_GC_Erase_TR_Queue@6@1 size=0
Destroy queue RR_GC_Erase_TR_Queue@6@0 size=0
Destroy queue RR_Mapping_Read_TR_Queue@6@3 size=0
Destroy queue RR_Mapping_Read_TR_Queue@6@2 size=0
Destroy queue RR_Mapping_Read_TR_Queue@6@1 size=0
Destroy queue RR_Mapping_Read_TR_Queue@6@0 size=0
Destroy queue RR_Mapping_Write_TR_Queue@6@3 size=0
Destroy queue RR_Mapping_Write_TR_Queue@6@2 size=0
Destroy queue RR_Mapping_Write_TR_Queue@6@1 size=0
Destroy queue RR_Mapping_Write_TR_Queue@6@0 size=0
Destroy queue RR_User_Read_TR_Queue@7@3 size=0
Destroy queue RR_User_Read_TR_Queue@7@2 size=0
Destroy queue RR_User_Read_TR_Queue@7@1 size=0
Destroy queue RR_User_Read_TR_Queue@7@0 size=0
Destroy queue RR_User_Write_TR_Queue@7@3 size=0
Destroy queue RR_User_Write_TR_Queue@7@2 size=0
Destroy queue RR_User_Write_TR_Queue@7@1 size=0
Destroy queue RR_User_Write_TR_Queue@7@0 size=0
Destroy queue RR_GC_Read_TR_Queue@7@3 size=0
Destroy queue RR_GC_Read_TR_Queue@7@2 size=0
Destroy queue RR_GC_Read_TR_Queue@7@1 size=0
Destroy queue RR_GC_Read_TR_Queue@7@0 size=0
Destroy queue RR_GC_Write_TR_Queue@7@3 size=0
Destroy queue RR_GC_Write_TR_Queue@7@2 size=0
Destroy queue RR_GC_Write_TR_Queue@7@1 size=0
Destroy queue RR_GC_Write_TR_Queue@7@0 size=0
Destroy queue RR_GC_Erase_TR_Queue@7@3 size=0
Destroy queue RR_GC_Erase_TR_Queue@7@2 size=0
Destroy queue RR_GC_Erase_TR_Queue@7@1 size=0
Destroy queue RR_GC_Erase_TR_Queue@7@0 size=0
Destroy queue RR_Mapping_Read_TR_Queue@7@3 size=0
Destroy queue RR_Mapping_Read_TR_Queue@7@2 size=0
Destroy queue RR_Mapping_Read_TR_Queue@7@1 size=0
Destroy queue RR_Mapping_Read_TR_Queue@7@0 size=0
Destroy queue RR_Mapping_Write_TR_Queue@7@3 size=0
Destroy queue RR_Mapping_Write_TR_Queue@7@2 size=0
Destroy queue RR_Mapping_Write_TR_Queue@7@1 size=0
Destroy queue RR_Mapping_Write_TR_Queue@7@0 size=0
Destroy queue RR_User_Read_TR_Queue@0@3 size=0
Destroy queue RR_User_Read_TR_Queue@0@2 size=0
Destroy queue RR_User_Read_TR_Queue@0@1 size=0
Destroy queue RR_User_Read_TR_Queue@0@0 size=0
Destroy queue RR_User_Write_TR_Queue@0@3 size=0
Destroy queue RR_User_Write_TR_Queue@0@2 size=0
Destroy queue RR_User_Write_TR_Queue@0@1 size=0
Destroy queue RR_User_Write_TR_Queue@0@0 size=0
Destroy queue RR_GC_Read_TR_Queue@0@3 size=0
Destroy queue RR_GC_Read_TR_Queue@0@2 size=0
Destroy queue RR_GC_Read_TR_Queue@0@1 size=0
Destroy queue RR_GC_Read_TR_Queue@0@0 size=0
Destroy queue RR_GC_Write_TR_Queue@0@3 size=0
Destroy queue RR_GC_Write_TR_Queue@0@2 size=0
Destroy queue RR_GC_Write_TR_Queue@0@1 size=0
Destroy queue RR_GC_Write_TR_Queue@0@0 size=0
Destroy queue RR_GC_Erase_TR_Queue@0@3 size=0
Destroy queue RR_GC_Erase_TR_Queue@0@2 size=0
Destroy queue RR_GC_Erase_TR_Queue@0@1 size=0
Destroy queue RR_GC_Erase_TR_Queue@0@0 size=0
Destroy queue RR_Mapping_Read_TR_Queue@0@3 size=0
Destroy queue RR_Mapping_Read_TR_Queue@0@2 size=0
Destroy queue RR_Mapping_Read_TR_Queue@0@1 size=0
Destroy queue RR_Mapping_Read_TR_Queue@0@0 size=0
Destroy queue RR_Mapping_Write_TR_Queue@0@3 size=0
Destroy queue RR_Mapping_Write_TR_Queue@0@2 size=0
Destroy queue RR_Mapping_Write_TR_Queue@0@1 size=451
Destroy queue RR_Mapping_Write_TR_Queue@0@0 size=453
Destroy queue RR_User_Read_TR_Queue@1@3 size=0
Destroy queue RR_User_Read_TR_Queue@1@2 size=0
Destroy queue RR_User_Read_TR_Queue@1@1 size=0
Destroy queue RR_User_Read_TR_Queue@1@0 size=0
Destroy queue RR_User_Write_TR_Queue@1@3 size=0
Destroy queue RR_User_Write_TR_Queue@1@2 size=0
Destroy queue RR_User_Write_TR_Queue@1@1 size=0
Destroy queue RR_User_Write_TR_Queue@1@0 size=0
Destroy queue RR_GC_Read_TR_Queue@1@3 size=0
Destroy queue RR_GC_Read_TR_Queue@1@2 size=0
Destroy queue RR_GC_Read_TR_Queue@1@1 size=0
Destroy queue RR_GC_Read_TR_Queue@1@0 size=0
Destroy queue RR_GC_Write_TR_Queue@1@3 size=0
Destroy queue RR_GC_Write_TR_Queue@1@2 size=0
Destroy queue RR_GC_Write_TR_Queue@1@1 size=0
Destroy queue RR_GC_Write_TR_Queue@1@0 size=0
Destroy queue RR_GC_Erase_TR_Queue@1@3 size=0
Destroy queue RR_GC_Erase_TR_Queue@1@2 size=0
Destroy queue RR_GC_Erase_TR_Queue@1@1 size=0
Destroy queue RR_GC_Erase_TR_Queue@1@0 size=0
Destroy queue RR_Mapping_Read_TR_Queue@1@3 size=0
Destroy queue RR_Mapping_Read_TR_Queue@1@2 size=0
Destroy queue RR_Mapping_Read_TR_Queue@1@1 size=0
Destroy queue RR_Mapping_Read_TR_Queue@1@0 size=0
Destroy queue RR_Mapping_Write_TR_Queue@1@3 size=0
Destroy queue RR_Mapping_Write_TR_Queue@1@2 size=0
Destroy queue RR_Mapping_Write_TR_Queue@1@1 size=471
Destroy queue RR_Mapping_Write_TR_Queue@1@0 size=451
Destroy queue RR_User_Read_TR_Queue@2@3 size=0
Destroy queue RR_User_Read_TR_Queue@2@2 size=0
Destroy queue RR_User_Read_TR_Queue@2@1 size=0
Destroy queue RR_User_Read_TR_Queue@2@0 size=0
Destroy queue RR_User_Write_TR_Queue@2@3 size=0
Destroy queue RR_User_Write_TR_Queue@2@2 size=0
Destroy queue RR_User_Write_TR_Queue@2@1 size=0
Destroy queue RR_User_Write_TR_Queue@2@0 size=0
Destroy queue RR_GC_Read_TR_Queue@2@3 size=0
Destroy queue RR_GC_Read_TR_Queue@2@2 size=0
Destroy queue RR_GC_Read_TR_Queue@2@1 size=0
Destroy queue RR_GC_Read_TR_Queue@2@0 size=0
Destroy queue RR_GC_Write_TR_Queue@2@3 size=0
Destroy queue RR_GC_Write_TR_Queue@2@2 size=0
Destroy queue RR_GC_Write_TR_Queue@2@1 size=0
Destroy queue RR_GC_Write_TR_Queue@2@0 size=0
Destroy queue RR_GC_Erase_TR_Queue@2@3 size=0
Destroy queue RR_GC_Erase_TR_Queue@2@2 size=0
Destroy queue RR_GC_Erase_TR_Queue@2@1 size=0
Destroy queue RR_GC_Erase_TR_Queue@2@0 size=0
Destroy queue RR_Mapping_Read_TR_Queue@2@3 size=0
Destroy queue RR_Mapping_Read_TR_Queue@2@2 size=0
Destroy queue RR_Mapping_Read_TR_Queue@2@1 size=0
Destroy queue RR_Mapping_Read_TR_Queue@2@0 size=0
Destroy queue RR_Mapping_Write_TR_Queue@2@3 size=0
Destroy queue RR_Mapping_Write_TR_Queue@2@2 size=0
Destroy queue RR_Mapping_Write_TR_Queue@2@1 size=460
Destroy queue RR_Mapping_Write_TR_Queue@2@0 size=459
Destroy queue RR_User_Read_TR_Queue@3@3 size=0
Destroy queue RR_User_Read_TR_Queue@3@2 size=0
Destroy queue RR_User_Read_TR_Queue@3@1 size=0
Destroy queue RR_User_Read_TR_Queue@3@0 size=0
Destroy queue RR_User_Write_TR_Queue@3@3 size=0
Destroy queue RR_User_Write_TR_Queue@3@2 size=0
Destroy queue RR_User_Write_TR_Queue@3@1 size=0
Destroy queue RR_User_Write_TR_Queue@3@0 size=0
Destroy queue RR_GC_Read_TR_Queue@3@3 size=0
Destroy queue RR_GC_Read_TR_Queue@3@2 size=0
Destroy queue RR_GC_Read_TR_Queue@3@1 size=0
Destroy queue RR_GC_Read_TR_Queue@3@0 size=0
Destroy queue RR_GC_Write_TR_Queue@3@3 size=0
Destroy queue RR_GC_Write_TR_Queue@3@2 size=0
Destroy queue RR_GC_Write_TR_Queue@3@1 size=0
Destroy queue RR_GC_Write_TR_Queue@3@0 size=0
Destroy queue RR_GC_Erase_TR_Queue@3@3 size=0
Destroy queue RR_GC_Erase_TR_Queue@3@2 size=0
Destroy queue RR_GC_Erase_TR_Queue@3@1 size=0
Destroy queue RR_GC_Erase_TR_Queue@3@0 size=0
Destroy queue RR_Mapping_Read_TR_Queue@3@3 size=0
Destroy queue RR_Mapping_Read_TR_Queue@3@2 size=0
Destroy queue RR_Mapping_Read_TR_Queue@3@1 size=0
Destroy queue RR_Mapping_Read_TR_Queue@3@0 size=0
Destroy queue RR_Mapping_Write_TR_Queue@3@3 size=0
Destroy queue RR_Mapping_Write_TR_Queue@3@2 size=0
Destroy queue RR_Mapping_Write_TR_Queue@3@1 size=454
Destroy queue RR_Mapping_Write_TR_Queue@3@0 size=441
Destroy queue RR_User_Read_TR_Queue@4@3 size=0
Destroy queue RR_User_Read_TR_Queue@4@2 size=0
Destroy queue RR_User_Read_TR_Queue@4@1 size=0
Destroy queue RR_User_Read_TR_Queue@4@0 size=0
Destroy queue RR_User_Write_TR_Queue@4@3 size=0
Destroy queue RR_User_Write_TR_Queue@4@2 size=0
Destroy queue RR_User_Write_TR_Queue@4@1 size=0
Destroy queue RR_User_Write_TR_Queue@4@0 size=0
Destroy queue RR_GC_Read_TR_Queue@4@3 size=0
Destroy queue RR_GC_Read_TR_Queue@4@2 size=0
Destroy queue RR_GC_Read_TR_Queue@4@1 size=0
Destroy queue RR_GC_Read_TR_Queue@4@0 size=0
Destroy queue RR_GC_Write_TR_Queue@4@3 size=0
Destroy queue RR_GC_Write_TR_Queue@4@2 size=0
Destroy queue RR_GC_Write_TR_Queue@4@1 size=0
Destroy queue RR_GC_Write_TR_Queue@4@0 size=0
Destroy queue RR_GC_Erase_TR_Queue@4@3 size=0
Destroy queue RR_GC_Erase_TR_Queue@4@2 size=0
Destroy queue RR_GC_Erase_TR_Queue@4@1 size=0
Destroy queue RR_GC_Erase_TR_Queue@4@0 size=0
Destroy queue RR_Mapping_Read_TR_Queue@4@3 size=0
Destroy queue RR_Mapping_Read_TR_Queue@4@2 size=0
Destroy queue RR_Mapping_Read_TR_Queue@4@1 size=0
Destroy queue RR_Mapping_Read_TR_Queue@4@0 size=0
Destroy queue RR_Mapping_Write_TR_Queue@4@3 size=0
Destroy queue RR_Mapping_Write_TR_Queue@4@2 size=0
Destroy queue RR_Mapping_Write_TR_Queue@4@1 size=435
Destroy queue RR_Mapping_Write_TR_Queue@4@0 size=465
Destroy queue RR_User_Read_TR_Queue@5@3 size=0
Destroy queue RR_User_Read_TR_Queue@5@2 size=0
Destroy queue RR_User_Read_TR_Queue@5@1 size=0
Destroy queue RR_User_Read_TR_Queue@5@0 size=0
Destroy queue RR_User_Write_TR_Queue@5@3 size=0
Destroy queue RR_User_Write_TR_Queue@5@2 size=0
Destroy queue RR_User_Write_TR_Queue@5@1 size=0
Destroy queue RR_User_Write_TR_Queue@5@0 size=0
Destroy queue RR_GC_Read_TR_Queue@5@3 size=0
Destroy queue RR_GC_Read_TR_Queue@5@2 size=0
Destroy queue RR_GC_Read_TR_Queue@5@1 size=0
Destroy queue RR_GC_Read_TR_Queue@5@0 size=0
Destroy queue RR_GC_Write_TR_Queue@5@3 size=0
Destroy queue RR_GC_Write_TR_Queue@5@2 size=0
Destroy queue RR_GC_Write_TR_Queue@5@1 size=0
Destroy queue RR_GC_Write_TR_Queue@5@0 size=0
Destroy queue RR_GC_Erase_TR_Queue@5@3 size=0
Destroy queue RR_GC_Erase_TR_Queue@5@2 size=0
Destroy queue RR_GC_Erase_TR_Queue@5@1 size=0
Destroy queue RR_GC_Erase_TR_Queue@5@0 size=0
Destroy queue RR_Mapping_Read_TR_Queue@5@3 size=0
Destroy queue RR_Mapping_Read_TR_Queue@5@2 size=0
Destroy queue RR_Mapping_Read_TR_Queue@5@1 size=0
Destroy queue RR_Mapping_Read_TR_Queue@5@0 size=0
Destroy queue RR_Mapping_Write_TR_Queue@5@3 size=0
Destroy queue RR_Mapping_Write_TR_Queue@5@2 size=0
Destroy queue RR_Mapping_Write_TR_Queue@5@1 size=460
Destroy queue RR_Mapping_Write_TR_Queue@5@0 size=453
Destroy queue RR_User_Read_TR_Queue@6@3 size=0
Destroy queue RR_User_Read_TR_Queue@6@2 size=0
Destroy queue RR_User_Read_TR_Queue@6@1 size=0
Destroy queue RR_User_Read_TR_Queue@6@0 size=0
Destroy queue RR_User_Write_TR_Queue@6@3 size=0
Destroy queue RR_User_Write_TR_Queue@6@2 size=0
Destroy queue RR_User_Write_TR_Queue@6@1 size=0
Destroy queue RR_User_Write_TR_Queue@6@0 size=0
Destroy queue RR_GC_Read_TR_Queue@6@3 size=0
Destroy queue RR_GC_Read_TR_Queue@6@2 size=0
Destroy queue RR_GC_Read_TR_Queue@6@1 size=0
Destroy queue RR_GC_Read_TR_Queue@6@0 size=0
Destroy queue RR_GC_Write_TR_Queue@6@3 size=0
Destroy queue RR_GC_Write_TR_Queue@6@2 size=0
Destroy queue RR_GC_Write_TR_Queue@6@1 size=0
Destroy queue RR_GC_Write_TR_Queue@6@0 size=0
Destroy queue RR_GC_Erase_TR_Queue@6@3 size=0
Destroy queue RR_GC_Erase_TR_Queue@6@2 size=0
Destroy queue RR_GC_Erase_TR_Queue@6@1 size=0
Destroy queue RR_GC_Erase_TR_Queue@6@0 size=0
Destroy queue RR_Mapping_Read_TR_Queue@6@3 size=0
Destroy queue RR_Mapping_Read_TR_Queue@6@2 size=0
Destroy queue RR_Mapping_Read_TR_Queue@6@1 size=0
Destroy queue RR_Mapping_Read_TR_Queue@6@0 size=0
Destroy queue RR_Mapping_Write_TR_Queue@6@3 size=0
Destroy queue RR_Mapping_Write_TR_Queue@6@2 size=0
Destroy queue RR_Mapping_Write_TR_Queue@6@1 size=449
Destroy queue RR_Mapping_Write_TR_Queue@6@0 size=469
Destroy queue RR_User_Read_TR_Queue@7@3 size=0
Destroy queue RR_User_Read_TR_Queue@7@2 size=0
Destroy queue RR_User_Read_TR_Queue@7@1 size=0
Destroy queue RR_User_Read_TR_Queue@7@0 size=0
Destroy queue RR_User_Write_TR_Queue@7@3 size=0
Destroy queue RR_User_Write_TR_Queue@7@2 size=0
Destroy queue RR_User_Write_TR_Queue@7@1 size=0
Destroy queue RR_User_Write_TR_Queue@7@0 size=0
Destroy queue RR_GC_Read_TR_Queue@7@3 size=0
Destroy queue RR_GC_Read_TR_Queue@7@2 size=0
Destroy queue RR_GC_Read_TR_Queue@7@1 size=0
Destroy queue RR_GC_Read_TR_Queue@7@0 size=0
Destroy queue RR_GC_Write_TR_Queue@7@3 size=0
Destroy queue RR_GC_Write_TR_Queue@7@2 size=0
Destroy queue RR_GC_Write_TR_Queue@7@1 size=0
Destroy queue RR_GC_Write_TR_Queue@7@0 size=0
Destroy queue RR_GC_Erase_TR_Queue@7@3 size=0
Destroy queue RR_GC_Erase_TR_Queue@7@2 size=0
Destroy queue RR_GC_Erase_TR_Queue@7@1 size=0
Destroy queue RR_GC_Erase_TR_Queue@7@0 size=0
Destroy queue RR_Mapping_Read_TR_Queue@7@3 size=0
Destroy queue RR_Mapping_Read_TR_Queue@7@2 size=0
Destroy queue RR_Mapping_Read_TR_Queue@7@1 size=0
Destroy queue RR_Mapping_Read_TR_Queue@7@0 size=0
Destroy queue RR_Mapping_Write_TR_Queue@7@3 size=0
Destroy queue RR_Mapping_Write_TR_Queue@7@2 size=0
Destroy queue RR_Mapping_Write_TR_Queue@7@1 size=450
Destroy queue RR_Mapping_Write_TR_Queue@7@0 size=456
Destroy queue RR_User_Read_TR_Queue@0@3 size=0
Destroy queue RR_User_Read_TR_Queue@0@2 size=0
Destroy queue RR_User_Read_TR_Queue@0@1 size=0
Destroy queue RR_User_Read_TR_Queue@0@0 size=0
Destroy queue RR_User_Write_TR_Queue@0@3 size=0
Destroy queue RR_User_Write_TR_Queue@0@2 size=0
Destroy queue RR_User_Write_TR_Queue@0@1 size=0
Destroy queue RR_User_Write_TR_Queue@0@0 size=0
Destroy queue RR_GC_Read_TR_Queue@0@3 size=0
Destroy queue RR_GC_Read_TR_Queue@0@2 size=0
Destroy queue RR_GC_Read_TR_Queue@0@1 size=0
Destroy queue RR_GC_Read_TR_Queue@0@0 size=0
Destroy queue RR_GC_Write_TR_Queue@0@3 size=0
Destroy queue RR_GC_Write_TR_Queue@0@2 size=0
Destroy queue RR_GC_Write_TR_Queue@0@1 size=0
Destroy queue RR_GC_Write_TR_Queue@0@0 size=0
Destroy queue RR_GC_Erase_TR_Queue@0@3 size=0
Destroy queue RR_GC_Erase_TR_Queue@0@2 size=0
Destroy queue RR_GC_Erase_TR_Queue@0@1 size=0
Destroy queue RR_GC_Erase_TR_Queue@0@0 size=0
Destroy queue RR_Mapping_Read_TR_Queue@0@3 size=0
Destroy queue RR_Mapping_Read_TR_Queue@0@2 size=0
Destroy queue RR_Mapping_Read_TR_Queue@0@1 size=0
Destroy queue RR_Mapping_Read_TR_Queue@0@0 size=0
Destroy queue RR_Mapping_Write_TR_Queue@0@3 size=0
Destroy queue RR_Mapping_Write_TR_Queue@0@2 size=0
Destroy queue RR_Mapping_Write_TR_Queue@0@1 size=1252
Destroy queue RR_Mapping_Write_TR_Queue@0@0 size=1243
Destroy queue RR_User_Read_TR_Queue@1@3 size=0
Destroy queue RR_User_Read_TR_Queue@1@2 size=0
Destroy queue RR_User_Read_TR_Queue@1@1 size=0
Destroy queue RR_User_Read_TR_Queue@1@0 size=0
Destroy queue RR_User_Write_TR_Queue@1@3 size=0
Destroy queue RR_User_Write_TR_Queue@1@2 size=0
Destroy queue RR_User_Write_TR_Queue@1@1 size=0
Destroy queue RR_User_Write_TR_Queue@1@0 size=0
Destroy queue RR_GC_Read_TR_Queue@1@3 size=0
Destroy queue RR_GC_Read_TR_Queue@1@2 size=0
Destroy queue RR_GC_Read_TR_Queue@1@1 size=0
Destroy queue RR_GC_Read_TR_Queue@1@0 size=0
Destroy queue RR_GC_Write_TR_Queue@1@3 size=0
Destroy queue RR_GC_Write_TR_Queue@1@2 size=0
Destroy queue RR_GC_Write_TR_Queue@1@1 size=0
Destroy queue RR_GC_Write_TR_Queue@1@0 size=0
Destroy queue RR_GC_Erase_TR_Queue@1@3 size=0
Destroy queue RR_GC_Erase_TR_Queue@1@2 size=0
Destroy queue RR_GC_Erase_TR_Queue@1@1 size=0
Destroy queue RR_GC_Erase_TR_Queue@1@0 size=0
Destroy queue RR_Mapping_Read_TR_Queue@1@3 size=0
Destroy queue RR_Mapping_Read_TR_Queue@1@2 size=0
Destroy queue RR_Mapping_Read_TR_Queue@1@1 size=0
Destroy queue RR_Mapping_Read_TR_Queue@1@0 size=0
Destroy queue RR_Mapping_Write_TR_Queue@1@3 size=0
Destroy queue RR_Mapping_Write_TR_Queue@1@2 size=0
Destroy queue RR_Mapping_Write_TR_Queue@1@1 size=1264
Destroy queue RR_Mapping_Write_TR_Queue@1@0 size=1251
Destroy queue RR_User_Read_TR_Queue@2@3 size=0
Destroy queue RR_User_Read_TR_Queue@2@2 size=0
Destroy queue RR_User_Read_TR_Queue@2@1 size=0
Destroy queue RR_User_Read_TR_Queue@2@0 size=0
Destroy queue RR_User_Write_TR_Queue@2@3 size=0
Destroy queue RR_User_Write_TR_Queue@2@2 size=0
Destroy queue RR_User_Write_TR_Queue@2@1 size=0
Destroy queue RR_User_Write_TR_Queue@2@0 size=0
Destroy queue RR_GC_Read_TR_Queue@2@3 size=0
Destroy queue RR_GC_Read_TR_Queue@2@2 size=0
Destroy queue RR_GC_Read_TR_Queue@2@1 size=0
Destroy queue RR_GC_Read_TR_Queue@2@0 size=0
Destroy queue RR_GC_Write_TR_Queue@2@3 size=0
Destroy queue RR_GC_Write_TR_Queue@2@2 size=0
Destroy queue RR_GC_Write_TR_Queue@2@1 size=0
Destroy queue RR_GC_Write_TR_Queue@2@0 size=0
Destroy queue RR_GC_Erase_TR_Queue@2@3 size=0
Destroy queue RR_GC_Erase_TR_Queue@2@2 size=0
Destroy queue RR_GC_Erase_TR_Queue@2@1 size=0
Destroy queue RR_GC_Erase_TR_Queue@2@0 size=0
Destroy queue RR_Mapping_Read_TR_Queue@2@3 size=0
Destroy queue RR_Mapping_Read_TR_Queue@2@2 size=0
Destroy queue RR_Mapping_Read_TR_Queue@2@1 size=0
Destroy queue RR_Mapping_Read_TR_Queue@2@0 size=0
Destroy queue RR_Mapping_Write_TR_Queue@2@3 size=0
Destroy queue RR_Mapping_Write_TR_Queue@2@2 size=0
Destroy queue RR_Mapping_Write_TR_Queue@2@1 size=1259
Destroy queue RR_Mapping_Write_TR_Queue@2@0 size=1243
Destroy queue RR_User_Read_TR_Queue@3@3 size=0
Destroy queue RR_User_Read_TR_Queue@3@2 size=0
Destroy queue RR_User_Read_TR_Queue@3@1 size=0
Destroy queue RR_User_Read_TR_Queue@3@0 size=0
Destroy queue RR_User_Write_TR_Queue@3@3 size=0
Destroy queue RR_User_Write_TR_Queue@3@2 size=0
Destroy queue RR_User_Write_TR_Queue@3@1 size=0
Destroy queue RR_User_Write_TR_Queue@3@0 size=0
Destroy queue RR_GC_Read_TR_Queue@3@3 size=0
Destroy queue RR_GC_Read_TR_Queue@3@2 size=0
Destroy queue RR_GC_Read_TR_Queue@3@1 size=0
Destroy queue RR_GC_Read_TR_Queue@3@0 size=0
Destroy queue RR_GC_Write_TR_Queue@3@3 size=0
Destroy queue RR_GC_Write_TR_Queue@3@2 size=0
Destroy queue RR_GC_Write_TR_Queue@3@1 size=0
Destroy queue RR_GC_Write_TR_Queue@3@0 size=0
Destroy queue RR_GC_Erase_TR_Queue@3@3 size=0
Destroy queue RR_GC_Erase_TR_Queue@3@2 size=0
Destroy queue RR_GC_Erase_TR_Queue@3@1 size=0
Destroy queue RR_GC_Erase_TR_Queue@3@0 size=0
Destroy queue RR_Mapping_Read_TR_Queue@3@3 size=0
Destroy queue RR_Mapping_Read_TR_Queue@3@2 size=0
Destroy queue RR_Mapping_Read_TR_Queue@3@1 size=0
Destroy queue RR_Mapping_Read_TR_Queue@3@0 size=0
Destroy queue RR_Mapping_Write_TR_Queue@3@3 size=0
Destroy queue RR_Mapping_Write_TR_Queue@3@2 size=0
Destroy queue RR_Mapping_Write_TR_Queue@3@1 size=1244
Destroy queue RR_Mapping_Write_TR_Queue@3@0 size=1257
Destroy queue RR_User_Read_TR_Queue@4@3 size=0
Destroy queue RR_User_Read_TR_Queue@4@2 size=0
Destroy queue RR_User_Read_TR_Queue@4@1 size=0
Destroy queue RR_User_Read_TR_Queue@4@0 size=0
Destroy queue RR_User_Write_TR_Queue@4@3 size=0
Destroy queue RR_User_Write_TR_Queue@4@2 size=0
Destroy queue RR_User_Write_TR_Queue@4@1 size=0
Destroy queue RR_User_Write_TR_Queue@4@0 size=0
Destroy queue RR_GC_Read_TR_Queue@4@3 size=0
Destroy queue RR_GC_Read_TR_Queue@4@2 size=0
Destroy queue RR_GC_Read_TR_Queue@4@1 size=0
Destroy queue RR_GC_Read_TR_Queue@4@0 size=0
Destroy queue RR_GC_Write_TR_Queue@4@3 size=0
Destroy queue RR_GC_Write_TR_Queue@4@2 size=0
Destroy queue RR_GC_Write_TR_Queue@4@1 size=0
Destroy queue RR_GC_Write_TR_Queue@4@0 size=0
Destroy queue RR_GC_Erase_TR_Queue@4@3 size=0
Destroy queue RR_GC_Erase_TR_Queue@4@2 size=0
Destroy queue RR_GC_Erase_TR_Queue@4@1 size=0
Destroy queue RR_GC_Erase_TR_Queue@4@0 size=0
Destroy queue RR_Mapping_Read_TR_Queue@4@3 size=0
Destroy queue RR_Mapping_Read_TR_Queue@4@2 size=0
Destroy queue RR_Mapping_Read_TR_Queue@4@1 size=0
Destroy queue RR_Mapping_Read_TR_Queue@4@0 size=0
Destroy queue RR_Mapping_Write_TR_Queue@4@3 size=0
Destroy queue RR_Mapping_Write_TR_Queue@4@2 size=0
Destroy queue RR_Mapping_Write_TR_Queue@4@1 size=1232
Destroy queue RR_Mapping_Write_TR_Queue@4@0 size=1252
Destroy queue RR_User_Read_TR_Queue@5@3 size=0
Destroy queue RR_User_Read_TR_Queue@5@2 size=0
Destroy queue RR_User_Read_TR_Queue@5@1 size=0
Destroy queue RR_User_Read_TR_Queue@5@0 size=0
Destroy queue RR_User_Write_TR_Queue@5@3 size=0
Destroy queue RR_User_Write_TR_Queue@5@2 size=0
Destroy queue RR_User_Write_TR_Queue@5@1 size=0
Destroy queue RR_User_Write_TR_Queue@5@0 size=0
Destroy queue RR_GC_Read_TR_Queue@5@3 size=0
Destroy queue RR_GC_Read_TR_Queue@5@2 size=0
Destroy queue RR_GC_Read_TR_Queue@5@1 size=0
Destroy queue RR_GC_Read_TR_Queue@5@0 size=0
Destroy queue RR_GC_Write_TR_Queue@5@3 size=0
Destroy queue RR_GC_Write_TR_Queue@5@2 size=0
Destroy queue RR_GC_Write_TR_Queue@5@1 size=0
Destroy queue RR_GC_Write_TR_Queue@5@0 size=0
Destroy queue RR_GC_Erase_TR_Queue@5@3 size=0
Destroy queue RR_GC_Erase_TR_Queue@5@2 size=0
Destroy queue RR_GC_Erase_TR_Queue@5@1 size=0
Destroy queue RR_GC_Erase_TR_Queue@5@0 size=0
Destroy queue RR_Mapping_Read_TR_Queue@5@3 size=0
Destroy queue RR_Mapping_Read_TR_Queue@5@2 size=0
Destroy queue RR_Mapping_Read_TR_Queue@5@1 size=0
Destroy queue RR_Mapping_Read_TR_Queue@5@0 size=0
Destroy queue RR_Mapping_Write_TR_Queue@5@3 size=0
Destroy queue RR_Mapping_Write_TR_Queue@5@2 size=0
Destroy queue RR_Mapping_Write_TR_Queue@5@1 size=1241
Destroy queue RR_Mapping_Write_TR_Queue@5@0 size=1255
Destroy queue RR_User_Read_TR_Queue@6@3 size=0
Destroy queue RR_User_Read_TR_Queue@6@2 size=0
Destroy queue RR_User_Read_TR_Queue@6@1 size=0
Destroy queue RR_User_Read_TR_Queue@6@0 size=0
Destroy queue RR_User_Write_TR_Queue@6@3 size=0
Destroy queue RR_User_Write_TR_Queue@6@2 size=0
Destroy queue RR_User_Write_TR_Queue@6@1 size=0
Destroy queue RR_User_Write_TR_Queue@6@0 size=0
Destroy queue RR_GC_Read_TR_Queue@6@3 size=0
Destroy queue RR_GC_Read_TR_Queue@6@2 size=0
Destroy queue RR_GC_Read_TR_Queue@6@1 size=0
Destroy queue RR_GC_Read_TR_Queue@6@0 size=0
Destroy queue RR_GC_Write_TR_Queue@6@3 size=0
Destroy queue RR_GC_Write_TR_Queue@6@2 size=0
Destroy queue RR_GC_Write_TR_Queue@6@1 size=0
Destroy queue RR_GC_Write_TR_Queue@6@0 size=0
Destroy queue RR_GC_Erase_TR_Queue@6@3 size=0
Destroy queue RR_GC_Erase_TR_Queue@6@2 size=0
Destroy queue RR_GC_Erase_TR_Queue@6@1 size=0
Destroy queue RR_GC_Erase_TR_Queue@6@0 size=0
Destroy queue RR_Mapping_Read_TR_Queue@6@3 size=0
Destroy queue RR_Mapping_Read_TR_Queue@6@2 size=0
Destroy queue RR_Mapping_Read_TR_Queue@6@1 size=0
Destroy queue RR_Mapping_Read_TR_Queue@6@0 size=0
Destroy queue RR_Mapping_Write_TR_Queue@6@3 size=0
Destroy queue RR_Mapping_Write_TR_Queue@6@2 size=0
Destroy queue RR_Mapping_Write_TR_Queue@6@1 size=1254
Destroy queue RR_Mapping_Write_TR_Queue@6@0 size=1260
Destroy queue RR_User_Read_TR_Queue@7@3 size=0
Destroy queue RR_User_Read_TR_Queue@7@2 size=0
Destroy queue RR_User_Read_TR_Queue@7@1 size=0
Destroy queue RR_User_Read_TR_Queue@7@0 size=0
Destroy queue RR_User_Write_TR_Queue@7@3 size=0
Destroy queue RR_User_Write_TR_Queue@7@2 size=0
Destroy queue RR_User_Write_TR_Queue@7@1 size=0
Destroy queue RR_User_Write_TR_Queue@7@0 size=0
Destroy queue RR_GC_Read_TR_Queue@7@3 size=0
Destroy queue RR_GC_Read_TR_Queue@7@2 size=0
Destroy queue RR_GC_Read_TR_Queue@7@1 size=0
Destroy queue RR_GC_Read_TR_Queue@7@0 size=0
Destroy queue RR_GC_Write_TR_Queue@7@3 size=0
Destroy queue RR_GC_Write_TR_Queue@7@2 size=0
Destroy queue RR_GC_Write_TR_Queue@7@1 size=0
Destroy queue RR_GC_Write_TR_Queue@7@0 size=0
Destroy queue RR_GC_Erase_TR_Queue@7@3 size=0
Destroy queue RR_GC_Erase_TR_Queue@7@2 size=0
Destroy queue RR_GC_Erase_TR_Queue@7@1 size=0
Destroy queue RR_GC_Erase_TR_Queue@7@0 size=0
Destroy queue RR_Mapping_Read_TR_Queue@7@3 size=0
Destroy queue RR_Mapping_Read_TR_Queue@7@2 size=0
Destroy queue RR_Mapping_Read_TR_Queue@7@1 size=0
Destroy queue RR_Mapping_Read_TR_Queue@7@0 size=0
Destroy queue RR_Mapping_Write_TR_Queue@7@3 size=0
Destroy queue RR_Mapping_Write_TR_Queue@7@2 size=0
Destroy queue RR_Mapping_Write_TR_Queue@7@1 size=1248
Destroy queue RR_Mapping_Write_TR_Queue@7@0 size=1272
Destroy queue RR_User_Read_TR_Queue@0@3 size=0
Destroy queue RR_User_Read_TR_Queue@0@2 size=0
Destroy queue RR_User_Read_TR_Queue@0@1 size=0
Destroy queue RR_User_Read_TR_Queue@0@0 size=0
Destroy queue RR_User_Write_TR_Queue@0@3 size=0
Destroy queue RR_User_Write_TR_Queue@0@2 size=0
Destroy queue RR_User_Write_TR_Queue@0@1 size=0
Destroy queue RR_User_Write_TR_Queue@0@0 size=0
Destroy queue RR_GC_Read_TR_Queue@0@3 size=0
Destroy queue RR_GC_Read_TR_Queue@0@2 size=0
Destroy queue RR_GC_Read_TR_Queue@0@1 size=0
Destroy queue RR_GC_Read_TR_Queue@0@0 size=0
Destroy queue RR_GC_Write_TR_Queue@0@3 size=0
Destroy queue RR_GC_Write_TR_Queue@0@2 size=0
Destroy queue RR_GC_Write_TR_Queue@0@1 size=0
Destroy queue RR_GC_Write_TR_Queue@0@0 size=0
Destroy queue RR_GC_Erase_TR_Queue@0@3 size=0
Destroy queue RR_GC_Erase_TR_Queue@0@2 size=0
Destroy queue RR_GC_Erase_TR_Queue@0@1 size=0
Destroy queue RR_GC_Erase_TR_Queue@0@0 size=0
Destroy queue RR_Mapping_Read_TR_Queue@0@3 size=0
Destroy queue RR_Mapping_Read_TR_Queue@0@2 size=0
Destroy queue RR_Mapping_Read_TR_Queue@0@1 size=0
Destroy queue RR_Mapping_Read_TR_Queue@0@0 size=0
Destroy queue RR_Mapping_Write_TR_Queue@0@3 size=0
Destroy queue RR_Mapping_Write_TR_Queue@0@2 size=0
Destroy queue RR_Mapping_Write_TR_Queue@0@1 size=1762
Destroy queue RR_Mapping_Write_TR_Queue@0@0 size=1778
Destroy queue RR_User_Read_TR_Queue@1@3 size=0
Destroy queue RR_User_Read_TR_Queue@1@2 size=0
Destroy queue RR_User_Read_TR_Queue@1@1 size=0
Destroy queue RR_User_Read_TR_Queue@1@0 size=0
Destroy queue RR_User_Write_TR_Queue@1@3 size=0
Destroy queue RR_User_Write_TR_Queue@1@2 size=0
Destroy queue RR_User_Write_TR_Queue@1@1 size=0
Destroy queue RR_User_Write_TR_Queue@1@0 size=0
Destroy queue RR_GC_Read_TR_Queue@1@3 size=0
Destroy queue RR_GC_Read_TR_Queue@1@2 size=0
Destroy queue RR_GC_Read_TR_Queue@1@1 size=0
Destroy queue RR_GC_Read_TR_Queue@1@0 size=0
Destroy queue RR_GC_Write_TR_Queue@1@3 size=0
Destroy queue RR_GC_Write_TR_Queue@1@2 size=0
Destroy queue RR_GC_Write_TR_Queue@1@1 size=0
Destroy queue RR_GC_Write_TR_Queue@1@0 size=0
Destroy queue RR_GC_Erase_TR_Queue@1@3 size=0
Destroy queue RR_GC_Erase_TR_Queue@1@2 size=0
Destroy queue RR_GC_Erase_TR_Queue@1@1 size=0
Destroy queue RR_GC_Erase_TR_Queue@1@0 size=0
Destroy queue RR_Mapping_Read_TR_Queue@1@3 size=0
Destroy queue RR_Mapping_Read_TR_Queue@1@2 size=0
Destroy queue RR_Mapping_Read_TR_Queue@1@1 size=0
Destroy queue RR_Mapping_Read_TR_Queue@1@0 size=0
Destroy queue RR_Mapping_Write_TR_Queue@1@3 size=0
Destroy queue RR_Mapping_Write_TR_Queue@1@2 size=0
Destroy queue RR_Mapping_Write_TR_Queue@1@1 size=1781
Destroy queue RR_Mapping_Write_TR_Queue@1@0 size=1775
Destroy queue RR_User_Read_TR_Queue@2@3 size=0
Destroy queue RR_User_Read_TR_Queue@2@2 size=0
Destroy queue RR_User_Read_TR_Queue@2@1 size=0
Destroy queue RR_User_Read_TR_Queue@2@0 size=0
Destroy queue RR_User_Write_TR_Queue@2@3 size=0
Destroy queue RR_User_Write_TR_Queue@2@2 size=0
Destroy queue RR_User_Write_TR_Queue@2@1 size=0
Destroy queue RR_User_Write_TR_Queue@2@0 size=0
Destroy queue RR_GC_Read_TR_Queue@2@3 size=0
Destroy queue RR_GC_Read_TR_Queue@2@2 size=0
Destroy queue RR_GC_Read_TR_Queue@2@1 size=0
Destroy queue RR_GC_Read_TR_Queue@2@0 size=0
Destroy queue RR_GC_Write_TR_Queue@2@3 size=0
Destroy queue RR_GC_Write_TR_Queue@2@2 size=0
Destroy queue RR_GC_Write_TR_Queue@2@1 size=0
Destroy queue RR_GC_Write_TR_Queue@2@0 size=0
Destroy queue RR_GC_Erase_TR_Queue@2@3 size=0
Destroy queue RR_GC_Erase_TR_Queue@2@2 size=0
Destroy queue RR_GC_Erase_TR_Queue@2@1 size=0
Destroy queue RR_GC_Erase_TR_Queue@2@0 size=0
Destroy queue RR_Mapping_Read_TR_Queue@2@3 size=0
Destroy queue RR_Mapping_Read_TR_Queue@2@2 size=0
Destroy queue RR_Mapping_Read_TR_Queue@2@1 size=0
Destroy queue RR_Mapping_Read_TR_Queue@2@0 size=0
Destroy queue RR_Mapping_Write_TR_Queue@2@3 size=0
Destroy queue RR_Mapping_Write_TR_Queue@2@2 size=0
Destroy queue RR_Mapping_Write_TR_Queue@2@1 size=1771
Destroy queue RR_Mapping_Write_TR_Queue@2@0 size=1788
Destroy queue RR_User_Read_TR_Queue@3@3 size=0
Destroy queue RR_User_Read_TR_Queue@3@2 size=0
Destroy queue RR_User_Read_TR_Queue@3@1 size=0
Destroy queue RR_User_Read_TR_Queue@3@0 size=0
Destroy queue RR_User_Write_TR_Queue@3@3 size=0
Destroy queue RR_User_Write_TR_Queue@3@2 size=0
Destroy queue RR_User_Write_TR_Queue@3@1 size=0
Destroy queue RR_User_Write_TR_Queue@3@0 size=0
Destroy queue RR_GC_Read_TR_Queue@3@3 size=0
Destroy queue RR_GC_Read_TR_Queue@3@2 size=0
Destroy queue RR_GC_Read_TR_Queue@3@1 size=0
Destroy queue RR_GC_Read_TR_Queue@3@0 size=0
Destroy queue RR_GC_Write_TR_Queue@3@3 size=0
Destroy queue RR_GC_Write_TR_Queue@3@2 size=0
Destroy queue RR_GC_Write_TR_Queue@3@1 size=0
Destroy queue RR_GC_Write_TR_Queue@3@0 size=0
Destroy queue RR_GC_Erase_TR_Queue@3@3 size=0
Destroy queue RR_GC_Erase_TR_Queue@3@2 size=0
Destroy queue RR_GC_Erase_TR_Queue@3@1 size=0
Destroy queue RR_GC_Erase_TR_Queue@3@0 size=0
Destroy queue RR_Mapping_Read_TR_Queue@3@3 size=0
Destroy queue RR_Mapping_Read_TR_Queue@3@2 size=0
Destroy queue RR_Mapping_Read_TR_Queue@3@1 size=0
Destroy queue RR_Mapping_Read_TR_Queue@3@0 size=0
Destroy queue RR_Mapping_Write_TR_Queue@3@3 size=0
Destroy queue RR_Mapping_Write_TR_Queue@3@2 size=0
Destroy queue RR_Mapping_Write_TR_Queue@3@1 size=1767
Destroy queue RR_Mapping_Write_TR_Queue@3@0 size=1783
Destroy queue RR_User_Read_TR_Queue@4@3 size=0
Destroy queue RR_User_Read_TR_Queue@4@2 size=0
Destroy queue RR_User_Read_TR_Queue@4@1 size=0
Destroy queue RR_User_Read_TR_Queue@4@0 size=0
Destroy queue RR_User_Write_TR_Queue@4@3 size=0
Destroy queue RR_User_Write_TR_Queue@4@2 size=0
Destroy queue RR_User_Write_TR_Queue@4@1 size=0
Destroy queue RR_User_Write_TR_Queue@4@0 size=0
Destroy queue RR_GC_Read_TR_Queue@4@3 size=0
Destroy queue RR_GC_Read_TR_Queue@4@2 size=0
Destroy queue RR_GC_Read_TR_Queue@4@1 size=0
Destroy queue RR_GC_Read_TR_Queue@4@0 size=0
Destroy queue RR_GC_Write_TR_Queue@4@3 size=0
Destroy queue RR_GC_Write_TR_Queue@4@2 size=0
Destroy queue RR_GC_Write_TR_Queue@4@1 size=0
Destroy queue RR_GC_Write_TR_Queue@4@0 size=0
Destroy queue RR_GC_Erase_TR_Queue@4@3 size=0
Destroy queue RR_GC_Erase_TR_Queue@4@2 size=0
Destroy queue RR_GC_Erase_TR_Queue@4@1 size=0
Destroy queue RR_GC_Erase_TR_Queue@4@0 size=0
Destroy queue RR_Mapping_Read_TR_Queue@4@3 size=0
Destroy queue RR_Mapping_Read_TR_Queue@4@2 size=0
Destroy queue RR_Mapping_Read_TR_Queue@4@1 size=0
Destroy queue RR_Mapping_Read_TR_Queue@4@0 size=0
Destroy queue RR_Mapping_Write_TR_Queue@4@3 size=0
Destroy queue RR_Mapping_Write_TR_Queue@4@2 size=0
Destroy queue RR_Mapping_Write_TR_Queue@4@1 size=1769
Destroy queue RR_Mapping_Write_TR_Queue@4@0 size=1776
Destroy queue RR_User_Read_TR_Queue@5@3 size=0
Destroy queue RR_User_Read_TR_Queue@5@2 size=0
Destroy queue RR_User_Read_TR_Queue@5@1 size=0
Destroy queue RR_User_Read_TR_Queue@5@0 size=0
Destroy queue RR_User_Write_TR_Queue@5@3 size=0
Destroy queue RR_User_Write_TR_Queue@5@2 size=0
Destroy queue RR_User_Write_TR_Queue@5@1 size=0
Destroy queue RR_User_Write_TR_Queue@5@0 size=0
Destroy queue RR_GC_Read_TR_Queue@5@3 size=0
Destroy queue RR_GC_Read_TR_Queue@5@2 size=0
Destroy queue RR_GC_Read_TR_Queue@5@1 size=0
Destroy queue RR_GC_Read_TR_Queue@5@0 size=0
Destroy queue RR_GC_Write_TR_Queue@5@3 size=0
Destroy queue RR_GC_Write_TR_Queue@5@2 size=0
Destroy queue RR_GC_Write_TR_Queue@5@1 size=0
Destroy queue RR_GC_Write_TR_Queue@5@0 size=0
Destroy queue RR_GC_Erase_TR_Queue@5@3 size=0
Destroy queue RR_GC_Erase_TR_Queue@5@2 size=0
Destroy queue RR_GC_Erase_TR_Queue@5@1 size=0
Destroy queue RR_GC_Erase_TR_Queue@5@0 size=0
Destroy queue RR_Mapping_Read_TR_Queue@5@3 size=0
Destroy queue RR_Mapping_Read_TR_Queue@5@2 size=0
Destroy queue RR_Mapping_Read_TR_Queue@5@1 size=0
Destroy queue RR_Mapping_Read_TR_Queue@5@0 size=0
Destroy queue RR_Mapping_Write_TR_Queue@5@3 size=0
Destroy queue RR_Mapping_Write_TR_Queue@5@2 size=0
Destroy queue RR_Mapping_Write_TR_Queue@5@1 size=1776
Destroy queue RR_Mapping_Write_TR_Queue@5@0 size=1778
Destroy queue RR_User_Read_TR_Queue@6@3 size=0
Destroy queue RR_User_Read_TR_Queue@6@2 size=0
Destroy queue RR_User_Read_TR_Queue@6@1 size=0
Destroy queue RR_User_Read_TR_Queue@6@0 size=0
Destroy queue RR_User_Write_TR_Queue@6@3 size=0
Destroy queue RR_User_Write_TR_Queue@6@2 size=0
Destroy queue RR_User_Write_TR_Queue@6@1 size=0
Destroy queue RR_User_Write_TR_Queue@6@0 size=0
Destroy queue RR_GC_Read_TR_Queue@6@3 size=0
Destroy queue RR_GC_Read_TR_Queue@6@2 size=0
Destroy queue RR_GC_Read_TR_Queue@6@1 size=0
Destroy queue RR_GC_Read_TR_Queue@6@0 size=0
Destroy queue RR_GC_Write_TR_Queue@6@3 size=0
Destroy queue RR_GC_Write_TR_Queue@6@2 size=0
Destroy queue RR_GC_Write_TR_Queue@6@1 size=0
Destroy queue RR_GC_Write_TR_Queue@6@0 size=0
Destroy queue RR_GC_Erase_TR_Queue@6@3 size=0
Destroy queue RR_GC_Erase_TR_Queue@6@2 size=0
Destroy queue RR_GC_Erase_TR_Queue@6@1 size=0
Destroy queue RR_GC_Erase_TR_Queue@6@0 size=0
Destroy queue RR_Mapping_Read_TR_Queue@6@3 size=0
Destroy queue RR_Mapping_Read_TR_Queue@6@2 size=0
Destroy queue RR_Mapping_Read_TR_Queue@6@1 size=0
Destroy queue RR_Mapping_Read_TR_Queue@6@0 size=0
Destroy queue RR_Mapping_Write_TR_Queue@6@3 size=0
Destroy queue RR_Mapping_Write_TR_Queue@6@2 size=0
Destroy queue RR_Mapping_Write_TR_Queue@6@1 size=1774
Destroy queue RR_Mapping_Write_TR_Queue@6@0 size=1777
Destroy queue RR_User_Read_TR_Queue@7@3 size=0
Destroy queue RR_User_Read_TR_Queue@7@2 size=0
Destroy queue RR_User_Read_TR_Queue@7@1 size=0
Destroy queue RR_User_Read_TR_Queue@7@0 size=0
Destroy queue RR_User_Write_TR_Queue@7@3 size=0
Destroy queue RR_User_Write_TR_Queue@7@2 size=0
Destroy queue RR_User_Write_TR_Queue@7@1 size=0
Destroy queue RR_User_Write_TR_Queue@7@0 size=0
Destroy queue RR_GC_Read_TR_Queue@7@3 size=0
Destroy queue RR_GC_Read_TR_Queue@7@2 size=0
Destroy queue RR_GC_Read_TR_Queue@7@1 size=0
Destroy queue RR_GC_Read_TR_Queue@7@0 size=0
Destroy queue RR_GC_Write_TR_Queue@7@3 size=0
Destroy queue RR_GC_Write_TR_Queue@7@2 size=0
Destroy queue RR_GC_Write_TR_Queue@7@1 size=0
Destroy queue RR_GC_Write_TR_Queue@7@0 size=0
Destroy queue RR_GC_Erase_TR_Queue@7@3 size=0
Destroy queue RR_GC_Erase_TR_Queue@7@2 size=0
Destroy queue RR_GC_Erase_TR_Queue@7@1 size=0
Destroy queue RR_GC_Erase_TR_Queue@7@0 size=0
Destroy queue RR_Mapping_Read_TR_Queue@7@3 size=0
Destroy queue RR_Mapping_Read_TR_Queue@7@2 size=0
Destroy queue RR_Mapping_Read_TR_Queue@7@1 size=0
Destroy queue RR_Mapping_Read_TR_Queue@7@0 size=0
Destroy queue RR_Mapping_Write_TR_Queue@7@3 size=0
Destroy queue RR_Mapping_Write_TR_Queue@7@2 size=0
Destroy queue RR_Mapping_Write_TR_Queue@7@1 size=1760
Destroy queue RR_Mapping_Write_TR_Queue@7@0 size=1786
Destroy queue RR_User_Read_TR_Queue@0@3 size=0
Destroy queue RR_User_Read_TR_Queue@0@2 size=0
Destroy queue RR_User_Read_TR_Queue@0@1 size=0
Destroy queue RR_User_Read_TR_Queue@0@0 size=0
Destroy queue RR_User_Write_TR_Queue@0@3 size=0
Destroy queue RR_User_Write_TR_Queue@0@2 size=0
Destroy queue RR_User_Write_TR_Queue@0@1 size=0
Destroy queue RR_User_Write_TR_Queue@0@0 size=0
Destroy queue RR_GC_Read_TR_Queue@0@3 size=0
Destroy queue RR_GC_Read_TR_Queue@0@2 size=0
Destroy queue RR_GC_Read_TR_Queue@0@1 size=0
Destroy queue RR_GC_Read_TR_Queue@0@0 size=0
Destroy queue RR_GC_Write_TR_Queue@0@3 size=0
Destroy queue RR_GC_Write_TR_Queue@0@2 size=0
Destroy queue RR_GC_Write_TR_Queue@0@1 size=0
Destroy queue RR_GC_Write_TR_Queue@0@0 size=0
Destroy queue RR_GC_Erase_TR_Queue@0@3 size=0
Destroy queue RR_GC_Erase_TR_Queue@0@2 size=0
Destroy queue RR_GC_Erase_TR_Queue@0@1 size=0
Destroy queue RR_GC_Erase_TR_Queue@0@0 size=0
Destroy queue RR_Mapping_Read_TR_Queue@0@3 size=0
Destroy queue RR_Mapping_Read_TR_Queue@0@2 size=0
Destroy queue RR_Mapping_Read_TR_Queue@0@1 size=0
Destroy queue RR_Mapping_Read_TR_Queue@0@0 size=0
Destroy queue RR_Mapping_Write_TR_Queue@0@3 size=0
Destroy queue RR_Mapping_Write_TR_Queue@0@2 size=0
Destroy queue RR_Mapping_Write_TR_Queue@0@1 size=2065
Destroy queue RR_Mapping_Write_TR_Queue@0@0 size=2065
Destroy queue RR_User_Read_TR_Queue@1@3 size=0
Destroy queue RR_User_Read_TR_Queue@1@2 size=0
Destroy queue RR_User_Read_TR_Queue@1@1 size=0
Destroy queue RR_User_Read_TR_Queue@1@0 size=0
Destroy queue RR_User_Write_TR_Queue@1@3 size=0
Destroy queue RR_User_Write_TR_Queue@1@2 size=0
Destroy queue RR_User_Write_TR_Queue@1@1 size=0
Destroy queue RR_User_Write_TR_Queue@1@0 size=0
Destroy queue RR_GC_Read_TR_Queue@1@3 size=0
Destroy queue RR_GC_Read_TR_Queue@1@2 size=0
Destroy queue RR_GC_Read_TR_Queue@1@1 size=0
Destroy queue RR_GC_Read_TR_Queue@1@0 size=0
Destroy queue RR_GC_Write_TR_Queue@1@3 size=0
Destroy queue RR_GC_Write_TR_Queue@1@2 size=0
Destroy queue RR_GC_Write_TR_Queue@1@1 size=0
Destroy queue RR_GC_Write_TR_Queue@1@0 size=0
Destroy queue RR_GC_Erase_TR_Queue@1@3 size=0
Destroy queue RR_GC_Erase_TR_Queue@1@2 size=0
Destroy queue RR_GC_Erase_TR_Queue@1@1 size=0
Destroy queue RR_GC_Erase_TR_Queue@1@0 size=0
Destroy queue RR_Mapping_Read_TR_Queue@1@3 size=0
Destroy queue RR_Mapping_Read_TR_Queue@1@2 size=0
Destroy queue RR_Mapping_Read_TR_Queue@1@1 size=0
Destroy queue RR_Mapping_Read_TR_Queue@1@0 size=0
Destroy queue RR_Mapping_Write_TR_Queue@1@3 size=0
Destroy queue RR_Mapping_Write_TR_Queue@1@2 size=0
Destroy queue RR_Mapping_Write_TR_Queue@1@1 size=2085
Destroy queue RR_Mapping_Write_TR_Queue@1@0 size=2075
Destroy queue RR_User_Read_TR_Queue@2@3 size=0
Destroy queue RR_User_Read_TR_Queue@2@2 size=0
Destroy queue RR_User_Read_TR_Queue@2@1 size=0
Destroy queue RR_User_Read_TR_Queue@2@0 size=0
Destroy queue RR_User_Write_TR_Queue@2@3 size=0
Destroy queue RR_User_Write_TR_Queue@2@2 size=0
Destroy queue RR_User_Write_TR_Queue@2@1 size=0
Destroy queue RR_User_Write_TR_Queue@2@0 size=0
Destroy queue RR_GC_Read_TR_Queue@2@3 size=0
Destroy queue RR_GC_Read_TR_Queue@2@2 size=0
Destroy queue RR_GC_Read_TR_Queue@2@1 size=0
Destroy queue RR_GC_Read_TR_Queue@2@0 size=0
Destroy queue RR_GC_Write_TR_Queue@2@3 size=0
Destroy queue RR_GC_Write_TR_Queue@2@2 size=0
Destroy queue RR_GC_Write_TR_Queue@2@1 size=0
Destroy queue RR_GC_Write_TR_Queue@2@0 size=0
Destroy queue RR_GC_Erase_TR_Queue@2@3 size=0
Destroy queue RR_GC_Erase_TR_Queue@2@2 size=0
Destroy queue RR_GC_Erase_TR_Queue@2@1 size=0
Destroy queue RR_GC_Erase_TR_Queue@2@0 size=0
Destroy queue RR_Mapping_Read_TR_Queue@2@3 size=0
Destroy queue RR_Mapping_Read_TR_Queue@2@2 size=0
Destroy queue RR_Mapping_Read_TR_Queue@2@1 size=0
Destroy queue RR_Mapping_Read_TR_Queue@2@0 size=0
Destroy queue RR_Mapping_Write_TR_Queue@2@3 size=0
Destroy queue RR_Mapping_Write_TR_Queue@2@2 size=0
Destroy queue RR_Mapping_Write_TR_Queue@2@1 size=2073
Destroy queue RR_Mapping_Write_TR_Queue@2@0 size=2079
Destroy queue RR_User_Read_TR_Queue@3@3 size=0
Destroy queue RR_User_Read_TR_Queue@3@2 size=0
Destroy queue RR_User_Read_TR_Queue@3@1 size=0
Destroy queue RR_User_Read_TR_Queue@3@0 size=0
Destroy queue RR_User_Write_TR_Queue@3@3 size=0
Destroy queue RR_User_Write_TR_Queue@3@2 size=0
Destroy queue RR_User_Write_TR_Queue@3@1 size=0
Destroy queue RR_User_Write_TR_Queue@3@0 size=0
Destroy queue RR_GC_Read_TR_Queue@3@3 size=0
Destroy queue RR_GC_Read_TR_Queue@3@2 size=0
Destroy queue RR_GC_Read_TR_Queue@3@1 size=0
Destroy queue RR_GC_Read_TR_Queue@3@0 size=0
Destroy queue RR_GC_Write_TR_Queue@3@3 size=0
Destroy queue RR_GC_Write_TR_Queue@3@2 size=0
Destroy queue RR_GC_Write_TR_Queue@3@1 size=0
Destroy queue RR_GC_Write_TR_Queue@3@0 size=0
Destroy queue RR_GC_Erase_TR_Queue@3@3 size=0
Destroy queue RR_GC_Erase_TR_Queue@3@2 size=0
Destroy queue RR_GC_Erase_TR_Queue@3@1 size=0
Destroy queue RR_GC_Erase_TR_Queue@3@0 size=0
Destroy queue RR_Mapping_Read_TR_Queue@3@3 size=0
Destroy queue RR_Mapping_Read_TR_Queue@3@2 size=0
Destroy queue RR_Mapping_Read_TR_Queue@3@1 size=0
Destroy queue RR_Mapping_Read_TR_Queue@3@0 size=0
Destroy queue RR_Mapping_Write_TR_Queue@3@3 size=0
Destroy queue RR_Mapping_Write_TR_Queue@3@2 size=0
Destroy queue RR_Mapping_Write_TR_Queue@3@1 size=2057
Destroy queue RR_Mapping_Write_TR_Queue@3@0 size=2090
Destroy queue RR_User_Read_TR_Queue@4@3 size=0
Destroy queue RR_User_Read_TR_Queue@4@2 size=0
Destroy queue RR_User_Read_TR_Queue@4@1 size=0
Destroy queue RR_User_Read_TR_Queue@4@0 size=0
Destroy queue RR_User_Write_TR_Queue@4@3 size=0
Destroy queue RR_User_Write_TR_Queue@4@2 size=0
Destroy queue RR_User_Write_TR_Queue@4@1 size=0
Destroy queue RR_User_Write_TR_Queue@4@0 size=0
Destroy queue RR_GC_Read_TR_Queue@4@3 size=0
Destroy queue RR_GC_Read_TR_Queue@4@2 size=0
Destroy queue RR_GC_Read_TR_Queue@4@1 size=0
Destroy queue RR_GC_Read_TR_Queue@4@0 size=0
Destroy queue RR_GC_Write_TR_Queue@4@3 size=0
Destroy queue RR_GC_Write_TR_Queue@4@2 size=0
Destroy queue RR_GC_Write_TR_Queue@4@1 size=0
Destroy queue RR_GC_Write_TR_Queue@4@0 size=0
Destroy queue RR_GC_Erase_TR_Queue@4@3 size=0
Destroy queue RR_GC_Erase_TR_Queue@4@2 size=0
Destroy queue RR_GC_Erase_TR_Queue@4@1 size=0
Destroy queue RR_GC_Erase_TR_Queue@4@0 size=0
Destroy queue RR_Mapping_Read_TR_Queue@4@3 size=0
Destroy queue RR_Mapping_Read_TR_Queue@4@2 size=0
Destroy queue RR_Mapping_Read_TR_Queue@4@1 size=0
Destroy queue RR_Mapping_Read_TR_Queue@4@0 size=0
Destroy queue RR_Mapping_Write_TR_Queue@4@3 size=0
Destroy queue RR_Mapping_Write_TR_Queue@4@2 size=0
Destroy queue RR_Mapping_Write_TR_Queue@4@1 size=2075
Destroy queue RR_Mapping_Write_TR_Queue@4@0 size=2081
Destroy queue RR_User_Read_TR_Queue@5@3 size=0
Destroy queue RR_User_Read_TR_Queue@5@2 size=0
Destroy queue RR_User_Read_TR_Queue@5@1 size=0
Destroy queue RR_User_Read_TR_Queue@5@0 size=0
Destroy queue RR_User_Write_TR_Queue@5@3 size=0
Destroy queue RR_User_Write_TR_Queue@5@2 size=0
Destroy queue RR_User_Write_TR_Queue@5@1 size=0
Destroy queue RR_User_Write_TR_Queue@5@0 size=0
Destroy queue RR_GC_Read_TR_Queue@5@3 size=0
Destroy queue RR_GC_Read_TR_Queue@5@2 size=0
Destroy queue RR_GC_Read_TR_Queue@5@1 size=0
Destroy queue RR_GC_Read_TR_Queue@5@0 size=0
Destroy queue RR_GC_Write_TR_Queue@5@3 size=0
Destroy queue RR_GC_Write_TR_Queue@5@2 size=0
Destroy queue RR_GC_Write_TR_Queue@5@1 size=0
Destroy queue RR_GC_Write_TR_Queue@5@0 size=0
Destroy queue RR_GC_Erase_TR_Queue@5@3 size=0
Destroy queue RR_GC_Erase_TR_Queue@5@2 size=0
Destroy queue RR_GC_Erase_TR_Queue@5@1 size=0
Destroy queue RR_GC_Erase_TR_Queue@5@0 size=0
Destroy queue RR_Mapping_Read_TR_Queue@5@3 size=0
Destroy queue RR_Mapping_Read_TR_Queue@5@2 size=0
Destroy queue RR_Mapping_Read_TR_Queue@5@1 size=0
Destroy queue RR_Mapping_Read_TR_Queue@5@0 size=0
Destroy queue RR_Mapping_Write_TR_Queue@5@3 size=0
Destroy queue RR_Mapping_Write_TR_Queue@5@2 size=0
Destroy queue RR_Mapping_Write_TR_Queue@5@1 size=2069
Destroy queue RR_Mapping_Write_TR_Queue@5@0 size=2083
Destroy queue RR_User_Read_TR_Queue@6@3 size=0
Destroy queue RR_User_Read_TR_Queue@6@2 size=0
Destroy queue RR_User_Read_TR_Queue@6@1 size=0
Destroy queue RR_User_Read_TR_Queue@6@0 size=0
Destroy queue RR_User_Write_TR_Queue@6@3 size=0
Destroy queue RR_User_Write_TR_Queue@6@2 size=0
Destroy queue RR_User_Write_TR_Queue@6@1 size=0
Destroy queue RR_User_Write_TR_Queue@6@0 size=0
Destroy queue RR_GC_Read_TR_Queue@6@3 size=0
Destroy queue RR_GC_Read_TR_Queue@6@2 size=0
Destroy queue RR_GC_Read_TR_Queue@6@1 size=0
Destroy queue RR_GC_Read_TR_Queue@6@0 size=0
Destroy queue RR_GC_Write_TR_Queue@6@3 size=0
Destroy queue RR_GC_Write_TR_Queue@6@2 size=0
Destroy queue RR_GC_Write_TR_Queue@6@1 size=0
Destroy queue RR_GC_Write_TR_Queue@6@0 size=0
Destroy queue RR_GC_Erase_TR_Queue@6@3 size=0
Destroy queue RR_GC_Erase_TR_Queue@6@2 size=0
Destroy queue RR_GC_Erase_TR_Queue@6@1 size=0
Destroy queue RR_GC_Erase_TR_Queue@6@0 size=0
Destroy queue RR_Mapping_Read_TR_Queue@6@3 size=0
Destroy queue RR_Mapping_Read_TR_Queue@6@2 size=0
Destroy queue RR_Mapping_Read_TR_Queue@6@1 size=0
Destroy queue RR_Mapping_Read_TR_Queue@6@0 size=0
Destroy queue RR_Mapping_Write_TR_Queue@6@3 size=0
Destroy queue RR_Mapping_Write_TR_Queue@6@2 size=0
Destroy queue RR_Mapping_Write_TR_Queue@6@1 size=2081
Destroy queue RR_Mapping_Write_TR_Queue@6@0 size=2073
Destroy queue RR_User_Read_TR_Queue@7@3 size=0
Destroy queue RR_User_Read_TR_Queue@7@2 size=0
Destroy queue RR_User_Read_TR_Queue@7@1 size=0
Destroy queue RR_User_Read_TR_Queue@7@0 size=0
Destroy queue RR_User_Write_TR_Queue@7@3 size=0
Destroy queue RR_User_Write_TR_Queue@7@2 size=0
Destroy queue RR_User_Write_TR_Queue@7@1 size=0
Destroy queue RR_User_Write_TR_Queue@7@0 size=0
Destroy queue RR_GC_Read_TR_Queue@7@3 size=0
Destroy queue RR_GC_Read_TR_Queue@7@2 size=0
Destroy queue RR_GC_Read_TR_Queue@7@1 size=0
Destroy queue RR_GC_Read_TR_Queue@7@0 size=0
Destroy queue RR_GC_Write_TR_Queue@7@3 size=0
Destroy queue RR_GC_Write_TR_Queue@7@2 size=0
Destroy queue RR_GC_Write_TR_Queue@7@1 size=0
Destroy queue RR_GC_Write_TR_Queue@7@0 size=0
Destroy queue RR_GC_Erase_TR_Queue@7@3 size=0
Destroy queue RR_GC_Erase_TR_Queue@7@2 size=0
Destroy queue RR_GC_Erase_TR_Queue@7@1 size=0
Destroy queue RR_GC_Erase_TR_Queue@7@0 size=0
Destroy queue RR_Mapping_Read_TR_Queue@7@3 size=0
Destroy queue RR_Mapping_Read_TR_Queue@7@2 size=0
Destroy queue RR_Mapping_Read_TR_Queue@7@1 size=0
Destroy queue RR_Mapping_Read_TR_Queue@7@0 size=0
Destroy queue RR_Mapping_Write_TR_Queue@7@3 size=0
Destroy queue RR_Mapping_Write_TR_Queue@7@2 size=0
Destroy queue RR_Mapping_Write_TR_Queue@7@1 size=2064
Destroy queue RR_Mapping_Write_TR_Queue@7@0 size=2081
Destroy queue RR_User_Read_TR_Queue@0@3 size=0
Destroy queue RR_User_Read_TR_Queue@0@2 size=0
Destroy queue RR_User_Read_TR_Queue@0@1 size=0
Destroy queue RR_User_Read_TR_Queue@0@0 size=0
Destroy queue RR_User_Write_TR_Queue@0@3 size=0
Destroy queue RR_User_Write_TR_Queue@0@2 size=0
Destroy queue RR_User_Write_TR_Queue@0@1 size=0
Destroy queue RR_User_Write_TR_Queue@0@0 size=0
Destroy queue RR_GC_Read_TR_Queue@0@3 size=0
Destroy queue RR_GC_Read_TR_Queue@0@2 size=0
Destroy queue RR_GC_Read_TR_Queue@0@1 size=0
Destroy queue RR_GC_Read_TR_Queue@0@0 size=0
Destroy queue RR_GC_Write_TR_Queue@0@3 size=0
Destroy queue RR_GC_Write_TR_Queue@0@2 size=0
Destroy queue RR_GC_Write_TR_Queue@0@1 size=0
Destroy queue RR_GC_Write_TR_Queue@0@0 size=0
Destroy queue RR_GC_Erase_TR_Queue@0@3 size=0
Destroy queue RR_GC_Erase_TR_Queue@0@2 size=0
Destroy queue RR_GC_Erase_TR_Queue@0@1 size=0
Destroy queue RR_GC_Erase_TR_Queue@0@0 size=0
Destroy queue RR_Mapping_Read_TR_Queue@0@3 size=0
Destroy queue RR_Mapping_Read_TR_Queue@0@2 size=0
Destroy queue RR_Mapping_Read_TR_Queue@0@1 size=0
Destroy queue RR_Mapping_Read_TR_Queue@0@0 size=0
Destroy queue RR_Mapping_Write_TR_Queue@0@3 size=0
Destroy queue RR_Mapping_Write_TR_Queue@0@2 size=0
Destroy queue RR_Mapping_Write_TR_Queue@0@1 size=2237
Destroy queue RR_Mapping_Write_TR_Queue@0@0 size=2233
Destroy queue RR_User_Read_TR_Queue@1@3 size=0
Destroy queue RR_User_Read_TR_Queue@1@2 size=0
Destroy queue RR_User_Read_TR_Queue@1@1 size=0
Destroy queue RR_User_Read_TR_Queue@1@0 size=0
Destroy queue RR_User_Write_TR_Queue@1@3 size=0
Destroy queue RR_User_Write_TR_Queue@1@2 size=0
Destroy queue RR_User_Write_TR_Queue@1@1 size=0
Destroy queue RR_User_Write_TR_Queue@1@0 size=0
Destroy queue RR_GC_Read_TR_Queue@1@3 size=0
Destroy queue RR_GC_Read_TR_Queue@1@2 size=0
Destroy queue RR_GC_Read_TR_Queue@1@1 size=0
Destroy queue RR_GC_Read_TR_Queue@1@0 size=0
Destroy queue RR_GC_Write_TR_Queue@1@3 size=0
Destroy queue RR_GC_Write_TR_Queue@1@2 size=0
Destroy queue RR_GC_Write_TR_Queue@1@1 size=0
Destroy queue RR_GC_Write_TR_Queue@1@0 size=0
Destroy queue RR_GC_Erase_TR_Queue@1@3 size=0
Destroy queue RR_GC_Erase_TR_Queue@1@2 size=0
Destroy queue RR_GC_Erase_TR_Queue@1@1 size=0
Destroy queue RR_GC_Erase_TR_Queue@1@0 size=0
Destroy queue RR_Mapping_Read_TR_Queue@1@3 size=0
Destroy queue RR_Mapping_Read_TR_Queue@1@2 size=0
Destroy queue RR_Mapping_Read_TR_Queue@1@1 size=0
Destroy queue RR_Mapping_Read_TR_Queue@1@0 size=0
Destroy queue RR_Mapping_Write_TR_Queue@1@3 size=0
Destroy queue RR_Mapping_Write_TR_Queue@1@2 size=0
Destroy queue RR_Mapping_Write_TR_Queue@1@1 size=2252
Destroy queue RR_Mapping_Write_TR_Queue@1@0 size=2238
Destroy queue RR_User_Read_TR_Queue@2@3 size=0
Destroy queue RR_User_Read_TR_Queue@2@2 size=0
Destroy queue RR_User_Read_TR_Queue@2@1 size=0
Destroy queue RR_User_Read_TR_Queue@2@0 size=0
Destroy queue RR_User_Write_TR_Queue@2@3 size=0
Destroy queue RR_User_Write_TR_Queue@2@2 size=0
Destroy queue RR_User_Write_TR_Queue@2@1 size=0
Destroy queue RR_User_Write_TR_Queue@2@0 size=0
Destroy queue RR_GC_Read_TR_Queue@2@3 size=0
Destroy queue RR_GC_Read_TR_Queue@2@2 size=0
Destroy queue RR_GC_Read_TR_Queue@2@1 size=0
Destroy queue RR_GC_Read_TR_Queue@2@0 size=0
Destroy queue RR_GC_Write_TR_Queue@2@3 size=0
Destroy queue RR_GC_Write_TR_Queue@2@2 size=0
Destroy queue RR_GC_Write_TR_Queue@2@1 size=0
Destroy queue RR_GC_Write_TR_Queue@2@0 size=0
Destroy queue RR_GC_Erase_TR_Queue@2@3 size=0
Destroy queue RR_GC_Erase_TR_Queue@2@2 size=0
Destroy queue RR_GC_Erase_TR_Queue@2@1 size=0
Destroy queue RR_GC_Erase_TR_Queue@2@0 size=0
Destroy queue RR_Mapping_Read_TR_Queue@2@3 size=0
Destroy queue RR_Mapping_Read_TR_Queue@2@2 size=0
Destroy queue RR_Mapping_Read_TR_Queue@2@1 size=0
Destroy queue RR_Mapping_Read_TR_Queue@2@0 size=0
Destroy queue RR_Mapping_Write_TR_Queue@2@3 size=0
Destroy queue RR_Mapping_Write_TR_Queue@2@2 size=0
Destroy queue RR_Mapping_Write_TR_Queue@2@1 size=2254
Destroy queue RR_Mapping_Write_TR_Queue@2@0 size=2244
Destroy queue RR_User_Read_TR_Queue@3@3 size=0
Destroy queue RR_User_Read_TR_Queue@3@2 size=0
Destroy queue RR_User_Read_TR_Queue@3@1 size=0
Destroy queue RR_User_Read_TR_Queue@3@0 size=0
Destroy queue RR_User_Write_TR_Queue@3@3 size=0
Destroy queue RR_User_Write_TR_Queue@3@2 size=0
Destroy queue RR_User_Write_TR_Queue@3@1 size=0
Destroy queue RR_User_Write_TR_Queue@3@0 size=0
Destroy queue RR_GC_Read_TR_Queue@3@3 size=0
Destroy queue RR_GC_Read_TR_Queue@3@2 size=0
Destroy queue RR_GC_Read_TR_Queue@3@1 size=0
Destroy queue RR_GC_Read_TR_Queue@3@0 size=0
Destroy queue RR_GC_Write_TR_Queue@3@3 size=0
Destroy queue RR_GC_Write_TR_Queue@3@2 size=0
Destroy queue RR_GC_Write_TR_Queue@3@1 size=0
Destroy queue RR_GC_Write_TR_Queue@3@0 size=0
Destroy queue RR_GC_Erase_TR_Queue@3@3 size=0
Destroy queue RR_GC_Erase_TR_Queue@3@2 size=0
Destroy queue RR_GC_Erase_TR_Queue@3@1 size=0
Destroy queue RR_GC_Erase_TR_Queue@3@0 size=0
Destroy queue RR_Mapping_Read_TR_Queue@3@3 size=0
Destroy queue RR_Mapping_Read_TR_Queue@3@2 size=0
Destroy queue RR_Mapping_Read_TR_Queue@3@1 size=0
Destroy queue RR_Mapping_Read_TR_Queue@3@0 size=0
Destroy queue RR_Mapping_Write_TR_Queue@3@3 size=0
Destroy queue RR_Mapping_Write_TR_Queue@3@2 size=0
Destroy queue RR_Mapping_Write_TR_Queue@3@1 size=2224
Destroy queue RR_Mapping_Write_TR_Queue@3@0 size=2228
Destroy queue RR_User_Read_TR_Queue@4@3 size=0
Destroy queue RR_User_Read_TR_Queue@4@2 size=0
Destroy queue RR_User_Read_TR_Queue@4@1 size=0
Destroy queue RR_User_Read_TR_Queue@4@0 size=0
Destroy queue RR_User_Write_TR_Queue@4@3 size=0
Destroy queue RR_User_Write_TR_Queue@4@2 size=0
Destroy queue RR_User_Write_TR_Queue@4@1 size=0
Destroy queue RR_User_Write_TR_Queue@4@0 size=0
Destroy queue RR_GC_Read_TR_Queue@4@3 size=0
Destroy queue RR_GC_Read_TR_Queue@4@2 size=0
Destroy queue RR_GC_Read_TR_Queue@4@1 size=0
Destroy queue RR_GC_Read_TR_Queue@4@0 size=0
Destroy queue RR_GC_Write_TR_Queue@4@3 size=0
Destroy queue RR_GC_Write_TR_Queue@4@2 size=0
Destroy queue RR_GC_Write_TR_Queue@4@1 size=0
Destroy queue RR_GC_Write_TR_Queue@4@0 size=0
Destroy queue RR_GC_Erase_TR_Queue@4@3 size=0
Destroy queue RR_GC_Erase_TR_Queue@4@2 size=0
Destroy queue RR_GC_Erase_TR_Queue@4@1 size=0
Destroy queue RR_GC_Erase_TR_Queue@4@0 size=0
Destroy queue RR_Mapping_Read_TR_Queue@4@3 size=0
Destroy queue RR_Mapping_Read_TR_Queue@4@2 size=0
Destroy queue RR_Mapping_Read_TR_Queue@4@1 size=0
Destroy queue RR_Mapping_Read_TR_Queue@4@0 size=0
Destroy queue RR_Mapping_Write_TR_Queue@4@3 size=0
Destroy queue RR_Mapping_Write_TR_Queue@4@2 size=0
Destroy queue RR_Mapping_Write_TR_Queue@4@1 size=2218
Destroy queue RR_Mapping_Write_TR_Queue@4@0 size=2245
Destroy queue RR_User_Read_TR_Queue@5@3 size=0
Destroy queue RR_User_Read_TR_Queue@5@2 size=0
Destroy queue RR_User_Read_TR_Queue@5@1 size=0
Destroy queue RR_User_Read_TR_Queue@5@0 size=0
Destroy queue RR_User_Write_TR_Queue@5@3 size=0
Destroy queue RR_User_Write_TR_Queue@5@2 size=0
Destroy queue RR_User_Write_TR_Queue@5@1 size=0
Destroy queue RR_User_Write_TR_Queue@5@0 size=0
Destroy queue RR_GC_Read_TR_Queue@5@3 size=0
Destroy queue RR_GC_Read_TR_Queue@5@2 size=0
Destroy queue RR_GC_Read_TR_Queue@5@1 size=0
Destroy queue RR_GC_Read_TR_Queue@5@0 size=0
Destroy queue RR_GC_Write_TR_Queue@5@3 size=0
Destroy queue RR_GC_Write_TR_Queue@5@2 size=0
Destroy queue RR_GC_Write_TR_Queue@5@1 size=0
Destroy queue RR_GC_Write_TR_Queue@5@0 size=0
Destroy queue RR_GC_Erase_TR_Queue@5@3 size=0
Destroy queue RR_GC_Erase_TR_Queue@5@2 size=0
Destroy queue RR_GC_Erase_TR_Queue@5@1 size=0
Destroy queue RR_GC_Erase_TR_Queue@5@0 size=0
Destroy queue RR_Mapping_Read_TR_Queue@5@3 size=0
Destroy queue RR_Mapping_Read_TR_Queue@5@2 size=0
Destroy queue RR_Mapping_Read_TR_Queue@5@1 size=0
Destroy queue RR_Mapping_Read_TR_Queue@5@0 size=0
Destroy queue RR_Mapping_Write_TR_Queue@5@3 size=0
Destroy queue RR_Mapping_Write_TR_Queue@5@2 size=0
Destroy queue RR_Mapping_Write_TR_Queue@5@1 size=2244
Destroy queue RR_Mapping_Write_TR_Queue@5@0 size=2234
Destroy queue RR_User_Read_TR_Queue@6@3 size=0
Destroy queue RR_User_Read_TR_Queue@6@2 size=0
Destroy queue RR_User_Read_TR_Queue@6@1 size=0
Destroy queue RR_User_Read_TR_Queue@6@0 size=0
Destroy queue RR_User_Write_TR_Queue@6@3 size=0
Destroy queue RR_User_Write_TR_Queue@6@2 size=0
Destroy queue RR_User_Write_TR_Queue@6@1 size=0
Destroy queue RR_User_Write_TR_Queue@6@0 size=0
Destroy queue RR_GC_Read_TR_Queue@6@3 size=0
Destroy queue RR_GC_Read_TR_Queue@6@2 size=0
Destroy queue RR_GC_Read_TR_Queue@6@1 size=0
Destroy queue RR_GC_Read_TR_Queue@6@0 size=0
Destroy queue RR_GC_Write_TR_Queue@6@3 size=0
Destroy queue RR_GC_Write_TR_Queue@6@2 size=0
Destroy queue RR_GC_Write_TR_Queue@6@1 size=0
Destroy queue RR_GC_Write_TR_Queue@6@0 size=0
Destroy queue RR_GC_Erase_TR_Queue@6@3 size=0
Destroy queue RR_GC_Erase_TR_Queue@6@2 size=0
Destroy queue RR_GC_Erase_TR_Queue@6@1 size=0
Destroy queue RR_GC_Erase_TR_Queue@6@0 size=0
Destroy queue RR_Mapping_Read_TR_Queue@6@3 size=0
Destroy queue RR_Mapping_Read_TR_Queue@6@2 size=0
Destroy queue RR_Mapping_Read_TR_Queue@6@1 size=0
Destroy queue RR_Mapping_Read_TR_Queue@6@0 size=0
Destroy queue RR_Mapping_Write_TR_Queue@6@3 size=0
Destroy queue RR_Mapping_Write_TR_Queue@6@2 size=0
Destroy queue RR_Mapping_Write_TR_Queue@6@1 size=2232
Destroy queue RR_Mapping_Write_TR_Queue@6@0 size=2253
Destroy queue RR_User_Read_TR_Queue@7@3 size=0
Destroy queue RR_User_Read_TR_Queue@7@2 size=0
Destroy queue RR_User_Read_TR_Queue@7@1 size=0
Destroy queue RR_User_Read_TR_Queue@7@0 size=0
Destroy queue RR_User_Write_TR_Queue@7@3 size=0
Destroy queue RR_User_Write_TR_Queue@7@2 size=0
Destroy queue RR_User_Write_TR_Queue@7@1 size=0
Destroy queue RR_User_Write_TR_Queue@7@0 size=0
Destroy queue RR_GC_Read_TR_Queue@7@3 size=0
Destroy queue RR_GC_Read_TR_Queue@7@2 size=0
Destroy queue RR_GC_Read_TR_Queue@7@1 size=0
Destroy queue RR_GC_Read_TR_Queue@7@0 size=0
Destroy queue RR_GC_Write_TR_Queue@7@3 size=0
Destroy queue RR_GC_Write_TR_Queue@7@2 size=0
Destroy queue RR_GC_Write_TR_Queue@7@1 size=0
Destroy queue RR_GC_Write_TR_Queue@7@0 size=0
Destroy queue RR_GC_Erase_TR_Queue@7@3 size=0
Destroy queue RR_GC_Erase_TR_Queue@7@2 size=0
Destroy queue RR_GC_Erase_TR_Queue@7@1 size=0
Destroy queue RR_GC_Erase_TR_Queue@7@0 size=0
Destroy queue RR_Mapping_Read_TR_Queue@7@3 size=0
Destroy queue RR_Mapping_Read_TR_Queue@7@2 size=0
Destroy queue RR_Mapping_Read_TR_Queue@7@1 size=0
Destroy queue RR_Mapping_Read_TR_Queue@7@0 size=0
Destroy queue RR_Mapping_Write_TR_Queue@7@3 size=0
Destroy queue RR_Mapping_Write_TR_Queue@7@2 size=0
Destroy queue RR_Mapping_Write_TR_Queue@7@1 size=2231
Destroy queue RR_Mapping_Write_TR_Queue@7@0 size=2235
Destroy queue RR_User_Read_TR_Queue@0@3 size=0
Destroy queue RR_User_Read_TR_Queue@0@2 size=0
Destroy queue RR_User_Read_TR_Queue@0@1 size=0
Destroy queue RR_User_Read_TR_Queue@0@0 size=0
Destroy queue RR_User_Write_TR_Queue@0@3 size=0
Destroy queue RR_User_Write_TR_Queue@0@2 size=0
Destroy queue RR_User_Write_TR_Queue@0@1 size=0
Destroy queue RR_User_Write_TR_Queue@0@0 size=0
Destroy queue RR_GC_Read_TR_Queue@0@3 size=0
Destroy queue RR_GC_Read_TR_Queue@0@2 size=0
Destroy queue RR_GC_Read_TR_Queue@0@1 size=0
Destroy queue RR_GC_Read_TR_Queue@0@0 size=0
Destroy queue RR_GC_Write_TR_Queue@0@3 size=0
Destroy queue RR_GC_Write_TR_Queue@0@2 size=0
Destroy queue RR_GC_Write_TR_Queue@0@1 size=0
Destroy queue RR_GC_Write_TR_Queue@0@0 size=0
Destroy queue RR_GC_Erase_TR_Queue@0@3 size=0
Destroy queue RR_GC_Erase_TR_Queue@0@2 size=0
Destroy queue RR_GC_Erase_TR_Queue@0@1 size=0
Destroy queue RR_GC_Erase_TR_Queue@0@0 size=0
Destroy queue RR_Mapping_Read_TR_Queue@0@3 size=0
Destroy queue RR_Mapping_Read_TR_Queue@0@2 size=0
Destroy queue RR_Mapping_Read_TR_Queue@0@1 size=0
Destroy queue RR_Mapping_Read_TR_Queue@0@0 size=0
Destroy queue RR_Mapping_Write_TR_Queue@0@3 size=0
Destroy queue RR_Mapping_Write_TR_Queue@0@2 size=0
Destroy queue RR_Mapping_Write_TR_Queue@0@1 size=2305
Destroy queue RR_Mapping_Write_TR_Queue@0@0 size=2304
Destroy queue RR_User_Read_TR_Queue@1@3 size=0
Destroy queue RR_User_Read_TR_Queue@1@2 size=0
Destroy queue RR_User_Read_TR_Queue@1@1 size=0
Destroy queue RR_User_Read_TR_Queue@1@0 size=0
Destroy queue RR_User_Write_TR_Queue@1@3 size=0
Destroy queue RR_User_Write_TR_Queue@1@2 size=0
Destroy queue RR_User_Write_TR_Queue@1@1 size=0
Destroy queue RR_User_Write_TR_Queue@1@0 size=0
Destroy queue RR_GC_Read_TR_Queue@1@3 size=0
Destroy queue RR_GC_Read_TR_Queue@1@2 size=0
Destroy queue RR_GC_Read_TR_Queue@1@1 size=0
Destroy queue RR_GC_Read_TR_Queue@1@0 size=0
Destroy queue RR_GC_Write_TR_Queue@1@3 size=0
Destroy queue RR_GC_Write_TR_Queue@1@2 size=0
Destroy queue RR_GC_Write_TR_Queue@1@1 size=0
Destroy queue RR_GC_Write_TR_Queue@1@0 size=0
Destroy queue RR_GC_Erase_TR_Queue@1@3 size=0
Destroy queue RR_GC_Erase_TR_Queue@1@2 size=0
Destroy queue RR_GC_Erase_TR_Queue@1@1 size=0
Destroy queue RR_GC_Erase_TR_Queue@1@0 size=0
Destroy queue RR_Mapping_Read_TR_Queue@1@3 size=0
Destroy queue RR_Mapping_Read_TR_Queue@1@2 size=0
Destroy queue RR_Mapping_Read_TR_Queue@1@1 size=0
Destroy queue RR_Mapping_Read_TR_Queue@1@0 size=0
Destroy queue RR_Mapping_Write_TR_Queue@1@3 size=0
Destroy queue RR_Mapping_Write_TR_Queue@1@2 size=0
Destroy queue RR_Mapping_Write_TR_Queue@1@1 size=2325
Destroy queue RR_Mapping_Write_TR_Queue@1@0 size=2309
Destroy queue RR_User_Read_TR_Queue@2@3 size=0
Destroy queue RR_User_Read_TR_Queue@2@2 size=0
Destroy queue RR_User_Read_TR_Queue@2@1 size=0
Destroy queue RR_User_Read_TR_Queue@2@0 size=0
Destroy queue RR_User_Write_TR_Queue@2@3 size=0
Destroy queue RR_User_Write_TR_Queue@2@2 size=0
Destroy queue RR_User_Write_TR_Queue@2@1 size=0
Destroy queue RR_User_Write_TR_Queue@2@0 size=0
Destroy queue RR_GC_Read_TR_Queue@2@3 size=0
Destroy queue RR_GC_Read_TR_Queue@2@2 size=0
Destroy queue RR_GC_Read_TR_Queue@2@1 size=0
Destroy queue RR_GC_Read_TR_Queue@2@0 size=0
Destroy queue RR_GC_Write_TR_Queue@2@3 size=0
Destroy queue RR_GC_Write_TR_Queue@2@2 size=0
Destroy queue RR_GC_Write_TR_Queue@2@1 size=0
Destroy queue RR_GC_Write_TR_Queue@2@0 size=0
Destroy queue RR_GC_Erase_TR_Queue@2@3 size=0
Destroy queue RR_GC_Erase_TR_Queue@2@2 size=0
Destroy queue RR_GC_Erase_TR_Queue@2@1 size=0
Destroy queue RR_GC_Erase_TR_Queue@2@0 size=0
Destroy queue RR_Mapping_Read_TR_Queue@2@3 size=0
Destroy queue RR_Mapping_Read_TR_Queue@2@2 size=0
Destroy queue RR_Mapping_Read_TR_Queue@2@1 size=0
Destroy queue RR_Mapping_Read_TR_Queue@2@0 size=0
Destroy queue RR_Mapping_Write_TR_Queue@2@3 size=0
Destroy queue RR_Mapping_Write_TR_Queue@2@2 size=0
Destroy queue RR_Mapping_Write_TR_Queue@2@1 size=2321
Destroy queue RR_Mapping_Write_TR_Queue@2@0 size=2303
Destroy queue RR_User_Read_TR_Queue@3@3 size=0
Destroy queue RR_User_Read_TR_Queue@3@2 size=0
Destroy queue RR_User_Read_TR_Queue@3@1 size=0
Destroy queue RR_User_Read_TR_Queue@3@0 size=0
Destroy queue RR_User_Write_TR_Queue@3@3 size=0
Destroy queue RR_User_Write_TR_Queue@3@2 size=0
Destroy queue RR_User_Write_TR_Queue@3@1 size=0
Destroy queue RR_User_Write_TR_Queue@3@0 size=0
Destroy queue RR_GC_Read_TR_Queue@3@3 size=0
Destroy queue RR_GC_Read_TR_Queue@3@2 size=0
Destroy queue RR_GC_Read_TR_Queue@3@1 size=0
Destroy queue RR_GC_Read_TR_Queue@3@0 size=0
Destroy queue RR_GC_Write_TR_Queue@3@3 size=0
Destroy queue RR_GC_Write_TR_Queue@3@2 size=0
Destroy queue RR_GC_Write_TR_Queue@3@1 size=0
Destroy queue RR_GC_Write_TR_Queue@3@0 size=0
Destroy queue RR_GC_Erase_TR_Queue@3@3 size=0
Destroy queue RR_GC_Erase_TR_Queue@3@2 size=0
Destroy queue RR_GC_Erase_TR_Queue@3@1 size=0
Destroy queue RR_GC_Erase_TR_Queue@3@0 size=0
Destroy queue RR_Mapping_Read_TR_Queue@3@3 size=0
Destroy queue RR_Mapping_Read_TR_Queue@3@2 size=0
Destroy queue RR_Mapping_Read_TR_Queue@3@1 size=0
Destroy queue RR_Mapping_Read_TR_Queue@3@0 size=0
Destroy queue RR_Mapping_Write_TR_Queue@3@3 size=0
Destroy queue RR_Mapping_Write_TR_Queue@3@2 size=0
Destroy queue RR_Mapping_Write_TR_Queue@3@1 size=2301
Destroy queue RR_Mapping_Write_TR_Queue@3@0 size=2314
Destroy queue RR_User_Read_TR_Queue@4@3 size=0
Destroy queue RR_User_Read_TR_Queue@4@2 size=0
Destroy queue RR_User_Read_TR_Queue@4@1 size=0
Destroy queue RR_User_Read_TR_Queue@4@0 size=0
Destroy queue RR_User_Write_TR_Queue@4@3 size=0
Destroy queue RR_User_Write_TR_Queue@4@2 size=0
Destroy queue RR_User_Write_TR_Queue@4@1 size=0
Destroy queue RR_User_Write_TR_Queue@4@0 size=0
Destroy queue RR_GC_Read_TR_Queue@4@3 size=0
Destroy queue RR_GC_Read_TR_Queue@4@2 size=0
Destroy queue RR_GC_Read_TR_Queue@4@1 size=0
Destroy queue RR_GC_Read_TR_Queue@4@0 size=0
Destroy queue RR_GC_Write_TR_Queue@4@3 size=0
Destroy queue RR_GC_Write_TR_Queue@4@2 size=0
Destroy queue RR_GC_Write_TR_Queue@4@1 size=0
Destroy queue RR_GC_Write_TR_Queue@4@0 size=0
Destroy queue RR_GC_Erase_TR_Queue@4@3 size=0
Destroy queue RR_GC_Erase_TR_Queue@4@2 size=0
Destroy queue RR_GC_Erase_TR_Queue@4@1 size=0
Destroy queue RR_GC_Erase_TR_Queue@4@0 size=0
Destroy queue RR_Mapping_Read_TR_Queue@4@3 size=0
Destroy queue RR_Mapping_Read_TR_Queue@4@2 size=0
Destroy queue RR_Mapping_Read_TR_Queue@4@1 size=0
Destroy queue RR_Mapping_Read_TR_Queue@4@0 size=0
Destroy queue RR_Mapping_Write_TR_Queue@4@3 size=0
Destroy queue RR_Mapping_Write_TR_Queue@4@2 size=0
Destroy queue RR_Mapping_Write_TR_Queue@4@1 size=2298
Destroy queue RR_Mapping_Write_TR_Queue@4@0 size=2309
Destroy queue RR_User_Read_TR_Queue@5@3 size=0
Destroy queue RR_User_Read_TR_Queue@5@2 size=0
Destroy queue RR_User_Read_TR_Queue@5@1 size=0
Destroy queue RR_User_Read_TR_Queue@5@0 size=0
Destroy queue RR_User_Write_TR_Queue@5@3 size=0
Destroy queue RR_User_Write_TR_Queue@5@2 size=0
Destroy queue RR_User_Write_TR_Queue@5@1 size=0
Destroy queue RR_User_Write_TR_Queue@5@0 size=0
Destroy queue RR_GC_Read_TR_Queue@5@3 size=0
Destroy queue RR_GC_Read_TR_Queue@5@2 size=0
Destroy queue RR_GC_Read_TR_Queue@5@1 size=0
Destroy queue RR_GC_Read_TR_Queue@5@0 size=0
Destroy queue RR_GC_Write_TR_Queue@5@3 size=0
Destroy queue RR_GC_Write_TR_Queue@5@2 size=0
Destroy queue RR_GC_Write_TR_Queue@5@1 size=0
Destroy queue RR_GC_Write_TR_Queue@5@0 size=0
Destroy queue RR_GC_Erase_TR_Queue@5@3 size=0
Destroy queue RR_GC_Erase_TR_Queue@5@2 size=0
Destroy queue RR_GC_Erase_TR_Queue@5@1 size=0
Destroy queue RR_GC_Erase_TR_Queue@5@0 size=0
Destroy queue RR_Mapping_Read_TR_Queue@5@3 size=0
Destroy queue RR_Mapping_Read_TR_Queue@5@2 size=0
Destroy queue RR_Mapping_Read_TR_Queue@5@1 size=0
Destroy queue RR_Mapping_Read_TR_Queue@5@0 size=0
Destroy queue RR_Mapping_Write_TR_Queue@5@3 size=0
Destroy queue RR_Mapping_Write_TR_Queue@5@2 size=0
Destroy queue RR_Mapping_Write_TR_Queue@5@1 size=2300
Destroy queue RR_Mapping_Write_TR_Queue@5@0 size=2311
Destroy queue RR_User_Read_TR_Queue@6@3 size=0
Destroy queue RR_User_Read_TR_Queue@6@2 size=0
Destroy queue RR_User_Read_TR_Queue@6@1 size=0
Destroy queue RR_User_Read_TR_Queue@6@0 size=0
Destroy queue RR_User_Write_TR_Queue@6@3 size=0
Destroy queue RR_User_Write_TR_Queue@6@2 size=0
Destroy queue RR_User_Write_TR_Queue@6@1 size=0
Destroy queue RR_User_Write_TR_Queue@6@0 size=0
Destroy queue RR_GC_Read_TR_Queue@6@3 size=0
Destroy queue RR_GC_Read_TR_Queue@6@2 size=0
Destroy queue RR_GC_Read_TR_Queue@6@1 size=0
Destroy queue RR_GC_Read_TR_Queue@6@0 size=0
Destroy queue RR_GC_Write_TR_Queue@6@3 size=0
Destroy queue RR_GC_Write_TR_Queue@6@2 size=0
Destroy queue RR_GC_Write_TR_Queue@6@1 size=0
Destroy queue RR_GC_Write_TR_Queue@6@0 size=0
Destroy queue RR_GC_Erase_TR_Queue@6@3 size=0
Destroy queue RR_GC_Erase_TR_Queue@6@2 size=0
Destroy queue RR_GC_Erase_TR_Queue@6@1 size=0
Destroy queue RR_GC_Erase_TR_Queue@6@0 size=0
Destroy queue RR_Mapping_Read_TR_Queue@6@3 size=0
Destroy queue RR_Mapping_Read_TR_Queue@6@2 size=0
Destroy queue RR_Mapping_Read_TR_Queue@6@1 size=0
Destroy queue RR_Mapping_Read_TR_Queue@6@0 size=0
Destroy queue RR_Mapping_Write_TR_Queue@6@3 size=0
Destroy queue RR_Mapping_Write_TR_Queue@6@2 size=0
Destroy queue RR_Mapping_Write_TR_Queue@6@1 size=2314
Destroy queue RR_Mapping_Write_TR_Queue@6@0 size=2314
Destroy queue RR_User_Read_TR_Queue@7@3 size=0
Destroy queue RR_User_Read_TR_Queue@7@2 size=0
Destroy queue RR_User_Read_TR_Queue@7@1 size=0
Destroy queue RR_User_Read_TR_Queue@7@0 size=0
Destroy queue RR_User_Write_TR_Queue@7@3 size=0
Destroy queue RR_User_Write_TR_Queue@7@2 size=0
Destroy queue RR_User_Write_TR_Queue@7@1 size=0
Destroy queue RR_User_Write_TR_Queue@7@0 size=0
Destroy queue RR_GC_Read_TR_Queue@7@3 size=0
Destroy queue RR_GC_Read_TR_Queue@7@2 size=0
Destroy queue RR_GC_Read_TR_Queue@7@1 size=0
Destroy queue RR_GC_Read_TR_Queue@7@0 size=0
Destroy queue RR_GC_Write_TR_Queue@7@3 size=0
Destroy queue RR_GC_Write_TR_Queue@7@2 size=0
Destroy queue RR_GC_Write_TR_Queue@7@1 size=0
Destroy queue RR_GC_Write_TR_Queue@7@0 size=0
Destroy queue RR_GC_Erase_TR_Queue@7@3 size=0
Destroy queue RR_GC_Erase_TR_Queue@7@2 size=0
Destroy queue RR_GC_Erase_TR_Queue@7@1 size=0
Destroy queue RR_GC_Erase_TR_Queue@7@0 size=0
Destroy queue RR_Mapping_Read_TR_Queue@7@3 size=0
Destroy queue RR_Mapping_Read_TR_Queue@7@2 size=0
Destroy queue RR_Mapping_Read_TR_Queue@7@1 size=0
Destroy queue RR_Mapping_Read_TR_Queue@7@0 size=0
Destroy queue RR_Mapping_Write_TR_Queue@7@3 size=0
Destroy queue RR_Mapping_Write_TR_Queue@7@2 size=0
Destroy queue RR_Mapping_Write_TR_Queue@7@1 size=2303
Destroy queue RR_Mapping_Write_TR_Queue@7@0 size=2331
terminate called after throwing an instance of 'rapidxml::parse_error'
  what():  expected =
./run_experiments.sh: line 88: 1538707 Aborted                 "${MQSIM_BIN}" -i "${tmp_config}" -w "${workload}"
     1538708 Done                    | tee "${dest_dir}/run.log"
MQSim failed for RR/workload-backend-contention-flow-1
